token_id	speaker	tu_id	span	form	type	variation	jefferson_feats	align	prolongations	pace	guesses	overlaps
0-0	PSB149	0	inizio	inizio	linguistic	none	_	Begin=5.89	_	_	_	_
0-1	PSB149	0	a	a	linguistic	none	_	_	_	_	_	_
0-2	PSB149	0	registrare	registrare	linguistic	none	_	_	_	_	_	_
0-3	PSB149	0	così	così	linguistic	none	_	_	_	_	_	_
0-4	PSB149	0	poi	poi	linguistic	none	_	_	_	_	_	_
0-5	PSB149	0	ci	ci	linguistic	none	_	_	_	_	_	_
0-6	PSB149	0	scordiamo:	scordiamo	linguistic	none	_	End=8.2	8x1	_	_	_
1-0	PSB150	1	mh	mh	linguistic	none	_	Begin=8.98|End=9.4	_	_	_	_
2-0	PSB149	2	che	che	linguistic	none	_	Begin=9.67	_	_	_	_
2-1	PSB149	2	c'	c'	linguistic	none	SpaceAfter=No	_	_	_	_	_
2-2	PSB149	2	è	è	linguistic	none	_	_	_	_	_	_
2-3	PSB149	2	il	il	linguistic	none	_	_	_	_	_	_
2-4	PSB149	2	microfono	microfono	linguistic	none	_	_	_	_	_	_
2-5	PSB149	2	acceso	acceso	linguistic	none	_	End=11.11	_	_	_	_
3-0	PSB150	3	mh	mh	linguistic	none	_	Begin=11.13|End=11.68	_	_	_	_
4-0	PSB149	4	{ride}	{ride}	nonverbalbehavior	none	_	Begin=11.16|End=11.67	_	_	_	_
5-0	PSB150	5	parolacce	parolacce	linguistic	none	_	Begin=14.41	_	_	_	_
5-1	PSB150	5	si	si	linguistic	none	_	_	_	_	_	_
5-2	PSB150	5	dicono?	dicono	linguistic	none	Intonation=rising	End=15.7	_	_	_	_
6-0	PSB149	6	{mastica}	{mastica}	nonverbalbehavior	none	_	Begin=17.19	_	_	_	_
6-1	PSB149	6	si	si	linguistic	none	_	_	_	_	_	_
6-2	PSB149	6	può	può	linguistic	none	_	_	_	_	_	_
6-3	PSB149	6	dire	dire	linguistic	none	_	_	_	_	_	_
6-4	PSB149	6	tutto	tutto	linguistic	none	_	End=18.39	_	_	_	_
7-0	PSB149	7	ieri	ieri	linguistic	none	_	Begin=22.24	_	_	_	_
7-1	PSB149	7	ero	ero	linguistic	none	_	_	_	_	_	_
7-2	PSB149	7	ehm:	ehm	linguistic	none	_	_	2x1	_	_	_
7-3	PSB149	7	{P}	{P}	shortpause	none	_	_	_	_	_	_
7-4	PSB149	7	andato	andato	linguistic	none	_	_	_	_	_	_
7-5	PSB149	7	a	a	linguistic	none	_	_	_	_	_	_
7-6	PSB149	7	piedi	piedi	linguistic	none	_	_	_	_	_	_
7-7	PSB149	7	no?	no	linguistic	none	Intonation=rising	End=24.19	_	_	_	_
8-0	PSB149	8	ché	ché	linguistic	none	_	Begin=24.54	_	_	_	_
8-1	PSB149	8	gli	gli	linguistic	none	_	_	_	_	_	_
8-2	PSB149	8	altri	altri	linguistic	none	_	_	_	_	_	_
8-3	PSB149	8	dormivano	dormivano	linguistic	none	_	_	_	_	_	_
8-4	PSB149	8	tutti	tutti	linguistic	none	_	End=25.58	_	_	_	_
9-0	PSB149	9	ehm:	ehm	linguistic	none	_	Begin=27.79|End=28.63	2x1	_	_	_
10-0	PSB149	10	ho	ho	linguistic	none	_	Begin=29.51	_	_	_	_
10-1	PSB149	10	fatto	fatto	linguistic	none	_	_	_	_	_	_
10-2	PSB149	10	le	le	linguistic	none	_	_	_	_	_	_
10-3	PSB149	10	cinque	cinque	linguistic	none	_	_	_	_	_	_
10-4	PSB149	10	e	e	linguistic	none	_	_	_	_	_	_
10-5	PSB149	10	mezza	mezza	linguistic	none	_	End=30.78	_	_	_	_
11-0	PSB149	11	{ride}	{ride}	nonverbalbehavior	none	_	Begin=31.83|End=32.53	_	_	_	_
12-0	PSB149	12	perché	perché	linguistic	none	_	Begin=33.39	_	_	_	_
12-1	PSB149	12	mi	mi	linguistic	none	_	_	_	_	_	_
12-2	PSB149	12	sono	sono	linguistic	none	_	_	_	_	_	_
12-3	PSB149	12	sveglia:to	svegliato	linguistic	none	_	_	6x1	_	_	_
12-4	PSB149	12	ho	ho	linguistic	none	_	_	_	_	_	_
12-5	PSB149	12	fatto	fatto	linguistic	none	_	_	_	_	_	_
12-6	PSB149	12	ho	ho	linguistic	none	_	_	_	_	_	_
12-7	PSB149	12	pulito	pulito	linguistic	none	_	_	_	_	_	_
12-8	PSB149	12	un	un	linguistic	none	_	_	_	_	_	_
12-9	PSB149	12	po'	po'	linguistic	none	_	_	_	_	_	_
12-10	PSB149	12	casa	casa	linguistic	none	_	_	_	_	_	_
12-11	PSB149	12	così	così	linguistic	none	_	End=36.33	_	_	_	_
13-0	PSB149	13	i	i	linguistic	none	_	Begin=36.94	_	_	_	_
13-1	PSB149	13	piatti	piatti	linguistic	none	_	_	_	_	_	_
13-2	PSB149	13	eccetera	eccetera	linguistic	none	_	End=37.8	_	_	_	_
14-0	PSB149	14	e	e	linguistic	none	_	Begin=38.58	_	_	_	_
14-1	PSB149	14	sono	sono	linguistic	none	_	_	_	_	_	_
14-2	PSB149	14	andato:	andato	linguistic	none	_	_	5x1	_	_	_
14-3	PSB149	14	in	in	linguistic	none	_	_	_	_	_	_
14-4	PSB149	14	centro	centro	linguistic	none	_	End=40.76	_	_	_	_
15-0	PSB149	15	a	a	linguistic	none	_	Begin=41.44	_	_	_	_
15-1	PSB149	15	monghidoro	monghidoro	linguistic	none	_	End=42.11	_	_	_	_
16-0	PSB149	16	mh	mh	linguistic	none	_	Begin=43.38|End=43.76	_	_	_	_
17-0	PSB150	17	[esiste]	esiste	linguistic	none	_	Begin=45.15	_	_	_	0-6(0)
17-1	PSB150	17	centro	centro	linguistic	none	_	_	_	_	_	_
17-2	PSB150	17	a	a	linguistic	none	_	_	_	_	_	_
17-3	PSB150	17	monghidoro?	monghidoro	linguistic	none	Intonation=rising	End=46.81	_	_	_	_
18-0	PSB149	18	[xx]	x	unknown	none	_	Begin=45.16|End=45.47	_	_	_	0-2(0)
19-0	PSB149	19	eh:	eh	linguistic	none	_	Begin=47.78	1x1	_	_	_
19-1	PSB149	19	vabbè	vabbè	linguistic	none	_	_	_	_	_	_
19-2	PSB149	19	che	che	linguistic	none	_	_	_	_	_	_
19-3	PSB149	19	sì	sì	linguistic	none	_	_	_	_	_	_
19-4	PSB149	19	ne~	ne~	linguistic	none	Interrupted=Yes	_	_	_	_	_
19-5	PSB149	19	che	che	linguistic	none	_	_	_	_	_	_
19-6	PSB149	19	noi	noi	linguistic	none	_	_	_	_	_	_
19-7	PSB149	19	siamo	siamo	linguistic	none	_	_	_	_	_	_
19-8	PSB149	19	~mo:	~mo	linguistic	none	Interrupted=Yes	_	2x1	_	_	_
19-9	PSB149	19	a	a	linguistic	none	_	_	_	_	_	_
19-10	PSB149	19	cà	cà	linguistic	none	_	_	_	_	_	_
19-11	PSB149	19	del	del	linguistic	none	_	_	_	_	_	_
19-12	PSB149	19	costa	costa	linguistic	none	_	End=51.03	_	_	_	_
20-0	PSB149	20	monghidoro	monghidoro	linguistic	none	_	Begin=51.97	_	_	_	_
20-1	PSB149	20	devi	devi	linguistic	none	_	_	_	_	_	_
20-2	PSB149	20	camminare	camminare	linguistic	none	_	_	_	_	_	_
20-3	PSB149	20	un	un	linguistic	none	_	_	_	_	_	_
20-4	PSB149	20	po'	po'	linguistic	none	_	End=53.67	_	_	_	_
21-0	PSB149	21	eh	eh	linguistic	none	_	Begin=55.4	_	_	_	_
21-1	PSB149	21	non	non	linguistic	none	_	_	_	_	_	_
21-2	PSB149	21	poco	poco	linguistic	none	_	_	_	_	_	_
21-3	PSB149	21	eh	eh	linguistic	none	_	End=56.37	_	_	_	_
22-0	PSB149	22	un	un	linguistic	none	_	Begin=57.26	_	_	_	_
22-1	PSB149	22	chilometro?	chilometro	linguistic	none	Intonation=rising	End=57.94	_	_	_	_
23-0	PSB149	23	due?	due	linguistic	none	Intonation=rising	Begin=58.27|End=58.51	_	_	_	_
24-0	PSB149	24	bellissimo	bellissimo	linguistic	none	_	Begin=60.71	_	_	_	_
24-1	PSB149	24	gran	gran	linguistic	none	_	_	_	_	_	_
24-2	PSB149	24	gran	gran	linguistic	none	_	_	_	_	_	_
24-3	PSB149	24	sole	sole	linguistic	none	_	_	_	_	_	_
24-4	PSB149	24	gran	gran	linguistic	none	_	_	_	_	_	_
24-5	PSB149	24	vento	vento	linguistic	none	_	End=62.99	_	_	_	_
25-0	PSB149	25	ciclisti	ciclisti	linguistic	none	_	Begin=63.64	_	_	_	_
25-1	PSB149	25	motociclisti	motociclisti	linguistic	none	_	End=65.0	_	_	_	_
26-0	PSB149	26	e	e	linguistic	none	_	Begin=67.25	_	_	_	_
26-1	PSB149	26	mentre	mentre	linguistic	none	_	_	_	_	_	_
26-2	PSB149	26	sono	sono	linguistic	none	_	_	_	_	_	_
26-3	PSB149	26	arrivato	arrivato	linguistic	none	_	End=68.6	_	_	_	_
27-0	PSB149	27	in	in	linguistic	none	_	Begin=69.54	_	_	_	_
27-1	PSB149	27	piazza	piazza	linguistic	none	_	End=70.15	_	_	_	_
28-0	PSB149	28	cioè	cioè	linguistic	none	_	Begin=70.5	_	_	_	_
28-1	PSB149	28	mentre	mentre	linguistic	none	_	_	_	_	_	_
28-2	PSB149	28	sono	sono	linguistic	none	_	_	_	_	_	_
28-3	PSB149	28	arriva~	arriva~	linguistic	none	Interrupted=Yes	_	_	_	_	_
28-4	PSB149	28	entrato	entrato	linguistic	none	_	_	_	_	_	_
28-5	PSB149	28	a	a	linguistic	none	_	_	_	_	_	_
28-6	PSB149	28	monghidoro	monghidoro	linguistic	none	_	_	_	_	_	_
28-7	PSB149	28	era	era	linguistic	none	_	_	_	_	_	_
28-8	PSB149	28	mezzogiorno	mezzogiorno	linguistic	none	_	_	_	_	_	_
28-9	PSB149	28	preciso	preciso	linguistic	none	_	End=73.41	_	_	_	_
29-0	PSB149	29	pong	pong	linguistic	none	_	Begin=74.23	_	_	_	_
29-1	PSB149	29	pong	pong	linguistic	none	_	_	_	_	_	_
29-2	PSB149	29	han	han	linguistic	none	_	_	_	_	_	_
29-3	PSB149	29	cominciato	cominciato	linguistic	none	_	_	_	_	_	_
29-4	PSB149	29	tutte	tutte	linguistic	none	_	_	_	_	_	_
29-5	PSB149	29	le	le	linguistic	none	_	_	_	_	_	_
29-6	PSB149	29	campane	campane	linguistic	none	_	End=76.85	_	_	_	_
30-0	PSB149	30	bello	bello	linguistic	none	_	Begin=78.76	_	_	_	_
30-1	PSB149	30	bello	bello	linguistic	none	_	End=79.32	_	_	_	_
31-0	PSB149	31	Il	il	linguistic	none	Volume=high	Begin=80.3	_	_	_	_
31-1	PSB149	31	tempo	tempo	linguistic	none	_	_	_	_	_	_
31-2	PSB149	31	che	che	linguistic	none	_	_	_	_	_	_
31-3	PSB149	31	sono	sono	linguistic	none	_	_	_	_	_	_
31-4	PSB149	31	entrato	entrato	linguistic	none	_	_	_	_	_	_
31-5	PSB149	31	a	a	linguistic	none	_	_	_	_	_	_
31-6	PSB149	31	prendere	prendere	linguistic	none	_	_	_	_	_	_
31-7	PSB149	31	i	i	linguistic	none	_	_	_	_	_	_
31-8	PSB149	31	biscotti	biscotti	linguistic	none	_	End=82.78	_	_	_	_
32-0	PSB150	32	mh	mh	linguistic	none	_	Begin=83.11|End=83.47	_	_	_	_
33-0	PSB149	33	e	e	linguistic	none	_	Begin=84.46	_	_	_	_
33-1	PSB149	33	sono	sono	linguistic	none	_	_	_	_	_	_
33-2	PSB149	33	uscito	uscito	linguistic	none	_	End=85.36	_	_	_	_
34-0	PSB149	34	le	le	linguistic	none	_	Begin=85.54	_	_	_	_
34-1	PSB149	34	campane	campane	linguistic	none	_	_	_	_	_	_
34-2	PSB149	34	stavano:	stavano	linguistic	none	_	_	6x1	_	_	_
34-3	PSB149	34	ancora	ancora	linguistic	none	_	_	_	_	_	_
34-4	PSB149	34	suonando	suonando	linguistic	none	_	_	_	_	_	_
34-5	PSB149	34	{ride}	{ride}	nonverbalbehavior	none	_	End=87.99	_	_	_	_
35-0	PSB149	35	quindi	quindi	linguistic	none	_	Begin=88.75	_	_	_	_
35-1	PSB149	35	sono	sono	linguistic	none	_	_	_	_	_	_
35-2	PSB149	35	entrato	entrato	linguistic	none	_	_	_	_	_	_
35-3	PSB149	35	e	e	linguistic	none	_	_	_	_	_	_
35-4	PSB149	35	uscito	uscito	linguistic	none	_	_	_	_	_	_
35-5	PSB149	35	da:	da	linguistic	none	_	_	1x1	_	_	_
35-6	PSB149	35	dal	dal	linguistic	none	_	_	_	_	_	_
35-7	PSB149	35	centro	centro	linguistic	none	_	_	_	_	_	_
35-8	PSB149	35	di	di	linguistic	none	_	_	_	_	_	_
35-9	PSB149	35	monghidoro	monghidoro	linguistic	none	_	_	_	_	_	_
35-10	PSB149	35	con	con	linguistic	none	_	_	_	_	_	_
35-11	PSB149	35	le	le	linguistic	none	_	_	_	_	_	_
35-12	PSB149	35	campane	campane	linguistic	none	_	End=92.4	_	_	_	_
36-0	PSB149	36	su~	su~	linguistic	none	Interrupted=Yes	Begin=92.89	_	_	_	_
36-1	PSB149	36	super	super	linguistic	none	_	_	_	_	_	_
36-2	PSB149	36	medievale	medievale	linguistic	none	_	End=94.14	_	_	_	_
37-0	PSB150	37	ti	ti	linguistic	none	_	Begin=94.28	_	_	_	_
37-1	PSB150	37	hanno	hanno	linguistic	none	_	_	_	_	_	_
37-2	PSB150	37	accompagnato	accompagnato	linguistic	none	_	_	_	_	_	_
37-3	PSB150	37	nel	nel	linguistic	none	_	_	_	_	_	_
37-4	PSB150	37	tragitto	tragitto	linguistic	none	_	End=96.46	_	_	_	_
38-0	PSB149	38	{inspira}	{inspira}	nonverbalbehavior	none	_	Begin=96.91	_	_	_	_
38-1	PSB149	38	bellissimo	bellissimo	linguistic	none	_	End=97.98	_	_	_	_
39-0	PSB150	39	questo	questo	linguistic	none	_	Begin=98.52	_	_	_	_
39-1	PSB150	39	xxxx	x	unknown	none	_	_	_	_	_	_
39-2	PSB150	39	qua?	qua	linguistic	none	Intonation=rising	End=99.65	_	_	_	_
40-0	PSB149	40	per	per	linguistic	none	_	Begin=100.87	_	_	_	_
40-1	PSB149	40	te	te	linguistic	none	_	End=101.34	_	_	_	_
41-0	PSB150	41	u	u	linguistic	all	Language=NO_ISO_CODE	Begin=101.95	_	_	_	_
41-1	PSB150	41	menya	menya	linguistic	all	Language=NO_ISO_CODE	_	_	_	_	_
41-2	PSB150	41	krugloe	krugloe	linguistic	all	Language=NO_ISO_CODE	_	_	_	_	_
41-3	PSB150	41	litso	litso	linguistic	all	Language=NO_ISO_CODE	End=103.41	_	_	_	_
43-0	PSB150	43	de	de	linguistic	none	_	Begin=105.4	_	_	_	_
43-1	PSB150	43	tutto	tutto	linguistic	none	_	End=106.06	_	_	_	_
44-0	PSB149	44	{ride}	{ride}	nonverbalbehavior	some	_	Begin=106.533	_	_	_	_
44-2	PSB149	44	#_kak	kak	linguistic	all	_	_	_	_	_	_
44-3	PSB149	44	kolobok	kolobok	linguistic	all	_	End=108.87	_	_	_	_
46-0	PSB150	46	ehm	ehm	linguistic	none	_	Begin=109.8|End=110.08	_	_	_	_
47-0	PSB149	47	{ride}	{ride}	nonverbalbehavior	none	_	Begin=110.48|End=112.18	_	_	_	_
48-0	PSB150	48	non	non	linguistic	none	_	Begin=112.4	_	_	_	_
48-1	PSB150	48	è	è	linguistic	none	_	_	_	_	_	_
48-2	PSB150	48	vero	vero	linguistic	none	_	End=113.12	_	_	_	_
49-0	PSB149	49	come:	come	linguistic	none	_	Begin=114.54|End=115.18	3x1	_	_	_
50-0	PSB149	50	vabbè	vabbè	linguistic	none	_	Begin=115.68	_	_	_	_
50-1	PSB149	50	dai	dai	linguistic	none	_	_	_	_	_	_
50-2	PSB149	50	smetto	smetto	linguistic	none	_	End=116.78	_	_	_	_
51-0	PSB149	51	{ride}	{ride}	nonverbalbehavior	none	_	Begin=117.101|End=120.14	_	_	_	_
52-0	PSB150	52	che?	che	linguistic	none	Intonation=rising	Begin=118.9|End=119.36	_	_	_	_
53-0	PSB150	53	fermati	fermati	linguistic	none	_	Begin=121.42|End=122.07	_	_	_	_
54-0	PSB150	54	non	non	linguistic	none	_	Begin=122.32	_	_	_	_
54-1	PSB150	54	so	so	linguistic	none	_	_	_	_	_	_
54-2	PSB150	54	(pensare	pensare	linguistic	none	_	_	_	_	0-7(0)	_
54-3	PSB150	54	a	a	linguistic	none	_	_	_	_	0-1(0)	_
54-4	PSB150	54	limite)	limite	linguistic	none	_	End=123.89	_	_	0-6(0)	_
55-0	PSB150	55	sì	sì	linguistic	none	_	Begin=125.89	_	_	_	_
55-1	PSB150	55	sì	sì	linguistic	none	_	_	_	_	_	_
55-2	PSB150	55	la	la	linguistic	none	_	_	_	_	_	_
55-3	PSB150	55	faccia	faccia	linguistic	none	_	_	_	_	_	_
55-4	PSB150	55	si	si	linguistic	none	_	_	_	_	_	_
55-5	PSB150	55	vede	vede	linguistic	none	_	End=127.24	_	_	_	_
56-0	PSB149	56	ma	ma	linguistic	none	_	Begin=128.35	_	_	_	_
56-1	PSB149	56	questo	questo	linguistic	none	_	_	_	_	_	_
56-2	PSB149	56	qua	qua	linguistic	none	_	_	_	_	_	_
56-3	PSB149	56	eh	eh	linguistic	none	_	End=129.15	_	_	_	_
57-0	PSB150	57	eh	eh	linguistic	none	_	Begin=129.2|End=129.39	_	_	_	_
58-0	PSB149	58	cosa	cosa	linguistic	none	_	Begin=129.62	_	_	_	_
58-1	PSB149	58	c'	c'	linguistic	none	SpaceAfter=No	_	_	_	_	_
58-2	PSB149	58	è	è	linguistic	none	_	_	_	_	_	_
58-3	PSB149	58	qua	qua	linguistic	none	_	_	_	_	_	_
58-4	PSB149	58	dentro	dentro	linguistic	none	_	_	_	_	_	_
58-5	PSB149	58	la	la	linguistic	none	_	_	_	_	_	_
58-6	PSB149	58	patata	patata	linguistic	none	_	End=130.89	_	_	_	_
59-0	PSB149	59	nero	nero	linguistic	none	_	Begin=133.4|End=133.81	_	_	_	_
60-0	PSB150	60	nu	nu	linguistic	all	Language=NO_ISO_CODE	Begin=134.2	_	_	_	_
60-1	PSB150	60	ne	ne	linguistic	all	Language=NO_ISO_CODE	_	_	_	_	_
60-2	PSB150	60	esh	esh	linguistic	all	Language=NO_ISO_CODE	_	_	_	_	_
60-3	PSB150	60	xx	x	linguistic	all	Language=NO_ISO_CODE	End=136.27	_	_	_	_
62-0	PSB150	62	allora	allora	linguistic	none	_	Begin=136.84|End=137.91	_	_	_	_
63-0	PSB149	63	no	no	linguistic	none	_	Begin=138.1	_	_	_	_
63-1	PSB149	63	metti	metti	linguistic	none	_	_	_	_	_	_
63-2	PSB149	63	via	via	linguistic	none	_	_	_	_	_	_
63-3	PSB149	63	pi~	pi~	linguistic	none	Interrupted=Yes	_	_	_	_	_
63-4	PSB149	63	due	due	linguistic	none	_	_	_	_	_	_
63-5	PSB149	63	dita	dita	linguistic	none	_	_	_	_	_	_
63-6	PSB149	63	olio?	olio	linguistic	none	Intonation=rising	End=140.07	_	_	_	_
64-0	PSB150	64	non	non	linguistic	none	_	Begin=142.82	_	_	_	_
64-1	PSB150	64	mi	mi	linguistic	none	_	_	_	_	_	_
64-2	PSB150	64	fa	fa	linguistic	none	_	_	_	_	_	_
64-3	PSB150	64	bene	bene	linguistic	none	_	End=143.86	_	_	_	_
65-0	PSB150	65	sì	sì	linguistic	none	_	Begin=145.98|End=146.48	_	_	_	_
66-0	PSB150	66	#vozmi	vozmi	linguistic	some	Language=NO_ISO_CODE	Begin=147.05	_	_	_	_
66-1	PSB150	66	tonno	tonno	linguistic	some	_	End=148.43	_	_	_	_
68-0	PSB150	68	questa	questa	linguistic	none	_	Begin=155.92	_	_	_	_
68-1	PSB150	68	è	è	linguistic	none	_	_	_	_	_	_
68-2	PSB150	68	tutta	tutta	linguistic	none	_	_	_	_	_	_
68-3	PSB150	68	salute	salute	linguistic	none	_	End=157.175	_	_	_	_
69-0	PSB149	69	eh	eh	linguistic	none	_	Begin=157.175	_	_	_	_
69-1	PSB149	69	te	te	linguistic	none	_	_	_	_	_	_
69-2	PSB149	69	l'	l'	linguistic	none	SpaceAfter=No	_	_	_	_	_
69-3	PSB149	69	ho	ho	linguistic	none	_	_	_	_	_	_
69-4	PSB149	69	detto	detto	linguistic	none	_	_	_	_	_	_
69-5	PSB149	69	(unica)	unica	linguistic	none	_	End=158.91	_	_	0-5(0)	_
70-0	PSB150	70	questo:	questo	linguistic	none	_	Begin=159.79|End=160.18	5x1	_	_	_
71-0	PSB149	71	non	non	linguistic	none	_	Begin=160.33	_	_	_	_
71-1	PSB149	71	sei	sei	linguistic	none	_	_	_	_	_	_
71-2	PSB149	71	cicciona	cicciona	linguistic	none	_	_	_	_	_	_
71-3	PSB149	71	sei	sei	linguistic	none	_	_	_	_	_	_
71-4	PSB149	71	solo	solo	linguistic	none	_	_	_	_	_	_
71-5	PSB149	71	tonda	tonda	linguistic	none	_	End=162.07	_	_	_	_
72-0	PSB150	72	che	che	linguistic	none	_	Begin=163.58	_	_	_	_
72-1	PSB150	72	è	è	linguistic	none	_	_	_	_	_	_
72-2	PSB150	72	uguale	uguale	linguistic	none	_	End=164.34	_	_	_	_
73-0	PSB149	73	no	no	linguistic	none	_	Begin=165.12	_	_	_	_
73-1	PSB149	73	tra	tra	linguistic	none	_	_	_	_	_	_
73-2	PSB149	73	un	un	linguistic	none	_	_	_	_	_	_
73-3	PSB149	73	po'	po'	linguistic	none	_	_	_	_	_	_
73-4	PSB149	73	sarai	sarai	linguistic	none	_	_	_	_	_	_
73-5	PSB149	73	cicciona	cicciona	linguistic	none	_	End=166.38	_	_	_	_
74-0	PSB150	74	mh?	mh	linguistic	none	Intonation=rising	Begin=166.95|End=167.32	_	_	_	_
75-0	PSB149	75	ancora	ancora	linguistic	none	_	Begin=167.93	_	_	_	_
75-1	PSB149	75	un	un	linguistic	none	_	_	_	_	_	_
75-2	PSB149	75	anno	anno	linguistic	none	_	End=168.67	_	_	_	_
76-0	PSB149	76	dopo	dopo	linguistic	none	_	Begin=169.36	_	_	_	_
76-1	PSB149	76	sarai	sarai	linguistic	none	_	End=170.15	_	_	_	_
77-0	PSB149	77	peggio	peggio	linguistic	none	_	Begin=170.97|End=171.48	_	_	_	_
78-0	PSB150	78	xxx	x	unknown	none	_	Begin=172.79	_	_	_	_
78-1	PSB150	78	vuo:i	vuoi	linguistic	none	_	_	2x1	_	_	_
78-2	PSB150	78	{P}	{P}	shortpause	none	_	_	_	_	_	_
78-3	PSB150	78	un	un	linguistic	none	_	_	_	_	_	_
78-4	PSB150	78	pugno	pugno	linguistic	none	_	_	_	_	_	_
78-5	PSB150	78	in	in	linguistic	none	_	_	_	_	_	_
78-6	PSB150	78	mezzo	mezzo	linguistic	none	_	_	_	_	_	_
78-7	PSB150	78	alle	alle	linguistic	none	_	_	_	_	_	_
78-8	PSB150	78	corna?	corna	linguistic	none	Intonation=rising	End=176.49	_	_	_	_
79-0	PSB149	79	no?	no	linguistic	none	Intonation=rising	Begin=177.33|End=177.76	_	_	_	_
80-0	PSB150	80	eh	eh	linguistic	none	_	Begin=177.93	_	_	_	_
80-1	PSB150	80	allora	allora	linguistic	none	_	_	_	_	_	_
80-2	PSB150	80	non	non	linguistic	none	_	_	_	_	_	_
80-3	PSB150	80	dire	dire	linguistic	none	_	_	_	_	_	_
80-4	PSB150	80	le	le	linguistic	none	_	_	_	_	_	_
80-5	PSB150	80	sciocchezze	sciocchezze	linguistic	none	_	End=179.92	_	_	_	_
81-0	PSB149	81	non	non	linguistic	none	_	Begin=180.71	_	_	_	_
81-1	PSB149	81	sono	sono	linguistic	none	_	_	_	_	_	_
81-2	PSB149	81	sciocchezze	sciocchezze	linguistic	none	_	End=181.83	_	_	_	_
82-0	PSB149	82	sono	sono	linguistic	none	_	Begin=182.19	_	_	_	_
82-1	PSB149	82	previsioni	previsioni	linguistic	none	_	_	_	_	_	_
82-2	PSB149	82	{ride}	{ride}	nonverbalbehavior	none	_	_	_	_	_	_
82-3	PSB149	82	statisticamente	statisticamente	linguistic	none	_	_	_	_	_	_
82-4	PSB149	82	valide	valide	linguistic	none	_	End=186.42	_	_	_	_
83-0	PSB149	83	por~	por~	linguistic	none	Interrupted=Yes	Begin=186.87|End=187.38	_	_	_	_
84-0	PSB150	84	ti	ti	linguistic	none	_	Begin=189.83	_	_	_	_
84-1	PSB150	84	fa	fa	linguistic	none	_	_	_	_	_	_
84-2	PSB150	84	ridere?	ridere	linguistic	none	Intonation=rising	End=190.8	_	_	_	_
85-0	PSB149	85	no	no	linguistic	none	_	Begin=193.44|End=194.0	_	_	_	_
86-0	PSB149	86	[cioè]	cioè	linguistic	none	_	Begin=194.52|End=195.08	_	_	_	0-4(1)
87-0	PSB150	87	[eh]	eh	linguistic	none	_	Begin=194.52|End=195.08	_	_	_	0-2(1)
88-0	PSB150	88	entro	entro	linguistic	none	_	Begin=199.11	_	_	_	_
88-1	PSB150	88	ancora	ancora	linguistic	none	_	_	_	_	_	_
88-2	PSB150	88	nei	nei	linguistic	none	_	_	_	_	_	_
88-3	PSB150	88	pantaloni	pantaloni	linguistic	none	_	End=200.55	_	_	_	_
89-0	PSB149	89	mi	mi	linguistic	none	_	Begin=200.62	_	_	_	_
89-1	PSB149	89	fa	fa	linguistic	none	_	_	_	_	_	_
89-2	PSB149	89	ridere:	ridere	linguistic	none	_	_	5x1	_	_	_
89-3	PSB149	89	come	come	linguistic	none	_	_	_	_	_	_
89-4	PSB149	89	come	come	linguistic	none	_	_	_	_	_	_
89-5	PSB149	89	cerchi	cerchi	linguistic	none	_	_	_	_	_	_
89-6	PSB149	89	di	di	linguistic	none	_	_	_	_	_	_
89-7	PSB149	89	resistere	resistere	linguistic	none	_	_	_	_	_	_
89-8	PSB149	89	alla	alla	linguistic	none	_	_	_	_	_	_
89-9	PSB149	89	verità	verità	linguistic	none	_	_	_	_	_	_
89-10	PSB149	89	eh	eh	linguistic	none	_	_	_	_	_	_
89-11	PSB149	89	{ride}	{ride}	nonverbalbehavior	none	_	End=205.11	_	_	_	_
90-0	PSB149	90	senza	senza	linguistic	none	_	Begin=206.23	_	_	_	_
90-1	PSB149	90	far	far	linguistic	none	_	_	_	_	_	_
90-2	PSB149	90	niente	niente	linguistic	none	_	_	_	_	_	_
90-3	PSB149	90	sperando	sperando	linguistic	none	_	_	_	_	_	_
90-4	PSB149	90	che	che	linguistic	none	_	_	_	_	_	_
90-5	PSB149	90	non:	non	linguistic	none	_	_	2x1	_	_	_
90-6	PSB149	90	funzioni	funzioni	linguistic	none	_	_	_	_	_	_
90-7	PSB149	90	nie~	nie~	linguistic	none	Interrupted=Yes	End=209.26	_	_	_	_
91-0	PSB150	91	{ride}	{ride}	nonverbalbehavior	none	_	Begin=207.966|End=208.946	_	_	_	_
92-0	PSB150	92	eh	eh	linguistic	none	_	Begin=210.49	_	_	_	_
92-1	PSB150	92	vediamo	vediamo	linguistic	none	_	End=211.28	_	_	_	_
93-0	PSB149	93	e:h	eh	linguistic	none	_	Begin=211.39	0x1	_	_	_
93-1	PSB149	93	cari~	cari~	linguistic	none	Interrupted=Yes	_	_	_	_	_
93-2	PSB149	93	guardiamo	guardiamo	linguistic	none	_	_	_	_	_	_
93-3	PSB149	93	un	un	linguistic	none	_	_	_	_	_	_
93-4	PSB149	93	altro	altro	linguistic	none	_	_	_	_	_	_
93-5	PSB149	93	po'	po'	linguistic	none	_	_	_	_	_	_
93-6	PSB149	93	di:	di	linguistic	none	_	_	1x1	_	_	_
93-7	PSB149	93	geppi	geppi	linguistic	none	_	_	_	_	_	_
93-8	PSB149	93	cucciari	cucciari	linguistic	none	_	End=215.39	_	_	_	_
94-0	PSB150	94	sì	sì	linguistic	none	_	Begin=216.21	_	_	_	_
94-1	PSB150	94	sì	sì	linguistic	none	_	End=216.93	_	_	_	_
95-0	PSB149	95	xxx	x	unknown	none	_	Begin=216.97|End=217.72	_	_	_	_
96-0	PSB150	96	tu	tu	linguistic	none	_	Begin=220.32	_	_	_	_
96-1	PSB150	96	ha	ha	linguistic	none	_	_	_	_	_	_
96-2	PSB150	96	trovato	trovato	linguistic	none	_	_	_	_	_	_
96-3	PSB150	96	il	il	linguistic	none	_	_	_	_	_	_
96-4	PSB150	96	senso	senso	linguistic	none	_	_	_	_	_	_
96-5	PSB150	96	di	di	linguistic	none	_	_	_	_	_	_
96-6	PSB150	96	pace	pace	linguistic	none	_	End=222.35	_	_	_	_
97-0	PSB150	97	mi	mi	linguistic	none	_	Begin=225.62	_	_	_	_
97-1	PSB150	97	fa	fa	linguistic	none	_	_	_	_	_	_
97-2	PSB150	97	la	la	linguistic	none	_	_	_	_	_	_
97-3	PSB150	97	tipa	tipa	linguistic	none	_	_	_	_	_	_
97-4	PSB150	97	la:	la	linguistic	none	_	_	1x1	_	_	_
97-5	PSB150	97	il	il	linguistic	none	_	_	_	_	_	_
97-6	PSB150	97	medico	medico	linguistic	none	_	_	_	_	_	_
97-7	PSB150	97	di	di	linguistic	none	_	_	_	_	_	_
97-8	PSB150	97	pa:~	pa~	linguistic	none	Interrupted=Yes	End=228.69	1x1	_	_	_
98-0	PSB150	98	e	e	linguistic	none	_	Begin=228.75	_	_	_	_
98-1	PSB150	98	allora	allora	linguistic	none	_	_	_	_	_	_
98-2	PSB150	98	ti	ti	linguistic	none	_	_	_	_	_	_
98-3	PSB150	98	mh	mh	linguistic	none	_	_	_	_	_	_
98-4	PSB150	98	ti	ti	linguistic	none	_	_	_	_	_	_
98-5	PSB150	98	scrivo:	scrivo	linguistic	none	_	_	5x1	_	_	_
98-6	PSB150	98	facciamo	facciamo	linguistic	none	_	_	_	_	_	_
98-7	PSB150	98	i	i	linguistic	none	_	_	_	_	_	_
98-8	PSB150	98	corsi	corsi	linguistic	none	_	_	_	_	_	_
98-9	PSB150	98	io	io	linguistic	none	_	_	_	_	_	_
98-10	PSB150	98	dico:	dico	linguistic	none	_	_	3x1	_	_	_
98-11	PSB150	98	{P}	{P}	shortpause	none	_	_	_	_	_	_
98-12	PSB150	98	no:	no	linguistic	none	_	End=233.34	1x1	_	_	_
99-0	PSB150	99	troppa	troppa	linguistic	none	_	Begin=233.64	_	_	_	_
99-1	PSB150	99	gente	gente	linguistic	none	_	_	_	_	_	_
99-2	PSB150	99	{P}	{P}	shortpause	none	_	_	_	_	_	_
99-3	PSB150	99	troppo	troppo	linguistic	none	_	_	_	_	_	_
99-4	PSB150	99	affollato	affollato	linguistic	none	_	End=235.83	_	_	_	_
100-0	PSB150	100	ho	ho	linguistic	none	_	Begin=236.37	_	_	_	_
100-1	PSB150	100	io:	io	linguistic	none	_	_	1x1	_	_	_
100-2	PSB150	100	ho	ho	linguistic	none	_	_	_	_	_	_
100-3	PSB150	100	detto	detto	linguistic	none	_	_	_	_	_	_
100-4	PSB150	100	io	io	linguistic	none	_	_	_	_	_	_
100-5	PSB150	100	qua	qua	linguistic	none	_	_	_	_	_	_
100-6	PSB150	100	faccio	faccio	linguistic	none	_	_	_	_	_	_
100-7	PSB150	100	gli	gli	linguistic	none	_	_	_	_	_	_
100-8	PSB150	100	ingressi	ingressi	linguistic	none	_	_	_	_	_	_
100-9	PSB150	100	per	per	linguistic	none	_	_	_	_	_	_
100-10	PSB150	100	cavoli	cavoli	linguistic	none	_	_	_	_	_	_
100-11	PSB150	100	miei	miei	linguistic	none	_	End=239.96	_	_	_	_
101-0	PSB149	101	ah	ah	linguistic	none	_	Begin=242.5	_	_	_	_
101-1	PSB149	101	beh	beh	linguistic	none	_	_	_	_	_	_
101-2	PSB149	101	corso	corso	linguistic	none	_	_	_	_	_	_
101-3	PSB149	101	dici:	dici	linguistic	none	_	_	3x1	_	_	_
101-4	PSB149	101	di	di	linguistic	none	_	_	_	_	_	_
101-5	PSB149	101	freque~	freque~	linguistic	none	Interrupted=Yes	_	_	_	_	_
101-6	PSB149	101	no	no	linguistic	none	_	_	_	_	_	_
101-7	PSB149	101	fai	fai	linguistic	none	_	_	_	_	_	_
101-8	PSB149	101	fai	fai	linguistic	none	_	_	_	_	_	_
101-9	PSB149	101	fai	fai	linguistic	none	_	_	_	_	_	_
101-10	PSB149	101	i	i	linguistic	none	_	_	_	_	_	_
101-11	PSB149	101	tuoi	tuoi	linguistic	none	_	_	_	_	_	_
101-12	PSB149	101	esercizi	esercizi	linguistic	none	_	_	_	_	_	_
101-13	PSB149	101	da	da	linguistic	none	_	_	_	_	_	_
101-14	PSB149	101	sola	sola	linguistic	none	_	End=246.51	_	_	_	_
102-0	PSB150	102	sì	sì	linguistic	none	_	Begin=246.55	_	_	_	_
102-1	PSB150	102	sì	sì	linguistic	none	_	End=247.58	_	_	_	_
103-0	PSB149	103	ma	ma	linguistic	none	_	Begin=248.46	_	_	_	_
103-1	PSB149	103	che	che	linguistic	none	_	_	_	_	_	_
103-2	PSB149	103	corsi	corsi	linguistic	none	_	_	_	_	_	_
103-3	PSB149	103	ci	ci	linguistic	none	_	_	_	_	_	_
103-4	PSB149	103	sono	sono	linguistic	none	_	_	_	_	_	_
103-5	PSB149	103	là	là	linguistic	none	_	End=249.78	_	_	_	_
104-0	PSB150	104	acquagym	acquagym	linguistic	none	_	Begin=249.93|End=251.04	_	_	_	_
105-0	PSB149	105	ah	ah	linguistic	none	_	Begin=254.71|End=255.33	_	_	_	_
106-0	PSB150	106	pieno	pieno	linguistic	some	_	Begin=255.67	_	_	_	_
106-1	PSB150	106	così	così	linguistic	some	_	_	_	_	_	_
106-2	PSB150	106	di	di	linguistic	some	_	_	_	_	_	_
106-3	PSB150	106	#sciure	sciure	linguistic	some	Language=NO_ISO_CODE	End=257.54	_	_	_	_
107-0	PSB149	107	mh	mh	linguistic	none	_	Begin=257.87	_	_	_	_
107-1	PSB149	107	{ride}	{ride}	nonverbalbehavior	none	_	End=258.43	_	_	_	_
108-0	PSB149	108	ma	ma	linguistic	none	_	Begin=260.46	_	_	_	_
108-1	PSB149	108	sono	sono	linguistic	none	_	_	_	_	_	_
108-2	PSB149	108	ovunque	ovunque	linguistic	none	_	End=261.33	_	_	_	_
109-0	PSB150	109	eh	eh	linguistic	none	_	Begin=261.66	_	_	_	_
109-1	PSB150	109	no	no	linguistic	none	_	_	_	_	_	_
109-2	PSB150	109	al	al	linguistic	none	_	_	_	_	_	_
109-3	PSB150	109	@nomeluogo	nomeluogo	linguistic	none	_	_	_	_	_	_
109-4	PSB150	109	erano	erano	linguistic	none	_	_	_	_	_	_
109-5	PSB150	109	meno	meno	linguistic	none	_	End=264.58	_	_	_	_
110-0	PSB150	110	al	al	linguistic	none	_	Begin=264.82	_	_	_	_
110-1	PSB150	110	@nomeluogo	nomeluogo	linguistic	none	_	_	_	_	_	_
110-2	PSB150	110	c'	c'	linguistic	none	SpaceAfter=No	_	_	_	_	_
110-3	PSB150	110	è	è	linguistic	none	_	_	_	_	_	_
110-4	PSB150	110	più	più	linguistic	none	_	_	_	_	_	_
110-5	PSB150	110	spazio	spazio	linguistic	none	_	End=266.75	_	_	_	_
111-0	PSB150	111	l'	l'	linguistic	none	SpaceAfter=No	Begin=267.17	_	_	_	_
111-1	PSB150	111	acqua	acqua	linguistic	none	_	_	_	_	_	_
111-2	PSB150	111	è	è	linguistic	none	_	_	_	_	_	_
111-3	PSB150	111	più	più	linguistic	none	_	_	_	_	_	_
111-4	PSB150	111	fredda	fredda	linguistic	none	_	_	_	_	_	_
111-5	PSB150	111	quindi	quindi	linguistic	none	_	_	_	_	_	_
111-6	PSB150	111	vai	vai	linguistic	none	_	_	_	_	_	_
111-7	PSB150	111	megl~	megl~	linguistic	none	Interrupted=Yes	_	_	_	_	_
111-8	PSB150	111	qua	qua	linguistic	none	_	_	_	_	_	_
111-9	PSB150	111	l'	l'	linguistic	none	SpaceAfter=No	_	_	_	_	_
111-10	PSB150	111	acqua:	acqua	linguistic	none	_	End=270.75	4x1	_	_	_
112-0	PSB150	112	è	è	linguistic	none	_	Begin=271.41	_	_	_	_
112-1	PSB150	112	calda,	calda	linguistic	none	Intonation=weakly_rising	End=272.53	_	_	_	_
113-0	PSB150	113	più	più	linguistic	none	_	Begin=274.26	_	_	_	_
113-1	PSB150	113	sono	sono	linguistic	none	_	_	_	_	_	_
113-2	PSB150	113	{P}	{P}	shortpause	none	_	_	_	_	_	_
113-3	PSB150	113	tantissimi	tantissimi	linguistic	none	_	End=277.213	_	_	_	_
114-0	PSB149	114	sì	sì	linguistic	none	_	Begin=277.81	_	_	_	_
114-1	PSB149	114	sudi	sudi	linguistic	none	_	_	_	_	_	_
114-2	PSB149	114	troppo	troppo	linguistic	none	_	End=278.83	_	_	_	_
115-0	PSB150	115	musica:	musica	linguistic	none	_	Begin=278.99	5x1	_	_	_
115-1	PSB150	115	{P}	{P}	shortpause	none	_	_	_	_	_	_
115-2	PSB150	115	bruttissima	bruttissima	linguistic	none	_	_	_	_	_	_
115-3	PSB150	115	a	a	linguistic	none	_	_	_	_	_	_
115-4	PSB150	115	palla	palla	linguistic	none	_	End=281.8	_	_	_	_
116-0	PSB150	116	che	che	linguistic	none	_	Begin=287.77	_	_	_	_
116-1	PSB150	116	ti	ti	linguistic	none	_	_	_	_	_	_
116-2	PSB150	116	fa	fa	linguistic	none	_	_	_	_	_	_
116-3	PSB150	116	male	male	linguistic	none	_	_	_	_	_	_
116-4	PSB150	116	la	la	linguistic	none	_	_	_	_	_	_
116-5	PSB150	116	testa	testa	linguistic	none	_	End=289.61	_	_	_	_
117-0	PSB149	117	su	su	linguistic	none	_	Begin=293.74	_	_	_	_
117-1	PSB149	117	le	le	linguistic	none	_	_	_	_	_	_
117-2	PSB149	117	mani	mani	linguistic	none	_	_	_	_	_	_
117-3	PSB149	117	u::h	uh	linguistic	none	_	End=296.14	0x2	_	_	_
118-0	PSB150	118	sì	sì	linguistic	none	_	Begin=296.58	_	_	_	_
118-1	PSB150	118	tipo	tipo	linguistic	none	_	_	_	_	_	_
118-2	PSB150	118	tipo	tipo	linguistic	none	_	_	_	_	_	_
118-3	PSB150	118	co:~	co~	linguistic	none	Interrupted=Yes	_	1x1	_	_	_
118-4	PSB150	118	cos'	cos'	linguistic	none	SpaceAfter=No	_	_	_	_	_
118-5	PSB150	118	è	è	linguistic	none	_	_	_	_	_	_
118-6	PSB150	118	era	era	linguistic	none	_	_	_	_	_	_
118-7	PSB150	118	tipo	tipo	linguistic	none	_	_	_	_	_	_
118-8	PSB150	118	cos'	cos'	linguistic	none	SpaceAfter=No	_	_	_	_	_
118-9	PSB150	118	è	è	linguistic	none	_	End=300.26	_	_	_	_
119-0	PSB150	119	una	una	linguistic	none	_	Begin=300.48	_	_	_	_
119-1	PSB150	119	{P}	{P}	shortpause	none	_	_	_	_	_	_
119-2	PSB150	119	almeno	almeno	linguistic	none	_	_	_	_	_	_
119-3	PSB150	119	il	il	linguistic	none	_	_	_	_	_	_
119-4	PSB150	119	nostro	nostro	linguistic	none	_	_	_	_	_	_
119-5	PSB150	119	a	a	linguistic	none	_	_	_	_	_	_
119-6	PSB150	119	@nomeluogo	nomeluogo	linguistic	none	_	End=303.407	_	_	_	_
120-0	PSB150	120	metteva	metteva	linguistic	none	_	Begin=304.18	_	_	_	_
120-1	PSB150	120	la	la	linguistic	none	_	_	_	_	_	_
120-2	PSB150	120	bella	bella	linguistic	none	_	_	_	_	_	_
120-3	PSB150	120	musica	musica	linguistic	none	_	_	_	_	_	_
120-4	PSB150	120	{P}	{P}	shortpause	none	_	_	_	_	_	_
120-5	PSB150	120	quando	quando	linguistic	none	_	_	_	_	_	_
120-6	PSB150	120	facevamo	facevamo	linguistic	none	_	_	_	_	_	_
120-7	PSB150	120	il	il	linguistic	none	_	_	_	_	_	_
120-8	PSB150	120	xxx	x	unknown	none	_	End=307.9	_	_	_	_
121-0	PSB150	121	questo	questo	linguistic	none	_	Begin=309.98	_	_	_	_
121-1	PSB150	121	è	è	linguistic	none	_	_	_	_	_	_
121-2	PSB150	121	xx	x	unknown	none	_	_	_	_	_	_
121-3	PSB150	121	orribile	orribile	linguistic	none	_	End=312.24	_	_	_	_
122-0	PSB150	122	son	son	linguistic	none	_	Begin=313.32	_	_	_	_
122-1	PSB150	122	scappata	scappata	linguistic	none	_	End=314.63	_	_	_	_
123-0	PSB150	123	fa	fa	linguistic	none	_	Begin=316.63	_	_	_	_
123-1	PSB150	123	palestra?	palestra	linguistic	none	Intonation=rising	_	_	_	_	_
123-2	PSB150	123	{P}	{P}	shortpause	none	_	_	_	_	_	_
123-3	PSB150	123	no	no	linguistic	none	_	_	_	_	_	_
123-4	PSB150	123	{ride}	{ride}	nonverbalbehavior	none	_	End=319.01	_	_	_	_
124-0	PSB149	124	mh	mh	linguistic	none	_	Begin=325.26|End=325.68	_	_	_	_
125-0	PSB149	125	ma	ma	linguistic	none	_	Begin=325.94	_	_	_	_
125-1	PSB149	125	sì	sì	linguistic	none	_	_	_	_	_	_
125-2	PSB149	125	fai:	fai	linguistic	none	_	_	2x1	_	_	_
125-3	PSB149	125	esercizi	esercizi	linguistic	none	_	_	_	_	_	_
125-4	PSB149	125	a	a	linguistic	none	_	_	_	_	_	_
125-5	PSB149	125	casa	casa	linguistic	none	_	_	_	_	_	_
125-6	PSB149	125	e	e	linguistic	none	_	_	_	_	_	_
125-7	PSB149	125	passeggiate	passeggiate	linguistic	none	_	_	_	_	_	_
125-8	PSB149	125	tante	tante	linguistic	none	_	End=329.71	_	_	_	_
126-0	PSB150	126	se	se	linguistic	none	_	Begin=331.37	_	_	_	_
126-1	PSB150	126	avessi	avessi	linguistic	none	_	_	_	_	_	_
126-2	PSB150	126	le	le	linguistic	none	_	_	_	_	_	_
126-3	PSB150	126	tue	tue	linguistic	none	_	_	_	_	_	_
126-4	PSB150	126	gambe	gambe	linguistic	none	_	_	_	_	_	_
126-5	PSB150	126	nuove	nuove	linguistic	none	_	_	_	_	_	_
126-6	PSB150	126	sì	sì	linguistic	none	_	End=333.41	_	_	_	_
127-0	PSB150	127	allora	allora	linguistic	none	_	Begin=333.9|End=334.64	_	_	_	_
128-0	PSB150	128	adesso	adesso	linguistic	none	_	Begin=335.55	_	_	_	_
128-1	PSB150	128	io	io	linguistic	none	_	_	_	_	_	_
128-2	PSB150	128	vado	vado	linguistic	none	_	_	_	_	_	_
128-3	PSB150	128	a	a	linguistic	none	_	_	_	_	_	_
128-4	PSB150	128	passeggiare	passeggiare	linguistic	none	_	_	_	_	_	_
128-5	PSB150	128	tu	tu	linguistic	none	_	_	_	_	_	_
128-6	PSB150	128	cosa	cosa	linguistic	none	_	_	_	_	_	_
128-7	PSB150	128	fai?	fai	linguistic	none	Intonation=rising	End=337.94	_	_	_	_
129-0	PSB150	129	#chajok	chajok	linguistic	some	Language=NO_ISO_CODE	Begin=338.59	_	_	_	_
129-1	PSB150	129	xx	x	unknown	some	_	_	_	_	_	_
129-2	PSB150	129	[tu	tu	linguistic	some	_	_	_	_	_	0-2(2)
129-3	PSB150	129	vai	vai	linguistic	some	_	_	_	_	_	0-3(2)
129-4	PSB150	129	direttamen]te	direttamente	linguistic	some	_	_	_	_	_	0-10(2)
129-5	PSB150	129	lì	lì	linguistic	some	_	End=341.36	_	_	_	_
131-0	PSB149	131	[sì	sì	linguistic	none	_	Begin=339.74	_	_	_	0-2(2)
131-1	PSB149	131	come	come	linguistic	none	_	_	_	_	_	0-4(2)
131-2	PSB149	131	no]	no	linguistic	none	_	End=340.72	_	_	_	0-2(2)
132-0	PSB149	132	alle:	alle	linguistic	none	_	Begin=341.68	3x1	_	_	_
132-1	PSB149	132	alle	alle	linguistic	none	_	_	_	_	_	_
132-2	PSB149	132	sedici	sedici	linguistic	none	_	_	_	_	_	_
132-3	PSB149	132	devo	devo	linguistic	none	_	_	_	_	_	_
132-4	PSB149	132	essere	essere	linguistic	none	_	_	_	_	_	_
132-5	PSB149	132	là	là	linguistic	none	_	_	_	_	_	_
132-6	PSB149	132	un	un	linguistic	none	_	_	_	_	_	_
132-7	PSB149	132	po'	po'	linguistic	none	_	_	_	_	_	_
132-8	PSB149	132	prima	prima	linguistic	none	_	End=344.5	_	_	_	_
133-0	PSB149	133	eh	eh	linguistic	none	_	Begin=345.29	_	_	_	_
133-1	PSB149	133	se	se	linguistic	none	_	_	_	_	_	_
133-2	PSB149	133	[se	se	linguistic	none	_	_	_	_	_	0-2(3)
133-3	PSB149	133	vuoi	vuoi	linguistic	none	_	_	_	_	_	0-4(3)
133-4	PSB149	133	andare	andare	linguistic	none	_	_	_	_	_	0-6(3)
133-5	PSB149	133	ve]rso	verso	linguistic	none	_	_	_	_	_	0-2(3)
133-6	PSB149	133	di	di	linguistic	none	_	_	_	_	_	_
133-7	PSB149	133	là	là	linguistic	none	_	_	_	_	_	_
133-8	PSB149	133	magari	magari	linguistic	none	_	End=347.98	_	_	_	_
134-0	PSB150	134	[xxx]	x	unknown	none	_	Begin=345.81|End=346.44	_	_	_	0-3(3)
135-0	PSB150	135	m:h	mh	linguistic	none	_	Begin=348.12|End=348.79	0x1	_	_	_
136-0	PSB150	136	°mhmh	mhmh	linguistic	none	Volume=low	Begin=349.9	_	_	_	_
136-1	PSB150	136	sì°	sì	linguistic	none	Volume=low	End=351.9	_	_	_	_
137-0	PSB150	137	volevo	volevo	linguistic	none	_	Begin=351.99	_	_	_	_
137-1	PSB150	137	andare	andare	linguistic	none	_	_	_	_	_	_
137-2	PSB150	137	al	al	linguistic	none	_	_	_	_	_	_
137-3	PSB150	137	parco	parco	linguistic	none	_	_	_	_	_	_
137-4	PSB150	137	ma	ma	linguistic	none	_	End=354.03	_	_	_	_
138-0	PSB150	138	[magari	magari	linguistic	none	_	Begin=355.27	_	_	_	0-6(4)
138-1	PSB150	138	do]po	dopo	linguistic	none	_	_	_	_	_	0-2(4)
138-2	PSB150	138	andiamo	andiamo	linguistic	none	_	_	_	_	_	_
138-3	PSB150	138	piano	piano	linguistic	none	_	_	_	_	_	_
138-4	PSB150	138	piano	piano	linguistic	none	_	_	_	_	_	_
138-5	PSB150	138	verso	verso	linguistic	none	_	_	_	_	_	_
138-6	PSB150	138	il	il	linguistic	none	_	_	_	_	_	_
138-7	PSB150	138	centro	centro	linguistic	none	_	_	_	_	_	_
138-8	PSB150	138	eh	eh	linguistic	none	_	End=358.35	_	_	_	_
139-0	PSB149	139	[ba~]	ba~	linguistic	none	Interrupted=Yes	Begin=355.39|End=355.78	_	_	_	0-3(4)
140-0	PSB149	140	mh	mh	linguistic	none	_	Begin=359.54|End=359.94	_	_	_	_
141-0	PSB149	141	beh	beh	linguistic	none	_	Begin=360.59	_	_	_	_
141-1	PSB149	141	c'	c'	linguistic	none	SpaceAfter=No	_	_	_	_	_
141-2	PSB149	141	è	è	linguistic	none	_	_	_	_	_	_
141-3	PSB149	141	tempo	tempo	linguistic	none	_	_	_	_	_	_
141-4	PSB149	141	ancora	ancora	linguistic	none	_	End=361.7	_	_	_	_
142-0	PSB150	142	mh?	mh	linguistic	none	Intonation=rising	Begin=361.89|End=362.32	_	_	_	_
143-0	PSB149	143	de~	de~	linguistic	none	Interrupted=Yes	Begin=362.99	_	_	_	_
143-1	PSB149	143	devo	devo	linguistic	none	_	_	_	_	_	_
143-2	PSB149	143	essere	essere	linguistic	none	_	_	_	_	_	_
143-3	PSB149	143	là	là	linguistic	none	_	_	_	_	_	_
143-4	PSB149	143	alle	alle	linguistic	none	_	_	_	_	_	_
143-5	PSB149	143	tre:	tre	linguistic	none	_	_	2x1	_	_	_
143-6	PSB149	143	e	e	linguistic	none	_	_	_	_	_	_
143-7	PSB149	143	quarantacinque	quarantacinque	linguistic	none	_	_	_	_	_	_
143-8	PSB149	143	toh	toh	linguistic	none	_	End=366.48	_	_	_	_
144-0	PSB150	144	io	io	linguistic	none	_	Begin=366.48	_	_	_	_
144-1	PSB150	144	voglio	voglio	linguistic	none	_	_	_	_	_	_
144-2	PSB150	144	uscire	uscire	linguistic	none	_	_	_	_	_	_
144-3	PSB150	144	finché	finché	linguistic	none	_	_	_	_	_	_
144-4	PSB150	144	c'	c'	linguistic	none	SpaceAfter=No	_	_	_	_	_
144-5	PSB150	144	è	è	linguistic	none	_	_	_	_	_	_
144-6	PSB150	144	sol[e	sole	linguistic	none	_	_	_	_	_	2-4(5)
144-7	PSB150	144	non	non	linguistic	none	_	_	_	_	_	0-3(5)
144-8	PSB150	144	è	è	linguistic	none	_	_	_	_	_	0-1(5)
144-9	PSB150	144	che	che	linguistic	none	_	_	_	_	_	0-3(5)
144-10	PSB150	144	aspe]tto	aspetto	linguistic	none	_	_	_	_	_	0-4(5)
144-11	PSB150	144	che	che	linguistic	none	_	End=369.69	_	_	_	_
145-0	PSB149	145	[sì	sì	linguistic	none	_	Begin=367.97	_	_	_	0-2(5)
145-1	PSB149	145	vabbè]	vabbè	linguistic	none	_	End=368.65	_	_	_	0-5(5)
146-0	PSB149	146	no	no	linguistic	none	_	Begin=370.38	_	_	_	_
146-1	PSB149	146	no	no	linguistic	none	_	_	_	_	_	_
146-2	PSB149	146	beh	beh	linguistic	none	_	_	_	_	_	_
146-3	PSB149	146	ma	ma	linguistic	none	_	_	_	_	_	_
146-4	PSB149	146	per	per	linguistic	none	_	_	_	_	_	_
146-5	PSB149	146	quello	quello	linguistic	none	_	_	_	_	_	_
146-6	PSB149	146	dico	dico	linguistic	none	_	_	_	_	_	_
146-7	PSB149	146	non	non	linguistic	none	_	End=372.96	_	_	_	_
147-0	PSB149	147	non	non	linguistic	none	_	Begin=374.27	_	_	_	_
147-1	PSB149	147	c'	c'	linguistic	none	SpaceAfter=No	_	_	_	_	_
147-2	PSB149	147	è	è	linguistic	none	_	_	_	_	_	_
147-3	PSB149	147	fretta	fretta	linguistic	none	_	End=375.35	_	_	_	_
148-0	PSB149	148	questi	questi	linguistic	none	_	Begin=375.82	_	_	_	_
148-1	PSB149	148	son	son	linguistic	none	_	_	_	_	_	_
148-2	PSB149	148	biscotti	biscotti	linguistic	none	_	_	_	_	_	_
148-3	PSB149	148	senza	senza	linguistic	none	_	_	_	_	_	_
148-4	PSB149	148	zucchero?	zucchero	linguistic	none	Intonation=rising	End=377.353	_	_	_	_
149-0	PSB150	149	mhmh	mhmh	linguistic	none	_	Begin=377.36|End=378.05	_	_	_	_
150-0	PSB149	150	eh	eh	linguistic	none	_	Begin=384.02	_	_	_	_
150-1	PSB149	150	i	i	linguistic	none	_	_	_	_	_	_
150-2	PSB149	150	miei	miei	linguistic	none	_	_	_	_	_	_
150-3	PSB149	150	ne	ne	linguistic	none	_	_	_	_	_	_
150-4	PSB149	150	hanno	hanno	linguistic	none	_	_	_	_	_	_
150-5	PSB149	150	di	di	linguistic	none	_	_	_	_	_	_
150-6	PSB149	150	ve~	ve~	linguistic	none	Interrupted=Yes	_	_	_	_	_
150-7	PSB149	150	di	di	linguistic	none	_	_	_	_	_	_
150-8	PSB149	150	zucchero	zucchero	linguistic	none	_	_	_	_	_	_
150-9	PSB149	150	invece	invece	linguistic	none	_	End=386.94	_	_	_	_
151-0	PSB150	151	chissà	chissà	linguistic	none	_	Begin=391.76	_	_	_	_
151-1	PSB150	151	se	se	linguistic	none	_	_	_	_	_	_
151-2	PSB150	151	ci	ci	linguistic	none	_	_	_	_	_	_
151-3	PSB150	151	sono	sono	linguistic	none	_	_	_	_	_	_
151-4	PSB150	151	sens~	sens~	linguistic	none	Interrupted=Yes	_	_	_	_	_
151-5	PSB150	151	vabbè	vabbè	linguistic	none	_	_	_	_	_	_
151-6	PSB150	151	che	che	linguistic	none	_	_	_	_	_	_
151-7	PSB150	151	io	io	linguistic	none	_	_	_	_	_	_
151-8	PSB150	151	ho	ho	linguistic	none	_	_	_	_	_	_
151-9	PSB150	151	mangiato	mangiato	linguistic	none	_	_	_	_	_	_
151-10	PSB150	151	prima	prima	linguistic	none	_	_	_	_	_	_
151-11	PSB150	151	(di	di	linguistic	none	_	_	_	_	0-2(0)	_
151-12	PSB150	151	fare	fare	linguistic	none	_	_	_	_	0-4(0)	_
151-13	PSB150	151	conti)	conti	linguistic	none	_	_	_	_	0-5(0)	_
151-14	PSB150	151	non	non	linguistic	none	_	_	_	_	_	_
151-15	PSB150	151	è	è	linguistic	none	_	_	_	_	_	_
151-16	PSB150	151	che	che	linguistic	none	_	_	_	_	_	_
151-17	PSB150	151	mh	mh	linguistic	none	_	End=396.49	_	_	_	_
152-0	PSB149	152	mh	mh	linguistic	none	_	Begin=396.5|End=396.89	_	_	_	_
153-0	PSB150	153	non	non	linguistic	none	_	Begin=399.39	_	_	_	_
153-1	PSB150	153	mi	mi	linguistic	none	_	_	_	_	_	_
153-2	PSB150	153	faccio	faccio	linguistic	none	_	_	_	_	_	_
153-3	PSB150	153	mancare	mancare	linguistic	none	_	_	_	_	_	_
153-4	PSB150	153	nulla	nulla	linguistic	none	_	End=401.45	_	_	_	_
154-0	PSB150	154	però	però	linguistic	none	_	Begin=405.69	_	_	_	_
154-1	PSB150	154	pensa	pensa	linguistic	none	_	_	_	_	_	_
154-2	PSB150	154	che	che	linguistic	none	_	_	_	_	_	_
154-3	PSB150	154	io	io	linguistic	none	_	_	_	_	_	_
154-4	PSB150	154	mangio	mangio	linguistic	none	_	_	_	_	_	_
154-5	PSB150	154	solo	solo	linguistic	none	_	End=407.64	_	_	_	_
155-0	PSB150	155	due	due	linguistic	none	_	Begin=408.34	_	_	_	_
155-1	PSB150	155	volte	volte	linguistic	none	_	_	_	_	_	_
155-2	PSB150	155	al	al	linguistic	none	_	_	_	_	_	_
155-3	PSB150	155	giorno	giorno	linguistic	none	_	_	_	_	_	_
155-4	PSB150	155	no?	no	linguistic	none	Intonation=rising	End=409.907	_	_	_	_
156-0	PSB149	156	mh	mh	linguistic	none	_	Begin=410.21|End=410.65	_	_	_	_
157-0	PSB150	157	e	e	linguistic	none	_	Begin=411.01	_	_	_	_
157-1	PSB150	157	peso	peso	linguistic	none	_	_	_	_	_	_
157-2	PSB150	157	sessanta	sessanta	linguistic	none	_	_	_	_	_	_
157-3	PSB150	157	chili	chili	linguistic	none	_	End=412.607	_	_	_	_
158-0	PSB150	158	siccome	siccome	linguistic	none	_	Begin=417.347	_	_	_	_
158-1	PSB150	158	non	non	linguistic	none	_	_	_	_	_	_
158-2	PSB150	158	faccio	faccio	linguistic	none	_	_	_	_	_	_
158-3	PSB150	158	niente	niente	linguistic	none	_	_	_	_	_	_
158-4	PSB150	158	mangio	mangio	linguistic	none	_	_	_	_	_	_
158-5	PSB150	158	meno	meno	linguistic	none	_	End=419.74	_	_	_	_
159-0	PSB150	159	pensa	pensa	linguistic	none	_	Begin=420.653	_	_	_	_
159-1	PSB150	159	se	se	linguistic	none	_	_	_	_	_	_
159-2	PSB150	159	io	io	linguistic	none	_	_	_	_	_	_
159-3	PSB150	159	mangiassi:	mangiassi	linguistic	none	_	End=422.38	8x1	_	_	_
160-0	PSB149	160	ah	ah	linguistic	none	_	Begin=423.05	_	_	_	_
160-1	PSB149	160	ma	ma	linguistic	none	_	_	_	_	_	_
160-2	PSB149	160	non	non	linguistic	none	_	_	_	_	_	_
160-3	PSB149	160	ti	ti	linguistic	none	_	_	_	_	_	_
160-4	PSB149	160	viene	viene	linguistic	none	_	_	_	_	_	_
160-5	PSB149	160	da	da	linguistic	none	_	_	_	_	_	_
160-6	PSB149	160	mangiar	mangiar	linguistic	none	_	_	_	_	_	_
160-7	PSB149	160	di	di	linguistic	none	_	_	_	_	_	_
160-8	PSB149	160	più	più	linguistic	none	_	_	_	_	_	_
160-9	PSB149	160	s[e:]	se	linguistic	none	_	End=425.51	1x1	_	_	1-2(6)
161-0	PSB150	161	[no	no	linguistic	none	_	Begin=424.9	_	_	_	0-2(6)
161-1	PSB150	161	non	non	linguistic	none	_	_	_	_	_	0-3(6)
161-2	PSB150	161	mi	mi	linguistic	none	_	_	_	_	_	0-2(6)
161-3	PSB150	161	vie]ne	viene	linguistic	none	_	_	_	_	_	0-3(6)
161-4	PSB150	161	da	da	linguistic	none	_	_	_	_	_	_
161-5	PSB150	161	mangiar	mangiar	linguistic	none	_	_	_	_	_	_
161-6	PSB150	161	di	di	linguistic	none	_	_	_	_	_	_
161-7	PSB150	161	[più:]	più	linguistic	none	_	End=427.15	2x1	_	_	0-3(7)
162-0	PSB149	162	[se	se	linguistic	none	_	Begin=426.2	_	_	_	0-2(7)
162-1	PSB149	162	non	non	linguistic	none	_	_	_	_	_	0-3(7)
162-2	PSB149	162	fai	fai	linguistic	none	_	_	_	_	_	0-3(7)
162-3	PSB149	162	niente]	niente	linguistic	none	_	End=427.16	_	_	_	0-6(7)
163-0	PSB150	163	[e:]	e	linguistic	none	_	Begin=427.26|End=427.83	0x1	_	_	0-1(8)
164-0	PSB149	164	[se	se	linguistic	none	_	Begin=427.68	_	_	_	0-2(8)
164-1	PSB149	164	non]	non	linguistic	none	_	_	_	_	_	0-3(8)
164-2	PSB149	164	ti	ti	linguistic	none	_	_	_	_	_	_
164-3	PSB149	164	muovi	muovi	linguistic	none	_	End=428.63	_	_	_	_
165-0	PSB150	165	ah	ah	linguistic	none	_	Begin=428.91	_	_	_	_
165-1	PSB150	165	poi	poi	linguistic	none	_	_	_	_	_	_
165-2	PSB150	165	dalla	dalla	linguistic	none	_	_	_	_	_	_
165-3	PSB150	165	stanchezza:	stanchezza	linguistic	none	_	_	9x1	_	_	_
165-4	PSB150	165	soprattutto	soprattutto	linguistic	none	_	_	_	_	_	_
165-5	PSB150	165	non	non	linguistic	none	_	_	_	_	_	_
165-6	PSB150	165	mi	mi	linguistic	none	_	_	_	_	_	_
165-7	PSB150	165	viene	viene	linguistic	none	_	_	_	_	_	_
165-8	PSB150	165	di	di	linguistic	none	_	_	_	_	_	_
165-9	PSB150	165	man[giare]	mangiare	linguistic	none	_	End=432.767	_	_	_	3-8(9)
166-0	PSB149	166	[mhmh]	mhmh	linguistic	none	_	Begin=432.2|End=432.77	_	_	_	0-4(9)
167-0	PSB150	167	°assolutamente°	assolutamente	linguistic	none	Volume=low	Begin=434.25|End=435.64	_	_	_	_
168-0	PSB150	168	e	e	linguistic	none	_	Begin=437.26	_	_	_	_
168-1	PSB150	168	se	se	linguistic	none	_	_	_	_	_	_
168-2	PSB150	168	io	io	linguistic	none	_	_	_	_	_	_
168-3	PSB150	168	mangiassi:	mangiassi	linguistic	none	_	_	8x1	_	_	_
168-4	PSB150	168	tre	tre	linguistic	none	_	_	_	_	_	_
168-5	PSB150	168	volte	volte	linguistic	none	_	_	_	_	_	_
168-6	PSB150	168	alla	alla	linguistic	none	_	_	_	_	_	_
168-7	PSB150	168	settima~	settima~	linguistic	none	Interrupted=Yes	_	_	_	_	_
168-8	PSB150	168	tre	tre	linguistic	none	_	_	_	_	_	_
168-9	PSB150	168	a	a	linguistic	none	_	_	_	_	_	_
168-10	PSB150	168	settimana	settimana	linguistic	none	_	_	_	_	_	_
168-11	PSB150	168	al	al	linguistic	none	_	_	_	_	_	_
168-12	PSB150	168	giorno	giorno	linguistic	none	_	_	_	_	_	_
168-13	PSB150	168	come	come	linguistic	none	_	_	_	_	_	_
168-14	PSB150	168	fa	fa	linguistic	none	_	_	_	_	_	_
168-15	PSB150	168	nadya	nadya	linguistic	none	_	End=442.02	_	_	_	_
169-0	PSB149	169	beh	beh	linguistic	none	_	Begin=444.3	_	_	_	_
169-1	PSB149	169	lei	lei	linguistic	none	_	_	_	_	_	_
169-2	PSB149	169	se	se	linguistic	none	_	_	_	_	_	_
169-3	PSB149	169	se	se	linguistic	none	_	_	_	_	_	_
169-4	PSB149	169	la	la	linguistic	none	_	_	_	_	_	_
169-5	PSB149	169	tira	tira	linguistic	none	_	_	_	_	_	_
169-6	PSB149	169	però	però	linguistic	none	_	End=445.62	_	_	_	_
170-0	PSB150	170	s::~	s~	linguistic	none	Interrupted=Yes	Begin=446.09	0x2	_	_	_
170-1	PSB150	170	beh	beh	linguistic	none	_	_	_	_	_	_
170-2	PSB150	170	tanto	tanto	linguistic	none	_	_	_	_	_	_
170-3	PSB150	170	è	è	linguistic	none	_	_	_	_	_	_
170-4	PSB150	170	tonda	tonda	linguistic	none	_	_	_	_	_	_
170-5	PSB150	170	lo	lo	linguistic	none	_	_	_	_	_	_
170-6	PSB150	170	stesso	stesso	linguistic	none	_	End=448.387	_	_	_	_
171-0	PSB149	171	{ride}	{ride}	nonverbalbehavior	none	_	Begin=448.493|End=448.793	_	_	_	_
172-0	PSB149	172	m:h	mh	linguistic	none	_	Begin=452.487	0x1	_	_	_
172-1	PSB149	172	[buo~	buo~	linguistic	none	Interrupted=Yes	_	_	_	_	0-4(10)
172-2	PSB149	172	buona	buona	linguistic	none	_	_	_	_	_	0-5(10)
172-3	PSB149	172	forche]tta	forchetta	linguistic	none	_	End=454.5	_	_	_	0-6(10)
173-0	PSB150	173	[credo:]	credo	linguistic	none	_	Begin=452.97|End=453.82	4x1	_	_	0-5(10)
174-0	PSB150	174	l'	l'	linguistic	none	SpaceAfter=No	Begin=454.74	_	_	_	_
174-1	PSB150	174	unico	unico	linguistic	none	_	_	_	_	_	_
174-2	PSB150	174	magro	magro	linguistic	none	_	_	_	_	_	_
174-3	PSB150	174	è	è	linguistic	none	_	_	_	_	_	_
174-4	PSB150	174	{P}	{P}	shortpause	none	_	_	_	_	_	_
174-5	PSB150	174	tuo	tuo	linguistic	none	_	_	_	_	_	_
174-6	PSB150	174	zio	zio	linguistic	none	_	_	_	_	_	_
174-7	PSB150	174	giacomo	giacomo	linguistic	none	_	End=458.57	_	_	_	_
175-0	PSB149	175	e	e	linguistic	none	_	Begin=462.35	_	_	_	_
175-1	PSB149	175	io	io	linguistic	none	_	End=463.08	_	_	_	_
176-0	PSB149	176	c'	c'	linguistic	none	SpaceAfter=No	Begin=464.03	_	_	_	_
176-1	PSB149	176	era	era	linguistic	none	_	_	_	_	_	_
176-2	PSB149	176	paolo	paolo	linguistic	none	_	_	_	_	_	_
176-3	PSB149	176	ieri	ieri	linguistic	none	_	_	_	_	_	_
176-4	PSB149	176	o	o	linguistic	none	_	_	_	_	_	_
176-5	PSB149	176	l'	l'	linguistic	none	SpaceAfter=No	_	_	_	_	_
176-6	PSB149	176	altro	altro	linguistic	none	_	_	_	_	_	_
176-7	PSB149	176	ieri	ieri	linguistic	none	_	End=466.71	_	_	_	_
177-0	PSB149	177	che	che	linguistic	none	_	Begin=467.74	_	_	_	_
177-1	PSB149	177	si	si	linguistic	none	_	_	_	_	_	_
177-2	PSB149	177	si	si	linguistic	none	_	_	_	_	_	_
177-3	PSB149	177	lamentava	lamentava	linguistic	none	_	_	_	_	_	_
177-4	PSB149	177	della:	della	linguistic	none	_	_	4x1	_	_	_
177-5	PSB149	177	qua~	qua~	linguistic	none	Interrupted=Yes	_	_	_	_	_
177-6	PSB149	177	della	della	linguistic	none	_	_	_	_	_	_
177-7	PSB149	177	quantità	quantità	linguistic	none	_	_	_	_	_	_
177-8	PSB149	177	del	del	linguistic	none	_	_	_	_	_	_
177-9	PSB149	177	cibo	cibo	linguistic	none	_	_	_	_	_	_
177-10	PSB149	177	che	che	linguistic	none	_	_	_	_	_	_
177-11	PSB149	177	mangiavo	mangiavo	linguistic	none	_	_	_	_	_	_
177-12	PSB149	177	no?	no	linguistic	none	Intonation=rising	End=472.027	_	_	_	_
178-0	PSB150	178	mh	mh	linguistic	none	_	Begin=472.35|End=472.75	_	_	_	_
179-0	PSB149	179	{ride}	{ride}	nonverbalbehavior	none	_	Begin=473.173|End=473.927	_	_	_	_
180-0	PSB149	180	ho	ho	linguistic	none	_	Begin=474.54	_	_	_	_
180-1	PSB149	180	mangiato	mangiato	linguistic	none	_	_	_	_	_	_
180-2	PSB149	180	la	la	linguistic	none	_	_	_	_	_	_
180-3	PSB149	180	marg~	marg~	linguistic	none	Interrupted=Yes	_	_	_	_	_
180-4	PSB149	180	la	la	linguistic	none	_	_	_	_	_	_
180-5	PSB149	180	mia	mia	linguistic	none	_	_	_	_	_	_
180-6	PSB149	180	pizza	pizza	linguistic	none	_	_	_	_	_	_
180-7	PSB149	180	la	la	linguistic	none	_	_	_	_	_	_
180-8	PSB149	180	stavo	stavo	linguistic	none	_	_	_	_	_	_
180-9	PSB149	180	aspettando:	aspettando	linguistic	none	_	_	9x1	_	_	_
180-10	PSB149	180	la	la	linguistic	none	_	_	_	_	_	_
180-11	PSB149	180	pizza	pizza	linguistic	none	_	_	_	_	_	_
180-12	PSB149	180	della	della	linguistic	none	_	_	_	_	_	_
180-13	PSB149	180	alessia	alessia	linguistic	none	_	_	_	_	_	_
180-14	PSB149	180	che	che	linguistic	none	_	_	_	_	_	_
180-15	PSB149	180	lei	lei	linguistic	none	_	_	_	_	_	_
180-16	PSB149	180	di	di	linguistic	none	_	_	_	_	_	_
180-17	PSB149	180	solito	solito	linguistic	none	_	_	_	_	_	_
180-18	PSB149	180	non	non	linguistic	none	_	_	_	_	_	_
180-19	PSB149	180	la	la	linguistic	none	_	_	_	_	_	_
180-20	PSB149	180	finisce	finisce	linguistic	none	_	End=480.053	_	_	_	_
181-0	PSB150	181	mh	mh	linguistic	none	_	Begin=480.13|End=480.43	_	_	_	_
182-0	PSB149	182	{ride}	{ride}	nonverbalbehavior	none	_	Begin=480.533|End=481.1	_	_	_	_
183-0	PSB149	183	poi	poi	linguistic	none	_	Begin=482.26	_	_	_	_
183-1	PSB149	183	arriva	arriva	linguistic	none	_	_	_	_	_	_
183-2	PSB149	183	la	la	linguistic	none	_	_	_	_	_	_
183-3	PSB149	183	ciambella	ciambella	linguistic	none	_	_	_	_	_	_
183-4	PSB149	183	proprio	proprio	linguistic	none	_	_	_	_	_	_
183-5	PSB149	183	un	un	linguistic	none	_	_	_	_	_	_
183-6	PSB149	183	pezzo	pezzo	linguistic	none	_	_	_	_	_	_
183-7	PSB149	183	così	così	linguistic	none	_	End=484.54	_	_	_	_
184-0	PSB150	184	mhmh	mhmh	linguistic	none	_	Begin=484.58|End=485.08	_	_	_	_
185-0	PSB149	185	e:	e	linguistic	none	_	Begin=485.3	0x1	_	_	_
185-1	PSB149	185	di	di	linguistic	none	_	_	_	_	_	_
185-2	PSB149	185	torta	torta	linguistic	none	_	_	_	_	_	_
185-3	PSB149	185	alle	alle	linguistic	none	_	_	_	_	_	_
185-4	PSB149	185	mele	mele	linguistic	none	_	End=486.8	_	_	_	_
186-0	PSB149	186	fa	fa	linguistic	none	_	Begin=487.6	_	_	_	_
186-1	PSB149	186	guarda	guarda	linguistic	none	_	_	_	_	_	_
186-2	PSB149	186	che	che	linguistic	none	_	_	_	_	_	_
186-3	PSB149	186	stronzo	stronzo	linguistic	none	_	End=489.12	_	_	_	_
187-0	PSB149	187	ma~	ma~	linguistic	none	Interrupted=Yes	Begin=489.96	_	_	_	_
187-1	PSB149	187	mangia	mangia	linguistic	none	_	End=491.38	_	_	_	_
188-0	PSB149	188	mangia	mangia	linguistic	none	_	Begin=491.77	_	_	_	_
188-1	PSB149	188	la	la	linguistic	none	_	_	_	_	_	_
188-2	PSB149	188	ciambella	ciambella	linguistic	none	_	_	_	_	_	_
188-3	PSB149	188	la	la	linguistic	none	_	_	_	_	_	_
188-4	PSB149	188	pizza,	pizza	linguistic	none	Intonation=weakly_rising	_	_	_	_	_
188-5	PSB149	188	{P}	{P}	shortpause	none	_	_	_	_	_	_
188-6	PSB149	188	pizza	pizza	linguistic	none	_	_	_	_	_	_
188-7	PSB149	188	degli	degli	linguistic	none	_	_	_	_	_	_
188-8	PSB149	188	altri,	altri	linguistic	none	Intonation=weakly_rising	End=495.4	_	_	_	_
189-0	PSB149	189	e	e	linguistic	none	_	Begin=495.69	_	_	_	_
189-1	PSB149	189	c'	c'	linguistic	none	SpaceAfter=No	_	_	_	_	_
189-2	PSB149	189	ha	ha	linguistic	none	_	_	_	_	_	_
189-3	PSB149	189	l'	l'	linguistic	none	SpaceAfter=No	_	_	_	_	_
189-4	PSB149	189	addominale	addominale	linguistic	none	_	_	_	_	_	_
189-5	PSB149	189	scolpito	scolpito	linguistic	none	_	End=497.49	_	_	_	_
190-0	PSB150	190	come	come	linguistic	none	_	Begin=497.94	_	_	_	_
190-1	PSB150	190	me	me	linguistic	none	_	_	_	_	_	_
190-2	PSB150	190	a	a	linguistic	none	_	_	_	_	_	_
190-3	PSB150	190	me	me	linguistic	none	_	_	_	_	_	_
190-4	PSB150	190	mi	mi	linguistic	none	_	_	_	_	_	_
190-5	PSB150	190	odiavano	odiavano	linguistic	none	_	_	_	_	_	_
190-6	PSB150	190	come	come	linguistic	none	_	_	_	_	_	_
190-7	PSB150	190	te	te	linguistic	none	_	_	_	_	_	_
190-8	PSB150	190	io	io	linguistic	none	_	_	_	_	_	_
190-9	PSB150	190	mangiavo	mangiavo	linguistic	none	_	_	_	_	_	_
190-10	PSB150	190	sempre	sempre	linguistic	none	_	End=501.87	_	_	_	_
191-0	PSB149	191	me	me	linguistic	none	_	Begin=502.76	_	_	_	_
191-1	PSB149	191	l'	l'	linguistic	none	SpaceAfter=No	_	_	_	_	_
191-2	PSB149	191	avevi	avevi	linguistic	none	_	_	_	_	_	_
191-3	PSB149	191	detto	detto	linguistic	none	_	_	_	_	_	_
191-4	PSB149	191	però	però	linguistic	none	_	End=503.62	_	_	_	_
192-0	PSB150	192	tanto	tanto	linguistic	none	_	Begin=503.65	_	_	_	_
192-1	PSB150	192	{P}	{P}	shortpause	none	_	_	_	_	_	_
192-2	PSB150	192	ma	ma	linguistic	none	_	_	_	_	_	_
192-3	PSB150	192	classe	classe	linguistic	none	_	_	_	_	_	_
192-4	PSB150	192	a~	a~	linguistic	none	Interrupted=Yes	_	_	_	_	_
192-5	PSB150	192	magra	magra	linguistic	none	_	End=506.8	_	_	_	_
193-0	PSB150	193	mi	mi	linguistic	none	_	Begin=507.06	_	_	_	_
193-1	PSB150	193	insultavano	insultavano	linguistic	none	_	_	_	_	_	_
193-2	PSB150	193	sempre	sempre	linguistic	none	_	End=509.0	_	_	_	_
194-0	PSB149	194	mi	mi	linguistic	none	_	Begin=509.02	_	_	_	_
194-1	PSB149	194	fa	fa	linguistic	none	_	_	_	_	_	_
194-2	PSB149	194	be:h	beh	linguistic	none	_	_	1x1	_	_	_
194-3	PSB149	194	li	li	linguistic	none	_	_	_	_	_	_
194-4	PSB149	194	mangiano	mangiano	linguistic	none	_	_	_	_	_	_
194-5	PSB149	194	e	e	linguistic	none	_	_	_	_	_	_
194-6	PSB149	194	io	io	linguistic	none	_	_	_	_	_	_
194-7	PSB149	194	faccio	faccio	linguistic	none	_	_	_	_	_	_
194-8	PSB149	194	beh	beh	linguistic	none	_	_	_	_	_	_
194-9	PSB149	194	che	che	linguistic	none	_	_	_	_	_	_
194-10	PSB149	194	te	te	linguistic	none	_	_	_	_	_	_
194-11	PSB149	194	frega	frega	linguistic	none	_	End=511.81	_	_	_	_
195-0	PSB149	195	{ride}	{ride}	nonverbalbehavior	none	_	Begin=512.286|End=512.973	_	_	_	_
196-0	PSB150	196	eh	eh	linguistic	none	_	Begin=513.27	_	_	_	_
196-1	PSB150	196	xxx	x	unknown	none	_	End=514.62	_	_	_	_
197-0	PSB149	197	tutto	tutto	linguistic	none	_	Begin=515.02	_	_	_	_
197-1	PSB149	197	bene	bene	linguistic	none	_	_	_	_	_	_
197-2	PSB149	197	[mi	mi	linguistic	none	_	_	_	_	_	0-2(11)
197-3	PSB149	197	fa]	fa	linguistic	none	_	End=516.01	_	_	_	0-2(11)
198-0	PSB150	198	[così	così	linguistic	none	_	Begin=515.68	_	_	_	0-4(11)
198-1	PSB150	198	i]ngrassa	ingrassa	linguistic	none	_	_	_	_	_	0-1(11)
198-2	PSB150	198	solo	solo	linguistic	none	_	_	_	_	_	_
198-3	PSB150	198	a	a	linguistic	none	_	_	_	_	_	_
198-4	PSB150	198	respir[are]	respirare	linguistic	none	_	End=517.58	_	_	_	6-9(12)
199-0	PSB149	199	[e	e	linguistic	none	_	Begin=517.38	_	_	_	0-1(12)
199-1	PSB149	199	le]	le	linguistic	none	_	_	_	_	_	0-2(12)
199-2	PSB149	199	fa	fa	linguistic	none	_	_	_	_	_	_
199-3	PSB149	199	beh	beh	linguistic	none	_	_	_	_	_	_
199-4	PSB149	199	sono	sono	linguistic	none	_	_	_	_	_	_
199-5	PSB149	199	invidioso	invidioso	linguistic	none	_	End=519.53	_	_	_	_
200-0	PSB150	200	eh	eh	linguistic	none	_	Begin=519.72|End=520.34	_	_	_	_
201-0	PSB149	201	faccio	faccio	linguistic	none	_	Begin=520.42	_	_	_	_
201-1	PSB149	201	beh	beh	linguistic	none	_	_	_	_	_	_
201-2	PSB149	201	[non	non	linguistic	none	_	_	_	_	_	0-3(13)
201-3	PSB149	201	sono]	sono	linguistic	none	_	End=521.88	_	_	_	0-4(13)
202-0	PSB150	202	[qual	qual	linguistic	none	_	Begin=521.36	_	_	_	0-4(13)
202-1	PSB150	202	è	è	linguistic	none	_	_	_	_	_	0-1(13)
202-2	PSB150	202	il	il	linguistic	none	_	_	_	_	_	0-2(13)
202-3	PSB150	202	suda~]	suda~	linguistic	none	Interrupted=Yes	_	_	_	_	0-5(13)
202-4	PSB150	202	si	si	linguistic	none	_	_	_	_	_	_
202-5	PSB150	202	dice	dice	linguistic	none	_	End=522.9	_	_	_	_
203-0	PSB149	203	e:h	eh	linguistic	none	_	Begin=523.01	0x1	_	_	_
203-1	PSB149	203	faccio	faccio	linguistic	none	_	_	_	_	_	_
203-2	PSB149	203	non	non	linguistic	none	_	_	_	_	_	_
203-3	PSB149	203	son	son	linguistic	none	_	_	_	_	_	_
203-4	PSB149	203	mica	mica	linguistic	none	_	End=525.18	_	_	_	_
204-0	PSB149	204	cose	cose	linguistic	none	_	Begin=525.53	_	_	_	_
204-1	PSB149	204	importanti	importanti	linguistic	none	_	_	_	_	_	_
204-2	PSB149	204	queste	queste	linguistic	none	_	End=527.01	_	_	_	_
205-0	PSB150	205	eh	eh	linguistic	none	_	Begin=527.16	_	_	_	_
205-1	PSB150	205	no	no	linguistic	none	_	End=527.9	_	_	_	_
206-0	PSB149	206	[cioè	cioè	linguistic	none	_	Begin=528.68	_	_	_	0-4(14)
206-1	PSB149	206	son	son	linguistic	none	_	_	_	_	_	0-3(14)
206-2	PSB149	206	son]	son	linguistic	none	_	End=529.38	_	_	_	0-3(14)
207-0	PSB150	207	[importante	importante	linguistic	none	_	Begin=528.69	_	_	_	0-10(14)
207-1	PSB150	207	per]	per	linguistic	none	_	_	_	_	_	0-3(14)
207-2	PSB150	207	te	te	linguistic	none	_	_	_	_	_	_
207-3	PSB150	207	perché	perché	linguistic	none	_	_	_	_	_	_
207-4	PSB150	207	sei	sei	linguistic	none	_	_	_	_	_	_
207-5	PSB150	207	ma[gro]	magro	linguistic	none	_	End=531.2	_	_	_	2-5(15)
208-0	PSB149	208	[son	son	linguistic	none	_	Begin=530.22	_	_	_	0-3(15)
208-1	PSB149	208	cose	cose	linguistic	none	_	_	_	_	_	0-4(15)
208-2	PSB149	208	superfi]ciali	superficiali	linguistic	none	_	End=531.84	_	_	_	0-7(15)
209-0	PSB150	209	certo	certo	linguistic	none	_	Begin=531.91|End=532.57	_	_	_	_
210-0	PSB150	210	mh	mh	linguistic	none	_	Begin=533.69|End=534.28	_	_	_	_
211-0	PSB150	211	perché	perché	linguistic	none	_	Begin=535.01	_	_	_	_
211-1	PSB150	211	tu	tu	linguistic	none	_	_	_	_	_	_
211-2	PSB150	211	sei	sei	linguistic	none	_	_	_	_	_	_
211-3	PSB150	211	magro	magro	linguistic	none	_	End=536.47	_	_	_	_
212-0	PSB149	212	no	no	linguistic	none	_	Begin=536.92	_	_	_	_
212-1	PSB149	212	[no	no	linguistic	none	_	_	_	_	_	0-2(16)
212-2	PSB149	212	ma]	ma	linguistic	none	_	End=537.7	_	_	_	0-2(16)
213-0	PSB150	213	[e	e	linguistic	none	_	Begin=537.25	_	_	_	0-1(16)
213-1	PSB150	213	non	non	linguistic	none	_	_	_	_	_	0-3(16)
213-2	PSB150	213	fai	fai	linguistic	none	_	_	_	_	_	0-3(16)
213-3	PSB150	213	fa]tica	fatica	linguistic	none	_	_	_	_	_	0-2(16)
213-4	PSB150	213	a	a	linguistic	none	_	_	_	_	_	_
213-5	PSB150	213	rimanere	rimanere	linguistic	none	_	End=539.31	_	_	_	_
214-0	PSB149	214	ma	ma	linguistic	none	_	Begin=540.47	_	_	_	_
214-1	PSB149	214	non	non	linguistic	none	_	_	_	_	_	_
214-2	PSB149	214	cioè	cioè	linguistic	none	_	_	_	_	_	_
214-3	PSB149	214	non	non	linguistic	none	_	_	_	_	_	_
214-4	PSB149	214	non	non	linguistic	none	_	_	_	_	_	_
214-5	PSB149	214	c'	c'	linguistic	none	SpaceAfter=No	_	_	_	_	_
214-6	PSB149	214	entra	entra	linguistic	none	_	_	_	_	_	_
214-7	PSB149	214	sto	sto	linguistic	none	_	_	_	_	_	_
214-8	PSB149	214	be~	be~	linguistic	none	Interrupted=Yes	_	_	_	_	_
214-9	PSB149	214	in	in	linguistic	none	_	_	_	_	_	_
214-10	PSB149	214	salute	salute	linguistic	none	_	_	_	_	_	_
214-11	PSB149	214	anche	anche	linguistic	none	_	_	_	_	_	_
214-12	PSB149	214	lui	lui	linguistic	none	_	_	_	_	_	_
214-13	PSB149	214	è	è	linguistic	none	_	_	_	_	_	_
214-14	PSB149	214	in	in	linguistic	none	_	_	_	_	_	_
214-15	PSB149	214	salute	salute	linguistic	none	_	_	_	_	_	_
214-16	PSB149	214	solo	solo	linguistic	none	_	_	_	_	_	_
214-17	PSB149	214	che	che	linguistic	none	_	_	_	_	_	_
214-18	PSB149	214	f~	f~	linguistic	none	Interrupted=Yes	_	_	_	_	_
214-19	PSB149	214	fisicamente	fisicamente	linguistic	none	_	End=545.97	_	_	_	_
215-0	PSB149	215	ha	ha	linguistic	none	_	Begin=546.45	_	_	_	_
215-1	PSB149	215	un	un	linguistic	none	_	_	_	_	_	_
215-2	PSB149	215	po'	po'	linguistic	none	_	_	_	_	_	_
215-3	PSB149	215	di	di	linguistic	none	_	_	_	_	_	_
215-4	PSB149	215	pancia	pancia	linguistic	none	_	_	_	_	_	_
215-5	PSB149	215	sopra	sopra	linguistic	none	_	End=548.11	_	_	_	_
216-0	PSB149	216	come	come	linguistic	none	_	Begin=548.32	_	_	_	_
216-1	PSB149	216	dire	dire	linguistic	none	_	_	_	_	_	_
216-2	PSB149	216	anche	anche	linguistic	none	_	_	_	_	_	_
216-3	PSB149	216	io	io	linguistic	none	_	_	_	_	_	_
216-4	PSB149	216	vorrei:	vorrei	linguistic	none	_	_	5x1	_	_	_
216-5	PSB149	216	e:	e	linguistic	none	_	_	0x1	_	_	_
216-6	PSB149	216	un	un	linguistic	none	_	_	_	_	_	_
216-7	PSB149	216	po'	po'	linguistic	none	_	_	_	_	_	_
216-8	PSB149	216	di	di	linguistic	none	_	_	_	_	_	_
216-9	PSB149	216	grasso	grasso	linguistic	none	_	_	_	_	_	_
216-10	PSB149	216	perché	perché	linguistic	none	_	_	_	_	_	_
216-11	PSB149	216	c'	c'	linguistic	none	SpaceAfter=No	_	_	_	_	_
216-12	PSB149	216	ho	ho	linguistic	none	_	_	_	_	_	_
216-13	PSB149	216	freddo	freddo	linguistic	none	_	End=551.567	_	_	_	_
217-0	PSB149	217	ho:	ho	linguistic	none	_	Begin=552.6	1x1	_	_	_
217-1	PSB149	217	passa	passa	linguistic	none	_	_	_	_	_	_
217-2	PSB149	217	un	un	linguistic	none	_	_	_	_	_	_
217-3	PSB149	217	tiro:	tiro	linguistic	none	_	_	3x1	_	_	_
217-4	PSB149	217	un	un	linguistic	none	_	_	_	_	_	_
217-5	PSB149	217	filo	filo	linguistic	none	_	_	_	_	_	_
217-6	PSB149	217	di	di	linguistic	none	_	_	_	_	_	_
217-7	PSB149	217	vento	vento	linguistic	none	_	_	_	_	_	_
217-8	PSB149	217	e:	e	linguistic	none	_	End=555.58	0x1	_	_	_
218-0	PSB150	218	cosa	cosa	linguistic	none	_	Begin=556.12	_	_	_	_
218-1	PSB150	218	c'	c'	linguistic	none	SpaceAfter=No	_	_	_	_	_
218-2	PSB150	218	entra	entra	linguistic	none	_	End=557.01	_	_	_	_
219-0	PSB149	219	e	e	linguistic	none	_	Begin=557.01	_	_	_	_
219-1	PSB149	219	c'	c'	linguistic	none	SpaceAfter=No	_	_	_	_	_
219-2	PSB149	219	ho	ho	linguistic	none	_	_	_	_	_	_
219-3	PSB149	219	freddo	freddo	linguistic	none	_	_	_	_	_	_
219-4	PSB149	219	la	la	linguistic	none	_	_	_	_	_	_
219-5	PSB149	219	pancia	pancia	linguistic	none	_	_	_	_	_	_
219-6	PSB149	219	poi	poi	linguistic	none	_	_	_	_	_	_
219-7	PSB149	219	mi	mi	linguistic	none	_	_	_	_	_	_
219-8	PSB149	219	viene	viene	linguistic	none	_	_	_	_	_	_
219-9	PSB149	219	la	la	linguistic	none	_	_	_	_	_	_
219-10	PSB149	219	caghetta	caghetta	linguistic	none	_	End=559.48	_	_	_	_
220-0	PSB150	220	perché	perché	linguistic	none	_	Begin=559.51	_	_	_	_
220-1	PSB150	220	non	non	linguistic	none	_	_	_	_	_	_
220-2	PSB150	220	ti	ti	linguistic	none	_	_	_	_	_	_
220-3	PSB150	220	vesti:	vesti	linguistic	none	_	_	4x1	_	_	_
220-4	PSB150	220	come	come	linguistic	none	_	_	_	_	_	_
220-5	PSB150	220	devi	devi	linguistic	none	_	_	_	_	_	_
220-6	PSB150	220	vestirti	vestirti	linguistic	none	_	_	_	_	_	_
220-7	PSB150	220	non	non	linguistic	none	_	_	_	_	_	_
220-8	PSB150	220	[c'	c'	linguistic	none	SpaceAfter=No	_	_	_	_	0-2(17)
220-9	PSB150	220	entra	entra	linguistic	none	_	_	_	_	_	0-5(17)
220-10	PSB150	220	niente]	niente	linguistic	none	_	_	_	_	_	0-6(17)
220-11	PSB150	220	a~	a~	linguistic	none	Interrupted=Yes	_	_	_	_	_
220-12	PSB150	220	magrezza	magrezza	linguistic	none	_	End=563.87	_	_	_	_
221-0	PSB149	221	[eh]	eh	linguistic	none	_	Begin=562.31|End=562.91	_	_	_	0-2(17)
222-0	PSB149	222	no	no	linguistic	none	_	Begin=563.95	_	_	_	_
222-1	PSB149	222	come	come	linguistic	none	_	_	_	_	_	_
222-2	PSB149	222	non	non	linguistic	none	_	_	_	_	_	_
222-3	PSB149	222	c'	c'	linguistic	none	SpaceAfter=No	_	_	_	_	_
222-4	PSB149	222	entra	entra	linguistic	none	_	_	_	_	_	_
222-5	PSB149	222	[invece	invece	linguistic	none	_	_	_	_	_	0-6(19)
222-6	PSB149	222	lu~]	lu~	linguistic	none	Interrupted=Yes	_	_	_	_	0-3(19)
222-7	PSB149	222	lui	lui	linguistic	none	_	_	_	_	_	_
222-8	PSB149	222	potrebbe	potrebbe	linguistic	none	_	_	_	_	_	_
222-9	PSB149	222	ves[xxxx]	vesxxxx	linguistic	none	_	End=567.8	_	_	_	2-7(18)
223-0	PSB150	223	[con:]	con	linguistic	none	_	Begin=565.03|End=565.85	2x1	_	_	0-3(19)
224-0	PSB150	224	[sentire	sentire	linguistic	none	_	Begin=566.67	_	_	_	0-7(18)
224-1	PSB150	224	fre]ddo	freddo	linguistic	none	_	End=568.31	_	_	_	0-3(18)
225-0	PSB149	225	lavo	lavo	linguistic	none	_	Begin=568.52	_	_	_	_
225-1	PSB149	225	io	io	linguistic	none	_	_	_	_	_	_
225-2	PSB149	225	non	non	linguistic	none	_	_	_	_	_	_
225-3	PSB149	225	c'	c'	linguistic	none	SpaceAfter=No	_	_	_	_	_
225-4	PSB149	225	è	è	linguistic	none	_	End=569.79	_	_	_	_
226-0	PSB150	226	sì	sì	linguistic	none	_	Begin=570.01	_	_	_	_
226-1	PSB150	226	volevo	volevo	linguistic	none	_	_	_	_	_	_
226-2	PSB150	226	solo	solo	linguistic	none	_	_	_	_	_	_
226-3	PSB150	226	sciacquare	sciacquare	linguistic	none	_	End=571.58	_	_	_	_
227-0	PSB150	227	cosa	cosa	linguistic	none	_	Begin=572.69	_	_	_	_
227-1	PSB150	227	per	per	linguistic	none	_	_	_	_	_	_
227-2	PSB150	227	i	i	linguistic	none	_	_	_	_	_	_
227-3	PSB150	227	piatti	piatti	linguistic	none	_	_	_	_	_	_
227-4	PSB150	227	[eh]	eh	linguistic	none	_	End=574.42	_	_	_	0-2(20)
228-0	PSB149	228	[o]kay	okay	linguistic	none	_	Begin=574.34	_	_	_	0-1(20)
228-1	PSB149	228	{P}	{P}	shortpause	none	_	_	_	_	_	_
228-2	PSB149	228	no	no	linguistic	none	_	_	_	_	_	_
228-3	PSB149	228	non	non	linguistic	none	_	_	_	_	_	_
228-4	PSB149	228	quello	quello	linguistic	none	_	_	_	_	_	_
228-5	PSB149	228	magari	magari	linguistic	none	_	_	_	_	_	_
228-6	PSB149	228	no	no	linguistic	none	_	End=576.433	_	_	_	_
229-0	PSB150	229	mh?	mh	linguistic	none	Intonation=rising	Begin=576.63|End=576.97	_	_	_	_
230-0	PSB149	230	meno	meno	linguistic	none	_	Begin=577.89	_	_	_	_
230-1	PSB149	230	meno	meno	linguistic	none	_	End=578.88	_	_	_	_
231-0	PSB149	231	no	no	linguistic	none	_	Begin=580.02	_	_	_	_
231-1	PSB149	231	nel	nel	linguistic	none	_	_	_	_	_	_
231-2	PSB149	231	senso:	senso	linguistic	none	_	_	4x1	_	_	_
231-3	PSB149	231	mh	mh	linguistic	none	_	_	_	_	_	_
231-4	PSB149	231	boh	boh	linguistic	none	_	End=582.33	_	_	_	_
232-0	PSB149	232	capisco:	capisco	linguistic	none	_	Begin=584.3	6x1	_	_	_
232-1	PSB149	232	che	che	linguistic	none	_	_	_	_	_	_
232-2	PSB149	232	lo	lo	linguistic	none	_	_	_	_	_	_
232-3	PSB149	232	vuole	vuole	linguistic	none	_	_	_	_	_	_
232-4	PSB149	232	però	però	linguistic	none	_	_	_	_	_	_
232-5	PSB149	232	{P}	{P}	shortpause	none	_	_	_	_	_	_
232-6	PSB149	232	è	è	linguistic	none	_	_	_	_	_	_
232-7	PSB149	232	anche	anche	linguistic	none	_	_	_	_	_	_
232-8	PSB149	232	un	un	linguistic	none	_	_	_	_	_	_
232-9	PSB149	232	desiderio	desiderio	linguistic	none	_	_	_	_	_	_
232-10	PSB149	232	futile	futile	linguistic	none	_	End=588.48	_	_	_	_
233-0	PSB149	233	cioè	cioè	linguistic	none	_	Begin=589.82	_	_	_	_
233-1	PSB149	233	u:n:	un	linguistic	none	_	End=591.77	0x1,1x1	_	_	_
234-0	PSB149	234	mh	mh	linguistic	none	_	Begin=592.05|End=592.55	_	_	_	_
235-0	PSB150	235	ma	ma	linguistic	none	_	Begin=593.05	_	_	_	_
235-1	PSB150	235	non	non	linguistic	none	_	_	_	_	_	_
235-2	PSB150	235	mh	mh	linguistic	none	_	_	_	_	_	_
235-3	PSB150	235	no	no	linguistic	none	_	End=594.19	_	_	_	_
236-0	PSB149	236	un'	un'	linguistic	none	SpaceAfter=No	Begin=594.19	_	_	_	_
236-1	PSB149	236	invidia	invidia	linguistic	none	_	_	_	_	_	_
236-2	PSB149	236	futile	futile	linguistic	none	_	End=595.25	_	_	_	_
237-0	PSB150	237	per	per	linguistic	none	_	Begin=595.39	_	_	_	_
237-1	PSB150	237	te	te	linguistic	none	_	End=596.133	_	_	_	_
238-0	PSB149	238	no	no	linguistic	none	_	Begin=596.88	_	_	_	_
238-1	PSB149	238	no	no	linguistic	none	_	_	_	_	_	_
238-2	PSB149	238	in	in	linguistic	none	_	_	_	_	_	_
238-3	PSB149	238	generale	generale	linguistic	none	_	End=598.11	_	_	_	_
239-0	PSB150	239	ma	ma	linguistic	none	_	Begin=598.16|End=598.38	_	_	_	_
240-0	PSB149	240	non	non	linguistic	none	_	Begin=598.39	_	_	_	_
240-1	PSB149	240	non	non	linguistic	none	_	_	_	_	_	_
240-2	PSB149	240	è	è	linguistic	none	_	_	_	_	_	_
240-3	PSB149	240	che	che	linguistic	none	_	_	_	_	_	_
240-4	PSB149	240	ti	ti	linguistic	none	_	_	_	_	_	_
240-5	PSB149	240	ti	ti	linguistic	none	_	_	_	_	_	_
240-6	PSB149	240	manca	manca	linguistic	none	_	_	_	_	_	_
240-7	PSB149	240	una	una	linguistic	none	_	_	_	_	_	_
240-8	PSB149	240	gamba	gamba	linguistic	none	_	_	_	_	_	_
240-9	PSB149	240	o:	o	linguistic	none	_	_	0x1	_	_	_
240-10	PSB149	240	non	non	linguistic	none	_	End=600.873	_	_	_	_
241-0	PSB149	241	n[on]	non	linguistic	none	_	Begin=601.567|End=602.107	_	_	_	1-3(21)
242-0	PSB150	242	[è	è	linguistic	none	_	Begin=601.78	_	_	_	0-1(21)
242-1	PSB150	242	lo	lo	linguistic	none	_	_	_	_	_	0-2(21)
242-2	PSB150	242	stesso	stesso	linguistic	none	_	_	_	_	_	0-6(21)
242-3	PSB150	242	siam]o	siamo	linguistic	none	_	_	_	_	_	0-4(21)
242-4	PSB150	242	tutti	tutti	linguistic	none	_	_	_	_	_	_
242-5	PSB150	242	diversi	diversi	linguistic	none	_	End=603.66	_	_	_	_
243-0	PSB149	243	non	non	linguistic	none	_	Begin=603.7	_	_	_	_
243-1	PSB149	243	s~	s~	linguistic	none	Interrupted=Yes	_	_	_	_	_
243-2	PSB149	243	non	non	linguistic	none	_	_	_	_	_	_
243-3	PSB149	243	sai	sai	linguistic	none	_	_	_	_	_	_
243-4	PSB149	243	funziona~	funziona~	linguistic	none	Interrupted=Yes	End=605.36	_	_	_	_
244-0	PSB150	244	ognuno	ognuno	linguistic	none	_	Begin=605.62	_	_	_	_
244-1	PSB150	244	di	di	linguistic	none	_	_	_	_	_	_
244-2	PSB150	244	noi	noi	linguistic	none	_	_	_	_	_	_
244-3	PSB150	244	ha	ha	linguistic	none	_	_	_	_	_	_
244-4	PSB150	244	le	le	linguistic	none	_	_	_	_	_	_
244-5	PSB150	244	sue	sue	linguistic	none	_	_	_	_	_	_
244-6	PSB150	244	priorità	priorità	linguistic	none	_	End=608.66	_	_	_	_
245-0	PSB150	245	quello	quello	linguistic	none	_	Begin=609.63	_	_	_	_
245-1	PSB150	245	che	che	linguistic	none	_	_	_	_	_	_
245-2	PSB150	245	per	per	linguistic	none	_	_	_	_	_	_
245-3	PSB150	245	te:	te	linguistic	none	_	End=611.04	1x1	_	_	_
246-0	PSB150	246	non	non	linguistic	none	_	Begin=612.71	_	_	_	_
246-1	PSB150	246	è	è	linguistic	none	_	_	_	_	_	_
246-2	PSB150	246	prioritario	prioritario	linguistic	none	_	_	_	_	_	_
246-3	PSB150	246	per	per	linguistic	none	_	_	_	_	_	_
246-4	PSB150	246	lui	lui	linguistic	none	_	_	_	_	_	_
246-5	PSB150	246	sì	sì	linguistic	none	_	End=614.96	_	_	_	_
247-0	PSB149	247	ma	ma	linguistic	none	_	Begin=615.95	_	_	_	_
247-1	PSB149	247	s~	s~	linguistic	none	Interrupted=Yes	_	_	_	_	_
247-2	PSB149	247	{P}	{P}	shortpause	none	_	_	_	_	_	_
247-3	PSB149	247	ma	ma	linguistic	none	_	_	_	_	_	_
247-4	PSB149	247	è	è	linguistic	none	_	_	_	_	_	_
247-5	PSB149	247	una	una	linguistic	none	_	_	_	_	_	_
247-6	PSB149	247	stronzata	stronzata	linguistic	none	_	_	_	_	_	_
247-7	PSB149	247	non	non	linguistic	none	_	_	_	_	_	_
247-8	PSB149	247	è	è	linguistic	none	_	_	_	_	_	_
247-9	PSB149	247	che	che	linguistic	none	_	_	_	_	_	_
247-10	PSB149	247	mh	mh	linguistic	none	_	End=619.05	_	_	_	_
248-0	PSB150	248	[stronz~	stronz~	linguistic	none	Interrupted=Yes	Begin=619.79	_	_	_	0-7(22)
248-1	PSB150	248	per	per	linguistic	none	_	_	_	_	_	0-3(22)
248-2	PSB150	248	te	te	linguistic	none	_	_	_	_	_	0-2(22)
248-3	PSB150	248	xxx]	x	unknown	none	_	End=621.85	_	_	_	0-3(22)
249-0	PSB149	249	[v~	v~	linguistic	none	Interrupted=Yes	Begin=619.83	_	_	_	0-2(22)
249-1	PSB149	249	avre~	avre~	linguistic	none	Interrupted=Yes	_	_	_	_	0-5(22)
249-2	PSB149	249	eh	eh	linguistic	none	_	_	_	_	_	0-2(22)
249-3	PSB149	249	no	no	linguistic	none	_	_	_	_	_	0-2(22)
249-4	PSB149	249	eh	eh	linguistic	none	_	_	_	_	_	0-2(22)
249-5	PSB149	249	no:	no	linguistic	none	_	_	1x1	_	_	0-2(22)
249-6	PSB149	249	è	è	linguistic	none	_	_	_	_	_	0-1(22)
249-7	PSB149	249	no	no	linguistic	none	_	_	_	_	_	0-2(22)
249-8	PSB149	249	è]	è	linguistic	none	_	_	_	_	_	0-1(22)
249-9	PSB149	249	evidente	evidente	linguistic	none	_	End=622.587	_	_	_	_
250-0	PSB150	250	ma	ma	linguistic	none	_	Begin=622.59	_	_	_	_
250-1	PSB150	250	c'	c'	linguistic	none	SpaceAfter=No	_	_	_	_	_
250-2	PSB150	250	è	è	linguistic	none	_	_	_	_	_	_
250-3	PSB150	250	roba	roba	linguistic	none	_	End=623.86	_	_	_	_
251-0	PSB149	251	un	un	linguistic	none	_	Begin=623.88	_	_	_	_
251-1	PSB149	251	conto	conto	linguistic	none	_	_	_	_	_	_
251-2	PSB149	251	è	è	linguistic	none	_	_	_	_	_	_
251-3	PSB149	251	se	se	linguistic	none	_	_	_	_	_	_
251-4	PSB149	251	che	che	linguistic	none	_	_	_	_	_	_
251-5	PSB149	251	ne	ne	linguistic	none	_	_	_	_	_	_
251-6	PSB149	251	so	so	linguistic	none	_	End=625.6	_	_	_	_
252-0	PSB149	252	ti:	ti	linguistic	none	_	Begin=626.38	1x1	_	_	_
252-1	PSB149	252	ti	ti	linguistic	none	_	_	_	_	_	_
252-2	PSB149	252	muore	muore	linguistic	none	_	_	_	_	_	_
252-3	PSB149	252	ti	ti	linguistic	none	_	_	_	_	_	_
252-4	PSB149	252	muoiono	muoiono	linguistic	none	_	_	_	_	_	_
252-5	PSB149	252	i	i	linguistic	none	_	_	_	_	_	_
252-6	PSB149	252	genitori,	genitori	linguistic	none	Intonation=weakly_rising	_	_	_	_	_
252-7	PSB149	252	ti	ti	linguistic	none	_	_	_	_	_	_
252-8	PSB149	252	muo[re]	muore	linguistic	none	_	End=630.09	_	_	_	3-5(23)
253-0	PSB150	253	[ma	ma	linguistic	none	_	Begin=629.66	_	_	_	0-2(23)
253-1	PSB150	253	è	è	linguistic	none	_	_	_	_	_	0-1(23)
253-2	PSB150	253	è]	è	linguistic	none	_	_	_	_	_	0-1(23)
253-3	PSB150	253	adesso	adesso	linguistic	none	_	_	_	_	_	_
253-4	PSB150	253	[cosa	cosa	linguistic	none	_	_	_	_	_	0-4(24)
253-5	PSB150	253	stai	stai	linguistic	none	_	_	_	_	_	0-4(24)
253-6	PSB150	253	dicendo]?	dicendo	linguistic	none	Intonation=rising	End=632.25	_	_	_	0-7(24)
254-0	PSB149	254	[perdi	perdi	linguistic	none	_	Begin=630.55	_	_	_	0-5(24)
254-1	PSB149	254	una	una	linguistic	none	_	_	_	_	_	0-3(24)
254-2	PSB149	254	gamba,	gamba	linguistic	none	Intonation=weakly_rising	_	_	_	_	0-5(24)
254-3	PSB149	254	e	e	linguistic	none	_	_	_	_	_	0-1(24)
254-4	PSB149	254	allora]	allora	linguistic	none	_	_	_	_	_	0-6(24)
254-5	PSB149	254	dici	dici	linguistic	none	_	_	_	_	_	_
254-6	PSB149	254	okay	okay	linguistic	none	_	_	_	_	_	_
254-7	PSB149	254	sono	sono	linguistic	none	_	_	_	_	_	_
254-8	PSB149	254	invidioso	invidioso	linguistic	none	_	_	_	_	_	_
254-9	PSB149	254	di	di	linguistic	none	_	_	_	_	_	_
254-10	PSB149	254	questo	questo	linguistic	none	_	_	_	_	_	_
254-11	PSB149	254	mi	mi	linguistic	none	_	_	_	_	_	_
254-12	PSB149	254	piacerebbe	piacerebbe	linguistic	none	_	End=634.98	_	_	_	_
255-0	PSB149	255	cioè	cioè	linguistic	none	_	Begin=635.68	_	_	_	_
255-1	PSB149	255	co~	co~	linguistic	none	Interrupted=Yes	_	_	_	_	_
255-2	PSB149	255	quelli	quelli	linguistic	none	_	_	_	_	_	_
255-3	PSB149	255	[sono	sono	linguistic	none	_	_	_	_	_	0-4(25)
255-4	PSB149	255	cose	cose	linguistic	none	_	_	_	_	_	0-4(25)
255-5	PSB149	255	se]rie	serie	linguistic	none	_	_	_	_	_	0-2(25)
255-6	PSB149	255	è	è	linguistic	none	_	End=637.83	_	_	_	_
256-0	PSB150	256	[xx]	x	unknown	none	_	Begin=636.38|End=637.12	_	_	_	0-2(25)
257-0	PSB149	257	[e:	e	linguistic	none	_	Begin=638.92	0x1	_	_	0-1(26)
257-1	PSB149	257	esse~	esse~	linguistic	none	Interrupted=Yes	_	_	_	_	0-5(26)
257-2	PSB149	257	essere	essere	linguistic	none	_	_	_	_	_	0-6(26)
257-3	PSB149	257	lì	lì	linguistic	none	_	_	_	_	_	0-2(26)
257-4	PSB149	257	co~]	co~	linguistic	none	Interrupted=Yes	_	_	_	_	0-3(26)
257-5	PSB149	257	che	che	linguistic	none	_	_	_	_	_	_
257-6	PSB149	257	stai	stai	linguistic	none	_	_	_	_	_	_
257-7	PSB149	257	bene,	bene	linguistic	none	Intonation=weakly_rising	_	_	_	_	_
257-8	PSB149	257	hai	hai	linguistic	none	_	_	_	_	_	_
257-9	PSB149	257	genitori,	genitori	linguistic	none	Intonation=weakly_rising	_	_	_	_	_
257-10	PSB149	257	ha	ha	linguistic	none	_	_	_	_	_	_
257-11	PSB149	257	soldi,	soldi	linguistic	none	Intonation=weakly_rising	_	_	_	_	_
257-12	PSB149	257	hai	hai	linguistic	none	_	_	_	_	_	_
257-13	PSB149	257	la	la	linguistic	none	_	_	_	_	_	_
257-14	PSB149	257	casa	casa	linguistic	none	_	End=644.21	_	_	_	_
258-0	PSB150	258	[sì	sì	linguistic	none	_	Begin=639.02	_	_	_	0-2(26)
258-1	PSB150	258	ma	ma	linguistic	none	_	_	_	_	_	0-2(26)
258-2	PSB150	258	non	non	linguistic	none	_	_	_	_	_	0-3(26)
258-3	PSB150	258	stiamo	stiamo	linguistic	none	_	_	_	_	_	0-6(26)
258-4	PSB150	258	dicen~]	dicen~	linguistic	none	Interrupted=Yes	End=640.69	_	_	_	0-6(26)
259-0	PSB149	259	e:	e	linguistic	none	_	Begin=644.69	0x1	_	_	_
259-1	PSB149	259	[stai	stai	linguistic	none	_	_	_	_	_	0-4(27)
259-2	PSB149	259	studian]do	studiando	linguistic	none	_	_	_	_	_	0-7(27)
259-3	PSB149	259	hai	hai	linguistic	none	_	_	_	_	_	_
259-4	PSB149	259	da	da	linguistic	none	_	_	_	_	_	_
259-5	PSB149	259	mangiare	mangiare	linguistic	none	_	_	_	_	_	_
259-6	PSB149	259	hai	hai	linguistic	none	_	_	_	_	_	_
259-7	PSB149	259	gli	gli	linguistic	none	_	_	_	_	_	_
259-8	PSB149	259	amici	amici	linguistic	none	_	End=647.8	_	_	_	_
260-0	PSB150	260	[xxxxx]	x	unknown	none	_	Begin=645.02|End=645.88	_	_	_	0-5(27)
261-0	PSB149	261	e:	e	linguistic	none	_	Begin=648.51	0x1	_	_	_
261-1	PSB149	261	ti	ti	linguistic	none	_	_	_	_	_	_
261-2	PSB149	261	trovi	trovi	linguistic	none	_	_	_	_	_	_
261-3	PSB149	261	un	un	linguistic	none	_	_	_	_	_	_
261-4	PSB149	261	problema	problema	linguistic	none	_	_	_	_	_	_
261-5	PSB149	261	comunque	comunque	linguistic	none	_	_	_	_	_	_
261-6	PSB149	261	de~	de~	linguistic	none	Interrupted=Yes	_	_	_	_	_
261-7	PSB149	261	che	che	linguistic	none	_	_	_	_	_	_
261-8	PSB149	261	dici	dici	linguistic	none	_	End=651.91	_	_	_	_
262-0	PSB150	262	sì	sì	linguistic	none	_	Begin=651.92	_	_	_	_
262-1	PSB150	262	si	si	linguistic	none	_	_	_	_	_	_
262-2	PSB150	262	può	può	linguistic	none	_	_	_	_	_	_
262-3	PSB150	262	ci	ci	linguistic	none	_	_	_	_	_	_
262-4	PSB150	262	pro~	pro~	linguistic	none	Interrupted=Yes	_	_	_	_	_
262-5	PSB150	262	[può	può	linguistic	none	_	_	_	_	_	0-3(28)
262-6	PSB150	262	e]ssere	essere	linguistic	none	_	End=654.27	_	_	_	0-1(28)
263-0	PSB149	263	[capito]	capito	linguistic	none	_	Begin=652.98|End=653.44	_	_	_	0-6(28)
264-0	PSB149	264	{ride}	{ride}	nonverbalbehavior	none	_	Begin=654.366|End=655.053	_	_	_	_
265-0	PSB149	265	no	no	linguistic	none	_	Begin=655.7	_	_	_	_
265-1	PSB149	265	no	no	linguistic	none	_	_	_	_	_	_
265-2	PSB149	265	ma	ma	linguistic	none	_	_	_	_	_	_
265-3	PSB149	265	lo	lo	linguistic	none	_	_	_	_	_	_
265-4	PSB149	265	so	so	linguistic	none	_	_	_	_	_	_
265-5	PSB149	265	benissimo	benissimo	linguistic	none	_	_	_	_	_	_
265-6	PSB149	265	perché	perché	linguistic	none	_	_	_	_	_	_
265-7	PSB149	265	poi	poi	linguistic	none	_	End=657.54	_	_	_	_
266-0	PSB149	266	ognuno	ognuno	linguistic	none	_	Begin=658.87	_	_	_	_
266-1	PSB149	266	se	se	linguistic	none	_	_	_	_	_	_
266-2	PSB149	266	li	li	linguistic	none	_	_	_	_	_	_
266-3	PSB149	266	cerca	cerca	linguistic	none	_	_	_	_	_	_
266-4	PSB149	266	i	i	linguistic	none	_	_	_	_	_	_
266-5	PSB149	266	problemi	problemi	linguistic	none	_	End=660.63	_	_	_	_
267-0	PSB149	267	anch'	anch'	linguistic	none	SpaceAfter=No	Begin=663.94	_	_	_	_
267-1	PSB149	267	io	io	linguistic	none	_	_	_	_	_	_
267-2	PSB149	267	ero	ero	linguistic	none	_	_	_	_	_	_
267-3	PSB149	267	così	così	linguistic	none	_	_	_	_	_	_
267-4	PSB149	267	pensavo:	pensavo	linguistic	none	_	_	6x1	_	_	_
267-5	PSB149	267	a:	a	linguistic	none	_	End=666.17	0x1	_	_	_
268-0	PSB149	268	a:	a	linguistic	none	_	Begin=667.41	0x1	_	_	_
268-1	PSB149	268	non	non	linguistic	none	_	_	_	_	_	_
268-2	PSB149	268	ho	ho	linguistic	none	_	_	_	_	_	_
268-3	PSB149	268	muscoli	muscoli	linguistic	none	_	_	_	_	_	_
268-4	PSB149	268	a	a	linguistic	none	_	_	_	_	_	_
268-5	PSB149	268	non	non	linguistic	none	_	_	_	_	_	_
268-6	PSB149	268	ho	ho	linguistic	none	_	_	_	_	_	_
268-7	PSB149	268	quello	quello	linguistic	none	_	_	_	_	_	_
268-8	PSB149	268	a	a	linguistic	none	_	End=670.01	_	_	_	_
269-0	PSB149	269	son	son	linguistic	none	_	Begin=670.8	_	_	_	_
269-1	PSB149	269	povero	povero	linguistic	none	_	_	_	_	_	_
269-2	PSB149	269	sono:	sono	linguistic	none	_	_	3x1	_	_	_
269-3	PSB149	269	immigrato:	immigrato	linguistic	none	_	_	8x1	_	_	_
269-4	PSB149	269	cioè	cioè	linguistic	none	_	End=673.953	_	_	_	_
270-0	PSB150	270	xxx	x	unknown	none	_	Begin=674.11|End=674.433	_	_	_	_
271-0	PSB149	271	poi	poi	linguistic	none	_	Begin=674.49	_	_	_	_
271-1	PSB149	271	dopo	dopo	linguistic	none	_	_	_	_	_	_
271-2	PSB149	271	che	che	linguistic	none	_	_	_	_	_	_
271-3	PSB149	271	ti	ti	linguistic	none	_	_	_	_	_	_
271-4	PSB149	271	rendi	rendi	linguistic	none	_	_	_	_	_	_
271-5	PSB149	271	conto	conto	linguistic	none	_	_	_	_	_	_
271-6	PSB149	271	che	che	linguistic	none	_	_	_	_	_	_
271-7	PSB149	271	di	di	linguistic	none	_	_	_	_	_	_
271-8	PSB149	271	sono	sono	linguistic	none	_	_	_	_	_	_
271-9	PSB149	271	tutte	tutte	linguistic	none	_	_	_	_	_	_
271-10	PSB149	271	stronzate	stronzate	linguistic	none	_	End=677.44	_	_	_	_
272-0	PSB149	272	cioè	cioè	linguistic	none	_	Begin=678.15	_	_	_	_
272-1	PSB149	272	ci	ci	linguistic	none	_	_	_	_	_	_
272-2	PSB149	272	stai	stai	linguistic	none	_	_	_	_	_	_
272-3	PSB149	272	male	male	linguistic	none	_	_	_	_	_	_
272-4	PSB149	272	inutilimente	inutilimente	linguistic	none	_	End=679.79	_	_	_	_
273-0	PSB149	273	cioè	cioè	linguistic	none	_	Begin=680.87	_	_	_	_
273-1	PSB149	273	non	non	linguistic	none	_	_	_	_	_	_
273-2	PSB149	273	sono	sono	linguistic	none	_	_	_	_	_	_
273-3	PSB149	273	cose	cose	linguistic	none	_	_	_	_	_	_
273-4	PSB149	273	per	per	linguistic	none	_	_	_	_	_	_
273-5	PSB149	273	cui:	cui	linguistic	none	_	_	2x1	_	_	_
273-6	PSB149	273	star	star	linguistic	none	_	_	_	_	_	_
273-7	PSB149	273	male	male	linguistic	none	_	_	_	_	_	_
273-8	PSB149	273	ecco	ecco	linguistic	none	_	End=684.0	_	_	_	_
274-0	PSB150	274	sì	sì	linguistic	none	_	Begin=684.41	_	_	_	_
274-1	PSB150	274	io	io	linguistic	none	_	_	_	_	_	_
274-2	PSB150	274	non	non	linguistic	none	_	_	_	_	_	_
274-3	PSB150	274	mi	mi	linguistic	none	_	_	_	_	_	_
274-4	PSB150	274	sono	sono	linguistic	none	_	_	_	_	_	_
274-5	PSB150	274	mai	mai	linguistic	none	_	_	_	_	_	_
274-6	PSB150	274	sentita	sentita	linguistic	none	_	_	_	_	_	_
274-7	PSB150	274	inferiore	inferiore	linguistic	none	_	_	_	_	_	_
274-8	PSB150	274	a	a	linguistic	none	_	End=687.72	_	_	_	_
275-0	PSB150	275	italiani	italiani	linguistic	none	_	Begin=688.61	_	_	_	_
275-1	PSB150	275	{P}	{P}	shortpause	none	_	_	_	_	_	_
275-2	PSB150	275	cioè	cioè	linguistic	none	_	_	_	_	_	_
275-3	PSB150	275	non	non	linguistic	none	_	_	_	_	_	_
275-4	PSB150	275	ho	ho	linguistic	none	_	_	_	_	_	_
275-5	PSB150	275	mai	mai	linguistic	none	_	_	_	_	_	_
275-6	PSB150	275	pensato	pensato	linguistic	none	_	_	_	_	_	_
275-7	PSB150	275	che	che	linguistic	none	_	_	_	_	_	_
275-8	PSB150	275	io	io	linguistic	none	_	_	_	_	_	_
275-9	PSB150	275	sono	sono	linguistic	none	_	_	_	_	_	_
275-10	PSB150	275	immigrata	immigrata	linguistic	none	_	_	_	_	_	_
275-11	PSB150	275	xxx	x	unknown	none	_	End=693.83	_	_	_	_
276-0	PSB149	276	eh	eh	linguistic	none	_	Begin=697.7	_	_	_	_
276-1	PSB149	276	perché	perché	linguistic	none	_	_	_	_	_	_
276-2	PSB149	276	non	non	linguistic	none	_	_	_	_	_	_
276-3	PSB149	276	hai	hai	linguistic	none	_	_	_	_	_	_
276-4	PSB149	276	fatto	fatto	linguistic	none	_	_	_	_	_	_
276-5	PSB149	276	la	la	linguistic	none	_	_	_	_	_	_
276-6	PSB149	276	scuola	scuola	linguistic	none	_	_	_	_	_	_
276-7	PSB149	276	qua	qua	linguistic	none	_	End=699.78	_	_	_	_
277-0	PSB150	277	beh	beh	linguistic	none	_	Begin=700.93|End=701.17	_	_	_	_
278-0	PSB149	278	quan~	quan~	linguistic	none	Interrupted=Yes	Begin=701.227	_	_	_	_
278-1	PSB149	278	quando	quando	linguistic	none	_	_	_	_	_	_
278-2	PSB149	278	fai	fai	linguistic	none	_	_	_	_	_	_
278-3	PSB149	278	la	la	linguistic	none	_	_	_	_	_	_
278-4	PSB149	278	scuola	scuola	linguistic	none	_	_	_	_	_	_
278-5	PSB149	278	i	i	linguistic	none	_	_	_	_	_	_
278-6	PSB149	278	bambini	bambini	linguistic	none	_	_	_	_	_	_
278-7	PSB149	278	son	son	linguistic	none	_	_	_	_	_	_
278-8	PSB149	278	cattivi	cattivi	linguistic	none	_	_	_	_	_	_
278-9	PSB149	278	ti:	ti	linguistic	none	_	End=704.03	1x1	_	_	_
279-0	PSB150	279	ma	ma	linguistic	none	_	Begin=704.04	_	_	_	_
279-1	PSB150	279	che	che	linguistic	none	_	_	_	_	_	_
279-2	PSB150	279	si	si	linguistic	none	_	_	_	_	_	_
279-3	PSB150	279	fott(o)no	fottono	linguistic	none	_	_	_	_	4-5(0)	_
279-4	PSB150	279	i	i	linguistic	none	_	_	_	_	_	_
279-5	PSB150	279	bambini	bambini	linguistic	none	_	_	_	_	_	_
279-6	PSB150	279	cattivi	cattivi	linguistic	none	_	_	_	_	_	_
279-7	PSB150	279	io	io	linguistic	none	_	_	_	_	_	_
279-8	PSB150	279	ho	ho	linguistic	none	_	_	_	_	_	_
279-9	PSB150	279	fatto	fatto	linguistic	none	_	_	_	_	_	_
279-10	PSB150	279	[scuola]	scuola	linguistic	none	_	End=707.23	_	_	_	0-6(29)
280-0	PSB149	280	[ti	ti	linguistic	none	_	Begin=706.84	_	_	_	0-2(29)
280-1	PSB149	280	fanno]	fanno	linguistic	none	_	_	_	_	_	0-5(29)
280-2	PSB149	280	notare	notare	linguistic	none	_	_	_	_	_	_
280-3	PSB149	280	tutto	tutto	linguistic	none	_	End=708.32	_	_	_	_
281-0	PSB150	281	da	da	linguistic	none	_	Begin=708.35	_	_	_	_
281-1	PSB150	281	noi	noi	linguistic	none	_	_	_	_	_	_
281-2	PSB150	281	cioè	cioè	linguistic	none	_	_	_	_	_	_
281-3	PSB150	281	non	non	linguistic	none	_	_	_	_	_	_
281-4	PSB150	281	so	so	linguistic	none	_	_	_	_	_	_
281-5	PSB150	281	se	se	linguistic	none	_	_	_	_	_	_
281-6	PSB150	281	{P}	{P}	shortpause	none	_	_	_	_	_	_
281-7	PSB150	281	ho	ho	linguistic	none	_	_	_	_	_	_
281-8	PSB150	281	capito	capito	linguistic	none	_	End=711.86	_	_	_	_
282-0	PSB149	282	avevi	avevi	linguistic	none	_	Begin=712.05	_	_	_	_
282-1	PSB149	282	l'	l'	linguistic	none	SpaceAfter=No	_	_	_	_	_
282-2	PSB149	282	uniforme	uniforme	linguistic	none	_	_	_	_	_	_
282-3	PSB149	282	a	a	linguistic	none	_	_	_	_	_	_
282-4	PSB149	282	scuola	scuola	linguistic	none	_	_	_	_	_	_
282-5	PSB149	282	tu	tu	linguistic	none	_	End=714.09	_	_	_	_
283-0	PSB150	283	eh	eh	linguistic	all	Language=NO_ISO_CODE	Begin=714.1	_	_	_	_
283-1	PSB150	283	da	da	linguistic	all	Language=NO_ISO_CODE	_	_	_	_	_
283-2	PSB150	283	[noi	noi	linguistic	all	Language=NO_ISO_CODE	_	_	_	_	_
283-3	PSB150	283	menavano	menavano	linguistic	all	Language=NO_ISO_CODE	_	_	_	_	_
283-4	PSB150	283	da	da	linguistic	all	Language=NO_ISO_CODE	_	_	_	_	_
283-5	PSB150	283	noi	noi	linguistic	all	Language=NO_ISO_CODE	_	_	_	_	_
283-6	PSB150	283	$metava[no	metavano	linguistic	all	Language=NO_ISO_CODE|Orthography=Yes	_	_	_	_	_
283-7	PSB150	283	ti	ti	linguistic	all	Language=NO_ISO_CODE	_	_	_	_	_
283-8	PSB150	283	facevano	facevano	linguistic	all	Language=NO_ISO_CODE	_	_	_	_	_
283-9	PSB150	283	saltare	saltare	linguistic	all	Language=NO_ISO_CODE	_	_	_	_	_
283-10	PSB150	283	i	i	linguistic	all	Language=NO_ISO_CODE	_	_	_	_	_
283-11	PSB150	283	denti	denti	linguistic	all	Language=NO_ISO_CODE	_	_	_	_	_
283-12	PSB150	283	i	i	linguistic	all	Language=NO_ISO_CODE	_	_	_	_	_
283-13	PSB150	283	nasi	nasi	linguistic	all	Language=NO_ISO_CODE	_	_	_	_	_
283-14	PSB150	283	altro	altro	linguistic	all	Language=NO_ISO_CODE	_	_	_	_	_
283-15	PSB150	283	che	che	linguistic	all	Language=NO_ISO_CODE	_	_	_	_	_
283-16	PSB150	283	prenderti	prenderti	linguistic	all	Language=NO_ISO_CODE	_	_	_	_	_
283-17	PSB150	283	i~	i~	linguistic	all	Interrupted=Yes|Language=NO_ISO_CODE	_	_	_	_	_
283-18	PSB150	283	in	in	linguistic	all	Language=NO_ISO_CODE	_	_	_	_	_
283-19	PSB150	283	giro	giro	linguistic	all	Language=NO_ISO_CODE	_	_	_	_	_
283-20	PSB150	283	a	a	linguistic	all	Language=NO_ISO_CODE	_	_	_	_	_
283-21	PSB150	283	parole	parole	linguistic	all	Language=NO_ISO_CODE	End=721.89	_	_	_	_
284-0	PSB149	284	[ve	ve	linguistic	none	_	Begin=715.98	_	_	_	0-2(30)
284-1	PSB149	284	lo	lo	linguistic	none	_	_	_	_	_	0-2(30)
284-2	PSB149	284	ricordano]	ricordano	linguistic	none	_	End=717.05	_	_	_	0-9(30)
285-0	PSB149	285	ti	ti	linguistic	none	_	Begin=721.91	_	_	_	_
285-1	PSB149	285	dico:	dico	linguistic	none	_	_	3x1	_	_	_
285-2	PSB149	285	avevi	avevi	linguistic	none	_	_	_	_	_	_
285-3	PSB149	285	l'	l'	linguistic	none	SpaceAfter=No	_	_	_	_	_
285-4	PSB149	285	uniforme	uniforme	linguistic	none	_	End=724.27	_	_	_	_
286-0	PSB150	286	[sì	sì	linguistic	none	_	Begin=724.53	_	_	_	0-2(31)
286-1	PSB150	286	che	che	linguistic	none	_	_	_	_	_	0-3(31)
286-2	PSB150	286	c'	c'	linguistic	none	SpaceAfter=No	_	_	_	_	0-2(31)
286-3	PSB150	286	e]ntra	entra	linguistic	none	_	End=725.45	_	_	_	0-1(31)
287-0	PSB149	287	[a	a	linguistic	none	_	Begin=724.54	_	_	_	0-1(31)
287-1	PSB149	287	scuola]	scuola	linguistic	none	_	End=725.02	_	_	_	0-6(31)
288-0	PSB149	288	eh	eh	linguistic	none	_	Begin=725.52	_	_	_	_
288-1	PSB149	288	come	come	linguistic	none	_	_	_	_	_	_
288-2	PSB149	288	che	che	linguistic	none	_	_	_	_	_	_
288-3	PSB149	288	c'	c'	linguistic	none	SpaceAfter=No	_	_	_	_	_
288-4	PSB149	288	entra	entra	linguistic	none	_	_	_	_	_	_
288-5	PSB149	288	c'	c'	linguistic	none	SpaceAfter=No	_	_	_	_	_
288-6	PSB149	288	entra	entra	linguistic	none	_	_	_	_	_	_
288-7	PSB149	288	tutto	tutto	linguistic	none	_	End=727.57	_	_	_	_
289-0	PSB149	289	no	no	linguistic	none	_	Begin=728.18	_	_	_	_
289-1	PSB149	289	ne~	ne~	linguistic	none	Interrupted=Yes	_	_	_	_	_
289-2	PSB149	289	tu	tu	linguistic	none	_	_	_	_	_	_
289-3	PSB149	289	eravate	eravate	linguistic	none	_	_	_	_	_	_
289-4	PSB149	289	tutti	tutti	linguistic	none	_	_	_	_	_	_
289-5	PSB149	289	poveri	poveri	linguistic	none	_	_	_	_	_	_
289-6	PSB149	289	uguale	uguale	linguistic	none	_	_	_	_	_	_
289-7	PSB149	289	non	non	linguistic	none	_	_	_	_	_	_
289-8	PSB149	289	c'	c'	linguistic	none	SpaceAfter=No	_	_	_	_	_
289-9	PSB149	289	era	era	linguistic	none	_	_	_	_	_	_
289-10	PSB149	289	distinzio:ne	distinzione	linguistic	none	_	_	8x1	_	_	_
289-11	PSB149	289	non	non	linguistic	none	_	_	_	_	_	_
289-12	PSB149	289	c'	c'	linguistic	none	SpaceAfter=No	_	_	_	_	_
289-13	PSB149	289	erano	erano	linguistic	none	_	_	_	_	_	_
289-14	PSB149	289	tutte	tutte	linguistic	none	_	_	_	_	_	_
289-15	PSB149	289	queste	queste	linguistic	none	_	_	_	_	_	5-6(32)
289-16	PSB149	289	[cose]	cose	linguistic	none	_	End=733.08	_	_	_	0-3(32)
290-0	PSB150	290	[ma	ma	linguistic	none	_	Begin=732.62	_	_	_	0-2(32)
290-1	PSB150	290	cer]to	certo	linguistic	none	_	_	_	_	_	0-3(32)
290-2	PSB150	290	[che	che	linguistic	none	_	_	_	_	_	0-3(33)
290-3	PSB150	290	no]	no	linguistic	none	_	End=734.11	_	_	_	0-2(33)
291-0	PSB149	291	[guarda	guarda	linguistic	none	_	Begin=733.313	_	_	_	0-6(33)
291-1	PSB149	291	che	che	linguistic	none	_	_	_	_	_	0-3(33)
291-2	PSB149	291	eh	eh	linguistic	none	_	_	_	_	_	0-2(33)
291-3	PSB149	291	mol]t~	molt~	linguistic	none	Interrupted=Yes	_	_	_	_	0-3(33)
291-4	PSB149	291	sono	sono	linguistic	none	_	_	_	_	_	_
291-5	PSB149	291	molto	molto	linguistic	none	_	_	_	_	_	_
291-6	PSB149	291	più	più	linguistic	none	_	_	_	_	_	_
291-7	PSB149	291	cattive	cattive	linguistic	none	_	_	_	_	_	_
291-8	PSB149	291	le	le	linguistic	none	_	_	_	_	_	_
291-9	PSB149	291	parole	parole	linguistic	none	_	_	_	_	_	_
291-10	PSB149	291	che	che	linguistic	none	_	_	_	_	_	_
291-11	PSB149	291	d~	d~	linguistic	none	Interrupted=Yes	_	_	_	_	_
291-12	PSB149	291	che	che	linguistic	none	_	_	_	_	_	_
291-13	PSB149	291	dicono	dicono	linguistic	none	_	_	_	_	_	_
291-14	PSB149	291	ai	ai	linguistic	none	_	_	_	_	_	_
291-15	PSB149	291	ragazzini	ragazzini	linguistic	none	_	_	_	_	_	_
291-16	PSB149	291	ti	ti	linguistic	none	_	_	_	_	_	_
291-17	PSB149	291	fan	fan	linguistic	none	_	_	_	_	_	_
291-18	PSB149	291	venire	venire	linguistic	none	_	_	_	_	_	_
291-19	PSB149	291	delle	delle	linguistic	none	_	_	_	_	_	_
291-20	PSB149	291	gran	gran	linguistic	none	_	_	_	_	_	_
291-21	PSB149	291	turbe	turbe	linguistic	none	_	End=738.96	_	_	_	_
292-0	PSB149	292	piuttosto	piuttosto	linguistic	none	_	Begin=739.06	_	_	_	_
292-1	PSB149	292	che	che	linguistic	none	_	_	_	_	_	_
292-2	PSB149	292	le	le	linguistic	none	_	_	_	_	_	_
292-3	PSB149	292	botte	botte	linguistic	none	_	_	_	_	_	_
292-4	PSB149	292	che	che	linguistic	none	_	_	_	_	_	_
292-5	PSB149	292	le	le	linguistic	none	_	_	_	_	_	_
292-6	PSB149	292	botte,	botte	linguistic	none	Intonation=weakly_rising	End=741.42	_	_	_	_
293-0	PSB150	293	mh	mh	linguistic	none	_	Begin=741.45|End=741.84	_	_	_	_
294-0	PSB149	294	le	le	linguistic	none	_	Begin=742.8	_	_	_	_
294-1	PSB149	294	prendi::	prendi	linguistic	none	_	_	5x2	_	_	_
294-2	PSB149	294	e	e	linguistic	none	_	_	_	_	_	_
294-3	PSB149	294	guarisci	guarisci	linguistic	none	_	_	_	_	_	_
294-4	PSB149	294	cioè	cioè	linguistic	none	_	_	_	_	_	_
294-5	PSB149	294	ti	ti	linguistic	none	_	_	_	_	_	_
294-6	PSB149	294	fanno	fanno	linguistic	none	_	_	_	_	_	_
294-7	PSB149	294	[solo	solo	linguistic	none	_	_	_	_	_	0-4(34)
294-8	PSB149	294	più]	più	linguistic	none	_	_	_	_	_	0-3(34)
294-9	PSB149	294	forte	forte	linguistic	none	_	End=745.95	_	_	_	_
295-0	PSB150	295	[xx]	x	unknown	none	_	Begin=744.72|End=745.16	_	_	_	0-2(34)
296-0	PSB149	296	non	non	linguistic	none	_	Begin=746.34	_	_	_	_
296-1	PSB149	296	è:	è	linguistic	none	_	_	0x1	_	_	_
296-2	PSB149	296	non	non	linguistic	none	_	_	_	_	_	_
296-3	PSB149	296	è	è	linguistic	none	_	_	_	_	_	_
296-4	PSB149	296	un	un	linguistic	none	_	_	_	_	_	_
296-5	PSB149	296	problema	problema	linguistic	none	_	End=748.15	_	_	_	_
297-0	PSB150	297	no	no	linguistic	none	_	Begin=748.61|End=749.045	_	_	_	_
298-0	PSB149	298	invece	invece	linguistic	none	_	Begin=749.045	_	_	_	_
298-1	PSB149	298	quando	quando	linguistic	none	_	_	_	_	_	_
298-2	PSB149	298	ti	ti	linguistic	none	_	_	_	_	_	_
298-3	PSB149	298	ti	ti	linguistic	none	_	_	_	_	_	_
298-4	PSB149	298	entrano	entrano	linguistic	none	_	_	_	_	_	_
298-5	PSB149	298	nella	nella	linguistic	none	_	_	_	_	_	_
298-6	PSB149	298	testa	testa	linguistic	none	_	End=751.43	_	_	_	_
299-0	PSB150	299	ti	ti	linguistic	none	_	Begin=751.6	_	_	_	_
299-1	PSB150	299	sbagli	sbagli	linguistic	none	_	End=752.173	_	_	_	_
300-0	PSB149	300	eh	eh	linguistic	none	_	Begin=752.19	_	_	_	_
300-1	PSB149	300	no	no	linguistic	none	_	_	_	_	_	_
300-2	PSB149	300	non	non	linguistic	none	_	_	_	_	_	_
300-3	PSB149	300	sbaglio	sbaglio	linguistic	none	_	End=753.407	_	_	_	_
301-0	PSB150	301	la	la	linguistic	none	_	Begin=753.44	_	_	_	_
301-1	PSB150	301	scuola	scuola	linguistic	none	_	_	_	_	_	_
301-2	PSB150	301	da	da	linguistic	none	_	_	_	_	_	_
301-3	PSB150	301	noi	noi	linguistic	none	_	_	_	_	_	_
301-4	PSB150	301	era	era	linguistic	none	_	_	_	_	_	_
301-5	PSB150	301	mh	mh	linguistic	none	_	_	_	_	_	_
301-6	PSB150	301	era	era	linguistic	none	_	_	_	_	_	_
301-7	PSB150	301	un	un	linguistic	none	_	_	_	_	_	_
301-8	PSB150	301	incubo	incubo	linguistic	none	_	_	_	_	_	_
301-9	PSB150	301	altro	altro	linguistic	none	_	_	_	_	_	_
301-10	PSB150	301	che	che	linguistic	none	_	End=757.42	_	_	_	_
302-0	PSB149	302	no	no	linguistic	none	_	Begin=759.66	_	_	_	_
302-1	PSB149	302	ti	ti	linguistic	none	_	_	_	_	_	_
302-2	PSB149	302	sto	sto	linguistic	none	_	_	_	_	_	_
302-3	PSB149	302	solo	solo	linguistic	none	_	_	_	_	_	_
302-4	PSB149	302	dicendo	dicendo	linguistic	none	_	_	_	_	_	_
302-5	PSB149	302	il	il	linguistic	none	_	_	_	_	_	_
302-6	PSB149	302	motivo	motivo	linguistic	none	_	_	_	_	_	_
302-7	PSB149	302	per	per	linguistic	none	_	_	_	_	_	_
302-8	PSB149	302	cui	cui	linguistic	none	_	_	_	_	_	_
302-9	PSB149	302	non	non	linguistic	none	_	_	_	_	_	_
302-10	PSB149	302	avevi	avevi	linguistic	none	_	_	_	_	_	_
302-11	PSB149	302	problemi	problemi	linguistic	none	_	_	_	_	_	_
302-12	PSB149	302	eravate	eravate	linguistic	none	_	_	_	_	_	_
302-13	PSB149	302	tutti	tutti	linguistic	none	_	_	_	_	_	_
302-14	PSB149	302	poveri	poveri	linguistic	none	_	_	_	_	_	_
302-15	PSB149	302	uguali	uguali	linguistic	none	_	End=763.91	_	_	_	_
303-0	PSB149	303	cioè	cioè	linguistic	none	_	Begin=764.36	_	_	_	_
303-1	PSB149	303	l'	l'	linguistic	none	SpaceAfter=No	_	_	_	_	_
303-2	PSB149	303	uniforme	uniforme	linguistic	none	_	_	_	_	_	_
303-3	PSB149	303	cambia	cambia	linguistic	none	_	_	_	_	_	_
303-4	PSB149	303	tanto	tanto	linguistic	none	_	_	_	_	_	_
303-5	PSB149	303	eh	eh	linguistic	none	_	_	_	_	_	_
303-6	PSB149	303	tu~	tu~	linguistic	none	Interrupted=Yes	End=766.333	_	_	_	_
304-0	PSB149	304	in	in	linguistic	none	_	Begin=766.83	_	_	_	_
304-1	PSB149	304	italia	italia	linguistic	none	_	_	_	_	_	_
304-2	PSB149	304	sono	sono	linguistic	none	_	_	_	_	_	_
304-3	PSB149	304	fissati	fissati	linguistic	none	_	_	_	_	_	_
304-4	PSB149	304	con	con	linguistic	none	_	_	_	_	_	_
304-5	PSB149	304	i	i	linguistic	none	_	_	_	_	_	_
304-6	PSB149	304	vestiti	vestiti	linguistic	none	_	_	_	_	_	_
304-7	PSB149	304	infatti	infatti	linguistic	none	_	_	_	_	_	_
304-8	PSB149	304	da	da	linguistic	none	_	_	_	_	_	_
304-9	PSB149	304	lì	lì	linguistic	none	_	_	_	_	_	_
304-10	PSB149	304	poi	poi	linguistic	none	_	_	_	_	_	_
304-11	PSB149	304	partono	partono	linguistic	none	_	_	_	_	_	_
304-12	PSB149	304	tutte	tutte	linguistic	none	_	_	_	_	_	_
304-13	PSB149	304	le	le	linguistic	none	_	_	_	_	_	_
304-14	PSB149	304	turbe	turbe	linguistic	none	_	_	_	_	_	_
304-15	PSB149	304	del	del	linguistic	none	_	End=771.54	_	_	_	_
305-0	PSB149	305	come	come	linguistic	none	_	Begin=771.75	_	_	_	_
305-1	PSB149	305	ti	ti	linguistic	none	_	_	_	_	_	_
305-2	PSB149	305	vesti,	vesti	linguistic	none	Intonation=weakly_rising	_	_	_	_	_
305-3	PSB149	305	guardano	guardano	linguistic	none	_	_	_	_	_	_
305-4	PSB149	305	quello	quello	linguistic	none	_	_	_	_	_	_
305-5	PSB149	305	quello	quello	linguistic	none	_	_	_	_	_	_
305-6	PSB149	305	va::	va	linguistic	none	_	End=774.713	1x2	_	_	_
306-0	PSB150	306	beh	beh	linguistic	none	_	Begin=774.75	_	_	_	_
306-1	PSB150	306	non	non	linguistic	none	_	_	_	_	_	_
306-2	PSB150	306	generalizzare	generalizzare	linguistic	none	_	_	_	_	_	_
306-3	PSB150	306	con	con	linguistic	none	_	_	_	_	_	_
306-4	PSB150	306	tutti	tutti	linguistic	none	_	End=777.06	_	_	_	_
307-0	PSB149	307	no	no	linguistic	none	_	Begin=777.57	_	_	_	_
307-1	PSB149	307	no	no	linguistic	none	_	_	_	_	_	_
307-2	PSB149	307	ogni	ogni	linguistic	none	_	_	_	_	_	_
307-3	PSB149	307	singola	singola	linguistic	none	_	_	_	_	_	_
307-4	PSB149	307	scuola	scuola	linguistic	none	_	_	_	_	_	_
307-5	PSB149	307	è	è	linguistic	none	_	_	_	_	_	_
307-6	PSB149	307	così	così	linguistic	none	_	End=779.993	_	_	_	_
308-0	PSB149	308	gua~	gua~	linguistic	none	Interrupted=Yes	Begin=781.64	_	_	_	_
308-1	PSB149	308	ci	ci	linguistic	none	_	_	_	_	_	_
308-2	PSB149	308	sono	sono	linguistic	none	_	_	_	_	_	_
308-3	PSB149	308	i	i	linguistic	none	_	_	_	_	_	_
308-4	PSB149	308	vestiti	vestiti	linguistic	none	_	_	_	_	_	_
308-5	PSB149	308	che	che	linguistic	none	_	_	_	_	_	_
308-6	PSB149	308	vanno	vanno	linguistic	none	_	_	_	_	_	_
308-7	PSB149	308	di	di	linguistic	none	_	_	_	_	_	_
308-8	PSB149	308	moda,	moda	linguistic	none	Intonation=weakly_rising	End=783.96	_	_	_	_
309-0	PSB150	309	ma	ma	linguistic	none	_	Begin=784.23	_	_	_	_
309-1	PSB150	309	anche	anche	linguistic	none	_	_	_	_	_	_
309-2	PSB150	309	da	da	linguistic	none	_	_	_	_	_	_
309-3	PSB150	309	noi	noi	linguistic	none	_	_	_	_	_	_
309-4	PSB150	309	era	era	linguistic	none	_	_	_	_	_	_
309-5	PSB150	309	così	così	linguistic	none	_	_	_	_	_	_
309-6	PSB150	309	{P}	{P}	shortpause	none	_	_	_	_	_	_
309-7	PSB150	309	cioè	cioè	linguistic	none	_	_	_	_	_	_
309-8	PSB150	309	se	se	linguistic	none	_	_	_	_	_	_
309-9	PSB150	309	tu	tu	linguistic	none	_	_	_	_	_	_
309-10	PSB150	309	avevi	avevi	linguistic	none	_	_	_	_	_	_
309-11	PSB150	309	un	un	linguistic	none	_	_	_	_	_	_
309-12	PSB150	309	vestito	vestito	linguistic	none	_	_	_	_	_	_
309-13	PSB150	309	meglio	meglio	linguistic	none	_	_	_	_	_	_
309-14	PSB150	309	di	di	linguistic	none	_	_	_	_	_	_
309-15	PSB150	309	qualcun	qualcun	linguistic	none	_	_	_	_	_	_
309-16	PSB150	309	altro	altro	linguistic	none	_	_	_	_	_	_
309-17	PSB150	309	eri	eri	linguistic	none	_	_	_	_	_	_
309-18	PSB150	309	preso	preso	linguistic	none	_	_	_	_	_	_
309-19	PSB150	309	in	in	linguistic	none	_	_	_	_	_	_
309-20	PSB150	309	giro	giro	linguistic	none	_	End=790.2	_	_	_	_
310-0	PSB150	310	ma	ma	linguistic	none	_	Begin=790.65	_	_	_	_
310-1	PSB150	310	non	non	linguistic	none	_	_	_	_	_	_
310-2	PSB150	310	credere	credere	linguistic	none	_	End=791.88	_	_	_	_
311-0	PSB150	311	è	è	linguistic	none	_	Begin=793.1	_	_	_	_
311-1	PSB150	311	la	la	linguistic	none	_	_	_	_	_	_
311-2	PSB150	311	stessa	stessa	linguistic	none	_	_	_	_	_	_
311-3	PSB150	311	cosa	cosa	linguistic	none	_	End=794.69	_	_	_	_
312-0	PSB149	312	avevate	avevate	linguistic	none	_	Begin=795.17	_	_	_	_
312-1	PSB149	312	le	le	linguistic	none	_	_	_	_	_	_
312-2	PSB149	312	uniformi	uniformi	linguistic	none	_	End=796.27	_	_	_	_
313-0	PSB150	313	che	che	linguistic	none	_	Begin=797.91	_	_	_	_
313-1	PSB150	313	c'	c'	linguistic	none	SpaceAfter=No	_	_	_	_	_
313-2	PSB150	313	entra	entra	linguistic	none	_	_	_	_	_	_
313-3	PSB150	313	io	io	linguistic	none	_	_	_	_	_	_
313-4	PSB150	313	avevo	avevo	linguistic	none	_	_	_	_	_	_
313-5	PSB150	313	i	i	linguistic	none	_	_	_	_	_	_
313-6	PSB150	313	primi	primi	linguistic	none	_	_	_	_	_	_
313-7	PSB150	313	jeans	jeans	linguistic	none	_	_	_	_	_	_
313-8	PSB150	313	mi	mi	linguistic	none	_	_	_	_	_	_
313-9	PSB150	313	insultavano	insultavano	linguistic	none	_	_	_	_	_	_
313-10	PSB150	313	perché	perché	linguistic	none	_	_	_	_	_	_
313-11	PSB150	313	io	io	linguistic	none	_	_	_	_	_	_
313-12	PSB150	313	avevo	avevo	linguistic	none	_	_	_	_	_	_
313-13	PSB150	313	i	i	linguistic	none	_	_	_	_	_	_
313-14	PSB150	313	jeans	jeans	linguistic	none	_	End=801.95	_	_	_	_
314-0	PSB149	314	ti	ti	linguistic	none	_	Begin=802.61	_	_	_	_
314-1	PSB149	314	insultavano	insultavano	linguistic	none	_	_	_	_	_	_
314-2	PSB149	314	al	al	linguistic	none	_	_	_	_	_	_
314-3	PSB149	314	contrario	contrario	linguistic	none	_	End=804.14	_	_	_	_
315-0	PSB149	315	sì	sì	linguistic	none	_	Begin=805.98	_	_	_	_
315-1	PSB149	315	qua	qua	linguistic	none	_	_	_	_	_	_
315-2	PSB149	315	qua	qua	linguistic	none	_	_	_	_	_	_
315-3	PSB149	315	invece	invece	linguistic	none	_	_	_	_	_	_
315-4	PSB149	315	se	se	linguistic	none	_	_	_	_	_	_
315-5	PSB149	315	non	non	linguistic	none	_	_	_	_	_	_
315-6	PSB149	315	hai	hai	linguistic	none	_	_	_	_	_	_
315-7	PSB149	315	i	i	linguistic	none	_	_	_	_	_	_
315-8	PSB149	315	jeans	jeans	linguistic	none	_	_	_	_	_	_
315-9	PSB149	315	ti	ti	linguistic	none	_	_	_	_	_	_
315-10	PSB149	315	insultano	insultano	linguistic	none	_	_	_	_	_	_
315-11	PSB149	315	perché	perché	linguistic	none	_	_	_	_	_	_
315-12	PSB149	315	sei	sei	linguistic	none	_	_	_	_	_	_
315-13	PSB149	315	un	un	linguistic	none	_	_	_	_	_	_
315-14	PSB149	315	povero,	povero	linguistic	none	Intonation=weakly_rising	_	_	_	_	_
315-15	PSB149	315	sei	sei	linguistic	none	_	_	_	_	_	_
315-16	PSB149	315	[sei:	sei	linguistic	none	_	_	2x1	_	_	0-3(35)
315-17	PSB149	315	uno	uno	linguistic	none	_	_	_	_	_	0-3(35)
315-18	PSB149	315	sfigato],	sfigato	linguistic	none	Intonation=weakly_rising	End=811.36	_	_	_	0-7(35)
316-0	PSB150	316	[ma	ma	linguistic	none	_	Begin=810.37	_	_	_	0-2(35)
316-1	PSB150	316	se	se	linguistic	none	_	_	_	_	_	0-2(35)
316-2	PSB150	316	son	son	linguistic	none	_	_	_	_	_	0-3(35)
316-3	PSB150	316	sempre	sempre	linguistic	none	_	_	_	_	_	0-6(35)
316-4	PSB150	316	insu]lti	insulti	linguistic	none	_	_	_	_	_	0-4(35)
316-5	PSB150	316	eh	eh	linguistic	none	_	End=812.36	_	_	_	_
317-0	PSB150	317	[non	non	linguistic	none	_	Begin=812.43	_	_	_	0-3(36)
317-1	PSB150	317	è	è	linguistic	none	_	_	_	_	_	0-1(36)
317-2	PSB150	317	che	che	linguistic	none	_	_	_	_	_	0-3(36)
317-3	PSB150	317	ho:]	ho	linguistic	none	_	End=813.47	1x1	_	_	0-2(36)
318-0	PSB149	318	[perché	perché	linguistic	none	_	Begin=812.55	_	_	_	0-6(36)
318-1	PSB149	318	non	non	linguistic	none	_	_	_	_	_	0-3(36)
318-2	PSB149	318	hai	hai	linguistic	none	_	_	_	_	_	0-3(36)
318-3	PSB149	318	il	il	linguistic	none	_	_	_	_	_	0-2(36)
318-4	PSB149	318	motori]no,	motorino	linguistic	none	Intonation=weakly_rising	_	_	_	_	0-6(36)
318-5	PSB149	318	non	non	linguistic	none	_	_	_	_	_	_
318-6	PSB149	318	hai	hai	linguistic	none	_	_	_	_	_	_
318-7	PSB149	318	quello	quello	linguistic	none	_	_	_	_	_	_
318-8	PSB149	318	no	no	linguistic	none	_	_	_	_	_	_
318-9	PSB149	318	no	no	linguistic	none	_	End=815.3	_	_	_	_
319-0	PSB150	319	eh	eh	linguistic	none	_	Begin=815.3|End=815.57	_	_	_	_
320-0	PSB149	320	cambia	cambia	linguistic	none	_	Begin=815.68	_	_	_	_
320-1	PSB149	320	tutto	tutto	linguistic	none	_	_	_	_	_	_
320-2	PSB149	320	eh	eh	linguistic	none	_	_	_	_	_	_
320-3	PSB149	320	non:	non	linguistic	none	_	_	2x1	_	_	_
320-4	PSB149	320	[non	non	linguistic	none	_	_	_	_	_	0-3(37)
320-5	PSB149	320	hai	hai	linguistic	none	_	_	_	_	_	0-3(37)
320-6	PSB149	320	non	non	linguistic	none	_	_	_	_	_	0-3(37)
320-7	PSB149	320	hai	hai	linguistic	none	_	_	_	_	_	0-3(37)
320-8	PSB149	320	sperimenta]to	sperimentato	linguistic	none	_	_	_	_	_	0-10(37)
320-9	PSB149	320	quindi	quindi	linguistic	none	_	_	_	_	_	_
320-10	PSB149	320	non:	non	linguistic	none	_	End=819.47	2x1	_	_	_
321-0	PSB150	321	[bravo	bravo	linguistic	none	_	Begin=817.08	_	_	_	0-5(37)
321-1	PSB150	321	bravo]	bravo	linguistic	none	_	End=818.34	_	_	_	0-5(37)
322-0	PSB150	322	[ma	ma	linguistic	none	_	Begin=819.82	_	_	_	0-2(38)
322-1	PSB150	322	eh	eh	linguistic	none	_	_	_	_	_	0-2(38)
322-2	PSB150	322	in	in	linguistic	none	_	_	_	_	_	0-2(38)
322-3	PSB150	322	italia]	italia	linguistic	none	_	_	_	_	_	0-6(38)
322-4	PSB150	322	tu:	tu	linguistic	none	_	_	1x1	_	_	_
322-5	PSB150	322	vuoi	vuoi	linguistic	none	_	_	_	_	_	_
322-6	PSB150	322	avere	avere	linguistic	none	_	_	_	_	_	_
322-7	PSB150	322	ragione	ragione	linguistic	none	_	_	_	_	_	_
322-8	PSB150	322	anche	anche	linguistic	none	_	_	_	_	_	_
322-9	PSB150	322	quando	quando	linguistic	none	_	_	_	_	_	_
322-10	PSB150	322	non	non	linguistic	none	_	_	_	_	_	_
322-11	PSB150	322	puoi	puoi	linguistic	none	_	_	_	_	_	_
322-12	PSB150	322	avere	avere	linguistic	none	_	_	_	_	_	_
322-13	PSB150	322	ragione	ragione	linguistic	none	_	End=825.35	_	_	_	_
323-0	PSB149	323	[non	non	linguistic	none	_	Begin=819.85	_	_	_	0-3(38)
323-1	PSB149	323	puoi	puoi	linguistic	none	_	_	_	_	_	0-4(38)
323-2	PSB149	323	dire]	dire	linguistic	none	_	End=820.92	_	_	_	0-4(38)
324-0	PSB150	324	nel	nel	linguistic	none	_	Begin=825.36	_	_	_	_
324-1	PSB150	324	senso	senso	linguistic	none	_	_	_	_	_	_
324-2	PSB150	324	devi	devi	linguistic	none	_	_	_	_	_	_
324-3	PSB150	324	pensare	pensare	linguistic	none	_	End=827.52	_	_	_	_
325-0	PSB150	325	non	non	linguistic	none	_	Begin=828.82	_	_	_	_
325-1	PSB150	325	pensare	pensare	linguistic	none	_	_	_	_	_	_
325-2	PSB150	325	che	che	linguistic	none	_	_	_	_	_	_
325-3	PSB150	325	solo	solo	linguistic	none	_	_	_	_	_	_
325-4	PSB150	325	qua	qua	linguistic	none	_	End=830.64	_	_	_	_
326-0	PSB149	326	no	no	linguistic	none	_	Begin=832.24	_	_	_	_
326-1	PSB149	326	non	non	linguistic	none	_	_	_	_	_	_
326-2	PSB149	326	è	è	linguistic	none	_	_	_	_	_	_
326-3	PSB149	326	che	che	linguistic	none	_	_	_	_	_	_
326-4	PSB149	326	[solo	solo	linguistic	none	_	_	_	_	_	0-4(39)
326-5	PSB149	326	qua]	qua	linguistic	none	_	End=833.66	_	_	_	0-3(39)
327-0	PSB150	327	[hanno	hanno	linguistic	none	_	Begin=832.71	_	_	_	0-5(39)
327-1	PSB150	327	soffer]to	sofferto	linguistic	none	_	_	_	_	_	0-6(39)
327-2	PSB150	327	bam[bini]	bambini	linguistic	none	_	End=835.08	_	_	_	3-7(40)
328-0	PSB149	328	[non	non	linguistic	none	_	Begin=834.67	_	_	_	0-3(40)
328-1	PSB149	328	ho	ho	linguistic	none	_	_	_	_	_	0-2(40)
328-2	PSB149	328	m]ai	mai	linguistic	none	_	_	_	_	_	0-1(40)
328-3	PSB149	328	detto	detto	linguistic	none	_	_	_	_	_	_
328-4	PSB149	328	questo	questo	linguistic	none	_	_	_	_	_	_
328-5	PSB149	328	ti	ti	linguistic	none	_	_	_	_	_	_
328-6	PSB149	328	sto	sto	linguistic	none	_	_	_	_	_	_
328-7	PSB149	328	solo	solo	linguistic	none	_	_	_	_	_	_
328-8	PSB149	328	dicendo	dicendo	linguistic	none	_	_	_	_	_	_
328-9	PSB149	328	e:	e	linguistic	none	_	_	0x1	_	_	_
328-10	PSB149	328	parlando	parlando	linguistic	none	_	_	_	_	_	_
328-11	PSB149	328	del	del	linguistic	none	_	_	_	_	_	_
328-12	PSB149	328	fatto	fatto	linguistic	none	_	_	_	_	_	_
328-13	PSB149	328	che	che	linguistic	none	_	End=838.77	_	_	_	_
329-0	PSB149	329	e::	e	linguistic	none	_	Begin=839.36	0x2	_	_	_
329-1	PSB149	329	[è	è	linguistic	none	_	_	_	_	_	0-1(41)
329-2	PSB149	329	molto	molto	linguistic	none	_	_	_	_	_	0-5(41)
329-3	PSB149	329	facile	facile	linguistic	none	_	_	_	_	_	0-6(41)
329-4	PSB149	329	e]	e	linguistic	none	_	End=841.77	_	_	_	0-1(41)
330-0	PSB150	330	[non	non	linguistic	none	_	Begin=839.8	_	_	_	0-3(41)
330-1	PSB150	330	avevamo	avevamo	linguistic	none	_	_	_	_	_	0-7(41)
330-2	PSB150	330	xxtuali	xxtuali	linguistic	none	_	_	_	_	_	0-7(41)
330-3	PSB150	330	l'	l'	linguistic	none	SpaceAfter=No	_	_	_	_	0-2(41)
330-4	PSB150	330	invi]dia	invidia	linguistic	none	_	_	_	_	_	0-4(41)
330-5	PSB150	330	c'	c'	linguistic	none	SpaceAfter=No	_	_	_	_	_
330-6	PSB150	330	era	era	linguistic	none	_	_	_	_	_	_
330-7	PSB150	330	dappertutto	dappertutto	linguistic	none	_	_	_	_	_	_
330-8	PSB150	330	anche	anche	linguistic	none	_	_	_	_	_	_
330-9	PSB150	330	se	se	linguistic	none	_	_	_	_	_	_
330-10	PSB150	330	era	era	linguistic	none	_	_	_	_	_	_
330-11	PSB150	330	l'	l'	linguistic	none	SpaceAfter=No	_	_	_	_	_
330-12	PSB150	330	uniforme	uniforme	linguistic	none	_	_	_	_	_	_
330-13	PSB150	330	che	che	linguistic	none	_	_	_	_	_	_
330-14	PSB150	330	c'	c'	linguistic	none	SpaceAfter=No	_	_	_	_	_
330-15	PSB150	330	entra	entra	linguistic	none	_	End=845.98	_	_	_	_
331-0	PSB149	331	sì	sì	linguistic	none	_	Begin=847.04	_	_	_	_
331-1	PSB149	331	sì	sì	linguistic	none	_	_	_	_	_	_
331-2	PSB149	331	no	no	linguistic	none	_	_	_	_	_	_
331-3	PSB149	331	immaginati	immaginati	linguistic	none	_	_	_	_	_	_
331-4	PSB149	331	ampliato	ampliato	linguistic	none	_	_	_	_	_	_
331-5	PSB149	331	ancora	ancora	linguistic	none	_	_	_	_	_	_
331-6	PSB149	331	di	di	linguistic	none	_	_	_	_	_	_
331-7	PSB149	331	più	più	linguistic	none	_	End=849.63	_	_	_	_
332-0	PSB149	332	la	la	linguistic	none	_	Begin=850.18	_	_	_	_
332-1	PSB149	332	cattiveria	cattiveria	linguistic	none	_	_	_	_	_	_
332-2	PSB149	332	dei	dei	linguistic	none	_	_	_	_	_	_
332-3	PSB149	332	bambini	bambini	linguistic	none	_	_	_	_	_	_
332-4	PSB149	332	è:	è	linguistic	none	_	End=852.46	0x1	_	_	_
333-0	PSB149	333	me~	me~	linguistic	none	Interrupted=Yes	Begin=852.98	_	_	_	_
333-1	PSB149	333	a~	a~	linguistic	none	Interrupted=Yes	_	_	_	_	_
333-2	PSB149	333	applicata	applicata	linguistic	none	_	_	_	_	_	_
333-3	PSB149	333	al	al	linguistic	none	_	_	_	_	_	_
333-4	PSB149	333	fatto	fatto	linguistic	none	_	_	_	_	_	_
333-5	PSB149	333	che	che	linguistic	none	_	_	_	_	_	_
333-6	PSB149	333	puzzi,	puzzi	linguistic	none	Intonation=weakly_rising	End=855.37	_	_	_	_
334-0	PSB149	334	perché	perché	linguistic	none	_	Begin=856.0	_	_	_	_
334-1	PSB149	334	c'	c'	linguistic	none	SpaceAfter=No	_	_	_	_	_
334-2	PSB149	334	hai	hai	linguistic	none	_	_	_	_	_	_
334-3	PSB149	334	i	i	linguistic	none	_	_	_	_	_	_
334-4	PSB149	334	vestiti	vestiti	linguistic	none	_	_	_	_	_	_
334-5	PSB149	334	che	che	linguistic	none	_	_	_	_	_	_
334-6	PSB149	334	san	san	linguistic	none	_	_	_	_	_	_
334-7	PSB149	334	di	di	linguistic	none	_	_	_	_	_	_
334-8	PSB149	334	umido::	umido	linguistic	none	_	End=858.29	4x2	_	_	_
335-0	PSB149	335	che	che	linguistic	none	_	Begin=858.97	_	_	_	_
335-1	PSB149	335	vedi	vedi	linguistic	none	_	End=859.727	_	_	_	_
336-0	PSB150	336	xx	x	unknown	none	_	Begin=859.78	_	_	_	_
336-1	PSB150	336	seh	seh	linguistic	none	_	End=860.64	_	_	_	_
337-0	PSB149	337	sotto	sotto	linguistic	none	_	Begin=860.79	_	_	_	_
337-1	PSB149	337	casa	casa	linguistic	none	_	_	_	_	_	_
337-2	PSB149	337	{P}	{P}	shortpause	none	_	_	_	_	_	_
337-3	PSB149	337	eh	eh	linguistic	none	_	End=862.07	_	_	_	_
338-0	PSB149	338	come::	come	linguistic	none	_	Begin=862.2	3x2	_	_	_
338-1	PSB149	338	come	come	linguistic	none	_	_	_	_	_	_
338-2	PSB149	338	kateryna	kateryna	linguistic	none	_	End=864.19	_	_	_	_
339-0	PSB149	339	che	che	linguistic	none	_	Begin=865.29	_	_	_	_
339-1	PSB149	339	l~	l~	linguistic	none	Interrupted=Yes	_	_	_	_	_
339-2	PSB149	339	lo	lo	linguistic	none	_	_	_	_	_	_
339-3	PSB149	339	prendevano	prendevano	linguistic	none	_	_	_	_	_	_
339-4	PSB149	339	in	in	linguistic	none	_	_	_	_	_	_
339-5	PSB149	339	giro	giro	linguistic	none	_	End=866.893	_	_	_	_
340-0	PSB150	340	mh	mh	linguistic	none	_	Begin=866.91|End=867.11	_	_	_	_
341-0	PSB149	341	per	per	linguistic	none	_	Begin=867.11	_	_	_	_
341-1	PSB149	341	i	i	linguistic	none	_	_	_	_	_	_
341-2	PSB149	341	vestiti	vestiti	linguistic	none	_	_	_	_	_	_
341-3	PSB149	341	che	che	linguistic	none	_	_	_	_	_	_
341-4	PSB149	341	puzzavano	puzzavano	linguistic	none	_	_	_	_	_	_
341-5	PSB149	341	di	di	linguistic	none	_	_	_	_	_	_
341-6	PSB149	341	umido	umido	linguistic	none	_	_	_	_	_	_
341-7	PSB149	341	{P}	{P}	shortpause	none	_	_	_	_	_	_
341-8	PSB149	341	perché	perché	linguistic	none	_	_	_	_	_	_
341-9	PSB149	341	la	la	linguistic	none	_	_	_	_	_	_
341-10	PSB149	341	casa	casa	linguistic	none	_	_	_	_	_	_
341-11	PSB149	341	sapeva	sapeva	linguistic	none	_	_	_	_	_	_
341-12	PSB149	341	di	di	linguistic	none	_	_	_	_	_	_
341-13	PSB149	341	umido	umido	linguistic	none	_	End=870.93	_	_	_	_
342-0	PSB150	342	[xxxxxxx]	x	unknown	none	_	Begin=871.57|End=873.11	_	_	_	0-7(42)
343-0	PSB149	343	[ah	ah	linguistic	none	_	Begin=871.61	_	_	_	0-2(42)
343-1	PSB149	343	e	e	linguistic	none	_	_	_	_	_	0-1(42)
343-2	PSB149	343	sei	sei	linguistic	none	_	_	_	_	_	0-3(42)
343-3	PSB149	343	povero]	povero	linguistic	none	_	_	_	_	_	0-6(42)
343-4	PSB149	343	sei	sei	linguistic	none	_	_	_	_	_	_
343-5	PSB149	343	immigrato	immigrato	linguistic	none	_	_	_	_	_	_
343-6	PSB149	343	sei	sei	linguistic	none	_	_	_	_	_	_
343-7	PSB149	343	quello	quello	linguistic	none	_	_	_	_	_	_
343-8	PSB149	343	guarda	guarda	linguistic	none	_	_	_	_	_	_
343-9	PSB149	343	che	che	linguistic	none	_	_	_	_	_	_
343-10	PSB149	343	c'	c'	linguistic	none	SpaceAfter=No	_	_	_	_	_
343-11	PSB149	343	è	è	linguistic	none	_	End=875.06	_	_	_	_
344-0	PSB150	344	ma	ma	linguistic	none	_	Begin=875.24	_	_	_	_
344-1	PSB150	344	che	che	linguistic	none	_	_	_	_	_	_
344-2	PSB150	344	[si	si	linguistic	none	_	_	_	_	_	0-2(43)
344-3	PSB150	344	fotte]	fotte	linguistic	none	_	End=876.53	_	_	_	0-5(43)
345-0	PSB149	345	[è	è	linguistic	none	_	Begin=875.77	_	_	_	0-1(43)
345-1	PSB149	345	un	un	linguistic	none	_	_	_	_	_	0-2(43)
345-2	PSB149	345	è	è	linguistic	none	_	_	_	_	_	0-1(43)
345-3	PSB149	345	un	un	linguistic	none	_	_	_	_	_	0-2(43)
345-4	PSB149	345	paes]e	paese	linguistic	none	_	_	_	_	_	0-4(43)
345-5	PSB149	345	di	di	linguistic	none	_	_	_	_	_	_
345-6	PSB149	345	razzisti	razzisti	linguistic	none	_	_	_	_	_	_
345-7	PSB149	345	ques[to]	questo	linguistic	none	_	End=877.89	_	_	_	4-6(44)
346-0	PSB150	346	[u~]	u~	linguistic	none	Interrupted=Yes	Begin=877.71|End=877.98	_	_	_	0-2(44)
347-0	PSB150	347	[una]	una	linguistic	none	_	Begin=878.34|End=878.92	_	_	_	0-3(45)
348-0	PSB149	348	[i	i	linguistic	none	_	Begin=878.43	_	_	_	0-1(45)
348-1	PSB149	348	genitori]	genitori	linguistic	none	_	_	_	_	_	0-8(45)
348-2	PSB149	348	insegnano	insegnano	linguistic	none	_	_	_	_	_	_
348-3	PSB149	348	questo	questo	linguistic	none	_	_	_	_	_	_
348-4	PSB149	348	i	i	linguistic	none	_	_	_	_	_	_
348-5	PSB149	348	bambini	bambini	linguistic	none	_	_	_	_	_	_
348-6	PSB149	348	applicano	applicano	linguistic	none	_	_	_	_	_	_
348-7	PSB149	348	e:	e	linguistic	none	_	End=881.83	0x1	_	_	_
349-0	PSB150	349	no	no	linguistic	none	_	Begin=882.54	_	_	_	_
349-1	PSB150	349	[non	non	linguistic	none	_	_	_	_	_	0-3(46)
349-2	PSB150	349	non	non	linguistic	none	_	_	_	_	_	0-3(46)
349-3	PSB150	349	tutti	tutti	linguistic	none	_	_	_	_	_	0-5(46)
349-4	PSB150	349	i	i	linguistic	none	_	_	_	_	_	0-1(46)
349-5	PSB150	349	genito]ri	genitori	linguistic	none	_	_	_	_	_	0-6(46)
349-6	PSB150	349	insegnano	insegnano	linguistic	none	_	_	_	_	_	_
349-7	PSB150	349	questo,	questo	linguistic	none	Intonation=weakly_rising	_	_	_	_	_
349-8	PSB150	349	non	non	linguistic	none	_	_	_	_	_	_
349-9	PSB150	349	è	è	linguistic	none	_	_	_	_	_	_
349-10	PSB150	349	vero	vero	linguistic	none	_	End=887.48	_	_	_	_
350-0	PSB149	350	[si	si	linguistic	none	_	Begin=883.35	_	_	_	0-2(46)
350-1	PSB149	350	fa	fa	linguistic	none	_	_	_	_	_	0-2(46)
350-2	PSB149	350	fatica	fatica	linguistic	none	_	_	_	_	_	0-6(46)
350-3	PSB149	350	eh]	eh	linguistic	none	_	End=884.49	_	_	_	0-2(46)
351-0	PSB150	351	[ci	ci	linguistic	none	_	Begin=887.57	_	_	_	0-2(47)
351-1	PSB150	351	sono	sono	linguistic	none	_	_	_	_	_	0-4(47)
351-2	PSB150	351	anche	anche	linguistic	none	_	_	_	_	_	0-5(47)
351-3	PSB150	351	bravi	bravi	linguistic	none	_	_	_	_	_	0-5(47)
351-4	PSB150	351	per]sone	persone	linguistic	none	_	End=889.18	_	_	_	0-3(47)
352-0	PSB149	352	[sì	sì	linguistic	none	_	Begin=887.64	_	_	_	0-2(47)
352-1	PSB149	352	sì	sì	linguistic	none	_	_	_	_	_	0-2(47)
352-2	PSB149	352	no	no	linguistic	none	_	_	_	_	_	0-2(47)
352-3	PSB149	352	per	per	linguistic	none	_	_	_	_	_	0-3(47)
352-4	PSB149	352	carità]	carità	linguistic	none	_	End=888.91	_	_	_	0-6(47)
353-0	PSB149	353	io	io	linguistic	none	_	Begin=889.56	_	_	_	_
353-1	PSB149	353	io	io	linguistic	none	_	_	_	_	_	_
353-2	PSB149	353	non	non	linguistic	none	_	_	_	_	_	_
353-3	PSB149	353	sono	sono	linguistic	none	_	_	_	_	_	_
353-4	PSB149	353	sono	sono	linguistic	none	_	_	_	_	_	_
353-5	PSB149	353	un	un	linguistic	none	_	_	_	_	_	_
353-6	PSB149	353	[esempio]	esempio	linguistic	none	_	End=891.73	_	_	_	0-7(48)
354-0	PSB150	354	[eh]	eh	linguistic	none	_	Begin=890.95|End=891.38	_	_	_	0-2(48)
355-0	PSB149	355	però	però	linguistic	none	_	Begin=892.77	_	_	_	_
355-1	PSB149	355	è	è	linguistic	none	_	_	_	_	_	_
355-2	PSB149	355	{P}	{P}	shortpause	none	_	_	_	_	_	_
355-3	PSB149	355	è	è	linguistic	none	_	_	_	_	_	_
355-4	PSB149	355	pieno	pieno	linguistic	none	_	_	_	_	_	_
355-5	PSB149	355	pieno	pieno	linguistic	none	_	_	_	_	_	_
355-6	PSB149	355	alle	alle	linguistic	none	_	_	_	_	_	_
355-7	PSB149	355	superiori	superiori	linguistic	none	_	_	_	_	_	_
355-8	PSB149	355	era	era	linguistic	none	_	_	_	_	_	_
355-9	PSB149	355	così	così	linguistic	none	_	_	_	_	_	_
355-10	PSB149	355	eh	eh	linguistic	none	_	End=896.84	_	_	_	_
356-0	PSB150	356	se	se	linguistic	none	_	Begin=898.53	_	_	_	_
356-1	PSB150	356	fossero	fossero	linguistic	none	_	_	_	_	_	_
356-2	PSB150	356	(due)	due	linguistic	none	_	_	_	_	0-3(0)	_
356-3	PSB150	356	li	li	linguistic	none	_	_	_	_	_	_
356-4	PSB150	356	avrei	avrei	linguistic	none	_	_	_	_	_	_
356-5	PSB150	356	menati	menati	linguistic	none	_	_	_	_	_	_
356-6	PSB150	356	guarda	guarda	linguistic	none	_	End=901.43	_	_	_	_
357-0	PSB150	357	le~	le~	linguistic	none	Interrupted=Yes	Begin=901.74	_	_	_	_
357-1	PSB150	357	non	non	linguistic	none	_	_	_	_	_	_
357-2	PSB150	357	ha	ha	linguistic	none	_	_	_	_	_	_
357-3	PSB150	357	xx	x	unknown	none	_	End=903.85	_	_	_	_
358-0	PSB149	358	eh	eh	linguistic	none	_	Begin=903.88|End=904.2	_	_	_	_
359-0	PSB150	359	ah	ah	linguistic	none	_	Begin=904.22	_	_	_	_
359-1	PSB150	359	ho	ho	linguistic	none	_	_	_	_	_	_
359-2	PSB150	359	messo	messo	linguistic	none	_	_	_	_	_	_
359-3	PSB150	359	nero	nero	linguistic	none	_	End=905.133	_	_	_	_
360-0	PSB149	360	forse	forse	linguistic	none	_	Begin=905.22|End=905.75	_	_	_	_
361-0	PSB150	361	mh?	mh	linguistic	none	Intonation=rising	Begin=906.31|End=906.69	_	_	_	_
362-0	PSB149	362	forse	forse	linguistic	none	_	Begin=907.15|End=907.66	_	_	_	_
363-0	PSB150	363	e	e	linguistic	none	_	Begin=907.83	_	_	_	_
363-1	PSB150	363	vedrai	vedrai	linguistic	none	_	_	_	_	_	_
363-2	PSB150	363	che	che	linguistic	none	_	_	_	_	_	_
363-3	PSB150	363	dopo	dopo	linguistic	none	_	_	_	_	_	_
363-4	PSB150	363	avrebbero	avrebbero	linguistic	none	_	_	_	_	_	_
363-5	PSB150	363	smesso	smesso	linguistic	none	_	_	_	_	_	_
363-6	PSB150	363	perché	perché	linguistic	none	_	_	_	_	_	_
363-7	PSB150	363	sono	sono	linguistic	none	_	_	_	_	_	_
363-8	PSB150	363	tutti:	tutti	linguistic	none	_	_	4x1	_	_	_
363-9	PSB150	363	{P}	{P}	shortpause	none	_	_	_	_	_	_
363-10	PSB150	363	vigliacchi	vigliacchi	linguistic	none	_	End=913.21	_	_	_	_
364-0	PSB150	364	solo	solo	linguistic	none	_	Begin=913.55	_	_	_	_
364-1	PSB150	364	a	a	linguistic	none	_	_	_	_	_	_
364-2	PSB150	364	parole	parole	linguistic	none	_	_	_	_	_	_
364-3	PSB150	364	grave	grave	linguistic	none	_	_	_	_	_	_
364-4	PSB150	364	xxxx	x	unknown	none	_	End=916.62	_	_	_	_
365-0	PSB150	365	se	se	linguistic	none	_	Begin=916.72	_	_	_	_
365-1	PSB150	365	li	li	linguistic	none	_	_	_	_	_	_
365-2	PSB150	365	prendi	prendi	linguistic	none	_	_	_	_	_	_
365-3	PSB150	365	uno	uno	linguistic	none	_	_	_	_	_	_
365-4	PSB150	365	per	per	linguistic	none	_	_	_	_	_	_
365-5	PSB150	365	uno,	uno	linguistic	none	Intonation=weakly_rising	End=918.207	_	_	_	_
366-0	PSB149	366	sì	sì	linguistic	none	_	Begin=918.31	_	_	_	_
366-1	PSB149	366	sì	sì	linguistic	none	_	_	_	_	_	_
366-2	PSB149	366	lo	lo	linguistic	none	_	_	_	_	_	_
366-3	PSB149	366	so	so	linguistic	none	_	End=918.86	_	_	_	_
367-0	PSB150	367	vedrai	vedrai	linguistic	none	_	Begin=918.87	_	_	_	_
367-1	PSB150	367	che	che	linguistic	none	_	_	_	_	_	_
367-2	PSB150	367	li	li	linguistic	none	_	_	_	_	_	_
367-3	PSB150	367	passa	passa	linguistic	none	_	_	_	_	_	_
367-4	PSB150	367	la	la	linguistic	none	_	_	_	_	_	_
367-5	PSB150	367	paura	paura	linguistic	none	_	End=920.77	_	_	_	_
368-0	PSB150	368	kohda	kohda	linguistic	all	Language=NO_ISO_CODE	Begin=922.61	_	_	_	_
368-1	PSB150	368	rot	rot	linguistic	all	Language=NO_ISO_CODE	_	_	_	_	_
368-2	PSB150	368	otkroesh	otkroesh	linguistic	all	Language=NO_ISO_CODE	_	_	_	_	_
368-3	PSB150	368	tebia	tebia	linguistic	all	Language=NO_ISO_CODE	_	_	_	_	_
368-4	PSB150	368	vse	vse	linguistic	all	Language=NO_ISO_CODE	_	_	_	_	_
368-5	PSB150	368	boiatsia uzhe	boiatsia uzhe	linguistic	all	Language=NO_ISO_CODE	End=925.47	_	_	_	_
370-0	PSB149	370	ah	ah	linguistic	none	_	Begin=925.48	_	_	_	_
370-1	PSB149	370	quello	quello	linguistic	none	_	_	_	_	_	_
370-2	PSB149	370	sì	sì	linguistic	none	_	End=926.27	_	_	_	_
371-0	PSB149	371	però	però	linguistic	none	_	Begin=929.82	_	_	_	_
371-1	PSB149	371	ecco	ecco	linguistic	none	_	_	_	_	_	_
371-2	PSB149	371	{P}	{P}	shortpause	none	_	_	_	_	_	_
371-3	PSB149	371	sono	sono	linguistic	none	_	_	_	_	_	_
371-4	PSB149	371	stronzate	stronzate	linguistic	none	_	_	_	_	_	_
371-5	PSB149	371	che	che	linguistic	none	_	End=932.76	_	_	_	_
372-0	PSB150	372	no	no	linguistic	none	_	Begin=933.0|End=933.38	_	_	_	_
373-0	PSB149	373	che	che	linguistic	none	_	Begin=934.11	_	_	_	_
373-1	PSB149	373	possono	possono	linguistic	none	_	_	_	_	_	_
373-2	PSB149	373	far	far	linguistic	none	_	_	_	_	_	_
373-3	PSB149	373	perdere	perdere	linguistic	none	_	_	_	_	_	_
373-4	PSB149	373	la	la	linguistic	none	_	_	_	_	_	_
373-5	PSB149	373	vita	vita	linguistic	none	_	_	_	_	_	_
373-6	PSB149	373	volendo	volendo	linguistic	none	_	End=936.4	_	_	_	_
374-0	PSB150	374	eh	eh	linguistic	none	_	Begin=936.41	_	_	_	_
374-1	PSB150	374	adesso	adesso	linguistic	none	_	End=937.68	_	_	_	_
375-0	PSB149	375	eh	eh	linguistic	none	_	Begin=937.88	_	_	_	_
375-1	PSB149	375	sì	sì	linguistic	none	_	_	_	_	_	_
375-2	PSB149	375	eh	eh	linguistic	none	_	End=938.89	_	_	_	_
376-0	PSB150	376	°l'	l'	linguistic	none	SpaceAfter=No|Volume=low	Begin=941.59	_	_	_	_
376-1	PSB150	376	han	han	linguistic	none	Volume=low	_	_	_	_	_
376-2	PSB150	376	passato	passato	linguistic	none	Volume=low	_	_	_	_	_
376-3	PSB150	376	tutti	tutti	linguistic	none	Volume=low	_	_	_	_	_
376-4	PSB150	376	non	non	linguistic	none	Volume=low	_	_	_	_	_
376-5	PSB150	376	è	è	linguistic	none	Volume=low	_	_	_	_	_
376-6	PSB150	376	che	che	linguistic	none	Volume=low	_	_	_	_	_
376-7	PSB150	376	adesso°	adesso	linguistic	none	Volume=low	End=944.52	_	_	_	_
377-0	PSB149	377	cioè	cioè	linguistic	none	_	Begin=945.31	_	_	_	_
377-1	PSB149	377	tu	tu	linguistic	none	_	_	_	_	_	_
377-2	PSB149	377	sei	sei	linguistic	none	_	_	_	_	_	_
377-3	PSB149	377	vivo	vivo	linguistic	none	_	_	_	_	_	_
377-4	PSB149	377	brava:	brava	linguistic	none	_	_	4x1	_	_	_
377-5	PSB149	377	gli	gli	linguistic	none	_	_	_	_	_	_
377-6	PSB149	377	altri	altri	linguistic	none	_	_	_	_	_	_
377-7	PSB149	377	no	no	linguistic	none	_	End=947.853	_	_	_	_
378-0	PSB150	378	m~	m~	linguistic	none	Interrupted=Yes	Begin=948.22	_	_	_	_
378-1	PSB150	378	molti	molti	linguistic	none	_	_	_	_	_	_
378-2	PSB150	378	sono	sono	linguistic	none	_	_	_	_	_	_
378-3	PSB150	378	vivi	vivi	linguistic	none	_	End=949.93	_	_	_	_
379-0	PSB150	379	se	se	linguistic	none	_	Begin=952.73	_	_	_	_
379-1	PSB150	379	si	si	linguistic	none	_	_	_	_	_	_
379-2	PSB150	379	va	va	linguistic	none	_	_	_	_	_	_
379-3	PSB150	379	avanti	avanti	linguistic	none	_	_	_	_	_	_
379-4	PSB150	379	e	e	linguistic	none	_	_	_	_	_	_
379-5	PSB150	379	passano	passano	linguistic	none	_	End=954.65	_	_	_	_
380-0	PSB150	380	allora	allora	linguistic	none	_	Begin=963.33|End=964.23	_	_	_	_
381-0	PSB150	381	forno	forno	linguistic	none	_	Begin=965.72	_	_	_	_
381-1	PSB150	381	brisa	brisa	linguistic	none	_	_	_	_	_	_
381-2	PSB150	381	che	che	linguistic	none	_	_	_	_	_	_
381-3	PSB150	381	mi	mi	linguistic	none	_	_	_	_	_	_
381-4	PSB150	381	dici	dici	linguistic	none	_	_	_	_	_	_
381-5	PSB150	381	ti	ti	linguistic	none	_	_	_	_	_	_
381-6	PSB150	381	voglio	voglio	linguistic	none	_	_	_	_	_	_
381-7	PSB150	381	bene	bene	linguistic	none	_	End=968.84	_	_	_	_
382-0	PSB150	382	mh	mh	linguistic	none	_	Begin=969.64	_	_	_	_
382-1	PSB150	382	mi	mi	linguistic	none	_	_	_	_	_	_
382-2	PSB150	382	piace	piace	linguistic	none	_	_	_	_	_	_
382-3	PSB150	382	il	il	linguistic	none	_	_	_	_	_	_
382-4	PSB150	382	loro	loro	linguistic	none	_	_	_	_	_	_
382-5	PSB150	382	sacchettino	sacchettino	linguistic	none	_	End=971.41	_	_	_	_
383-0	PSB149	383	{ride}	{ride}	nonverbalbehavior	none	_	Begin=971.593|End=972.326	_	_	_	_
384-0	PSB150	384	ti	ti	linguistic	none	_	Begin=973.01	_	_	_	_
384-1	PSB150	384	voglio	voglio	linguistic	none	_	_	_	_	_	_
384-2	PSB150	384	tanto	tanto	linguistic	none	_	_	_	_	_	_
384-3	PSB150	384	bene	bene	linguistic	none	_	_	_	_	_	_
384-4	PSB150	384	°dice°	dice	linguistic	none	Volume=low	_	_	_	_	_
384-5	PSB150	384	{ride}	{ride}	nonverbalbehavior	none	_	End=974.72	_	_	_	_
385-0	PSB150	385	ah?	ah	linguistic	none	Intonation=rising	Begin=976.3|End=976.55	_	_	_	_
386-0	PSB149	386	continua	continua	linguistic	none	_	Begin=976.82	_	_	_	_
386-1	PSB149	386	a	a	linguistic	none	_	_	_	_	_	_
386-2	PSB149	386	darci	darci	linguistic	none	_	_	_	_	_	_
386-3	PSB149	386	tutti	tutti	linguistic	none	_	_	_	_	_	_
386-4	PSB149	386	i	i	linguistic	none	_	_	_	_	_	_
386-5	PSB149	386	tuoi	tuoi	linguistic	none	_	_	_	_	_	_
386-6	PSB149	386	soldi	soldi	linguistic	none	_	_	_	_	_	_
386-7	PSB149	386	{ride}	{ride}	nonverbalbehavior	none	_	End=978.95	_	_	_	_
387-0	PSB150	387	volentieri	volentieri	linguistic	none	_	Begin=979.77|End=980.84	_	_	_	_
388-0	PSB150	388	quattro	quattro	linguistic	none	_	Begin=982.02	_	_	_	_
388-1	PSB150	388	euro	euro	linguistic	none	_	_	_	_	_	_
388-2	PSB150	388	speso	speso	linguistic	none	_	_	_	_	_	_
388-3	PSB150	388	benissimo	benissimo	linguistic	none	_	End=983.933	_	_	_	_
389-0	PSB149	389	quattro	quattro	linguistic	none	_	Begin=984.1	_	_	_	_
389-1	PSB149	389	euro?	euro	linguistic	none	Intonation=rising	_	_	_	_	_
389-2	PSB149	389	dio	dio	linguistic	none	_	_	_	_	_	_
389-3	PSB149	389	po'	po'	linguistic	none	_	End=985.513	_	_	_	_
390-0	PSB150	390	quattro	quattro	linguistic	none	_	Begin=985.547	_	_	_	_
390-1	PSB150	390	e	e	linguistic	none	_	_	_	_	_	_
390-2	PSB150	390	cinquanta	cinquanta	linguistic	none	_	End=986.707	_	_	_	_
391-0	PSB149	391	però	però	linguistic	none	_	Begin=988.98	_	_	_	_
391-1	PSB149	391	spesa	spesa	linguistic	none	_	_	_	_	_	_
391-2	PSB149	391	abbastanza	abbastanza	linguistic	none	_	_	_	_	_	_
391-3	PSB149	391	pesante	pesante	linguistic	none	_	End=991.32	_	_	_	_
392-0	PSB150	392	ah?	ah	linguistic	none	Intonation=rising	Begin=991.41|End=991.78	_	_	_	_
393-0	PSB149	393	quan~	quan~	linguistic	none	Interrupted=Yes	Begin=991.87	_	_	_	_
393-1	PSB149	393	quanto	quanto	linguistic	none	_	_	_	_	_	_
393-2	PSB149	393	pesano?	pesano	linguistic	none	Intonation=rising	End=992.9	_	_	_	_
394-0	PSB150	394	c'	c'	linguistic	none	SpaceAfter=No	Begin=993.17	_	_	_	_
394-1	PSB150	394	è	è	linguistic	none	_	End=993.63	_	_	_	_
395-0	PSB149	395	un	un	linguistic	none	_	Begin=993.95	_	_	_	_
395-1	PSB149	395	chilo?	chilo	linguistic	none	Intonation=rising	End=994.48	_	_	_	_
396-0	PSB150	396	n~	n~	linguistic	none	Interrupted=Yes	Begin=995.01	_	_	_	_
396-1	PSB150	396	no	no	linguistic	none	_	_	_	_	_	_
396-2	PSB150	396	perché	perché	linguistic	none	_	End=996.48	_	_	_	_
397-0	PSB150	397	c'	c'	linguistic	none	SpaceAfter=No	Begin=996.74	_	_	_	_
397-1	PSB150	397	[è]	è	linguistic	none	_	End=997.03	_	_	_	0-1(49)
398-0	PSB149	398	[e]	e	linguistic	none	_	Begin=996.9	_	_	_	0-1(49)
398-1	PSB149	398	mezzo?	mezzo	linguistic	none	Intonation=rising	End=997.62	_	_	_	_
399-0	PSB150	399	meno	meno	linguistic	none	_	Begin=998.43|End=998.91	_	_	_	_
400-0	PSB150	400	però	però	linguistic	none	_	Begin=1002.92	_	_	_	_
400-1	PSB150	400	è	è	linguistic	none	_	_	_	_	_	_
400-2	PSB150	400	un	un	linguistic	none	_	_	_	_	_	_
400-3	PSB150	400	pane	pane	linguistic	none	_	_	_	_	_	_
400-4	PSB150	400	che	che	linguistic	none	_	_	_	_	_	_
400-5	PSB150	400	mangi	mangi	linguistic	none	_	_	_	_	_	_
400-6	PSB150	400	volentieri	volentieri	linguistic	none	_	End=1005.5	_	_	_	_
401-0	PSB150	401	poi	poi	linguistic	none	_	Begin=1005.8	_	_	_	_
401-1	PSB150	401	dopo	dopo	linguistic	none	_	_	_	_	_	_
401-2	PSB150	401	ti	ti	linguistic	none	_	_	_	_	_	_
401-3	PSB150	401	cresce	cresce	linguistic	none	_	_	_	_	_	_
401-4	PSB150	401	la	la	linguistic	none	_	_	_	_	_	_
401-5	PSB150	401	pancia	pancia	linguistic	none	_	End=1007.493	_	_	_	_
402-0	PSB149	402	mh	mh	linguistic	none	_	Begin=1007.6|End=1008.02	_	_	_	_
403-0	PSB150	403	allora	allora	linguistic	none	_	Begin=1012.39	_	_	_	_
403-1	PSB150	403	c'	c'	linguistic	none	SpaceAfter=No	_	_	_	_	_
403-2	PSB150	403	è	è	linguistic	none	_	_	_	_	_	_
403-3	PSB150	403	io	io	linguistic	none	_	End=1013.9	_	_	_	_
404-0	PSB149	404	ah	ah	linguistic	none	_	Begin=1014.39	_	_	_	_
404-1	PSB149	404	uff	uff	linguistic	none	_	End=1014.94	_	_	_	_
405-0	PSB150	405	mozhno	mozhno	linguistic	all	Language=NO_ISO_CODE	Begin=1016.0	_	_	_	_
405-1	PSB150	405	idti	idti	linguistic	all	Language=NO_ISO_CODE	_	_	_	_	_
405-2	PSB150	405	ty	ty	linguistic	all	Language=NO_ISO_CODE	_	_	_	_	_
405-3	PSB150	405	chto	chto	linguistic	all	Language=NO_ISO_CODE	_	_	_	_	_
405-4	PSB150	405	vodu	vodu	linguistic	all	Language=NO_ISO_CODE	_	_	_	_	_
405-5	PSB150	405	ne	ne	linguistic	all	Language=NO_ISO_CODE	_	_	_	_	_
405-6	PSB150	405	p'	p'	linguistic	all	SpaceAfter=No|Language=NO_ISO_CODE	_	_	_	_	_
405-7	PSB150	405	esh'?	esh'	linguistic	all	Intonation=rising|Language=NO_ISO_CODE	_	_	_	_	_
405-8	PSB150	405	prinesi	prinesi	linguistic	all	Language=NO_ISO_CODE	_	_	_	_	_
405-9	PSB150	405	butylku	butylku	linguistic	all	Language=NO_ISO_CODE	_	_	_	_	_
405-10	PSB150	405	u	u	linguistic	all	Language=NO_ISO_CODE	_	_	_	_	_
405-11	PSB150	405	tebya	tebya	linguistic	all	Language=NO_ISO_CODE	_	_	_	_	_
405-12	PSB150	405	v komnate stoit	v komnate stoit	linguistic	all	Language=NO_ISO_CODE	End=1020.79	_	_	_	_
407-0	PSB149	407	un	un	linguistic	none	_	Begin=1028.23	_	_	_	_
407-1	PSB149	407	rotolo	rotolo	linguistic	none	_	_	_	_	_	_
407-2	PSB149	407	di	di	linguistic	none	_	_	_	_	_	_
407-3	PSB149	407	carne	carne	linguistic	none	_	End=1029.37	_	_	_	_
408-0	PSB150	408	dove?	dove	linguistic	none	Intonation=rising	Begin=1029.81|End=1030.38	_	_	_	_
409-0	PSB150	409	davaj	davaj	linguistic	all	Language=NO_ISO_CODE	Begin=1035.6	_	_	_	_
409-1	PSB150	409	pomazh'	pomazh'	linguistic	all	Truncated=Yes|Language=NO_ISO_CODE	End=1036.74	_	_	_	_
411-0	PSB150	411	oh	oh	linguistic	none	_	Begin=1042.9	_	_	_	_
411-1	PSB150	411	no	no	linguistic	none	_	_	_	_	_	_
411-2	PSB150	411	no	no	linguistic	none	_	_	_	_	_	_
411-3	PSB150	411	no	no	linguistic	none	_	_	_	_	_	_
411-4	PSB150	411	no	no	linguistic	none	_	_	_	_	_	_
411-5	PSB150	411	no	no	linguistic	none	_	_	_	_	_	_
411-6	PSB150	411	dov'	dov'	linguistic	none	SpaceAfter=No	_	_	_	_	_
411-7	PSB150	411	è	è	linguistic	none	_	_	_	_	_	_
411-8	PSB150	411	andato?	andato	linguistic	none	Intonation=rising	End=1046.18	_	_	_	_
412-0	PSB149	412	cosa	cosa	linguistic	none	_	Begin=1046.49	_	_	_	_
412-1	PSB149	412	è	è	linguistic	none	_	_	_	_	_	_
412-2	PSB149	412	successo?	successo	linguistic	none	Intonation=rising	End=1047.37	_	_	_	_
413-0	PSB150	413	cascato	cascato	linguistic	none	_	Begin=1047.45	_	_	_	_
413-1	PSB150	413	la	la	linguistic	none	_	_	_	_	_	_
413-2	PSB150	413	mia	mia	linguistic	none	_	_	_	_	_	_
413-3	PSB150	413	{P}	{P}	shortpause	none	_	_	_	_	_	_
413-4	PSB150	413	vitamina	vitamina	linguistic	none	_	End=1050.36	_	_	_	_
414-0	PSB150	414	costa	costa	linguistic	none	_	Begin=1058.68	_	_	_	_
414-1	PSB150	414	cento	cento	linguistic	none	_	_	_	_	_	_
414-2	PSB150	414	euro	euro	linguistic	none	_	_	_	_	_	_
414-3	PSB150	414	{P}	{P}	shortpause	none	_	_	_	_	_	_
414-4	PSB150	414	il	il	linguistic	none	_	_	_	_	_	_
414-5	PSB150	414	xx	x	unknown	none	_	_	_	_	_	_
414-6	PSB150	414	perciò	perciò	linguistic	none	_	_	_	_	_	_
414-7	PSB150	414	[fai	fai	linguistic	none	_	_	_	_	_	0-3(50)
414-8	PSB150	414	attenzione]	attenzione	linguistic	none	_	End=1062.6	_	_	_	0-10(50)
415-0	PSB149	415	[eh	eh	linguistic	none	_	Begin=1061.25	_	_	_	0-2(50)
415-1	PSB149	415	lasciala	lasciala	linguistic	none	_	_	_	_	_	0-8(50)
415-2	PSB149	415	in	in	linguistic	none	_	_	_	_	_	0-2(50)
415-3	PSB149	415	giro]	giro	linguistic	none	_	End=1062.61	_	_	_	0-4(50)
416-0	PSB150	416	eh	eh	linguistic	none	_	Begin=1062.98|End=1063.37	_	_	_	_
417-0	PSB149	417	{canta}	{canta}	nonverbalbehavior	none	_	Begin=1072.16|End=1074.31	_	_	_	_
418-0	PSB150	418	davaj	davaj	linguistic	all	Language=NO_ISO_CODE	Begin=1074.73	_	_	_	_
418-1	PSB150	418	pa	pa	linguistic	all	Language=NO_ISO_CODE	_	_	_	_	_
418-2	PSB150	418	mazhem	mazhem	linguistic	all	Language=NO_ISO_CODE	End=1075.86	_	_	_	_
420-0	PSB149	420	{canta}	{canta}	nonverbalbehavior	none	_	Begin=1075.57|End=1079.34	_	_	_	_
421-0	PSB149	421	{canta}	{canta}	nonverbalbehavior	none	_	Begin=1082.35|End=1083.66	_	_	_	_
422-0	PSB150	422	xxxxx	x	unknown	none	_	Begin=1083.42|End=1084.187	_	_	_	_
423-0	PSB149	423	stasera	stasera	linguistic	none	_	Begin=1084.23	_	_	_	_
423-1	PSB149	423	vado	vado	linguistic	none	_	_	_	_	_	_
423-2	PSB149	423	a	a	linguistic	none	_	_	_	_	_	_
423-3	PSB149	423	suonare	suonare	linguistic	none	_	_	_	_	_	_
423-4	PSB149	423	{P}	{P}	shortpause	none	_	_	_	_	_	_
423-5	PSB149	423	con	con	linguistic	none	_	_	_	_	_	_
423-6	PSB149	423	gli	gli	linguistic	none	_	_	_	_	_	_
423-7	PSB149	423	aristofatti	aristofatti	linguistic	none	_	End=1088.0	_	_	_	_
424-0	PSB149	424	ahia	ahia	linguistic	none	_	Begin=1091.33	_	_	_	_
424-1	PSB149	424	che	che	linguistic	none	_	_	_	_	_	_
424-2	PSB149	424	male	male	linguistic	none	_	End=1092.48	_	_	_	_
425-0	PSB149	425	mh	mh	linguistic	none	_	Begin=1093.71|End=1094.15	_	_	_	_
426-0	PSB150	426	mazh	mazh	linguistic	all	Language=NO_ISO_CODE	Begin=1094.86	_	_	_	_
426-1	PSB150	426	v	v	linguistic	all	Language=NO_ISO_CODE	_	_	_	_	_
426-2	PSB150	426	techenie	techenie	linguistic	all	Language=NO_ISO_CODE	_	_	_	_	_
426-3	PSB150	426	mesia[tsa]	mesiatsa	linguistic	all	Language=NO_ISO_CODE	End=1096.1	_	_	_	_
428-0	PSB149	428	[sì]	sì	linguistic	none	_	Begin=1095.92|End=1096.21	_	_	_	0-2(51)
429-0	PSB150	429	xxx	x	unknown	none	_	Begin=1097.7	_	_	_	_
429-1	PSB150	429	ce	ce	linguistic	none	_	_	_	_	_	_
429-2	PSB150	429	l'	l'	linguistic	none	SpaceAfter=No	_	_	_	_	_
429-3	PSB150	429	ho	ho	linguistic	none	_	_	_	_	_	_
429-4	PSB150	429	coso	coso	linguistic	none	_	_	_	_	_	_
429-5	PSB150	429	cerotto	cerotto	linguistic	none	_	_	_	_	_	_
429-6	PSB150	429	xxxx	x	unknown	none	_	_	_	_	_	_
429-7	PSB150	429	~petta	~petta	linguistic	none	Interrupted=Yes	_	_	_	_	_
429-8	PSB150	429	te	te	linguistic	none	_	End=1103.29	_	_	_	_
430-0	PSB150	430	xxxx	x	unknown	none	_	Begin=1107.25	_	_	_	_
430-1	PSB150	430	cerotto	cerotto	linguistic	none	_	End=1108.9	_	_	_	_
431-0	PSB149	431	ma	ma	linguistic	none	_	Begin=1114.0	_	_	_	_
431-1	PSB149	431	dovrebbe	dovrebbe	linguistic	none	_	_	_	_	_	_
431-2	PSB149	431	andar	andar	linguistic	none	_	_	_	_	_	_
431-3	PSB149	431	bene	bene	linguistic	none	_	_	_	_	_	_
431-4	PSB149	431	basta	basta	linguistic	none	_	_	_	_	_	_
431-5	PSB149	431	questo	questo	linguistic	none	_	End=1116.37	_	_	_	_
432-0	PSB150	432	infatti	infatti	linguistic	none	_	Begin=1118.16	_	_	_	_
432-1	PSB150	432	è	è	linguistic	none	_	_	_	_	_	_
432-2	PSB150	432	molta	molta	linguistic	none	_	_	_	_	_	_
432-3	PSB150	432	xx	x	unknown	none	_	_	_	_	_	_
432-4	PSB150	432	xx	x	unknown	none	_	End=1120.26	_	_	_	_
433-0	PSB149	433	ecco	ecco	linguistic	none	_	Begin=1125.6	_	_	_	_
433-1	PSB149	433	xxxxx	x	unknown	none	_	_	_	_	_	_
433-2	PSB149	433	fissi	fissi	linguistic	none	_	End=1127.72	_	_	_	_
434-0	PSB150	434	xxxxxxxxx	x	unknown	none	_	Begin=1130.09|End=1131.21	_	_	_	_
