token_id	speaker	tu_id	id	span	form	lemma	upos	xpos	feats	deprel	type	meta_label	code-variation	jefferson_feats	align	prolongations	pace	guesses	overlaps
0-0	PSB128	0	0	ma	ma	_	_	_	_	_	linguistic	_	ContainsVariation=No	_	Begin=0.35	_	_	_	_
0-1	PSB128	0	1	ragazze	ragazze	_	_	_	_	_	linguistic	_	ContainsVariation=No	_	End=1.38	_	_	_	_
1-0	PSB128	1	0	e	e	_	_	_	_	_	linguistic	_	ContainsVariation=No	_	Begin=3.32	_	_	_	_
1-1	PSB128	1	1	va?	va	_	_	_	_	_	linguistic	_	ContainsVariation=No	Intonation=Rising	End=3.78	_	_	_	_
2-0	PSB005	2	0	n[o::]	no	_	_	_	_	_	linguistic	_	ContainsVariation=No	_	Begin=3.81|End=4.92	1x2	_	_	1-2(0)
3-0	PSB130	3	0	[no:	no	_	_	_	_	_	linguistic	_	ContainsVariation=No	_	Begin=3.98	1x1	_	_	0-2(0)
3-1	PSB130	3	1	è	è	_	_	_	_	_	linguistic	_	ContainsVariation=No	_	_	_	_	_	0-1(0)
3-2	PSB130	3	2	rotto]	rotto	_	_	_	_	_	linguistic	_	ContainsVariation=No	_	End=5.3	_	_	_	0-5(0)
4-0	PSB005	4	0	no	no	_	_	_	_	_	linguistic	_	ContainsVariation=No	_	Begin=5.33	_	_	_	_
4-1	PSB005	4	1	no	no	_	_	_	_	_	linguistic	_	ContainsVariation=No	_	End=6.02	_	_	_	_
5-0	PSB128	5	0	ah	ah	_	_	_	_	_	linguistic	_	ContainsVariation=No	_	Begin=6.0	_	_	_	_
5-1	PSB128	5	1	[eh	eh	_	_	_	_	_	linguistic	_	ContainsVariation=No	_	_	_	_	_	0-2(2)
5-2	PSB128	5	2	è	è	_	_	_	_	_	linguistic	_	ContainsVariation=No	_	_	_	_	_	0-1(2)
5-3	PSB128	5	3	fermo]	fermo	_	_	_	_	_	linguistic	_	ContainsVariation=No	_	End=6.97	_	_	_	0-5(2)
6-0	PSB036	6	0	[m:h]	mh	_	_	_	_	_	linguistic	_	ContainsVariation=No	_	Begin=6.28|End=6.97	0x1	_	_	0-2(2)
7-0	PSB005	7	0	sì	sì	_	_	_	_	_	linguistic	_	ContainsVariation=No	_	Begin=7.08	_	_	_	_
7-1	PSB005	7	1	[sì	sì	_	_	_	_	_	linguistic	_	ContainsVariation=No	PauseAfter=Yes	_	_	_	_	0-2(368)
7-2	PSB005	7	2	(.)	(.)	_	_	_	_	_	shortpause	_	ContainsVariation=No	_	_	_	_	_	X(368)
7-3	PSB005	7	3	no	no	_	_	_	_	_	linguistic	_	ContainsVariation=No	_	_	_	_	_	0-2(368)
7-4	PSB005	7	4	no]	no	_	_	_	_	_	linguistic	_	ContainsVariation=No	_	End=8.855	_	_	_	0-2(368)
8-0	PSB130	8	0	[sì	sì	_	_	_	_	_	linguistic	_	ContainsVariation=No	_	Begin=7.26	_	_	_	0-2(368)
8-1	PSB130	8	1	sì]	sì	_	_	_	_	_	linguistic	_	ContainsVariation=No	_	_	_	_	_	0-2(368)
8-2	PSB130	8	2	((ride))	((ride))	_	_	_	_	_	nonverbalbehavior	_	ContainsVariation=No	_	End=8.64	_	_	_	_
9-0	PSB036	9	0	[perché	perché	_	_	_	_	_	linguistic	_	ContainsVariation=No	_	Begin=7.48	_	_	_	0-6(368)
9-1	PSB036	9	1	se]	se	_	_	_	_	_	linguistic	_	ContainsVariation=No	_	_	_	_	_	0-2(368)
9-2	PSB036	9	2	((ride))	((ride))	_	_	_	_	_	nonverbalbehavior	_	ContainsVariation=No	_	End=8.654	_	_	_	_
10-0	PSB130	10	0	saranno	saranno	_	_	_	_	_	linguistic	_	ContainsVariation=No	_	Begin=9.28	_	_	_	_
10-1	PSB130	10	1	le	le	_	_	_	_	_	linguistic	_	ContainsVariation=No	_	_	_	_	_	_
10-2	PSB130	10	2	cinque,	cinque	_	_	_	_	_	linguistic	_	ContainsVariation=No	Intonation=WeaklyRising	_	_	_	_	_
10-3	PSB130	10	3	che	che	_	_	_	_	_	linguistic	_	ContainsVariation=No	_	_	_	_	_	_
10-4	PSB130	10	4	ore	ore	_	_	_	_	_	linguistic	_	ContainsVariation=No	_	_	_	_	_	_
10-5	PSB130	10	5	saranno	saranno	_	_	_	_	_	linguistic	_	ContainsVariation=No	_	End=10.925	_	_	_	_
11-0	PSB129	11	0	sono	sono	_	_	_	_	_	linguistic	_	ContainsVariation=No	_	Begin=10.925	_	_	_	_
11-1	PSB129	11	1	le	le	_	_	_	_	_	linguistic	_	ContainsVariation=No	_	_	_	_	_	_
11-2	PSB129	11	2	cinque	cinque	_	_	_	_	_	linguistic	_	ContainsVariation=No	_	_	_	_	_	_
11-3	PSB129	11	3	esatte	esatte	_	_	_	_	_	linguistic	_	ContainsVariation=No	_	End=12.5	_	_	_	_
12-0	PSB127	12	0	il	il	_	_	_	_	_	linguistic	_	ContainsVariation=No	_	Begin=12.53	_	_	_	_
12-1	PSB127	12	1	tempo	tempo	_	_	_	_	_	linguistic	_	ContainsVariation=No	_	_	_	_	_	_
12-2	PSB127	12	2	vola	vola	_	_	_	_	_	linguistic	_	ContainsVariation=No	_	_	_	_	_	_
12-3	PSB127	12	3	((ride))	((ride))	_	_	_	_	_	nonverbalbehavior	_	ContainsVariation=No	_	End=14.59	_	_	_	_
13-0	PSB128	13	0	ho	ho	_	_	_	_	_	linguistic	_	ContainsVariation=No	_	Begin=14.9	_	_	_	_
13-1	PSB128	13	1	pensato	pensato	_	_	_	_	_	linguistic	_	ContainsVariation=No	PauseAfter=Yes	_	_	_	_	_
13-2	PSB128	13	2	(.)	(.)	_	_	_	_	_	shortpause	_	ContainsVariation=No	_	_	_	_	_	_
13-3	PSB128	13	3	poi	poi	_	_	_	_	_	linguistic	_	ContainsVariation=No	_	_	_	_	_	_
13-4	PSB128	13	4	dopo	dopo	_	_	_	_	_	linguistic	_	ContainsVariation=No	_	_	_	_	_	_
13-5	PSB128	13	5	ho	ho	_	_	_	_	_	linguistic	_	ContainsVariation=No	_	_	_	_	_	_
13-6	PSB128	13	6	visto	visto	_	_	_	_	_	linguistic	_	ContainsVariation=No	_	_	_	_	_	_
13-7	PSB128	13	7	la	la	_	_	_	_	_	linguistic	_	ContainsVariation=No	PauseAfter=Yes	_	_	_	_	_
13-8	PSB128	13	8	(.)	(.)	_	_	_	_	_	shortpause	_	ContainsVariation=No	_	_	_	_	_	_
13-9	PSB128	13	9	stri[scia]	striscia	_	_	_	_	_	linguistic	_	ContainsVariation=No	_	End=19.121	_	_	_	4-8(3)
14-0	PSB129	14	0	[che]	che	_	_	_	_	_	linguistic	_	ContainsVariation=No	_	Begin=19.005	_	_	_	0-3(3)
14-1	PSB129	14	1	era	era	_	_	_	_	_	linguistic	_	ContainsVariation=No	_	_	_	_	_	_
14-2	PSB129	14	2	ferma	ferma	_	_	_	_	_	linguistic	_	ContainsVariation=No	_	End=19.945	_	_	_	_
15-0	PSB128	15	0	°sì	sì	_	_	_	_	_	linguistic	_	ContainsVariation=No	Volume=low	Begin=20.13	_	_	_	_
15-1	PSB128	15	1	sì	sì	_	_	_	_	_	linguistic	_	ContainsVariation=No	Volume=low	_	_	_	_	_
15-2	PSB128	15	2	e	e	_	_	_	_	_	linguistic	_	ContainsVariation=No	Volume=low	_	_	_	_	_
15-3	PSB128	15	3	fi~°	fi~	_	_	_	_	_	linguistic	_	ContainsVariation=No	Interrupted=Yes|Volume=low	End=21.28	_	_	_	_
16-0	PSB091	16	0	questo	questo	_	_	_	_	_	linguistic	_	ContainsVariation=No	_	Begin=21.34	_	_	_	_
16-1	PSB091	16	1	sì	sì	_	_	_	_	_	linguistic	_	ContainsVariation=No	PauseAfter=Yes	_	_	_	_	_
16-2	PSB091	16	2	(.)	(.)	_	_	_	_	_	shortpause	_	ContainsVariation=No	_	_	_	_	_	_
16-3	PSB091	16	3	e	e	_	_	_	_	_	linguistic	_	ContainsVariation=No	_	_	_	_	_	_
16-4	PSB091	16	4	basta	basta	_	_	_	_	_	linguistic	_	ContainsVariation=No	_	End=22.56	_	_	_	_
17-0	PSB129	17	0	che	che	_	_	_	_	_	linguistic	_	ContainsVariation=No	_	Begin=23.68	_	_	_	_
17-1	PSB129	17	1	be::lli	belli	_	_	_	_	_	linguistic	_	ContainsVariation=No	_	_	1x2	_	_	_
17-2	PSB129	17	2	so[no	sono	_	_	_	_	_	linguistic	_	ContainsVariation=No	_	_	_	_	_	2-4(4)
17-3	PSB129	17	3	bellis]simi	bellissimi	_	_	_	_	_	linguistic	_	ContainsVariation=No	_	End=25.51	_	_	_	0-6(4)
18-0	PSB086	18	0	[attenta]	attenta	_	_	_	_	_	linguistic	_	ContainsVariation=No	_	Begin=24.65|End=25.212	_	_	_	0-7(4)
19-0	PSB086	19	0	attenta,	attenta	_	_	_	_	_	linguistic	_	ContainsVariation=No	Intonation=WeaklyRising	Begin=25.73|End=26.45	_	_	_	_
20-0	PSB129	20	0	°a:h	ah	_	_	_	_	_	linguistic	_	ContainsVariation=No	Volume=low	Begin=32.84	0x1	_	_	_
20-1	PSB129	20	1	gli	gli	_	_	_	_	_	linguistic	_	ContainsVariation=No	Volume=low	_	_	_	_	_
20-2	PSB129	20	2	adesivi°	adesivi	_	_	_	_	_	linguistic	_	ContainsVariation=No	Volume=low	End=33.96	_	_	_	_
21-0	PSB005	21	0	certo	certo	_	_	_	_	_	linguistic	_	ContainsVariation=No	_	Begin=34.63|End=35.23	_	_	_	_
22-0	PSB005	22	0	dopo	dopo	_	_	_	_	_	linguistic	_	ContainsVariation=No	_	Begin=35.8	_	_	_	_
22-1	PSB005	22	1	vi	vi	_	_	_	_	_	linguistic	_	ContainsVariation=No	_	_	_	_	_	_
22-2	PSB005	22	2	do	do	_	_	_	_	_	linguistic	_	ContainsVariation=No	_	_	_	_	_	_
22-3	PSB005	22	3	gli	gli	_	_	_	_	_	linguistic	_	ContainsVariation=No	_	_	_	_	_	_
22-4	PSB005	22	4	adesivi	adesivi	_	_	_	_	_	linguistic	_	ContainsVariation=No	_	End=37.2	_	_	_	_
23-0	PSB086	23	0	@nadya	@nadya	_	_	_	_	_	anonymized	_	ContainsVariation=No	Anonymized=Yes	Begin=37.97	_	_	_	_
23-1	PSB086	23	1	[furba	furba	_	_	_	_	_	linguistic	_	ContainsVariation=No	_	_	_	_	_	0-5(5)
23-2	PSB086	23	2	qua	qua	_	_	_	_	_	linguistic	_	ContainsVariation=No	_	_	_	_	_	0-3(5)
23-3	PSB086	23	3	vicino	vicino	_	_	_	_	_	linguistic	_	ContainsVariation=No	_	_	_	_	_	0-6(5)
23-4	PSB086	23	4	a]	a	_	_	_	_	_	linguistic	_	ContainsVariation=No	_	End=39.88	_	_	_	0-1(5)
24-0	PSB129	24	0	[sai	sai	_	_	_	_	_	linguistic	_	ContainsVariation=No	_	Begin=38.36	_	_	_	0-3(?)
24-1	PSB129	24	1	che	che	_	_	_	_	_	linguistic	_	ContainsVariation=No	_	_	_	_	_	0-3(?)
24-2	PSB129	24	2	io	io	_	_	_	_	_	linguistic	_	ContainsVariation=No	_	_	_	_	_	0-2(?)
24-3	PSB129	24	3	li	li	_	_	_	_	_	linguistic	_	ContainsVariation=No	_	_	_	_	_	0-2(?)
24-4	PSB129	24	4	devo	devo	_	_	_	_	_	linguistic	_	ContainsVariation=No	_	_	_	_	_	0-4(?)
24-5	PSB129	24	5	ancora	ancora	_	_	_	_	_	linguistic	_	ContainsVariation=No	_	_	_	_	_	0-6(?)
24-6	PSB129	24	6	portare	portare	_	_	_	_	_	linguistic	_	ContainsVariation=No	_	_	_	_	_	0-7(?)
24-7	PSB129	24	7	a	a	_	_	_	_	_	linguistic	_	ContainsVariation=No	_	_	_	_	_	0-1(?)
24-8	PSB129	24	8	@guglielmo]	@guglielmo	_	_	_	_	_	anonymized	_	ContainsVariation=No	Anonymized=Yes	End=40.189	_	_	_	0-10(?)
25-0	PSB091	25	0	[nes]suno	nessuno	_	_	_	_	_	linguistic	_	ContainsVariation=No	_	Begin=39.895	_	_	_	0-3(6)
25-1	PSB091	25	1	ha	ha	_	_	_	_	_	linguistic	_	ContainsVariation=No	_	_	_	_	_	_
25-2	PSB091	25	2	il	il	_	_	_	_	_	linguistic	_	ContainsVariation=No	_	_	_	_	_	_
25-3	PSB091	25	3	[coraggio	coraggio	_	_	_	_	_	linguistic	_	ContainsVariation=No	_	_	_	_	_	0-8(7)
25-4	PSB091	25	4	di	di	_	_	_	_	_	linguistic	_	ContainsVariation=No	_	_	_	_	_	0-2(7)
25-5	PSB091	25	5	provare]?	provare	_	_	_	_	_	linguistic	_	ContainsVariation=No	Intonation=Rising	End=41.965	_	_	_	0-7(7)
26-0	PSB129	26	0	[non	non	_	_	_	_	_	linguistic	_	ContainsVariation=No	_	Begin=40.61	_	_	_	0-3(7)
26-1	PSB129	26	1	li	li	_	_	_	_	_	linguistic	_	ContainsVariation=No	_	_	_	_	_	0-2(7)
26-2	PSB129	26	2	ha	ha	_	_	_	_	_	linguistic	_	ContainsVariation=No	_	_	_	_	_	0-2(7)
26-3	PSB129	26	3	mai	mai	_	_	_	_	_	linguistic	_	ContainsVariation=No	_	_	_	_	_	0-3(7)
26-4	PSB129	26	4	presi]	presi	_	_	_	_	_	linguistic	_	ContainsVariation=No	_	End=42.01	_	_	_	0-5(7)
27-0	PSB130	27	0	beh	beh	_	_	_	_	_	linguistic	_	ContainsVariation=No	_	Begin=42.3	_	_	_	_
27-1	PSB130	27	1	[eh	eh	_	_	_	_	_	linguistic	_	ContainsVariation=No	_	_	_	_	_	0-2(369)
27-2	PSB130	27	2	io]::	io	_	_	_	_	_	linguistic	_	ContainsVariation=No	_	End=44.16	1x2	_	_	0-2(369)
28-0	PSB005	28	0	[sono	sono	_	_	_	_	_	linguistic	_	ContainsVariation=No	_	Begin=42.56	_	_	_	0-4(369)
28-1	PSB005	28	1	in	in	_	_	_	_	_	linguistic	_	ContainsVariation=No	_	_	_	_	_	0-2(369)
28-2	PSB005	28	2	ufficio]	ufficio	_	_	_	_	_	linguistic	_	ContainsVariation=No	_	End=43.6	_	_	_	0-7(369)
29-0	PSB129	29	0	[eh	eh	_	_	_	_	_	linguistic	_	ContainsVariation=No	_	Begin=43.56	_	_	_	0-2(369)
29-1	PSB129	29	1	infatti]	infatti	_	_	_	_	_	linguistic	_	ContainsVariation=No	_	_	_	_	_	0-7(369)
29-2	PSB129	29	2	sono	sono	_	_	_	_	_	linguistic	_	ContainsVariation=No	_	End=44.73	_	_	_	_
30-0	PSB128	30	0	[padrona	padrona	_	_	_	_	_	linguistic	_	ContainsVariation=No	_	Begin=45.19	_	_	_	0-7(8)
30-1	PSB128	30	1	di	di	_	_	_	_	_	linguistic	_	ContainsVariation=No	_	_	_	_	_	0-2(8)
30-2	PSB128	30	2	casa	casa	_	_	_	_	_	linguistic	_	ContainsVariation=No	_	_	_	_	_	0-4(8)
30-3	PSB128	30	3	sei	sei	_	_	_	_	_	linguistic	_	ContainsVariation=No	_	_	_	_	_	0-3(8)
30-4	PSB128	30	4	tu]	tu	_	_	_	_	_	linguistic	_	ContainsVariation=No	_	End=46.83	_	_	_	0-2(8)
31-0	PSB130	31	0	[devi	devi	_	_	_	_	_	linguistic	_	ContainsVariation=No	_	Begin=45.34	_	_	_	0-4(8)
31-1	PSB130	31	1	fare::	fare	_	_	_	_	_	linguistic	_	ContainsVariation=No	_	_	3x2	_	_	0-4(8)
31-2	PSB130	31	2	xxx]	xxx	_	_	_	_	_	unknown	_	ContainsVariation=No	Syllables=3	End=46.613	_	_	_	0-3(8)
32-0	PSB091	32	0	[perché	perché	_	_	_	_	_	linguistic	_	ContainsVariation=No	_	Begin=46.98	_	_	_	0-6(9)
32-1	PSB091	32	1	io	io	_	_	_	_	_	linguistic	_	ContainsVariation=No	PauseAfter=Yes	_	_	_	_	0-2(9)
32-2	PSB091	32	2	(.)	(.)	_	_	_	_	_	shortpause	_	ContainsVariation=No	_	_	_	_	_	X(9)
32-3	PSB091	32	3	perché	perché	_	_	_	_	_	linguistic	_	ContainsVariation=No	_	_	_	_	_	0-6(9)
32-4	PSB091	32	4	io?	io	_	_	_	_	_	linguistic	_	ContainsVariation=No	Intonation=Rising|PauseAfter=Yes	_	_	_	_	0-2(9)
32-5	PSB091	32	5	(.)	(.)	_	_	_	_	_	shortpause	_	ContainsVariation=No	_	_	_	_	_	X(9)
32-6	PSB091	32	6	no:	no	_	_	_	_	_	linguistic	_	ContainsVariation=No	_	_	1x1	_	_	0-2(9)
32-7	PSB091	32	7	no:	no	_	_	_	_	_	linguistic	_	ContainsVariation=No	_	_	1x1	_	_	0-2(9)
32-8	PSB091	32	8	no:]	no	_	_	_	_	_	linguistic	_	ContainsVariation=No	_	End=50.66	1x1	_	_	0-2(9)
33-0	PSB130	33	0	[eh	eh	_	_	_	_	_	linguistic	_	ContainsVariation=No	_	Begin=47.0	_	_	_	0-2(9)
33-1	PSB130	33	1	no	no	_	_	_	_	_	linguistic	_	ContainsVariation=No	_	_	_	_	_	0-2(9)
33-2	PSB130	33	2	fai	fai	_	_	_	_	_	linguistic	_	ContainsVariation=No	_	_	_	_	_	0-3(9)
33-3	PSB130	33	3	fai	fai	_	_	_	_	_	linguistic	_	ContainsVariation=No	_	_	_	_	_	0-3(9)
33-4	PSB130	33	4	no	no	_	_	_	_	_	linguistic	_	ContainsVariation=No	_	_	_	_	_	0-2(9)
33-5	PSB130	33	5	pre~]	pre~	_	_	_	_	_	linguistic	_	ContainsVariation=No	Interrupted=Yes	End=48.78	_	_	_	0-4(9)
34-0	PSB130	34	0	[ma	ma	_	_	_	_	_	linguistic	_	ContainsVariation=No	_	Begin=48.92	_	_	_	0-2(10)
34-1	PSB130	34	1	perché:]	perché	_	_	_	_	_	linguistic	_	ContainsVariation=No	_	End=49.69	5x1	_	_	0-6(10)
35-0	PSB128	35	0	[fa	fa	_	_	_	_	_	linguistic	_	ContainsVariation=No	PauseAfter=Yes	Begin=50.09	_	_	_	0-2(11)
35-1	PSB128	35	1	(.)]	(.)	_	_	_	_	_	shortpause	_	ContainsVariation=No	_	_	_	_	_	X(11)
35-2	PSB128	35	2	padrona	padrona	_	_	_	_	_	linguistic	_	ContainsVariation=No	_	_	_	_	_	_
35-3	PSB128	35	3	di	di	_	_	_	_	_	linguistic	_	ContainsVariation=No	_	_	_	_	_	_
35-4	PSB128	35	4	tu[tto]	tutto	_	_	_	_	_	linguistic	_	ContainsVariation=No	_	End=52.21	_	_	_	2-5(12)
36-0	PSB091	36	0	[°padro~°]	padro~	_	_	_	_	_	linguistic	_	ContainsVariation=No	Interrupted=Yes|Volume=low	Begin=51.66|End=52.2	_	_	_	0-6(12)
37-0	PSB127	37	0	capolavoro	capolavoro	_	_	_	_	_	linguistic	_	ContainsVariation=No	_	Begin=52.25|End=53.09	_	_	_	_
38-0	PSB128	38	0	è	è	_	_	_	_	_	linguistic	_	ContainsVariation=No	_	Begin=54.34	_	_	_	_
38-1	PSB128	38	1	proprio	proprio	_	_	_	_	_	linguistic	_	ContainsVariation=No	_	_	_	_	_	_
38-2	PSB128	38	2	così	così	_	_	_	_	_	linguistic	_	ContainsVariation=No	_	End=55.305	_	_	_	_
39-0	PSB086	39	0	ecco	ecco	_	_	_	_	_	linguistic	_	ContainsVariation=No	_	Begin=56.7|End=57.21	_	_	_	_
40-0	PSB086	40	0	una	una	_	_	_	_	_	linguistic	_	ContainsVariation=No	_	Begin=57.82	_	_	_	_
40-1	PSB086	40	1	foto	foto	_	_	_	_	_	linguistic	_	ContainsVariation=No	_	_	_	_	_	_
40-2	PSB086	40	2	che	che	_	_	_	_	_	linguistic	_	ContainsVariation=No	_	_	_	_	_	_
40-3	PSB086	40	3	@ala	@ala	_	_	_	_	_	anonymized	_	ContainsVariation=No	Anonymized=Yes	_	_	_	_	_
40-4	PSB086	40	4	qua	qua	_	_	_	_	_	linguistic	_	ContainsVariation=No	_	_	_	_	_	_
40-5	PSB086	40	5	si	si	_	_	_	_	_	linguistic	_	ContainsVariation=No	_	_	_	_	_	_
40-6	PSB086	40	6	è	è	_	_	_	_	_	linguistic	_	ContainsVariation=No	_	_	_	_	_	_
40-7	PSB086	40	7	data	data	_	_	_	_	_	linguistic	_	ContainsVariation=No	_	_	_	_	_	_
40-8	PSB086	40	8	da	da	_	_	_	_	_	linguistic	_	ContainsVariation=No	_	_	_	_	_	_
40-9	PSB086	40	9	fa:re,	fare	_	_	_	_	_	linguistic	_	ContainsVariation=No	Intonation=WeaklyRising	End=60.83	1x1	_	_	_
41-0	PSB036	41	0	((ride))	((ride))	_	_	_	_	_	nonverbalbehavior	_	ContainsVariation=No	_	Begin=61.0|End=61.72	_	_	_	_
42-0	PSB091	42	0	°faccio°	faccio	_	_	_	_	_	linguistic	_	ContainsVariation=No	Volume=low	Begin=62.99|End=63.49	_	_	_	_
43-0	PSB091	43	0	e[::h]	eh	_	_	_	_	_	linguistic	_	ContainsVariation=No	_	Begin=65.25|End=66.126	0x2	_	_	1-2(370)
44-0	PSB005	44	0	[io	io	_	_	_	_	_	linguistic	_	ContainsVariation=No	_	Begin=65.57	_	_	_	0-2(370)
44-1	PSB005	44	1	non	non	_	_	_	_	_	linguistic	_	ContainsVariation=No	_	_	_	_	_	0-3(370)
44-2	PSB005	44	2	credo	credo	_	_	_	_	_	linguistic	_	ContainsVariation=No	_	_	_	_	_	0-5(370)
44-3	PSB005	44	3	di	di	_	_	_	_	_	linguistic	_	ContainsVariation=No	_	_	_	_	_	0-2(370)
44-4	PSB005	44	4	riuscire	riuscire	_	_	_	_	_	linguistic	_	ContainsVariation=No	_	_	_	_	_	0-8(370)
44-5	PSB005	44	5	a]	a	_	_	_	_	_	linguistic	_	ContainsVariation=No	_	_	_	_	_	0-1(370)
44-6	PSB005	44	6	mangiarne	mangiarne	_	_	_	_	_	linguistic	_	ContainsVariation=No	_	_	_	_	_	_
44-7	PSB005	44	7	un	un	_	_	_	_	_	linguistic	_	ContainsVariation=No	_	_	_	_	_	_
44-8	PSB005	44	8	piatto	piatto	_	_	_	_	_	linguistic	_	ContainsVariation=No	_	End=68.18	_	_	_	_
45-0	PSB130	45	0	[ti	ti	_	_	_	_	_	linguistic	_	ContainsVariation=No	_	Begin=65.928	_	_	_	0-2(370)
45-1	PSB130	45	1	passo	passo	_	_	_	_	_	linguistic	_	ContainsVariation=No	_	_	_	_	_	0-5(370)
45-2	PSB130	45	2	i	i	_	_	_	_	_	linguistic	_	ContainsVariation=No	_	_	_	_	_	0-1(370)
45-3	PSB130	45	3	piatti	piatti	_	_	_	_	_	linguistic	_	ContainsVariation=No	PauseAfter=Yes	_	_	_	_	0-6(370)
45-4	PSB130	45	4	(.)	(.)	_	_	_	_	_	shortpause	_	ContainsVariation=No	_	_	_	_	_	X(370)
45-5	PSB130	45	5	sì]	sì	_	_	_	_	_	linguistic	_	ContainsVariation=No	_	End=67.092	_	_	_	0-2(370)
46-0	PSB005	46	0	((ride))	((ride))	_	_	_	_	_	nonverbalbehavior	_	ContainsVariation=No	_	Begin=68.46|End=69.1	_	_	_	_
47-0	PSB005	47	0	[c'	c'	_	_	_	_	_	linguistic	_	ContainsVariation=No	SpaceAfter=No	Begin=69.7	_	_	_	0-2(371)
47-1	PSB005	47	1	ho	ho	_	_	_	_	_	linguistic	_	ContainsVariation=No	_	_	_	_	_	0-2(371)
47-2	PSB005	47	2	ancora	ancora	_	_	_	_	_	linguistic	_	ContainsVariation=No	_	_	_	_	_	0-6(371)
47-3	PSB005	47	3	il	il	_	_	_	_	_	linguistic	_	ContainsVariation=No	_	_	_	_	_	0-2(371)
47-4	PSB005	47	4	tuo	tuo	_	_	_	_	_	linguistic	_	ContainsVariation=No	_	_	_	_	_	0-3(371)
47-5	PSB005	47	5	pandoro:]	pandoro	_	_	_	_	_	linguistic	_	ContainsVariation=No	_	_	6x1	_	_	0-7(371)
47-6	PSB005	47	6	sullo	sullo	_	_	_	_	_	linguistic	_	ContainsVariation=No	_	_	_	_	_	_
47-7	PSB005	47	7	°stomaco°	stomaco	_	_	_	_	_	linguistic	_	ContainsVariation=No	Volume=low	End=72.0	_	_	_	_
48-0	PSB086	48	0	[se	se	_	_	_	_	_	linguistic	_	ContainsVariation=No	_	Begin=69.84	_	_	_	0-2(371)
48-1	PSB086	48	1	riusciamo]	riusciamo	_	_	_	_	_	linguistic	_	ContainsVariation=No	_	End=70.613	_	_	_	0-9(371)
49-0	PSB129	49	0	[°no°]	no	_	_	_	_	_	linguistic	_	ContainsVariation=No	Volume=low	Begin=70.6	_	_	_	0-2(371)
49-1	PSB129	49	1	((ride))	((ride))	_	_	_	_	_	nonverbalbehavior	_	ContainsVariation=No	_	End=71.71	_	_	_	_
50-0	PSB005	50	0	stamattina	stamattina	_	_	_	_	_	linguistic	_	ContainsVariation=No	_	Begin=73.72	_	_	_	_
50-1	PSB005	50	1	@letizia	@letizia	_	_	_	_	_	anonymized	_	ContainsVariation=No	Anonymized=Yes	_	_	_	_	_
50-2	PSB005	50	2	ha	ha	_	_	_	_	_	linguistic	_	ContainsVariation=No	_	_	_	_	_	_
50-3	PSB005	50	3	portato:	portato	_	_	_	_	_	linguistic	_	ContainsVariation=No	_	_	6x1	_	_	_
50-4	PSB005	50	4	i	i	_	_	_	_	_	linguistic	_	ContainsVariation=No	_	_	_	_	_	_
50-5	PSB005	50	5	dolci	dolci	_	_	_	_	_	linguistic	_	ContainsVariation=No	_	_	_	_	_	_
50-6	PSB005	50	6	in	in	_	_	_	_	_	linguistic	_	ContainsVariation=No	PauseAfter=Yes	_	_	_	_	_
50-7	PSB005	50	7	(.)	(.)	_	_	_	_	_	shortpause	_	ContainsVariation=No	_	_	_	_	_	_
50-8	PSB005	50	8	in	in	_	_	_	_	_	linguistic	_	ContainsVariation=No	_	_	_	_	_	_
50-9	PSB005	50	9	università	università	_	_	_	_	_	linguistic	_	ContainsVariation=No	_	_	_	_	_	_
50-10	PSB005	50	10	per	per	_	_	_	_	_	linguistic	_	ContainsVariation=No	_	_	_	_	_	_
50-11	PSB005	50	11	festeggiare	festeggiare	_	_	_	_	_	linguistic	_	ContainsVariation=No	_	_	_	_	_	_
50-12	PSB005	50	12	natale	natale	_	_	_	_	_	linguistic	_	ContainsVariation=No	_	_	_	_	_	_
50-13	PSB005	50	13	e	e	_	_	_	_	_	linguistic	_	ContainsVariation=No	_	_	_	_	_	_
50-14	PSB005	50	14	io	io	_	_	_	_	_	linguistic	_	ContainsVariation=No	_	_	_	_	_	_
50-15	PSB005	50	15	ne	ne	_	_	_	_	_	linguistic	_	ContainsVariation=No	_	_	_	_	_	_
50-16	PSB005	50	16	ho	ho	_	_	_	_	_	linguistic	_	ContainsVariation=No	_	_	_	_	_	_
50-17	PSB005	50	17	mangiato::	mangiato	_	_	_	_	_	linguistic	_	ContainsVariation=No	_	_	7x2	_	_	_
50-18	PSB005	50	18	un	un	_	_	_	_	_	linguistic	_	ContainsVariation=No	_	_	_	_	_	_
50-19	PSB005	50	19	pandoro	pandoro	_	_	_	_	_	linguistic	_	ContainsVariation=No	_	_	_	_	_	_
50-20	PSB005	50	20	da	da	_	_	_	_	_	linguistic	_	ContainsVariation=No	_	_	_	_	_	_
50-21	PSB005	50	21	sola	sola	_	_	_	_	_	linguistic	_	ContainsVariation=No	_	End=80.859	_	_	_	_
51-0	PSB086	51	0	((ride))	((ride))	_	_	_	_	_	nonverbalbehavior	_	ContainsVariation=No	_	Begin=80.859|End=81.33500000000001	_	_	_	_
52-0	PSB005	52	0	praticamente	praticamente	_	_	_	_	_	linguistic	_	ContainsVariation=No	_	Begin=81.33500000000001|End=82.39	_	_	_	_
53-0	PSB129	53	0	°>mangiato<°	mangiato	_	_	_	_	_	linguistic	_	ContainsVariation=No	Volume=low	Begin=82.32	_	Fast=0-8(0)	_	_
53-1	PSB129	53	1	una	una	_	_	_	_	_	linguistic	_	ContainsVariation=No	_	_	_	_	_	_
53-2	PSB129	53	2	fetta	fetta	_	_	_	_	_	linguistic	_	ContainsVariation=No	_	_	_	_	_	_
53-3	PSB129	53	3	di	di	_	_	_	_	_	linguistic	_	ContainsVariation=No	_	_	_	_	_	_
53-4	PSB129	53	4	[panettone]	panettone	_	_	_	_	_	linguistic	_	ContainsVariation=No	_	End=84.21	_	_	_	0-9(372)
54-0	PSB091	54	0	[e	e	_	_	_	_	_	linguistic	_	ContainsVariation=No	_	Begin=83.44	_	_	_	0-1(372)
54-1	PSB091	54	1	poi	poi	_	_	_	_	_	linguistic	_	ContainsVariation=No	_	_	_	_	_	0-3(372)
54-2	PSB091	54	2	sei	sei	_	_	_	_	_	linguistic	_	ContainsVariation=No	_	_	_	_	_	0-3(372)
54-3	PSB091	54	3	magra	magra	_	_	_	_	_	linguistic	_	ContainsVariation=No	_	_	_	_	_	0-5(372)
54-4	PSB091	54	4	mannaggia]	mannaggia	_	_	_	_	_	linguistic	_	ContainsVariation=No	_	End=85.644	_	_	_	0-9(372)
55-0	PSB005	55	0	[no	no	_	_	_	_	_	linguistic	_	ContainsVariation=No	PauseAfter=Yes	Begin=83.45	_	_	_	0-2(372)
55-1	PSB005	55	1	(.)	(.)	_	_	_	_	_	shortpause	_	ContainsVariation=No	_	_	_	_	_	X(372)
55-2	PSB005	55	2	io	io	_	_	_	_	_	linguistic	_	ContainsVariation=No	PauseAfter=Yes	_	_	_	_	0-2(372)
55-3	PSB005	55	3	(.)	(.)	_	_	_	_	_	shortpause	_	ContainsVariation=No	_	_	_	_	_	X(372)
55-4	PSB005	55	4	ho	ho	_	_	_	_	_	linguistic	_	ContainsVariation=No	_	_	_	_	_	0-2(372)
55-5	PSB005	55	5	mangiato	mangiato	_	_	_	_	_	linguistic	_	ContainsVariation=No	_	_	_	_	_	0-8(372)
55-6	PSB005	55	6	due]	due	_	_	_	_	_	linguistic	_	ContainsVariation=No	_	_	_	_	_	0-3(372)
55-7	PSB005	55	7	fette	fette	_	_	_	_	_	linguistic	_	ContainsVariation=No	_	_	_	_	_	_
55-8	PSB005	55	8	intere	intere	_	_	_	_	_	linguistic	_	ContainsVariation=No	_	_	_	_	_	_
55-9	PSB005	55	9	alle	alle	_	_	_	_	_	linguistic	_	ContainsVariation=No	_	_	_	_	_	_
55-10	PSB005	55	10	undici	undici	_	_	_	_	_	linguistic	_	ContainsVariation=No	_	_	_	_	_	_
55-11	PSB005	55	11	do[po	dopo	_	_	_	_	_	linguistic	_	ContainsVariation=No	_	_	_	_	_	2-4(14)
55-12	PSB005	55	12	aver	aver	_	_	_	_	_	linguistic	_	ContainsVariation=No	_	_	_	_	_	0-4(14)
55-13	PSB005	55	13	fatto	fatto	_	_	_	_	_	linguistic	_	ContainsVariation=No	_	_	_	_	_	0-5(14)
55-14	PSB005	55	14	colaz]io~	colazio~	_	_	_	_	_	linguistic	_	ContainsVariation=No	Interrupted=Yes	_	_	_	_	0-5(14)
55-15	PSB005	55	15	cioè	cioè	_	_	_	_	_	linguistic	_	ContainsVariation=No	_	End=89.302	_	_	_	_
56-0	PSB086	56	0	[ah	ah	_	_	_	_	_	linguistic	_	ContainsVariation=No	_	Begin=87.44	_	_	_	0-2(14)
56-1	PSB086	56	1	capito]?	capito	_	_	_	_	_	linguistic	_	ContainsVariation=No	Intonation=Rising	End=88.65	_	_	_	0-6(14)
57-0	PSB005	57	0	poi	poi	_	_	_	_	_	linguistic	_	ContainsVariation=No	_	Begin=89.62	_	_	_	_
57-1	PSB005	57	1	un	un	_	_	_	_	_	linguistic	_	ContainsVariation=No	_	_	_	_	_	_
57-2	PSB005	57	2	biscotto	biscotto	_	_	_	_	_	linguistic	_	ContainsVariation=No	_	_	_	_	_	_
57-3	PSB005	57	3	di	di	_	_	_	_	_	linguistic	_	ContainsVariation=No	_	_	_	_	_	_
57-4	PSB005	57	4	quelli	quelli	_	_	_	_	_	linguistic	_	ContainsVariation=No	_	_	_	_	_	_
57-5	PSB005	57	5	grassi	grassi	_	_	_	_	_	linguistic	_	ContainsVariation=No	_	End=91.355	_	_	_	_
58-0	PSB129	58	0	i	i	_	_	_	_	_	linguistic	_	ContainsVariation=No	_	Begin=91.51	_	_	_	_
58-1	PSB129	58	1	cavallucci	cavallucci	_	_	_	_	_	linguistic	_	ContainsVariation=No	_	End=92.44	_	_	_	_
59-0	PSB129	59	0	°sì°	sì	_	_	_	_	_	linguistic	_	ContainsVariation=No	Volume=low	Begin=92.54|End=92.851	_	_	_	_
60-0	PSB005	60	0	°sì°	sì	_	_	_	_	_	linguistic	_	ContainsVariation=No	Volume=low	Begin=92.86|End=93.068	_	_	_	_
61-0	PSB130	61	0	[vuoi::	vuoi	_	_	_	_	_	linguistic	_	ContainsVariation=No	_	Begin=93.14	3x2	_	_	0-4(?)
61-1	PSB130	61	1	li	li	_	_	_	_	_	linguistic	_	ContainsVariation=No	_	_	_	_	_	0-2(?)
61-2	PSB130	61	2	mettiamo	mettiamo	_	_	_	_	_	linguistic	_	ContainsVariation=No	_	_	_	_	_	0-8(?)
61-3	PSB130	61	3	anche	anche	_	_	_	_	_	linguistic	_	ContainsVariation=No	_	_	_	_	_	0-5(?)
61-4	PSB130	61	4	su	su	_	_	_	_	_	linguistic	_	ContainsVariation=No	_	_	_	_	_	0-2(?)
61-5	PSB130	61	5	gli	gli	_	_	_	_	_	linguistic	_	ContainsVariation=No	_	_	_	_	_	0-3(?)
61-6	PSB130	61	6	altri]?	altri	_	_	_	_	_	linguistic	_	ContainsVariation=No	Intonation=Rising	End=95.849	_	_	_	0-5(?)
62-0	PSB086	62	0	[questo	questo	_	_	_	_	_	linguistic	_	ContainsVariation=No	_	Begin=93.15	_	_	_	0-6(374)
62-1	PSB086	62	1	biscotto	biscotto	_	_	_	_	_	linguistic	_	ContainsVariation=No	_	_	_	_	_	0-8(374)
62-2	PSB086	62	2	grasso	grasso	_	_	_	_	_	linguistic	_	ContainsVariation=No	_	_	_	_	_	0-6(374)
62-3	PSB086	62	3	com'	com'	_	_	_	_	_	linguistic	_	ContainsVariation=No	SpaceAfter=No	_	_	_	_	0-4(374)
62-4	PSB086	62	4	è]?	è	_	_	_	_	_	linguistic	_	ContainsVariation=No	Intonation=Rising	End=94.844	_	_	_	0-1(374)
63-0	PSB091	63	0	[sì	sì	_	_	_	_	_	linguistic	_	ContainsVariation=No	_	Begin=94.66	_	_	_	0-2(?)
63-1	PSB091	63	1	mettiamo	mettiamo	_	_	_	_	_	linguistic	_	ContainsVariation=No	_	_	_	_	_	0-8(?)
63-2	PSB091	63	2	tutto	tutto	_	_	_	_	_	linguistic	_	ContainsVariation=No	_	_	_	_	_	0-5(?)
63-3	PSB091	63	3	su	su	_	_	_	_	_	linguistic	_	ContainsVariation=No	_	_	_	_	_	0-2(?)
63-4	PSB091	63	4	sui	sui	_	_	_	_	_	linguistic	_	ContainsVariation=No	_	_	_	_	_	0-3(?)
63-5	PSB091	63	5	altri]	altri	_	_	_	_	_	linguistic	_	ContainsVariation=No	_	End=97.12	_	_	_	0-5(?)
64-0	PSB129	64	0	[sono	sono	_	_	_	_	_	linguistic	_	ContainsVariation=No	_	Begin=95.451	_	_	_	0-4(?)
64-1	PSB129	64	1	biscotti	biscotti	_	_	_	_	_	linguistic	_	ContainsVariation=No	_	_	_	_	_	0-8(?)
64-2	PSB129	64	2	toscani	toscani	_	_	_	_	_	linguistic	_	ContainsVariation=No	_	_	_	_	_	0-7(?)
64-3	PSB129	64	3	perché	perché	_	_	_	_	_	linguistic	_	ContainsVariation=No	_	_	_	_	_	0-6(?)
64-4	PSB129	64	4	la	la	_	_	_	_	_	linguistic	_	ContainsVariation=No	_	_	_	_	_	0-2(?)
64-5	PSB129	64	5	settimana	settimana	_	_	_	_	_	linguistic	_	ContainsVariation=No	_	_	_	_	_	0-9(?)
64-6	PSB129	64	6	scorsa	scorsa	_	_	_	_	_	linguistic	_	ContainsVariation=No	_	_	_	_	_	0-6(?)
64-7	PSB129	64	7	sono	sono	_	_	_	_	_	linguistic	_	ContainsVariation=No	_	_	_	_	_	0-4(?)
64-8	PSB129	64	8	stata	stata	_	_	_	_	_	linguistic	_	ContainsVariation=No	_	_	_	_	_	0-5(?)
64-9	PSB129	64	9	a	a	_	_	_	_	_	linguistic	_	ContainsVariation=No	_	_	_	_	_	0-1(?)
64-10	PSB129	64	10	una	una	_	_	_	_	_	linguistic	_	ContainsVariation=No	_	_	_	_	_	0-3(?)
64-11	PSB129	64	11	conferenza	conferenza	_	_	_	_	_	linguistic	_	ContainsVariation=No	_	_	_	_	_	0-10(?)
64-12	PSB129	64	12	a	a	_	_	_	_	_	linguistic	_	ContainsVariation=No	_	_	_	_	_	0-1(?)
64-13	PSB129	64	13	pisa]	pisa	_	_	_	_	_	linguistic	_	ContainsVariation=No	_	End=100.016	_	_	_	0-4(?)
65-0	PSB130	65	0	[eh	eh	_	_	_	_	_	linguistic	_	ContainsVariation=No	_	Begin=97.5	_	_	_	0-2(?)
65-1	PSB130	65	1	allora	allora	_	_	_	_	_	linguistic	_	ContainsVariation=No	_	_	_	_	_	0-6(?)
65-2	PSB130	65	2	qua	qua	_	_	_	_	_	linguistic	_	ContainsVariation=No	_	_	_	_	_	0-3(?)
65-3	PSB130	65	3	ce	ce	_	_	_	_	_	linguistic	_	ContainsVariation=No	_	_	_	_	_	0-2(?)
65-4	PSB130	65	4	n'	n'	_	_	_	_	_	linguistic	_	ContainsVariation=No	SpaceAfter=No	_	_	_	_	0-2(?)
65-5	PSB130	65	5	è	è	_	_	_	_	_	linguistic	_	ContainsVariation=No	_	_	_	_	_	0-1(?)
65-6	PSB130	65	6	un	un	_	_	_	_	_	linguistic	_	ContainsVariation=No	_	_	_	_	_	0-2(?)
65-7	PSB130	65	7	po'	po'	_	_	_	_	_	linguistic	_	ContainsVariation=No	_	_	_	_	_	0-3(?)
65-8	PSB130	65	8	meno	meno	_	_	_	_	_	linguistic	_	ContainsVariation=No	_	_	_	_	_	0-4(?)
65-9	PSB130	65	9	forse	forse	_	_	_	_	_	linguistic	_	ContainsVariation=No	_	_	_	_	_	0-5(?)
65-10	PSB130	65	10	anche:	anche	_	_	_	_	_	linguistic	_	ContainsVariation=No	_	_	4x1	_	_	0-5(?)
65-11	PSB130	65	11	qua	qua	_	_	_	_	_	linguistic	_	ContainsVariation=No	_	_	_	_	_	0-3(?)
65-12	PSB130	65	12	°forse°]	forse	_	_	_	_	_	linguistic	_	ContainsVariation=No	Volume=low	End=101.787	_	_	_	0-5(?)
66-0	PSB129	66	0	[e	e	_	_	_	_	_	linguistic	_	ContainsVariation=No	_	Begin=100.27	_	_	_	0-1(16)
66-1	PSB129	66	1	io	io	_	_	_	_	_	linguistic	_	ContainsVariation=No	_	_	_	_	_	0-2(16)
66-2	PSB129	66	2	sono	sono	_	_	_	_	_	linguistic	_	ContainsVariation=No	_	_	_	_	_	0-4(16)
66-3	PSB129	66	3	stata	stata	_	_	_	_	_	linguistic	_	ContainsVariation=No	_	_	_	_	_	0-5(16)
66-4	PSB129	66	4	a	a	_	_	_	_	_	linguistic	_	ContainsVariation=No	_	_	_	_	_	0-1(16)
66-5	PSB129	66	5	pisa	pisa	_	_	_	_	_	linguistic	_	ContainsVariation=No	_	_	_	_	_	0-4(16)
66-6	PSB129	66	6	tanti	tanti	_	_	_	_	_	linguistic	_	ContainsVariation=No	_	_	_	_	_	0-5(16)
66-7	PSB129	66	7	anni]	anni	_	_	_	_	_	linguistic	_	ContainsVariation=No	_	_	_	_	_	0-4(16)
66-8	PSB129	66	8	prima	prima	_	_	_	_	_	linguistic	_	ContainsVariation=No	_	_	_	_	_	_
66-9	PSB129	66	9	di	di	_	_	_	_	_	linguistic	_	ContainsVariation=No	_	_	_	_	_	_
66-10	PSB129	66	10	venire	venire	_	_	_	_	_	linguistic	_	ContainsVariation=No	_	_	_	_	_	_
66-11	PSB129	66	11	a	a	_	_	_	_	_	linguistic	_	ContainsVariation=No	_	_	_	_	_	_
66-12	PSB129	66	12	bologna	bologna	_	_	_	_	_	linguistic	_	ContainsVariation=No	_	End=102.95	_	_	_	_
67-0	PSB129	67	0	e	e	_	_	_	_	_	linguistic	_	ContainsVariation=No	_	Begin=103.17	_	_	_	_
67-1	PSB129	67	1	quindi:	quindi	_	_	_	_	_	linguistic	_	ContainsVariation=No	_	_	5x1	_	_	_
67-2	PSB129	67	2	ho	ho	_	_	_	_	_	linguistic	_	ContainsVariation=No	_	_	_	_	_	_
67-3	PSB129	67	3	riportato	riportato	_	_	_	_	_	linguistic	_	ContainsVariation=No	_	_	_	_	_	_
67-4	PSB129	67	4	questi	questi	_	_	_	_	_	linguistic	_	ContainsVariation=No	_	_	_	_	_	_
67-5	PSB129	67	5	[biscotti:]	biscotti	_	_	_	_	_	linguistic	_	ContainsVariation=No	_	_	7x1	_	_	0-8(17)
67-6	PSB129	67	6	eh	eh	_	_	_	_	_	linguistic	_	ContainsVariation=No	_	_	_	_	_	_
67-7	PSB129	67	7	che	che	_	_	_	_	_	linguistic	_	ContainsVariation=No	_	_	_	_	_	_
67-8	PSB129	67	8	si	si	_	_	_	_	_	linguistic	_	ContainsVariation=No	_	_	_	_	_	_
67-9	PSB129	67	9	fa[nno]	fanno	_	_	_	_	_	linguistic	_	ContainsVariation=No	_	End=107.812	_	_	_	2-5(18)
68-0	PSB086	68	0	[xxx]	xxx	_	_	_	_	_	unknown	_	ContainsVariation=No	Syllables=3	Begin=105.03	_	_	_	0-3(17)
68-1	PSB086	68	1	((ride))	((ride))	_	_	_	_	_	nonverbalbehavior	_	ContainsVariation=No	_	End=107.156	_	_	_	_
69-0	PSB127	69	0	[xx]	xx	_	_	_	_	_	unknown	_	ContainsVariation=No	Syllables=2	Begin=107.25|End=107.89	_	_	_	0-2(18)
70-0	PSB129	70	0	che	che	_	_	_	_	_	linguistic	_	ContainsVariation=No	_	Begin=108.18	_	_	_	_
70-1	PSB129	70	1	[sono:	sono	_	_	_	_	_	linguistic	_	ContainsVariation=No	_	_	3x1	_	_	0-4(19)
70-2	PSB129	70	2	sì]	sì	_	_	_	_	_	linguistic	_	ContainsVariation=No	_	_	_	_	_	0-2(19)
70-3	PSB129	70	3	vai	vai	_	_	_	_	_	linguistic	_	ContainsVariation=No	_	_	_	_	_	_
70-4	PSB129	70	4	vicino	vicino	_	_	_	_	_	linguistic	_	ContainsVariation=No	_	End=110.37	_	_	_	_
71-0	PSB086	71	0	[vediamo	vediamo	_	_	_	_	_	linguistic	_	ContainsVariation=No	PauseAfter=Yes	Begin=108.55	_	_	_	0-7(19)
71-1	PSB086	71	1	(.)	(.)	_	_	_	_	_	shortpause	_	ContainsVariation=No	_	_	_	_	_	X(19)
71-2	PSB086	71	2	eh]	eh	_	_	_	_	_	linguistic	_	ContainsVariation=No	_	End=109.632	_	_	_	0-2(19)
72-0	PSB130	72	0	[sì	sì	_	_	_	_	_	linguistic	_	ContainsVariation=No	_	Begin=110.54	_	_	_	0-2(20)
72-1	PSB130	72	1	anche	anche	_	_	_	_	_	linguistic	_	ContainsVariation=No	_	_	_	_	_	0-5(20)
72-2	PSB130	72	2	quello]	quello	_	_	_	_	_	linguistic	_	ContainsVariation=No	_	End=111.6	_	_	_	0-6(20)
73-0	PSB129	73	0	[sì	sì	_	_	_	_	_	linguistic	_	ContainsVariation=No	_	Begin=110.55	_	_	_	0-2(20)
73-1	PSB129	73	1	fanno	fanno	_	_	_	_	_	linguistic	_	ContainsVariation=No	_	_	_	_	_	0-5(20)
73-2	PSB129	73	2	tipo]:	tipo	_	_	_	_	_	linguistic	_	ContainsVariation=No	_	_	3x1	_	_	0-4(20)
73-3	PSB129	73	3	dentro	dentro	_	_	_	_	_	linguistic	_	ContainsVariation=No	_	_	_	_	_	_
73-4	PSB129	73	4	c'	c'	_	_	_	_	_	linguistic	_	ContainsVariation=No	SpaceAfter=No	_	_	_	_	_
73-5	PSB129	73	5	hanno:	hanno	_	_	_	_	_	linguistic	_	ContainsVariation=No	_	_	4x1	_	_	_
73-6	PSB129	73	6	la	la	_	_	_	_	_	linguistic	_	ContainsVariation=No	_	_	_	_	_	_
73-7	PSB129	73	7	frutta	frutta	_	_	_	_	_	linguistic	_	ContainsVariation=No	_	_	_	_	_	_
73-8	PSB129	73	8	secca,	secca	_	_	_	_	_	linguistic	_	ContainsVariation=No	Intonation=WeaklyRising	_	_	_	_	_
73-9	PSB129	73	9	la	la	_	_	_	_	_	linguistic	_	ContainsVariation=No	_	_	_	_	_	_
73-10	PSB129	73	10	frutt[a	frutta	_	_	_	_	_	linguistic	_	ContainsVariation=No	_	_	_	_	_	4-6(21)
73-11	PSB129	73	11	can]dita:	candita	_	_	_	_	_	linguistic	_	ContainsVariation=No	_	_	6x1	_	_	0-3(21)
73-12	PSB129	73	12	sono	sono	_	_	_	_	_	linguistic	_	ContainsVariation=No	_	_	_	_	_	_
73-13	PSB129	73	13	tipo	tipo	_	_	_	_	_	linguistic	_	ContainsVariation=No	_	End=116.15	_	_	_	_
74-0	PSB091	74	0	[°okay°]	okay	_	_	_	_	_	linguistic	_	ContainsVariation=No	Volume=low	Begin=114.19|End=114.63	_	_	_	0-4(21)
75-0	PSB129	75	0	ricchi	ricchi	_	_	_	_	_	linguistic	_	ContainsVariation=No	_	Begin=116.69	_	_	_	_
75-1	PSB129	75	1	di	di	_	_	_	_	_	linguistic	_	ContainsVariation=No	_	_	_	_	_	_
75-2	PSB129	75	2	[frutta	frutta	_	_	_	_	_	linguistic	_	ContainsVariation=No	_	_	_	_	_	0-6(22)
75-3	PSB129	75	3	diciamo]	diciamo	_	_	_	_	_	linguistic	_	ContainsVariation=No	_	End=118.088	_	_	_	0-7(22)
76-0	PSB005	76	0	[no	no	_	_	_	_	_	linguistic	_	ContainsVariation=No	_	Begin=117.27	_	_	_	0-2(?)
76-1	PSB005	76	1	no	no	_	_	_	_	_	linguistic	_	ContainsVariation=No	_	_	_	_	_	0-2(?)
76-2	PSB005	76	2	no	no	_	_	_	_	_	linguistic	_	ContainsVariation=No	_	_	_	_	_	0-2(?)
76-3	PSB005	76	3	no]	no	_	_	_	_	_	linguistic	_	ContainsVariation=No	_	End=118.53	_	_	_	0-2(?)
77-0	PSB086	77	0	[ti	ti	_	_	_	_	_	linguistic	_	ContainsVariation=No	_	Begin=118.11	_	_	_	0-2(23)
77-1	PSB086	77	1	mangi]	mangi	_	_	_	_	_	linguistic	_	ContainsVariation=No	_	_	_	_	_	0-5(23)
77-2	PSB086	77	2	[uno	uno	_	_	_	_	_	linguistic	_	ContainsVariation=No	_	_	_	_	_	0-3(24)
77-3	PSB086	77	3	e]	e	_	_	_	_	_	linguistic	_	ContainsVariation=No	_	End=119.207	_	_	_	0-1(24)
78-0	PSB129	78	0	[esa]tto	esatto	_	_	_	_	_	linguistic	_	ContainsVariation=No	_	Begin=118.78	_	_	_	0-3(24)
78-1	PSB129	78	1	e	e	_	_	_	_	_	linguistic	_	ContainsVariation=No	_	_	_	_	_	_
78-2	PSB129	78	2	sei	sei	_	_	_	_	_	linguistic	_	ContainsVariation=No	_	_	_	_	_	_
78-3	PSB129	78	3	pieno	pieno	_	_	_	_	_	linguistic	_	ContainsVariation=No	_	_	_	_	_	_
78-4	PSB129	78	4	e	e	_	_	_	_	_	linguistic	_	ContainsVariation=No	_	_	_	_	_	_
78-5	PSB129	78	5	poi	poi	_	_	_	_	_	linguistic	_	ContainsVariation=No	_	_	_	_	_	_
78-6	PSB129	78	6	era	era	_	_	_	_	_	linguistic	_	ContainsVariation=No	PauseAfter=Yes	_	_	_	_	_
78-7	PSB129	78	7	(.)	(.)	_	_	_	_	_	shortpause	_	ContainsVariation=No	_	_	_	_	_	_
78-8	PSB129	78	8	sono	sono	_	_	_	_	_	linguistic	_	ContainsVariation=No	_	_	_	_	_	_
78-9	PSB129	78	9	anche	anche	_	_	_	_	_	linguistic	_	ContainsVariation=No	_	_	_	_	_	_
78-10	PSB129	78	10	grossini	grossini	_	_	_	_	_	linguistic	_	ContainsVariation=No	_	_	_	_	_	_
78-11	PSB129	78	11	c(io)è	cioè	_	_	_	_	_	linguistic	_	ContainsVariation=No	Reduced=Yes	_	_	_	_	_
78-12	PSB129	78	12	ser~	ser~	_	_	_	_	_	linguistic	_	ContainsVariation=No	Interrupted=Yes	_	_	_	_	_
78-13	PSB129	78	13	sono	sono	_	_	_	_	_	linguistic	_	ContainsVariation=No	_	_	_	_	_	_
78-14	PSB129	78	14	tipo	tipo	_	_	_	_	_	linguistic	_	ContainsVariation=No	_	_	_	_	_	_
78-15	PSB129	78	15	così	così	_	_	_	_	_	linguistic	_	ContainsVariation=No	_	End=122.92	_	_	_	_
79-0	PSB129	79	0	non	non	_	_	_	_	_	linguistic	_	ContainsVariation=No	_	Begin=123.14	_	_	_	_
79-1	PSB129	79	1	sono	sono	_	_	_	_	_	linguistic	_	ContainsVariation=No	_	_	_	_	_	_
79-2	PSB129	79	2	biscottini	biscottini	_	_	_	_	_	linguistic	_	ContainsVariation=No	_	_	_	_	_	_
79-3	PSB129	79	3	sono	sono	_	_	_	_	_	linguistic	_	ContainsVariation=No	_	_	_	_	_	_
79-4	PSB129	79	4	insomma	insomma	_	_	_	_	_	linguistic	_	ContainsVariation=No	_	_	_	_	_	_
79-5	PSB129	79	5	un	un	_	_	_	_	_	linguistic	_	ContainsVariation=No	_	End=125.58	_	_	_	_
80-0	PSB130	80	0	e	e	_	_	_	_	_	linguistic	_	ContainsVariation=No	_	Begin=125.66	_	_	_	_
80-1	PSB130	80	1	questi	questi	_	_	_	_	_	linguistic	_	ContainsVariation=No	_	_	_	_	_	_
80-2	PSB130	80	2	due	due	_	_	_	_	_	linguistic	_	ContainsVariation=No	_	_	_	_	_	_
80-3	PSB130	80	3	sono	sono	_	_	_	_	_	linguistic	_	ContainsVariation=No	_	_	_	_	_	_
80-4	PSB130	80	4	gli	gli	_	_	_	_	_	linguistic	_	ContainsVariation=No	_	_	_	_	_	_
80-5	PSB130	80	5	ultimi	ultimi	_	_	_	_	_	linguistic	_	ContainsVariation=No	_	_	_	_	_	_
80-6	PSB130	80	6	[che	che	_	_	_	_	_	linguistic	_	ContainsVariation=No	_	_	_	_	_	0-3(375)
80-7	PSB130	80	7	mancano:]	mancano	_	_	_	_	_	linguistic	_	ContainsVariation=No	_	End=127.59	6x1	_	_	0-7(375)
81-0	PSB086	81	0	[specialità]	specialità	_	_	_	_	_	linguistic	_	ContainsVariation=No	PauseAfter=Yes	Begin=126.68	_	_	_	0-10(376)
81-1	PSB086	81	1	(.)	(.)	_	_	_	_	_	shortpause	_	ContainsVariation=No	_	_	_	_	_	_
81-2	PSB086	81	2	di	di	_	_	_	_	_	linguistic	_	ContainsVariation=No	_	_	_	_	_	_
81-3	PSB086	81	3	pisa	pisa	_	_	_	_	_	linguistic	_	ContainsVariation=No	_	End=128.273	_	_	_	_
82-0	PSB127	82	0	((ride))	((ride))	_	_	_	_	_	nonverbalbehavior	_	ContainsVariation=No	_	Begin=127.56|End=128.89	_	_	_	_
83-0	PSB130	83	0	per	per	_	_	_	_	_	linguistic	_	ContainsVariation=No	_	Begin=128.09	_	_	_	_
83-1	PSB130	83	1	il	il	_	_	_	_	_	linguistic	_	ContainsVariation=No	_	_	_	_	_	_
83-2	PSB130	83	2	gi~	gi~	_	_	_	_	_	linguistic	_	ContainsVariation=No	Interrupted=Yes	End=128.77	_	_	_	_
84-0	PSB129	84	0	pisa	pisa	_	_	_	_	_	linguistic	_	ContainsVariation=No	_	Begin=129.0	_	_	_	_
84-1	PSB129	84	1	siena:	siena	_	_	_	_	_	linguistic	_	ContainsVariation=No	_	_	4x1	_	_	_
84-2	PSB129	84	2	sì	sì	_	_	_	_	_	linguistic	_	ContainsVariation=No	_	End=130.85	_	_	_	_
85-0	PSB129	85	0	direi	direi	_	_	_	_	_	linguistic	_	ContainsVariation=No	_	Begin=131.6	_	_	_	_
85-1	PSB129	85	1	sì	sì	_	_	_	_	_	linguistic	_	ContainsVariation=No	_	End=132.4	_	_	_	_
86-0	PSB129	86	0	fra	fra	_	_	_	_	_	linguistic	_	ContainsVariation=No	_	Begin=132.91	_	_	_	_
86-1	PSB129	86	1	pis[a	pisa	_	_	_	_	_	linguistic	_	ContainsVariation=No	_	_	_	_	_	3-4(25)
86-2	PSB129	86	2	e	e	_	_	_	_	_	linguistic	_	ContainsVariation=No	_	_	_	_	_	0-1(25)
86-3	PSB129	86	3	siena]	siena	_	_	_	_	_	linguistic	_	ContainsVariation=No	_	End=134.31	_	_	_	0-5(25)
87-0	PSB091	87	0	[dove	dove	_	_	_	_	_	linguistic	_	ContainsVariation=No	_	Begin=133.36	_	_	_	0-4(25)
87-1	PSB091	87	1	posso	posso	_	_	_	_	_	linguistic	_	ContainsVariation=No	_	_	_	_	_	0-5(25)
87-2	PSB091	87	2	aggiunge]re	aggiungere	_	_	_	_	_	linguistic	_	ContainsVariation=No	_	_	_	_	_	0-8(25)
87-3	PSB091	87	3	un	un	_	_	_	_	_	linguistic	_	ContainsVariation=No	_	_	_	_	_	_
87-4	PSB091	87	4	altro	altro	_	_	_	_	_	linguistic	_	ContainsVariation=No	_	_	_	_	_	_
87-5	PSB091	87	5	po'	po'	_	_	_	_	_	linguistic	_	ContainsVariation=No	_	_	_	_	_	_
87-6	PSB091	87	6	se[condo	secondo	_	_	_	_	_	linguistic	_	ContainsVariation=No	_	_	_	_	_	2-7(26)
87-7	PSB091	87	7	voi]?	voi	_	_	_	_	_	linguistic	_	ContainsVariation=No	Intonation=Rising	End=135.87	_	_	_	0-3(26)
88-0	PSB129	88	0	[sono	sono	_	_	_	_	_	linguistic	_	ContainsVariation=No	_	Begin=135.14	_	_	_	0-4(27)
88-1	PSB129	88	1	diversi	diversi	_	_	_	_	_	linguistic	_	ContainsVariation=No	_	_	_	_	_	0-7(27)
88-2	PSB129	88	2	dai	dai	_	_	_	_	_	linguistic	_	ContainsVariation=No	_	_	_	_	_	0-3(27)
88-3	PSB129	88	3	cantucci	cantucci	_	_	_	_	_	linguistic	_	ContainsVariation=No	_	_	_	_	_	0-8(27)
88-4	PSB129	88	4	di	di	_	_	_	_	_	linguistic	_	ContainsVariation=No	_	_	_	_	_	0-2(27)
88-5	PSB129	88	5	solito	solito	_	_	_	_	_	linguistic	_	ContainsVariation=No	_	_	_	_	_	0-6(27)
88-6	PSB129	88	6	io	io	_	_	_	_	_	linguistic	_	ContainsVariation=No	_	_	_	_	_	0-2(27)
88-7	PSB129	88	7	li]	li	_	_	_	_	_	linguistic	_	ContainsVariation=No	_	_	_	_	_	0-2(27)
88-8	PSB129	88	8	porto	porto	_	_	_	_	_	linguistic	_	ContainsVariation=No	_	_	_	_	_	_
88-9	PSB129	88	9	quelli	quelli	_	_	_	_	_	linguistic	_	ContainsVariation=No	_	_	_	_	_	_
88-10	PSB129	88	10	a	a	_	_	_	_	_	linguistic	_	ContainsVariation=No	_	_	_	_	_	_
88-11	PSB129	88	11	parte	parte	_	_	_	_	_	linguistic	_	ContainsVariation=No	_	_	_	_	_	_
88-12	PSB129	88	12	che	che	_	_	_	_	_	linguistic	_	ContainsVariation=No	_	_	_	_	_	_
88-13	PSB129	88	13	[sono	sono	_	_	_	_	_	linguistic	_	ContainsVariation=No	PauseAfter=Yes	_	_	_	_	0-4(28)
88-14	PSB129	88	14	(.)	(.)	_	_	_	_	_	shortpause	_	ContainsVariation=No	_	_	_	_	_	X(28)
88-15	PSB129	88	15	sì]	sì	_	_	_	_	_	linguistic	_	ContainsVariation=No	_	End=139.658	_	_	_	0-2(28)
89-0	PSB130	89	0	[qui	qui	_	_	_	_	_	linguistic	_	ContainsVariation=No	_	Begin=136.21	_	_	_	0-3(27)
89-1	PSB130	89	1	o	o	_	_	_	_	_	linguistic	_	ContainsVariation=No	_	_	_	_	_	0-1(27)
89-2	PSB130	89	2	anche	anche	_	_	_	_	_	linguistic	_	ContainsVariation=No	_	_	_	_	_	0-5(27)
89-3	PSB130	89	3	qua]	qua	_	_	_	_	_	linguistic	_	ContainsVariation=No	_	End=137.256	_	_	_	0-3(27)
90-0	PSB005	90	0	[son	son	_	_	_	_	_	linguistic	_	ContainsVariation=No	_	Begin=138.46	_	_	_	0-3(28)
90-1	PSB005	90	1	diversi?	diversi	_	_	_	_	_	linguistic	_	ContainsVariation=No	Intonation=Rising	_	_	_	_	0-7(28)
90-2	PSB005	90	2	non	non	_	_	_	_	_	linguistic	_	ContainsVariation=No	_	_	_	_	_	0-3(28)
90-3	PSB005	90	3	li	li	_	_	_	_	_	linguistic	_	ContainsVariation=No	_	_	_	_	_	0-2(28)
90-4	PSB005	90	4	avevo	avevo	_	_	_	_	_	linguistic	_	ContainsVariation=No	_	_	_	_	_	0-5(28)
90-5	PSB005	90	5	mai]	mai	_	_	_	_	_	linguistic	_	ContainsVariation=No	_	_	_	_	_	0-3(28)
90-6	PSB005	90	6	mangiati	mangiati	_	_	_	_	_	linguistic	_	ContainsVariation=No	_	End=140.013	_	_	_	_
91-0	PSB129	91	0	[mi	mi	_	_	_	_	_	linguistic	_	ContainsVariation=No	_	Begin=140.04	_	_	_	0-2(378)
91-1	PSB129	91	1	piacciono	piacciono	_	_	_	_	_	linguistic	_	ContainsVariation=No	_	_	_	_	_	0-9(378)
91-2	PSB129	91	2	di	di	_	_	_	_	_	linguistic	_	ContainsVariation=No	_	_	_	_	_	0-2(378)
91-3	PSB129	91	3	più	più	_	_	_	_	_	linguistic	_	ContainsVariation=No	_	_	_	_	_	0-3(378)
91-4	PSB129	91	4	dei	dei	_	_	_	_	_	linguistic	_	ContainsVariation=No	_	_	_	_	_	0-3(378)
91-5	PSB129	91	5	cantucci]	cantucci	_	_	_	_	_	linguistic	_	ContainsVariation=No	_	End=141.522	_	_	_	0-8(378)
92-0	PSB130	92	0	[no	no	_	_	_	_	_	linguistic	_	ContainsVariation=No	PauseAfter=Yes	Begin=140.07	_	_	_	0-2(377)
92-1	PSB130	92	1	(.)	(.)	_	_	_	_	_	shortpause	_	ContainsVariation=No	_	_	_	_	_	X(377)
92-2	PSB130	92	2	perfetto]	perfetto	_	_	_	_	_	linguistic	_	ContainsVariation=No	_	End=140.95	_	_	_	0-8(377)
93-0	PSB127	93	0	[ultimo::]	ultimo	_	_	_	_	_	linguistic	_	ContainsVariation=No	_	Begin=140.426|End=141.526	5x2	_	_	0-6(378)
94-0	PSB091	94	0	[okay]	okay	_	_	_	_	_	linguistic	_	ContainsVariation=No	_	Begin=141.0|End=141.468	_	_	_	0-4(378)
95-0	PSB129	95	0	e:	e	_	_	_	_	_	linguistic	_	ContainsVariation=No	_	Begin=142.46	0x1	_	_	_
95-1	PSB129	95	1	sono	sono	_	_	_	_	_	linguistic	_	ContainsVariation=No	_	_	_	_	_	_
95-2	PSB129	95	2	perché	perché	_	_	_	_	_	linguistic	_	ContainsVariation=No	_	_	_	_	_	_
95-3	PSB129	95	3	sono	sono	_	_	_	_	_	linguistic	_	ContainsVariation=No	_	_	_	_	_	_
95-4	PSB129	95	4	più	più	_	_	_	_	_	linguistic	_	ContainsVariation=No	_	_	_	_	_	_
95-5	PSB129	95	5	mor[bidi	morbidi	_	_	_	_	_	linguistic	_	ContainsVariation=No	_	_	_	_	_	3-7(29)
95-6	PSB129	95	6	x	x	_	_	_	_	_	unknown	_	ContainsVariation=No	Syllables=1	_	_	_	_	0-1(29)
95-7	PSB129	95	7	x	x	_	_	_	_	_	unknown	_	ContainsVariation=No	Syllables=1	_	_	_	_	0-1(29)
95-8	PSB129	95	8	x]	x	_	_	_	_	_	unknown	_	ContainsVariation=No	Syllables=1	End=145.547	_	_	_	0-1(29)
96-0	PSB091	96	0	[preg]o	prego	_	_	_	_	_	linguistic	_	ContainsVariation=No	_	Begin=143.85|End=144.79	_	_	_	0-4(29)
97-0	PSB130	97	0	beh	beh	_	_	_	_	_	linguistic	_	ContainsVariation=No	_	Begin=145.58	_	_	_	_
97-1	PSB130	97	1	[e:h]	eh	_	_	_	_	_	linguistic	_	ContainsVariation=No	_	End=146.77	0x1	_	_	0-2(30)
98-0	PSB091	98	0	[assaggiate	assaggiate	_	_	_	_	_	linguistic	_	ContainsVariation=No	_	Begin=145.93	_	_	_	0-10(30)
98-1	PSB091	98	1	qu]ello	quello	_	_	_	_	_	linguistic	_	ContainsVariation=No	_	_	_	_	_	0-2(30)
98-2	PSB091	98	2	che	che	_	_	_	_	_	linguistic	_	ContainsVariation=No	_	_	_	_	_	_
98-3	PSB091	98	3	avete	avete	_	_	_	_	_	linguistic	_	ContainsVariation=No	_	_	_	_	_	_
98-4	PSB091	98	4	fatto::	fatto	_	_	_	_	_	linguistic	_	ContainsVariation=No	_	_	4x2	_	_	_
98-5	PSB091	98	5	br[avi::]	bravi	_	_	_	_	_	linguistic	_	ContainsVariation=No	_	_	4x2	_	_	2-5(31)
98-6	PSB091	98	6	((applausi))	((applausi))	_	_	_	_	_	nonverbalbehavior	_	ContainsVariation=No	_	End=151.248	_	_	_	_
99-0	PSB129	99	0	[applauso]	applauso	_	_	_	_	_	linguistic	_	ContainsVariation=No	_	Begin=148.74|End=149.707	_	_	_	0-8(31)
100-0	PSB129	100	0	bellissim[o]	bellissimo	_	_	_	_	_	linguistic	_	ContainsVariation=No	_	Begin=151.29|End=152.33	_	_	_	9-10(379)
101-0	PSB036	101	0	[bene]	bene	_	_	_	_	_	linguistic	_	ContainsVariation=No	_	Begin=152.13|End=152.601	_	_	_	0-4(379)
102-0	PSB086	102	0	[ecco]	ecco	_	_	_	_	_	linguistic	_	ContainsVariation=No	_	Begin=152.31	_	_	_	0-4(379)
102-1	PSB086	102	1	ades[so]	adesso	_	_	_	_	_	linguistic	_	ContainsVariation=No	_	End=153.366	_	_	_	4-6(32)
103-0	PSB130	103	0	[e	e	_	_	_	_	_	linguistic	_	ContainsVariation=No	_	Begin=153.01	_	_	_	0-1(32)
103-1	PSB130	103	1	allo]ra	allora	_	_	_	_	_	linguistic	_	ContainsVariation=No	_	_	_	_	_	0-4(32)
103-2	PSB130	103	2	adesso	adesso	_	_	_	_	_	linguistic	_	ContainsVariation=No	PauseAfter=Yes	_	_	_	_	_
103-3	PSB130	103	3	(.)	(.)	_	_	_	_	_	shortpause	_	ContainsVariation=No	_	_	_	_	_	_
103-4	PSB130	103	4	abbiamo	abbiamo	_	_	_	_	_	linguistic	_	ContainsVariation=No	_	_	_	_	_	_
103-5	PSB130	103	5	fatto	fatto	_	_	_	_	_	linguistic	_	ContainsVariation=No	_	_	_	_	_	_
103-6	PSB130	103	6	una	una	_	_	_	_	_	linguistic	_	ContainsVariation=No	_	_	_	_	_	_
103-7	PSB130	103	7	foto	foto	_	_	_	_	_	linguistic	_	ContainsVariation=No	_	_	_	_	_	_
103-8	PSB130	103	8	dei	dei	_	_	_	_	_	linguistic	_	ContainsVariation=No	_	_	_	_	_	_
103-9	PSB130	103	9	[piatti]?	piatti	_	_	_	_	_	linguistic	_	ContainsVariation=No	Intonation=Rising	End=155.689	_	_	_	0-6(33)
104-0	PSB086	104	0	[guarda]temi	guardatemi	_	_	_	_	_	linguistic	_	ContainsVariation=No	_	Begin=155.407	_	_	_	0-6(33)
104-1	PSB086	104	1	faccio	faccio	_	_	_	_	_	linguistic	_	ContainsVariation=No	_	_	_	_	_	_
104-2	PSB086	104	2	[una	una	_	_	_	_	_	linguistic	_	ContainsVariation=No	_	_	_	_	_	0-3(34)
104-3	PSB086	104	3	foto	foto	_	_	_	_	_	linguistic	_	ContainsVariation=No	_	_	_	_	_	0-4(34)
104-4	PSB086	104	4	così]	così	_	_	_	_	_	linguistic	_	ContainsVariation=No	_	End=157.7	_	_	_	0-4(34)
105-0	PSB129	105	0	[sì::]	sì	_	_	_	_	_	linguistic	_	ContainsVariation=No	_	Begin=156.6|End=157.71	1x2	_	_	0-2(34)
106-0	PSB091	106	0	la	la	_	_	_	_	_	linguistic	_	ContainsVariation=No	_	Begin=160.82	_	_	_	_
106-1	PSB091	106	1	massaia	massaia	_	_	_	_	_	linguistic	_	ContainsVariation=No	_	End=161.92	_	_	_	_
107-0	PSB129	107	0	((ride))	((ride))	_	_	_	_	_	nonverbalbehavior	_	ContainsVariation=No	_	Begin=161.96|End=163.82	_	_	_	_
108-0	PSB036	108	0	((ride))	((ride))	_	_	_	_	_	nonverbalbehavior	_	ContainsVariation=No	_	Begin=161.96|End=163.82	_	_	_	_
109-0	PSB086	109	0	pronti?	pronti	_	_	_	_	_	linguistic	_	ContainsVariation=No	Intonation=Rising	Begin=164.56	_	_	_	_
109-1	PSB086	109	1	@nadya?	@nadya	_	_	_	_	_	anonymized	_	ContainsVariation=No	Intonation=Rising|Anonymized=Yes	End=166.2	_	_	_	_
110-0	PSB129	110	0	guarda	guarda	_	_	_	_	_	linguistic	_	ContainsVariation=No	_	Begin=167.09	_	_	_	_
110-1	PSB129	110	1	anche	anche	_	_	_	_	_	linguistic	_	ContainsVariation=No	_	_	_	_	_	_
110-2	PSB129	110	2	tu:	tu	_	_	_	_	_	linguistic	_	ContainsVariation=No	_	End=168.29	1x1	_	_	_
111-0	PSB005	111	0	[non	non	_	_	_	_	_	linguistic	_	ContainsVariation=No	_	Begin=168.57	_	_	_	0-3(432)
111-1	PSB005	111	1	vuole	vuole	_	_	_	_	_	linguistic	_	ContainsVariation=No	_	_	_	_	_	0-5(432)
111-2	PSB005	111	2	mi	mi	_	_	_	_	_	linguistic	_	ContainsVariation=No	_	_	_	_	_	0-2(432)
111-3	PSB005	111	3	sa	sa	_	_	_	_	_	linguistic	_	ContainsVariation=No	_	_	_	_	_	0-2(432)
111-4	PSB005	111	4	mi	mi	_	_	_	_	_	linguistic	_	ContainsVariation=No	_	_	_	_	_	0-2(432)
111-5	PSB005	111	5	sa	sa	_	_	_	_	_	linguistic	_	ContainsVariation=No	_	_	_	_	_	0-2(432)
111-6	PSB005	111	6	che	che	_	_	_	_	_	linguistic	_	ContainsVariation=No	_	_	_	_	_	0-3(432)
111-7	PSB005	111	7	non	non	_	_	_	_	_	linguistic	_	ContainsVariation=No	_	_	_	_	_	0-3(432)
111-8	PSB005	111	8	vuole]	vuole	_	_	_	_	_	linguistic	_	ContainsVariation=No	_	End=171.28	_	_	_	0-5(432)
112-0	PSB086	112	0	[@nadya]?	@nadya	_	_	_	_	_	anonymized	_	ContainsVariation=No	Intonation=Rising|Anonymized=Yes	Begin=168.6|End=169.34	_	_	_	0-6(432)
113-0	PSB091	113	0	[@nadya]?	@nadya	_	_	_	_	_	anonymized	_	ContainsVariation=No	Intonation=Rising|Anonymized=Yes	Begin=168.85|End=169.76	_	_	_	0-6(432)
114-0	PSB129	114	0	[non	non	_	_	_	_	_	linguistic	_	ContainsVariation=No	_	Begin=169.17	_	_	_	0-3(432)
114-1	PSB129	114	1	vuole	vuole	_	_	_	_	_	linguistic	_	ContainsVariation=No	_	_	_	_	_	0-5(432)
114-2	PSB129	114	2	non	non	_	_	_	_	_	linguistic	_	ContainsVariation=No	_	_	_	_	_	0-3(432)
114-3	PSB129	114	3	vuole]	vuole	_	_	_	_	_	linguistic	_	ContainsVariation=No	_	End=171.051	_	_	_	0-5(432)
115-0	PSB036	115	0	[mi	mi	_	_	_	_	_	linguistic	_	ContainsVariation=No	_	Begin=169.7	_	_	_	0-2(434)
115-1	PSB036	115	1	sa	sa	_	_	_	_	_	linguistic	_	ContainsVariation=No	_	_	_	_	_	0-2(434)
115-2	PSB036	115	2	che]	che	_	_	_	_	_	linguistic	_	ContainsVariation=No	_	_	_	_	_	0-3(434)
115-3	PSB036	115	3	((ride))	((ride))	_	_	_	_	_	nonverbalbehavior	_	ContainsVariation=No	_	End=171.16	_	_	_	_
116-0	PSB086	116	0	[@nadya:]	@nadya	_	_	_	_	_	anonymized	_	ContainsVariation=No	Anonymized=Yes	Begin=170.47|End=171.464	5x1	_	_	0-6(434)
117-0	PSB005	117	0	no	no	_	_	_	_	_	linguistic	_	ContainsVariation=No	_	Begin=171.46	_	_	_	_
117-1	PSB005	117	1	non	non	_	_	_	_	_	linguistic	_	ContainsVariation=No	_	_	_	_	_	_
117-2	PSB005	117	2	fa	fa	_	_	_	_	_	linguistic	_	ContainsVariation=No	_	_	_	_	_	_
117-3	PSB005	117	3	niente	niente	_	_	_	_	_	linguistic	_	ContainsVariation=No	_	_	_	_	_	_
117-4	PSB005	117	4	non	non	_	_	_	_	_	linguistic	_	ContainsVariation=No	_	_	_	_	_	_
117-5	PSB005	117	5	fa	fa	_	_	_	_	_	linguistic	_	ContainsVariation=No	_	_	_	_	_	_
117-6	PSB005	117	6	niente	niente	_	_	_	_	_	linguistic	_	ContainsVariation=No	_	End=172.96	_	_	_	_
118-0	PSB091	118	0	ma	ma	_	_	_	_	_	linguistic	_	ContainsVariation=No	_	Begin=175.84	_	_	_	_
118-1	PSB091	118	1	magari	magari	_	_	_	_	_	linguistic	_	ContainsVariation=No	_	_	_	_	_	_
118-2	PSB091	118	2	vado	vado	_	_	_	_	_	linguistic	_	ContainsVariation=No	_	_	_	_	_	_
118-3	PSB091	118	3	di	di	_	_	_	_	_	linguistic	_	ContainsVariation=No	_	_	_	_	_	_
118-4	PSB091	118	4	là	là	_	_	_	_	_	linguistic	_	ContainsVariation=No	_	_	_	_	_	_
118-5	PSB091	118	5	verso	verso	_	_	_	_	_	linguistic	_	ContainsVariation=No	_	_	_	_	_	_
118-6	PSB091	118	6	s~	s~	_	_	_	_	_	linguistic	_	ContainsVariation=No	Interrupted=Yes	_	_	_	_	_
118-7	PSB091	118	7	che	che	_	_	_	_	_	linguistic	_	ContainsVariation=No	_	_	_	_	_	_
118-8	PSB091	118	8	sono	sono	_	_	_	_	_	linguistic	_	ContainsVariation=No	_	End=177.76	_	_	_	_
119-0	PSB091	119	0	come	come	_	_	_	_	_	linguistic	_	ContainsVariation=No	_	Begin=177.96	_	_	_	_
119-1	PSB091	119	1	un'	un'	_	_	_	_	_	linguistic	_	ContainsVariation=No	SpaceAfter=No	_	_	_	_	_
119-2	PSB091	119	2	or[fanella]	orfanella	_	_	_	_	_	linguistic	_	ContainsVariation=No	_	End=179.39	_	_	_	1-9(37)
120-0	PSB086	120	0	[sì	sì	_	_	_	_	_	linguistic	_	ContainsVariation=No	_	Begin=178.47	_	_	_	0-2(37)
120-1	PSB086	120	1	prendiamo	prendiamo	_	_	_	_	_	linguistic	_	ContainsVariation=No	_	_	_	_	_	0-9(37)
120-2	PSB086	120	2	cos]ì	così	_	_	_	_	_	linguistic	_	ContainsVariation=No	_	_	_	_	_	0-3(37)
120-3	PSB086	120	3	perché	perché	_	_	_	_	_	linguistic	_	ContainsVariation=No	_	_	_	_	_	_
120-4	PSB086	120	4	ecco	ecco	_	_	_	_	_	linguistic	_	ContainsVariation=No	_	_	_	_	_	_
120-5	PSB086	120	5	anche	anche	_	_	_	_	_	linguistic	_	ContainsVariation=No	_	_	_	_	_	_
120-6	PSB086	120	6	meglio	meglio	_	_	_	_	_	linguistic	_	ContainsVariation=No	_	_	_	_	_	_
120-7	PSB086	120	7	[sai]	sai	_	_	_	_	_	linguistic	_	ContainsVariation=No	_	End=181.196	_	_	_	0-3(38)
121-0	PSB091	121	0	[così]	così	_	_	_	_	_	linguistic	_	ContainsVariation=No	_	Begin=181.1	_	_	_	0-4(38)
121-1	PSB091	121	1	copro	copro	_	_	_	_	_	linguistic	_	ContainsVariation=No	_	_	_	_	_	_
121-2	PSB091	121	2	la	la	_	_	_	_	_	linguistic	_	ContainsVariation=No	_	_	_	_	_	_
121-3	PSB091	121	3	pancia	pancia	_	_	_	_	_	linguistic	_	ContainsVariation=No	_	_	_	_	_	_
121-4	PSB091	121	4	((ride))	((ride))	_	_	_	_	_	nonverbalbehavior	_	ContainsVariation=No	_	End=183.06	_	_	_	_
122-0	PSB129	122	0	((ride))	((ride))	_	_	_	_	_	nonverbalbehavior	_	ContainsVariation=No	_	Begin=183.53|End=184.31	_	_	_	_
123-0	PSB127	123	0	((ride))	((ride))	_	_	_	_	_	nonverbalbehavior	_	ContainsVariation=No	_	Begin=184.31|End=184.93	_	_	_	_
124-0	PSB086	124	0	adesso	adesso	_	_	_	_	_	linguistic	_	ContainsVariation=No	_	Begin=184.93	_	_	_	_
124-1	PSB086	124	1	facciamo	facciamo	_	_	_	_	_	linguistic	_	ContainsVariation=No	_	_	_	_	_	_
124-2	PSB086	124	2	fare	fare	_	_	_	_	_	linguistic	_	ContainsVariation=No	_	_	_	_	_	_
124-3	PSB086	124	3	a	a	_	_	_	_	_	linguistic	_	ContainsVariation=No	_	_	_	_	_	_
124-4	PSB086	124	4	[@nadya	@nadya	_	_	_	_	_	anonymized	_	ContainsVariation=No	Anonymized=Yes	_	_	_	_	0-6(39)
124-5	PSB086	124	5	le	le	_	_	_	_	_	linguistic	_	ContainsVariation=No	_	_	_	_	_	0-2(39)
124-6	PSB086	124	6	foto	foto	_	_	_	_	_	linguistic	_	ContainsVariation=No	_	_	_	_	_	0-4(39)
124-7	PSB086	124	7	sì	sì	_	_	_	_	_	linguistic	_	ContainsVariation=No	_	_	_	_	_	0-2(39)
124-8	PSB086	124	8	no]	no	_	_	_	_	_	linguistic	_	ContainsVariation=No	_	End=187.46	_	_	_	0-2(39)
125-0	PSB129	125	0	[a	a	_	_	_	_	_	linguistic	_	ContainsVariation=No	_	Begin=186.09	_	_	_	0-1(39)
125-1	PSB129	125	1	@nadya	@nadya	_	_	_	_	_	anonymized	_	ContainsVariation=No	Anonymized=Yes	_	_	_	_	0-6(39)
125-2	PSB129	125	2	vieni	vieni	_	_	_	_	_	linguistic	_	ContainsVariation=No	_	_	_	_	_	0-5(39)
125-3	PSB129	125	3	anche	anche	_	_	_	_	_	linguistic	_	ContainsVariation=No	_	_	_	_	_	0-5(39)
125-4	PSB129	125	4	tu	tu	_	_	_	_	_	linguistic	_	ContainsVariation=No	_	_	_	_	_	0-2(39)
125-5	PSB129	125	5	sì]	sì	_	_	_	_	_	linguistic	_	ContainsVariation=No	_	End=187.5	_	_	_	0-2(39)
126-0	PSB036	126	0	((ride))	((ride))	_	_	_	_	_	nonverbalbehavior	_	ContainsVariation=No	_	Begin=187.5|End=191.51	_	_	_	_
127-0	PSB086	127	0	a	a	_	_	_	_	_	linguistic	_	ContainsVariation=No	_	Begin=187.5	_	_	_	_
127-1	PSB086	127	1	me	me	_	_	_	_	_	linguistic	_	ContainsVariation=No	_	_	_	_	_	_
127-2	PSB086	127	2	a	a	_	_	_	_	_	linguistic	_	ContainsVariation=No	_	_	_	_	_	_
127-3	PSB086	127	3	me	me	_	_	_	_	_	linguistic	_	ContainsVariation=No	_	_	_	_	_	_
127-4	PSB086	127	4	xxx	xxx	_	_	_	_	_	unknown	_	ContainsVariation=No	Syllables=3	_	_	_	_	_
127-5	PSB086	127	5	voglio	voglio	_	_	_	_	_	linguistic	_	ContainsVariation=No	_	End=191.51	_	_	_	_
128-0	PSB129	128	0	((ride))	((ride))	_	_	_	_	_	nonverbalbehavior	_	ContainsVariation=No	_	Begin=188.56|End=191.51	_	_	_	_
129-0	PSB128	129	0	°allora	allora	_	_	_	_	_	linguistic	_	ContainsVariation=No	Volume=low	Begin=193.126	_	_	_	_
129-1	PSB128	129	1	aspetta°	aspetta	_	_	_	_	_	linguistic	_	ContainsVariation=No	Volume=low	End=194.259	_	_	_	_
130-0	PSB091	130	0	@nadya	@nadya	_	_	_	_	_	anonymized	_	ContainsVariation=No	Anonymized=Yes	Begin=196.93	_	_	_	_
130-1	PSB091	130	1	dai	dai	_	_	_	_	_	linguistic	_	ContainsVariation=No	_	_	_	_	_	_
130-2	PSB091	130	2	una	una	_	_	_	_	_	linguistic	_	ContainsVariation=No	_	_	_	_	_	_
130-3	PSB091	130	3	foto	foto	_	_	_	_	_	linguistic	_	ContainsVariation=No	_	End=198.32	_	_	_	_
131-0	PSB128	131	0	#_ ta	ta	_	_	_	_	_	linguistic	_	ContainsVariation=Yes|Code=Other|Language=NO_ISO_CODE	_	Begin=198.35	_	_	_	_
131-1	PSB128	131	1	počekaj	počekaj	_	_	_	_	_	linguistic	_	ContainsVariation=Yes|Code=Other|Language=NO_ISO_CODE	_	End=199.63	_	_	_	_
133-0	PSB086	133	0	deve	deve	_	_	_	_	_	linguistic	_	ContainsVariation=No	_	Begin=199.76	_	_	_	_
133-1	PSB086	133	1	vedere	vedere	_	_	_	_	_	linguistic	_	ContainsVariation=No	_	_	_	_	_	_
133-2	PSB086	133	2	prima	prima	_	_	_	_	_	linguistic	_	ContainsVariation=No	_	_	_	_	_	_
133-3	PSB086	133	3	tutti	tutti	_	_	_	_	_	linguistic	_	ContainsVariation=No	_	_	_	_	_	_
133-4	PSB086	133	4	gli	gli	_	_	_	_	_	linguistic	_	ContainsVariation=No	_	_	_	_	_	_
133-5	PSB086	133	5	affari	affari	_	_	_	_	_	linguistic	_	ContainsVariation=No	_	_	_	_	_	_
133-6	PSB086	133	6	miei	miei	_	_	_	_	_	linguistic	_	ContainsVariation=No	_	_	_	_	_	_
133-7	PSB086	133	7	eh	eh	_	_	_	_	_	linguistic	_	ContainsVariation=No	_	End=202.58	_	_	_	_
134-0	PSB128	134	0	aspetta	aspetta	_	_	_	_	_	linguistic	_	ContainsVariation=No	_	Begin=202.65	_	_	_	_
134-1	PSB128	134	1	camera	camera	_	_	_	_	_	linguistic	_	ContainsVariation=No	_	End=204.01	_	_	_	_
135-0	PSB129	135	0	((ride))	((ride))	_	_	_	_	_	nonverbalbehavior	_	ContainsVariation=No	_	Begin=204.3|End=205.88	_	_	_	_
136-0	PSB086	136	0	mamma	mamma	_	_	_	_	_	linguistic	_	ContainsVariation=No	_	Begin=206.58	_	_	_	_
136-1	PSB086	136	1	mia	mia	_	_	_	_	_	linguistic	_	ContainsVariation=No	_	_	_	_	_	_
136-2	PSB086	136	2	mamma	mamma	_	_	_	_	_	linguistic	_	ContainsVariation=No	_	_	_	_	_	_
136-3	PSB086	136	3	mia	mia	_	_	_	_	_	linguistic	_	ContainsVariation=No	_	_	_	_	_	_
136-4	PSB086	136	4	[ha	ha	_	_	_	_	_	linguistic	_	ContainsVariation=No	_	_	_	_	_	0-2(381)
136-5	PSB086	136	5	lasciato	lasciato	_	_	_	_	_	linguistic	_	ContainsVariation=No	_	_	_	_	_	0-8(381)
136-6	PSB086	136	6	tutto	tutto	_	_	_	_	_	linguistic	_	ContainsVariation=No	PauseAfter=Yes	_	_	_	_	0-5(381)
136-7	PSB086	136	7	(.)	(.)	_	_	_	_	_	shortpause	_	ContainsVariation=No	_	_	_	_	_	X(381)
136-8	PSB086	136	8	devi	devi	_	_	_	_	_	linguistic	_	ContainsVariation=No	_	_	_	_	_	0-4(381)
136-9	PSB086	136	9	cambia]re	cambiare	_	_	_	_	_	linguistic	_	ContainsVariation=No	_	_	_	_	_	0-6(381)
136-10	PSB086	136	10	impostazione	impostazione	_	_	_	_	_	linguistic	_	ContainsVariation=No	_	_	_	_	_	_
136-11	PSB086	136	11	ni[ente],	niente	_	_	_	_	_	linguistic	_	ContainsVariation=No	Intonation=WeaklyRising	End=212.87	_	_	_	2-6(40)
137-0	PSB129	137	0	[ah	ah	_	_	_	_	_	linguistic	_	ContainsVariation=No	_	Begin=208.08	_	_	_	0-2(381)
137-1	PSB129	137	1	beh	beh	_	_	_	_	_	linguistic	_	ContainsVariation=No	_	_	_	_	_	0-3(381)
137-2	PSB129	137	2	ecco]	ecco	_	_	_	_	_	linguistic	_	ContainsVariation=No	_	End=209.167	_	_	_	0-4(381)
138-0	PSB091	138	0	[si	si	_	_	_	_	_	linguistic	_	ContainsVariation=No	_	Begin=208.96	_	_	_	0-2(381)
138-1	PSB091	138	1	raffreddano:]	raffreddano	_	_	_	_	_	linguistic	_	ContainsVariation=No	_	End=210.361	10x1	_	_	0-11(381)
139-0	PSB128	139	0	[vai	vai	_	_	_	_	_	linguistic	_	ContainsVariation=No	_	Begin=211.77	_	_	_	0-3(40)
139-1	PSB128	139	1	vai	vai	_	_	_	_	_	linguistic	_	ContainsVariation=No	_	_	_	_	_	0-3(40)
139-2	PSB128	139	2	vai	vai	_	_	_	_	_	linguistic	_	ContainsVariation=No	_	_	_	_	_	0-3(40)
139-3	PSB128	139	3	vai]	vai	_	_	_	_	_	linguistic	_	ContainsVariation=No	_	End=212.94	_	_	_	0-3(40)
140-0	PSB128	140	0	cheese	cheese	_	_	_	_	_	linguistic	_	ContainsVariation=No	_	Begin=216.43|End=217.1	_	_	_	_
141-0	PSB129	141	0	ch[eese]	cheese	_	_	_	_	_	linguistic	_	ContainsVariation=No	_	Begin=217.14|End=218.16	_	_	_	2-6(435)
142-0	PSB130	142	0	[cheese]	cheese	_	_	_	_	_	linguistic	_	ContainsVariation=No	_	Begin=217.393|End=218.16	_	_	_	0-6(435)
143-0	PSB036	143	0	[cheese]	cheese	_	_	_	_	_	linguistic	_	ContainsVariation=No	_	Begin=217.4|End=218.167	_	_	_	0-6(435)
144-0	PSB005	144	0	[cheese]	cheese	_	_	_	_	_	linguistic	_	ContainsVariation=No	_	Begin=217.407|End=218.174	_	_	_	0-6(435)
145-0	PSB091	145	0	#_ syr	syr	_	_	_	_	_	linguistic	_	ContainsVariation=Yes|Code=Other|Language=NO_ISO_CODE	_	Begin=218.57|End=218.97	_	_	_	_
147-0	PSB128	147	0	((ride))	((ride))	_	_	_	_	_	nonverbalbehavior	_	ContainsVariation=Yes	_	Begin=219.92	_	_	_	_
147-1	PSB128	147	1	#_ ce	ce	_	_	_	_	_	linguistic	_	ContainsVariation=Yes|Code=Other|Language=NO_ISO_CODE	_	_	_	_	_	_
147-2	PSB128	147	2	harno	harno	_	_	_	_	_	linguistic	_	ContainsVariation=Yes|Code=Other|Language=NO_ISO_CODE	_	End=222.207	_	_	_	_
149-0	PSB127	149	0	a	a	_	_	_	_	_	linguistic	_	ContainsVariation=No	_	Begin=222.76	_	_	_	_
149-1	PSB127	149	1	posto?	posto	_	_	_	_	_	linguistic	_	ContainsVariation=No	Intonation=Rising	End=223.08	_	_	_	_
150-0	PSB091	150	0	#_ [davaj	davaj	_	_	_	_	_	linguistic	_	ContainsVariation=Yes|Code=Other|Language=NO_ISO_CODE	_	Begin=223.1	_	_	_	0-5(41)
150-1	PSB091	150	1	davaj]	davaj	_	_	_	_	_	linguistic	_	ContainsVariation=Yes|Code=Other|Language=NO_ISO_CODE	_	End=225.17	_	_	_	0-5(41)
152-0	PSB129	152	0	[grazie]?	grazie	_	_	_	_	_	linguistic	_	ContainsVariation=No	Intonation=Rising	Begin=223.44|End=224.22	_	_	_	0-6(41)
153-0	PSB005	153	0	no	no	_	_	_	_	_	linguistic	_	ContainsVariation=No	_	Begin=225.51	_	_	_	_
153-1	PSB005	153	1	no	no	_	_	_	_	_	linguistic	_	ContainsVariation=No	_	End=226.33	_	_	_	_
154-0	PSB091	154	0	non	non	_	_	_	_	_	linguistic	_	ContainsVariation=No	_	Begin=226.53	_	_	_	_
154-1	PSB091	154	1	vuole	vuole	_	_	_	_	_	linguistic	_	ContainsVariation=No	_	_	_	_	_	_
154-2	PSB091	154	2	[vabbè	vabbè	_	_	_	_	_	linguistic	_	ContainsVariation=No	_	_	_	_	_	0-5(42)
154-3	PSB091	154	3	prego]	prego	_	_	_	_	_	linguistic	_	ContainsVariation=No	_	End=228.094	_	_	_	0-5(42)
155-0	PSB005	155	0	[decisamente	decisamente	_	_	_	_	_	linguistic	_	ContainsVariation=No	_	Begin=227.02	_	_	_	0-11(42)
155-1	PSB005	155	1	no]	no	_	_	_	_	_	linguistic	_	ContainsVariation=No	_	End=228.048	_	_	_	0-2(42)
156-0	PSB127	156	0	sì	sì	_	_	_	_	_	linguistic	_	ContainsVariation=No	_	Begin=228.07|End=228.382	_	_	_	_
157-0	PSB129	157	0	buon	buon	_	_	_	_	_	linguistic	_	ContainsVariation=No	_	Begin=228.63	_	_	_	_
157-1	PSB129	157	1	appetito	appetito	_	_	_	_	_	linguistic	_	ContainsVariation=No	_	End=229.259	_	_	_	_
158-0	PSB091	158	0	[buon	buon	_	_	_	_	_	linguistic	_	ContainsVariation=No	_	Begin=229.14	_	_	_	0-4(44)
158-1	PSB091	158	1	appetito]	appetito	_	_	_	_	_	linguistic	_	ContainsVariation=No	_	End=229.93	_	_	_	0-8(44)
159-0	PSB127	159	0	[buon	buon	_	_	_	_	_	linguistic	_	ContainsVariation=No	_	Begin=229.29	_	_	_	0-4(436)
159-1	PSB127	159	1	appetito]	appetito	_	_	_	_	_	linguistic	_	ContainsVariation=No	_	End=229.93	_	_	_	0-8(436)
160-0	PSB036	160	0	[buon	buon	_	_	_	_	_	linguistic	_	ContainsVariation=No	_	Begin=229.905	_	_	_	0-4(436)
160-1	PSB036	160	1	appetito]	appetito	_	_	_	_	_	linguistic	_	ContainsVariation=No	_	End=231.435	_	_	_	0-8(436)
161-0	PSB130	161	0	[grazie	grazie	_	_	_	_	_	linguistic	_	ContainsVariation=No	PauseAfter=Yes	Begin=229.91	_	_	_	0-6(436)
161-1	PSB130	161	1	(.)	(.)	_	_	_	_	_	shortpause	_	ContainsVariation=No	_	_	_	_	_	X(436)
161-2	PSB130	161	2	e	e	_	_	_	_	_	linguistic	_	ContainsVariation=No	_	_	_	_	_	0-1(436)
161-3	PSB130	161	3	altre]ttanto	altrettanto	_	_	_	_	_	linguistic	_	ContainsVariation=No	_	End=232.18	_	_	_	0-5(436)
162-0	PSB127	162	0	un	un	_	_	_	_	_	linguistic	_	ContainsVariation=No	_	Begin=232.32	_	_	_	_
162-1	PSB127	162	1	po'	po'	_	_	_	_	_	linguistic	_	ContainsVariation=No	_	_	_	_	_	_
162-2	PSB127	162	2	di	di	_	_	_	_	_	linguistic	_	ContainsVariation=No	_	_	_	_	_	_
162-3	PSB127	162	3	vino	vino	_	_	_	_	_	linguistic	_	ContainsVariation=No	_	_	_	_	_	_
162-4	PSB127	162	4	[prendete]?	prendete	_	_	_	_	_	linguistic	_	ContainsVariation=No	Intonation=Rising	End=233.532	_	_	_	0-8(45)
163-0	PSB091	163	0	[prendete	prendete	_	_	_	_	_	linguistic	_	ContainsVariation=No	_	Begin=232.94	_	_	_	0-8(45)
163-1	PSB091	163	1	pr]endete	prendete	_	_	_	_	_	linguistic	_	ContainsVariation=No	_	End=233.93	_	_	_	0-2(45)
164-0	PSB129	164	0	[madonna	madonna	_	_	_	_	_	linguistic	_	ContainsVariation=No	_	Begin=233.94	_	_	_	0-7(46)
164-1	PSB129	164	1	anche	anche	_	_	_	_	_	linguistic	_	ContainsVariation=No	_	_	_	_	_	0-5(46)
164-2	PSB129	164	2	il	il	_	_	_	_	_	linguistic	_	ContainsVariation=No	_	_	_	_	_	0-2(46)
164-3	PSB129	164	3	vi~	vi~	_	_	_	_	_	linguistic	_	ContainsVariation=No	Interrupted=Yes	_	_	_	_	0-3(46)
164-4	PSB129	164	4	cioè	cioè	_	_	_	_	_	linguistic	_	ContainsVariation=No	_	_	_	_	_	0-4(46)
164-5	PSB129	164	5	così	così	_	_	_	_	_	linguistic	_	ContainsVariation=No	_	_	_	_	_	0-4(46)
164-6	PSB129	164	6	proprio]	proprio	_	_	_	_	_	linguistic	_	ContainsVariation=No	_	End=236.23	_	_	_	0-7(46)
165-0	PSB036	165	0	[sì:	sì	_	_	_	_	_	linguistic	_	ContainsVariation=No	_	Begin=234.19	1x1	_	_	0-2(?)
165-1	PSB036	165	1	xxx	xxx	_	_	_	_	_	unknown	_	ContainsVariation=No	Syllables=3	_	_	_	_	0-3(?)
165-2	PSB036	165	2	perché	perché	_	_	_	_	_	linguistic	_	ContainsVariation=No	_	_	_	_	_	0-6(?)
165-3	PSB036	165	3	io	io	_	_	_	_	_	linguistic	_	ContainsVariation=No	_	_	_	_	_	0-2(?)
165-4	PSB036	165	4	per	per	_	_	_	_	_	linguistic	_	ContainsVariation=No	_	_	_	_	_	0-3(?)
165-5	PSB036	165	5	eh]	eh	_	_	_	_	_	linguistic	_	ContainsVariation=No	_	End=236.88	_	_	_	0-2(?)
166-0	PSB129	166	0	[alle	alle	_	_	_	_	_	linguistic	_	ContainsVariation=No	_	Begin=236.39	_	_	_	0-4(47)
166-1	PSB129	166	1	ci]nque	cinque	_	_	_	_	_	linguistic	_	ContainsVariation=No	_	_	_	_	_	0-2(47)
166-2	PSB129	166	2	è	è	_	_	_	_	_	linguistic	_	ContainsVariation=No	_	_	_	_	_	_
166-3	PSB129	166	3	un	un	_	_	_	_	_	linguistic	_	ContainsVariation=No	_	_	_	_	_	_
166-4	PSB129	166	4	aperitivo	aperitivo	_	_	_	_	_	linguistic	_	ContainsVariation=No	_	End=238.3	_	_	_	_
167-0	PSB127	167	0	sì	sì	_	_	_	_	_	linguistic	_	ContainsVariation=No	_	Begin=238.63|End=239.06	_	_	_	_
168-0	PSB036	168	0	volete	volete	_	_	_	_	_	linguistic	_	ContainsVariation=No	_	Begin=239.44	_	_	_	_
168-1	PSB036	168	1	dirmi	dirmi	_	_	_	_	_	linguistic	_	ContainsVariation=No	_	_	_	_	_	_
168-2	PSB036	168	2	che	che	_	_	_	_	_	linguistic	_	ContainsVariation=No	_	_	_	_	_	_
168-3	PSB036	168	3	stamattina:	stamattina	_	_	_	_	_	linguistic	_	ContainsVariation=No	_	_	9x1	_	_	_
168-4	PSB036	168	4	al	al	_	_	_	_	_	linguistic	_	ContainsVariation=No	_	_	_	_	_	_
168-5	PSB036	168	5	@nomeluogo	@nomeluogo	_	_	_	_	_	anonymized	_	ContainsVariation=No	Anonymized=Yes	_	_	_	_	_
168-6	PSB036	168	6	non	non	_	_	_	_	_	linguistic	_	ContainsVariation=No	_	_	_	_	_	_
168-7	PSB036	168	7	avete	avete	_	_	_	_	_	linguistic	_	ContainsVariation=No	_	_	_	_	_	_
168-8	PSB036	168	8	stappato	stappato	_	_	_	_	_	linguistic	_	ContainsVariation=No	_	_	_	_	_	_
168-9	PSB036	168	9	una	una	_	_	_	_	_	linguistic	_	ContainsVariation=No	_	_	_	_	_	_
168-10	PSB036	168	10	bo[ttiglia]?	bottiglia	_	_	_	_	_	linguistic	_	ContainsVariation=No	Intonation=Rising	End=243.54	_	_	_	2-9(48)
169-0	PSB005	169	0	[no	no	_	_	_	_	_	linguistic	_	ContainsVariation=No	_	Begin=242.76	_	_	_	0-2(48)
169-1	PSB005	169	1	no]	no	_	_	_	_	_	linguistic	_	ContainsVariation=No	_	_	_	_	_	0-2(48)
169-2	PSB005	169	2	[no]	no	_	_	_	_	_	linguistic	_	ContainsVariation=No	_	End=243.963	_	_	_	0-2(49)
170-0	PSB129	170	0	[no]	no	_	_	_	_	_	linguistic	_	ContainsVariation=No	_	Begin=243.54|End=243.909	_	_	_	0-2(49)
171-0	PSB005	171	0	abbiamo	abbiamo	_	_	_	_	_	linguistic	_	ContainsVariation=No	_	Begin=244.37	_	_	_	_
171-1	PSB005	171	1	fatto	fatto	_	_	_	_	_	linguistic	_	ContainsVariation=No	_	_	_	_	_	_
171-2	PSB005	171	2	il	il	_	_	_	_	_	linguistic	_	ContainsVariation=No	_	_	_	_	_	_
171-3	PSB005	171	3	la~	la~	_	_	_	_	_	linguistic	_	ContainsVariation=No	Interrupted=Yes	_	_	_	_	_
171-4	PSB005	171	4	il	il	_	_	_	_	_	linguistic	_	ContainsVariation=No	_	_	_	_	_	_
171-5	PSB005	171	5	e:h	eh	_	_	_	_	_	linguistic	_	ContainsVariation=No	_	_	0x1	_	_	_
171-6	PSB005	171	6	il	il	_	_	_	_	_	linguistic	_	ContainsVariation=No	_	_	_	_	_	_
171-7	PSB005	171	7	laboratorio	laboratorio	_	_	_	_	_	linguistic	_	ContainsVariation=No	_	_	_	_	_	_
171-8	PSB005	171	8	di	di	_	_	_	_	_	linguistic	_	ContainsVariation=No	_	_	_	_	_	_
171-9	PSB005	171	9	informa~	informa~	_	_	_	_	_	linguistic	_	ContainsVariation=No	Interrupted=Yes	_	_	_	_	_
171-10	PSB005	171	10	di	di	_	_	_	_	_	linguistic	_	ContainsVariation=No	_	_	_	_	_	_
171-11	PSB005	171	11	[introduzione:]	introduzione	_	_	_	_	_	linguistic	_	ContainsVariation=No	_	End=248.55	11x1	_	_	0-12(382)
172-0	PSB036	172	0	[xx]	xx	_	_	_	_	_	unknown	_	ContainsVariation=No	Syllables=2	Begin=247.62|End=248.503	_	_	_	0-2(382)
173-0	PSB129	173	0	[cioè	cioè	_	_	_	_	_	linguistic	_	ContainsVariation=No	_	Begin=248.2	_	_	_	0-4(?)
173-1	PSB129	173	1	il	il	_	_	_	_	_	linguistic	_	ContainsVariation=No	_	_	_	_	_	0-2(?)
173-2	PSB129	173	2	data	data	_	_	_	_	_	linguistic	_	ContainsVariation=No	_	_	_	_	_	0-4(?)
173-3	PSB129	173	3	plumbers	plumbers	_	_	_	_	_	linguistic	_	ContainsVariation=No	_	_	_	_	_	0-8(?)
173-4	PSB129	173	4	a	a	_	_	_	_	_	linguistic	_	ContainsVariation=No	_	_	_	_	_	0-1(?)
173-5	PSB129	173	5	cui	cui	_	_	_	_	_	linguistic	_	ContainsVariation=No	_	_	_	_	_	0-3(?)
173-6	PSB129	173	6	dovreste	dovreste	_	_	_	_	_	linguistic	_	ContainsVariation=No	_	_	_	_	_	0-8(?)
173-7	PSB129	173	7	venire	venire	_	_	_	_	_	linguistic	_	ContainsVariation=No	_	_	_	_	_	0-6(?)
173-8	PSB129	173	8	anche	anche	_	_	_	_	_	linguistic	_	ContainsVariation=No	_	_	_	_	_	0-5(?)
173-9	PSB129	173	9	voi],	voi	_	_	_	_	_	linguistic	_	ContainsVariation=No	Intonation=WeaklyRising	End=251.733	_	_	_	0-3(?)
174-0	PSB130	174	0	[sì]	sì	_	_	_	_	_	linguistic	_	ContainsVariation=No	_	Begin=248.6|End=248.966	_	_	_	0-2(50)
175-0	PSB005	175	0	[vabbè	vabbè	_	_	_	_	_	linguistic	_	ContainsVariation=No	PauseAfter=Yes	Begin=249.4	_	_	_	0-5(51)
175-1	PSB005	175	1	(.)	(.)	_	_	_	_	_	shortpause	_	ContainsVariation=No	_	_	_	_	_	X(51)
175-2	PSB005	175	2	basta]	basta	_	_	_	_	_	linguistic	_	ContainsVariation=No	_	End=250.792	_	_	_	0-5(51)
176-0	PSB036	176	0	[a:h	ah	_	_	_	_	_	linguistic	_	ContainsVariation=No	_	Begin=250.99	0x1	_	_	0-2(?)
176-1	PSB036	176	1	sì	sì	_	_	_	_	_	linguistic	_	ContainsVariation=No	_	_	_	_	_	0-2(?)
176-2	PSB036	176	2	e:h]	eh	_	_	_	_	_	linguistic	_	ContainsVariation=No	_	_	0x1	_	_	0-2(?)
176-3	PSB036	176	3	sai	sai	_	_	_	_	_	linguistic	_	ContainsVariation=No	_	_	_	_	_	_
176-4	PSB036	176	4	cos'	cos'	_	_	_	_	_	linguistic	_	ContainsVariation=No	SpaceAfter=No	_	_	_	_	_
176-5	PSB036	176	5	è	è	_	_	_	_	_	linguistic	_	ContainsVariation=No	_	_	_	_	_	_
176-6	PSB036	176	6	da	da	_	_	_	_	_	linguistic	_	ContainsVariation=No	_	_	_	_	_	_
176-7	PSB036	176	7	quando	quando	_	_	_	_	_	linguistic	_	ContainsVariation=No	_	_	_	_	_	_
176-8	PSB036	176	8	mi	mi	_	_	_	_	_	linguistic	_	ContainsVariation=No	_	_	_	_	_	_
176-9	PSB036	176	9	sono	sono	_	_	_	_	_	linguistic	_	ContainsVariation=No	_	_	_	_	_	_
176-10	PSB036	176	10	cancell[ato	cancellato	_	_	_	_	_	linguistic	_	ContainsVariation=No	_	_	_	_	_	6-10(?)
176-11	PSB036	176	11	da	da	_	_	_	_	_	linguistic	_	ContainsVariation=No	_	_	_	_	_	0-2(?)
176-12	PSB036	176	12	facebook	facebook	_	_	_	_	_	linguistic	_	ContainsVariation=No	_	_	_	_	_	0-8(?)
176-13	PSB036	176	13	linguistica	linguistica	_	_	_	_	_	linguistic	_	ContainsVariation=No	_	_	_	_	_	0-11(?)
176-14	PSB036	176	14	unibo	unibo	_	_	_	_	_	linguistic	_	ContainsVariation=No	_	_	_	_	_	0-5(?)
176-15	PSB036	176	15	non	non	_	_	_	_	_	linguistic	_	ContainsVariation=No	_	_	_	_	_	0-3(?)
176-16	PSB036	176	16	lo	lo	_	_	_	_	_	linguistic	_	ContainsVariation=No	_	_	_	_	_	0-2(?)
176-17	PSB036	176	17	lo	lo	_	_	_	_	_	linguistic	_	ContainsVariation=No	_	_	_	_	_	0-2(?)
176-18	PSB036	176	18	apro]	apro	_	_	_	_	_	linguistic	_	ContainsVariation=No	_	_	_	_	_	0-4(?)
176-19	PSB036	176	19	tipo	tipo	_	_	_	_	_	linguistic	_	ContainsVariation=No	_	_	_	_	_	_
176-20	PSB036	176	20	una	una	_	_	_	_	_	linguistic	_	ContainsVariation=No	_	_	_	_	_	_
176-21	PSB036	176	21	volta	volta	_	_	_	_	_	linguistic	_	ContainsVariation=No	_	_	_	_	_	_
176-22	PSB036	176	22	ogni	ogni	_	_	_	_	_	linguistic	_	ContainsVariation=No	_	_	_	_	_	_
176-23	PSB036	176	23	tre	tre	_	_	_	_	_	linguistic	_	ContainsVariation=No	_	_	_	_	_	_
176-24	PSB036	176	24	settima[ne],	settimane	_	_	_	_	_	linguistic	_	ContainsVariation=No	Intonation=WeaklyRising	End=258.155	_	_	_	6-9(?)
177-0	PSB129	177	0	[sì]	sì	_	_	_	_	_	linguistic	_	ContainsVariation=No	_	Begin=251.89|End=252.26	_	_	_	0-2(383)
178-0	PSB005	178	0	[e:h]	eh	_	_	_	_	_	linguistic	_	ContainsVariation=No	_	Begin=251.9|End=252.467	0x1	_	_	0-2(383)
179-0	PSB129	179	0	[no	no	_	_	_	_	_	linguistic	_	ContainsVariation=No	_	Begin=255.83	_	_	_	0-2(53)
179-1	PSB129	179	1	ma:]	ma	_	_	_	_	_	linguistic	_	ContainsVariation=No	_	End=256.593	1x1	_	_	0-2(53)
180-0	PSB005	180	0	[mh]	mh	_	_	_	_	_	linguistic	_	ContainsVariation=No	_	Begin=257.86|End=258.325	_	_	_	0-2(384)
181-0	PSB129	181	0	[no]	no	_	_	_	_	_	linguistic	_	ContainsVariation=No	_	Begin=257.92	_	_	_	0-2(384)
181-1	PSB129	181	1	no	no	_	_	_	_	_	linguistic	_	ContainsVariation=No	_	_	_	_	_	_
181-2	PSB129	181	2	ma	ma	_	_	_	_	_	linguistic	_	ContainsVariation=No	_	_	_	_	_	_
181-3	PSB129	181	3	in	in	_	_	_	_	_	linguistic	_	ContainsVariation=No	_	_	_	_	_	_
181-4	PSB129	181	4	realtà	realtà	_	_	_	_	_	linguistic	_	ContainsVariation=No	_	_	_	_	_	_
181-5	PSB129	181	5	[non	non	_	_	_	_	_	linguistic	_	ContainsVariation=No	_	_	_	_	_	0-3(54)
181-6	PSB129	181	6	è]	è	_	_	_	_	_	linguistic	_	ContainsVariation=No	_	End=259.307	_	_	_	0-1(54)
182-0	PSB005	182	0	[ma	ma	_	_	_	_	_	linguistic	_	ContainsVariation=No	_	Begin=258.87	_	_	_	0-2(54)
182-1	PSB005	182	1	il	il	_	_	_	_	_	linguistic	_	ContainsVariation=No	_	_	_	_	_	0-2(54)
182-2	PSB005	182	2	vino	vino	_	_	_	_	_	linguistic	_	ContainsVariation=No	_	_	_	_	_	0-4(54)
182-3	PSB005	182	3	chi	chi	_	_	_	_	_	linguistic	_	ContainsVariation=No	_	_	_	_	_	0-3(54)
182-4	PSB005	182	4	l'	l'	_	_	_	_	_	linguistic	_	ContainsVariation=No	SpaceAfter=No	_	_	_	_	0-2(54)
182-5	PSB005	182	5	ha	ha	_	_	_	_	_	linguistic	_	ContainsVariation=No	_	_	_	_	_	0-2(54)
182-6	PSB005	182	6	comprato]?	comprato	_	_	_	_	_	linguistic	_	ContainsVariation=No	Intonation=Rising	End=260.466	_	_	_	0-8(54)
183-0	PSB036	183	0	[grazie	grazie	_	_	_	_	_	linguistic	_	ContainsVariation=No	_	Begin=259.55	_	_	_	0-6(385)
183-1	PSB036	183	1	mille]	mille	_	_	_	_	_	linguistic	_	ContainsVariation=No	_	End=260.722	_	_	_	0-5(385)
184-0	PSB129	184	0	[c'	c'	_	_	_	_	_	linguistic	_	ContainsVariation=No	SpaceAfter=No	Begin=260.35	_	_	_	0-2(385)
184-1	PSB129	184	1	è	è	_	_	_	_	_	linguistic	_	ContainsVariation=No	_	_	_	_	_	0-1(385)
184-2	PSB129	184	2	un	un	_	_	_	_	_	linguistic	_	ContainsVariation=No	PauseAfter=Yes	_	_	_	_	0-2(385)
184-3	PSB129	184	3	(.)	(.)	_	_	_	_	_	shortpause	_	ContainsVariation=No	_	_	_	_	_	X(385)
184-4	PSB129	184	4	ah	ah	_	_	_	_	_	linguistic	_	ContainsVariation=No	_	_	_	_	_	0-2(385)
184-5	PSB129	184	5	se	se	_	_	_	_	_	linguistic	_	ContainsVariation=No	_	_	_	_	_	0-2(385)
184-6	PSB129	184	6	ti	ti	_	_	_	_	_	linguistic	_	ContainsVariation=No	_	_	_	_	_	0-2(385)
184-7	PSB129	184	7	inter]essa	interessa	_	_	_	_	_	linguistic	_	ContainsVariation=No	_	End=262.146	_	_	_	0-5(385)
185-0	PSB005	185	0	[l'	l'	_	_	_	_	_	linguistic	_	ContainsVariation=No	SpaceAfter=No	Begin=260.7	_	_	_	0-2(386)
185-1	PSB005	185	1	hai	hai	_	_	_	_	_	linguistic	_	ContainsVariation=No	_	_	_	_	_	0-3(386)
185-2	PSB005	185	2	comprato	comprato	_	_	_	_	_	linguistic	_	ContainsVariation=No	_	_	_	_	_	0-8(386)
185-3	PSB005	185	3	tu]?	tu	_	_	_	_	_	linguistic	_	ContainsVariation=No	Intonation=Rising	End=261.681	_	_	_	0-2(386)
186-0	PSB005	186	0	[grazie	grazie	_	_	_	_	_	linguistic	_	ContainsVariation=No	_	Begin=262.12	_	_	_	0-6(56)
186-1	PSB005	186	1	ma]	ma	_	_	_	_	_	linguistic	_	ContainsVariation=No	_	End=263.001	_	_	_	0-2(56)
187-0	PSB129	187	0	[abbiamo	abbiamo	_	_	_	_	_	linguistic	_	ContainsVariation=No	_	Begin=262.5	_	_	_	0-7(?)
187-1	PSB129	187	1	un	un	_	_	_	_	_	linguistic	_	ContainsVariation=No	_	_	_	_	_	0-2(?)
187-2	PSB129	187	2	gruppo	gruppo	_	_	_	_	_	linguistic	_	ContainsVariation=No	_	_	_	_	_	0-6(?)
187-3	PSB129	187	3	telegram]	telegram	_	_	_	_	_	linguistic	_	ContainsVariation=No	_	End=264.096	_	_	_	0-8(?)
188-0	PSB127	188	0	[ehm	ehm	_	_	_	_	_	linguistic	_	ContainsVariation=No	_	Begin=263.08	_	_	_	0-3(57)
188-1	PSB127	188	1	di	di	_	_	_	_	_	linguistic	_	ContainsVariation=No	_	_	_	_	_	0-2(57)
188-2	PSB127	188	2	nulla]	nulla	_	_	_	_	_	linguistic	_	ContainsVariation=No	_	End=263.953	_	_	_	0-5(57)
189-0	PSB086	189	0	questo	questo	_	_	_	_	_	linguistic	_	ContainsVariation=No	_	Begin=264.29	_	_	_	_
189-1	PSB086	189	1	mio?	mio	_	_	_	_	_	linguistic	_	ContainsVariation=No	Intonation=Rising	End=265.07	_	_	_	_
190-0	PSB036	190	0	sì,	sì	_	_	_	_	_	linguistic	_	ContainsVariation=No	Intonation=WeaklyRising	Begin=265.13|End=265.61	_	_	_	_
191-0	PSB127	191	0	e:	e	_	_	_	_	_	linguistic	_	ContainsVariation=No	_	Begin=265.51	0x1	_	_	_
191-1	PSB127	191	1	[dove:]	dove	_	_	_	_	_	linguistic	_	ContainsVariation=No	_	_	3x1	_	_	0-4(59)
191-2	PSB127	191	2	c(io)è	cioè	_	_	_	_	_	linguistic	_	ContainsVariation=No	Reduced=Yes	_	_	_	_	_
191-3	PSB127	191	3	ci	ci	_	_	_	_	_	linguistic	_	ContainsVariation=No	PauseAfter=Yes	_	_	_	_	_
191-4	PSB127	191	4	(.)	(.)	_	_	_	_	_	shortpause	_	ContainsVariation=No	_	_	_	_	_	_
191-5	PSB127	191	5	mettiamo	mettiamo	_	_	_	_	_	linguistic	_	ContainsVariation=No	_	_	_	_	_	_
191-6	PSB127	191	6	ques[te	queste	_	_	_	_	_	linguistic	_	ContainsVariation=No	_	_	_	_	_	4-6(60)
191-7	PSB127	191	7	cose]	cose	_	_	_	_	_	linguistic	_	ContainsVariation=No	_	End=268.54	_	_	_	0-4(60)
192-0	PSB086	192	0	[mhmh],	mhmh	_	_	_	_	_	linguistic	_	ContainsVariation=No	Intonation=WeaklyRising	Begin=265.96|End=266.636	_	_	_	0-4(59)
193-0	PSB086	193	0	[mh	mh	_	_	_	_	_	linguistic	_	ContainsVariation=No	_	Begin=268.07	_	_	_	0-2(60)
193-1	PSB086	193	1	gra]zie	grazie	_	_	_	_	_	linguistic	_	ContainsVariation=No	_	End=268.786	_	_	_	0-3(60)
194-0	PSB130	194	0	buono	buono	_	_	_	_	_	linguistic	_	ContainsVariation=No	_	Begin=268.84|End=269.213	_	_	_	_
195-0	PSB129	195	0	quindi	quindi	_	_	_	_	_	linguistic	_	ContainsVariation=No	_	Begin=269.25	_	_	_	_
195-1	PSB129	195	1	[se	se	_	_	_	_	_	linguistic	_	ContainsVariation=No	_	_	_	_	_	0-2(61)
195-2	PSB129	195	2	vuoi]	vuoi	_	_	_	_	_	linguistic	_	ContainsVariation=No	_	End=270.129	_	_	_	0-4(61)
196-0	PSB036	196	0	[alla	alla	_	_	_	_	_	linguistic	_	ContainsVariation=No	_	Begin=269.47	_	_	_	0-4(61)
196-1	PSB036	196	1	vostra	vostra	_	_	_	_	_	linguistic	_	ContainsVariation=No	_	_	_	_	_	0-6(61)
196-2	PSB036	196	2	s]alute	salute	_	_	_	_	_	linguistic	_	ContainsVariation=No	_	_	_	_	_	0-1(61)
196-3	PSB036	196	3	comun[que]	comunque	_	_	_	_	_	linguistic	_	ContainsVariation=No	_	End=271.165	_	_	_	5-8(62)
197-0	PSB091	197	0	[alla]	alla	_	_	_	_	_	linguistic	_	ContainsVariation=No	_	Begin=271.09	_	_	_	0-4(62)
197-1	PSB091	197	1	vostra	vostra	_	_	_	_	_	linguistic	_	ContainsVariation=No	_	_	_	_	_	_
197-2	PSB091	197	2	ma	ma	_	_	_	_	_	linguistic	_	ContainsVariation=No	_	_	_	_	_	_
197-3	PSB091	197	3	come	come	_	_	_	_	_	linguistic	_	ContainsVariation=No	_	_	_	_	_	_
197-4	PSB091	197	4	siete	siete	_	_	_	_	_	linguistic	_	ContainsVariation=No	_	_	_	_	_	_
197-5	PSB091	197	5	bra:[vi]	bravi	_	_	_	_	_	linguistic	_	ContainsVariation=No	_	End=273.297	2x1	_	_	3-5(387)
198-0	PSB129	198	0	[e::h]	eh	_	_	_	_	_	linguistic	_	ContainsVariation=No	_	Begin=272.81	0x2	_	_	0-2(387)
198-1	PSB129	198	1	((ride))	((ride))	_	_	_	_	_	nonverbalbehavior	_	ContainsVariation=No	_	End=274.293	_	_	_	_
199-0	PSB005	199	0	[ragazzi]	ragazzi	_	_	_	_	_	linguistic	_	ContainsVariation=No	_	Begin=272.83|End=273.6	_	_	_	0-7(387)
200-0	PSB091	200	0	[sembrate]	sembrate	_	_	_	_	_	linguistic	_	ContainsVariation=No	_	Begin=274.3	_	_	_	0-8(63)
200-1	PSB091	200	1	proprio	proprio	_	_	_	_	_	linguistic	_	ContainsVariation=No	_	_	_	_	_	_
200-2	PSB091	200	2	ucraini	ucraini	_	_	_	_	_	linguistic	_	ContainsVariation=No	_	End=275.781	_	_	_	_
201-0	PSB127	201	0	[@ala]	@ala	_	_	_	_	_	anonymized	_	ContainsVariation=No	Anonymized=Yes	Begin=274.34|End=274.719	_	_	_	0-4(63)
202-0	PSB036	202	0	((ride))	((ride))	_	_	_	_	_	nonverbalbehavior	_	ContainsVariation=No	_	Begin=275.74|End=276.866	_	_	_	_
203-0	PSB091	203	0	xxxx	xxxx	_	_	_	_	_	unknown	_	ContainsVariation=No	Syllables=4	Begin=276.52|End=279.129	_	_	_	_
204-0	PSB005	204	0	grazie	grazie	_	_	_	_	_	linguistic	_	ContainsVariation=No	PauseAfter=Yes	Begin=279.07	_	_	_	_
204-1	PSB005	204	1	(.)	(.)	_	_	_	_	_	shortpause	_	ContainsVariation=No	_	_	_	_	_	_
204-2	PSB005	204	2	[mille]	mille	_	_	_	_	_	linguistic	_	ContainsVariation=No	_	End=280.558	_	_	_	0-5(388)
205-0	PSB129	205	0	[grazie	grazie	_	_	_	_	_	linguistic	_	ContainsVariation=No	_	Begin=280.02	_	_	_	0-6(388)
205-1	PSB129	205	1	mille]	mille	_	_	_	_	_	linguistic	_	ContainsVariation=No	_	End=281.094	_	_	_	0-5(388)
206-0	PSB036	206	0	[grazie	grazie	_	_	_	_	_	linguistic	_	ContainsVariation=No	_	Begin=280.43	_	_	_	0-6(388)
206-1	PSB036	206	1	davvero]	davvero	_	_	_	_	_	linguistic	_	ContainsVariation=No	_	End=281.311	_	_	_	0-7(388)
207-0	PSB091	207	0	mh	mh	_	_	_	_	_	linguistic	_	ContainsVariation=No	PauseAfter=Yes	Begin=281.41	_	_	_	_
207-1	PSB091	207	1	(.)	(.)	_	_	_	_	_	shortpause	_	ContainsVariation=No	_	_	_	_	_	_
207-2	PSB091	207	2	grazie	grazie	_	_	_	_	_	linguistic	_	ContainsVariation=No	_	_	_	_	_	_
207-3	PSB091	207	3	a	a	_	_	_	_	_	linguistic	_	ContainsVariation=No	_	_	_	_	_	_
207-4	PSB091	207	4	[voi]	voi	_	_	_	_	_	linguistic	_	ContainsVariation=No	_	End=282.695	_	_	_	0-3(67)
208-0	PSB036	208	0	[ve]diamo	vediamo	_	_	_	_	_	linguistic	_	ContainsVariation=No	_	Begin=282.44|End=283.167	_	_	_	0-2(67)
209-0	PSB130	209	0	buoni	buoni	_	_	_	_	_	linguistic	_	ContainsVariation=No	_	Begin=283.19|End=283.652	_	_	_	_
210-0	PSB091	210	0	bella	bella	_	_	_	_	_	linguistic	_	ContainsVariation=No	_	Begin=284.3	_	_	_	_
210-1	PSB091	210	1	esperienza	esperienza	_	_	_	_	_	linguistic	_	ContainsVariation=No	_	_	_	_	_	_
210-2	PSB091	210	2	voglio	voglio	_	_	_	_	_	linguistic	_	ContainsVariation=No	_	_	_	_	_	_
210-3	PSB091	210	3	fare	fare	_	_	_	_	_	linguistic	_	ContainsVariation=No	_	_	_	_	_	_
210-4	PSB091	210	4	ancora	ancora	_	_	_	_	_	linguistic	_	ContainsVariation=No	_	_	_	_	_	_
210-5	PSB091	210	5	inventate	inventate	_	_	_	_	_	linguistic	_	ContainsVariation=No	_	_	_	_	_	_
210-6	PSB091	210	6	qualcosa	qualcosa	_	_	_	_	_	linguistic	_	ContainsVariation=No	_	_	_	_	_	_
210-7	PSB091	210	7	noi	noi	_	_	_	_	_	linguistic	_	ContainsVariation=No	_	_	_	_	_	_
210-8	PSB091	210	8	ci	ci	_	_	_	_	_	linguistic	_	ContainsVariation=No	_	_	_	_	_	_
210-9	PSB091	210	9	stiamo	stiamo	_	_	_	_	_	linguistic	_	ContainsVariation=No	_	End=287.846	_	_	_	_
211-0	PSB129	211	0	[va	va	_	_	_	_	_	linguistic	_	ContainsVariation=No	_	Begin=287.99	_	_	_	0-2(68)
211-1	PSB129	211	1	be:ne]	bene	_	_	_	_	_	linguistic	_	ContainsVariation=No	_	End=288.975	1x1	_	_	0-4(68)
212-0	PSB005	212	0	[sono	sono	_	_	_	_	_	linguistic	_	ContainsVariation=No	_	Begin=288.02	_	_	_	0-4(68)
212-1	PSB005	212	1	riuscita	riuscita	_	_	_	_	_	linguistic	_	ContainsVariation=No	_	_	_	_	_	0-8(68)
212-2	PSB005	212	2	a	a	_	_	_	_	_	linguistic	_	ContainsVariation=No	_	_	_	_	_	0-1(68)
212-3	PSB005	212	3	spor]carmi	sporcarmi	_	_	_	_	_	linguistic	_	ContainsVariation=No	_	End=289.505	_	_	_	0-4(68)
213-0	PSB005	213	0	incredibile	incredibile	_	_	_	_	_	linguistic	_	ContainsVariation=No	_	Begin=289.82|End=290.691	_	_	_	_
214-0	PSB005	214	0	c(io)è	cioè	_	_	_	_	_	linguistic	_	ContainsVariation=No	Reduced=Yes|PauseAfter=Yes	Begin=290.86	_	_	_	_
214-1	PSB005	214	1	(.)	(.)	_	_	_	_	_	shortpause	_	ContainsVariation=No	_	_	_	_	_	_
214-2	PSB005	214	2	[vabbè]	vabbè	_	_	_	_	_	linguistic	_	ContainsVariation=No	_	End=292.045	_	_	_	0-5(69)
215-0	PSB129	215	0	[e	e	_	_	_	_	_	linguistic	_	ContainsVariation=No	_	Begin=291.56	_	_	_	0-1(70)
215-1	PSB129	215	1	p~	p~	_	_	_	_	_	linguistic	_	ContainsVariation=No	Interrupted=Yes	_	_	_	_	0-2(70)
215-2	PSB129	215	2	per	per	_	_	_	_	_	linguistic	_	ContainsVariation=No	_	_	_	_	_	0-3(70)
215-3	PSB129	215	3	natale	natale	_	_	_	_	_	linguistic	_	ContainsVariation=No	_	_	_	_	_	0-6(70)
215-4	PSB129	215	4	cosa	cosa	_	_	_	_	_	linguistic	_	ContainsVariation=No	_	_	_	_	_	0-4(70)
215-5	PSB129	215	5	fa]te	fate	_	_	_	_	_	linguistic	_	ContainsVariation=No	_	_	_	_	_	0-2(70)
215-6	PSB129	215	6	invece?	invece	_	_	_	_	_	linguistic	_	ContainsVariation=No	Intonation=Rising	End=293.654	_	_	_	_
216-0	PSB036	216	0	[xxx]	xxx	_	_	_	_	_	unknown	_	ContainsVariation=No	Syllables=3	Begin=292.13|End=292.916	_	_	_	0-3(70)
217-0	PSB129	217	0	che	che	_	_	_	_	_	linguistic	_	ContainsVariation=No	_	Begin=293.99	_	_	_	_
217-1	PSB129	217	1	c'	c'	_	_	_	_	_	linguistic	_	ContainsVariation=No	SpaceAfter=No	_	_	_	_	_
217-2	PSB129	217	2	è	è	_	_	_	_	_	linguistic	_	ContainsVariation=No	_	_	_	_	_	_
217-3	PSB129	217	3	un	un	_	_	_	_	_	linguistic	_	ContainsVariation=No	_	_	_	_	_	_
217-4	PSB129	217	4	piatto	piatto	_	_	_	_	_	linguistic	_	ContainsVariation=No	_	_	_	_	_	_
217-5	PSB129	217	5	tipico?	tipico	_	_	_	_	_	linguistic	_	ContainsVariation=No	Intonation=Rising	End=295.307	_	_	_	_
218-0	PSB128	218	0	m:h	mh	_	_	_	_	_	linguistic	_	ContainsVariation=No	_	Begin=295.32|End=296.005	0x1	_	_	_
219-0	PSB091	219	0	piatto	piatto	_	_	_	_	_	linguistic	_	ContainsVariation=No	_	Begin=296.05	_	_	_	_
219-1	PSB091	219	1	tipico	tipico	_	_	_	_	_	linguistic	_	ContainsVariation=No	_	_	_	_	_	_
219-2	PSB091	219	2	involtini	involtini	_	_	_	_	_	linguistic	_	ContainsVariation=No	_	End=297.645	_	_	_	_
220-0	PSB086	220	0	#_ [tryzub	tryzub	_	_	_	_	_	linguistic	_	ContainsVariation=Yes|Code=Other|Language=NO_ISO_CODE	_	Begin=297.85	_	_	_	0-6(71)
220-1	PSB086	220	1	nahaduje]	nahaduje	_	_	_	_	_	linguistic	_	ContainsVariation=Yes|Code=Other|Language=NO_ISO_CODE	_	End=299.029	_	_	_	0-8(71)
222-0	PSB129	222	0	[involtini]?	involtini	_	_	_	_	_	linguistic	_	ContainsVariation=No	Intonation=Rising	Begin=298.27|End=298.949	_	_	_	0-9(71)
223-0	PSB127	223	0	mhmh	mhmh	_	_	_	_	_	linguistic	_	ContainsVariation=No	_	Begin=299.04|End=299.505	_	_	_	_
224-0	PSB091	224	0	invol[tini	involtini	_	_	_	_	_	linguistic	_	ContainsVariation=No	_	Begin=299.59	_	_	_	5-9(72)
224-1	PSB091	224	1	con]	con	_	_	_	_	_	linguistic	_	ContainsVariation=No	_	End=300.388	_	_	_	0-3(72)
225-0	PSB127	225	0	[mhmh]	mhmh	_	_	_	_	_	linguistic	_	ContainsVariation=No	_	Begin=299.89|End=300.458	_	_	_	0-4(72)
226-0	PSB091	226	0	[prossima]	prossima	_	_	_	_	_	linguistic	_	ContainsVariation=No	_	Begin=300.79	_	_	_	0-8(73)
226-1	PSB091	226	1	volta	volta	_	_	_	_	_	linguistic	_	ContainsVariation=No	_	_	_	_	_	_
226-2	PSB091	226	2	faremo	faremo	_	_	_	_	_	linguistic	_	ContainsVariation=No	_	_	_	_	_	_
226-3	PSB091	226	3	involtini	involtini	_	_	_	_	_	linguistic	_	ContainsVariation=No	_	_	_	_	_	_
226-4	PSB091	226	4	sono	sono	_	_	_	_	_	linguistic	_	ContainsVariation=No	_	_	_	_	_	_
226-5	PSB091	226	5	un	un	_	_	_	_	_	linguistic	_	ContainsVariation=No	_	_	_	_	_	_
226-6	PSB091	226	6	po'	po'	_	_	_	_	_	linguistic	_	ContainsVariation=No	_	_	_	_	_	_
226-7	PSB091	226	7	complicato	complicato	_	_	_	_	_	linguistic	_	ContainsVariation=No	_	_	_	_	_	_
226-8	PSB091	226	8	però	però	_	_	_	_	_	linguistic	_	ContainsVariation=No	_	End=303.618	_	_	_	_
227-0	PSB127	227	0	[mhmh]	mhmh	_	_	_	_	_	linguistic	_	ContainsVariation=No	_	Begin=300.8|End=301.169	_	_	_	0-4(73)
228-0	PSB005	228	0	[perché]?	perché	_	_	_	_	_	linguistic	_	ContainsVariation=No	Intonation=Rising	Begin=303.96|End=304.432	_	_	_	0-6(74)
229-0	PSB129	229	0	[quelli]	quelli	_	_	_	_	_	linguistic	_	ContainsVariation=No	_	Begin=304.0	_	_	_	0-6(74)
229-1	PSB129	229	1	tipo	tipo	_	_	_	_	_	linguistic	_	ContainsVariation=No	_	_	_	_	_	_
229-2	PSB129	229	2	con	con	_	_	_	_	_	linguistic	_	ContainsVariation=No	_	_	_	_	_	_
229-3	PSB129	229	3	la	la	_	_	_	_	_	linguistic	_	ContainsVariation=No	_	_	_	_	_	_
229-4	PSB129	229	4	verza?	verza	_	_	_	_	_	linguistic	_	ContainsVariation=No	Intonation=Rising	End=305.153	_	_	_	_
230-0	PSB127	230	0	m:h	mh	_	_	_	_	_	linguistic	_	ContainsVariation=No	_	Begin=305.19|End=305.65	0x1	_	_	_
231-0	PSB091	231	0	sì	sì	_	_	_	_	_	linguistic	_	ContainsVariation=No	_	Begin=305.99|End=306.369	_	_	_	_
232-0	PSB129	232	0	buoni	buoni	_	_	_	_	_	linguistic	_	ContainsVariation=No	PauseAfter=Yes	Begin=307.02	_	_	_	_
232-1	PSB129	232	1	(.)	(.)	_	_	_	_	_	shortpause	_	ContainsVariation=No	_	_	_	_	_	_
232-2	PSB129	232	2	va	va	_	_	_	_	_	linguistic	_	ContainsVariation=No	_	_	_	_	_	_
232-3	PSB129	232	3	bene	bene	_	_	_	_	_	linguistic	_	ContainsVariation=No	_	End=308.208	_	_	_	_
233-0	PSB129	233	0	ci	ci	_	_	_	_	_	linguistic	_	ContainsVariation=No	_	Begin=309.41	_	_	_	_
233-1	PSB129	233	1	sta	sta	_	_	_	_	_	linguistic	_	ContainsVariation=No	_	End=309.877	_	_	_	_
234-0	PSB005	234	0	sono	sono	_	_	_	_	_	linguistic	_	ContainsVariation=No	_	Begin=310.7	_	_	_	_
234-1	PSB005	234	1	buoni	buoni	_	_	_	_	_	linguistic	_	ContainsVariation=No	PauseAfter=Yes	_	_	_	_	_
234-2	PSB005	234	2	(.)	(.)	_	_	_	_	_	shortpause	_	ContainsVariation=No	_	_	_	_	_	_
234-3	PSB005	234	3	molto	molto	_	_	_	_	_	linguistic	_	ContainsVariation=No	_	End=311.883	_	_	_	_
235-0	PSB129	235	0	[molto	molto	_	_	_	_	_	linguistic	_	ContainsVariation=No	_	Begin=312.11	_	_	_	0-5(75)
235-1	PSB129	235	1	molto	molto	_	_	_	_	_	linguistic	_	ContainsVariation=No	_	_	_	_	_	0-5(75)
235-2	PSB129	235	2	buoni]	buoni	_	_	_	_	_	linguistic	_	ContainsVariation=No	_	End=313.183	_	_	_	0-5(75)
236-0	PSB036	236	0	[mhmh	mhmh	_	_	_	_	_	linguistic	_	ContainsVariation=No	_	Begin=312.15	_	_	_	0-4(75)
236-1	PSB036	236	1	mh]	mh	_	_	_	_	_	linguistic	_	ContainsVariation=No	_	End=313.12	_	_	_	0-2(75)
237-0	PSB091	237	0	buoni?	buoni	_	_	_	_	_	linguistic	_	ContainsVariation=No	Intonation=Rising	Begin=317.93|End=318.4	_	_	_	_
238-0	PSB129	238	0	gra[zie]	grazie	_	_	_	_	_	linguistic	_	ContainsVariation=No	_	Begin=318.64|End=319.42	_	_	_	3-6(76)
239-0	PSB127	239	0	[mhmh]	mhmh	_	_	_	_	_	linguistic	_	ContainsVariation=No	_	Begin=318.91|End=319.481	_	_	_	0-4(76)
240-0	PSB036	240	0	buonissimi	buonissimi	_	_	_	_	_	linguistic	_	ContainsVariation=No	_	Begin=320.02|End=320.785	_	_	_	_
241-0	PSB005	241	0	sì	sì	_	_	_	_	_	linguistic	_	ContainsVariation=No	_	Begin=321.16|End=321.46	_	_	_	_
242-0	PSB005	242	0	alla	alla	_	_	_	_	_	linguistic	_	ContainsVariation=No	_	Begin=324.24	_	_	_	_
242-1	PSB005	242	1	prossima	prossima	_	_	_	_	_	linguistic	_	ContainsVariation=No	_	_	_	_	_	_
242-2	PSB005	242	2	riunione	riunione	_	_	_	_	_	linguistic	_	ContainsVariation=No	PauseAfter=Yes	_	_	_	_	_
242-3	PSB005	242	3	(.)	(.)	_	_	_	_	_	shortpause	_	ContainsVariation=No	_	_	_	_	_	_
242-4	PSB005	242	4	con	con	_	_	_	_	_	linguistic	_	ContainsVariation=No	_	_	_	_	_	_
242-5	PSB005	242	5	gli	gli	_	_	_	_	_	linguistic	_	ContainsVariation=No	_	_	_	_	_	_
242-6	PSB005	242	6	studenti,	studenti	_	_	_	_	_	linguistic	_	ContainsVariation=No	Intonation=WeaklyRising	End=326.765	_	_	_	_
243-0	PSB036	243	0	la	la	_	_	_	_	_	linguistic	_	ContainsVariation=No	_	Begin=326.92	_	_	_	_
243-1	PSB036	243	1	gli	gli	_	_	_	_	_	linguistic	_	ContainsVariation=No	_	_	_	_	_	_
243-2	PSB036	243	2	[diremo	diremo	_	_	_	_	_	linguistic	_	ContainsVariation=No	_	_	_	_	_	0-6(77)
243-3	PSB036	243	3	che]	che	_	_	_	_	_	linguistic	_	ContainsVariation=No	_	End=327.99	_	_	_	0-3(77)
244-0	PSB005	244	0	[gli	gli	_	_	_	_	_	linguistic	_	ContainsVariation=No	_	Begin=327.31	_	_	_	0-3(77)
244-1	PSB005	244	1	diremo]	diremo	_	_	_	_	_	linguistic	_	ContainsVariation=No	_	_	_	_	_	0-6(77)
244-2	PSB005	244	2	che	che	_	_	_	_	_	linguistic	_	ContainsVariation=No	_	_	_	_	_	_
244-3	PSB005	244	3	si	si	_	_	_	_	_	linguistic	_	ContainsVariation=No	_	_	_	_	_	_
244-4	PSB005	244	4	sono	sono	_	_	_	_	_	linguistic	_	ContainsVariation=No	_	_	_	_	_	_
244-5	PSB005	244	5	per[si	persi	_	_	_	_	_	linguistic	_	ContainsVariation=No	PauseAfter=Yes	_	_	_	_	3-5(78)
244-6	PSB005	244	6	(.)	(.)	_	_	_	_	_	shortpause	_	ContainsVariation=No	_	_	_	_	_	X(78)
244-7	PSB005	244	7	sì]	sì	_	_	_	_	_	linguistic	_	ContainsVariation=No	_	End=329.8	_	_	_	0-2(78)
245-0	PSB036	245	0	[persi	persi	_	_	_	_	_	linguistic	_	ContainsVariation=No	_	Begin=328.97	_	_	_	0-5(78)
245-1	PSB036	245	1	mh]	mh	_	_	_	_	_	linguistic	_	ContainsVariation=No	_	End=329.734	_	_	_	0-2(78)
246-0	PSB005	246	0	sì	sì	_	_	_	_	_	linguistic	_	ContainsVariation=No	_	Begin=330.92|End=331.187	_	_	_	_
247-0	PSB005	247	0	che:	che	_	_	_	_	_	linguistic	_	ContainsVariation=No	_	Begin=331.43	2x1	_	_	_
247-1	PSB005	247	1	mh	mh	_	_	_	_	_	linguistic	_	ContainsVariation=No	_	_	_	_	_	_
247-2	PSB005	247	2	vabbè	vabbè	_	_	_	_	_	linguistic	_	ContainsVariation=No	_	End=332.41	_	_	_	_
248-0	PSB005	248	0	che	che	_	_	_	_	_	linguistic	_	ContainsVariation=No	_	Begin=332.66	_	_	_	_
248-1	PSB005	248	1	fetenti	fetenti	_	_	_	_	_	linguistic	_	ContainsVariation=No	_	_	_	_	_	_
248-2	PSB005	248	2	vabbè	vabbè	_	_	_	_	_	linguistic	_	ContainsVariation=No	_	End=333.739	_	_	_	_
249-0	PSB036	249	0	((ride))	((ride))	_	_	_	_	_	nonverbalbehavior	_	ContainsVariation=No	_	Begin=334.09|End=334.661	_	_	_	_
250-0	PSB005	250	0	[e:h]	eh	_	_	_	_	_	linguistic	_	ContainsVariation=No	_	Begin=335.01|End=335.472	0x1	_	_	0-2(79)
251-0	PSB086	251	0	[una	una	_	_	_	_	_	linguistic	_	ContainsVariation=No	_	Begin=335.06	_	_	_	0-3(79)
251-1	PSB086	251	1	f]oto	foto	_	_	_	_	_	linguistic	_	ContainsVariation=No	_	_	_	_	_	0-1(79)
251-2	PSB086	251	2	da	da	_	_	_	_	_	linguistic	_	ContainsVariation=No	_	_	_	_	_	_
251-3	PSB086	251	3	vicino?	vicino	_	_	_	_	_	linguistic	_	ContainsVariation=No	Intonation=Rising	End=336.442	_	_	_	_
252-0	PSB005	252	0	mh	mh	_	_	_	_	_	linguistic	_	ContainsVariation=No	_	Begin=336.44|End=336.75	_	_	_	_
253-0	PSB086	253	0	così	così	_	_	_	_	_	linguistic	_	ContainsVariation=No	_	Begin=337.22	_	_	_	_
253-1	PSB086	253	1	si	si	_	_	_	_	_	linguistic	_	ContainsVariation=No	_	_	_	_	_	_
253-2	PSB086	253	2	rendono	rendono	_	_	_	_	_	linguistic	_	ContainsVariation=No	_	_	_	_	_	_
253-3	PSB086	253	3	conto	conto	_	_	_	_	_	linguistic	_	ContainsVariation=No	_	_	_	_	_	_
253-4	PSB086	253	4	[cosa	cosa	_	_	_	_	_	linguistic	_	ContainsVariation=No	_	_	_	_	_	0-4(81)
253-5	PSB086	253	5	hanno	hanno	_	_	_	_	_	linguistic	_	ContainsVariation=No	_	_	_	_	_	0-5(81)
253-6	PSB086	253	6	pe]rso	perso	_	_	_	_	_	linguistic	_	ContainsVariation=No	_	_	_	_	_	0-2(81)
253-7	PSB086	253	7	eh	eh	_	_	_	_	_	linguistic	_	ContainsVariation=No	_	End=339.419	_	_	_	_
254-0	PSB129	254	0	[esatto]	esatto	_	_	_	_	_	linguistic	_	ContainsVariation=No	_	Begin=338.37|End=338.936	_	_	_	0-6(81)
255-0	PSB005	255	0	°sì°	sì	_	_	_	_	_	linguistic	_	ContainsVariation=No	Volume=low	Begin=339.43|End=339.794	_	_	_	_
256-0	PSB086	256	0	[faccio	faccio	_	_	_	_	_	linguistic	_	ContainsVariation=No	_	Begin=340.27	_	_	_	0-6(82)
256-1	PSB086	256	1	io]?	io	_	_	_	_	_	linguistic	_	ContainsVariation=No	Intonation=Rising	End=341.043	_	_	_	0-2(82)
257-0	PSB129	257	0	[i	i	_	_	_	_	_	linguistic	_	ContainsVariation=No	_	Begin=340.41	_	_	_	0-1(?)
257-1	PSB129	257	1	super	super	_	_	_	_	_	linguistic	_	ContainsVariation=No	_	_	_	_	_	0-5(?)
257-2	PSB129	257	2	ravioli]	ravioli	_	_	_	_	_	linguistic	_	ContainsVariation=No	_	End=341.589	_	_	_	0-7(?)
258-0	PSB005	258	0	[lo]ri	lori	_	_	_	_	_	linguistic	_	ContainsVariation=No	_	Begin=341.15	_	_	_	0-2(83)
258-1	PSB005	258	1	sì	sì	_	_	_	_	_	linguistic	_	ContainsVariation=No	_	_	_	_	_	_
258-2	PSB005	258	2	lori	lori	_	_	_	_	_	linguistic	_	ContainsVariation=No	_	End=342.129	_	_	_	_
259-0	PSB129	259	0	brava	brava	_	_	_	_	_	linguistic	_	ContainsVariation=No	_	Begin=342.17|End=342.538	_	_	_	_
260-0	PSB086	260	0	guarda	guarda	_	_	_	_	_	linguistic	_	ContainsVariation=No	_	Begin=343.91	_	_	_	_
260-1	PSB086	260	1	mio	mio	_	_	_	_	_	linguistic	_	ContainsVariation=No	_	_	_	_	_	_
260-2	PSB086	260	2	ancora	ancora	_	_	_	_	_	linguistic	_	ContainsVariation=No	PauseAfter=Yes	_	_	_	_	_
260-3	PSB086	260	3	(.)	(.)	_	_	_	_	_	shortpause	_	ContainsVariation=No	_	_	_	_	_	_
260-4	PSB086	260	4	non	non	_	_	_	_	_	linguistic	_	ContainsVariation=No	_	_	_	_	_	_
260-5	PSB086	260	5	è	è	_	_	_	_	_	linguistic	_	ContainsVariation=No	_	_	_	_	_	_
260-6	PSB086	260	6	disfatto	disfatto	_	_	_	_	_	linguistic	_	ContainsVariation=No	_	_	_	_	_	_
260-7	PSB086	260	7	eh	eh	_	_	_	_	_	linguistic	_	ContainsVariation=No	_	_	_	_	_	_
260-8	PSB086	260	8	((ride))	((ride))	_	_	_	_	_	nonverbalbehavior	_	ContainsVariation=No	_	End=347.216	_	_	_	_
261-0	PSB086	261	0	mh	mh	_	_	_	_	_	linguistic	_	ContainsVariation=No	_	Begin=349.9|End=350.207	_	_	_	_
262-0	PSB129	262	0	top	top	_	_	_	_	_	linguistic	_	ContainsVariation=No	_	Begin=351.27|End=351.739	_	_	_	_
263-0	PSB130	263	0	comunque	comunque	_	_	_	_	_	linguistic	_	ContainsVariation=No	_	Begin=351.75	_	_	_	_
263-1	PSB130	263	1	alessandra	alessandra	_	_	_	_	_	linguistic	_	ContainsVariation=No	_	_	_	_	_	_
263-2	PSB130	263	2	non	non	_	_	_	_	_	linguistic	_	ContainsVariation=No	_	_	_	_	_	_
263-3	PSB130	263	3	prenderla	prenderla	_	_	_	_	_	linguistic	_	ContainsVariation=No	_	_	_	_	_	_
263-4	PSB130	263	4	sul	sul	_	_	_	_	_	linguistic	_	ContainsVariation=No	_	_	_	_	_	_
263-5	PSB130	263	5	personale	personale	_	_	_	_	_	linguistic	_	ContainsVariation=No	_	_	_	_	_	_
263-6	PSB130	263	6	per	per	_	_	_	_	_	linguistic	_	ContainsVariation=No	_	_	_	_	_	_
263-7	PSB130	263	7	far	far	_	_	_	_	_	linguistic	_	ContainsVariation=No	_	_	_	_	_	_
263-8	PSB130	263	8	partecipare	partecipare	_	_	_	_	_	linguistic	_	ContainsVariation=No	_	_	_	_	_	_
263-9	PSB130	263	9	la	la	_	_	_	_	_	linguistic	_	ContainsVariation=No	_	_	_	_	_	_
263-10	PSB130	263	10	gente	gente	_	_	_	_	_	linguistic	_	ContainsVariation=No	_	_	_	_	_	_
263-11	PSB130	263	11	[non]	non	_	_	_	_	_	linguistic	_	ContainsVariation=No	_	End=355.158	_	_	_	0-3(84)
264-0	PSB005	264	0	[no	no	_	_	_	_	_	linguistic	_	ContainsVariation=No	_	Begin=354.9	_	_	_	0-2(84)
264-1	PSB005	264	1	no]	no	_	_	_	_	_	linguistic	_	ContainsVariation=No	_	_	_	_	_	0-2(84)
264-2	PSB005	264	2	ma	ma	_	_	_	_	_	linguistic	_	ContainsVariation=No	_	_	_	_	_	_
264-3	PSB005	264	3	non	non	_	_	_	_	_	linguistic	_	ContainsVariation=No	_	_	_	_	_	_
264-4	PSB005	264	4	la	la	_	_	_	_	_	linguistic	_	ContainsVariation=No	_	_	_	_	_	_
264-5	PSB005	264	5	prendo	prendo	_	_	_	_	_	linguistic	_	ContainsVariation=No	_	_	_	_	_	_
264-6	PSB005	264	6	di	di	_	_	_	_	_	linguistic	_	ContainsVariation=No	_	_	_	_	_	_
264-7	PSB005	264	7	sicuro	sicuro	_	_	_	_	_	linguistic	_	ContainsVariation=No	_	_	_	_	_	_
264-8	PSB005	264	8	sul	sul	_	_	_	_	_	linguistic	_	ContainsVariation=No	_	_	_	_	_	_
264-9	PSB005	264	9	personale	personale	_	_	_	_	_	linguistic	_	ContainsVariation=No	_	_	_	_	_	_
264-10	PSB005	264	10	°infatti°	infatti	_	_	_	_	_	linguistic	_	ContainsVariation=No	Volume=low	End=357.611	_	_	_	_
265-0	PSB129	265	0	che	che	_	_	_	_	_	linguistic	_	ContainsVariation=No	_	Begin=358.24	_	_	_	_
265-1	PSB129	265	1	[devi]:	devi	_	_	_	_	_	linguistic	_	ContainsVariation=No	PauseAfter=Yes	_	3x1	_	_	0-4(85)
265-2	PSB129	265	2	(.)	(.)	_	_	_	_	_	shortpause	_	ContainsVariation=No	_	_	_	_	_	_
265-3	PSB129	265	3	diventar	diventar	_	_	_	_	_	linguistic	_	ContainsVariation=No	_	_	_	_	_	_
265-4	PSB129	265	4	deficiente	deficiente	_	_	_	_	_	linguistic	_	ContainsVariation=No	_	_	_	_	_	_
265-5	PSB129	265	5	proprio	proprio	_	_	_	_	_	linguistic	_	ContainsVariation=No	_	End=360.372	_	_	_	_
266-0	PSB005	266	0	[no]	no	_	_	_	_	_	linguistic	_	ContainsVariation=No	_	Begin=358.44|End=358.806	_	_	_	0-2(85)
267-0	PSB129	267	0	EH	eh	_	_	_	_	_	linguistic	_	ContainsVariation=No	Volume=high	Begin=360.666|End=360.913	_	_	_	_
268-0	PSB005	268	0	mh	mh	_	_	_	_	_	linguistic	_	ContainsVariation=No	_	Begin=361.7|End=361.993	_	_	_	_
269-0	PSB129	269	0	°vabbè°	vabbè	_	_	_	_	_	linguistic	_	ContainsVariation=No	Volume=low	Begin=362.14|End=362.56	_	_	_	_
270-0	PSB005	270	0	quanto	quanto	_	_	_	_	_	linguistic	_	ContainsVariation=No	PauseAfter=Yes	Begin=363.065	_	_	_	_
270-1	PSB005	270	1	(.)	(.)	_	_	_	_	_	shortpause	_	ContainsVariation=No	_	_	_	_	_	_
270-2	PSB005	270	2	quanto	quanto	_	_	_	_	_	linguistic	_	ContainsVariation=No	_	_	_	_	_	_
270-3	PSB005	270	3	tempo	tempo	_	_	_	_	_	linguistic	_	ContainsVariation=No	_	_	_	_	_	_
270-4	PSB005	270	4	ci	ci	_	_	_	_	_	linguistic	_	ContainsVariation=No	_	_	_	_	_	_
270-5	PSB005	270	5	vuole	vuole	_	_	_	_	_	linguistic	_	ContainsVariation=No	_	_	_	_	_	_
270-6	PSB005	270	6	a	a	_	_	_	_	_	linguistic	_	ContainsVariation=No	_	_	_	_	_	_
270-7	PSB005	270	7	cuocerli	cuocerli	_	_	_	_	_	linguistic	_	ContainsVariation=No	_	_	_	_	_	_
270-8	PSB005	270	8	perché	perché	_	_	_	_	_	linguistic	_	ContainsVariation=No	_	_	_	_	_	_
270-9	PSB005	270	9	non	non	_	_	_	_	_	linguistic	_	ContainsVariation=No	_	_	_	_	_	_
270-10	PSB005	270	10	son	son	_	_	_	_	_	linguistic	_	ContainsVariation=No	_	_	_	_	_	_
270-11	PSB005	270	11	stata	stata	_	_	_	_	_	linguistic	_	ContainsVariation=No	_	_	_	_	_	_
270-12	PSB005	270	12	attenta	attenta	_	_	_	_	_	linguistic	_	ContainsVariation=No	_	End=366.526	_	_	_	_
271-0	PSB091	271	0	guarda	guarda	_	_	_	_	_	linguistic	_	ContainsVariation=No	_	Begin=367.96	_	_	_	_
271-1	PSB091	271	1	io	io	_	_	_	_	_	linguistic	_	ContainsVariation=No	_	_	_	_	_	_
271-2	PSB091	271	2	ho	ho	_	_	_	_	_	linguistic	_	ContainsVariation=No	_	_	_	_	_	_
271-3	PSB091	271	3	sempre	sempre	_	_	_	_	_	linguistic	_	ContainsVariation=No	_	_	_	_	_	_
271-4	PSB091	271	4	fatto	fatto	_	_	_	_	_	linguistic	_	ContainsVariation=No	_	_	_	_	_	_
271-5	PSB091	271	5	a	a	_	_	_	_	_	linguistic	_	ContainsVariation=No	_	_	_	_	_	_
271-6	PSB091	271	6	occhio	occhio	_	_	_	_	_	linguistic	_	ContainsVariation=No	_	End=369.337	_	_	_	_
272-0	PSB005	272	0	[eh]	eh	_	_	_	_	_	linguistic	_	ContainsVariation=No	_	Begin=369.52|End=369.885	_	_	_	0-2(86)
273-0	PSB091	273	0	[quando	quando	_	_	_	_	_	linguistic	_	ContainsVariation=No	_	Begin=369.52	_	_	_	0-6(86)
273-1	PSB091	273	1	sta]	sta	_	_	_	_	_	linguistic	_	ContainsVariation=No	_	End=370.081	_	_	_	0-3(86)
274-0	PSB005	274	0	ma	ma	_	_	_	_	_	linguistic	_	ContainsVariation=No	_	Begin=370.17	_	_	_	_
274-1	PSB005	274	1	circa	circa	_	_	_	_	_	linguistic	_	ContainsVariation=No	_	_	_	_	_	_
274-2	PSB005	274	2	n[o	no	_	_	_	_	_	linguistic	_	ContainsVariation=No	_	_	_	_	_	1-2(87)
274-3	PSB005	274	3	circa]	circa	_	_	_	_	_	linguistic	_	ContainsVariation=No	_	End=371.751	_	_	_	0-5(87)
275-0	PSB091	275	0	[quando	quando	_	_	_	_	_	linguistic	_	ContainsVariation=No	_	Begin=370.93	_	_	_	0-6(?)
275-1	PSB091	275	1	salgono	salgono	_	_	_	_	_	linguistic	_	ContainsVariation=No	_	_	_	_	_	0-7(?)
275-2	PSB091	275	2	su:]	su	_	_	_	_	_	linguistic	_	ContainsVariation=No	_	End=372.513	1x1	_	_	0-2(?)
276-0	PSB128	276	0	[dieci]	dieci	_	_	_	_	_	linguistic	_	ContainsVariation=No	_	Begin=372.12|End=372.586	_	_	_	0-5(88)
277-0	PSB005	277	0	[eh	eh	_	_	_	_	_	linguistic	_	ContainsVariation=No	_	Begin=372.65	_	_	_	0-2(89)
277-1	PSB005	277	1	okay]	okay	_	_	_	_	_	linguistic	_	ContainsVariation=No	_	End=373.111	_	_	_	0-4(89)
278-0	PSB127	278	0	[dieci	dieci	_	_	_	_	_	linguistic	_	ContainsVariation=No	_	Begin=372.84	_	_	_	0-5(?)
278-1	PSB127	278	1	minuti]	minuti	_	_	_	_	_	linguistic	_	ContainsVariation=No	_	End=373.515	_	_	_	0-6(?)
279-0	PSB091	279	0	[no]:	no	_	_	_	_	_	linguistic	_	ContainsVariation=No	_	Begin=373.34	1x1	_	_	0-2(90)
279-1	PSB091	279	1	me~	me~	_	_	_	_	_	linguistic	_	ContainsVariation=No	Interrupted=Yes	_	_	_	_	_
279-2	PSB091	279	2	di	di	_	_	_	_	_	linguistic	_	ContainsVariation=No	_	_	_	_	_	_
279-3	PSB091	279	3	meno	meno	_	_	_	_	_	linguistic	_	ContainsVariation=No	_	End=374.418	_	_	_	_
280-0	PSB086	280	0	[di	di	_	_	_	_	_	linguistic	_	ContainsVariation=No	_	Begin=374.96	_	_	_	0-2(91)
280-1	PSB086	280	1	meno]	meno	_	_	_	_	_	linguistic	_	ContainsVariation=No	_	End=375.635	_	_	_	0-4(91)
281-0	PSB127	281	0	[circa	circa	_	_	_	_	_	linguistic	_	ContainsVariation=No	_	Begin=374.97	_	_	_	0-5(91)
281-1	PSB127	281	1	sette]	sette	_	_	_	_	_	linguistic	_	ContainsVariation=No	_	End=375.747	_	_	_	0-5(91)
282-0	PSB091	282	0	cinque	cinque	_	_	_	_	_	linguistic	_	ContainsVariation=No	_	Begin=376.2	_	_	_	_
282-1	PSB091	282	1	sette	sette	_	_	_	_	_	linguistic	_	ContainsVariation=No	_	_	_	_	_	_
282-2	PSB091	282	2	sì	sì	_	_	_	_	_	linguistic	_	ContainsVariation=No	_	End=377.27049999999997	_	_	_	_
283-0	PSB129	283	0	cinque	cinque	_	_	_	_	_	linguistic	_	ContainsVariation=No	_	Begin=377.27049999999997	_	_	_	_
283-1	PSB129	283	1	sette	sette	_	_	_	_	_	linguistic	_	ContainsVariation=No	_	_	_	_	_	_
283-2	PSB129	283	2	eh	eh	_	_	_	_	_	linguistic	_	ContainsVariation=No	_	End=378.327	_	_	_	_
284-0	PSB091	284	0	infatti	infatti	_	_	_	_	_	linguistic	_	ContainsVariation=No	_	Begin=379.8	_	_	_	_
284-1	PSB091	284	1	abbiam	abbiam	_	_	_	_	_	linguistic	_	ContainsVariation=No	_	_	_	_	_	_
284-2	PSB091	284	2	fatto	fatto	_	_	_	_	_	linguistic	_	ContainsVariation=No	_	_	_	_	_	_
284-3	PSB091	284	3	un	un	_	_	_	_	_	linguistic	_	ContainsVariation=No	_	_	_	_	_	_
284-4	PSB091	284	4	po'	po'	_	_	_	_	_	linguistic	_	ContainsVariation=No	_	_	_	_	_	_
284-5	PSB091	284	5	al	al	_	_	_	_	_	linguistic	_	ContainsVariation=No	_	_	_	_	_	_
284-6	PSB091	284	6	dente	dente	_	_	_	_	_	linguistic	_	ContainsVariation=No	_	End=381.288	_	_	_	_
285-0	PSB129	285	0	ma	ma	_	_	_	_	_	linguistic	_	ContainsVariation=No	_	Begin=381.84	_	_	_	_
285-1	PSB129	285	1	va	va	_	_	_	_	_	linguistic	_	ContainsVariation=No	_	_	_	_	_	_
285-2	PSB129	285	2	bene	bene	_	_	_	_	_	linguistic	_	ContainsVariation=No	_	_	_	_	_	_
285-3	PSB129	285	3	va	va	_	_	_	_	_	linguistic	_	ContainsVariation=No	_	_	_	_	_	_
285-4	PSB129	285	4	bene	bene	_	_	_	_	_	linguistic	_	ContainsVariation=No	_	End=383.107	_	_	_	_
286-0	PSB130	286	0	mh	mh	_	_	_	_	_	linguistic	_	ContainsVariation=No	_	Begin=383.3|End=383.609	_	_	_	_
287-0	PSB130	287	0	noi	noi	_	_	_	_	_	linguistic	_	ContainsVariation=No	_	Begin=384.31	_	_	_	_
287-1	PSB130	287	1	italia[ni	italiani	_	_	_	_	_	linguistic	_	ContainsVariation=No	PauseAfter=Yes	_	_	_	_	6-8(92)
287-2	PSB130	287	2	(.)	(.)	_	_	_	_	_	shortpause	_	ContainsVariation=No	_	_	_	_	_	X(92)
287-3	PSB130	287	3	al	al	_	_	_	_	_	linguistic	_	ContainsVariation=No	_	_	_	_	_	0-2(92)
287-4	PSB130	287	4	dent]e	dente	_	_	_	_	_	linguistic	_	ContainsVariation=No	_	End=386.095	_	_	_	0-4(92)
288-0	PSB129	288	0	[esatto]	esatto	_	_	_	_	_	linguistic	_	ContainsVariation=No	_	Begin=385.03|End=385.795	_	_	_	0-6(92)
289-0	PSB129	289	0	versione	versione	_	_	_	_	_	linguistic	_	ContainsVariation=No	_	Begin=386.16	_	_	_	_
289-1	PSB129	289	1	italiana	italiana	_	_	_	_	_	linguistic	_	ContainsVariation=No	_	End=387.434	_	_	_	_
290-0	PSB036	290	0	((ride))	((ride))	_	_	_	_	_	nonverbalbehavior	_	ContainsVariation=No	_	Begin=386.566|End=387.466	_	_	_	_
291-0	PSB130	291	0	((ride))	((ride))	_	_	_	_	_	nonverbalbehavior	_	ContainsVariation=No	_	Begin=387.49	_	_	_	_
291-1	PSB130	291	1	esatto	esatto	_	_	_	_	_	linguistic	_	ContainsVariation=No	_	End=388.57	_	_	_	_
292-0	PSB129	292	0	la	la	_	_	_	_	_	linguistic	_	ContainsVariation=No	_	Begin=390.07	_	_	_	_
292-1	PSB129	292	1	versione	versione	_	_	_	_	_	linguistic	_	ContainsVariation=No	_	_	_	_	_	_
292-2	PSB129	292	2	italiana	italiana	_	_	_	_	_	linguistic	_	ContainsVariation=No	_	_	_	_	_	_
292-3	PSB129	292	3	dei	dei	_	_	_	_	_	linguistic	_	ContainsVariation=No	_	_	_	_	_	_
292-4	PSB129	292	4	ravi[oli	ravioli	_	_	_	_	_	linguistic	_	ContainsVariation=No	_	_	_	_	_	4-7(94)
292-5	PSB129	292	5	ucraini]	ucraini	_	_	_	_	_	linguistic	_	ContainsVariation=No	_	End=392.685	_	_	_	0-7(94)
293-0	PSB130	293	0	[eh	eh	_	_	_	_	_	linguistic	_	ContainsVariation=No	PauseAfter=Yes	Begin=391.33	_	_	_	0-2(94)
293-1	PSB130	293	1	(.)	(.)	_	_	_	_	_	shortpause	_	ContainsVariation=No	_	_	_	_	_	X(94)
293-2	PSB130	293	2	al	al	_	_	_	_	_	linguistic	_	ContainsVariation=No	_	_	_	_	_	0-2(94)
293-3	PSB130	293	3	dente]	dente	_	_	_	_	_	linguistic	_	ContainsVariation=No	_	End=392.598	_	_	_	0-5(94)
294-0	PSB129	294	0	sono	sono	_	_	_	_	_	linguistic	_	ContainsVariation=No	_	Begin=392.86	_	_	_	_
294-1	PSB129	294	1	al	al	_	_	_	_	_	linguistic	_	ContainsVariation=No	_	_	_	_	_	_
294-2	PSB129	294	2	dente	dente	_	_	_	_	_	linguistic	_	ContainsVariation=No	_	End=393.631	_	_	_	_
295-0	PSB091	295	0	poi	poi	_	_	_	_	_	linguistic	_	ContainsVariation=No	_	Begin=394.7|End=395.095	_	_	_	_
296-0	PSB091	296	0	sapete	sapete	_	_	_	_	_	linguistic	_	ContainsVariation=No	_	Begin=395.88	_	_	_	_
296-1	PSB091	296	1	perché	perché	_	_	_	_	_	linguistic	_	ContainsVariation=No	_	_	_	_	_	_
296-2	PSB091	296	2	siete	siete	_	_	_	_	_	linguistic	_	ContainsVariation=No	_	_	_	_	_	_
296-3	PSB091	296	3	stati	stati	_	_	_	_	_	linguistic	_	ContainsVariation=No	_	_	_	_	_	_
296-4	PSB091	296	4	bravi?	bravi	_	_	_	_	_	linguistic	_	ContainsVariation=No	Intonation=Rising	End=397.262	_	_	_	_
297-0	PSB091	297	0	neanche	neanche	_	_	_	_	_	linguistic	_	ContainsVariation=No	_	Begin=397.49	_	_	_	_
297-1	PSB091	297	1	una	una	_	_	_	_	_	linguistic	_	ContainsVariation=No	_	_	_	_	_	_
297-2	PSB091	297	2	si	si	_	_	_	_	_	linguistic	_	ContainsVariation=No	_	_	_	_	_	_
297-3	PSB091	297	3	è	è	_	_	_	_	_	linguistic	_	ContainsVariation=No	_	_	_	_	_	_
297-4	PSB091	297	4	aperta	aperta	_	_	_	_	_	linguistic	_	ContainsVariation=No	_	End=398.6	_	_	_	_
298-0	PSB036	298	0	eh	eh	_	_	_	_	_	linguistic	_	ContainsVariation=No	_	Begin=398.62	_	_	_	_
298-1	PSB036	298	1	dai	dai	_	_	_	_	_	linguistic	_	ContainsVariation=No	_	_	_	_	_	_
298-2	PSB036	298	2	ben[e]	bene	_	_	_	_	_	linguistic	_	ContainsVariation=No	_	End=399.492	_	_	_	3-4(95)
299-0	PSB130	299	0	[e]h	eh	_	_	_	_	_	linguistic	_	ContainsVariation=No	_	Begin=399.41|End=399.775	_	_	_	0-1(95)
300-0	PSB091	300	0	veramente	veramente	_	_	_	_	_	linguistic	_	ContainsVariation=No	_	Begin=400.23	_	_	_	_
300-1	PSB091	300	1	bravi	bravi	_	_	_	_	_	linguistic	_	ContainsVariation=No	_	End=400.99	_	_	_	_
301-0	PSB091	301	0	°complimenti°	complimenti	_	_	_	_	_	linguistic	_	ContainsVariation=No	Volume=low	Begin=401.16|End=401.916	_	_	_	_
302-0	PSB130	302	0	ma	ma	_	_	_	_	_	linguistic	_	ContainsVariation=No	_	Begin=402.41	_	_	_	_
302-1	PSB130	302	1	io	io	_	_	_	_	_	linguistic	_	ContainsVariation=No	_	_	_	_	_	_
302-2	PSB130	302	2	scherzavo	scherzavo	_	_	_	_	_	linguistic	_	ContainsVariation=No	_	_	_	_	_	_
302-3	PSB130	302	3	molto	molto	_	_	_	_	_	linguistic	_	ContainsVariation=No	_	_	_	_	_	_
302-4	PSB130	302	4	infatti	infatti	_	_	_	_	_	linguistic	_	ContainsVariation=No	_	End=404.195	_	_	_	_
303-0	PSB005	303	0	con	con	_	_	_	_	_	linguistic	_	ContainsVariation=No	_	Begin=405.45	_	_	_	_
303-1	PSB005	303	1	il	il	_	_	_	_	_	linguistic	_	ContainsVariation=No	_	_	_	_	_	_
303-2	PSB005	303	2	si[stema	sistema	_	_	_	_	_	linguistic	_	ContainsVariation=No	_	_	_	_	_	2-7(96)
303-3	PSB005	303	3	che	che	_	_	_	_	_	linguistic	_	ContainsVariation=No	_	_	_	_	_	0-3(96)
303-4	PSB005	303	4	ci]	ci	_	_	_	_	_	linguistic	_	ContainsVariation=No	_	_	_	_	_	0-2(96)
303-5	PSB005	303	5	ha	ha	_	_	_	_	_	linguistic	_	ContainsVariation=No	_	_	_	_	_	_
303-6	PSB005	303	6	insegnato	insegnato	_	_	_	_	_	linguistic	_	ContainsVariation=No	_	_	_	_	_	_
303-7	PSB005	303	7	@ala	@ala	_	_	_	_	_	anonymized	_	ContainsVariation=No	Anonymized=Yes	End=407.851	_	_	_	_
304-0	PSB036	304	0	[comunque]	comunque	_	_	_	_	_	linguistic	_	ContainsVariation=No	_	Begin=405.929|End=406.49	_	_	_	0-8(96)
305-0	PSB005	305	0	((ride))	((ride))	_	_	_	_	_	nonverbalbehavior	_	ContainsVariation=No	_	Begin=408.06|End=410.24	_	_	_	_
306-0	PSB036	306	0	effettivamente	effettivamente	_	_	_	_	_	linguistic	_	ContainsVariation=No	_	Begin=409.52	_	_	_	_
306-1	PSB036	306	1	un	un	_	_	_	_	_	linguistic	_	ContainsVariation=No	_	_	_	_	_	_
306-2	PSB036	306	2	po'	po'	_	_	_	_	_	linguistic	_	ContainsVariation=No	_	_	_	_	_	_
306-3	PSB036	306	3	di	di	_	_	_	_	_	linguistic	_	ContainsVariation=No	_	_	_	_	_	_
306-4	PSB036	306	4	aneto	aneto	_	_	_	_	_	linguistic	_	ContainsVariation=No	_	End=411.5	_	_	_	_
307-0	PSB036	307	0	ci	ci	_	_	_	_	_	linguistic	_	ContainsVariation=No	_	Begin=412.14	_	_	_	_
307-1	PSB036	307	1	p[otrebbe	potrebbe	_	_	_	_	_	linguistic	_	ContainsVariation=No	_	_	_	_	_	1-8(98)
307-2	PSB036	307	2	stare	stare	_	_	_	_	_	linguistic	_	ContainsVariation=No	_	_	_	_	_	0-5(98)
307-3	PSB036	307	3	xx]	xx	_	_	_	_	_	unknown	_	ContainsVariation=No	Syllables=2	End=413.923	_	_	_	0-2(98)
308-0	PSB129	308	0	[dava	dava	_	_	_	_	_	linguistic	_	ContainsVariation=No	_	Begin=412.4	_	_	_	0-4(98)
308-1	PSB129	308	1	quell'	quell'	_	_	_	_	_	linguistic	_	ContainsVariation=No	SpaceAfter=No	_	_	_	_	0-6(98)
308-2	PSB129	308	2	aroma	aroma	_	_	_	_	_	linguistic	_	ContainsVariation=No	_	_	_	_	_	0-5(98)
308-3	PSB129	308	3	in	in	_	_	_	_	_	linguistic	_	ContainsVariation=No	_	_	_	_	_	0-2(98)
308-4	PSB129	308	4	più]	più	_	_	_	_	_	linguistic	_	ContainsVariation=No	_	End=414.074	_	_	_	0-3(98)
309-0	PSB036	309	0	°bene°	bene	_	_	_	_	_	linguistic	_	ContainsVariation=No	Volume=low	Begin=421.83|End=422.227	_	_	_	_
310-0	PSB130	310	0	mh[mh]	mhmh	_	_	_	_	_	linguistic	_	ContainsVariation=No	_	Begin=422.24|End=422.54	_	_	_	2-4(99)
311-0	PSB129	311	0	°[be]ne°	bene	_	_	_	_	_	linguistic	_	ContainsVariation=No	Volume=low	Begin=422.38|End=422.82	_	_	_	0-2(99)
312-0	PSB129	312	0	°li	li	_	_	_	_	_	linguistic	_	ContainsVariation=No	Volume=low	Begin=426.3	_	_	_	_
312-1	PSB129	312	1	riproporrò	riproporrò	_	_	_	_	_	linguistic	_	ContainsVariation=No	Volume=low	_	_	_	_	_
312-2	PSB129	312	2	adesso°	adesso	_	_	_	_	_	linguistic	_	ContainsVariation=No	Volume=low	End=427.889	_	_	_	_
313-0	PSB005	313	0	possiamo	possiamo	_	_	_	_	_	linguistic	_	ContainsVariation=No	_	Begin=428.2	_	_	_	_
313-1	PSB005	313	1	[provare]	provare	_	_	_	_	_	linguistic	_	ContainsVariation=No	_	End=429.067	_	_	_	0-7(100)
314-0	PSB130	314	0	[io	io	_	_	_	_	_	linguistic	_	ContainsVariation=No	_	Begin=428.58	_	_	_	0-2(100)
314-1	PSB130	314	1	provo]	provo	_	_	_	_	_	linguistic	_	ContainsVariation=No	_	_	_	_	_	0-5(100)
314-2	PSB130	314	2	a	a	_	_	_	_	_	linguistic	_	ContainsVariation=No	_	_	_	_	_	_
314-3	PSB130	314	3	farli	farli	_	_	_	_	_	linguistic	_	ContainsVariation=No	_	_	_	_	_	_
314-4	PSB130	314	4	a	a	_	_	_	_	_	linguistic	_	ContainsVariation=No	_	_	_	_	_	_
314-5	PSB130	314	5	casa	casa	_	_	_	_	_	linguistic	_	ContainsVariation=No	_	End=429.662	_	_	_	_
315-0	PSB129	315	0	eh	eh	_	_	_	_	_	linguistic	_	ContainsVariation=No	_	Begin=429.85	_	_	_	_
315-1	PSB129	315	1	sì	sì	_	_	_	_	_	linguistic	_	ContainsVariation=No	_	_	_	_	_	_
315-2	PSB129	315	2	infatti	infatti	_	_	_	_	_	linguistic	_	ContainsVariation=No	_	End=430.816	_	_	_	_
316-0	PSB005	316	0	sì	sì	_	_	_	_	_	linguistic	_	ContainsVariation=No	_	Begin=431.1|End=431.466	_	_	_	_
317-0	PSB129	317	0	poi	poi	_	_	_	_	_	linguistic	_	ContainsVariation=No	_	Begin=434.91	_	_	_	_
317-1	PSB129	317	1	alla	alla	_	_	_	_	_	linguistic	_	ContainsVariation=No	_	_	_	_	_	_
317-2	PSB129	317	2	fine	fine	_	_	_	_	_	linguistic	_	ContainsVariation=No	_	_	_	_	_	_
317-3	PSB129	317	3	[con	con	_	_	_	_	_	linguistic	_	ContainsVariation=No	_	_	_	_	_	0-3(101)
317-4	PSB129	317	4	le	le	_	_	_	_	_	linguistic	_	ContainsVariation=No	_	_	_	_	_	0-2(101)
317-5	PSB129	317	5	patate]	patate	_	_	_	_	_	linguistic	_	ContainsVariation=No	_	End=436.394	_	_	_	0-6(101)
318-0	PSB091	318	0	[c(io)è	cioè	_	_	_	_	_	linguistic	_	ContainsVariation=No	Reduced=Yes	Begin=435.49	_	_	_	0-4(101)
318-1	PSB091	318	1	alla	alla	_	_	_	_	_	linguistic	_	ContainsVariation=No	_	_	_	_	_	0-4(101)
318-2	PSB091	318	2	fine	fine	_	_	_	_	_	linguistic	_	ContainsVariation=No	_	_	_	_	_	0-4(101)
318-3	PSB091	318	3	perché	perché	_	_	_	_	_	linguistic	_	ContainsVariation=No	_	_	_	_	_	0-6(101)
318-4	PSB091	318	4	so]no	sono	_	_	_	_	_	linguistic	_	ContainsVariation=No	_	_	_	_	_	0-2(101)
318-5	PSB091	318	5	grandi,	grandi	_	_	_	_	_	linguistic	_	ContainsVariation=No	Intonation=WeaklyRising	End=437.071	_	_	_	_
319-0	PSB091	319	0	c(io)è	cioè	_	_	_	_	_	linguistic	_	ContainsVariation=No	Reduced=Yes	Begin=437.87	_	_	_	_
319-1	PSB091	319	1	più	più	_	_	_	_	_	linguistic	_	ContainsVariation=No	_	_	_	_	_	_
319-2	PSB091	319	2	impegnativo	impegnativo	_	_	_	_	_	linguistic	_	ContainsVariation=No	_	_	_	_	_	_
319-3	PSB091	319	3	fare	fare	_	_	_	_	_	linguistic	_	ContainsVariation=No	_	_	_	_	_	_
319-4	PSB091	319	4	tortellini	tortellini	_	_	_	_	_	linguistic	_	ContainsVariation=No	_	_	_	_	_	_
319-5	PSB091	319	5	vostri	vostri	_	_	_	_	_	linguistic	_	ContainsVariation=No	_	_	_	_	_	_
319-6	PSB091	319	6	[mamma	mamma	_	_	_	_	_	linguistic	_	ContainsVariation=No	_	_	_	_	_	0-5(102)
319-7	PSB091	319	7	mia]	mia	_	_	_	_	_	linguistic	_	ContainsVariation=No	_	End=440.069	_	_	_	0-3(102)
320-0	PSB005	320	0	[s]ì:	sì	_	_	_	_	_	linguistic	_	ContainsVariation=No	_	Begin=439.93|End=440.696	1x1	_	_	0-1(102)
321-0	PSB005	321	0	[molto	molto	_	_	_	_	_	linguistic	_	ContainsVariation=No	_	Begin=440.82	_	_	_	0-5(103)
321-1	PSB005	321	1	di	di	_	_	_	_	_	linguistic	_	ContainsVariation=No	_	_	_	_	_	0-2(103)
321-2	PSB005	321	2	più]	più	_	_	_	_	_	linguistic	_	ContainsVariation=No	_	End=441.597	_	_	_	0-3(103)
322-0	PSB129	322	0	[i	i	_	_	_	_	_	linguistic	_	ContainsVariation=No	_	Begin=440.9	_	_	_	0-1(103)
322-1	PSB129	322	1	bolognesi]	bolognesi	_	_	_	_	_	linguistic	_	ContainsVariation=No	_	_	_	_	_	0-9(103)
322-2	PSB129	322	2	[ci	ci	_	_	_	_	_	linguistic	_	ContainsVariation=No	_	_	_	_	_	0-2(104)
322-3	PSB129	322	3	vuole	vuole	_	_	_	_	_	linguistic	_	ContainsVariation=No	_	_	_	_	_	0-5(104)
322-4	PSB129	322	4	una]	una	_	_	_	_	_	linguistic	_	ContainsVariation=No	_	_	_	_	_	0-3(104)
322-5	PSB129	322	5	vita	vita	_	_	_	_	_	linguistic	_	ContainsVariation=No	_	_	_	_	_	_
322-6	PSB129	322	6	perché	perché	_	_	_	_	_	linguistic	_	ContainsVariation=No	_	_	_	_	_	_
322-7	PSB129	322	7	sono	sono	_	_	_	_	_	linguistic	_	ContainsVariation=No	_	_	_	_	_	_
322-8	PSB129	322	8	meno	meno	_	_	_	_	_	linguistic	_	ContainsVariation=No	_	_	_	_	_	_
322-9	PSB129	322	9	[duri]	duri	_	_	_	_	_	linguistic	_	ContainsVariation=No	_	End=444.118	_	_	_	0-4(105)
323-0	PSB005	323	0	[sì]	sì	_	_	_	_	_	linguistic	_	ContainsVariation=No	_	Begin=441.81|End=442.179	_	_	_	0-2(104)
324-0	PSB130	324	0	[sono	sono	_	_	_	_	_	linguistic	_	ContainsVariation=No	_	Begin=443.38	_	_	_	0-4(105)
324-1	PSB130	324	1	così]	così	_	_	_	_	_	linguistic	_	ContainsVariation=No	_	End=444.044	_	_	_	0-4(105)
325-0	PSB127	325	0	((ride))	((ride))	_	_	_	_	_	nonverbalbehavior	_	ContainsVariation=No	_	Begin=444.11|End=445.377	_	_	_	_
326-0	PSB086	326	0	e	e	_	_	_	_	_	linguistic	_	ContainsVariation=No	_	Begin=445.6	_	_	_	_
326-1	PSB086	326	1	ho	ho	_	_	_	_	_	linguistic	_	ContainsVariation=No	_	_	_	_	_	_
326-2	PSB086	326	2	scoperto	scoperto	_	_	_	_	_	linguistic	_	ContainsVariation=No	_	_	_	_	_	_
326-3	PSB086	326	3	oggi	oggi	_	_	_	_	_	linguistic	_	ContainsVariation=No	_	_	_	_	_	_
326-4	PSB086	326	4	che	che	_	_	_	_	_	linguistic	_	ContainsVariation=No	_	_	_	_	_	_
326-5	PSB086	326	5	anche	anche	_	_	_	_	_	linguistic	_	ContainsVariation=No	_	_	_	_	_	_
326-6	PSB086	326	6	bisogna	bisogna	_	_	_	_	_	linguistic	_	ContainsVariation=No	_	_	_	_	_	_
326-7	PSB086	326	7	fare	fare	_	_	_	_	_	linguistic	_	ContainsVariation=No	_	_	_	_	_	_
326-8	PSB086	326	8	in	in	_	_	_	_	_	linguistic	_	ContainsVariation=No	_	_	_	_	_	_
326-9	PSB086	326	9	fretta	fretta	_	_	_	_	_	linguistic	_	ContainsVariation=No	_	_	_	_	_	_
326-10	PSB086	326	10	una	una	_	_	_	_	_	linguistic	_	ContainsVariation=No	_	_	_	_	_	_
326-11	PSB086	326	11	appena	appena	_	_	_	_	_	linguistic	_	ContainsVariation=No	_	_	_	_	_	_
326-12	PSB086	326	12	[finito	finito	_	_	_	_	_	linguistic	_	ContainsVariation=No	_	_	_	_	_	0-6(389)
326-13	PSB086	326	13	altra	altra	_	_	_	_	_	linguistic	_	ContainsVariation=No	_	_	_	_	_	0-5(389)
326-14	PSB086	326	14	già	già	_	_	_	_	_	linguistic	_	ContainsVariation=No	_	_	_	_	_	0-3(389)
326-15	PSB086	326	15	s~]	s~	_	_	_	_	_	linguistic	_	ContainsVariation=No	Interrupted=Yes	End=449.588	_	_	_	0-2(389)
327-0	PSB005	327	0	[perché	perché	_	_	_	_	_	linguistic	_	ContainsVariation=No	_	Begin=448.47	_	_	_	0-6(389)
327-1	PSB005	327	1	si	si	_	_	_	_	_	linguistic	_	ContainsVariation=No	_	_	_	_	_	0-2(389)
327-2	PSB005	327	2	seccano]	seccano	_	_	_	_	_	linguistic	_	ContainsVariation=No	_	End=449.544	_	_	_	0-7(389)
328-0	PSB129	328	0	[si]	si	_	_	_	_	_	linguistic	_	ContainsVariation=No	_	Begin=449.25	_	_	_	0-2(389)
328-1	PSB129	328	1	secca	secca	_	_	_	_	_	linguistic	_	ContainsVariation=No	_	_	_	_	_	_
328-2	PSB129	328	2	la	la	_	_	_	_	_	linguistic	_	ContainsVariation=No	_	_	_	_	_	_
328-3	PSB129	328	3	past[a	pasta	_	_	_	_	_	linguistic	_	ContainsVariation=No	_	_	_	_	_	4-5(107)
328-4	PSB129	328	4	sì]	sì	_	_	_	_	_	linguistic	_	ContainsVariation=No	_	End=450.867	_	_	_	0-2(107)
329-0	PSB005	329	0	[sì	sì	_	_	_	_	_	linguistic	_	ContainsVariation=No	_	Begin=450.47	_	_	_	0-2(107)
329-1	PSB005	329	1	e]	e	_	_	_	_	_	linguistic	_	ContainsVariation=No	_	_	_	_	_	0-1(107)
329-2	PSB005	329	2	non	non	_	_	_	_	_	linguistic	_	ContainsVariation=No	_	_	_	_	_	_
329-3	PSB005	329	3	si	si	_	_	_	_	_	linguistic	_	ContainsVariation=No	_	_	_	_	_	_
329-4	PSB005	329	4	chiudono	chiudono	_	_	_	_	_	linguistic	_	ContainsVariation=No	_	_	_	_	_	_
329-5	PSB005	329	5	più	più	_	_	_	_	_	linguistic	_	ContainsVariation=No	_	_	_	_	_	_
329-6	PSB005	329	6	se	se	_	_	_	_	_	linguistic	_	ContainsVariation=No	_	_	_	_	_	_
329-7	PSB005	329	7	aspetti	aspetti	_	_	_	_	_	linguistic	_	ContainsVariation=No	_	End=452.759	_	_	_	_
330-0	PSB005	330	0	[ma	ma	_	_	_	_	_	linguistic	_	ContainsVariation=No	_	Begin=453.94	_	_	_	0-2(108)
330-1	PSB005	330	1	poi	poi	_	_	_	_	_	linguistic	_	ContainsVariation=No	_	_	_	_	_	0-3(108)
330-2	PSB005	330	2	il	il	_	_	_	_	_	linguistic	_	ContainsVariation=No	_	_	_	_	_	0-2(108)
330-3	PSB005	330	3	ripi]eno	ripieno	_	_	_	_	_	linguistic	_	ContainsVariation=No	_	_	_	_	_	0-4(108)
330-4	PSB005	330	4	è	è	_	_	_	_	_	linguistic	_	ContainsVariation=No	_	_	_	_	_	_
330-5	PSB005	330	5	difficile	difficile	_	_	_	_	_	linguistic	_	ContainsVariation=No	_	_	_	_	_	_
330-6	PSB005	330	6	bisogna	bisogna	_	_	_	_	_	linguistic	_	ContainsVariation=No	_	_	_	_	_	_
330-7	PSB005	330	7	comprare	comprare	_	_	_	_	_	linguistic	_	ContainsVariation=No	_	_	_	_	_	_
330-8	PSB005	330	8	la	la	_	_	_	_	_	linguistic	_	ContainsVariation=No	_	_	_	_	_	_
330-9	PSB005	330	9	carne	carne	_	_	_	_	_	linguistic	_	ContainsVariation=No	PauseAfter=Yes	_	_	_	_	_
330-10	PSB005	330	10	(.)	(.)	_	_	_	_	_	shortpause	_	ContainsVariation=No	_	_	_	_	_	_
330-11	PSB005	330	11	apposta	apposta	_	_	_	_	_	linguistic	_	ContainsVariation=No	_	_	_	_	_	_
330-12	PSB005	330	12	cioè	cioè	_	_	_	_	_	linguistic	_	ContainsVariation=No	_	_	_	_	_	_
330-13	PSB005	330	13	non	non	_	_	_	_	_	linguistic	_	ContainsVariation=No	_	End=458.375	_	_	_	_
331-0	PSB091	331	0	[io	io	_	_	_	_	_	linguistic	_	ContainsVariation=No	_	Begin=453.94	_	_	_	0-2(108)
331-1	PSB091	331	1	fatto	fatto	_	_	_	_	_	linguistic	_	ContainsVariation=No	_	_	_	_	_	0-5(108)
331-2	PSB091	331	2	badante]	badante	_	_	_	_	_	linguistic	_	ContainsVariation=No	_	End=454.801	_	_	_	0-7(108)
332-0	PSB086	332	0	gente	gente	_	_	_	_	_	linguistic	_	ContainsVariation=No	_	Begin=458.54	_	_	_	_
332-1	PSB086	332	1	va	va	_	_	_	_	_	linguistic	_	ContainsVariation=No	_	_	_	_	_	_
332-2	PSB086	332	2	[dal	dal	_	_	_	_	_	linguistic	_	ContainsVariation=No	_	_	_	_	_	_
332-3	PSB086	332	3	macellaio	macellaio	_	_	_	_	_	linguistic	_	ContainsVariation=No	_	_	_	_	_	_
332-4	PSB086	332	4	in	in	_	_	_	_	_	linguistic	_	ContainsVariation=No	_	_	_	_	_	_
332-5	PSB086	332	5	macelleria	macelleria	_	_	_	_	_	linguistic	_	ContainsVariation=No	_	_	_	_	_	_
332-6	PSB086	332	6	per	per	_	_	_	_	_	linguistic	_	ContainsVariation=No	_	_	_	_	_	_
332-7	PSB086	332	7	[quello	quello	_	_	_	_	_	linguistic	_	ContainsVariation=No	_	_	_	_	_	_
332-8	PSB086	332	8	eh]	eh	_	_	_	_	_	linguistic	_	ContainsVariation=No	_	End=461.687	_	_	_	_
333-0	PSB005	333	0	[complicatissimo	complicatissimo	_	_	_	_	_	linguistic	_	ContainsVariation=No	_	Begin=459.05	_	_	_	0-15(109)
333-1	PSB005	333	1	sì]	sì	_	_	_	_	_	linguistic	_	ContainsVariation=No	_	End=460.729	_	_	_	0-2(109)
334-0	PSB005	334	0	[sì]	sì	_	_	_	_	_	linguistic	_	ContainsVariation=No	_	Begin=460.99|End=461.458	_	_	_	0-2(110)
335-0	PSB036	335	0	[mh]mh	mhmh	_	_	_	_	_	linguistic	_	ContainsVariation=No	_	Begin=461.49|End=461.956	_	_	_	0-2(111)
336-0	PSB005	336	0	s[ì]	sì	_	_	_	_	_	linguistic	_	ContainsVariation=No	_	Begin=462.22|End=462.529	_	_	_	1-2(112)
337-0	PSB130	337	0	[sì]	sì	_	_	_	_	_	linguistic	_	ContainsVariation=No	_	Begin=462.47	_	_	_	0-2(112)
337-1	PSB130	337	1	sì	sì	_	_	_	_	_	linguistic	_	ContainsVariation=No	_	_	_	_	_	_
337-2	PSB130	337	2	ma	ma	_	_	_	_	_	linguistic	_	ContainsVariation=No	_	_	_	_	_	_
337-3	PSB130	337	3	infa[tti]	infatti	_	_	_	_	_	linguistic	_	ContainsVariation=No	_	End=463.338	_	_	_	4-7(113)
338-0	PSB091	338	0	[venta~]	venta~	_	_	_	_	_	linguistic	_	ContainsVariation=No	Interrupted=Yes	Begin=463.22	_	_	_	0-6(113)
338-1	PSB091	338	1	vent'	vent'	_	_	_	_	_	linguistic	_	ContainsVariation=No	SpaceAfter=No	_	_	_	_	_
338-2	PSB091	338	2	anni	anni	_	_	_	_	_	linguistic	_	ContainsVariation=No	_	_	_	_	_	_
338-3	PSB091	338	3	fa	fa	_	_	_	_	_	linguistic	_	ContainsVariation=No	_	_	_	_	_	_
338-4	PSB091	338	4	quando	quando	_	_	_	_	_	linguistic	_	ContainsVariation=No	_	_	_	_	_	_
338-5	PSB091	338	5	facevo	facevo	_	_	_	_	_	linguistic	_	ContainsVariation=No	_	_	_	_	_	_
338-6	PSB091	338	6	badante	badante	_	_	_	_	_	linguistic	_	ContainsVariation=No	_	_	_	_	_	_
338-7	PSB091	338	7	a	a	_	_	_	_	_	linguistic	_	ContainsVariation=No	_	_	_	_	_	_
338-8	PSB091	338	8	vecchietta	vecchietta	_	_	_	_	_	linguistic	_	ContainsVariation=No	_	_	_	_	_	_
338-9	PSB091	338	9	a	a	_	_	_	_	_	linguistic	_	ContainsVariation=No	_	_	_	_	_	_
338-10	PSB091	338	10	castelmaggiore,	castelmaggiore	_	_	_	_	_	linguistic	_	ContainsVariation=No	Intonation=WeaklyRising	End=466.529	_	_	_	_
339-0	PSB091	339	0	facciamo	facciamo	_	_	_	_	_	linguistic	_	ContainsVariation=No	_	Begin=467.36	_	_	_	_
339-1	PSB091	339	1	noi	noi	_	_	_	_	_	linguistic	_	ContainsVariation=No	_	_	_	_	_	_
339-2	PSB091	339	2	poi	poi	_	_	_	_	_	linguistic	_	ContainsVariation=No	_	_	_	_	_	_
339-3	PSB091	339	3	facciamo	facciamo	_	_	_	_	_	linguistic	_	ContainsVariation=No	_	_	_	_	_	_
339-4	PSB091	339	4	regali	regali	_	_	_	_	_	linguistic	_	ContainsVariation=No	_	_	_	_	_	_
339-5	PSB091	339	5	alla	alla	_	_	_	_	_	linguistic	_	ContainsVariation=No	_	_	_	_	_	_
339-6	PSB091	339	6	dottoressa	dottoressa	_	_	_	_	_	linguistic	_	ContainsVariation=No	_	_	_	_	_	_
339-7	PSB091	339	7	a	a	_	_	_	_	_	linguistic	_	ContainsVariation=No	_	_	_	_	_	_
339-8	PSB091	339	8	mio	mio	_	_	_	_	_	linguistic	_	ContainsVariation=No	_	_	_	_	_	_
339-9	PSB091	339	9	nipote	nipote	_	_	_	_	_	linguistic	_	ContainsVariation=No	_	_	_	_	_	_
339-10	PSB091	339	10	a:	a	_	_	_	_	_	linguistic	_	ContainsVariation=No	_	End=470.865	0x1	_	_	_
340-0	PSB129	340	0	((ride))	((ride))	_	_	_	_	_	nonverbalbehavior	_	ContainsVariation=No	_	Begin=470.233|End=470.98	_	_	_	_
341-0	PSB005	341	0	ah	ah	_	_	_	_	_	linguistic	_	ContainsVariation=No	_	Begin=471.17	_	_	_	_
341-1	PSB005	341	1	quindi	quindi	_	_	_	_	_	linguistic	_	ContainsVariation=No	_	_	_	_	_	_
341-2	PSB005	341	2	tu	tu	_	_	_	_	_	linguistic	_	ContainsVariation=No	_	_	_	_	_	_
341-3	PSB005	341	3	li	li	_	_	_	_	_	linguistic	_	ContainsVariation=No	_	_	_	_	_	_
341-4	PSB005	341	4	sai	sai	_	_	_	_	_	linguistic	_	ContainsVariation=No	_	_	_	_	_	_
341-5	PSB005	341	5	fare	fare	_	_	_	_	_	linguistic	_	ContainsVariation=No	_	_	_	_	_	_
341-6	PSB005	341	6	adesso?	adesso	_	_	_	_	_	linguistic	_	ContainsVariation=No	Intonation=Rising	End=472.751	_	_	_	_
342-0	PSB091	342	0	tu	tu	_	_	_	_	_	linguistic	_	ContainsVariation=No	_	Begin=473.24	_	_	_	_
342-1	PSB091	342	1	pensa	pensa	_	_	_	_	_	linguistic	_	ContainsVariation=No	_	_	_	_	_	_
342-2	PSB091	342	2	lei	lei	_	_	_	_	_	linguistic	_	ContainsVariation=No	_	_	_	_	_	_
342-3	PSB091	342	3	non	non	_	_	_	_	_	linguistic	_	ContainsVariation=No	_	_	_	_	_	_
342-4	PSB091	342	4	non	non	_	_	_	_	_	linguistic	_	ContainsVariation=No	_	_	_	_	_	_
342-5	PSB091	342	5	li	li	_	_	_	_	_	linguistic	_	ContainsVariation=No	_	_	_	_	_	_
342-6	PSB091	342	6	poteva	poteva	_	_	_	_	_	linguistic	_	ContainsVariation=No	_	_	_	_	_	_
342-7	PSB091	342	7	fare	fare	_	_	_	_	_	linguistic	_	ContainsVariation=No	_	_	_	_	_	_
342-8	PSB091	342	8	perché	perché	_	_	_	_	_	linguistic	_	ContainsVariation=No	_	_	_	_	_	_
342-9	PSB091	342	9	facevano	facevano	_	_	_	_	_	linguistic	_	ContainsVariation=No	_	_	_	_	_	_
342-10	PSB091	342	10	male	male	_	_	_	_	_	linguistic	_	ContainsVariation=No	_	_	_	_	_	_
342-11	PSB091	342	11	le	le	_	_	_	_	_	linguistic	_	ContainsVariation=No	_	_	_	_	_	_
342-12	PSB091	342	12	mani	mani	_	_	_	_	_	linguistic	_	ContainsVariation=No	_	_	_	_	_	_
342-13	PSB091	342	13	io,	io	_	_	_	_	_	linguistic	_	ContainsVariation=No	Intonation=WeaklyRising	End=476.539	_	_	_	_
343-0	PSB005	343	0	[li	li	_	_	_	_	_	linguistic	_	ContainsVariation=No	_	Begin=476.51	_	_	_	0-2(116)
343-1	PSB005	343	1	hai	hai	_	_	_	_	_	linguistic	_	ContainsVariation=No	_	_	_	_	_	0-3(116)
343-2	PSB005	343	2	fatti	fatti	_	_	_	_	_	linguistic	_	ContainsVariation=No	_	_	_	_	_	0-5(116)
343-3	PSB005	343	3	tutti	tutti	_	_	_	_	_	linguistic	_	ContainsVariation=No	_	_	_	_	_	0-5(116)
343-4	PSB005	343	4	tu]	tu	_	_	_	_	_	linguistic	_	ContainsVariation=No	_	End=477.584	_	_	_	0-2(116)
344-0	PSB091	344	0	[xx	xx	_	_	_	_	_	unknown	_	ContainsVariation=No	Syllables=2	Begin=476.62	_	_	_	0-2(116)
344-1	PSB091	344	1	regali	regali	_	_	_	_	_	linguistic	_	ContainsVariation=No	_	_	_	_	_	0-6(116)
344-2	PSB091	344	2	a	a	_	_	_	_	_	linguistic	_	ContainsVariation=No	_	_	_	_	_	0-1(116)
344-3	PSB091	344	3	tutti]	tutti	_	_	_	_	_	linguistic	_	ContainsVariation=No	_	End=477.803	_	_	_	0-5(116)
345-0	PSB005	345	0	esat[to]	esatto	_	_	_	_	_	linguistic	_	ContainsVariation=No	_	Begin=477.8|End=478.462	_	_	_	4-6(118)
346-0	PSB091	346	0	[li	li	_	_	_	_	_	linguistic	_	ContainsVariation=No	_	Begin=478.19	_	_	_	0-2(118)
346-1	PSB091	346	1	ho]	ho	_	_	_	_	_	linguistic	_	ContainsVariation=No	_	_	_	_	_	0-2(118)
346-2	PSB091	346	2	odiati	odiati	_	_	_	_	_	linguistic	_	ContainsVariation=No	_	_	_	_	_	_
346-3	PSB091	346	3	per	per	_	_	_	_	_	linguistic	_	ContainsVariation=No	_	_	_	_	_	_
346-4	PSB091	346	4	tutta	tutta	_	_	_	_	_	linguistic	_	ContainsVariation=No	_	_	_	_	_	_
346-5	PSB091	346	5	la	la	_	_	_	_	_	linguistic	_	ContainsVariation=No	_	_	_	_	_	_
346-6	PSB091	346	6	vita	vita	_	_	_	_	_	linguistic	_	ContainsVariation=No	_	_	_	_	_	_
346-7	PSB091	346	7	guarda	guarda	_	_	_	_	_	linguistic	_	ContainsVariation=No	_	End=480.289	_	_	_	_
347-0	PSB005	347	0	eh	eh	_	_	_	_	_	linguistic	_	ContainsVariation=No	_	Begin=480.32|End=480.553	_	_	_	_
348-0	PSB091	348	0	non	non	_	_	_	_	_	linguistic	_	ContainsVariation=No	_	Begin=480.58	_	_	_	_
348-1	PSB091	348	1	li	li	_	_	_	_	_	linguistic	_	ContainsVariation=No	_	_	_	_	_	_
348-2	PSB091	348	2	mangio	mangio	_	_	_	_	_	linguistic	_	ContainsVariation=No	_	_	_	_	_	_
348-3	PSB091	348	3	tortellini	tortellini	_	_	_	_	_	linguistic	_	ContainsVariation=No	_	_	_	_	_	_
348-4	PSB091	348	4	[per	per	_	_	_	_	_	linguistic	_	ContainsVariation=No	_	_	_	_	_	0-3(119)
348-5	PSB091	348	5	princ]ipio	principio	_	_	_	_	_	linguistic	_	ContainsVariation=No	_	_	_	_	_	0-5(119)
348-6	PSB091	348	6	guarda	guarda	_	_	_	_	_	linguistic	_	ContainsVariation=No	_	_	_	_	_	_
348-7	PSB091	348	7	basta	basta	_	_	_	_	_	linguistic	_	ContainsVariation=No	_	End=483.316	_	_	_	_
349-0	PSB036	349	0	[xx]	xx	_	_	_	_	_	unknown	_	ContainsVariation=No	Syllables=2	Begin=481.52|End=481.987	_	_	_	0-2(119)
350-0	PSB130	350	0	no	no	_	_	_	_	_	linguistic	_	ContainsVariation=No	_	Begin=483.37	_	_	_	_
350-1	PSB130	350	1	no	no	_	_	_	_	_	linguistic	_	ContainsVariation=No	_	_	_	_	_	_
350-2	PSB130	350	2	meglio	meglio	_	_	_	_	_	linguistic	_	ContainsVariation=No	_	_	_	_	_	_
350-3	PSB130	350	3	fare	fare	_	_	_	_	_	linguistic	_	ContainsVariation=No	_	_	_	_	_	_
350-4	PSB130	350	4	i	i	_	_	_	_	_	linguistic	_	ContainsVariation=No	_	_	_	_	_	_
350-5	PSB130	350	5	bis[cotti	biscotti	_	_	_	_	_	linguistic	_	ContainsVariation=No	_	_	_	_	_	3-8(?)
350-6	PSB130	350	6	come	come	_	_	_	_	_	linguistic	_	ContainsVariation=No	_	_	_	_	_	0-4(?)
350-7	PSB130	350	7	regalo	regalo	_	_	_	_	_	linguistic	_	ContainsVariation=No	_	_	_	_	_	0-6(?)
350-8	PSB130	350	8	di	di	_	_	_	_	_	linguistic	_	ContainsVariation=No	_	_	_	_	_	0-2(?)
350-9	PSB130	350	9	natale	natale	_	_	_	_	_	linguistic	_	ContainsVariation=No	_	_	_	_	_	0-6(?)
350-10	PSB130	350	10	almeno	almeno	_	_	_	_	_	linguistic	_	ContainsVariation=No	_	_	_	_	_	0-6(?)
350-11	PSB130	350	11	quello]	quello	_	_	_	_	_	linguistic	_	ContainsVariation=No	_	End=486.532	_	_	_	0-6(?)
351-0	PSB091	351	0	[dopo	dopo	_	_	_	_	_	linguistic	_	ContainsVariation=No	_	Begin=484.17	_	_	_	0-4(121)
351-1	PSB091	351	1	mi	mi	_	_	_	_	_	linguistic	_	ContainsVariation=No	_	_	_	_	_	0-2(121)
351-2	PSB091	351	2	facevano	facevano	_	_	_	_	_	linguistic	_	ContainsVariation=No	_	_	_	_	_	0-8(121)
351-3	PSB091	351	3	male	male	_	_	_	_	_	linguistic	_	ContainsVariation=No	_	_	_	_	_	0-4(121)
351-4	PSB091	351	4	le	le	_	_	_	_	_	linguistic	_	ContainsVariation=No	_	_	_	_	_	0-2(121)
351-5	PSB091	351	5	dita]	dita	_	_	_	_	_	linguistic	_	ContainsVariation=No	_	End=485.854	_	_	_	0-4(121)
352-0	PSB129	352	0	[sì	sì	_	_	_	_	_	linguistic	_	ContainsVariation=No	_	Begin=485.99	_	_	_	0-2(120)
352-1	PSB129	352	1	ma	ma	_	_	_	_	_	linguistic	_	ContainsVariation=No	_	_	_	_	_	0-2(120)
352-2	PSB129	352	2	perché]	perché	_	_	_	_	_	linguistic	_	ContainsVariation=No	_	_	_	_	_	0-6(120)
352-3	PSB129	352	3	[xx]	xx	_	_	_	_	_	unknown	_	ContainsVariation=No	Syllables=2	End=487.166	_	_	_	0-2(122)
353-0	PSB005	353	0	[ah	ah	_	_	_	_	_	linguistic	_	ContainsVariation=No	_	Begin=486.64	_	_	_	0-2(122)
353-1	PSB005	353	1	io	io	_	_	_	_	_	linguistic	_	ContainsVariation=No	_	_	_	_	_	0-2(122)
353-2	PSB005	353	2	sto]	sto	_	_	_	_	_	linguistic	_	ContainsVariation=No	_	_	_	_	_	0-3(122)
353-3	PSB005	353	3	facendo	facendo	_	_	_	_	_	linguistic	_	ContainsVariation=No	_	_	_	_	_	_
353-4	PSB005	353	4	il	il	_	_	_	_	_	linguistic	_	ContainsVariation=No	_	_	_	_	_	_
353-5	PSB005	353	5	limoncello	limoncello	_	_	_	_	_	linguistic	_	ContainsVariation=No	_	End=488.331	_	_	_	_
354-0	PSB129	354	0	eh	eh	_	_	_	_	_	linguistic	_	ContainsVariation=No	_	Begin=488.33|End=488.64	_	_	_	_
355-0	PSB005	355	0	[ah	ah	_	_	_	_	_	linguistic	_	ContainsVariation=No	_	Begin=488.78	_	_	_	0-2(124)
355-1	PSB005	355	1	vero]	vero	_	_	_	_	_	linguistic	_	ContainsVariation=No	_	End=489.339	_	_	_	0-4(124)
356-0	PSB129	356	0	[a:h]	ah	_	_	_	_	_	linguistic	_	ContainsVariation=No	_	Begin=488.83|End=489.298	0x1	_	_	0-2(124)
357-0	PSB005	357	0	quand'	quand'	_	_	_	_	_	linguistic	_	ContainsVariation=No	SpaceAfter=No	Begin=489.67	_	_	_	_
357-1	PSB005	357	1	è	è	_	_	_	_	_	linguistic	_	ContainsVariation=No	PauseAfter=Yes	_	_	_	_	_
357-2	PSB005	357	2	(.)	(.)	_	_	_	_	_	shortpause	_	ContainsVariation=No	_	_	_	_	_	_
357-3	PSB005	357	3	se	se	_	_	_	_	_	linguistic	_	ContainsVariation=No	_	_	_	_	_	_
357-4	PSB005	357	4	ci	ci	_	_	_	_	_	linguistic	_	ContainsVariation=No	_	_	_	_	_	_
357-5	PSB005	357	5	vediamo	vediamo	_	_	_	_	_	linguistic	_	ContainsVariation=No	_	_	_	_	_	_
357-6	PSB005	357	6	solo	solo	_	_	_	_	_	linguistic	_	ContainsVariation=No	_	_	_	_	_	_
357-7	PSB005	357	7	che	che	_	_	_	_	_	linguistic	_	ContainsVariation=No	_	_	_	_	_	_
357-8	PSB005	357	8	no	no	_	_	_	_	_	linguistic	_	ContainsVariation=No	_	_	_	_	_	_
357-9	PSB005	357	9	perché	perché	_	_	_	_	_	linguistic	_	ContainsVariation=No	_	_	_	_	_	_
357-10	PSB005	357	10	hai	hai	_	_	_	_	_	linguistic	_	ContainsVariation=No	_	_	_	_	_	_
357-11	PSB005	357	11	detto	detto	_	_	_	_	_	linguistic	_	ContainsVariation=No	_	_	_	_	_	_
357-12	PSB005	357	12	che	che	_	_	_	_	_	linguistic	_	ContainsVariation=No	_	_	_	_	_	_
357-13	PSB005	357	13	parti	parti	_	_	_	_	_	linguistic	_	ContainsVariation=No	_	_	_	_	_	_
357-14	PSB005	357	14	il	il	_	_	_	_	_	linguistic	_	ContainsVariation=No	_	_	_	_	_	_
357-15	PSB005	357	15	diciotto	diciotto	_	_	_	_	_	linguistic	_	ContainsVariation=No	_	End=493.222	_	_	_	_
358-0	PSB005	358	0	[mannaggia]	mannaggia	_	_	_	_	_	linguistic	_	ContainsVariation=No	_	Begin=493.94|End=494.716	_	_	_	0-9(125)
359-0	PSB129	359	0	[dopo	dopo	_	_	_	_	_	linguistic	_	ContainsVariation=No	_	Begin=493.96	_	_	_	0-4(125)
359-1	PSB129	359	1	natale]	natale	_	_	_	_	_	linguistic	_	ContainsVariation=No	_	End=494.823	_	_	_	0-6(125)
360-0	PSB129	360	0	un	un	_	_	_	_	_	linguistic	_	ContainsVariation=No	_	Begin=494.99	_	_	_	_
360-1	PSB129	360	1	gior[no]	giorno	_	_	_	_	_	linguistic	_	ContainsVariation=No	_	End=495.447	_	_	_	4-6(126)
361-0	PSB005	361	0	[do]po	dopo	_	_	_	_	_	linguistic	_	ContainsVariation=No	_	Begin=495.32	_	_	_	0-2(126)
361-1	PSB005	361	1	natale	natale	_	_	_	_	_	linguistic	_	ContainsVariation=No	_	_	_	_	_	_
361-2	PSB005	361	2	perché	perché	_	_	_	_	_	linguistic	_	ContainsVariation=No	_	_	_	_	_	_
361-3	PSB005	361	3	il	il	_	_	_	_	_	linguistic	_	ContainsVariation=No	_	_	_	_	_	_
361-4	PSB005	361	4	limoncello	limoncello	_	_	_	_	_	linguistic	_	ContainsVariation=No	_	_	_	_	_	_
361-5	PSB005	361	5	si	si	_	_	_	_	_	linguistic	_	ContainsVariation=No	_	_	_	_	_	_
361-6	PSB005	361	6	sta	sta	_	_	_	_	_	linguistic	_	ContainsVariation=No	_	_	_	_	_	_
361-7	PSB005	361	7	facendo	facendo	_	_	_	_	_	linguistic	_	ContainsVariation=No	_	_	_	_	_	_
361-8	PSB005	361	8	ma	ma	_	_	_	_	_	linguistic	_	ContainsVariation=No	_	_	_	_	_	_
361-9	PSB005	361	9	ci	ci	_	_	_	_	_	linguistic	_	ContainsVariation=No	_	_	_	_	_	_
361-10	PSB005	361	10	vuole	vuole	_	_	_	_	_	linguistic	_	ContainsVariation=No	_	_	_	_	_	_
361-11	PSB005	361	11	un	un	_	_	_	_	_	linguistic	_	ContainsVariation=No	_	_	_	_	_	_
361-12	PSB005	361	12	me~	me~	_	_	_	_	_	linguistic	_	ContainsVariation=No	Interrupted=Yes	_	_	_	_	_
361-13	PSB005	361	13	c(io)è	cioè	_	_	_	_	_	linguistic	_	ContainsVariation=No	Reduced=Yes	_	_	_	_	_
361-14	PSB005	361	14	((ride))	((ride))	_	_	_	_	_	nonverbalbehavior	_	ContainsVariation=No	_	_	_	_	_	_
361-15	PSB005	361	15	non	non	_	_	_	_	_	linguistic	_	ContainsVariation=No	_	_	_	_	_	_
361-16	PSB005	361	16	potevo	potevo	_	_	_	_	_	linguistic	_	ContainsVariation=No	_	_	_	_	_	_
361-17	PSB005	361	17	portarlo	portarlo	_	_	_	_	_	linguistic	_	ContainsVariation=No	_	_	_	_	_	_
361-18	PSB005	361	18	oggi	oggi	_	_	_	_	_	linguistic	_	ContainsVariation=No	_	_	_	_	_	_
361-19	PSB005	361	19	non	non	_	_	_	_	_	linguistic	_	ContainsVariation=No	_	_	_	_	_	_
361-20	PSB005	361	20	era	era	_	_	_	_	_	linguistic	_	ContainsVariation=No	_	_	_	_	_	_
361-21	PSB005	361	21	ancora	ancora	_	_	_	_	_	linguistic	_	ContainsVariation=No	_	_	_	_	_	_
361-22	PSB005	361	22	pronto	pronto	_	_	_	_	_	linguistic	_	ContainsVariation=No	_	End=502.408	_	_	_	_
362-0	PSB005	362	0	°sì°	sì	_	_	_	_	_	linguistic	_	ContainsVariation=No	Volume=low	Begin=502.74|End=503.042	_	_	_	_
363-0	PSB086	363	0	un	un	_	_	_	_	_	linguistic	_	ContainsVariation=No	_	Begin=503.09	_	_	_	_
363-1	PSB086	363	1	mese?	mese	_	_	_	_	_	linguistic	_	ContainsVariation=No	Intonation=Rising	End=503.659	_	_	_	_
364-0	PSB086	364	0	mh	mh	_	_	_	_	_	linguistic	_	ContainsVariation=No	_	Begin=503.85|End=504.31	_	_	_	_
365-0	PSB005	365	0	eh	eh	_	_	_	_	_	linguistic	_	ContainsVariation=No	PauseAfter=Yes	Begin=504.33	_	_	_	_
365-1	PSB005	365	1	(.)	(.)	_	_	_	_	_	shortpause	_	ContainsVariation=No	_	_	_	_	_	_
365-2	PSB005	365	2	sì	sì	_	_	_	_	_	linguistic	_	ContainsVariation=No	_	_	_	_	_	_
365-3	PSB005	365	3	sì	sì	_	_	_	_	_	linguistic	_	ContainsVariation=No	_	End=505.51	_	_	_	_
366-0	PSB005	366	0	no	no	_	_	_	_	_	linguistic	_	ContainsVariation=No	_	Begin=506.11	_	_	_	_
366-1	PSB005	366	1	due	due	_	_	_	_	_	linguistic	_	ContainsVariation=No	_	_	_	_	_	_
366-2	PSB005	366	2	settima~	settima~	_	_	_	_	_	linguistic	_	ContainsVariation=No	Interrupted=Yes	_	_	_	_	_
366-3	PSB005	366	3	tre	tre	_	_	_	_	_	linguistic	_	ContainsVariation=No	_	_	_	_	_	_
366-4	PSB005	366	4	settima[ne	settimane	_	_	_	_	_	linguistic	_	ContainsVariation=No	PauseAfter=Yes	_	_	_	_	7-9(127)
366-5	PSB005	366	5	(.)	(.)	_	_	_	_	_	shortpause	_	ContainsVariation=No	_	_	_	_	_	X(127)
366-6	PSB005	366	6	sì]	sì	_	_	_	_	_	linguistic	_	ContainsVariation=No	_	End=508.819	_	_	_	0-2(127)
367-0	PSB130	367	0	[beh	beh	_	_	_	_	_	linguistic	_	ContainsVariation=No	_	Begin=507.92	_	_	_	0-3(127)
367-1	PSB130	367	1	un	un	_	_	_	_	_	linguistic	_	ContainsVariation=No	_	_	_	_	_	0-2(127)
367-2	PSB130	367	2	mese	mese	_	_	_	_	_	linguistic	_	ContainsVariation=No	_	_	_	_	_	0-4(127)
367-3	PSB130	367	3	anche]	anche	_	_	_	_	_	linguistic	_	ContainsVariation=No	_	_	_	_	_	0-5(127)
367-4	PSB130	367	4	[sì]	sì	_	_	_	_	_	linguistic	_	ContainsVariation=No	_	End=509.089	_	_	_	0-2(128)
368-0	PSB036	368	0	[eh]	eh	_	_	_	_	_	linguistic	_	ContainsVariation=No	_	Begin=508.83	_	_	_	0-2(128)
368-1	PSB036	368	1	sì	sì	_	_	_	_	_	linguistic	_	ContainsVariation=No	_	_	_	_	_	_
368-2	PSB036	368	2	per[ché]	perché	_	_	_	_	_	linguistic	_	ContainsVariation=No	_	End=509.899	_	_	_	3-6(129)
369-0	PSB005	369	0	[mh]	mh	_	_	_	_	_	linguistic	_	ContainsVariation=No	_	Begin=509.426|End=509.92	_	_	_	0-2(129)
370-0	PSB091	370	0	se	se	_	_	_	_	_	linguistic	_	ContainsVariation=No	_	Begin=510.83	_	_	_	_
370-1	PSB091	370	1	volete	volete	_	_	_	_	_	linguistic	_	ContainsVariation=No	_	_	_	_	_	_
370-2	PSB091	370	2	cuociamo	cuociamo	_	_	_	_	_	linguistic	_	ContainsVariation=No	_	_	_	_	_	_
370-3	PSB091	370	3	altri	altri	_	_	_	_	_	linguistic	_	ContainsVariation=No	_	_	_	_	_	_
370-4	PSB091	370	4	se	se	_	_	_	_	_	linguistic	_	ContainsVariation=No	_	_	_	_	_	_
370-5	PSB091	370	5	volete	volete	_	_	_	_	_	linguistic	_	ContainsVariation=No	_	_	_	_	_	_
370-6	PSB091	370	6	an[cora]	ancora	_	_	_	_	_	linguistic	_	ContainsVariation=No	_	End=513.013	_	_	_	2-6(130)
371-0	PSB130	371	0	[no]	no	_	_	_	_	_	linguistic	_	ContainsVariation=No	_	Begin=512.64|End=513.009	_	_	_	0-2(130)
372-0	PSB005	372	0	no	no	_	_	_	_	_	linguistic	_	ContainsVariation=No	_	Begin=513.01|End=513.392	_	_	_	_
373-0	PSB128	373	0	[no	no	_	_	_	_	_	linguistic	_	ContainsVariation=No	_	Begin=513.4	_	_	_	0-2(132)
373-1	PSB128	373	1	no	no	_	_	_	_	_	linguistic	_	ContainsVariation=No	_	_	_	_	_	0-2(132)
373-2	PSB128	373	2	grazie]	grazie	_	_	_	_	_	linguistic	_	ContainsVariation=No	_	End=514.06	_	_	_	0-6(132)
374-0	PSB036	374	0	[no	no	_	_	_	_	_	linguistic	_	ContainsVariation=No	_	Begin=513.41	_	_	_	0-2(132)
374-1	PSB036	374	1	va	va	_	_	_	_	_	linguistic	_	ContainsVariation=No	_	_	_	_	_	0-2(132)
374-2	PSB036	374	2	bene	bene	_	_	_	_	_	linguistic	_	ContainsVariation=No	_	_	_	_	_	0-4(132)
374-3	PSB036	374	3	guarda]	guarda	_	_	_	_	_	linguistic	_	ContainsVariation=No	_	End=514.284	_	_	_	0-6(132)
375-0	PSB129	375	0	cioè	cioè	_	_	_	_	_	linguistic	_	ContainsVariation=No	_	Begin=514.35	_	_	_	_
375-1	PSB129	375	1	più	più	_	_	_	_	_	linguistic	_	ContainsVariation=No	_	_	_	_	_	_
375-2	PSB129	375	2	che	che	_	_	_	_	_	linguistic	_	ContainsVariation=No	_	_	_	_	_	_
375-3	PSB129	375	3	altro	altro	_	_	_	_	_	linguistic	_	ContainsVariation=No	_	_	_	_	_	_
375-4	PSB129	375	4	perché	perché	_	_	_	_	_	linguistic	_	ContainsVariation=No	_	_	_	_	_	_
375-5	PSB129	375	5	[sono	sono	_	_	_	_	_	linguistic	_	ContainsVariation=No	_	_	_	_	_	0-4(133)
375-6	PSB129	375	6	le	le	_	_	_	_	_	linguistic	_	ContainsVariation=No	_	_	_	_	_	0-2(133)
375-7	PSB129	375	7	cinque]	cinque	_	_	_	_	_	linguistic	_	ContainsVariation=No	_	End=516.139	_	_	_	0-6(133)
376-0	PSB130	376	0	[sei	sei	_	_	_	_	_	linguistic	_	ContainsVariation=No	_	Begin=515.24	_	_	_	0-3(133)
376-1	PSB130	376	1	piena	piena	_	_	_	_	_	linguistic	_	ContainsVariation=No	_	_	_	_	_	0-5(133)
376-2	PSB130	376	2	@ale]?	@ale	_	_	_	_	_	anonymized	_	ContainsVariation=No	Intonation=Rising|Anonymized=Yes	End=516.108	_	_	_	0-4(133)
377-0	PSB130	377	0	vuoi	vuoi	_	_	_	_	_	linguistic	_	ContainsVariation=No	_	Begin=516.32	_	_	_	_
377-1	PSB130	377	1	un	un	_	_	_	_	_	linguistic	_	ContainsVariation=No	_	_	_	_	_	_
377-2	PSB130	377	2	aiuto?	aiuto	_	_	_	_	_	linguistic	_	ContainsVariation=No	Intonation=Rising	End=516.96	_	_	_	_
378-0	PSB005	378	0	io	io	_	_	_	_	_	linguistic	_	ContainsVariation=No	_	Begin=516.98	_	_	_	_
378-1	PSB005	378	1	sì	sì	_	_	_	_	_	linguistic	_	ContainsVariation=No	_	_	_	_	_	_
378-2	PSB005	378	2	[@giulia	@giulia	_	_	_	_	_	anonymized	_	ContainsVariation=No	Anonymized=Yes	_	_	_	_	0-7(134)
378-3	PSB005	378	3	sì]	sì	_	_	_	_	_	linguistic	_	ContainsVariation=No	_	End=518.153	_	_	_	0-2(134)
379-0	PSB036	379	0	[la	la	_	_	_	_	_	linguistic	_	ContainsVariation=No	_	Begin=517.42	_	_	_	0-2(?)
379-1	PSB036	379	1	prima:	prima	_	_	_	_	_	linguistic	_	ContainsVariation=No	_	_	4x1	_	_	0-5(?)
379-2	PSB036	379	2	per	per	_	_	_	_	_	linguistic	_	ContainsVariation=No	_	_	_	_	_	0-3(?)
379-3	PSB036	379	3	meren]da::	merenda	_	_	_	_	_	linguistic	_	ContainsVariation=No	_	End=520.022	6x2	_	_	0-5(?)
380-0	PSB129	380	0	[esatto]	esatto	_	_	_	_	_	linguistic	_	ContainsVariation=No	_	Begin=518.22|End=518.888	_	_	_	0-6(135)
381-0	PSB129	381	0	se	se	_	_	_	_	_	linguistic	_	ContainsVariation=No	_	Begin=520.09	_	_	_	_
381-1	PSB129	381	1	fosse	fosse	_	_	_	_	_	linguistic	_	ContainsVariation=No	_	_	_	_	_	_
381-2	PSB129	381	2	ora	ora	_	_	_	_	_	linguistic	_	ContainsVariation=No	_	_	_	_	_	_
381-3	PSB129	381	3	di	di	_	_	_	_	_	linguistic	_	ContainsVariation=No	_	_	_	_	_	_
381-4	PSB129	381	4	cena	cena	_	_	_	_	_	linguistic	_	ContainsVariation=No	_	_	_	_	_	_
381-5	PSB129	381	5	ne	ne	_	_	_	_	_	linguistic	_	ContainsVariation=No	_	_	_	_	_	_
381-6	PSB129	381	6	mangerei	mangerei	_	_	_	_	_	linguistic	_	ContainsVariation=No	_	_	_	_	_	_
381-7	PSB129	381	7	anche	anche	_	_	_	_	_	linguistic	_	ContainsVariation=No	_	_	_	_	_	_
381-8	PSB129	381	8	due	due	_	_	_	_	_	linguistic	_	ContainsVariation=No	_	_	_	_	_	_
381-9	PSB129	381	9	piatti	piatti	_	_	_	_	_	linguistic	_	ContainsVariation=No	_	_	_	_	_	_
381-10	PSB129	381	10	però	però	_	_	_	_	_	linguistic	_	ContainsVariation=No	_	_	_	_	_	_
381-11	PSB129	381	11	((ride))	((ride))	_	_	_	_	_	nonverbalbehavior	_	ContainsVariation=No	_	_	_	_	_	_
381-12	PSB129	381	12	ormai	ormai	_	_	_	_	_	linguistic	_	ContainsVariation=No	_	_	_	_	_	_
381-13	PSB129	381	13	[diventa	diventa	_	_	_	_	_	linguistic	_	ContainsVariation=No	_	_	_	_	_	0-7(390)
381-14	PSB129	381	14	(difficile)]	difficile	_	_	_	_	_	linguistic	_	ContainsVariation=No	_	End=524.583	_	_	0-9(0)	0-9(390)
382-0	PSB005	382	0	[no	no	_	_	_	_	_	linguistic	_	ContainsVariation=No	_	Begin=523.53	_	_	_	0-2(390)
382-1	PSB005	382	1	io	io	_	_	_	_	_	linguistic	_	ContainsVariation=No	_	_	_	_	_	0-2(390)
382-2	PSB005	382	2	ho	ho	_	_	_	_	_	linguistic	_	ContainsVariation=No	_	_	_	_	_	0-2(390)
382-3	PSB005	382	3	già]	già	_	_	_	_	_	linguistic	_	ContainsVariation=No	_	End=524.388	_	_	_	0-3(390)
383-0	PSB127	383	0	[prendete	prendete	_	_	_	_	_	linguistic	_	ContainsVariation=No	_	Begin=523.96	_	_	_	0-8(390)
383-1	PSB127	383	1	anco]ra:	ancora	_	_	_	_	_	linguistic	_	ContainsVariation=No	_	_	5x1	_	_	0-4(390)
383-2	PSB127	383	2	eh	eh	_	_	_	_	_	linguistic	_	ContainsVariation=No	_	_	_	_	_	_
383-3	PSB127	383	3	eh	eh	_	_	_	_	_	linguistic	_	ContainsVariation=No	_	_	_	_	_	_
383-4	PSB127	383	4	puliti	puliti	_	_	_	_	_	linguistic	_	ContainsVariation=No	_	End=526.327	_	_	_	_
384-0	PSB005	384	0	no	no	_	_	_	_	_	linguistic	_	ContainsVariation=No	_	Begin=526.38	_	_	_	_
384-1	PSB005	384	1	io	io	_	_	_	_	_	linguistic	_	ContainsVariation=No	_	_	_	_	_	_
384-2	PSB005	384	2	sto	sto	_	_	_	_	_	linguistic	_	ContainsVariation=No	_	_	_	_	_	_
384-3	PSB005	384	3	bevendo	bevendo	_	_	_	_	_	linguistic	_	ContainsVariation=No	_	_	_	_	_	_
384-4	PSB005	384	4	da	da	_	_	_	_	_	linguistic	_	ContainsVariation=No	_	_	_	_	_	_
384-5	PSB005	384	5	qua	qua	_	_	_	_	_	linguistic	_	ContainsVariation=No	_	End=527.551	_	_	_	_
385-0	PSB129	385	0	molto	molto	_	_	_	_	_	linguistic	_	ContainsVariation=No	_	Begin=527.74	_	_	_	_
385-1	PSB129	385	1	molto	molto	_	_	_	_	_	linguistic	_	ContainsVariation=No	_	_	_	_	_	_
385-2	PSB129	385	2	buo[ni]	buoni	_	_	_	_	_	linguistic	_	ContainsVariation=No	_	End=528.811	_	_	_	3-5(136)
386-0	PSB127	386	0	[xx]	xx	_	_	_	_	_	unknown	_	ContainsVariation=No	Syllables=2	Begin=528.387|End=529.0	_	_	_	0-2(136)
387-0	PSB086	387	0	#_ ja	ja	_	_	_	_	_	linguistic	_	ContainsVariation=Yes|Code=Other|Language=NO_ISO_CODE	_	Begin=529.89	_	_	_	_
387-1	PSB086	387	1	otlomala	otlomala	_	_	_	_	_	linguistic	_	ContainsVariation=Yes|Code=Other|Language=NO_ISO_CODE	_	_	_	_	_	_
387-2	PSB086	387	2	tobi	tobi	_	_	_	_	_	linguistic	_	ContainsVariation=Yes|Code=Other|Language=NO_ISO_CODE	_	End=530.759	_	_	_	_
389-0	PSB130	389	0	io	io	_	_	_	_	_	linguistic	_	ContainsVariation=No	_	Begin=531.03	_	_	_	_
389-1	PSB130	389	1	ho	ho	_	_	_	_	_	linguistic	_	ContainsVariation=No	_	_	_	_	_	_
389-2	PSB130	389	2	molta	molta	_	_	_	_	_	linguistic	_	ContainsVariation=No	_	_	_	_	_	_
389-3	PSB130	389	3	fame	fame	_	_	_	_	_	linguistic	_	ContainsVariation=No	_	_	_	_	_	_
389-4	PSB130	389	4	nella	nella	_	_	_	_	_	linguistic	_	ContainsVariation=No	_	_	_	_	_	_
389-5	PSB130	389	5	[mia	mia	_	_	_	_	_	linguistic	_	ContainsVariation=No	_	_	_	_	_	0-3(137)
389-6	PSB130	389	6	vita]	vita	_	_	_	_	_	linguistic	_	ContainsVariation=No	_	End=532.716	_	_	_	0-4(137)
390-0	PSB005	390	0	[vabbè	vabbè	_	_	_	_	_	linguistic	_	ContainsVariation=No	_	Begin=532.2	_	_	_	0-5(137)
390-1	PSB005	390	1	io]	io	_	_	_	_	_	linguistic	_	ContainsVariation=No	_	_	_	_	_	0-2(137)
390-2	PSB005	390	2	adesso	adesso	_	_	_	_	_	linguistic	_	ContainsVariation=No	_	_	_	_	_	_
390-3	PSB005	390	3	non	non	_	_	_	_	_	linguistic	_	ContainsVariation=No	_	_	_	_	_	_
390-4	PSB005	390	4	mange[rò	mangerò	_	_	_	_	_	linguistic	_	ContainsVariation=No	_	_	_	_	_	5-7(138)
390-5	PSB005	390	5	cioè	cioè	_	_	_	_	_	linguistic	_	ContainsVariation=No	_	_	_	_	_	0-4(138)
390-6	PSB005	390	6	mangio	mangio	_	_	_	_	_	linguistic	_	ContainsVariation=No	_	_	_	_	_	0-6(138)
390-7	PSB005	390	7	domani]	domani	_	_	_	_	_	linguistic	_	ContainsVariation=No	_	_	_	_	_	0-6(138)
390-8	PSB005	390	8	sì	sì	_	_	_	_	_	linguistic	_	ContainsVariation=No	_	End=534.932	_	_	_	_
391-0	PSB130	391	0	[fame	fame	_	_	_	_	_	linguistic	_	ContainsVariation=No	_	Begin=533.48	_	_	_	0-4(138)
391-1	PSB130	391	1	sempre]	sempre	_	_	_	_	_	linguistic	_	ContainsVariation=No	_	End=534.555	_	_	_	0-6(138)
392-0	PSB129	392	0	[io	io	_	_	_	_	_	linguistic	_	ContainsVariation=No	_	Begin=535.22	_	_	_	0-2(391)
392-1	PSB129	392	1	c'	c'	_	_	_	_	_	linguistic	_	ContainsVariation=No	SpaceAfter=No	_	_	_	_	0-2(391)
392-2	PSB129	392	2	ho	ho	_	_	_	_	_	linguistic	_	ContainsVariation=No	_	_	_	_	_	0-2(391)
392-3	PSB129	392	3	marco	marco	_	_	_	_	_	linguistic	_	ContainsVariation=No	PauseAfter=Yes	_	_	_	_	0-5(391)
392-4	PSB129	392	4	(.)	(.)	_	_	_	_	_	shortpause	_	ContainsVariation=No	_	_	_	_	_	X(391)
392-5	PSB129	392	5	eh	eh	_	_	_	_	_	linguistic	_	ContainsVariation=No	_	_	_	_	_	0-2(391)
392-6	PSB129	392	6	ma	ma	_	_	_	_	_	linguistic	_	ContainsVariation=No	_	_	_	_	_	0-2(391)
392-7	PSB129	392	7	io	io	_	_	_	_	_	linguistic	_	ContainsVariation=No	_	_	_	_	_	0-2(391)
392-8	PSB129	392	8	c'	c'	_	_	_	_	_	linguistic	_	ContainsVariation=No	SpaceAfter=No	_	_	_	_	0-2(391)
392-9	PSB129	392	9	ho	ho	_	_	_	_	_	linguistic	_	ContainsVariation=No	_	_	_	_	_	0-2(391)
392-10	PSB129	392	10	marco	marco	_	_	_	_	_	linguistic	_	ContainsVariation=No	_	_	_	_	_	0-5(391)
392-11	PSB129	392	11	a	a	_	_	_	_	_	linguistic	_	ContainsVariation=No	_	_	_	_	_	0-1(391)
392-12	PSB129	392	12	casa]	casa	_	_	_	_	_	linguistic	_	ContainsVariation=No	_	End=538.28	_	_	_	0-3(391)
393-0	PSB005	393	0	[io	io	_	_	_	_	_	linguistic	_	ContainsVariation=No	_	Begin=535.22	_	_	_	0-2(391)
393-1	PSB005	393	1	non	non	_	_	_	_	_	linguistic	_	ContainsVariation=No	_	_	_	_	_	0-3(391)
393-2	PSB005	393	2	mangio	mangio	_	_	_	_	_	linguistic	_	ContainsVariation=No	_	_	_	_	_	0-6(391)
393-3	PSB005	393	3	stasera]	stasera	_	_	_	_	_	linguistic	_	ContainsVariation=No	_	End=536.707	_	_	_	0-7(391)
394-0	PSB127	394	0	[comu~	comu~	_	_	_	_	_	linguistic	_	ContainsVariation=No	Interrupted=Yes|PauseAfter=Yes	Begin=535.48	_	_	_	0-5(391)
394-1	PSB127	394	1	(.)	(.)	_	_	_	_	_	shortpause	_	ContainsVariation=No	_	_	_	_	_	X(391)
394-2	PSB127	394	2	vino	vino	_	_	_	_	_	linguistic	_	ContainsVariation=No	PauseAfter=Yes	_	_	_	_	0-4(391)
394-3	PSB127	394	3	(.)	(.)	_	_	_	_	_	shortpause	_	ContainsVariation=No	_	_	_	_	_	X(391)
394-4	PSB127	394	4	ancora	ancora	_	_	_	_	_	linguistic	_	ContainsVariation=No	_	_	_	_	_	0-6(391)
394-5	PSB127	394	5	c'	c'	_	_	_	_	_	linguistic	_	ContainsVariation=No	SpaceAfter=No	_	_	_	_	0-2(391)
394-6	PSB127	394	6	è	è	_	_	_	_	_	linguistic	_	ContainsVariation=No	_	_	_	_	_	0-1(391)
394-7	PSB127	394	7	c'	c'	_	_	_	_	_	linguistic	_	ContainsVariation=No	SpaceAfter=No	_	_	_	_	0-2(391)
394-8	PSB127	394	8	è	è	_	_	_	_	_	linguistic	_	ContainsVariation=No	_	_	_	_	_	0-1(391)
394-9	PSB127	394	9	ancora]	ancora	_	_	_	_	_	linguistic	_	ContainsVariation=No	_	End=538.372	_	_	_	0-5(391)
395-0	PSB128	395	0	ce	ce	_	_	_	_	_	linguistic	_	ContainsVariation=No	_	Begin=538.664	_	_	_	_
395-1	PSB128	395	1	l'	l'	_	_	_	_	_	linguistic	_	ContainsVariation=No	SpaceAfter=No	_	_	_	_	_
395-2	PSB128	395	2	ho	ho	_	_	_	_	_	linguistic	_	ContainsVariation=No	_	_	_	_	_	_
395-3	PSB128	395	3	ancora	ancora	_	_	_	_	_	linguistic	_	ContainsVariation=No	_	_	_	_	_	_
395-4	PSB128	395	4	grazie	grazie	_	_	_	_	_	linguistic	_	ContainsVariation=No	_	End=539.739	_	_	_	_
396-0	PSB127	396	0	chi	chi	_	_	_	_	_	linguistic	_	ContainsVariation=No	_	Begin=540.4	_	_	_	_
396-1	PSB127	396	1	vuole	vuole	_	_	_	_	_	linguistic	_	ContainsVariation=No	_	_	_	_	_	_
396-2	PSB127	396	2	a~	a~	_	_	_	_	_	linguistic	_	ContainsVariation=No	Interrupted=Yes	_	_	_	_	_
396-3	PSB127	396	3	chi	chi	_	_	_	_	_	linguistic	_	ContainsVariation=No	_	_	_	_	_	_
396-4	PSB127	396	4	vuole	vuole	_	_	_	_	_	linguistic	_	ContainsVariation=No	_	_	_	_	_	_
396-5	PSB127	396	5	ancora	ancora	_	_	_	_	_	linguistic	_	ContainsVariation=No	_	_	_	_	_	_
396-6	PSB127	396	6	c'	c'	_	_	_	_	_	linguistic	_	ContainsVariation=No	SpaceAfter=No	_	_	_	_	_
396-7	PSB127	396	7	è	è	_	_	_	_	_	linguistic	_	ContainsVariation=No	_	_	_	_	_	_
396-8	PSB127	396	8	un	un	_	_	_	_	_	linguistic	_	ContainsVariation=No	_	_	_	_	_	_
396-9	PSB127	396	9	bicchiere	bicchiere	_	_	_	_	_	linguistic	_	ContainsVariation=No	_	End=542.671	_	_	_	_
397-0	PSB005	397	0	ques[ti	questi	_	_	_	_	_	linguistic	_	ContainsVariation=No	_	Begin=542.71	_	_	_	4-6(139)
397-1	PSB005	397	1	due	due	_	_	_	_	_	linguistic	_	ContainsVariation=No	_	_	_	_	_	0-3(139)
397-2	PSB005	397	2	non	non	_	_	_	_	_	linguistic	_	ContainsVariation=No	_	_	_	_	_	0-3(139)
397-3	PSB005	397	3	hanno	hanno	_	_	_	_	_	linguistic	_	ContainsVariation=No	_	_	_	_	_	0-5(139)
397-4	PSB005	397	4	bevuto]	bevuto	_	_	_	_	_	linguistic	_	ContainsVariation=No	_	End=544.299	_	_	_	0-6(139)
398-0	PSB130	398	0	[vabbè	vabbè	_	_	_	_	_	linguistic	_	ContainsVariation=No	PauseAfter=Yes	Begin=542.94	_	_	_	0-5(139)
398-1	PSB130	398	1	(.)	(.)	_	_	_	_	_	shortpause	_	ContainsVariation=No	_	_	_	_	_	X(139)
398-2	PSB130	398	2	xx]	xx	_	_	_	_	_	unknown	_	ContainsVariation=No	Syllables=2	End=544.124	_	_	_	0-2(139)
399-0	PSB036	399	0	[sì	sì	_	_	_	_	_	linguistic	_	ContainsVariation=No	_	Begin=544.42	_	_	_	0-2(140)
399-1	PSB036	399	1	sì]	sì	_	_	_	_	_	linguistic	_	ContainsVariation=No	_	End=544.982	_	_	_	0-2(140)
400-0	PSB130	400	0	[questo],	questo	_	_	_	_	_	linguistic	_	ContainsVariation=No	Intonation=WeaklyRising	Begin=544.52|End=545.094	_	_	_	0-6(140)
401-0	PSB127	401	0	no?	no	_	_	_	_	_	linguistic	_	ContainsVariation=No	Intonation=Rising	Begin=545.13|End=545.517	_	_	_	_
402-0	PSB130	402	0	beh	beh	_	_	_	_	_	linguistic	_	ContainsVariation=No	_	Begin=545.89	_	_	_	_
402-1	PSB130	402	1	casomai,	casomai	_	_	_	_	_	linguistic	_	ContainsVariation=No	Intonation=WeaklyRising	End=546.761	_	_	_	_
403-0	PSB005	403	0	eh	eh	_	_	_	_	_	linguistic	_	ContainsVariation=No	PauseAfter=Yes	Begin=546.98	_	_	_	_
403-1	PSB005	403	1	(.)	(.)	_	_	_	_	_	shortpause	_	ContainsVariation=No	_	_	_	_	_	_
403-2	PSB005	403	2	e	e	_	_	_	_	_	linguistic	_	ContainsVariation=No	_	_	_	_	_	_
403-3	PSB005	403	3	@letizia	@letizia	_	_	_	_	_	anonymized	_	ContainsVariation=No	Anonymized=Yes	_	_	_	_	_
403-4	PSB005	403	4	[forse	forse	_	_	_	_	_	linguistic	_	ContainsVariation=No	_	_	_	_	_	0-5(392)
403-5	PSB005	403	5	non	non	_	_	_	_	_	linguistic	_	ContainsVariation=No	_	_	_	_	_	0-3(392)
403-6	PSB005	403	6	ha	ha	_	_	_	_	_	linguistic	_	ContainsVariation=No	_	_	_	_	_	0-2(392)
403-7	PSB005	403	7	preso]	preso	_	_	_	_	_	linguistic	_	ContainsVariation=No	_	End=549.279	_	_	_	0-5(392)
404-0	PSB129	404	0	[grazie	grazie	_	_	_	_	_	linguistic	_	ContainsVariation=No	PauseAfter=Yes	Begin=548.12	_	_	_	0-6(392)
404-1	PSB129	404	1	(.)	(.)	_	_	_	_	_	shortpause	_	ContainsVariation=No	_	_	_	_	_	X(392)
404-2	PSB129	404	2	ma	ma	_	_	_	_	_	linguistic	_	ContainsVariation=No	_	_	_	_	_	0-2(392)
404-3	PSB129	404	3	tu	tu	_	_	_	_	_	linguistic	_	ContainsVariation=No	_	_	_	_	_	0-2(392)
404-4	PSB129	404	4	ce	ce	_	_	_	_	_	linguistic	_	ContainsVariation=No	_	_	_	_	_	0-2(392)
404-5	PSB129	404	5	l'	l'	_	_	_	_	_	linguistic	_	ContainsVariation=No	SpaceAfter=No	_	_	_	_	0-2(392)
404-6	PSB129	404	6	ha]i	hai	_	_	_	_	_	linguistic	_	ContainsVariation=No	_	_	_	_	_	0-2(392)
404-7	PSB129	404	7	il	il	_	_	_	_	_	linguistic	_	ContainsVariation=No	_	_	_	_	_	_
404-8	PSB129	404	8	bicchiere?	bicchiere	_	_	_	_	_	linguistic	_	ContainsVariation=No	Intonation=Rising	End=549.985	_	_	_	_
405-0	PSB127	405	0	[prendi	prendi	_	_	_	_	_	linguistic	_	ContainsVariation=No	_	Begin=548.664	_	_	_	0-6(392)
405-1	PSB127	405	1	prendi]	prendi	_	_	_	_	_	linguistic	_	ContainsVariation=No	_	End=549.325	_	_	_	0-6(392)
406-0	PSB129	406	0	mh	mh	_	_	_	_	_	linguistic	_	ContainsVariation=No	_	Begin=550.96	_	_	_	_
406-1	PSB129	406	1	[no	no	_	_	_	_	_	linguistic	_	ContainsVariation=No	_	_	_	_	_	0-2(141)
406-2	PSB129	406	2	ma]	ma	_	_	_	_	_	linguistic	_	ContainsVariation=No	PauseAfter=Yes	_	_	_	_	0-2(141)
406-3	PSB129	406	3	(.)	(.)	_	_	_	_	_	shortpause	_	ContainsVariation=No	_	_	_	_	_	_
406-4	PSB129	406	4	ma	ma	_	_	_	_	_	linguistic	_	ContainsVariation=No	_	_	_	_	_	_
406-5	PSB129	406	5	è	è	_	_	_	_	_	linguistic	_	ContainsVariation=No	_	_	_	_	_	_
406-6	PSB129	406	6	tantissimo	tantissimo	_	_	_	_	_	linguistic	_	ContainsVariation=No	_	_	_	_	_	_
406-7	PSB129	406	7	però	però	_	_	_	_	_	linguistic	_	ContainsVariation=No	_	End=553.16	_	_	_	_
407-0	PSB005	407	0	[bassa]	bassa	_	_	_	_	_	linguistic	_	ContainsVariation=No	_	Begin=551.33|End=551.887	_	_	_	0-5(141)
408-0	PSB005	408	0	eh	eh	_	_	_	_	_	linguistic	_	ContainsVariation=No	_	Begin=553.28	_	_	_	_
408-1	PSB005	408	1	vabbè	vabbè	_	_	_	_	_	linguistic	_	ContainsVariation=No	_	End=553.952	_	_	_	_
409-0	PSB129	409	0	aspetta	aspetta	_	_	_	_	_	linguistic	_	ContainsVariation=No	_	Begin=553.96	_	_	_	_
409-1	PSB129	409	1	me	me	_	_	_	_	_	linguistic	_	ContainsVariation=No	_	_	_	_	_	_
409-2	PSB129	409	2	ne	ne	_	_	_	_	_	linguistic	_	ContainsVariation=No	_	_	_	_	_	_
409-3	PSB129	409	3	verso	verso	_	_	_	_	_	linguistic	_	ContainsVariation=No	_	_	_	_	_	_
409-4	PSB129	409	4	un	un	_	_	_	_	_	linguistic	_	ContainsVariation=No	_	_	_	_	_	_
409-5	PSB129	409	5	po'	po'	_	_	_	_	_	linguistic	_	ContainsVariation=No	_	_	_	_	_	_
409-6	PSB129	409	6	ques[to	questo	_	_	_	_	_	linguistic	_	ContainsVariation=No	_	_	_	_	_	4-6(142)
409-7	PSB129	409	7	nel	nel	_	_	_	_	_	linguistic	_	ContainsVariation=No	_	_	_	_	_	0-3(142)
409-8	PSB129	409	8	mio]	mio	_	_	_	_	_	linguistic	_	ContainsVariation=No	_	End=555.712	_	_	_	0-3(142)
410-0	PSB130	410	0	[poi	poi	_	_	_	_	_	linguistic	_	ContainsVariation=No	_	Begin=555.19	_	_	_	0-3(142)
410-1	PSB130	410	1	no	no	_	_	_	_	_	linguistic	_	ContainsVariation=No	_	_	_	_	_	0-2(142)
410-2	PSB130	410	2	a	a	_	_	_	_	_	linguistic	_	ContainsVariation=No	_	_	_	_	_	0-1(142)
410-3	PSB130	410	3	me]	me	_	_	_	_	_	linguistic	_	ContainsVariation=No	_	_	_	_	_	0-2(142)
410-4	PSB130	410	4	piace	piace	_	_	_	_	_	linguistic	_	ContainsVariation=No	_	_	_	_	_	_
410-5	PSB130	410	5	proprio	proprio	_	_	_	_	_	linguistic	_	ContainsVariation=No	_	_	_	_	_	_
410-6	PSB130	410	6	provare	provare	_	_	_	_	_	linguistic	_	ContainsVariation=No	_	_	_	_	_	_
410-7	PSB130	410	7	cibi	cibi	_	_	_	_	_	linguistic	_	ContainsVariation=No	_	_	_	_	_	_
410-8	PSB130	410	8	di	di	_	_	_	_	_	linguistic	_	ContainsVariation=No	_	_	_	_	_	_
410-9	PSB130	410	9	altre	altre	_	_	_	_	_	linguistic	_	ContainsVariation=No	_	_	_	_	_	_
410-10	PSB130	410	10	cucine	cucine	_	_	_	_	_	linguistic	_	ContainsVariation=No	_	End=558.001	_	_	_	_
411-0	PSB129	411	0	[sì::]	sì	_	_	_	_	_	linguistic	_	ContainsVariation=No	_	Begin=558.06|End=558.632	1x2	_	_	0-2(143)
412-0	PSB005	412	0	[ma	ma	_	_	_	_	_	linguistic	_	ContainsVariation=No	_	Begin=558.16	_	_	_	0-2(143)
412-1	PSB005	412	1	ma	ma	_	_	_	_	_	linguistic	_	ContainsVariation=No	_	_	_	_	_	0-2(143)
412-2	PSB005	412	2	ques]ti	questi	_	_	_	_	_	linguistic	_	ContainsVariation=No	_	_	_	_	_	0-4(143)
412-3	PSB005	412	3	poi	poi	_	_	_	_	_	linguistic	_	ContainsVariation=No	_	_	_	_	_	_
412-4	PSB005	412	4	non	non	_	_	_	_	_	linguistic	_	ContainsVariation=No	_	_	_	_	_	_
412-5	PSB005	412	5	hanno	hanno	_	_	_	_	_	linguistic	_	ContainsVariation=No	_	_	_	_	_	_
412-6	PSB005	412	6	un	un	_	_	_	_	_	linguistic	_	ContainsVariation=No	_	_	_	_	_	_
412-7	PSB005	412	7	sapore	sapore	_	_	_	_	_	linguistic	_	ContainsVariation=No	_	_	_	_	_	_
412-8	PSB005	412	8	molto	molto	_	_	_	_	_	linguistic	_	ContainsVariation=No	_	_	_	_	_	_
412-9	PSB005	412	9	diverso	diverso	_	_	_	_	_	linguistic	_	ContainsVariation=No	_	_	_	_	_	_
412-10	PSB005	412	10	dai	dai	_	_	_	_	_	linguistic	_	ContainsVariation=No	_	_	_	_	_	_
412-11	PSB005	412	11	nostri	nostri	_	_	_	_	_	linguistic	_	ContainsVariation=No	_	End=561.287	_	_	_	_
413-0	PSB130	413	0	perché	perché	_	_	_	_	_	linguistic	_	ContainsVariation=No	_	Begin=561.3|End=561.667	_	_	_	_
414-0	PSB005	414	0	sapo[ri	sapori	_	_	_	_	_	linguistic	_	ContainsVariation=No	_	Begin=561.69	_	_	_	4-6(144)
414-1	PSB005	414	1	c(io)è]	cioè	_	_	_	_	_	linguistic	_	ContainsVariation=No	Reduced=Yes	_	_	_	_	0-4(144)
414-2	PSB005	414	2	no?	no	_	_	_	_	_	linguistic	_	ContainsVariation=No	Intonation=Rising	End=562.873	_	_	_	_
415-0	PSB129	415	0	[no]	no	_	_	_	_	_	linguistic	_	ContainsVariation=No	_	Begin=562.1|End=562.457	_	_	_	0-2(144)
416-0	PSB086	416	0	perché	perché	_	_	_	_	_	linguistic	_	ContainsVariation=No	_	Begin=563.17	_	_	_	_
416-1	PSB086	416	1	è	è	_	_	_	_	_	linguistic	_	ContainsVariation=No	_	_	_	_	_	_
416-2	PSB086	416	2	la	la	_	_	_	_	_	linguistic	_	ContainsVariation=No	_	_	_	_	_	_
416-3	PSB086	416	3	panna	panna	_	_	_	_	_	linguistic	_	ContainsVariation=No	_	_	_	_	_	_
416-4	PSB086	416	4	vostra	vostra	_	_	_	_	_	linguistic	_	ContainsVariation=No	_	End=564.44	_	_	_	_
417-0	PSB005	417	0	mh	mh	_	_	_	_	_	linguistic	_	ContainsVariation=No	_	Begin=564.44	_	_	_	_
417-1	PSB005	417	1	((ride))	((ride))	_	_	_	_	_	nonverbalbehavior	_	ContainsVariation=No	_	_	_	_	_	_
417-2	PSB005	417	2	è	è	_	_	_	_	_	linguistic	_	ContainsVariation=No	_	_	_	_	_	_
417-3	PSB005	417	3	[ve:ro]	vero	_	_	_	_	_	linguistic	_	ContainsVariation=No	_	End=567.031	1x1	_	_	0-4(145)
418-0	PSB129	418	0	((ride))	((ride))	_	_	_	_	_	nonverbalbehavior	_	ContainsVariation=No	_	Begin=564.747|End=565.88	_	_	_	_
419-0	PSB127	419	0	[anche	anche	_	_	_	_	_	linguistic	_	ContainsVariation=No	_	Begin=566.14	_	_	_	0-5(146)
419-1	PSB127	419	1	la	la	_	_	_	_	_	linguistic	_	ContainsVariation=No	_	_	_	_	_	0-2(146)
419-2	PSB127	419	2	pance]tta	pancetta	_	_	_	_	_	linguistic	_	ContainsVariation=No	_	_	_	_	_	0-5(146)
419-3	PSB127	419	3	anche	anche	_	_	_	_	_	linguistic	_	ContainsVariation=No	_	_	_	_	_	_
419-4	PSB127	419	4	la:	la	_	_	_	_	_	linguistic	_	ContainsVariation=No	_	_	1x1	_	_	_
419-5	PSB127	419	5	[la	la	_	_	_	_	_	linguistic	_	ContainsVariation=No	_	_	_	_	_	0-2(147)
419-6	PSB127	419	6	farina]	farina	_	_	_	_	_	linguistic	_	ContainsVariation=No	_	End=568.633	_	_	_	0-6(147)
420-0	PSB005	420	0	[è	è	_	_	_	_	_	linguistic	_	ContainsVariation=No	_	Begin=567.65	_	_	_	0-1(147)
420-1	PSB005	420	1	ve:ro]	vero	_	_	_	_	_	linguistic	_	ContainsVariation=No	_	_	1x1	_	_	0-4(147)
420-2	PSB005	420	2	gius[to	giusto	_	_	_	_	_	linguistic	_	ContainsVariation=No	_	_	_	_	_	4-6(148)
420-3	PSB005	420	3	sì]	sì	_	_	_	_	_	linguistic	_	ContainsVariation=No	_	End=569.637	_	_	_	0-2(148)
421-0	PSB129	421	0	[è	è	_	_	_	_	_	linguistic	_	ContainsVariation=No	_	Begin=569.04	_	_	_	0-1(148)
421-1	PSB129	421	1	vero]	vero	_	_	_	_	_	linguistic	_	ContainsVariation=No	_	End=569.695	_	_	_	0-4(148)
422-0	PSB130	422	0	ma	ma	_	_	_	_	_	linguistic	_	ContainsVariation=No	_	Begin=569.78	_	_	_	_
422-1	PSB130	422	1	io	io	_	_	_	_	_	linguistic	_	ContainsVariation=No	_	_	_	_	_	_
422-2	PSB130	422	2	sai	sai	_	_	_	_	_	linguistic	_	ContainsVariation=No	_	_	_	_	_	_
422-3	PSB130	422	3	sarei	sarei	_	_	_	_	_	linguistic	_	ContainsVariation=No	_	_	_	_	_	_
422-4	PSB130	422	4	curiosa	curiosa	_	_	_	_	_	linguistic	_	ContainsVariation=No	_	_	_	_	_	_
422-5	PSB130	422	5	di	di	_	_	_	_	_	linguistic	_	ContainsVariation=No	_	_	_	_	_	_
422-6	PSB130	422	6	vederli	vederli	_	_	_	_	_	linguistic	_	ContainsVariation=No	_	_	_	_	_	_
422-7	PSB130	422	7	dolci	dolci	_	_	_	_	_	linguistic	_	ContainsVariation=No	_	End=571.577	_	_	_	_
423-0	PSB129	423	0	m[:h]	mh	_	_	_	_	_	linguistic	_	ContainsVariation=No	_	Begin=571.96|End=572.353	0x1	_	_	1-2(149)
424-0	PSB005	424	0	[anch'	anch'	_	_	_	_	_	linguistic	_	ContainsVariation=No	SpaceAfter=No	Begin=572.15	_	_	_	0-5(149)
424-1	PSB005	424	1	io]	io	_	_	_	_	_	linguistic	_	ContainsVariation=No	_	_	_	_	_	0-2(149)
424-2	PSB005	424	2	[sì]	sì	_	_	_	_	_	linguistic	_	ContainsVariation=No	_	End=573.115	_	_	_	0-2(150)
425-0	PSB036	425	0	[mhmh]	mhmh	_	_	_	_	_	linguistic	_	ContainsVariation=No	_	Begin=572.66|End=573.331	_	_	_	0-4(150)
426-0	PSB005	426	0	[i	i	_	_	_	_	_	linguistic	_	ContainsVariation=No	_	Begin=573.57	_	_	_	0-1(151)
426-1	PSB005	426	1	dolci]	dolci	_	_	_	_	_	linguistic	_	ContainsVariation=No	PauseAfter=Yes	_	_	_	_	0-5(151)
426-2	PSB005	426	2	(.)	(.)	_	_	_	_	_	shortpause	_	ContainsVariation=No	_	_	_	_	_	_
426-3	PSB005	426	3	sì	sì	_	_	_	_	_	linguistic	_	ContainsVariation=No	_	End=574.516	_	_	_	_
427-0	PSB130	427	0	[i	i	_	_	_	_	_	linguistic	_	ContainsVariation=No	_	Begin=573.61	_	_	_	0-1(151)
427-1	PSB130	427	1	dolci]	dolci	_	_	_	_	_	linguistic	_	ContainsVariation=No	_	End=574.166	_	_	_	0-5(151)
428-0	PSB130	428	0	[fatti	fatti	_	_	_	_	_	linguistic	_	ContainsVariation=No	_	Begin=574.49	_	_	_	0-5(153)
428-1	PSB130	428	1	dolci]	dolci	_	_	_	_	_	linguistic	_	ContainsVariation=No	_	End=575.156	_	_	_	0-5(153)
429-0	PSB091	429	0	[vabbè	vabbè	_	_	_	_	_	linguistic	_	ContainsVariation=No	_	Begin=574.68	_	_	_	0-5(153)
429-1	PSB091	429	1	ma]gari	magari	_	_	_	_	_	linguistic	_	ContainsVariation=No	_	_	_	_	_	0-2(153)
429-2	PSB091	429	2	facciamo	facciamo	_	_	_	_	_	linguistic	_	ContainsVariation=No	_	_	_	_	_	_
429-3	PSB091	429	3	dolci	dolci	_	_	_	_	_	linguistic	_	ContainsVariation=No	_	_	_	_	_	_
429-4	PSB091	429	4	prossima	prossima	_	_	_	_	_	linguistic	_	ContainsVariation=No	_	_	_	_	_	_
429-5	PSB091	429	5	[volta]	volta	_	_	_	_	_	linguistic	_	ContainsVariation=No	_	End=576.775	_	_	_	0-5(393)
430-0	PSB005	430	0	[sì	sì	_	_	_	_	_	linguistic	_	ContainsVariation=No	_	Begin=576.47	_	_	_	0-2(393)
430-1	PSB005	430	1	sì]	sì	_	_	_	_	_	linguistic	_	ContainsVariation=No	_	End=577.238	_	_	_	0-2(393)
431-0	PSB086	431	0	[ma	ma	_	_	_	_	_	linguistic	_	ContainsVariation=No	_	Begin=576.5	_	_	_	0-2(393)
431-1	PSB086	431	1	con	con	_	_	_	_	_	linguistic	_	ContainsVariation=No	_	_	_	_	_	0-3(393)
431-2	PSB086	431	2	le	le	_	_	_	_	_	linguistic	_	ContainsVariation=No	_	_	_	_	_	0-2(393)
431-3	PSB086	431	3	patate	patate	_	_	_	_	_	linguistic	_	ContainsVariation=No	_	_	_	_	_	0-6(393)
431-4	PSB086	431	4	no	no	_	_	_	_	_	linguistic	_	ContainsVariation=No	_	_	_	_	_	0-2(393)
431-5	PSB086	431	5	con	con	_	_	_	_	_	linguistic	_	ContainsVariation=No	_	_	_	_	_	0-3(393)
431-6	PSB086	431	6	con	con	_	_	_	_	_	linguistic	_	ContainsVariation=No	_	_	_	_	_	0-3(393)
431-7	PSB086	431	7	ricotta	ricotta	_	_	_	_	_	linguistic	_	ContainsVariation=No	_	_	_	_	_	0-7(393)
431-8	PSB086	431	8	sì]	sì	_	_	_	_	_	linguistic	_	ContainsVariation=No	_	End=579.373	_	_	_	0-2(393)
432-0	PSB091	432	0	[però	però	_	_	_	_	_	linguistic	_	ContainsVariation=No	_	Begin=577.2	_	_	_	0-4(394)
432-1	PSB091	432	1	bisogna	bisogna	_	_	_	_	_	linguistic	_	ContainsVariation=No	_	_	_	_	_	0-7(394)
432-2	PSB091	432	2	avere	avere	_	_	_	_	_	linguistic	_	ContainsVariation=No	_	_	_	_	_	0-5(394)
432-3	PSB091	432	3	forno]	forno	_	_	_	_	_	linguistic	_	ContainsVariation=No	_	End=578.374	_	_	_	0-5(394)
433-0	PSB130	433	0	[NO	no	_	_	_	_	_	linguistic	_	ContainsVariation=No	PauseAfter=Yes|Volume=high	Begin=578.36	_	_	_	0-2(395)
433-1	PSB130	433	1	(.)	(.)	_	_	_	_	_	shortpause	_	ContainsVariation=No	_	_	_	_	_	X(395)
433-2	PSB130	433	2	con:]	con	_	_	_	_	_	linguistic	_	ContainsVariation=No	_	End=579.535	2x1	_	_	0-3(395)
434-0	PSB086	434	0	con	con	_	_	_	_	_	linguistic	_	ContainsVariation=No	_	Begin=579.74	_	_	_	_
434-1	PSB086	434	1	ric[otta]	ricotta	_	_	_	_	_	linguistic	_	ContainsVariation=No	_	End=580.403	_	_	_	3-7(396)
435-0	PSB129	435	0	[non	non	_	_	_	_	_	linguistic	_	ContainsVariation=No	_	Begin=580.04	_	_	_	0-3(396)
435-1	PSB129	435	1	con	con	_	_	_	_	_	linguistic	_	ContainsVariation=No	_	_	_	_	_	0-3(396)
435-2	PSB129	435	2	le	le	_	_	_	_	_	linguistic	_	ContainsVariation=No	_	_	_	_	_	0-2(396)
435-3	PSB129	435	3	patate	patate	_	_	_	_	_	linguistic	_	ContainsVariation=No	_	_	_	_	_	0-6(396)
435-4	PSB129	435	4	con]	con	_	_	_	_	_	linguistic	_	ContainsVariation=No	_	End=581.408	_	_	_	0-3(396)
436-0	PSB005	436	0	[ah	ah	_	_	_	_	_	linguistic	_	ContainsVariation=No	_	Begin=580.25	_	_	_	0-2(396)
436-1	PSB005	436	1	bisogna	bisogna	_	_	_	_	_	linguistic	_	ContainsVariation=No	_	_	_	_	_	0-7(396)
436-2	PSB005	436	2	farli	farli	_	_	_	_	_	linguistic	_	ContainsVariation=No	_	_	_	_	_	0-5(396)
436-3	PSB005	436	3	al	al	_	_	_	_	_	linguistic	_	ContainsVariation=No	_	_	_	_	_	0-2(396)
436-4	PSB005	436	4	f]orno	forno	_	_	_	_	_	linguistic	_	ContainsVariation=No	_	_	_	_	_	0-1(396)
436-5	PSB005	436	5	sì	sì	_	_	_	_	_	linguistic	_	ContainsVariation=No	_	End=582.029	_	_	_	_
437-0	PSB086	437	0	[che	che	_	_	_	_	_	linguistic	_	ContainsVariation=No	_	Begin=582.16	_	_	_	0-3(154)
437-1	PSB086	437	1	c'	c'	_	_	_	_	_	linguistic	_	ContainsVariation=No	SpaceAfter=No	_	_	_	_	0-2(154)
437-2	PSB086	437	2	è	è	_	_	_	_	_	linguistic	_	ContainsVariation=No	_	_	_	_	_	0-1(154)
437-3	PSB086	437	3	dentro	dentro	_	_	_	_	_	linguistic	_	ContainsVariation=No	_	_	_	_	_	0-6(154)
437-4	PSB086	437	4	ricotta	ricotta	_	_	_	_	_	linguistic	_	ContainsVariation=No	_	_	_	_	_	0-7(154)
437-5	PSB086	437	5	con	con	_	_	_	_	_	linguistic	_	ContainsVariation=No	_	_	_	_	_	0-3(154)
437-6	PSB086	437	6	l'	l'	_	_	_	_	_	linguistic	_	ContainsVariation=No	SpaceAfter=No	_	_	_	_	0-2(154)
437-7	PSB086	437	7	uvetta]	uvetta	_	_	_	_	_	linguistic	_	ContainsVariation=No	_	End=584.139	_	_	_	0-5(154)
438-0	PSB091	438	0	[facciamo	facciamo	_	_	_	_	_	linguistic	_	ContainsVariation=No	_	Begin=582.29	_	_	_	0-8(?)
438-1	PSB091	438	1	crêpes	crêpes	_	_	_	_	_	linguistic	_	ContainsVariation=No	_	_	_	_	_	0-6(?)
438-2	PSB091	438	2	che	che	_	_	_	_	_	linguistic	_	ContainsVariation=No	_	_	_	_	_	0-3(?)
438-3	PSB091	438	3	si	si	_	_	_	_	_	linguistic	_	ContainsVariation=No	_	_	_	_	_	0-2(?)
438-4	PSB091	438	4	fa	fa	_	_	_	_	_	linguistic	_	ContainsVariation=No	_	_	_	_	_	0-2(?)
438-5	PSB091	438	5	sul	sul	_	_	_	_	_	linguistic	_	ContainsVariation=No	_	_	_	_	_	0-3(?)
438-6	PSB091	438	6	fuoco]	fuoco	_	_	_	_	_	linguistic	_	ContainsVariation=No	_	End=584.481	_	_	_	0-5(?)
439-0	PSB127	439	0	[sì]	sì	_	_	_	_	_	linguistic	_	ContainsVariation=No	_	Begin=584.16|End=584.469	_	_	_	0-2(155)
440-0	PSB129	440	0	sì:	sì	_	_	_	_	_	linguistic	_	ContainsVariation=No	_	Begin=584.49|End=584.96	1x1	_	_	_
441-0	PSB091	441	0	che	che	_	_	_	_	_	linguistic	_	ContainsVariation=No	_	Begin=585.87	_	_	_	_
441-1	PSB091	441	1	noi	noi	_	_	_	_	_	linguistic	_	ContainsVariation=No	_	_	_	_	_	_
441-2	PSB091	441	2	[dentro	dentro	_	_	_	_	_	linguistic	_	ContainsVariation=No	_	_	_	_	_	0-6(156)
441-3	PSB091	441	3	mettiamo]	mettiamo	_	_	_	_	_	linguistic	_	ContainsVariation=No	_	End=587.138	_	_	_	0-8(156)
442-0	PSB129	442	0	[come	come	_	_	_	_	_	linguistic	_	ContainsVariation=No	_	Begin=586.14	_	_	_	0-4(156)
442-1	PSB129	442	1	come	come	_	_	_	_	_	linguistic	_	ContainsVariation=No	_	_	_	_	_	0-4(156)
442-2	PSB129	442	2	le	le	_	_	_	_	_	linguistic	_	ContainsVariation=No	_	_	_	_	_	0-2(156)
442-3	PSB129	442	3	chiama]te	chiamate	_	_	_	_	_	linguistic	_	ContainsVariation=No	_	_	_	_	_	0-6(156)
442-4	PSB129	442	4	voi	voi	_	_	_	_	_	linguistic	_	ContainsVariation=No	_	_	_	_	_	_
442-5	PSB129	442	5	le	le	_	_	_	_	_	linguistic	_	ContainsVariation=No	_	_	_	_	_	_
442-6	PSB129	442	6	crêpes?	crêpes	_	_	_	_	_	linguistic	_	ContainsVariation=No	Intonation=Rising	End=588.027	_	_	_	_
443-0	PSB091	443	0	allora	allora	_	_	_	_	_	linguistic	_	ContainsVariation=No	_	Begin=588.44	_	_	_	_
443-1	PSB091	443	1	s~	s~	_	_	_	_	_	linguistic	_	ContainsVariation=No	Interrupted=Yes	_	_	_	_	_
443-2	PSB091	443	2	anche	anche	_	_	_	_	_	linguistic	_	ContainsVariation=No	_	_	_	_	_	_
443-3	PSB091	443	3	lì	lì	_	_	_	_	_	linguistic	_	ContainsVariation=No	_	End=589.506	_	_	_	_
444-0	PSB091	444	0	chi	chi	_	_	_	_	_	linguistic	_	ContainsVariation=No	_	Begin=589.63	_	_	_	_
444-1	PSB091	444	1	chiama	chiama	_	_	_	_	_	linguistic	_	ContainsVariation=No	_	End=590.297	_	_	_	_
445-0	PSB091	445	0	#nalystnyky	nalystnyky	_	_	_	_	_	linguistic	_	ContainsVariation=Yes|Code=Other|Language=NO_ISO_CODE	_	Begin=590.58	_	_	_	_
445-1	PSB091	445	1	#mlynci	mlynci	_	_	_	_	_	linguistic	_	ContainsVariation=Yes|Code=Other|Language=NO_ISO_CODE	_	_	_	_	_	_
445-2	PSB091	445	2	chi	chi	_	_	_	_	_	linguistic	_	ContainsVariation=Yes	_	_	_	_	_	_
445-3	PSB091	445	3	chiama	chiama	_	_	_	_	_	linguistic	_	ContainsVariation=Yes	_	_	_	_	_	_
445-4	PSB091	445	4	#nalystnyky	nalystnyky	_	_	_	_	_	linguistic	_	ContainsVariation=Yes|Code=Other|Language=NO_ISO_CODE	_	_	_	_	_	_
445-5	PSB091	445	5	#mlynci	mlynci	_	_	_	_	_	linguistic	_	ContainsVariation=Yes|Code=Other|Language=NO_ISO_CODE	_	_	_	_	_	_
445-6	PSB091	445	6	chi	chi	_	_	_	_	_	linguistic	_	ContainsVariation=Yes	_	_	_	_	_	_
445-7	PSB091	445	7	chiama:	chiama	_	_	_	_	_	linguistic	_	ContainsVariation=Yes	_	End=592.977	5x1	_	_	_
446-0	PSB091	446	0	com'	com'	_	_	_	_	_	linguistic	_	ContainsVariation=Yes	SpaceAfter=No	Begin=593.59	_	_	_	_
446-1	PSB091	446	1	è	è	_	_	_	_	_	linguistic	_	ContainsVariation=Yes	_	_	_	_	_	_
446-2	PSB091	446	2	altro	altro	_	_	_	_	_	linguistic	_	ContainsVariation=Yes	_	_	_	_	_	_
446-3	PSB091	446	3	modo#nalystnyky	modo#nalystnyky	_	_	_	_	_	error	_	ContainsVariation=Yes	_	_	_	_	_	_
446-4	PSB091	446	4	#mlynci	mlynci	_	_	_	_	_	linguistic	_	ContainsVariation=Yes|Code=Other|Language=NO_ISO_CODE	_	End=595.571	_	_	_	_
447-0	PSB128	447	0	#_ blinčiki	blinčiki	_	_	_	_	_	linguistic	_	ContainsVariation=Yes|Code=Other|Language=NO_ISO_CODE	_	Begin=597.44|End=598.106	_	_	_	_
448-0	PSB091	448	0	#_ [blinčiki]	blinčiki	_	_	_	_	_	linguistic	_	ContainsVariation=Yes|Code=Other|Language=NO_ISO_CODE	_	Begin=598.26|End=599.025	_	_	_	0-8(397)
449-0	PSB005	449	0	[io	io	_	_	_	_	_	linguistic	_	ContainsVariation=No	_	Begin=598.42	_	_	_	0-2(397)
449-1	PSB005	449	1	questo	questo	_	_	_	_	_	linguistic	_	ContainsVariation=No	_	_	_	_	_	0-6(397)
449-2	PSB005	449	2	ho	ho	_	_	_	_	_	linguistic	_	ContainsVariation=No	_	_	_	_	_	0-2(397)
449-3	PSB005	449	3	sentito	sentito	_	_	_	_	_	linguistic	_	ContainsVariation=No	_	_	_	_	_	0-7(397)
449-4	PSB005	449	4	sì]	sì	_	_	_	_	_	linguistic	_	ContainsVariation=No	_	End=600.197	_	_	_	0-2(397)
450-0	PSB129	450	0	#_ blinchiki	blinchiki	_	_	_	_	_	linguistic	_	ContainsVariation=Yes|Code=Other|Language=NO_ISO_CODE	_	Begin=598.97	_	_	_	_
450-1	PSB129	450	1	[eh	eh	_	_	_	_	_	linguistic	_	ContainsVariation=Yes|Code=Other|Language=NO_ISO_CODE	_	_	_	_	_	0-2(397)
450-2	PSB129	450	2	anche	anche	_	_	_	_	_	linguistic	_	ContainsVariation=Yes|Code=Other|Language=NO_ISO_CODE	_	_	_	_	_	0-5(397)
450-3	PSB129	450	3	io	io	_	_	_	_	_	linguistic	_	ContainsVariation=Yes|Code=Other|Language=NO_ISO_CODE	_	_	_	_	_	0-2(397)
450-4	PSB129	450	4	avevo	avevo	_	_	_	_	_	linguistic	_	ContainsVariation=Yes|Code=Other|Language=NO_ISO_CODE	_	_	_	_	_	0-5(397)
450-5	PSB129	450	5	sentito]	sentito	_	_	_	_	_	linguistic	_	ContainsVariation=Yes|Code=Other|Language=NO_ISO_CODE	_	End=600.867	_	_	_	0-7(397)
451-0	PSB127	451	0	#_ [blinčik	blinčik	_	_	_	_	_	linguistic	_	ContainsVariation=Yes|Code=Other|Language=NO_ISO_CODE	_	Begin=600.18	_	_	_	0-7(398)
451-1	PSB127	451	1	blin]	blin	_	_	_	_	_	linguistic	_	ContainsVariation=Yes|Code=Other|Language=NO_ISO_CODE	_	End=600.84	_	_	_	0-4(398)
452-0	PSB005	452	0	sì	sì	_	_	_	_	_	linguistic	_	ContainsVariation=No	PauseAfter=Yes	Begin=601.03	_	_	_	_
452-1	PSB005	452	1	(.)	(.)	_	_	_	_	_	shortpause	_	ContainsVariation=No	_	_	_	_	_	_
452-2	PSB005	452	2	l'	l'	_	_	_	_	_	linguistic	_	ContainsVariation=No	SpaceAfter=No	_	_	_	_	_
452-3	PSB005	452	3	ho	ho	_	_	_	_	_	linguistic	_	ContainsVariation=No	_	_	_	_	_	_
452-4	PSB005	452	4	sentito	sentito	_	_	_	_	_	linguistic	_	ContainsVariation=No	PauseAfter=Yes	_	_	_	_	_
452-5	PSB005	452	5	(.)	(.)	_	_	_	_	_	shortpause	_	ContainsVariation=No	_	_	_	_	_	_
452-6	PSB005	452	6	dalla:	dalla	_	_	_	_	_	linguistic	_	ContainsVariation=No	PauseAfter=Yes	_	4x1	_	_	_
452-7	PSB005	452	7	(.)	(.)	_	_	_	_	_	shortpause	_	ContainsVariation=No	_	_	_	_	_	_
452-8	PSB005	452	8	sign[ora	signora	_	_	_	_	_	linguistic	_	ContainsVariation=No	_	_	_	_	_	3-7(157)
452-9	PSB005	452	9	che	che	_	_	_	_	_	linguistic	_	ContainsVariation=No	_	_	_	_	_	0-3(157)
452-10	PSB005	452	10	lavora]	lavora	_	_	_	_	_	linguistic	_	ContainsVariation=No	_	_	_	_	_	0-6(157)
452-11	PSB005	452	11	dai	dai	_	_	_	_	_	linguistic	_	ContainsVariation=No	_	_	_	_	_	_
452-12	PSB005	452	12	miei	miei	_	_	_	_	_	linguistic	_	ContainsVariation=No	_	_	_	_	_	_
452-13	PSB005	452	13	genitori	genitori	_	_	_	_	_	linguistic	_	ContainsVariation=No	_	End=604.693	_	_	_	_
453-0	PSB129	453	0	[xxx]	xxx	_	_	_	_	_	unknown	_	ContainsVariation=No	Syllables=3	Begin=603.04|End=603.818	_	_	_	0-3(157)
454-0	PSB129	454	0	eh	eh	_	_	_	_	_	linguistic	_	ContainsVariation=No	_	Begin=604.74	_	_	_	_
454-1	PSB129	454	1	a	a	_	_	_	_	_	linguistic	_	ContainsVariation=No	_	_	_	_	_	_
454-2	PSB129	454	2	quel[lo	quello	_	_	_	_	_	linguistic	_	ContainsVariation=No	_	_	_	_	_	4-6(158)
454-3	PSB129	454	3	però	però	_	_	_	_	_	linguistic	_	ContainsVariation=No	_	_	_	_	_	0-4(158)
454-4	PSB129	454	4	e:h]	eh	_	_	_	_	_	linguistic	_	ContainsVariation=No	_	End=606.311	0x1	_	_	0-2(158)
455-0	PSB005	455	0	[dice:	dice	_	_	_	_	_	linguistic	_	ContainsVariation=No	_	Begin=605.26	3x1	_	_	0-4(158)
455-1	PSB005	455	1	così]	così	_	_	_	_	_	linguistic	_	ContainsVariation=No	_	End=606.231	_	_	_	0-4(158)
456-0	PSB129	456	0	io	io	_	_	_	_	_	linguistic	_	ContainsVariation=No	_	Begin=606.42	_	_	_	_
456-1	PSB129	456	1	l'	l'	_	_	_	_	_	linguistic	_	ContainsVariation=No	SpaceAfter=No	_	_	_	_	_
456-2	PSB129	456	2	avevo	avevo	_	_	_	_	_	linguistic	_	ContainsVariation=No	_	_	_	_	_	_
456-3	PSB129	456	3	sentito	sentito	_	_	_	_	_	linguistic	_	ContainsVariation=No	_	_	_	_	_	_
456-4	PSB129	456	4	però	però	_	_	_	_	_	linguistic	_	ContainsVariation=No	_	_	_	_	_	_
456-5	PSB129	456	5	più	più	_	_	_	_	_	linguistic	_	ContainsVariation=No	_	_	_	_	_	_
456-6	PSB129	456	6	da	da	_	_	_	_	_	linguistic	_	ContainsVariation=No	_	End=608.203	_	_	_	_
457-0	PSB129	457	0	o	o	_	_	_	_	_	linguistic	_	ContainsVariation=No	_	Begin=608.61	_	_	_	_
457-1	PSB129	457	1	persone	persone	_	_	_	_	_	linguistic	_	ContainsVariation=No	_	_	_	_	_	_
457-2	PSB129	457	2	russ[e	russe	_	_	_	_	_	linguistic	_	ContainsVariation=No	_	_	_	_	_	4-5(?)
457-3	PSB129	457	3	o	o	_	_	_	_	_	linguistic	_	ContainsVariation=No	_	_	_	_	_	0-1(?)
457-4	PSB129	457	4	chiunque	chiunque	_	_	_	_	_	linguistic	_	ContainsVariation=No	_	_	_	_	_	0-8(?)
457-5	PSB129	457	5	eh]	eh	_	_	_	_	_	linguistic	_	ContainsVariation=No	_	End=611.007	_	_	_	0-2(?)
458-0	PSB086	458	0	[russe]	russe	_	_	_	_	_	linguistic	_	ContainsVariation=No	_	Begin=609.56|End=610.222	_	_	_	0-5(159)
459-0	PSB127	459	0	[sì	sì	_	_	_	_	_	linguistic	_	ContainsVariation=No	_	Begin=610.27	_	_	_	0-2(160)
459-1	PSB127	459	1	sì]	sì	_	_	_	_	_	linguistic	_	ContainsVariation=No	_	End=610.931	_	_	_	0-2(160)
460-0	PSB086	460	0	in	in	_	_	_	_	_	linguistic	_	ContainsVariation=Yes	_	Begin=611.11	_	_	_	_
460-1	PSB086	460	1	russo	russo	_	_	_	_	_	linguistic	_	ContainsVariation=Yes	_	_	_	_	_	_
460-2	PSB086	460	2	#blin	blin	_	_	_	_	_	linguistic	_	ContainsVariation=Yes|Code=Other|Language=NO_ISO_CODE	_	End=612.177	_	_	_	_
461-0	PSB129	461	0	[eh	eh	_	_	_	_	_	linguistic	_	ContainsVariation=Yes	_	Begin=612.43	_	_	_	0-2(161)
461-1	PSB129	461	1	#blin]	blin	_	_	_	_	_	linguistic	_	ContainsVariation=Yes|Code=Other|Language=NO_ISO_CODE	_	End=613.307	_	_	_	0-5(161)
462-0	PSB086	462	0	#_ [blinchik	blinchik	_	_	_	_	_	linguistic	_	ContainsVariation=Yes|Code=Other|Language=NO_ISO_CODE	_	Begin=612.55	_	_	_	0-8(161)
462-1	PSB086	462	1	blin]	blin	_	_	_	_	_	linguistic	_	ContainsVariation=Yes|Code=Other|Language=NO_ISO_CODE	_	End=613.719	_	_	_	0-4(161)
463-0	PSB127	463	0	mhmh	mhmh	_	_	_	_	_	linguistic	_	ContainsVariation=No	_	Begin=613.86|End=614.328	_	_	_	_
464-0	PSB129	464	0	e	e	_	_	_	_	_	linguistic	_	ContainsVariation=No	_	Begin=615.01	_	_	_	_
464-1	PSB129	464	1	quindi	quindi	_	_	_	_	_	linguistic	_	ContainsVariation=No	_	_	_	_	_	_
464-2	PSB129	464	2	ero	ero	_	_	_	_	_	linguistic	_	ContainsVariation=No	_	_	_	_	_	_
464-3	PSB129	464	3	curiosa	curiosa	_	_	_	_	_	linguistic	_	ContainsVariation=No	_	_	_	_	_	_
464-4	PSB129	464	4	di	di	_	_	_	_	_	linguistic	_	ContainsVariation=No	_	_	_	_	_	_
464-5	PSB129	464	5	sapere	sapere	_	_	_	_	_	linguistic	_	ContainsVariation=No	_	_	_	_	_	_
464-6	PSB129	464	6	[se	se	_	_	_	_	_	linguistic	_	ContainsVariation=No	_	_	_	_	_	0-2(162)
464-7	PSB129	464	7	anche	anche	_	_	_	_	_	linguistic	_	ContainsVariation=No	_	_	_	_	_	0-5(162)
464-8	PSB129	464	8	in	in	_	_	_	_	_	linguistic	_	ContainsVariation=No	_	_	_	_	_	0-2(162)
464-9	PSB129	464	9	ucraino	ucraino	_	_	_	_	_	linguistic	_	ContainsVariation=No	_	_	_	_	_	0-7(162)
464-10	PSB129	464	10	era	era	_	_	_	_	_	linguistic	_	ContainsVariation=No	_	_	_	_	_	0-3(162)
464-11	PSB129	464	11	sì]	sì	_	_	_	_	_	linguistic	_	ContainsVariation=No	_	End=618.221	_	_	_	0-2(162)
465-0	PSB086	465	0	[in	in	_	_	_	_	_	linguistic	_	ContainsVariation=Yes	PauseAfter=Yes	Begin=616.11	_	_	_	0-2(162)
465-1	PSB086	465	1	(.)	(.)	_	_	_	_	_	shortpause	_	ContainsVariation=Yes	_	_	_	_	_	X(162)
465-2	PSB086	465	2	ucraino	ucraino	_	_	_	_	_	linguistic	_	ContainsVariation=Yes	_	_	_	_	_	0-7(162)
465-3	PSB086	465	3	#nalystnyk]	nalystnyk	_	_	_	_	_	linguistic	_	ContainsVariation=Yes|Code=Other|Language=NO_ISO_CODE	_	End=618.212	_	_	_	0-10(162)
466-0	PSB086	466	0	#nalystnyk	nalystnyk	_	_	_	_	_	linguistic	_	ContainsVariation=Yes|Code=Other|Language=NO_ISO_CODE	_	Begin=618.47	_	_	_	_
466-1	PSB086	466	1	[e:h	eh	_	_	_	_	_	linguistic	_	ContainsVariation=Yes	_	_	0x1	_	_	0-2(?)
466-2	PSB086	466	2	cre~	cre~	_	_	_	_	_	linguistic	_	ContainsVariation=Yes	Interrupted=Yes	_	_	_	_	0-4(?)
466-3	PSB086	466	3	crêpes	crêpes	_	_	_	_	_	linguistic	_	ContainsVariation=Yes	_	_	_	_	_	0-6(?)
466-4	PSB086	466	4	in	in	_	_	_	_	_	linguistic	_	ContainsVariation=Yes	_	_	_	_	_	0-2(?)
466-5	PSB086	466	5	italiano]	italiano	_	_	_	_	_	linguistic	_	ContainsVariation=Yes	_	End=621.36	_	_	_	0-8(?)
467-0	PSB091	467	0	#_ [nalystnyk]	nalystnyk	_	_	_	_	_	linguistic	_	ContainsVariation=Yes|Code=Other|Language=NO_ISO_CODE	_	Begin=618.97|End=620.54	_	_	_	0-9(163)
468-0	PSB129	468	0	[sì	sì	_	_	_	_	_	linguistic	_	ContainsVariation=No	_	Begin=620.77	_	_	_	0-2(?)
468-1	PSB129	468	1	sì	sì	_	_	_	_	_	linguistic	_	ContainsVariation=No	_	_	_	_	_	0-2(?)
468-2	PSB129	468	2	sì	sì	_	_	_	_	_	linguistic	_	ContainsVariation=No	_	_	_	_	_	0-2(?)
468-3	PSB129	468	3	sì]	sì	_	_	_	_	_	linguistic	_	ContainsVariation=No	_	End=621.838	_	_	_	0-2(?)
469-0	PSB005	469	0	[mhmh]	mhmh	_	_	_	_	_	linguistic	_	ContainsVariation=No	_	Begin=621.36|End=621.827	_	_	_	0-4(165)
470-0	PSB129	470	0	o	o	_	_	_	_	_	linguistic	_	ContainsVariation=No	_	Begin=623.19	_	_	_	_
470-1	PSB129	470	1	in	in	_	_	_	_	_	linguistic	_	ContainsVariation=No	_	_	_	_	_	_
470-2	PSB129	470	2	realtà	realtà	_	_	_	_	_	linguistic	_	ContainsVariation=No	_	_	_	_	_	_
470-3	PSB129	470	3	in	in	_	_	_	_	_	linguistic	_	ContainsVariation=No	_	_	_	_	_	_
470-4	PSB129	470	4	italiano	italiano	_	_	_	_	_	linguistic	_	ContainsVariation=No	_	_	_	_	_	_
470-5	PSB129	470	5	da	da	_	_	_	_	_	linguistic	_	ContainsVariation=No	_	_	_	_	_	_
470-6	PSB129	470	6	me	me	_	_	_	_	_	linguistic	_	ContainsVariation=No	_	_	_	_	_	_
470-7	PSB129	470	7	le	le	_	_	_	_	_	linguistic	_	ContainsVariation=No	_	_	_	_	_	_
470-8	PSB129	470	8	chiamano	chiamano	_	_	_	_	_	linguistic	_	ContainsVariation=No	PauseAfter=Yes	_	_	_	_	_
470-9	PSB129	470	9	(.)	(.)	_	_	_	_	_	shortpause	_	ContainsVariation=No	_	_	_	_	_	_
470-10	PSB129	470	10	ehm	ehm	_	_	_	_	_	linguistic	_	ContainsVariation=No	_	End=626.312	_	_	_	_
471-0	PSB129	471	0	cres~	cres~	_	_	_	_	_	linguistic	_	ContainsVariation=No	Interrupted=Yes|PauseAfter=Yes	Begin=627.4	_	_	_	_
471-1	PSB129	471	1	[(.)	(.)	_	_	_	_	_	shortpause	_	ContainsVariation=No	_	_	_	_	_	X(168)
471-2	PSB129	471	2	crespelle	crespelle	_	_	_	_	_	linguistic	_	ContainsVariation=No	PauseAfter=Yes	_	_	_	_	0-9(168)
471-3	PSB129	471	3	(.)	(.)	_	_	_	_	_	shortpause	_	ContainsVariation=No	_	_	_	_	_	X(168)
471-4	PSB129	471	4	crespelle]	crespelle	_	_	_	_	_	linguistic	_	ContainsVariation=No	_	End=629.98	_	_	_	0-9(168)
472-0	PSB130	472	0	[crespelle]	crespelle	_	_	_	_	_	linguistic	_	ContainsVariation=No	_	Begin=627.65|End=628.311	_	_	_	0-9(166)
473-0	PSB005	473	0	[crespelle]	crespelle	_	_	_	_	_	linguistic	_	ContainsVariation=No	_	Begin=628.33|End=629.1	_	_	_	0-9(167)
474-0	PSB130	474	0	[crespelle]	crespelle	_	_	_	_	_	linguistic	_	ContainsVariation=No	_	Begin=629.13|End=629.996	_	_	_	0-9(168)
475-0	PSB091	475	0	°cresp[elle]°	crespelle	_	_	_	_	_	linguistic	_	ContainsVariation=No	Volume=low	Begin=629.99|End=630.647	_	_	_	5-9(170)
476-0	PSB127	476	0	[cre]spelle	crespelle	_	_	_	_	_	linguistic	_	ContainsVariation=No	_	Begin=630.53|End=630.889	_	_	_	0-3(170)
477-0	PSB005	477	0	mh	mh	_	_	_	_	_	linguistic	_	ContainsVariation=No	_	Begin=631.02|End=631.328	_	_	_	_
478-0	PSB005	478	0	quando	quando	_	_	_	_	_	linguistic	_	ContainsVariation=No	_	Begin=631.92	_	_	_	_
478-1	PSB005	478	1	le	le	_	_	_	_	_	linguistic	_	ContainsVariation=No	_	_	_	_	_	_
478-2	PSB005	478	2	fai	fai	_	_	_	_	_	linguistic	_	ContainsVariation=No	_	_	_	_	_	_
478-3	PSB005	478	3	salate	salate	_	_	_	_	_	linguistic	_	ContainsVariation=No	PauseAfter=Yes	_	_	_	_	_
478-4	PSB005	478	4	[(.)	(.)	_	_	_	_	_	shortpause	_	ContainsVariation=No	_	_	_	_	_	X(172)
478-5	PSB005	478	5	crespelle]	crespelle	_	_	_	_	_	linguistic	_	ContainsVariation=No	_	End=634.112	_	_	_	0-9(172)
479-0	PSB127	479	0	[mh]	mh	_	_	_	_	_	linguistic	_	ContainsVariation=No	_	Begin=633.11|End=633.421	_	_	_	0-2(172)
480-0	PSB130	480	0	[sì]	sì	_	_	_	_	_	linguistic	_	ContainsVariation=No	_	Begin=633.76|End=634.07	_	_	_	0-2(171)
481-0	PSB005	481	0	che	che	_	_	_	_	_	linguistic	_	ContainsVariation=No	_	Begin=634.33	_	_	_	_
481-1	PSB005	481	1	poi	poi	_	_	_	_	_	linguistic	_	ContainsVariation=No	_	_	_	_	_	_
481-2	PSB005	481	2	le	le	_	_	_	_	_	linguistic	_	ContainsVariation=No	_	_	_	_	_	_
481-3	PSB005	481	3	metti	metti	_	_	_	_	_	linguistic	_	ContainsVariation=No	_	_	_	_	_	_
481-4	PSB005	481	4	al	al	_	_	_	_	_	linguistic	_	ContainsVariation=No	_	_	_	_	_	_
481-5	PSB005	481	5	forno	forno	_	_	_	_	_	linguistic	_	ContainsVariation=No	_	End=635.601	_	_	_	_
482-0	PSB129	482	0	s[ì]	sì	_	_	_	_	_	linguistic	_	ContainsVariation=No	_	Begin=635.78|End=636.136	_	_	_	1-2(173)
483-0	PSB086	483	0	[e]	e	_	_	_	_	_	linguistic	_	ContainsVariation=No	_	Begin=636.06	_	_	_	0-1(173)
483-1	PSB086	483	1	quindi	quindi	_	_	_	_	_	linguistic	_	ContainsVariation=No	_	_	_	_	_	_
483-2	PSB086	483	2	con	con	_	_	_	_	_	linguistic	_	ContainsVariation=No	_	_	_	_	_	_
483-3	PSB086	483	3	nutella?	nutella	_	_	_	_	_	linguistic	_	ContainsVariation=No	Intonation=Rising	End=637.233	_	_	_	_
484-0	PSB086	484	0	come	come	_	_	_	_	_	linguistic	_	ContainsVariation=No	_	Begin=637.59	_	_	_	_
484-1	PSB086	484	1	diven[ta]?	diventa	_	_	_	_	_	linguistic	_	ContainsVariation=No	Intonation=Rising	End=638.158	_	_	_	5-7(174)
485-0	PSB005	485	0	[no	no	_	_	_	_	_	linguistic	_	ContainsVariation=No	_	Begin=638.05	_	_	_	0-2(174)
485-1	PSB005	485	1	non	non	_	_	_	_	_	linguistic	_	ContainsVariation=No	_	_	_	_	_	0-3(174)
485-2	PSB005	485	2	con]	con	_	_	_	_	_	linguistic	_	ContainsVariation=No	_	_	_	_	_	0-3(174)
485-3	PSB005	485	3	non	non	_	_	_	_	_	linguistic	_	ContainsVariation=No	_	_	_	_	_	_
485-4	PSB005	485	4	con	con	_	_	_	_	_	linguistic	_	ContainsVariation=No	_	_	_	_	_	_
485-5	PSB005	485	5	[la	la	_	_	_	_	_	linguistic	_	ContainsVariation=No	_	_	_	_	_	0-2(175)
485-6	PSB005	485	6	nutella]	nutella	_	_	_	_	_	linguistic	_	ContainsVariation=No	_	End=639.87	_	_	_	0-7(175)
486-0	PSB130	486	0	[crêpe]	crêpe	_	_	_	_	_	linguistic	_	ContainsVariation=No	_	Begin=638.18|End=638.839	_	_	_	0-5(175)
487-0	PSB130	487	0	[no	no	_	_	_	_	_	linguistic	_	ContainsVariation=No	_	Begin=639.44	_	_	_	0-2(176)
487-1	PSB130	487	1	con	con	_	_	_	_	_	linguistic	_	ContainsVariation=No	_	_	_	_	_	0-3(176)
487-2	PSB130	487	2	la	la	_	_	_	_	_	linguistic	_	ContainsVariation=No	_	_	_	_	_	0-2(176)
487-3	PSB130	487	3	nutella	nutella	_	_	_	_	_	linguistic	_	ContainsVariation=No	_	_	_	_	_	0-7(176)
487-4	PSB130	487	4	crêpe	crêpe	_	_	_	_	_	linguistic	_	ContainsVariation=No	_	_	_	_	_	0-5(176)
487-5	PSB130	487	5	con	con	_	_	_	_	_	linguistic	_	ContainsVariation=No	_	_	_	_	_	0-3(176)
487-6	PSB130	487	6	cresp]elle	crespelle	_	_	_	_	_	linguistic	_	ContainsVariation=No	_	_	_	_	_	0-5(176)
487-7	PSB130	487	7	con	con	_	_	_	_	_	linguistic	_	ContainsVariation=No	_	_	_	_	_	_
487-8	PSB130	487	8	la	la	_	_	_	_	_	linguistic	_	ContainsVariation=No	_	_	_	_	_	_
487-9	PSB130	487	9	zucc[a::]	zucca	_	_	_	_	_	linguistic	_	ContainsVariation=No	_	End=643.169	4x2	_	_	4-5(177)
488-0	PSB036	488	0	[°nutella	nutella	_	_	_	_	_	linguistic	_	ContainsVariation=No	Volume=low	Begin=639.86	_	_	_	0-7(399)
488-1	PSB036	488	1	crêpe°]	crêpe	_	_	_	_	_	linguistic	_	ContainsVariation=No	Volume=low	End=640.824	_	_	_	0-5(399)
489-0	PSB005	489	0	[sì]	sì	_	_	_	_	_	linguistic	_	ContainsVariation=No	_	Begin=640.84|End=641.218	_	_	_	0-2(176)
490-0	PSB005	490	0	[con]	con	_	_	_	_	_	linguistic	_	ContainsVariation=No	_	Begin=642.52	_	_	_	0-3(177)
490-1	PSB005	490	1	il	il	_	_	_	_	_	linguistic	_	ContainsVariation=No	_	_	_	_	_	_
490-2	PSB005	490	2	prosci[utto],	prosciutto	_	_	_	_	_	linguistic	_	ContainsVariation=No	Intonation=WeaklyRising	End=644.001	_	_	_	6-10(178)
491-0	PSB130	491	0	[spina][::ci],	spinaci	_	_	_	_	_	linguistic	_	ContainsVariation=No	Intonation=WeaklyRising	Begin=643.45|End=645.039	4x2	_	_	0-5(178),5-7(179)
492-0	PSB005	492	0	[cioè	cioè	_	_	_	_	_	linguistic	_	ContainsVariation=No	_	Begin=644.24	_	_	_	0-4(179)
492-1	PSB005	492	1	e	e	_	_	_	_	_	linguistic	_	ContainsVariation=No	_	_	_	_	_	0-1(179)
492-2	PSB005	492	2	dopo]	dopo	_	_	_	_	_	linguistic	_	ContainsVariation=No	_	_	_	_	_	0-4(179)
492-3	PSB005	492	3	fai	fai	_	_	_	_	_	linguistic	_	ContainsVariation=No	_	_	_	_	_	_
492-4	PSB005	492	4	una	una	_	_	_	_	_	linguistic	_	ContainsVariation=No	_	_	_	_	_	_
492-5	PSB005	492	5	specie	specie	_	_	_	_	_	linguistic	_	ContainsVariation=No	_	_	_	_	_	_
492-6	PSB005	492	6	di	di	_	_	_	_	_	linguistic	_	ContainsVariation=No	_	_	_	_	_	_
492-7	PSB005	492	7	lasagna	lasagna	_	_	_	_	_	linguistic	_	ContainsVariation=No	_	_	_	_	_	_
492-8	PSB005	492	8	capi[to]	capito	_	_	_	_	_	linguistic	_	ContainsVariation=No	_	End=646.737	_	_	_	4-6(180)
493-0	PSB127	493	0	[ah]	ah	_	_	_	_	_	linguistic	_	ContainsVariation=No	_	Begin=646.39|End=646.844	_	_	_	0-2(180)
494-0	PSB130	494	0	[cioè	cioè	_	_	_	_	_	linguistic	_	ContainsVariation=No	_	Begin=647.21	_	_	_	0-4(437)
494-1	PSB130	494	1	le	le	_	_	_	_	_	linguistic	_	ContainsVariation=No	_	_	_	_	_	0-2(437)
494-2	PSB130	494	2	metti	metti	_	_	_	_	_	linguistic	_	ContainsVariation=No	_	_	_	_	_	0-5(437)
494-3	PSB130	494	3	tutte],	tutte	_	_	_	_	_	linguistic	_	ContainsVariation=No	Intonation=WeaklyRising	End=648.394	_	_	_	0-5(437)
495-0	PSB086	495	0	[a:h]	ah	_	_	_	_	_	linguistic	_	ContainsVariation=No	_	Begin=647.23|End=648.197	0x1	_	_	0-2(437)
496-0	PSB036	496	0	[con	con	_	_	_	_	_	linguistic	_	ContainsVariation=No	_	Begin=647.76	_	_	_	0-3(437)
496-1	PSB036	496	1	la	la	_	_	_	_	_	linguistic	_	ContainsVariation=No	_	_	_	_	_	0-2(437)
496-2	PSB036	496	2	besciamella]	besciamella	_	_	_	_	_	linguistic	_	ContainsVariation=No	_	End=649.045	_	_	_	0-11(437)
497-0	PSB005	497	0	[le	le	_	_	_	_	_	linguistic	_	ContainsVariation=No	_	Begin=648.02	_	_	_	0-2(437)
497-1	PSB005	497	1	chiudi	chiudi	_	_	_	_	_	linguistic	_	ContainsVariation=No	_	_	_	_	_	0-6(437)
497-2	PSB005	497	2	le]	le	_	_	_	_	_	linguistic	_	ContainsVariation=No	_	_	_	_	_	0-2(437)
497-3	PSB005	497	3	[chiudi],	chiudi	_	_	_	_	_	linguistic	_	ContainsVariation=No	Intonation=WeaklyRising	End=649.494	_	_	_	0-6(181)
498-0	PSB130	498	0	[chiudi	chiudi	_	_	_	_	_	linguistic	_	ContainsVariation=No	_	Begin=649.14	_	_	_	0-6(?)
498-1	PSB130	498	1	quelle	quelle	_	_	_	_	_	linguistic	_	ContainsVariation=No	_	_	_	_	_	0-6(?)
498-2	PSB130	498	2	xxx]	xxx	_	_	_	_	_	unknown	_	ContainsVariation=No	Syllables=3	End=650.716	_	_	_	0-3(?)
499-0	PSB005	499	0	[col	col	_	_	_	_	_	linguistic	_	ContainsVariation=No	_	Begin=649.84	_	_	_	0-3(182)
499-1	PSB005	499	1	ripieno],	ripieno	_	_	_	_	_	linguistic	_	ContainsVariation=No	Intonation=WeaklyRising	_	_	_	_	0-7(182)
499-2	PSB005	499	2	poi	poi	_	_	_	_	_	linguistic	_	ContainsVariation=No	_	_	_	_	_	_
499-3	PSB005	499	3	le	le	_	_	_	_	_	linguistic	_	ContainsVariation=No	_	_	_	_	_	_
499-4	PSB005	499	4	metti	metti	_	_	_	_	_	linguistic	_	ContainsVariation=No	_	_	_	_	_	_
499-5	PSB005	499	5	su	su	_	_	_	_	_	linguistic	_	ContainsVariation=No	_	_	_	_	_	_
499-6	PSB005	499	6	una	una	_	_	_	_	_	linguistic	_	ContainsVariation=No	_	_	_	_	_	_
499-7	PSB005	499	7	teglia,	teglia	_	_	_	_	_	linguistic	_	ContainsVariation=No	Intonation=WeaklyRising	End=652.031	_	_	_	_
500-0	PSB005	500	0	con	con	_	_	_	_	_	linguistic	_	ContainsVariation=No	_	Begin=652.41	_	_	_	_
500-1	PSB005	500	1	la	la	_	_	_	_	_	linguistic	_	ContainsVariation=No	_	_	_	_	_	_
500-2	PSB005	500	2	besciamella	besciamella	_	_	_	_	_	linguistic	_	ContainsVariation=No	_	_	_	_	_	_
500-3	PSB005	500	3	fuori	fuori	_	_	_	_	_	linguistic	_	ContainsVariation=No	_	_	_	_	_	_
500-4	PSB005	500	4	e	e	_	_	_	_	_	linguistic	_	ContainsVariation=No	_	_	_	_	_	_
500-5	PSB005	500	5	le	le	_	_	_	_	_	linguistic	_	ContainsVariation=No	_	_	_	_	_	_
500-6	PSB005	500	6	metti	metti	_	_	_	_	_	linguistic	_	ContainsVariation=No	_	_	_	_	_	_
500-7	PSB005	500	7	al	al	_	_	_	_	_	linguistic	_	ContainsVariation=No	_	_	_	_	_	_
500-8	PSB005	500	8	[forno]	forno	_	_	_	_	_	linguistic	_	ContainsVariation=No	_	End=654.605	_	_	_	0-5(183)
501-0	PSB086	501	0	[mai	mai	_	_	_	_	_	linguistic	_	ContainsVariation=No	_	Begin=654.03	_	_	_	0-3(183)
501-1	PSB086	501	1	mai	mai	_	_	_	_	_	linguistic	_	ContainsVariation=No	_	_	_	_	_	0-3(183)
501-2	PSB086	501	2	sen][tito]	sentito	_	_	_	_	_	linguistic	_	ContainsVariation=No	_	_	_	_	_	0-3(183),3-7(184)
501-3	PSB086	501	3	[mai	mai	_	_	_	_	_	linguistic	_	ContainsVariation=No	_	_	_	_	_	0-3(185)
501-4	PSB086	501	4	mangiato]	mangiato	_	_	_	_	_	linguistic	_	ContainsVariation=No	_	End=655.834	_	_	_	0-8(185)
502-0	PSB036	502	0	[mh]	mh	_	_	_	_	_	linguistic	_	ContainsVariation=No	_	Begin=654.71|End=655.07	_	_	_	0-2(184)
503-0	PSB005	503	0	[sì	sì	_	_	_	_	_	linguistic	_	ContainsVariation=No	PauseAfter=Yes	Begin=655.1	_	_	_	0-2(185)
503-1	PSB005	503	1	(.)]	(.)	_	_	_	_	_	shortpause	_	ContainsVariation=No	_	_	_	_	_	X(185)
503-2	PSB005	503	2	sì	sì	_	_	_	_	_	linguistic	_	ContainsVariation=No	_	_	_	_	_	_
503-3	PSB005	503	3	sì	sì	_	_	_	_	_	linguistic	_	ContainsVariation=No	_	_	_	_	_	_
503-4	PSB005	503	4	mia	mia	_	_	_	_	_	linguistic	_	ContainsVariation=No	_	_	_	_	_	_
503-5	PSB005	503	5	[mamma	mamma	_	_	_	_	_	linguistic	_	ContainsVariation=No	_	_	_	_	_	0-5(186)
503-6	PSB005	503	6	le	le	_	_	_	_	_	linguistic	_	ContainsVariation=No	_	_	_	_	_	0-2(186)
503-7	PSB005	503	7	fa	fa	_	_	_	_	_	linguistic	_	ContainsVariation=No	_	_	_	_	_	0-2(186)
503-8	PSB005	503	8	per	per	_	_	_	_	_	linguistic	_	ContainsVariation=No	_	_	_	_	_	0-3(186)
503-9	PSB005	503	9	natale]	natale	_	_	_	_	_	linguistic	_	ContainsVariation=No	_	End=658.109	_	_	_	0-6(186)
504-0	PSB086	504	0	[dove	dove	_	_	_	_	_	linguistic	_	ContainsVariation=No	_	Begin=656.78	_	_	_	0-4(186)
504-1	PSB086	504	1	devo	devo	_	_	_	_	_	linguistic	_	ContainsVariation=No	_	_	_	_	_	0-4(186)
504-2	PSB086	504	2	andare	andare	_	_	_	_	_	linguistic	_	ContainsVariation=No	_	_	_	_	_	0-6(186)
504-3	PSB086	504	3	per	per	_	_	_	_	_	linguistic	_	ContainsVariation=No	_	_	_	_	_	0-3(186)
504-4	PSB086	504	4	mangiare]	mangiare	_	_	_	_	_	linguistic	_	ContainsVariation=No	_	_	_	_	_	0-8(186)
504-5	PSB086	504	5	((ride))	((ride))	_	_	_	_	_	nonverbalbehavior	_	ContainsVariation=No	_	End=659.067	_	_	_	_
505-0	PSB005	505	0	[e:h]	eh	_	_	_	_	_	linguistic	_	ContainsVariation=No	_	Begin=658.27|End=658.843	0x1	_	_	0-2(187)
506-0	PSB086	506	0	quelli	quelli	_	_	_	_	_	linguistic	_	ContainsVariation=No	_	Begin=659.46|End=659.821	_	_	_	_
507-0	PSB130	507	0	beh	beh	_	_	_	_	_	linguistic	_	ContainsVariation=No	_	Begin=659.71	_	_	_	_
507-1	PSB130	507	1	forse	forse	_	_	_	_	_	linguistic	_	ContainsVariation=No	_	_	_	_	_	_
507-2	PSB130	507	2	è	è	_	_	_	_	_	linguistic	_	ContainsVariation=No	_	_	_	_	_	_
507-3	PSB130	507	3	più	più	_	_	_	_	_	linguistic	_	ContainsVariation=No	_	_	_	_	_	_
507-4	PSB130	507	4	[un	un	_	_	_	_	_	linguistic	_	ContainsVariation=No	_	_	_	_	_	0-2(?)
507-5	PSB130	507	5	ca~	ca~	_	_	_	_	_	linguistic	_	ContainsVariation=No	Interrupted=Yes	_	_	_	_	0-3(?)
507-6	PSB130	507	6	un	un	_	_	_	_	_	linguistic	_	ContainsVariation=No	_	_	_	_	_	0-2(?)
507-7	PSB130	507	7	piatto	piatto	_	_	_	_	_	linguistic	_	ContainsVariation=No	_	_	_	_	_	0-6(?)
507-8	PSB130	507	8	casa][reccio	casareccio	_	_	_	_	_	linguistic	_	ContainsVariation=No	_	_	_	_	_	4-10(?)
507-9	PSB130	507	9	diciamo]	diciamo	_	_	_	_	_	linguistic	_	ContainsVariation=No	_	End=662.112	_	_	_	0-7(?)
508-0	PSB005	508	0	[mamma	mamma	_	_	_	_	_	linguistic	_	ContainsVariation=No	_	Begin=660.25	_	_	_	0-5(189)
508-1	PSB005	508	1	le	le	_	_	_	_	_	linguistic	_	ContainsVariation=No	_	_	_	_	_	0-2(189)
508-2	PSB005	508	2	fa	fa	_	_	_	_	_	linguistic	_	ContainsVariation=No	_	_	_	_	_	0-2(189)
508-3	PSB005	508	3	per	per	_	_	_	_	_	linguistic	_	ContainsVariation=No	_	_	_	_	_	0-3(189)
508-4	PSB005	508	4	na~]	na~	_	_	_	_	_	linguistic	_	ContainsVariation=No	Interrupted=Yes	End=661.312	_	_	_	0-3(189)
509-0	PSB129	509	0	[in	in	_	_	_	_	_	linguistic	_	ContainsVariation=No	_	Begin=661.35	_	_	_	0-2(190)
509-1	PSB129	509	1	abruzzo	abruzzo	_	_	_	_	_	linguistic	_	ContainsVariation=No	_	_	_	_	_	0-7(190)
509-2	PSB129	509	2	fanno]	fanno	_	_	_	_	_	linguistic	_	ContainsVariation=No	_	_	_	_	_	0-5(190)
509-3	PSB129	509	3	[anche]	anche	_	_	_	_	_	linguistic	_	ContainsVariation=No	_	End=662.83	_	_	_	0-5(191)
510-0	PSB036	510	0	[timballo]	timballo	_	_	_	_	_	linguistic	_	ContainsVariation=No	_	Begin=662.43	_	_	_	0-8(191)
510-1	PSB036	510	1	alla	alla	_	_	_	_	_	linguistic	_	ContainsVariation=No	_	_	_	_	_	_
510-2	PSB036	510	2	x	x	_	_	_	_	_	unknown	_	ContainsVariation=No	Syllables=1	_	_	_	_	_
510-3	PSB036	510	3	romana	romana	_	_	_	_	_	linguistic	_	ContainsVariation=No	_	_	_	_	_	_
510-4	PSB036	510	4	buono	buono	_	_	_	_	_	linguistic	_	ContainsVariation=No	_	End=664.021	_	_	_	_
511-0	PSB129	511	0	no	no	_	_	_	_	_	linguistic	_	ContainsVariation=Yes	_	Begin=664.08	_	_	_	_
511-1	PSB129	511	1	fanno	fanno	_	_	_	_	_	linguistic	_	ContainsVariation=Yes	_	_	_	_	_	_
511-2	PSB129	511	2	anche	anche	_	_	_	_	_	linguistic	_	ContainsVariation=Yes	_	_	_	_	_	_
511-3	PSB129	511	3	una	una	_	_	_	_	_	linguistic	_	ContainsVariation=Yes	_	_	_	_	_	_
511-4	PSB129	511	4	cosa	cosa	_	_	_	_	_	linguistic	_	ContainsVariation=Yes	_	_	_	_	_	_
511-5	PSB129	511	5	che	che	_	_	_	_	_	linguistic	_	ContainsVariation=Yes	_	_	_	_	_	_
511-6	PSB129	511	6	si	si	_	_	_	_	_	linguistic	_	ContainsVariation=Yes	_	_	_	_	_	_
511-7	PSB129	511	7	chiama	chiama	_	_	_	_	_	linguistic	_	ContainsVariation=Yes	_	_	_	_	_	_
511-8	PSB129	511	8	crespelle	crespelle	_	_	_	_	_	linguistic	_	ContainsVariation=Yes	_	_	_	_	_	_
511-9	PSB129	511	9	#'mbusse	'mbusse	_	_	_	_	_	linguistic	_	ContainsVariation=Yes|Code=Other|Language=NO_ISO_CODE	Truncated=Yes	End=666.687	_	_	_	_
512-0	PSB127	512	0	[xx]?	xx	_	_	_	_	_	linguistic	_	ContainsVariation=No	Intonation=Rising	Begin=667.39|End=667.741	_	_	_	0-2(192)
513-0	PSB129	513	0	[è	è	_	_	_	_	_	linguistic	_	ContainsVariation=Yes	_	Begin=667.4	_	_	_	0-1(192)
513-1	PSB129	513	1	un	un	_	_	_	_	_	linguistic	_	ContainsVariation=Yes	_	_	_	_	_	0-2(192)
513-2	PSB129	513	2	pia~]	pia~	_	_	_	_	_	linguistic	_	ContainsVariation=Yes	Interrupted=Yes	_	_	_	_	0-4(192)
513-3	PSB129	513	3	è	è	_	_	_	_	_	linguistic	_	ContainsVariation=Yes	_	_	_	_	_	_
513-4	PSB129	513	4	stranissimo	stranissimo	_	_	_	_	_	linguistic	_	ContainsVariation=Yes	_	_	_	_	_	_
513-5	PSB129	513	5	#'mbusse	'mbusse	_	_	_	_	_	linguistic	_	ContainsVariation=Yes|Code=Other|Language=NO_ISO_CODE	Truncated=Yes	_	_	_	_	_
513-6	PSB129	513	6	si	si	_	_	_	_	_	linguistic	_	ContainsVariation=Yes	_	_	_	_	_	_
513-7	PSB129	513	7	chiamano	chiamano	_	_	_	_	_	linguistic	_	ContainsVariation=Yes	_	_	_	_	_	_
513-8	PSB129	513	8	ma	ma	_	_	_	_	_	linguistic	_	ContainsVariation=Yes	_	_	_	_	_	_
513-9	PSB129	513	9	è:	è	_	_	_	_	_	linguistic	_	ContainsVariation=Yes	_	End=670.433	0x1	_	_	_
514-0	PSB005	514	0	[non	non	_	_	_	_	_	linguistic	_	ContainsVariation=No	_	Begin=670.56	_	_	_	0-3(193)
514-1	PSB005	514	1	l'	l'	_	_	_	_	_	linguistic	_	ContainsVariation=No	SpaceAfter=No	_	_	_	_	0-2(193)
514-2	PSB005	514	2	ho	ho	_	_	_	_	_	linguistic	_	ContainsVariation=No	_	_	_	_	_	0-2(193)
514-3	PSB005	514	3	mai	mai	_	_	_	_	_	linguistic	_	ContainsVariation=No	_	_	_	_	_	0-3(193)
514-4	PSB005	514	4	sentito]	sentito	_	_	_	_	_	linguistic	_	ContainsVariation=No	_	End=671.734	_	_	_	0-7(193)
515-0	PSB129	515	0	[non	non	_	_	_	_	_	linguistic	_	ContainsVariation=No	_	Begin=670.59	_	_	_	0-3(193)
515-1	PSB129	515	1	è:	è	_	_	_	_	_	linguistic	_	ContainsVariation=No	_	_	0x1	_	_	0-1(193)
515-2	PSB129	515	2	cioè	cioè	_	_	_	_	_	linguistic	_	ContainsVariation=No	_	_	_	_	_	0-4(193)
515-3	PSB129	515	3	è:]	è	_	_	_	_	_	linguistic	_	ContainsVariation=No	PauseAfter=Yes	_	0x1	_	_	0-1(193)
515-4	PSB129	515	4	(.)	(.)	_	_	_	_	_	shortpause	_	ContainsVariation=No	_	_	_	_	_	_
515-5	PSB129	515	5	[è	è	_	_	_	_	_	linguistic	_	ContainsVariation=No	_	_	_	_	_	0-1(194)
515-6	PSB129	515	6	è	è	_	_	_	_	_	linguistic	_	ContainsVariation=No	_	_	_	_	_	0-1(194)
515-7	PSB129	515	7	è	è	_	_	_	_	_	linguistic	_	ContainsVariation=No	_	_	_	_	_	0-1(194)
515-8	PSB129	515	8	è	è	_	_	_	_	_	linguistic	_	ContainsVariation=No	_	_	_	_	_	0-1(194)
515-9	PSB129	515	9	dialetto]	dialetto	_	_	_	_	_	linguistic	_	ContainsVariation=No	_	End=674.411	_	_	_	0-8(194)
516-0	PSB127	516	0	[#mus	mus	_	_	_	_	_	linguistic	_	ContainsVariation=Yes|Code=Other|Language=NO_ISO_CODE	_	Begin=671.9	_	_	_	0-4(194)
516-1	PSB127	516	1	tipo	tipo	_	_	_	_	_	linguistic	_	ContainsVariation=Yes	_	_	_	_	_	0-4(194)
516-2	PSB127	516	2	la	la	_	_	_	_	_	linguistic	_	ContainsVariation=Yes	_	_	_	_	_	0-2(194)
516-3	PSB127	516	3	la	la	_	_	_	_	_	linguistic	_	ContainsVariation=Yes	_	_	_	_	_	0-2(194)
516-4	PSB127	516	4	trippa	trippa	_	_	_	_	_	linguistic	_	ContainsVariation=Yes	_	_	_	_	_	0-6(194)
516-5	PSB127	516	5	la	la	_	_	_	_	_	linguistic	_	ContainsVariation=Yes	_	_	_	_	_	0-2(194)
516-6	PSB127	516	6	lingua	lingua	_	_	_	_	_	linguistic	_	ContainsVariation=Yes	_	_	_	_	_	0-6(194)
516-7	PSB127	516	7	e	e	_	_	_	_	_	linguistic	_	ContainsVariation=Yes	_	_	_	_	_	0-1(194)
516-8	PSB127	516	8	giusto]?	giusto	_	_	_	_	_	linguistic	_	ContainsVariation=Yes	Intonation=Rising	End=674.405	_	_	_	0-6(194)
517-0	PSB127	517	0	le	le	_	_	_	_	_	linguistic	_	ContainsVariation=Yes	_	Begin=674.65	_	_	_	_
517-1	PSB127	517	1	#mus?	mus	_	_	_	_	_	linguistic	_	ContainsVariation=Yes|Code=Other|Language=NO_ISO_CODE	Intonation=Rising	End=675.12	_	_	_	_
518-0	PSB129	518	0	n~	n~	_	_	_	_	_	linguistic	_	ContainsVariation=Yes	Interrupted=Yes	Begin=675.37	_	_	_	_
518-1	PSB129	518	1	no	no	_	_	_	_	_	linguistic	_	ContainsVariation=Yes	_	_	_	_	_	_
518-2	PSB129	518	2	quello	quello	_	_	_	_	_	linguistic	_	ContainsVariation=Yes	_	_	_	_	_	_
518-3	PSB129	518	3	è	è	_	_	_	_	_	linguistic	_	ContainsVariation=Yes	_	_	_	_	_	_
518-4	PSB129	518	4	[#musso]	musso	_	_	_	_	_	linguistic	_	ContainsVariation=Yes|Code=Other|Language=NO_ISO_CODE	_	End=676.846	_	_	_	0-6(195)
519-0	PSB127	519	0	[non	non	_	_	_	_	_	linguistic	_	ContainsVariation=Yes	_	Begin=676.34	_	_	_	0-3(195)
519-1	PSB127	519	1	è	è	_	_	_	_	_	linguistic	_	ContainsVariation=Yes	_	_	_	_	_	0-1(195)
519-2	PSB127	519	2	non	non	_	_	_	_	_	linguistic	_	ContainsVariation=Yes	_	_	_	_	_	0-3(195)
519-3	PSB127	519	3	è	è	_	_	_	_	_	linguistic	_	ContainsVariation=Yes	_	_	_	_	_	0-1(195)
519-4	PSB127	519	4	quello]	quello	_	_	_	_	_	linguistic	_	ContainsVariation=Yes	_	_	_	_	_	0-6(195)
519-5	PSB127	519	5	[#mus]	mus	_	_	_	_	_	linguistic	_	ContainsVariation=Yes|Code=Other|Language=NO_ISO_CODE	_	End=677.718	_	_	_	0-4(196)
520-0	PSB129	520	0	[no]	no	_	_	_	_	_	linguistic	_	ContainsVariation=No	_	Begin=677.18|End=677.638	_	_	_	0-2(196)
521-0	PSB129	521	0	#'mbusse	'mbusse	_	_	_	_	_	linguistic	_	ContainsVariation=Yes|Code=Other|Language=NO_ISO_CODE	Truncated=Yes	Begin=678.0	_	_	_	_
521-1	PSB129	521	1	vuol	vuol	_	_	_	_	_	linguistic	_	ContainsVariation=Yes	_	_	_	_	_	_
521-2	PSB129	521	2	dire	dire	_	_	_	_	_	linguistic	_	ContainsVariation=Yes	_	_	_	_	_	_
521-3	PSB129	521	3	bagna[to	bagnato	_	_	_	_	_	linguistic	_	ContainsVariation=Yes	PauseAfter=Yes	_	_	_	_	5-7(198)
521-4	PSB129	521	4	(.)	(.)	_	_	_	_	_	shortpause	_	ContainsVariation=Yes	_	_	_	_	_	X(198)
521-5	PSB129	521	5	in	in	_	_	_	_	_	linguistic	_	ContainsVariation=Yes	_	_	_	_	_	0-2(198)
521-6	PSB129	521	6	dialetto]	dialetto	_	_	_	_	_	linguistic	_	ContainsVariation=Yes	_	End=680.323	_	_	_	0-8(198)
522-0	PSB127	522	0	[ah]	ah	_	_	_	_	_	linguistic	_	ContainsVariation=No	_	Begin=679.36|End=679.67	_	_	_	0-2(197)
523-0	PSB005	523	0	[mh	mh	_	_	_	_	_	linguistic	_	ContainsVariation=No	_	Begin=679.89	_	_	_	0-2(199)
523-1	PSB005	523	1	okay]	okay	_	_	_	_	_	linguistic	_	ContainsVariation=No	_	End=680.753	_	_	_	0-4(199)
524-0	PSB127	524	0	[ah]	ah	_	_	_	_	_	linguistic	_	ContainsVariation=No	_	Begin=680.34|End=680.736	_	_	_	0-2(199)
525-0	PSB129	525	0	e:	e	_	_	_	_	_	linguistic	_	ContainsVariation=No	_	Begin=680.94	0x1	_	_	_
525-1	PSB129	525	1	fanno	fanno	_	_	_	_	_	linguistic	_	ContainsVariation=No	_	_	_	_	_	_
525-2	PSB129	525	2	le	le	_	_	_	_	_	linguistic	_	ContainsVariation=No	_	_	_	_	_	_
525-3	PSB129	525	3	crespelle	crespelle	_	_	_	_	_	linguistic	_	ContainsVariation=No	_	_	_	_	_	_
525-4	PSB129	525	4	poi	poi	_	_	_	_	_	linguistic	_	ContainsVariation=No	_	_	_	_	_	_
525-5	PSB129	525	5	ci	ci	_	_	_	_	_	linguistic	_	ContainsVariation=No	_	_	_	_	_	_
525-6	PSB129	525	6	mettono	mettono	_	_	_	_	_	linguistic	_	ContainsVariation=No	_	_	_	_	_	_
525-7	PSB129	525	7	il	il	_	_	_	_	_	linguistic	_	ContainsVariation=No	_	_	_	_	_	_
525-8	PSB129	525	8	pecorino	pecorino	_	_	_	_	_	linguistic	_	ContainsVariation=No	_	_	_	_	_	_
525-9	PSB129	525	9	gratta[to],	grattato	_	_	_	_	_	linguistic	_	ContainsVariation=No	Intonation=WeaklyRising	End=684.754	_	_	_	6-8(200)
526-0	PSB127	526	0	[mh]	mh	_	_	_	_	_	linguistic	_	ContainsVariation=No	_	Begin=684.37|End=684.733	_	_	_	0-2(200)
527-0	PSB129	527	0	le	le	_	_	_	_	_	linguistic	_	ContainsVariation=No	_	Begin=684.93	_	_	_	_
527-1	PSB129	527	1	arrotolano	arrotolano	_	_	_	_	_	linguistic	_	ContainsVariation=No	_	_	_	_	_	_
527-2	PSB129	527	2	e	e	_	_	_	_	_	linguistic	_	ContainsVariation=No	_	_	_	_	_	_
527-3	PSB129	527	3	poi	poi	_	_	_	_	_	linguistic	_	ContainsVariation=No	_	_	_	_	_	_
527-4	PSB129	527	4	le	le	_	_	_	_	_	linguistic	_	ContainsVariation=No	_	_	_	_	_	_
527-5	PSB129	527	5	coprono	coprono	_	_	_	_	_	linguistic	_	ContainsVariation=No	_	_	_	_	_	_
527-6	PSB129	527	6	col	col	_	_	_	_	_	linguistic	_	ContainsVariation=No	_	_	_	_	_	_
527-7	PSB129	527	7	brodo	brodo	_	_	_	_	_	linguistic	_	ContainsVariation=No	_	End=687.527	_	_	_	_
528-0	PSB127	528	0	mh	mh	_	_	_	_	_	linguistic	_	ContainsVariation=No	_	Begin=687.61|End=687.82	_	_	_	_
529-0	PSB129	529	0	eh	eh	_	_	_	_	_	linguistic	_	ContainsVariation=No	_	Begin=687.98	_	_	_	_
529-1	PSB129	529	1	c(io)è	cioè	_	_	_	_	_	linguistic	_	ContainsVariation=No	Reduced=Yes	_	_	_	_	_
529-2	PSB129	529	2	io	io	_	_	_	_	_	linguistic	_	ContainsVariation=No	_	_	_	_	_	_
529-3	PSB129	529	3	l'	l'	_	_	_	_	_	linguistic	_	ContainsVariation=No	SpaceAfter=No	_	_	_	_	_
529-4	PSB129	529	4	ho	ho	_	_	_	_	_	linguistic	_	ContainsVariation=No	_	_	_	_	_	_
529-5	PSB129	529	5	visto	visto	_	_	_	_	_	linguistic	_	ContainsVariation=No	_	_	_	_	_	_
529-6	PSB129	529	6	[solo	solo	_	_	_	_	_	linguistic	_	ContainsVariation=No	_	_	_	_	_	0-4(400)
529-7	PSB129	529	7	in	in	_	_	_	_	_	linguistic	_	ContainsVariation=No	_	_	_	_	_	0-2(400)
529-8	PSB129	529	8	abruzzo	abruzzo	_	_	_	_	_	linguistic	_	ContainsVariation=No	_	_	_	_	_	0-7(400)
529-9	PSB129	529	9	sì	sì	_	_	_	_	_	linguistic	_	ContainsVariation=No	_	_	_	_	_	0-2(400)
529-10	PSB129	529	10	stranissimo]	stranissimo	_	_	_	_	_	linguistic	_	ContainsVariation=No	_	End=691.602	_	_	_	0-11(400)
530-0	PSB130	530	0	[a:h	ah	_	_	_	_	_	linguistic	_	ContainsVariation=No	_	Begin=688.84	0x1	_	_	0-2(400)
530-1	PSB130	530	1	abruzzo	abruzzo	_	_	_	_	_	linguistic	_	ContainsVariation=No	PauseAfter=Yes	_	_	_	_	0-7(400)
530-2	PSB130	530	2	(.)	(.)	_	_	_	_	_	shortpause	_	ContainsVariation=No	_	_	_	_	_	X(400)
530-3	PSB130	530	3	io]	io	_	_	_	_	_	linguistic	_	ContainsVariation=No	_	End=690.508	_	_	_	0-2(400)
531-0	PSB005	531	0	[stranissimo]	stranissimo	_	_	_	_	_	linguistic	_	ContainsVariation=No	_	Begin=689.33|End=690.194	_	_	_	0-11(400)
532-0	PSB127	532	0	((ride))	((ride))	_	_	_	_	_	nonverbalbehavior	_	ContainsVariation=No	_	Begin=690.95|End=692.019	_	_	_	_
533-0	PSB130	533	0	quella	quella	_	_	_	_	_	linguistic	_	ContainsVariation=No	_	Begin=690.98	_	_	_	_
533-1	PSB130	533	1	cosa	cosa	_	_	_	_	_	linguistic	_	ContainsVariation=No	_	_	_	_	_	_
533-2	PSB130	533	2	lì	lì	_	_	_	_	_	linguistic	_	ContainsVariation=No	_	_	_	_	_	_
533-3	PSB130	533	3	che	che	_	_	_	_	_	linguistic	_	ContainsVariation=No	_	_	_	_	_	_
533-4	PSB130	533	4	che	che	_	_	_	_	_	linguistic	_	ContainsVariation=No	_	_	_	_	_	_
533-5	PSB130	533	5	fai	fai	_	_	_	_	_	linguistic	_	ContainsVariation=No	_	_	_	_	_	_
533-6	PSB130	533	6	la	la	_	_	_	_	_	linguistic	_	ContainsVariation=No	_	_	_	_	_	_
533-7	PSB130	533	7	cre[spella	crespella	_	_	_	_	_	linguistic	_	ContainsVariation=No	_	_	_	_	_	3-9(201)
533-8	PSB130	533	8	però]	però	_	_	_	_	_	linguistic	_	ContainsVariation=No	_	_	_	_	_	0-4(201)
533-9	PSB130	533	9	poi	poi	_	_	_	_	_	linguistic	_	ContainsVariation=No	_	_	_	_	_	_
533-10	PSB130	533	10	la	la	_	_	_	_	_	linguistic	_	ContainsVariation=No	_	_	_	_	_	_
533-11	PSB130	533	11	tagl~	tagl~	_	_	_	_	_	linguistic	_	ContainsVariation=No	Interrupted=Yes	_	_	_	_	_
533-12	PSB130	533	12	la	la	_	_	_	_	_	linguistic	_	ContainsVariation=No	_	_	_	_	_	_
533-13	PSB130	533	13	tagli	tagli	_	_	_	_	_	linguistic	_	ContainsVariation=No	_	_	_	_	_	_
533-14	PSB130	533	14	e	e	_	_	_	_	_	linguistic	_	ContainsVariation=No	_	_	_	_	_	_
533-15	PSB130	533	15	la	la	_	_	_	_	_	linguistic	_	ContainsVariation=No	_	_	_	_	_	_
533-16	PSB130	533	16	metti	metti	_	_	_	_	_	linguistic	_	ContainsVariation=No	_	_	_	_	_	_
533-17	PSB130	533	17	in	in	_	_	_	_	_	linguistic	_	ContainsVariation=No	_	_	_	_	_	_
533-18	PSB130	533	18	bro[do],	brodo	_	_	_	_	_	linguistic	_	ContainsVariation=No	Intonation=WeaklyRising	End=695.918	_	_	_	3-5(202)
534-0	PSB005	534	0	[no	no	_	_	_	_	_	linguistic	_	ContainsVariation=No	_	Begin=692.5	_	_	_	0-2(201)
534-1	PSB005	534	1	ma	ma	_	_	_	_	_	linguistic	_	ContainsVariation=No	_	_	_	_	_	0-2(201)
534-2	PSB005	534	2	faccio]	faccio	_	_	_	_	_	linguistic	_	ContainsVariation=No	_	End=693.262	_	_	_	0-6(201)
535-0	PSB129	535	0	[in	in	_	_	_	_	_	linguistic	_	ContainsVariation=No	_	Begin=695.34	_	_	_	0-2(202)
535-1	PSB129	535	1	brodo],	brodo	_	_	_	_	_	linguistic	_	ContainsVariation=No	Intonation=WeaklyRising	End=696.098	_	_	_	0-5(202)
536-0	PSB130	536	0	c(io)è	cioè	_	_	_	_	_	linguistic	_	ContainsVariation=No	Reduced=Yes	Begin=696.27	_	_	_	_
536-1	PSB130	536	1	o	o	_	_	_	_	_	linguistic	_	ContainsVariation=No	_	_	_	_	_	_
536-2	PSB130	536	2	la	la	_	_	_	_	_	linguistic	_	ContainsVariation=No	_	_	_	_	_	_
536-3	PSB130	536	3	[pavese]	pavese	_	_	_	_	_	linguistic	_	ContainsVariation=No	_	_	_	_	_	0-6(203)
536-4	PSB130	536	4	forse	forse	_	_	_	_	_	linguistic	_	ContainsVariation=No	_	_	_	_	_	_
536-5	PSB130	536	5	[c'	c'	_	_	_	_	_	linguistic	_	ContainsVariation=No	SpaceAfter=No	_	_	_	_	0-2(402)
536-6	PSB130	536	6	è]?	è	_	_	_	_	_	linguistic	_	ContainsVariation=No	Intonation=Rising	End=698.27	_	_	_	0-1(402)
537-0	PSB036	537	0	[xx]	xx	_	_	_	_	_	unknown	_	ContainsVariation=No	Syllables=2	Begin=696.974|End=697.428	_	_	_	0-2(203)
538-0	PSB129	538	0	[ma	ma	_	_	_	_	_	linguistic	_	ContainsVariation=No	_	Begin=697.927	_	_	_	0-2(?)
538-1	PSB129	538	1	non]	non	_	_	_	_	_	linguistic	_	ContainsVariation=No	_	_	_	_	_	0-3(?)
538-2	PSB129	538	2	[lo	lo	_	_	_	_	_	linguistic	_	ContainsVariation=No	_	_	_	_	_	0-2(?)
538-3	PSB129	538	3	so]	so	_	_	_	_	_	linguistic	_	ContainsVariation=No	_	End=699.187	_	_	_	0-2(?)
539-0	PSB036	539	0	[o	o	_	_	_	_	_	linguistic	_	ContainsVariation=No	_	Begin=698.22	_	_	_	0-1(402)
539-1	PSB036	539	1	in	in	_	_	_	_	_	linguistic	_	ContainsVariation=No	_	_	_	_	_	0-2(402)
539-2	PSB036	539	2	austria]	austria	_	_	_	_	_	linguistic	_	ContainsVariation=No	_	_	_	_	_	0-7(402)
539-3	PSB036	539	3	lo	lo	_	_	_	_	_	linguistic	_	ContainsVariation=No	_	_	_	_	_	_
539-4	PSB036	539	4	fan	fan	_	_	_	_	_	linguistic	_	ContainsVariation=No	_	_	_	_	_	_
539-5	PSB036	539	5	dappertu~	dappertu~	_	_	_	_	_	linguistic	_	ContainsVariation=No	Interrupted=Yes	_	_	_	_	_
539-6	PSB036	539	6	xx	xx	_	_	_	_	_	unknown	_	ContainsVariation=No	Syllables=2	_	_	_	_	_
539-7	PSB036	539	7	austria	austria	_	_	_	_	_	linguistic	_	ContainsVariation=No	_	_	_	_	_	_
539-8	PSB036	539	8	ger~	ger~	_	_	_	_	_	linguistic	_	ContainsVariation=No	Interrupted=Yes	_	_	_	_	_
539-9	PSB036	539	9	baviera	baviera	_	_	_	_	_	linguistic	_	ContainsVariation=No	_	_	_	_	_	_
539-10	PSB036	539	10	così	così	_	_	_	_	_	linguistic	_	ContainsVariation=No	_	_	_	_	_	_
539-11	PSB036	539	11	van	van	_	_	_	_	_	linguistic	_	ContainsVariation=No	_	_	_	_	_	_
539-12	PSB036	539	12	dappertu[tto]	dappertutto	_	_	_	_	_	linguistic	_	ContainsVariation=No	_	End=702.954	_	_	_	8-11(204)
540-0	PSB130	540	0	[eh]	eh	_	_	_	_	_	linguistic	_	ContainsVariation=No	_	Begin=702.38|End=702.688	_	_	_	0-2(204)
541-0	PSB130	541	0	[da	da	_	_	_	_	_	linguistic	_	ContainsVariation=No	_	Begin=703.15	_	_	_	0-2(205)
541-1	PSB130	541	1	me:	me	_	_	_	_	_	linguistic	_	ContainsVariation=No	_	_	1x1	_	_	0-2(205)
541-2	PSB130	541	2	giù	giù	_	_	_	_	_	linguistic	_	ContainsVariation=No	_	_	_	_	_	0-3(205)
541-3	PSB130	541	3	a	a	_	_	_	_	_	linguistic	_	ContainsVariation=No	_	_	_	_	_	0-1(205)
541-4	PSB130	541	4	casa	casa	_	_	_	_	_	linguistic	_	ContainsVariation=No	_	_	_	_	_	0-4(205)
541-5	PSB130	541	5	del	del	_	_	_	_	_	linguistic	_	ContainsVariation=No	_	_	_	_	_	0-3(205)
541-6	PSB130	541	6	mio	mio	_	_	_	_	_	linguistic	_	ContainsVariation=No	_	_	_	_	_	0-3(205)
541-7	PSB130	541	7	ragazzo	ragazzo	_	_	_	_	_	linguistic	_	ContainsVariation=No	_	_	_	_	_	0-7(205)
541-8	PSB130	541	8	mangiano	mangiano	_	_	_	_	_	linguistic	_	ContainsVariation=No	_	_	_	_	_	0-8(205)
541-9	PSB130	541	9	la	la	_	_	_	_	_	linguistic	_	ContainsVariation=No	PauseAfter=Yes	_	_	_	_	0-2(205)
541-10	PSB130	541	10	(.)	(.)	_	_	_	_	_	shortpause	_	ContainsVariation=No	_	_	_	_	_	X(205)
541-11	PSB130	541	11	cioè	cioè	_	_	_	_	_	linguistic	_	ContainsVariation=No	_	_	_	_	_	0-4(205)
541-12	PSB130	541	12	la	la	_	_	_	_	_	linguistic	_	ContainsVariation=No	_	_	_	_	_	0-2(205)
541-13	PSB130	541	13	minestra	minestra	_	_	_	_	_	linguistic	_	ContainsVariation=No	_	_	_	_	_	0-8(205)
541-14	PSB130	541	14	in	in	_	_	_	_	_	linguistic	_	ContainsVariation=No	_	_	_	_	_	0-2(205)
541-15	PSB130	541	15	brodo	brodo	_	_	_	_	_	linguistic	_	ContainsVariation=No	_	_	_	_	_	0-5(205)
541-16	PSB130	541	16	fatta	fatta	_	_	_	_	_	linguistic	_	ContainsVariation=No	_	_	_	_	_	0-5(205)
541-17	PSB130	541	17	con]	con	_	_	_	_	_	linguistic	_	ContainsVariation=No	_	End=708.768	_	_	_	0-3(205)
542-0	PSB129	542	0	[io	io	_	_	_	_	_	linguistic	_	ContainsVariation=No	_	Begin=703.46	_	_	_	0-2(205)
542-1	PSB129	542	1	invece	invece	_	_	_	_	_	linguistic	_	ContainsVariation=No	_	_	_	_	_	0-6(205)
542-2	PSB129	542	2	xxx]	xxx	_	_	_	_	_	unknown	_	ContainsVariation=No	Syllables=3	End=704.942	_	_	_	0-3(205)
543-0	PSB036	543	0	[col	col	_	_	_	_	_	linguistic	_	ContainsVariation=No	_	Begin=707.33	_	_	_	0-3(207)
543-1	PSB036	543	1	xx	xx	_	_	_	_	_	unknown	_	ContainsVariation=No	Syllables=2	_	_	_	_	0-2(207)
543-2	PSB036	543	2	che	che	_	_	_	_	_	linguistic	_	ContainsVariation=No	_	_	_	_	_	0-3(207)
543-3	PSB036	543	3	sembra	sembra	_	_	_	_	_	linguistic	_	ContainsVariation=No	_	_	_	_	_	0-6(207)
543-4	PSB036	543	4	un	un	_	_	_	_	_	linguistic	_	ContainsVariation=No	_	_	_	_	_	0-2(207)
543-5	PSB036	543	5	pancakes]	pancakes	_	_	_	_	_	linguistic	_	ContainsVariation=No	_	_	_	_	_	0-8(207)
543-6	PSB036	543	6	taglia~	taglia~	_	_	_	_	_	linguistic	_	ContainsVariation=No	Interrupted=Yes	End=710.491	_	_	_	_
544-0	PSB129	544	0	[e:h]	eh	_	_	_	_	_	linguistic	_	ContainsVariation=No	_	Begin=708.81|End=709.787	0x1	_	_	0-2(207)
545-0	PSB130	545	0	cioè	cioè	_	_	_	_	_	linguistic	_	ContainsVariation=No	_	Begin=710.79	_	_	_	_
545-1	PSB130	545	1	che	che	_	_	_	_	_	linguistic	_	ContainsVariation=No	_	_	_	_	_	_
545-2	PSB130	545	2	fai:	fai	_	_	_	_	_	linguistic	_	ContainsVariation=No	_	_	2x1	_	_	_
545-3	PSB130	545	3	[fai	fai	_	_	_	_	_	linguistic	_	ContainsVariation=No	_	_	_	_	_	0-3(?)
545-4	PSB130	545	4	una	una	_	_	_	_	_	linguistic	_	ContainsVariation=No	_	_	_	_	_	0-3(?)
545-5	PSB130	545	5	crespella]	crespella	_	_	_	_	_	linguistic	_	ContainsVariation=No	_	End=713.087	_	_	_	0-9(?)
546-0	PSB129	546	0	[sì	sì	_	_	_	_	_	linguistic	_	ContainsVariation=No	_	Begin=711.96	_	_	_	0-2(208)
546-1	PSB129	546	1	sì	sì	_	_	_	_	_	linguistic	_	ContainsVariation=No	_	_	_	_	_	0-2(208)
546-2	PSB129	546	2	sì]	sì	_	_	_	_	_	linguistic	_	ContainsVariation=No	_	End=712.625	_	_	_	0-2(208)
547-0	PSB091	547	0	[grazie	grazie	_	_	_	_	_	linguistic	_	ContainsVariation=No	_	Begin=712.63	_	_	_	0-6(209)
547-1	PSB091	547	1	a]	a	_	_	_	_	_	linguistic	_	ContainsVariation=No	_	_	_	_	_	0-1(209)
547-2	PSB091	547	2	quelli	quelli	_	_	_	_	_	linguistic	_	ContainsVariation=No	_	_	_	_	_	_
547-3	PSB091	547	3	che	che	_	_	_	_	_	linguistic	_	ContainsVariation=No	_	_	_	_	_	_
547-4	PSB091	547	4	han~	han~	_	_	_	_	_	linguistic	_	ContainsVariation=No	Interrupted=Yes	_	_	_	_	_
547-5	PSB091	547	5	che	che	_	_	_	_	_	linguistic	_	ContainsVariation=No	_	_	_	_	_	_
547-6	PSB091	547	6	hanno	hanno	_	_	_	_	_	linguistic	_	ContainsVariation=No	_	_	_	_	_	_
547-7	PSB091	547	7	mangiato	mangiato	_	_	_	_	_	linguistic	_	ContainsVariation=No	_	_	_	_	_	_
547-8	PSB091	547	8	perché	perché	_	_	_	_	_	linguistic	_	ContainsVariation=No	_	_	_	_	_	_
547-9	PSB091	547	9	cucinare	cucinare	_	_	_	_	_	linguistic	_	ContainsVariation=No	_	_	_	_	_	_
547-10	PSB091	547	10	sanno	sanno	_	_	_	_	_	linguistic	_	ContainsVariation=No	_	_	_	_	_	_
547-11	PSB091	547	11	[fare	fare	_	_	_	_	_	linguistic	_	ContainsVariation=No	_	_	_	_	_	0-4(210)
547-12	PSB091	547	12	tutti]	tutti	_	_	_	_	_	linguistic	_	ContainsVariation=No	_	End=716.288	_	_	_	0-5(210)
548-0	PSB129	548	0	[quanto]	quanto	_	_	_	_	_	linguistic	_	ContainsVariation=No	_	Begin=715.72	_	_	_	0-6(211)
548-1	PSB129	548	1	è	è	_	_	_	_	_	linguistic	_	ContainsVariation=No	_	_	_	_	_	_
548-2	PSB129	548	2	vero	vero	_	_	_	_	_	linguistic	_	ContainsVariation=No	PauseAfter=Yes	_	_	_	_	_
548-3	PSB129	548	3	(.)	(.)	_	_	_	_	_	shortpause	_	ContainsVariation=No	_	_	_	_	_	_
548-4	PSB129	548	4	mangiare	mangiare	_	_	_	_	_	linguistic	_	ContainsVariation=No	_	_	_	_	_	_
548-5	PSB129	548	5	è	è	_	_	_	_	_	linguistic	_	ContainsVariation=No	_	_	_	_	_	_
548-6	PSB129	548	6	difficile	difficile	_	_	_	_	_	linguistic	_	ContainsVariation=No	_	_	_	_	_	_
548-7	PSB129	548	7	>non	non	_	_	_	_	_	linguistic	_	ContainsVariation=No	_	_	_	Fast=0-3(0)	_	_
548-8	PSB129	548	8	so<	so	_	_	_	_	_	linguistic	_	ContainsVariation=No	_	_	_	Fast=0-2(0)	_	_
548-9	PSB129	548	9	ci	ci	_	_	_	_	_	linguistic	_	ContainsVariation=No	_	_	_	_	_	_
548-10	PSB129	548	10	vuole	vuole	_	_	_	_	_	linguistic	_	ContainsVariation=No	_	_	_	_	_	_
548-11	PSB129	548	11	una	una	_	_	_	_	_	linguistic	_	ContainsVariation=No	_	_	_	_	_	_
548-12	PSB129	548	12	un	un	_	_	_	_	_	linguistic	_	ContainsVariation=No	_	_	_	_	_	_
548-13	PSB129	548	13	corso	corso	_	_	_	_	_	linguistic	_	ContainsVariation=No	_	_	_	_	_	_
548-14	PSB129	548	14	specialistico	specialistico	_	_	_	_	_	linguistic	_	ContainsVariation=No	_	End=720.936	_	_	_	_
549-0	PSB036	549	0	((ride))	((ride))	_	_	_	_	_	nonverbalbehavior	_	ContainsVariation=No	_	Begin=716.29|End=717.455	_	_	_	_
550-0	PSB005	550	0	((ride))	((ride))	_	_	_	_	_	nonverbalbehavior	_	ContainsVariation=No	_	Begin=720.66|End=721.625	_	_	_	_
551-0	PSB127	551	0	((ride))	((ride))	_	_	_	_	_	nonverbalbehavior	_	ContainsVariation=No	_	Begin=721.44|End=723.231	_	_	_	_
552-0	PSB036	552	0	[non	non	_	_	_	_	_	linguistic	_	ContainsVariation=No	_	Begin=724.53	_	_	_	0-3(214)
552-1	PSB036	552	1	abbiamo	abbiamo	_	_	_	_	_	linguistic	_	ContainsVariation=No	_	_	_	_	_	0-7(214)
552-2	PSB036	552	2	ancora	ancora	_	_	_	_	_	linguistic	_	ContainsVariation=No	_	_	_	_	_	0-6(214)
552-3	PSB036	552	3	studiato	studiato	_	_	_	_	_	linguistic	_	ContainsVariation=No	_	_	_	_	_	0-8(214)
552-4	PSB036	552	4	abbastanza]	abbastanza	_	_	_	_	_	linguistic	_	ContainsVariation=No	_	End=726.407	_	_	_	0-10(214)
553-0	PSB086	553	0	[visto	visto	_	_	_	_	_	linguistic	_	ContainsVariation=No	_	Begin=724.71	_	_	_	0-5(214)
553-1	PSB086	553	1	che	che	_	_	_	_	_	linguistic	_	ContainsVariation=No	_	_	_	_	_	0-3(214)
553-2	PSB086	553	2	ci	ci	_	_	_	_	_	linguistic	_	ContainsVariation=No	_	_	_	_	_	0-2(214)
553-3	PSB086	553	3	sono	sono	_	_	_	_	_	linguistic	_	ContainsVariation=No	_	_	_	_	_	0-4(214)
553-4	PSB086	553	4	chiedo	chiedo	_	_	_	_	_	linguistic	_	ContainsVariation=No	_	_	_	_	_	0-6(214)
553-5	PSB086	553	5	un'	un'	_	_	_	_	_	linguistic	_	ContainsVariation=No	SpaceAfter=No	_	_	_	_	0-3(214)
553-6	PSB086	553	6	altra	altra	_	_	_	_	_	linguistic	_	ContainsVariation=No	_	_	_	_	_	0-5(214)
553-7	PSB086	553	7	co]sa	cosa	_	_	_	_	_	linguistic	_	ContainsVariation=No	_	_	_	_	_	0-2(214)
553-8	PSB086	553	8	una	una	_	_	_	_	_	linguistic	_	ContainsVariation=No	_	_	_	_	_	_
553-9	PSB086	553	9	curiosità	curiosità	_	_	_	_	_	linguistic	_	ContainsVariation=No	_	End=728.127	_	_	_	_
554-0	PSB129	554	0	[sì]	sì	_	_	_	_	_	linguistic	_	ContainsVariation=No	_	Begin=728.3|End=728.671	_	_	_	0-2(215)
555-0	PSB086	555	0	[è	è	_	_	_	_	_	linguistic	_	ContainsVariation=No	_	Begin=728.31	_	_	_	0-1(215)
555-1	PSB086	555	1	ve]ro	vero	_	_	_	_	_	linguistic	_	ContainsVariation=No	_	_	_	_	_	0-2(215)
555-2	PSB086	555	2	che	che	_	_	_	_	_	linguistic	_	ContainsVariation=No	_	End=729.19	_	_	_	_
556-0	PSB086	556	0	scusate	scusate	_	_	_	_	_	linguistic	_	ContainsVariation=No	_	Begin=730.2	_	_	_	_
556-1	PSB086	556	1	ho	ho	_	_	_	_	_	linguistic	_	ContainsVariation=No	_	_	_	_	_	_
556-2	PSB086	556	2	la	la	_	_	_	_	_	linguistic	_	ContainsVariation=No	_	_	_	_	_	_
556-3	PSB086	556	3	bocca	bocca	_	_	_	_	_	linguistic	_	ContainsVariation=No	_	_	_	_	_	_
556-4	PSB086	556	4	piena	piena	_	_	_	_	_	linguistic	_	ContainsVariation=No	_	End=731.472	_	_	_	_
557-0	PSB086	557	0	in	in	_	_	_	_	_	linguistic	_	ContainsVariation=No	_	Begin=733.82	_	_	_	_
557-1	PSB086	557	1	abruzzo	abruzzo	_	_	_	_	_	linguistic	_	ContainsVariation=No	_	_	_	_	_	_
557-2	PSB086	557	2	non	non	_	_	_	_	_	linguistic	_	ContainsVariation=No	_	_	_	_	_	_
557-3	PSB086	557	3	si	si	_	_	_	_	_	linguistic	_	ContainsVariation=No	_	_	_	_	_	_
557-4	PSB086	557	4	paga	paga	_	_	_	_	_	linguistic	_	ContainsVariation=No	_	_	_	_	_	_
557-5	PSB086	557	5	coperto	coperto	_	_	_	_	_	linguistic	_	ContainsVariation=No	_	End=736.012	_	_	_	_
558-0	PSB086	558	0	in	in	_	_	_	_	_	linguistic	_	ContainsVariation=No	_	Begin=736.67	_	_	_	_
558-1	PSB086	558	1	ristorante	ristorante	_	_	_	_	_	linguistic	_	ContainsVariation=No	_	End=737.634	_	_	_	_
559-0	PSB129	559	0	boh	boh	_	_	_	_	_	linguistic	_	ContainsVariation=No	_	Begin=737.8	_	_	_	_
559-1	PSB129	559	1	non	non	_	_	_	_	_	linguistic	_	ContainsVariation=No	_	_	_	_	_	_
559-2	PSB129	559	2	lo	lo	_	_	_	_	_	linguistic	_	ContainsVariation=No	_	_	_	_	_	_
559-3	PSB129	559	3	so	so	_	_	_	_	_	linguistic	_	ContainsVariation=No	_	_	_	_	_	_
559-4	PSB129	559	4	è	è	_	_	_	_	_	linguistic	_	ContainsVariation=No	_	_	_	_	_	_
559-5	PSB129	559	5	ve~	ve~	_	_	_	_	_	linguistic	_	ContainsVariation=No	Interrupted=Yes|PauseAfter=Yes	_	_	_	_	_
559-6	PSB129	559	6	(.)	(.)	_	_	_	_	_	shortpause	_	ContainsVariation=No	_	_	_	_	_	_
559-7	PSB129	559	7	non	non	_	_	_	_	_	linguistic	_	ContainsVariation=No	_	End=740.19	_	_	_	_
560-0	PSB129	560	0	[non	non	_	_	_	_	_	linguistic	_	ContainsVariation=No	_	Begin=740.37	_	_	_	0-3(216)
560-1	PSB129	560	1	non	non	_	_	_	_	_	linguistic	_	ContainsVariation=No	_	_	_	_	_	0-3(216)
560-2	PSB129	560	2	lo	lo	_	_	_	_	_	linguistic	_	ContainsVariation=No	_	_	_	_	_	0-2(216)
560-3	PSB129	560	3	so]	so	_	_	_	_	_	linguistic	_	ContainsVariation=No	_	End=741.44	_	_	_	0-2(216)
561-0	PSB086	561	0	[paghi	paghi	_	_	_	_	_	linguistic	_	ContainsVariation=No	_	Begin=740.48	_	_	_	0-5(216)
561-1	PSB086	561	1	quello	quello	_	_	_	_	_	linguistic	_	ContainsVariation=No	_	_	_	_	_	0-6(216)
561-2	PSB086	561	2	che	che	_	_	_	_	_	linguistic	_	ContainsVariation=No	_	_	_	_	_	0-3(216)
561-3	PSB086	561	3	ma]ngi	mangi	_	_	_	_	_	linguistic	_	ContainsVariation=No	_	_	_	_	_	0-2(216)
561-4	PSB086	561	4	che	che	_	_	_	_	_	linguistic	_	ContainsVariation=No	_	_	_	_	_	_
561-5	PSB086	561	5	consumi	consumi	_	_	_	_	_	linguistic	_	ContainsVariation=No	_	_	_	_	_	_
561-6	PSB086	561	6	ma	ma	_	_	_	_	_	linguistic	_	ContainsVariation=No	_	_	_	_	_	_
561-7	PSB086	561	7	non	non	_	_	_	_	_	linguistic	_	ContainsVariation=No	_	_	_	_	_	_
561-8	PSB086	561	8	paghi	paghi	_	_	_	_	_	linguistic	_	ContainsVariation=No	_	_	_	_	_	_
561-9	PSB086	561	9	il	il	_	_	_	_	_	linguistic	_	ContainsVariation=No	_	_	_	_	_	_
561-10	PSB086	561	10	coperto	coperto	_	_	_	_	_	linguistic	_	ContainsVariation=No	_	End=743.476	_	_	_	_
562-0	PSB036	562	0	in	in	_	_	_	_	_	linguistic	_	ContainsVariation=No	_	Begin=744.21	_	_	_	_
562-1	PSB036	562	1	abruzzo	abruzzo	_	_	_	_	_	linguistic	_	ContainsVariation=No	_	_	_	_	_	_
562-2	PSB036	562	2	speci~	speci~	_	_	_	_	_	linguistic	_	ContainsVariation=No	Interrupted=Yes	_	_	_	_	_
562-3	PSB036	562	3	non	non	_	_	_	_	_	linguistic	_	ContainsVariation=No	_	_	_	_	_	_
562-4	PSB036	562	4	[lo	lo	_	_	_	_	_	linguistic	_	ContainsVariation=No	_	_	_	_	_	0-2(217)
562-5	PSB036	562	5	so]	so	_	_	_	_	_	linguistic	_	ContainsVariation=No	_	End=746.007	_	_	_	0-2(217)
563-0	PSB129	563	0	[non	non	_	_	_	_	_	linguistic	_	ContainsVariation=No	_	Begin=745.56	_	_	_	0-3(217)
563-1	PSB129	563	1	lo	lo	_	_	_	_	_	linguistic	_	ContainsVariation=No	_	_	_	_	_	0-2(217)
563-2	PSB129	563	2	so]	so	_	_	_	_	_	linguistic	_	ContainsVariation=No	_	End=746.118	_	_	_	0-2(217)
564-0	PSB036	564	0	magari	magari	_	_	_	_	_	linguistic	_	ContainsVariation=No	_	Begin=746.17	_	_	_	_
564-1	PSB036	564	1	sì	sì	_	_	_	_	_	linguistic	_	ContainsVariation=No	_	End=746.943	_	_	_	_
565-0	PSB086	565	0	[a	a	_	_	_	_	_	linguistic	_	ContainsVariation=No	_	Begin=746.81	_	_	_	0-1(403)
565-1	PSB086	565	1	bologna	bologna	_	_	_	_	_	linguistic	_	ContainsVariation=No	_	_	_	_	_	0-7(403)
565-2	PSB086	565	2	ci	ci	_	_	_	_	_	linguistic	_	ContainsVariation=No	_	_	_	_	_	0-2(403)
565-3	PSB086	565	3	c'	c'	_	_	_	_	_	linguistic	_	ContainsVariation=No	SpaceAfter=No	_	_	_	_	0-2(403)
565-4	PSB086	565	4	è	è	_	_	_	_	_	linguistic	_	ContainsVariation=No	_	_	_	_	_	0-1(403)
565-5	PSB086	565	5	un	un	_	_	_	_	_	linguistic	_	ContainsVariation=No	PauseAfter=Yes	_	_	_	_	0-2(403)
565-6	PSB086	565	6	(.)	(.)	_	_	_	_	_	shortpause	_	ContainsVariation=No	_	_	_	_	_	X(403)
565-7	PSB086	565	7	un	un	_	_	_	_	_	linguistic	_	ContainsVariation=No	_	_	_	_	_	0-2(403)
565-8	PSB086	565	8	a	a	_	_	_	_	_	linguistic	_	ContainsVariation=No	_	_	_	_	_	0-1(403)
565-9	PSB086	565	9	bolo]gna	bologna	_	_	_	_	_	linguistic	_	ContainsVariation=No	_	_	_	_	_	0-4(403)
565-10	PSB086	565	10	c'	c'	_	_	_	_	_	linguistic	_	ContainsVariation=No	SpaceAfter=No	_	_	_	_	_
565-11	PSB086	565	11	è	è	_	_	_	_	_	linguistic	_	ContainsVariation=No	_	_	_	_	_	_
565-12	PSB086	565	12	ristorante	ristorante	_	_	_	_	_	linguistic	_	ContainsVariation=No	_	_	_	_	_	_
565-13	PSB086	565	13	abruzze[se	abruzzese	_	_	_	_	_	linguistic	_	ContainsVariation=No	PauseAfter=Yes	_	_	_	_	5-9(218)
565-14	PSB086	565	14	(.)	(.)	_	_	_	_	_	shortpause	_	ContainsVariation=No	_	_	_	_	_	X(218)
565-15	PSB086	565	15	orsetto	orsetto	_	_	_	_	_	linguistic	_	ContainsVariation=No	_	_	_	_	_	0-7(218)
565-16	PSB086	565	16	si	si	_	_	_	_	_	linguistic	_	ContainsVariation=No	_	_	_	_	_	0-2(218)
565-17	PSB086	565	17	chiama],	chiama	_	_	_	_	_	linguistic	_	ContainsVariation=No	Intonation=WeaklyRising	End=752.455	_	_	_	0-5(218)
566-0	PSB129	566	0	[in	in	_	_	_	_	_	linguistic	_	ContainsVariation=No	_	Begin=746.87	_	_	_	0-2(403)
566-1	PSB129	566	1	molise	molise	_	_	_	_	_	linguistic	_	ContainsVariation=No	_	_	_	_	_	0-6(403)
566-2	PSB129	566	2	si	si	_	_	_	_	_	linguistic	_	ContainsVariation=No	_	_	_	_	_	0-2(403)
566-3	PSB129	566	3	paga	paga	_	_	_	_	_	linguistic	_	ContainsVariation=No	_	_	_	_	_	0-4(403)
566-4	PSB129	566	4	il	il	_	_	_	_	_	linguistic	_	ContainsVariation=No	_	_	_	_	_	0-2(403)
566-5	PSB129	566	5	coperto]	coperto	_	_	_	_	_	linguistic	_	ContainsVariation=No	_	End=748.844	_	_	_	0-7(403)
567-0	PSB129	567	0	[e	e	_	_	_	_	_	linguistic	_	ContainsVariation=No	_	Begin=750.73	_	_	_	0-1(218)
567-1	PSB129	567	1	non	non	_	_	_	_	_	linguistic	_	ContainsVariation=No	_	_	_	_	_	0-3(218)
567-2	PSB129	567	2	si	si	_	_	_	_	_	linguistic	_	ContainsVariation=No	_	_	_	_	_	0-2(218)
567-3	PSB129	567	3	paga	paga	_	_	_	_	_	linguistic	_	ContainsVariation=No	_	_	_	_	_	0-4(218)
567-4	PSB129	567	4	il	il	_	_	_	_	_	linguistic	_	ContainsVariation=No	_	_	_	_	_	0-2(218)
567-5	PSB129	567	5	coperto]?	coperto	_	_	_	_	_	linguistic	_	ContainsVariation=No	Intonation=Rising	End=752.321	_	_	_	0-7(218)
568-0	PSB086	568	0	dappertutto	dappertutto	_	_	_	_	_	linguistic	_	ContainsVariation=No	_	Begin=752.79	_	_	_	_
568-1	PSB086	568	1	dappertutto	dappertutto	_	_	_	_	_	linguistic	_	ContainsVariation=No	_	_	_	_	_	_
568-2	PSB086	568	2	sei	sei	_	_	_	_	_	linguistic	_	ContainsVariation=No	_	_	_	_	_	_
568-3	PSB086	568	3	come	come	_	_	_	_	_	linguistic	_	ContainsVariation=No	_	_	_	_	_	_
568-4	PSB086	568	4	in	in	_	_	_	_	_	linguistic	_	ContainsVariation=No	_	_	_	_	_	_
568-5	PSB086	568	5	abruzzo	abruzzo	_	_	_	_	_	linguistic	_	ContainsVariation=No	_	_	_	_	_	_
568-6	PSB086	568	6	((ride))	((ride))	_	_	_	_	_	nonverbalbehavior	_	ContainsVariation=No	_	End=756.969	_	_	_	_
569-0	PSB129	569	0	non	non	_	_	_	_	_	linguistic	_	ContainsVariation=No	_	Begin=755.8	_	_	_	_
569-1	PSB129	569	1	si	si	_	_	_	_	_	linguistic	_	ContainsVariation=No	_	_	_	_	_	_
569-2	PSB129	569	2	paga	paga	_	_	_	_	_	linguistic	_	ContainsVariation=No	_	End=756.775	_	_	_	_
570-0	PSB130	570	0	ah	ah	_	_	_	_	_	linguistic	_	ContainsVariation=No	_	Begin=757.018|End=757.3175	_	_	_	_
571-0	PSB086	571	0	scritto	scritto	_	_	_	_	_	linguistic	_	ContainsVariation=No	_	Begin=757.3175	_	_	_	_
571-1	PSB086	571	1	proprio	proprio	_	_	_	_	_	linguistic	_	ContainsVariation=No	_	_	_	_	_	_
571-2	PSB086	571	2	sì	sì	_	_	_	_	_	linguistic	_	ContainsVariation=No	_	End=758.284	_	_	_	_
572-0	PSB130	572	0	[sai	sai	_	_	_	_	_	linguistic	_	ContainsVariation=No	_	Begin=758.22	_	_	_	0-3(404)
572-1	PSB130	572	1	che	che	_	_	_	_	_	linguistic	_	ContainsVariation=No	_	_	_	_	_	0-3(404)
572-2	PSB130	572	2	non	non	_	_	_	_	_	linguistic	_	ContainsVariation=No	_	_	_	_	_	0-3(404)
572-3	PSB130	572	3	l'	l'	_	_	_	_	_	linguistic	_	ContainsVariation=No	SpaceAfter=No	_	_	_	_	0-2(404)
572-4	PSB130	572	4	ho	ho	_	_	_	_	_	linguistic	_	ContainsVariation=No	_	_	_	_	_	0-2(404)
572-5	PSB130	572	5	mai	mai	_	_	_	_	_	linguistic	_	ContainsVariation=No	_	_	_	_	_	0-3(404)
572-6	PSB130	572	6	sentito]?	sentito	_	_	_	_	_	linguistic	_	ContainsVariation=No	Intonation=Rising	End=759.712	_	_	_	0-7(404)
573-0	PSB129	573	0	[non	non	_	_	_	_	_	linguistic	_	ContainsVariation=No	_	Begin=758.24	_	_	_	0-3(404)
573-1	PSB129	573	1	ci	ci	_	_	_	_	_	linguistic	_	ContainsVariation=No	_	_	_	_	_	0-2(404)
573-2	PSB129	573	2	ho	ho	_	_	_	_	_	linguistic	_	ContainsVariation=No	_	_	_	_	_	0-2(404)
573-3	PSB129	573	3	mai	mai	_	_	_	_	_	linguistic	_	ContainsVariation=No	_	_	_	_	_	0-3(404)
573-4	PSB129	573	4	fatto	fatto	_	_	_	_	_	linguistic	_	ContainsVariation=No	_	_	_	_	_	0-5(404)
573-5	PSB129	573	5	caso]	caso	_	_	_	_	_	linguistic	_	ContainsVariation=No	_	End=759.82	_	_	_	0-4(404)
574-0	PSB086	574	0	[s~	s~	_	_	_	_	_	linguistic	_	ContainsVariation=No	Interrupted=Yes	Begin=760.09	_	_	_	0-2(221)
574-1	PSB086	574	1	sì	sì	_	_	_	_	_	linguistic	_	ContainsVariation=No	PauseAfter=Yes	_	_	_	_	0-2(221)
574-2	PSB086	574	2	(.)	(.)	_	_	_	_	_	shortpause	_	ContainsVariation=No	_	_	_	_	_	X(221)
574-3	PSB086	574	3	ogni]	ogni	_	_	_	_	_	linguistic	_	ContainsVariation=No	_	_	_	_	_	0-4(221)
574-4	PSB086	574	4	ristorante	ristorante	_	_	_	_	_	linguistic	_	ContainsVariation=No	_	_	_	_	_	_
574-5	PSB086	574	5	paghi	paghi	_	_	_	_	_	linguistic	_	ContainsVariation=No	_	_	_	_	_	_
574-6	PSB086	574	6	due	due	_	_	_	_	_	linguistic	_	ContainsVariation=No	_	_	_	_	_	_
574-7	PSB086	574	7	euro	euro	_	_	_	_	_	linguistic	_	ContainsVariation=No	_	_	_	_	_	_
574-8	PSB086	574	8	due	due	_	_	_	_	_	linguistic	_	ContainsVariation=No	_	_	_	_	_	_
574-9	PSB086	574	9	e	e	_	_	_	_	_	linguistic	_	ContainsVariation=No	_	_	_	_	_	_
574-10	PSB086	574	10	cin[quanta	cinquanta	_	_	_	_	_	linguistic	_	ContainsVariation=No	_	_	_	_	_	3-9(220)
574-11	PSB086	574	11	per	per	_	_	_	_	_	linguistic	_	ContainsVariation=No	_	_	_	_	_	0-3(220)
574-12	PSB086	574	12	quello]	quello	_	_	_	_	_	linguistic	_	ContainsVariation=No	PauseAfter=Yes	_	_	_	_	0-6(220)
574-13	PSB086	574	13	(.)	(.)	_	_	_	_	_	shortpause	_	ContainsVariation=No	_	_	_	_	_	_
574-14	PSB086	574	14	apparecchiato	apparecchiato	_	_	_	_	_	linguistic	_	ContainsVariation=No	_	_	_	_	_	_
574-15	PSB086	574	15	tutto,	tutto	_	_	_	_	_	linguistic	_	ContainsVariation=No	Intonation=WeaklyRising	End=765.153	_	_	_	_
575-0	PSB130	575	0	[ma	ma	_	_	_	_	_	linguistic	_	ContainsVariation=No	_	Begin=760.14	_	_	_	0-2(221)
575-1	PSB130	575	1	può	può	_	_	_	_	_	linguistic	_	ContainsVariation=No	_	_	_	_	_	0-3(221)
575-2	PSB130	575	2	essere]	essere	_	_	_	_	_	linguistic	_	ContainsVariation=No	_	End=761.014	_	_	_	0-6(221)
576-0	PSB129	576	0	[sì	sì	_	_	_	_	_	linguistic	_	ContainsVariation=No	_	Begin=762.75	_	_	_	0-2(220)
576-1	PSB129	576	1	sì	sì	_	_	_	_	_	linguistic	_	ContainsVariation=No	_	_	_	_	_	0-2(220)
576-2	PSB129	576	2	sì]	sì	_	_	_	_	_	linguistic	_	ContainsVariation=No	_	End=763.517	_	_	_	0-2(220)
577-0	PSB086	577	0	[abruzzesi	abruzzesi	_	_	_	_	_	linguistic	_	ContainsVariation=No	_	Begin=765.45	_	_	_	0-9(?)
577-1	PSB086	577	1	no	no	_	_	_	_	_	linguistic	_	ContainsVariation=No	_	_	_	_	_	0-2(?)
577-2	PSB086	577	2	quan~	quan~	_	_	_	_	_	linguistic	_	ContainsVariation=No	Interrupted=Yes	_	_	_	_	0-5(?)
577-3	PSB086	577	3	quello	quello	_	_	_	_	_	linguistic	_	ContainsVariation=No	_	_	_	_	_	0-6(?)
577-4	PSB086	577	4	che	che	_	_	_	_	_	linguistic	_	ContainsVariation=No	_	_	_	_	_	0-3(?)
577-5	PSB086	577	5	mangi]	mangi	_	_	_	_	_	linguistic	_	ContainsVariation=No	_	End=767.857	_	_	_	0-5(?)
578-0	PSB036	578	0	[lavo	lavo	_	_	_	_	_	linguistic	_	ContainsVariation=No	_	Begin=765.75	_	_	_	0-4(405)
578-1	PSB036	578	1	io	io	_	_	_	_	_	linguistic	_	ContainsVariation=No	_	_	_	_	_	0-2(405)
578-2	PSB036	578	2	se	se	_	_	_	_	_	linguistic	_	ContainsVariation=No	_	_	_	_	_	0-2(405)
578-3	PSB036	578	3	vuoi	vuoi	_	_	_	_	_	linguistic	_	ContainsVariation=No	_	_	_	_	_	0-4(405)
578-4	PSB036	578	4	xx]	xx	_	_	_	_	_	unknown	_	ContainsVariation=No	Syllables=2	End=766.829	_	_	_	0-2(405)
579-0	PSB130	579	0	[xxamo	xxamo	_	_	_	_	_	linguistic	_	ContainsVariation=No	_	Begin=766.21	_	_	_	0-5(?)
579-1	PSB130	579	1	dare	dare	_	_	_	_	_	linguistic	_	ContainsVariation=No	_	_	_	_	_	0-4(?)
579-2	PSB130	579	2	una	una	_	_	_	_	_	linguistic	_	ContainsVariation=No	_	_	_	_	_	0-3(?)
579-3	PSB130	579	3	mano	mano	_	_	_	_	_	linguistic	_	ContainsVariation=No	_	_	_	_	_	0-4(?)
579-4	PSB130	579	4	a	a	_	_	_	_	_	linguistic	_	ContainsVariation=No	_	_	_	_	_	0-1(?)
579-5	PSB130	579	5	lavare]?	lavare	_	_	_	_	_	linguistic	_	ContainsVariation=No	Intonation=Rising	End=768.294	_	_	_	0-6(?)
580-0	PSB036	580	0	[li	li	_	_	_	_	_	linguistic	_	ContainsVariation=No	_	Begin=767.553	_	_	_	0-2(?)
580-1	PSB036	580	1	lavo	lavo	_	_	_	_	_	linguistic	_	ContainsVariation=No	_	_	_	_	_	0-4(?)
580-2	PSB036	580	2	io]?	io	_	_	_	_	_	linguistic	_	ContainsVariation=No	Intonation=Rising	End=768.286	_	_	_	0-2(?)
581-0	PSB091	581	0	[fa]ccio	faccio	_	_	_	_	_	linguistic	_	ContainsVariation=No	_	Begin=768.18	_	_	_	0-2(407)
581-1	PSB091	581	1	io	io	_	_	_	_	_	linguistic	_	ContainsVariation=No	_	End=768.657	_	_	_	_
582-0	PSB036	582	0	sicura?	sicura	_	_	_	_	_	linguistic	_	ContainsVariation=No	Intonation=Rising|PauseAfter=Yes	Begin=768.73	_	_	_	_
582-1	PSB036	582	1	[(.)	(.)	_	_	_	_	_	shortpause	_	ContainsVariation=No	_	_	_	_	_	X(408)
582-2	PSB036	582	2	guarda	guarda	_	_	_	_	_	linguistic	_	ContainsVariation=No	_	_	_	_	_	0-6(408)
582-3	PSB036	582	3	che	che	_	_	_	_	_	linguistic	_	ContainsVariation=No	_	_	_	_	_	0-3(408)
582-4	PSB036	582	4	a	a	_	_	_	_	_	linguistic	_	ContainsVariation=No	_	_	_	_	_	0-1(408)
582-5	PSB036	582	5	me	me	_	_	_	_	_	linguistic	_	ContainsVariation=No	_	_	_	_	_	0-2(408)
582-6	PSB036	582	6	non	non	_	_	_	_	_	linguistic	_	ContainsVariation=No	_	_	_	_	_	0-3(408)
582-7	PSB036	582	7	disp~]	disp~	_	_	_	_	_	linguistic	_	ContainsVariation=No	Interrupted=Yes	End=771.043	_	_	_	0-5(408)
583-0	PSB129	583	0	[no:	no	_	_	_	_	_	linguistic	_	ContainsVariation=No	_	Begin=769.22	1x1	_	_	0-2(408)
583-1	PSB129	583	1	xx]	xx	_	_	_	_	_	unknown	_	ContainsVariation=No	Syllables=2	End=770.188	_	_	_	0-2(408)
584-0	PSB091	584	0	[voi	voi	_	_	_	_	_	linguistic	_	ContainsVariation=No	_	Begin=769.37	_	_	_	0-3(408)
584-1	PSB091	584	1	spaz~	spaz~	_	_	_	_	_	linguistic	_	ContainsVariation=No	Interrupted=Yes	_	_	_	_	0-5(408)
584-2	PSB091	584	2	voi	voi	_	_	_	_	_	linguistic	_	ContainsVariation=No	_	_	_	_	_	0-3(408)
584-3	PSB091	584	3	guardate	guardate	_	_	_	_	_	linguistic	_	ContainsVariation=No	_	_	_	_	_	0-8(408)
584-4	PSB091	584	4	se	se	_	_	_	_	_	linguistic	_	ContainsVariation=No	_	_	_	_	_	0-2(408)
584-5	PSB091	584	5	c'	c'	_	_	_	_	_	linguistic	_	ContainsVariation=No	SpaceAfter=No	_	_	_	_	0-2(408)
584-6	PSB091	584	6	è	è	_	_	_	_	_	linguistic	_	ContainsVariation=No	_	_	_	_	_	0-1(408)
584-7	PSB091	584	7	da]	da	_	_	_	_	_	linguistic	_	ContainsVariation=No	_	_	_	_	_	0-2(408)
584-8	PSB091	584	8	spazzare	spazzare	_	_	_	_	_	linguistic	_	ContainsVariation=No	_	_	_	_	_	_
584-9	PSB091	584	9	il	il	_	_	_	_	_	linguistic	_	ContainsVariation=No	_	_	_	_	_	_
584-10	PSB091	584	10	pavimento	pavimento	_	_	_	_	_	linguistic	_	ContainsVariation=No	_	_	_	_	_	_
584-11	PSB091	584	11	perché	perché	_	_	_	_	_	linguistic	_	ContainsVariation=No	_	_	_	_	_	_
584-12	PSB091	584	12	noi	noi	_	_	_	_	_	linguistic	_	ContainsVariation=No	_	_	_	_	_	_
584-13	PSB091	584	13	[abbiamo	abbiamo	_	_	_	_	_	linguistic	_	ContainsVariation=No	_	_	_	_	_	0-7(222)
584-14	PSB091	584	14	sempre	sempre	_	_	_	_	_	linguistic	_	ContainsVariation=No	_	_	_	_	_	0-6(222)
584-15	PSB091	584	15	pulito	pulito	_	_	_	_	_	linguistic	_	ContainsVariation=No	_	_	_	_	_	0-6(222)
584-16	PSB091	584	16	va	va	_	_	_	_	_	linguistic	_	ContainsVariation=No	_	_	_	_	_	0-2(222)
584-17	PSB091	584	17	bene]	bene	_	_	_	_	_	linguistic	_	ContainsVariation=No	_	_	_	_	_	0-4(222)
584-18	PSB091	584	18	sì	sì	_	_	_	_	_	linguistic	_	ContainsVariation=No	_	_	_	_	_	_
584-19	PSB091	584	19	lavo	lavo	_	_	_	_	_	linguistic	_	ContainsVariation=No	_	_	_	_	_	_
584-20	PSB091	584	20	io	io	_	_	_	_	_	linguistic	_	ContainsVariation=No	_	_	_	_	_	_
584-21	PSB091	584	21	perché	perché	_	_	_	_	_	linguistic	_	ContainsVariation=No	_	_	_	_	_	_
584-22	PSB091	584	22	m~	m~	_	_	_	_	_	linguistic	_	ContainsVariation=No	Interrupted=Yes	_	_	_	_	_
584-23	PSB091	584	23	mi	mi	_	_	_	_	_	linguistic	_	ContainsVariation=No	_	_	_	_	_	_
584-24	PSB091	584	24	piace	piace	_	_	_	_	_	linguistic	_	ContainsVariation=No	_	_	_	_	_	_
584-25	PSB091	584	25	un	un	_	_	_	_	_	linguistic	_	ContainsVariation=No	_	_	_	_	_	_
584-26	PSB091	584	26	sac[co]	sacco	_	_	_	_	_	linguistic	_	ContainsVariation=No	_	End=776.186	_	_	_	2-5(409)
585-0	PSB129	585	0	[noi	noi	_	_	_	_	_	linguistic	_	ContainsVariation=No	_	Begin=772.04	_	_	_	0-3(222)
585-1	PSB129	585	1	spazziamo	spazziamo	_	_	_	_	_	linguistic	_	ContainsVariation=No	_	_	_	_	_	0-9(222)
585-2	PSB129	585	2	tutto	tutto	_	_	_	_	_	linguistic	_	ContainsVariation=No	_	_	_	_	_	0-5(222)
585-3	PSB129	585	3	sì	sì	_	_	_	_	_	linguistic	_	ContainsVariation=No	_	_	_	_	_	0-2(222)
585-4	PSB129	585	4	sì	sì	_	_	_	_	_	linguistic	_	ContainsVariation=No	_	_	_	_	_	0-2(222)
585-5	PSB129	585	5	sì]	sì	_	_	_	_	_	linguistic	_	ContainsVariation=No	_	End=774.08	_	_	_	0-2(222)
586-0	PSB129	586	0	[ti	ti	_	_	_	_	_	linguistic	_	ContainsVariation=No	_	Begin=775.99	_	_	_	0-2(410)
586-1	PSB129	586	1	piace	piace	_	_	_	_	_	linguistic	_	ContainsVariation=No	_	_	_	_	_	0-5(410)
586-2	PSB129	586	2	lavare]?	lavare	_	_	_	_	_	linguistic	_	ContainsVariation=No	Intonation=Rising	End=776.957	_	_	_	0-6(410)
587-0	PSB130	587	0	[no:]	no	_	_	_	_	_	linguistic	_	ContainsVariation=No	_	Begin=776.15|End=776.626	1x1	_	_	0-2(409)
588-0	PSB091	588	0	[sì]	sì	_	_	_	_	_	linguistic	_	ContainsVariation=No	_	Begin=776.68|End=776.977	_	_	_	0-2(410)
589-0	PSB036	589	0	[ti]	ti	_	_	_	_	_	linguistic	_	ContainsVariation=No	_	Begin=776.72	_	_	_	0-2(410)
589-1	PSB036	589	1	capisco	capisco	_	_	_	_	_	linguistic	_	ContainsVariation=No	_	End=777.492	_	_	_	_
590-0	PSB129	590	0	io	io	_	_	_	_	_	linguistic	_	ContainsVariation=No	_	Begin=777.52	_	_	_	_
590-1	PSB129	590	1	non	non	_	_	_	_	_	linguistic	_	ContainsVariation=No	_	_	_	_	_	_
590-2	PSB129	590	2	ci	ci	_	_	_	_	_	linguistic	_	ContainsVariation=No	_	_	_	_	_	_
590-3	PSB129	590	3	credo	credo	_	_	_	_	_	linguistic	_	ContainsVariation=No	_	_	_	_	_	_
590-4	PSB129	590	4	[tanto]	tanto	_	_	_	_	_	linguistic	_	ContainsVariation=No	_	End=778.997	_	_	_	0-5(223)
591-0	PSB130	591	0	[no:]	no	_	_	_	_	_	linguistic	_	ContainsVariation=No	_	Begin=778.4	1x1	_	_	0-2(223)
591-1	PSB130	591	1	uno	uno	_	_	_	_	_	linguistic	_	ContainsVariation=No	_	_	_	_	_	_
591-2	PSB130	591	2	si	si	_	_	_	_	_	linguistic	_	ContainsVariation=No	_	_	_	_	_	_
591-3	PSB130	591	3	è	è	_	_	_	_	_	linguistic	_	ContainsVariation=No	_	_	_	_	_	_
591-4	PSB130	591	4	spiaccicato	spiaccicato	_	_	_	_	_	linguistic	_	ContainsVariation=No	_	End=780.483	_	_	_	_
592-0	PSB036	592	0	((ride))	((ride))	_	_	_	_	_	nonverbalbehavior	_	ContainsVariation=No	_	Begin=780.5|End=781.375	_	_	_	_
593-0	PSB130	593	0	no:	no	_	_	_	_	_	linguistic	_	ContainsVariation=No	_	Begin=780.97|End=781.646	1x1	_	_	_
594-0	PSB036	594	0	e	e	_	_	_	_	_	linguistic	_	ContainsVariation=No	_	Begin=782.19	_	_	_	_
594-1	PSB036	594	1	vabbè	vabbè	_	_	_	_	_	linguistic	_	ContainsVariation=No	_	_	_	_	_	_
594-2	PSB036	594	2	capi~	capi~	_	_	_	_	_	linguistic	_	ContainsVariation=No	Interrupted=Yes	_	_	_	_	_
594-3	PSB036	594	3	xxx	xxx	_	_	_	_	_	unknown	_	ContainsVariation=No	Syllables=3	End=783.513	_	_	_	_
595-0	PSB129	595	0	non	non	_	_	_	_	_	linguistic	_	ContainsVariation=No	_	Begin=783.55	_	_	_	_
595-1	PSB129	595	1	lo	lo	_	_	_	_	_	linguistic	_	ContainsVariation=No	_	_	_	_	_	_
595-2	PSB129	595	2	so	so	_	_	_	_	_	linguistic	_	ContainsVariation=No	_	_	_	_	_	_
595-3	PSB129	595	3	questa	questa	_	_	_	_	_	linguistic	_	ContainsVariation=No	_	_	_	_	_	_
595-4	PSB129	595	4	cosa	cosa	_	_	_	_	_	linguistic	_	ContainsVariation=No	_	_	_	_	_	_
595-5	PSB129	595	5	del	del	_	_	_	_	_	linguistic	_	ContainsVariation=No	_	_	_	_	_	_
595-6	PSB129	595	6	coperto	coperto	_	_	_	_	_	linguistic	_	ContainsVariation=No	_	_	_	_	_	_
595-7	PSB129	595	7	adesso	adesso	_	_	_	_	_	linguistic	_	ContainsVariation=No	_	_	_	_	_	_
595-8	PSB129	595	8	chiedo	chiedo	_	_	_	_	_	linguistic	_	ContainsVariation=No	_	End=786.145	_	_	_	_
596-0	PSB129	596	0	da	da	_	_	_	_	_	linguistic	_	ContainsVariation=No	_	Begin=786.88	_	_	_	_
596-1	PSB129	596	1	me	me	_	_	_	_	_	linguistic	_	ContainsVariation=No	_	_	_	_	_	_
596-2	PSB129	596	2	in	in	_	_	_	_	_	linguistic	_	ContainsVariation=No	_	_	_	_	_	_
596-3	PSB129	596	3	molise	molise	_	_	_	_	_	linguistic	_	ContainsVariation=No	_	_	_	_	_	_
596-4	PSB129	596	4	si	si	_	_	_	_	_	linguistic	_	ContainsVariation=No	_	_	_	_	_	_
596-5	PSB129	596	5	paga	paga	_	_	_	_	_	linguistic	_	ContainsVariation=No	_	_	_	_	_	_
596-6	PSB129	596	6	[il	il	_	_	_	_	_	linguistic	_	ContainsVariation=No	_	_	_	_	_	0-2(225)
596-7	PSB129	596	7	coperto]	coperto	_	_	_	_	_	linguistic	_	ContainsVariation=No	_	End=789.076	_	_	_	0-7(225)
597-0	PSB130	597	0	[xxxx]	xxxx	_	_	_	_	_	unknown	_	ContainsVariation=No	Syllables=4	Begin=788.33	_	_	_	0-4(225)
597-1	PSB130	597	1	in	in	_	_	_	_	_	linguistic	_	ContainsVariation=No	_	_	_	_	_	_
597-2	PSB130	597	2	italia	italia	_	_	_	_	_	linguistic	_	ContainsVariation=No	_	_	_	_	_	_
597-3	PSB130	597	3	se	se	_	_	_	_	_	linguistic	_	ContainsVariation=No	_	_	_	_	_	_
597-4	PSB130	597	4	non	non	_	_	_	_	_	linguistic	_	ContainsVariation=No	_	_	_	_	_	_
597-5	PSB130	597	5	paghi	paghi	_	_	_	_	_	linguistic	_	ContainsVariation=No	_	_	_	_	_	_
597-6	PSB130	597	6	il	il	_	_	_	_	_	linguistic	_	ContainsVariation=No	_	_	_	_	_	_
597-7	PSB130	597	7	cop[erto	coperto	_	_	_	_	_	linguistic	_	ContainsVariation=No	_	_	_	_	_	3-7(226)
597-8	PSB130	597	8	si	si	_	_	_	_	_	linguistic	_	ContainsVariation=No	_	_	_	_	_	0-2(226)
597-9	PSB130	597	9	paga	paga	_	_	_	_	_	linguistic	_	ContainsVariation=No	_	_	_	_	_	0-4(226)
597-10	PSB130	597	10	da	da	_	_	_	_	_	linguistic	_	ContainsVariation=No	_	_	_	_	_	0-2(226)
597-11	PSB130	597	11	un'	un'	_	_	_	_	_	linguistic	_	ContainsVariation=No	SpaceAfter=No	_	_	_	_	0-3(226)
597-12	PSB130	597	12	altra	altra	_	_	_	_	_	linguistic	_	ContainsVariation=No	_	_	_	_	_	0-5(226)
597-13	PSB130	597	13	parte]	parte	_	_	_	_	_	linguistic	_	ContainsVariation=No	_	End=792.052	_	_	_	0-5(226)
598-0	PSB086	598	0	[eh	eh	_	_	_	_	_	linguistic	_	ContainsVariation=No	_	Begin=790.21	_	_	_	0-2(226)
598-1	PSB086	598	1	eh	eh	_	_	_	_	_	linguistic	_	ContainsVariation=No	_	_	_	_	_	0-2(226)
598-2	PSB086	598	2	altra	altra	_	_	_	_	_	linguistic	_	ContainsVariation=No	_	_	_	_	_	0-5(226)
598-3	PSB086	598	3	cosa	cosa	_	_	_	_	_	linguistic	_	ContainsVariation=No	_	_	_	_	_	0-4(226)
598-4	PSB086	598	4	che	che	_	_	_	_	_	linguistic	_	ContainsVariation=No	_	_	_	_	_	0-3(226)
598-5	PSB086	598	5	abruzzesi	abruzzesi	_	_	_	_	_	linguistic	_	ContainsVariation=No	_	_	_	_	_	0-9(226)
598-6	PSB086	598	6	mol]to	molto	_	_	_	_	_	linguistic	_	ContainsVariation=No	_	_	_	_	_	0-3(226)
598-7	PSB086	598	7	mangiano	mangiano	_	_	_	_	_	linguistic	_	ContainsVariation=No	_	_	_	_	_	_
598-8	PSB086	598	8	m:h	mh	_	_	_	_	_	linguistic	_	ContainsVariation=No	_	_	0x1	_	_	_
598-9	PSB086	598	9	carne	carne	_	_	_	_	_	linguistic	_	ContainsVariation=No	_	_	_	_	_	_
598-10	PSB086	598	10	di	di	_	_	_	_	_	linguistic	_	ContainsVariation=No	_	_	_	_	_	_
598-11	PSB086	598	11	peco[ra]	pecora	_	_	_	_	_	linguistic	_	ContainsVariation=No	_	End=794.639	_	_	_	4-6(227)
599-0	PSB036	599	0	[esatto:]	esatto	_	_	_	_	_	linguistic	_	ContainsVariation=No	_	Begin=792.42	5x1	_	_	0-6(228)
599-1	PSB036	599	1	((ride))	((ride))	_	_	_	_	_	nonverbalbehavior	_	ContainsVariation=No	_	End=793.901	_	_	_	_
600-0	PSB129	600	0	[sì]	sì	_	_	_	_	_	linguistic	_	ContainsVariation=No	_	Begin=794.2	_	_	_	0-2(227)
600-1	PSB129	600	1	sì	sì	_	_	_	_	_	linguistic	_	ContainsVariation=No	_	_	_	_	_	_
600-2	PSB129	600	2	sì	sì	_	_	_	_	_	linguistic	_	ContainsVariation=No	_	_	_	_	_	_
600-3	PSB129	600	3	sì	sì	_	_	_	_	_	linguistic	_	ContainsVariation=No	_	_	_	_	_	_
600-4	PSB129	600	4	[sì]	sì	_	_	_	_	_	linguistic	_	ContainsVariation=No	_	End=795.874	_	_	_	0-2(411)
601-0	PSB086	601	0	[e	e	_	_	_	_	_	linguistic	_	ContainsVariation=No	_	Begin=795.43	_	_	_	0-1(411)
601-1	PSB086	601	1	mangiano]	mangiano	_	_	_	_	_	linguistic	_	ContainsVariation=No	_	End=795.996	_	_	_	0-8(411)
602-0	PSB127	602	0	[carne	carne	_	_	_	_	_	linguistic	_	ContainsVariation=No	_	Begin=795.49	_	_	_	0-5(411)
602-1	PSB127	602	1	di]?	di	_	_	_	_	_	linguistic	_	ContainsVariation=No	Intonation=Rising	End=796.16	_	_	_	0-2(411)
603-0	PSB129	603	0	[percora]	percora	_	_	_	_	_	linguistic	_	ContainsVariation=No	_	Begin=796.29|End=796.856	_	_	_	0-7(229)
604-0	PSB086	604	0	[pecora]	pecora	_	_	_	_	_	linguistic	_	ContainsVariation=No	_	Begin=796.29|End=796.856	_	_	_	0-6(229)
605-0	PSB086	605	0	xx	xx	_	_	_	_	_	unknown	_	ContainsVariation=No	Syllables=2	Begin=797.08|End=797.638	_	_	_	_
606-0	PSB130	606	0	[è	è	_	_	_	_	_	linguistic	_	ContainsVariation=No	_	Begin=797.72	_	_	_	0-1(231)
606-1	PSB130	606	1	molto	molto	_	_	_	_	_	linguistic	_	ContainsVariation=No	_	_	_	_	_	0-5(231)
606-2	PSB130	606	2	italiana	italiana	_	_	_	_	_	linguistic	_	ContainsVariation=No	_	_	_	_	_	0-8(231)
606-3	PSB130	606	3	questa]	questa	_	_	_	_	_	linguistic	_	ContainsVariation=No	_	_	_	_	_	0-6(231)
606-4	PSB130	606	4	[cosa]	cosa	_	_	_	_	_	linguistic	_	ContainsVariation=No	_	End=799.604	_	_	_	0-4(230)
607-0	PSB128	607	0	[mhmh	mhmh	_	_	_	_	_	linguistic	_	ContainsVariation=No	PauseAfter=Yes	Begin=797.84	_	_	_	0-4(231)
607-1	PSB128	607	1	(.)	(.)	_	_	_	_	_	shortpause	_	ContainsVariation=No	_	_	_	_	_	X(231)
607-2	PSB128	607	2	agnelli]	agnelli	_	_	_	_	_	linguistic	_	ContainsVariation=No	_	End=799.018	_	_	_	0-7(231)
608-0	PSB129	608	0	[quello	quello	_	_	_	_	_	linguistic	_	ContainsVariation=No	_	Begin=799.09	_	_	_	0-6(230)
608-1	PSB129	608	1	sì]	sì	_	_	_	_	_	linguistic	_	ContainsVariation=No	PauseAfter=Yes	_	_	_	_	0-2(230)
608-2	PSB129	608	2	(.)	(.)	_	_	_	_	_	shortpause	_	ContainsVariation=No	_	_	_	_	_	_
608-3	PSB129	608	3	[agnello	agnello	_	_	_	_	_	linguistic	_	ContainsVariation=No	_	_	_	_	_	0-7(232)
608-4	PSB129	608	4	sì	sì	_	_	_	_	_	linguistic	_	ContainsVariation=No	_	_	_	_	_	0-2(232)
608-5	PSB129	608	5	sì	sì	_	_	_	_	_	linguistic	_	ContainsVariation=No	_	_	_	_	_	0-2(232)
608-6	PSB129	608	6	gli	gli	_	_	_	_	_	linguistic	_	ContainsVariation=No	_	_	_	_	_	0-3(232)
608-7	PSB129	608	7	arrosticini]	arrosticini	_	_	_	_	_	linguistic	_	ContainsVariation=No	_	_	_	_	_	0-11(232)
608-8	PSB129	608	8	[buonissimi]	buonissimi	_	_	_	_	_	linguistic	_	ContainsVariation=No	_	End=803.727	_	_	_	0-10(233)
609-0	PSB086	609	0	[tutti	tutti	_	_	_	_	_	linguistic	_	ContainsVariation=No	_	Begin=799.76	_	_	_	0-5(232)
609-1	PSB086	609	1	quelli	quelli	_	_	_	_	_	linguistic	_	ContainsVariation=No	PauseAfter=Yes	_	_	_	_	0-6(232)
609-2	PSB086	609	2	(.)	(.)	_	_	_	_	_	shortpause	_	ContainsVariation=No	_	_	_	_	_	X(232)
609-3	PSB086	609	3	quelle	quelle	_	_	_	_	_	linguistic	_	ContainsVariation=No	_	_	_	_	_	0-6(232)
609-4	PSB086	609	4	s~	s~	_	_	_	_	_	linguistic	_	ContainsVariation=No	Interrupted=Yes|PauseAfter=Yes	_	_	_	_	0-2(232)
609-5	PSB086	609	5	(.)	(.)	_	_	_	_	_	shortpause	_	ContainsVariation=No	_	_	_	_	_	X(232)
609-6	PSB086	609	6	arro]sticini,	arrosticini	_	_	_	_	_	linguistic	_	ContainsVariation=No	Intonation=WeaklyRising	End=802.873	_	_	_	0-4(232)
610-0	PSB086	610	0	[o	o	_	_	_	_	_	linguistic	_	ContainsVariation=No	_	Begin=803.02	_	_	_	0-1(233)
610-1	PSB086	610	1	quelli	quelli	_	_	_	_	_	linguistic	_	ContainsVariation=No	_	_	_	_	_	0-6(233)
610-2	PSB086	610	2	con	con	_	_	_	_	_	linguistic	_	ContainsVariation=No	_	_	_	_	_	0-3(233)
610-3	PSB086	610	3	pez]zi	pezzi	_	_	_	_	_	linguistic	_	ContainsVariation=No	_	_	_	_	_	0-3(233)
610-4	PSB086	610	4	grossi	grossi	_	_	_	_	_	linguistic	_	ContainsVariation=No	_	_	_	_	_	_
610-5	PSB086	610	5	e:h	eh	_	_	_	_	_	linguistic	_	ContainsVariation=No	_	_	0x1	_	_	_
610-6	PSB086	610	6	m:h	mh	_	_	_	_	_	linguistic	_	ContainsVariation=No	_	_	0x1	_	_	_
610-7	PSB086	610	7	come	come	_	_	_	_	_	linguistic	_	ContainsVariation=No	_	_	_	_	_	_
610-8	PSB086	610	8	[chiamano	chiamano	_	_	_	_	_	linguistic	_	ContainsVariation=No	_	_	_	_	_	0-8(234)
610-9	PSB086	610	9	n~]	n~	_	_	_	_	_	linguistic	_	ContainsVariation=No	Interrupted=Yes	End=806.85	_	_	_	0-2(234)
611-0	PSB129	611	0	[spiedini	spiedini	_	_	_	_	_	linguistic	_	ContainsVariation=No	_	Begin=805.72	_	_	_	0-8(234)
611-1	PSB129	611	1	tipo]	tipo	_	_	_	_	_	linguistic	_	ContainsVariation=No	_	End=806.799	_	_	_	0-4(234)
612-0	PSB086	612	0	bombette?	bombette	_	_	_	_	_	linguistic	_	ContainsVariation=No	Intonation=Rising	Begin=807.01|End=807.687	_	_	_	_
613-0	PSB129	613	0	le	le	_	_	_	_	_	linguistic	_	ContainsVariation=No	_	Begin=807.74	_	_	_	_
613-1	PSB129	613	1	bombe[tte	bombette	_	_	_	_	_	linguistic	_	ContainsVariation=No	_	_	_	_	_	5-8(235)
613-2	PSB129	613	2	sì	sì	_	_	_	_	_	linguistic	_	ContainsVariation=No	_	_	_	_	_	0-2(235)
613-3	PSB129	613	3	buone]	buone	_	_	_	_	_	linguistic	_	ContainsVariation=No	_	End=809.577	_	_	_	0-5(235)
614-0	PSB086	614	0	[ma:mma	mamma	_	_	_	_	_	linguistic	_	ContainsVariation=No	_	Begin=808.18	1x1	_	_	0-5(235)
614-1	PSB086	614	1	mia	mia	_	_	_	_	_	linguistic	_	ContainsVariation=No	_	_	_	_	_	0-3(235)
614-2	PSB086	614	2	che	che	_	_	_	_	_	linguistic	_	ContainsVariation=No	_	_	_	_	_	0-3(235)
614-3	PSB086	614	3	bomba]	bomba	_	_	_	_	_	linguistic	_	ContainsVariation=No	_	End=809.575	_	_	_	0-5(235)
615-0	PSB086	615	0	((ride))	((ride))	_	_	_	_	_	nonverbalbehavior	_	ContainsVariation=No	_	Begin=809.7|End=810.517	_	_	_	_
616-0	PSB086	616	0	[bombette	bombette	_	_	_	_	_	linguistic	_	ContainsVariation=No	_	Begin=810.64	_	_	_	0-8(?)
616-1	PSB086	616	1	arrosticini	arrosticini	_	_	_	_	_	linguistic	_	ContainsVariation=No	_	_	_	_	_	0-11(?)
616-2	PSB086	616	2	tutto	tutto	_	_	_	_	_	linguistic	_	ContainsVariation=No	_	_	_	_	_	0-5(?)
616-3	PSB086	616	3	ma	ma	_	_	_	_	_	linguistic	_	ContainsVariation=No	_	_	_	_	_	0-2(?)
616-4	PSB086	616	4	tutto	tutto	_	_	_	_	_	linguistic	_	ContainsVariation=No	_	_	_	_	_	0-5(?)
616-5	PSB086	616	5	con	con	_	_	_	_	_	linguistic	_	ContainsVariation=No	_	_	_	_	_	0-3(?)
616-6	PSB086	616	6	xxx	xxx	_	_	_	_	_	unknown	_	ContainsVariation=No	Syllables=3	_	_	_	_	0-3(?)
616-7	PSB086	616	7	perché]	perché	_	_	_	_	_	linguistic	_	ContainsVariation=No	_	End=814.372	_	_	_	0-6(?)
617-0	PSB091	617	0	[eh	eh	_	_	_	_	_	linguistic	_	ContainsVariation=No	PauseAfter=Yes	Begin=810.69	_	_	_	0-2(236)
617-1	PSB091	617	1	(.)	(.)	_	_	_	_	_	shortpause	_	ContainsVariation=No	_	_	_	_	_	X(236)
617-2	PSB091	617	2	c'	c'	_	_	_	_	_	linguistic	_	ContainsVariation=No	SpaceAfter=No	_	_	_	_	0-2(236)
617-3	PSB091	617	3	è	è	_	_	_	_	_	linguistic	_	ContainsVariation=No	_	_	_	_	_	0-1(236)
617-4	PSB091	617	4	una	una	_	_	_	_	_	linguistic	_	ContainsVariation=No	_	_	_	_	_	0-3(236)
617-5	PSB091	617	5	porta	porta	_	_	_	_	_	linguistic	_	ContainsVariation=No	_	_	_	_	_	0-5(236)
617-6	PSB091	617	6	per	per	_	_	_	_	_	linguistic	_	ContainsVariation=No	_	_	_	_	_	0-3(236)
617-7	PSB091	617	7	uscire],	uscire	_	_	_	_	_	linguistic	_	ContainsVariation=No	Intonation=WeaklyRising	End=812.714	_	_	_	0-6(236)
618-0	PSB036	618	0	[mhmh]	mhmh	_	_	_	_	_	linguistic	_	ContainsVariation=No	_	Begin=812.79|End=813.145	_	_	_	0-4(237)
619-0	PSB091	619	0	[verso	verso	_	_	_	_	_	linguistic	_	ContainsVariation=No	_	Begin=813.18	_	_	_	0-5(?)
619-1	PSB091	619	1	qua,	qua	_	_	_	_	_	linguistic	_	ContainsVariation=No	Intonation=WeaklyRising	_	_	_	_	0-3(?)
619-2	PSB091	619	2	in	in	_	_	_	_	_	linguistic	_	ContainsVariation=No	_	_	_	_	_	0-2(?)
619-3	PSB091	619	3	via	via	_	_	_	_	_	linguistic	_	ContainsVariation=No	_	_	_	_	_	0-3(?)
619-4	PSB091	619	4	xxxx]	xxxx	_	_	_	_	_	unknown	_	ContainsVariation=No	Syllables=4	End=815.51	_	_	_	0-4(?)
620-0	PSB129	620	0	[tipo]	tipo	_	_	_	_	_	linguistic	_	ContainsVariation=No	_	Begin=814.88	_	_	_	0-4(239)
620-1	PSB129	620	1	[ripieni]	ripieni	_	_	_	_	_	linguistic	_	ContainsVariation=No	_	End=816.055	_	_	_	0-7(240)
621-0	PSB036	621	0	[provo	provo	_	_	_	_	_	linguistic	_	ContainsVariation=No	_	Begin=815.6	_	_	_	0-5(?)
621-1	PSB036	621	1	a	a	_	_	_	_	_	linguistic	_	ContainsVariation=No	_	_	_	_	_	0-1(?)
621-2	PSB036	621	2	vedere]	vedere	_	_	_	_	_	linguistic	_	ContainsVariation=No	_	End=816.565	_	_	_	0-6(?)
622-0	PSB128	622	0	[xx]	xx	_	_	_	_	_	unknown	_	ContainsVariation=No	Syllables=2	Begin=816.14|End=817.024	_	_	_	0-2(241)
623-0	PSB127	623	0	in	in	_	_	_	_	_	linguistic	_	ContainsVariation=No	_	Begin=817.22	_	_	_	_
623-1	PSB127	623	1	abruzzo?	abruzzo	_	_	_	_	_	linguistic	_	ContainsVariation=No	Intonation=Rising	End=817.786	_	_	_	_
624-0	PSB127	624	0	mh	mh	_	_	_	_	_	linguistic	_	ContainsVariation=No	PauseAfter=Yes	Begin=818.13	_	_	_	_
624-1	PSB127	624	1	(.)	(.)	_	_	_	_	_	shortpause	_	ContainsVariation=No	_	_	_	_	_	_
624-2	PSB127	624	2	arrosticini	arrosticini	_	_	_	_	_	linguistic	_	ContainsVariation=No	_	End=819.506	_	_	_	_
625-0	PSB127	625	0	[mamma	mamma	_	_	_	_	_	linguistic	_	ContainsVariation=No	_	Begin=819.71	_	_	_	0-5(242)
625-1	PSB127	625	1	mia	mia	_	_	_	_	_	linguistic	_	ContainsVariation=No	_	_	_	_	_	0-3(242)
625-2	PSB127	625	2	xxxx]	xxxx	_	_	_	_	_	unknown	_	ContainsVariation=No	Syllables=4	End=821.283	_	_	_	0-4(242)
626-0	PSB086	626	0	[buoniss~	buoniss~	_	_	_	_	_	linguistic	_	ContainsVariation=No	Interrupted=Yes	Begin=819.83	_	_	_	0-8(242)
626-1	PSB086	626	1	ma	ma	_	_	_	_	_	linguistic	_	ContainsVariation=No	_	_	_	_	_	0-2(242)
626-2	PSB086	626	2	io	io	_	_	_	_	_	linguistic	_	ContainsVariation=No	_	_	_	_	_	0-2(242)
626-3	PSB086	626	3	xxx]	xxx	_	_	_	_	_	unknown	_	ContainsVariation=No	Syllables=3	_	_	_	_	0-3(242)
626-4	PSB086	626	4	andare	andare	_	_	_	_	_	linguistic	_	ContainsVariation=No	_	_	_	_	_	_
626-5	PSB086	626	5	poi	poi	_	_	_	_	_	linguistic	_	ContainsVariation=No	_	_	_	_	_	_
626-6	PSB086	626	6	andare	andare	_	_	_	_	_	linguistic	_	ContainsVariation=No	_	_	_	_	_	_
626-7	PSB086	626	7	a	a	_	_	_	_	_	linguistic	_	ContainsVariation=No	_	_	_	_	_	_
626-8	PSB086	626	8	mangiare	mangiare	_	_	_	_	_	linguistic	_	ContainsVariation=No	_	_	_	_	_	_
626-9	PSB086	626	9	perché	perché	_	_	_	_	_	linguistic	_	ContainsVariation=No	_	_	_	_	_	_
626-10	PSB086	626	10	il	il	_	_	_	_	_	linguistic	_	ContainsVariation=No	_	_	_	_	_	_
626-11	PSB086	626	11	ristorante	ristorante	_	_	_	_	_	linguistic	_	ContainsVariation=No	_	_	_	_	_	_
626-12	PSB086	626	12	è	è	_	_	_	_	_	linguistic	_	ContainsVariation=No	_	_	_	_	_	_
626-13	PSB086	626	13	abruzz[ese]	abruzzese	_	_	_	_	_	linguistic	_	ContainsVariation=No	_	End=823.662	_	_	_	6-9(243)
627-0	PSB127	627	0	[dove]?	dove	_	_	_	_	_	linguistic	_	ContainsVariation=No	Intonation=Rising	Begin=823.37|End=823.68	_	_	_	0-4(243)
628-0	PSB129	628	0	[dov'	dov'	_	_	_	_	_	linguistic	_	ContainsVariation=No	SpaceAfter=No	Begin=823.73	_	_	_	0-4(?)
628-1	PSB129	628	1	è]?	è	_	_	_	_	_	linguistic	_	ContainsVariation=No	Intonation=Rising	End=824.406	_	_	_	0-1(?)
629-0	PSB127	629	0	dove	dove	_	_	_	_	_	linguistic	_	ContainsVariation=No	_	Begin=824.48|End=824.8	_	_	_	_
630-0	PSB086	630	0	e:h	eh	_	_	_	_	_	linguistic	_	ContainsVariation=No	PauseAfter=Yes	Begin=824.83	0x1	_	_	_
630-1	PSB086	630	1	(.)	(.)	_	_	_	_	_	shortpause	_	ContainsVariation=No	_	_	_	_	_	_
630-2	PSB086	630	2	via,	via	_	_	_	_	_	linguistic	_	ContainsVariation=No	Intonation=WeaklyRising	End=826.504	_	_	_	_
631-0	PSB086	631	0	eh	eh	_	_	_	_	_	linguistic	_	ContainsVariation=No	_	Begin=827.55	_	_	_	_
631-1	PSB086	631	1	comunque	comunque	_	_	_	_	_	linguistic	_	ContainsVariation=No	_	_	_	_	_	_
631-2	PSB086	631	2	zona	zona	_	_	_	_	_	linguistic	_	ContainsVariation=No	_	_	_	_	_	_
631-3	PSB086	631	3	di	di	_	_	_	_	_	linguistic	_	ContainsVariation=No	_	_	_	_	_	_
631-4	PSB086	631	4	pratello	pratello	_	_	_	_	_	linguistic	_	ContainsVariation=No	_	_	_	_	_	_
631-5	PSB086	631	5	no?	no	_	_	_	_	_	linguistic	_	ContainsVariation=No	Intonation=Rising	End=829.24	_	_	_	_
632-0	PSB129	632	0	ah	ah	_	_	_	_	_	linguistic	_	ContainsVariation=No	_	Begin=829.27	_	_	_	_
632-1	PSB129	632	1	okay	okay	_	_	_	_	_	linguistic	_	ContainsVariation=No	_	End=830.049	_	_	_	_
633-0	PSB086	633	0	e	e	_	_	_	_	_	linguistic	_	ContainsVariation=No	_	Begin=830.84	_	_	_	_
633-1	PSB086	633	1	una:	una	_	_	_	_	_	linguistic	_	ContainsVariation=No	_	_	2x1	_	_	_
633-2	PSB086	633	2	se	se	_	_	_	_	_	linguistic	_	ContainsVariation=No	_	_	_	_	_	_
633-3	PSB086	633	3	cerchi	cerchi	_	_	_	_	_	linguistic	_	ContainsVariation=No	_	_	_	_	_	_
633-4	PSB086	633	4	su	su	_	_	_	_	_	linguistic	_	ContainsVariation=No	_	_	_	_	_	_
633-5	PSB086	633	5	internet	internet	_	_	_	_	_	linguistic	_	ContainsVariation=No	_	_	_	_	_	_
633-6	PSB086	633	6	lo	lo	_	_	_	_	_	linguistic	_	ContainsVariation=No	_	_	_	_	_	_
633-7	PSB086	633	7	trovi	trovi	_	_	_	_	_	linguistic	_	ContainsVariation=No	_	_	_	_	_	_
633-8	PSB086	633	8	orse[tto	orsetto	_	_	_	_	_	linguistic	_	ContainsVariation=No	_	_	_	_	_	4-7(?)
633-9	PSB086	633	9	si	si	_	_	_	_	_	linguistic	_	ContainsVariation=No	_	_	_	_	_	0-2(?)
633-10	PSB086	633	10	chiama	chiama	_	_	_	_	_	linguistic	_	ContainsVariation=No	_	_	_	_	_	0-6(?)
633-11	PSB086	633	11	ristorante]	ristorante	_	_	_	_	_	linguistic	_	ContainsVariation=No	_	End=834.667	_	_	_	0-10(?)
634-0	PSB129	634	0	[ma	ma	_	_	_	_	_	linguistic	_	ContainsVariation=No	_	Begin=833.44	_	_	_	0-2(244)
634-1	PSB129	634	1	forse]	forse	_	_	_	_	_	linguistic	_	ContainsVariation=No	_	End=834.098	_	_	_	0-5(244)
635-0	PSB127	635	0	[orsetto]?	orsetto	_	_	_	_	_	linguistic	_	ContainsVariation=No	Intonation=Rising	Begin=834.11|End=834.681	_	_	_	0-7(245)
636-0	PSB129	636	0	[devo	devo	_	_	_	_	_	linguistic	_	ContainsVariation=No	_	Begin=834.814	_	_	_	0-4(246)
636-1	PSB129	636	1	andare]	andare	_	_	_	_	_	linguistic	_	ContainsVariation=No	_	End=835.48	_	_	_	0-6(246)
637-0	PSB130	637	0	[vuoi	vuoi	_	_	_	_	_	linguistic	_	ContainsVariation=No	_	Begin=834.82	_	_	_	0-4(246)
637-1	PSB130	637	1	una	una	_	_	_	_	_	linguistic	_	ContainsVariation=No	_	_	_	_	_	0-3(246)
637-2	PSB130	637	2	mano]?	mano	_	_	_	_	_	linguistic	_	ContainsVariation=No	Intonation=Rising	End=835.383	_	_	_	0-4(246)
638-0	PSB086	638	0	comunque	comunque	_	_	_	_	_	linguistic	_	ContainsVariation=No	_	Begin=835.44	_	_	_	_
638-1	PSB086	638	1	pratello	pratello	_	_	_	_	_	linguistic	_	ContainsVariation=No	_	_	_	_	_	_
638-2	PSB086	638	2	[zona	zona	_	_	_	_	_	linguistic	_	ContainsVariation=No	_	_	_	_	_	0-4(248)
638-3	PSB086	638	3	de:]	de	_	_	_	_	_	linguistic	_	ContainsVariation=No	_	End=837.235	1x1	_	_	0-2(248)
639-0	PSB005	639	0	[ehm	ehm	_	_	_	_	_	linguistic	_	ContainsVariation=No	_	Begin=836.36	_	_	_	0-3(248)
639-1	PSB005	639	1	mi	mi	_	_	_	_	_	linguistic	_	ContainsVariation=No	_	_	_	_	_	0-2(248)
639-2	PSB005	639	2	sa	sa	_	_	_	_	_	linguistic	_	ContainsVariation=No	_	_	_	_	_	0-2(248)
639-3	PSB005	639	3	che]	che	_	_	_	_	_	linguistic	_	ContainsVariation=No	_	_	_	_	_	0-3(248)
639-4	PSB005	639	4	c'	c'	_	_	_	_	_	linguistic	_	ContainsVariation=No	SpaceAfter=No	_	_	_	_	_
639-5	PSB005	639	5	è	è	_	_	_	_	_	linguistic	_	ContainsVariation=No	_	_	_	_	_	_
639-6	PSB005	639	6	una	una	_	_	_	_	_	linguistic	_	ContainsVariation=No	_	_	_	_	_	_
639-7	PSB005	639	7	sola:	sola	_	_	_	_	_	linguistic	_	ContainsVariation=No	_	_	3x1	_	_	_
639-8	PSB005	639	8	[cioè]	cioè	_	_	_	_	_	linguistic	_	ContainsVariation=No	_	End=838.514	_	_	_	0-4(249)
640-0	PSB086	640	0	[ventiqua]ttro	ventiquattro	_	_	_	_	_	linguistic	_	ContainsVariation=No	_	Begin=837.94	_	_	_	0-8(250)
640-1	PSB086	640	1	ore:	ore	_	_	_	_	_	linguistic	_	ContainsVariation=No	PauseAfter=Yes	_	2x1	_	_	_
640-2	PSB086	640	2	(.)	(.)	_	_	_	_	_	shortpause	_	ContainsVariation=No	_	_	_	_	_	_
640-3	PSB086	640	3	movida	movida	_	_	_	_	_	linguistic	_	ContainsVariation=No	_	End=841.042	_	_	_	_
641-0	PSB129	641	0	((ride))	((ride))	_	_	_	_	_	nonverbalbehavior	_	ContainsVariation=No	_	Begin=839.1|End=840.677	_	_	_	_
642-0	PSB129	642	0	buon[i]	buoni	_	_	_	_	_	linguistic	_	ContainsVariation=No	_	Begin=841.96|End=842.428	_	_	_	4-5(251)
643-0	PSB086	643	0	[s]ì	sì	_	_	_	_	_	linguistic	_	ContainsVariation=No	_	Begin=842.41	_	_	_	0-1(251)
643-1	PSB086	643	1	lì	lì	_	_	_	_	_	linguistic	_	ContainsVariation=No	_	_	_	_	_	_
643-2	PSB086	643	2	non	non	_	_	_	_	_	linguistic	_	ContainsVariation=No	_	_	_	_	_	_
643-3	PSB086	643	3	paghi	paghi	_	_	_	_	_	linguistic	_	ContainsVariation=No	_	_	_	_	_	_
643-4	PSB086	643	4	coperto,	coperto	_	_	_	_	_	linguistic	_	ContainsVariation=No	Intonation=WeaklyRising	End=843.996	_	_	_	_
644-0	PSB086	644	0	paghi	paghi	_	_	_	_	_	linguistic	_	ContainsVariation=No	_	Begin=844.75	_	_	_	_
644-1	PSB086	644	1	quello	quello	_	_	_	_	_	linguistic	_	ContainsVariation=No	_	_	_	_	_	_
644-2	PSB086	644	2	che	che	_	_	_	_	_	linguistic	_	ContainsVariation=No	_	_	_	_	_	_
644-3	PSB086	644	3	consumi	consumi	_	_	_	_	_	linguistic	_	ContainsVariation=No	_	_	_	_	_	_
644-4	PSB086	644	4	comunque	comunque	_	_	_	_	_	linguistic	_	ContainsVariation=No	_	_	_	_	_	_
644-5	PSB086	644	5	co~	co~	_	_	_	_	_	linguistic	_	ContainsVariation=No	Interrupted=Yes	_	_	_	_	_
644-6	PSB086	644	6	cosa	cosa	_	_	_	_	_	linguistic	_	ContainsVariation=No	_	_	_	_	_	_
644-7	PSB086	644	7	ve	ve	_	_	_	_	_	linguistic	_	ContainsVariation=No	_	_	_	_	_	_
644-8	PSB086	644	8	pra~	pra~	_	_	_	_	_	linguistic	_	ContainsVariation=No	Interrupted=Yes	_	_	_	_	_
644-9	PSB086	644	9	cioè	cioè	_	_	_	_	_	linguistic	_	ContainsVariation=No	_	_	_	_	_	_
644-10	PSB086	644	10	vabbè	vabbè	_	_	_	_	_	linguistic	_	ContainsVariation=No	_	_	_	_	_	_
644-11	PSB086	644	11	[primi	primi	_	_	_	_	_	linguistic	_	ContainsVariation=No	_	_	_	_	_	0-5(252)
644-12	PSB086	644	12	così]	così	_	_	_	_	_	linguistic	_	ContainsVariation=No	_	End=848.88	_	_	_	0-4(252)
645-0	PSB005	645	0	[adesso	adesso	_	_	_	_	_	linguistic	_	ContainsVariation=No	PauseAfter=Yes	Begin=847.681	_	_	_	0-6(252)
645-1	PSB005	645	1	(.)	(.)	_	_	_	_	_	shortpause	_	ContainsVariation=No	_	_	_	_	_	X(252)
645-2	PSB005	645	2	se]	se	_	_	_	_	_	linguistic	_	ContainsVariation=No	PauseAfter=Yes	_	_	_	_	0-2(252)
645-3	PSB005	645	3	(.)	(.)	_	_	_	_	_	shortpause	_	ContainsVariation=No	_	_	_	_	_	_
645-4	PSB005	645	4	[xxxx]	xxxx	_	_	_	_	_	unknown	_	ContainsVariation=No	Syllables=4	End=850.791	_	_	_	0-4(253)
646-0	PSB086	646	0	[ehm	ehm	_	_	_	_	_	linguistic	_	ContainsVariation=No	_	Begin=849.17	_	_	_	0-3(253)
646-1	PSB086	646	1	magari	magari	_	_	_	_	_	linguistic	_	ContainsVariation=No	_	_	_	_	_	0-6(253)
646-2	PSB086	646	2	sughini	sughini	_	_	_	_	_	linguistic	_	ContainsVariation=No	_	_	_	_	_	0-7(253)
646-3	PSB086	646	3	un	un	_	_	_	_	_	linguistic	_	ContainsVariation=No	_	_	_	_	_	0-2(253)
646-4	PSB086	646	4	po'	po'	_	_	_	_	_	linguistic	_	ContainsVariation=No	_	_	_	_	_	0-3(253)
646-5	PSB086	646	5	partico]lari	particolari	_	_	_	_	_	linguistic	_	ContainsVariation=No	_	_	_	_	_	0-7(253)
646-6	PSB086	646	6	ma	ma	_	_	_	_	_	linguistic	_	ContainsVariation=No	_	_	_	_	_	_
646-7	PSB086	646	7	cosa	cosa	_	_	_	_	_	linguistic	_	ContainsVariation=No	_	_	_	_	_	_
646-8	PSB086	646	8	c'	c'	_	_	_	_	_	linguistic	_	ContainsVariation=No	SpaceAfter=No	_	_	_	_	_
646-9	PSB086	646	9	era?	era	_	_	_	_	_	linguistic	_	ContainsVariation=No	Intonation=Rising|PauseAfter=Yes	_	_	_	_	_
646-10	PSB086	646	10	[(.)	(.)	_	_	_	_	_	shortpause	_	ContainsVariation=No	_	_	_	_	_	X(254)
646-11	PSB086	646	11	ra]gù,	ragù	_	_	_	_	_	linguistic	_	ContainsVariation=No	Intonation=WeaklyRising	End=852.788	_	_	_	0-2(254)
647-0	PSB130	647	0	[faccio	faccio	_	_	_	_	_	linguistic	_	ContainsVariation=No	_	Begin=851.81	_	_	_	0-6(254)
647-1	PSB130	647	1	io]?	io	_	_	_	_	_	linguistic	_	ContainsVariation=No	Intonation=Rising	End=852.273	_	_	_	0-2(254)
648-0	PSB129	648	0	mhmh	mhmh	_	_	_	_	_	linguistic	_	ContainsVariation=No	_	Begin=852.88|End=853.253	_	_	_	_
649-0	PSB086	649	0	mio	mio	_	_	_	_	_	linguistic	_	ContainsVariation=No	_	Begin=853.43	_	_	_	_
649-1	PSB086	649	1	figlio	figlio	_	_	_	_	_	linguistic	_	ContainsVariation=No	_	_	_	_	_	_
649-2	PSB086	649	2	ha	ha	_	_	_	_	_	linguistic	_	ContainsVariation=No	_	_	_	_	_	_
649-3	PSB086	649	3	preso	preso	_	_	_	_	_	linguistic	_	ContainsVariation=No	_	_	_	_	_	_
649-4	PSB086	649	4	tagliatelle	tagliatelle	_	_	_	_	_	linguistic	_	ContainsVariation=No	_	_	_	_	_	_
649-5	PSB086	649	5	con	con	_	_	_	_	_	linguistic	_	ContainsVariation=No	_	_	_	_	_	_
649-6	PSB086	649	6	ragù,	ragù	_	_	_	_	_	linguistic	_	ContainsVariation=No	Intonation=WeaklyRising	End=855.53	_	_	_	_
650-0	PSB086	650	0	si	si	_	_	_	_	_	linguistic	_	ContainsVariation=No	_	Begin=855.83	_	_	_	_
650-1	PSB086	650	1	sentiva	sentiva	_	_	_	_	_	linguistic	_	ContainsVariation=No	_	_	_	_	_	_
650-2	PSB086	650	2	odorino	odorino	_	_	_	_	_	linguistic	_	ContainsVariation=No	_	_	_	_	_	_
650-3	PSB086	650	3	di	di	_	_	_	_	_	linguistic	_	ContainsVariation=No	_	_	_	_	_	_
650-4	PSB086	650	4	[pecora]	pecora	_	_	_	_	_	linguistic	_	ContainsVariation=No	_	End=858.133	_	_	_	0-6(255)
651-0	PSB129	651	0	[di	di	_	_	_	_	_	linguistic	_	ContainsVariation=No	_	Begin=857.56	_	_	_	0-2(255)
651-1	PSB129	651	1	pecora]	pecora	_	_	_	_	_	linguistic	_	ContainsVariation=No	_	_	_	_	_	0-6(255)
651-2	PSB129	651	2	sì	sì	_	_	_	_	_	linguistic	_	ContainsVariation=No	_	_	_	_	_	_
651-3	PSB129	651	3	sì	sì	_	_	_	_	_	linguistic	_	ContainsVariation=No	_	_	_	_	_	_
651-4	PSB129	651	4	sì	sì	_	_	_	_	_	linguistic	_	ContainsVariation=No	_	_	_	_	_	_
651-5	PSB129	651	5	[si	si	_	_	_	_	_	linguistic	_	ContainsVariation=No	_	_	_	_	_	0-2(256)
651-6	PSB129	651	6	mette]	mette	_	_	_	_	_	linguistic	_	ContainsVariation=No	_	End=859.959	_	_	_	0-5(256)
652-0	PSB086	652	0	[il	il	_	_	_	_	_	linguistic	_	ContainsVariation=No	_	Begin=858.57	_	_	_	0-2(256)
652-1	PSB086	652	1	ragù	ragù	_	_	_	_	_	linguistic	_	ContainsVariation=No	_	_	_	_	_	0-4(256)
652-2	PSB086	652	2	era	era	_	_	_	_	_	linguistic	_	ContainsVariation=No	_	_	_	_	_	0-3(256)
652-3	PSB086	652	3	bianco]	bianco	_	_	_	_	_	linguistic	_	ContainsVariation=No	_	End=859.941	_	_	_	0-6(256)
653-0	PSB129	653	0	[si	si	_	_	_	_	_	linguistic	_	ContainsVariation=No	_	Begin=860.34	_	_	_	0-2(412)
653-1	PSB129	653	1	mette	mette	_	_	_	_	_	linguistic	_	ContainsVariation=No	_	_	_	_	_	0-5(412)
653-2	PSB129	653	2	si	si	_	_	_	_	_	linguistic	_	ContainsVariation=No	_	_	_	_	_	0-2(412)
653-3	PSB129	653	3	mette]	mette	_	_	_	_	_	linguistic	_	ContainsVariation=No	_	End=861.617	_	_	_	0-5(412)
654-0	PSB036	654	0	[buono	buono	_	_	_	_	_	linguistic	_	ContainsVariation=No	_	Begin=860.44	_	_	_	0-5(412)
654-1	PSB036	654	1	il	il	_	_	_	_	_	linguistic	_	ContainsVariation=No	_	_	_	_	_	0-2(412)
654-2	PSB036	654	2	ragù	ragù	_	_	_	_	_	linguistic	_	ContainsVariation=No	_	_	_	_	_	0-4(412)
654-3	PSB036	654	3	di	di	_	_	_	_	_	linguistic	_	ContainsVariation=No	_	_	_	_	_	0-2(412)
654-4	PSB036	654	4	pe~]	pe~	_	_	_	_	_	linguistic	_	ContainsVariation=No	Interrupted=Yes	End=861.603	_	_	_	0-3(412)
655-0	PSB086	655	0	[ragù	ragù	_	_	_	_	_	linguistic	_	ContainsVariation=No	_	Begin=860.55	_	_	_	0-4(412)
655-1	PSB086	655	1	era	era	_	_	_	_	_	linguistic	_	ContainsVariation=No	_	_	_	_	_	0-3(412)
655-2	PSB086	655	2	bianco]	bianco	_	_	_	_	_	linguistic	_	ContainsVariation=No	_	End=861.62	_	_	_	0-6(412)
656-0	PSB129	656	0	sì	sì	_	_	_	_	_	linguistic	_	ContainsVariation=No	_	Begin=862.12	_	_	_	_
656-1	PSB129	656	1	sì	sì	_	_	_	_	_	linguistic	_	ContainsVariation=No	_	_	_	_	_	_
656-2	PSB129	656	2	si	si	_	_	_	_	_	linguistic	_	ContainsVariation=No	_	_	_	_	_	_
656-3	PSB129	656	3	mette:	mette	_	_	_	_	_	linguistic	_	ContainsVariation=No	_	_	4x1	_	_	_
656-4	PSB129	656	4	anche	anche	_	_	_	_	_	linguistic	_	ContainsVariation=No	_	_	_	_	_	_
656-5	PSB129	656	5	nel	nel	_	_	_	_	_	linguistic	_	ContainsVariation=No	_	_	_	_	_	_
656-6	PSB129	656	6	sugo	sugo	_	_	_	_	_	linguistic	_	ContainsVariation=No	_	_	_	_	_	_
656-7	PSB129	656	7	di:	di	_	_	_	_	_	linguistic	_	ContainsVariation=No	_	_	1x1	_	_	_
656-8	PSB129	656	8	nel	nel	_	_	_	_	_	linguistic	_	ContainsVariation=No	_	_	_	_	_	_
656-9	PSB129	656	9	sugo	sugo	_	_	_	_	_	linguistic	_	ContainsVariation=No	_	_	_	_	_	_
656-10	PSB129	656	10	di	di	_	_	_	_	_	linguistic	_	ContainsVariation=No	_	_	_	_	_	_
656-11	PSB129	656	11	carne	carne	_	_	_	_	_	linguistic	_	ContainsVariation=No	_	_	_	_	_	_
656-12	PSB129	656	12	perché	perché	_	_	_	_	_	linguistic	_	ContainsVariation=No	_	_	_	_	_	_
656-13	PSB129	656	13	da	da	_	_	_	_	_	linguistic	_	ContainsVariation=No	_	_	_	_	_	_
656-14	PSB129	656	14	noi	noi	_	_	_	_	_	linguistic	_	ContainsVariation=No	_	_	_	_	_	_
656-15	PSB129	656	15	[si	si	_	_	_	_	_	linguistic	_	ContainsVariation=No	_	_	_	_	_	0-2(257)
656-16	PSB129	656	16	fa	fa	_	_	_	_	_	linguistic	_	ContainsVariation=No	_	_	_	_	_	0-2(257)
656-17	PSB129	656	17	il	il	_	_	_	_	_	linguistic	_	ContainsVariation=No	_	_	_	_	_	0-2(257)
656-18	PSB129	656	18	sugo	sugo	_	_	_	_	_	linguistic	_	ContainsVariation=No	_	_	_	_	_	0-4(257)
656-19	PSB129	656	19	di	di	_	_	_	_	_	linguistic	_	ContainsVariation=No	_	_	_	_	_	0-2(257)
656-20	PSB129	656	20	carne	carne	_	_	_	_	_	linguistic	_	ContainsVariation=No	_	_	_	_	_	0-5(257)
656-21	PSB129	656	21	con	con	_	_	_	_	_	linguistic	_	ContainsVariation=No	_	_	_	_	_	0-3(257)
656-22	PSB129	656	22	i	i	_	_	_	_	_	linguistic	_	ContainsVariation=No	_	_	_	_	_	0-1(257)
656-23	PSB129	656	23	pe]zzi	pezzi	_	_	_	_	_	linguistic	_	ContainsVariation=No	_	_	_	_	_	0-2(257)
656-24	PSB129	656	24	no?	no	_	_	_	_	_	linguistic	_	ContainsVariation=No	Intonation=Rising	End=868.395	_	_	_	_
657-0	PSB086	657	0	[pecora	pecora	_	_	_	_	_	linguistic	_	ContainsVariation=No	_	Begin=865.91	_	_	_	0-6(257)
657-1	PSB086	657	1	dappertutto	dappertutto	_	_	_	_	_	linguistic	_	ContainsVariation=No	_	_	_	_	_	0-11(257)
657-2	PSB086	657	2	sì	sì	_	_	_	_	_	linguistic	_	ContainsVariation=No	_	_	_	_	_	0-2(257)
657-3	PSB086	657	3	sì]	sì	_	_	_	_	_	linguistic	_	ContainsVariation=No	_	End=867.791	_	_	_	0-2(257)
658-0	PSB129	658	0	quindi	quindi	_	_	_	_	_	linguistic	_	ContainsVariation=No	_	Begin=868.63	_	_	_	_
658-1	PSB129	658	1	metti	metti	_	_	_	_	_	linguistic	_	ContainsVariation=No	_	_	_	_	_	_
658-2	PSB129	658	2	tipo	tipo	_	_	_	_	_	linguistic	_	ContainsVariation=No	_	_	_	_	_	_
658-3	PSB129	658	3	proprio	proprio	_	_	_	_	_	linguistic	_	ContainsVariation=No	_	_	_	_	_	_
658-4	PSB129	658	4	il	il	_	_	_	_	_	linguistic	_	ContainsVariation=No	_	_	_	_	_	_
658-5	PSB129	658	5	pezzo	pezzo	_	_	_	_	_	linguistic	_	ContainsVariation=No	_	_	_	_	_	_
658-6	PSB129	658	6	di	di	_	_	_	_	_	linguistic	_	ContainsVariation=No	_	_	_	_	_	_
658-7	PSB129	658	7	maiale,	maiale	_	_	_	_	_	linguistic	_	ContainsVariation=No	Intonation=WeaklyRising	_	_	_	_	_
658-8	PSB129	658	8	il	il	_	_	_	_	_	linguistic	_	ContainsVariation=No	_	_	_	_	_	_
658-9	PSB129	658	9	pezzo	pezzo	_	_	_	_	_	linguistic	_	ContainsVariation=No	_	_	_	_	_	_
658-10	PSB129	658	10	di	di	_	_	_	_	_	linguistic	_	ContainsVariation=No	_	_	_	_	_	_
658-11	PSB129	658	11	manzo,	manzo	_	_	_	_	_	linguistic	_	ContainsVariation=No	Intonation=WeaklyRising	End=871.945	_	_	_	_
659-0	PSB129	659	0	grande	grande	_	_	_	_	_	linguistic	_	ContainsVariation=No	_	Begin=872.13	_	_	_	_
659-1	PSB129	659	1	e	e	_	_	_	_	_	linguistic	_	ContainsVariation=No	_	_	_	_	_	_
659-2	PSB129	659	2	fai	fai	_	_	_	_	_	linguistic	_	ContainsVariation=No	_	_	_	_	_	_
659-3	PSB129	659	3	bolli[re	bollire	_	_	_	_	_	linguistic	_	ContainsVariation=No	_	_	_	_	_	5-7(258)
659-4	PSB129	659	4	con	con	_	_	_	_	_	linguistic	_	ContainsVariation=No	_	_	_	_	_	0-3(258)
659-5	PSB129	659	5	la	la	_	_	_	_	_	linguistic	_	ContainsVariation=No	_	_	_	_	_	0-2(258)
659-6	PSB129	659	6	sa]lsa	salsa	_	_	_	_	_	linguistic	_	ContainsVariation=No	_	_	_	_	_	0-2(258)
659-7	PSB129	659	7	per	per	_	_	_	_	_	linguistic	_	ContainsVariation=No	_	_	_	_	_	_
659-8	PSB129	659	8	fare	fare	_	_	_	_	_	linguistic	_	ContainsVariation=No	_	_	_	_	_	_
659-9	PSB129	659	9	il	il	_	_	_	_	_	linguistic	_	ContainsVariation=No	_	_	_	_	_	_
659-10	PSB129	659	10	sugo	sugo	_	_	_	_	_	linguistic	_	ContainsVariation=No	_	End=875.143	_	_	_	_
660-0	PSB127	660	0	[m:h]	mh	_	_	_	_	_	linguistic	_	ContainsVariation=No	_	Begin=873.38|End=874.18	0x1	_	_	0-2(258)
661-0	PSB129	661	0	e	e	_	_	_	_	_	linguistic	_	ContainsVariation=No	_	Begin=875.41	_	_	_	_
661-1	PSB129	661	1	in	in	_	_	_	_	_	linguistic	_	ContainsVariation=No	_	_	_	_	_	_
661-2	PSB129	661	2	abruzzo	abruzzo	_	_	_	_	_	linguistic	_	ContainsVariation=No	_	_	_	_	_	_
661-3	PSB129	661	3	e	e	_	_	_	_	_	linguistic	_	ContainsVariation=No	_	_	_	_	_	_
661-4	PSB129	661	4	anche	anche	_	_	_	_	_	linguistic	_	ContainsVariation=No	_	_	_	_	_	_
661-5	PSB129	661	5	il	il	_	_	_	_	_	linguistic	_	ContainsVariation=No	_	_	_	_	_	_
661-6	PSB129	661	6	paese	paese	_	_	_	_	_	linguistic	_	ContainsVariation=No	_	_	_	_	_	_
661-7	PSB129	661	7	di	di	_	_	_	_	_	linguistic	_	ContainsVariation=No	_	_	_	_	_	_
661-8	PSB129	661	8	mio	mio	_	_	_	_	_	linguistic	_	ContainsVariation=No	_	_	_	_	_	_
661-9	PSB129	661	9	padre	padre	_	_	_	_	_	linguistic	_	ContainsVariation=No	_	_	_	_	_	_
661-10	PSB129	661	10	in	in	_	_	_	_	_	linguistic	_	ContainsVariation=No	_	_	_	_	_	_
661-11	PSB129	661	11	realtà	realtà	_	_	_	_	_	linguistic	_	ContainsVariation=No	_	_	_	_	_	_
661-12	PSB129	661	12	ci	ci	_	_	_	_	_	linguistic	_	ContainsVariation=No	_	_	_	_	_	_
661-13	PSB129	661	13	mettono	mettono	_	_	_	_	_	linguistic	_	ContainsVariation=No	_	_	_	_	_	_
661-14	PSB129	661	14	anche	anche	_	_	_	_	_	linguistic	_	ContainsVariation=No	_	_	_	_	_	_
661-15	PSB129	661	15	il	il	_	_	_	_	_	linguistic	_	ContainsVariation=No	_	_	_	_	_	_
661-16	PSB129	661	16	pezzo	pezzo	_	_	_	_	_	linguistic	_	ContainsVariation=No	_	_	_	_	_	_
661-17	PSB129	661	17	di	di	_	_	_	_	_	linguistic	_	ContainsVariation=No	_	_	_	_	_	_
661-18	PSB129	661	18	agnello	agnello	_	_	_	_	_	linguistic	_	ContainsVariation=No	_	End=879.95	_	_	_	_
662-0	PSB129	662	0	e	e	_	_	_	_	_	linguistic	_	ContainsVariation=No	_	Begin=880.21	_	_	_	_
662-1	PSB129	662	1	gli	gli	_	_	_	_	_	linguistic	_	ContainsVariation=No	_	_	_	_	_	_
662-2	PSB129	662	2	danno	danno	_	_	_	_	_	linguistic	_	ContainsVariation=No	_	_	_	_	_	_
662-3	PSB129	662	3	un	un	_	_	_	_	_	linguistic	_	ContainsVariation=No	_	_	_	_	_	_
662-4	PSB129	662	4	odore:	odore	_	_	_	_	_	linguistic	_	ContainsVariation=No	_	End=881.389	4x1	_	_	_
663-0	PSB129	663	0	proprio	proprio	_	_	_	_	_	linguistic	_	ContainsVariation=No	_	Begin=881.45	_	_	_	_
663-1	PSB129	663	1	[diverso	diverso	_	_	_	_	_	linguistic	_	ContainsVariation=No	_	_	_	_	_	0-7(259)
663-2	PSB129	663	2	particolare	particolare	_	_	_	_	_	linguistic	_	ContainsVariation=No	_	_	_	_	_	0-11(259)
663-3	PSB129	663	3	sì]	sì	_	_	_	_	_	linguistic	_	ContainsVariation=No	_	End=883.944	_	_	_	0-2(259)
664-0	PSB127	664	0	[particol~	particol~	_	_	_	_	_	linguistic	_	ContainsVariation=No	Interrupted=Yes	Begin=881.84	_	_	_	0-9(259)
664-1	PSB127	664	1	particolare	particolare	_	_	_	_	_	linguistic	_	ContainsVariation=No	_	_	_	_	_	0-11(259)
664-2	PSB127	664	2	sì]	sì	_	_	_	_	_	linguistic	_	ContainsVariation=No	_	End=883.76	_	_	_	0-2(259)
665-0	PSB129	665	0	sì	sì	_	_	_	_	_	linguistic	_	ContainsVariation=No	_	Begin=884.98	_	_	_	_
665-1	PSB129	665	1	sì	sì	_	_	_	_	_	linguistic	_	ContainsVariation=No	_	End=885.538	_	_	_	_
666-0	PSB129	666	0	molto	molto	_	_	_	_	_	linguistic	_	ContainsVariation=No	_	Begin=885.73	_	_	_	_
666-1	PSB129	666	1	cioè	cioè	_	_	_	_	_	linguistic	_	ContainsVariation=No	_	_	_	_	_	_
666-2	PSB129	666	2	grasso	grasso	_	_	_	_	_	linguistic	_	ContainsVariation=No	_	_	_	_	_	_
666-3	PSB129	666	3	perché	perché	_	_	_	_	_	linguistic	_	ContainsVariation=No	_	_	_	_	_	_
666-4	PSB129	666	4	l'	l'	_	_	_	_	_	linguistic	_	ContainsVariation=No	SpaceAfter=No	_	_	_	_	_
666-5	PSB129	666	5	angello	angello	_	_	_	_	_	linguistic	_	ContainsVariation=No	_	_	_	_	_	_
666-6	PSB129	666	6	eh	eh	_	_	_	_	_	linguistic	_	ContainsVariation=No	_	_	_	_	_	_
666-7	PSB129	666	7	perde	perde	_	_	_	_	_	linguistic	_	ContainsVariation=No	_	_	_	_	_	_
666-8	PSB129	666	8	tanto[:]	tanto	_	_	_	_	_	linguistic	_	ContainsVariation=No	_	End=889.534	4x1	_	_	4-5(260)
667-0	PSB086	667	0	[n]o	no	_	_	_	_	_	linguistic	_	ContainsVariation=No	_	Begin=889.49	_	_	_	0-1(260)
667-1	PSB086	667	1	no	no	_	_	_	_	_	linguistic	_	ContainsVariation=No	_	_	_	_	_	_
667-2	PSB086	667	2	ma	ma	_	_	_	_	_	linguistic	_	ContainsVariation=No	_	_	_	_	_	_
667-3	PSB086	667	3	è	è	_	_	_	_	_	linguistic	_	ContainsVariation=No	_	_	_	_	_	_
667-4	PSB086	667	4	è	è	_	_	_	_	_	linguistic	_	ContainsVariation=No	_	_	_	_	_	_
667-5	PSB086	667	5	bello	bello	_	_	_	_	_	linguistic	_	ContainsVariation=No	_	_	_	_	_	_
667-6	PSB086	667	6	così	così	_	_	_	_	_	linguistic	_	ContainsVariation=No	_	_	_	_	_	_
667-7	PSB086	667	7	anche	anche	_	_	_	_	_	linguistic	_	ContainsVariation=No	_	_	_	_	_	_
667-8	PSB086	667	8	per	per	_	_	_	_	_	linguistic	_	ContainsVariation=No	_	_	_	_	_	_
667-9	PSB086	667	9	me	me	_	_	_	_	_	linguistic	_	ContainsVariation=No	_	_	_	_	_	_
667-10	PSB086	667	10	è	è	_	_	_	_	_	linguistic	_	ContainsVariation=No	_	_	_	_	_	_
667-11	PSB086	667	11	stata	stata	_	_	_	_	_	linguistic	_	ContainsVariation=No	_	_	_	_	_	_
667-12	PSB086	667	12	una	una	_	_	_	_	_	linguistic	_	ContainsVariation=No	_	_	_	_	_	_
667-13	PSB086	667	13	sor[presa	sorpresa	_	_	_	_	_	linguistic	_	ContainsVariation=No	_	_	_	_	_	3-8(261)
667-14	PSB086	667	14	no]	no	_	_	_	_	_	linguistic	_	ContainsVariation=No	_	_	_	_	_	0-2(261)
667-15	PSB086	667	15	io	io	_	_	_	_	_	linguistic	_	ContainsVariation=No	_	_	_	_	_	_
667-16	PSB086	667	16	ho	ho	_	_	_	_	_	linguistic	_	ContainsVariation=No	_	_	_	_	_	_
667-17	PSB086	667	17	detto	detto	_	_	_	_	_	linguistic	_	ContainsVariation=No	_	_	_	_	_	_
667-18	PSB086	667	18	lì	lì	_	_	_	_	_	linguistic	_	ContainsVariation=No	_	_	_	_	_	_
667-19	PSB086	667	19	non	non	_	_	_	_	_	linguistic	_	ContainsVariation=No	_	_	_	_	_	_
667-20	PSB086	667	20	siamo	siamo	_	_	_	_	_	linguistic	_	ContainsVariation=No	_	_	_	_	_	_
667-21	PSB086	667	21	mai	mai	_	_	_	_	_	linguistic	_	ContainsVariation=No	_	_	_	_	_	_
667-22	PSB086	667	22	stati	stati	_	_	_	_	_	linguistic	_	ContainsVariation=No	_	_	_	_	_	_
667-23	PSB086	667	23	c'	c'	_	_	_	_	_	linguistic	_	ContainsVariation=No	SpaceAfter=No	_	_	_	_	_
667-24	PSB086	667	24	era	era	_	_	_	_	_	linguistic	_	ContainsVariation=No	_	_	_	_	_	_
667-25	PSB086	667	25	un	un	_	_	_	_	_	linguistic	_	ContainsVariation=No	_	_	_	_	_	_
667-26	PSB086	667	26	c(io)è	cioè	_	_	_	_	_	linguistic	_	ContainsVariation=No	Reduced=Yes	_	_	_	_	_
667-27	PSB086	667	27	qualche	qualche	_	_	_	_	_	linguistic	_	ContainsVariation=No	_	_	_	_	_	_
667-28	PSB086	667	28	occasione	occasione	_	_	_	_	_	linguistic	_	ContainsVariation=No	_	End=896.677	_	_	_	_
668-0	PSB129	668	0	[sì	sì	_	_	_	_	_	linguistic	_	ContainsVariation=No	_	Begin=892.287	_	_	_	0-2(261)
668-1	PSB129	668	1	sì	sì	_	_	_	_	_	linguistic	_	ContainsVariation=No	_	_	_	_	_	0-2(261)
668-2	PSB129	668	2	sì]	sì	_	_	_	_	_	linguistic	_	ContainsVariation=No	_	End=893.051	_	_	_	0-2(261)
669-0	PSB129	669	0	sì	sì	_	_	_	_	_	linguistic	_	ContainsVariation=No	_	Begin=896.78	_	_	_	_
669-1	PSB129	669	1	sì	sì	_	_	_	_	_	linguistic	_	ContainsVariation=No	_	_	_	_	_	_
669-2	PSB129	669	2	sì	sì	_	_	_	_	_	linguistic	_	ContainsVariation=No	_	End=897.45	_	_	_	_
670-0	PSB086	670	0	ho	ho	_	_	_	_	_	linguistic	_	ContainsVariation=No	_	Begin=897.46	_	_	_	_
670-1	PSB086	670	1	detto	detto	_	_	_	_	_	linguistic	_	ContainsVariation=No	_	_	_	_	_	_
670-2	PSB086	670	2	ah	ah	_	_	_	_	_	linguistic	_	ContainsVariation=No	_	_	_	_	_	_
670-3	PSB086	670	3	andiamo	andiamo	_	_	_	_	_	linguistic	_	ContainsVariation=No	_	_	_	_	_	_
670-4	PSB086	670	4	lì	lì	_	_	_	_	_	linguistic	_	ContainsVariation=No	_	End=898.737	_	_	_	_
671-0	PSB086	671	0	è	è	_	_	_	_	_	linguistic	_	ContainsVariation=No	_	Begin=899.6	_	_	_	_
671-1	PSB086	671	1	bello	bello	_	_	_	_	_	linguistic	_	ContainsVariation=No	_	_	_	_	_	_
671-2	PSB086	671	2	così	così	_	_	_	_	_	linguistic	_	ContainsVariation=No	_	_	_	_	_	_
671-3	PSB086	671	3	no	no	_	_	_	_	_	linguistic	_	ContainsVariation=No	_	_	_	_	_	_
671-4	PSB086	671	4	c~	c~	_	_	_	_	_	linguistic	_	ContainsVariation=No	Interrupted=Yes	_	_	_	_	_
671-5	PSB086	671	5	non	non	_	_	_	_	_	linguistic	_	ContainsVariation=No	_	_	_	_	_	_
671-6	PSB086	671	6	è	è	_	_	_	_	_	linguistic	_	ContainsVariation=No	_	_	_	_	_	_
671-7	PSB086	671	7	che	che	_	_	_	_	_	linguistic	_	ContainsVariation=No	_	_	_	_	_	_
671-8	PSB086	671	8	dici	dici	_	_	_	_	_	linguistic	_	ContainsVariation=No	_	_	_	_	_	_
671-9	PSB086	671	9	sono	sono	_	_	_	_	_	linguistic	_	ContainsVariation=No	_	_	_	_	_	_
671-10	PSB086	671	10	solo	solo	_	_	_	_	_	linguistic	_	ContainsVariation=No	_	_	_	_	_	_
671-11	PSB086	671	11	cinesi	cinesi	_	_	_	_	_	linguistic	_	ContainsVariation=No	_	_	_	_	_	_
671-12	PSB086	671	12	giappo[nesi	giapponesi	_	_	_	_	_	linguistic	_	ContainsVariation=No	_	_	_	_	_	6-10(262)
671-13	PSB086	671	13	e]	e	_	_	_	_	_	linguistic	_	ContainsVariation=No	_	End=903.122	_	_	_	0-1(262)
672-0	PSB129	672	0	[no	no	_	_	_	_	_	linguistic	_	ContainsVariation=No	_	Begin=902.55	_	_	_	0-2(262)
672-1	PSB129	672	1	infa][tti]	infatti	_	_	_	_	_	linguistic	_	ContainsVariation=No	_	End=903.731	_	_	_	0-4(262),4-7(263)
673-0	PSB086	673	0	[se	se	_	_	_	_	_	linguistic	_	ContainsVariation=No	_	Begin=903.38	_	_	_	0-2(263)
673-1	PSB086	673	1	c'	c'	_	_	_	_	_	linguistic	_	ContainsVariation=No	SpaceAfter=No	_	_	_	_	0-2(263)
673-2	PSB086	673	2	è	è	_	_	_	_	_	linguistic	_	ContainsVariation=No	_	_	_	_	_	0-1(263)
673-3	PSB086	673	3	qualche]	qualche	_	_	_	_	_	linguistic	_	ContainsVariation=No	_	_	_	_	_	0-7(263)
673-4	PSB086	673	4	[ristorante	ristorante	_	_	_	_	_	linguistic	_	ContainsVariation=No	_	_	_	_	_	0-10(264)
673-5	PSB086	673	5	veneto	veneto	_	_	_	_	_	linguistic	_	ContainsVariation=No	_	_	_	_	_	0-6(264)
673-6	PSB086	673	6	puoi	puoi	_	_	_	_	_	linguistic	_	ContainsVariation=No	_	_	_	_	_	0-4(264)
673-7	PSB086	673	7	consigliare	consigliare	_	_	_	_	_	linguistic	_	ContainsVariation=No	_	_	_	_	_	0-11(264)
673-8	PSB086	673	8	eh]	eh	_	_	_	_	_	linguistic	_	ContainsVariation=No	_	End=906.588	_	_	_	0-2(264)
674-0	PSB129	674	0	[ci	ci	_	_	_	_	_	linguistic	_	ContainsVariation=No	_	Begin=904.04	_	_	_	0-2(264)
674-1	PSB129	674	1	sono	sono	_	_	_	_	_	linguistic	_	ContainsVariation=No	_	_	_	_	_	0-4(264)
674-2	PSB129	674	2	i	i	_	_	_	_	_	linguistic	_	ContainsVariation=No	_	_	_	_	_	0-1(264)
674-3	PSB129	674	3	cinesi	cinesi	_	_	_	_	_	linguistic	_	ContainsVariation=No	_	_	_	_	_	0-6(264)
674-4	PSB129	674	4	gli	gli	_	_	_	_	_	linguistic	_	ContainsVariation=No	_	_	_	_	_	0-3(264)
674-5	PSB129	674	5	abruzzesi	abruzzesi	_	_	_	_	_	linguistic	_	ContainsVariation=No	_	_	_	_	_	0-9(264)
674-6	PSB129	674	6	e	e	_	_	_	_	_	linguistic	_	ContainsVariation=No	_	_	_	_	_	0-1(264)
674-7	PSB129	674	7	c(io)][è]	cioè	_	_	_	_	_	linguistic	_	ContainsVariation=No	_	End=906.982	_	_	1-3(0)	0-3(264),3-4(265)
675-0	PSB130	675	0	[qu]a	qua	_	_	_	_	_	linguistic	_	ContainsVariation=No	_	Begin=906.833	_	_	_	0-2(265)
675-1	PSB130	675	1	a	a	_	_	_	_	_	linguistic	_	ContainsVariation=No	_	_	_	_	_	_
675-2	PSB130	675	2	bolo[gna]?	bologna	_	_	_	_	_	linguistic	_	ContainsVariation=No	Intonation=Rising	End=908.021	_	_	_	4-7(266)
676-0	PSB086	676	0	[eh]	eh	_	_	_	_	_	linguistic	_	ContainsVariation=No	_	Begin=907.56|End=907.95	_	_	_	0-2(266)
677-0	PSB130	677	0	sai	sai	_	_	_	_	_	linguistic	_	ContainsVariation=No	_	Begin=908.24	_	_	_	_
677-1	PSB130	677	1	che	che	_	_	_	_	_	linguistic	_	ContainsVariation=No	_	_	_	_	_	_
677-2	PSB130	677	2	[non	non	_	_	_	_	_	linguistic	_	ContainsVariation=No	_	_	_	_	_	0-3(267)
677-3	PSB130	677	3	lo	lo	_	_	_	_	_	linguistic	_	ContainsVariation=No	_	_	_	_	_	0-2(267)
677-4	PSB130	677	4	so]?	so	_	_	_	_	_	linguistic	_	ContainsVariation=No	Intonation=Rising	End=909.112	_	_	_	0-2(267)
678-0	PSB036	678	0	[c'	c'	_	_	_	_	_	linguistic	_	ContainsVariation=No	SpaceAfter=No	Begin=908.4	_	_	_	0-2(267)
678-1	PSB036	678	1	è	è	_	_	_	_	_	linguistic	_	ContainsVariation=No	_	_	_	_	_	0-1(267)
678-2	PSB036	678	2	un	un	_	_	_	_	_	linguistic	_	ContainsVariation=No	_	_	_	_	_	0-2(267)
678-3	PSB036	678	3	bacaro]	bacaro	_	_	_	_	_	linguistic	_	ContainsVariation=No	_	_	_	_	_	0-6(267)
678-4	PSB036	678	4	o	o	_	_	_	_	_	linguistic	_	ContainsVariation=No	_	_	_	_	_	_
678-5	PSB036	678	5	sbaglio	sbaglio	_	_	_	_	_	linguistic	_	ContainsVariation=No	_	_	_	_	_	_
678-6	PSB036	678	6	in	in	_	_	_	_	_	linguistic	_	ContainsVariation=No	_	_	_	_	_	_
678-7	PSB036	678	7	via	via	_	_	_	_	_	linguistic	_	ContainsVariation=No	_	_	_	_	_	_
678-8	PSB036	678	8	de[:]	de	_	_	_	_	_	linguistic	_	ContainsVariation=No	_	End=910.39	1x1	_	_	1-2(413)
679-0	PSB129	679	0	[può	può	_	_	_	_	_	linguistic	_	ContainsVariation=No	_	Begin=910.221	_	_	_	0-3(?)
679-1	PSB129	679	1	essere]	essere	_	_	_	_	_	linguistic	_	ContainsVariation=No	_	End=911.089	_	_	_	0-6(?)
680-0	PSB130	680	0	[c'	c'	_	_	_	_	_	linguistic	_	ContainsVariation=No	SpaceAfter=No	Begin=910.27	_	_	_	0-2(?)
680-1	PSB130	680	1	è	è	_	_	_	_	_	linguistic	_	ContainsVariation=No	_	_	_	_	_	0-1(?)
680-2	PSB130	680	2	un	un	_	_	_	_	_	linguistic	_	ContainsVariation=No	_	_	_	_	_	0-2(?)
680-3	PSB130	680	3	ba~	ba~	_	_	_	_	_	linguistic	_	ContainsVariation=No	Interrupted=Yes	_	_	_	_	0-3(?)
680-4	PSB130	680	4	c'	c'	_	_	_	_	_	linguistic	_	ContainsVariation=No	SpaceAfter=No	_	_	_	_	0-2(?)
680-5	PSB130	680	5	è	è	_	_	_	_	_	linguistic	_	ContainsVariation=No	_	_	_	_	_	0-1(?)
680-6	PSB130	680	6	un	un	_	_	_	_	_	linguistic	_	ContainsVariation=No	_	_	_	_	_	0-2(?)
680-7	PSB130	680	7	bacaro]?	bacaro	_	_	_	_	_	linguistic	_	ContainsVariation=No	Intonation=Rising	End=911.656	_	_	_	0-5(?)
681-0	PSB086	681	0	[è	è	_	_	_	_	_	linguistic	_	ContainsVariation=No	_	Begin=910.82	_	_	_	0-1(?)
681-1	PSB086	681	1	è	è	_	_	_	_	_	linguistic	_	ContainsVariation=No	_	_	_	_	_	0-1(?)
681-2	PSB086	681	2	è	è	_	_	_	_	_	linguistic	_	ContainsVariation=No	_	_	_	_	_	0-1(?)
681-3	PSB086	681	3	un	un	_	_	_	_	_	linguistic	_	ContainsVariation=No	_	_	_	_	_	0-2(?)
681-4	PSB086	681	4	ristorante:]:	ristorante	_	_	_	_	_	linguistic	_	ContainsVariation=No	_	End=912.81	9x2	_	_	0-10(?)
682-0	PSB036	682	0	[sì]	sì	_	_	_	_	_	linguistic	_	ContainsVariation=No	_	Begin=911.79|End=912.24	_	_	_	0-2(268)
683-0	PSB086	683	0	con	con	_	_	_	_	_	linguistic	_	ContainsVariation=No	_	Begin=913.36	_	_	_	_
683-1	PSB086	683	1	specialità	specialità	_	_	_	_	_	linguistic	_	ContainsVariation=No	_	_	_	_	_	_
683-2	PSB086	683	2	bergamasca?	bergamasca	_	_	_	_	_	linguistic	_	ContainsVariation=No	Intonation=Rising	End=915.073	_	_	_	_
684-0	PSB127	684	0	mhmh	mhmh	_	_	_	_	_	linguistic	_	ContainsVariation=No	_	Begin=915.08|End=915.453	_	_	_	_
685-0	PSB036	685	0	qua	qua	_	_	_	_	_	linguistic	_	ContainsVariation=No	_	Begin=917.31	_	_	_	_
685-1	PSB036	685	1	[a	a	_	_	_	_	_	linguistic	_	ContainsVariation=No	_	_	_	_	_	0-1(269)
685-2	PSB036	685	2	bologna]?	bologna	_	_	_	_	_	linguistic	_	ContainsVariation=No	Intonation=Rising	End=918.507	_	_	_	0-7(269)
686-0	PSB086	686	0	[cosa	cosa	_	_	_	_	_	linguistic	_	ContainsVariation=No	_	Begin=917.67	_	_	_	0-4(269)
686-1	PSB086	686	1	si	si	_	_	_	_	_	linguistic	_	ContainsVariation=No	_	_	_	_	_	0-2(269)
686-2	PSB086	686	2	mangia	mangia	_	_	_	_	_	linguistic	_	ContainsVariation=No	_	_	_	_	_	0-6(269)
686-3	PSB086	686	3	da]	da	_	_	_	_	_	linguistic	_	ContainsVariation=No	_	_	_	_	_	0-2(269)
686-4	PSB086	686	4	[voi]?	voi	_	_	_	_	_	linguistic	_	ContainsVariation=No	Intonation=Rising	End=918.853	_	_	_	0-3(270)
687-0	PSB129	687	0	[caso]ncelli	casoncelli	_	_	_	_	_	linguistic	_	ContainsVariation=No	_	Begin=918.52	_	_	_	0-4(270)
687-1	PSB129	687	1	dove	dove	_	_	_	_	_	linguistic	_	ContainsVariation=No	_	_	_	_	_	_
687-2	PSB129	687	2	li	li	_	_	_	_	_	linguistic	_	ContainsVariation=No	_	_	_	_	_	_
687-3	PSB129	687	3	fanno?	fanno	_	_	_	_	_	linguistic	_	ContainsVariation=No	Intonation=Rising	End=920.205	_	_	_	_
688-0	PSB036	688	0	eh	eh	_	_	_	_	_	linguistic	_	ContainsVariation=No	_	Begin=920.24|End=920.7	_	_	_	_
689-0	PSB129	689	0	tra	tra	_	_	_	_	_	linguistic	_	ContainsVariation=No	_	Begin=920.77	_	_	_	_
689-1	PSB129	689	1	l'	l'	_	_	_	_	_	linguistic	_	ContainsVariation=No	SpaceAfter=No	_	_	_	_	_
689-2	PSB129	689	2	altro	altro	_	_	_	_	_	linguistic	_	ContainsVariation=No	_	_	_	_	_	_
689-3	PSB129	689	3	[questi	questi	_	_	_	_	_	linguistic	_	ContainsVariation=No	_	_	_	_	_	0-6(271)
689-4	PSB129	689	4	c'	c'	_	_	_	_	_	linguistic	_	ContainsVariation=No	SpaceAfter=No	_	_	_	_	0-2(271)
689-5	PSB129	689	5	hanno]	hanno	_	_	_	_	_	linguistic	_	ContainsVariation=No	_	_	_	_	_	0-4(271)
689-6	PSB129	689	6	un	un	_	_	_	_	_	linguistic	_	ContainsVariation=No	_	_	_	_	_	_
689-7	PSB129	689	7	po'	po'	_	_	_	_	_	linguistic	_	ContainsVariation=No	_	_	_	_	_	_
689-8	PSB129	689	8	la	la	_	_	_	_	_	linguistic	_	ContainsVariation=No	_	_	_	_	_	_
689-9	PSB129	689	9	form[a	forma	_	_	_	_	_	linguistic	_	ContainsVariation=No	_	_	_	_	_	2-5(272)
689-10	PSB129	689	10	eh]	eh	_	_	_	_	_	linguistic	_	ContainsVariation=No	_	End=922.453	_	_	_	0-1(272)
690-0	PSB036	690	0	[sai	sai	_	_	_	_	_	linguistic	_	ContainsVariation=No	_	Begin=921.03	_	_	_	0-3(271)
690-1	PSB036	690	1	che]	che	_	_	_	_	_	linguistic	_	ContainsVariation=No	_	End=921.699	_	_	_	0-3(271)
691-0	PSB036	691	0	[c'	c'	_	_	_	_	_	linguistic	_	ContainsVariation=No	SpaceAfter=No	Begin=922.2	_	_	_	0-2(272)
691-1	PSB036	691	1	hanno]	hanno	_	_	_	_	_	linguistic	_	ContainsVariation=No	_	_	_	_	_	0-5(272)
691-2	PSB036	691	2	un	un	_	_	_	_	_	linguistic	_	ContainsVariation=No	_	_	_	_	_	_
691-3	PSB036	691	3	po'	po'	_	_	_	_	_	linguistic	_	ContainsVariation=No	_	_	_	_	_	_
691-4	PSB036	691	4	la	la	_	_	_	_	_	linguistic	_	ContainsVariation=No	_	_	_	_	_	_
691-5	PSB036	691	5	forma	forma	_	_	_	_	_	linguistic	_	ContainsVariation=No	_	_	_	_	_	_
691-6	PSB036	691	6	dei	dei	_	_	_	_	_	linguistic	_	ContainsVariation=No	_	_	_	_	_	_
691-7	PSB036	691	7	casoncelli	casoncelli	_	_	_	_	_	linguistic	_	ContainsVariation=No	_	End=924.305	_	_	_	_
692-0	PSB036	692	0	però:	però	_	_	_	_	_	linguistic	_	ContainsVariation=No	_	Begin=924.59	3x1	_	_	_
692-1	PSB036	692	1	sai	sai	_	_	_	_	_	linguistic	_	ContainsVariation=No	_	_	_	_	_	_
692-2	PSB036	692	2	che	che	_	_	_	_	_	linguistic	_	ContainsVariation=No	_	_	_	_	_	_
692-3	PSB036	692	3	qua	qua	_	_	_	_	_	linguistic	_	ContainsVariation=No	_	_	_	_	_	_
692-4	PSB036	692	4	lombardo	lombardo	_	_	_	_	_	linguistic	_	ContainsVariation=No	_	_	_	_	_	_
692-5	PSB036	692	5	xxx	xxx	_	_	_	_	_	unknown	_	ContainsVariation=No	Syllables=3	_	_	_	_	_
692-6	PSB036	692	6	a	a	_	_	_	_	_	linguistic	_	ContainsVariation=No	_	_	_	_	_	_
692-7	PSB036	692	7	bologna	bologna	_	_	_	_	_	linguistic	_	ContainsVariation=No	_	_	_	_	_	_
692-8	PSB036	692	8	non	non	_	_	_	_	_	linguistic	_	ContainsVariation=No	_	_	_	_	_	_
692-9	PSB036	692	9	lo	lo	_	_	_	_	_	linguistic	_	ContainsVariation=No	_	_	_	_	_	_
692-10	PSB036	692	10	so	so	_	_	_	_	_	linguistic	_	ContainsVariation=No	_	End=928.944	_	_	_	_
693-0	PSB036	693	0	[anche	anche	_	_	_	_	_	linguistic	_	ContainsVariation=No	_	Begin=929.01	_	_	_	0-5(273)
693-1	PSB036	693	1	perché	perché	_	_	_	_	_	linguistic	_	ContainsVariation=No	_	_	_	_	_	0-6(273)
693-2	PSB036	693	2	non:]	non	_	_	_	_	_	linguistic	_	ContainsVariation=No	_	End=929.673	2x1	_	_	0-3(273)
694-0	PSB130	694	0	[e	e	_	_	_	_	_	linguistic	_	ContainsVariation=No	_	Begin=929.04	_	_	_	0-1(273)
694-1	PSB130	694	1	a:]	a	_	_	_	_	_	linguistic	_	ContainsVariation=No	_	End=929.703	0x1	_	_	0-1(273)
695-0	PSB130	695	0	a	a	_	_	_	_	_	linguistic	_	ContainsVariation=No	_	Begin=930.34	_	_	_	_
695-1	PSB130	695	1	bologna	bologna	_	_	_	_	_	linguistic	_	ContainsVariation=No	_	_	_	_	_	_
695-2	PSB130	695	2	c'	c'	_	_	_	_	_	linguistic	_	ContainsVariation=No	SpaceAfter=No	_	_	_	_	_
695-3	PSB130	695	3	è	è	_	_	_	_	_	linguistic	_	ContainsVariation=No	_	_	_	_	_	_
695-4	PSB130	695	4	proprio	proprio	_	_	_	_	_	linguistic	_	ContainsVariation=No	_	_	_	_	_	_
695-5	PSB130	695	5	[una	una	_	_	_	_	_	linguistic	_	ContainsVariation=No	_	_	_	_	_	0-3(274)
695-6	PSB130	695	6	cultura:]	cultura	_	_	_	_	_	linguistic	_	ContainsVariation=No	_	End=932.132	6x1	_	_	0-7(274)
696-0	PSB086	696	0	[ma	ma	_	_	_	_	_	linguistic	_	ContainsVariation=No	_	Begin=930.97	_	_	_	0-2(274)
696-1	PSB086	696	1	cosa	cosa	_	_	_	_	_	linguistic	_	ContainsVariation=No	_	_	_	_	_	0-4(274)
696-2	PSB086	696	2	si	si	_	_	_	_	_	linguistic	_	ContainsVariation=No	_	_	_	_	_	0-2(274)
696-3	PSB086	696	3	mangia	mangia	_	_	_	_	_	linguistic	_	ContainsVariation=No	_	_	_	_	_	0-6(274)
696-4	PSB086	696	4	di	di	_	_	_	_	_	linguistic	_	ContainsVariation=No	_	_	_	_	_	0-2(274)
696-5	PSB086	696	5	più]	più	_	_	_	_	_	linguistic	_	ContainsVariation=No	_	_	_	_	_	0-3(274)
696-6	PSB086	696	6	da	da	_	_	_	_	_	linguistic	_	ContainsVariation=No	_	_	_	_	_	_
696-7	PSB086	696	7	voi?	voi	_	_	_	_	_	linguistic	_	ContainsVariation=No	Intonation=Rising	End=932.548	_	_	_	_
697-0	PSB036	697	0	allora	allora	_	_	_	_	_	linguistic	_	ContainsVariation=No	_	Begin=932.91	_	_	_	_
697-1	PSB036	697	1	si	si	_	_	_	_	_	linguistic	_	ContainsVariation=No	_	_	_	_	_	_
697-2	PSB036	697	2	fa	fa	_	_	_	_	_	linguistic	_	ContainsVariation=No	_	_	_	_	_	_
697-3	PSB036	697	3	anche	anche	_	_	_	_	_	linguistic	_	ContainsVariation=No	_	_	_	_	_	_
697-4	PSB036	697	4	lì	lì	_	_	_	_	_	linguistic	_	ContainsVariation=No	_	_	_	_	_	_
697-5	PSB036	697	5	ovviamente	ovviamente	_	_	_	_	_	linguistic	_	ContainsVariation=No	_	_	_	_	_	_
697-6	PSB036	697	6	anche	anche	_	_	_	_	_	linguistic	_	ContainsVariation=No	_	_	_	_	_	_
697-7	PSB036	697	7	lì	lì	_	_	_	_	_	linguistic	_	ContainsVariation=No	_	_	_	_	_	_
697-8	PSB036	697	8	c'	c'	_	_	_	_	_	linguistic	_	ContainsVariation=No	SpaceAfter=No	_	_	_	_	_
697-9	PSB036	697	9	è	è	_	_	_	_	_	linguistic	_	ContainsVariation=No	_	_	_	_	_	_
697-10	PSB036	697	10	c'	c'	_	_	_	_	_	linguistic	_	ContainsVariation=No	SpaceAfter=No	_	_	_	_	_
697-11	PSB036	697	11	è	è	_	_	_	_	_	linguistic	_	ContainsVariation=No	_	_	_	_	_	_
697-12	PSB036	697	12	pasta	pasta	_	_	_	_	_	linguistic	_	ContainsVariation=No	_	_	_	_	_	_
697-13	PSB036	697	13	ripiena	ripiena	_	_	_	_	_	linguistic	_	ContainsVariation=No	_	_	_	_	_	_
697-14	PSB036	697	14	ci	ci	_	_	_	_	_	linguistic	_	ContainsVariation=No	_	_	_	_	_	_
697-15	PSB036	697	15	sono	sono	_	_	_	_	_	linguistic	_	ContainsVariation=No	_	_	_	_	_	_
697-16	PSB036	697	16	i	i	_	_	_	_	_	linguistic	_	ContainsVariation=No	_	_	_	_	_	_
697-17	PSB036	697	17	casoncelli	casoncelli	_	_	_	_	_	linguistic	_	ContainsVariation=No	_	_	_	_	_	_
697-18	PSB036	697	18	che	che	_	_	_	_	_	linguistic	_	ContainsVariation=No	_	_	_	_	_	_
697-19	PSB036	697	19	sono	sono	_	_	_	_	_	linguistic	_	ContainsVariation=No	_	_	_	_	_	_
697-20	PSB036	697	20	questi	questi	_	_	_	_	_	linguistic	_	ContainsVariation=No	_	_	_	_	_	_
697-21	PSB036	697	21	ravioli	ravioli	_	_	_	_	_	linguistic	_	ContainsVariation=No	_	_	_	_	_	_
697-22	PSB036	697	22	con	con	_	_	_	_	_	linguistic	_	ContainsVariation=No	_	_	_	_	_	_
697-23	PSB036	697	23	ripieno	ripieno	_	_	_	_	_	linguistic	_	ContainsVariation=No	_	_	_	_	_	_
697-24	PSB036	697	24	di	di	_	_	_	_	_	linguistic	_	ContainsVariation=No	_	End=939.181	_	_	_	_
698-0	PSB036	698	0	e::hm	ehm	_	_	_	_	_	linguistic	_	ContainsVariation=No	_	Begin=939.625	0x2	_	_	_
698-1	PSB036	698	1	m:h	mh	_	_	_	_	_	linguistic	_	ContainsVariation=No	_	_	0x1	_	_	_
698-2	PSB036	698	2	uovo	uovo	_	_	_	_	_	linguistic	_	ContainsVariation=No	_	_	_	_	_	_
698-3	PSB036	698	3	formaggio	formaggio	_	_	_	_	_	linguistic	_	ContainsVariation=No	_	_	_	_	_	_
698-4	PSB036	698	4	salsiccia:	salsiccia	_	_	_	_	_	linguistic	_	ContainsVariation=No	_	_	8x1	_	_	_
698-5	PSB036	698	5	eh	eh	_	_	_	_	_	linguistic	_	ContainsVariation=No	_	_	_	_	_	_
698-6	PSB036	698	6	cotechino	cotechino	_	_	_	_	_	linguistic	_	ContainsVariation=No	PauseAfter=Yes	_	_	_	_	_
698-7	PSB036	698	7	(.)	(.)	_	_	_	_	_	shortpause	_	ContainsVariation=No	_	_	_	_	_	_
698-8	PSB036	698	8	alcuni	alcuni	_	_	_	_	_	linguistic	_	ContainsVariation=No	_	_	_	_	_	_
698-9	PSB036	698	9	ci	ci	_	_	_	_	_	linguistic	_	ContainsVariation=No	_	_	_	_	_	_
698-10	PSB036	698	10	mettono	mettono	_	_	_	_	_	linguistic	_	ContainsVariation=No	_	_	_	_	_	_
698-11	PSB036	698	11	anche	anche	_	_	_	_	_	linguistic	_	ContainsVariation=No	_	_	_	_	_	_
698-12	PSB036	698	12	gli	gli	_	_	_	_	_	linguistic	_	ContainsVariation=No	_	_	_	_	_	_
698-13	PSB036	698	13	amaretti	amaretti	_	_	_	_	_	linguistic	_	ContainsVariation=No	_	End=947.48	_	_	_	_
699-0	PSB036	699	0	e:h	eh	_	_	_	_	_	linguistic	_	ContainsVariation=No	_	Begin=947.975	0x1	_	_	_
699-1	PSB036	699	1	zucca	zucca	_	_	_	_	_	linguistic	_	ContainsVariation=No	_	End=949.243	_	_	_	_
700-0	PSB036	700	0	così	così	_	_	_	_	_	linguistic	_	ContainsVariation=No	_	Begin=949.7	_	_	_	_
700-1	PSB036	700	1	eh	eh	_	_	_	_	_	linguistic	_	ContainsVariation=No	_	_	_	_	_	_
700-2	PSB036	700	2	molto	molto	_	_	_	_	_	linguistic	_	ContainsVariation=No	_	_	_	_	_	_
700-3	PSB036	700	3	col	col	_	_	_	_	_	linguistic	_	ContainsVariation=No	_	_	_	_	_	_
700-4	PSB036	700	4	burro	burro	_	_	_	_	_	linguistic	_	ContainsVariation=No	_	_	_	_	_	_
700-5	PSB036	700	5	e	e	_	_	_	_	_	linguistic	_	ContainsVariation=No	_	_	_	_	_	_
700-6	PSB036	700	6	salvia	salvia	_	_	_	_	_	linguistic	_	ContainsVariation=No	_	_	_	_	_	_
700-7	PSB036	700	7	e	e	_	_	_	_	_	linguistic	_	ContainsVariation=No	_	_	_	_	_	_
700-8	PSB036	700	8	pancetta	pancetta	_	_	_	_	_	linguistic	_	ContainsVariation=No	_	End=952.303	_	_	_	_
701-0	PSB036	701	0	oppure	oppure	_	_	_	_	_	linguistic	_	ContainsVariation=No	_	Begin=952.9	_	_	_	_
701-1	PSB036	701	1	si	si	_	_	_	_	_	linguistic	_	ContainsVariation=No	_	_	_	_	_	_
701-2	PSB036	701	2	fanno	fanno	_	_	_	_	_	linguistic	_	ContainsVariation=No	_	_	_	_	_	_
701-3	PSB036	701	3	vabbè	vabbè	_	_	_	_	_	linguistic	_	ContainsVariation=No	_	_	_	_	_	_
701-4	PSB036	701	4	un	un	_	_	_	_	_	linguistic	_	ContainsVariation=No	_	_	_	_	_	_
701-5	PSB036	701	5	sacco	sacco	_	_	_	_	_	linguistic	_	ContainsVariation=No	_	_	_	_	_	_
701-6	PSB036	701	6	di	di	_	_	_	_	_	linguistic	_	ContainsVariation=No	_	_	_	_	_	_
701-7	PSB036	701	7	carne	carne	_	_	_	_	_	linguistic	_	ContainsVariation=No	_	_	_	_	_	_
701-8	PSB036	701	8	polenta	polenta	_	_	_	_	_	linguistic	_	ContainsVariation=No	_	_	_	_	_	_
701-9	PSB036	701	9	c'	c'	_	_	_	_	_	linguistic	_	ContainsVariation=No	SpaceAfter=No	_	_	_	_	_
701-10	PSB036	701	10	è	è	_	_	_	_	_	linguistic	_	ContainsVariation=No	_	_	_	_	_	_
701-11	PSB036	701	11	sempre	sempre	_	_	_	_	_	linguistic	_	ContainsVariation=No	_	_	_	_	_	_
701-12	PSB036	701	12	la	la	_	_	_	_	_	linguistic	_	ContainsVariation=No	_	_	_	_	_	_
701-13	PSB036	701	13	polenta	polenta	_	_	_	_	_	linguistic	_	ContainsVariation=No	_	End=957.449	_	_	_	_
702-0	PSB036	702	0	>molto	molto	_	_	_	_	_	linguistic	_	ContainsVariation=No	_	Begin=957.713	_	Fast=0-5(0)	_	_
702-1	PSB036	702	1	buono<	buono	_	_	_	_	_	linguistic	_	ContainsVariation=No	_	_	_	Fast=0-5(0)	_	_
702-2	PSB036	702	2	c'	c'	_	_	_	_	_	linguistic	_	ContainsVariation=No	SpaceAfter=No	_	_	_	_	_
702-3	PSB036	702	3	è	è	_	_	_	_	_	linguistic	_	ContainsVariation=No	_	_	_	_	_	_
702-4	PSB036	702	4	la	la	_	_	_	_	_	linguistic	_	ContainsVariation=No	_	_	_	_	_	_
702-5	PSB036	702	5	polenta	polenta	_	_	_	_	_	linguistic	_	ContainsVariation=No	_	_	_	_	_	_
702-6	PSB036	702	6	taragna	taragna	_	_	_	_	_	linguistic	_	ContainsVariation=No	_	_	_	_	_	_
702-7	PSB036	702	7	poi	poi	_	_	_	_	_	linguistic	_	ContainsVariation=No	_	_	_	_	_	_
702-8	PSB036	702	8	che	che	_	_	_	_	_	linguistic	_	ContainsVariation=No	_	_	_	_	_	_
702-9	PSB036	702	9	coi	coi	_	_	_	_	_	linguistic	_	ContainsVariation=No	_	_	_	_	_	_
702-10	PSB036	702	10	formaggi	formaggi	_	_	_	_	_	linguistic	_	ContainsVariation=No	_	_	_	_	_	_
702-11	PSB036	702	11	il	il	_	_	_	_	_	linguistic	_	ContainsVariation=No	_	_	_	_	_	_
702-12	PSB036	702	12	burro	burro	_	_	_	_	_	linguistic	_	ContainsVariation=No	_	_	_	_	_	_
702-13	PSB036	702	13	così	così	_	_	_	_	_	linguistic	_	ContainsVariation=No	_	_	_	_	_	_
702-14	PSB036	702	14	che	che	_	_	_	_	_	linguistic	_	ContainsVariation=No	_	_	_	_	_	_
702-15	PSB036	702	15	è	è	_	_	_	_	_	linguistic	_	ContainsVariation=No	_	_	_	_	_	_
702-16	PSB036	702	16	grassissima	grassissima	_	_	_	_	_	linguistic	_	ContainsVariation=No	_	_	_	_	_	_
702-17	PSB036	702	17	io	io	_	_	_	_	_	linguistic	_	ContainsVariation=No	_	End=962.064	_	_	_	_
703-0	PSB036	703	0	[la	la	_	_	_	_	_	linguistic	_	ContainsVariation=No	_	Begin=962.4	_	_	_	0-2(275)
703-1	PSB036	703	1	mangerei	mangerei	_	_	_	_	_	linguistic	_	ContainsVariation=No	_	_	_	_	_	0-8(275)
703-2	PSB036	703	2	tutti	tutti	_	_	_	_	_	linguistic	_	ContainsVariation=No	_	_	_	_	_	0-5(275)
703-3	PSB036	703	3	i	i	_	_	_	_	_	linguistic	_	ContainsVariation=No	_	_	_	_	_	0-1(275)
703-4	PSB036	703	4	g~	g~	_	_	_	_	_	linguistic	_	ContainsVariation=No	Interrupted=Yes|PauseAfter=Yes	_	_	_	_	0-2(275)
703-5	PSB036	703	5	(.)]	(.)	_	_	_	_	_	shortpause	_	ContainsVariation=No	_	_	_	_	_	X(275)
703-6	PSB036	703	6	i	i	_	_	_	_	_	linguistic	_	ContainsVariation=No	_	_	_	_	_	_
703-7	PSB036	703	7	pizzoccheri	pizzoccheri	_	_	_	_	_	linguistic	_	ContainsVariation=No	_	_	_	_	_	_
703-8	PSB036	703	8	son	son	_	_	_	_	_	linguistic	_	ContainsVariation=No	_	_	_	_	_	_
703-9	PSB036	703	9	valtellinesi	valtellinesi	_	_	_	_	_	linguistic	_	ContainsVariation=No	_	_	_	_	_	_
703-10	PSB036	703	10	[però]	però	_	_	_	_	_	linguistic	_	ContainsVariation=No	_	End=965.214	_	_	_	0-4(276)
704-0	PSB129	704	0	[i	i	_	_	_	_	_	linguistic	_	ContainsVariation=No	_	Begin=962.413	_	_	_	0-1(275)
704-1	PSB129	704	1	pizzoccheri],	pizzoccheri	_	_	_	_	_	linguistic	_	ContainsVariation=No	Intonation=WeaklyRising	End=963.683	_	_	_	0-11(275)
705-0	PSB129	705	0	[eh]	eh	_	_	_	_	_	linguistic	_	ContainsVariation=No	_	Begin=964.763	_	_	_	0-2(276)
705-1	PSB129	705	1	però	però	_	_	_	_	_	linguistic	_	ContainsVariation=No	_	_	_	_	_	_
705-2	PSB129	705	2	vabbè	vabbè	_	_	_	_	_	linguistic	_	ContainsVariation=No	_	End=965.935	_	_	_	_
706-0	PSB036	706	0	pizzoccheri	pizzoccheri	_	_	_	_	_	linguistic	_	ContainsVariation=No	_	Begin=966.076	_	_	_	_
706-1	PSB036	706	1	non	non	_	_	_	_	_	linguistic	_	ContainsVariation=No	_	_	_	_	_	_
706-2	PSB036	706	2	li	li	_	_	_	_	_	linguistic	_	ContainsVariation=No	_	_	_	_	_	_
706-3	PSB036	706	3	avete	avete	_	_	_	_	_	linguistic	_	ContainsVariation=No	_	_	_	_	_	_
706-4	PSB036	706	4	mai	mai	_	_	_	_	_	linguistic	_	ContainsVariation=No	_	_	_	_	_	_
706-5	PSB036	706	5	mangiati?	mangiati	_	_	_	_	_	linguistic	_	ContainsVariation=No	Intonation=Rising	End=967.625	_	_	_	_
707-0	PSB129	707	0	io	io	_	_	_	_	_	linguistic	_	ContainsVariation=No	_	Begin=967.582	_	_	_	_
707-1	PSB129	707	1	li	li	_	_	_	_	_	linguistic	_	ContainsVariation=No	_	_	_	_	_	_
707-2	PSB129	707	2	è	è	_	_	_	_	_	linguistic	_	ContainsVariation=No	_	_	_	_	_	_
707-3	PSB129	707	3	[tipo	tipo	_	_	_	_	_	linguistic	_	ContainsVariation=No	_	_	_	_	_	0-4(278)
707-4	PSB129	707	4	la	la	_	_	_	_	_	linguistic	_	ContainsVariation=No	_	_	_	_	_	0-2(278)
707-5	PSB129	707	5	mia	mia	_	_	_	_	_	linguistic	_	ContainsVariation=No	_	_	_	_	_	0-3(278)
707-6	PSB129	707	6	cosa	cosa	_	_	_	_	_	linguistic	_	ContainsVariation=No	_	_	_	_	_	0-4(278)
707-7	PSB129	707	7	preferita]	preferita	_	_	_	_	_	linguistic	_	ContainsVariation=No	_	End=969.874	_	_	_	0-9(278)
708-0	PSB086	708	0	[no	no	_	_	_	_	_	linguistic	_	ContainsVariation=No	_	Begin=967.938	_	_	_	0-2(278)
708-1	PSB086	708	1	io	io	_	_	_	_	_	linguistic	_	ContainsVariation=No	_	_	_	_	_	0-2(278)
708-2	PSB086	708	2	ho	ho	_	_	_	_	_	linguistic	_	ContainsVariation=No	_	_	_	_	_	0-2(278)
708-3	PSB086	708	3	sentito	sentito	_	_	_	_	_	linguistic	_	ContainsVariation=No	_	_	_	_	_	0-7(278)
708-4	PSB086	708	4	ho	ho	_	_	_	_	_	linguistic	_	ContainsVariation=No	_	_	_	_	_	0-2(278)
708-5	PSB086	708	5	sentito:	sentito	_	_	_	_	_	linguistic	_	ContainsVariation=No	PauseAfter=Yes	_	6x1	_	_	0-7(278)
708-6	PSB086	708	6	(.)	(.)	_	_	_	_	_	shortpause	_	ContainsVariation=No	_	_	_	_	_	X(278)
708-7	PSB086	708	7	pizzoccheri]	pizzoccheri	_	_	_	_	_	linguistic	_	ContainsVariation=No	_	_	_	_	_	0-11(278)
708-8	PSB086	708	8	[quelli]	quelli	_	_	_	_	_	linguistic	_	ContainsVariation=No	_	End=971.253	_	_	_	0-6(415)
709-0	PSB128	709	0	[>che	che	_	_	_	_	_	linguistic	_	ContainsVariation=No	_	Begin=969.937	_	Fast=0-3(0)	_	0-3(415)
709-1	PSB128	709	1	cosa<?]	cosa	_	_	_	_	_	linguistic	_	ContainsVariation=No	Intonation=Rising	End=970.591	_	Fast=0-4(0)	_	0-4(415)
710-0	PSB036	710	0	[sono:]	sono	_	_	_	_	_	linguistic	_	ContainsVariation=No	_	Begin=970.519	3x1	_	_	0-4(415)
710-1	PSB036	710	1	è	è	_	_	_	_	_	linguistic	_	ContainsVariation=No	_	_	_	_	_	_
710-2	PSB036	710	2	della	della	_	_	_	_	_	linguistic	_	ContainsVariation=No	_	_	_	_	_	_
710-3	PSB036	710	3	pasta	pasta	_	_	_	_	_	linguistic	_	ContainsVariation=No	_	_	_	_	_	_
710-4	PSB036	710	4	fatta	fatta	_	_	_	_	_	linguistic	_	ContainsVariation=No	_	_	_	_	_	_
710-5	PSB036	710	5	col	col	_	_	_	_	_	linguistic	_	ContainsVariation=No	_	_	_	_	_	_
710-6	PSB036	710	6	grano	grano	_	_	_	_	_	linguistic	_	ContainsVariation=No	_	_	_	_	_	_
710-7	PSB036	710	7	saraceno	saraceno	_	_	_	_	_	linguistic	_	ContainsVariation=No	_	_	_	_	_	_
710-8	PSB036	710	8	perciò	perciò	_	_	_	_	_	linguistic	_	ContainsVariation=No	_	_	_	_	_	_
710-9	PSB036	710	9	m:h	mh	_	_	_	_	_	linguistic	_	ContainsVariation=No	_	_	0x1	_	_	_
710-10	PSB036	710	10	integrale	integrale	_	_	_	_	_	linguistic	_	ContainsVariation=No	_	_	_	_	_	_
710-11	PSB036	710	11	[dura	dura	_	_	_	_	_	linguistic	_	ContainsVariation=No	_	_	_	_	_	0-4(279)
710-12	PSB036	710	12	così	così	_	_	_	_	_	linguistic	_	ContainsVariation=No	_	_	_	_	_	0-4(279)
710-13	PSB036	710	13	sono	sono	_	_	_	_	_	linguistic	_	ContainsVariation=No	_	_	_	_	_	0-4(279)
710-14	PSB036	710	14	dei]	dei	_	_	_	_	_	linguistic	_	ContainsVariation=No	_	_	_	_	_	0-3(279)
710-15	PSB036	710	15	pezzettini	pezzettini	_	_	_	_	_	linguistic	_	ContainsVariation=No	_	_	_	_	_	_
710-16	PSB036	710	16	così	così	_	_	_	_	_	linguistic	_	ContainsVariation=No	_	End=977.501	_	_	_	_
711-0	PSB130	711	0	[sì	sì	_	_	_	_	_	linguistic	_	ContainsVariation=No	_	Begin=975.367	_	_	_	0-2(279)
711-1	PSB130	711	1	è	è	_	_	_	_	_	linguistic	_	ContainsVariation=No	_	_	_	_	_	0-1(279)
711-2	PSB130	711	2	un	un	_	_	_	_	_	linguistic	_	ContainsVariation=No	_	_	_	_	_	0-2(279)
711-3	PSB130	711	3	po'	po'	_	_	_	_	_	linguistic	_	ContainsVariation=No	_	_	_	_	_	0-3(279)
711-4	PSB130	711	4	dura]	dura	_	_	_	_	_	linguistic	_	ContainsVariation=No	_	End=976.662	_	_	_	0-4(279)
712-0	PSB036	712	0	si	si	_	_	_	_	_	linguistic	_	ContainsVariation=No	_	Begin=977.772	_	_	_	_
712-1	PSB036	712	1	fa	fa	_	_	_	_	_	linguistic	_	ContainsVariation=No	_	_	_	_	_	_
712-2	PSB036	712	2	andare	andare	_	_	_	_	_	linguistic	_	ContainsVariation=No	_	_	_	_	_	_
712-3	PSB036	712	3	col	col	_	_	_	_	_	linguistic	_	ContainsVariation=No	PauseAfter=Yes	_	_	_	_	_
712-4	PSB036	712	4	(.)	(.)	_	_	_	_	_	shortpause	_	ContainsVariation=No	_	_	_	_	_	_
712-5	PSB036	712	5	sacco	sacco	_	_	_	_	_	linguistic	_	ContainsVariation=No	_	_	_	_	_	_
712-6	PSB036	712	6	di	di	_	_	_	_	_	linguistic	_	ContainsVariation=No	_	_	_	_	_	_
712-7	PSB036	712	7	burro	burro	_	_	_	_	_	linguistic	_	ContainsVariation=No	_	_	_	_	_	_
712-8	PSB036	712	8	fuso,	fuso	_	_	_	_	_	linguistic	_	ContainsVariation=No	Intonation=WeaklyRising	End=980.673	_	_	_	_
713-0	PSB036	713	0	patate	patate	_	_	_	_	_	linguistic	_	ContainsVariation=No	_	Begin=980.873	_	_	_	_
713-1	PSB036	713	1	verza	verza	_	_	_	_	_	linguistic	_	ContainsVariation=No	_	End=982.353	_	_	_	_
714-0	PSB036	714	0	e::h	eh	_	_	_	_	_	linguistic	_	ContainsVariation=No	_	Begin=982.937|End=983.709	0x2	_	_	_
715-0	PSB036	715	0	buonissimo	buonissimo	_	_	_	_	_	linguistic	_	ContainsVariation=No	PauseAfter=Yes	Begin=984.139	_	_	_	_
715-1	PSB036	715	1	(.)	(.)	_	_	_	_	_	shortpause	_	ContainsVariation=No	_	_	_	_	_	_
715-2	PSB036	715	2	[c(io)è	cioè	_	_	_	_	_	linguistic	_	ContainsVariation=No	Reduced=Yes	_	_	_	_	0-4(416)
715-3	PSB036	715	3	con	con	_	_	_	_	_	linguistic	_	ContainsVariation=No	_	_	_	_	_	0-3(416)
715-4	PSB036	715	4	uno	uno	_	_	_	_	_	linguistic	_	ContainsVariation=No	_	_	_	_	_	0-3(416)
715-5	PSB036	715	5	s~]	s~	_	_	_	_	_	linguistic	_	ContainsVariation=No	Interrupted=Yes	End=985.615	_	_	_	0-2(416)
716-0	PSB127	716	0	[buonissmo]	buonissmo	_	_	_	_	_	linguistic	_	ContainsVariation=No	_	Begin=984.639|End=985.206	_	_	_	0-9(416)
717-0	PSB086	717	0	[per	per	_	_	_	_	_	linguistic	_	ContainsVariation=No	_	Begin=984.949	_	_	_	0-3(416)
717-1	PSB086	717	1	condire]	condire	_	_	_	_	_	linguistic	_	ContainsVariation=No	_	_	_	_	_	0-7(416)
717-2	PSB086	717	2	patate	patate	_	_	_	_	_	linguistic	_	ContainsVariation=No	_	_	_	_	_	_
717-3	PSB086	717	3	e	e	_	_	_	_	_	linguistic	_	ContainsVariation=No	_	_	_	_	_	_
717-4	PSB086	717	4	verza?	verza	_	_	_	_	_	linguistic	_	ContainsVariation=No	Intonation=Rising	End=986.413	_	_	_	_
718-0	PSB036	718	0	patate	patate	_	_	_	_	_	linguistic	_	ContainsVariation=No	_	Begin=986.43	_	_	_	_
718-1	PSB036	718	1	e	e	_	_	_	_	_	linguistic	_	ContainsVariation=No	_	_	_	_	_	_
718-2	PSB036	718	2	verza	verza	_	_	_	_	_	linguistic	_	ContainsVariation=No	_	_	_	_	_	_
718-3	PSB036	718	3	e	e	_	_	_	_	_	linguistic	_	ContainsVariation=No	_	_	_	_	_	_
718-4	PSB036	718	4	burro	burro	_	_	_	_	_	linguistic	_	ContainsVariation=No	_	_	_	_	_	_
718-5	PSB036	718	5	fu[so]	fuso	_	_	_	_	_	linguistic	_	ContainsVariation=No	_	End=987.915	_	_	_	2-4(280)
719-0	PSB127	719	0	[x]xxx[xx]	xxxxxx	_	_	_	_	_	unknown	_	ContainsVariation=No	Syllables=6	Begin=987.595|End=989.923	_	_	_	0-1(280),4-6(417)
720-0	PSB129	720	0	[e	e	_	_	_	_	_	linguistic	_	ContainsVariation=No	_	Begin=988.114	_	_	_	0-1(417)
720-1	PSB129	720	1	un	un	_	_	_	_	_	linguistic	_	ContainsVariation=No	_	_	_	_	_	0-2(417)
720-2	PSB129	720	2	sacco	sacco	_	_	_	_	_	linguistic	_	ContainsVariation=No	_	_	_	_	_	0-5(417)
720-3	PSB129	720	3	di	di	_	_	_	_	_	linguistic	_	ContainsVariation=No	_	_	_	_	_	0-2(417)
720-4	PSB129	720	4	formaggio]	formaggio	_	_	_	_	_	linguistic	_	ContainsVariation=No	_	End=989.992	_	_	_	0-9(417)
721-0	PSB036	721	0	[e	e	_	_	_	_	_	linguistic	_	ContainsVariation=No	_	Begin=988.798	_	_	_	0-1(417)
721-1	PSB036	721	1	un	un	_	_	_	_	_	linguistic	_	ContainsVariation=No	_	_	_	_	_	0-2(417)
721-2	PSB036	721	2	sacco	sacco	_	_	_	_	_	linguistic	_	ContainsVariation=No	_	_	_	_	_	0-5(417)
721-3	PSB036	721	3	di	di	_	_	_	_	_	linguistic	_	ContainsVariation=No	_	_	_	_	_	0-2(417)
721-4	PSB036	721	4	formag~]	formag~	_	_	_	_	_	linguistic	_	ContainsVariation=No	Interrupted=Yes	_	_	_	_	0-7(417)
721-5	PSB036	721	5	ah	ah	_	_	_	_	_	linguistic	_	ContainsVariation=No	_	_	_	_	_	_
721-6	PSB036	721	6	sì	sì	_	_	_	_	_	linguistic	_	ContainsVariation=No	_	_	_	_	_	_
721-7	PSB036	721	7	c'	c'	_	_	_	_	_	linguistic	_	ContainsVariation=No	SpaceAfter=No	_	_	_	_	_
721-8	PSB036	721	8	è	è	_	_	_	_	_	linguistic	_	ContainsVariation=No	_	_	_	_	_	_
721-9	PSB036	721	9	anche	anche	_	_	_	_	_	linguistic	_	ContainsVariation=No	_	_	_	_	_	_
721-10	PSB036	721	10	formaggio	formaggio	_	_	_	_	_	linguistic	_	ContainsVariation=No	_	_	_	_	_	_
721-11	PSB036	721	11	sciolto	sciolto	_	_	_	_	_	linguistic	_	ContainsVariation=No	_	_	_	_	_	_
721-12	PSB036	721	12	dentro	dentro	_	_	_	_	_	linguistic	_	ContainsVariation=No	_	_	_	_	_	_
721-13	PSB036	721	13	[che	che	_	_	_	_	_	linguistic	_	ContainsVariation=No	_	_	_	_	_	0-3(418)
721-14	PSB036	721	14	poi	poi	_	_	_	_	_	linguistic	_	ContainsVariation=No	_	_	_	_	_	0-3(418)
721-15	PSB036	721	15	xx]	xx	_	_	_	_	_	unknown	_	ContainsVariation=No	Syllables=2	End=992.79	_	_	_	0-2(418)
722-0	PSB086	722	0	#_ [xxx]	xxx	_	_	_	_	_	unknown	_	ContainsVariation=No	Syllables=3	Begin=991.299|End=994.019	_	_	_	0-3(418)
723-0	PSB129	723	0	[sì:	sì	_	_	_	_	_	linguistic	_	ContainsVariation=No	_	Begin=992.071	1x1	_	_	0-2(418)
723-1	PSB129	723	1	i]	i	_	_	_	_	_	linguistic	_	ContainsVariation=No	_	_	_	_	_	0-1(418)
723-2	PSB129	723	2	xx	xx	_	_	_	_	_	unknown	_	ContainsVariation=No	Syllables=2	End=993.951	_	_	_	_
724-0	PSB086	724	0	#_ xx	xx	_	_	_	_	_	unknown	_	ContainsVariation=Yes	Syllables=2	Begin=994.19	_	_	_	_
724-1	PSB086	724	1	klademo	klademo	_	_	_	_	_	linguistic	_	ContainsVariation=Yes|Code=Other|Language=NO_ISO_CODE	_	_	_	_	_	_
724-2	PSB086	724	2	kartopliu	kartopliu	_	_	_	_	_	linguistic	_	ContainsVariation=Yes|Code=Other|Language=NO_ISO_CODE	_	_	_	_	_	_
724-3	PSB086	724	3	i	i	_	_	_	_	_	linguistic	_	ContainsVariation=Yes|Code=Other|Language=NO_ISO_CODE	_	_	_	_	_	_
724-4	PSB086	724	4	kapustu	kapustu	_	_	_	_	_	linguistic	_	ContainsVariation=Yes|Code=Other|Language=NO_ISO_CODE	_	End=998.139	_	_	_	_
726-0	PSB127	726	0	#_ xxx	xxx	_	_	_	_	_	unknown	_	ContainsVariation=No	Syllables=3	Begin=996.336|End=998.322	_	_	_	_
727-0	PSB086	727	0	e	e	_	_	_	_	_	linguistic	_	ContainsVariation=No	_	Begin=998.139	_	_	_	_
727-1	PSB086	727	1	p~	p~	_	_	_	_	_	linguistic	_	ContainsVariation=No	Interrupted=Yes	_	_	_	_	_
727-2	PSB086	727	2	eh	eh	_	_	_	_	_	linguistic	_	ContainsVariation=No	_	_	_	_	_	_
727-3	PSB086	727	3	[verza	verza	_	_	_	_	_	linguistic	_	ContainsVariation=No	_	_	_	_	_	0-5(282)
727-4	PSB086	727	4	eh	eh	_	_	_	_	_	linguistic	_	ContainsVariation=No	_	_	_	_	_	0-2(282)
727-5	PSB086	727	5	patate	patate	_	_	_	_	_	linguistic	_	ContainsVariation=No	_	_	_	_	_	0-6(282)
727-6	PSB086	727	6	e]?	e	_	_	_	_	_	linguistic	_	ContainsVariation=No	Intonation=Rising	End=1000.529	_	_	_	0-1(282)
728-0	PSB128	728	0	[xxx	xxx	_	_	_	_	_	unknown	_	ContainsVariation=No	Syllables=3	Begin=998.788	_	_	_	0-3(283)
728-1	PSB128	728	1	questo	questo	_	_	_	_	_	linguistic	_	ContainsVariation=No	_	_	_	_	_	0-6(283)
728-2	PSB128	728	2	un	un	_	_	_	_	_	linguistic	_	ContainsVariation=No	PauseAfter=Yes	_	_	_	_	0-2(283)
728-3	PSB128	728	3	(.)	(.)	_	_	_	_	_	shortpause	_	ContainsVariation=No	_	_	_	_	_	X(283)
728-4	PSB128	728	4	pizz~]	pizz~	_	_	_	_	_	linguistic	_	ContainsVariation=No	Interrupted=Yes	End=1000.677	_	_	_	0-5(283)
729-0	PSB036	729	0	eh	eh	_	_	_	_	_	linguistic	_	ContainsVariation=No	_	Begin=1000.924	_	_	_	_
729-1	PSB036	729	1	ver[za	verza	_	_	_	_	_	linguistic	_	ContainsVariation=No	_	_	_	_	_	3-5(284)
729-2	PSB036	729	2	patate]	patate	_	_	_	_	_	linguistic	_	ContainsVariation=No	_	_	_	_	_	0-6(284)
729-3	PSB036	729	3	formaggio	formaggio	_	_	_	_	_	linguistic	_	ContainsVariation=No	_	_	_	_	_	_
729-4	PSB036	729	4	[c'	c'	_	_	_	_	_	linguistic	_	ContainsVariation=No	SpaceAfter=No	_	_	_	_	0-2(285)
729-5	PSB036	729	5	è	è	_	_	_	_	_	linguistic	_	ContainsVariation=No	_	_	_	_	_	0-1(285)
729-6	PSB036	729	6	un	un	_	_	_	_	_	linguistic	_	ContainsVariation=No	_	_	_	_	_	0-2(285)
729-7	PSB036	729	7	altro	altro	_	_	_	_	_	linguistic	_	ContainsVariation=No	_	_	_	_	_	0-5(285)
729-8	PSB036	729	8	di	di	_	_	_	_	_	linguistic	_	ContainsVariation=No	_	_	_	_	_	0-2(285)
729-9	PSB036	729	9	solito	solito	_	_	_	_	_	linguistic	_	ContainsVariation=No	_	_	_	_	_	0-6(285)
729-10	PSB036	729	10	c'	c'	_	_	_	_	_	linguistic	_	ContainsVariation=No	SpaceAfter=No	_	_	_	_	0-2(285)
729-11	PSB036	729	11	è	è	_	_	_	_	_	linguistic	_	ContainsVariation=No	_	_	_	_	_	0-1(285)
729-12	PSB036	729	12	il]	il	_	_	_	_	_	linguistic	_	ContainsVariation=No	_	End=1004.044	_	_	_	0-1(285)
730-0	PSB128	730	0	[pizza	pizza	_	_	_	_	_	linguistic	_	ContainsVariation=No	_	Begin=1001.354	_	_	_	0-5(284)
730-1	PSB128	730	1	xx]	xx	_	_	_	_	_	unknown	_	ContainsVariation=No	Syllables=2	End=1002.119	_	_	_	0-2(284)
731-0	PSB086	731	0	[formaggio	formaggio	_	_	_	_	_	linguistic	_	ContainsVariation=No	_	Begin=1002.975	_	_	_	0-9(?)
731-1	PSB086	731	1	quindi	quindi	_	_	_	_	_	linguistic	_	ContainsVariation=No	_	_	_	_	_	0-6(?)
731-2	PSB086	731	2	questo	questo	_	_	_	_	_	linguistic	_	ContainsVariation=No	_	_	_	_	_	0-6(?)
731-3	PSB086	731	3	io	io	_	_	_	_	_	linguistic	_	ContainsVariation=No	_	_	_	_	_	0-2(?)
731-4	PSB086	731	4	devo	devo	_	_	_	_	_	linguistic	_	ContainsVariation=No	_	_	_	_	_	0-4(?)
731-5	PSB086	731	5	preparare	preparare	_	_	_	_	_	linguistic	_	ContainsVariation=No	_	_	_	_	_	0-9(?)
731-6	PSB086	731	6	soffriggere	soffriggere	_	_	_	_	_	linguistic	_	ContainsVariation=No	_	_	_	_	_	0-11(?)
731-7	PSB086	731	7	prima?	prima	_	_	_	_	_	linguistic	_	ContainsVariation=No	Intonation=Rising	_	_	_	_	0-5(?)
731-8	PSB086	731	8	le	le	_	_	_	_	_	linguistic	_	ContainsVariation=No	_	_	_	_	_	0-2(?)
731-9	PSB086	731	9	le	le	_	_	_	_	_	linguistic	_	ContainsVariation=No	_	_	_	_	_	0-2(?)
731-10	PSB086	731	10	patate	patate	_	_	_	_	_	linguistic	_	ContainsVariation=No	_	_	_	_	_	0-6(?)
731-11	PSB086	731	11	a	a	_	_	_	_	_	linguistic	_	ContainsVariation=No	_	_	_	_	_	0-1(?)
731-12	PSB086	731	12	dadini	dadini	_	_	_	_	_	linguistic	_	ContainsVariation=No	_	_	_	_	_	0-6(?)
731-13	PSB086	731	13	piccoli	piccoli	_	_	_	_	_	linguistic	_	ContainsVariation=No	_	_	_	_	_	0-7(?)
731-14	PSB086	731	14	eh	eh	_	_	_	_	_	linguistic	_	ContainsVariation=No	_	_	_	_	_	0-2(?)
731-15	PSB086	731	15	come]	come	_	_	_	_	_	linguistic	_	ContainsVariation=No	_	End=1008.424	_	_	_	0-4(?)
732-0	PSB130	732	0	[eh	eh	_	_	_	_	_	linguistic	_	ContainsVariation=No	_	Begin=1004.101	_	_	_	0-2(287)
732-1	PSB130	732	1	pizzoccheri]	pizzoccheri	_	_	_	_	_	linguistic	_	ContainsVariation=No	_	End=1005.173	_	_	_	0-11(287)
733-0	PSB128	733	0	[pizzoccheri]?	pizzoccheri	_	_	_	_	_	linguistic	_	ContainsVariation=No	Intonation=Rising	Begin=1005.212|End=1006.068	_	_	_	0-11(288)
734-0	PSB130	734	0	[pizzoccheri]	pizzoccheri	_	_	_	_	_	linguistic	_	ContainsVariation=No	_	Begin=1006.165|End=1007.13	_	_	_	0-11(289)
735-0	PSB036	735	0	[no]	no	_	_	_	_	_	linguistic	_	ContainsVariation=No	_	Begin=1007.329|End=1007.891	_	_	_	0-2(290)
736-0	PSB128	736	0	[pizzo~]	pizzo~	_	_	_	_	_	linguistic	_	ContainsVariation=No	Interrupted=Yes	Begin=1007.947|End=1008.515	_	_	_	0-6(286)
737-0	PSB036	737	0	allora	allora	_	_	_	_	_	linguistic	_	ContainsVariation=No	_	Begin=1008.544	_	_	_	_
737-1	PSB036	737	1	praticamente	praticamente	_	_	_	_	_	linguistic	_	ContainsVariation=No	_	_	_	_	_	_
737-2	PSB036	737	2	si	si	_	_	_	_	_	linguistic	_	ContainsVariation=No	_	_	_	_	_	_
737-3	PSB036	737	3	met[tono	mettono	_	_	_	_	_	linguistic	_	ContainsVariation=No	_	_	_	_	_	3-7(291)
737-4	PSB036	737	4	a	a	_	_	_	_	_	linguistic	_	ContainsVariation=No	_	_	_	_	_	0-1(291)
737-5	PSB036	737	5	bollire	bollire	_	_	_	_	_	linguistic	_	ContainsVariation=No	_	_	_	_	_	0-7(291)
737-6	PSB036	737	6	le	le	_	_	_	_	_	linguistic	_	ContainsVariation=No	_	_	_	_	_	0-2(291)
737-7	PSB036	737	7	patate]	patate	_	_	_	_	_	linguistic	_	ContainsVariation=No	_	_	_	_	_	0-6(291)
737-8	PSB036	737	8	e	e	_	_	_	_	_	linguistic	_	ContainsVariation=No	_	_	_	_	_	_
737-9	PSB036	737	9	la	la	_	_	_	_	_	linguistic	_	ContainsVariation=No	_	_	_	_	_	_
737-10	PSB036	737	10	verza	verza	_	_	_	_	_	linguistic	_	ContainsVariation=No	_	End=1011.543	_	_	_	_
738-0	PSB130	738	0	[i	i	_	_	_	_	_	linguistic	_	ContainsVariation=No	_	Begin=1009.785	_	_	_	0-1(291)
738-1	PSB130	738	1	pizzoccheri	pizzoccheri	_	_	_	_	_	linguistic	_	ContainsVariation=No	_	_	_	_	_	0-11(291)
738-2	PSB130	738	2	sì]	sì	_	_	_	_	_	linguistic	_	ContainsVariation=No	_	End=1010.865	_	_	_	0-2(291)
739-0	PSB086	739	0	eh	eh	_	_	_	_	_	linguistic	_	ContainsVariation=No	_	Begin=1011.57|End=1011.88	_	_	_	_
740-0	PSB036	740	0	poi	poi	_	_	_	_	_	linguistic	_	ContainsVariation=No	_	Begin=1012.506	_	_	_	_
740-1	PSB036	740	1	[si	si	_	_	_	_	_	linguistic	_	ContainsVariation=No	_	_	_	_	_	0-2(292)
740-2	PSB036	740	2	me~]	me~	_	_	_	_	_	linguistic	_	ContainsVariation=No	Interrupted=Yes	End=1013.377	_	_	_	0-3(292)
741-0	PSB086	741	0	[con	con	_	_	_	_	_	linguistic	_	ContainsVariation=No	_	Begin=1012.76	_	_	_	0-3(292)
741-1	PSB086	741	1	la	la	_	_	_	_	_	linguistic	_	ContainsVariation=No	_	_	_	_	_	0-2(292)
741-2	PSB086	741	2	bu]ccia?	buccia	_	_	_	_	_	linguistic	_	ContainsVariation=No	Intonation=Rising	_	_	_	_	0-2(292)
741-3	PSB086	741	3	e	e	_	_	_	_	_	linguistic	_	ContainsVariation=No	_	End=1014.114	_	_	_	_
742-0	PSB036	742	0	[eh	eh	_	_	_	_	_	linguistic	_	ContainsVariation=No	_	Begin=1014.405	_	_	_	0-2(?)
742-1	PSB036	742	1	no	no	_	_	_	_	_	linguistic	_	ContainsVariation=No	_	_	_	_	_	0-2(?)
742-2	PSB036	742	2	le	le	_	_	_	_	_	linguistic	_	ContainsVariation=No	_	_	_	_	_	0-2(?)
742-3	PSB036	742	3	patate	patate	_	_	_	_	_	linguistic	_	ContainsVariation=No	_	_	_	_	_	0-6(?)
742-4	PSB036	742	4	a:::	a	_	_	_	_	_	linguistic	_	ContainsVariation=No	_	_	0x3	_	_	0-1(?)
742-5	PSB036	742	5	fatte	fatte	_	_	_	_	_	linguistic	_	ContainsVariation=No	_	_	_	_	_	0-5(?)
742-6	PSB036	742	6	a:	a	_	_	_	_	_	linguistic	_	ContainsVariation=No	_	_	0x1	_	_	0-1(?)
742-7	PSB036	742	7	sì	sì	_	_	_	_	_	linguistic	_	ContainsVariation=No	_	_	_	_	_	0-2(?)
742-8	PSB036	742	8	a	a	_	_	_	_	_	linguistic	_	ContainsVariation=No	_	_	_	_	_	0-1(?)
742-9	PSB036	742	9	dadini	dadini	_	_	_	_	_	linguistic	_	ContainsVariation=No	_	_	_	_	_	0-6(?)
742-10	PSB036	742	10	abba]stanza	abbastanza	_	_	_	_	_	linguistic	_	ContainsVariation=No	_	_	_	_	_	0-4(?)
742-11	PSB036	742	11	grandi	grandi	_	_	_	_	_	linguistic	_	ContainsVariation=No	_	_	_	_	_	_
742-12	PSB036	742	12	però	però	_	_	_	_	_	linguistic	_	ContainsVariation=No	_	End=1019.339	_	_	_	_
743-0	PSB086	743	0	[patate]?	patate	_	_	_	_	_	linguistic	_	ContainsVariation=No	Intonation=Rising	Begin=1014.456|End=1015.125	_	_	_	0-6(296)
744-0	PSB086	744	0	[ah	ah	_	_	_	_	_	linguistic	_	ContainsVariation=No	_	Begin=1015.304	_	_	_	0-2(293)
744-1	PSB086	744	1	okay]	okay	_	_	_	_	_	linguistic	_	ContainsVariation=No	_	End=1016.069	_	_	_	0-4(293)
745-0	PSB086	745	0	[tagliate	tagliate	_	_	_	_	_	linguistic	_	ContainsVariation=No	_	Begin=1016.354	_	_	_	0-8(294)
745-1	PSB086	745	1	a	a	_	_	_	_	_	linguistic	_	ContainsVariation=No	_	_	_	_	_	0-1(294)
745-2	PSB086	745	2	dadini]	dadini	_	_	_	_	_	linguistic	_	ContainsVariation=No	_	End=1017.331	_	_	_	0-6(294)
746-0	PSB086	746	0	[dadini]	dadini	_	_	_	_	_	linguistic	_	ContainsVariation=No	_	Begin=1017.798|End=1018.457	_	_	_	0-6(295)
747-0	PSB036	747	0	si	si	_	_	_	_	_	linguistic	_	ContainsVariation=No	_	Begin=1019.595	_	_	_	_
747-1	PSB036	747	1	fa	fa	_	_	_	_	_	linguistic	_	ContainsVariation=No	_	_	_	_	_	_
747-2	PSB036	747	2	cuocere	cuocere	_	_	_	_	_	linguistic	_	ContainsVariation=No	_	_	_	_	_	_
747-3	PSB036	747	3	un	un	_	_	_	_	_	linguistic	_	ContainsVariation=No	_	_	_	_	_	_
747-4	PSB036	747	4	po'	po'	_	_	_	_	_	linguistic	_	ContainsVariation=No	_	_	_	_	_	_
747-5	PSB036	747	5	poi	poi	_	_	_	_	_	linguistic	_	ContainsVariation=No	_	_	_	_	_	_
747-6	PSB036	747	6	si	si	_	_	_	_	_	linguistic	_	ContainsVariation=No	_	_	_	_	_	_
747-7	PSB036	747	7	buttano	buttano	_	_	_	_	_	linguistic	_	ContainsVariation=No	_	_	_	_	_	_
747-8	PSB036	747	8	i:	i	_	_	_	_	_	linguistic	_	ContainsVariation=No	_	_	0x1	_	_	_
747-9	PSB036	747	9	si	si	_	_	_	_	_	linguistic	_	ContainsVariation=No	_	_	_	_	_	_
747-10	PSB036	747	10	buttano	buttano	_	_	_	_	_	linguistic	_	ContainsVariation=No	_	_	_	_	_	_
747-11	PSB036	747	11	i	i	_	_	_	_	_	linguistic	_	ContainsVariation=No	_	_	_	_	_	_
747-12	PSB036	747	12	pizzoccheri	pizzoccheri	_	_	_	_	_	linguistic	_	ContainsVariation=No	_	_	_	_	_	_
747-13	PSB036	747	13	che	che	_	_	_	_	_	linguistic	_	ContainsVariation=No	_	_	_	_	_	_
747-14	PSB036	747	14	è	è	_	_	_	_	_	linguistic	_	ContainsVariation=No	_	_	_	_	_	_
747-15	PSB036	747	15	il	il	_	_	_	_	_	linguistic	_	ContainsVariation=No	_	_	_	_	_	_
747-16	PSB036	747	16	formato	formato	_	_	_	_	_	linguistic	_	ContainsVariation=No	_	_	_	_	_	_
747-17	PSB036	747	17	di	di	_	_	_	_	_	linguistic	_	ContainsVariation=No	_	_	_	_	_	_
747-18	PSB036	747	18	pasta	pasta	_	_	_	_	_	linguistic	_	ContainsVariation=No	_	_	_	_	_	_
747-19	PSB036	747	19	proprio	proprio	_	_	_	_	_	linguistic	_	ContainsVariation=No	_	_	_	_	_	_
747-20	PSB036	747	20	ci	ci	_	_	_	_	_	linguistic	_	ContainsVariation=No	_	_	_	_	_	_
747-21	PSB036	747	21	impiega	impiega	_	_	_	_	_	linguistic	_	ContainsVariation=No	_	_	_	_	_	_
747-22	PSB036	747	22	una	una	_	_	_	_	_	linguistic	_	ContainsVariation=No	_	_	_	_	_	_
747-23	PSB036	747	23	de~	de~	_	_	_	_	_	linguistic	_	ContainsVariation=No	Interrupted=Yes	End=1025.019	_	_	_	_
748-0	PSB036	748	0	deve	deve	_	_	_	_	_	linguistic	_	ContainsVariation=No	_	Begin=1025.823	_	_	_	_
748-1	PSB036	748	1	[cuoc]ere	cuocere	_	_	_	_	_	linguistic	_	ContainsVariation=No	_	_	_	_	_	0-4(297)
748-2	PSB036	748	2	più	più	_	_	_	_	_	linguistic	_	ContainsVariation=No	_	_	_	_	_	_
748-3	PSB036	748	3	o	o	_	_	_	_	_	linguistic	_	ContainsVariation=No	_	_	_	_	_	_
748-4	PSB036	748	4	meno	meno	_	_	_	_	_	linguistic	_	ContainsVariation=No	_	_	_	_	_	_
748-5	PSB036	748	5	dieci	dieci	_	_	_	_	_	linguistic	_	ContainsVariation=No	_	_	_	_	_	_
748-6	PSB036	748	6	minuti	minuti	_	_	_	_	_	linguistic	_	ContainsVariation=No	_	End=1027.809	_	_	_	_
749-0	PSB086	749	0	[sì]	sì	_	_	_	_	_	linguistic	_	ContainsVariation=No	_	Begin=1026.089|End=1026.555	_	_	_	0-2(297)
750-0	PSB036	750	0	e:h	eh	_	_	_	_	_	linguistic	_	ContainsVariation=No	_	Begin=1028.177	0x1	_	_	_
750-1	PSB036	750	1	poi	poi	_	_	_	_	_	linguistic	_	ContainsVariation=No	_	_	_	_	_	_
750-2	PSB036	750	2	si	si	_	_	_	_	_	linguistic	_	ContainsVariation=No	_	_	_	_	_	_
750-3	PSB036	750	3	scola	scola	_	_	_	_	_	linguistic	_	ContainsVariation=No	_	_	_	_	_	_
750-4	PSB036	750	4	tutto	tutto	_	_	_	_	_	linguistic	_	ContainsVariation=No	_	_	_	_	_	_
750-5	PSB036	750	5	e	e	_	_	_	_	_	linguistic	_	ContainsVariation=No	_	_	_	_	_	_
750-6	PSB036	750	6	si	si	_	_	_	_	_	linguistic	_	ContainsVariation=No	_	_	_	_	_	_
750-7	PSB036	750	7	mette	mette	_	_	_	_	_	linguistic	_	ContainsVariation=No	_	_	_	_	_	_
750-8	PSB036	750	8	in	in	_	_	_	_	_	linguistic	_	ContainsVariation=No	_	_	_	_	_	_
750-9	PSB036	750	9	una	una	_	_	_	_	_	linguistic	_	ContainsVariation=No	_	_	_	_	_	_
750-10	PSB036	750	10	teglia	teglia	_	_	_	_	_	linguistic	_	ContainsVariation=No	_	_	_	_	_	_
750-11	PSB036	750	11	e	e	_	_	_	_	_	linguistic	_	ContainsVariation=No	_	_	_	_	_	_
750-12	PSB036	750	12	si	si	_	_	_	_	_	linguistic	_	ContainsVariation=No	_	_	_	_	_	_
750-13	PSB036	750	13	fa	fa	_	_	_	_	_	linguistic	_	ContainsVariation=No	_	_	_	_	_	_
750-14	PSB036	750	14	uno	uno	_	_	_	_	_	linguistic	_	ContainsVariation=No	_	_	_	_	_	_
750-15	PSB036	750	15	strato	strato	_	_	_	_	_	linguistic	_	ContainsVariation=No	_	_	_	_	_	_
750-16	PSB036	750	16	un	un	_	_	_	_	_	linguistic	_	ContainsVariation=No	_	_	_	_	_	_
750-17	PSB036	750	17	po'	po'	_	_	_	_	_	linguistic	_	ContainsVariation=No	_	_	_	_	_	_
750-18	PSB036	750	18	di	di	_	_	_	_	_	linguistic	_	ContainsVariation=No	_	_	_	_	_	_
750-19	PSB036	750	19	[formaggio]	formaggio	_	_	_	_	_	linguistic	_	ContainsVariation=No	_	End=1033.246	_	_	_	0-9(298)
751-0	PSB086	751	0	[a:h]	ah	_	_	_	_	_	linguistic	_	ContainsVariation=No	_	Begin=1032.532	0x1	_	_	0-2(298)
751-1	PSB086	751	1	la	la	_	_	_	_	_	linguistic	_	ContainsVariation=No	_	_	_	_	_	_
751-2	PSB086	751	2	strato	strato	_	_	_	_	_	linguistic	_	ContainsVariation=No	_	_	_	_	_	_
751-3	PSB086	751	3	eh	eh	_	_	_	_	_	linguistic	_	ContainsVariation=No	_	_	_	_	_	_
751-4	PSB086	751	4	[lasagna]	lasagna	_	_	_	_	_	linguistic	_	ContainsVariation=No	_	End=1034.716	_	_	_	0-7(299)
752-0	PSB036	752	0	[sì]	sì	_	_	_	_	_	linguistic	_	ContainsVariation=No	_	Begin=1034.025|End=1034.599	_	_	_	0-2(299)
753-0	PSB036	753	0	burro	burro	_	_	_	_	_	linguistic	_	ContainsVariation=No	_	Begin=1034.734	_	_	_	_
753-1	PSB036	753	1	fuso	fuso	_	_	_	_	_	linguistic	_	ContainsVariation=No	_	_	_	_	_	_
753-2	PSB036	753	2	sopra	sopra	_	_	_	_	_	linguistic	_	ContainsVariation=No	_	_	_	_	_	_
753-3	PSB036	753	3	ancora	ancora	_	_	_	_	_	linguistic	_	ContainsVariation=No	_	_	_	_	_	_
753-4	PSB036	753	4	strato	strato	_	_	_	_	_	linguistic	_	ContainsVariation=No	_	_	_	_	_	_
753-5	PSB036	753	5	formaggio	formaggio	_	_	_	_	_	linguistic	_	ContainsVariation=No	_	_	_	_	_	_
753-6	PSB036	753	6	burro	burro	_	_	_	_	_	linguistic	_	ContainsVariation=No	_	_	_	_	_	_
753-7	PSB036	753	7	fuso	fuso	_	_	_	_	_	linguistic	_	ContainsVariation=No	_	_	_	_	_	_
753-8	PSB036	753	8	sopra	sopra	_	_	_	_	_	linguistic	_	ContainsVariation=No	_	_	_	_	_	_
753-9	PSB036	753	9	poi	poi	_	_	_	_	_	linguistic	_	ContainsVariation=No	_	_	_	_	_	_
753-10	PSB036	753	10	alcuni	alcuni	_	_	_	_	_	linguistic	_	ContainsVariation=No	_	_	_	_	_	_
753-11	PSB036	753	11	[la	la	_	_	_	_	_	linguistic	_	ContainsVariation=No	_	_	_	_	_	0-2(300)
753-12	PSB036	753	12	fan	fan	_	_	_	_	_	linguistic	_	ContainsVariation=No	_	_	_	_	_	0-3(300)
753-13	PSB036	753	13	passare	passare	_	_	_	_	_	linguistic	_	ContainsVariation=No	_	_	_	_	_	0-7(300)
753-14	PSB036	753	14	un	un	_	_	_	_	_	linguistic	_	ContainsVariation=No	_	_	_	_	_	0-2(300)
753-15	PSB036	753	15	po'	po'	_	_	_	_	_	linguistic	_	ContainsVariation=No	_	_	_	_	_	0-3(300)
753-16	PSB036	753	16	al	al	_	_	_	_	_	linguistic	_	ContainsVariation=No	_	_	_	_	_	0-2(300)
753-17	PSB036	753	17	forno	forno	_	_	_	_	_	linguistic	_	ContainsVariation=No	_	_	_	_	_	0-5(300)
753-18	PSB036	753	18	co]sì	così	_	_	_	_	_	linguistic	_	ContainsVariation=No	_	_	_	_	_	0-2(300)
753-19	PSB036	753	19	si	si	_	_	_	_	_	linguistic	_	ContainsVariation=No	_	_	_	_	_	_
753-20	PSB036	753	20	fa	fa	_	_	_	_	_	linguistic	_	ContainsVariation=No	_	_	_	_	_	_
753-21	PSB036	753	21	la	la	_	_	_	_	_	linguistic	_	ContainsVariation=No	_	_	_	_	_	_
753-22	PSB036	753	22	crosticina	crosticina	_	_	_	_	_	linguistic	_	ContainsVariation=No	_	_	_	_	_	_
753-23	PSB036	753	23	[sopra	sopra	_	_	_	_	_	linguistic	_	ContainsVariation=No	_	_	_	_	_	0-5(419)
753-24	PSB036	753	24	buonissima]	buonissima	_	_	_	_	_	linguistic	_	ContainsVariation=No	_	End=1042.238	_	_	_	0-10(419)
754-0	PSB086	754	0	[come	come	_	_	_	_	_	linguistic	_	ContainsVariation=No	_	Begin=1038.924	_	_	_	0-4(300)
754-1	PSB086	754	1	pasta	pasta	_	_	_	_	_	linguistic	_	ContainsVariation=No	_	_	_	_	_	0-5(300)
754-2	PSB086	754	2	al	al	_	_	_	_	_	linguistic	_	ContainsVariation=No	_	_	_	_	_	0-2(300)
754-3	PSB086	754	3	forno]	forno	_	_	_	_	_	linguistic	_	ContainsVariation=No	_	End=1040.405	_	_	_	0-5(300)
755-0	PSB130	755	0	[m::h]	mh	_	_	_	_	_	linguistic	_	ContainsVariation=No	_	Begin=1041.266|End=1042.238	0x2	_	_	0-2(419)
756-0	PSB086	756	0	[pasta	pasta	_	_	_	_	_	linguistic	_	ContainsVariation=No	_	Begin=1041.503	_	_	_	0-5(?)
756-1	PSB086	756	1	al	al	_	_	_	_	_	linguistic	_	ContainsVariation=No	_	_	_	_	_	0-2(?)
756-2	PSB086	756	2	forno	forno	_	_	_	_	_	linguistic	_	ContainsVariation=No	_	_	_	_	_	0-5(?)
756-3	PSB086	756	3	solo	solo	_	_	_	_	_	linguistic	_	ContainsVariation=No	_	_	_	_	_	0-4(?)
756-4	PSB086	756	4	fatta	fatta	_	_	_	_	_	linguistic	_	ContainsVariation=No	_	_	_	_	_	0-5(?)
756-5	PSB086	756	5	con]	con	_	_	_	_	_	linguistic	_	ContainsVariation=No	_	_	_	_	_	0-3(?)
756-6	PSB086	756	6	patate	patate	_	_	_	_	_	linguistic	_	ContainsVariation=No	_	_	_	_	_	_
756-7	PSB086	756	7	e	e	_	_	_	_	_	linguistic	_	ContainsVariation=No	_	_	_	_	_	_
756-8	PSB086	756	8	rava~	rava~	_	_	_	_	_	linguistic	_	ContainsVariation=No	Interrupted=Yes	_	_	_	_	_
756-9	PSB086	756	9	verza	verza	_	_	_	_	_	linguistic	_	ContainsVariation=No	_	End=1044.721	_	_	_	_
757-0	PSB128	757	0	[buonissimo]	buonissimo	_	_	_	_	_	linguistic	_	ContainsVariation=No	_	Begin=1042.43|End=1043.209	_	_	_	0-10(301)
758-0	PSB036	758	0	sì	sì	_	_	_	_	_	linguistic	_	ContainsVariation=No	_	Begin=1044.722|End=1044.927	_	_	_	_
759-0	PSB130	759	0	sì	sì	_	_	_	_	_	linguistic	_	ContainsVariation=No	_	Begin=1044.949	_	_	_	_
759-1	PSB130	759	1	p[erò	però	_	_	_	_	_	linguistic	_	ContainsVariation=No	_	_	_	_	_	1-4(302)
759-2	PSB130	759	2	i	i	_	_	_	_	_	linguistic	_	ContainsVariation=No	_	_	_	_	_	0-1(302)
759-3	PSB130	759	3	pizzoccheri	pizzoccheri	_	_	_	_	_	linguistic	_	ContainsVariation=No	_	_	_	_	_	0-11(302)
759-4	PSB130	759	4	son	son	_	_	_	_	_	linguistic	_	ContainsVariation=No	_	_	_	_	_	0-3(302)
759-5	PSB130	759	5	proprio:]	proprio	_	_	_	_	_	linguistic	_	ContainsVariation=No	_	End=1047.244	6x1	_	_	0-7(302)
760-0	PSB036	760	0	[e	e	_	_	_	_	_	linguistic	_	ContainsVariation=No	_	Begin=1045.304	_	_	_	0-1(302)
760-1	PSB036	760	1	poi	poi	_	_	_	_	_	linguistic	_	ContainsVariation=No	_	_	_	_	_	0-3(302)
760-2	PSB036	760	2	la:	la	_	_	_	_	_	linguistic	_	ContainsVariation=No	PauseAfter=Yes	_	1x1	_	_	0-2(302)
760-3	PSB036	760	3	(.)	(.)	_	_	_	_	_	shortpause	_	ContainsVariation=No	_	_	_	_	_	X(302)
760-4	PSB036	760	4	son	son	_	_	_	_	_	linguistic	_	ContainsVariation=No	_	_	_	_	_	0-3(302)
760-5	PSB036	760	5	di	di	_	_	_	_	_	linguistic	_	ContainsVariation=No	_	_	_	_	_	0-2(302)
760-6	PSB036	760	6	grano:	grano	_	_	_	_	_	linguistic	_	ContainsVariation=No	_	_	4x1	_	_	0-5(302)
760-7	PSB036	760	7	saraceno	saraceno	_	_	_	_	_	linguistic	_	ContainsVariation=No	_	_	_	_	_	0-8(302)
760-8	PSB036	760	8	so~	so~	_	_	_	_	_	linguistic	_	ContainsVariation=No	Interrupted=Yes	_	_	_	_	0-3(302)
760-9	PSB036	760	9	scuro]	scuro	_	_	_	_	_	linguistic	_	ContainsVariation=No	_	End=1049.19	_	_	_	0-5(302)
761-0	PSB086	761	0	[gr~	gr~	_	_	_	_	_	linguistic	_	ContainsVariation=No	Interrupted=Yes	Begin=1047.671	_	_	_	0-3(303)
761-1	PSB086	761	1	pasta	pasta	_	_	_	_	_	linguistic	_	ContainsVariation=No	_	_	_	_	_	0-5(303)
761-2	PSB086	761	2	grossa]	grossa	_	_	_	_	_	linguistic	_	ContainsVariation=No	_	End=1049.152	_	_	_	0-6(303)
762-0	PSB130	762	0	[ma	ma	_	_	_	_	_	linguistic	_	ContainsVariation=No	_	Begin=1049.203	_	_	_	0-2(304)
762-1	PSB130	762	1	so~	so~	_	_	_	_	_	linguistic	_	ContainsVariation=No	Interrupted=Yes	_	_	_	_	0-3(304)
762-2	PSB130	762	2	ma	ma	_	_	_	_	_	linguistic	_	ContainsVariation=No	_	_	_	_	_	0-2(304)
762-3	PSB130	762	3	poi]	poi	_	_	_	_	_	linguistic	_	ContainsVariation=No	_	_	_	_	_	0-3(304)
762-4	PSB130	762	4	sono	sono	_	_	_	_	_	linguistic	_	ContainsVariation=No	_	_	_	_	_	_
762-5	PSB130	762	5	tipo	tipo	_	_	_	_	_	linguistic	_	ContainsVariation=No	_	_	_	_	_	_
762-6	PSB130	762	6	delle:	delle	_	_	_	_	_	linguistic	_	ContainsVariation=No	_	_	4x1	_	_	_
762-7	PSB130	762	7	c(io)è	cioè	_	_	_	_	_	linguistic	_	ContainsVariation=No	Reduced=Yes	_	_	_	_	_
762-8	PSB130	762	8	hanno	hanno	_	_	_	_	_	linguistic	_	ContainsVariation=No	_	_	_	_	_	_
762-9	PSB130	762	9	una	una	_	_	_	_	_	linguistic	_	ContainsVariation=No	_	_	_	_	_	_
762-10	PSB130	762	10	forma:	forma	_	_	_	_	_	linguistic	_	ContainsVariation=No	_	_	4x1	_	_	_
762-11	PSB130	762	11	così	così	_	_	_	_	_	linguistic	_	ContainsVariation=No	_	End=1052.907	_	_	_	_
763-0	PSB036	763	0	[°sì	sì	_	_	_	_	_	linguistic	_	ContainsVariation=No	Volume=low	Begin=1049.266	_	_	_	0-2(304)
763-1	PSB036	763	1	sì	sì	_	_	_	_	_	linguistic	_	ContainsVariation=No	Volume=low	_	_	_	_	0-2(304)
763-2	PSB036	763	2	s~°]	s~	_	_	_	_	_	linguistic	_	ContainsVariation=No	Interrupted=Yes|Volume=low	End=1049.831	_	_	_	0-2(304)
764-0	PSB036	764	0	[sì	sì	_	_	_	_	_	linguistic	_	ContainsVariation=No	_	Begin=1053.089	_	_	_	0-2(305)
764-1	PSB036	764	1	son	son	_	_	_	_	_	linguistic	_	ContainsVariation=No	_	_	_	_	_	0-3(305)
764-2	PSB036	764	2	un	un	_	_	_	_	_	linguistic	_	ContainsVariation=No	_	_	_	_	_	0-2(305)
764-3	PSB036	764	3	po'	po'	_	_	_	_	_	linguistic	_	ContainsVariation=No	_	_	_	_	_	0-3(305)
764-4	PSB036	764	4	tipo]	tipo	_	_	_	_	_	linguistic	_	ContainsVariation=No	_	End=1054.163	_	_	_	0-4(305)
765-0	PSB130	765	0	[tipo:	tipo	_	_	_	_	_	linguistic	_	ContainsVariation=No	PauseAfter=Yes	Begin=1053.101	3x1	_	_	0-4(305)
765-1	PSB130	765	1	(.)	(.)	_	_	_	_	_	shortpause	_	ContainsVariation=No	_	_	_	_	_	X(305)
765-2	PSB130	765	2	tipo	tipo	_	_	_	_	_	linguistic	_	ContainsVariation=No	_	_	_	_	_	0-4(305)
765-3	PSB130	765	3	quadra~	quadra~	_	_	_	_	_	linguistic	_	ContainsVariation=No	Interrupted=Yes	_	_	_	_	0-7(305)
765-4	PSB130	765	4	tipo:	tipo	_	_	_	_	_	linguistic	_	ContainsVariation=No	PauseAfter=Yes	_	3x1	_	_	0-4(305)
765-5	PSB130	765	5	(.)	(.)	_	_	_	_	_	shortpause	_	ContainsVariation=No	_	_	_	_	_	X(305)
765-6	PSB130	765	6	sì:	sì	_	_	_	_	_	linguistic	_	ContainsVariation=No	_	_	1x1	_	_	0-2(305)
765-7	PSB130	765	7	esatto]	esatto	_	_	_	_	_	linguistic	_	ContainsVariation=No	_	End=1057.766	_	_	_	0-6(305)
766-0	PSB129	766	0	[tipo	tipo	_	_	_	_	_	linguistic	_	ContainsVariation=No	_	Begin=1054.317	_	_	_	0-4(420)
766-1	PSB129	766	1	tagliatelle	tagliatelle	_	_	_	_	_	linguistic	_	ContainsVariation=No	_	_	_	_	_	0-11(420)
766-2	PSB129	766	2	spezzate]	spezzate	_	_	_	_	_	linguistic	_	ContainsVariation=No	_	End=1056.418	_	_	_	0-8(420)
767-0	PSB036	767	0	[tagliatelle	tagliatelle	_	_	_	_	_	linguistic	_	ContainsVariation=No	_	Begin=1055.62	_	_	_	0-11(420)
767-1	PSB036	767	1	piccoline	piccoline	_	_	_	_	_	linguistic	_	ContainsVariation=No	_	_	_	_	_	0-9(420)
767-2	PSB036	767	2	°tipo°]	tipo	_	_	_	_	_	linguistic	_	ContainsVariation=No	Volume=low	End=1057.419	_	_	_	0-4(420)
768-0	PSB127	768	0	corte	corte	_	_	_	_	_	linguistic	_	ContainsVariation=No	_	Begin=1057.671	_	_	_	_
768-1	PSB127	768	1	tipo	tipo	_	_	_	_	_	linguistic	_	ContainsVariation=No	_	End=1058.338	_	_	_	_
769-0	PSB130	769	0	[sì]	sì	_	_	_	_	_	linguistic	_	ContainsVariation=No	_	Begin=1058.544|End=1058.854	_	_	_	0-2(307)
770-0	PSB036	770	0	[sì]	sì	_	_	_	_	_	linguistic	_	ContainsVariation=No	_	Begin=1058.582	_	_	_	0-2(307)
770-1	PSB036	770	1	e	e	_	_	_	_	_	linguistic	_	ContainsVariation=No	_	_	_	_	_	_
770-2	PSB036	770	2	sono	sono	_	_	_	_	_	linguistic	_	ContainsVariation=No	_	_	_	_	_	_
770-3	PSB036	770	3	scure	scure	_	_	_	_	_	linguistic	_	ContainsVariation=No	_	_	_	_	_	_
770-4	PSB036	770	4	sono:	sono	_	_	_	_	_	linguistic	_	ContainsVariation=No	_	_	3x1	_	_	_
770-5	PSB036	770	5	di:	di	_	_	_	_	_	linguistic	_	ContainsVariation=No	_	End=1060.894	1x1	_	_	_
771-0	PSB127	771	0	no	no	_	_	_	_	_	linguistic	_	ContainsVariation=No	_	Begin=1060.823	_	_	_	_
771-1	PSB127	771	1	il	il	_	_	_	_	_	linguistic	_	ContainsVariation=No	_	_	_	_	_	_
771-2	PSB127	771	2	grano	grano	_	_	_	_	_	linguistic	_	ContainsVariation=No	_	_	_	_	_	_
771-3	PSB127	771	3	du~	du~	_	_	_	_	_	linguistic	_	ContainsVariation=No	Interrupted=Yes	_	_	_	_	_
771-4	PSB127	771	4	eh	eh	_	_	_	_	_	linguistic	_	ContainsVariation=No	_	End=1062.003	_	_	_	_
772-0	PSB036	772	0	[è	è	_	_	_	_	_	linguistic	_	ContainsVariation=No	_	Begin=1062.089	_	_	_	0-1(421)
772-1	PSB036	772	1	saraceno	saraceno	_	_	_	_	_	linguistic	_	ContainsVariation=No	_	_	_	_	_	0-8(421)
772-2	PSB036	772	2	è]	è	_	_	_	_	_	linguistic	_	ContainsVariation=No	_	End=1063.179	_	_	_	0-1(421)
773-0	PSB130	773	0	[grano:	grano	_	_	_	_	_	linguistic	_	ContainsVariation=No	_	Begin=1062.101	4x1	_	_	0-5(421)
773-1	PSB130	773	1	sì]	sì	_	_	_	_	_	linguistic	_	ContainsVariation=No	_	End=1063.185	_	_	_	0-2(421)
774-0	PSB127	774	0	[saraceno]	saraceno	_	_	_	_	_	linguistic	_	ContainsVariation=No	_	Begin=1062.633|End=1063.313	_	_	_	0-8(421)
775-0	PSB130	775	0	sono	sono	_	_	_	_	_	linguistic	_	ContainsVariation=No	PauseAfter=Yes	Begin=1063.544	_	_	_	_
775-1	PSB130	775	1	[(.)	(.)	_	_	_	_	_	shortpause	_	ContainsVariation=No	_	_	_	_	_	X(309)
775-2	PSB130	775	2	un	un	_	_	_	_	_	linguistic	_	ContainsVariation=No	_	_	_	_	_	0-2(309)
775-3	PSB130	775	3	po'	po'	_	_	_	_	_	linguistic	_	ContainsVariation=No	_	_	_	_	_	0-3(309)
775-4	PSB130	775	4	duri	duri	_	_	_	_	_	linguistic	_	ContainsVariation=No	_	_	_	_	_	0-4(309)
775-5	PSB130	775	5	diciamo]	diciamo	_	_	_	_	_	linguistic	_	ContainsVariation=No	_	End=1065.673	_	_	_	0-7(309)
776-0	PSB086	776	0	[eh	eh	_	_	_	_	_	linguistic	_	ContainsVariation=No	_	Begin=1063.975	_	_	_	0-2(309)
776-1	PSB086	776	1	vedi]	vedi	_	_	_	_	_	linguistic	_	ContainsVariation=No	_	End=1064.751	_	_	_	0-4(309)
777-0	PSB128	777	0	[$pizzoccoli	pizzoccoli	_	_	_	_	_	linguistic	_	ContainsVariation=No|Nonce=Yes	_	Begin=1065.114	_	_	_	0-11(311)
777-1	PSB128	777	1	è	è	_	_	_	_	_	linguistic	_	ContainsVariation=No	_	_	_	_	_	0-1(311)
777-2	PSB128	777	2	verdi]?	verdi	_	_	_	_	_	linguistic	_	ContainsVariation=No	Intonation=Rising	End=1066.822	_	_	_	0-5(311)
778-0	PSB086	778	0	[qualcosa]	qualcosa	_	_	_	_	_	linguistic	_	ContainsVariation=No	_	Begin=1066.139	_	_	_	0-8(?)
778-1	PSB086	778	1	di	di	_	_	_	_	_	linguistic	_	ContainsVariation=No	_	_	_	_	_	_
778-2	PSB086	778	2	nuovo	nuovo	_	_	_	_	_	linguistic	_	ContainsVariation=No	_	End=1067.524	_	_	_	_
779-0	PSB129	779	0	sì	sì	_	_	_	_	_	linguistic	_	ContainsVariation=No	_	Begin=1067.392	_	_	_	_
779-1	PSB129	779	1	un	un	_	_	_	_	_	linguistic	_	ContainsVariation=No	_	_	_	_	_	_
779-2	PSB129	779	2	po'	po'	_	_	_	_	_	linguistic	_	ContainsVariation=No	_	_	_	_	_	_
779-3	PSB129	779	3	ve[rdino	verdino	_	_	_	_	_	linguistic	_	ContainsVariation=No	_	_	_	_	_	2-7(?)
779-4	PSB129	779	4	diciamo]	diciamo	_	_	_	_	_	linguistic	_	ContainsVariation=No	_	End=1069.406	_	_	_	0-7(?)
780-0	PSB086	780	0	[e	e	_	_	_	_	_	linguistic	_	ContainsVariation=No	_	Begin=1068.203	_	_	_	0-1(?)
780-1	PSB086	780	1	invece	invece	_	_	_	_	_	linguistic	_	ContainsVariation=No	_	_	_	_	_	0-6(?)
780-2	PSB086	780	2	la	la	_	_	_	_	_	linguistic	_	ContainsVariation=No	_	_	_	_	_	0-2(?)
780-3	PSB086	780	3	polenta	polenta	_	_	_	_	_	linguistic	_	ContainsVariation=No	_	_	_	_	_	0-7(?)
780-4	PSB086	780	4	con	con	_	_	_	_	_	linguistic	_	ContainsVariation=No	_	_	_	_	_	0-3(?)
780-5	PSB086	780	5	cosa	cosa	_	_	_	_	_	linguistic	_	ContainsVariation=No	_	_	_	_	_	0-4(?)
780-6	PSB086	780	6	si	si	_	_	_	_	_	linguistic	_	ContainsVariation=No	_	_	_	_	_	0-2(?)
780-7	PSB086	780	7	mangia?	mangia	_	_	_	_	_	linguistic	_	ContainsVariation=No	Intonation=Rising	_	_	_	_	0-6(?)
780-8	PSB086	780	8	polenta]?	polenta	_	_	_	_	_	linguistic	_	ContainsVariation=No	Intonation=Rising	End=1070.76	_	_	_	0-7(?)
781-0	PSB036	781	0	[sì]	sì	_	_	_	_	_	linguistic	_	ContainsVariation=No	_	Begin=1069.114|End=1069.472	_	_	_	0-2(422)
782-0	PSB130	782	0	[sono	sono	_	_	_	_	_	linguistic	_	ContainsVariation=No	_	Begin=1069.81	_	_	_	0-4(313)
782-1	PSB130	782	1	un	un	_	_	_	_	_	linguistic	_	ContainsVariation=No	_	_	_	_	_	0-2(313)
782-2	PSB130	782	2	po'	po'	_	_	_	_	_	linguistic	_	ContainsVariation=No	_	_	_	_	_	0-3(313)
782-3	PSB130	782	3	verdi]?	verdi	_	_	_	_	_	linguistic	_	ContainsVariation=No	Intonation=Rising	End=1070.683	_	_	_	0-5(313)
783-0	PSB036	783	0	allora	allora	_	_	_	_	_	linguistic	_	ContainsVariation=Yes	_	Begin=1070.823	_	_	_	_
783-1	PSB036	783	1	si	si	_	_	_	_	_	linguistic	_	ContainsVariation=Yes	_	_	_	_	_	_
783-2	PSB036	783	2	mangia	mangia	_	_	_	_	_	linguistic	_	ContainsVariation=Yes	_	_	_	_	_	_
783-3	PSB036	783	3	con	con	_	_	_	_	_	linguistic	_	ContainsVariation=Yes	_	_	_	_	_	_
783-4	PSB036	783	4	la	la	_	_	_	_	_	linguistic	_	ContainsVariation=Yes	_	_	_	_	_	_
783-5	PSB036	783	5	carne	carne	_	_	_	_	_	linguistic	_	ContainsVariation=Yes	_	_	_	_	_	_
783-6	PSB036	783	6	[cioè	cioè	_	_	_	_	_	linguistic	_	ContainsVariation=Yes	_	_	_	_	_	0-4(314)
783-7	PSB036	783	7	co~	co~	_	_	_	_	_	linguistic	_	ContainsVariation=Yes	Interrupted=Yes	_	_	_	_	0-3(314)
783-8	PSB036	783	8	brasa]ti,	brasati	_	_	_	_	_	linguistic	_	ContainsVariation=Yes	Intonation=WeaklyRising	_	_	_	_	0-5(314)
783-9	PSB036	783	9	coi	coi	_	_	_	_	_	linguistic	_	ContainsVariation=Yes	_	_	_	_	_	_
783-10	PSB036	783	10	allora	allora	_	_	_	_	_	linguistic	_	ContainsVariation=Yes	_	_	_	_	_	_
783-11	PSB036	783	11	da	da	_	_	_	_	_	linguistic	_	ContainsVariation=Yes	_	_	_	_	_	_
783-12	PSB036	783	12	me	me	_	_	_	_	_	linguistic	_	ContainsVariation=Yes	_	_	_	_	_	_
783-13	PSB036	783	13	si	si	_	_	_	_	_	linguistic	_	ContainsVariation=Yes	_	_	_	_	_	_
783-14	PSB036	783	14	fa	fa	_	_	_	_	_	linguistic	_	ContainsVariation=Yes	_	_	_	_	_	_
783-15	PSB036	783	15	tanto	tanto	_	_	_	_	_	linguistic	_	ContainsVariation=Yes	_	_	_	_	_	_
783-16	PSB036	783	16	polenta	polenta	_	_	_	_	_	linguistic	_	ContainsVariation=Yes	_	_	_	_	_	_
783-17	PSB036	783	17	e	e	_	_	_	_	_	linguistic	_	ContainsVariation=Yes	_	_	_	_	_	_
783-18	PSB036	783	18	#osei	osei	_	_	_	_	_	linguistic	_	ContainsVariation=Yes|Code=Other|Language=NO_ISO_CODE	_	_	_	_	_	_
783-19	PSB036	783	19	che	che	_	_	_	_	_	linguistic	_	ContainsVariation=Yes	_	_	_	_	_	_
783-20	PSB036	783	20	è	è	_	_	_	_	_	linguistic	_	ContainsVariation=Yes	_	_	_	_	_	_
783-21	PSB036	783	21	con	con	_	_	_	_	_	linguistic	_	ContainsVariation=Yes	_	_	_	_	_	_
783-22	PSB036	783	22	gli	gli	_	_	_	_	_	linguistic	_	ContainsVariation=Yes	_	_	_	_	_	_
783-23	PSB036	783	23	uccellini:	uccellini	_	_	_	_	_	linguistic	_	ContainsVariation=Yes	_	End=1077.236	8x1	_	_	_
784-0	PSB086	784	0	[funghi]	funghi	_	_	_	_	_	linguistic	_	ContainsVariation=No	_	Begin=1072.684|End=1073.557	_	_	_	0-6(314)
785-0	PSB036	785	0	uccellini	uccellini	_	_	_	_	_	linguistic	_	ContainsVariation=No	_	Begin=1077.987	_	_	_	_
785-1	PSB036	785	1	piccolini	piccolini	_	_	_	_	_	linguistic	_	ContainsVariation=No	_	_	_	_	_	_
785-2	PSB036	785	2	quelli	quelli	_	_	_	_	_	linguistic	_	ContainsVariation=No	_	_	_	_	_	_
785-3	PSB036	785	3	che	che	_	_	_	_	_	linguistic	_	ContainsVariation=No	_	_	_	_	_	_
785-4	PSB036	785	4	vai	vai	_	_	_	_	_	linguistic	_	ContainsVariation=No	_	_	_	_	_	_
785-5	PSB036	785	5	a	a	_	_	_	_	_	linguistic	_	ContainsVariation=No	_	_	_	_	_	_
785-6	PSB036	785	6	cacciare	cacciare	_	_	_	_	_	linguistic	_	ContainsVariation=No	_	_	_	_	_	_
785-7	PSB036	785	7	cosa	cosa	_	_	_	_	_	linguistic	_	ContainsVariation=No	_	_	_	_	_	_
785-8	PSB036	785	8	sono	sono	_	_	_	_	_	linguistic	_	ContainsVariation=No	_	_	_	_	_	_
785-9	PSB036	785	9	merli	merli	_	_	_	_	_	linguistic	_	ContainsVariation=No	_	_	_	_	_	_
785-10	PSB036	785	10	[prettamente	prettamente	_	_	_	_	_	linguistic	_	ContainsVariation=No	_	_	_	_	_	0-11(423)
785-11	PSB036	785	11	non	non	_	_	_	_	_	linguistic	_	ContainsVariation=No	_	_	_	_	_	0-3(423)
785-12	PSB036	785	12	so],	so	_	_	_	_	_	linguistic	_	ContainsVariation=No	Intonation=WeaklyRising	End=1082.168	_	_	_	0-2(423)
786-0	PSB086	786	0	[a:h	ah	_	_	_	_	_	linguistic	_	ContainsVariation=No	_	Begin=1080.819	0x1	_	_	0-2(?)
786-1	PSB086	786	1	cioè	cioè	_	_	_	_	_	linguistic	_	ContainsVariation=No	_	_	_	_	_	0-4(?)
786-2	PSB086	786	2	ah	ah	_	_	_	_	_	linguistic	_	ContainsVariation=No	_	_	_	_	_	0-2(?)
786-3	PSB086	786	3	quelli	quelli	_	_	_	_	_	linguistic	_	ContainsVariation=No	_	_	_	_	_	0-6(?)
786-4	PSB086	786	4	diciamo]	diciamo	_	_	_	_	_	linguistic	_	ContainsVariation=No	_	End=1083.136	_	_	_	0-7(?)
787-0	PSB130	787	0	[tordi::	tordi	_	_	_	_	_	linguistic	_	ContainsVariation=No	_	Begin=1082.011	4x2	_	_	0-5(?)
787-1	PSB130	787	1	sì]	sì	_	_	_	_	_	linguistic	_	ContainsVariation=No	_	_	_	_	_	0-2(?)
787-2	PSB130	787	2	cioè	cioè	_	_	_	_	_	linguistic	_	ContainsVariation=No	_	_	_	_	_	_
787-3	PSB130	787	3	proprio:	proprio	_	_	_	_	_	linguistic	_	ContainsVariation=No	_	_	6x1	_	_	_
787-4	PSB130	787	4	[uccelli]	uccelli	_	_	_	_	_	linguistic	_	ContainsVariation=No	_	End=1085.967	_	_	_	0-7(?)
788-0	PSB036	788	0	[tordi	tordi	_	_	_	_	_	linguistic	_	ContainsVariation=No	_	Begin=1082.745	_	_	_	0-5(424)
788-1	PSB036	788	1	sì	sì	_	_	_	_	_	linguistic	_	ContainsVariation=No	_	_	_	_	_	0-2(424)
788-2	PSB036	788	2	così]	così	_	_	_	_	_	linguistic	_	ContainsVariation=No	_	End=1084.232	_	_	_	0-4(424)
789-0	PSB036	789	0	[il	il	_	_	_	_	_	linguistic	_	ContainsVariation=No	_	Begin=1085.245	_	_	_	0-2(315)
789-1	PSB036	789	1	conigl]io,	coniglio	_	_	_	_	_	linguistic	_	ContainsVariation=No	Intonation=WeaklyRising	End=1086.326	_	_	_	0-6(315)
790-0	PSB036	790	0	polenta	polenta	_	_	_	_	_	linguistic	_	ContainsVariation=No	_	Begin=1086.585	_	_	_	_
790-1	PSB036	790	1	e	e	_	_	_	_	_	linguistic	_	ContainsVariation=No	_	_	_	_	_	_
790-2	PSB036	790	2	coniglio	coniglio	_	_	_	_	_	linguistic	_	ContainsVariation=No	PauseAfter=Yes	_	_	_	_	_
790-3	PSB036	790	3	(.)	(.)	_	_	_	_	_	shortpause	_	ContainsVariation=No	_	_	_	_	_	_
790-4	PSB036	790	4	buonissimo	buonissimo	_	_	_	_	_	linguistic	_	ContainsVariation=No	_	_	_	_	_	_
790-5	PSB036	790	5	mi	mi	_	_	_	_	_	linguistic	_	ContainsVariation=No	_	_	_	_	_	_
790-6	PSB036	790	6	fa	fa	_	_	_	_	_	linguistic	_	ContainsVariation=No	_	_	_	_	_	_
790-7	PSB036	790	7	impazzire,	impazzire	_	_	_	_	_	linguistic	_	ContainsVariation=No	Intonation=WeaklyRising	End=1089.678	_	_	_	_
791-0	PSB036	791	0	poi	poi	_	_	_	_	_	linguistic	_	ContainsVariation=No	_	Begin=1090.085	_	_	_	_
791-1	PSB036	791	1	oppure	oppure	_	_	_	_	_	linguistic	_	ContainsVariation=No	_	_	_	_	_	_
791-2	PSB036	791	2	si	si	_	_	_	_	_	linguistic	_	ContainsVariation=No	_	_	_	_	_	_
791-3	PSB036	791	3	mangia	mangia	_	_	_	_	_	linguistic	_	ContainsVariation=No	_	_	_	_	_	_
791-4	PSB036	791	4	appunto	appunto	_	_	_	_	_	linguistic	_	ContainsVariation=No	_	_	_	_	_	_
791-5	PSB036	791	5	polenta	polenta	_	_	_	_	_	linguistic	_	ContainsVariation=No	_	_	_	_	_	_
791-6	PSB036	791	6	taragna	taragna	_	_	_	_	_	linguistic	_	ContainsVariation=No	_	_	_	_	_	_
791-7	PSB036	791	7	che	che	_	_	_	_	_	linguistic	_	ContainsVariation=No	_	_	_	_	_	_
791-8	PSB036	791	8	è	è	_	_	_	_	_	linguistic	_	ContainsVariation=No	_	_	_	_	_	_
791-9	PSB036	791	9	questa	questa	_	_	_	_	_	linguistic	_	ContainsVariation=No	_	_	_	_	_	_
791-10	PSB036	791	10	polenta	polenta	_	_	_	_	_	linguistic	_	ContainsVariation=No	_	_	_	_	_	_
791-11	PSB036	791	11	fatta	fatta	_	_	_	_	_	linguistic	_	ContainsVariation=No	_	_	_	_	_	_
791-12	PSB036	791	12	con	con	_	_	_	_	_	linguistic	_	ContainsVariation=No	_	_	_	_	_	_
791-13	PSB036	791	13	una	una	_	_	_	_	_	linguistic	_	ContainsVariation=No	_	_	_	_	_	_
791-14	PSB036	791	14	farina	farina	_	_	_	_	_	linguistic	_	ContainsVariation=No	_	_	_	_	_	_
791-15	PSB036	791	15	particolare	particolare	_	_	_	_	_	linguistic	_	ContainsVariation=No	_	_	_	_	_	_
791-16	PSB036	791	16	che	che	_	_	_	_	_	linguistic	_	ContainsVariation=No	_	_	_	_	_	_
791-17	PSB036	791	17	fanno	fanno	_	_	_	_	_	linguistic	_	ContainsVariation=No	_	_	_	_	_	_
791-18	PSB036	791	18	su	su	_	_	_	_	_	linguistic	_	ContainsVariation=No	_	_	_	_	_	_
791-19	PSB036	791	19	in	in	_	_	_	_	_	linguistic	_	ContainsVariation=No	_	_	_	_	_	_
791-20	PSB036	791	20	alcune	alcune	_	_	_	_	_	linguistic	_	ContainsVariation=No	_	_	_	_	_	_
791-21	PSB036	791	21	zone	zone	_	_	_	_	_	linguistic	_	ContainsVariation=No	_	End=1096.091	_	_	_	_
792-0	PSB036	792	0	con	con	_	_	_	_	_	linguistic	_	ContainsVariation=No	_	Begin=1096.394	_	_	_	_
792-1	PSB036	792	1	tre	tre	_	_	_	_	_	linguistic	_	ContainsVariation=No	_	_	_	_	_	_
792-2	PSB036	792	2	tipi	tipi	_	_	_	_	_	linguistic	_	ContainsVariation=No	_	_	_	_	_	_
792-3	PSB036	792	3	di	di	_	_	_	_	_	linguistic	_	ContainsVariation=No	_	_	_	_	_	_
792-4	PSB036	792	4	formaggio	formaggio	_	_	_	_	_	linguistic	_	ContainsVariation=No	_	_	_	_	_	_
792-5	PSB036	792	5	diverso	diverso	_	_	_	_	_	linguistic	_	ContainsVariation=No	_	_	_	_	_	_
792-6	PSB036	792	6	uno	uno	_	_	_	_	_	linguistic	_	ContainsVariation=No	_	_	_	_	_	_
792-7	PSB036	792	7	stagionato	stagionato	_	_	_	_	_	linguistic	_	ContainsVariation=No	_	_	_	_	_	_
792-8	PSB036	792	8	uno	uno	_	_	_	_	_	linguistic	_	ContainsVariation=No	_	_	_	_	_	_
792-9	PSB036	792	9	fresco	fresco	_	_	_	_	_	linguistic	_	ContainsVariation=No	_	_	_	_	_	_
792-10	PSB036	792	10	e	e	_	_	_	_	_	linguistic	_	ContainsVariation=No	_	_	_	_	_	_
792-11	PSB036	792	11	uno	uno	_	_	_	_	_	linguistic	_	ContainsVariation=No	_	_	_	_	_	_
792-12	PSB036	792	12	a	a	_	_	_	_	_	linguistic	_	ContainsVariation=No	_	_	_	_	_	_
792-13	PSB036	792	13	metà,	metà	_	_	_	_	_	linguistic	_	ContainsVariation=No	Intonation=WeaklyRising	End=1100.659	_	_	_	_
793-0	PSB036	793	0	più	più	_	_	_	_	_	linguistic	_	ContainsVariation=No	_	Begin=1100.926	_	_	_	_
793-1	PSB036	793	1	burro	burro	_	_	_	_	_	linguistic	_	ContainsVariation=No	_	End=1101.706	_	_	_	_
794-0	PSB036	794	0	fuso	fuso	_	_	_	_	_	linguistic	_	ContainsVariation=No	_	Begin=1102.255	_	_	_	_
794-1	PSB036	794	1	e	e	_	_	_	_	_	linguistic	_	ContainsVariation=No	_	_	_	_	_	_
794-2	PSB036	794	2	si	si	_	_	_	_	_	linguistic	_	ContainsVariation=No	_	_	_	_	_	_
794-3	PSB036	794	3	mangia	mangia	_	_	_	_	_	linguistic	_	ContainsVariation=No	_	_	_	_	_	_
794-4	PSB036	794	4	tutto	tutto	_	_	_	_	_	linguistic	_	ContainsVariation=No	_	_	_	_	_	_
794-5	PSB036	794	5	assieme	assieme	_	_	_	_	_	linguistic	_	ContainsVariation=No	_	_	_	_	_	_
794-6	PSB036	794	6	è	è	_	_	_	_	_	linguistic	_	ContainsVariation=No	_	_	_	_	_	_
794-7	PSB036	794	7	buoni[ssima]	buonissima	_	_	_	_	_	linguistic	_	ContainsVariation=No	_	End=1104.687	_	_	_	5-10(316)
795-0	PSB086	795	0	[tu~	tu~	_	_	_	_	_	linguistic	_	ContainsVariation=No	Interrupted=Yes	Begin=1104.043	_	_	_	0-3(317)
795-1	PSB086	795	1	tutto]	tutto	_	_	_	_	_	linguistic	_	ContainsVariation=No	_	_	_	_	_	0-5(317)
795-2	PSB086	795	2	burrato	burrato	_	_	_	_	_	linguistic	_	ContainsVariation=No	_	_	_	_	_	_
795-3	PSB086	795	3	((ride))	((ride))	_	_	_	_	_	nonverbalbehavior	_	ContainsVariation=No	_	End=1106.457	_	_	_	_
796-0	PSB036	796	0	SÌ	sì	_	_	_	_	_	linguistic	_	ContainsVariation=No	Volume=high	Begin=1105.309	_	_	_	_
796-1	PSB036	796	1	SEM~	sem~	_	_	_	_	_	linguistic	_	ContainsVariation=No	Interrupted=Yes|Volume=high	_	_	_	_	_
796-2	PSB036	796	2	BURRO	burro	_	_	_	_	_	linguistic	_	ContainsVariation=No	PauseAfter=Yes|Volume=high	_	_	_	_	_
796-3	PSB036	796	3	(.)	(.)	_	_	_	_	_	shortpause	_	ContainsVariation=No	_	_	_	_	_	_
796-4	PSB036	796	4	SEMPRE	sempre	_	_	_	_	_	linguistic	_	ContainsVariation=No	Volume=high	_	_	_	_	_
796-5	PSB036	796	5	DAPPER[TUTTO	dappertutto	_	_	_	_	_	linguistic	_	ContainsVariation=No	Volume=high	_	_	_	_	6-11(317)
796-6	PSB036	796	6	ovunque]	ovunque	_	_	_	_	_	linguistic	_	ContainsVariation=No	_	End=1109.413	_	_	_	0-7(317)
797-0	PSB086	797	0	[°dai	dai	_	_	_	_	_	linguistic	_	ContainsVariation=No	Volume=low	Begin=1108.106	_	_	_	0-3(425)
797-1	PSB086	797	1	davvero?°]	davvero	_	_	_	_	_	linguistic	_	ContainsVariation=No	Intonation=Rising|Volume=low	_	_	_	_	0-7(425)
797-2	PSB086	797	2	((ride))	((ride))	_	_	_	_	_	nonverbalbehavior	_	ContainsVariation=No	_	End=1109.991	_	_	_	_
798-0	PSB130	798	0	[burro	burro	_	_	_	_	_	linguistic	_	ContainsVariation=No	_	Begin=1108.809	_	_	_	0-5(425)
798-1	PSB130	798	1	formaggio	formaggio	_	_	_	_	_	linguistic	_	ContainsVariation=No	_	_	_	_	_	0-9(425)
798-2	PSB130	798	2	quelle]	quelle	_	_	_	_	_	linguistic	_	ContainsVariation=No	_	_	_	_	_	0-6(425)
798-3	PSB130	798	3	[sì	sì	_	_	_	_	_	linguistic	_	ContainsVariation=No	_	_	_	_	_	0-2(426)
798-4	PSB130	798	4	le	le	_	_	_	_	_	linguistic	_	ContainsVariation=No	_	_	_	_	_	0-2(426)
798-5	PSB130	798	5	cose]	cose	_	_	_	_	_	linguistic	_	ContainsVariation=No	_	End=1111.068	_	_	_	0-4(426)
799-0	PSB036	799	0	[sì	sì	_	_	_	_	_	linguistic	_	ContainsVariation=No	PauseAfter=Yes	Begin=1110.032	_	_	_	0-2(426)
799-1	PSB036	799	1	(.)	(.)	_	_	_	_	_	shortpause	_	ContainsVariation=No	_	_	_	_	_	X(426)
799-2	PSB036	799	2	e	e	_	_	_	_	_	linguistic	_	ContainsVariation=No	_	_	_	_	_	0-1(426)
799-3	PSB036	799	3	poi	poi	_	_	_	_	_	linguistic	_	ContainsVariation=No	_	_	_	_	_	0-3(426)
799-4	PSB036	799	4	la]	la	_	_	_	_	_	linguistic	_	ContainsVariation=No	_	_	_	_	_	0-2(426)
799-5	PSB036	799	5	mia	mia	_	_	_	_	_	linguistic	_	ContainsVariation=No	_	_	_	_	_	_
799-6	PSB036	799	6	preferita	preferita	_	_	_	_	_	linguistic	_	ContainsVariation=No	_	_	_	_	_	_
799-7	PSB036	799	7	che	che	_	_	_	_	_	linguistic	_	ContainsVariation=No	_	_	_	_	_	_
799-8	PSB036	799	8	quello	quello	_	_	_	_	_	linguistic	_	ContainsVariation=No	_	_	_	_	_	_
799-9	PSB036	799	9	tutta	tutta	_	_	_	_	_	linguistic	_	ContainsVariation=No	_	_	_	_	_	_
799-10	PSB036	799	10	la	la	_	_	_	_	_	linguistic	_	ContainsVariation=No	_	_	_	_	_	_
799-11	PSB036	799	11	lombardia,	lombardia	_	_	_	_	_	linguistic	_	ContainsVariation=No	Intonation=WeaklyRising	_	_	_	_	_
799-12	PSB036	799	12	costine	costine	_	_	_	_	_	linguistic	_	ContainsVariation=No	_	_	_	_	_	_
799-13	PSB036	799	13	con	con	_	_	_	_	_	linguistic	_	ContainsVariation=No	_	_	_	_	_	_
799-14	PSB036	799	14	la	la	_	_	_	_	_	linguistic	_	ContainsVariation=No	_	_	_	_	_	_
799-15	PSB036	799	15	verza	verza	_	_	_	_	_	linguistic	_	ContainsVariation=No	_	End=1115.114	_	_	_	_
800-0	PSB086	800	0	[non	non	_	_	_	_	_	linguistic	_	ContainsVariation=No	_	Begin=1110.186	_	_	_	0-3(426)
800-1	PSB086	800	1	lo	lo	_	_	_	_	_	linguistic	_	ContainsVariation=No	_	_	_	_	_	0-2(426)
800-2	PSB086	800	2	sapevo	sapevo	_	_	_	_	_	linguistic	_	ContainsVariation=No	_	_	_	_	_	0-6(426)
800-3	PSB086	800	3	questo]	questo	_	_	_	_	_	linguistic	_	ContainsVariation=No	_	End=1111.452	_	_	_	0-6(426)
801-0	PSB036	801	0	perciò	perciò	_	_	_	_	_	linguistic	_	ContainsVariation=No	_	Begin=1115.543	_	_	_	_
801-1	PSB036	801	1	si	si	_	_	_	_	_	linguistic	_	ContainsVariation=No	_	_	_	_	_	_
801-2	PSB036	801	2	fa	fa	_	_	_	_	_	linguistic	_	ContainsVariation=No	_	_	_	_	_	_
801-3	PSB036	801	3	butta	butta	_	_	_	_	_	linguistic	_	ContainsVariation=No	_	_	_	_	_	_
801-4	PSB036	801	4	in	in	_	_	_	_	_	linguistic	_	ContainsVariation=No	_	_	_	_	_	_
801-5	PSB036	801	5	una	una	_	_	_	_	_	linguistic	_	ContainsVariation=No	_	_	_	_	_	_
801-6	PSB036	801	6	padella	padella	_	_	_	_	_	linguistic	_	ContainsVariation=No	_	_	_	_	_	_
801-7	PSB036	801	7	per	per	_	_	_	_	_	linguistic	_	ContainsVariation=No	_	_	_	_	_	_
801-8	PSB036	801	8	tre	tre	_	_	_	_	_	linguistic	_	ContainsVariation=No	_	_	_	_	_	_
801-9	PSB036	801	9	ore	ore	_	_	_	_	_	linguistic	_	ContainsVariation=No	_	_	_	_	_	_
801-10	PSB036	801	10	e	e	_	_	_	_	_	linguistic	_	ContainsVariation=No	_	_	_	_	_	_
801-11	PSB036	801	11	mezzo	mezzo	_	_	_	_	_	linguistic	_	ContainsVariation=No	_	_	_	_	_	_
801-12	PSB036	801	12	a	a	_	_	_	_	_	linguistic	_	ContainsVariation=No	_	_	_	_	_	_
801-13	PSB036	801	13	cuocere	cuocere	_	_	_	_	_	linguistic	_	ContainsVariation=No	_	_	_	_	_	_
801-14	PSB036	801	14	verza	verza	_	_	_	_	_	linguistic	_	ContainsVariation=No	_	_	_	_	_	_
801-15	PSB036	801	15	con	con	_	_	_	_	_	linguistic	_	ContainsVariation=No	_	_	_	_	_	_
801-16	PSB036	801	16	le	le	_	_	_	_	_	linguistic	_	ContainsVariation=No	_	_	_	_	_	_
801-17	PSB036	801	17	costine	costine	_	_	_	_	_	linguistic	_	ContainsVariation=No	_	_	_	_	_	_
801-18	PSB036	801	18	io	io	_	_	_	_	_	linguistic	_	ContainsVariation=No	_	_	_	_	_	_
801-19	PSB036	801	19	butto	butto	_	_	_	_	_	linguistic	_	ContainsVariation=No	_	_	_	_	_	_
801-20	PSB036	801	20	anche	anche	_	_	_	_	_	linguistic	_	ContainsVariation=No	_	_	_	_	_	_
801-21	PSB036	801	21	cotechini	cotechini	_	_	_	_	_	linguistic	_	ContainsVariation=No	_	_	_	_	_	_
801-22	PSB036	801	22	salsicce	salsicce	_	_	_	_	_	linguistic	_	ContainsVariation=No	_	_	_	_	_	_
801-23	PSB036	801	23	e	e	_	_	_	_	_	linguistic	_	ContainsVariation=No	_	_	_	_	_	_
801-24	PSB036	801	24	così	così	_	_	_	_	_	linguistic	_	ContainsVariation=No	_	End=1121.443	_	_	_	_
802-0	PSB036	802	0	così	così	_	_	_	_	_	linguistic	_	ContainsVariation=No	_	Begin=1121.66	_	_	_	_
802-1	PSB036	802	1	tutto	tutto	_	_	_	_	_	linguistic	_	ContainsVariation=No	_	_	_	_	_	_
802-2	PSB036	802	2	il	il	_	_	_	_	_	linguistic	_	ContainsVariation=No	_	_	_	_	_	_
802-3	PSB036	802	3	grasso	grasso	_	_	_	_	_	linguistic	_	ContainsVariation=No	_	_	_	_	_	_
802-4	PSB036	802	4	viene	viene	_	_	_	_	_	linguistic	_	ContainsVariation=No	_	_	_	_	_	_
802-5	PSB036	802	5	assorbito	assorbito	_	_	_	_	_	linguistic	_	ContainsVariation=No	_	_	_	_	_	_
802-6	PSB036	802	6	dalla	dalla	_	_	_	_	_	linguistic	_	ContainsVariation=No	_	_	_	_	_	_
802-7	PSB036	802	7	verza,	verza	_	_	_	_	_	linguistic	_	ContainsVariation=No	Intonation=WeaklyRising	End=1124.022	_	_	_	_
803-0	PSB086	803	0	quindi	quindi	_	_	_	_	_	linguistic	_	ContainsVariation=No	_	Begin=1124.287	_	_	_	_
803-1	PSB086	803	1	eh	eh	_	_	_	_	_	linguistic	_	ContainsVariation=No	_	_	_	_	_	_
803-2	PSB086	803	2	costine	costine	_	_	_	_	_	linguistic	_	ContainsVariation=No	_	_	_	_	_	_
803-3	PSB086	803	3	non	non	_	_	_	_	_	linguistic	_	ContainsVariation=No	_	_	_	_	_	_
803-4	PSB086	803	4	dobbiamo	dobbiamo	_	_	_	_	_	linguistic	_	ContainsVariation=No	_	_	_	_	_	_
803-5	PSB086	803	5	soffriggere	soffriggere	_	_	_	_	_	linguistic	_	ContainsVariation=No	_	_	_	_	_	_
803-6	PSB086	803	6	prima	prima	_	_	_	_	_	linguistic	_	ContainsVariation=No	_	_	_	_	_	_
803-7	PSB086	803	7	sulla	sulla	_	_	_	_	_	linguistic	_	ContainsVariation=No	_	_	_	_	_	_
803-8	PSB086	803	8	piastra	piastra	_	_	_	_	_	linguistic	_	ContainsVariation=No	_	_	_	_	_	_
803-9	PSB086	803	9	niente?	niente	_	_	_	_	_	linguistic	_	ContainsVariation=No	Intonation=Rising	End=1127.794	_	_	_	_
804-0	PSB036	804	0	°no°	no	_	_	_	_	_	linguistic	_	ContainsVariation=No	Volume=low	Begin=1127.819	_	_	_	_
804-1	PSB036	804	1	eh	eh	_	_	_	_	_	linguistic	_	ContainsVariation=No	_	_	_	_	_	_
804-2	PSB036	804	2	sì	sì	_	_	_	_	_	linguistic	_	ContainsVariation=No	_	_	_	_	_	_
804-3	PSB036	804	3	[s~	s~	_	_	_	_	_	linguistic	_	ContainsVariation=No	Interrupted=Yes	_	_	_	_	0-2(319)
804-4	PSB036	804	4	s~	s~	_	_	_	_	_	linguistic	_	ContainsVariation=No	Interrupted=Yes	_	_	_	_	0-2(319)
804-5	PSB036	804	5	rosolare	rosolare	_	_	_	_	_	linguistic	_	ContainsVariation=No	_	_	_	_	_	0-8(319)
804-6	PSB036	804	6	un	un	_	_	_	_	_	linguistic	_	ContainsVariation=No	_	_	_	_	_	0-2(319)
804-7	PSB036	804	7	po'	po'	_	_	_	_	_	linguistic	_	ContainsVariation=No	_	_	_	_	_	0-3(319)
804-8	PSB036	804	8	le	le	_	_	_	_	_	linguistic	_	ContainsVariation=No	_	_	_	_	_	0-2(319)
804-9	PSB036	804	9	costine]	costine	_	_	_	_	_	linguistic	_	ContainsVariation=No	_	End=1131.057	_	_	_	0-7(319)
805-0	PSB086	805	0	[cioè	cioè	_	_	_	_	_	linguistic	_	ContainsVariation=No	PauseAfter=Yes	Begin=1128.543	_	_	_	0-4(318)
805-1	PSB086	805	1	(.)	(.)	_	_	_	_	_	shortpause	_	ContainsVariation=No	_	_	_	_	_	X(318)
805-2	PSB086	805	2	inizi]	inizi	_	_	_	_	_	linguistic	_	ContainsVariation=No	_	End=1129.734	_	_	_	0-5(318)
806-0	PSB086	806	0	[rosolare]	rosolare	_	_	_	_	_	linguistic	_	ContainsVariation=No	_	Begin=1130.298	_	_	_	0-8(319)
806-1	PSB086	806	1	e	e	_	_	_	_	_	linguistic	_	ContainsVariation=No	_	_	_	_	_	_
806-2	PSB086	806	2	dopo	dopo	_	_	_	_	_	linguistic	_	ContainsVariation=No	_	_	_	_	_	_
806-3	PSB086	806	3	aggiun[giamo	aggiungiamo	_	_	_	_	_	linguistic	_	ContainsVariation=No	_	_	_	_	_	6-11(320)
806-4	PSB086	806	4	la	la	_	_	_	_	_	linguistic	_	ContainsVariation=No	_	_	_	_	_	0-2(320)
806-5	PSB086	806	5	verza]	verza	_	_	_	_	_	linguistic	_	ContainsVariation=No	_	End=1132.409	_	_	_	0-5(320)
807-0	PSB036	807	0	[e	e	_	_	_	_	_	linguistic	_	ContainsVariation=No	_	Begin=1131.362	_	_	_	0-1(320)
807-1	PSB036	807	1	dopo	dopo	_	_	_	_	_	linguistic	_	ContainsVariation=No	_	_	_	_	_	0-4(320)
807-2	PSB036	807	2	la	la	_	_	_	_	_	linguistic	_	ContainsVariation=No	_	_	_	_	_	0-2(320)
807-3	PSB036	807	3	verza]	verza	_	_	_	_	_	linguistic	_	ContainsVariation=No	PauseAfter=Yes	_	_	_	_	0-5(320)
807-4	PSB036	807	4	(.)	(.)	_	_	_	_	_	shortpause	_	ContainsVariation=No	_	_	_	_	_	_
807-5	PSB036	807	5	sì	sì	_	_	_	_	_	linguistic	_	ContainsVariation=No	_	_	_	_	_	_
807-6	PSB036	807	6	così	così	_	_	_	_	_	linguistic	_	ContainsVariation=No	_	_	_	_	_	_
807-7	PSB036	807	7	assorbe	assorbe	_	_	_	_	_	linguistic	_	ContainsVariation=No	_	_	_	_	_	_
807-8	PSB036	807	8	tutto	tutto	_	_	_	_	_	linguistic	_	ContainsVariation=No	_	_	_	_	_	_
807-9	PSB036	807	9	il	il	_	_	_	_	_	linguistic	_	ContainsVariation=No	_	_	_	_	_	_
807-10	PSB036	807	10	grasso	grasso	_	_	_	_	_	linguistic	_	ContainsVariation=No	_	End=1134.114	_	_	_	_
808-0	PSB086	808	0	madonna	madonna	_	_	_	_	_	linguistic	_	ContainsVariation=No	_	Begin=1134.106|End=1134.968	_	_	_	_
809-0	PSB036	809	0	sì	sì	_	_	_	_	_	linguistic	_	ContainsVariation=No	_	Begin=1135.362	_	_	_	_
809-1	PSB036	809	1	e	e	_	_	_	_	_	linguistic	_	ContainsVariation=No	_	_	_	_	_	_
809-2	PSB036	809	2	poi	poi	_	_	_	_	_	linguistic	_	ContainsVariation=No	_	_	_	_	_	_
809-3	PSB036	809	3	è	è	_	_	_	_	_	linguistic	_	ContainsVariation=No	_	_	_	_	_	_
809-4	PSB036	809	4	bello	bello	_	_	_	_	_	linguistic	_	ContainsVariation=No	_	_	_	_	_	_
809-5	PSB036	809	5	perché	perché	_	_	_	_	_	linguistic	_	ContainsVariation=No	_	_	_	_	_	_
809-6	PSB036	809	6	butti	butti	_	_	_	_	_	linguistic	_	ContainsVariation=No	_	_	_	_	_	_
809-7	PSB036	809	7	[la	la	_	_	_	_	_	linguistic	_	ContainsVariation=No	_	_	_	_	_	0-2(322)
809-8	PSB036	809	8	padella	padella	_	_	_	_	_	linguistic	_	ContainsVariation=No	_	_	_	_	_	0-7(322)
809-9	PSB036	809	9	accesa	accesa	_	_	_	_	_	linguistic	_	ContainsVariation=No	_	_	_	_	_	0-6(322)
809-10	PSB036	809	10	sul	sul	_	_	_	_	_	linguistic	_	ContainsVariation=No	_	_	_	_	_	0-3(322)
809-11	PSB036	809	11	fuoco],	fuoco	_	_	_	_	_	linguistic	_	ContainsVariation=No	Intonation=WeaklyRising	End=1138.494	_	_	_	0-5(322)
810-0	PSB086	810	0	[da	da	_	_	_	_	_	linguistic	_	ContainsVariation=Yes	_	Begin=1136.394	_	_	_	0-2(322)
810-1	PSB086	810	1	noi	noi	_	_	_	_	_	linguistic	_	ContainsVariation=Yes	_	_	_	_	_	0-3(322)
810-2	PSB086	810	2	si	si	_	_	_	_	_	linguistic	_	ContainsVariation=Yes	_	_	_	_	_	0-2(322)
810-3	PSB086	810	3	può	può	_	_	_	_	_	linguistic	_	ContainsVariation=Yes	_	_	_	_	_	0-3(322)
810-4	PSB086	810	4	fare	fare	_	_	_	_	_	linguistic	_	ContainsVariation=Yes	_	_	_	_	_	0-4(322)
810-5	PSB086	810	5	cosa	cosa	_	_	_	_	_	linguistic	_	ContainsVariation=Yes	_	_	_	_	_	0-4(322)
810-6	PSB086	810	6	simili	simili	_	_	_	_	_	linguistic	_	ContainsVariation=Yes	_	_	_	_	_	0-6(322)
810-7	PSB086	810	7	però	però	_	_	_	_	_	linguistic	_	ContainsVariation=Yes	_	_	_	_	_	0-4(322)
810-8	PSB086	810	8	eh]	eh	_	_	_	_	_	linguistic	_	ContainsVariation=Yes	_	_	_	_	_	0-2(322)
810-9	PSB086	810	9	si	si	_	_	_	_	_	linguistic	_	ContainsVariation=Yes	_	_	_	_	_	_
810-10	PSB086	810	10	chiama	chiama	_	_	_	_	_	linguistic	_	ContainsVariation=Yes	_	_	_	_	_	_
810-11	PSB086	810	11	#kapusnjak	kapusnjak	_	_	_	_	_	linguistic	_	ContainsVariation=Yes|Code=Other|Language=NO_ISO_CODE	_	End=1139.933	_	_	_	_
811-0	PSB036	811	0	[eh	eh	_	_	_	_	_	linguistic	_	ContainsVariation=No	_	Begin=1140.149	_	_	_	0-2(323)
811-1	PSB036	811	1	eh]	eh	_	_	_	_	_	linguistic	_	ContainsVariation=No	_	End=1140.504	_	_	_	0-2(323)
812-0	PSB086	812	0	[per]ché	perché	_	_	_	_	_	linguistic	_	ContainsVariation=No	_	Begin=1140.223	_	_	_	0-3(323)
812-1	PSB086	812	1	eh	eh	_	_	_	_	_	linguistic	_	ContainsVariation=No	_	_	_	_	_	_
812-2	PSB086	812	2	però	però	_	_	_	_	_	linguistic	_	ContainsVariation=No	_	_	_	_	_	_
812-3	PSB086	812	3	si	si	_	_	_	_	_	linguistic	_	ContainsVariation=No	_	_	_	_	_	_
812-4	PSB086	812	4	fa	fa	_	_	_	_	_	linguistic	_	ContainsVariation=No	_	_	_	_	_	_
812-5	PSB086	812	5	come	come	_	_	_	_	_	linguistic	_	ContainsVariation=No	_	_	_	_	_	_
812-6	PSB086	812	6	una	una	_	_	_	_	_	linguistic	_	ContainsVariation=No	_	_	_	_	_	_
812-7	PSB086	812	7	zuppa	zuppa	_	_	_	_	_	linguistic	_	ContainsVariation=No	_	End=1142.425	_	_	_	_
813-0	PSB086	813	0	[si	si	_	_	_	_	_	linguistic	_	ContainsVariation=No	_	Begin=1142.67	_	_	_	0-2(324)
813-1	PSB086	813	1	aggiunge	aggiunge	_	_	_	_	_	linguistic	_	ContainsVariation=No	_	_	_	_	_	0-8(324)
813-2	PSB086	813	2	l'	l'	_	_	_	_	_	linguistic	_	ContainsVariation=No	SpaceAfter=No	_	_	_	_	0-2(324)
813-3	PSB086	813	3	acqua	acqua	_	_	_	_	_	linguistic	_	ContainsVariation=No	_	_	_	_	_	0-5(324)
813-4	PSB086	813	4	capito]?	capito	_	_	_	_	_	linguistic	_	ContainsVariation=No	Intonation=Rising	End=1144.362	_	_	_	0-6(324)
814-0	PSB130	814	0	[a:h	ah	_	_	_	_	_	linguistic	_	ContainsVariation=No	_	Begin=1142.862	0x1	_	_	0-2(324)
814-1	PSB130	814	1	okay]	okay	_	_	_	_	_	linguistic	_	ContainsVariation=No	_	End=1143.53	_	_	_	0-4(324)
815-0	PSB036	815	0	[sì	sì	_	_	_	_	_	linguistic	_	ContainsVariation=No	_	Begin=1143.617	_	_	_	0-2(427)
815-1	PSB036	815	1	sì	sì	_	_	_	_	_	linguistic	_	ContainsVariation=No	_	_	_	_	_	0-2(427)
815-2	PSB036	815	2	sì	sì	_	_	_	_	_	linguistic	_	ContainsVariation=No	PauseAfter=Yes	_	_	_	_	0-2(427)
815-3	PSB036	815	3	(.)	(.)	_	_	_	_	_	shortpause	_	ContainsVariation=No	_	_	_	_	_	X(427)
815-4	PSB036	815	4	certo]	certo	_	_	_	_	_	linguistic	_	ContainsVariation=No	_	End=1145.095	_	_	_	0-5(427)
816-0	PSB130	816	0	[okay	okay	_	_	_	_	_	linguistic	_	ContainsVariation=No	_	Begin=1144.106	_	_	_	0-4(427)
816-1	PSB130	816	1	okay]	okay	_	_	_	_	_	linguistic	_	ContainsVariation=No	_	End=1144.761	_	_	_	0-4(427)
817-0	PSB086	817	0	[e	e	_	_	_	_	_	linguistic	_	ContainsVariation=No	_	Begin=1144.681	_	_	_	0-1(428)
817-1	PSB086	817	1	an]che	anche	_	_	_	_	_	linguistic	_	ContainsVariation=No	_	_	_	_	_	0-2(428)
817-2	PSB086	817	2	quello	quello	_	_	_	_	_	linguistic	_	ContainsVariation=No	_	_	_	_	_	_
817-3	PSB086	817	3	è	è	_	_	_	_	_	linguistic	_	ContainsVariation=No	_	_	_	_	_	_
817-4	PSB086	817	4	una	una	_	_	_	_	_	linguistic	_	ContainsVariation=No	_	_	_	_	_	_
817-5	PSB086	817	5	e	e	_	_	_	_	_	linguistic	_	ContainsVariation=No	_	_	_	_	_	_
817-6	PSB086	817	6	e	e	_	_	_	_	_	linguistic	_	ContainsVariation=No	_	_	_	_	_	_
817-7	PSB086	817	7	al~	al~	_	_	_	_	_	linguistic	_	ContainsVariation=No	Interrupted=Yes	_	_	_	_	_
817-8	PSB086	817	8	alcuni	alcuni	_	_	_	_	_	linguistic	_	ContainsVariation=No	_	_	_	_	_	_
817-9	PSB086	817	9	mettono	mettono	_	_	_	_	_	linguistic	_	ContainsVariation=No	_	_	_	_	_	_
817-10	PSB086	817	10	e:hm	ehm	_	_	_	_	_	linguistic	_	ContainsVariation=No	_	_	0x1	_	_	_
817-11	PSB086	817	11	la	la	_	_	_	_	_	linguistic	_	ContainsVariation=No	_	_	_	_	_	_
817-12	PSB086	817	12	verza	verza	_	_	_	_	_	linguistic	_	ContainsVariation=No	_	_	_	_	_	_
817-13	PSB086	817	13	già	già	_	_	_	_	_	linguistic	_	ContainsVariation=No	_	_	_	_	_	_
817-14	PSB086	817	14	acida	acida	_	_	_	_	_	linguistic	_	ContainsVariation=No	_	End=1149.444	_	_	_	_
818-0	PSB036	818	0	mh[mh]	mhmh	_	_	_	_	_	linguistic	_	ContainsVariation=No	_	Begin=1149.715|End=1150.255	_	_	_	2-4(429)
819-0	PSB130	819	0	[ah	ah	_	_	_	_	_	linguistic	_	ContainsVariation=No	_	Begin=1149.915	_	_	_	0-2(429)
819-1	PSB130	819	1	okay]	okay	_	_	_	_	_	linguistic	_	ContainsVariation=No	_	End=1150.275	_	_	_	0-4(429)
820-0	PSB086	820	0	in	in	_	_	_	_	_	linguistic	_	ContainsVariation=No	_	Begin=1150.223	_	_	_	_
820-1	PSB086	820	1	senso	senso	_	_	_	_	_	linguistic	_	ContainsVariation=No	_	_	_	_	_	_
820-2	PSB086	820	2	che	che	_	_	_	_	_	linguistic	_	ContainsVariation=No	_	_	_	_	_	_
820-3	PSB086	820	3	fanno::	fanno	_	_	_	_	_	linguistic	_	ContainsVariation=No	_	_	4x2	_	_	_
820-4	PSB086	820	4	sottaceto	sottaceto	_	_	_	_	_	linguistic	_	ContainsVariation=No	_	_	_	_	_	_
820-5	PSB086	820	5	prima	prima	_	_	_	_	_	linguistic	_	ContainsVariation=No	_	_	_	_	_	_
820-6	PSB086	820	6	queste	queste	_	_	_	_	_	linguistic	_	ContainsVariation=No	_	_	_	_	_	_
820-7	PSB086	820	7	verze	verze	_	_	_	_	_	linguistic	_	ContainsVariation=No	_	_	_	_	_	_
820-8	PSB086	820	8	così	così	_	_	_	_	_	linguistic	_	ContainsVariation=No	_	End=1153.327	_	_	_	_
821-0	PSB086	821	0	[e	e	_	_	_	_	_	linguistic	_	ContainsVariation=No	_	Begin=1153.585	_	_	_	0-1(?)
821-1	PSB086	821	1	dopo	dopo	_	_	_	_	_	linguistic	_	ContainsVariation=No	_	_	_	_	_	0-4(?)
821-2	PSB086	821	2	me~	me~	_	_	_	_	_	linguistic	_	ContainsVariation=No	Interrupted=Yes	_	_	_	_	0-3(?)
821-3	PSB086	821	3	metti	metti	_	_	_	_	_	linguistic	_	ContainsVariation=No	_	_	_	_	_	0-5(?)
821-4	PSB086	821	4	sì	sì	_	_	_	_	_	linguistic	_	ContainsVariation=No	_	_	_	_	_	0-2(?)
821-5	PSB086	821	5	sì	sì	_	_	_	_	_	linguistic	_	ContainsVariation=No	_	_	_	_	_	0-2(?)
821-6	PSB086	821	6	sì]	sì	_	_	_	_	_	linguistic	_	ContainsVariation=No	_	_	_	_	_	0-2(?)
821-7	PSB086	821	7	sì	sì	_	_	_	_	_	linguistic	_	ContainsVariation=No	_	_	_	_	_	_
821-8	PSB086	821	8	u:	u	_	_	_	_	_	linguistic	_	ContainsVariation=No	_	_	0x1	_	_	_
821-9	PSB086	821	9	un	un	_	_	_	_	_	linguistic	_	ContainsVariation=No	_	_	_	_	_	_
821-10	PSB086	821	10	[po'	po'	_	_	_	_	_	linguistic	_	ContainsVariation=No	_	_	_	_	_	0-3(?)
821-11	PSB086	821	11	di]	di	_	_	_	_	_	linguistic	_	ContainsVariation=No	_	_	_	_	_	0-2(?)
821-12	PSB086	821	12	questa	questa	_	_	_	_	_	linguistic	_	ContainsVariation=No	_	_	_	_	_	_
821-13	PSB086	821	13	verza,	verza	_	_	_	_	_	linguistic	_	ContainsVariation=No	Intonation=WeaklyRising	End=1157.347	_	_	_	_
822-0	PSB129	822	0	[tipo	tipo	_	_	_	_	_	linguistic	_	ContainsVariation=No	_	Begin=1153.628	_	_	_	0-4(326)
822-1	PSB129	822	1	crauti]	crauti	_	_	_	_	_	linguistic	_	ContainsVariation=No	_	End=1154.699	_	_	_	0-6(326)
823-0	PSB130	823	0	[mh]	mh	_	_	_	_	_	linguistic	_	ContainsVariation=No	_	Begin=1155.064|End=1155.433	_	_	_	0-2(327)
824-0	PSB130	824	0	[sì]	sì	_	_	_	_	_	linguistic	_	ContainsVariation=No	_	Begin=1156.33|End=1156.642	_	_	_	0-2(325)
825-0	PSB130	825	0	esatt[o]	esatto	_	_	_	_	_	linguistic	_	ContainsVariation=No	_	Begin=1157.362|End=1157.831	_	_	_	5-6(328)
826-0	PSB086	826	0	[e]	e	_	_	_	_	_	linguistic	_	ContainsVariation=No	_	Begin=1157.745	_	_	_	0-1(328)
826-1	PSB086	826	1	e	e	_	_	_	_	_	linguistic	_	ContainsVariation=No	_	_	_	_	_	_
826-2	PSB086	826	2	la	la	_	_	_	_	_	linguistic	_	ContainsVariation=No	_	_	_	_	_	_
826-3	PSB086	826	3	zuppa	zuppa	_	_	_	_	_	linguistic	_	ContainsVariation=No	_	_	_	_	_	_
826-4	PSB086	826	4	esce	esce	_	_	_	_	_	linguistic	_	ContainsVariation=No	_	_	_	_	_	_
826-5	PSB086	826	5	un	un	_	_	_	_	_	linguistic	_	ContainsVariation=No	_	_	_	_	_	_
826-6	PSB086	826	6	po':	po'	_	_	_	_	_	linguistic	_	ContainsVariation=No	_	_	1x1	_	_	_
826-7	PSB086	826	7	mh	mh	_	_	_	_	_	linguistic	_	ContainsVariation=No	_	End=1160.205	_	_	_	_
827-0	PSB130	827	0	un	un	_	_	_	_	_	linguistic	_	ContainsVariation=No	_	Begin=1160.192	_	_	_	_
827-1	PSB130	827	1	po'	po'	_	_	_	_	_	linguistic	_	ContainsVariation=No	_	_	_	_	_	_
827-2	PSB130	827	2	[acida]	acida	_	_	_	_	_	linguistic	_	ContainsVariation=No	_	End=1160.855	_	_	_	0-5(330)
828-0	PSB086	828	0	[asprina	asprina	_	_	_	_	_	linguistic	_	ContainsVariation=No	_	Begin=1160.628	_	_	_	_
828-1	PSB086	828	1	[sì	sì	_	_	_	_	_	linguistic	_	ContainsVariation=No	_	_	_	_	_	_
828-2	PSB086	828	2	sì	sì	_	_	_	_	_	linguistic	_	ContainsVariation=No	_	_	_	_	_	_
828-3	PSB086	828	3	[sì	sì	_	_	_	_	_	linguistic	_	ContainsVariation=No	_	_	_	_	_	_
828-4	PSB086	828	4	ma	ma	_	_	_	_	_	linguistic	_	ContainsVariation=No	_	_	_	_	_	_
828-5	PSB086	828	5	con	con	_	_	_	_	_	linguistic	_	ContainsVariation=No	_	_	_	_	_	_
828-6	PSB086	828	6	costine	costine	_	_	_	_	_	linguistic	_	ContainsVariation=No	_	_	_	_	_	_
828-7	PSB086	828	7	è	è	_	_	_	_	_	linguistic	_	ContainsVariation=No	_	_	_	_	_	_
828-8	PSB086	828	8	quello	quello	_	_	_	_	_	linguistic	_	ContainsVariation=No	_	_	_	_	_	_
828-9	PSB086	828	9	che]	che	_	_	_	_	_	linguistic	_	ContainsVariation=No	_	End=1164.056	_	_	_	_
829-0	PSB130	829	0	[sì	sì	_	_	_	_	_	linguistic	_	ContainsVariation=No	_	Begin=1161.223	_	_	_	0-2(331)
829-1	PSB130	829	1	voi	voi	_	_	_	_	_	linguistic	_	ContainsVariation=No	_	_	_	_	_	0-3(331)
829-2	PSB130	829	2	avete	avete	_	_	_	_	_	linguistic	_	ContainsVariation=No	_	_	_	_	_	0-5(331)
829-3	PSB130	829	3	un	un	_	_	_	_	_	linguistic	_	ContainsVariation=No	_	_	_	_	_	0-2(331)
829-4	PSB130	829	4	po'	po'	_	_	_	_	_	linguistic	_	ContainsVariation=No	_	_	_	_	_	0-3(331)
829-5	PSB130	829	5	questi	questi	_	_	_	_	_	linguistic	_	ContainsVariation=No	_	_	_	_	_	0-6(331)
829-6	PSB130	829	6	gusti	gusti	_	_	_	_	_	linguistic	_	ContainsVariation=No	_	_	_	_	_	0-5(331)
829-7	PSB130	829	7	un	un	_	_	_	_	_	linguistic	_	ContainsVariation=No	_	_	_	_	_	0-2(331)
829-8	PSB130	829	8	po'	po'	_	_	_	_	_	linguistic	_	ContainsVariation=No	_	_	_	_	_	0-3(331)
829-9	PSB130	829	9	acidi	acidi	_	_	_	_	_	linguistic	_	ContainsVariation=No	_	_	_	_	_	0-5(331)
829-10	PSB130	829	10	che	che	_	_	_	_	_	linguistic	_	ContainsVariation=No	_	_	_	_	_	0-3(331)
829-11	PSB130	829	11	effettiva]mente	effettivamente	_	_	_	_	_	linguistic	_	ContainsVariation=No	_	_	_	_	_	0-9(331)
829-12	PSB130	829	12	forse	forse	_	_	_	_	_	linguistic	_	ContainsVariation=No	_	_	_	_	_	_
829-13	PSB130	829	13	nella	nella	_	_	_	_	_	linguistic	_	ContainsVariation=No	_	_	_	_	_	_
829-14	PSB130	829	14	cucina	cucina	_	_	_	_	_	linguistic	_	ContainsVariation=No	_	_	_	_	_	_
829-15	PSB130	829	15	italiana	italiana	_	_	_	_	_	linguistic	_	ContainsVariation=No	_	End=1165.95	_	_	_	_
830-0	PSB130	830	0	[c(io)è	cioè	_	_	_	_	_	linguistic	_	ContainsVariation=No	Reduced=Yes	Begin=1166.032	_	_	_	0-4(334)
830-1	PSB130	830	1	l'	l'	_	_	_	_	_	linguistic	_	ContainsVariation=No	SpaceAfter=No	_	_	_	_	0-2(334)
830-2	PSB130	830	2	a]spro	aspro	_	_	_	_	_	linguistic	_	ContainsVariation=No	_	_	_	_	_	0-1(334)
830-3	PSB130	830	3	è	è	_	_	_	_	_	linguistic	_	ContainsVariation=No	_	_	_	_	_	_
830-4	PSB130	830	4	più	più	_	_	_	_	_	linguistic	_	ContainsVariation=No	_	_	_	_	_	_
830-5	PSB130	830	5	nel	nel	_	_	_	_	_	linguistic	_	ContainsVariation=No	_	_	_	_	_	_
830-6	PSB130	830	6	dolce	dolce	_	_	_	_	_	linguistic	_	ContainsVariation=No	_	_	_	_	_	_
830-7	PSB130	830	7	m~	m~	_	_	_	_	_	linguistic	_	ContainsVariation=No	Interrupted=Yes	_	_	_	_	_
830-8	PSB130	830	8	[nel	nel	_	_	_	_	_	linguistic	_	ContainsVariation=No	_	_	_	_	_	0-3(332)
830-9	PSB130	830	9	dol]ce	dolce	_	_	_	_	_	linguistic	_	ContainsVariation=No	_	_	_	_	_	0-3(332)
830-10	PSB130	830	10	perché	perché	_	_	_	_	_	linguistic	_	ContainsVariation=No	_	_	_	_	_	_
830-11	PSB130	830	11	si	si	_	_	_	_	_	linguistic	_	ContainsVariation=No	_	_	_	_	_	_
830-12	PSB130	830	12	usa	usa	_	_	_	_	_	linguistic	_	ContainsVariation=No	_	_	_	_	_	_
830-13	PSB130	830	13	tanto	tanto	_	_	_	_	_	linguistic	_	ContainsVariation=No	_	_	_	_	_	_
830-14	PSB130	830	14	il	il	_	_	_	_	_	linguistic	_	ContainsVariation=No	_	_	_	_	_	_
830-15	PSB130	830	15	li[mone],	limone	_	_	_	_	_	linguistic	_	ContainsVariation=No	Intonation=WeaklyRising	End=1169.674	_	_	_	1-6(333)
831-0	PSB036	831	0	[ma]	ma	_	_	_	_	_	linguistic	_	ContainsVariation=No	_	Begin=1166.053|End=1166.361	_	_	_	0-2(334)
832-0	PSB036	832	0	[mh]	mh	_	_	_	_	_	linguistic	_	ContainsVariation=No	_	Begin=1167.766|End=1168.151	_	_	_	0-2(332)
833-0	PSB086	833	0	[ma	ma	_	_	_	_	_	linguistic	_	ContainsVariation=No	_	Begin=1169.394	_	_	_	0-2(?)
833-1	PSB086	833	1	ques]to	questo	_	_	_	_	_	linguistic	_	ContainsVariation=No	_	_	_	_	_	0-4(?)
833-2	PSB086	833	2	dev'	dev'	_	_	_	_	_	linguistic	_	ContainsVariation=No	SpaceAfter=No	_	_	_	_	_
833-3	PSB086	833	3	essere	essere	_	_	_	_	_	linguistic	_	ContainsVariation=No	_	_	_	_	_	_
833-4	PSB086	833	4	buono	buono	_	_	_	_	_	linguistic	_	ContainsVariation=No	_	_	_	_	_	_
833-5	PSB086	833	5	buono	buono	_	_	_	_	_	linguistic	_	ContainsVariation=No	_	_	_	_	_	_
833-6	PSB086	833	6	[buono	buono	_	_	_	_	_	linguistic	_	ContainsVariation=No	_	_	_	_	_	0-5(?)
833-7	PSB086	833	7	costine	costine	_	_	_	_	_	linguistic	_	ContainsVariation=No	_	_	_	_	_	0-7(?)
833-8	PSB086	833	8	con	con	_	_	_	_	_	linguistic	_	ContainsVariation=No	_	_	_	_	_	0-3(?)
833-9	PSB086	833	9	verza],	verza	_	_	_	_	_	linguistic	_	ContainsVariation=No	Intonation=WeaklyRising	End=1173.031	_	_	_	0-5(?)
834-0	PSB129	834	0	[eh]	eh	_	_	_	_	_	linguistic	_	ContainsVariation=No	_	Begin=1171.128|End=1171.435	_	_	_	0-2(335)
835-0	PSB036	835	0	[ma	ma	_	_	_	_	_	linguistic	_	ContainsVariation=No	_	Begin=1171.681	_	_	_	0-2(336)
835-1	PSB036	835	1	anche	anche	_	_	_	_	_	linguistic	_	ContainsVariation=No	_	_	_	_	_	0-5(336)
835-2	PSB036	835	2	quelli	quelli	_	_	_	_	_	linguistic	_	ContainsVariation=No	_	_	_	_	_	0-6(336)
835-3	PSB036	835	3	che	che	_	_	_	_	_	linguistic	_	ContainsVariation=No	_	_	_	_	_	0-3(336)
835-4	PSB036	835	4	dicevate]	dicevate	_	_	_	_	_	linguistic	_	ContainsVariation=No	_	_	_	_	_	0-8(336)
835-5	PSB036	835	5	gli	gli	_	_	_	_	_	linguistic	_	ContainsVariation=No	_	_	_	_	_	_
835-6	PSB036	835	6	involtini	involtini	_	_	_	_	_	linguistic	_	ContainsVariation=No	_	_	_	_	_	_
835-7	PSB036	835	7	con	con	_	_	_	_	_	linguistic	_	ContainsVariation=No	_	_	_	_	_	_
835-8	PSB036	835	8	la	la	_	_	_	_	_	linguistic	_	ContainsVariation=No	_	_	_	_	_	_
835-9	PSB036	835	9	verza	verza	_	_	_	_	_	linguistic	_	ContainsVariation=No	_	_	_	_	_	_
835-10	PSB036	835	10	voi	voi	_	_	_	_	_	linguistic	_	ContainsVariation=No	_	_	_	_	_	_
835-11	PSB036	835	11	cosa	cosa	_	_	_	_	_	linguistic	_	ContainsVariation=No	_	_	_	_	_	_
835-12	PSB036	835	12	ci	ci	_	_	_	_	_	linguistic	_	ContainsVariation=No	_	_	_	_	_	_
835-13	PSB036	835	13	mettete	mettete	_	_	_	_	_	linguistic	_	ContainsVariation=No	_	_	_	_	_	_
835-14	PSB036	835	14	perché	perché	_	_	_	_	_	linguistic	_	ContainsVariation=No	_	_	_	_	_	_
835-15	PSB036	835	15	anche	anche	_	_	_	_	_	linguistic	_	ContainsVariation=No	_	_	_	_	_	_
835-16	PSB036	835	16	a	a	_	_	_	_	_	linguistic	_	ContainsVariation=No	_	_	_	_	_	_
835-17	PSB036	835	17	bergamo	bergamo	_	_	_	_	_	linguistic	_	ContainsVariation=No	_	_	_	_	_	_
835-18	PSB036	835	18	facciamo	facciamo	_	_	_	_	_	linguistic	_	ContainsVariation=No	_	_	_	_	_	_
835-19	PSB036	835	19	gli	gli	_	_	_	_	_	linguistic	_	ContainsVariation=No	_	_	_	_	_	_
835-20	PSB036	835	20	involtini	involtini	_	_	_	_	_	linguistic	_	ContainsVariation=No	_	_	_	_	_	_
835-21	PSB036	835	21	con	con	_	_	_	_	_	linguistic	_	ContainsVariation=No	_	_	_	_	_	_
835-22	PSB036	835	22	la	la	_	_	_	_	_	linguistic	_	ContainsVariation=No	_	_	_	_	_	_
835-23	PSB036	835	23	verza	verza	_	_	_	_	_	linguistic	_	ContainsVariation=No	_	End=1177.436	_	_	_	_
836-0	PSB128	836	0	[involtini	involtini	_	_	_	_	_	linguistic	_	ContainsVariation=No	PauseAfter=Yes	Begin=1178.08	_	_	_	0-9(337)
836-1	PSB128	836	1	(.)	(.)	_	_	_	_	_	shortpause	_	ContainsVariation=No	_	_	_	_	_	X(337)
836-2	PSB128	836	2	mettiamo	mettiamo	_	_	_	_	_	linguistic	_	ContainsVariation=No	_	_	_	_	_	0-8(337)
836-3	PSB128	836	3	xx	xx	_	_	_	_	_	unknown	_	ContainsVariation=No	PauseAfter=Yes|Syllables=2	_	_	_	_	0-2(337)
836-4	PSB128	836	4	(.)	(.)	_	_	_	_	_	shortpause	_	ContainsVariation=No	_	_	_	_	_	X(337)
836-5	PSB128	836	5	ri]so,	riso	_	_	_	_	_	linguistic	_	ContainsVariation=No	Intonation=WeaklyRising	End=1181.501	_	_	_	0-2(337)
837-0	PSB086	837	0	carne	carne	_	_	_	_	_	linguistic	_	ContainsVariation=No	_	Begin=1178.489	_	_	_	_
837-1	PSB086	837	1	maci[nata	macinata	_	_	_	_	_	linguistic	_	ContainsVariation=No	_	_	_	_	_	4-8(337)
837-2	PSB086	837	2	eh	eh	_	_	_	_	_	linguistic	_	ContainsVariation=No	_	_	_	_	_	0-2(337)
837-3	PSB086	837	3	poi	poi	_	_	_	_	_	linguistic	_	ContainsVariation=No	_	_	_	_	_	0-3(337)
837-4	PSB086	837	4	soffritto]	soffritto	_	_	_	_	_	linguistic	_	ContainsVariation=No	_	End=1180.991	_	_	_	0-9(337)
838-0	PSB086	838	0	riso	riso	_	_	_	_	_	linguistic	_	ContainsVariation=No	_	Begin=1181.479|End=1182.049	_	_	_	_
839-0	PSB128	839	0	ris[o	riso	_	_	_	_	_	linguistic	_	ContainsVariation=No	_	Begin=1182.245	_	_	_	3-4(430)
839-1	PSB128	839	1	carne	carne	_	_	_	_	_	linguistic	_	ContainsVariation=No	_	_	_	_	_	0-5(430)
839-2	PSB128	839	2	macinato]	macinato	_	_	_	_	_	linguistic	_	ContainsVariation=No	_	End=1184.23	_	_	_	0-8(430)
840-0	PSB086	840	0	[crudo	crudo	_	_	_	_	_	linguistic	_	ContainsVariation=No	PauseAfter=Yes	Begin=1182.649	_	_	_	0-5(430)
840-1	PSB086	840	1	(.)	(.)	_	_	_	_	_	shortpause	_	ContainsVariation=No	_	_	_	_	_	X(430)
840-2	PSB086	840	2	crudo]	crudo	_	_	_	_	_	linguistic	_	ContainsVariation=No	_	End=1184.231	_	_	_	0-5(430)
841-0	PSB036	841	0	[eh	eh	_	_	_	_	_	linguistic	_	ContainsVariation=No	_	Begin=1182.83	_	_	_	0-2(430)
841-1	PSB036	841	1	sì]	sì	_	_	_	_	_	linguistic	_	ContainsVariation=No	_	End=1183.493	_	_	_	0-2(430)
842-0	PSB128	842	0	con	con	_	_	_	_	_	linguistic	_	ContainsVariation=No	_	Begin=1184.798	_	_	_	_
842-1	PSB128	842	1	la:	la	_	_	_	_	_	linguistic	_	ContainsVariation=No	_	_	1x1	_	_	_
842-2	PSB128	842	2	eh	eh	_	_	_	_	_	linguistic	_	ContainsVariation=No	_	_	_	_	_	_
842-3	PSB128	842	3	cipolla	cipolla	_	_	_	_	_	linguistic	_	ContainsVariation=No	_	_	_	_	_	_
842-4	PSB128	842	4	con	con	_	_	_	_	_	linguistic	_	ContainsVariation=No	_	_	_	_	_	_
842-5	PSB128	842	5	e:h	eh	_	_	_	_	_	linguistic	_	ContainsVariation=No	_	_	0x1	_	_	_
842-6	PSB128	842	6	un	un	_	_	_	_	_	linguistic	_	ContainsVariation=No	_	_	_	_	_	_
842-7	PSB128	842	7	po'	po'	_	_	_	_	_	linguistic	_	ContainsVariation=No	_	_	_	_	_	_
842-8	PSB128	842	8	di	di	_	_	_	_	_	linguistic	_	ContainsVariation=No	_	_	_	_	_	_
842-9	PSB128	842	9	pepe	pepe	_	_	_	_	_	linguistic	_	ContainsVariation=No	_	_	_	_	_	_
842-10	PSB128	842	10	s~	s~	_	_	_	_	_	linguistic	_	ContainsVariation=No	Interrupted=Yes	_	_	_	_	_
842-11	PSB128	842	11	eh	eh	_	_	_	_	_	linguistic	_	ContainsVariation=No	_	_	_	_	_	_
842-12	PSB128	842	12	sale,	sale	_	_	_	_	_	linguistic	_	ContainsVariation=No	Intonation=WeaklyRising	End=1189.734	_	_	_	_
843-0	PSB036	843	0	mhmh	mhmh	_	_	_	_	_	linguistic	_	ContainsVariation=No	_	Begin=1189.787|End=1190.09	_	_	_	_
844-0	PSB086	844	0	[°carote	carote	_	_	_	_	_	linguistic	_	ContainsVariation=No	Volume=low	Begin=1190.096	_	_	_	0-6(339)
844-1	PSB086	844	1	sì°]	sì	_	_	_	_	_	linguistic	_	ContainsVariation=No	Volume=low	End=1190.962	_	_	_	0-2(339)
845-0	PSB128	845	0	[deve	deve	_	_	_	_	_	linguistic	_	ContainsVariation=No	_	Begin=1190.128	_	_	_	0-4(339)
845-1	PSB128	845	1	essere]	essere	_	_	_	_	_	linguistic	_	ContainsVariation=No	_	_	_	_	_	0-6(339)
845-2	PSB128	845	2	la	la	_	_	_	_	_	linguistic	_	ContainsVariation=No	_	_	_	_	_	_
845-3	PSB128	845	3	carota	carota	_	_	_	_	_	linguistic	_	ContainsVariation=No	_	_	_	_	_	_
845-4	PSB128	845	4	e:h	eh	_	_	_	_	_	linguistic	_	ContainsVariation=No	_	_	0x1	_	_	_
845-5	PSB128	845	5	[tritata]	tritata	_	_	_	_	_	linguistic	_	ContainsVariation=No	_	End=1193.88	_	_	_	0-7(340)
846-0	PSB086	846	0	[tritata	tritata	_	_	_	_	_	linguistic	_	ContainsVariation=No	_	Begin=1192.894	_	_	_	0-7(340)
846-1	PSB086	846	1	°sì°]	sì	_	_	_	_	_	linguistic	_	ContainsVariation=No	Volume=low	End=1193.87	_	_	_	0-2(340)
847-0	PSB128	847	0	eh	eh	_	_	_	_	_	linguistic	_	ContainsVariation=No	_	Begin=1194.5	_	_	_	_
847-1	PSB128	847	1	tutto	tutto	_	_	_	_	_	linguistic	_	ContainsVariation=No	_	_	_	_	_	_
847-2	PSB128	847	2	insieme	insieme	_	_	_	_	_	linguistic	_	ContainsVariation=No	_	_	_	_	_	_
847-3	PSB128	847	3	e	e	_	_	_	_	_	linguistic	_	ContainsVariation=No	_	_	_	_	_	_
847-4	PSB128	847	4	[poi	poi	_	_	_	_	_	linguistic	_	ContainsVariation=No	_	_	_	_	_	0-3(341)
847-5	PSB128	847	5	si	si	_	_	_	_	_	linguistic	_	ContainsVariation=No	_	_	_	_	_	0-2(341)
847-6	PSB128	847	6	$rimpie]ni	rimpieni	_	_	_	_	_	linguistic	_	ContainsVariation=No|Nonce=Yes	_	End=1197.261	_	_	_	0-7(341)
848-0	PSB036	848	0	[capito]	capito	_	_	_	_	_	linguistic	_	ContainsVariation=No	_	Begin=1196.128|End=1196.901	_	_	_	0-6(341)
849-0	PSB128	849	0	$rimpiene:	rimpiene	_	_	_	_	_	linguistic	_	ContainsVariation=No|Nonce=Yes	_	Begin=1197.745|End=1198.601	7x1	_	_	_
850-0	PSB128	850	0	con	con	_	_	_	_	_	linguistic	_	ContainsVariation=No	_	Begin=1198.83	_	_	_	_
850-1	PSB128	850	1	i::	i	_	_	_	_	_	linguistic	_	ContainsVariation=No	_	End=1200.207	0x2	_	_	_
851-0	PSB086	851	0	x	x	_	_	_	_	_	unknown	_	ContainsVariation=No	Syllables=1	Begin=1201.447	_	_	_	_
851-1	PSB086	851	1	fo[glia]	foglia	_	_	_	_	_	linguistic	_	ContainsVariation=No	_	End=1202.112	_	_	_	2-6(342)
852-0	PSB036	852	0	[con	con	_	_	_	_	_	linguistic	_	ContainsVariation=No	_	Begin=1201.819	_	_	_	0-3(?)
852-1	PSB036	852	1	le	le	_	_	_	_	_	linguistic	_	ContainsVariation=No	_	_	_	_	_	0-2(?)
852-2	PSB036	852	2	fo~	fo~	_	_	_	_	_	linguistic	_	ContainsVariation=No	Interrupted=Yes	_	_	_	_	0-3(?)
852-3	PSB036	852	3	sì	sì	_	_	_	_	_	linguistic	_	ContainsVariation=No	_	_	_	_	_	0-2(?)
852-4	PSB036	852	4	sì	sì	_	_	_	_	_	linguistic	_	ContainsVariation=No	_	_	_	_	_	0-2(?)
852-5	PSB036	852	5	sì]	sì	_	_	_	_	_	linguistic	_	ContainsVariation=No	_	End=1202.887	_	_	_	0-2(?)
853-0	PSB128	853	0	[foglia	foglia	_	_	_	_	_	linguistic	_	ContainsVariation=No	_	Begin=1202.181	_	_	_	0-6(343)
853-1	PSB128	853	1	sì]	sì	_	_	_	_	_	linguistic	_	ContainsVariation=No	_	End=1202.952	_	_	_	0-2(343)
854-0	PSB036	854	0	[ma	ma	_	_	_	_	_	linguistic	_	ContainsVariation=No	_	Begin=1203.894	_	_	_	0-2(344)
854-1	PSB036	854	1	perché]	perché	_	_	_	_	_	linguistic	_	ContainsVariation=No	_	End=1204.454	_	_	_	0-6(344)
855-0	PSB086	855	0	[e	e	_	_	_	_	_	linguistic	_	ContainsVariation=No	_	Begin=1203.904	_	_	_	0-1(344)
855-1	PSB086	855	1	poi]	poi	_	_	_	_	_	linguistic	_	ContainsVariation=No	_	_	_	_	_	0-3(344)
855-2	PSB086	855	2	che	che	_	_	_	_	_	linguistic	_	ContainsVariation=No	_	_	_	_	_	_
855-3	PSB086	855	3	cosa	cosa	_	_	_	_	_	linguistic	_	ContainsVariation=No	_	_	_	_	_	_
855-4	PSB086	855	4	mette[te]?	mettete	_	_	_	_	_	linguistic	_	ContainsVariation=No	Intonation=Rising	End=1205.498	_	_	_	5-7(345)
856-0	PSB036	856	0	[a]llora	allora	_	_	_	_	_	linguistic	_	ContainsVariation=No	_	Begin=1205.372	_	_	_	0-1(345)
856-1	PSB036	856	1	io	io	_	_	_	_	_	linguistic	_	ContainsVariation=No	_	_	_	_	_	_
856-2	PSB036	856	2	prendo	prendo	_	_	_	_	_	linguistic	_	ContainsVariation=No	_	_	_	_	_	_
856-3	PSB036	856	3	la:	la	_	_	_	_	_	linguistic	_	ContainsVariation=No	_	_	1x1	_	_	_
856-4	PSB036	856	4	verza	verza	_	_	_	_	_	linguistic	_	ContainsVariation=No	_	_	_	_	_	_
856-5	PSB036	856	5	o	o	_	_	_	_	_	linguistic	_	ContainsVariation=No	_	_	_	_	_	_
856-6	PSB036	856	6	le	le	_	_	_	_	_	linguistic	_	ContainsVariation=No	_	_	_	_	_	_
856-7	PSB036	856	7	biete	biete	_	_	_	_	_	linguistic	_	ContainsVariation=No	_	End=1207.77	_	_	_	_
857-0	PSB036	857	0	erbe	erbe	_	_	_	_	_	linguistic	_	ContainsVariation=No	_	Begin=1207.947	_	_	_	_
857-1	PSB036	857	1	bianche:	bianche	_	_	_	_	_	linguistic	_	ContainsVariation=No	_	_	6x1	_	_	_
857-2	PSB036	857	2	>così<	così	_	_	_	_	_	linguistic	_	ContainsVariation=No	_	End=1209.428	_	Fast=0-4(0)	_	_
858-0	PSB036	858	0	e::hm	ehm	_	_	_	_	_	linguistic	_	ContainsVariation=No	_	Begin=1209.819	0x2	_	_	_
858-1	PSB036	858	1	e	e	_	_	_	_	_	linguistic	_	ContainsVariation=No	_	_	_	_	_	_
858-2	PSB036	858	2	poi	poi	_	_	_	_	_	linguistic	_	ContainsVariation=No	_	_	_	_	_	_
858-3	PSB036	858	3	faccio	faccio	_	_	_	_	_	linguistic	_	ContainsVariation=No	_	_	_	_	_	_
858-4	PSB036	858	4	ripieno	ripieno	_	_	_	_	_	linguistic	_	ContainsVariation=No	_	_	_	_	_	_
858-5	PSB036	858	5	con	con	_	_	_	_	_	linguistic	_	ContainsVariation=No	_	End=1212.426	_	_	_	_
859-0	PSB036	859	0	e:h	eh	_	_	_	_	_	linguistic	_	ContainsVariation=No	_	Begin=1212.628	0x1	_	_	_
859-1	PSB036	859	1	uovo	uovo	_	_	_	_	_	linguistic	_	ContainsVariation=No	_	_	_	_	_	_
859-2	PSB036	859	2	pangrattato,	pangrattato	_	_	_	_	_	linguistic	_	ContainsVariation=No	Intonation=WeaklyRising	End=1214.308	_	_	_	_
860-0	PSB036	860	0	eh	eh	_	_	_	_	_	linguistic	_	ContainsVariation=No	_	Begin=1214.479	_	_	_	_
860-1	PSB036	860	1	salsiccia,	salsiccia	_	_	_	_	_	linguistic	_	ContainsVariation=No	Intonation=WeaklyRising	End=1215.448	_	_	_	_
861-0	PSB036	861	0	burro	burro	_	_	_	_	_	linguistic	_	ContainsVariation=No	_	Begin=1215.798	_	_	_	_
861-1	PSB036	861	1	fuso,	fuso	_	_	_	_	_	linguistic	_	ContainsVariation=No	Intonation=WeaklyRising|PauseAfter=Yes	_	_	_	_	_
861-2	PSB036	861	2	(.)	(.)	_	_	_	_	_	shortpause	_	ContainsVariation=No	_	_	_	_	_	_
861-3	PSB036	861	3	noce	noce	_	_	_	_	_	linguistic	_	ContainsVariation=No	_	_	_	_	_	_
861-4	PSB036	861	4	moscata,	moscata	_	_	_	_	_	linguistic	_	ContainsVariation=No	Intonation=WeaklyRising	End=1217.785	_	_	_	_
862-0	PSB036	862	0	e:h	eh	_	_	_	_	_	linguistic	_	ContainsVariation=No	_	Begin=1218.479	0x1	_	_	_
862-1	PSB036	862	1	cosa	cosa	_	_	_	_	_	linguistic	_	ContainsVariation=No	_	_	_	_	_	_
862-2	PSB036	862	2	d'	d'	_	_	_	_	_	linguistic	_	ContainsVariation=No	SpaceAfter=No	_	_	_	_	_
862-3	PSB036	862	3	altro?	altro	_	_	_	_	_	linguistic	_	ContainsVariation=No	Intonation=Rising	End=1219.953	_	_	_	_
863-0	PSB036	863	0	un	un	_	_	_	_	_	linguistic	_	ContainsVariation=No	_	Begin=1220.287	_	_	_	_
863-1	PSB036	863	1	po'	po'	_	_	_	_	_	linguistic	_	ContainsVariation=No	_	_	_	_	_	_
863-2	PSB036	863	2	di	di	_	_	_	_	_	linguistic	_	ContainsVariation=No	_	_	_	_	_	_
863-3	PSB036	863	3	formaggio	formaggio	_	_	_	_	_	linguistic	_	ContainsVariation=No	_	End=1221.249	_	_	_	_
864-0	PSB036	864	0	eh	eh	_	_	_	_	_	linguistic	_	ContainsVariation=No	_	Begin=1221.606	_	_	_	_
864-1	PSB036	864	1	grattugia~	grattugia~	_	_	_	_	_	linguistic	_	ContainsVariation=No	Interrupted=Yes	_	_	_	_	_
864-2	PSB036	864	2	grana	grana	_	_	_	_	_	linguistic	_	ContainsVariation=No	_	End=1222.79	_	_	_	_
865-0	PSB036	865	0	e::h	eh	_	_	_	_	_	linguistic	_	ContainsVariation=No	_	Begin=1223.298	0x2	_	_	_
865-1	PSB036	865	1	e	e	_	_	_	_	_	linguistic	_	ContainsVariation=No	_	_	_	_	_	_
865-2	PSB036	865	2	poi	poi	_	_	_	_	_	linguistic	_	ContainsVariation=No	_	_	_	_	_	_
865-3	PSB036	865	3	riempio	riempio	_	_	_	_	_	linguistic	_	ContainsVariation=No	_	_	_	_	_	_
865-4	PSB036	865	4	appunto	appunto	_	_	_	_	_	linguistic	_	ContainsVariation=No	_	_	_	_	_	_
865-5	PSB036	865	5	le	le	_	_	_	_	_	linguistic	_	ContainsVariation=No	_	_	_	_	_	_
865-6	PSB036	865	6	foglie	foglie	_	_	_	_	_	linguistic	_	ContainsVariation=No	_	_	_	_	_	_
865-7	PSB036	865	7	faccio	faccio	_	_	_	_	_	linguistic	_	ContainsVariation=No	_	_	_	_	_	_
865-8	PSB036	865	8	il	il	_	_	_	_	_	linguistic	_	ContainsVariation=No	_	_	_	_	_	_
865-9	PSB036	865	9	li	li	_	_	_	_	_	linguistic	_	ContainsVariation=No	_	_	_	_	_	_
865-10	PSB036	865	10	avvolgo	avvolgo	_	_	_	_	_	linguistic	_	ContainsVariation=No	_	_	_	_	_	_
865-11	PSB036	865	11	col	col	_	_	_	_	_	linguistic	_	ContainsVariation=No	_	_	_	_	_	_
865-12	PSB036	865	12	con	con	_	_	_	_	_	linguistic	_	ContainsVariation=No	_	_	_	_	_	_
865-13	PSB036	865	13	lo	lo	_	_	_	_	_	linguistic	_	ContainsVariation=No	_	_	_	_	_	_
865-14	PSB036	865	14	spago	spago	_	_	_	_	_	linguistic	_	ContainsVariation=No	_	End=1228.025	_	_	_	_
866-0	PSB036	866	0	e	e	_	_	_	_	_	linguistic	_	ContainsVariation=No	_	Begin=1228.745	_	_	_	_
866-1	PSB036	866	1	poi	poi	_	_	_	_	_	linguistic	_	ContainsVariation=No	_	_	_	_	_	_
866-2	PSB036	866	2	le	le	_	_	_	_	_	linguistic	_	ContainsVariation=No	_	_	_	_	_	_
866-3	PSB036	866	3	faccio	faccio	_	_	_	_	_	linguistic	_	ContainsVariation=No	_	_	_	_	_	_
866-4	PSB036	866	4	rosolare	rosolare	_	_	_	_	_	linguistic	_	ContainsVariation=No	_	_	_	_	_	_
866-5	PSB036	866	5	magari	magari	_	_	_	_	_	linguistic	_	ContainsVariation=No	_	_	_	_	_	_
866-6	PSB036	866	6	con	con	_	_	_	_	_	linguistic	_	ContainsVariation=No	_	_	_	_	_	_
866-7	PSB036	866	7	un	un	_	_	_	_	_	linguistic	_	ContainsVariation=No	_	_	_	_	_	_
866-8	PSB036	866	8	po'	po'	_	_	_	_	_	linguistic	_	ContainsVariation=No	_	_	_	_	_	_
866-9	PSB036	866	9	di	di	_	_	_	_	_	linguistic	_	ContainsVariation=No	_	_	_	_	_	_
866-10	PSB036	866	10	pomodoro	pomodoro	_	_	_	_	_	linguistic	_	ContainsVariation=No	_	_	_	_	_	_
866-11	PSB036	866	11	fuori	fuori	_	_	_	_	_	linguistic	_	ContainsVariation=No	_	End=1231.348	_	_	_	_
867-0	PSB036	867	0	e	e	_	_	_	_	_	linguistic	_	ContainsVariation=No	_	Begin=1231.872	_	_	_	_
867-1	PSB036	867	1	così	così	_	_	_	_	_	linguistic	_	ContainsVariation=No	_	_	_	_	_	_
867-2	PSB036	867	2	anche	anche	_	_	_	_	_	linguistic	_	ContainsVariation=No	_	_	_	_	_	_
867-3	PSB036	867	3	lì	lì	_	_	_	_	_	linguistic	_	ContainsVariation=No	_	_	_	_	_	_
867-4	PSB036	867	4	con	con	_	_	_	_	_	linguistic	_	ContainsVariation=No	_	_	_	_	_	_
867-5	PSB036	867	5	pancetta	pancetta	_	_	_	_	_	linguistic	_	ContainsVariation=No	_	_	_	_	_	_
867-6	PSB036	867	6	burro	burro	_	_	_	_	_	linguistic	_	ContainsVariation=No	_	_	_	_	_	_
867-7	PSB036	867	7	tanto	tanto	_	_	_	_	_	linguistic	_	ContainsVariation=No	_	_	_	_	_	_
867-8	PSB036	867	8	burro	burro	_	_	_	_	_	linguistic	_	ContainsVariation=No	_	_	_	_	_	_
867-9	PSB036	867	9	((ride))	((ride))	_	_	_	_	_	nonverbalbehavior	_	ContainsVariation=No	_	End=1236.097	_	_	_	_
868-0	PSB128	868	0	no	no	_	_	_	_	_	linguistic	_	ContainsVariation=No	_	Begin=1235.83	_	_	_	_
868-1	PSB128	868	1	burro	burro	_	_	_	_	_	linguistic	_	ContainsVariation=No	_	_	_	_	_	_
868-2	PSB128	868	2	non	non	_	_	_	_	_	linguistic	_	ContainsVariation=No	_	_	_	_	_	_
868-3	PSB128	868	3	serve	serve	_	_	_	_	_	linguistic	_	ContainsVariation=No	_	_	_	_	_	_
868-4	PSB128	868	4	[tanto]	tanto	_	_	_	_	_	linguistic	_	ContainsVariation=No	_	End=1237.417	_	_	_	0-5(431)
869-0	PSB086	869	0	[ma	ma	_	_	_	_	_	linguistic	_	ContainsVariation=No	_	Begin=1236.947	_	_	_	0-2(431)
869-1	PSB086	869	1	rosolare]	rosolare	_	_	_	_	_	linguistic	_	ContainsVariation=No	_	_	_	_	_	0-8(431)
869-2	PSB086	869	2	perciò	perciò	_	_	_	_	_	linguistic	_	ContainsVariation=No	_	_	_	_	_	_
869-3	PSB086	869	3	in	in	_	_	_	_	_	linguistic	_	ContainsVariation=No	_	_	_	_	_	_
869-4	PSB086	869	4	padella?	padella	_	_	_	_	_	linguistic	_	ContainsVariation=No	Intonation=Rising	End=1239.034	_	_	_	_
870-0	PSB036	870	0	[burro	burro	_	_	_	_	_	linguistic	_	ContainsVariation=No	_	Begin=1237.075	_	_	_	0-5(431)
870-1	PSB036	870	1	se~]	se~	_	_	_	_	_	linguistic	_	ContainsVariation=No	Interrupted=Yes	End=1237.632	_	_	_	0-3(431)
871-0	PSB036	871	0	sì	sì	_	_	_	_	_	linguistic	_	ContainsVariation=No	_	Begin=1239.064|End=1239.376	_	_	_	_
872-0	PSB086	872	0	a:h	ah	_	_	_	_	_	linguistic	_	ContainsVariation=No	PauseAfter=Yes	Begin=1239.723	0x1	_	_	_
872-1	PSB086	872	1	(.)	(.)	_	_	_	_	_	shortpause	_	ContainsVariation=No	_	_	_	_	_	_
872-2	PSB086	872	2	(pazzesco)	pazzesco	_	_	_	_	_	linguistic	_	ContainsVariation=No	_	End=1241.435	_	_	0-8(0)	_
873-0	PSB036	873	0	SÌ	sì	_	_	_	_	_	linguistic	_	ContainsVariation=No	Volume=high	Begin=1242.287	_	_	_	_
873-1	PSB036	873	1	SÌ	sì	_	_	_	_	_	linguistic	_	ContainsVariation=No	Volume=high	_	_	_	_	_
873-2	PSB036	873	2	SÌ	sì	_	_	_	_	_	linguistic	_	ContainsVariation=No	Volume=high	_	_	_	_	_
873-3	PSB036	873	3	PERCHÉ	perché	_	_	_	_	_	linguistic	_	ContainsVariation=No	Volume=high	_	_	_	_	_
873-4	PSB036	873	4	POI	poi	_	_	_	_	_	linguistic	_	ContainsVariation=No	Volume=high	_	_	_	_	_
873-5	PSB036	873	5	[SÌ	sì	_	_	_	_	_	linguistic	_	ContainsVariation=No	Volume=high	_	_	_	_	0-2(347)
873-6	PSB036	873	6	DIVENTA:]	diventa	_	_	_	_	_	linguistic	_	ContainsVariation=No	Volume=high	End=1244.298	6x1	_	_	0-7(347)
874-0	PSB086	874	0	[la	la	_	_	_	_	_	linguistic	_	ContainsVariation=No	_	Begin=1243.277	_	_	_	0-2(347)
874-1	PSB086	874	1	tagli	tagli	_	_	_	_	_	linguistic	_	ContainsVariation=No	_	_	_	_	_	0-5(347)
874-2	PSB086	874	2	in]	in	_	_	_	_	_	linguistic	_	ContainsVariation=No	_	_	_	_	_	0-2(347)
874-3	PSB086	874	3	pentola	pentola	_	_	_	_	_	linguistic	_	ContainsVariation=No	_	End=1244.949	_	_	_	_
875-0	PSB036	875	0	sì	sì	_	_	_	_	_	linguistic	_	ContainsVariation=No	_	Begin=1244.968	_	_	_	_
875-1	PSB036	875	1	perché	perché	_	_	_	_	_	linguistic	_	ContainsVariation=No	_	_	_	_	_	_
875-2	PSB036	875	2	diventa	diventa	_	_	_	_	_	linguistic	_	ContainsVariation=No	_	_	_	_	_	_
875-3	PSB036	875	3	croccante	croccante	_	_	_	_	_	linguistic	_	ContainsVariation=No	_	_	_	_	_	_
875-4	PSB036	875	4	poi	poi	_	_	_	_	_	linguistic	_	ContainsVariation=No	_	_	_	_	_	_
875-5	PSB036	875	5	la	la	_	_	_	_	_	linguistic	_	ContainsVariation=No	_	_	_	_	_	_
875-6	PSB036	875	6	verza	verza	_	_	_	_	_	linguistic	_	ContainsVariation=No	_	_	_	_	_	_
875-7	PSB036	875	7	fuori	fuori	_	_	_	_	_	linguistic	_	ContainsVariation=No	_	End=1247.461	_	_	_	_
876-0	PSB036	876	0	cioè	cioè	_	_	_	_	_	linguistic	_	ContainsVariation=No	_	Begin=1247.681	_	_	_	_
876-1	PSB036	876	1	se	se	_	_	_	_	_	linguistic	_	ContainsVariation=No	_	_	_	_	_	_
876-2	PSB036	876	2	la	la	_	_	_	_	_	linguistic	_	ContainsVariation=No	_	_	_	_	_	_
876-3	PSB036	876	3	fai	fai	_	_	_	_	_	linguistic	_	ContainsVariation=No	_	_	_	_	_	_
876-4	PSB036	876	4	cuocere	cuocere	_	_	_	_	_	linguistic	_	ContainsVariation=No	_	_	_	_	_	_
876-5	PSB036	876	5	nel	nel	_	_	_	_	_	linguistic	_	ContainsVariation=No	_	_	_	_	_	_
876-6	PSB036	876	6	burro	burro	_	_	_	_	_	linguistic	_	ContainsVariation=No	_	_	_	_	_	_
876-7	PSB036	876	7	diventa	diventa	_	_	_	_	_	linguistic	_	ContainsVariation=No	_	_	_	_	_	_
876-8	PSB036	876	8	croccante	croccante	_	_	_	_	_	linguistic	_	ContainsVariation=No	_	End=1249.876	_	_	_	_
877-0	PSB036	877	0	bella	bella	_	_	_	_	_	linguistic	_	ContainsVariation=No	_	Begin=1250.511	_	_	_	_
877-1	PSB036	877	1	saporita	saporita	_	_	_	_	_	linguistic	_	ContainsVariation=No	_	End=1251.493	_	_	_	_
878-0	PSB036	878	0	e::h	eh	_	_	_	_	_	linguistic	_	ContainsVariation=No	_	Begin=1252.851|End=1253.929	0x2	_	_	_
879-0	PSB036	879	0	ma	ma	_	_	_	_	_	linguistic	_	ContainsVariation=No	_	Begin=1254.67	_	_	_	_
879-1	PSB036	879	1	ti	ti	_	_	_	_	_	linguistic	_	ContainsVariation=No	_	_	_	_	_	_
879-2	PSB036	879	2	dicevo	dicevo	_	_	_	_	_	linguistic	_	ContainsVariation=No	_	_	_	_	_	_
879-3	PSB036	879	3	gli	gli	_	_	_	_	_	linguistic	_	ContainsVariation=No	_	_	_	_	_	_
879-4	PSB036	879	4	involtini	involtini	_	_	_	_	_	linguistic	_	ContainsVariation=No	_	_	_	_	_	_
879-5	PSB036	879	5	con	con	_	_	_	_	_	linguistic	_	ContainsVariation=No	_	_	_	_	_	_
879-6	PSB036	879	6	la	la	_	_	_	_	_	linguistic	_	ContainsVariation=No	_	_	_	_	_	_
879-7	PSB036	879	7	verza	verza	_	_	_	_	_	linguistic	_	ContainsVariation=No	_	End=1256.464	_	_	_	_
880-0	PSB086	880	0	abbiamo	abbiamo	_	_	_	_	_	linguistic	_	ContainsVariation=No	_	Begin=1256.511	_	_	_	_
880-1	PSB086	880	1	capito	capito	_	_	_	_	_	linguistic	_	ContainsVariation=No	_	_	_	_	_	_
880-2	PSB086	880	2	che	che	_	_	_	_	_	linguistic	_	ContainsVariation=No	_	_	_	_	_	_
880-3	PSB086	880	3	a	a	_	_	_	_	_	linguistic	_	ContainsVariation=No	_	_	_	_	_	_
880-4	PSB086	880	4	bergamo	bergamo	_	_	_	_	_	linguistic	_	ContainsVariation=No	_	_	_	_	_	_
880-5	PSB086	880	5	eh	eh	_	_	_	_	_	linguistic	_	ContainsVariation=No	_	_	_	_	_	_
880-6	PSB086	880	6	esame	esame	_	_	_	_	_	linguistic	_	ContainsVariation=No	_	_	_	_	_	_
880-7	PSB086	880	7	del	del	_	_	_	_	_	linguistic	_	ContainsVariation=No	_	_	_	_	_	_
880-8	PSB086	880	8	sangue	sangue	_	_	_	_	_	linguistic	_	ContainsVariation=No	_	_	_	_	_	_
880-9	PSB086	880	9	non	non	_	_	_	_	_	linguistic	_	ContainsVariation=No	_	_	_	_	_	_
880-10	PSB086	880	10	fa	fa	_	_	_	_	_	linguistic	_	ContainsVariation=No	_	_	_	_	_	_
880-11	PSB086	880	11	nessuno	nessuno	_	_	_	_	_	linguistic	_	ContainsVariation=No	_	_	_	_	_	_
880-12	PSB086	880	12	perché	perché	_	_	_	_	_	linguistic	_	ContainsVariation=No	_	_	_	_	_	_
880-13	PSB086	880	13	col	col	_	_	_	_	_	linguistic	_	ContainsVariation=No	_	_	_	_	_	_
880-14	PSB086	880	14	colesterolo	colesterolo	_	_	_	_	_	linguistic	_	ContainsVariation=No	_	_	_	_	_	_
880-15	PSB086	880	15	((ride))	((ride))	_	_	_	_	_	nonverbalbehavior	_	ContainsVariation=No	_	_	_	_	_	_
880-16	PSB086	880	16	alle	alle	_	_	_	_	_	linguistic	_	ContainsVariation=No	_	_	_	_	_	_
880-17	PSB086	880	17	stelle	stelle	_	_	_	_	_	linguistic	_	ContainsVariation=No	_	_	_	_	_	_
880-18	PSB086	880	18	((ride))	((ride))	_	_	_	_	_	nonverbalbehavior	_	ContainsVariation=No	_	End=1264.052	_	_	_	_
881-0	PSB130	881	0	((ride))	((ride))	_	_	_	_	_	nonverbalbehavior	_	ContainsVariation=No	_	Begin=1260.255|End=1261.638	_	_	_	_
882-0	PSB036	882	0	sì	sì	_	_	_	_	_	linguistic	_	ContainsVariation=No	_	Begin=1262.638	_	_	_	_
882-1	PSB036	882	1	sì	sì	_	_	_	_	_	linguistic	_	ContainsVariation=No	_	_	_	_	_	_
882-2	PSB036	882	2	infatti:	infatti	_	_	_	_	_	linguistic	_	ContainsVariation=No	_	End=1264.025	6x1	_	_	_
883-0	PSB036	883	0	esa~	esa~	_	_	_	_	_	linguistic	_	ContainsVariation=No	Interrupted=Yes	Begin=1264.255	_	_	_	_
883-1	PSB036	883	1	anche	anche	_	_	_	_	_	linguistic	_	ContainsVariation=No	_	_	_	_	_	_
883-2	PSB036	883	2	adesso	adesso	_	_	_	_	_	linguistic	_	ContainsVariation=No	_	_	_	_	_	_
883-3	PSB036	883	3	che	che	_	_	_	_	_	linguistic	_	ContainsVariation=No	_	_	_	_	_	_
883-4	PSB036	883	4	a	a	_	_	_	_	_	linguistic	_	ContainsVariation=No	_	_	_	_	_	_
883-5	PSB036	883	5	natale	natale	_	_	_	_	_	linguistic	_	ContainsVariation=No	_	_	_	_	_	_
883-6	PSB036	883	6	esami	esami	_	_	_	_	_	linguistic	_	ContainsVariation=No	_	_	_	_	_	_
883-7	PSB036	883	7	prima	prima	_	_	_	_	_	linguistic	_	ContainsVariation=No	_	_	_	_	_	_
883-8	PSB036	883	8	di	di	_	_	_	_	_	linguistic	_	ContainsVariation=No	_	_	_	_	_	_
883-9	PSB036	883	9	natale	natale	_	_	_	_	_	linguistic	_	ContainsVariation=No	_	_	_	_	_	_
883-10	PSB036	883	10	dopo	dopo	_	_	_	_	_	linguistic	_	ContainsVariation=No	_	_	_	_	_	_
883-11	PSB036	883	11	non	non	_	_	_	_	_	linguistic	_	ContainsVariation=No	_	_	_	_	_	_
883-12	PSB036	883	12	si	si	_	_	_	_	_	linguistic	_	ContainsVariation=No	_	_	_	_	_	_
883-13	PSB036	883	13	fanno	fanno	_	_	_	_	_	linguistic	_	ContainsVariation=No	_	_	_	_	_	_
883-14	PSB036	883	14	per	per	_	_	_	_	_	linguistic	_	ContainsVariation=No	_	_	_	_	_	_
883-15	PSB036	883	15	un	un	_	_	_	_	_	linguistic	_	ContainsVariation=No	_	_	_	_	_	_
883-16	PSB036	883	16	mesetto	mesetto	_	_	_	_	_	linguistic	_	ContainsVariation=No	_	_	_	_	_	_
883-17	PSB036	883	17	perché	perché	_	_	_	_	_	linguistic	_	ContainsVariation=No	_	_	_	_	_	_
883-18	PSB036	883	18	non	non	_	_	_	_	_	linguistic	_	ContainsVariation=No	_	End=1269.895	_	_	_	_
884-0	PSB130	884	0	((ride))	((ride))	_	_	_	_	_	nonverbalbehavior	_	ContainsVariation=No	_	Begin=1267.84|End=1270.013	_	_	_	_
885-0	PSB086	885	0	((ride))	((ride))	_	_	_	_	_	nonverbalbehavior	_	ContainsVariation=No	_	Begin=1269.895|End=1271.261	_	_	_	_
886-0	PSB128	886	0	poi	poi	_	_	_	_	_	linguistic	_	ContainsVariation=No	_	Begin=1270.83	_	_	_	_
886-1	PSB128	886	1	dopo	dopo	_	_	_	_	_	linguistic	_	ContainsVariation=No	_	_	_	_	_	_
886-2	PSB128	886	2	dimagriscono	dimagriscono	_	_	_	_	_	linguistic	_	ContainsVariation=No	_	End=1272.729	_	_	_	_
887-0	PSB086	887	0	colesterolo	colesterolo	_	_	_	_	_	linguistic	_	ContainsVariation=No	_	Begin=1273.415|End=1274.392	_	_	_	_
888-0	PSB036	888	0	sì	sì	_	_	_	_	_	linguistic	_	ContainsVariation=No	_	Begin=1277.553	_	_	_	_
888-1	PSB036	888	1	sì	sì	_	_	_	_	_	linguistic	_	ContainsVariation=No	_	_	_	_	_	_
888-2	PSB036	888	2	sì	sì	_	_	_	_	_	linguistic	_	ContainsVariation=No	_	_	_	_	_	_
888-3	PSB036	888	3	troppo	troppo	_	_	_	_	_	linguistic	_	ContainsVariation=No	_	_	_	_	_	_
888-4	PSB036	888	4	a	a	_	_	_	_	_	linguistic	_	ContainsVariation=No	_	_	_	_	_	_
888-5	PSB036	888	5	volte	volte	_	_	_	_	_	linguistic	_	ContainsVariation=No	_	_	_	_	_	_
888-6	PSB036	888	6	troppo	troppo	_	_	_	_	_	linguistic	_	ContainsVariation=No	_	_	_	_	_	_
888-7	PSB036	888	7	burro	burro	_	_	_	_	_	linguistic	_	ContainsVariation=No	_	_	_	_	_	_
888-8	PSB036	888	8	effettivamente	effettivamente	_	_	_	_	_	linguistic	_	ContainsVariation=No	_	_	_	_	_	_
888-9	PSB036	888	9	°però°	però	_	_	_	_	_	linguistic	_	ContainsVariation=No	Volume=low	End=1280.863	_	_	_	_
889-0	PSB128	889	0	°no	no	_	_	_	_	_	linguistic	_	ContainsVariation=No	Volume=low	Begin=1280.863	_	_	_	_
889-1	PSB128	889	1	eh	eh	_	_	_	_	_	linguistic	_	ContainsVariation=No	Volume=low	_	_	_	_	_
889-2	PSB128	889	2	mettiamo	mettiamo	_	_	_	_	_	linguistic	_	ContainsVariation=No	Volume=low	_	_	_	_	_
889-3	PSB128	889	3	eh	eh	_	_	_	_	_	linguistic	_	ContainsVariation=No	Volume=low	_	_	_	_	_
889-4	PSB128	889	4	olio°	olio	_	_	_	_	_	linguistic	_	ContainsVariation=No	Volume=low	End=1283.275	_	_	_	_
890-0	PSB036	890	0	l'	l'	_	_	_	_	_	linguistic	_	ContainsVariation=No	SpaceAfter=No	Begin=1283.787	_	_	_	_
890-1	PSB036	890	1	olio	olio	_	_	_	_	_	linguistic	_	ContainsVariation=No	_	_	_	_	_	_
890-2	PSB036	890	2	sì	sì	_	_	_	_	_	linguistic	_	ContainsVariation=No	_	_	_	_	_	_
890-3	PSB036	890	3	sì	sì	_	_	_	_	_	linguistic	_	ContainsVariation=No	_	_	_	_	_	_
890-4	PSB036	890	4	sì	sì	_	_	_	_	_	linguistic	_	ContainsVariation=No	_	End=1284.862	_	_	_	_
891-0	PSB086	891	0	verdure	verdure	_	_	_	_	_	linguistic	_	ContainsVariation=No	_	Begin=1287.543	_	_	_	_
891-1	PSB086	891	1	e	e	_	_	_	_	_	linguistic	_	ContainsVariation=No	_	_	_	_	_	_
891-2	PSB086	891	2	la	la	_	_	_	_	_	linguistic	_	ContainsVariation=No	_	_	_	_	_	_
891-3	PSB086	891	3	pasta	pasta	_	_	_	_	_	linguistic	_	ContainsVariation=No	_	_	_	_	_	_
891-4	PSB086	891	4	col	col	_	_	_	_	_	linguistic	_	ContainsVariation=No	_	_	_	_	_	_
891-5	PSB086	891	5	burro	burro	_	_	_	_	_	linguistic	_	ContainsVariation=No	_	_	_	_	_	_
891-6	PSB086	891	6	con	con	_	_	_	_	_	linguistic	_	ContainsVariation=No	_	_	_	_	_	_
891-7	PSB086	891	7	la	la	_	_	_	_	_	linguistic	_	ContainsVariation=No	_	_	_	_	_	_
891-8	PSB086	891	8	carne?	carne	_	_	_	_	_	linguistic	_	ContainsVariation=No	Intonation=Rising	End=1290.038	_	_	_	_
892-0	PSB086	892	0	per	per	_	_	_	_	_	linguistic	_	ContainsVariation=No	_	Begin=1291.511	_	_	_	_
892-1	PSB086	892	1	cucinare	cucinare	_	_	_	_	_	linguistic	_	ContainsVariation=No	_	_	_	_	_	_
892-2	PSB086	892	2	carne	carne	_	_	_	_	_	linguistic	_	ContainsVariation=No	_	_	_	_	_	_
892-3	PSB086	892	3	anche	anche	_	_	_	_	_	linguistic	_	ContainsVariation=No	_	_	_	_	_	_
892-4	PSB086	892	4	lì	lì	_	_	_	_	_	linguistic	_	ContainsVariation=No	_	_	_	_	_	_
892-5	PSB086	892	5	mettiamo	mettiamo	_	_	_	_	_	linguistic	_	ContainsVariation=No	_	_	_	_	_	_
892-6	PSB086	892	6	burro?	burro	_	_	_	_	_	linguistic	_	ContainsVariation=No	Intonation=Rising	End=1293.816	_	_	_	_
893-0	PSB036	893	0	dipende	dipende	_	_	_	_	_	linguistic	_	ContainsVariation=No	_	Begin=1294.383|End=1295.149	_	_	_	_
894-0	PSB086	894	0	((ride))	((ride))	_	_	_	_	_	nonverbalbehavior	_	ContainsVariation=No	_	Begin=1295.181	_	_	_	_
894-1	PSB086	894	1	°sì?°	sì	_	_	_	_	_	linguistic	_	ContainsVariation=No	Intonation=Rising|Volume=low	End=1296.257	_	_	_	_
895-0	PSB036	895	0	anche	anche	_	_	_	_	_	linguistic	_	ContainsVariation=No	_	Begin=1296.841	_	_	_	_
895-1	PSB036	895	1	sì	sì	_	_	_	_	_	linguistic	_	ContainsVariation=No	_	End=1297.908	_	_	_	_
896-0	PSB036	896	0	no	no	_	_	_	_	_	linguistic	_	ContainsVariation=No	_	Begin=1298.085	_	_	_	_
896-1	PSB036	896	1	vabbè	vabbè	_	_	_	_	_	linguistic	_	ContainsVariation=No	_	_	_	_	_	_
896-2	PSB036	896	2	sto	sto	_	_	_	_	_	linguistic	_	ContainsVariation=No	_	_	_	_	_	_
896-3	PSB036	896	3	pensando	pensando	_	_	_	_	_	linguistic	_	ContainsVariation=No	_	_	_	_	_	_
896-4	PSB036	896	4	più	più	_	_	_	_	_	linguistic	_	ContainsVariation=No	_	_	_	_	_	_
896-5	PSB036	896	5	che	che	_	_	_	_	_	linguistic	_	ContainsVariation=No	_	_	_	_	_	_
896-6	PSB036	896	6	al[tro	altro	_	_	_	_	_	linguistic	_	ContainsVariation=No	_	_	_	_	_	2-5(353)
896-7	PSB036	896	7	a:]	a	_	_	_	_	_	linguistic	_	ContainsVariation=No	_	End=1300.377	0x1	_	_	0-1(353)
897-0	PSB086	897	0	[se	se	_	_	_	_	_	linguistic	_	ContainsVariation=No	_	Begin=1299.713	_	_	_	0-2(353)
897-1	PSB086	897	1	s~	s~	_	_	_	_	_	linguistic	_	ContainsVariation=No	Interrupted=Yes	_	_	_	_	0-2(353)
897-2	PSB086	897	2	fai	fai	_	_	_	_	_	linguistic	_	ContainsVariation=No	_	_	_	_	_	0-3(353)
897-3	PSB086	897	3	una]	una	_	_	_	_	_	linguistic	_	ContainsVariation=No	_	_	_	_	_	0-3(353)
897-4	PSB086	897	4	cotoletta	cotoletta	_	_	_	_	_	linguistic	_	ContainsVariation=No	_	_	_	_	_	_
897-5	PSB086	897	5	se	se	_	_	_	_	_	linguistic	_	ContainsVariation=No	_	_	_	_	_	_
897-6	PSB086	897	6	aggiungi	aggiungi	_	_	_	_	_	linguistic	_	ContainsVariation=No	_	_	_	_	_	_
897-7	PSB086	897	7	un	un	_	_	_	_	_	linguistic	_	ContainsVariation=No	_	_	_	_	_	_
897-8	PSB086	897	8	po'	po'	_	_	_	_	_	linguistic	_	ContainsVariation=No	_	_	_	_	_	_
897-9	PSB086	897	9	di	di	_	_	_	_	_	linguistic	_	ContainsVariation=No	_	_	_	_	_	_
897-10	PSB086	897	10	burro	burro	_	_	_	_	_	linguistic	_	ContainsVariation=No	_	_	_	_	_	_
897-11	PSB086	897	11	esce	esce	_	_	_	_	_	linguistic	_	ContainsVariation=No	_	_	_	_	_	_
897-12	PSB086	897	12	altra	altra	_	_	_	_	_	linguistic	_	ContainsVariation=No	_	_	_	_	_	_
897-13	PSB086	897	13	[cosa]	cosa	_	_	_	_	_	linguistic	_	ContainsVariation=No	_	End=1303.136	_	_	_	0-4(354)
898-0	PSB036	898	0	[po'	po'	_	_	_	_	_	linguistic	_	ContainsVariation=No	_	Begin=1302.468	_	_	_	0-3(354)
898-1	PSB036	898	1	di	di	_	_	_	_	_	linguistic	_	ContainsVariation=No	_	_	_	_	_	0-2(354)
898-2	PSB036	898	2	burro	burro	_	_	_	_	_	linguistic	_	ContainsVariation=No	_	_	_	_	_	0-5(354)
898-3	PSB036	898	3	un	un	_	_	_	_	_	linguistic	_	ContainsVariation=No	_	_	_	_	_	0-2(354)
898-4	PSB036	898	4	po']	po'	_	_	_	_	_	linguistic	_	ContainsVariation=No	_	_	_	_	_	0-3(354)
898-5	PSB036	898	5	di	di	_	_	_	_	_	linguistic	_	ContainsVariation=No	_	_	_	_	_	_
898-6	PSB036	898	6	olio	olio	_	_	_	_	_	linguistic	_	ContainsVariation=No	_	_	_	_	_	_
898-7	PSB036	898	7	sì	sì	_	_	_	_	_	linguistic	_	ContainsVariation=No	_	End=1304.064	_	_	_	_
899-0	PSB036	899	0	però	però	_	_	_	_	_	linguistic	_	ContainsVariation=No	_	Begin=1304.16	_	_	_	_
899-1	PSB036	899	1	effettivamente	effettivamente	_	_	_	_	_	linguistic	_	ContainsVariation=No	_	_	_	_	_	_
899-2	PSB036	899	2	perché	perché	_	_	_	_	_	linguistic	_	ContainsVariation=No	_	_	_	_	_	_
899-3	PSB036	899	3	su	su	_	_	_	_	_	linguistic	_	ContainsVariation=No	_	_	_	_	_	_
899-4	PSB036	899	4	fino	fino	_	_	_	_	_	linguistic	_	ContainsVariation=No	_	_	_	_	_	_
899-5	PSB036	899	5	a	a	_	_	_	_	_	linguistic	_	ContainsVariation=No	_	_	_	_	_	_
899-6	PSB036	899	6	poco	poco	_	_	_	_	_	linguistic	_	ContainsVariation=No	_	_	_	_	_	_
899-7	PSB036	899	7	tempo	tempo	_	_	_	_	_	linguistic	_	ContainsVariation=No	_	_	_	_	_	_
899-8	PSB036	899	8	fa	fa	_	_	_	_	_	linguistic	_	ContainsVariation=No	_	_	_	_	_	_
899-9	PSB036	899	9	l'	l'	_	_	_	_	_	linguistic	_	ContainsVariation=No	SpaceAfter=No	_	_	_	_	_
899-10	PSB036	899	10	olio	olio	_	_	_	_	_	linguistic	_	ContainsVariation=No	_	_	_	_	_	_
899-11	PSB036	899	11	non	non	_	_	_	_	_	linguistic	_	ContainsVariation=No	_	_	_	_	_	_
899-12	PSB036	899	12	c'	c'	_	_	_	_	_	linguistic	_	ContainsVariation=No	SpaceAfter=No	_	_	_	_	_
899-13	PSB036	899	13	era	era	_	_	_	_	_	linguistic	_	ContainsVariation=No	_	_	_	_	_	_
899-14	PSB036	899	14	perché	perché	_	_	_	_	_	linguistic	_	ContainsVariation=No	_	_	_	_	_	_
899-15	PSB036	899	15	non	non	_	_	_	_	_	linguistic	_	ContainsVariation=No	_	_	_	_	_	_
899-16	PSB036	899	16	non	non	_	_	_	_	_	linguistic	_	ContainsVariation=No	_	_	_	_	_	_
899-17	PSB036	899	17	cresce	cresce	_	_	_	_	_	linguistic	_	ContainsVariation=No	_	_	_	_	_	_
899-18	PSB036	899	18	null~	null~	_	_	_	_	_	linguistic	_	ContainsVariation=No	Interrupted=Yes	_	_	_	_	_
899-19	PSB036	899	19	non	non	_	_	_	_	_	linguistic	_	ContainsVariation=No	_	_	_	_	_	_
899-20	PSB036	899	20	crescono	crescono	_	_	_	_	_	linguistic	_	ContainsVariation=No	_	_	_	_	_	_
899-21	PSB036	899	21	le	le	_	_	_	_	_	linguistic	_	ContainsVariation=No	_	_	_	_	_	_
899-22	PSB036	899	22	olive	olive	_	_	_	_	_	linguistic	_	ContainsVariation=No	_	_	_	_	_	_
899-23	PSB036	899	23	perciò	perciò	_	_	_	_	_	linguistic	_	ContainsVariation=No	_	End=1310.04	_	_	_	_
900-0	PSB036	900	0	si	si	_	_	_	_	_	linguistic	_	ContainsVariation=No	_	Begin=1310.245	_	_	_	_
900-1	PSB036	900	1	usava:	usava	_	_	_	_	_	linguistic	_	ContainsVariation=No	_	_	4x1	_	_	_
900-2	PSB036	900	2	c'	c'	_	_	_	_	_	linguistic	_	ContainsVariation=No	SpaceAfter=No	_	_	_	_	_
900-3	PSB036	900	3	era	era	_	_	_	_	_	linguistic	_	ContainsVariation=No	_	_	_	_	_	_
900-4	PSB036	900	4	ci	ci	_	_	_	_	_	linguistic	_	ContainsVariation=No	_	_	_	_	_	_
900-5	PSB036	900	5	son	son	_	_	_	_	_	linguistic	_	ContainsVariation=No	_	_	_	_	_	_
900-6	PSB036	900	6	tante	tante	_	_	_	_	_	linguistic	_	ContainsVariation=No	_	_	_	_	_	_
900-7	PSB036	900	7	mucche	mucche	_	_	_	_	_	linguistic	_	ContainsVariation=No	_	_	_	_	_	_
900-8	PSB036	900	8	perciò:	perciò	_	_	_	_	_	linguistic	_	ContainsVariation=No	_	End=1313.053	5x1	_	_	_
901-0	PSB036	901	0	tanti	tanti	_	_	_	_	_	linguistic	_	ContainsVariation=No	_	Begin=1313.362	_	_	_	_
901-1	PSB036	901	1	latticini	latticini	_	_	_	_	_	linguistic	_	ContainsVariation=No	_	_	_	_	_	_
901-2	PSB036	901	2	tanto	tanto	_	_	_	_	_	linguistic	_	ContainsVariation=No	_	_	_	_	_	_
901-3	PSB036	901	3	burro	burro	_	_	_	_	_	linguistic	_	ContainsVariation=No	_	_	_	_	_	_
901-4	PSB036	901	4	si	si	_	_	_	_	_	linguistic	_	ContainsVariation=No	_	_	_	_	_	_
901-5	PSB036	901	5	usava	usava	_	_	_	_	_	linguistic	_	ContainsVariation=No	_	_	_	_	_	_
901-6	PSB036	901	6	quello	quello	_	_	_	_	_	linguistic	_	ContainsVariation=No	_	End=1315.669	_	_	_	_
902-0	PSB036	902	0	pesante	pesante	_	_	_	_	_	linguistic	_	ContainsVariation=No	_	Begin=1316.511|End=1317.081	_	_	_	_
903-0	PSB036	903	0	però	però	_	_	_	_	_	linguistic	_	ContainsVariation=No	_	Begin=1317.319	_	_	_	_
903-1	PSB036	903	1	((ride))	((ride))	_	_	_	_	_	nonverbalbehavior	_	ContainsVariation=No	_	_	_	_	_	_
903-2	PSB036	903	2	sempre	sempre	_	_	_	_	_	linguistic	_	ContainsVariation=No	_	_	_	_	_	_
903-3	PSB036	903	3	buonissimo	buonissimo	_	_	_	_	_	linguistic	_	ContainsVariation=No	_	End=1319.212	_	_	_	_
904-0	PSB086	904	0	olio	olio	_	_	_	_	_	linguistic	_	ContainsVariation=No	_	Begin=1319.505	_	_	_	_
904-1	PSB086	904	1	bisogna	bisogna	_	_	_	_	_	linguistic	_	ContainsVariation=No	_	_	_	_	_	_
904-2	PSB086	904	2	comprare	comprare	_	_	_	_	_	linguistic	_	ContainsVariation=No	_	_	_	_	_	_
904-3	PSB086	904	3	esatto?	esatto	_	_	_	_	_	linguistic	_	ContainsVariation=No	Intonation=Rising	End=1321.094	_	_	_	_
905-0	PSB036	905	0	sì	sì	_	_	_	_	_	linguistic	_	ContainsVariation=No	_	Begin=1321.128	_	_	_	_
905-1	PSB036	905	1	sì	sì	_	_	_	_	_	linguistic	_	ContainsVariation=No	_	_	_	_	_	_
905-2	PSB036	905	2	sì	sì	_	_	_	_	_	linguistic	_	ContainsVariation=No	_	_	_	_	_	_
905-3	PSB036	905	3	non	non	_	_	_	_	_	linguistic	_	ContainsVariation=No	_	_	_	_	_	_
905-4	PSB036	905	4	non	non	_	_	_	_	_	linguistic	_	ContainsVariation=No	_	_	_	_	_	_
905-5	PSB036	905	5	cresce	cresce	_	_	_	_	_	linguistic	_	ContainsVariation=No	_	_	_	_	_	_
905-6	PSB036	905	6	lì	lì	_	_	_	_	_	linguistic	_	ContainsVariation=No	_	End=1322.303	_	_	_	_
906-0	PSB036	906	0	cioè	cioè	_	_	_	_	_	linguistic	_	ContainsVariation=No	_	Begin=1322.447	_	_	_	_
906-1	PSB036	906	1	i	i	_	_	_	_	_	linguistic	_	ContainsVariation=No	_	_	_	_	_	_
906-2	PSB036	906	2	miei	miei	_	_	_	_	_	linguistic	_	ContainsVariation=No	_	_	_	_	_	_
906-3	PSB036	906	3	nonni	nonni	_	_	_	_	_	linguistic	_	ContainsVariation=No	_	_	_	_	_	_
906-4	PSB036	906	4	non:	non	_	_	_	_	_	linguistic	_	ContainsVariation=No	_	_	2x1	_	_	_
906-5	PSB036	906	5	per	per	_	_	_	_	_	linguistic	_	ContainsVariation=No	_	_	_	_	_	_
906-6	PSB036	906	6	dire	dire	_	_	_	_	_	linguistic	_	ContainsVariation=No	_	_	_	_	_	_
906-7	PSB036	906	7	non	non	_	_	_	_	_	linguistic	_	ContainsVariation=No	_	_	_	_	_	_
906-8	PSB036	906	8	lo	lo	_	_	_	_	_	linguistic	_	ContainsVariation=No	_	_	_	_	_	_
906-9	PSB036	906	9	usavano	usavano	_	_	_	_	_	linguistic	_	ContainsVariation=No	_	_	_	_	_	_
906-10	PSB036	906	10	tanto	tanto	_	_	_	_	_	linguistic	_	ContainsVariation=No	_	_	_	_	_	_
906-11	PSB036	906	11	il	il	_	_	_	_	_	linguistic	_	ContainsVariation=No	_	_	_	_	_	_
906-12	PSB036	906	12	l'	l'	_	_	_	_	_	linguistic	_	ContainsVariation=No	SpaceAfter=No	_	_	_	_	_
906-13	PSB036	906	13	olio	olio	_	_	_	_	_	linguistic	_	ContainsVariation=No	_	End=1325.969	_	_	_	_
907-0	PSB036	907	0	mentre	mentre	_	_	_	_	_	linguistic	_	ContainsVariation=No	_	Begin=1326.596	_	_	_	_
907-1	PSB036	907	1	invece	invece	_	_	_	_	_	linguistic	_	ContainsVariation=No	_	_	_	_	_	_
907-2	PSB036	907	2	il	il	_	_	_	_	_	linguistic	_	ContainsVariation=No	_	_	_	_	_	_
907-3	PSB036	907	3	burro	burro	_	_	_	_	_	linguistic	_	ContainsVariation=No	_	_	_	_	_	_
907-4	PSB036	907	4	c'	c'	_	_	_	_	_	linguistic	_	ContainsVariation=No	SpaceAfter=No	_	_	_	_	_
907-5	PSB036	907	5	era	era	_	_	_	_	_	linguistic	_	ContainsVariation=No	_	_	_	_	_	_
907-6	PSB036	907	6	sempre	sempre	_	_	_	_	_	linguistic	_	ContainsVariation=No	_	_	_	_	_	_
907-7	PSB036	907	7	perché	perché	_	_	_	_	_	linguistic	_	ContainsVariation=No	_	_	_	_	_	_
907-8	PSB036	907	8	qualcuno	qualcuno	_	_	_	_	_	linguistic	_	ContainsVariation=No	_	_	_	_	_	_
907-9	PSB036	907	9	con	con	_	_	_	_	_	linguistic	_	ContainsVariation=No	_	_	_	_	_	_
907-10	PSB036	907	10	la	la	_	_	_	_	_	linguistic	_	ContainsVariation=No	_	_	_	_	_	_
907-11	PSB036	907	11	mucca	mucca	_	_	_	_	_	linguistic	_	ContainsVariation=No	_	_	_	_	_	_
907-12	PSB036	907	12	che	che	_	_	_	_	_	linguistic	_	ContainsVariation=No	_	_	_	_	_	_
907-13	PSB036	907	13	faceva	faceva	_	_	_	_	_	linguistic	_	ContainsVariation=No	_	_	_	_	_	_
907-14	PSB036	907	14	i	i	_	_	_	_	_	linguistic	_	ContainsVariation=No	_	_	_	_	_	_
907-15	PSB036	907	15	formaggi	formaggi	_	_	_	_	_	linguistic	_	ContainsVariation=No	_	_	_	_	_	_
907-16	PSB036	907	16	e	e	_	_	_	_	_	linguistic	_	ContainsVariation=No	_	_	_	_	_	_
907-17	PSB036	907	17	poi	poi	_	_	_	_	_	linguistic	_	ContainsVariation=No	_	_	_	_	_	_
907-18	PSB036	907	18	burro	burro	_	_	_	_	_	linguistic	_	ContainsVariation=No	_	_	_	_	_	_
907-19	PSB036	907	19	tanto	tanto	_	_	_	_	_	linguistic	_	ContainsVariation=No	_	_	_	_	_	_
907-20	PSB036	907	20	è	è	_	_	_	_	_	linguistic	_	ContainsVariation=No	_	_	_	_	_	_
907-21	PSB036	907	21	quello	quello	_	_	_	_	_	linguistic	_	ContainsVariation=No	_	_	_	_	_	_
907-22	PSB036	907	22	che	che	_	_	_	_	_	linguistic	_	ContainsVariation=No	_	_	_	_	_	_
907-23	PSB036	907	23	avanza	avanza	_	_	_	_	_	linguistic	_	ContainsVariation=No	_	_	_	_	_	_
907-24	PSB036	907	24	perciò	perciò	_	_	_	_	_	linguistic	_	ContainsVariation=No	_	End=1333.096	_	_	_	_
908-0	PSB036	908	0	°sì	sì	_	_	_	_	_	linguistic	_	ContainsVariation=No	Volume=low	Begin=1333.823	_	_	_	_
908-1	PSB036	908	1	sì°	sì	_	_	_	_	_	linguistic	_	ContainsVariation=No	Volume=low	End=1334.221	_	_	_	_
909-0	PSB036	909	0	no	no	_	_	_	_	_	linguistic	_	ContainsVariation=No	_	Begin=1334.787	_	_	_	_
909-1	PSB036	909	1	buona	buona	_	_	_	_	_	linguistic	_	ContainsVariation=No	_	_	_	_	_	_
909-2	PSB036	909	2	la	la	_	_	_	_	_	linguistic	_	ContainsVariation=No	_	_	_	_	_	_
909-3	PSB036	909	3	cucina:	cucina	_	_	_	_	_	linguistic	_	ContainsVariation=No	_	_	5x1	_	_	_
909-4	PSB036	909	4	lombarda	lombarda	_	_	_	_	_	linguistic	_	ContainsVariation=No	_	_	_	_	_	_
909-5	PSB036	909	5	in	in	_	_	_	_	_	linguistic	_	ContainsVariation=No	_	_	_	_	_	_
909-6	PSB036	909	6	genere	genere	_	_	_	_	_	linguistic	_	ContainsVariation=No	_	_	_	_	_	_
909-7	PSB036	909	7	un	un	_	_	_	_	_	linguistic	_	ContainsVariation=No	_	_	_	_	_	_
909-8	PSB036	909	8	po'	po'	_	_	_	_	_	linguistic	_	ContainsVariation=No	_	_	_	_	_	_
909-9	PSB036	909	9	pesante	pesante	_	_	_	_	_	linguistic	_	ContainsVariation=No	_	End=1338.114	_	_	_	_
910-0	PSB036	910	0	po'	po'	_	_	_	_	_	linguistic	_	ContainsVariation=No	_	Begin=1338.468	_	_	_	_
910-1	PSB036	910	1	troppo	troppo	_	_	_	_	_	linguistic	_	ContainsVariation=No	_	_	_	_	_	_
910-2	PSB036	910	2	burro	burro	_	_	_	_	_	linguistic	_	ContainsVariation=No	PauseAfter=Yes	_	_	_	_	_
910-3	PSB036	910	3	(.)	(.)	_	_	_	_	_	shortpause	_	ContainsVariation=No	_	_	_	_	_	_
910-4	PSB036	910	4	punt~	punt~	_	_	_	_	_	linguistic	_	ContainsVariation=No	Interrupted=Yes	End=1339.845	_	_	_	_
911-0	PSB036	911	0	però:	però	_	_	_	_	_	linguistic	_	ContainsVariation=No	_	Begin=1340.021|End=1340.589	3x1	_	_	_
912-0	PSB036	912	0	°bene°	bene	_	_	_	_	_	linguistic	_	ContainsVariation=No	Volume=low	Begin=1348.239|End=1348.597	_	_	_	_
913-0	PSB005	913	0	allora	allora	_	_	_	_	_	linguistic	_	ContainsVariation=No	_	Begin=1349.436	_	_	_	_
913-1	PSB005	913	1	io	io	_	_	_	_	_	linguistic	_	ContainsVariation=No	PauseAfter=Yes	_	_	_	_	_
913-2	PSB005	913	2	(.)	(.)	_	_	_	_	_	shortpause	_	ContainsVariation=No	_	_	_	_	_	_
913-3	PSB005	913	3	purtroppo	purtroppo	_	_	_	_	_	linguistic	_	ContainsVariation=No	_	End=1351.113	_	_	_	_
914-0	PSB005	914	0	devo	devo	_	_	_	_	_	linguistic	_	ContainsVariation=No	_	Begin=1351.351	_	_	_	_
914-1	PSB005	914	1	fare	fare	_	_	_	_	_	linguistic	_	ContainsVariation=No	_	_	_	_	_	_
914-2	PSB005	914	2	la	la	_	_	_	_	_	linguistic	_	ContainsVariation=No	_	_	_	_	_	_
914-3	PSB005	914	3	persona	persona	_	_	_	_	_	linguistic	_	ContainsVariation=No	_	_	_	_	_	_
914-4	PSB005	914	4	antipatica	antipatica	_	_	_	_	_	linguistic	_	ContainsVariation=No	_	_	_	_	_	_
914-5	PSB005	914	5	e	e	_	_	_	_	_	linguistic	_	ContainsVariation=No	_	_	_	_	_	_
914-6	PSB005	914	6	devo	devo	_	_	_	_	_	linguistic	_	ContainsVariation=No	_	_	_	_	_	_
914-7	PSB005	914	7	chiedervi	chiedervi	_	_	_	_	_	linguistic	_	ContainsVariation=No	_	_	_	_	_	_
914-8	PSB005	914	8	i	i	_	_	_	_	_	linguistic	_	ContainsVariation=No	_	_	_	_	_	_
914-9	PSB005	914	9	moduli	moduli	_	_	_	_	_	linguistic	_	ContainsVariation=No	_	_	_	_	_	_
914-10	PSB005	914	10	se	se	_	_	_	_	_	linguistic	_	ContainsVariation=No	_	_	_	_	_	_
914-11	PSB005	914	11	siete	siete	_	_	_	_	_	linguistic	_	ContainsVariation=No	_	_	_	_	_	_
914-12	PSB005	914	12	d'	d'	_	_	_	_	_	linguistic	_	ContainsVariation=No	SpaceAfter=No	_	_	_	_	_
914-13	PSB005	914	13	accordo	accordo	_	_	_	_	_	linguistic	_	ContainsVariation=No	_	End=1356.178	_	_	_	_
915-0	PSB005	915	0	°perché°	perché	_	_	_	_	_	linguistic	_	ContainsVariation=No	Volume=low	Begin=1357.009|End=1357.577	_	_	_	_
916-0	PSB130	916	0	se	se	_	_	_	_	_	linguistic	_	ContainsVariation=No	_	Begin=1359.053	_	_	_	_
916-1	PSB130	916	1	non	non	_	_	_	_	_	linguistic	_	ContainsVariation=No	_	_	_	_	_	_
916-2	PSB130	916	2	avete	avete	_	_	_	_	_	linguistic	_	ContainsVariation=No	_	_	_	_	_	_
916-3	PSB130	916	3	cambiato	cambiato	_	_	_	_	_	linguistic	_	ContainsVariation=No	_	_	_	_	_	_
916-4	PSB130	916	4	idea	idea	_	_	_	_	_	linguistic	_	ContainsVariation=No	_	End=1360.643	_	_	_	_
917-0	PSB005	917	0	se	se	_	_	_	_	_	linguistic	_	ContainsVariation=No	_	Begin=1363.351	_	_	_	_
917-1	PSB005	917	1	non	non	_	_	_	_	_	linguistic	_	ContainsVariation=No	_	_	_	_	_	_
917-2	PSB005	917	2	avete	avete	_	_	_	_	_	linguistic	_	ContainsVariation=No	_	_	_	_	_	_
917-3	PSB005	917	3	cambiato	cambiato	_	_	_	_	_	linguistic	_	ContainsVariation=No	_	_	_	_	_	_
917-4	PSB005	917	4	idea	idea	_	_	_	_	_	linguistic	_	ContainsVariation=No	_	End=1364.942	_	_	_	_
918-0	PSB086	918	0	tu	tu	_	_	_	_	_	linguistic	_	ContainsVariation=No	_	Begin=1365.904	_	_	_	_
918-1	PSB086	918	1	ti	ti	_	_	_	_	_	linguistic	_	ContainsVariation=No	_	_	_	_	_	_
918-2	PSB086	918	2	metti	metti	_	_	_	_	_	linguistic	_	ContainsVariation=No	_	_	_	_	_	_
918-3	PSB086	918	3	alla	alla	_	_	_	_	_	linguistic	_	ContainsVariation=No	_	_	_	_	_	_
918-4	PSB086	918	4	porta	porta	_	_	_	_	_	linguistic	_	ContainsVariation=No	_	_	_	_	_	_
918-5	PSB086	918	5	non	non	_	_	_	_	_	linguistic	_	ContainsVariation=No	_	_	_	_	_	_
918-6	PSB086	918	6	fai	fai	_	_	_	_	_	linguistic	_	ContainsVariation=No	_	_	_	_	_	_
918-7	PSB086	918	7	uscire	uscire	_	_	_	_	_	linguistic	_	ContainsVariation=No	_	_	_	_	_	_
918-8	PSB086	918	8	nessuno	nessuno	_	_	_	_	_	linguistic	_	ContainsVariation=No	_	End=1368.198	_	_	_	_
919-0	PSB036	919	0	((ride))	((ride))	_	_	_	_	_	nonverbalbehavior	_	ContainsVariation=No	_	Begin=1368.383|End=1369.751	_	_	_	_
920-0	PSB086	920	0	bagnato	bagnato	_	_	_	_	_	linguistic	_	ContainsVariation=No	_	Begin=1368.979	_	_	_	_
920-1	PSB086	920	1	eh	eh	_	_	_	_	_	linguistic	_	ContainsVariation=No	PauseAfter=Yes	_	_	_	_	_
920-2	PSB086	920	2	(.)	(.)	_	_	_	_	_	shortpause	_	ContainsVariation=No	_	_	_	_	_	_
920-3	PSB086	920	3	va	va	_	_	_	_	_	linguistic	_	ContainsVariation=No	_	_	_	_	_	_
920-4	PSB086	920	4	bagnato	bagnato	_	_	_	_	_	linguistic	_	ContainsVariation=No	_	End=1370.556	_	_	_	_
921-0	PSB005	921	0	c'	c'	_	_	_	_	_	linguistic	_	ContainsVariation=No	SpaceAfter=No	Begin=1372.575	_	_	_	_
921-1	PSB005	921	1	ho	ho	_	_	_	_	_	linguistic	_	ContainsVariation=No	_	_	_	_	_	_
921-2	PSB005	921	2	questo	questo	_	_	_	_	_	linguistic	_	ContainsVariation=No	_	_	_	_	_	_
921-3	PSB005	921	3	guarda	guarda	_	_	_	_	_	linguistic	_	ContainsVariation=No	_	End=1373.534	_	_	_	_
922-0	PSB127	922	0	mhmh	mhmh	_	_	_	_	_	linguistic	_	ContainsVariation=No	_	Begin=1373.566|End=1374.135	_	_	_	_
923-0	PSB127	923	0	mhmh	mhmh	_	_	_	_	_	linguistic	_	ContainsVariation=No	_	Begin=1374.301|End=1374.699	_	_	_	_
924-0	PSB005	924	0	come	come	_	_	_	_	_	linguistic	_	ContainsVariation=No	_	Begin=1375.255	_	_	_	_
924-1	PSB005	924	1	i	i	_	_	_	_	_	linguistic	_	ContainsVariation=No	_	_	_	_	_	_
924-2	PSB005	924	2	camerieri	camerieri	_	_	_	_	_	linguistic	_	ContainsVariation=No	_	_	_	_	_	_
924-3	PSB005	924	3	al	al	_	_	_	_	_	linguistic	_	ContainsVariation=No	_	_	_	_	_	_
924-4	PSB005	924	4	bar	bar	_	_	_	_	_	linguistic	_	ContainsVariation=No	_	End=1376.833	_	_	_	_
925-0	PSB086	925	0	ah	ah	_	_	_	_	_	linguistic	_	ContainsVariation=No	_	Begin=1378.043	_	_	_	_
925-1	PSB086	925	1	t~	t~	_	_	_	_	_	linguistic	_	ContainsVariation=No	Interrupted=Yes	_	_	_	_	_
925-2	PSB086	925	2	t~	t~	_	_	_	_	_	linguistic	_	ContainsVariation=No	Interrupted=Yes	_	_	_	_	_
925-3	PSB086	925	3	t~	t~	_	_	_	_	_	linguistic	_	ContainsVariation=No	Interrupted=Yes	_	_	_	_	_
925-4	PSB086	925	4	t~	t~	_	_	_	_	_	linguistic	_	ContainsVariation=No	Interrupted=Yes	_	_	_	_	_
925-5	PSB086	925	5	t~	t~	_	_	_	_	_	linguistic	_	ContainsVariation=No	Interrupted=Yes	_	_	_	_	_
925-6	PSB086	925	6	vabbè	vabbè	_	_	_	_	_	linguistic	_	ContainsVariation=No	_	End=1380.535	_	_	_	_
926-0	PSB005	926	0	grazie	grazie	_	_	_	_	_	linguistic	_	ContainsVariation=No	_	Begin=1380.755	_	_	_	_
926-1	PSB005	926	1	ma	ma	_	_	_	_	_	linguistic	_	ContainsVariation=No	PauseAfter=Yes	_	_	_	_	_
926-2	PSB005	926	2	(.)	(.)	_	_	_	_	_	shortpause	_	ContainsVariation=No	_	_	_	_	_	_
926-3	PSB005	926	3	di	di	_	_	_	_	_	linguistic	_	ContainsVariation=No	_	_	_	_	_	_
926-4	PSB005	926	4	di	di	_	_	_	_	_	linguistic	_	ContainsVariation=No	_	_	_	_	_	_
926-5	PSB005	926	5	@viktoria	@viktoria	_	_	_	_	_	anonymized	_	ContainsVariation=No	Anonymized=Yes	_	_	_	_	_
926-6	PSB005	926	6	e	e	_	_	_	_	_	linguistic	_	ContainsVariation=No	_	_	_	_	_	_
926-7	PSB005	926	7	@ala	@ala	_	_	_	_	_	anonymized	_	ContainsVariation=No	Anonymized=Yes	_	_	_	_	_
926-8	PSB005	926	8	no	no	_	_	_	_	_	linguistic	_	ContainsVariation=No	_	End=1383.554	_	_	_	_
927-0	PSB005	927	0	ser~	ser~	_	_	_	_	_	linguistic	_	ContainsVariation=No	Interrupted=Yes|PauseAfter=Yes	Begin=1383.777	_	_	_	_
927-1	PSB005	927	1	(.)	(.)	_	_	_	_	_	shortpause	_	ContainsVariation=No	_	_	_	_	_	_
927-2	PSB005	927	2	vostro	vostro	_	_	_	_	_	linguistic	_	ContainsVariation=No	_	_	_	_	_	_
927-3	PSB005	927	3	no	no	_	_	_	_	_	linguistic	_	ContainsVariation=No	_	End=1385.054	_	_	_	_
928-0	PSB005	928	0	ce	ce	_	_	_	_	_	linguistic	_	ContainsVariation=No	_	Begin=1385.202	_	_	_	_
928-1	PSB005	928	1	l'	l'	_	_	_	_	_	linguistic	_	ContainsVariation=No	SpaceAfter=No	_	_	_	_	_
928-2	PSB005	928	2	ho	ho	_	_	_	_	_	linguistic	_	ContainsVariation=No	_	_	_	_	_	_
928-3	PSB005	928	3	già	già	_	_	_	_	_	linguistic	_	ContainsVariation=No	_	End=1385.766	_	_	_	_
929-0	PSB091	929	0	sì	sì	_	_	_	_	_	linguistic	_	ContainsVariation=No	_	Begin=1386.08|End=1386.387	_	_	_	_
930-0	PSB005	930	0	sì	sì	_	_	_	_	_	linguistic	_	ContainsVariation=No	_	Begin=1387.245	_	_	_	_
930-1	PSB005	930	1	sì	sì	_	_	_	_	_	linguistic	_	ContainsVariation=No	_	End=1387.812	_	_	_	_
931-0	PSB086	931	0	c(io)è	cioè	_	_	_	_	_	linguistic	_	ContainsVariation=No	Reduced=Yes	Begin=1387.83	_	_	_	_
931-1	PSB086	931	1	cos'	cos'	_	_	_	_	_	linguistic	_	ContainsVariation=No	SpaceAfter=No	_	_	_	_	_
931-2	PSB086	931	2	è	è	_	_	_	_	_	linguistic	_	ContainsVariation=No	_	_	_	_	_	_
931-3	PSB086	931	3	il	il	_	_	_	_	_	linguistic	_	ContainsVariation=No	_	_	_	_	_	_
931-4	PSB086	931	4	consenso	consenso	_	_	_	_	_	linguistic	_	ContainsVariation=No	_	_	_	_	_	_
931-5	PSB086	931	5	s[ì]?	sì	_	_	_	_	_	linguistic	_	ContainsVariation=No	Intonation=Rising	End=1389.0	_	_	_	0-2(356)
932-0	PSB005	932	0	[s]ì	sì	_	_	_	_	_	linguistic	_	ContainsVariation=No	_	Begin=1388.979	_	_	_	0-1(356)
932-1	PSB005	932	1	ce	ce	_	_	_	_	_	linguistic	_	ContainsVariation=No	_	_	_	_	_	_
932-2	PSB005	932	2	l'	l'	_	_	_	_	_	linguistic	_	ContainsVariation=No	SpaceAfter=No	_	_	_	_	_
932-3	PSB005	932	3	ho	ho	_	_	_	_	_	linguistic	_	ContainsVariation=No	_	_	_	_	_	_
932-4	PSB005	932	4	già	già	_	_	_	_	_	linguistic	_	ContainsVariation=No	_	_	_	_	_	_
932-5	PSB005	932	5	il	il	_	_	_	_	_	linguistic	_	ContainsVariation=No	_	_	_	_	_	_
932-6	PSB005	932	6	[tuo]	tuo	_	_	_	_	_	linguistic	_	ContainsVariation=No	_	End=1390.455	_	_	_	0-3(357)
933-0	PSB086	933	0	[quindi]	quindi	_	_	_	_	_	linguistic	_	ContainsVariation=No	_	Begin=1390.075	_	_	_	0-6(357)
933-1	PSB086	933	1	tutte	tutte	_	_	_	_	_	linguistic	_	ContainsVariation=No	_	_	_	_	_	_
933-2	PSB086	933	2	le	le	_	_	_	_	_	linguistic	_	ContainsVariation=No	_	_	_	_	_	_
933-3	PSB086	933	3	volte	volte	_	_	_	_	_	linguistic	_	ContainsVariation=No	_	_	_	_	_	_
933-4	PSB086	933	4	che	che	_	_	_	_	_	linguistic	_	ContainsVariation=No	_	_	_	_	_	_
933-5	PSB086	933	5	mi	mi	_	_	_	_	_	linguistic	_	ContainsVariation=No	_	_	_	_	_	_
933-6	PSB086	933	6	registri	registri	_	_	_	_	_	linguistic	_	ContainsVariation=No	_	_	_	_	_	_
933-7	PSB086	933	7	c(io)è	cioè	_	_	_	_	_	linguistic	_	ContainsVariation=No	Reduced=Yes	_	_	_	_	_
933-8	PSB086	933	8	sono	sono	_	_	_	_	_	linguistic	_	ContainsVariation=No	_	_	_	_	_	_
933-9	PSB086	933	9	a	a	_	_	_	_	_	linguistic	_	ContainsVariation=No	_	_	_	_	_	_
933-10	PSB086	933	10	po[sto]	posto	_	_	_	_	_	linguistic	_	ContainsVariation=No	_	End=1392.777	_	_	_	2-5(358)
934-0	PSB005	934	0	[no	no	_	_	_	_	_	linguistic	_	ContainsVariation=No	_	Begin=1392.606	_	_	_	0-2(358)
934-1	PSB005	934	1	no]	no	_	_	_	_	_	linguistic	_	ContainsVariation=No	_	_	_	_	_	0-2(358)
934-2	PSB005	934	2	ti	ti	_	_	_	_	_	linguistic	_	ContainsVariation=No	_	_	_	_	_	_
934-3	PSB005	934	3	devo	devo	_	_	_	_	_	linguistic	_	ContainsVariation=No	_	_	_	_	_	_
934-4	PSB005	934	4	avvisare	avvisare	_	_	_	_	_	linguistic	_	ContainsVariation=No	_	_	_	_	_	_
934-5	PSB005	934	5	ti	ti	_	_	_	_	_	linguistic	_	ContainsVariation=No	_	_	_	_	_	_
934-6	PSB005	934	6	devo	devo	_	_	_	_	_	linguistic	_	ContainsVariation=No	_	_	_	_	_	_
934-7	PSB005	934	7	avvisare	avvisare	_	_	_	_	_	linguistic	_	ContainsVariation=No	_	End=1395.365	_	_	_	_
935-0	PSB086	935	0	((ride))	((ride))	_	_	_	_	_	nonverbalbehavior	_	ContainsVariation=No	_	Begin=1393.085|End=1394.161	_	_	_	_
936-0	PSB005	936	0	non	non	_	_	_	_	_	linguistic	_	ContainsVariation=No	_	Begin=1395.564	_	_	_	_
936-1	PSB005	936	1	posso	posso	_	_	_	_	_	linguistic	_	ContainsVariation=No	_	_	_	_	_	_
936-2	PSB005	936	2	farlo	farlo	_	_	_	_	_	linguistic	_	ContainsVariation=No	_	_	_	_	_	_
936-3	PSB005	936	3	senza	senza	_	_	_	_	_	linguistic	_	ContainsVariation=No	_	_	_	_	_	_
936-4	PSB005	936	4	avvisarti	avvisarti	_	_	_	_	_	linguistic	_	ContainsVariation=No	_	_	_	_	_	_
936-5	PSB005	936	5	perché	perché	_	_	_	_	_	linguistic	_	ContainsVariation=No	_	End=1397.968	_	_	_	_
937-0	PSB005	937	0	eh	eh	_	_	_	_	_	linguistic	_	ContainsVariation=No	_	Begin=1398.181	_	_	_	_
937-1	PSB005	937	1	allora	allora	_	_	_	_	_	linguistic	_	ContainsVariation=No	_	_	_	_	_	_
937-2	PSB005	937	2	di	di	_	_	_	_	_	linguistic	_	ContainsVariation=No	_	_	_	_	_	_
937-3	PSB005	937	3	anche	anche	_	_	_	_	_	linguistic	_	ContainsVariation=No	_	_	_	_	_	_
937-4	PSB005	937	4	di	di	_	_	_	_	_	linguistic	_	ContainsVariation=No	_	_	_	_	_	_
937-5	PSB005	937	5	@daniele	@daniele	_	_	_	_	_	anonymized	_	ContainsVariation=No	Anonymized=Yes	_	_	_	_	_
937-6	PSB005	937	6	ce	ce	_	_	_	_	_	linguistic	_	ContainsVariation=No	_	_	_	_	_	_
937-7	PSB005	937	7	l'	l'	_	_	_	_	_	linguistic	_	ContainsVariation=No	SpaceAfter=No	_	_	_	_	_
937-8	PSB005	937	8	ho	ho	_	_	_	_	_	linguistic	_	ContainsVariation=No	_	_	_	_	_	_
937-9	PSB005	937	9	già	già	_	_	_	_	_	linguistic	_	ContainsVariation=No	_	_	_	_	_	_
937-10	PSB005	937	10	e	e	_	_	_	_	_	linguistic	_	ContainsVariation=No	_	_	_	_	_	_
937-11	PSB005	937	11	invece	invece	_	_	_	_	_	linguistic	_	ContainsVariation=No	_	_	_	_	_	_
937-12	PSB005	937	12	mancano	mancano	_	_	_	_	_	linguistic	_	ContainsVariation=No	_	_	_	_	_	_
937-13	PSB005	937	13	anche	anche	_	_	_	_	_	linguistic	_	ContainsVariation=No	_	_	_	_	_	_
937-14	PSB005	937	14	le	le	_	_	_	_	_	linguistic	_	ContainsVariation=No	_	_	_	_	_	_
937-15	PSB005	937	15	due	due	_	_	_	_	_	linguistic	_	ContainsVariation=No	_	_	_	_	_	_
937-16	PSB005	937	16	ragazze,	ragazze	_	_	_	_	_	linguistic	_	ContainsVariation=No	Intonation=WeaklyRising	End=1403.011	_	_	_	_
938-0	PSB005	938	0	io	io	_	_	_	_	_	linguistic	_	ContainsVariation=No	PauseAfter=Yes	Begin=1406.117	_	_	_	_
938-1	PSB005	938	1	(.)	(.)	_	_	_	_	_	shortpause	_	ContainsVariation=No	_	_	_	_	_	_
938-2	PSB005	938	2	per	per	_	_	_	_	_	linguistic	_	ContainsVariation=No	_	_	_	_	_	_
938-3	PSB005	938	3	la	la	_	_	_	_	_	linguistic	_	ContainsVariation=No	_	_	_	_	_	_
938-4	PSB005	938	4	prima	prima	_	_	_	_	_	linguistic	_	ContainsVariation=No	_	_	_	_	_	_
938-5	PSB005	938	5	volta	volta	_	_	_	_	_	linguistic	_	ContainsVariation=No	_	_	_	_	_	_
938-6	PSB005	938	6	ho	ho	_	_	_	_	_	linguistic	_	ContainsVariation=No	_	_	_	_	_	_
938-7	PSB005	938	7	stampato	stampato	_	_	_	_	_	linguistic	_	ContainsVariation=No	_	_	_	_	_	_
938-8	PSB005	938	8	questo	questo	_	_	_	_	_	linguistic	_	ContainsVariation=No	_	End=1408.709	_	_	_	_
939-0	PSB005	939	0	per	per	_	_	_	_	_	linguistic	_	ContainsVariation=No	_	Begin=1409.372	_	_	_	_
939-1	PSB005	939	1	non	non	_	_	_	_	_	linguistic	_	ContainsVariation=No	_	End=1410.044	_	_	_	_
940-0	PSB005	940	0	che	che	_	_	_	_	_	linguistic	_	ContainsVariation=No	_	Begin=1410.723	_	_	_	_
940-1	PSB005	940	1	non	non	_	_	_	_	_	linguistic	_	ContainsVariation=No	_	_	_	_	_	_
940-2	PSB005	940	2	di[ventasse	diventasse	_	_	_	_	_	linguistic	_	ContainsVariation=No	_	_	_	_	_	2-10(360)
940-3	PSB005	940	3	deliran~]	deliran~	_	_	_	_	_	linguistic	_	ContainsVariation=No	Interrupted=Yes	End=1412.326	_	_	_	0-8(360)
941-0	PSB086	941	0	[per	per	_	_	_	_	_	linguistic	_	ContainsVariation=No	_	Begin=1411.06	_	_	_	0-3(360)
941-1	PSB086	941	1	caso	caso	_	_	_	_	_	linguistic	_	ContainsVariation=No	_	_	_	_	_	0-4(360)
941-2	PSB086	941	2	parte~	parte~	_	_	_	_	_	linguistic	_	ContainsVariation=No	Interrupted=Yes	_	_	_	_	0-6(360)
941-3	PSB086	941	3	partecipa]to	partecipato	_	_	_	_	_	linguistic	_	ContainsVariation=No	_	_	_	_	_	0-9(360)
941-4	PSB086	941	4	anche	anche	_	_	_	_	_	linguistic	_	ContainsVariation=No	_	_	_	_	_	_
941-5	PSB086	941	5	vittorio?	vittorio	_	_	_	_	_	linguistic	_	ContainsVariation=No	Intonation=Rising	End=1413.28	_	_	_	_
942-0	PSB036	942	0	ah	ah	_	_	_	_	_	linguistic	_	ContainsVariation=No	_	Begin=1413.287	_	_	_	_
942-1	PSB036	942	1	ma	ma	_	_	_	_	_	linguistic	_	ContainsVariation=No	_	_	_	_	_	_
942-2	PSB036	942	2	esiste	esiste	_	_	_	_	_	linguistic	_	ContainsVariation=No	_	_	_	_	_	_
942-3	PSB036	942	3	[questo]?	questo	_	_	_	_	_	linguistic	_	ContainsVariation=No	Intonation=Rising	End=1414.47	_	_	_	0-6(361)
943-0	PSB086	943	0	[per	per	_	_	_	_	_	linguistic	_	ContainsVariation=No	_	Begin=1413.989	_	_	_	0-3(361)
943-1	PSB086	943	1	caso]?	caso	_	_	_	_	_	linguistic	_	ContainsVariation=No	Intonation=Rising	End=1414.448	_	_	_	0-4(361)
944-0	PSB005	944	0	no	no	_	_	_	_	_	linguistic	_	ContainsVariation=No	PauseAfter=Yes	Begin=1414.66	_	_	_	_
944-1	PSB005	944	1	[(.)]	(.)	_	_	_	_	_	shortpause	_	ContainsVariation=No	_	_	_	_	_	X(362)
944-2	PSB005	944	2	no	no	_	_	_	_	_	linguistic	_	ContainsVariation=No	_	_	_	_	_	_
944-3	PSB005	944	3	no	no	_	_	_	_	_	linguistic	_	ContainsVariation=No	PauseAfter=Yes	_	_	_	_	_
944-4	PSB005	944	4	(.)	(.)	_	_	_	_	_	shortpause	_	ContainsVariation=No	_	_	_	_	_	_
944-5	PSB005	944	5	non	non	_	_	_	_	_	linguistic	_	ContainsVariation=No	_	_	_	_	_	_
944-6	PSB005	944	6	è	è	_	_	_	_	_	linguistic	_	ContainsVariation=No	_	_	_	_	_	_
944-7	PSB005	944	7	mai	mai	_	_	_	_	_	linguistic	_	ContainsVariation=No	_	_	_	_	_	_
944-8	PSB005	944	8	capitato	capitato	_	_	_	_	_	linguistic	_	ContainsVariation=No	_	_	_	_	_	_
944-9	PSB005	944	9	no	no	_	_	_	_	_	linguistic	_	ContainsVariation=No	_	_	_	_	_	_
944-10	PSB005	944	10	no	no	_	_	_	_	_	linguistic	_	ContainsVariation=No	_	_	_	_	_	_
944-11	PSB005	944	11	no	no	_	_	_	_	_	linguistic	_	ContainsVariation=No	_	End=1418.166	_	_	_	_
945-0	PSB086	945	0	[no]?	no	_	_	_	_	_	linguistic	_	ContainsVariation=No	Intonation=Rising	Begin=1415.032|End=1415.341	_	_	_	0-2(362)
946-0	PSB005	946	0	°no	no	_	_	_	_	_	linguistic	_	ContainsVariation=No	Volume=low	Begin=1418.33	_	_	_	_
946-1	PSB005	946	1	no	no	_	_	_	_	_	linguistic	_	ContainsVariation=No	Volume=low	_	_	_	_	_
946-2	PSB005	946	2	no°	no	_	_	_	_	_	linguistic	_	ContainsVariation=No	Volume=low	End=1418.854	_	_	_	_
947-0	PSB036	947	0	di	di	_	_	_	_	_	linguistic	_	ContainsVariation=No	_	Begin=1418.862	_	_	_	_
947-1	PSB036	947	1	cosa?	cosa	_	_	_	_	_	linguistic	_	ContainsVariation=No	Intonation=Rising	End=1419.26	_	_	_	_
948-0	PSB086	948	0	adesso	adesso	_	_	_	_	_	linguistic	_	ContainsVariation=No	_	Begin=1419.277	_	_	_	_
948-1	PSB086	948	1	spavento	spavento	_	_	_	_	_	linguistic	_	ContainsVariation=No	_	_	_	_	_	_
948-2	PSB086	948	2	glielo	glielo	_	_	_	_	_	linguistic	_	ContainsVariation=No	_	_	_	_	_	_
948-3	PSB086	948	3	dico	dico	_	_	_	_	_	linguistic	_	ContainsVariation=No	_	_	_	_	_	_
948-4	PSB086	948	4	eh	eh	_	_	_	_	_	linguistic	_	ContainsVariation=No	_	End=1420.805	_	_	_	_
949-0	PSB005	949	0	suo	suo	_	_	_	_	_	linguistic	_	ContainsVariation=No	_	Begin=1420.798	_	_	_	_
949-1	PSB005	949	1	figl[io	figlio	_	_	_	_	_	linguistic	_	ContainsVariation=No	_	_	_	_	_	4-6(364)
949-2	PSB005	949	2	non	non	_	_	_	_	_	linguistic	_	ContainsVariation=No	_	_	_	_	_	0-3(364)
949-3	PSB005	949	3	c'	c'	_	_	_	_	_	linguistic	_	ContainsVariation=No	SpaceAfter=No	_	_	_	_	0-2(364)
949-4	PSB005	949	4	era]	era	_	_	_	_	_	linguistic	_	ContainsVariation=No	_	End=1421.867	_	_	_	0-3(364)
950-0	PSB086	950	0	[alessandra]	alessandra	_	_	_	_	_	linguistic	_	ContainsVariation=No	_	Begin=1421.245	_	_	_	0-10(364)
950-1	PSB086	950	1	ti	ti	_	_	_	_	_	linguistic	_	ContainsVariation=No	_	_	_	_	_	_
950-2	PSB086	950	2	ti	ti	_	_	_	_	_	linguistic	_	ContainsVariation=No	_	_	_	_	_	_
950-3	PSB086	950	3	aspetta	aspetta	_	_	_	_	_	linguistic	_	ContainsVariation=No	_	_	_	_	_	_
950-4	PSB086	950	4	vuole	vuole	_	_	_	_	_	linguistic	_	ContainsVariation=No	_	_	_	_	_	_
950-5	PSB086	950	5	sapere	sapere	_	_	_	_	_	linguistic	_	ContainsVariation=No	_	_	_	_	_	_
950-6	PSB086	950	6	come	come	_	_	_	_	_	linguistic	_	ContainsVariation=No	_	_	_	_	_	_
950-7	PSB086	950	7	va,	va	_	_	_	_	_	linguistic	_	ContainsVariation=No	Intonation=WeaklyRising	End=1424.251	_	_	_	_
951-0	PSB086	951	0	a	a	_	_	_	_	_	linguistic	_	ContainsVariation=No	_	Begin=1424.426	_	_	_	_
951-1	PSB086	951	1	scuola	scuola	_	_	_	_	_	linguistic	_	ContainsVariation=No	_	_	_	_	_	_
951-2	PSB086	951	2	[ma	ma	_	_	_	_	_	linguistic	_	ContainsVariation=No	_	_	_	_	_	0-2(?)
951-3	PSB086	951	3	tutto	tutto	_	_	_	_	_	linguistic	_	ContainsVariation=No	_	_	_	_	_	0-5(?)
951-4	PSB086	951	4	regi]strato	registrato	_	_	_	_	_	linguistic	_	ContainsVariation=No	_	End=1426.215	_	_	_	0-4(?)
952-0	PSB005	952	0	[sì	sì	_	_	_	_	_	linguistic	_	ContainsVariation=No	_	Begin=1424.936	_	_	_	0-2(365)
952-1	PSB005	952	1	sì]	sì	_	_	_	_	_	linguistic	_	ContainsVariation=No	_	End=1425.5	_	_	_	0-2(365)
953-0	PSB005	953	0	esatto	esatto	_	_	_	_	_	linguistic	_	ContainsVariation=No	_	Begin=1426.085|End=1426.752	_	_	_	_
954-0	PSB086	954	0	((ride))	((ride))	_	_	_	_	_	nonverbalbehavior	_	ContainsVariation=No	_	Begin=1426.447|End=1427.776	_	_	_	_
