token_id	speaker	tu_id	id	span	form	lemma	upos	xpos	feats	deprel	type	meta_label	variation	jefferson_feats	align	prolongations	pace	guesses	overlaps
0-0	PSB005	0	0	okay.	okay	_	_	_	_	_	linguistic	_	none	Intonation=Falling	Begin=1.077|End=1.355	_	_	_	_
1-0	PSB005	1	0	perfetto.	perfetto	_	_	_	_	_	linguistic	_	none	Intonation=Falling	Begin=2.327|End=2.805	_	_	_	_
2-0	PSB005	2	0	perfetto.	perfetto	_	_	_	_	_	linguistic	_	none	Intonation=Falling	Begin=3.083|End=3.749	_	_	_	_
3-0	PSB005	3	0	perfetto	perfetto	_	_	_	_	_	linguistic	_	none	PauseAfter=Yes	Begin=4.072	_	_	_	_
3-1	PSB005	3	1	(.)	(.)	_	_	_	_	_	shortpause	_	none	_	_	_	_	_	_
3-2	PSB005	3	2	allora.	allora	_	_	_	_	_	linguistic	_	none	Intonation=Falling	End=5.083	_	_	_	_
4-0	PSB005	4	0	°questo°	questo	_	_	_	_	_	linguistic	_	none	Volume=low	Begin=5.912	_	_	_	_
4-1	PSB005	4	1	fa	fa	_	_	_	_	_	linguistic	_	none	_	_	_	_	_	_
4-2	PSB005	4	2	abbastanza	abbastanza	_	_	_	_	_	linguistic	_	none	_	_	_	_	_	_
4-3	PSB005	4	3	rumore,	rumore	_	_	_	_	_	linguistic	_	none	Intonation=WeaklyRising	_	_	_	_	_
4-4	PSB005	4	4	okay	okay	_	_	_	_	_	linguistic	_	none	_	End=7.913	_	_	_	_
5-0	PSB005	5	0	ehm::	ehm	_	_	_	_	_	linguistic	_	none	_	Begin=8.506|End=9.353	2x2	_	_	_
6-0	PSB005	6	0	allora	allora	_	_	_	_	_	linguistic	_	none	_	Begin=9.612	_	_	_	_
6-1	PSB005	6	1	tu,	tu	_	_	_	_	_	linguistic	_	none	Intonation=WeaklyRising	_	_	_	_	_
6-2	PSB005	6	2	abiti	abiti	_	_	_	_	_	linguistic	_	none	_	_	_	_	_	_
6-3	PSB005	6	3	qui?	qui	_	_	_	_	_	linguistic	_	none	Intonation=Rising	End=11.037	_	_	_	_
7-0	PSB042	7	0	sì:,	sì	_	_	_	_	_	linguistic	_	none	Intonation=WeaklyRising	Begin=11.387|End=11.899	1x1	_	_	_
8-0	PSB005	8	0	da	da	_	_	_	_	_	linguistic	_	none	_	Begin=12.153	_	_	_	_
8-1	PSB005	8	1	quanto	quanto	_	_	_	_	_	linguistic	_	none	_	_	_	_	_	_
8-2	PSB005	8	2	tempo?	tempo	_	_	_	_	_	linguistic	_	none	Intonation=Rising	End=13.003	_	_	_	_
9-0	PSB042	9	0	e:h	eh	_	_	_	_	_	linguistic	_	none	_	Begin=13.816	0x1	_	_	_
9-1	PSB042	9	1	adesso:	adesso	_	_	_	_	_	linguistic	_	none	_	_	5x1	_	_	_
9-2	PSB042	9	2	due	due	_	_	_	_	_	linguistic	_	none	_	_	_	_	_	_
9-3	PSB042	9	3	$an(e)	ane	_	_	_	_	_	linguistic	_	none	PauseAfter=Yes|Orthography=Yes|Variation=Emerging	_	_	_	3-4(0)	_
9-4	PSB042	9	4	(.)	(.)	_	_	_	_	_	shortpause	_	none	_	_	_	_	_	_
9-5	PSB042	9	5	sì.	sì	_	_	_	_	_	linguistic	_	none	Intonation=Falling	End=16.491	_	_	_	_
10-0	PSB005	10	0	e	e	_	_	_	_	_	linguistic	_	none	_	Begin=17.287	_	_	_	_
10-1	PSB005	10	1	sei	sei	_	_	_	_	_	linguistic	_	none	_	_	_	_	_	_
10-2	PSB005	10	2	rimasta	rimasta	_	_	_	_	_	linguistic	_	none	_	_	_	_	_	_
10-3	PSB005	10	3	sempre:	sempre	_	_	_	_	_	linguistic	_	none	PauseAfter=Yes	_	5x1	_	_	_
10-4	PSB005	10	4	(.)	(.)	_	_	_	_	_	shortpause	_	none	_	_	_	_	_	_
10-5	PSB005	10	5	in	in	_	_	_	_	_	linguistic	_	none	_	_	_	_	_	_
10-6	PSB005	10	6	questa	questa	_	_	_	_	_	linguistic	_	none	_	_	_	_	_	_
10-7	PSB005	10	7	zona	zona	_	_	_	_	_	linguistic	_	none	_	_	_	_	_	_
10-8	PSB005	10	8	della	della	_	_	_	_	_	linguistic	_	none	_	_	_	_	_	_
10-9	PSB005	10	9	città?	città	_	_	_	_	_	linguistic	_	none	Intonation=Rising	End=20.186	_	_	_	_
11-0	PSB042	11	0	s:olo	solo	_	_	_	_	_	linguistic	_	none	_	Begin=20.224	0x1	_	_	_
11-1	PSB042	11	1	qua.	qua	_	_	_	_	_	linguistic	_	none	Intonation=Falling	End=21.061	_	_	_	_
12-0	PSB005	12	0	e	e	_	_	_	_	_	linguistic	_	none	_	Begin=21.511	_	_	_	_
12-1	PSB005	12	1	come	come	_	_	_	_	_	linguistic	_	none	PauseAfter=Yes	_	_	_	_	_
12-2	PSB005	12	2	(.)	(.)	_	_	_	_	_	shortpause	_	none	_	_	_	_	_	_
12-3	PSB005	12	3	ti	ti	_	_	_	_	_	linguistic	_	none	_	_	_	_	_	_
12-4	PSB005	12	4	piace:.	piace	_	_	_	_	_	linguistic	_	none	Intonation=Falling	_	4x1	_	_	_
12-5	PSB005	12	5	m:h	mh	_	_	_	_	_	linguistic	_	none	_	End=24.247	0x1	_	_	_
13-0	PSB042	13	0	sì	sì	_	_	_	_	_	linguistic	_	none	_	Begin=24.824	_	_	_	_
13-1	PSB042	13	1	e:	e	_	_	_	_	_	linguistic	_	none	_	_	0x1	_	_	_
13-2	PSB042	13	2	questa	questa	_	_	_	_	_	linguistic	_	none	_	_	_	_	_	_
13-3	PSB042	13	3	zona	zona	_	_	_	_	_	linguistic	_	none	_	_	_	_	_	_
13-4	PSB042	13	4	è	è	_	_	_	_	_	linguistic	_	none	_	_	_	_	_	_
13-5	PSB042	13	5	buona	buona	_	_	_	_	_	linguistic	_	none	_	_	_	_	_	_
13-6	PSB042	13	6	vicina	vicina	_	_	_	_	_	linguistic	_	none	_	_	_	_	_	_
13-7	PSB042	13	7	tutte:	tutte	_	_	_	_	_	linguistic	_	none	PauseAfter=Yes	_	4x1	_	_	_
13-8	PSB042	13	8	(.)	(.)	_	_	_	_	_	shortpause	_	none	_	_	_	_	_	_
13-9	PSB042	13	9	supermarke:t	supermarket	_	_	_	_	_	linguistic	_	none	_	_	9x1	_	_	_
13-10	PSB042	13	10	(ble)	ble	_	_	_	_	_	linguistic	_	none	_	End=30.087	_	_	0-3(0)	_
14-0	PSB042	14	0	ospitale,	ospitale	_	_	_	_	_	linguistic	_	none	Intonation=WeaklyRising	Begin=30.886	_	_	_	_
14-1	PSB042	14	1	per	per	_	_	_	_	_	linguistic	_	none	_	_	_	_	_	_
14-2	PSB042	14	2	me	me	_	_	_	_	_	linguistic	_	none	_	_	_	_	_	_
14-3	PSB042	14	3	è	è	_	_	_	_	_	linguistic	_	none	_	_	_	_	_	_
14-4	PSB042	14	4	meglio.	meglio	_	_	_	_	_	linguistic	_	none	Intonation=Falling	End=32.836	_	_	_	_
15-0	PSB005	15	0	m[hmh]	mhmh	_	_	_	_	_	linguistic	_	none	_	Begin=33.099|End=33.549	_	_	_	1-4(0)
16-0	PSB042	16	0	[se	se	_	_	_	_	_	linguistic	_	none	_	Begin=33.286	_	_	_	0-2(0)
16-1	PSB042	16	1	no]	no	_	_	_	_	_	linguistic	_	none	_	_	_	_	_	0-2(0)
16-2	PSB042	16	2	c'	c'	_	_	_	_	_	linguistic	_	none	SpaceAfter=No	_	_	_	_	_
16-3	PSB042	16	3	è	è	_	_	_	_	_	linguistic	_	none	_	_	_	_	_	_
16-4	PSB042	16	4	la	la	_	_	_	_	_	linguistic	_	none	_	_	_	_	_	_
16-5	PSB042	16	5	macchina:	macchina	_	_	_	_	_	linguistic	_	none	_	End=34.861	7x1	_	_	_
17-0	PSB042	17	0	è	è	_	_	_	_	_	linguistic	_	none	_	Begin=35.224	_	_	_	_
17-1	PSB042	17	1	v~	v~	_	_	_	_	_	linguistic	_	none	Interrupted=Yes|PauseAfter=Yes	_	_	_	_	_
17-2	PSB042	17	2	(.)	(.)	_	_	_	_	_	shortpause	_	none	_	_	_	_	_	_
17-3	PSB042	17	3	vicino	vicino	_	_	_	_	_	linguistic	_	none	_	_	_	_	_	_
17-4	PSB042	17	4	qua.	qua	_	_	_	_	_	linguistic	_	none	Intonation=Falling	End=36.661	_	_	_	_
18-0	PSB005	18	0	mhmh	mhmh	_	_	_	_	_	linguistic	_	none	_	Begin=36.736|End=37.224	_	_	_	_
19-0	PSB042	19	0	è	è	_	_	_	_	_	linguistic	_	none	_	Begin=37.374	_	_	_	_
19-1	PSB042	19	1	meglio	meglio	_	_	_	_	_	linguistic	_	none	_	_	_	_	_	_
19-2	PSB042	19	2	da	da	_	_	_	_	_	linguistic	_	none	_	_	_	_	_	_
19-3	PSB042	19	3	andare	andare	_	_	_	_	_	linguistic	_	none	_	_	_	_	_	_
19-4	PSB042	19	4	a	a	_	_	_	_	_	linguistic	_	none	_	_	_	_	_	_
19-5	PSB042	19	5	l'	l'	_	_	_	_	_	linguistic	_	none	SpaceAfter=No	_	_	_	_	_
19-6	PSB042	19	6	altra:	altra	_	_	_	_	_	linguistic	_	none	_	_	4x1	_	_	_
19-7	PSB042	19	7	parte	parte	_	_	_	_	_	linguistic	_	none	_	_	_	_	_	_
19-8	PSB042	19	8	lontano	lontano	_	_	_	_	_	linguistic	_	none	_	_	_	_	_	_
19-9	PSB042	19	9	serve	serve	_	_	_	_	_	linguistic	_	none	PauseAfter=Yes	_	_	_	_	_
19-10	PSB042	19	10	(.)	(.)	_	_	_	_	_	shortpause	_	none	_	_	_	_	_	_
19-11	PSB042	19	11	macchina	macchina	_	_	_	_	_	linguistic	_	none	_	End=42.474	_	_	_	_
20-0	PSB005	20	0	mhmh	mhmh	_	_	_	_	_	linguistic	_	none	_	Begin=42.561|End=42.874	_	_	_	_
21-0	PSB042	21	0	importante	importante	_	_	_	_	_	linguistic	_	none	_	Begin=43.074|End=43.949	_	_	_	_
22-0	PSB005	22	0	e	e	_	_	_	_	_	linguistic	_	none	_	Begin=44.124	_	_	_	_
22-1	PSB005	22	1	voi	voi	_	_	_	_	_	linguistic	_	none	_	_	_	_	_	_
22-2	PSB005	22	2	avete	avete	_	_	_	_	_	linguistic	_	none	_	_	_	_	_	_
22-3	PSB005	22	3	la	la	_	_	_	_	_	linguistic	_	none	_	_	_	_	_	_
22-4	PSB005	22	4	macchina?	macchina	_	_	_	_	_	linguistic	_	none	Intonation=Rising	End=45.349	_	_	_	_
23-0	PSB042	23	0	adesso	adesso	_	_	_	_	_	linguistic	_	none	_	Begin=45.649	_	_	_	_
23-1	PSB042	23	1	cambiare	cambiare	_	_	_	_	_	linguistic	_	none	_	_	_	_	_	_
23-2	PSB042	23	2	la	la	_	_	_	_	_	linguistic	_	none	_	_	_	_	_	_
23-3	PSB042	23	3	mia	mia	_	_	_	_	_	linguistic	_	none	_	_	_	_	_	_
23-4	PSB042	23	4	patente	patente	_	_	_	_	_	linguistic	_	none	_	_	_	_	_	_
23-5	PSB042	23	5	da	da	_	_	_	_	_	linguistic	_	none	_	_	_	_	_	_
23-6	PSB042	23	6	mia	mia	_	_	_	_	_	linguistic	_	none	_	_	_	_	_	_
23-7	PSB042	23	7	paese,	paese	_	_	_	_	_	linguistic	_	none	Intonation=WeaklyRising	_	_	_	_	_
23-8	PSB042	23	8	difficile	difficile	_	_	_	_	_	linguistic	_	none	_	_	_	_	_	_
23-9	PSB042	23	9	ma	ma	_	_	_	_	_	linguistic	_	none	_	_	_	_	_	_
23-10	PSB042	23	10	cambiare	cambiare	_	_	_	_	_	linguistic	_	none	_	_	_	_	_	_
23-11	PSB042	23	11	finalmente,	finalmente	_	_	_	_	_	linguistic	_	none	Intonation=WeaklyRising	End=51.724	_	_	_	_
24-0	PSB042	24	0	ma:	ma	_	_	_	_	_	linguistic	_	none	_	Begin=52.399	1x1	_	_	_
24-1	PSB042	24	1	lascia	lascia	_	_	_	_	_	linguistic	_	none	_	_	_	_	_	_
24-2	PSB042	24	2	s~	s~	_	_	_	_	_	linguistic	_	none	Interrupted=Yes	End=53.399	_	_	_	_
25-0	PSB042	25	0	soldi	soldi	_	_	_	_	_	linguistic	_	none	_	Begin=54.099	_	_	_	_
25-1	PSB042	25	1	a	a	_	_	_	_	_	linguistic	_	none	_	_	_	_	_	_
25-2	PSB042	25	2	parte	parte	_	_	_	_	_	linguistic	_	none	_	_	_	_	_	_
25-3	PSB042	25	3	piano	piano	_	_	_	_	_	linguistic	_	none	_	_	_	_	_	_
25-4	PSB042	25	4	piano	piano	_	_	_	_	_	linguistic	_	none	_	_	_	_	_	_
25-5	PSB042	25	5	si	si	_	_	_	_	_	linguistic	_	none	_	_	_	_	_	_
25-6	PSB042	25	6	$truve	truve	_	_	_	_	_	linguistic	_	none	Orthography=Yes|Variation=Emerging	_	_	_	_	_
25-7	PSB042	25	7	qualcosa,	qualcosa	_	_	_	_	_	linguistic	_	none	Intonation=WeaklyRising	End=57.662	_	_	_	_
26-0	PSB005	26	0	mhmh	mhmh	_	_	_	_	_	linguistic	_	none	_	Begin=57.699|End=58.161	_	_	_	_
27-0	PSB042	27	0	sistemare	sistemare	_	_	_	_	_	linguistic	_	none	_	Begin=58.586	_	_	_	_
27-1	PSB042	27	1	piano	piano	_	_	_	_	_	linguistic	_	none	_	_	_	_	_	_
27-2	PSB042	27	2	piano	piano	_	_	_	_	_	linguistic	_	none	_	_	_	_	_	_
27-3	PSB042	27	3	la	la	_	_	_	_	_	linguistic	_	none	_	_	_	_	_	_
27-4	PSB042	27	4	vita.	vita	_	_	_	_	_	linguistic	_	none	Intonation=Falling	End=61.186	_	_	_	_
28-0	PSB005	28	0	certo	certo	_	_	_	_	_	linguistic	_	none	_	Begin=61.461|End=61.911	_	_	_	_
29-0	PSB042	29	0	sì	sì	_	_	_	_	_	linguistic	_	none	_	Begin=62.199|End=62.461	_	_	_	_
30-0	PSB005	30	0	adesso	adesso	_	_	_	_	_	linguistic	_	none	_	Begin=62.611	_	_	_	_
30-1	PSB005	30	1	usi	usi	_	_	_	_	_	linguistic	_	none	_	_	_	_	_	_
30-2	PSB005	30	2	gli	gli	_	_	_	_	_	linguistic	_	none	_	_	_	_	_	_
30-3	PSB005	30	3	autobus	autobus	_	_	_	_	_	linguistic	_	none	_	_	_	_	_	_
30-4	PSB005	30	4	e:	e	_	_	_	_	_	linguistic	_	none	_	End=65.111	0x1	_	_	_
31-0	PSB042	31	0	sì	sì	_	_	_	_	_	linguistic	_	none	_	Begin=65.286	_	_	_	_
31-1	PSB042	31	1	sempre	sempre	_	_	_	_	_	linguistic	_	none	_	_	_	_	_	_
31-2	PSB042	31	2	taxi	taxi	_	_	_	_	_	linguistic	_	none	_	_	_	_	_	_
31-3	PSB042	31	3	o	o	_	_	_	_	_	linguistic	_	none	_	_	_	_	_	_
31-4	PSB042	31	4	l'	l'	_	_	_	_	_	linguistic	_	none	SpaceAfter=No	_	_	_	_	_
31-5	PSB042	31	5	autobus	autobus	_	_	_	_	_	linguistic	_	none	_	End=67.627	_	_	_	_
32-0	PSB005	32	0	°okay°	okay	_	_	_	_	_	linguistic	_	none	Volume=low	Begin=67.793|End=68.173	_	_	_	_
33-0	PSB042	33	0	s[ì]	sì	_	_	_	_	_	linguistic	_	none	_	Begin=68.374|End=68.624	_	_	_	1-2(1)
34-0	PSB005	34	0	[o]kay	okay	_	_	_	_	_	linguistic	_	none	_	Begin=68.512|End=68.812	_	_	_	0-1(1)
35-0	PSB005	35	0	eh	eh	_	_	_	_	_	linguistic	_	none	_	Begin=69.262|End=69.587	_	_	_	_
36-0	PSB005	36	0	ti	ti	_	_	_	_	_	linguistic	_	none	_	Begin=70.274	_	_	_	_
36-1	PSB005	36	1	sembra	sembra	_	_	_	_	_	linguistic	_	none	_	_	_	_	_	_
36-2	PSB005	36	2	che	che	_	_	_	_	_	linguistic	_	none	_	_	_	_	_	_
36-3	PSB005	36	3	sia	sia	_	_	_	_	_	linguistic	_	none	_	_	_	_	_	_
36-4	PSB005	36	4	organizzato	organizzato	_	_	_	_	_	linguistic	_	none	_	_	_	_	_	_
36-5	PSB005	36	5	abbastanza	abbastanza	_	_	_	_	_	linguistic	_	none	_	_	_	_	_	_
36-6	PSB005	36	6	bene	bene	_	_	_	_	_	linguistic	_	none	PauseAfter=Yes	_	_	_	_	_
36-7	PSB005	36	7	(.)	(.)	_	_	_	_	_	shortpause	_	none	_	_	_	_	_	_
36-8	PSB005	36	8	qui?	qui	_	_	_	_	_	linguistic	_	none	Intonation=Rising	End=73.012	_	_	_	_
37-0	PSB042	37	0	sì	sì	_	_	_	_	_	linguistic	_	none	_	Begin=73.387	_	_	_	_
37-1	PSB042	37	1	sì	sì	_	_	_	_	_	linguistic	_	none	PauseAfter=Yes	_	_	_	_	_
37-2	PSB042	37	2	(.)	(.)	_	_	_	_	_	shortpause	_	none	_	_	_	_	_	_
37-3	PSB042	37	3	bene	bene	_	_	_	_	_	linguistic	_	none	_	End=74.662	_	_	_	_
38-0	PSB005	38	0	rispetto	rispetto	_	_	_	_	_	linguistic	_	none	_	Begin=75.112	_	_	_	_
38-1	PSB005	38	1	al	al	_	_	_	_	_	linguistic	_	none	_	_	_	_	_	_
38-2	PSB005	38	2	marocco	marocco	_	_	_	_	_	linguistic	_	none	PauseAfter=Yes	_	_	_	_	_
38-3	PSB005	38	3	(.)	(.)	_	_	_	_	_	shortpause	_	none	_	_	_	_	_	_
38-4	PSB005	38	4	è	è	_	_	_	_	_	linguistic	_	none	_	_	_	_	_	_
38-5	PSB005	38	5	diverso?	diverso	_	_	_	_	_	linguistic	_	none	Intonation=Rising	End=77.987	_	_	_	_
39-0	PSB042	39	0	e:h	eh	_	_	_	_	_	linguistic	_	none	_	Begin=77.999	0x1	_	_	_
39-1	PSB042	39	1	per	per	_	_	_	_	_	linguistic	_	none	_	_	_	_	_	_
39-2	PSB042	39	2	me	me	_	_	_	_	_	linguistic	_	none	_	_	_	_	_	_
39-3	PSB042	39	3	con	con	_	_	_	_	_	linguistic	_	none	_	_	_	_	_	_
39-4	PSB042	39	4	ce	ce	_	_	_	_	_	linguistic	_	none	_	_	_	_	_	_
39-5	PSB042	39	5	l'	l'	_	_	_	_	_	linguistic	_	none	SpaceAfter=No	_	_	_	_	_
39-6	PSB042	39	6	ho	ho	_	_	_	_	_	linguistic	_	none	_	_	_	_	_	_
39-7	PSB042	39	7	una	una	_	_	_	_	_	linguistic	_	none	_	_	_	_	_	_
39-8	PSB042	39	8	famiglia	famiglia	_	_	_	_	_	linguistic	_	none	_	End=81.062	_	_	_	_
40-0	PSB042	40	0	importante	importante	_	_	_	_	_	linguistic	_	yes	_	Begin=81.43	_	_	_	_
40-1	PSB042	40	1	la	la	_	_	_	_	_	linguistic	_	yes	_	_	_	_	_	_
40-2	PSB042	40	2	bambino,	bambino	_	_	_	_	_	linguistic	_	yes	Intonation=WeaklyRising	_	_	_	_	_
40-3	PSB042	40	3	per	per	_	_	_	_	_	linguistic	_	yes	_	_	_	_	_	_
40-4	PSB042	40	4	l'	l'	_	_	_	_	_	linguistic	_	yes	SpaceAfter=No	_	_	_	_	_
40-5	PSB042	40	5	ospita:le:	ospitale	_	_	_	_	_	linguistic	_	yes	_	_	5x1,7x1	_	_	_
40-6	PSB042	40	6	per	per	_	_	_	_	_	linguistic	_	yes	_	_	_	_	_	_
40-7	PSB042	40	7	la:	la	_	_	_	_	_	linguistic	_	yes	_	_	1x1	_	_	_
40-8	PSB042	40	8	la	la	_	_	_	_	_	linguistic	_	yes	_	_	_	_	_	_
40-9	PSB042	40	9	#système	système	_	_	_	_	_	linguistic	_	yes	Language=NO_ISO_CODE|Variation=Token	_	_	_	_	_
40-10	PSB042	40	10	#scolaire	scolaire	_	_	_	_	_	linguistic	_	yes	Language=NO_ISO_CODE|Variation=Token	_	_	_	_	_
40-11	PSB042	40	11	queste	queste	_	_	_	_	_	linguistic	_	yes	_	_	_	_	_	_
40-12	PSB042	40	12	cose	cose	_	_	_	_	_	linguistic	_	yes	_	_	_	_	_	_
40-13	PSB042	40	13	per	per	_	_	_	_	_	linguistic	_	yes	_	_	_	_	_	_
40-14	PSB042	40	14	me	me	_	_	_	_	_	linguistic	_	yes	PauseAfter=Yes	_	_	_	_	_
40-15	PSB042	40	15	(.)	(.)	_	_	_	_	_	shortpause	_	yes	_	_	_	_	_	_
40-16	PSB042	40	16	è	è	_	_	_	_	_	linguistic	_	yes	_	_	_	_	_	_
40-17	PSB042	40	17	meglio.	meglio	_	_	_	_	_	linguistic	_	yes	Intonation=Falling	End=90.146	_	_	_	_
41-0	PSB005	41	0	mhmh	mhmh	_	_	_	_	_	linguistic	_	none	_	Begin=90.961|End=91.274	_	_	_	_
42-0	PSB042	42	0	per	per	_	_	_	_	_	linguistic	_	none	_	Begin=91.962	_	_	_	_
42-1	PSB042	42	1	mia	mia	_	_	_	_	_	linguistic	_	none	_	_	_	_	_	_
42-2	PSB042	42	2	paese:	paese	_	_	_	_	_	linguistic	_	none	_	_	4x1	_	_	_
42-3	PSB042	42	3	se	se	_	_	_	_	_	linguistic	_	none	_	_	_	_	_	_
42-4	PSB042	42	4	vuoi	vuoi	_	_	_	_	_	linguistic	_	none	_	_	_	_	_	_
42-5	PSB042	42	5	qualcosa	qualcosa	_	_	_	_	_	linguistic	_	none	_	_	_	_	_	_
42-6	PSB042	42	6	buona,	buona	_	_	_	_	_	linguistic	_	none	Intonation=WeaklyRising	_	_	_	_	_
42-7	PSB042	42	7	(,)	,	_	_	_	_	_	error	_	none	_	_	_	_	_	_
42-8	PSB042	42	8	serve	serve	_	_	_	_	_	linguistic	_	none	_	_	_	_	_	_
42-9	PSB042	42	9	privato	privato	_	_	_	_	_	linguistic	_	none	_	_	_	_	_	_
42-10	PSB042	42	10	serve	serve	_	_	_	_	_	linguistic	_	none	_	_	_	_	_	_
42-11	PSB042	42	11	paga.	paga	_	_	_	_	_	linguistic	_	none	Intonation=Falling	End=97.224	_	_	_	_
43-0	PSB042	43	0	se	se	_	_	_	_	_	linguistic	_	none	_	Begin=98.074	_	_	_	_
43-1	PSB042	43	1	no	no	_	_	_	_	_	linguistic	_	none	_	_	_	_	_	_
43-2	PSB042	43	2	ce	ce	_	_	_	_	_	linguistic	_	none	_	_	_	_	_	_
43-3	PSB042	43	3	l'	l'	_	_	_	_	_	linguistic	_	none	SpaceAfter=No	_	_	_	_	_
43-4	PSB042	43	4	ho	ho	_	_	_	_	_	linguistic	_	none	_	_	_	_	_	_
43-5	PSB042	43	5	lavoro	lavoro	_	_	_	_	_	linguistic	_	none	_	_	_	_	_	_
43-6	PSB042	43	6	buono	buono	_	_	_	_	_	linguistic	_	none	_	_	_	_	_	_
43-7	PSB042	43	7	a	a	_	_	_	_	_	linguistic	_	none	_	_	_	_	_	_
43-8	PSB042	43	8	mia	mia	_	_	_	_	_	linguistic	_	none	_	_	_	_	_	_
43-9	PSB042	43	9	pe~	pe~	_	_	_	_	_	linguistic	_	none	Interrupted=Yes	_	_	_	_	_
43-10	PSB042	43	10	paese	paese	_	_	_	_	_	linguistic	_	none	PauseAfter=Yes	_	_	_	_	_
43-11	PSB042	43	11	(.)	(.)	_	_	_	_	_	shortpause	_	none	_	_	_	_	_	_
43-12	PSB042	43	12	per	per	_	_	_	_	_	linguistic	_	none	_	_	_	_	_	_
43-13	PSB042	43	13	una	una	_	_	_	_	_	linguistic	_	none	_	_	_	_	_	_
43-14	PSB042	43	14	vita	vita	_	_	_	_	_	linguistic	_	none	_	_	_	_	_	_
43-15	PSB042	43	15	per	per	_	_	_	_	_	linguistic	_	none	_	_	_	_	_	_
43-16	PSB042	43	16	un:	un	_	_	_	_	_	linguistic	_	none	_	_	1x1	_	_	_
43-17	PSB042	43	17	mio	mio	_	_	_	_	_	linguistic	_	none	_	_	_	_	_	_
43-18	PSB042	43	18	bambino	bambino	_	_	_	_	_	linguistic	_	none	_	_	_	_	_	_
43-19	PSB042	43	19	futuro	futuro	_	_	_	_	_	linguistic	_	none	_	_	_	_	_	_
43-20	PSB042	43	20	non	non	_	_	_	_	_	linguistic	_	none	_	_	_	_	_	_
43-21	PSB042	43	21	è	è	_	_	_	_	_	linguistic	_	none	_	_	_	_	_	_
43-22	PSB042	43	22	buono.	buono	_	_	_	_	_	linguistic	_	none	Intonation=Falling	End=106.799	_	_	_	_
44-0	PSB005	44	0	mhmh	mhmh	_	_	_	_	_	linguistic	_	none	_	Begin=106.936|End=107.224	_	_	_	_
45-0	PSB042	45	0	difficile	difficile	_	_	_	_	_	linguistic	_	none	_	Begin=107.611|End=108.361	_	_	_	_
46-0	PSB005	46	0	sì	sì	_	_	_	_	_	linguistic	_	none	PauseAfter=Yes	Begin=108.536	_	_	_	_
46-1	PSB005	46	1	(.)	(.)	_	_	_	_	_	shortpause	_	none	_	_	_	_	_	_
46-2	PSB005	46	2	quindi	quindi	_	_	_	_	_	linguistic	_	none	PauseAfter=Yes	_	_	_	_	_
46-3	PSB005	46	3	(.)	(.)	_	_	_	_	_	shortpause	_	none	_	_	_	_	_	_
46-4	PSB005	46	4	qui	qui	_	_	_	_	_	linguistic	_	none	_	_	_	_	_	_
46-5	PSB005	46	5	ti	ti	_	_	_	_	_	linguistic	_	none	_	_	_	_	_	_
46-6	PSB005	46	6	[sembra	sembra	_	_	_	_	_	linguistic	_	none	_	_	_	_	_	0-6(2)
46-7	PSB005	46	7	meglio].	meglio	_	_	_	_	_	linguistic	_	none	Intonation=Falling	End=110.849	_	_	_	0-6(2)
47-0	PSB042	47	0	[ma	ma	_	_	_	_	_	linguistic	_	none	_	Begin=109.998	_	_	_	0-2(2)
47-1	PSB042	47	1	per	per	_	_	_	_	_	linguistic	_	none	_	_	_	_	_	0-3(2)
47-2	PSB042	47	2	me:]	me	_	_	_	_	_	linguistic	_	none	_	_	1x1	_	_	0-2(2)
47-3	PSB042	47	3	per	per	_	_	_	_	_	linguistic	_	none	_	_	_	_	_	_
47-4	PSB042	47	4	futuro	futuro	_	_	_	_	_	linguistic	_	none	_	_	_	_	_	_
47-5	PSB042	47	5	da	da	_	_	_	_	_	linguistic	_	none	_	_	_	_	_	_
47-6	PSB042	47	6	mio	mio	_	_	_	_	_	linguistic	_	none	_	_	_	_	_	_
47-7	PSB042	47	7	bambino,	bambino	_	_	_	_	_	linguistic	_	none	Intonation=WeaklyRising	_	_	_	_	_
47-8	PSB042	47	8	per	per	_	_	_	_	_	linguistic	_	none	_	_	_	_	_	_
47-9	PSB042	47	9	me	me	_	_	_	_	_	linguistic	_	none	_	_	_	_	_	_
47-10	PSB042	47	10	è	è	_	_	_	_	_	linguistic	_	none	_	_	_	_	_	_
47-11	PSB042	47	11	meglio	meglio	_	_	_	_	_	linguistic	_	none	_	_	_	_	_	_
47-12	PSB042	47	12	qua.	qua	_	_	_	_	_	linguistic	_	none	Intonation=Falling	End=116.3	_	_	_	_
48-0	PSB005	48	0	mh[mh]	mhmh	_	_	_	_	_	linguistic	_	none	_	Begin=116.53|End=116.88	_	_	_	2-4(3)
49-0	PSB042	49	0	[s]olo	solo	_	_	_	_	_	linguistic	_	yes	PauseAfter=Yes	Begin=116.67	_	_	_	0-1(3)
49-1	PSB042	49	1	(.)	(.)	_	_	_	_	_	shortpause	_	yes	_	_	_	_	_	_
49-2	PSB042	49	2	l'	l'	_	_	_	_	_	linguistic	_	yes	SpaceAfter=No	_	_	_	_	_
49-3	PSB042	49	3	ospit~	ospit~	_	_	_	_	_	linguistic	_	yes	Interrupted=Yes	_	_	_	_	_
49-4	PSB042	49	4	la	la	_	_	_	_	_	linguistic	_	yes	_	_	_	_	_	_
49-5	PSB042	49	5	#système	système	_	_	_	_	_	linguistic	_	yes	Language=NO_ISO_CODE|Variation=Token	_	_	_	_	_
49-6	PSB042	49	6	#*de	de	_	_	_	_	_	linguistic	_	yes	Language=NO_ISO_CODE|Variation=Doubtful	_	_	_	_	_
49-7	PSB042	49	7	ospitale,	ospitale	_	_	_	_	_	linguistic	_	yes	Intonation=WeaklyRising	_	_	_	_	_
49-8	PSB042	49	8	scola	scola	_	_	_	_	_	linguistic	_	yes	_	_	_	_	_	_
49-9	PSB042	49	9	piace	piace	_	_	_	_	_	linguistic	_	yes	_	_	_	_	_	_
49-10	PSB042	49	10	a	a	_	_	_	_	_	linguistic	_	yes	_	_	_	_	_	_
49-11	PSB042	49	11	me.	me	_	_	_	_	_	linguistic	_	yes	Intonation=Falling	End=121.61	_	_	_	_
50-0	PSB005	50	0	mhmh	mhmh	_	_	_	_	_	linguistic	_	none	_	Begin=121.81	_	_	_	_
50-1	PSB005	50	1	okay	okay	_	_	_	_	_	linguistic	_	none	_	End=122.77	_	_	_	_
51-0	PSB042	51	0	e	e	_	_	_	_	_	linguistic	_	none	_	Begin=122.824	_	_	_	_
51-1	PSB042	51	1	anche	anche	_	_	_	_	_	linguistic	_	none	_	_	_	_	_	_
51-2	PSB042	51	2	no	no	_	_	_	_	_	linguistic	_	none	_	_	_	_	_	_
51-3	PSB042	51	3	serve	serve	_	_	_	_	_	linguistic	_	none	_	_	_	_	_	_
51-4	PSB042	51	4	privato	privato	_	_	_	_	_	linguistic	_	none	_	_	_	_	_	_
51-5	PSB042	51	5	qua.	qua	_	_	_	_	_	linguistic	_	none	Intonation=Falling|PauseAfter=Yes	_	_	_	_	_
51-6	PSB042	51	6	(.)	(.)	_	_	_	_	_	shortpause	_	none	_	_	_	_	_	_
51-7	PSB042	51	7	anche	anche	_	_	_	_	_	linguistic	_	none	_	_	_	_	_	_
51-8	PSB042	51	8	la:	la	_	_	_	_	_	linguistic	_	none	_	_	1x1	_	_	_
51-9	PSB042	51	9	da	da	_	_	_	_	_	linguistic	_	none	_	_	_	_	_	_
51-10	PSB042	51	10	comune	comune	_	_	_	_	_	linguistic	_	none	_	_	_	_	_	_
51-11	PSB042	51	11	è	è	_	_	_	_	_	linguistic	_	none	_	_	_	_	_	_
51-12	PSB042	51	12	buono.	buono	_	_	_	_	_	linguistic	_	none	Intonation=Falling	_	_	_	_	_
51-13	PSB042	51	13	molto	molto	_	_	_	_	_	linguistic	_	none	_	_	_	_	_	_
51-14	PSB042	51	14	buono.	buono	_	_	_	_	_	linguistic	_	none	Intonation=Falling	End=129.124	_	_	_	_
52-0	PSB005	52	0	mhmh	mhmh	_	_	_	_	_	linguistic	_	none	_	Begin=129.14|End=129.62	_	_	_	_
53-0	PSB005	53	0	s[ì:]	sì	_	_	_	_	_	linguistic	_	none	_	Begin=130.361|End=130.711	1x1	_	_	1-2(4)
54-0	PSB042	54	0	[e]	e	_	_	_	_	_	linguistic	_	none	_	Begin=130.549	_	_	_	0-1(4)
54-1	PSB042	54	1	come	come	_	_	_	_	_	linguistic	_	none	_	_	_	_	_	_
54-2	PSB042	54	2	un	un	_	_	_	_	_	linguistic	_	none	_	_	_	_	_	_
54-3	PSB042	54	3	vita:	vita	_	_	_	_	_	linguistic	_	none	_	_	3x1	_	_	_
54-4	PSB042	54	4	è	è	_	_	_	_	_	linguistic	_	none	_	_	_	_	_	_
54-5	PSB042	54	5	è	è	_	_	_	_	_	linguistic	_	none	_	_	_	_	_	_
54-6	PSB042	54	6	buono	buono	_	_	_	_	_	linguistic	_	none	_	End=133.086	_	_	_	_
55-0	PSB005	55	0	okay.	okay	_	_	_	_	_	linguistic	_	none	Intonation=Falling	Begin=133.399	_	_	_	_
55-1	PSB005	55	1	[e]	e	_	_	_	_	_	linguistic	_	none	_	End=134.14	_	_	_	0-1(5)
56-0	PSB042	56	0	[non]	non	_	_	_	_	_	linguistic	_	none	_	Begin=133.799	_	_	_	0-3(5)
56-1	PSB042	56	1	è	è	_	_	_	_	_	linguistic	_	none	_	_	_	_	_	_
56-2	PSB042	56	2	così:	così	_	_	_	_	_	linguistic	_	none	_	_	3x1	_	_	_
56-3	PSB042	56	3	difficile.	difficile	_	_	_	_	_	linguistic	_	none	Intonation=Falling	End=135.624	_	_	_	_
57-0	PSB005	57	0	mhmh	mhmh	_	_	_	_	_	linguistic	_	none	_	Begin=136.049	_	_	_	_
57-1	PSB005	57	1	e	e	_	_	_	_	_	linguistic	_	none	_	_	_	_	_	_
57-2	PSB005	57	2	bologna	bologna	_	_	_	_	_	linguistic	_	none	_	_	_	_	_	_
57-3	PSB005	57	3	ti	ti	_	_	_	_	_	linguistic	_	none	_	_	_	_	_	_
57-4	PSB005	57	4	piace	piace	_	_	_	_	_	linguistic	_	none	_	_	_	_	_	_
57-5	PSB005	57	5	in	in	_	_	_	_	_	linguistic	_	none	_	_	_	_	_	_
57-6	PSB005	57	6	g~	g~	_	_	_	_	_	linguistic	_	none	Interrupted=Yes	End=137.711	_	_	_	_
58-0	PSB042	58	0	sì	sì	_	_	_	_	_	linguistic	_	yes	_	Begin=138.599	_	_	_	_
58-1	PSB042	58	1	ma:	ma	_	_	_	_	_	linguistic	_	yes	_	_	1x1	_	_	_
58-2	PSB042	58	2	a:	a	_	_	_	_	_	linguistic	_	yes	_	_	0x1	_	_	_
58-3	PSB042	58	3	con	con	_	_	_	_	_	linguistic	_	yes	_	_	_	_	_	_
58-4	PSB042	58	4	la	la	_	_	_	_	_	linguistic	_	yes	_	_	_	_	_	_
58-5	PSB042	58	5	tempo	tempo	_	_	_	_	_	linguistic	_	yes	_	_	_	_	_	_
58-6	PSB042	58	6	la	la	_	_	_	_	_	linguistic	_	yes	_	_	_	_	_	_
58-7	PSB042	58	7	$midità	midità	_	_	_	_	_	linguistic	_	yes	Orthography=Yes|Variation=Emerging	_	_	_	_	_
58-8	PSB042	58	8	che	che	_	_	_	_	_	linguistic	_	yes	_	_	_	_	_	_
58-9	PSB042	58	9	alta,	alta	_	_	_	_	_	linguistic	_	yes	Intonation=WeaklyRising	_	_	_	_	_
58-10	PSB042	58	10	con	con	_	_	_	_	_	linguistic	_	yes	_	_	_	_	_	_
58-11	PSB042	58	11	l'	l'	_	_	_	_	_	linguistic	_	yes	SpaceAfter=No	_	_	_	_	_
58-12	PSB042	58	12	allergia,	allergia	_	_	_	_	_	linguistic	_	yes	Intonation=WeaklyRising|PauseAfter=Yes	_	_	_	_	_
58-13	PSB042	58	13	(.)	(.)	_	_	_	_	_	shortpause	_	yes	_	_	_	_	_	_
58-14	PSB042	58	14	è	è	_	_	_	_	_	linguistic	_	yes	_	_	_	_	_	_
58-15	PSB042	58	15	#*un	un	_	_	_	_	_	linguistic	_	yes	Language=NO_ISO_CODE|Variation=Doubtful	_	_	_	_	_
58-16	PSB042	58	16	#peu	peu	_	_	_	_	_	linguistic	_	yes	Language=NO_ISO_CODE|Variation=Token	_	_	_	_	_
58-17	PSB042	58	17	difficile	difficile	_	_	_	_	_	linguistic	_	yes	_	_	_	_	_	_
58-18	PSB042	58	18	per	per	_	_	_	_	_	linguistic	_	yes	_	_	_	_	_	_
58-19	PSB042	58	19	me.	me	_	_	_	_	_	linguistic	_	yes	Intonation=Falling	End=146.249	_	_	_	_
59-0	PSB005	59	0	mh	mh	_	_	_	_	_	linguistic	_	none	_	Begin=146.339|End=146.706	_	_	_	_
60-0	PSB042	60	0	piace	piace	_	_	_	_	_	linguistic	_	yes	_	Begin=146.712	_	_	_	_
60-1	PSB042	60	1	come	come	_	_	_	_	_	linguistic	_	yes	_	_	_	_	_	_
60-2	PSB042	60	2	la	la	_	_	_	_	_	linguistic	_	yes	_	_	_	_	_	_
60-3	PSB042	60	3	mia	mia	_	_	_	_	_	linguistic	_	yes	_	_	_	_	_	_
60-4	PSB042	60	4	vici~	vici~	_	_	_	_	_	linguistic	_	yes	Interrupted=Yes	_	_	_	_	_
60-5	PSB042	60	5	la	la	_	_	_	_	_	linguistic	_	yes	_	_	_	_	_	_
60-6	PSB042	60	6	mia	mia	_	_	_	_	_	linguistic	_	yes	_	_	_	_	_	_
60-7	PSB042	60	7	#city	city	_	_	_	_	_	linguistic	_	yes	Language=NO_ISO_CODE|Variation=Token	_	_	_	_	_
60-8	PSB042	60	8	vicina	vicina	_	_	_	_	_	linguistic	_	yes	_	_	_	_	_	_
60-9	PSB042	60	9	al	al	_	_	_	_	_	linguistic	_	yes	_	_	_	_	_	_
60-10	PSB042	60	10	mare	mare	_	_	_	_	_	linguistic	_	yes	_	_	_	_	_	_
60-11	PSB042	60	11	buono	buono	_	_	_	_	_	linguistic	_	yes	_	_	_	_	_	_
60-12	PSB042	60	12	la	la	_	_	_	_	_	linguistic	_	yes	_	_	_	_	_	_
60-13	PSB042	60	13	tempo	tempo	_	_	_	_	_	linguistic	_	yes	_	End=153.137	_	_	_	_
61-0	PSB042	61	0	((tossisce))	((tossisce))	_	_	_	_	_	nonverbalbehavior	_	none	_	Begin=153.549|End=153.862	_	_	_	_
62-0	PSB005	62	0	mhmh	mhmh	_	_	_	_	_	linguistic	_	none	_	Begin=153.867|End=154.327	_	_	_	_
63-0	PSB042	63	0	per	per	_	_	_	_	_	linguistic	_	none	_	Begin=154.349	_	_	_	_
63-1	PSB042	63	1	me	me	_	_	_	_	_	linguistic	_	none	_	_	_	_	_	_
63-2	PSB042	63	2	solo	solo	_	_	_	_	_	linguistic	_	none	_	_	_	_	_	_
63-3	PSB042	63	3	la	la	_	_	_	_	_	linguistic	_	none	PauseAfter=Yes	_	_	_	_	_
63-4	PSB042	63	4	(.)	(.)	_	_	_	_	_	shortpause	_	none	_	_	_	_	_	_
63-5	PSB042	63	5	la	la	_	_	_	_	_	linguistic	_	none	_	_	_	_	_	_
63-6	PSB042	63	6	tempo	tempo	_	_	_	_	_	linguistic	_	none	_	_	_	_	_	_
63-7	PSB042	63	7	e	e	_	_	_	_	_	linguistic	_	none	_	_	_	_	_	_
63-8	PSB042	63	8	la	la	_	_	_	_	_	linguistic	_	none	_	_	_	_	_	_
63-9	PSB042	63	9	$midità	midità	_	_	_	_	_	linguistic	_	none	Orthography=Yes|Variation=Emerging	_	_	_	_	_
63-10	PSB042	63	10	che	che	_	_	_	_	_	linguistic	_	none	PauseAfter=Yes	_	_	_	_	_
63-11	PSB042	63	11	(.)	(.)	_	_	_	_	_	shortpause	_	none	_	_	_	_	_	_
63-12	PSB042	63	12	difficile.	difficile	_	_	_	_	_	linguistic	_	none	Intonation=Falling	End=159.036	_	_	_	_
64-0	PSB042	64	0	eh	eh	_	_	_	_	_	linguistic	_	yes	_	Begin=159.873	_	_	_	_
64-1	PSB042	64	1	con	con	_	_	_	_	_	linguistic	_	yes	_	_	_	_	_	_
64-2	PSB042	64	2	l'	l'	_	_	_	_	_	linguistic	_	yes	SpaceAfter=No	_	_	_	_	_
64-3	PSB042	64	3	allergia	allergia	_	_	_	_	_	linguistic	_	yes	_	_	_	_	_	_
64-4	PSB042	64	4	e:	e	_	_	_	_	_	linguistic	_	yes	PauseAfter=Yes	_	0x1	_	_	_
64-5	PSB042	64	5	(.)	(.)	_	_	_	_	_	shortpause	_	yes	_	_	_	_	_	_
64-6	PSB042	64	6	#des	des	_	_	_	_	_	linguistic	_	yes	Language=NO_ISO_CODE|Variation=Token	_	_	_	_	_
64-7	PSB042	64	7	volte	volte	_	_	_	_	_	linguistic	_	yes	_	_	_	_	_	_
64-8	PSB042	64	8	non	non	_	_	_	_	_	linguistic	_	yes	_	_	_	_	_	_
64-9	PSB042	64	9	è	è	_	_	_	_	_	linguistic	_	yes	_	_	_	_	_	_
64-10	PSB042	64	10	$respire	respire	_	_	_	_	_	linguistic	_	yes	Orthography=Yes|Variation=Emerging	_	_	_	_	_
64-11	PSB042	64	11	me~	me~	_	_	_	_	_	linguistic	_	yes	Interrupted=Yes	_	_	_	_	_
64-12	PSB042	64	12	[bene]	bene	_	_	_	_	_	linguistic	_	yes	_	End=164.823	_	_	_	0-4(6)
65-0	PSB005	65	0	[mhmh]	mhmh	_	_	_	_	_	linguistic	_	none	_	Begin=164.338|End=164.805	_	_	_	0-4(6)
66-0	PSB005	66	0	è	è	_	_	_	_	_	linguistic	_	none	_	Begin=166.111	_	_	_	_
66-1	PSB005	66	1	un	un	_	_	_	_	_	linguistic	_	none	_	_	_	_	_	_
66-2	PSB005	66	2	allergia:	allergia	_	_	_	_	_	linguistic	_	none	_	_	7x1	_	_	_
66-3	PSB005	66	3	alla	alla	_	_	_	_	_	linguistic	_	none	_	_	_	_	_	_
66-4	PSB005	66	4	eh	eh	_	_	_	_	_	linguistic	_	none	_	_	_	_	_	_
66-5	PSB005	66	5	alle	alle	_	_	_	_	_	linguistic	_	none	_	_	_	_	_	_
66-6	PSB005	66	6	piante?	piante	_	_	_	_	_	linguistic	_	none	Intonation=Rising	_	_	_	_	_
66-7	PSB005	66	7	a	a	_	_	_	_	_	linguistic	_	none	_	_	_	_	_	_
66-8	PSB005	66	8	ch[e	che	_	_	_	_	_	linguistic	_	none	_	_	_	_	_	2-3(7)
66-9	PSB005	66	9	cosa]?	cosa	_	_	_	_	_	linguistic	_	none	Intonation=Rising	End=169.624	_	_	_	0-4(7)
67-0	PSB042	67	0	[alla	alla	_	_	_	_	_	linguistic	_	yes	_	Begin=169.036	_	_	_	0-4(7)
67-1	PSB042	67	1	$mi]dità	midità	_	_	_	_	_	linguistic	_	yes	Orthography=Yes|Variation=Emerging	_	_	_	_	0-3(7)
67-2	PSB042	67	2	e	e	_	_	_	_	_	linguistic	_	yes	_	_	_	_	_	_
67-3	PSB042	67	3	alla	alla	_	_	_	_	_	linguistic	_	yes	_	_	_	_	_	_
67-4	PSB042	67	4	piante	piante	_	_	_	_	_	linguistic	_	yes	_	_	_	_	_	_
67-5	PSB042	67	5	e	e	_	_	_	_	_	linguistic	_	yes	_	_	_	_	_	_
67-6	PSB042	67	6	anche	anche	_	_	_	_	_	linguistic	_	yes	_	_	_	_	_	_
67-7	PSB042	67	7	#des	des	_	_	_	_	_	linguistic	_	yes	Language=NO_ISO_CODE|Variation=Token	_	_	_	_	_
67-8	PSB042	67	8	zanzare	zanzare	_	_	_	_	_	linguistic	_	yes	_	_	_	_	_	_
67-9	PSB042	67	9	queste	queste	_	_	_	_	_	linguistic	_	yes	_	_	_	_	_	_
67-10	PSB042	67	10	cose	cose	_	_	_	_	_	linguistic	_	yes	_	_	_	_	_	_
67-11	PSB042	67	11	((ride))	((ride))	_	_	_	_	_	nonverbalbehavior	_	yes	_	End=175.98	_	_	_	_
68-0	PSB042	68	0	difficile	difficile	_	_	_	_	_	linguistic	_	yes	_	Begin=176.08	_	_	_	_
68-1	PSB042	68	1	[per	per	_	_	_	_	_	linguistic	_	yes	_	_	_	_	_	0-3(8)
68-2	PSB042	68	2	me]	me	_	_	_	_	_	linguistic	_	yes	_	_	_	_	_	0-2(8)
68-3	PSB042	68	3	#des	des	_	_	_	_	_	linguistic	_	yes	Language=NO_ISO_CODE|Variation=Token	_	_	_	_	_
68-4	PSB042	68	4	volte	volte	_	_	_	_	_	linguistic	_	yes	_	_	_	_	_	_
68-5	PSB042	68	5	ci	ci	_	_	_	_	_	linguistic	_	yes	_	_	_	_	_	_
68-6	PSB042	68	6	senti	senti	_	_	_	_	_	linguistic	_	yes	_	_	_	_	_	_
68-7	PSB042	68	7	vuoi	vuoi	_	_	_	_	_	linguistic	_	yes	_	_	_	_	_	_
68-8	PSB042	68	8	piangere	piangere	_	_	_	_	_	linguistic	_	yes	_	End=180.46	_	_	_	_
69-0	PSB005	69	0	[adesso	adesso	_	_	_	_	_	linguistic	_	none	_	Begin=176.525	_	_	_	0-6(8)
69-1	PSB005	69	1	arriveranno]	arriveranno	_	_	_	_	_	linguistic	_	none	_	End=177.895	_	_	_	0-11(8)
70-0	PSB005	70	0	sì:	sì	_	_	_	_	_	linguistic	_	none	_	Begin=180.574	1x1	_	_	_
70-1	PSB005	70	1	che	che	_	_	_	_	_	linguistic	_	none	_	_	_	_	_	_
70-2	PSB005	70	2	brutto	brutto	_	_	_	_	_	linguistic	_	none	_	_	_	_	_	_
70-3	PSB005	70	3	quando	quando	_	_	_	_	_	linguistic	_	none	_	_	_	_	_	_
70-4	PSB005	70	4	arr~	arr~	_	_	_	_	_	linguistic	_	none	Interrupted=Yes	_	_	_	_	_
70-5	PSB005	70	5	adesso	adesso	_	_	_	_	_	linguistic	_	none	_	_	_	_	_	_
70-6	PSB005	70	6	arriveranno	arriveranno	_	_	_	_	_	linguistic	_	none	_	_	_	_	_	_
70-7	PSB005	70	7	le	le	_	_	_	_	_	linguistic	_	none	_	_	_	_	_	_
70-8	PSB005	70	8	zanzare	zanzare	_	_	_	_	_	linguistic	_	none	_	_	_	_	_	_
70-9	PSB005	70	9	e	e	_	_	_	_	_	linguistic	_	none	_	_	_	_	_	_
70-10	PSB005	70	10	sarà	sarà	_	_	_	_	_	linguistic	_	none	_	_	_	_	_	_
70-11	PSB005	70	11	brutt[issimo]	bruttissimo	_	_	_	_	_	linguistic	_	none	_	End=184.186	_	_	_	5-11(9)
71-0	PSB042	71	0	[s:ì:]	sì	_	_	_	_	_	linguistic	_	none	_	Begin=183.699	0x1,1x1	_	_	0-2(9)
71-1	PSB042	71	1	ci	ci	_	_	_	_	_	linguistic	_	none	_	_	_	_	_	_
71-2	PSB042	71	2	s~	s~	_	_	_	_	_	linguistic	_	none	Interrupted=Yes	End=184.721	_	_	_	_
72-0	PSB042	72	0	provare	provare	_	_	_	_	_	linguistic	_	yes	_	Begin=185.338	_	_	_	_
72-1	PSB042	72	1	#*des	des	_	_	_	_	_	linguistic	_	yes	Language=NO_ISO_CODE|Variation=Doubtful	_	_	_	_	_
72-2	PSB042	72	2	#*spray	spray	_	_	_	_	_	linguistic	_	yes	Language=NO_ISO_CODE|Variation=Doubtful	_	_	_	_	_
72-3	PSB042	72	3	le	le	_	_	_	_	_	linguistic	_	yes	_	_	_	_	_	_
72-4	PSB042	72	4	cose	cose	_	_	_	_	_	linguistic	_	yes	_	_	_	_	_	_
72-5	PSB042	72	5	ma	ma	_	_	_	_	_	linguistic	_	yes	_	End=187.521	_	_	_	_
73-0	PSB042	73	0	è	è	_	_	_	_	_	linguistic	_	none	_	Begin=188.85	_	_	_	_
73-1	PSB042	73	1	passato.	passato	_	_	_	_	_	linguistic	_	none	Intonation=Falling|PauseAfter=Yes	_	_	_	_	_
73-2	PSB042	73	2	(.)	(.)	_	_	_	_	_	shortpause	_	none	_	_	_	_	_	_
73-3	PSB042	73	3	tre	tre	_	_	_	_	_	linguistic	_	none	_	_	_	_	_	_
73-4	PSB042	73	4	mesi	mesi	_	_	_	_	_	linguistic	_	none	_	_	_	_	_	_
73-5	PSB042	73	5	di	di	_	_	_	_	_	linguistic	_	none	_	_	_	_	_	_
73-6	PSB042	73	6	zanzare,	zanzare	_	_	_	_	_	linguistic	_	none	Intonation=WeaklyRising	_	_	_	_	_
73-7	PSB042	73	7	di	di	_	_	_	_	_	linguistic	_	none	_	_	_	_	_	_
73-8	PSB042	73	8	ni:	ni	_	_	_	_	_	linguistic	_	none	_	_	1x1	_	_	_
73-9	PSB042	73	9	mi~,	mi~	_	_	_	_	_	linguistic	_	none	Intonation=WeaklyRising|Interrupted=Yes	_	_	_	_	_
73-10	PSB042	73	10	$midità.	midità	_	_	_	_	_	linguistic	_	none	Intonation=Falling|Orthography=Yes|Variation=Emerging	_	_	_	_	_
73-11	PSB042	73	11	alta:	alta	_	_	_	_	_	linguistic	_	none	_	End=194.25	3x1	_	_	_
74-0	PSB005	74	0	mhmh	mhmh	_	_	_	_	_	linguistic	_	none	_	Begin=194.313|End=194.64249999999998	_	_	_	_
75-0	PSB042	75	0	resiste:	resiste	_	_	_	_	_	linguistic	_	none	PauseAfter=Yes	Begin=194.64249999999998	6x1	_	_	_
75-1	PSB042	75	1	(.)	(.)	_	_	_	_	_	shortpause	_	none	_	_	_	_	_	_
75-2	PSB042	75	2	aspettare	aspettare	_	_	_	_	_	linguistic	_	none	_	_	_	_	_	_
75-3	PSB042	75	3	fine	fine	_	_	_	_	_	linguistic	_	none	_	_	_	_	_	_
75-4	PSB042	75	4	quest(e)	queste	_	_	_	_	_	linguistic	_	none	_	_	_	_	5-6(0)	_
75-5	PSB042	75	5	mese	mese	_	_	_	_	_	linguistic	_	none	_	End=198.227	_	_	_	_
76-0	PSB005	76	0	e:h	eh	_	_	_	_	_	linguistic	_	none	_	Begin=198.272	0x1	_	_	_
76-1	PSB005	76	1	fine	fine	_	_	_	_	_	linguistic	_	none	_	_	_	_	_	_
76-2	PSB005	76	2	settembre.	settembre	_	_	_	_	_	linguistic	_	none	Intonation=Falling	End=199.689	_	_	_	_
77-0	PSB042	77	0	e::h	eh	_	_	_	_	_	linguistic	_	none	_	Begin=199.811	0x2	_	_	_
77-1	PSB042	77	1	a:h	ah	_	_	_	_	_	linguistic	_	none	_	_	0x1	_	_	_
77-2	PSB042	77	2	[eh]	eh	_	_	_	_	_	linguistic	_	none	_	End=201.417	_	_	_	0-2(10)
78-0	PSB005	78	0	[c'	c'	_	_	_	_	_	linguistic	_	none	SpaceAfter=No	Begin=200.335	_	_	_	0-2(10)
78-1	PSB005	78	1	è	è	_	_	_	_	_	linguistic	_	none	_	_	_	_	_	0-1(10)
78-2	PSB005	78	2	te:mpo	tempo	_	_	_	_	_	linguistic	_	none	_	_	1x1	_	_	0-5(10)
78-3	PSB005	78	3	ancora	ancora	_	_	_	_	_	linguistic	_	none	_	_	_	_	_	0-6(10)
78-4	PSB005	78	4	un]	un	_	_	_	_	_	linguistic	_	none	_	_	_	_	_	0-2(10)
78-5	PSB005	78	5	po'	po'	_	_	_	_	_	linguistic	_	none	_	End=201.718	_	_	_	_
79-0	PSB042	79	0	((ride))	((ride))	_	_	_	_	_	nonverbalbehavior	_	none	_	Begin=201.447|End=203.225	_	_	_	_
80-0	PSB005	80	0	sì	sì	_	_	_	_	_	linguistic	_	none	_	Begin=202.496|End=202.856	_	_	_	_
81-0	PSB005	81	0	eh	eh	_	_	_	_	_	linguistic	_	none	_	Begin=203.313	_	_	_	_
81-1	PSB005	81	1	ma	ma	_	_	_	_	_	linguistic	_	none	_	_	_	_	_	_
81-2	PSB005	81	2	tu	tu	_	_	_	_	_	linguistic	_	none	_	_	_	_	_	_
81-3	PSB005	81	3	prima	prima	_	_	_	_	_	linguistic	_	none	_	_	_	_	_	_
81-4	PSB005	81	4	di	di	_	_	_	_	_	linguistic	_	none	_	_	_	_	_	_
81-5	PSB005	81	5	vivere	vivere	_	_	_	_	_	linguistic	_	none	_	_	_	_	_	_
81-6	PSB005	81	6	a	a	_	_	_	_	_	linguistic	_	none	_	_	_	_	_	_
81-7	PSB005	81	7	bologna,	bologna	_	_	_	_	_	linguistic	_	none	Intonation=WeaklyRising	_	_	_	_	_
81-8	PSB005	81	8	abitavi	abitavi	_	_	_	_	_	linguistic	_	none	_	_	_	_	_	_
81-9	PSB005	81	9	in	in	_	_	_	_	_	linguistic	_	none	_	_	_	_	_	_
81-10	PSB005	81	10	marocco.	marocco	_	_	_	_	_	linguistic	_	none	Intonation=Falling	End=206.224	_	_	_	_
82-0	PSB042	82	0	sì	sì	_	_	_	_	_	linguistic	_	none	_	Begin=206.4	_	_	_	_
82-1	PSB042	82	1	sì:.	sì	_	_	_	_	_	linguistic	_	none	Intonation=Falling	End=206.977	1x1	_	_	_
83-0	PSB005	83	0	non	non	_	_	_	_	_	linguistic	_	none	_	Begin=207.772	_	_	_	_
83-1	PSB005	83	1	hai,	hai	_	_	_	_	_	linguistic	_	none	Intonation=WeaklyRising|PauseAfter=Yes	_	_	_	_	_
83-2	PSB005	83	2	(.)	(.)	_	_	_	_	_	shortpause	_	none	_	_	_	_	_	_
83-3	PSB005	83	3	visto	visto	_	_	_	_	_	linguistic	_	none	_	_	_	_	_	_
83-4	PSB005	83	4	altre	altre	_	_	_	_	_	linguistic	_	none	_	_	_	_	_	_
83-5	PSB005	83	5	città	città	_	_	_	_	_	linguistic	_	none	_	_	_	_	_	_
83-6	PSB005	83	6	dell'	dell'	_	_	_	_	_	linguistic	_	none	SpaceAfter=No	_	_	_	_	_
83-7	PSB005	83	7	italia.	italia	_	_	_	_	_	linguistic	_	none	Intonation=Falling	End=210.25	_	_	_	_
84-0	PSB042	84	0	e:h	eh	_	_	_	_	_	linguistic	_	none	_	Begin=211.332	0x1	_	_	_
84-1	PSB042	84	1	visto,	visto	_	_	_	_	_	linguistic	_	none	Intonation=WeaklyRising	_	_	_	_	_
84-2	PSB042	84	2	altre	altre	_	_	_	_	_	linguistic	_	none	_	_	_	_	_	_
84-3	PSB042	84	3	città	città	_	_	_	_	_	linguistic	_	none	_	End=213.841	_	_	_	_
85-0	PSB042	85	0	perché	perché	_	_	_	_	_	linguistic	_	yes	_	Begin=214.441	_	_	_	_
85-1	PSB042	85	1	io	io	_	_	_	_	_	linguistic	_	yes	_	_	_	_	_	_
85-2	PSB042	85	2	#dejà	dejà	_	_	_	_	_	linguistic	_	yes	Language=NO_ISO_CODE|Variation=Token	_	_	_	_	_
85-3	PSB042	85	3	arriva	arriva	_	_	_	_	_	linguistic	_	yes	_	_	_	_	_	_
85-4	PSB042	85	4	la	la	_	_	_	_	_	linguistic	_	yes	_	_	_	_	_	_
85-5	PSB042	85	5	prima	prima	_	_	_	_	_	linguistic	_	yes	_	_	_	_	_	_
85-6	PSB042	85	6	volta	volta	_	_	_	_	_	linguistic	_	yes	_	_	_	_	_	_
85-7	PSB042	85	7	de~	de~	_	_	_	_	_	linguistic	_	yes	Interrupted=Yes	_	_	_	_	_
85-8	PSB042	85	8	a	a	_	_	_	_	_	linguistic	_	yes	_	_	_	_	_	_
85-9	PSB042	85	9	cu~	cu~	_	_	_	_	_	linguistic	_	yes	Interrupted=Yes	End=218.157	_	_	_	_
86-0	PSB042	86	0	diciassette	diciassette	_	_	_	_	_	linguistic	_	yes	_	Begin=218.533	_	_	_	_
86-1	PSB042	86	1	$an(e)	ane	_	_	_	_	_	linguistic	_	yes	Orthography=Yes|Variation=Emerging	_	_	_	3-4(0)	_
86-2	PSB042	86	2	arriva	arriva	_	_	_	_	_	linguistic	_	yes	PauseAfter=Yes	_	_	_	_	_
86-3	PSB042	86	3	(.)	(.)	_	_	_	_	_	shortpause	_	yes	_	_	_	_	_	_
86-4	PSB042	86	4	giovane	giovane	_	_	_	_	_	linguistic	_	yes	_	_	_	_	_	_
86-5	PSB042	86	5	#*a	a	_	_	_	_	_	linguistic	_	yes	Language=NO_ISO_CODE|Variation=Doubtful	_	_	_	_	_
86-6	PSB042	86	6	#*l'	l'	_	_	_	_	_	linguistic	_	yes	SpaceAfter=No|Language=NO_ISO_CODE|Variation=Doubtful	_	_	_	_	_
86-7	PSB042	86	7	#italie	italie	_	_	_	_	_	linguistic	_	yes	Language=NO_ISO_CODE|Variation=Token	_	_	_	_	_
86-8	PSB042	86	8	ma:	ma	_	_	_	_	_	linguistic	_	yes	PauseAfter=Yes	_	1x1	_	_	_
86-9	PSB042	86	9	(.)	(.)	_	_	_	_	_	shortpause	_	yes	_	_	_	_	_	_
86-10	PSB042	86	10	non	non	_	_	_	_	_	linguistic	_	yes	_	_	_	_	_	_
86-11	PSB042	86	11	è	è	_	_	_	_	_	linguistic	_	yes	_	_	_	_	_	_
86-12	PSB042	86	12	resiste	resiste	_	_	_	_	_	linguistic	_	yes	_	End=224.241	_	_	_	_
87-0	PSB005	87	0	m[:h].	mh	_	_	_	_	_	linguistic	_	none	Intonation=Falling	Begin=224.8|End=225.033	0x1	_	_	1-2(13)
88-0	PSB042	88	0	[s]ola:	sola	_	_	_	_	_	linguistic	_	yes	_	Begin=224.999	3x1	_	_	0-1(13)
88-1	PSB042	88	1	no	no	_	_	_	_	_	linguistic	_	yes	_	_	_	_	_	_
88-2	PSB042	88	2	ce	ce	_	_	_	_	_	linguistic	_	yes	_	_	_	_	_	_
88-3	PSB042	88	3	l'	l'	_	_	_	_	_	linguistic	_	yes	SpaceAfter=No	_	_	_	_	_
88-4	PSB042	88	4	ho	ho	_	_	_	_	_	linguistic	_	yes	_	_	_	_	_	_
88-5	PSB042	88	5	#ni	ni	_	_	_	_	_	linguistic	_	yes	Language=NO_ISO_CODE|Variation=Token	_	_	_	_	_
88-6	PSB042	88	6	marito	marito	_	_	_	_	_	linguistic	_	yes	_	_	_	_	_	_
88-7	PSB042	88	7	#ni	ni	_	_	_	_	_	linguistic	_	yes	Language=NO_ISO_CODE|Variation=Token	_	_	_	_	_
88-8	PSB042	88	8	niente	niente	_	_	_	_	_	linguistic	_	yes	_	_	_	_	_	_
88-9	PSB042	88	9	ma:	ma	_	_	_	_	_	linguistic	_	yes	PauseAfter=Yes	_	1x1	_	_	_
88-10	PSB042	88	10	(.)	(.)	_	_	_	_	_	shortpause	_	yes	_	_	_	_	_	_
88-11	PSB042	88	11	tutto	tutto	_	_	_	_	_	linguistic	_	yes	_	_	_	_	_	_
88-12	PSB042	88	12	nuovo	nuovo	_	_	_	_	_	linguistic	_	yes	_	_	_	_	_	_
88-13	PSB042	88	13	per	per	_	_	_	_	_	linguistic	_	yes	_	_	_	_	_	_
88-14	PSB042	88	14	me,	me	_	_	_	_	_	linguistic	_	yes	Intonation=WeaklyRising	End=229.749	_	_	_	_
89-0	PSB042	89	0	e:h	eh	_	_	_	_	_	linguistic	_	none	_	Begin=230.7	0x1	_	_	_
89-1	PSB042	89	1	(deprime).	deprime	_	_	_	_	_	linguistic	_	none	Intonation=Falling	_	_	_	0-7(0)	_
89-2	PSB042	89	2	eh	eh	_	_	_	_	_	linguistic	_	none	_	_	_	_	_	_
89-3	PSB042	89	3	ret~	ret~	_	_	_	_	_	linguistic	_	none	Interrupted=Yes	_	_	_	_	_
89-4	PSB042	89	4	ritorna	ritorna	_	_	_	_	_	linguistic	_	none	_	_	_	_	_	_
89-5	PSB042	89	5	a	a	_	_	_	_	_	linguistic	_	none	_	_	_	_	_	_
89-6	PSB042	89	6	mia	mia	_	_	_	_	_	linguistic	_	none	_	_	_	_	_	_
89-7	PSB042	89	7	paese	paese	_	_	_	_	_	linguistic	_	none	_	End=234.607	_	_	_	_
90-0	PSB042	90	0	e	e	_	_	_	_	_	linguistic	_	yes	_	Begin=235.091	_	_	_	_
90-1	PSB042	90	1	do:po	dopo	_	_	_	_	_	linguistic	_	yes	_	_	1x1	_	_	_
90-2	PSB042	90	2	#des	des	_	_	_	_	_	linguistic	_	yes	Language=NO_ISO_CODE|Variation=Token	_	_	_	_	_
90-3	PSB042	90	3	$an(e)	ane	_	_	_	_	_	linguistic	_	yes	Orthography=Yes|Variation=Emerging	_	_	_	3-4(0)	_
90-4	PSB042	90	4	sai	sai	_	_	_	_	_	linguistic	_	yes	PauseAfter=Yes	_	_	_	_	_
90-5	PSB042	90	5	(.)	(.)	_	_	_	_	_	shortpause	_	yes	_	_	_	_	_	_
90-6	PSB042	90	6	non	non	_	_	_	_	_	linguistic	_	yes	_	_	_	_	_	_
90-7	PSB042	90	7	vuoi	vuoi	_	_	_	_	_	linguistic	_	yes	_	_	_	_	_	_
90-8	PSB042	90	8	più:	più	_	_	_	_	_	linguistic	_	yes	_	_	2x1	_	_	_
90-9	PSB042	90	9	vivere	vivere	_	_	_	_	_	linguistic	_	yes	_	_	_	_	_	_
90-10	PSB042	90	10	a	a	_	_	_	_	_	linguistic	_	yes	_	_	_	_	_	_
90-11	PSB042	90	11	mia	mia	_	_	_	_	_	linguistic	_	yes	_	_	_	_	_	_
90-12	PSB042	90	12	paese	paese	_	_	_	_	_	linguistic	_	yes	_	_	_	_	_	_
90-13	PSB042	90	13	tutta	tutta	_	_	_	_	_	linguistic	_	yes	_	_	_	_	_	_
90-14	PSB042	90	14	a	a	_	_	_	_	_	linguistic	_	yes	_	_	_	_	_	_
90-15	PSB042	90	15	posto	posto	_	_	_	_	_	linguistic	_	yes	_	End=241.616	_	_	_	_
91-0	PSB042	91	0	ma	ma	_	_	_	_	_	linguistic	_	none	_	Begin=242.224	_	_	_	_
91-1	PSB042	91	1	così	così	_	_	_	_	_	linguistic	_	none	_	_	_	_	_	_
91-2	PSB042	91	2	un	un	_	_	_	_	_	linguistic	_	none	_	_	_	_	_	_
91-3	PSB042	91	3	giorno:	giorno	_	_	_	_	_	linguistic	_	none	_	_	5x1	_	_	_
91-4	PSB042	91	4	vedere	vedere	_	_	_	_	_	linguistic	_	none	_	_	_	_	_	_
91-5	PSB042	91	5	mio:	mio	_	_	_	_	_	linguistic	_	none	PauseAfter=Yes	_	2x1	_	_	_
91-6	PSB042	91	6	(.)	(.)	_	_	_	_	_	shortpause	_	none	_	_	_	_	_	_
91-7	PSB042	91	7	ho	ho	_	_	_	_	_	linguistic	_	none	_	_	_	_	_	_
91-8	PSB042	91	8	incontrato	incontrato	_	_	_	_	_	linguistic	_	none	_	_	_	_	_	_
91-9	PSB042	91	9	con	con	_	_	_	_	_	linguistic	_	none	_	_	_	_	_	_
91-10	PSB042	91	10	mio	mio	_	_	_	_	_	linguistic	_	none	_	_	_	_	_	_
91-11	PSB042	91	11	marito	marito	_	_	_	_	_	linguistic	_	none	_	_	_	_	_	_
91-12	PSB042	91	12	ma	ma	_	_	_	_	_	linguistic	_	none	_	_	_	_	_	_
91-13	PSB042	91	13	mia	mia	_	_	_	_	_	linguistic	_	none	_	_	_	_	_	_
91-14	PSB042	91	14	testa	testa	_	_	_	_	_	linguistic	_	none	_	_	_	_	_	_
91-15	PSB042	91	15	non	non	_	_	_	_	_	linguistic	_	none	_	_	_	_	_	_
91-16	PSB042	91	16	è	è	_	_	_	_	_	linguistic	_	none	_	_	_	_	_	_
91-17	PSB042	91	17	pens(a)	pensa	_	_	_	_	_	linguistic	_	none	_	_	_	_	4-5(0)	_
91-18	PSB042	91	18	no:	no	_	_	_	_	_	linguistic	_	none	_	End=249.874	1x1	_	_	_
92-0	PSB042	92	0	a	a	_	_	_	_	_	linguistic	_	yes	_	Begin=250.3	_	_	_	_
92-1	PSB042	92	1	matrimonio	matrimonio	_	_	_	_	_	linguistic	_	yes	_	_	_	_	_	_
92-2	PSB042	92	2	#ni	ni	_	_	_	_	_	linguistic	_	yes	Language=NO_ISO_CODE|Variation=Token	_	_	_	_	_
92-3	PSB042	92	3	#*a	a	_	_	_	_	_	linguistic	_	yes	Language=NO_ISO_CODE|Variation=Doubtful	_	_	_	_	_
92-4	PSB042	92	4	#*l'	l'	_	_	_	_	_	linguistic	_	yes	SpaceAfter=No|Language=NO_ISO_CODE|Variation=Doubtful	_	_	_	_	_
92-5	PSB042	92	5	#italie	italie	_	_	_	_	_	linguistic	_	yes	Language=NO_ISO_CODE|Variation=Token	_	_	_	_	_
92-6	PSB042	92	6	#ni	ni	_	_	_	_	_	linguistic	_	yes	Language=NO_ISO_CODE|Variation=Token	_	_	_	_	_
92-7	PSB042	92	7	di	di	_	_	_	_	_	linguistic	_	yes	_	_	_	_	_	_
92-8	PSB042	92	8	niente	niente	_	_	_	_	_	linguistic	_	yes	_	End=253.225	_	_	_	_
93-0	PSB042	93	0	ma	ma	_	_	_	_	_	linguistic	_	none	_	Begin=254.082	_	_	_	_
93-1	PSB042	93	1	così,.	così,.	_	_	_	_	_	error	_	none	PauseAfter=Yes	_	_	_	_	_
93-2	PSB042	93	2	[(.)]	(.)	_	_	_	_	_	shortpause	_	none	_	_	_	_	_	X(14)
93-3	PSB042	93	3	va:	va	_	_	_	_	_	linguistic	_	none	_	_	1x1	_	_	_
93-4	PSB042	93	4	e:	e	_	_	_	_	_	linguistic	_	none	_	_	0x1	_	_	_
93-5	PSB042	93	5	fare	fare	_	_	_	_	_	linguistic	_	none	_	_	_	_	_	_
93-6	PSB042	93	6	matrimo~	matrimo~	_	_	_	_	_	linguistic	_	none	Interrupted=Yes	_	_	_	_	_
93-7	PSB042	93	7	e	e	_	_	_	_	_	linguistic	_	none	_	_	_	_	_	_
93-8	PSB042	93	8	ritorno:	ritorno	_	_	_	_	_	linguistic	_	none	_	_	6x1	_	_	_
93-9	PSB042	93	9	di	di	_	_	_	_	_	linguistic	_	none	_	_	_	_	_	_
93-10	PSB042	93	10	nuovo	nuovo	_	_	_	_	_	linguistic	_	none	_	End=258.782	_	_	_	_
94-0	PSB005	94	0	[°mhmh°]	mhmh	_	_	_	_	_	linguistic	_	none	Volume=low	Begin=254.993|End=255.433	_	_	_	0-4(14)
95-0	PSB042	95	0	così	così	_	_	_	_	_	linguistic	_	none	_	Begin=259.466	_	_	_	_
95-1	PSB042	95	1	la	la	_	_	_	_	_	linguistic	_	none	_	_	_	_	_	_
95-2	PSB042	95	2	dio	dio	_	_	_	_	_	linguistic	_	none	_	_	_	_	_	_
95-3	PSB042	95	3	vuoi.	vuoi	_	_	_	_	_	linguistic	_	none	Intonation=Falling	End=261.125	_	_	_	_
96-0	PSB005	96	0	sì	sì	_	_	_	_	_	linguistic	_	none	_	Begin=261.45	_	_	_	_
96-1	PSB005	96	1	sì	sì	_	_	_	_	_	linguistic	_	none	_	End=261.673	_	_	_	_
97-0	PSB042	97	0	è	è	_	_	_	_	_	linguistic	_	none	_	Begin=261.683	_	_	_	_
97-1	PSB042	97	1	vero.	vero	_	_	_	_	_	linguistic	_	none	Intonation=Falling	End=262.341	_	_	_	_
98-0	PSB005	98	0	mh	mh	_	_	_	_	_	linguistic	_	none	_	Begin=262.659|End=262.979	_	_	_	_
99-0	PSB042	99	0	eh?	eh	_	_	_	_	_	linguistic	_	none	Intonation=Rising	Begin=263.083	_	_	_	_
99-1	PSB042	99	1	che	che	_	_	_	_	_	linguistic	_	none	_	_	_	_	_	_
99-2	PSB042	99	2	non	non	_	_	_	_	_	linguistic	_	none	_	_	_	_	_	_
99-3	PSB042	99	3	è	è	_	_	_	_	_	linguistic	_	none	_	_	_	_	_	_
99-4	PSB042	99	4	penso	penso	_	_	_	_	_	linguistic	_	none	_	_	_	_	_	_
99-5	PSB042	99	5	co:-	co-	_	_	_	_	_	linguistic	_	none	Interrupted=Yes	_	1x1	_	_	_
99-6	PSB042	99	6	vuoi	vuoi	_	_	_	_	_	linguistic	_	none	_	_	_	_	_	_
99-7	PSB042	99	7	de	de	_	_	_	_	_	linguistic	_	none	_	_	_	_	_	_
99-8	PSB042	99	8	nuovo	nuovo	_	_	_	_	_	linguistic	_	none	_	_	_	_	_	_
99-9	PSB042	99	9	vivere	vivere	_	_	_	_	_	linguistic	_	none	_	_	_	_	_	_
99-10	PSB042	99	10	qua.	qua	_	_	_	_	_	linguistic	_	none	Intonation=Falling	End=266.483	_	_	_	_
100-0	PSB042	100	0	e	e	_	_	_	_	_	linguistic	_	none	_	Begin=267.787	_	_	_	_
100-1	PSB042	100	1	va	va	_	_	_	_	_	linguistic	_	none	_	End=268.287	_	_	_	_
101-0	PSB042	101	0	((ride))	((ride))	_	_	_	_	_	nonverbalbehavior	_	none	_	Begin=268.791|End=269.033	_	_	_	_
102-0	PSB005	102	0	certo	certo	_	_	_	_	_	linguistic	_	none	_	Begin=269.1|End=269.475	_	_	_	_
103-0	PSB042	103	0	sì:	sì	_	_	_	_	_	linguistic	_	none	_	Begin=269.766|End=270.027	1x1	_	_	_
104-0	PSB005	104	0	e	e	_	_	_	_	_	linguistic	_	none	_	Begin=270.027	_	_	_	_
104-1	PSB005	104	1	quando	quando	_	_	_	_	_	linguistic	_	none	_	_	_	_	_	_
104-2	PSB005	104	2	avevi	avevi	_	_	_	_	_	linguistic	_	none	_	_	_	_	_	_
104-3	PSB005	104	3	diciassette	diciassette	_	_	_	_	_	linguistic	_	none	_	_	_	_	_	_
104-4	PSB005	104	4	anni	anni	_	_	_	_	_	linguistic	_	none	_	_	_	_	_	_
104-5	PSB005	104	5	sei	sei	_	_	_	_	_	linguistic	_	none	_	_	_	_	_	_
104-6	PSB005	104	6	venuta:	venuta	_	_	_	_	_	linguistic	_	none	PauseAfter=Yes	_	5x1	_	_	_
104-7	PSB005	104	7	(.)	(.)	_	_	_	_	_	shortpause	_	none	_	_	_	_	_	_
104-8	PSB005	104	8	[in	in	_	_	_	_	_	linguistic	_	none	_	_	_	_	_	0-2(15)
104-9	PSB005	104	9	quale	quale	_	_	_	_	_	linguistic	_	none	_	_	_	_	_	0-5(15)
104-10	PSB005	104	10	paes]e.	paese	_	_	_	_	_	linguistic	_	none	Intonation=Falling	End=273.87	_	_	_	0-4(15)
105-0	PSB042	105	0	[vente:~.]	vente~	_	_	_	_	_	linguistic	_	none	Intonation=Falling|Interrupted=Yes	Begin=272.557|End=273.907	4x1	_	_	0-6(15)
106-0	PSB005	106	0	in	in	_	_	_	_	_	linguistic	_	none	_	Begin=274.0	_	_	_	_
106-1	PSB005	106	1	quale	quale	_	_	_	_	_	linguistic	_	none	_	_	_	_	_	_
106-2	PSB005	106	2	[città:]	città	_	_	_	_	_	linguistic	_	none	_	End=274.758	4x1	_	_	0-5(16)
107-0	PSB042	107	0	[no:	no	_	_	_	_	_	linguistic	_	none	_	Begin=274.378	1x1	_	_	0-2(16)
107-1	PSB042	107	1	ale]ssandria.	alessandria	_	_	_	_	_	linguistic	_	none	Intonation=Falling	End=275.778	_	_	_	0-3(16)
108-0	PSB042	108	0	sì:.	sì	_	_	_	_	_	linguistic	_	none	Intonation=Falling	Begin=276.632|End=277.216	1x1	_	_	_
109-0	PSB005	109	0	°okay°	okay	_	_	_	_	_	linguistic	_	none	Volume=low	Begin=277.349|End=277.619	_	_	_	_
110-0	PSB042	110	0	sì:	sì	_	_	_	_	_	linguistic	_	none	_	Begin=278.041	1x1	_	_	_
110-1	PSB042	110	1	ma	ma	_	_	_	_	_	linguistic	_	none	_	_	_	_	_	_
110-2	PSB042	110	2	è	è	_	_	_	_	_	linguistic	_	none	_	_	_	_	_	_
110-3	PSB042	110	3	giovane	giovane	_	_	_	_	_	linguistic	_	none	_	_	_	_	_	_
110-4	PSB042	110	4	non	non	_	_	_	_	_	linguistic	_	none	_	_	_	_	_	_
110-5	PSB042	110	5	è	è	_	_	_	_	_	linguistic	_	none	_	_	_	_	_	_
110-6	PSB042	110	6	resiste.	resiste	_	_	_	_	_	linguistic	_	none	Intonation=Falling	End=280.299	_	_	_	_
111-0	PSB005	111	0	°mh°	mh	_	_	_	_	_	linguistic	_	none	Volume=low	Begin=280.739|End=280.899	_	_	_	_
112-0	PSB042	112	0	ma	ma	_	_	_	_	_	linguistic	_	yes	_	Begin=280.933	_	_	_	_
112-1	PSB042	112	1	adesso,	adesso	_	_	_	_	_	linguistic	_	yes	Intonation=WeaklyRising	_	_	_	_	_
112-2	PSB042	112	2	con	con	_	_	_	_	_	linguistic	_	yes	_	_	_	_	_	_
112-3	PSB042	112	3	grande:,	grande	_	_	_	_	_	linguistic	_	yes	Intonation=WeaklyRising	_	5x1	_	_	_
112-4	PSB042	112	4	#*la	la	_	_	_	_	_	linguistic	_	yes	Language=NO_ISO_CODE|Variation=Doubtful	_	_	_	_	_
112-5	PSB042	112	5	#personalité	personalité	_	_	_	_	_	linguistic	_	yes	Language=NO_ISO_CODE|Variation=Token	_	_	_	_	_
112-6	PSB042	112	6	cambia.	cambia	_	_	_	_	_	linguistic	_	yes	Intonation=Falling	_	_	_	_	_
112-7	PSB042	112	7	poi	poi	_	_	_	_	_	linguistic	_	yes	_	_	_	_	_	_
112-8	PSB042	112	8	resiste.	resiste	_	_	_	_	_	linguistic	_	yes	Intonation=Falling	End=286.275	_	_	_	_
113-0	PSB005	113	0	sì	sì	_	_	_	_	_	linguistic	_	none	_	Begin=286.779	_	_	_	_
113-1	PSB005	113	1	[sì].	sì	_	_	_	_	_	linguistic	_	none	Intonation=Falling	End=287.189	_	_	_	0-2(17)
114-0	PSB042	114	0	[ma]	ma	_	_	_	_	_	linguistic	_	none	_	Begin=287.017	_	_	_	0-2(17)
114-1	PSB042	114	1	con	con	_	_	_	_	_	linguistic	_	none	_	_	_	_	_	_
114-2	PSB042	114	2	giovani:.	giovani	_	_	_	_	_	linguistic	_	none	Intonation=Falling	End=288.717	6x1	_	_	_
115-0	PSB005	115	0	[quanto	quanto	_	_	_	_	_	linguistic	_	none	_	Begin=289.783	_	_	_	0-6(18)
115-1	PSB005	115	1	tempo	tempo	_	_	_	_	_	linguistic	_	none	_	_	_	_	_	0-5(18)
115-2	PSB005	115	2	se]i	sei	_	_	_	_	_	linguistic	_	none	_	_	_	_	_	0-2(18)
115-3	PSB005	115	3	fer~	fer~	_	_	_	_	_	linguistic	_	none	Interrupted=Yes	_	_	_	_	_
115-4	PSB005	115	4	ti	ti	_	_	_	_	_	linguistic	_	none	_	_	_	_	_	_
115-5	PSB005	115	5	sei	sei	_	_	_	_	_	linguistic	_	none	_	_	_	_	_	_
115-6	PSB005	115	6	fermata	fermata	_	_	_	_	_	linguistic	_	none	_	_	_	_	_	_
115-7	PSB005	115	7	in	in	_	_	_	_	_	linguistic	_	none	_	_	_	_	_	_
115-8	PSB005	115	8	italia.	italia	_	_	_	_	_	linguistic	_	none	Intonation=Falling	End=291.816	_	_	_	_
116-0	PSB042	116	0	[<no>.]	no	_	_	_	_	_	linguistic	_	none	Intonation=Falling	Begin=289.832|End=290.482	_	Slow=0-2(0)	_	0-2(18)
117-0	PSB042	117	0	la	la	_	_	_	_	_	linguistic	_	none	_	Begin=292.328	_	_	_	_
117-1	PSB042	117	1	prima	prima	_	_	_	_	_	linguistic	_	none	_	_	_	_	_	_
117-2	PSB042	117	2	vo[lt]a?	volta	_	_	_	_	_	linguistic	_	none	Intonation=Rising	End=293.46	_	_	_	2-4(19)
118-0	PSB005	118	0	[sì]	sì	_	_	_	_	_	linguistic	_	none	_	Begin=293.028|End=293.295	_	_	_	0-2(19)
119-0	PSB042	119	0	un	un	_	_	_	_	_	linguistic	_	none	_	Begin=293.619	_	_	_	_
119-1	PSB042	119	1	anno	anno	_	_	_	_	_	linguistic	_	none	_	End=294.366	_	_	_	_
120-0	PSB005	120	0	°mh°	mh	_	_	_	_	_	linguistic	_	none	Volume=low	Begin=294.534|End=294.944	_	_	_	_
121-0	PSB042	121	0	e	e	_	_	_	_	_	linguistic	_	none	_	Begin=295.316	_	_	_	_
121-1	PSB042	121	1	anche	anche	_	_	_	_	_	linguistic	_	none	_	_	_	_	_	_
121-2	PSB042	121	2	non	non	_	_	_	_	_	linguistic	_	none	_	_	_	_	_	_
121-3	PSB042	121	3	è	è	_	_	_	_	_	linguistic	_	none	_	_	_	_	_	_
121-4	PSB042	121	4	aspetta	aspetta	_	_	_	_	_	linguistic	_	none	_	_	_	_	_	_
121-5	PSB042	121	5	v:-	v-	_	_	_	_	_	linguistic	_	none	Interrupted=Yes	_	0x1	_	_	_
121-6	PSB042	121	6	la	la	_	_	_	_	_	linguistic	_	none	_	_	_	_	_	_
121-7	PSB042	121	7	mio	mio	_	_	_	_	_	linguistic	_	none	_	_	_	_	_	_
121-8	PSB042	121	8	<permesso:>,	permesso	_	_	_	_	_	linguistic	_	none	Intonation=WeaklyRising	_	7x1	Slow=0-8(0)	_	_
121-9	PSB042	121	9	lascia	lascia	_	_	_	_	_	linguistic	_	none	_	_	_	_	_	_
121-10	PSB042	121	10	tutt(o)	tutto	_	_	_	_	_	linguistic	_	none	_	_	_	_	4-5(0)	_
121-11	PSB042	121	11	e	e	_	_	_	_	_	linguistic	_	none	_	_	_	_	_	_
121-12	PSB042	121	12	ritorna	ritorna	_	_	_	_	_	linguistic	_	none	_	_	_	_	_	_
121-13	PSB042	121	13	a	a	_	_	_	_	_	linguistic	_	none	_	_	_	_	_	_
121-14	PSB042	121	14	mia	mia	_	_	_	_	_	linguistic	_	none	_	_	_	_	_	_
121-15	PSB042	121	15	paese.	paese	_	_	_	_	_	linguistic	_	none	Intonation=Falling	End=301.4	_	_	_	_
122-0	PSB005	122	0	°okay°	okay	_	_	_	_	_	linguistic	_	none	Volume=low	Begin=301.525	_	_	_	_
122-1	PSB005	122	1	[e	e	_	_	_	_	_	linguistic	_	none	_	_	_	_	_	0-1(20)
122-2	PSB005	122	2	lav]oravi	lavoravi	_	_	_	_	_	linguistic	_	none	_	_	_	_	_	0-3(20)
122-3	PSB005	122	3	qui?	qui	_	_	_	_	_	linguistic	_	none	Intonation=Rising	End=303.333	_	_	_	_
123-0	PSB042	123	0	[sì],	sì	_	_	_	_	_	linguistic	_	none	Intonation=WeaklyRising	Begin=302.2|End=302.658	_	_	_	0-2(20)
124-0	PSB042	124	0	e:h	eh	_	_	_	_	_	linguistic	_	none	_	Begin=304.1	0x1	_	_	_
124-1	PSB042	124	1	no.	no	_	_	_	_	_	linguistic	_	none	Intonation=Falling	End=304.842	_	_	_	_
125-0	PSB042	125	0	no.	no	_	_	_	_	_	linguistic	_	none	Intonation=Falling	Begin=305.458|End=305.691	_	_	_	_
126-0	PSB005	126	0	b~	b~	_	_	_	_	_	linguistic	_	none	Interrupted=Yes	Begin=306.091	_	_	_	_
126-1	PSB005	126	1	volevi	volevi	_	_	_	_	_	linguistic	_	none	_	_	_	_	_	_
126-2	PSB005	126	2	lavo[rare]?	lavorare	_	_	_	_	_	linguistic	_	none	Intonation=Rising	End=307.082	_	_	_	4-8(21)
127-0	PSB042	127	0	[fa]re:	fare	_	_	_	_	_	linguistic	_	none	_	Begin=306.815	3x1	_	_	0-2(21)
127-1	PSB042	127	1	provare	provare	_	_	_	_	_	linguistic	_	none	_	_	_	_	_	_
127-2	PSB042	127	2	l~	l~	_	_	_	_	_	linguistic	_	none	Interrupted=Yes	_	_	_	_	_
127-3	PSB042	127	3	polizia	polizia	_	_	_	_	_	linguistic	_	none	_	_	_	_	_	_
127-4	PSB042	127	4	ma:.	ma	_	_	_	_	_	linguistic	_	none	Intonation=Falling	End=309.427	1x1	_	_	_
128-0	PSB042	128	0	difficile	difficile	_	_	_	_	_	linguistic	_	none	_	Begin=310.535	_	_	_	_
128-1	PSB042	128	1	non	non	_	_	_	_	_	linguistic	_	none	_	_	_	_	_	_
128-2	PSB042	128	2	è	è	_	_	_	_	_	linguistic	_	none	_	_	_	_	_	_
128-3	PSB042	128	3	$axepta	axepta	_	_	_	_	_	linguistic	_	none	Orthography=Yes|Variation=Emerging	_	_	_	_	_
128-4	PSB042	128	4	fare	fare	_	_	_	_	_	linguistic	_	none	_	_	_	_	_	_
128-5	PSB042	128	5	pa~	pa~	_	_	_	_	_	linguistic	_	none	Interrupted=Yes	_	_	_	_	_
128-6	PSB042	128	6	polizia	polizia	_	_	_	_	_	linguistic	_	none	_	_	_	_	_	_
128-7	PSB042	128	7	a	a	_	_	_	_	_	linguistic	_	none	_	_	_	_	_	_
128-8	PSB042	128	8	mia	mia	_	_	_	_	_	linguistic	_	none	_	_	_	_	_	_
128-9	PSB042	128	9	paese	paese	_	_	_	_	_	linguistic	_	none	_	_	_	_	_	_
128-10	PSB042	128	10	mai	mai	_	_	_	_	_	linguistic	_	none	_	_	_	_	_	_
128-11	PSB042	128	11	fare.	fare	_	_	_	_	_	linguistic	_	none	Intonation=Falling	End=315.055	_	_	_	_
129-0	PSB005	129	0	mhmh?	mhmh	_	_	_	_	_	linguistic	_	none	Intonation=Rising	Begin=315.365|End=315.465	_	_	_	_
130-0	PSB042	130	0	ero	ero	_	_	_	_	_	linguistic	_	none	_	Begin=316.065	_	_	_	_
130-1	PSB042	130	1	giovane.	giovane	_	_	_	_	_	linguistic	_	none	Intonation=Falling	_	_	_	_	_
130-2	PSB042	130	2	come:	come	_	_	_	_	_	linguistic	_	none	PauseAfter=Yes	_	3x1	_	_	_
130-3	PSB042	130	3	(.)	(.)	_	_	_	_	_	shortpause	_	none	_	_	_	_	_	_
130-4	PSB042	130	4	fare,	fare	_	_	_	_	_	linguistic	_	none	Intonation=WeaklyRising	_	_	_	_	_
130-5	PSB042	130	5	ma	ma	_	_	_	_	_	linguistic	_	none	_	_	_	_	_	_
130-6	PSB042	130	6	non	non	_	_	_	_	_	linguistic	_	none	_	_	_	_	_	_
130-7	PSB042	130	7	è	è	_	_	_	_	_	linguistic	_	none	_	_	_	_	_	_
130-8	PSB042	130	8	piace.	piace	_	_	_	_	_	linguistic	_	none	Intonation=Falling	End=319.49	_	_	_	_
131-0	PSB005	131	0	mh[mh]	mhmh	_	_	_	_	_	linguistic	_	none	_	Begin=319.566|End=320.16	_	_	_	2-4(22)
132-0	PSB042	132	0	[eh]	eh	_	_	_	_	_	linguistic	_	yes	_	Begin=320.049	_	_	_	0-2(22)
132-1	PSB042	132	1	passa	passa	_	_	_	_	_	linguistic	_	yes	_	_	_	_	_	_
132-2	PSB042	132	2	solo	solo	_	_	_	_	_	linguistic	_	yes	_	_	_	_	_	_
132-3	PSB042	132	3	un	un	_	_	_	_	_	linguistic	_	yes	_	_	_	_	_	_
132-4	PSB042	132	4	#*année	année	_	_	_	_	_	linguistic	_	yes	Language=NO_ISO_CODE|Variation=Doubtful	_	_	_	_	_
132-5	PSB042	132	5	e	e	_	_	_	_	_	linguistic	_	yes	_	_	_	_	_	_
132-6	PSB042	132	6	fare,	fare	_	_	_	_	_	linguistic	_	yes	Intonation=WeaklyRising	_	_	_	_	_
132-7	PSB042	132	7	polizia	polizia	_	_	_	_	_	linguistic	_	yes	_	_	_	_	_	_
132-8	PSB042	132	8	qualcosa	qualcosa	_	_	_	_	_	linguistic	_	yes	_	_	_	_	_	_
132-9	PSB042	132	9	ma	ma	_	_	_	_	_	linguistic	_	yes	_	_	_	_	_	_
132-10	PSB042	132	10	non	non	_	_	_	_	_	linguistic	_	yes	_	_	_	_	_	_
132-11	PSB042	132	11	è	è	_	_	_	_	_	linguistic	_	yes	_	_	_	_	_	_
132-12	PSB042	132	12	piace.	piace	_	_	_	_	_	linguistic	_	yes	Intonation=Falling	End=323.799	_	_	_	_
133-0	PSB005	133	0	mhmh.	mhmh	_	_	_	_	_	linguistic	_	none	Intonation=Falling	Begin=323.899|End=324.319	_	_	_	_
134-0	PSB042	134	0	eh	eh	_	_	_	_	_	linguistic	_	none	_	Begin=324.749	_	_	_	_
134-1	PSB042	134	1	sai	sai	_	_	_	_	_	linguistic	_	none	PauseAfter=Yes	_	_	_	_	_
134-2	PSB042	134	2	(.)	(.)	_	_	_	_	_	shortpause	_	none	_	_	_	_	_	_
134-3	PSB042	134	3	lascia	lascia	_	_	_	_	_	linguistic	_	none	_	_	_	_	_	_
134-4	PSB042	134	4	tutto	tutto	_	_	_	_	_	linguistic	_	none	_	_	_	_	_	_
134-5	PSB042	134	5	e	e	_	_	_	_	_	linguistic	_	none	_	_	_	_	_	_
134-6	PSB042	134	6	ritorna	ritorna	_	_	_	_	_	linguistic	_	none	_	End=327.399	_	_	_	_
135-0	PSB005	135	0	sì	sì	_	_	_	_	_	linguistic	_	none	_	Begin=327.474	_	_	_	_
135-1	PSB005	135	1	sì	sì	_	_	_	_	_	linguistic	_	none	_	_	_	_	_	_
135-2	PSB005	135	2	sì.	sì	_	_	_	_	_	linguistic	_	none	Intonation=Falling	End=328.124	_	_	_	_
136-0	PSB042	136	0	((ride))	((ride))	_	_	_	_	_	nonverbalbehavior	_	none	_	Begin=327.787|End=327.962	_	_	_	_
137-0	PSB005	137	0	e	e	_	_	_	_	_	linguistic	_	none	_	Begin=328.675	_	_	_	_
137-1	PSB005	137	1	eri	eri	_	_	_	_	_	linguistic	_	none	_	_	_	_	_	_
137-2	PSB005	137	2	venuta	venuta	_	_	_	_	_	linguistic	_	none	_	_	_	_	_	_
137-3	PSB005	137	3	da	da	_	_	_	_	_	linguistic	_	none	_	_	_	_	_	_
137-4	PSB005	137	4	sola,	sola	_	_	_	_	_	linguistic	_	none	Intonation=WeaklyRising	_	_	_	_	_
137-5	PSB005	137	5	con	con	_	_	_	_	_	linguistic	_	none	_	_	_	_	_	_
137-6	PSB005	137	6	qualcuno:,	qualcuno	_	_	_	_	_	linguistic	_	none	Intonation=WeaklyRising	End=330.766	7x1	_	_	_
138-0	PSB042	138	0	no:	no	_	_	_	_	_	linguistic	_	yes	_	Begin=331.339	1x1	_	_	_
138-1	PSB042	138	1	ahm:	ahm	_	_	_	_	_	linguistic	_	yes	_	_	2x1	_	_	_
138-2	PSB042	138	2	con:	con	_	_	_	_	_	linguistic	_	yes	_	_	2x1	_	_	_
138-3	PSB042	138	3	la	la	_	_	_	_	_	linguistic	_	yes	_	_	_	_	_	_
138-4	PSB042	138	4	mia	mia	_	_	_	_	_	linguistic	_	yes	_	_	_	_	_	_
138-5	PSB042	138	5	zia,	zia	_	_	_	_	_	linguistic	_	yes	Intonation=WeaklyRising	_	_	_	_	_
138-6	PSB042	138	6	ehm:	ehm	_	_	_	_	_	linguistic	_	yes	_	_	2x1	_	_	_
138-7	PSB042	138	7	m:h	mh	_	_	_	_	_	linguistic	_	yes	_	_	0x1	_	_	_
138-8	PSB042	138	8	ce	ce	_	_	_	_	_	linguistic	_	yes	_	_	_	_	_	_
138-9	PSB042	138	9	l'	l'	_	_	_	_	_	linguistic	_	yes	SpaceAfter=No	_	_	_	_	_
138-10	PSB042	138	10	ho	ho	_	_	_	_	_	linguistic	_	yes	_	_	_	_	_	_
138-11	PSB042	138	11	la	la	_	_	_	_	_	linguistic	_	yes	_	_	_	_	_	_
138-12	PSB042	138	12	suo	suo	_	_	_	_	_	linguistic	_	yes	_	_	_	_	_	_
138-13	PSB042	138	13	marito	marito	_	_	_	_	_	linguistic	_	yes	_	_	_	_	_	_
138-14	PSB042	138	14	italiano	italiano	_	_	_	_	_	linguistic	_	yes	_	_	_	_	_	_
138-15	PSB042	138	15	ce	ce	_	_	_	_	_	linguistic	_	yes	_	_	_	_	_	_
138-16	PSB042	138	16	l'	l'	_	_	_	_	_	linguistic	_	yes	SpaceAfter=No	_	_	_	_	_
138-17	PSB042	138	17	ho	ho	_	_	_	_	_	linguistic	_	yes	_	_	_	_	_	_
138-18	PSB042	138	18	#société.	société	_	_	_	_	_	linguistic	_	yes	Intonation=Falling|Language=NO_ISO_CODE|Variation=Token	_	_	_	_	_
138-19	PSB042	138	19	così	così	_	_	_	_	_	linguistic	_	yes	_	_	_	_	_	_
138-20	PSB042	138	20	fare	fare	_	_	_	_	_	linguistic	_	yes	_	_	_	_	_	_
138-21	PSB042	138	21	contratto	contratto	_	_	_	_	_	linguistic	_	yes	_	_	_	_	_	_
138-22	PSB042	138	22	per	per	_	_	_	_	_	linguistic	_	yes	_	_	_	_	_	_
138-23	PSB042	138	23	me:.	me	_	_	_	_	_	linguistic	_	yes	Intonation=Falling	End=342.859	1x1	_	_	_
139-0	PSB005	139	0	okay.	okay	_	_	_	_	_	linguistic	_	none	Intonation=Falling	Begin=343.669|End=344.009	_	_	_	_
140-0	PSB042	140	0	facile	facile	_	_	_	_	_	linguistic	_	none	_	Begin=344.049	_	_	_	_
140-1	PSB042	140	1	non	non	_	_	_	_	_	linguistic	_	none	_	_	_	_	_	_
140-2	PSB042	140	2	è	è	_	_	_	_	_	linguistic	_	none	_	_	_	_	_	_
140-3	PSB042	140	3	così	così	_	_	_	_	_	linguistic	_	none	_	_	_	_	_	_
140-4	PSB042	140	4	difficile.	difficile	_	_	_	_	_	linguistic	_	none	Intonation=Falling	End=346.009	_	_	_	_
141-0	PSB005	141	0	°sì	sì	_	_	_	_	_	linguistic	_	none	Volume=low	Begin=346.053	_	_	_	_
141-1	PSB005	141	1	sì°	sì	_	_	_	_	_	linguistic	_	none	Volume=low	End=346.786	_	_	_	_
142-0	PSB042	142	0	ma:	ma	_	_	_	_	_	linguistic	_	none	_	Begin=346.963|End=347.59	1x1	_	_	_
143-0	PSB005	143	0	non	non	_	_	_	_	_	linguistic	_	none	_	Begin=347.936	_	_	_	_
143-1	PSB005	143	1	ti	ti	_	_	_	_	_	linguistic	_	none	_	_	_	_	_	_
143-2	PSB005	143	2	sei	sei	_	_	_	_	_	linguistic	_	none	_	_	_	_	_	_
143-3	PSB005	143	3	trovata	trovata	_	_	_	_	_	linguistic	_	none	_	_	_	_	_	_
143-4	PSB005	143	4	bene.	bene	_	_	_	_	_	linguistic	_	none	Intonation=Falling	_	_	_	_	_
143-5	PSB005	143	5	no.	no	_	_	_	_	_	linguistic	_	none	Intonation=Falling	End=349.372	_	_	_	_
144-0	PSB042	144	0	((ride))	((ride))	_	_	_	_	_	nonverbalbehavior	_	none	_	Begin=348.169|End=349.197	_	_	_	_
145-0	PSB042	145	0	ma	ma	_	_	_	_	_	linguistic	_	yes	_	Begin=349.86	_	_	_	_
145-1	PSB042	145	1	la	la	_	_	_	_	_	linguistic	_	yes	_	_	_	_	_	_
145-2	PSB042	145	2	vita	vita	_	_	_	_	_	linguistic	_	yes	_	_	_	_	_	_
145-3	PSB042	145	3	vuoi	vuoi	_	_	_	_	_	linguistic	_	yes	_	_	_	_	_	_
145-4	PSB042	145	4	#*che	che	_	_	_	_	_	linguistic	_	yes	Language=NO_ISO_CODE|Variation=Doubtful	_	_	_	_	_
145-5	PSB042	145	5	io:	io	_	_	_	_	_	linguistic	_	yes	_	_	1x1	_	_	_
145-6	PSB042	145	6	ritorno	ritorno	_	_	_	_	_	linguistic	_	yes	_	_	_	_	_	_
145-7	PSB042	145	7	qua	qua	_	_	_	_	_	linguistic	_	yes	_	_	_	_	_	_
145-8	PSB042	145	8	e:.	e	_	_	_	_	_	linguistic	_	yes	Intonation=Falling	End=353.095	0x1	_	_	_
146-0	PSB005	146	0	mhmh	mhmh	_	_	_	_	_	linguistic	_	none	_	Begin=353.343|End=353.671	_	_	_	_
147-0	PSB005	147	0	[certo]	certo	_	_	_	_	_	linguistic	_	none	_	Begin=354.349|End=354.549	_	_	_	0-5(25)
148-0	PSB042	148	0	[e]:	e	_	_	_	_	_	linguistic	_	none	_	Begin=354.349|End=354.87	0x1	_	_	0-1(25)
149-0	PSB042	149	0	c'	c'	_	_	_	_	_	linguistic	_	yes	SpaceAfter=No	Begin=355.292	_	_	_	_
149-1	PSB042	149	1	è	è	_	_	_	_	_	linguistic	_	yes	_	_	_	_	_	_
149-2	PSB042	149	2	#des	des	_	_	_	_	_	linguistic	_	yes	Language=NO_ISO_CODE|Variation=Token	_	_	_	_	_
149-3	PSB042	149	3	cose	cose	_	_	_	_	_	linguistic	_	yes	_	_	_	_	_	_
149-4	PSB042	149	4	anche	anche	_	_	_	_	_	linguistic	_	yes	_	_	_	_	_	_
149-5	PSB042	149	5	non	non	_	_	_	_	_	linguistic	_	yes	_	_	_	_	_	_
149-6	PSB042	149	6	è	è	_	_	_	_	_	linguistic	_	yes	_	_	_	_	_	_
149-7	PSB042	149	7	$pense:	pense	_	_	_	_	_	linguistic	_	yes	Orthography=Yes|Variation=Emerging	_	4x1	_	_	_
149-8	PSB042	149	8	così	così	_	_	_	_	_	linguistic	_	yes	_	End=358.163	_	_	_	_
150-0	PSB005	150	0	mhmh	mhmh	_	_	_	_	_	linguistic	_	none	_	Begin=358.778|End=359.249	_	_	_	_
151-0	PSB005	151	0	e	e	_	_	_	_	_	linguistic	_	none	_	Begin=360.013	_	_	_	_
151-1	PSB005	151	1	raccontami	raccontami	_	_	_	_	_	linguistic	_	none	_	_	_	_	_	_
151-2	PSB005	151	2	la	la	_	_	_	_	_	linguistic	_	none	_	_	_	_	_	_
151-3	PSB005	151	3	tua	tua	_	_	_	_	_	linguistic	_	none	_	_	_	_	_	_
151-4	PSB005	151	4	città	città	_	_	_	_	_	linguistic	_	none	_	_	_	_	_	_
151-5	PSB005	151	5	in:	in	_	_	_	_	_	linguistic	_	none	_	_	1x1	_	_	_
151-6	PSB005	151	6	marocco.	marocco	_	_	_	_	_	linguistic	_	none	Intonation=Falling	End=362.553	_	_	_	_
152-0	PSB005	152	0	com'	com'	_	_	_	_	_	linguistic	_	none	SpaceAfter=No	Begin=363.133	_	_	_	_
152-1	PSB005	152	1	è	è	_	_	_	_	_	linguistic	_	none	_	_	_	_	_	_
152-2	PSB005	152	2	fatta.	fatta	_	_	_	_	_	linguistic	_	none	Intonation=Falling	_	_	_	_	_
152-3	PSB005	152	3	io	io	_	_	_	_	_	linguistic	_	none	_	_	_	_	_	_
152-4	PSB005	152	4	non	non	_	_	_	_	_	linguistic	_	none	_	_	_	_	_	_
152-5	PSB005	152	5	ci	ci	_	_	_	_	_	linguistic	_	none	_	_	_	_	_	_
152-6	PSB005	152	6	sono	sono	_	_	_	_	_	linguistic	_	none	_	_	_	_	_	_
152-7	PSB005	152	7	stata	stata	_	_	_	_	_	linguistic	_	none	_	_	_	_	_	_
152-8	PSB005	152	8	quindi:.	quindi	_	_	_	_	_	linguistic	_	none	Intonation=Falling	End=365.627	5x1	_	_	_
153-0	PSB042	153	0	#*a	a	_	_	_	_	_	linguistic	_	yes	Language=NO_ISO_CODE|Variation=Doubtful	Begin=365.663	_	_	_	_
153-1	PSB042	153	1	rabat?	rabat	_	_	_	_	_	linguistic	_	yes	Intonation=Rising	End=366.363	_	_	_	_
154-0	PSB005	154	0	sì	sì	_	_	_	_	_	linguistic	_	none	_	Begin=366.581|End=366.774	_	_	_	_
155-0	PSB042	155	0	eh	eh	_	_	_	_	_	linguistic	_	none	_	Begin=367.199	_	_	_	_
155-1	PSB042	155	1	io:	io	_	_	_	_	_	linguistic	_	none	_	_	1x1	_	_	_
155-2	PSB042	155	2	a	a	_	_	_	_	_	linguistic	_	none	_	_	_	_	_	_
155-3	PSB042	155	3	mia	mia	_	_	_	_	_	linguistic	_	none	_	_	_	_	_	_
155-4	PSB042	155	4	città	città	_	_	_	_	_	linguistic	_	none	_	_	_	_	_	_
155-5	PSB042	155	5	vicina	vicina	_	_	_	_	_	linguistic	_	none	_	_	_	_	_	_
155-6	PSB042	155	6	al	al	_	_	_	_	_	linguistic	_	none	_	_	_	_	_	_
155-7	PSB042	155	7	mare,	mare	_	_	_	_	_	linguistic	_	none	Intonation=WeaklyRising	End=370.485	_	_	_	_
156-0	PSB042	156	0	la	la	_	_	_	_	_	linguistic	_	none	_	Begin=371.349	_	_	_	_
156-1	PSB042	156	1	tempo	tempo	_	_	_	_	_	linguistic	_	none	_	_	_	_	_	_
156-2	PSB042	156	2	bello,	bello	_	_	_	_	_	linguistic	_	none	Intonation=WeaklyRising	End=372.635	_	_	_	_
157-0	PSB042	157	0	c~	c~	_	_	_	_	_	linguistic	_	yes	Interrupted=Yes|PauseAfter=Yes	Begin=373.135	_	_	_	_
157-1	PSB042	157	1	(.)	(.)	_	_	_	_	_	shortpause	_	yes	_	_	_	_	_	_
157-2	PSB042	157	2	come	come	_	_	_	_	_	linguistic	_	yes	_	_	_	_	_	_
157-3	PSB042	157	3	tutta	tutta	_	_	_	_	_	linguistic	_	yes	_	_	_	_	_	_
157-4	PSB042	157	4	la	la	_	_	_	_	_	linguistic	_	yes	_	_	_	_	_	_
157-5	PSB042	157	5	xxx,	xxx	_	_	_	_	_	linguistic	_	yes	Intonation=WeaklyRising	_	_	_	_	_
157-6	PSB042	157	6	#en	en	_	_	_	_	_	linguistic	_	yes	Language=NO_ISO_CODE|Variation=Token	_	_	_	_	_
157-7	PSB042	157	7	generale	generale	_	_	_	_	_	linguistic	_	yes	_	_	_	_	_	_
157-8	PSB042	157	8	bello.	bello	_	_	_	_	_	linguistic	_	yes	Intonation=Falling	End=376.32	_	_	_	_
158-0	PSB042	158	0	e:	e	_	_	_	_	_	linguistic	_	none	_	Begin=377.178	0x1	_	_	_
158-1	PSB042	158	1	mio	mio	_	_	_	_	_	linguistic	_	none	_	_	_	_	_	_
158-2	PSB042	158	2	lavoro	lavoro	_	_	_	_	_	linguistic	_	none	_	_	_	_	_	_
158-3	PSB042	158	3	come	come	_	_	_	_	_	linguistic	_	none	_	_	_	_	_	_
158-4	PSB042	158	4	estetica	estetica	_	_	_	_	_	linguistic	_	none	_	End=379.785	_	_	_	_
159-0	PSB005	159	0	mhmh?	mhmh	_	_	_	_	_	linguistic	_	none	Intonation=Rising	Begin=380.306|End=380.685	_	_	_	_
160-0	PSB042	160	0	a:h	ah	_	_	_	_	_	linguistic	_	yes	_	Begin=380.735	0x1	_	_	_
160-1	PSB042	160	1	#centre	centre	_	_	_	_	_	linguistic	_	yes	Language=NO_ISO_CODE|Variation=Token	_	_	_	_	_
160-2	PSB042	160	2	mh	mh	_	_	_	_	_	linguistic	_	yes	_	_	_	_	_	_
160-3	PSB042	160	3	sempre	sempre	_	_	_	_	_	linguistic	_	yes	_	_	_	_	_	_
160-4	PSB042	160	4	$lavor(e)	lavore	_	_	_	_	_	linguistic	_	yes	Orthography=Yes|Variation=Emerging	_	_	_	6-7(0)	_
160-5	PSB042	160	5	a	a	_	_	_	_	_	linguistic	_	yes	_	_	_	_	_	_
160-6	PSB042	160	6	spa:,	spa	_	_	_	_	_	linguistic	_	yes	Intonation=WeaklyRising	_	2x1	_	_	_
160-7	PSB042	160	7	con	con	_	_	_	_	_	linguistic	_	yes	_	_	_	_	_	_
160-8	PSB042	160	8	clienti	clienti	_	_	_	_	_	linguistic	_	yes	_	_	_	_	_	_
160-9	PSB042	160	9	#des	des	_	_	_	_	_	linguistic	_	yes	Language=NO_ISO_CODE|Variation=Token	_	_	_	_	_
160-10	PSB042	160	10	donne.	donne	_	_	_	_	_	linguistic	_	yes	Intonation=Falling	_	_	_	_	_
160-11	PSB042	160	11	così.	così	_	_	_	_	_	linguistic	_	yes	Intonation=Falling	End=386.064	_	_	_	_
161-0	PSB042	161	0	la	la	_	_	_	_	_	linguistic	_	none	_	Begin=386.763	_	_	_	_
161-1	PSB042	161	1	vita	vita	_	_	_	_	_	linguistic	_	none	_	_	_	_	_	_
161-2	PSB042	161	2	buona.	buona	_	_	_	_	_	linguistic	_	none	Intonation=Falling	End=387.792	_	_	_	_
162-0	PSB005	162	0	che	che	_	_	_	_	_	linguistic	_	none	_	Begin=388.346	_	_	_	_
162-1	PSB005	162	1	co[sa	cosa	_	_	_	_	_	linguistic	_	none	_	_	_	_	_	2-4(26)
162-2	PSB005	162	2	si	si	_	_	_	_	_	linguistic	_	none	_	_	_	_	_	0-2(26)
162-3	PSB005	162	3	xxxx]	xxxx	_	_	_	_	_	unknown	_	none	Syllables=4	End=389.267	_	_	_	0-4(26)
163-0	PSB042	163	0	[non	non	_	_	_	_	_	linguistic	_	none	_	Begin=388.47	_	_	_	0-3(26)
163-1	PSB042	163	1	è	è	_	_	_	_	_	linguistic	_	none	_	_	_	_	_	0-1(26)
163-2	PSB042	163	2	così]	così	_	_	_	_	_	linguistic	_	none	_	_	_	_	_	0-4(26)
163-3	PSB042	163	3	complicato.	complicato	_	_	_	_	_	linguistic	_	none	Intonation=Falling	End=390.364	_	_	_	_
164-0	PSB005	164	0	[mh]	mh	_	_	_	_	_	linguistic	_	none	_	Begin=391.013|End=391.539	_	_	_	0-2(27)
165-0	PSB042	165	0	[#*la]	la	_	_	_	_	_	linguistic	_	yes	Language=NO_ISO_CODE|Variation=Doubtful	Begin=391.014	_	_	_	0-4(27)
165-1	PSB042	165	1	#système	système	_	_	_	_	_	linguistic	_	yes	Language=NO_ISO_CODE|Variation=Token	_	_	_	_	_
165-2	PSB042	165	2	da	da	_	_	_	_	_	linguistic	_	yes	_	_	_	_	_	_
165-3	PSB042	165	3	mia	mia	_	_	_	_	_	linguistic	_	yes	_	_	_	_	_	_
165-4	PSB042	165	4	paese,	paese	_	_	_	_	_	linguistic	_	yes	Intonation=WeaklyRising	_	_	_	_	_
165-5	PSB042	165	5	con:.	con	_	_	_	_	_	linguistic	_	yes	Intonation=Falling	End=393.656	2x1	_	_	_
166-0	PSB042	166	0	con	con	_	_	_	_	_	linguistic	_	yes	_	Begin=394.935	_	_	_	_
166-1	PSB042	166	1	così	così	_	_	_	_	_	linguistic	_	yes	_	_	_	_	_	_
166-2	PSB042	166	2	#*le	le	_	_	_	_	_	linguistic	_	yes	Language=NO_ISO_CODE|Variation=Doubtful	_	_	_	_	_
166-3	PSB042	166	3	$document(e),	documente	_	_	_	_	_	linguistic	_	yes	Intonation=WeaklyRising|Orthography=Yes|Variation=Emerging	_	_	_	9-10(0)	_
166-4	PSB042	166	4	la.	la	_	_	_	_	_	linguistic	_	yes	Intonation=Falling	End=397.806	_	_	_	_
167-0	PSB042	167	0	non	non	_	_	_	_	_	linguistic	_	yes	_	Begin=398.335	_	_	_	_
167-1	PSB042	167	1	è	è	_	_	_	_	_	linguistic	_	yes	_	_	_	_	_	_
167-2	PSB042	167	2	così	così	_	_	_	_	_	linguistic	_	yes	_	_	_	_	_	_
167-3	PSB042	167	3	c'	c'	_	_	_	_	_	linguistic	_	yes	SpaceAfter=No	_	_	_	_	_
167-4	PSB042	167	4	è	è	_	_	_	_	_	linguistic	_	yes	_	_	_	_	_	_
167-5	PSB042	167	5	qua	qua	_	_	_	_	_	linguistic	_	yes	_	_	_	_	_	_
167-6	PSB042	167	6	l~	l~	_	_	_	_	_	linguistic	_	yes	Interrupted=Yes|PauseAfter=Yes	_	_	_	_	_
167-7	PSB042	167	7	(.)	(.)	_	_	_	_	_	shortpause	_	yes	_	_	_	_	_	_
167-8	PSB042	167	8	#*la	la	_	_	_	_	_	linguistic	_	yes	Language=NO_ISO_CODE|Variation=Doubtful	_	_	_	_	_
167-9	PSB042	167	9	#système	système	_	_	_	_	_	linguistic	_	yes	Language=NO_ISO_CODE|Variation=Token	_	_	_	_	_
167-10	PSB042	167	10	differenza:	differenza	_	_	_	_	_	linguistic	_	yes	_	_	9x1	_	_	_
167-11	PSB042	167	11	per	per	_	_	_	_	_	linguistic	_	yes	_	_	_	_	_	_
167-12	PSB042	167	12	me.	me	_	_	_	_	_	linguistic	_	yes	Intonation=Falling	End=402.999	_	_	_	_
168-0	PSB005	168	0	mh[mh]	mhmh	_	_	_	_	_	linguistic	_	none	_	Begin=403.9|End=404.413	_	_	_	2-4(28)
169-0	PSB042	169	0	[con]	con	_	_	_	_	_	linguistic	_	yes	_	Begin=404.114	_	_	_	0-3(28)
169-1	PSB042	169	1	le	le	_	_	_	_	_	linguistic	_	yes	_	_	_	_	_	_
169-2	PSB042	169	2	cose	cose	_	_	_	_	_	linguistic	_	yes	_	_	_	_	_	_
169-3	PSB042	169	3	sempre	sempre	_	_	_	_	_	linguistic	_	yes	_	_	_	_	_	_
169-4	PSB042	169	4	online,	online	_	_	_	_	_	linguistic	_	yes	Intonation=WeaklyRising	_	_	_	_	_
169-5	PSB042	169	5	serve	serve	_	_	_	_	_	linguistic	_	yes	_	_	_	_	_	_
169-6	PSB042	169	6	fare	fare	_	_	_	_	_	linguistic	_	yes	_	_	_	_	_	_
169-7	PSB042	169	7	sempre	sempre	_	_	_	_	_	linguistic	_	yes	_	_	_	_	_	_
169-8	PSB042	169	8	#des	des	_	_	_	_	_	linguistic	_	yes	Language=NO_ISO_CODE|Variation=Token	_	_	_	_	_
169-9	PSB042	169	9	#*doman:de,	domande	_	_	_	_	_	linguistic	_	yes	Intonation=WeaklyRising|Language=NO_ISO_CODE|Variation=Doubtful	_	4x1	_	_	_
169-10	PSB042	169	10	se	se	_	_	_	_	_	linguistic	_	yes	_	_	_	_	_	_
169-11	PSB042	169	11	vuoi	vuoi	_	_	_	_	_	linguistic	_	yes	_	_	_	_	_	_
169-12	PSB042	169	12	qualco:sa,	qualcosa	_	_	_	_	_	linguistic	_	yes	Intonation=WeaklyRising	_	5x1	_	_	_
169-13	PSB042	169	13	se	se	_	_	_	_	_	linguistic	_	yes	_	_	_	_	_	_
169-14	PSB042	169	14	vuoi:.	vuoi	_	_	_	_	_	linguistic	_	yes	Intonation=Falling	End=410.292	3x1	_	_	_
170-0	PSB042	170	0	nuovo	nuovo	_	_	_	_	_	linguistic	_	none	_	Begin=411.427	_	_	_	_
170-1	PSB042	170	1	cose	cose	_	_	_	_	_	linguistic	_	none	_	End=412.342	_	_	_	_
171-0	PSB005	171	0	sì	sì	_	_	_	_	_	linguistic	_	none	_	Begin=412.764	_	_	_	_
171-1	PSB005	171	1	sì	sì	_	_	_	_	_	linguistic	_	none	_	_	_	_	_	_
171-2	PSB005	171	2	è.	è	_	_	_	_	_	linguistic	_	none	Intonation=Falling	_	_	_	_	_
171-3	PSB005	171	3	è	è	_	_	_	_	_	linguistic	_	none	_	_	_	_	_	_
171-4	PSB005	171	4	la	la	_	_	_	_	_	linguistic	_	none	_	_	_	_	_	_
171-5	PSB005	171	5	buro[crazia],	burocrazia	_	_	_	_	_	linguistic	_	none	Intonation=WeaklyRising	End=414.292	_	_	_	4-10(29)
172-0	PSB042	172	0	[la	la	_	_	_	_	_	linguistic	_	yes	_	Begin=413.585	_	_	_	0-2(29)
172-1	PSB042	172	1	#système]	système	_	_	_	_	_	linguistic	_	yes	Language=NO_ISO_CODE|Variation=Token	_	_	_	_	0-8(29)
172-2	PSB042	172	2	è	è	_	_	_	_	_	linguistic	_	yes	_	_	_	_	_	_
172-3	PSB042	172	3	differenza	differenza	_	_	_	_	_	linguistic	_	yes	_	End=415.821	_	_	_	_
173-0	PSB005	173	0	sì	sì	_	_	_	_	_	linguistic	_	none	_	Begin=415.82	_	_	_	_
173-1	PSB005	173	1	sì	sì	_	_	_	_	_	linguistic	_	none	_	_	_	_	_	_
173-2	PSB005	173	2	certo.	certo	_	_	_	_	_	linguistic	_	none	Intonation=Falling	_	_	_	_	_
173-3	PSB005	173	3	[la	la	_	_	_	_	_	linguistic	_	none	_	_	_	_	_	0-2(31)
173-4	PSB005	173	4	bu]rocrazia	burocrazia	_	_	_	_	_	linguistic	_	none	_	_	_	_	_	0-2(31)
173-5	PSB005	173	5	italiana,	italiana	_	_	_	_	_	linguistic	_	none	Intonation=WeaklyRising	_	_	_	_	_
173-6	PSB005	173	6	è:.	è	_	_	_	_	_	linguistic	_	none	Intonation=Falling	End=418.47	0x1	_	_	_
174-0	PSB042	174	0	[m:h]	mh	_	_	_	_	_	linguistic	_	none	_	Begin=416.453|End=416.907	0x1	_	_	0-2(31)
175-0	PSB042	175	0	<s[ì>.]	sì	_	_	_	_	_	linguistic	_	none	Intonation=Falling	Begin=418.992|End=419.735	_	Slow=0-2(0)	_	1-2(32)
176-0	PSB005	176	0	[ter]ribile.	terribile	_	_	_	_	_	linguistic	_	none	Intonation=Falling	Begin=419.599|End=420.249	_	_	_	0-3(32)
177-0	PSB042	177	0	è	è	_	_	_	_	_	linguistic	_	none	_	Begin=420.907	_	_	_	_
177-1	PSB042	177	1	nuova	nuova	_	_	_	_	_	linguistic	_	none	_	_	_	_	_	_
177-2	PSB042	177	2	per	per	_	_	_	_	_	linguistic	_	none	_	_	_	_	_	_
177-3	PSB042	177	3	me.	me	_	_	_	_	_	linguistic	_	none	Intonation=Falling	End=422.421	_	_	_	_
178-0	PSB005	178	0	mhmh	mhmh	_	_	_	_	_	linguistic	_	none	_	Begin=422.44|End=422.853	_	_	_	_
179-0	PSB042	179	0	mh.	mh	_	_	_	_	_	linguistic	_	none	Intonation=Falling	Begin=422.869|End=423.369	_	_	_	_
180-0	PSB005	180	0	ma	ma	_	_	_	_	_	linguistic	_	none	_	Begin=423.563	_	_	_	_
180-1	PSB005	180	1	adesso,	adesso	_	_	_	_	_	linguistic	_	none	Intonation=WeaklyRising	End=424.163	_	_	_	_
181-0	PSB042	181	0	c'	c'	_	_	_	_	_	linguistic	_	none	SpaceAfter=No	Begin=424.196	_	_	_	_
181-1	PSB042	181	1	è	è	_	_	_	_	_	linguistic	_	none	_	_	_	_	_	_
181-2	PSB042	181	2	di	di	_	_	_	_	_	linguistic	_	none	_	_	_	_	_	_
181-3	PSB042	181	3	cose	cose	_	_	_	_	_	linguistic	_	none	_	_	_	_	_	_
181-4	PSB042	181	4	complicato	complicato	_	_	_	_	_	linguistic	_	none	_	_	_	_	_	_
181-5	PSB042	181	5	ma:.	ma	_	_	_	_	_	linguistic	_	none	Intonation=Falling	End=426.146	1x1	_	_	_
182-0	PSB042	182	0	[#en	en	_	_	_	_	_	linguistic	_	yes	Language=NO_ISO_CODE|Variation=Token	Begin=426.798	_	_	_	0-3(33)
182-1	PSB042	182	1	generale],	generale	_	_	_	_	_	linguistic	_	yes	Intonation=WeaklyRising	End=427.858	_	_	_	0-8(33)
183-0	PSB005	183	0	[e	e	_	_	_	_	_	linguistic	_	none	_	Begin=426.839	_	_	_	0-1(33)
183-1	PSB005	183	1	adesso	adesso	_	_	_	_	_	linguistic	_	none	_	_	_	_	_	0-6(33)
183-2	PSB005	183	2	hai	hai	_	_	_	_	_	linguistic	_	none	_	_	_	_	_	0-3(33)
183-3	PSB005	183	3	impara]to	imparato	_	_	_	_	_	linguistic	_	none	_	_	_	_	_	0-6(33)
183-4	PSB005	183	4	un	un	_	_	_	_	_	linguistic	_	none	_	_	_	_	_	_
183-5	PSB005	183	5	po'?	po'	_	_	_	_	_	linguistic	_	none	Intonation=Rising	End=428.375	_	_	_	_
184-0	PSB042	184	0	sì	sì	_	_	_	_	_	linguistic	_	none	_	Begin=428.777	_	_	_	_
184-1	PSB042	184	1	sì.	sì	_	_	_	_	_	linguistic	_	none	Intonation=Falling	_	_	_	_	_
184-2	PSB042	184	2	((ride))	((ride))	_	_	_	_	_	nonverbalbehavior	_	none	_	End=430.706	_	_	_	_
185-0	PSB005	185	0	e	e	_	_	_	_	_	linguistic	_	none	_	Begin=431.035	_	_	_	_
185-1	PSB005	185	1	e	e	_	_	_	_	_	linguistic	_	none	_	_	_	_	_	_
185-2	PSB005	185	2	a	a	_	_	_	_	_	linguistic	_	none	_	_	_	_	_	_
185-3	PSB005	185	3	rabat	rabat	_	_	_	_	_	linguistic	_	none	_	_	_	_	_	_
185-4	PSB005	185	4	che	che	_	_	_	_	_	linguistic	_	none	_	_	_	_	_	_
185-5	PSB005	185	5	cosa:	cosa	_	_	_	_	_	linguistic	_	none	_	_	3x1	_	_	_
185-6	PSB005	185	6	mh	mh	_	_	_	_	_	linguistic	_	none	_	_	_	_	_	_
185-7	PSB005	185	7	ci	ci	_	_	_	_	_	linguistic	_	none	_	_	_	_	_	_
185-8	PSB005	185	8	sono	sono	_	_	_	_	_	linguistic	_	none	_	_	_	_	_	_
185-9	PSB005	185	9	i	i	_	_	_	_	_	linguistic	_	none	_	_	_	_	_	_
185-10	PSB005	185	10	turisti,	turisti	_	_	_	_	_	linguistic	_	none	Intonation=WeaklyRising	_	_	_	_	_
185-11	PSB005	185	11	ci	ci	_	_	_	_	_	linguistic	_	none	_	_	_	_	_	_
185-12	PSB005	185	12	sono:	sono	_	_	_	_	_	linguistic	_	none	_	_	3x1	_	_	_
185-13	PSB005	185	13	del~	del~	_	_	_	_	_	linguistic	_	none	Interrupted=Yes	_	_	_	_	_
185-14	PSB005	185	14	dei	dei	_	_	_	_	_	linguistic	_	none	_	_	_	_	_	_
185-15	PSB005	185	15	posti	posti	_	_	_	_	_	linguistic	_	none	_	_	_	_	_	_
185-16	PSB005	185	16	da	da	_	_	_	_	_	linguistic	_	none	_	_	_	_	_	_
185-17	PSB005	185	17	visitare,	visitare	_	_	_	_	_	linguistic	_	none	Intonation=WeaklyRising	_	_	_	_	_
185-18	PSB005	185	18	il	il	_	_	_	_	_	linguistic	_	none	_	_	_	_	_	_
185-19	PSB005	185	19	castello,	castello	_	_	_	_	_	linguistic	_	none	Intonation=WeaklyRising	_	_	_	_	_
185-20	PSB005	185	20	non	non	_	_	_	_	_	linguistic	_	none	_	_	_	_	_	_
185-21	PSB005	185	21	lo	lo	_	_	_	_	_	linguistic	_	none	_	_	_	_	_	_
185-22	PSB005	185	22	s[o].	so	_	_	_	_	_	linguistic	_	none	Intonation=Falling	End=438.285	_	_	_	1-2(34)
186-0	PSB042	186	0	[e]hm:	ehm	_	_	_	_	_	linguistic	_	yes	PauseAfter=Yes	Begin=438.169	2x1	_	_	0-1(34)
186-1	PSB042	186	1	(.)	(.)	_	_	_	_	_	shortpause	_	yes	_	_	_	_	_	_
186-2	PSB042	186	2	c'	c'	_	_	_	_	_	linguistic	_	yes	SpaceAfter=No	_	_	_	_	_
186-3	PSB042	186	3	è	è	_	_	_	_	_	linguistic	_	yes	_	_	_	_	_	_
186-4	PSB042	186	4	#des	des	_	_	_	_	_	linguistic	_	yes	Language=NO_ISO_CODE|Variation=Token	_	_	_	_	_
186-5	PSB042	186	5	#place	place	_	_	_	_	_	linguistic	_	yes	Language=NO_ISO_CODE|Variation=Token	_	_	_	_	_
186-6	PSB042	186	6	turistiche	turistiche	_	_	_	_	_	linguistic	_	yes	_	_	_	_	_	_
186-7	PSB042	186	7	[come]	come	_	_	_	_	_	linguistic	_	yes	_	_	_	_	_	0-4(35)
186-8	PSB042	186	8	ci:	ci	_	_	_	_	_	linguistic	_	yes	_	End=443.829	1x1	_	_	_
187-0	PSB005	187	0	[mhmh]	mhmh	_	_	_	_	_	linguistic	_	none	_	Begin=441.886|End=442.346	_	_	_	0-4(35)
188-0	PSB042	188	0	c'	c'	_	_	_	_	_	linguistic	_	yes	SpaceAfter=No	Begin=444.419	_	_	_	_
188-1	PSB042	188	1	è	è	_	_	_	_	_	linguistic	_	yes	_	_	_	_	_	_
188-2	PSB042	188	2	una	una	_	_	_	_	_	linguistic	_	yes	_	_	_	_	_	_
188-3	PSB042	188	3	zona	zona	_	_	_	_	_	linguistic	_	yes	_	_	_	_	_	_
188-4	PSB042	188	4	si	si	_	_	_	_	_	linguistic	_	yes	_	_	_	_	_	_
188-5	PSB042	188	5	chiama	chiama	_	_	_	_	_	linguistic	_	yes	_	_	_	_	_	_
188-6	PSB042	188	6	#hassan	hassan	_	_	_	_	_	linguistic	_	yes	Language=NO_ISO_CODE|Variation=Token	_	_	_	_	_
188-7	PSB042	188	7	turistica	turistica	_	_	_	_	_	linguistic	_	yes	_	_	_	_	_	_
188-8	PSB042	188	8	ci	ci	_	_	_	_	_	linguistic	_	yes	_	_	_	_	_	_
188-9	PSB042	188	9	con	con	_	_	_	_	_	linguistic	_	yes	_	_	_	_	_	_
188-10	PSB042	188	10	ahm	ahm	_	_	_	_	_	linguistic	_	yes	_	_	_	_	_	_
188-11	PSB042	188	11	moschee,	moschee	_	_	_	_	_	linguistic	_	yes	Intonation=WeaklyRising	_	_	_	_	_
188-12	PSB042	188	12	per	per	_	_	_	_	_	linguistic	_	yes	_	_	_	_	_	_
188-13	PSB042	188	13	le	le	_	_	_	_	_	linguistic	_	yes	_	_	_	_	_	_
188-14	PSB042	188	14	[musu]lmane	musulmane	_	_	_	_	_	linguistic	_	yes	_	End=449.709	_	_	_	0-4(36)
189-0	PSB005	189	0	[mhmh]	mhmh	_	_	_	_	_	linguistic	_	none	_	Begin=448.741|End=449.254	_	_	_	0-4(36)
190-0	PSB042	190	0	c'	c'	_	_	_	_	_	linguistic	_	yes	SpaceAfter=No	Begin=450.119	_	_	_	_
190-1	PSB042	190	1	è	è	_	_	_	_	_	linguistic	_	yes	PauseAfter=Yes	_	_	_	_	_
190-2	PSB042	190	2	(.)	(.)	_	_	_	_	_	shortpause	_	yes	_	_	_	_	_	_
190-3	PSB042	190	3	dentro:	dentro	_	_	_	_	_	linguistic	_	yes	_	_	5x1	_	_	_
190-4	PSB042	190	4	una:	una	_	_	_	_	_	linguistic	_	yes	_	_	2x1	_	_	_
190-5	PSB042	190	5	la	la	_	_	_	_	_	linguistic	_	yes	_	_	_	_	_	_
190-6	PSB042	190	6	padre,	padre	_	_	_	_	_	linguistic	_	yes	Intonation=WeaklyRising	_	_	_	_	_
190-7	PSB042	190	7	dalla:.	dalla	_	_	_	_	_	linguistic	_	yes	Intonation=Falling|PauseAfter=Yes	_	4x1	_	_	_
190-8	PSB042	190	8	(.)	(.)	_	_	_	_	_	shortpause	_	yes	_	_	_	_	_	_
190-9	PSB042	190	9	dalla	dalla	_	_	_	_	_	linguistic	_	yes	_	_	_	_	_	_
190-10	PSB042	190	10	#queen	queen	_	_	_	_	_	linguistic	_	yes	Language=NO_ISO_CODE|Variation=Token	End=455.939	_	_	_	_
191-0	PSB005	191	0	mhmh,	mhmh	_	_	_	_	_	linguistic	_	none	Intonation=WeaklyRising	Begin=456.099|End=456.469	_	_	_	_
192-0	PSB042	192	0	è	è	_	_	_	_	_	linguistic	_	none	_	Begin=457.419	_	_	_	_
192-1	PSB042	192	1	dentro.	dentro	_	_	_	_	_	linguistic	_	none	Intonation=Falling	End=457.909	_	_	_	_
193-0	PSB005	193	0	mhmh,	mhmh	_	_	_	_	_	linguistic	_	none	Intonation=WeaklyRising	Begin=458.249|End=458.539	_	_	_	_
194-0	PSB042	194	0	c'	c'	_	_	_	_	_	linguistic	_	yes	SpaceAfter=No	Begin=458.849	_	_	_	_
194-1	PSB042	194	1	è	è	_	_	_	_	_	linguistic	_	yes	_	_	_	_	_	_
194-2	PSB042	194	2	#des	des	_	_	_	_	_	linguistic	_	yes	Language=NO_ISO_CODE|Variation=Token	_	_	_	_	_
194-3	PSB042	194	3	cose	cose	_	_	_	_	_	linguistic	_	yes	_	_	_	_	_	_
194-4	PSB042	194	4	turist~	turist~	_	_	_	_	_	linguistic	_	yes	Interrupted=Yes	_	_	_	_	_
194-5	PSB042	194	5	turistiche	turistiche	_	_	_	_	_	linguistic	_	yes	_	_	_	_	_	_
194-6	PSB042	194	6	e	e	_	_	_	_	_	linguistic	_	yes	_	_	_	_	_	_
194-7	PSB042	194	7	c'	c'	_	_	_	_	_	linguistic	_	yes	SpaceAfter=No	_	_	_	_	_
194-8	PSB042	194	8	è:	è	_	_	_	_	_	linguistic	_	yes	_	_	0x1	_	_	_
194-9	PSB042	194	9	la	la	_	_	_	_	_	linguistic	_	yes	_	_	_	_	_	_
194-10	PSB042	194	10	#old	old	_	_	_	_	_	linguistic	_	yes	Language=NO_ISO_CODE|Variation=Token	_	_	_	_	_
194-11	PSB042	194	11	#madina	madina	_	_	_	_	_	linguistic	_	yes	Language=NO_ISO_CODE|Variation=Token	End=463.079	_	_	_	_
195-0	PSB005	195	0	okay,	okay	_	_	_	_	_	linguistic	_	none	Intonation=WeaklyRising	Begin=463.349|End=463.759	_	_	_	_
196-0	PSB042	196	0	c'	c'	_	_	_	_	_	linguistic	_	yes	SpaceAfter=No	Begin=464.099	_	_	_	_
196-1	PSB042	196	1	è	è	_	_	_	_	_	linguistic	_	yes	_	_	_	_	_	_
196-2	PSB042	196	2	#des	des	_	_	_	_	_	linguistic	_	yes	Language=NO_ISO_CODE|Variation=Token	_	_	_	_	_
196-3	PSB042	196	3	cose,	cose	_	_	_	_	_	linguistic	_	yes	Intonation=WeaklyRising	_	_	_	_	_
196-4	PSB042	196	4	tradizionale,	tradizionale	_	_	_	_	_	linguistic	_	yes	Intonation=WeaklyRising	_	_	_	_	_
196-5	PSB042	196	5	per	per	_	_	_	_	_	linguistic	_	yes	_	_	_	_	_	_
196-6	PSB042	196	6	regalo,	regalo	_	_	_	_	_	linguistic	_	yes	Intonation=WeaklyRising	_	_	_	_	_
196-7	PSB042	196	7	[queste	queste	_	_	_	_	_	linguistic	_	yes	_	_	_	_	_	0-6(37)
196-8	PSB042	196	8	c]ose,	cose	_	_	_	_	_	linguistic	_	yes	Intonation=WeaklyRising	End=469.009	_	_	_	0-1(37)
197-0	PSB005	197	0	[mhmh	mhmh	_	_	_	_	_	linguistic	_	none	_	Begin=468.169	_	_	_	0-4(37)
197-1	PSB005	197	1	mh]	mh	_	_	_	_	_	linguistic	_	none	_	End=468.649	_	_	_	0-2(37)
198-0	PSB005	198	0	[mhmh]	mhmh	_	_	_	_	_	linguistic	_	none	_	Begin=469.639|End=469.899	_	_	_	0-4(38)
199-0	PSB042	199	0	[qual]cosa	qualcosa	_	_	_	_	_	linguistic	_	none	_	Begin=469.748	_	_	_	0-4(38)
199-1	PSB042	199	1	c'	c'	_	_	_	_	_	linguistic	_	none	SpaceAfter=No	_	_	_	_	_
199-2	PSB042	199	2	è	è	_	_	_	_	_	linguistic	_	none	_	_	_	_	_	_
199-3	PSB042	199	3	di	di	_	_	_	_	_	linguistic	_	none	_	_	_	_	_	_
199-4	PSB042	199	4	nuovo.	nuovo	_	_	_	_	_	linguistic	_	none	Intonation=Falling	End=471.323	_	_	_	_
200-0	PSB042	200	0	per	per	_	_	_	_	_	linguistic	_	none	_	Begin=472.198	_	_	_	_
200-1	PSB042	200	1	la	la	_	_	_	_	_	linguistic	_	none	_	_	_	_	_	_
200-2	PSB042	200	2	mia	mia	_	_	_	_	_	linguistic	_	none	_	_	_	_	_	_
200-3	PSB042	200	3	$sita	sita	_	_	_	_	_	linguistic	_	none	Orthography=Yes|Variation=Emerging	_	_	_	_	_
200-4	PSB042	200	4	l:a	la	_	_	_	_	_	linguistic	_	none	_	_	0x1	_	_	_
200-5	PSB042	200	5	più	più	_	_	_	_	_	linguistic	_	none	_	_	_	_	_	_
200-6	PSB042	200	6	parte	parte	_	_	_	_	_	linguistic	_	none	_	_	_	_	_	_
200-7	PSB042	200	7	cose	cose	_	_	_	_	_	linguistic	_	none	_	_	_	_	_	_
200-8	PSB042	200	8	turistiche.	turistiche	_	_	_	_	_	linguistic	_	none	Intonation=Falling	End=475.773	_	_	_	_
201-0	PSB005	201	0	°mhmh°	mhmh	_	_	_	_	_	linguistic	_	none	Volume=low	Begin=476.049|End=476.399	_	_	_	_
202-0	PSB042	202	0	come	come	_	_	_	_	_	linguistic	_	yes	_	Begin=476.847	_	_	_	_
202-1	PSB042	202	1	qua	qua	_	_	_	_	_	linguistic	_	yes	_	_	_	_	_	_
202-2	PSB042	202	2	bologna	bologna	_	_	_	_	_	linguistic	_	yes	_	_	_	_	_	_
202-3	PSB042	202	3	sempre	sempre	_	_	_	_	_	linguistic	_	yes	_	_	_	_	_	_
202-4	PSB042	202	4	c'	c'	_	_	_	_	_	linguistic	_	yes	SpaceAfter=No	_	_	_	_	_
202-5	PSB042	202	5	è	è	_	_	_	_	_	linguistic	_	yes	_	_	_	_	_	_
202-6	PSB042	202	6	#*le	le	_	_	_	_	_	linguistic	_	yes	Language=NO_ISO_CODE|Variation=Doubtful	_	_	_	_	_
202-7	PSB042	202	7	#church.	church	_	_	_	_	_	linguistic	_	yes	Intonation=Falling|Language=NO_ISO_CODE|Variation=Token	End=479.447	_	_	_	_
203-0	PSB005	203	0	mhmh	mhmh	_	_	_	_	_	linguistic	_	none	_	Begin=479.723|End=480.098	_	_	_	_
204-0	PSB042	204	0	e:h	eh	_	_	_	_	_	linguistic	_	none	_	Begin=480.198	0x1	_	_	_
204-1	PSB042	204	1	arriva	arriva	_	_	_	_	_	linguistic	_	none	_	_	_	_	_	_
204-2	PSB042	204	2	le	le	_	_	_	_	_	linguistic	_	none	_	_	_	_	_	_
204-3	PSB042	204	3	turistico	turistico	_	_	_	_	_	linguistic	_	none	_	_	_	_	_	_
204-4	PSB042	204	4	fare.	fare	_	_	_	_	_	linguistic	_	none	Intonation=Falling|PauseAfter=Yes	_	_	_	_	_
204-5	PSB042	204	5	[(.)	(.)	_	_	_	_	_	shortpause	_	none	_	_	_	_	_	X(39)
204-6	PSB042	204	6	per	per	_	_	_	_	_	linguistic	_	none	_	_	_	_	_	0-3(39)
204-7	PSB042	204	7	mio]	mio	_	_	_	_	_	linguistic	_	none	_	_	_	_	_	0-3(39)
204-8	PSB042	204	8	paese	paese	_	_	_	_	_	linguistic	_	none	_	_	_	_	_	_
204-9	PSB042	204	9	c'	c'	_	_	_	_	_	linguistic	_	none	SpaceAfter=No	_	_	_	_	_
204-10	PSB042	204	10	è.	è	_	_	_	_	_	linguistic	_	none	Intonation=Falling	End=484.373	_	_	_	_
205-0	PSB005	205	0	[>sì	sì	_	_	_	_	_	linguistic	_	none	_	Begin=482.488	_	Fast=0-2(0)	_	0-2(39)
205-1	PSB005	205	1	sì	sì	_	_	_	_	_	linguistic	_	none	_	_	_	Fast=0-2(0)	_	0-2(39)
205-2	PSB005	205	2	sì	sì	_	_	_	_	_	linguistic	_	none	_	_	_	Fast=0-2(0)	_	0-2(39)
205-3	PSB005	205	3	sì<]	sì	_	_	_	_	_	linguistic	_	none	_	End=483.128	_	Fast=0-2(0)	_	0-2(39)
206-0	PSB042	206	0	#des	des	_	_	_	_	_	linguistic	_	yes	Language=NO_ISO_CODE|Variation=Token	Begin=484.773	_	_	_	_
206-1	PSB042	206	1	cose	cose	_	_	_	_	_	linguistic	_	yes	_	_	_	_	_	_
206-2	PSB042	206	2	musulmane[:.	musulmane	_	_	_	_	_	linguistic	_	yes	Intonation=Falling	_	8x1	_	_	_
206-3	PSB042	206	3	co]me	come	_	_	_	_	_	linguistic	_	yes	_	_	_	_	_	0-2(40)
206-4	PSB042	206	4	le	le	_	_	_	_	_	linguistic	_	yes	_	_	_	_	_	_
206-5	PSB042	206	5	moschee:,	moschee	_	_	_	_	_	linguistic	_	yes	Intonation=WeaklyRising	_	6x1	_	_	_
206-6	PSB042	206	6	vecchie,	vecchie	_	_	_	_	_	linguistic	_	yes	Intonation=WeaklyRising|PauseAfter=Yes	_	_	_	_	_
206-7	PSB042	206	7	(.)	(.)	_	_	_	_	_	shortpause	_	yes	_	_	_	_	_	_
206-8	PSB042	206	8	poi	poi	_	_	_	_	_	linguistic	_	yes	_	_	_	_	_	_
206-9	PSB042	206	9	fare	fare	_	_	_	_	_	linguistic	_	yes	_	_	_	_	_	_
206-10	PSB042	206	10	#des	des	_	_	_	_	_	linguistic	_	yes	Language=NO_ISO_CODE|Variation=Token	_	_	_	_	_
206-11	PSB042	206	11	#*foto,	foto	_	_	_	_	_	linguistic	_	yes	Intonation=WeaklyRising|Language=NO_ISO_CODE|Variation=Doubtful	End=490.673	_	_	_	_
207-0	PSB005	207	0	[mhmh].	mhmh	_	_	_	_	_	linguistic	_	none	Intonation=Falling	Begin=486.238|End=486.538	_	_	_	0-4(40)
208-0	PSB005	208	0	mhmh	mhmh	_	_	_	_	_	linguistic	_	none	_	Begin=491.01|End=491.26	_	_	_	_
209-0	PSB042	209	0	è	è	_	_	_	_	_	linguistic	_	none	_	Begin=491.423	_	_	_	_
209-1	PSB042	209	1	così.	così	_	_	_	_	_	linguistic	_	none	Intonation=Falling	End=492.073	_	_	_	_
210-0	PSB005	210	0	ma	ma	_	_	_	_	_	linguistic	_	none	_	Begin=492.473	_	_	_	_
210-1	PSB005	210	1	di	di	_	_	_	_	_	linguistic	_	none	_	_	_	_	_	_
210-2	PSB005	210	2	solito	solito	_	_	_	_	_	linguistic	_	none	PauseAfter=Yes	_	_	_	_	_
210-3	PSB005	210	3	(.)	(.)	_	_	_	_	_	shortpause	_	none	_	_	_	_	_	_
210-4	PSB005	210	4	le	le	_	_	_	_	_	linguistic	_	none	_	_	_	_	_	_
210-5	PSB005	210	5	persone:	persone	_	_	_	_	_	linguistic	_	none	_	_	6x1	_	_	_
210-6	PSB005	210	6	straniere	straniere	_	_	_	_	_	linguistic	_	none	_	_	_	_	_	_
210-7	PSB005	210	7	non	non	_	_	_	_	_	linguistic	_	none	_	_	_	_	_	_
210-8	PSB005	210	8	possono	possono	_	_	_	_	_	linguistic	_	none	_	_	_	_	_	_
210-9	PSB005	210	9	visitare	visitare	_	_	_	_	_	linguistic	_	none	_	_	_	_	_	_
210-10	PSB005	210	10	le	le	_	_	_	_	_	linguistic	_	none	_	_	_	_	_	_
210-11	PSB005	210	11	moschee.	moschee	_	_	_	_	_	linguistic	_	none	Intonation=Falling	_	_	_	_	_
210-12	PSB005	210	12	g[iusto]?	giusto	_	_	_	_	_	linguistic	_	none	Intonation=Rising	End=497.973	_	_	_	1-6(41)
211-0	PSB042	211	0	[n]o:	no	_	_	_	_	_	linguistic	_	none	_	Begin=497.86	1x1	_	_	0-1(41)
211-1	PSB042	211	1	puoi.	puoi	_	_	_	_	_	linguistic	_	none	Intonation=Falling	End=498.885	_	_	_	_
212-0	PSB005	212	0	si	si	_	_	_	_	_	linguistic	_	none	_	Begin=498.973	_	_	_	_
212-1	PSB005	212	1	puo?	puo	_	_	_	_	_	linguistic	_	none	Intonation=Rising	End=499.398	_	_	_	_
213-0	PSB042	213	0	per	per	_	_	_	_	_	linguistic	_	none	_	Begin=499.477	_	_	_	_
213-1	PSB042	213	1	per	per	_	_	_	_	_	linguistic	_	none	_	_	_	_	_	_
213-2	PSB042	213	2	tutte.	tutte	_	_	_	_	_	linguistic	_	none	Intonation=Falling	End=500.456	_	_	_	_
214-0	PSB005	214	0	ah	ah	_	_	_	_	_	linguistic	_	none	_	Begin=500.649	_	_	_	_
214-1	PSB005	214	1	okay.	okay	_	_	_	_	_	linguistic	_	none	Intonation=Falling	End=501.173	_	_	_	_
215-0	PSB042	215	0	c'	c'	_	_	_	_	_	linguistic	_	yes	SpaceAfter=No	Begin=501.185	_	_	_	_
215-1	PSB042	215	1	è	è	_	_	_	_	_	linguistic	_	yes	_	_	_	_	_	_
215-2	PSB042	215	2	una	una	_	_	_	_	_	linguistic	_	yes	_	_	_	_	_	_
215-3	PSB042	215	3	parte	parte	_	_	_	_	_	linguistic	_	yes	_	_	_	_	_	_
215-4	PSB042	215	4	per	per	_	_	_	_	_	linguistic	_	yes	_	_	_	_	_	_
215-5	PSB042	215	5	la	la	_	_	_	_	_	linguistic	_	yes	_	_	_	_	_	_
215-6	PSB042	215	6	#prière,	prière	_	_	_	_	_	linguistic	_	yes	Intonation=WeaklyRising|Language=NO_ISO_CODE|Variation=Token	_	_	_	_	_
215-7	PSB042	215	7	si	si	_	_	_	_	_	linguistic	_	yes	_	_	_	_	_	_
215-8	PSB042	215	8	serve	serve	_	_	_	_	_	linguistic	_	yes	_	_	_	_	_	_
215-9	PSB042	215	9	lavare	lavare	_	_	_	_	_	linguistic	_	yes	_	_	_	_	_	_
215-10	PSB042	215	10	e:	e	_	_	_	_	_	linguistic	_	yes	_	_	0x1	_	_	_
215-11	PSB042	215	11	e	e	_	_	_	_	_	linguistic	_	yes	_	_	_	_	_	_
215-12	PSB042	215	12	$respecte.	respecte	_	_	_	_	_	linguistic	_	yes	Intonation=Falling|Orthography=Yes|Variation=Emerging	End=506.321	_	_	_	_
216-0	PSB005	216	0	mhmh	mhmh	_	_	_	_	_	linguistic	_	none	_	Begin=506.333|End=506.8895	_	_	_	_
217-0	PSB042	217	0	con	con	_	_	_	_	_	linguistic	_	none	_	Begin=506.8895	_	_	_	_
217-1	PSB042	217	1	le	le	_	_	_	_	_	linguistic	_	none	_	_	_	_	_	_
217-2	PSB042	217	2	non	non	_	_	_	_	_	linguistic	_	none	_	_	_	_	_	_
217-3	PSB042	217	3	è	è	_	_	_	_	_	linguistic	_	none	_	_	_	_	_	_
217-4	PSB042	217	4	puoi:.	puoi	_	_	_	_	_	linguistic	_	none	Intonation=Falling	_	3x1	_	_	_
217-5	PSB042	217	5	entrare	entrare	_	_	_	_	_	linguistic	_	none	_	_	_	_	_	_
217-6	PSB042	217	6	con	con	_	_	_	_	_	linguistic	_	none	_	_	_	_	_	_
217-7	PSB042	217	7	gli	gli	_	_	_	_	_	linguistic	_	none	_	_	_	_	_	_
217-8	PSB042	217	8	vestiti:,	vestiti	_	_	_	_	_	linguistic	_	none	Intonation=WeaklyRising	_	6x1	_	_	_
217-9	PSB042	217	9	lo	lo	_	_	_	_	_	linguistic	_	none	_	_	_	_	_	_
217-10	PSB042	217	10	sai.	sai	_	_	_	_	_	linguistic	_	none	Intonation=Falling	End=510.936	_	_	_	_
218-0	PSB005	218	0	sì	sì	_	_	_	_	_	linguistic	_	none	_	Begin=511.166	_	_	_	_
218-1	PSB005	218	1	sì.	sì	_	_	_	_	_	linguistic	_	none	Intonation=Falling	End=511.496	_	_	_	_
219-0	PSB042	219	0	per	per	_	_	_	_	_	linguistic	_	none	_	Begin=511.574	_	_	_	_
219-1	PSB042	219	1	$respecte.	respecte	_	_	_	_	_	linguistic	_	none	Intonation=Falling|Orthography=Yes|Variation=Emerging	End=512.421	_	_	_	_
220-0	PSB005	220	0	sì	sì	_	_	_	_	_	linguistic	_	none	_	Begin=512.539	_	_	_	_
220-1	PSB005	220	1	sì	sì	_	_	_	_	_	linguistic	_	none	_	_	_	_	_	_
220-2	PSB005	220	2	[sì]	sì	_	_	_	_	_	linguistic	_	none	_	End=513.129	_	_	_	0-2(42)
221-0	PSB042	221	0	[se]	se	_	_	_	_	_	linguistic	_	yes	_	Begin=512.949	_	_	_	0-2(42)
221-1	PSB042	221	1	no	no	_	_	_	_	_	linguistic	_	yes	_	_	_	_	_	_
221-2	PSB042	221	2	f~	f~	_	_	_	_	_	linguistic	_	yes	Interrupted=Yes	_	_	_	_	_
221-3	PSB042	221	3	se	se	_	_	_	_	_	linguistic	_	yes	_	_	_	_	_	_
221-4	PSB042	221	4	non	non	_	_	_	_	_	linguistic	_	yes	_	_	_	_	_	_
221-5	PSB042	221	5	è	è	_	_	_	_	_	linguistic	_	yes	_	_	_	_	_	_
221-6	PSB042	221	6	fare	fare	_	_	_	_	_	linguistic	_	yes	_	_	_	_	_	_
221-7	PSB042	221	7	la	la	_	_	_	_	_	linguistic	_	yes	_	_	_	_	_	_
221-8	PSB042	221	8	#prière,	prière	_	_	_	_	_	linguistic	_	yes	Intonation=WeaklyRising|Language=NO_ISO_CODE|Variation=Token	_	_	_	_	_
221-9	PSB042	221	9	(°no°)	no	_	_	_	_	_	linguistic	_	yes	Volume=low	_	_	_	0-2(0)	_
221-10	PSB042	221	10	serve	serve	_	_	_	_	_	linguistic	_	yes	_	_	_	_	_	_
221-11	PSB042	221	11	xx	xx	_	_	_	_	_	unknown	_	yes	Syllables=2	End=516.486	_	_	_	_
222-0	PSB005	222	0	si	si	_	_	_	_	_	linguistic	_	none	_	Begin=516.521	_	_	_	_
222-1	PSB005	222	1	puo	puo	_	_	_	_	_	linguistic	_	none	_	_	_	_	_	_
222-2	PSB005	222	2	[visitare]?	visitare	_	_	_	_	_	linguistic	_	none	Intonation=Rising	End=517.531	_	_	_	0-8(43)
223-0	PSB042	223	0	[ma	ma	_	_	_	_	_	linguistic	_	none	_	Begin=516.999	_	_	_	0-2(43)
223-1	PSB042	223	1	c'	c'	_	_	_	_	_	linguistic	_	none	SpaceAfter=No	_	_	_	_	0-2(43)
223-2	PSB042	223	2	è]	è	_	_	_	_	_	linguistic	_	none	_	_	_	_	_	0-1(43)
223-3	PSB042	223	3	una	una	_	_	_	_	_	linguistic	_	none	_	_	_	_	_	_
223-4	PSB042	223	4	parte,	parte	_	_	_	_	_	linguistic	_	none	Intonation=WeaklyRising	_	_	_	_	_
223-5	PSB042	223	5	per	per	_	_	_	_	_	linguistic	_	none	_	_	_	_	_	_
223-6	PSB042	223	6	le:.	le	_	_	_	_	_	linguistic	_	none	Intonation=Falling	_	1x1	_	_	_
223-7	PSB042	223	7	tutte.	tutte	_	_	_	_	_	linguistic	_	none	Intonation=Falling	End=519.624	_	_	_	_
224-0	PSB005	224	0	mhmh	mhmh	_	_	_	_	_	linguistic	_	none	_	Begin=519.819|End=520.209	_	_	_	_
225-0	PSB042	225	0	per	per	_	_	_	_	_	linguistic	_	yes	_	Begin=520.287	_	_	_	_
225-1	PSB042	225	1	fare	fare	_	_	_	_	_	linguistic	_	yes	_	_	_	_	_	_
225-2	PSB042	225	2	le	le	_	_	_	_	_	linguistic	_	yes	_	_	_	_	_	_
225-3	PSB042	225	3	foto:,	foto	_	_	_	_	_	linguistic	_	yes	Intonation=WeaklyRising	_	3x1	_	_	_
225-4	PSB042	225	4	per	per	_	_	_	_	_	linguistic	_	yes	_	_	_	_	_	_
225-5	PSB042	225	5	fare:.	fare	_	_	_	_	_	linguistic	_	yes	Intonation=Falling	_	3x1	_	_	_
225-6	PSB042	225	6	#des	des	_	_	_	_	_	linguistic	_	yes	Language=NO_ISO_CODE|Variation=Token	_	_	_	_	_
225-7	PSB042	225	7	cose	cose	_	_	_	_	_	linguistic	_	yes	_	End=523.124	_	_	_	_
226-0	PSB005	226	0	okay	okay	_	_	_	_	_	linguistic	_	none	_	Begin=523.886|End=524.436	_	_	_	_
227-0	PSB042	227	0	mh.	mh	_	_	_	_	_	linguistic	_	none	Intonation=Falling	Begin=524.669|End=525.019	_	_	_	_
228-0	PSB005	228	0	eh	eh	_	_	_	_	_	linguistic	_	none	_	Begin=525.199	_	_	_	_
228-1	PSB005	228	1	io	io	_	_	_	_	_	linguistic	_	none	_	_	_	_	_	_
228-2	PSB005	228	2	ti	ti	_	_	_	_	_	linguistic	_	none	_	_	_	_	_	_
228-3	PSB005	228	3	dicevo	dicevo	_	_	_	_	_	linguistic	_	none	_	_	_	_	_	_
228-4	PSB005	228	4	che	che	_	_	_	_	_	linguistic	_	none	_	_	_	_	_	_
228-5	PSB005	228	5	sono	sono	_	_	_	_	_	linguistic	_	none	_	_	_	_	_	_
228-6	PSB005	228	6	stata	stata	_	_	_	_	_	linguistic	_	none	_	_	_	_	_	_
228-7	PSB005	228	7	a	a	_	_	_	_	_	linguistic	_	none	_	_	_	_	_	_
228-8	PSB005	228	8	<fez>.	fez	_	_	_	_	_	linguistic	_	none	Intonation=Falling|PauseAfter=Yes	_	_	Slow=0-3(0)	_	_
228-9	PSB005	228	9	(.)	(.)	_	_	_	_	_	shortpause	_	none	_	_	_	_	_	_
228-10	PSB005	228	10	[solo]	solo	_	_	_	_	_	linguistic	_	none	_	End=528.111	_	_	_	0-4(44)
229-0	PSB042	229	0	[sì]:	sì	_	_	_	_	_	linguistic	_	none	_	Begin=527.649|End=528.474	1x1	_	_	0-2(44)
230-0	PSB042	230	0	ma	ma	_	_	_	_	_	linguistic	_	yes	_	Begin=528.624	_	_	_	_
230-1	PSB042	230	1	anche	anche	_	_	_	_	_	linguistic	_	yes	_	_	_	_	_	_
230-2	PSB042	230	2	a	a	_	_	_	_	_	linguistic	_	yes	_	_	_	_	_	_
230-3	PSB042	230	3	fez	fez	_	_	_	_	_	linguistic	_	yes	_	_	_	_	_	_
230-4	PSB042	230	4	c'	c'	_	_	_	_	_	linguistic	_	yes	SpaceAfter=No	_	_	_	_	_
230-5	PSB042	230	5	è	è	_	_	_	_	_	linguistic	_	yes	_	_	_	_	_	_
230-6	PSB042	230	6	#old	old	_	_	_	_	_	linguistic	_	yes	Language=NO_ISO_CODE|Variation=Token	_	_	_	_	_
230-7	PSB042	230	7	#madina.	madina	_	_	_	_	_	linguistic	_	yes	Intonation=Falling|Language=NO_ISO_CODE|Variation=Token	End=530.999	_	_	_	_
231-0	PSB005	231	0	sì	sì	_	_	_	_	_	linguistic	_	none	_	Begin=531.186|End=531.374	_	_	_	_
232-0	PSB042	232	0	e	e	_	_	_	_	_	linguistic	_	yes	_	Begin=531.799	_	_	_	_
232-1	PSB042	232	1	anche	anche	_	_	_	_	_	linguistic	_	yes	_	_	_	_	_	_
232-2	PSB042	232	2	a	a	_	_	_	_	_	linguistic	_	yes	_	_	_	_	_	_
232-3	PSB042	232	3	rabat	rabat	_	_	_	_	_	linguistic	_	yes	_	_	_	_	_	_
232-4	PSB042	232	4	c'	c'	_	_	_	_	_	linguistic	_	yes	SpaceAfter=No	_	_	_	_	_
232-5	PSB042	232	5	è	è	_	_	_	_	_	linguistic	_	yes	_	_	_	_	_	_
232-6	PSB042	232	6	#old	old	_	_	_	_	_	linguistic	_	yes	Language=NO_ISO_CODE|Variation=Token	_	_	_	_	_
232-7	PSB042	232	7	#madi~	madi~	_	_	_	_	_	linguistic	_	yes	Interrupted=Yes|Language=NO_ISO_CODE|Variation=Token	_	_	_	_	_
232-8	PSB042	232	8	e	e	_	_	_	_	_	linguistic	_	yes	_	_	_	_	_	_
232-9	PSB042	232	9	anche	anche	_	_	_	_	_	linguistic	_	yes	_	_	_	_	_	_
232-10	PSB042	232	10	a	a	_	_	_	_	_	linguistic	_	yes	_	_	_	_	_	_
232-11	PSB042	232	11	casablanca	casablanca	_	_	_	_	_	linguistic	_	yes	_	_	_	_	_	_
232-12	PSB042	232	12	c'	c'	_	_	_	_	_	linguistic	_	yes	SpaceAfter=No	_	_	_	_	_
232-13	PSB042	232	13	è	è	_	_	_	_	_	linguistic	_	yes	_	_	_	_	_	_
232-14	PSB042	232	14	parte	parte	_	_	_	_	_	linguistic	_	yes	_	_	_	_	_	_
232-15	PSB042	232	15	#old	old	_	_	_	_	_	linguistic	_	yes	Language=NO_ISO_CODE|Variation=Token	_	_	_	_	_
232-16	PSB042	232	16	#mad[ina].	madina	_	_	_	_	_	linguistic	_	yes	Intonation=Falling|Language=NO_ISO_CODE|Variation=Token	End=536.795	_	_	_	2-6(45)
233-0	PSB005	233	0	[mh]mh.	mhmh	_	_	_	_	_	linguistic	_	none	Intonation=Falling	Begin=536.472|End=537.002	_	_	_	0-2(45)
234-0	PSB005	234	0	e	e	_	_	_	_	_	linguistic	_	none	_	Begin=537.261	_	_	_	_
234-1	PSB005	234	1	in	in	_	_	_	_	_	linguistic	_	none	_	_	_	_	_	_
234-2	PSB005	234	2	marocco	marocco	_	_	_	_	_	linguistic	_	none	_	_	_	_	_	_
234-3	PSB005	234	3	tu	tu	_	_	_	_	_	linguistic	_	none	_	_	_	_	_	_
234-4	PSB005	234	4	hai	hai	_	_	_	_	_	linguistic	_	none	_	_	_	_	_	_
234-5	PSB005	234	5	viaggiato?	viaggiato	_	_	_	_	_	linguistic	_	none	Intonation=Rising	End=538.999	_	_	_	_
235-0	PSB042	235	0	sì	sì	_	_	_	_	_	linguistic	_	yes	_	Begin=539.949	_	_	_	_
235-1	PSB042	235	1	<marrakesh,	marrakesh	_	_	_	_	_	linguistic	_	yes	Intonation=WeaklyRising	_	_	Slow=0-9(0)	_	_
235-2	PSB042	235	2	#tangier>,	tangier	_	_	_	_	_	linguistic	_	yes	Intonation=WeaklyRising|Language=NO_ISO_CODE|Variation=Token	_	_	Slow=0-8(0)	_	_
235-3	PSB042	235	3	[c'	c'	_	_	_	_	_	linguistic	_	yes	SpaceAfter=No	_	_	_	_	0-2(46)
235-4	PSB042	235	4	è]	è	_	_	_	_	_	linguistic	_	yes	_	_	_	_	_	0-1(46)
235-5	PSB042	235	5	visita	visita	_	_	_	_	_	linguistic	_	yes	_	_	_	_	_	_
235-6	PSB042	235	6	de	de	_	_	_	_	_	linguistic	_	yes	PauseAfter=Yes	_	_	_	_	_
235-7	PSB042	235	7	(.)	(.)	_	_	_	_	_	shortpause	_	yes	_	_	_	_	_	_
235-8	PSB042	235	8	come	come	_	_	_	_	_	linguistic	_	yes	_	_	_	_	_	_
235-9	PSB042	235	9	(altra)	altra	_	_	_	_	_	linguistic	_	yes	_	_	_	_	0-5(0)	_
235-10	PSB042	235	10	fez,	fez	_	_	_	_	_	linguistic	_	yes	Intonation=WeaklyRising	_	_	_	_	_
235-11	PSB042	235	11	meknes,	meknes	_	_	_	_	_	linguistic	_	yes	Intonation=WeaklyRising	End=546.887	_	_	_	_
236-0	PSB005	236	0	[mh]	mh	_	_	_	_	_	linguistic	_	none	_	Begin=542.528|End=543.008	_	_	_	0-2(46)
237-0	PSB005	237	0	ah	ah	_	_	_	_	_	linguistic	_	none	_	Begin=547.637	_	_	_	_
237-1	PSB005	237	1	meknes	meknes	_	_	_	_	_	linguistic	_	none	_	_	_	_	_	_
237-2	PSB005	237	2	anch'	anch'	_	_	_	_	_	linguistic	_	none	SpaceAfter=No	_	_	_	_	_
237-3	PSB005	237	3	io	io	_	_	_	_	_	linguistic	_	none	_	_	_	_	_	_
237-4	PSB005	237	4	son	son	_	_	_	_	_	linguistic	_	none	_	_	_	_	_	_
237-5	PSB005	237	5	stata	stata	_	_	_	_	_	linguistic	_	none	_	End=549.187	_	_	_	_
238-0	PSB042	238	0	sì	sì	_	_	_	_	_	linguistic	_	none	_	Begin=549.224	_	_	_	_
238-1	PSB042	238	1	sì	sì	_	_	_	_	_	linguistic	_	none	_	End=549.787	_	_	_	_
239-0	PSB005	239	0	sì	sì	_	_	_	_	_	linguistic	_	none	_	Begin=549.949|End=550.124	_	_	_	_
240-0	PSB042	240	0	e:	e	_	_	_	_	_	linguistic	_	none	_	Begin=550.174	0x1	_	_	_
240-1	PSB042	240	1	meknes	meknes	_	_	_	_	_	linguistic	_	none	_	_	_	_	_	_
240-2	PSB042	240	2	penso	penso	_	_	_	_	_	linguistic	_	none	_	_	_	_	_	_
240-3	PSB042	240	3	per	per	_	_	_	_	_	linguistic	_	none	_	_	_	_	_	_
240-4	PSB042	240	4	me	me	_	_	_	_	_	linguistic	_	none	_	_	_	_	_	_
240-5	PSB042	240	5	meglio	meglio	_	_	_	_	_	linguistic	_	none	_	_	_	_	_	_
240-6	PSB042	240	6	da	da	_	_	_	_	_	linguistic	_	none	_	_	_	_	_	_
240-7	PSB042	240	7	fez	fez	_	_	_	_	_	linguistic	_	none	_	_	_	_	_	_
240-8	PSB042	240	8	perché	perché	_	_	_	_	_	linguistic	_	none	_	_	_	_	_	_
240-9	PSB042	240	9	piccola	piccola	_	_	_	_	_	linguistic	_	none	_	End=554.336	_	_	_	_
241-0	PSB005	241	0	carino.	carino	_	_	_	_	_	linguistic	_	none	Intonation=Falling	Begin=554.574	_	_	_	_
241-1	PSB005	241	1	molto	molto	_	_	_	_	_	linguistic	_	none	_	_	_	_	_	_
241-2	PSB005	241	2	ca[rino].	carino	_	_	_	_	_	linguistic	_	none	Intonation=Falling	End=555.886	_	_	_	2-6(47)
242-0	PSB042	242	0	[sì	sì	_	_	_	_	_	linguistic	_	none	_	Begin=555.536	_	_	_	0-2(47)
242-1	PSB042	242	1	s]ì.	sì	_	_	_	_	_	linguistic	_	none	Intonation=Falling	_	_	_	_	0-1(47)
242-2	PSB042	242	2	non	non	_	_	_	_	_	linguistic	_	none	_	_	_	_	_	_
242-3	PSB042	242	3	è:.	è	_	_	_	_	_	linguistic	_	none	Intonation=Falling	_	0x1	_	_	_
242-4	PSB042	242	4	fez	fez	_	_	_	_	_	linguistic	_	none	_	_	_	_	_	_
242-5	PSB042	242	5	è	è	_	_	_	_	_	linguistic	_	none	_	_	_	_	_	_
242-6	PSB042	242	6	grande.	grande	_	_	_	_	_	linguistic	_	none	Intonation=Falling	End=558.099	_	_	_	_
243-0	PSB005	243	0	mh.	mh	_	_	_	_	_	linguistic	_	none	Intonation=Falling	Begin=558.174	_	_	_	_
243-1	PSB005	243	1	sì.	sì	_	_	_	_	_	linguistic	_	none	Intonation=Falling	End=559.112	_	_	_	_
244-0	PSB042	244	0	e	e	_	_	_	_	_	linguistic	_	yes	_	Begin=559.474	_	_	_	_
244-1	PSB042	244	1	cosa	cosa	_	_	_	_	_	linguistic	_	yes	_	_	_	_	_	_
244-2	PSB042	244	2	altro	altro	_	_	_	_	_	linguistic	_	yes	_	_	_	_	_	_
244-3	PSB042	244	3	fe:.	fe	_	_	_	_	_	linguistic	_	yes	Intonation=Falling	_	1x1	_	_	_
244-4	PSB042	244	4	tan~	tan~	_	_	_	_	_	linguistic	_	yes	Interrupted=Yes	_	_	_	_	_
244-5	PSB042	244	5	anche	anche	_	_	_	_	_	linguistic	_	yes	_	_	_	_	_	_
244-6	PSB042	244	6	#tangier	tangier	_	_	_	_	_	linguistic	_	yes	Language=NO_ISO_CODE|Variation=Token	_	_	_	_	_
244-7	PSB042	244	7	è	è	_	_	_	_	_	linguistic	_	yes	_	_	_	_	_	_
244-8	PSB042	244	8	bella.	bella	_	_	_	_	_	linguistic	_	yes	Intonation=Falling	_	_	_	_	_
244-9	PSB042	244	9	la	la	_	_	_	_	_	linguistic	_	yes	_	_	_	_	_	_
244-10	PSB042	244	10	tempo	tempo	_	_	_	_	_	linguistic	_	yes	_	_	_	_	_	_
244-11	PSB042	244	11	a	a	_	_	_	_	_	linguistic	_	yes	_	_	_	_	_	_
244-12	PSB042	244	12	#tangier	tangier	_	_	_	_	_	linguistic	_	yes	Language=NO_ISO_CODE|Variation=Token	_	_	_	_	_
244-13	PSB042	244	13	è	è	_	_	_	_	_	linguistic	_	yes	_	_	_	_	_	_
244-14	PSB042	244	14	come:	come	_	_	_	_	_	linguistic	_	yes	_	_	3x1	_	_	_
244-15	PSB042	244	15	spagna.	spagna	_	_	_	_	_	linguistic	_	yes	Intonation=Falling	End=566.024	_	_	_	_
245-0	PSB005	245	0	okay.	okay	_	_	_	_	_	linguistic	_	none	Intonation=Falling	Begin=566.093|End=566.68	_	_	_	_
246-0	PSB042	246	0	c'	c'	_	_	_	_	_	linguistic	_	yes	SpaceAfter=No	Begin=566.93	_	_	_	_
246-1	PSB042	246	1	è	è	_	_	_	_	_	linguistic	_	yes	_	_	_	_	_	_
246-2	PSB042	246	2	la	la	_	_	_	_	_	linguistic	_	yes	_	_	_	_	_	_
246-3	PSB042	246	3	vento:,	vento	_	_	_	_	_	linguistic	_	yes	Intonation=WeaklyRising	_	4x1	_	_	_
246-4	PSB042	246	4	c'	c'	_	_	_	_	_	linguistic	_	yes	SpaceAfter=No	_	_	_	_	_
246-5	PSB042	246	5	è	è	_	_	_	_	_	linguistic	_	yes	PauseAfter=Yes	_	_	_	_	_
246-6	PSB042	246	6	(.)	(.)	_	_	_	_	_	shortpause	_	yes	_	_	_	_	_	_
246-7	PSB042	246	7	ti	ti	_	_	_	_	_	linguistic	_	yes	_	_	_	_	_	_
246-8	PSB042	246	8	senti	senti	_	_	_	_	_	linguistic	_	yes	_	_	_	_	_	_
246-9	PSB042	246	9	non	non	_	_	_	_	_	linguistic	_	yes	_	_	_	_	_	_
246-10	PSB042	246	10	è	è	_	_	_	_	_	linguistic	_	yes	_	_	_	_	_	_
246-11	PSB042	246	11	marocco	marocco	_	_	_	_	_	linguistic	_	yes	_	_	_	_	_	_
246-12	PSB042	246	12	come	come	_	_	_	_	_	linguistic	_	yes	PauseAfter=Yes	_	_	_	_	_
246-13	PSB042	246	13	(.)	(.)	_	_	_	_	_	shortpause	_	yes	_	_	_	_	_	_
246-14	PSB042	246	14	una	una	_	_	_	_	_	linguistic	_	yes	_	_	_	_	_	_
246-15	PSB042	246	15	paese	paese	_	_	_	_	_	linguistic	_	yes	_	_	_	_	_	_
246-16	PSB042	246	16	#européen	européen	_	_	_	_	_	linguistic	_	yes	Language=NO_ISO_CODE|Variation=Token	_	_	_	_	_
246-17	PSB042	246	17	((ride))	((ride))	_	_	_	_	_	nonverbalbehavior	_	yes	_	End=573.467	_	_	_	_
247-0	PSB042	247	0	serve	serve	_	_	_	_	_	linguistic	_	none	_	Begin=573.804	_	_	_	_
247-1	PSB042	247	1	vi~	vi~	_	_	_	_	_	linguistic	_	none	Interrupted=Yes|PauseAfter=Yes	_	_	_	_	_
247-2	PSB042	247	2	(.)	(.)	_	_	_	_	_	shortpause	_	none	_	_	_	_	_	_
247-3	PSB042	247	3	visita.	visita	_	_	_	_	_	linguistic	_	none	Intonation=Falling	End=575.779	_	_	_	_
248-0	PSB005	248	0	mhmh	mhmh	_	_	_	_	_	linguistic	_	none	_	Begin=575.999|End=576.424	_	_	_	_
249-0	PSB042	249	0	ma	ma	_	_	_	_	_	linguistic	_	yes	_	Begin=576.437	_	_	_	_
249-1	PSB042	249	1	solo	solo	_	_	_	_	_	linguistic	_	yes	_	_	_	_	_	_
249-2	PSB042	249	2	a	a	_	_	_	_	_	linguistic	_	yes	_	_	_	_	_	_
249-3	PSB042	249	3	rabat	rabat	_	_	_	_	_	linguistic	_	yes	_	_	_	_	_	_
249-4	PSB042	249	4	c'	c'	_	_	_	_	_	linguistic	_	yes	SpaceAfter=No	_	_	_	_	_
249-5	PSB042	249	5	è	è	_	_	_	_	_	linguistic	_	yes	_	_	_	_	_	_
249-6	PSB042	249	6	rabat,	rabat	_	_	_	_	_	linguistic	_	yes	Intonation=WeaklyRising	_	_	_	_	_
249-7	PSB042	249	7	c'	c'	_	_	_	_	_	linguistic	_	yes	SpaceAfter=No	_	_	_	_	_
249-8	PSB042	249	8	è	è	_	_	_	_	_	linguistic	_	yes	_	_	_	_	_	_
249-9	PSB042	249	9	vicino	vicino	_	_	_	_	_	linguistic	_	yes	_	_	_	_	5-6(0)	_
249-10	PSB042	249	10	(a)	a	_	_	_	_	_	linguistic	_	yes	_	_	_	_	_	_
249-11	PSB042	249	11	rabat	rabat	_	_	_	_	_	linguistic	_	yes	_	_	_	_	_	_
249-12	PSB042	249	12	altri	altri	_	_	_	_	_	linguistic	_	yes	_	_	_	_	_	_
249-13	PSB042	249	13	#place.	place	_	_	_	_	_	linguistic	_	yes	Intonation=Falling|Language=NO_ISO_CODE|Variation=Token	_	_	_	_	_
249-14	PSB042	249	14	c'	c'	_	_	_	_	_	linguistic	_	yes	SpaceAfter=No	_	_	_	_	_
249-15	PSB042	249	15	è	è	_	_	_	_	_	linguistic	_	yes	_	_	_	_	_	_
249-16	PSB042	249	16	harhoura:	harhoura	_	_	_	_	_	linguistic	_	yes	_	_	7x1	_	_	_
249-17	PSB042	249	17	e	e	_	_	_	_	_	linguistic	_	yes	_	_	_	_	_	_
249-18	PSB042	249	18	dopo	dopo	_	_	_	_	_	linguistic	_	yes	_	_	_	_	_	_
249-19	PSB042	249	19	haro~	haro~	_	_	_	_	_	linguistic	_	yes	Interrupted=Yes	_	_	_	_	_
249-20	PSB042	249	20	è	è	_	_	_	_	_	linguistic	_	yes	_	_	_	_	_	_
249-21	PSB042	249	21	grande.	grande	_	_	_	_	_	linguistic	_	yes	Intonation=Falling	End=585.124	_	_	_	_
250-0	PSB005	250	0	mhmh	mhmh	_	_	_	_	_	linguistic	_	none	_	Begin=585.236|End=586.149	_	_	_	_
251-0	PSB042	251	0	c'	c'	_	_	_	_	_	linguistic	_	yes	SpaceAfter=No	Begin=586.161	_	_	_	_
251-1	PSB042	251	1	è	è	_	_	_	_	_	linguistic	_	yes	_	_	_	_	_	_
251-2	PSB042	251	2	dopo:,	dopo	_	_	_	_	_	linguistic	_	yes	Intonation=WeaklyRising	_	3x1	_	_	_
251-3	PSB042	251	3	bouznika:,	bouznika	_	_	_	_	_	linguistic	_	yes	Intonation=WeaklyRising	_	7x1	_	_	_
251-4	PSB042	251	4	c'	c'	_	_	_	_	_	linguistic	_	yes	SpaceAfter=No	_	_	_	_	_
251-5	PSB042	251	5	è.	è	_	_	_	_	_	linguistic	_	yes	Intonation=Falling	_	_	_	_	_
251-6	PSB042	251	6	#quand	quand	_	_	_	_	_	linguistic	_	yes	Language=NO_ISO_CODE|Variation=Token	_	_	_	_	_
251-7	PSB042	251	7	prende	prende	_	_	_	_	_	linguistic	_	yes	_	_	_	_	_	_
251-8	PSB042	251	8	se	se	_	_	_	_	_	linguistic	_	yes	_	_	_	_	_	_
251-9	PSB042	251	9	c'	c'	_	_	_	_	_	linguistic	_	yes	SpaceAfter=No	_	_	_	_	_
251-10	PSB042	251	10	è	è	_	_	_	_	_	linguistic	_	yes	_	_	_	_	_	_
251-11	PSB042	251	11	la	la	_	_	_	_	_	linguistic	_	yes	_	_	_	_	_	_
251-12	PSB042	251	12	macchina	macchina	_	_	_	_	_	linguistic	_	yes	_	_	_	_	_	_
251-13	PSB042	251	13	poi	poi	_	_	_	_	_	linguistic	_	yes	_	_	_	_	_	_
251-14	PSB042	251	14	fare	fare	_	_	_	_	_	linguistic	_	yes	_	_	_	_	_	_
251-15	PSB042	251	15	a	a	_	_	_	_	_	linguistic	_	yes	_	_	_	_	_	_
251-16	PSB042	251	16	gra:nde	grande	_	_	_	_	_	linguistic	_	yes	_	_	2x1	_	_	_
251-17	PSB042	251	17	giro	giro	_	_	_	_	_	linguistic	_	yes	_	End=593.499	_	_	_	_
252-0	PSB005	252	0	°sì	sì	_	_	_	_	_	linguistic	_	none	Volume=low	Begin=593.824	_	_	_	_
252-1	PSB005	252	1	sì	sì	_	_	_	_	_	linguistic	_	none	Volume=low	_	_	_	_	_
252-2	PSB005	252	2	sì°	sì	_	_	_	_	_	linguistic	_	none	Volume=low	_	_	_	_	_
252-3	PSB005	252	3	è	è	_	_	_	_	_	linguistic	_	none	_	_	_	_	_	_
252-4	PSB005	252	4	grande	grande	_	_	_	_	_	linguistic	_	none	_	_	_	_	_	_
252-5	PSB005	252	5	il	il	_	_	_	_	_	linguistic	_	none	_	_	_	_	_	_
252-6	PSB005	252	6	mar[occo	marocco	_	_	_	_	_	linguistic	_	none	_	_	_	_	_	3-7(48)
252-7	PSB005	252	7	però]	però	_	_	_	_	_	linguistic	_	none	_	End=595.799	_	_	_	0-4(48)
253-0	PSB042	253	0	[s:ì]	sì	_	_	_	_	_	linguistic	_	none	_	Begin=595.224	0x1	_	_	0-2(48)
253-1	PSB042	253	1	sì.	sì	_	_	_	_	_	linguistic	_	none	Intonation=Falling	End=596.474	_	_	_	_
254-0	PSB005	254	0	serve	serve	_	_	_	_	_	linguistic	_	none	_	Begin=596.724	_	_	_	_
254-1	PSB005	254	1	molto	molto	_	_	_	_	_	linguistic	_	none	_	_	_	_	_	_
254-2	PSB005	254	2	tempo	tempo	_	_	_	_	_	linguistic	_	none	_	End=597.936	_	_	_	_
255-0	PSB042	255	0	sì:.	sì	_	_	_	_	_	linguistic	_	none	Intonation=Falling	Begin=599.036|End=599.461	1x1	_	_	_
256-0	PSB005	256	0	per	per	_	_	_	_	_	linguistic	_	none	_	Begin=599.586	_	_	_	_
256-1	PSB005	256	1	andare	andare	_	_	_	_	_	linguistic	_	none	_	_	_	_	_	_
256-2	PSB005	256	2	per	per	_	_	_	_	_	linguistic	_	none	_	_	_	_	_	_
256-3	PSB005	256	3	esempio	esempio	_	_	_	_	_	linguistic	_	none	_	_	_	_	_	_
256-4	PSB005	256	4	io	io	_	_	_	_	_	linguistic	_	none	_	_	_	_	_	_
256-5	PSB005	256	5	nel	nel	_	_	_	_	_	linguistic	_	none	_	_	_	_	_	_
256-6	PSB005	256	6	deserto	deserto	_	_	_	_	_	linguistic	_	none	_	_	_	_	_	_
256-7	PSB005	256	7	non	non	_	_	_	_	_	linguistic	_	none	_	_	_	_	_	_
256-8	PSB005	256	8	ci	ci	_	_	_	_	_	linguistic	_	none	_	_	_	_	_	_
256-9	PSB005	256	9	so[no	sono	_	_	_	_	_	linguistic	_	none	_	_	_	_	_	2-4(49)
256-10	PSB005	256	10	sta°ta°]	stata	_	_	_	_	_	linguistic	_	none	Volume=low	End=602.511	_	_	_	0-5(49)
257-0	PSB042	257	0	[per	per	_	_	_	_	_	linguistic	_	yes	_	Begin=601.911	_	_	_	0-3(49)
257-1	PSB042	257	1	ved]ere	vedere	_	_	_	_	_	linguistic	_	yes	_	_	_	_	_	0-3(49)
257-2	PSB042	257	2	bo~	bo~	_	_	_	_	_	linguistic	_	yes	Interrupted=Yes|PauseAfter=Yes	_	_	_	_	_
257-3	PSB042	257	3	(.)	(.)	_	_	_	_	_	shortpause	_	yes	_	_	_	_	_	_
257-4	PSB042	257	4	#des	des	_	_	_	_	_	linguistic	_	yes	Language=NO_ISO_CODE|Variation=Token	_	_	_	_	_
257-5	PSB042	257	5	cose	cose	_	_	_	_	_	linguistic	_	yes	_	_	_	_	_	_
257-6	PSB042	257	6	serve:	serve	_	_	_	_	_	linguistic	_	yes	_	_	4x1	_	_	_
257-7	PSB042	257	7	tempo.	tempo	_	_	_	_	_	linguistic	_	yes	Intonation=Falling	End=606.124	_	_	_	_
258-0	PSB005	258	0	io	io	_	_	_	_	_	linguistic	_	none	_	Begin=607.098	_	_	_	_
258-1	PSB005	258	1	non	non	_	_	_	_	_	linguistic	_	none	_	_	_	_	_	_
258-2	PSB005	258	2	sono	sono	_	_	_	_	_	linguistic	_	none	_	_	_	_	_	_
258-3	PSB005	258	3	stata	stata	_	_	_	_	_	linguistic	_	none	_	_	_	_	_	_
258-4	PSB005	258	4	nel	nel	_	_	_	_	_	linguistic	_	none	_	_	_	_	_	_
258-5	PSB005	258	5	deserto.	deserto	_	_	_	_	_	linguistic	_	none	Intonation=Falling|PauseAfter=Yes	_	_	_	_	_
258-6	PSB005	258	6	[(.)	(.)	_	_	_	_	_	shortpause	_	none	_	_	_	_	_	X(50)
258-7	PSB005	258	7	tu	tu	_	_	_	_	_	linguistic	_	none	_	_	_	_	_	0-2(50)
258-8	PSB005	258	8	se]i	sei	_	_	_	_	_	linguistic	_	none	_	_	_	_	_	0-2(50)
258-9	PSB005	258	9	stata	stata	_	_	_	_	_	linguistic	_	none	_	_	_	_	_	_
258-10	PSB005	258	10	[nel	nel	_	_	_	_	_	linguistic	_	none	_	_	_	_	_	0-3(51)
258-11	PSB005	258	11	deserto]?	deserto	_	_	_	_	_	linguistic	_	none	Intonation=Rising	End=610.848	_	_	_	0-7(51)
259-0	PSB042	259	0	[mh].	mh	_	_	_	_	_	linguistic	_	none	Intonation=Falling	Begin=609.029|End=609.489	_	_	_	0-2(50)
260-0	PSB042	260	0	[no	no	_	_	_	_	_	linguistic	_	none	_	Begin=609.849	_	_	_	0-2(51)
260-1	PSB042	260	1	no].	no	_	_	_	_	_	linguistic	_	none	Intonation=Falling	_	_	_	_	0-2(51)
260-2	PSB042	260	2	vuoi	vuoi	_	_	_	_	_	linguistic	_	none	_	_	_	_	_	_
260-3	PSB042	260	3	ma	ma	_	_	_	_	_	linguistic	_	none	_	_	_	_	_	_
260-4	PSB042	260	4	serve	serve	_	_	_	_	_	linguistic	_	none	_	_	_	_	_	_
260-5	PSB042	260	5	sold[i].	soldi	_	_	_	_	_	linguistic	_	none	Intonation=Falling	_	_	_	_	4-5(52)
260-6	PSB042	260	6	è	è	_	_	_	_	_	linguistic	_	none	_	_	_	_	_	_
260-7	PSB042	260	7	caro.	caro	_	_	_	_	_	linguistic	_	none	Intonation=Falling	_	_	_	_	_
260-8	PSB042	260	8	sì	sì	_	_	_	_	_	linguistic	_	none	_	_	_	_	_	_
260-9	PSB042	260	9	sì	sì	_	_	_	_	_	linguistic	_	none	_	End=613.26	_	_	_	_
261-0	PSB005	261	0	[eh.	eh	_	_	_	_	_	linguistic	_	none	Intonation=Falling	Begin=612.209	_	_	_	0-2(52)
261-1	PSB005	261	1	sì].	sì	_	_	_	_	_	linguistic	_	none	Intonation=Falling	End=612.589	_	_	_	0-2(52)
262-0	PSB005	262	0	sì	sì	_	_	_	_	_	linguistic	_	none	_	Begin=613.747	_	_	_	_
262-1	PSB005	262	1	[sì]	sì	_	_	_	_	_	linguistic	_	none	_	End=614.227	_	_	_	0-2(53)
263-0	PSB042	263	0	[sì]	sì	_	_	_	_	_	linguistic	_	none	_	Begin=613.927	_	_	_	0-2(53)
263-1	PSB042	263	1	sì	sì	_	_	_	_	_	linguistic	_	none	_	End=614.393	_	_	_	_
264-0	PSB042	264	0	vuoi	vuoi	_	_	_	_	_	linguistic	_	none	_	Begin=615.349	_	_	_	_
264-1	PSB042	264	1	ma	ma	_	_	_	_	_	linguistic	_	none	_	_	_	_	_	_
264-2	PSB042	264	2	serve	serve	_	_	_	_	_	linguistic	_	none	_	_	_	_	_	_
264-3	PSB042	264	3	sistemare,	sistemare	_	_	_	_	_	linguistic	_	none	Intonation=WeaklyRising|PauseAfter=Yes	_	_	_	_	_
264-4	PSB042	264	4	(.)	(.)	_	_	_	_	_	shortpause	_	none	_	_	_	_	_	_
264-5	PSB042	264	5	è	è	_	_	_	_	_	linguistic	_	none	_	_	_	_	_	_
264-6	PSB042	264	6	bello.	bello	_	_	_	_	_	linguistic	_	none	Intonation=Falling	End=618.736	_	_	_	_
265-0	PSB005	265	0	mh	mh	_	_	_	_	_	linguistic	_	none	_	Begin=618.909	_	_	_	_
265-1	PSB005	265	1	eh.	eh	_	_	_	_	_	linguistic	_	none	Intonation=Falling	_	_	_	_	_
265-2	PSB005	265	2	credo	credo	_	_	_	_	_	linguistic	_	none	_	_	_	_	_	_
265-3	PSB005	265	3	[di	di	_	_	_	_	_	linguistic	_	none	_	_	_	_	_	0-2(54)
265-4	PSB005	265	4	°sì°].	sì	_	_	_	_	_	linguistic	_	none	Intonation=Falling|Volume=low	End=620.089	_	_	_	0-2(54)
266-0	PSB042	266	0	[ve]:-	ve-	_	_	_	_	_	linguistic	_	yes	Interrupted=Yes	Begin=619.724	1x1	_	_	0-2(54)
266-1	PSB042	266	1	visto	visto	_	_	_	_	_	linguistic	_	yes	_	_	_	_	_	_
266-2	PSB042	266	2	anche	anche	_	_	_	_	_	linguistic	_	yes	_	_	_	_	_	_
266-3	PSB042	266	3	io	io	_	_	_	_	_	linguistic	_	yes	_	_	_	_	_	_
266-4	PSB042	266	4	#des.	des	_	_	_	_	_	linguistic	_	yes	Intonation=Falling|Language=NO_ISO_CODE|Variation=Token	End=621.907	_	_	_	_
267-0	PSB042	267	0	#des	des	_	_	_	_	_	linguistic	_	yes	Language=NO_ISO_CODE|Variation=Token	Begin=622.633	_	_	_	_
267-1	PSB042	267	1	video,	video	_	_	_	_	_	linguistic	_	yes	Intonation=WeaklyRising	_	_	_	_	_
267-2	PSB042	267	2	e	e	_	_	_	_	_	linguistic	_	yes	_	_	_	_	_	_
267-3	PSB042	267	3	#des	des	_	_	_	_	_	linguistic	_	yes	Language=NO_ISO_CODE|Variation=Token	_	_	_	_	_
267-4	PSB042	267	4	cose,	cose	_	_	_	_	_	linguistic	_	yes	Intonation=WeaklyRising	_	_	_	_	_
267-5	PSB042	267	5	piace	piace	_	_	_	_	_	linguistic	_	yes	_	_	_	_	_	_
267-6	PSB042	267	6	a	a	_	_	_	_	_	linguistic	_	yes	_	_	_	_	_	_
267-7	PSB042	267	7	me,	me	_	_	_	_	_	linguistic	_	yes	Intonation=WeaklyRising	_	_	_	_	_
267-8	PSB042	267	8	ma.	ma	_	_	_	_	_	linguistic	_	yes	Intonation=Falling	End=625.78	_	_	_	_
268-0	PSB042	268	0	(se	se	_	_	_	_	_	linguistic	_	none	_	Begin=627.373	_	_	0-2(0)	_
268-1	PSB042	268	1	va	va	_	_	_	_	_	linguistic	_	none	_	_	_	_	0-2(0)	_
268-2	PSB042	268	2	alla	alla	_	_	_	_	_	linguistic	_	none	_	_	_	_	0-4(0)	_
268-3	PSB042	268	3	stazione,	stazione	_	_	_	_	_	linguistic	_	none	Intonation=WeaklyRising	_	_	_	0-8(0)	_
268-4	PSB042	268	4	per	per	_	_	_	_	_	linguistic	_	none	_	_	_	_	0-3(0)	_
268-5	PSB042	268	5	me	me	_	_	_	_	_	linguistic	_	none	_	_	_	_	0-2(0)	_
268-6	PSB042	268	6	è	è	_	_	_	_	_	linguistic	_	none	_	_	_	_	0-1(0)	_
268-7	PSB042	268	7	bello.)	bello	_	_	_	_	_	linguistic	_	none	Intonation=Falling	End=630.418	_	_	0-5(0)	_
269-0	PSB042	269	0	eh	eh	_	_	_	_	_	linguistic	_	none	_	Begin=631.749	_	_	_	_
269-1	PSB042	269	1	scusa	scusa	_	_	_	_	_	linguistic	_	none	_	_	_	_	_	_
269-2	PSB042	269	2	se	se	_	_	_	_	_	linguistic	_	none	_	_	_	_	_	_
269-3	PSB042	269	3	[(xxx)]	xxx	_	_	_	_	_	unknown	_	none	Syllables=3	End=633.561	_	_	0-3(0)	0-3(55)
270-0	PSB005	270	0	[no	no	_	_	_	_	_	linguistic	_	none	_	Begin=632.599	_	_	_	0-2(55)
270-1	PSB005	270	1	no	no	_	_	_	_	_	linguistic	_	none	_	_	_	_	_	0-2(55)
270-2	PSB005	270	2	no	no	_	_	_	_	_	linguistic	_	none	_	_	_	_	_	0-2(55)
270-3	PSB005	270	3	no.	no	_	_	_	_	_	linguistic	_	none	Intonation=Falling	_	_	_	_	0-2(55)
270-4	PSB005	270	4	fai	fai	_	_	_	_	_	linguistic	_	none	_	_	_	_	_	0-3(55)
270-5	PSB005	270	5	pu]re.	pure	_	_	_	_	_	linguistic	_	none	Intonation=Falling	End=633.911	_	_	_	0-2(55)
271-0	PSB005	271	0	fai	fai	_	_	_	_	_	linguistic	_	none	_	Begin=634.536	_	_	_	_
271-1	PSB005	271	1	pure	pure	_	_	_	_	_	linguistic	_	none	_	End=635.074	_	_	_	_
272-0	PSB042	272	0	manda	manda	_	_	_	_	_	linguistic	_	none	_	Begin=638.599	_	_	_	_
272-1	PSB042	272	1	a	a	_	_	_	_	_	linguistic	_	none	_	_	_	_	_	_
272-2	PSB042	272	2	me:	me	_	_	_	_	_	linguistic	_	none	_	_	1x1	_	_	_
272-3	PSB042	272	3	una	una	_	_	_	_	_	linguistic	_	none	_	_	_	_	_	_
272-4	PSB042	272	4	qualcosa	qualcosa	_	_	_	_	_	linguistic	_	none	_	_	_	_	_	_
272-5	PSB042	272	5	per	per	_	_	_	_	_	linguistic	_	none	_	_	_	_	_	_
272-6	PSB042	272	6	la	la	_	_	_	_	_	linguistic	_	none	_	_	_	_	_	_
272-7	PSB042	272	7	nido	nido	_	_	_	_	_	linguistic	_	none	_	_	_	_	_	_
272-8	PSB042	272	8	ma	ma	_	_	_	_	_	linguistic	_	none	_	_	_	_	_	_
272-9	PSB042	272	9	no	no	_	_	_	_	_	linguistic	_	none	_	_	_	_	_	_
272-10	PSB042	272	10	puoi	puoi	_	_	_	_	_	linguistic	_	none	_	_	_	_	_	_
272-11	PSB042	272	11	vedere,	vedere	_	_	_	_	_	linguistic	_	none	Intonation=WeaklyRising	End=642.899	_	_	_	_
273-0	PSB042	273	0	serve	serve	_	_	_	_	_	linguistic	_	none	_	Begin=643.624	_	_	_	_
273-1	PSB042	273	1	la	la	_	_	_	_	_	linguistic	_	none	_	_	_	_	_	_
273-2	PSB042	273	2	connessione	connessione	_	_	_	_	_	linguistic	_	none	_	End=645.124	_	_	_	_
274-0	PSB005	274	0	ah	ah	_	_	_	_	_	linguistic	_	none	_	Begin=645.136	_	_	_	_
274-1	PSB005	274	1	sì.	sì	_	_	_	_	_	linguistic	_	none	Intonation=Falling	End=645.674	_	_	_	_
275-0	PSB005	275	0	okay	okay	_	_	_	_	_	linguistic	_	none	_	Begin=650.974|End=651.174	_	_	_	_
276-0	PSB005	276	0	e:	e	_	_	_	_	_	linguistic	_	none	_	Begin=651.686	0x1	_	_	_
276-1	PSB005	276	1	in	in	_	_	_	_	_	linguistic	_	none	_	_	_	_	_	_
276-2	PSB005	276	2	italia	italia	_	_	_	_	_	linguistic	_	none	_	_	_	_	_	_
276-3	PSB005	276	3	hai	hai	_	_	_	_	_	linguistic	_	none	_	_	_	_	_	_
276-4	PSB005	276	4	viaggiato	viaggiato	_	_	_	_	_	linguistic	_	none	_	_	_	_	_	_
276-5	PSB005	276	5	un	un	_	_	_	_	_	linguistic	_	none	_	_	_	_	_	_
276-6	PSB005	276	6	po'?	po'	_	_	_	_	_	linguistic	_	none	Intonation=Rising	_	_	_	_	_
276-7	PSB005	276	7	per	per	_	_	_	_	_	linguistic	_	none	_	_	_	_	_	_
276-8	PSB005	276	8	vacanza?	vacanza	_	_	_	_	_	linguistic	_	none	Intonation=Rising	End=654.811	_	_	_	_
277-0	PSB042	277	0	sì	sì	_	_	_	_	_	linguistic	_	none	_	Begin=654.874	_	_	_	_
277-1	PSB042	277	1	de~	de~	_	_	_	_	_	linguistic	_	none	Interrupted=Yes	End=655.737	_	_	_	_
278-0	PSB042	278	0	sempre	sempre	_	_	_	_	_	linguistic	_	none	_	Begin=656.274	_	_	_	_
278-1	PSB042	278	1	il	il	_	_	_	_	_	linguistic	_	none	_	_	_	_	_	_
278-2	PSB042	278	2	mare	mare	_	_	_	_	_	linguistic	_	none	_	End=657.236	_	_	_	_
279-0	PSB005	279	0	ah	ah	_	_	_	_	_	linguistic	_	none	_	Begin=657.274	_	_	_	_
279-1	PSB005	279	1	okay,	okay	_	_	_	_	_	linguistic	_	none	Intonation=WeaklyRising	_	_	_	_	_
279-2	PSB005	279	2	dove	dove	_	_	_	_	_	linguistic	_	none	_	_	_	_	_	_
279-3	PSB005	279	3	sei	sei	_	_	_	_	_	linguistic	_	none	_	_	_	_	_	_
279-4	PSB005	279	4	[stata]?	stata	_	_	_	_	_	linguistic	_	none	Intonation=Rising	End=659.211	_	_	_	0-5(56)
280-0	PSB042	280	0	[a:]	a	_	_	_	_	_	linguistic	_	none	_	Begin=658.812	0x1	_	_	0-1(56)
280-1	PSB042	280	1	cesenatico.	cesenatico	_	_	_	_	_	linguistic	_	none	Intonation=Falling	_	_	_	_	_
280-2	PSB042	280	2	spia:ggia,	spiaggia	_	_	_	_	_	linguistic	_	none	Intonation=WeaklyRising	End=661.362	3x1	_	_	_
281-0	PSB005	281	0	carino.	carino	_	_	_	_	_	linguistic	_	none	Intonation=Falling	Begin=661.362|End=661.912	_	_	_	_
282-0	PSB042	282	0	anche	anche	_	_	_	_	_	linguistic	_	none	_	Begin=662.837	_	_	_	_
282-1	PSB042	282	1	venezia	venezia	_	_	_	_	_	linguistic	_	none	_	_	_	_	_	_
282-2	PSB042	282	2	piace	piace	_	_	_	_	_	linguistic	_	none	_	_	_	_	_	_
282-3	PSB042	282	3	ma.	ma	_	_	_	_	_	linguistic	_	none	Intonation=Falling	_	_	_	_	_
282-4	PSB042	282	4	è	è	_	_	_	_	_	linguistic	_	none	_	_	_	_	_	_
282-5	PSB042	282	5	troppo	troppo	_	_	_	_	_	linguistic	_	none	_	_	_	_	_	_
282-6	PSB042	282	6	turistico	turistico	_	_	_	_	_	linguistic	_	none	_	End=666.349	_	_	_	_
283-0	PSB042	283	0	no	no	_	_	_	_	_	linguistic	_	yes	_	Begin=667.374	_	_	_	_
283-1	PSB042	283	1	puoi:	puoi	_	_	_	_	_	linguistic	_	yes	_	_	3x1	_	_	_
283-2	PSB042	283	2	resiste	resiste	_	_	_	_	_	linguistic	_	yes	_	_	_	_	_	_
283-3	PSB042	283	3	con:	con	_	_	_	_	_	linguistic	_	yes	PauseAfter=Yes	_	2x1	_	_	_
283-4	PSB042	283	4	(.)	(.)	_	_	_	_	_	shortpause	_	yes	_	_	_	_	_	_
283-5	PSB042	283	5	con:	con	_	_	_	_	_	linguistic	_	yes	_	_	2x1	_	_	_
283-6	PSB042	283	6	tro~	tro~	_	_	_	_	_	linguistic	_	yes	Interrupted=Yes	_	_	_	_	_
283-7	PSB042	283	7	una	una	_	_	_	_	_	linguistic	_	yes	_	_	_	_	_	_
283-8	PSB042	283	8	spa~	spa~	_	_	_	_	_	linguistic	_	yes	Interrupted=Yes	_	_	_	_	_
283-9	PSB042	283	9	una:.	una	_	_	_	_	_	linguistic	_	yes	Intonation=Falling	_	2x1	_	_	_
283-10	PSB042	283	10	#place	place	_	_	_	_	_	linguistic	_	yes	Language=NO_ISO_CODE|Variation=Token	_	_	_	_	_
283-11	PSB042	283	11	troppo	troppo	_	_	_	_	_	linguistic	_	yes	_	_	_	_	_	_
283-12	PSB042	283	12	persone,	persone	_	_	_	_	_	linguistic	_	yes	Intonation=WeaklyRising	End=674.412	_	_	_	_
284-0	PSB005	284	0	sì	sì	_	_	_	_	_	linguistic	_	none	_	Begin=674.713	_	_	_	_
284-1	PSB005	284	1	[sì	sì	_	_	_	_	_	linguistic	_	none	_	_	_	_	_	0-2(57)
284-2	PSB005	284	2	sì]	sì	_	_	_	_	_	linguistic	_	none	_	End=675.253	_	_	_	0-2(57)
285-0	PSB042	285	0	[piace]	piace	_	_	_	_	_	linguistic	_	none	_	Begin=674.899	_	_	_	0-5(57)
285-1	PSB042	285	1	calma	calma	_	_	_	_	_	linguistic	_	none	_	_	_	_	_	_
285-2	PSB042	285	2	de	de	_	_	_	_	_	linguistic	_	none	_	End=676.386	_	_	_	_
286-0	PSB005	286	0	°sì	sì	_	_	_	_	_	linguistic	_	none	Volume=low	Begin=676.449	_	_	_	_
286-1	PSB005	286	1	sì	sì	_	_	_	_	_	linguistic	_	none	Volume=low	_	_	_	_	_
286-2	PSB005	286	2	sì°	sì	_	_	_	_	_	linguistic	_	none	Volume=low	End=676.912	_	_	_	_
287-0	PSB042	287	0	cesenatico	cesenatico	_	_	_	_	_	linguistic	_	none	_	Begin=677.349	_	_	_	_
287-1	PSB042	287	1	meglio.	meglio	_	_	_	_	_	linguistic	_	none	Intonation=Falling	_	_	_	_	_
287-2	PSB042	287	2	ci	ci	_	_	_	_	_	linguistic	_	none	_	_	_	_	_	_
287-3	PSB042	287	3	senti	senti	_	_	_	_	_	linguistic	_	none	_	_	_	_	_	_
287-4	PSB042	287	4	calma.	calma	_	_	_	_	_	linguistic	_	none	Intonation=Falling	End=680.286	_	_	_	_
288-0	PSB042	288	0	sì,	sì	_	_	_	_	_	linguistic	_	none	Intonation=WeaklyRising	Begin=680.573|End=680.923	_	_	_	_
289-0	PSB005	289	0	e	e	_	_	_	_	_	linguistic	_	none	_	Begin=681.849	_	_	_	_
289-1	PSB005	289	1	pensi	pensi	_	_	_	_	_	linguistic	_	none	_	_	_	_	_	_
289-2	PSB005	289	2	di	di	_	_	_	_	_	linguistic	_	none	_	_	_	_	_	_
289-3	PSB005	289	3	andare	andare	_	_	_	_	_	linguistic	_	none	_	_	_	_	_	_
289-4	PSB005	289	4	in	in	_	_	_	_	_	linguistic	_	none	_	_	_	_	_	_
289-5	PSB005	289	5	marocco?	marocco	_	_	_	_	_	linguistic	_	none	Intonation=Rising	_	_	_	_	_
289-6	PSB005	289	6	per	per	_	_	_	_	_	linguistic	_	none	_	_	_	_	_	_
289-7	PSB005	289	7	vacanza?	vacanza	_	_	_	_	_	linguistic	_	none	Intonation=Rising	_	_	_	_	_
289-8	PSB005	289	8	o	o	_	_	_	_	_	linguistic	_	none	_	_	_	_	_	_
289-9	PSB005	289	9	no.	no	_	_	_	_	_	linguistic	_	none	Intonation=Falling	End=684.712	_	_	_	_
290-0	PSB042	290	0	no	no	_	_	_	_	_	linguistic	_	none	_	Begin=684.961	_	_	_	_
290-1	PSB042	290	1	a	a	_	_	_	_	_	linguistic	_	none	_	_	_	_	_	_
290-2	PSB042	290	2	questo	questo	_	_	_	_	_	linguistic	_	none	_	_	_	_	_	_
290-3	PSB042	290	3	momento	momento	_	_	_	_	_	linguistic	_	none	_	_	_	_	_	_
290-4	PSB042	290	4	no.	no	_	_	_	_	_	linguistic	_	none	Intonation=Falling	End=686.736	_	_	_	_
291-0	PSB005	291	0	okay	okay	_	_	_	_	_	linguistic	_	none	_	Begin=687.793|End=688.346	_	_	_	_
292-0	PSB042	292	0	serve	serve	_	_	_	_	_	linguistic	_	none	_	Begin=689.062	_	_	_	_
292-1	PSB042	292	1	$prepare.	prepare	_	_	_	_	_	linguistic	_	none	Intonation=Falling|Orthography=Yes|Variation=Emerging	_	_	_	_	_
292-2	PSB042	292	2	anche	anche	_	_	_	_	_	linguistic	_	none	_	_	_	_	_	_
292-3	PSB042	292	3	marocco,	marocco	_	_	_	_	_	linguistic	_	none	Intonation=WeaklyRising	_	_	_	_	_
292-4	PSB042	292	4	adesso	adesso	_	_	_	_	_	linguistic	_	none	_	_	_	_	_	_
292-5	PSB042	292	5	caro.	caro	_	_	_	_	_	linguistic	_	none	Intonation=Falling	End=691.812	_	_	_	_
293-0	PSB005	293	0	mh.	mh	_	_	_	_	_	linguistic	_	none	Intonation=Falling	Begin=692.218|End=692.568	_	_	_	_
294-0	PSB042	294	0	se	se	_	_	_	_	_	linguistic	_	none	_	Begin=692.812	_	_	_	_
294-1	PSB042	294	1	vuoi:,	vuoi	_	_	_	_	_	linguistic	_	none	Intonation=WeaklyRising	_	3x1	_	_	_
294-2	PSB042	294	2	no	no	_	_	_	_	_	linguistic	_	none	_	_	_	_	_	_
294-3	PSB042	294	3	puoi:	puoi	_	_	_	_	_	linguistic	_	none	_	End=694.747	3x1	_	_	_
295-0	PSB042	295	0	resta	resta	_	_	_	_	_	linguistic	_	none	_	Begin=695.227	_	_	_	_
295-1	PSB042	295	1	con	con	_	_	_	_	_	linguistic	_	none	_	_	_	_	_	_
295-2	PSB042	295	2	mia	mia	_	_	_	_	_	linguistic	_	none	_	_	_	_	_	_
295-3	PSB042	295	3	famiglia,	famiglia	_	_	_	_	_	linguistic	_	none	Intonation=WeaklyRising	_	_	_	_	_
295-4	PSB042	295	4	la	la	_	_	_	_	_	linguistic	_	none	_	_	_	_	_	_
295-5	PSB042	295	5	casa	casa	_	_	_	_	_	linguistic	_	none	_	_	_	_	_	_
295-6	PSB042	295	6	piccola	piccola	_	_	_	_	_	linguistic	_	none	_	_	_	_	_	_
295-7	PSB042	295	7	adesso	adesso	_	_	_	_	_	linguistic	_	none	_	_	_	_	_	_
295-8	PSB042	295	8	e.	e	_	_	_	_	_	linguistic	_	none	Intonation=Falling	End=698.566	_	_	_	_
296-0	PSB042	296	0	e:,	e	_	_	_	_	_	linguistic	_	none	Intonation=WeaklyRising	Begin=699.024	0x1	_	_	_
296-1	PSB042	296	1	ce	ce	_	_	_	_	_	linguistic	_	none	_	_	_	_	_	_
296-2	PSB042	296	2	l'	l'	_	_	_	_	_	linguistic	_	none	SpaceAfter=No	_	_	_	_	_
296-3	PSB042	296	3	ho	ho	_	_	_	_	_	linguistic	_	none	_	_	_	_	_	_
296-4	PSB042	296	4	mio	mio	_	_	_	_	_	linguistic	_	none	_	_	_	_	_	_
296-5	PSB042	296	5	marito	marito	_	_	_	_	_	linguistic	_	none	_	_	_	_	_	_
296-6	PSB042	296	6	e	e	_	_	_	_	_	linguistic	_	none	_	_	_	_	_	_
296-7	PSB042	296	7	mio	mio	_	_	_	_	_	linguistic	_	none	_	_	_	_	_	_
296-8	PSB042	296	8	bambino	bambino	_	_	_	_	_	linguistic	_	none	_	End=701.811	_	_	_	_
297-0	PSB042	297	0	se	se	_	_	_	_	_	linguistic	_	yes	_	Begin=702.311	_	_	_	_
297-1	PSB042	297	1	sola	sola	_	_	_	_	_	linguistic	_	yes	_	_	_	_	_	_
297-2	PSB042	297	2	no	no	_	_	_	_	_	linguistic	_	yes	_	_	_	_	_	_
297-3	PSB042	297	3	c'	c'	_	_	_	_	_	linguistic	_	yes	SpaceAfter=No	_	_	_	_	_
297-4	PSB042	297	4	è	è	_	_	_	_	_	linguistic	_	yes	_	_	_	_	_	_
297-5	PSB042	297	5	problema.	problema	_	_	_	_	_	linguistic	_	yes	Intonation=Falling|PauseAfter=Yes	_	_	_	_	_
297-6	PSB042	297	6	[(.)]	(.)	_	_	_	_	_	shortpause	_	yes	_	_	_	_	_	X(58)
297-7	PSB042	297	7	ma	ma	_	_	_	_	_	linguistic	_	yes	_	_	_	_	_	_
297-8	PSB042	297	8	#quand	quand	_	_	_	_	_	linguistic	_	yes	Language=NO_ISO_CODE|Variation=Token	_	_	_	_	_
297-9	PSB042	297	9	cambia	cambia	_	_	_	_	_	linguistic	_	yes	_	_	_	_	_	_
297-10	PSB042	297	10	la	la	_	_	_	_	_	linguistic	_	yes	_	_	_	_	_	_
297-11	PSB042	297	11	vita	vita	_	_	_	_	_	linguistic	_	yes	_	_	_	_	_	_
297-12	PSB042	297	12	serve	serve	_	_	_	_	_	linguistic	_	yes	_	_	_	_	_	_
297-13	PSB042	297	13	sistemare.	sistemare	_	_	_	_	_	linguistic	_	yes	Intonation=Falling	_	_	_	_	_
297-14	PSB042	297	14	serve	serve	_	_	_	_	_	linguistic	_	yes	_	_	_	_	_	_
297-15	PSB042	297	15	l'	l'	_	_	_	_	_	linguistic	_	yes	SpaceAfter=No	_	_	_	_	_
297-16	PSB042	297	16	hotel.	hotel	_	_	_	_	_	linguistic	_	yes	Intonation=Falling	_	_	_	_	_
297-17	PSB042	297	17	serve,	serve	_	_	_	_	_	linguistic	_	yes	Intonation=WeaklyRising	_	_	_	_	_
297-18	PSB042	297	18	serve,	serve	_	_	_	_	_	linguistic	_	yes	Intonation=WeaklyRising	_	_	_	_	_
297-19	PSB042	297	19	serve.	serve	_	_	_	_	_	linguistic	_	yes	Intonation=Falling	_	_	_	_	_
297-20	PSB042	297	20	((ride))	((ride))	_	_	_	_	_	nonverbalbehavior	_	yes	_	End=710.073	_	_	_	_
298-0	PSB005	298	0	[°sì	sì	_	_	_	_	_	linguistic	_	none	Volume=low	Begin=703.817	_	_	_	0-2(58)
298-1	PSB005	298	1	sì.°]	sì	_	_	_	_	_	linguistic	_	none	Intonation=Falling|Volume=low	End=704.287	_	_	_	0-2(58)
299-0	PSB005	299	0	soprattutto	soprattutto	_	_	_	_	_	linguistic	_	none	_	Begin=710.299	_	_	_	_
299-1	PSB005	299	1	con	con	_	_	_	_	_	linguistic	_	none	_	_	_	_	_	_
299-2	PSB005	299	2	[il	il	_	_	_	_	_	linguistic	_	none	_	_	_	_	_	0-2(59)
299-3	PSB005	299	3	bimbo	bimbo	_	_	_	_	_	linguistic	_	none	_	_	_	_	_	0-5(59)
299-4	PSB005	299	4	è	è	_	_	_	_	_	linguistic	_	none	_	_	_	_	_	0-1(59)
299-5	PSB005	299	5	piccolo]	piccolo	_	_	_	_	_	linguistic	_	none	_	End=711.761	_	_	_	0-7(59)
300-0	PSB042	300	0	[#quand	quand	_	_	_	_	_	linguistic	_	yes	Language=NO_ISO_CODE|Variation=Token	Begin=710.968	_	_	_	0-6(59)
300-1	PSB042	300	1	#calcu]ler	calculer	_	_	_	_	_	linguistic	_	yes	Language=NO_ISO_CODE|Variation=Token	_	_	_	_	0-6(59)
300-2	PSB042	300	2	tutte:,	tutte	_	_	_	_	_	linguistic	_	yes	Intonation=WeaklyRising	_	4x1	_	_	_
300-3	PSB042	300	3	costa.	costa	_	_	_	_	_	linguistic	_	yes	Intonation=Falling	End=713.749	_	_	_	_
301-0	PSB005	301	0	s:ì	sì	_	_	_	_	_	linguistic	_	none	_	Begin=713.952|End=714.314	0x1	_	_	_
302-0	PSB005	302	0	certo.	certo	_	_	_	_	_	linguistic	_	none	Intonation=Falling	Begin=714.689|End=715.136	_	_	_	_
303-0	PSB042	303	0	eh	eh	_	_	_	_	_	linguistic	_	none	_	Begin=715.136	_	_	_	_
303-1	PSB042	303	1	lo	lo	_	_	_	_	_	linguistic	_	none	_	_	_	_	_	_
303-2	PSB042	303	2	sai	sai	_	_	_	_	_	linguistic	_	none	_	_	_	_	_	_
303-3	PSB042	303	3	tu.	tu	_	_	_	_	_	linguistic	_	none	Intonation=Falling	_	_	_	_	_
303-4	PSB042	303	4	((ride))	((ride))	_	_	_	_	_	nonverbalbehavior	_	none	_	End=717.198	_	_	_	_
304-0	PSB005	304	0	sì	sì	_	_	_	_	_	linguistic	_	none	_	Begin=716.54	_	_	_	_
304-1	PSB005	304	1	sì	sì	_	_	_	_	_	linguistic	_	none	_	_	_	_	_	_
304-2	PSB005	304	2	sì.	sì	_	_	_	_	_	linguistic	_	none	Intonation=Falling	End=717.07	_	_	_	_
305-0	PSB005	305	0	sì,	sì	_	_	_	_	_	linguistic	_	none	Intonation=WeaklyRising	Begin=717.536	_	_	_	_
305-1	PSB005	305	1	io	io	_	_	_	_	_	linguistic	_	none	_	_	_	_	_	_
305-2	PSB005	305	2	adesso	adesso	_	_	_	_	_	linguistic	_	none	_	_	_	_	_	_
305-3	PSB005	305	3	sono	sono	_	_	_	_	_	linguistic	_	none	_	_	_	_	_	_
305-4	PSB005	305	4	fortunata	fortunata	_	_	_	_	_	linguistic	_	none	_	_	_	_	_	_
305-5	PSB005	305	5	perché	perché	_	_	_	_	_	linguistic	_	none	_	_	_	_	_	_
305-6	PSB005	305	6	ancora:.	ancora	_	_	_	_	_	linguistic	_	none	Intonation=Falling	End=720.173	5x1	_	_	_
306-0	PSB042	306	0	eh	eh	_	_	_	_	_	linguistic	_	none	_	Begin=720.174	_	_	_	_
306-1	PSB042	306	1	sì:.	sì	_	_	_	_	_	linguistic	_	none	Intonation=Falling	End=721.086	1x1	_	_	_
307-0	PSB005	307	0	sono	sono	_	_	_	_	_	linguistic	_	none	_	Begin=721.286	_	_	_	_
307-1	PSB005	307	1	un	un	_	_	_	_	_	linguistic	_	none	_	_	_	_	_	_
307-2	PSB005	307	2	po'	po'	_	_	_	_	_	linguistic	_	none	_	_	_	_	_	_
307-3	PSB005	307	3	indipendente	indipendente	_	_	_	_	_	linguistic	_	none	_	_	_	_	_	_
307-4	PSB005	307	4	dici[amo]	diciamo	_	_	_	_	_	linguistic	_	none	_	End=722.949	_	_	_	4-7(61)
308-0	PSB042	308	0	[e:h].	eh	_	_	_	_	_	linguistic	_	yes	Intonation=Falling	Begin=722.362	0x1	_	_	0-2(61)
308-1	PSB042	308	1	#quand	quand	_	_	_	_	_	linguistic	_	yes	Language=NO_ISO_CODE|Variation=Token	_	_	_	_	_
308-2	PSB042	308	2	sola,	sola	_	_	_	_	_	linguistic	_	yes	Intonation=WeaklyRising	_	_	_	_	_
308-3	PSB042	308	3	non	non	_	_	_	_	_	linguistic	_	yes	_	_	_	_	_	_
308-4	PSB042	308	4	c'	c'	_	_	_	_	_	linguistic	_	yes	SpaceAfter=No	_	_	_	_	_
308-5	PSB042	308	5	è	è	_	_	_	_	_	linguistic	_	yes	_	_	_	_	_	_
308-6	PSB042	308	6	problema.	problema	_	_	_	_	_	linguistic	_	yes	Intonation=Falling	_	_	_	_	_
308-7	PSB042	308	7	puoi	puoi	_	_	_	_	_	linguistic	_	yes	_	_	_	_	_	_
308-8	PSB042	308	8	anche	anche	_	_	_	_	_	linguistic	_	yes	_	_	_	_	_	_
308-9	PSB042	308	9	dormire	dormire	_	_	_	_	_	linguistic	_	yes	_	_	_	_	_	_
308-10	PSB042	308	10	con	con	_	_	_	_	_	linguistic	_	yes	_	_	_	_	_	_
308-11	PSB042	308	11	gli:	gli	_	_	_	_	_	linguistic	_	yes	_	_	2x1	_	_	_
308-12	PSB042	308	12	amici:,	amici	_	_	_	_	_	linguistic	_	yes	Intonation=WeaklyRising	End=728.567	4x1	_	_	_
309-0	PSB042	309	0	ma	ma	_	_	_	_	_	linguistic	_	yes	_	Begin=729.113	_	_	_	_
309-1	PSB042	309	1	#quand	quand	_	_	_	_	_	linguistic	_	yes	Language=NO_ISO_CODE|Variation=Token	_	_	_	_	_
309-2	PSB042	309	2	c'	c'	_	_	_	_	_	linguistic	_	yes	SpaceAfter=No	_	_	_	_	_
309-3	PSB042	309	3	è	è	_	_	_	_	_	linguistic	_	yes	_	_	_	_	_	_
309-4	PSB042	309	4	famiglia:.	famiglia	_	_	_	_	_	linguistic	_	yes	Intonation=Falling	_	7x1	_	_	_
309-5	PSB042	309	5	dife:~	dife~	_	_	_	_	_	linguistic	_	yes	Interrupted=Yes	End=732.113	3x1	_	_	_
310-0	PSB042	310	0	cambia	cambia	_	_	_	_	_	linguistic	_	none	_	Begin=732.874	_	_	_	_
310-1	PSB042	310	1	la	la	_	_	_	_	_	linguistic	_	none	_	_	_	_	_	_
310-2	PSB042	310	2	tua	tua	_	_	_	_	_	linguistic	_	none	_	_	_	_	_	_
310-3	PSB042	310	3	[vita]	vita	_	_	_	_	_	linguistic	_	none	_	_	_	_	_	0-4(62)
310-4	PSB042	310	4	serve	serve	_	_	_	_	_	linguistic	_	none	_	_	_	_	_	_
310-5	PSB042	310	5	calcolare	calcolare	_	_	_	_	_	linguistic	_	none	_	_	_	_	_	_
310-6	PSB042	310	6	tutte:,	tutte	_	_	_	_	_	linguistic	_	none	Intonation=WeaklyRising	End=737.086	4x1	_	_	_
311-0	PSB005	311	0	[certo].	certo	_	_	_	_	_	linguistic	_	none	Intonation=Falling	Begin=733.828|End=734.258	_	_	_	0-5(62)
312-0	PSB042	312	0	programmare,	programmare	_	_	_	_	_	linguistic	_	none	Intonation=WeaklyRising	Begin=737.136|End=738.199	_	_	_	_
313-0	PSB005	313	0	mhmh.	mhmh	_	_	_	_	_	linguistic	_	none	Intonation=Falling	Begin=738.235|End=738.665	_	_	_	_
314-0	PSB042	314	0	programmare,	programmare	_	_	_	_	_	linguistic	_	none	Intonation=WeaklyRising	Begin=738.749	_	_	_	_
314-1	PSB042	314	1	non	non	_	_	_	_	_	linguistic	_	none	_	_	_	_	_	_
314-2	PSB042	314	2	è	è	_	_	_	_	_	linguistic	_	none	_	_	_	_	_	_
314-3	PSB042	314	3	così	così	_	_	_	_	_	linguistic	_	none	_	_	_	_	_	_
314-4	PSB042	314	4	eh	eh	_	_	_	_	_	linguistic	_	none	_	End=740.199	_	_	_	_
315-0	PSB005	315	0	certo.	certo	_	_	_	_	_	linguistic	_	none	Intonation=Falling	Begin=740.348	_	_	_	_
315-1	PSB005	315	1	sì	sì	_	_	_	_	_	linguistic	_	none	_	_	_	_	_	_
315-2	PSB005	315	2	sì	sì	_	_	_	_	_	linguistic	_	none	_	_	_	_	_	_
315-3	PSB005	315	3	infatti	infatti	_	_	_	_	_	linguistic	_	none	_	_	_	_	_	_
315-4	PSB005	315	4	lo	lo	_	_	_	_	_	linguistic	_	none	_	_	_	_	_	_
315-5	PSB005	315	5	so.	so	_	_	_	_	_	linguistic	_	none	Intonation=Falling	_	_	_	_	_
315-6	PSB005	315	6	per	per	_	_	_	_	_	linguistic	_	none	_	_	_	_	_	_
315-7	PSB005	315	7	quello	quello	_	_	_	_	_	linguistic	_	none	_	_	_	_	_	_
315-8	PSB005	315	8	che	che	_	_	_	_	_	linguistic	_	none	_	_	_	_	_	_
315-9	PSB005	315	9	[ancora	ancora	_	_	_	_	_	linguistic	_	none	_	_	_	_	_	0-6(65)
315-10	PSB005	315	10	sto]	sto	_	_	_	_	_	linguistic	_	none	_	_	_	_	_	0-3(65)
315-11	PSB005	315	11	aspettando.	aspettando	_	_	_	_	_	linguistic	_	none	Intonation=Falling	_	_	_	_	_
315-12	PSB005	315	12	((ride))	((ride))	_	_	_	_	_	nonverbalbehavior	_	none	_	End=745.011	_	_	_	_
316-0	PSB042	316	0	((ride))	((ride))	_	_	_	_	_	nonverbalbehavior	_	none	_	Begin=740.349|End=741.099	_	_	_	_
317-0	PSB042	317	0	[sì]	sì	_	_	_	_	_	linguistic	_	none	_	Begin=742.96|End=743.627	_	_	_	0-2(64)
318-0	PSB042	318	0	((ride))	((ride))	_	_	_	_	_	nonverbalbehavior	_	none	_	Begin=744.111|End=745.521	_	_	_	_
319-0	PSB042	319	0	sì.	sì	_	_	_	_	_	linguistic	_	none	Intonation=Falling	Begin=746.054|End=746.354	_	_	_	_
320-0	PSB005	320	0	sto	sto	_	_	_	_	_	linguistic	_	none	_	Begin=746.749	_	_	_	_
320-1	PSB005	320	1	ancora	ancora	_	_	_	_	_	linguistic	_	none	_	_	_	_	_	_
320-2	PSB005	320	2	aspet[tando].	aspettando	_	_	_	_	_	linguistic	_	none	Intonation=Falling	End=747.613	_	_	_	5-10(?)
321-0	PSB042	321	0	ma	ma	_	_	_	_	_	linguistic	_	yes	_	Begin=747.661	_	_	_	_
321-1	PSB042	321	1	#en	en	_	_	_	_	_	linguistic	_	yes	Language=NO_ISO_CODE|Variation=Token	_	_	_	_	_
321-2	PSB042	321	2	generale	generale	_	_	_	_	_	linguistic	_	yes	_	_	_	_	_	_
321-3	PSB042	321	3	io	io	_	_	_	_	_	linguistic	_	yes	_	_	_	_	_	_
321-4	PSB042	321	4	piace	piace	_	_	_	_	_	linguistic	_	yes	_	_	_	_	_	_
321-5	PSB042	321	5	l:-	l-	_	_	_	_	_	linguistic	_	yes	Interrupted=Yes	_	0x1	_	_	_
321-6	PSB042	321	6	ehm	ehm	_	_	_	_	_	linguistic	_	yes	_	_	_	_	_	_
321-7	PSB042	321	7	le	le	_	_	_	_	_	linguistic	_	yes	_	_	_	_	_	_
321-8	PSB042	321	8	zona	zona	_	_	_	_	_	linguistic	_	yes	_	_	_	_	_	_
321-9	PSB042	321	9	vicino	vicino	_	_	_	_	_	linguistic	_	yes	_	_	_	_	_	_
321-10	PSB042	321	10	al	al	_	_	_	_	_	linguistic	_	yes	_	_	_	_	_	_
321-11	PSB042	321	11	mare,	mare	_	_	_	_	_	linguistic	_	yes	Intonation=WeaklyRising	_	_	_	_	_
321-12	PSB042	321	12	calma,	calma	_	_	_	_	_	linguistic	_	yes	Intonation=WeaklyRising	End=753.974	_	_	_	_
322-0	PSB042	322	0	e	e	_	_	_	_	_	linguistic	_	yes	_	Begin=754.211	_	_	_	_
322-1	PSB042	322	1	anche	anche	_	_	_	_	_	linguistic	_	yes	_	_	_	_	_	_
322-2	PSB042	322	2	#*a	a	_	_	_	_	_	linguistic	_	yes	Language=NO_ISO_CODE|Variation=Doubtful	_	_	_	_	_
322-3	PSB042	322	3	#*l'	l'	_	_	_	_	_	linguistic	_	yes	SpaceAfter=No|Language=NO_ISO_CODE|Variation=Doubtful	_	_	_	_	_
322-4	PSB042	322	4	#italie	italie	_	_	_	_	_	linguistic	_	yes	Language=NO_ISO_CODE|Variation=Token	_	_	_	_	_
322-5	PSB042	322	5	cerco	cerco	_	_	_	_	_	linguistic	_	yes	_	_	_	_	_	_
322-6	PSB042	322	6	così.	così	_	_	_	_	_	linguistic	_	yes	Intonation=Falling	End=756.549	_	_	_	_
323-0	PSB005	323	0	mhmh	mhmh	_	_	_	_	_	linguistic	_	none	_	Begin=756.649	_	_	_	_
323-1	PSB005	323	1	ma	ma	_	_	_	_	_	linguistic	_	none	_	_	_	_	_	_
323-2	PSB005	323	2	c'	c'	_	_	_	_	_	linguistic	_	none	SpaceAfter=No	_	_	_	_	_
323-3	PSB005	323	3	è	è	_	_	_	_	_	linguistic	_	none	_	_	_	_	_	_
323-4	PSB005	323	4	tanto	tanto	_	_	_	_	_	linguistic	_	none	_	_	_	_	_	_
323-5	PSB005	323	5	mare	mare	_	_	_	_	_	linguistic	_	none	_	_	_	_	_	_
323-6	PSB005	323	6	qui.	qui	_	_	_	_	_	linguistic	_	none	Intonation=Falling	End=758.311	_	_	_	_
324-0	PSB042	324	0	s:ì	sì	_	_	_	_	_	linguistic	_	none	_	Begin=758.711	0x1	_	_	_
324-1	PSB042	324	1	c'	c'	_	_	_	_	_	linguistic	_	none	SpaceAfter=No	_	_	_	_	_
324-2	PSB042	324	2	è,	è	_	_	_	_	_	linguistic	_	none	Intonation=WeaklyRising	End=759.561	_	_	_	_
325-0	PSB005	325	0	ci	ci	_	_	_	_	_	linguistic	_	none	_	Begin=759.611	_	_	_	_
325-1	PSB005	325	1	sono	sono	_	_	_	_	_	linguistic	_	none	_	_	_	_	_	_
325-2	PSB005	325	2	molti	molti	_	_	_	_	_	linguistic	_	none	_	_	_	_	_	_
325-3	PSB005	325	3	posti?	posti	_	_	_	_	_	linguistic	_	none	Intonation=Rising	End=760.736	_	_	_	_
326-0	PSB042	326	0	sì	sì	_	_	_	_	_	linguistic	_	none	_	Begin=760.748|End=761.411	_	_	_	_
327-0	PSB005	327	0	sono	sono	_	_	_	_	_	linguistic	_	none	_	Begin=763.174	_	_	_	_
327-1	PSB005	327	1	stata	stata	_	_	_	_	_	linguistic	_	none	_	_	_	_	_	_
327-2	PSB005	327	2	a	a	_	_	_	_	_	linguistic	_	none	_	_	_	_	_	_
327-3	PSB005	327	3	cesenatico	cesenatico	_	_	_	_	_	linguistic	_	none	PauseAfter=Yes	_	_	_	_	_
327-4	PSB005	327	4	(.)	(.)	_	_	_	_	_	shortpause	_	none	_	_	_	_	_	_
327-5	PSB005	327	5	con	con	_	_	_	_	_	linguistic	_	none	_	_	_	_	_	_
327-6	PSB005	327	6	i	i	_	_	_	_	_	linguistic	_	none	_	_	_	_	_	_
327-7	PSB005	327	7	miei	miei	_	_	_	_	_	linguistic	_	none	_	_	_	_	_	_
327-8	PSB005	327	8	genitori:	genitori	_	_	_	_	_	linguistic	_	none	_	_	7x1	_	_	_
327-9	PSB005	327	9	un	un	_	_	_	_	_	linguistic	_	none	_	_	_	_	_	_
327-10	PSB005	327	10	giorno	giorno	_	_	_	_	_	linguistic	_	none	_	_	_	_	_	_
327-11	PSB005	327	11	l'	l'	_	_	_	_	_	linguistic	_	none	SpaceAfter=No	_	_	_	_	_
327-12	PSB005	327	12	anno	anno	_	_	_	_	_	linguistic	_	none	_	_	_	_	_	_
327-13	PSB005	327	13	scorso	scorso	_	_	_	_	_	linguistic	_	none	_	_	_	_	_	_
327-14	PSB005	327	14	ma	ma	_	_	_	_	_	linguistic	_	none	_	_	_	_	_	_
327-15	PSB005	327	15	m:h.	mh	_	_	_	_	_	linguistic	_	none	Intonation=Falling	End=768.111	0x1	_	_	_
328-0	PSB005	328	0	era	era	_	_	_	_	_	linguistic	_	none	_	Begin=768.786	_	_	_	_
328-1	PSB005	328	1	inverno.	inverno	_	_	_	_	_	linguistic	_	none	Intonation=Falling	End=769.536	_	_	_	_
329-0	PSB042	329	0	a[:h]	ah	_	_	_	_	_	linguistic	_	none	_	Begin=770.024|End=770.349	0x1	_	_	1-2(66)
330-0	PSB005	330	0	[so]lo	solo	_	_	_	_	_	linguistic	_	none	_	Begin=770.161	_	_	_	0-2(66)
330-1	PSB005	330	1	per	per	_	_	_	_	_	linguistic	_	none	_	_	_	_	_	_
330-2	PSB005	330	2	mangiare.	mangiare	_	_	_	_	_	linguistic	_	none	Intonation=Falling	End=771.249	_	_	_	_
331-0	PSB042	331	0	sì:.	sì	_	_	_	_	_	linguistic	_	none	Intonation=Falling	Begin=771.449|End=771.911	1x1	_	_	_
332-0	PSB005	332	0	solo	solo	_	_	_	_	_	linguistic	_	none	_	Begin=771.949	_	_	_	_
332-1	PSB005	332	1	per	per	_	_	_	_	_	linguistic	_	none	_	_	_	_	_	_
332-2	PSB005	332	2	pranzare.	pranzare	_	_	_	_	_	linguistic	_	none	Intonation=Falling	_	_	_	_	_
332-3	PSB005	332	3	fuori.	fuori	_	_	_	_	_	linguistic	_	none	Intonation=Falling	End=773.749	_	_	_	_
333-0	PSB042	333	0	((ride))	((ride))	_	_	_	_	_	nonverbalbehavior	_	none	_	Begin=772.848|End=773.758	_	_	_	_
334-0	PSB005	334	0	((ride))	((ride))	_	_	_	_	_	nonverbalbehavior	_	none	_	Begin=773.808	_	_	_	_
334-1	PSB005	334	1	((inspira))	((inspira))	_	_	_	_	_	nonverbalbehavior	_	none	_	End=774.488	_	_	_	_
335-0	PSB042	335	0	anche	anche	_	_	_	_	_	linguistic	_	none	_	Begin=774.536	_	_	_	_
335-1	PSB042	335	1	rimini	rimini	_	_	_	_	_	linguistic	_	none	_	_	_	_	_	_
335-2	PSB042	335	2	è	è	_	_	_	_	_	linguistic	_	none	_	_	_	_	_	_
335-3	PSB042	335	3	buona.	buona	_	_	_	_	_	linguistic	_	none	Intonation=Falling	_	_	_	_	_
335-4	PSB042	335	4	vis[ita	visita	_	_	_	_	_	linguistic	_	none	_	_	_	_	_	3-6(68)
335-5	PSB042	335	5	rim]ini.	rimini	_	_	_	_	_	linguistic	_	none	Intonation=Falling	End=777.036	_	_	_	0-3(68)
336-0	PSB005	336	0	[sì	sì	_	_	_	_	_	linguistic	_	none	_	Begin=776.131	_	_	_	0-2(68)
336-1	PSB005	336	1	sì]	sì	_	_	_	_	_	linguistic	_	none	_	End=776.911	_	_	_	0-2(68)
337-0	PSB042	337	0	ma	ma	_	_	_	_	_	linguistic	_	none	_	Begin=777.236	_	_	_	_
337-1	PSB042	337	1	piace	piace	_	_	_	_	_	linguistic	_	none	_	_	_	_	_	_
337-2	PSB042	337	2	cesenatico,	cesenatico	_	_	_	_	_	linguistic	_	none	Intonation=WeaklyRising	_	_	_	_	_
337-3	PSB042	337	3	più	più	_	_	_	_	_	linguistic	_	none	_	_	_	_	_	_
337-4	PSB042	337	4	da	da	_	_	_	_	_	linguistic	_	none	_	_	_	_	_	_
337-5	PSB042	337	5	rimini.	rimini	_	_	_	_	_	linguistic	_	none	Intonation=Falling	_	_	_	_	_
337-6	PSB042	337	6	no	no	_	_	_	_	_	linguistic	_	none	_	_	_	_	_	_
337-7	PSB042	337	7	lo	lo	_	_	_	_	_	linguistic	_	none	_	_	_	_	_	_
337-8	PSB042	337	8	so	so	_	_	_	_	_	linguistic	_	none	_	_	_	_	_	_
337-9	PSB042	337	9	perché,	perché	_	_	_	_	_	linguistic	_	none	Intonation=WeaklyRising	_	_	_	_	_
337-10	PSB042	337	10	ma.	ma	_	_	_	_	_	linguistic	_	none	Intonation=Falling	End=781.849	_	_	_	_
338-0	PSB042	338	0	perché	perché	_	_	_	_	_	linguistic	_	none	_	Begin=781.973	_	_	_	_
338-1	PSB042	338	1	cesenatico	cesenatico	_	_	_	_	_	linguistic	_	none	_	_	_	_	_	_
338-2	PSB042	338	2	[piccola]	piccola	_	_	_	_	_	linguistic	_	none	_	End=783.723	_	_	_	0-7(69)
339-0	PSB005	339	0	[piccola]	piccola	_	_	_	_	_	linguistic	_	none	_	Begin=783.198|End=783.748	_	_	_	0-7(69)
340-0	PSB042	340	0	sempre	sempre	_	_	_	_	_	linguistic	_	none	_	Begin=783.986	_	_	_	_
340-1	PSB042	340	1	io	io	_	_	_	_	_	linguistic	_	none	_	_	_	_	_	_
340-2	PSB042	340	2	piace	piace	_	_	_	_	_	linguistic	_	none	_	_	_	_	_	_
340-3	PSB042	340	3	le	le	_	_	_	_	_	linguistic	_	none	_	_	_	_	_	_
340-4	PSB042	340	4	zona	zona	_	_	_	_	_	linguistic	_	none	_	_	_	_	_	_
340-5	PSB042	340	5	picco°la.°	piccola	_	_	_	_	_	linguistic	_	none	Intonation=Falling|Volume=low	End=786.386	_	_	_	_
341-0	PSB005	341	0	eh	eh	_	_	_	_	_	linguistic	_	none	_	Begin=786.636	_	_	_	_
341-1	PSB005	341	1	allora	allora	_	_	_	_	_	linguistic	_	none	_	_	_	_	_	_
341-2	PSB005	341	2	forse	forse	_	_	_	_	_	linguistic	_	none	_	_	_	_	_	_
341-3	PSB005	341	3	bologna	bologna	_	_	_	_	_	linguistic	_	none	_	_	_	_	_	_
341-4	PSB005	341	4	è	è	_	_	_	_	_	linguistic	_	none	_	_	_	_	_	_
341-5	PSB005	341	5	grande.	grande	_	_	_	_	_	linguistic	_	none	Intonation=Falling	End=788.536	_	_	_	_
342-0	PSB042	342	0	sì	sì	_	_	_	_	_	linguistic	_	none	_	Begin=790.349	_	_	_	_
342-1	PSB042	342	1	è	è	_	_	_	_	_	linguistic	_	none	_	_	_	_	_	_
342-2	PSB042	342	2	grande.	grande	_	_	_	_	_	linguistic	_	none	Intonation=Falling	End=791.461	_	_	_	_
343-0	PSB042	343	0	ma	ma	_	_	_	_	_	linguistic	_	none	_	Begin=792.411	_	_	_	_
343-1	PSB042	343	1	con	con	_	_	_	_	_	linguistic	_	none	_	_	_	_	_	_
343-2	PSB042	343	2	me	me	_	_	_	_	_	linguistic	_	none	_	_	_	_	_	_
343-3	PSB042	343	3	senza	senza	_	_	_	_	_	linguistic	_	none	_	_	_	_	_	_
343-4	PSB042	343	4	macchina	macchina	_	_	_	_	_	linguistic	_	none	_	_	_	_	_	_
343-5	PSB042	343	5	ci~	ci~	_	_	_	_	_	linguistic	_	none	Interrupted=Yes	_	_	_	_	_
343-6	PSB042	343	6	sentire	sentire	_	_	_	_	_	linguistic	_	none	_	_	_	_	_	_
343-7	PSB042	343	7	solo	solo	_	_	_	_	_	linguistic	_	none	_	_	_	_	_	_
343-8	PSB042	343	8	questa	questa	_	_	_	_	_	linguistic	_	none	_	_	_	_	_	_
343-9	PSB042	343	9	zona	zona	_	_	_	_	_	linguistic	_	none	_	_	_	_	_	_
343-10	PSB042	343	10	come	come	_	_	_	_	_	linguistic	_	none	_	_	_	_	_	_
343-11	PSB042	343	11	per	per	_	_	_	_	_	linguistic	_	none	_	_	_	_	_	_
343-12	PSB042	343	12	me	me	_	_	_	_	_	linguistic	_	none	_	_	_	_	_	_
343-13	PSB042	343	13	picco~	picco~	_	_	_	_	_	linguistic	_	none	Interrupted=Yes	_	_	_	_	_
343-14	PSB042	343	14	(ride)	ride	_	_	_	_	_	linguistic	_	none	_	End=797.824	_	_	0-4(0)	_
344-0	PSB005	344	0	sì.	sì	_	_	_	_	_	linguistic	_	none	Intonation=Falling	Begin=797.948	_	_	_	_
344-1	PSB005	344	1	il	il	_	_	_	_	_	linguistic	_	none	_	_	_	_	_	_
344-2	PSB005	344	2	quartier[e].	quartiere	_	_	_	_	_	linguistic	_	none	Intonation=Falling	End=799.336	_	_	_	8-9(70)
345-0	PSB042	345	0	[perché	perché	_	_	_	_	_	linguistic	_	none	_	Begin=798.88	_	_	_	0-6(70)
345-1	PSB042	345	1	s]:olo.	solo	_	_	_	_	_	linguistic	_	none	Intonation=Falling	_	0x1	_	_	0-1(70)
345-2	PSB042	345	2	la	la	_	_	_	_	_	linguistic	_	none	_	_	_	_	_	_
345-3	PSB042	345	3	zona.	zona	_	_	_	_	_	linguistic	_	none	Intonation=Falling	End=800.698	_	_	_	_
346-0	PSB005	346	0	mhmh	mhmh	_	_	_	_	_	linguistic	_	none	_	Begin=800.811|End=801.161	_	_	_	_
347-0	PSB005	347	0	però	però	_	_	_	_	_	linguistic	_	none	_	Begin=801.399	_	_	_	_
347-1	PSB005	347	1	riesci	riesci	_	_	_	_	_	linguistic	_	none	_	_	_	_	_	_
347-2	PSB005	347	2	a	a	_	_	_	_	_	linguistic	_	none	_	_	_	_	_	_
347-3	PSB005	347	3	trovare	trovare	_	_	_	_	_	linguistic	_	none	_	_	_	_	_	_
347-4	PSB005	347	4	tutto	tutto	_	_	_	_	_	linguistic	_	none	_	_	_	_	_	_
347-5	PSB005	347	5	qui	qui	_	_	_	_	_	linguistic	_	none	_	End=802.874	_	_	_	_
348-0	PSB042	348	0	sì	sì	_	_	_	_	_	linguistic	_	none	_	Begin=803.224	_	_	_	_
348-1	PSB042	348	1	sì:.	sì	_	_	_	_	_	linguistic	_	none	Intonation=Falling	End=803.974	1x1	_	_	_
349-0	PSB005	349	0	tutto	tutto	_	_	_	_	_	linguistic	_	none	_	Begin=804.005	_	_	_	_
349-1	PSB005	349	1	quello	quello	_	_	_	_	_	linguistic	_	none	_	_	_	_	_	_
349-2	PSB005	349	2	che	che	_	_	_	_	_	linguistic	_	none	_	_	_	_	_	_
349-3	PSB005	349	3	ti	ti	_	_	_	_	_	linguistic	_	none	_	_	_	_	_	_
349-4	PSB005	349	4	serve	serve	_	_	_	_	_	linguistic	_	none	_	End=805.205	_	_	_	_
350-0	PSB042	350	0	tutto	tutto	_	_	_	_	_	linguistic	_	none	_	Begin=805.367	_	_	_	_
350-1	PSB042	350	1	che	che	_	_	_	_	_	linguistic	_	none	_	_	_	_	_	_
350-2	PSB042	350	2	serve	serve	_	_	_	_	_	linguistic	_	none	_	_	_	_	_	_
350-3	PSB042	350	3	puoi	puoi	_	_	_	_	_	linguistic	_	none	_	_	_	_	_	_
350-4	PSB042	350	4	trovare.	trovare	_	_	_	_	_	linguistic	_	none	Intonation=Falling	End=807.455	_	_	_	_
351-0	PSB005	351	0	mhmh	mhmh	_	_	_	_	_	linguistic	_	none	_	Begin=807.549|End=807.886	_	_	_	_
352-0	PSB042	352	0	mh.	mh	_	_	_	_	_	linguistic	_	none	Intonation=Falling	Begin=808.268|End=808.618	_	_	_	_
353-0	PSB005	353	0	e	e	_	_	_	_	_	linguistic	_	none	_	Begin=809.836	_	_	_	_
353-1	PSB005	353	1	è	è	_	_	_	_	_	linguistic	_	none	_	_	_	_	_	_
353-2	PSB005	353	2	abbastanza	abbastanza	_	_	_	_	_	linguistic	_	none	_	_	_	_	_	_
353-3	PSB005	353	3	tranquillo,	tranquillo	_	_	_	_	_	linguistic	_	none	Intonation=WeaklyRising	_	_	_	_	_
353-4	PSB005	353	4	qui?	qui	_	_	_	_	_	linguistic	_	none	Intonation=Rising	_	_	_	_	_
353-5	PSB005	353	5	o	o	_	_	_	_	_	linguistic	_	none	_	_	_	_	_	_
353-6	PSB005	353	6	c'	c'	_	_	_	_	_	linguistic	_	none	SpaceAfter=No	_	_	_	_	_
353-7	PSB005	353	7	è	è	_	_	_	_	_	linguistic	_	none	_	_	_	_	_	_
353-8	PSB005	353	8	molta	molta	_	_	_	_	_	linguistic	_	none	_	_	_	_	_	_
353-9	PSB005	353	9	confusione.	confusione	_	_	_	_	_	linguistic	_	none	Intonation=Falling	End=813.148	_	_	_	_
354-0	PSB042	354	0	°no	no	_	_	_	_	_	linguistic	_	none	Volume=low	Begin=813.161	_	_	_	_
354-1	PSB042	354	1	è	è	_	_	_	_	_	linguistic	_	none	Volume=low	_	_	_	_	_
354-2	PSB042	354	2	tranquillo.°	tranquillo	_	_	_	_	_	linguistic	_	none	Intonation=Falling|Volume=low	End=814.874	_	_	_	_
355-0	PSB042	355	0	sì	sì	_	_	_	_	_	linguistic	_	none	_	Begin=815.478|End=815.638	_	_	_	_
356-0	PSB005	356	0	c'	c'	_	_	_	_	_	linguistic	_	none	SpaceAfter=No	Begin=816.03	_	_	_	_
356-1	PSB005	356	1	è	è	_	_	_	_	_	linguistic	_	none	_	_	_	_	_	_
356-2	PSB005	356	2	un	un	_	_	_	_	_	linguistic	_	none	_	_	_	_	_	_
356-3	PSB005	356	3	parco	parco	_	_	_	_	_	linguistic	_	none	_	_	_	_	_	_
356-4	PSB005	356	4	per	per	_	_	_	_	_	linguistic	_	none	_	_	_	_	_	_
356-5	PSB005	356	5	eh	eh	_	_	_	_	_	linguistic	_	none	_	_	_	_	_	_
356-6	PSB005	356	6	fare	fare	_	_	_	_	_	linguistic	_	none	_	_	_	_	_	_
356-7	PSB005	356	7	una	una	_	_	_	_	_	linguistic	_	none	_	_	_	_	_	_
356-8	PSB005	356	8	passeggiata:.	passeggiata	_	_	_	_	_	linguistic	_	none	Intonation=Falling	_	10x1	_	_	_
356-9	PSB005	356	9	con	con	_	_	_	_	_	linguistic	_	none	_	_	_	_	_	_
356-10	PSB005	356	10	il	il	_	_	_	_	_	linguistic	_	none	_	_	_	_	_	_
356-11	PSB005	356	11	tuo	tuo	_	_	_	_	_	linguistic	_	none	_	_	_	_	_	_
356-12	PSB005	356	12	bimbo:.	bimbo	_	_	_	_	_	linguistic	_	none	Intonation=Falling	End=819.255	4x1	_	_	_
357-0	PSB042	357	0	c'	c'	_	_	_	_	_	linguistic	_	yes	SpaceAfter=No	Begin=820.474	_	_	_	_
357-1	PSB042	357	1	è	è	_	_	_	_	_	linguistic	_	yes	_	_	_	_	_	_
357-2	PSB042	357	2	ma	ma	_	_	_	_	_	linguistic	_	yes	_	_	_	_	_	_
357-3	PSB042	357	3	non	non	_	_	_	_	_	linguistic	_	yes	_	_	_	_	_	_
357-4	PSB042	357	4	è	è	_	_	_	_	_	linguistic	_	yes	_	_	_	_	_	_
357-5	PSB042	357	5	come:	come	_	_	_	_	_	linguistic	_	yes	_	_	3x1	_	_	_
357-6	PSB042	357	6	come	come	_	_	_	_	_	linguistic	_	yes	_	_	_	_	_	_
357-7	PSB042	357	7	io	io	_	_	_	_	_	linguistic	_	yes	_	_	_	_	_	_
357-8	PSB042	357	8	visita	visita	_	_	_	_	_	linguistic	_	yes	_	_	_	_	_	_
357-9	PSB042	357	9	a:	a	_	_	_	_	_	linguistic	_	yes	_	_	0x1	_	_	_
357-10	PSB042	357	10	(il)	il	_	_	_	_	_	linguistic	_	yes	_	_	_	_	0-2(0)	_
357-11	PSB042	357	11	#arabie	arabie	_	_	_	_	_	linguistic	_	yes	Language=NO_ISO_CODE|Variation=Token	_	_	_	_	_
357-12	PSB042	357	12	#saoudite	saoudite	_	_	_	_	_	linguistic	_	yes	Language=NO_ISO_CODE|Variation=Token	End=826.174	_	_	_	_
358-0	PSB005	358	0	mh?	mh	_	_	_	_	_	linguistic	_	none	Intonation=Rising	Begin=826.438|End=826.608	_	_	_	_
359-0	PSB042	359	0	la	la	_	_	_	_	_	linguistic	_	none	_	Begin=826.973	_	_	_	_
359-1	PSB042	359	1	mia	mia	_	_	_	_	_	linguistic	_	none	_	_	_	_	_	_
359-2	PSB042	359	2	sorella,	sorella	_	_	_	_	_	linguistic	_	none	Intonation=WeaklyRising	_	_	_	_	_
359-3	PSB042	359	3	[e]	e	_	_	_	_	_	linguistic	_	none	_	_	_	_	_	0-1(71)
359-4	PSB042	359	4	c'	c'	_	_	_	_	_	linguistic	_	none	SpaceAfter=No	_	_	_	_	_
359-5	PSB042	359	5	è	è	_	_	_	_	_	linguistic	_	none	_	_	_	_	_	_
359-6	PSB042	359	6	la:.	la	_	_	_	_	_	linguistic	_	none	Intonation=Falling	_	1x1	_	_	_
359-7	PSB042	359	7	la	la	_	_	_	_	_	linguistic	_	none	_	_	_	_	_	_
359-8	PSB042	359	8	paese,	paese	_	_	_	_	_	linguistic	_	none	Intonation=WeaklyRising	_	_	_	_	_
359-9	PSB042	359	9	adesso:.	adesso	_	_	_	_	_	linguistic	_	none	Intonation=Falling	End=832.361	5x1	_	_	_
360-0	PSB005	360	0	[ah].	ah	_	_	_	_	_	linguistic	_	none	Intonation=Falling	Begin=828.532|End=828.842	_	_	_	0-2(71)
361-0	PSB042	361	0	è	è	_	_	_	_	_	linguistic	_	none	_	Begin=833.324	_	_	_	_
361-1	PSB042	361	1	meglio	meglio	_	_	_	_	_	linguistic	_	none	_	_	_	_	_	_
361-2	PSB042	361	2	da	da	_	_	_	_	_	linguistic	_	none	_	_	_	_	_	_
361-3	PSB042	361	3	loro.	loro	_	_	_	_	_	linguistic	_	none	Intonation=Falling|PauseAfter=Yes	_	_	_	_	_
361-4	PSB042	361	4	(.)	(.)	_	_	_	_	_	shortpause	_	none	_	_	_	_	_	_
361-5	PSB042	361	5	ci	ci	_	_	_	_	_	linguistic	_	none	_	_	_	_	_	_
361-6	PSB042	361	6	[s~]	s~	_	_	_	_	_	linguistic	_	none	Interrupted=Yes	End=835.374	_	_	_	0-2(72)
362-0	PSB005	362	0	[tua]	tua	_	_	_	_	_	linguistic	_	none	_	Begin=835.236	_	_	_	0-3(72)
362-1	PSB005	362	1	sorella	sorella	_	_	_	_	_	linguistic	_	none	_	_	_	_	_	_
362-2	PSB005	362	2	è	è	_	_	_	_	_	linguistic	_	none	_	_	_	_	_	_
362-3	PSB005	362	3	in	in	_	_	_	_	_	linguistic	_	none	_	_	_	_	_	_
362-4	PSB005	362	4	arabia	arabia	_	_	_	_	_	linguistic	_	none	_	_	_	_	_	_
362-5	PSB005	362	5	saudi[ta.	saudita	_	_	_	_	_	linguistic	_	none	Intonation=Falling	_	_	_	_	5-7(73)
362-6	PSB005	362	6	a]h.	ah	_	_	_	_	_	linguistic	_	none	Intonation=Falling	End=837.086	_	_	_	0-1(73)
363-0	PSB042	363	0	[sì].	sì	_	_	_	_	_	linguistic	_	none	Intonation=Falling	Begin=836.366|End=836.866	_	_	_	0-2(73)
364-0	PSB042	364	0	sì:	sì	_	_	_	_	_	linguistic	_	none	_	Begin=837.611	1x1	_	_	_
364-1	PSB042	364	1	(@fatima)	@fatima	_	_	_	_	_	anonymized	_	none	_	_	_	_	0-7(0)	_
364-2	PSB042	364	2	mia	mia	_	_	_	_	_	linguistic	_	none	_	_	_	_	_	_
364-3	PSB042	364	3	mh	mh	_	_	_	_	_	linguistic	_	none	_	_	_	_	_	_
364-4	PSB042	364	4	sorella	sorella	_	_	_	_	_	linguistic	_	none	_	_	_	_	_	_
364-5	PSB042	364	5	lo	lo	_	_	_	_	_	linguistic	_	none	_	_	_	_	_	_
364-6	PSB042	364	6	sai	sai	_	_	_	_	_	linguistic	_	none	_	_	_	_	_	_
364-7	PSB042	364	7	qualcosa	qualcosa	_	_	_	_	_	linguistic	_	none	_	_	_	_	_	_
364-8	PSB042	364	8	è	è	_	_	_	_	_	linguistic	_	none	_	_	_	_	_	_
364-9	PSB042	364	9	meglio	meglio	_	_	_	_	_	linguistic	_	none	_	_	_	_	_	_
364-10	PSB042	364	10	da	da	_	_	_	_	_	linguistic	_	none	_	_	_	_	_	_
364-11	PSB042	364	11	loro.	loro	_	_	_	_	_	linguistic	_	none	Intonation=Falling	End=841.749	_	_	_	_
365-0	PSB042	365	0	c'	c'	_	_	_	_	_	linguistic	_	yes	SpaceAfter=No	Begin=842.155	_	_	_	_
365-1	PSB042	365	1	è	è	_	_	_	_	_	linguistic	_	yes	_	_	_	_	_	_
365-2	PSB042	365	2	spazio,	spazio	_	_	_	_	_	linguistic	_	yes	Intonation=WeaklyRising	_	_	_	_	_
365-3	PSB042	365	3	grande,	grande	_	_	_	_	_	linguistic	_	yes	Intonation=WeaklyRising	_	_	_	_	_
365-4	PSB042	365	4	per	per	_	_	_	_	_	linguistic	_	yes	_	_	_	_	_	_
365-5	PSB042	365	5	bambino,	bambino	_	_	_	_	_	linguistic	_	yes	Intonation=WeaklyRising	_	_	_	_	_
365-6	PSB042	365	6	c'	c'	_	_	_	_	_	linguistic	_	yes	SpaceAfter=No	_	_	_	_	_
365-7	PSB042	365	7	è:	è	_	_	_	_	_	linguistic	_	yes	_	_	0x1	_	_	_
365-8	PSB042	365	8	#*de	de	_	_	_	_	_	linguistic	_	yes	Language=NO_ISO_CODE|Variation=Doubtful	_	_	_	3-4(0)	_
365-9	PSB042	365	9	(fare).	fare	_	_	_	_	_	linguistic	_	yes	Intonation=Falling	_	_	_	0-3(0)	_
365-10	PSB042	365	10	e	e	_	_	_	_	_	linguistic	_	yes	_	_	_	_	_	_
365-11	PSB042	365	11	qua	qua	_	_	_	_	_	linguistic	_	yes	_	_	_	_	_	_
365-12	PSB042	365	12	loro?	loro	_	_	_	_	_	linguistic	_	yes	Intonation=Rising	End=846.618	_	_	_	_
366-0	PSB042	366	0	eh	eh	_	_	_	_	_	linguistic	_	none	_	Begin=847.486	_	_	_	_
366-1	PSB042	366	1	no	no	_	_	_	_	_	linguistic	_	none	_	_	_	_	_	_
366-2	PSB042	366	2	c'	c'	_	_	_	_	_	linguistic	_	none	SpaceAfter=No	_	_	_	_	_
366-3	PSB042	366	3	è	è	_	_	_	_	_	linguistic	_	none	PauseAfter=Yes	_	_	_	_	_
366-4	PSB042	366	4	(.)	(.)	_	_	_	_	_	shortpause	_	none	_	_	_	_	_	_
366-5	PSB042	366	5	per	per	_	_	_	_	_	linguistic	_	none	_	_	_	_	_	_
366-6	PSB042	366	6	me.	me	_	_	_	_	_	linguistic	_	none	Intonation=Falling	End=849.65	_	_	_	_
367-0	PSB005	367	0	mhmh.	mhmh	_	_	_	_	_	linguistic	_	none	Intonation=Falling	Begin=849.798|End=850.267	_	_	_	_
368-0	PSB042	368	0	come	come	_	_	_	_	_	linguistic	_	none	_	Begin=850.27	_	_	_	_
368-1	PSB042	368	1	spazio	spazio	_	_	_	_	_	linguistic	_	none	_	_	_	_	_	_
368-2	PSB042	368	2	da	da	_	_	_	_	_	linguistic	_	none	_	_	_	_	_	_
368-3	PSB042	368	3	gioco	gioco	_	_	_	_	_	linguistic	_	none	_	_	_	_	_	_
368-4	PSB042	368	4	solo	solo	_	_	_	_	_	linguistic	_	none	PauseAfter=Yes	_	_	_	_	_
368-5	PSB042	368	5	(.)	(.)	_	_	_	_	_	shortpause	_	none	_	_	_	_	_	_
368-6	PSB042	368	6	piccolo	piccolo	_	_	_	_	_	linguistic	_	none	_	_	_	_	_	_
368-7	PSB042	368	7	non	non	_	_	_	_	_	linguistic	_	none	_	_	_	_	_	_
368-8	PSB042	368	8	è	è	_	_	_	_	_	linguistic	_	none	_	_	_	_	_	_
368-9	PSB042	368	9	così	così	_	_	_	_	_	linguistic	_	none	PauseAfter=Yes	_	_	_	_	_
368-10	PSB042	368	10	(.)	(.)	_	_	_	_	_	shortpause	_	none	_	_	_	_	_	_
368-11	PSB042	368	11	perfetto.	perfetto	_	_	_	_	_	linguistic	_	none	Intonation=Falling	_	_	_	_	_
368-12	PSB042	368	12	non	non	_	_	_	_	_	linguistic	_	none	_	_	_	_	_	_
368-13	PSB042	368	13	è	è	_	_	_	_	_	linguistic	_	none	_	_	_	_	_	_
368-14	PSB042	368	14	così	così	_	_	_	_	_	linguistic	_	none	_	_	_	_	_	_
368-15	PSB042	368	15	pulito,	pulito	_	_	_	_	_	linguistic	_	none	Intonation=WeaklyRising	End=856.51	_	_	_	_
369-0	PSB005	369	0	sì	sì	_	_	_	_	_	linguistic	_	none	_	Begin=856.624	_	_	_	_
369-1	PSB005	369	1	sì.	sì	_	_	_	_	_	linguistic	_	none	Intonation=Falling	End=857.311	_	_	_	_
370-0	PSB042	370	0	la	la	_	_	_	_	_	linguistic	_	yes	_	Begin=858.274	_	_	_	_
370-1	PSB042	370	1	comunità	comunità	_	_	_	_	_	linguistic	_	yes	_	_	_	_	_	_
370-2	PSB042	370	2	qua	qua	_	_	_	_	_	linguistic	_	yes	_	_	_	_	_	_
370-3	PSB042	370	3	non	non	_	_	_	_	_	linguistic	_	yes	_	_	_	_	_	_
370-4	PSB042	370	4	è	è	_	_	_	_	_	linguistic	_	yes	_	_	_	_	_	_
370-5	PSB042	370	5	fare	fare	_	_	_	_	_	linguistic	_	yes	_	_	_	_	_	_
370-6	PSB042	370	6	#effort	effort	_	_	_	_	_	linguistic	_	yes	Language=NO_ISO_CODE|Variation=Token	_	_	_	_	_
370-7	PSB042	370	7	°per:.	per	_	_	_	_	_	linguistic	_	yes	Intonation=Falling	_	2x1	_	_	_
370-8	PSB042	370	8	le	le	_	_	_	_	_	linguistic	_	yes	_	_	_	_	_	_
370-9	PSB042	370	9	spazio.°per°	spazio.per	_	_	_	_	_	error	_	yes	_	End=863.0	_	_	_	_
371-0	PSB005	371	0	mhmh	mhmh	_	_	_	_	_	linguistic	_	none	_	Begin=863.299|End=863.649	_	_	_	_
372-0	PSB042	372	0	come	come	_	_	_	_	_	linguistic	_	none	PauseAfter=Yes	Begin=863.811	_	_	_	_
372-1	PSB042	372	1	(.)	(.)	_	_	_	_	_	shortpause	_	none	_	_	_	_	_	_
372-2	PSB042	372	2	come	come	_	_	_	_	_	linguistic	_	none	_	_	_	_	_	_
372-3	PSB042	372	3	ci	ci	_	_	_	_	_	linguistic	_	none	_	_	_	_	_	_
372-4	PSB042	372	4	senti	senti	_	_	_	_	_	linguistic	_	none	_	_	_	_	_	_
372-5	PSB042	372	5	europa,	europa	_	_	_	_	_	linguistic	_	none	Intonation=WeaklyRising	_	_	_	_	_
372-6	PSB042	372	6	ma:	ma	_	_	_	_	_	linguistic	_	none	_	_	1x1	_	_	_
372-7	PSB042	372	7	non	non	_	_	_	_	_	linguistic	_	none	_	_	_	_	_	_
372-8	PSB042	372	8	è	è	_	_	_	_	_	linguistic	_	none	_	_	_	_	_	_
372-9	PSB042	372	9	così.	così	_	_	_	_	_	linguistic	_	none	Intonation=Falling	End=867.849	_	_	_	_
373-0	PSB005	373	0	ah	ah	_	_	_	_	_	linguistic	_	none	_	Begin=868.33	_	_	_	_
373-1	PSB005	373	1	okay.	okay	_	_	_	_	_	linguistic	_	none	Intonation=Falling	_	_	_	_	_
373-2	PSB005	373	2	[quindi	quindi	_	_	_	_	_	linguistic	_	none	_	_	_	_	_	0-6(74)
373-3	PSB005	373	3	tu	tu	_	_	_	_	_	linguistic	_	none	_	_	_	_	_	0-2(74)
373-4	PSB005	373	4	pen]savi	pensavi	_	_	_	_	_	linguistic	_	none	_	End=870.268	_	_	_	0-3(74)
374-0	PSB042	374	0	[capito]?	capito	_	_	_	_	_	linguistic	_	none	Intonation=Rising	Begin=869.098|End=869.828	_	_	_	0-6(74)
375-0	PSB005	375	0	che	che	_	_	_	_	_	linguistic	_	none	_	Begin=871.161	_	_	_	_
375-1	PSB005	375	1	fosse	fosse	_	_	_	_	_	linguistic	_	none	_	_	_	_	_	_
375-2	PSB005	375	2	diverso.	diverso	_	_	_	_	_	linguistic	_	none	Intonation=Falling	_	_	_	_	_
375-3	PSB005	375	3	[qui].	qui	_	_	_	_	_	linguistic	_	none	Intonation=Falling	End=872.498	_	_	_	0-3(75)
376-0	PSB042	376	0	[sì]	sì	_	_	_	_	_	linguistic	_	yes	_	Begin=872.192	_	_	_	0-2(75)
376-1	PSB042	376	1	con	con	_	_	_	_	_	linguistic	_	yes	_	_	_	_	_	_
376-2	PSB042	376	2	andare	andare	_	_	_	_	_	linguistic	_	yes	_	_	_	_	_	_
376-3	PSB042	376	3	una	una	_	_	_	_	_	linguistic	_	yes	_	_	_	_	_	_
376-4	PSB042	376	4	paese	paese	_	_	_	_	_	linguistic	_	yes	_	_	_	_	_	_
376-5	PSB042	376	5	arabo	arabo	_	_	_	_	_	linguistic	_	yes	_	_	_	_	_	_
376-6	PSB042	376	6	vedi	vedi	_	_	_	_	_	linguistic	_	yes	_	_	_	_	_	_
376-7	PSB042	376	7	#*que.	que	_	_	_	_	_	linguistic	_	yes	Intonation=Falling|PauseAfter=Yes|Language=NO_ISO_CODE|Variation=Doubtful	_	_	_	_	_
376-8	PSB042	376	8	(.)	(.)	_	_	_	_	_	shortpause	_	yes	_	_	_	_	_	_
376-9	PSB042	376	9	meglio.	meglio	_	_	_	_	_	linguistic	_	yes	Intonation=Falling	End=876.992	_	_	_	_
377-0	PSB005	377	0	mh.	mh	_	_	_	_	_	linguistic	_	none	Intonation=Falling	Begin=877.417|End=877.655	_	_	_	_
378-0	PSB042	378	0	sì	sì	_	_	_	_	_	linguistic	_	none	_	Begin=878.536|End=878.874	_	_	_	_
379-0	PSB042	379	0	ci	ci	_	_	_	_	_	linguistic	_	yes	_	Begin=879.899	_	_	_	_
379-1	PSB042	379	1	senti	senti	_	_	_	_	_	linguistic	_	yes	_	_	_	_	_	_
379-2	PSB042	379	2	che	che	_	_	_	_	_	linguistic	_	yes	_	_	_	_	_	_
379-3	PSB042	379	3	la	la	_	_	_	_	_	linguistic	_	yes	_	_	_	_	_	_
379-4	PSB042	379	4	paese	paese	_	_	_	_	_	linguistic	_	yes	_	_	_	_	_	_
379-5	PSB042	379	5	fare	fare	_	_	_	_	_	linguistic	_	yes	_	_	_	_	_	_
379-6	PSB042	379	6	#effort	effort	_	_	_	_	_	linguistic	_	yes	Language=NO_ISO_CODE|Variation=Token	_	_	_	_	_
379-7	PSB042	379	7	per	per	_	_	_	_	_	linguistic	_	yes	_	_	_	_	_	_
379-8	PSB042	379	8	la	la	_	_	_	_	_	linguistic	_	yes	_	_	_	_	_	_
379-9	PSB042	379	9	sua:.	sua	_	_	_	_	_	linguistic	_	yes	Intonation=Falling|PauseAfter=Yes	_	2x1	_	_	_
379-10	PSB042	379	10	(.)	(.)	_	_	_	_	_	shortpause	_	yes	_	_	_	_	_	_
379-11	PSB042	379	11	per	per	_	_	_	_	_	linguistic	_	yes	_	_	_	_	_	_
379-12	PSB042	379	12	la:.	la	_	_	_	_	_	linguistic	_	yes	Intonation=Falling|PauseAfter=Yes	_	1x1	_	_	_
379-13	PSB042	379	13	(.)	(.)	_	_	_	_	_	shortpause	_	yes	_	_	_	_	_	_
379-14	PSB042	379	14	la	la	_	_	_	_	_	linguistic	_	yes	_	_	_	_	_	_
379-15	PSB042	379	15	vi[ta]	vita	_	_	_	_	_	linguistic	_	yes	_	_	_	_	_	2-4(76)
379-16	PSB042	379	16	dei	dei	_	_	_	_	_	linguistic	_	yes	_	_	_	_	_	_
379-17	PSB042	379	17	bambini,	bambini	_	_	_	_	_	linguistic	_	yes	Intonation=WeaklyRising	_	_	_	_	_
379-18	PSB042	379	18	spazio	spazio	_	_	_	_	_	linguistic	_	yes	_	_	_	_	_	_
379-19	PSB042	379	19	per	per	_	_	_	_	_	linguistic	_	yes	_	_	_	_	_	_
379-20	PSB042	379	20	bam°bini°	bambini	_	_	_	_	_	linguistic	_	yes	Volume=low	End=888.249	_	_	_	_
380-0	PSB005	380	0	[mh]	mh	_	_	_	_	_	linguistic	_	none	_	Begin=885.549|End=886.019	_	_	_	0-2(76)
381-0	PSB005	381	0	è	è	_	_	_	_	_	linguistic	_	none	_	Begin=889.949	_	_	_	_
381-1	PSB005	381	1	st~	st~	_	_	_	_	_	linguistic	_	none	Interrupted=Yes	End=890.224	_	_	_	_
382-0	PSB042	382	0	ciao	ciao	_	_	_	_	_	linguistic	_	none	_	Begin=890.686|End=891.074	_	_	_	_
383-0	PSB005	383	0	questo	questo	_	_	_	_	_	linguistic	_	none	_	Begin=891.399	_	_	_	_
383-1	PSB005	383	1	piccione	piccione	_	_	_	_	_	linguistic	_	none	_	_	_	_	_	_
383-2	PSB005	383	2	ha	ha	_	_	_	_	_	linguistic	_	none	_	_	_	_	_	_
383-3	PSB005	383	3	fatto	fatto	_	_	_	_	_	linguistic	_	none	_	_	_	_	_	_
383-4	PSB005	383	4	un	un	_	_	_	_	_	linguistic	_	none	_	_	_	_	_	_
383-5	PSB005	383	5	rumore	rumore	_	_	_	_	_	linguistic	_	none	_	_	_	_	_	_
383-6	PSB005	383	6	con	con	_	_	_	_	_	linguistic	_	none	_	_	_	_	_	_
383-7	PSB005	383	7	((ride))	((ride))	_	_	_	_	_	nonverbalbehavior	_	none	_	End=894.136	_	_	_	_
384-0	PSB042	384	0	eh.	eh	_	_	_	_	_	linguistic	_	none	Intonation=Falling	Begin=893.478|End=893.948	_	_	_	_
385-0	PSB042	385	0	e	e	_	_	_	_	_	linguistic	_	none	_	Begin=895.549	_	_	_	_
385-1	PSB042	385	1	qua	qua	_	_	_	_	_	linguistic	_	none	_	_	_	_	_	_
385-2	PSB042	385	2	non	non	_	_	_	_	_	linguistic	_	none	_	_	_	_	_	_
385-3	PSB042	385	3	è	è	_	_	_	_	_	linguistic	_	none	_	_	_	_	_	_
385-4	PSB042	385	4	così.	così	_	_	_	_	_	linguistic	_	none	Intonation=Falling	End=897.149	_	_	_	_
386-0	PSB005	386	0	non	non	_	_	_	_	_	linguistic	_	none	_	Begin=897.161	_	_	_	_
386-1	PSB005	386	1	è	è	_	_	_	_	_	linguistic	_	none	_	_	_	_	_	_
386-2	PSB005	386	2	co~	co~	_	_	_	_	_	linguistic	_	none	Interrupted=Yes	_	_	_	_	_
386-3	PSB005	386	3	cioè	cioè	_	_	_	_	_	linguistic	_	none	_	_	_	_	_	_
386-4	PSB005	386	4	vuoi	vuoi	_	_	_	_	_	linguistic	_	none	_	_	_	_	_	_
386-5	PSB005	386	5	dire	dire	_	_	_	_	_	linguistic	_	none	_	_	_	_	_	_
386-6	PSB005	386	6	che	che	_	_	_	_	_	linguistic	_	none	_	_	_	_	_	_
386-7	PSB005	386	7	ci	ci	_	_	_	_	_	linguistic	_	none	_	_	_	_	_	_
386-8	PSB005	386	8	sono	sono	_	_	_	_	_	linguistic	_	none	PauseAfter=Yes	_	_	_	_	_
386-9	PSB005	386	9	(.)	(.)	_	_	_	_	_	shortpause	_	none	_	_	_	_	_	_
386-10	PSB005	386	10	[non]	non	_	_	_	_	_	linguistic	_	none	_	_	_	_	_	0-3(78)
386-11	PSB005	386	11	c'	c'	_	_	_	_	_	linguistic	_	none	SpaceAfter=No	_	_	_	_	_
386-12	PSB005	386	12	è	è	_	_	_	_	_	linguistic	_	none	_	_	_	_	_	_
386-13	PSB005	386	13	tanto	tanto	_	_	_	_	_	linguistic	_	none	_	_	_	_	_	_
386-14	PSB005	386	14	ahm:	ahm	_	_	_	_	_	linguistic	_	none	_	End=901.323	2x1	_	_	_
387-0	PSB042	387	0	[ehm]	ehm	_	_	_	_	_	linguistic	_	none	_	Begin=899.74|End=900.19	_	_	_	0-3(78)
388-0	PSB005	388	0	cioè	cioè	_	_	_	_	_	linguistic	_	none	_	Begin=903.236	_	_	_	_
388-1	PSB005	388	1	il	il	_	_	_	_	_	linguistic	_	none	_	_	_	_	_	_
388-2	PSB005	388	2	il	il	_	_	_	_	_	linguistic	_	none	_	_	_	_	_	_
388-3	PSB005	388	3	governo	governo	_	_	_	_	_	linguistic	_	none	_	_	_	_	_	_
388-4	PSB005	388	4	diciamo	diciamo	_	_	_	_	_	linguistic	_	none	_	_	_	_	_	_
388-5	PSB005	388	5	l'	l'	_	_	_	_	_	linguistic	_	none	SpaceAfter=No	_	_	_	_	_
388-6	PSB005	388	6	organizzazione	organizzazione	_	_	_	_	_	linguistic	_	none	_	_	_	_	_	_
388-7	PSB005	388	7	della	della	_	_	_	_	_	linguistic	_	none	_	_	_	_	_	_
388-8	PSB005	388	8	città,	città	_	_	_	_	_	linguistic	_	none	Intonation=WeaklyRising	_	_	_	_	_
388-9	PSB005	388	9	non	non	_	_	_	_	_	linguistic	_	none	_	_	_	_	_	_
388-10	PSB005	388	10	è	è	_	_	_	_	_	linguistic	_	none	_	_	_	_	_	_
388-11	PSB005	388	11	molto	molto	_	_	_	_	_	linguistic	_	none	_	_	_	_	_	_
388-12	PSB005	388	12	per	per	_	_	_	_	_	linguistic	_	none	_	_	_	_	_	_
388-13	PSB005	388	13	le	le	_	_	_	_	_	linguistic	_	none	_	_	_	_	_	_
388-14	PSB005	388	14	famiglie	famiglie	_	_	_	_	_	linguistic	_	none	_	End=908.298	_	_	_	_
389-0	PSB042	389	0	sì:.	sì	_	_	_	_	_	linguistic	_	none	Intonation=Falling	Begin=908.586|End=909.236	1x1	_	_	_
390-0	PSB005	390	0	qui	qui	_	_	_	_	_	linguistic	_	none	_	Begin=909.336|End=909.549	_	_	_	_
391-0	PSB042	391	0	sì.	sì	_	_	_	_	_	linguistic	_	none	Intonation=Falling	Begin=909.849	_	_	_	_
391-1	PSB042	391	1	è	è	_	_	_	_	_	linguistic	_	none	_	_	_	_	_	_
391-2	PSB042	391	2	[vero].	vero	_	_	_	_	_	linguistic	_	none	Intonation=Falling	End=910.811	_	_	_	0-4(79)
392-0	PSB005	392	0	[di	di	_	_	_	_	_	linguistic	_	none	_	Begin=910.486	_	_	_	0-2(79)
392-1	PSB005	392	1	pi]ù	più	_	_	_	_	_	linguistic	_	none	_	_	_	_	_	0-2(79)
392-2	PSB005	392	2	nei	nei	_	_	_	_	_	linguistic	_	none	_	_	_	_	_	_
392-3	PSB005	392	3	paesi	paesi	_	_	_	_	_	linguistic	_	none	_	_	_	_	_	_
392-4	PSB005	392	4	arabi	arabi	_	_	_	_	_	linguistic	_	none	_	_	_	_	_	_
392-5	PSB005	392	5	secondo	secondo	_	_	_	_	_	linguistic	_	none	_	_	_	_	_	_
392-6	PSB005	392	6	[te].	te	_	_	_	_	_	linguistic	_	none	Intonation=Falling	End=912.586	_	_	_	0-2(80)
393-0	PSB042	393	0	[sì].	sì	_	_	_	_	_	linguistic	_	none	Intonation=Falling	Begin=912.274|End=912.549	_	_	_	0-2(80)
394-0	PSB042	394	0	(#vrai)	vrai	_	_	_	_	_	linguistic	_	all	Language=NO_ISO_CODE|Variation=Token	Begin=912.897|End=913.177	_	_	0-5(0)	_
395-0	PSB005	395	0	ah	ah	_	_	_	_	_	linguistic	_	none	_	Begin=913.524	_	_	_	_
395-1	PSB005	395	1	eh	eh	_	_	_	_	_	linguistic	_	none	_	_	_	_	_	_
395-2	PSB005	395	2	io	io	_	_	_	_	_	linguistic	_	none	_	_	_	_	_	_
395-3	PSB005	395	3	non	non	_	_	_	_	_	linguistic	_	none	_	_	_	_	_	_
395-4	PSB005	395	4	lo	lo	_	_	_	_	_	linguistic	_	none	_	_	_	_	_	_
395-5	PSB005	395	5	so	so	_	_	_	_	_	linguistic	_	none	_	_	_	_	_	_
395-6	PSB005	395	6	perché	perché	_	_	_	_	_	linguistic	_	none	_	_	_	_	_	_
395-7	PSB005	395	7	non	non	_	_	_	_	_	linguistic	_	none	_	_	_	_	_	_
395-8	PSB005	395	8	lo	lo	_	_	_	_	_	linguistic	_	none	_	_	_	_	_	_
395-9	PSB005	395	9	conosco	conosco	_	_	_	_	_	linguistic	_	none	_	_	_	_	_	_
395-10	PSB005	395	10	molto:.	molto	_	_	_	_	_	linguistic	_	none	Intonation=Falling	End=916.861	4x1	_	_	_
396-0	PSB005	396	0	è	è	_	_	_	_	_	linguistic	_	none	_	Begin=917.792	_	_	_	_
396-1	PSB005	396	1	interessante	interessante	_	_	_	_	_	linguistic	_	none	_	_	_	_	_	_
396-2	PSB005	396	2	questo:	questo	_	_	_	_	_	linguistic	_	none	PauseAfter=Yes	_	5x1	_	_	_
396-3	PSB005	396	3	[(.)]	(.)	_	_	_	_	_	shortpause	_	none	_	_	_	_	_	X(81)
396-4	PSB005	396	4	questa	questa	_	_	_	_	_	linguistic	_	none	_	_	_	_	_	_
396-5	PSB005	396	5	cosa	cosa	_	_	_	_	_	linguistic	_	none	_	_	_	_	_	_
396-6	PSB005	396	6	che	che	_	_	_	_	_	linguistic	_	none	_	_	_	_	_	_
396-7	PSB005	396	7	dici.	dici	_	_	_	_	_	linguistic	_	none	Intonation=Falling	End=921.405	_	_	_	_
397-0	PSB042	397	0	[è	è	_	_	_	_	_	linguistic	_	none	_	Begin=919.618	_	_	_	0-1(81)
397-1	PSB042	397	1	ve°ro.°]	vero	_	_	_	_	_	linguistic	_	none	Intonation=Falling|Volume=low	End=920.118	_	_	_	0-4(81)
398-0	PSB005	398	0	e	e	_	_	_	_	_	linguistic	_	none	_	Begin=922.982	_	_	_	_
398-1	PSB005	398	1	sei	sei	_	_	_	_	_	linguistic	_	none	_	_	_	_	_	_
398-2	PSB005	398	2	stata	stata	_	_	_	_	_	linguistic	_	none	_	_	_	_	_	_
398-3	PSB005	398	3	da	da	_	_	_	_	_	linguistic	_	none	_	_	_	_	_	_
398-4	PSB005	398	4	tua	tua	_	_	_	_	_	linguistic	_	none	_	_	_	_	_	_
398-5	PSB005	398	5	sorella	sorella	_	_	_	_	_	linguistic	_	none	_	_	_	_	_	_
398-6	PSB005	398	6	in	in	_	_	_	_	_	linguistic	_	none	_	_	_	_	_	_
398-7	PSB005	398	7	arabia	arabia	_	_	_	_	_	linguistic	_	none	_	_	_	_	_	_
398-8	PSB005	398	8	saudita?	saudita	_	_	_	_	_	linguistic	_	none	Intonation=Rising	End=925.248	_	_	_	_
399-0	PSB005	399	0	wow	wow	_	_	_	_	_	linguistic	_	none	_	Begin=925.732|End=926.149	_	_	_	_
400-0	PSB042	400	0	buona	buona	_	_	_	_	_	linguistic	_	none	_	Begin=927.432	_	_	_	_
400-1	PSB042	400	1	paese.	paese	_	_	_	_	_	linguistic	_	none	Intonation=Falling	End=928.465	_	_	_	_
401-0	PSB005	401	0	°mh.°	mh	_	_	_	_	_	linguistic	_	none	Intonation=Falling|Volume=low	Begin=928.618|End=928.958	_	_	_	_
402-0	PSB042	402	0	eh	eh	_	_	_	_	_	linguistic	_	yes	_	Begin=930.348	_	_	_	_
402-1	PSB042	402	1	per	per	_	_	_	_	_	linguistic	_	yes	_	_	_	_	_	_
402-2	PSB042	402	2	me	me	_	_	_	_	_	linguistic	_	yes	_	_	_	_	_	_
402-3	PSB042	402	3	o.	o	_	_	_	_	_	linguistic	_	yes	Intonation=Falling	_	_	_	_	_
402-4	PSB042	402	4	per	per	_	_	_	_	_	linguistic	_	yes	_	_	_	_	_	_
402-5	PSB042	402	5	te	te	_	_	_	_	_	linguistic	_	yes	_	_	_	_	_	_
402-6	PSB042	402	6	o	o	_	_	_	_	_	linguistic	_	yes	_	_	_	_	_	_
402-7	PSB042	402	7	per.	per	_	_	_	_	_	linguistic	_	yes	Intonation=Falling	_	_	_	_	_
402-8	PSB042	402	8	#europeens	europeens	_	_	_	_	_	linguistic	_	yes	Language=NO_ISO_CODE|Variation=Token	_	_	_	_	_
402-9	PSB042	402	9	>°ti°<	ti	_	_	_	_	_	linguistic	_	yes	Volume=low	_	_	Fast=0-2(0)	_	_
402-10	PSB042	402	10	senti:.	senti	_	_	_	_	_	linguistic	_	yes	Intonation=Falling	_	4x1	_	_	_
402-11	PSB042	402	11	#quand	quand	_	_	_	_	_	linguistic	_	yes	Language=NO_ISO_CODE|Variation=Token	_	_	_	_	_
402-12	PSB042	402	12	senti	senti	_	_	_	_	_	linguistic	_	yes	_	_	_	_	_	_
402-13	PSB042	402	13	#arabie	arabie	_	_	_	_	_	linguistic	_	yes	Language=NO_ISO_CODE|Variation=Token	_	_	_	_	_
402-14	PSB042	402	14	#saoudite	saoudite	_	_	_	_	_	linguistic	_	yes	Language=NO_ISO_CODE|Variation=Token	_	_	_	_	_
402-15	PSB042	402	15	ti	ti	_	_	_	_	_	linguistic	_	yes	_	_	_	_	_	_
402-16	PSB042	402	16	senti	senti	_	_	_	_	_	linguistic	_	yes	_	_	_	_	_	_
402-17	PSB042	402	17	come	come	_	_	_	_	_	linguistic	_	yes	_	_	_	_	_	_
402-18	PSB042	402	18	#desert.	desert	_	_	_	_	_	linguistic	_	yes	Intonation=Falling|Language=NO_ISO_CODE|Variation=Token	_	_	_	_	_
402-19	PSB042	402	19	come	come	_	_	_	_	_	linguistic	_	yes	_	_	_	_	_	_
402-20	PSB042	402	20	#sahara.	sahara	_	_	_	_	_	linguistic	_	yes	Intonation=Falling|Language=NO_ISO_CODE|Variation=Token	End=939.115	_	_	_	_
403-0	PSB005	403	0	°mh.°	mh	_	_	_	_	_	linguistic	_	none	Intonation=Falling|Volume=low	Begin=939.456|End=939.846	_	_	_	_
404-0	PSB042	404	0	ma	ma	_	_	_	_	_	linguistic	_	yes	_	Begin=939.913	_	_	_	_
404-1	PSB042	404	1	#quand	quand	_	_	_	_	_	linguistic	_	yes	Language=NO_ISO_CODE|Variation=Token	_	_	_	_	_
404-2	PSB042	404	2	andare,	andare	_	_	_	_	_	linguistic	_	yes	Intonation=WeaklyRising	_	_	_	_	_
404-3	PSB042	404	3	vedere,	vedere	_	_	_	_	_	linguistic	_	yes	Intonation=WeaklyRising	_	_	_	_	_
404-4	PSB042	404	4	altra	altra	_	_	_	_	_	linguistic	_	yes	_	_	_	_	_	_
404-5	PSB042	404	5	cosa.	cosa	_	_	_	_	_	linguistic	_	yes	Intonation=Falling	End=942.756	_	_	_	_
405-0	PSB005	405	0	eh	eh	_	_	_	_	_	linguistic	_	none	_	Begin=943.356	_	_	_	_
405-1	PSB005	405	1	non:	non	_	_	_	_	_	linguistic	_	none	_	_	2x1	_	_	_
405-2	PSB005	405	2	sì	sì	_	_	_	_	_	linguistic	_	none	_	_	_	_	_	_
405-3	PSB005	405	3	non:	non	_	_	_	_	_	linguistic	_	none	_	_	2x1	_	_	_
405-4	PSB005	405	4	ci	ci	_	_	_	_	_	linguistic	_	none	_	_	_	_	_	_
405-5	PSB005	405	5	sono	sono	_	_	_	_	_	linguistic	_	none	_	_	_	_	_	_
405-6	PSB005	405	6	mai	mai	_	_	_	_	_	linguistic	_	none	_	_	_	_	_	_
405-7	PSB005	405	7	stat~	stat~	_	_	_	_	_	linguistic	_	none	Interrupted=Yes	_	_	_	_	_
405-8	PSB005	405	8	non	non	_	_	_	_	_	linguistic	_	none	_	_	_	_	_	_
405-9	PSB005	405	9	ho	ho	_	_	_	_	_	linguistic	_	none	_	_	_	_	_	_
405-10	PSB005	405	10	viaggiato	viaggiato	_	_	_	_	_	linguistic	_	none	_	_	_	_	_	_
405-11	PSB005	405	11	tant[o:	tanto	_	_	_	_	_	linguistic	_	none	_	_	4x1	_	_	4-5(82)
405-12	PSB005	405	12	tra	tra	_	_	_	_	_	linguistic	_	none	_	_	_	_	_	0-3(82)
405-13	PSB005	405	13	i	i	_	_	_	_	_	linguistic	_	none	_	_	_	_	_	0-1(82)
405-14	PSB005	405	14	pae]si	paesi	_	_	_	_	_	linguistic	_	none	_	_	_	_	_	0-3(82)
405-15	PSB005	405	15	arabi	arabi	_	_	_	_	_	linguistic	_	none	_	_	_	_	_	_
405-16	PSB005	405	16	no.	no	_	_	_	_	_	linguistic	_	none	Intonation=Falling	End=948.599	_	_	_	_
406-0	PSB042	406	0	[<sì>.]	sì	_	_	_	_	_	linguistic	_	none	Intonation=Falling	Begin=946.992|End=947.782	_	Slow=0-2(0)	_	0-2(82)
407-0	PSB005	407	0	quasi	quasi	_	_	_	_	_	linguistic	_	none	_	Begin=948.928	_	_	_	_
407-1	PSB005	407	1	ma~	ma~	_	_	_	_	_	linguistic	_	none	Interrupted=Yes	_	_	_	_	_
407-2	PSB005	407	2	quasi	quasi	_	_	_	_	_	linguistic	_	none	_	_	_	_	_	_
407-3	PSB005	407	3	mai	mai	_	_	_	_	_	linguistic	_	none	_	End=950.142	_	_	_	_
408-0	PSB042	408	0	fare	fare	_	_	_	_	_	linguistic	_	yes	_	Begin=951.406	_	_	_	_
408-1	PSB042	408	1	adesso	adesso	_	_	_	_	_	linguistic	_	yes	_	_	_	_	_	_
408-2	PSB042	408	2	#des	des	_	_	_	_	_	linguistic	_	yes	Language=NO_ISO_CODE|Variation=Token	_	_	_	_	_
408-3	PSB042	408	3	programmi	programmi	_	_	_	_	_	linguistic	_	yes	_	_	_	_	_	_
408-4	PSB042	408	4	turistiche	turistiche	_	_	_	_	_	linguistic	_	yes	_	_	_	_	_	_
408-5	PSB042	408	5	(queste)	queste	_	_	_	_	_	linguistic	_	yes	_	_	_	_	0-6(0)	_
408-6	PSB042	408	6	cose:,	cose	_	_	_	_	_	linguistic	_	yes	Intonation=WeaklyRising	End=955.793	3x1	_	_	_
409-0	PSB005	409	0	mhmh	mhmh	_	_	_	_	_	linguistic	_	none	_	Begin=955.906|End=956.206	_	_	_	_
410-0	PSB042	410	0	e:h,	eh	_	_	_	_	_	linguistic	_	none	Intonation=WeaklyRising|PauseAfter=Yes	Begin=956.299	0x1	_	_	_
410-1	PSB042	410	1	(.)	(.)	_	_	_	_	_	shortpause	_	none	_	_	_	_	_	_
410-2	PSB042	410	2	[è	è	_	_	_	_	_	linguistic	_	none	_	_	_	_	_	0-1(83)
410-3	PSB042	410	3	buo]na.	buona	_	_	_	_	_	linguistic	_	none	Intonation=Falling	End=957.926	_	_	_	0-3(83)
411-0	PSB005	411	0	[mhmh]	mhmh	_	_	_	_	_	linguistic	_	none	_	Begin=957.32|End=957.756	_	_	_	0-4(83)
412-0	PSB005	412	0	mhmh.	mhmh	_	_	_	_	_	linguistic	_	none	Intonation=Falling	Begin=958.127	_	_	_	_
412-1	PSB005	412	1	e	e	_	_	_	_	_	linguistic	_	none	_	_	_	_	_	_
412-2	PSB005	412	2	ma	ma	_	_	_	_	_	linguistic	_	none	_	_	_	_	_	_
412-3	PSB005	412	3	e	e	_	_	_	_	_	linguistic	_	none	_	_	_	_	_	_
412-4	PSB005	412	4	tu?	tu	_	_	_	_	_	linguistic	_	none	Intonation=Rising	_	_	_	_	_
412-5	PSB005	412	5	oltre	oltre	_	_	_	_	_	linguistic	_	none	_	_	_	_	_	_
412-6	PSB005	412	6	al:	al	_	_	_	_	_	linguistic	_	none	PauseAfter=Yes	_	1x1	_	_	_
412-7	PSB005	412	7	(.)	(.)	_	_	_	_	_	shortpause	_	none	_	_	_	_	_	_
412-8	PSB005	412	8	all'	all'	_	_	_	_	_	linguistic	_	none	SpaceAfter=No	_	_	_	_	_
412-9	PSB005	412	9	italiano?	italiano	_	_	_	_	_	linguistic	_	none	Intonation=Rising	_	_	_	_	_
412-10	PSB005	412	10	che	che	_	_	_	_	_	linguistic	_	none	_	_	_	_	_	_
412-11	PSB005	412	11	lingue	lingue	_	_	_	_	_	linguistic	_	none	_	_	_	_	_	_
412-12	PSB005	412	12	parli.	parli	_	_	_	_	_	linguistic	_	none	Intonation=Falling	End=963.727	_	_	_	_
413-0	PSB042	413	0	$parle:	parle	_	_	_	_	_	linguistic	_	none	PauseAfter=Yes|Orthography=Yes|Variation=Emerging	Begin=964.728	4x1	_	_	_
413-1	PSB042	413	1	(.)	(.)	_	_	_	_	_	shortpause	_	none	_	_	_	_	_	_
413-2	PSB042	413	2	arabo:	arabo	_	_	_	_	_	linguistic	_	none	_	_	4x1	_	_	_
413-3	PSB042	413	3	poco	poco	_	_	_	_	_	linguistic	_	none	_	_	_	_	_	_
413-4	PSB042	413	4	francese	francese	_	_	_	_	_	linguistic	_	none	_	_	_	_	_	_
413-5	PSB042	413	5	perché	perché	_	_	_	_	_	linguistic	_	none	_	_	_	_	_	_
413-6	PSB042	413	6	da	da	_	_	_	_	_	linguistic	_	none	_	_	_	_	_	_
413-7	PSB042	413	7	secondo:	secondo	_	_	_	_	_	linguistic	_	none	_	_	6x1	_	_	_
413-8	PSB042	413	8	vengo	vengo	_	_	_	_	_	linguistic	_	none	_	_	_	_	_	_
413-9	PSB042	413	9	a	a	_	_	_	_	_	linguistic	_	none	_	_	_	_	_	_
413-10	PSB042	413	10	mia	mia	_	_	_	_	_	linguistic	_	none	_	_	_	_	_	_
413-11	PSB042	413	11	[paese:]	paese	_	_	_	_	_	linguistic	_	none	_	_	4x1	_	_	0-5(84)
413-12	PSB042	413	12	frances°e°.	francese	_	_	_	_	_	linguistic	_	none	Intonation=Falling|Volume=low	End=972.78	_	_	_	_
414-0	PSB005	414	0	[mhmh]	mhmh	_	_	_	_	_	linguistic	_	none	_	Begin=971.548|End=972.098	_	_	_	0-4(84)
415-0	PSB005	415	0	mhmh.	mhmh	_	_	_	_	_	linguistic	_	none	Intonation=Falling	Begin=972.827	_	_	_	_
415-1	PSB005	415	1	e	e	_	_	_	_	_	linguistic	_	none	_	_	_	_	_	_
415-2	PSB005	415	2	l'	l'	_	_	_	_	_	linguistic	_	none	SpaceAfter=No	_	_	_	_	_
415-3	PSB005	415	3	hai	hai	_	_	_	_	_	linguistic	_	none	_	_	_	_	_	_
415-4	PSB005	415	4	studiato	studiato	_	_	_	_	_	linguistic	_	none	_	_	_	_	_	_
415-5	PSB005	415	5	a	a	_	_	_	_	_	linguistic	_	none	_	_	_	_	_	_
415-6	PSB005	415	6	scuola	scuola	_	_	_	_	_	linguistic	_	none	_	_	_	_	_	_
415-7	PSB005	415	7	il	il	_	_	_	_	_	linguistic	_	none	_	_	_	_	_	_
415-8	PSB005	415	8	fr[ancese].	francese	_	_	_	_	_	linguistic	_	none	Intonation=Falling	End=974.927	_	_	_	1-8(85)
416-0	PSB042	416	0	[s:ì]:.	sì	_	_	_	_	_	linguistic	_	none	Intonation=Falling	Begin=974.438	0x1,1x1	_	_	0-2(85)
416-1	PSB042	416	1	s~	s~	_	_	_	_	_	linguistic	_	none	Interrupted=Yes	End=975.331	_	_	_	_
417-0	PSB042	417	0	e	e	_	_	_	_	_	linguistic	_	none	_	Begin=975.978	_	_	_	_
417-1	PSB042	417	1	inglese.	inglese	_	_	_	_	_	linguistic	_	none	Intonation=Falling	End=976.864	_	_	_	_
418-0	PSB005	418	0	e	e	_	_	_	_	_	linguistic	_	none	_	Begin=977.207	_	_	_	_
418-1	PSB005	418	1	e	e	_	_	_	_	_	linguistic	_	none	_	_	_	_	_	_
418-2	PSB005	418	2	anch~	anch~	_	_	_	_	_	linguistic	_	none	Interrupted=Yes	_	_	_	_	_
418-3	PSB005	418	3	e	e	_	_	_	_	_	linguistic	_	none	_	_	_	_	_	_
418-4	PSB005	418	4	l'	l'	_	_	_	_	_	linguistic	_	none	SpaceAfter=No	_	_	_	_	_
418-5	PSB005	418	5	hai	hai	_	_	_	_	_	linguistic	_	none	_	_	_	_	_	_
418-6	PSB005	418	6	studiato	studiato	_	_	_	_	_	linguistic	_	none	_	_	_	_	_	_
418-7	PSB005	418	7	a	a	_	_	_	_	_	linguistic	_	none	_	_	_	_	_	_
418-8	PSB005	418	8	scu[ola	scuola	_	_	_	_	_	linguistic	_	none	_	_	_	_	_	2-6(86)
418-9	PSB005	418	9	anche	anche	_	_	_	_	_	linguistic	_	none	_	_	_	_	_	0-5(86)
418-10	PSB005	418	10	l'	l'	_	_	_	_	_	linguistic	_	none	SpaceAfter=No	_	_	_	_	0-2(86)
418-11	PSB005	418	11	inglese]?	inglese	_	_	_	_	_	linguistic	_	none	Intonation=Rising	End=979.849	_	_	_	0-6(86)
419-0	PSB042	419	0	[<sì>]	sì	_	_	_	_	_	linguistic	_	none	_	Begin=978.714|End=979.849	_	Slow=0-2(0)	_	0-2(86)
420-0	PSB005	420	0	sì.	sì	_	_	_	_	_	linguistic	_	none	Intonation=Falling	Begin=979.956|End=980.478	_	_	_	_
421-0	PSB042	421	0	ma	ma	_	_	_	_	_	linguistic	_	none	_	Begin=980.756	_	_	_	_
421-1	PSB042	421	1	la	la	_	_	_	_	_	linguistic	_	none	_	_	_	_	_	_
421-2	PSB042	421	2	mia:	mia	_	_	_	_	_	linguistic	_	none	_	_	2x1	_	_	_
421-3	PSB042	421	3	paese	paese	_	_	_	_	_	linguistic	_	none	_	_	_	_	_	_
421-4	PSB042	421	4	la	la	_	_	_	_	_	linguistic	_	none	_	_	_	_	_	_
421-5	PSB042	421	5	pri~	pri~	_	_	_	_	_	linguistic	_	none	Interrupted=Yes	_	_	_	_	_
421-6	PSB042	421	6	la	la	_	_	_	_	_	linguistic	_	none	_	_	_	_	_	_
421-7	PSB042	421	7	primo.	primo	_	_	_	_	_	linguistic	_	none	Intonation=Falling	_	_	_	_	_
421-8	PSB042	421	8	la:	la	_	_	_	_	_	linguistic	_	none	_	_	1x1	_	_	_
421-9	PSB042	421	9	$primere.	primere	_	_	_	_	_	linguistic	_	none	Intonation=Falling|Orthography=Yes|Variation=Emerging	End=986.921	_	_	_	_
422-0	PSB042	422	0	sei	sei	_	_	_	_	_	linguistic	_	none	_	Begin=988.285	_	_	_	_
422-1	PSB042	422	1	prime	prime	_	_	_	_	_	linguistic	_	none	_	_	_	_	_	_
422-2	PSB042	422	2	sei	sei	_	_	_	_	_	linguistic	_	none	_	_	_	_	_	_
422-3	PSB042	422	3	anni,	anni	_	_	_	_	_	linguistic	_	none	Intonation=WeaklyRising	_	_	_	_	_
422-4	PSB042	422	4	solo:.	solo	_	_	_	_	_	linguistic	_	none	Intonation=Falling	_	3x1	_	_	_
422-5	PSB042	422	5	no.	no	_	_	_	_	_	linguistic	_	none	Intonation=Falling	_	_	_	_	_
422-6	PSB042	422	6	la	la	_	_	_	_	_	linguistic	_	none	_	_	_	_	_	_
422-7	PSB042	422	7	tre	tre	_	_	_	_	_	linguistic	_	none	_	_	_	_	_	_
422-8	PSB042	422	8	anni,	anni	_	_	_	_	_	linguistic	_	none	Intonation=WeaklyRising	_	_	_	_	_
422-9	PSB042	422	9	[primo]	primo	_	_	_	_	_	linguistic	_	none	_	_	_	_	_	0-5(87)
422-10	PSB042	422	10	tre	tre	_	_	_	_	_	linguistic	_	none	_	_	_	_	_	_
422-11	PSB042	422	11	anni,	anni	_	_	_	_	_	linguistic	_	none	Intonation=WeaklyRising	_	_	_	_	_
422-12	PSB042	422	12	solo	solo	_	_	_	_	_	linguistic	_	none	_	_	_	_	_	_
422-13	PSB042	422	13	arabo.	arabo	_	_	_	_	_	linguistic	_	none	Intonation=Falling	End=994.349	_	_	_	_
423-0	PSB005	423	0	[mhmh]	mhmh	_	_	_	_	_	linguistic	_	none	_	Begin=992.56|End=993.033	_	_	_	0-4(87)
424-0	PSB005	424	0	sì	sì	_	_	_	_	_	linguistic	_	none	_	Begin=994.442|End=994.614	_	_	_	_
425-0	PSB042	425	0	e	e	_	_	_	_	_	linguistic	_	none	_	Begin=994.814	_	_	_	_
425-1	PSB042	425	1	dopo	dopo	_	_	_	_	_	linguistic	_	none	_	_	_	_	_	_
425-2	PSB042	425	2	tre	tre	_	_	_	_	_	linguistic	_	none	_	_	_	_	_	_
425-3	PSB042	425	3	anni,	anni	_	_	_	_	_	linguistic	_	none	Intonation=WeaklyRising	_	_	_	_	_
425-4	PSB042	425	4	fare	fare	_	_	_	_	_	linguistic	_	none	_	_	_	_	_	_
425-5	PSB042	425	5	arabo	arabo	_	_	_	_	_	linguistic	_	none	_	_	_	_	_	_
425-6	PSB042	425	6	e	e	_	_	_	_	_	linguistic	_	none	_	_	_	_	_	_
425-7	PSB042	425	7	frances[e].	francese	_	_	_	_	_	linguistic	_	none	Intonation=Falling	End=998.392	_	_	_	7-8(88)
426-0	PSB005	426	0	[ok]ay,	okay	_	_	_	_	_	linguistic	_	none	Intonation=WeaklyRising	Begin=998.328|End=998.736	_	_	_	0-2(88)
427-0	PSB042	427	0	e	e	_	_	_	_	_	linguistic	_	none	_	Begin=999.021	_	_	_	_
427-1	PSB042	427	1	dopo,	dopo	_	_	_	_	_	linguistic	_	none	Intonation=WeaklyRising	_	_	_	_	_
427-2	PSB042	427	2	fare	fare	_	_	_	_	_	linguistic	_	none	_	_	_	_	_	_
427-3	PSB042	427	3	altre	altre	_	_	_	_	_	linguistic	_	none	_	_	_	_	_	_
427-4	PSB042	427	4	lingue:,	lingue	_	_	_	_	_	linguistic	_	none	Intonation=WeaklyRising	_	5x1	_	_	_
427-5	PSB042	427	5	ingle[°se	inglese	_	_	_	_	_	linguistic	_	none	Volume=low	_	_	_	_	5-7(89)
427-6	PSB042	427	6	co]sì.°	così	_	_	_	_	_	linguistic	_	none	Intonation=Falling|Volume=low	End=1002.671	_	_	_	0-2(89)
428-0	PSB005	428	0	[mhmh].	mhmh	_	_	_	_	_	linguistic	_	none	Intonation=Falling	Begin=1002.088|End=1002.468	_	_	_	0-4(89)
429-0	PSB042	429	0	[ma	ma	_	_	_	_	_	linguistic	_	none	_	Begin=1002.828	_	_	_	0-2(90)
429-1	PSB042	429	1	l':	l':	_	_	_	_	_	error	_	none	_	_	_	_	_	0-2(90)
429-2	PSB042	429	2	importa]nte	importante	_	_	_	_	_	linguistic	_	none	_	_	_	_	_	0-7(90)
429-3	PSB042	429	3	arabo	arabo	_	_	_	_	_	linguistic	_	none	_	_	_	_	_	_
429-4	PSB042	429	4	e	e	_	_	_	_	_	linguistic	_	none	_	_	_	_	_	_
429-5	PSB042	429	5	dopo	dopo	_	_	_	_	_	linguistic	_	none	_	_	_	_	_	_
429-6	PSB042	429	6	fran[cese],	francese	_	_	_	_	_	linguistic	_	none	Intonation=WeaklyRising	_	_	_	_	4-8(91)
429-7	PSB042	429	7	e	e	_	_	_	_	_	linguistic	_	none	_	_	_	_	_	_
429-8	PSB042	429	8	dopo	dopo	_	_	_	_	_	linguistic	_	none	_	_	_	_	_	_
429-9	PSB042	429	9	inglese.	inglese	_	_	_	_	_	linguistic	_	none	Intonation=Falling	End=1007.298	_	_	_	_
430-0	PSB005	430	0	[mol~	mol~	_	_	_	_	_	linguistic	_	none	Interrupted=Yes	Begin=1002.848	_	_	_	0-4(90)
430-1	PSB005	430	1	moltiss°imo.°]	moltissimo	_	_	_	_	_	linguistic	_	none	Intonation=Falling|Volume=low	End=1003.998	_	_	_	0-10(90)
431-0	PSB005	431	0	[sì	sì	_	_	_	_	_	linguistic	_	none	_	Begin=1005.74	_	_	_	0-2(91)
431-1	PSB005	431	1	sì	sì	_	_	_	_	_	linguistic	_	none	_	_	_	_	_	0-2(91)
431-2	PSB005	431	2	sì]	sì	_	_	_	_	_	linguistic	_	none	_	End=1006.413	_	_	_	0-2(91)
432-0	PSB005	432	0	mhmh	mhmh	_	_	_	_	_	linguistic	_	none	_	Begin=1007.438|End=1007.778	_	_	_	_
433-0	PSB042	433	0	ma	ma	_	_	_	_	_	linguistic	_	none	_	Begin=1007.848	_	_	_	_
433-1	PSB042	433	1	adesso	adesso	_	_	_	_	_	linguistic	_	none	_	_	_	_	_	_
433-2	PSB042	433	2	m~	m~	_	_	_	_	_	linguistic	_	none	Interrupted=Yes	_	_	_	_	_
433-3	PSB042	433	3	a	a	_	_	_	_	_	linguistic	_	none	_	_	_	_	_	_
433-4	PSB042	433	4	mia	mia	_	_	_	_	_	linguistic	_	none	_	_	_	_	_	_
433-5	PSB042	433	5	paese,	paese	_	_	_	_	_	linguistic	_	none	Intonation=WeaklyRising	_	_	_	_	_
433-6	PSB042	433	6	insiste	insiste	_	_	_	_	_	linguistic	_	none	_	_	_	_	_	_
433-7	PSB042	433	7	a	a	_	_	_	_	_	linguistic	_	none	_	_	_	_	_	_
433-8	PSB042	433	8	l'	l'	_	_	_	_	_	linguistic	_	none	SpaceAfter=No	_	_	_	_	_
433-9	PSB042	433	9	inglese	inglese	_	_	_	_	_	linguistic	_	none	_	End=1011.378	_	_	_	_
434-0	PSB042	434	0	vuoi	vuoi	_	_	_	_	_	linguistic	_	none	_	Begin=1012.228	_	_	_	_
434-1	PSB042	434	1	cambia	cambia	_	_	_	_	_	linguistic	_	none	_	_	_	_	_	_
434-2	PSB042	434	2	la	la	_	_	_	_	_	linguistic	_	none	_	_	_	_	_	_
434-3	PSB042	434	3	sistema	sistema	_	_	_	_	_	linguistic	_	none	_	_	_	_	_	_
434-4	PSB042	434	4	[fra]ncese	francese	_	_	_	_	_	linguistic	_	none	_	_	_	_	_	0-3(92)
434-5	PSB042	434	5	[per]ché	perché	_	_	_	_	_	linguistic	_	none	_	_	_	_	_	0-3(93)
434-6	PSB042	434	6	adesso	adesso	_	_	_	_	_	linguistic	_	none	_	_	_	_	_	_
434-7	PSB042	434	7	non	non	_	_	_	_	_	linguistic	_	none	_	_	_	_	_	_
434-8	PSB042	434	8	è	è	_	_	_	_	_	linguistic	_	none	_	_	_	_	_	_
434-9	PSB042	434	9	importante	importante	_	_	_	_	_	linguistic	_	none	_	_	_	_	_	_
434-10	PSB042	434	10	la	la	_	_	_	_	_	linguistic	_	none	_	_	_	_	_	_
434-11	PSB042	434	11	lingua	lingua	_	_	_	_	_	linguistic	_	none	_	_	_	_	_	_
434-12	PSB042	434	12	francese	francese	_	_	_	_	_	linguistic	_	none	PauseAfter=Yes	_	_	_	_	_
434-13	PSB042	434	13	[(.)]	(.)	_	_	_	_	_	shortpause	_	none	_	_	_	_	_	X(94)
434-14	PSB042	434	14	è	è	_	_	_	_	_	linguistic	_	none	_	_	_	_	_	_
434-15	PSB042	434	15	importante	importante	_	_	_	_	_	linguistic	_	none	_	_	_	_	_	_
434-16	PSB042	434	16	la	la	_	_	_	_	_	linguistic	_	none	_	_	_	_	_	_
434-17	PSB042	434	17	lingua	lingua	_	_	_	_	_	linguistic	_	none	_	_	_	_	_	_
434-18	PSB042	434	18	ingle[se].	inglese	_	_	_	_	_	linguistic	_	none	Intonation=Falling	End=1020.588	_	_	_	5-7(95)
435-0	PSB005	435	0	[mhmh],	mhmh	_	_	_	_	_	linguistic	_	none	Intonation=WeaklyRising	Begin=1013.603|End=1014.163	_	_	_	0-4(92)
436-0	PSB005	436	0	[mhmh],	mhmh	_	_	_	_	_	linguistic	_	none	Intonation=WeaklyRising	Begin=1014.478|End=1014.908	_	_	_	0-4(93)
437-0	PSB005	437	0	[sì]	sì	_	_	_	_	_	linguistic	_	none	_	Begin=1018.168|End=1018.428	_	_	_	0-2(94)
438-0	PSB005	438	0	[mhmh].	mhmh	_	_	_	_	_	linguistic	_	none	Intonation=Falling	Begin=1020.158|End=1020.588	_	_	_	0-4(95)
439-0	PSB005	439	0	°ah	ah	_	_	_	_	_	linguistic	_	none	Volume=low	Begin=1020.928	_	_	_	_
439-1	PSB005	439	1	interessante°	interessante	_	_	_	_	_	linguistic	_	none	Volume=low	End=1021.648	_	_	_	_
440-0	PSB005	440	0	e	e	_	_	_	_	_	linguistic	_	none	_	Begin=1021.998	_	_	_	_
440-1	PSB005	440	1	i	i	_	_	_	_	_	linguistic	_	none	_	_	_	_	_	_
440-2	PSB005	440	2	bambini	bambini	_	_	_	_	_	linguistic	_	none	_	_	_	_	_	_
440-3	PSB005	440	3	non	non	_	_	_	_	_	linguistic	_	none	_	_	_	_	_	_
440-4	PSB005	440	4	studiano	studiano	_	_	_	_	_	linguistic	_	none	_	_	_	_	_	_
440-5	PSB005	440	5	più	più	_	_	_	_	_	linguistic	_	none	_	_	_	_	_	_
440-6	PSB005	440	6	francese	francese	_	_	_	_	_	linguistic	_	none	_	_	_	_	_	_
440-7	PSB005	440	7	a	a	_	_	_	_	_	linguistic	_	none	_	_	_	_	_	_
440-8	PSB005	440	8	scuola.	scuola	_	_	_	_	_	linguistic	_	none	Intonation=Falling	End=1024.358	_	_	_	_
441-0	PSB042	441	0	#essayer	essayer	_	_	_	_	_	linguistic	_	yes	Language=NO_ISO_CODE|Variation=Token	Begin=1024.738	_	_	_	_
441-1	PSB042	441	1	la	la	_	_	_	_	_	linguistic	_	yes	_	_	_	_	_	_
441-2	PSB042	441	2	governo	governo	_	_	_	_	_	linguistic	_	yes	_	_	_	_	_	_
441-3	PSB042	441	3	per	per	_	_	_	_	_	linguistic	_	yes	_	_	_	_	_	_
441-4	PSB042	441	4	(#nous)	nous	_	_	_	_	_	linguistic	_	yes	Language=NO_ISO_CODE|Variation=Token	End=1026.498	_	_	0-5(0)	_
442-0	PSB005	442	0	sì	sì	_	_	_	_	_	linguistic	_	none	_	Begin=1027.583	_	_	_	_
442-1	PSB005	442	1	[sì].	sì	_	_	_	_	_	linguistic	_	none	Intonation=Falling	End=1027.923	_	_	_	0-2(96)
443-0	PSB042	443	0	[no]n	non	_	_	_	_	_	linguistic	_	yes	_	Begin=1027.808	_	_	_	0-2(96)
443-1	PSB042	443	1	è	è	_	_	_	_	_	linguistic	_	yes	_	_	_	_	_	_
443-2	PSB042	443	2	importante:.	importante	_	_	_	_	_	linguistic	_	yes	Intonation=Falling|PauseAfter=Yes	_	9x1	_	_	_
443-3	PSB042	443	3	(.)	(.)	_	_	_	_	_	shortpause	_	yes	_	_	_	_	_	_
443-4	PSB042	443	4	se	se	_	_	_	_	_	linguistic	_	yes	_	_	_	_	_	_
443-5	PSB042	443	5	andare	andare	_	_	_	_	_	linguistic	_	yes	_	_	_	_	_	_
443-6	PSB042	443	6	#par	par	_	_	_	_	_	linguistic	_	yes	Language=NO_ISO_CODE|Variation=Token	_	_	_	_	_
443-7	PSB042	443	7	#exemple:	exemple	_	_	_	_	_	linguistic	_	yes	Language=NO_ISO_CODE|Variation=Token	_	6x1	_	_	_
443-8	PSB042	443	8	mio	mio	_	_	_	_	_	linguistic	_	yes	_	_	_	_	_	_
443-9	PSB042	443	9	bambino	bambino	_	_	_	_	_	linguistic	_	yes	_	_	_	_	_	_
443-10	PSB042	443	10	se	se	_	_	_	_	_	linguistic	_	yes	_	_	_	_	_	_
443-11	PSB042	443	11	ce	ce	_	_	_	_	_	linguistic	_	yes	_	_	_	_	_	_
443-12	PSB042	443	12	l'	l'	_	_	_	_	_	linguistic	_	yes	SpaceAfter=No	_	_	_	_	_
443-13	PSB042	443	13	ho	ho	_	_	_	_	_	linguistic	_	yes	_	_	_	_	_	_
443-14	PSB042	443	14	una	una	_	_	_	_	_	linguistic	_	yes	_	_	_	_	_	_
443-15	PSB042	443	15	bambino,	bambino	_	_	_	_	_	linguistic	_	yes	Intonation=WeaklyRising	_	_	_	_	_
443-16	PSB042	443	16	a	a	_	_	_	_	_	linguistic	_	yes	_	_	_	_	_	_
443-17	PSB042	443	17	marocco,	marocco	_	_	_	_	_	linguistic	_	yes	Intonation=WeaklyRising	End=1035.358	_	_	_	_
444-0	PSB042	444	0	e	e	_	_	_	_	_	linguistic	_	yes	_	Begin=1035.678	_	_	_	_
444-1	PSB042	444	1	dopo	dopo	_	_	_	_	_	linguistic	_	yes	_	_	_	_	_	_
444-2	PSB042	444	2	#quand	quand	_	_	_	_	_	linguistic	_	yes	Language=NO_ISO_CODE|Variation=Token	_	_	_	_	_
444-3	PSB042	444	3	fare	fare	_	_	_	_	_	linguistic	_	yes	_	_	_	_	_	_
444-4	PSB042	444	4	la	la	_	_	_	_	_	linguistic	_	yes	_	_	_	_	_	_
444-5	PSB042	444	5	università	università	_	_	_	_	_	linguistic	_	yes	_	_	_	_	_	_
444-6	PSB042	444	6	la	la	_	_	_	_	_	linguistic	_	yes	_	_	_	_	_	_
444-7	PSB042	444	7	francese	francese	_	_	_	_	_	linguistic	_	yes	_	_	_	_	_	_
444-8	PSB042	444	8	non	non	_	_	_	_	_	linguistic	_	yes	_	_	_	_	_	_
444-9	PSB042	444	9	non	non	_	_	_	_	_	linguistic	_	yes	_	_	_	_	_	_
444-10	PSB042	444	10	fa	fa	_	_	_	_	_	linguistic	_	yes	_	_	_	_	_	_
444-11	PSB042	444	11	niente	niente	_	_	_	_	_	linguistic	_	yes	_	_	_	_	_	_
444-12	PSB042	444	12	[con	con	_	_	_	_	_	linguistic	_	yes	_	_	_	_	_	0-3(97)
444-13	PSB042	444	13	fran]cese	francese	_	_	_	_	_	linguistic	_	yes	_	_	_	_	_	0-4(97)
444-14	PSB042	444	14	[se]rve	serve	_	_	_	_	_	linguistic	_	yes	_	_	_	_	_	0-2(98)
444-15	PSB042	444	15	inglese.	inglese	_	_	_	_	_	linguistic	_	yes	Intonation=Falling	End=1041.828	_	_	_	_
445-0	PSB005	445	0	[mhmh]	mhmh	_	_	_	_	_	linguistic	_	none	_	Begin=1040.148|End=1040.588	_	_	_	0-4(97)
446-0	PSB005	446	0	[mh]	mh	_	_	_	_	_	linguistic	_	none	_	Begin=1040.948|End=1041.188	_	_	_	0-2(98)
447-0	PSB005	447	0	mhmh.	mhmh	_	_	_	_	_	linguistic	_	none	Intonation=Falling	Begin=1041.848|End=1042.208	_	_	_	_
448-0	PSB042	448	0	per	per	_	_	_	_	_	linguistic	_	none	_	Begin=1042.438	_	_	_	_
448-1	PSB042	448	1	fa~	fa~	_	_	_	_	_	linguistic	_	none	Interrupted=Yes	_	_	_	_	_
448-2	PSB042	448	2	andare:.	andare	_	_	_	_	_	linguistic	_	none	Intonation=Falling	_	5x1	_	_	_
448-3	PSB042	448	3	[a:.	a	_	_	_	_	_	linguistic	_	none	Intonation=Falling	_	0x1	_	_	0-1(99)
448-4	PSB042	448	4	al]tra	altra	_	_	_	_	_	linguistic	_	none	_	_	_	_	_	0-2(99)
448-5	PSB042	448	5	università	università	_	_	_	_	_	linguistic	_	none	_	_	_	_	_	_
448-6	PSB042	448	6	e	e	_	_	_	_	_	linguistic	_	none	_	_	_	_	_	_
448-7	PSB042	448	7	altra	altra	_	_	_	_	_	linguistic	_	none	_	_	_	_	_	_
448-8	PSB042	448	8	paesi.	paesi	_	_	_	_	_	linguistic	_	none	Intonation=Falling	End=1047.558	_	_	_	_
449-0	PSB005	449	0	[°sì°]	sì	_	_	_	_	_	linguistic	_	none	Volume=low	Begin=1043.748|End=1044.258	_	_	_	0-2(99)
450-0	PSB042	450	0	e	e	_	_	_	_	_	linguistic	_	none	_	Begin=1048.598	_	_	_	_
450-1	PSB042	450	1	così:	così	_	_	_	_	_	linguistic	_	none	_	_	3x1	_	_	_
450-2	PSB042	450	2	vuoi	vuoi	_	_	_	_	_	linguistic	_	none	_	_	_	_	_	_
450-3	PSB042	450	3	c[ambia]re	cambiare	_	_	_	_	_	linguistic	_	none	_	_	_	_	_	1-6(100)
450-4	PSB042	450	4	piano	piano	_	_	_	_	_	linguistic	_	none	_	_	_	_	_	_
450-5	PSB042	450	5	piano	piano	_	_	_	_	_	linguistic	_	none	_	_	_	_	_	_
450-6	PSB042	450	6	ma	ma	_	_	_	_	_	linguistic	_	none	_	_	_	_	_	_
450-7	PSB042	450	7	non	non	_	_	_	_	_	linguistic	_	none	_	_	_	_	_	_
450-8	PSB042	450	8	è	è	_	_	_	_	_	linguistic	_	none	_	_	_	_	_	_
450-9	PSB042	450	9	così	così	_	_	_	_	_	linguistic	_	none	_	_	_	_	_	_
450-10	PSB042	450	10	facil[e].	facile	_	_	_	_	_	linguistic	_	none	Intonation=Falling	End=1052.988	_	_	_	5-6(101)
451-0	PSB005	451	0	[mhmh].	mhmh	_	_	_	_	_	linguistic	_	none	Intonation=Falling	Begin=1049.928|End=1050.358	_	_	_	0-4(100)
452-0	PSB005	452	0	[n]o	no	_	_	_	_	_	linguistic	_	none	_	Begin=1052.768|End=1053.258	_	_	_	0-1(101)
453-0	PSB005	453	0	[certo]	certo	_	_	_	_	_	linguistic	_	none	_	Begin=1053.748|End=1054.298	_	_	_	0-5(102)
454-0	PSB042	454	0	[serve]	serve	_	_	_	_	_	linguistic	_	none	_	Begin=1053.778	_	_	_	0-5(102)
454-1	PSB042	454	1	tempo.	tempo	_	_	_	_	_	linguistic	_	none	Intonation=Falling	End=1054.878	_	_	_	_
455-0	PSB005	455	0	sì	sì	_	_	_	_	_	linguistic	_	none	_	Begin=1054.988	_	_	_	_
455-1	PSB005	455	1	sì.	sì	_	_	_	_	_	linguistic	_	none	Intonation=Falling	End=1055.418	_	_	_	_
456-0	PSB005	456	0	[per]ché	perché	_	_	_	_	_	linguistic	_	none	_	Begin=1055.648	_	_	_	0-3(103)
456-1	PSB005	456	1	le	le	_	_	_	_	_	linguistic	_	none	_	_	_	_	_	_
456-2	PSB005	456	2	persone,	persone	_	_	_	_	_	linguistic	_	none	Intonation=WeaklyRising	End=1056.72	_	_	_	_
457-0	PSB042	457	0	[mh]	mh	_	_	_	_	_	linguistic	_	none	_	Begin=1055.65|End=1056.27	_	_	_	0-2(103)
458-0	PSB005	458	0	come	come	_	_	_	_	_	linguistic	_	none	_	Begin=1057.74	_	_	_	_
458-1	PSB005	458	1	te	te	_	_	_	_	_	linguistic	_	none	_	_	_	_	_	_
458-2	PSB005	458	2	per	per	_	_	_	_	_	linguistic	_	none	_	_	_	_	_	_
458-3	PSB005	458	3	esempio,	esempio	_	_	_	_	_	linguistic	_	none	Intonation=WeaklyRising	_	_	_	_	_
458-4	PSB005	458	4	sapet~	sapet~	_	_	_	_	_	linguistic	_	none	Interrupted=Yes	_	_	_	_	_
458-5	PSB005	458	5	ancora	ancora	_	_	_	_	_	linguistic	_	none	_	_	_	_	_	_
458-6	PSB005	458	6	il	il	_	_	_	_	_	linguistic	_	none	_	_	_	_	_	_
458-7	PSB005	458	7	francese	francese	_	_	_	_	_	linguistic	_	none	_	_	_	_	_	_
458-8	PSB005	458	8	b[ene]	bene	_	_	_	_	_	linguistic	_	none	_	End=1060.93	_	_	_	1-4(104)
459-0	PSB042	459	0	[s:]ì	sì	_	_	_	_	_	linguistic	_	none	_	Begin=1060.538	0x1	_	_	0-1(104)
459-1	PSB042	459	1	sì.	sì	_	_	_	_	_	linguistic	_	none	Intonation=Falling	End=1061.728	_	_	_	_
460-0	PSB042	460	0	ma	ma	_	_	_	_	_	linguistic	_	yes	_	Begin=1062.108	_	_	_	_
460-1	PSB042	460	1	non	non	_	_	_	_	_	linguistic	_	yes	_	_	_	_	_	_
460-2	PSB042	460	2	è	è	_	_	_	_	_	linguistic	_	yes	_	_	_	_	_	_
460-3	PSB042	460	3	importante	importante	_	_	_	_	_	linguistic	_	yes	_	_	_	_	_	_
460-4	PSB042	460	4	come	come	_	_	_	_	_	linguistic	_	yes	_	_	_	_	_	_
460-5	PSB042	460	5	qua	qua	_	_	_	_	_	linguistic	_	yes	_	_	_	_	_	_
460-6	PSB042	460	6	#à	à	_	_	_	_	_	linguistic	_	yes	Language=NO_ISO_CODE|Variation=Token	_	_	_	_	_
460-7	PSB042	460	7	#l'	l'	_	_	_	_	_	linguistic	_	yes	SpaceAfter=No|Language=NO_ISO_CODE|Variation=Token	_	_	_	_	_
460-8	PSB042	460	8	#italie	italie	_	_	_	_	_	linguistic	_	yes	Language=NO_ISO_CODE|Variation=Token	_	_	_	_	_
460-9	PSB042	460	9	chi	chi	_	_	_	_	_	linguistic	_	yes	_	_	_	_	_	_
460-10	PSB042	460	10	parla	parla	_	_	_	_	_	linguistic	_	yes	_	_	_	_	_	_
460-11	PSB042	460	11	francese?	francese	_	_	_	_	_	linguistic	_	yes	Intonation=Rising	End=1065.688	_	_	_	_
461-0	PSB005	461	0	ma	ma	_	_	_	_	_	linguistic	_	none	_	Begin=1066.068	_	_	_	_
461-1	PSB005	461	1	un	un	_	_	_	_	_	linguistic	_	none	_	_	_	_	_	_
461-2	PSB005	461	2	po'	po'	_	_	_	_	_	linguistic	_	none	_	_	_	_	_	_
461-3	PSB005	461	3	studiam[o.	studiamo	_	_	_	_	_	linguistic	_	none	Intonation=Falling	_	_	_	_	7-8(105)
461-4	PSB005	461	4	sì].	sì	_	_	_	_	_	linguistic	_	none	Intonation=Falling	End=1067.648	_	_	_	0-2(105)
462-0	PSB042	462	0	[po]co.	poco	_	_	_	_	_	linguistic	_	none	Intonation=Falling	Begin=1067.288|End=1067.968	_	_	_	0-2(105)
463-0	PSB005	463	0	eh	eh	_	_	_	_	_	linguistic	_	none	_	Begin=1068.928	_	_	_	_
463-1	PSB005	463	1	[perché	perché	_	_	_	_	_	linguistic	_	none	_	_	_	_	_	0-6(106)
463-2	PSB005	463	2	poi	poi	_	_	_	_	_	linguistic	_	none	_	_	_	_	_	0-3(106)
463-3	PSB005	463	3	è	è	_	_	_	_	_	linguistic	_	none	_	_	_	_	_	0-1(106)
463-4	PSB005	463	4	difficile].	difficile	_	_	_	_	_	linguistic	_	none	Intonation=Falling	End=1070.348	_	_	_	0-9(106)
464-0	PSB042	464	0	[poi	poi	_	_	_	_	_	linguistic	_	none	_	Begin=1069.068	_	_	_	0-3(106)
464-1	PSB042	464	1	se	se	_	_	_	_	_	linguistic	_	none	_	_	_	_	_	0-2(106)
464-2	PSB042	464	2	parla	parla	_	_	_	_	_	linguistic	_	none	_	_	_	_	_	0-5(106)
464-3	PSB042	464	3	fran]cese	francese	_	_	_	_	_	linguistic	_	none	_	_	_	_	_	0-4(106)
464-4	PSB042	464	4	non	non	_	_	_	_	_	linguistic	_	none	_	_	_	_	_	_
464-5	PSB042	464	5	è	è	_	_	_	_	_	linguistic	_	none	_	_	_	_	_	_
464-6	PSB042	464	6	capisco	capisco	_	_	_	_	_	linguistic	_	none	_	_	_	_	_	_
464-7	PSB042	464	7	niente	niente	_	_	_	_	_	linguistic	_	none	_	_	_	_	_	_
464-8	PSB042	464	8	di	di	_	_	_	_	_	linguistic	_	none	_	_	_	_	_	_
464-9	PSB042	464	9	ah?	ah	_	_	_	_	_	linguistic	_	none	Intonation=Rising|PauseAfter=Yes	_	_	_	_	_
464-10	PSB042	464	10	(.)	(.)	_	_	_	_	_	shortpause	_	none	_	_	_	_	_	_
464-11	PSB042	464	11	cosa?	cosa	_	_	_	_	_	linguistic	_	none	Intonation=Rising	_	_	_	_	_
464-12	PSB042	464	12	((ride))	((ride))	_	_	_	_	_	nonverbalbehavior	_	none	_	End=1075.468	_	_	_	_
465-0	PSB005	465	0	((ride))	((ride))	_	_	_	_	_	nonverbalbehavior	_	none	_	Begin=1074.598|End=1075.458	_	_	_	_
466-0	PSB005	466	0	ah	ah	_	_	_	_	_	linguistic	_	none	_	Begin=1075.588	_	_	_	_
466-1	PSB005	466	1	io	io	_	_	_	_	_	linguistic	_	none	_	_	_	_	_	_
466-2	PSB005	466	2	non	non	_	_	_	_	_	linguistic	_	none	_	_	_	_	_	_
466-3	PSB005	466	3	lo	lo	_	_	_	_	_	linguistic	_	none	_	_	_	_	_	_
466-4	PSB005	466	4	so	so	_	_	_	_	_	linguistic	_	none	_	_	_	_	_	_
466-5	PSB005	466	5	il	il	_	_	_	_	_	linguistic	_	none	_	_	_	_	_	_
466-6	PSB005	466	6	francese	francese	_	_	_	_	_	linguistic	_	none	_	_	_	_	_	_
466-7	PSB005	466	7	infatti	infatti	_	_	_	_	_	linguistic	_	none	_	_	_	_	_	_
466-8	PSB005	466	8	m~	m~	_	_	_	_	_	linguistic	_	none	Interrupted=Yes	End=1077.34	_	_	_	_
467-0	PSB042	467	0	meglio:	meglio	_	_	_	_	_	linguistic	_	none	_	Begin=1077.348|End=1078.178	5x1	_	_	_
468-0	PSB005	468	0	non	non	_	_	_	_	_	linguistic	_	none	_	Begin=1078.318	_	_	_	_
468-1	PSB005	468	1	lo	lo	_	_	_	_	_	linguistic	_	none	_	_	_	_	_	_
468-2	PSB005	468	2	cono°[sco]°.	conosco	_	_	_	_	_	linguistic	_	none	Intonation=Falling|Volume=low	End=1079.228	_	_	_	4-7(108)
469-0	PSB042	469	0	[se:]	se	_	_	_	_	_	linguistic	_	none	_	Begin=1078.958	1x1	_	_	0-2(108)
469-1	PSB042	469	1	la	la	_	_	_	_	_	linguistic	_	none	_	_	_	_	_	_
469-2	PSB042	469	2	francese	francese	_	_	_	_	_	linguistic	_	none	_	_	_	_	_	_
469-3	PSB042	469	3	solo	solo	_	_	_	_	_	linguistic	_	none	_	_	_	_	_	_
469-4	PSB042	469	4	se	se	_	_	_	_	_	linguistic	_	none	_	_	_	_	_	_
469-5	PSB042	469	5	fa~	fa~	_	_	_	_	_	linguistic	_	none	Interrupted=Yes	_	_	_	_	_
469-6	PSB042	469	6	andare	andare	_	_	_	_	_	linguistic	_	none	_	_	_	_	_	_
469-7	PSB042	469	7	vacanza	vacanza	_	_	_	_	_	linguistic	_	none	_	_	_	_	_	_
469-8	PSB042	469	8	a	a	_	_	_	_	_	linguistic	_	none	_	_	_	_	_	_
469-9	PSB042	469	9	francia.	francia	_	_	_	_	_	linguistic	_	none	Intonation=Falling	End=1082.938	_	_	_	_
470-0	PSB042	470	0	a	a	_	_	_	_	_	linguistic	_	none	_	Begin=1083.568	_	_	_	_
470-1	PSB042	470	1	parigi	parigi	_	_	_	_	_	linguistic	_	none	_	End=1084.368	_	_	_	_
471-0	PSB042	471	0	s[ì:].	sì	_	_	_	_	_	linguistic	_	none	Intonation=Falling	Begin=1084.818|End=1085.698	1x1	_	_	1-2(109)
472-0	PSB005	472	0	[quin]di	quindi	_	_	_	_	_	linguistic	_	none	_	Begin=1085.008	_	_	_	0-4(109)
472-1	PSB005	472	1	il	il	_	_	_	_	_	linguistic	_	none	_	_	_	_	_	_
472-2	PSB005	472	2	francese	francese	_	_	_	_	_	linguistic	_	none	_	_	_	_	_	_
472-3	PSB005	472	3	non	non	_	_	_	_	_	linguistic	_	none	_	_	_	_	_	_
472-4	PSB005	472	4	ti	ti	_	_	_	_	_	linguistic	_	none	_	_	_	_	_	_
472-5	PSB005	472	5	è	è	_	_	_	_	_	linguistic	_	none	_	_	_	_	_	_
472-6	PSB005	472	6	servito	servito	_	_	_	_	_	linguistic	_	none	_	_	_	_	_	_
472-7	PSB005	472	7	qui.	qui	_	_	_	_	_	linguistic	_	none	Intonation=Falling	End=1087.068	_	_	_	_
473-0	PSB042	473	0	niente.	niente	_	_	_	_	_	linguistic	_	none	Intonation=Falling	Begin=1087.358	_	_	_	_
473-1	PSB042	473	1	[non	non	_	_	_	_	_	linguistic	_	none	_	_	_	_	_	0-3(110)
473-2	PSB042	473	2	è]:	è	_	_	_	_	_	linguistic	_	none	_	_	0x1	_	_	0-1(110)
473-3	PSB042	473	3	importante.	importante	_	_	_	_	_	linguistic	_	none	Intonation=Falling	End=1089.988	_	_	_	_
474-0	PSB005	474	0	[per	per	_	_	_	_	_	linguistic	_	none	_	Begin=1088.458	_	_	_	0-3(110)
474-1	PSB005	474	1	niente].	niente	_	_	_	_	_	linguistic	_	none	Intonation=Falling	End=1089.248	_	_	_	0-6(110)
475-0	PSB042	475	0	sì:	sì	_	_	_	_	_	linguistic	_	none	_	Begin=1090.448|End=1090.638	1x1	_	_	_
476-0	PSB005	476	0	((ride))	((ride))	_	_	_	_	_	nonverbalbehavior	_	none	_	Begin=1090.698|End=1091.298	_	_	_	_
477-0	PSB042	477	0	ah	ah	_	_	_	_	_	linguistic	_	none	_	Begin=1091.568	_	_	_	_
477-1	PSB042	477	1	inglese	inglese	_	_	_	_	_	linguistic	_	none	_	_	_	_	_	_
477-2	PSB042	477	2	sì:.	sì	_	_	_	_	_	linguistic	_	none	Intonation=Falling	End=1092.808	1x1	_	_	_
478-0	PSB005	478	0	sì	sì	_	_	_	_	_	linguistic	_	none	_	Begin=1094.098	_	_	_	_
478-1	PSB005	478	1	[sì	sì	_	_	_	_	_	linguistic	_	none	_	_	_	_	_	0-2(111)
478-2	PSB005	478	2	°sì.°]	sì	_	_	_	_	_	linguistic	_	none	Intonation=Falling|Volume=low	End=1094.598	_	_	_	0-2(111)
479-0	PSB042	479	0	[ingl]ese	inglese	_	_	_	_	_	linguistic	_	none	_	Begin=1094.313	_	_	_	0-4(111)
479-1	PSB042	479	1	anche	anche	_	_	_	_	_	linguistic	_	none	_	_	_	_	_	_
479-2	PSB042	479	2	se	se	_	_	_	_	_	linguistic	_	none	_	_	_	_	_	_
479-3	PSB042	479	3	andare:.	andare	_	_	_	_	_	linguistic	_	none	Intonation=Falling	End=1096.153	5x1	_	_	_
480-0	PSB005	480	0	°mh[mh°]	mhmh	_	_	_	_	_	linguistic	_	none	Volume=low	Begin=1097.758|End=1098.338	_	_	_	2-4(112)
481-0	PSB042	481	0	[u]sa	usa	_	_	_	_	_	linguistic	_	yes	_	Begin=1098.178	_	_	_	0-1(112)
481-1	PSB042	481	1	#anglais	anglais	_	_	_	_	_	linguistic	_	yes	Language=NO_ISO_CODE|Variation=Token	End=1099.328	_	_	_	_
482-0	PSB005	482	0	sì	sì	_	_	_	_	_	linguistic	_	none	_	Begin=1099.458	_	_	_	_
482-1	PSB005	482	1	sì,	sì	_	_	_	_	_	linguistic	_	none	Intonation=WeaklyRising	_	_	_	_	_
482-2	PSB005	482	2	sì.	sì	_	_	_	_	_	linguistic	_	none	Intonation=Falling	End=1100.378	_	_	_	_
483-0	PSB005	483	0	io	io	_	_	_	_	_	linguistic	_	none	_	Begin=1100.728	_	_	_	_
483-1	PSB005	483	1	s~	s~	_	_	_	_	_	linguistic	_	none	Interrupted=Yes	_	_	_	_	_
483-2	PSB005	483	2	quando	quando	_	_	_	_	_	linguistic	_	none	_	_	_	_	_	_
483-3	PSB005	483	3	sono	sono	_	_	_	_	_	linguistic	_	none	_	_	_	_	_	_
483-4	PSB005	483	4	andata	andata	_	_	_	_	_	linguistic	_	none	_	_	_	_	_	_
483-5	PSB005	483	5	in	in	_	_	_	_	_	linguistic	_	none	_	_	_	_	_	_
483-6	PSB005	483	6	marocco:,	marocco	_	_	_	_	_	linguistic	_	none	Intonation=WeaklyRising	End=1102.408	6x1	_	_	_
484-0	PSB042	484	0	anche	anche	_	_	_	_	_	linguistic	_	yes	_	Begin=1102.483	_	_	_	_
484-1	PSB042	484	1	l'	l'	_	_	_	_	_	linguistic	_	yes	SpaceAfter=No	_	_	_	_	_
484-2	PSB042	484	2	italiano	italiano	_	_	_	_	_	linguistic	_	yes	_	_	_	_	_	_
484-3	PSB042	484	3	a	a	_	_	_	_	_	linguistic	_	yes	_	_	_	_	_	_
484-4	PSB042	484	4	l'	l'	_	_	_	_	_	linguistic	_	yes	SpaceAfter=No	_	_	_	_	_
484-5	PSB042	484	5	altra	altra	_	_	_	_	_	linguistic	_	yes	_	_	_	_	_	_
484-6	PSB042	484	6	paese	paese	_	_	_	_	_	linguistic	_	yes	_	_	_	_	_	_
484-7	PSB042	484	7	non	non	_	_	_	_	_	linguistic	_	yes	_	_	_	_	_	_
484-8	PSB042	484	8	è	è	_	_	_	_	_	linguistic	_	yes	_	_	_	_	_	_
484-9	PSB042	484	9	#important	important	_	_	_	_	_	linguistic	_	yes	Language=NO_ISO_CODE|Variation=Token	_	_	_	_	_
484-10	PSB042	484	10	la	la	_	_	_	_	_	linguistic	_	yes	_	_	_	_	_	_
484-11	PSB042	484	11	li[ngua].	lingua	_	_	_	_	_	linguistic	_	yes	Intonation=Falling	End=1106.343	_	_	_	0-5(113)
485-0	PSB005	485	0	[no]:	no	_	_	_	_	_	linguistic	_	none	_	Begin=1106.048|End=1106.478	1x1	_	_	0-2(113)
486-0	PSB005	486	0	per	per	_	_	_	_	_	linguistic	_	none	_	Begin=1107.028	_	_	_	_
486-1	PSB005	486	1	nessuno	nessuno	_	_	_	_	_	linguistic	_	none	_	_	_	_	_	_
486-2	PSB005	486	2	no.	no	_	_	_	_	_	linguistic	_	none	Intonation=Falling	End=1108.098	_	_	_	_
487-0	PSB042	487	0	ma	ma	_	_	_	_	_	linguistic	_	none	_	Begin=1108.258	_	_	_	_
487-1	PSB042	487	1	l'	l'	_	_	_	_	_	linguistic	_	none	SpaceAfter=No	_	_	_	_	_
487-2	PSB042	487	2	internazionale	internazionale	_	_	_	_	_	linguistic	_	none	_	_	_	_	_	_
487-3	PSB042	487	3	è	è	_	_	_	_	_	linguistic	_	none	_	_	_	_	_	_
487-4	PSB042	487	4	inglese	inglese	_	_	_	_	_	linguistic	_	none	_	_	_	_	_	_
487-5	PSB042	487	5	ad[e°sso.°]	adesso	_	_	_	_	_	linguistic	_	none	Intonation=Falling|Volume=low	End=1111.218	_	_	_	1-6(114)
488-0	PSB005	488	0	[eh	eh	_	_	_	_	_	linguistic	_	none	_	Begin=1110.398	_	_	_	0-2(114)
488-1	PSB005	488	1	sì]	sì	_	_	_	_	_	linguistic	_	none	_	End=1110.868	_	_	_	0-2(114)
489-0	PSB005	489	0	[anche	anche	_	_	_	_	_	linguistic	_	none	_	Begin=1111.518	_	_	_	0-5(115)
489-1	PSB005	489	1	l'	l'	_	_	_	_	_	linguistic	_	none	SpaceAfter=No	_	_	_	_	0-2(115)
489-2	PSB005	489	2	italiano	italiano	_	_	_	_	_	linguistic	_	none	_	_	_	_	_	0-8(115)
489-3	PSB005	489	3	non	non	_	_	_	_	_	linguistic	_	none	_	_	_	_	_	0-3(115)
489-4	PSB005	489	4	serve	serve	_	_	_	_	_	linguistic	_	none	_	_	_	_	_	0-5(115)
489-5	PSB005	489	5	a	a	_	_	_	_	_	linguistic	_	none	_	_	_	_	_	0-1(115)
489-6	PSB005	489	6	niente]	niente	_	_	_	_	_	linguistic	_	none	_	End=1113.328	_	_	_	0-6(115)
490-0	PSB042	490	0	[anche	anche	_	_	_	_	_	linguistic	_	none	_	Begin=1111.518	_	_	_	0-5(115)
490-1	PSB042	490	1	l'	l'	_	_	_	_	_	linguistic	_	none	SpaceAfter=No	_	_	_	_	0-2(115)
490-2	PSB042	490	2	arabo	arabo	_	_	_	_	_	linguistic	_	none	_	_	_	_	_	0-5(115)
490-3	PSB042	490	3	anche	anche	_	_	_	_	_	linguistic	_	none	_	_	_	_	_	0-5(115)
490-4	PSB042	490	4	l'	l'	_	_	_	_	_	linguistic	_	none	SpaceAfter=No	_	_	_	_	0-2(115)
490-5	PSB042	490	5	ar]abo	arabo	_	_	_	_	_	linguistic	_	none	_	_	_	_	_	0-1(115)
490-6	PSB042	490	6	niente.	niente	_	_	_	_	_	linguistic	_	none	Intonation=Falling	_	_	_	_	_
490-7	PSB042	490	7	solo	solo	_	_	_	_	_	linguistic	_	none	_	_	_	_	_	_
490-8	PSB042	490	8	mia	mia	_	_	_	_	_	linguistic	_	none	_	_	_	_	_	_
490-9	PSB042	490	9	paese.	paese	_	_	_	_	_	linguistic	_	none	Intonation=Falling	End=1115.808	_	_	_	_
491-0	PSB005	491	0	mh	mh	_	_	_	_	_	linguistic	_	none	_	Begin=1115.878	_	_	_	_
491-1	PSB005	491	1	beh	beh	_	_	_	_	_	linguistic	_	none	_	_	_	_	_	_
491-2	PSB005	491	2	ci	ci	_	_	_	_	_	linguistic	_	none	_	_	_	_	_	_
491-3	PSB005	491	3	son	son	_	_	_	_	_	linguistic	_	none	_	_	_	_	_	_
491-4	PSB005	491	4	tanti	tanti	_	_	_	_	_	linguistic	_	none	_	_	_	_	_	_
491-5	PSB005	491	5	paesi	paesi	_	_	_	_	_	linguistic	_	none	_	_	_	_	_	_
491-6	PSB005	491	6	però	però	_	_	_	_	_	linguistic	_	none	_	_	_	_	_	_
491-7	PSB005	491	7	che	che	_	_	_	_	_	linguistic	_	none	_	_	_	_	_	_
491-8	PSB005	491	8	parl[ano	parlano	_	_	_	_	_	linguistic	_	none	_	_	_	_	_	4-7(116)
491-9	PSB005	491	9	arabo].	arabo	_	_	_	_	_	linguistic	_	none	Intonation=Falling	End=1118.238	_	_	_	0-5(116)
492-0	PSB042	492	0	[sì	sì	_	_	_	_	_	linguistic	_	none	_	Begin=1117.838	_	_	_	0-2(116)
492-1	PSB042	492	1	s]e	se	_	_	_	_	_	linguistic	_	none	_	_	_	_	_	0-1(116)
492-2	PSB042	492	2	andare	andare	_	_	_	_	_	linguistic	_	none	_	_	_	_	_	_
492-3	PSB042	492	3	al:	al	_	_	_	_	_	linguistic	_	none	_	_	1x1	_	_	_
492-4	PSB042	492	4	una	una	_	_	_	_	_	linguistic	_	none	_	_	_	_	_	_
492-5	PSB042	492	5	paese	paese	_	_	_	_	_	linguistic	_	none	_	_	_	_	_	_
492-6	PSB042	492	6	arabo	arabo	_	_	_	_	_	linguistic	_	none	_	_	_	_	_	_
492-7	PSB042	492	7	ma	ma	_	_	_	_	_	linguistic	_	none	_	_	_	_	_	_
492-8	PSB042	492	8	l'	l'	_	_	_	_	_	linguistic	_	none	SpaceAfter=No	_	_	_	_	_
492-9	PSB042	492	9	:arabo?	:arabo?	_	_	_	_	_	error	_	none	_	End=1121.348	_	_	_	_
493-0	PSB042	493	0	s~	s~	_	_	_	_	_	linguistic	_	none	Interrupted=Yes	Begin=1122.228	_	_	_	_
493-1	PSB042	493	1	c'	c'	_	_	_	_	_	linguistic	_	none	SpaceAfter=No	_	_	_	_	_
493-2	PSB042	493	2	è	è	_	_	_	_	_	linguistic	_	none	_	_	_	_	_	_
493-3	PSB042	493	3	la	la	_	_	_	_	_	linguistic	_	none	_	_	_	_	_	_
493-4	PSB042	493	4	arabo	arabo	_	_	_	_	_	linguistic	_	none	_	_	_	_	_	_
493-5	PSB042	493	5	da	da	_	_	_	_	_	linguistic	_	none	_	_	_	_	_	_
493-6	PSB042	493	6	mia	mia	_	_	_	_	_	linguistic	_	none	_	_	_	_	_	_
493-7	PSB042	493	7	paese,	paese	_	_	_	_	_	linguistic	_	none	Intonation=WeaklyRising|PauseAfter=Yes	_	_	_	_	_
493-8	PSB042	493	8	(.)	(.)	_	_	_	_	_	shortpause	_	none	_	_	_	_	_	_
493-9	PSB042	493	9	non	non	_	_	_	_	_	linguistic	_	none	_	_	_	_	_	_
493-10	PSB042	493	10	è	è	_	_	_	_	_	linguistic	_	none	_	_	_	_	_	_
493-11	PSB042	493	11	arabo	arabo	_	_	_	_	_	linguistic	_	none	_	_	_	_	_	_
493-12	PSB042	493	12	classico.	classico	_	_	_	_	_	linguistic	_	none	Intonation=Falling	End=1126.573	_	_	_	_
494-0	PSB005	494	0	mhmh.	mhmh	_	_	_	_	_	linguistic	_	none	Intonation=Falling	Begin=1126.613|End=1126.923	_	_	_	_
495-0	PSB042	495	0	è	è	_	_	_	_	_	linguistic	_	yes	_	Begin=1127.086	_	_	_	_
495-1	PSB042	495	1	arabo	arabo	_	_	_	_	_	linguistic	_	yes	_	_	_	_	_	_
495-2	PSB042	495	2	#darija.	darija	_	_	_	_	_	linguistic	_	yes	Intonation=Falling|Language=NO_ISO_CODE|Variation=Token	_	_	_	_	_
495-3	PSB042	495	3	lo	lo	_	_	_	_	_	linguistic	_	yes	_	_	_	_	_	_
495-4	PSB042	495	4	sa	sa	_	_	_	_	_	linguistic	_	yes	_	_	_	_	_	_
495-5	PSB042	495	5	i[l	il	_	_	_	_	_	linguistic	_	yes	_	_	_	_	_	1-2(117)
495-6	PSB042	495	6	tuo	tuo	_	_	_	_	_	linguistic	_	yes	_	_	_	_	_	0-3(117)
495-7	PSB042	495	7	ma]rito,	marito	_	_	_	_	_	linguistic	_	yes	Intonation=WeaklyRising	End=1130.26	_	_	_	0-2(117)
496-0	PSB005	496	0	[sì	sì	_	_	_	_	_	linguistic	_	none	_	Begin=1129.308	_	_	_	0-2(117)
496-1	PSB005	496	1	sì].	sì	_	_	_	_	_	linguistic	_	none	Intonation=Falling	End=1129.738	_	_	_	0-2(117)
497-0	PSB005	497	0	sì	sì	_	_	_	_	_	linguistic	_	none	_	Begin=1130.393	_	_	_	_
497-1	PSB005	497	1	sì.	sì	_	_	_	_	_	linguistic	_	none	Intonation=Falling	End=1130.723	_	_	_	_
498-0	PSB042	498	0	c'	c'	_	_	_	_	_	linguistic	_	none	SpaceAfter=No	Begin=1131.208	_	_	_	_
498-1	PSB042	498	1	è	è	_	_	_	_	_	linguistic	_	none	_	_	_	_	_	_
498-2	PSB042	498	2	differenze:	differenze	_	_	_	_	_	linguistic	_	none	_	_	9x1	_	_	_
498-3	PSB042	498	3	da	da	_	_	_	_	_	linguistic	_	none	_	_	_	_	_	_
498-4	PSB042	498	4	arabo.	arabo	_	_	_	_	_	linguistic	_	none	Intonation=Falling	End=1133.298	_	_	_	_
499-0	PSB005	499	0	mhmh.	mhmh	_	_	_	_	_	linguistic	_	none	Intonation=Falling	Begin=1133.388|End=1133.788	_	_	_	_
500-0	PSB042	500	0	ma	ma	_	_	_	_	_	linguistic	_	none	_	Begin=1133.788	_	_	_	_
500-1	PSB042	500	1	tutto	tutto	_	_	_	_	_	linguistic	_	none	_	_	_	_	_	_
500-2	PSB042	500	2	se~	se~	_	_	_	_	_	linguistic	_	none	Interrupted=Yes	_	_	_	_	_
500-3	PSB042	500	3	per	per	_	_	_	_	_	linguistic	_	none	_	_	_	_	_	_
500-4	PSB042	500	4	capisco	capisco	_	_	_	_	_	linguistic	_	none	_	_	_	_	_	_
500-5	PSB042	500	5	a	a	_	_	_	_	_	linguistic	_	none	_	_	_	_	_	_
500-6	PSB042	500	6	me	me	_	_	_	_	_	linguistic	_	none	_	_	_	_	_	_
500-7	PSB042	500	7	altri	altri	_	_	_	_	_	linguistic	_	none	_	_	_	_	_	_
500-8	PSB042	500	8	serve	serve	_	_	_	_	_	linguistic	_	none	_	_	_	_	_	_
500-9	PSB042	500	9	parlare	parlare	_	_	_	_	_	linguistic	_	none	_	_	_	_	_	_
500-10	PSB042	500	10	arabo	arabo	_	_	_	_	_	linguistic	_	none	_	_	_	_	_	_
500-11	PSB042	500	11	classi[ca].	classica	_	_	_	_	_	linguistic	_	none	Intonation=Falling	End=1139.478	_	_	_	6-8(118)
501-0	PSB005	501	0	[cla]ssico.	classico	_	_	_	_	_	linguistic	_	none	Intonation=Falling	Begin=1139.288|End=1139.858	_	_	_	0-3(118)
502-0	PSB005	502	0	mhmh	mhmh	_	_	_	_	_	linguistic	_	none	_	Begin=1140.028|End=1140.298	_	_	_	_
503-0	PSB005	503	0	però	però	_	_	_	_	_	linguistic	_	none	_	Begin=1141.188	_	_	_	_
503-1	PSB005	503	1	voi	voi	_	_	_	_	_	linguistic	_	none	_	_	_	_	_	_
503-2	PSB005	503	2	parlate	parlate	_	_	_	_	_	linguistic	_	none	_	_	_	_	_	_
503-3	PSB005	503	3	anche	anche	_	_	_	_	_	linguistic	_	none	_	_	_	_	_	_
503-4	PSB005	503	4	arabo	arabo	_	_	_	_	_	linguistic	_	none	_	_	_	_	_	_
503-5	PSB005	503	5	class[ico].	classico	_	_	_	_	_	linguistic	_	none	Intonation=Falling	End=1143.668	_	_	_	5-8(119)
504-0	PSB042	504	0	[s]:ì	sì	_	_	_	_	_	linguistic	_	none	_	Begin=1143.178	0x1	_	_	0-1(119)
504-1	PSB042	504	1	s[ì	sì	_	_	_	_	_	linguistic	_	none	_	_	_	_	_	1-2(120)
504-2	PSB042	504	2	perché]	perché	_	_	_	_	_	linguistic	_	none	_	_	_	_	_	0-6(120)
504-3	PSB042	504	3	studiare	studiare	_	_	_	_	_	linguistic	_	none	_	_	_	_	_	_
504-4	PSB042	504	4	a	a	_	_	_	_	_	linguistic	_	none	_	_	_	_	_	_
504-5	PSB042	504	5	[mia	mia	_	_	_	_	_	linguistic	_	none	_	_	_	_	_	0-3(121)
504-6	PSB042	504	6	pa]ese.	paese	_	_	_	_	_	linguistic	_	none	Intonation=Falling	End=1147.358	_	_	_	0-2(121)
505-0	PSB005	505	0	[ovviamente]	ovviamente	_	_	_	_	_	linguistic	_	none	_	Begin=1144.218|End=1145.028	_	_	_	0-10(120)
506-0	PSB005	506	0	[sì	sì	_	_	_	_	_	linguistic	_	none	_	Begin=1146.118	_	_	_	0-2(121)
506-1	PSB005	506	1	sì	sì	_	_	_	_	_	linguistic	_	none	_	_	_	_	_	0-2(121)
506-2	PSB005	506	2	sì].	sì	_	_	_	_	_	linguistic	_	none	Intonation=Falling	End=1146.778	_	_	_	0-2(121)
507-0	PSB042	507	0	studiare	studiare	_	_	_	_	_	linguistic	_	none	_	Begin=1147.808	_	_	_	_
507-1	PSB042	507	1	non	non	_	_	_	_	_	linguistic	_	none	_	_	_	_	_	_
507-2	PSB042	507	2	è:	è	_	_	_	_	_	linguistic	_	none	_	_	0x1	_	_	_
507-3	PSB042	507	3	arabo	arabo	_	_	_	_	_	linguistic	_	none	_	_	_	_	_	_
507-4	PSB042	507	4	pubblico	pubblico	_	_	_	_	_	linguistic	_	none	_	_	_	_	_	_
507-5	PSB042	507	5	da	da	_	_	_	_	_	linguistic	_	none	_	_	_	_	_	_
507-6	PSB042	507	6	mia	mia	_	_	_	_	_	linguistic	_	none	_	_	_	_	_	_
507-7	PSB042	507	7	pa°e[se°].	paese	_	_	_	_	_	linguistic	_	none	Intonation=Falling|Volume=low	End=1151.398	_	_	_	3-5(122)
508-0	PSB005	508	0	[mh],	mh	_	_	_	_	_	linguistic	_	none	Intonation=WeaklyRising	Begin=1151.208	_	_	_	0-2(122)
508-1	PSB005	508	1	mhmh.	mhmh	_	_	_	_	_	linguistic	_	none	Intonation=Falling	End=1151.678	_	_	_	_
509-0	PSB042	509	0	classico.	classico	_	_	_	_	_	linguistic	_	none	Intonation=Falling	Begin=1151.689|End=1152.429	_	_	_	_
510-0	PSB005	510	0	mhmh.	mhmh	_	_	_	_	_	linguistic	_	none	Intonation=Falling	Begin=1152.458|End=1152.818	_	_	_	_
511-0	PSB005	511	0	ed	ed	_	_	_	_	_	linguistic	_	none	_	Begin=1153.108	_	_	_	_
511-1	PSB005	511	1	è:	è	_	_	_	_	_	linguistic	_	none	_	_	0x1	_	_	_
511-2	PSB005	511	2	diverso?	diverso	_	_	_	_	_	linguistic	_	none	Intonation=Rising	_	_	_	_	_
511-3	PSB005	511	3	molto?	molto	_	_	_	_	_	linguistic	_	none	Intonation=Rising	End=1154.978	_	_	_	_
512-0	PSB042	512	0	s:ì.	sì	_	_	_	_	_	linguistic	_	none	Intonation=Falling	Begin=1155.908|End=1156.578	0x1	_	_	_
513-0	PSB005	513	0	sì.	sì	_	_	_	_	_	linguistic	_	none	Intonation=Falling	Begin=1156.818|End=1157.108	_	_	_	_
514-0	PSB042	514	0	sì.	sì	_	_	_	_	_	linguistic	_	none	Intonation=Falling	Begin=1157.748|End=1158.018	_	_	_	_
515-0	PSB042	515	0	perche	perche	_	_	_	_	_	linguistic	_	yes	_	Begin=1159.018	_	_	_	_
515-1	PSB042	515	1	#par	par	_	_	_	_	_	linguistic	_	yes	Language=NO_ISO_CODE|Variation=Token	_	_	_	_	_
515-2	PSB042	515	2	#exemple	exemple	_	_	_	_	_	linguistic	_	yes	Language=NO_ISO_CODE|Variation=Token	_	_	_	_	_
515-3	PSB042	515	3	se	se	_	_	_	_	_	linguistic	_	yes	_	_	_	_	_	_
515-4	PSB042	515	4	io	io	_	_	_	_	_	linguistic	_	yes	_	_	_	_	_	_
515-5	PSB042	515	5	andare	andare	_	_	_	_	_	linguistic	_	yes	_	_	_	_	_	_
515-6	PSB042	515	6	a:	a	_	_	_	_	_	linguistic	_	yes	_	_	0x1	_	_	_
515-7	PSB042	515	7	#arabie	arabie	_	_	_	_	_	linguistic	_	yes	Language=NO_ISO_CODE|Variation=Token	_	_	_	_	_
515-8	PSB042	515	8	#saoudite	saoudite	_	_	_	_	_	linguistic	_	yes	Language=NO_ISO_CODE|Variation=Token	_	_	_	_	_
515-9	PSB042	515	9	e	e	_	_	_	_	_	linguistic	_	yes	_	_	_	_	_	_
515-10	PSB042	515	10	parlare	parlare	_	_	_	_	_	linguistic	_	yes	_	_	_	_	_	_
515-11	PSB042	515	11	mio	mio	_	_	_	_	_	linguistic	_	yes	_	_	_	_	_	_
515-12	PSB042	515	12	le~	le~	_	_	_	_	_	linguistic	_	yes	Interrupted=Yes	_	_	_	_	_
515-13	PSB042	515	13	lingua.	lingua	_	_	_	_	_	linguistic	_	yes	Intonation=Falling	_	_	_	_	_
515-14	PSB042	515	14	mia:.	mia	_	_	_	_	_	linguistic	_	yes	Intonation=Falling	_	2x1	_	_	_
515-15	PSB042	515	15	arabo,	arabo	_	_	_	_	_	linguistic	_	yes	Intonation=WeaklyRising	_	_	_	_	_
515-16	PSB042	515	16	no	no	_	_	_	_	_	linguistic	_	yes	_	_	_	_	_	_
515-17	PSB042	515	17	capiscono.	capiscono	_	_	_	_	_	linguistic	_	yes	Intonation=Falling	End=1166.478	_	_	_	_
516-0	PSB005	516	0	mh.	mh	_	_	_	_	_	linguistic	_	none	Intonation=Falling	Begin=1166.838|End=1166.998	_	_	_	_
517-0	PSB042	517	0	niente.	niente	_	_	_	_	_	linguistic	_	none	Intonation=Falling	Begin=1167.029|End=1167.449	_	_	_	_
518-0	PSB042	518	0	parlare	parlare	_	_	_	_	_	linguistic	_	none	_	Begin=1168.118	_	_	_	_
518-1	PSB042	518	1	solo	solo	_	_	_	_	_	linguistic	_	none	_	_	_	_	_	_
518-2	PSB042	518	2	inglese	inglese	_	_	_	_	_	linguistic	_	none	_	_	_	_	_	_
518-3	PSB042	518	3	o	o	_	_	_	_	_	linguistic	_	none	_	_	_	_	_	_
518-4	PSB042	518	4	arabo	arabo	_	_	_	_	_	linguistic	_	none	_	_	_	_	_	_
518-5	PSB042	518	5	class[ico	classico	_	_	_	_	_	linguistic	_	none	_	_	_	_	_	5-8(123)
518-6	PSB042	518	6	per].	per	_	_	_	_	_	linguistic	_	none	Intonation=Falling	End=1171.368	_	_	_	0-3(123)
519-0	PSB005	519	0	[sì	sì	_	_	_	_	_	linguistic	_	none	_	Begin=1170.798	_	_	_	0-2(123)
519-1	PSB005	519	1	sì	sì	_	_	_	_	_	linguistic	_	none	_	_	_	_	_	0-2(123)
519-2	PSB005	519	2	sì].	sì	_	_	_	_	_	linguistic	_	none	Intonation=Falling	End=1171.358	_	_	_	0-2(123)
520-0	PSB005	520	0	però	però	_	_	_	_	_	linguistic	_	none	_	Begin=1172.638	_	_	_	_
520-1	PSB005	520	1	i	i	_	_	_	_	_	linguistic	_	none	_	_	_	_	_	_
520-2	PSB005	520	2	paesi	paesi	_	_	_	_	_	linguistic	_	none	_	_	_	_	_	_
520-3	PSB005	520	3	più	più	_	_	_	_	_	linguistic	_	none	_	_	_	_	_	_
520-4	PSB005	520	4	vicini	vicini	_	_	_	_	_	linguistic	_	none	_	_	_	_	_	_
520-5	PSB005	520	5	tipo	tipo	_	_	_	_	_	linguistic	_	none	_	_	_	_	_	_
520-6	PSB005	520	6	la	la	_	_	_	_	_	linguistic	_	none	_	_	_	_	_	_
520-7	PSB005	520	7	tunisia:	tunisia	_	_	_	_	_	linguistic	_	none	_	End=1175.208	6x1	_	_	_
521-0	PSB005	521	0	u[n	un	_	_	_	_	_	linguistic	_	none	_	Begin=1175.368	_	_	_	1-2(124)
521-1	PSB005	521	1	po':]	po'	_	_	_	_	_	linguistic	_	none	_	End=1175.858	1x1	_	_	0-3(124)
522-0	PSB042	522	0	[uh]	uh	_	_	_	_	_	linguistic	_	none	_	Begin=1175.428	_	_	_	0-2(124)
522-1	PSB042	522	1	anche	anche	_	_	_	_	_	linguistic	_	none	_	_	_	_	_	_
522-2	PSB042	522	2	differenza.	differenza	_	_	_	_	_	linguistic	_	none	Intonation=Falling	End=1177.398	_	_	_	_
523-0	PSB005	523	0	[m:h,	mh	_	_	_	_	_	linguistic	_	none	Intonation=WeaklyRising	Begin=1177.648	0x1	_	_	0-2(125)
523-1	PSB005	523	1	okay].	okay	_	_	_	_	_	linguistic	_	none	Intonation=Falling	End=1178.308	_	_	_	0-4(125)
524-0	PSB042	524	0	[s:ì].	sì	_	_	_	_	_	linguistic	_	none	Intonation=Falling	Begin=1177.709|End=1178.409	0x1	_	_	0-2(125)
525-0	PSB042	525	0	capisco	capisco	_	_	_	_	_	linguistic	_	none	_	Begin=1178.858	_	_	_	_
525-1	PSB042	525	1	a	a	_	_	_	_	_	linguistic	_	none	_	_	_	_	_	_
525-2	PSB042	525	2	me:	me	_	_	_	_	_	linguistic	_	none	_	_	1x1	_	_	_
525-3	PSB042	525	3	ma	ma	_	_	_	_	_	linguistic	_	none	_	_	_	_	_	_
525-4	PSB042	525	4	non	non	_	_	_	_	_	linguistic	_	none	_	_	_	_	_	_
525-5	PSB042	525	5	è	è	_	_	_	_	_	linguistic	_	none	_	_	_	_	_	_
525-6	PSB042	525	6	uguale.	uguale	_	_	_	_	_	linguistic	_	none	Intonation=Falling	End=1181.888	_	_	_	_
526-0	PSB005	526	0	mhmh,	mhmh	_	_	_	_	_	linguistic	_	none	Intonation=WeaklyRising	Begin=1182.108|End=1182.428	_	_	_	_
527-0	PSB005	527	0	ma	ma	_	_	_	_	_	linguistic	_	none	_	Begin=1183.078	_	_	_	_
527-1	PSB005	527	1	tipo	tipo	_	_	_	_	_	linguistic	_	none	_	_	_	_	_	_
527-2	PSB005	527	2	per	per	_	_	_	_	_	linguistic	_	none	_	_	_	_	_	_
527-3	PSB005	527	3	esempio	esempio	_	_	_	_	_	linguistic	_	none	_	_	_	_	_	_
527-4	PSB005	527	4	il	il	_	_	_	_	_	linguistic	_	none	_	_	_	_	_	_
527-5	PSB005	527	5	cinema	cinema	_	_	_	_	_	linguistic	_	none	_	_	_	_	_	_
527-6	PSB005	527	6	la	la	_	_	_	_	_	linguistic	_	none	_	_	_	_	_	_
527-7	PSB005	527	7	televisione	televisione	_	_	_	_	_	linguistic	_	none	_	_	_	_	_	_
527-8	PSB005	527	8	quale	quale	_	_	_	_	_	linguistic	_	none	_	_	_	_	_	_
527-9	PSB005	527	9	lingua:	lingua	_	_	_	_	_	linguistic	_	none	_	End=1187.598	5x1	_	_	_
528-0	PSB042	528	0	((schiarisce_gola))	((schiarisce_gola))	_	_	_	_	_	nonverbalbehavior	_	none	_	Begin=1183.408|End=1183.798	_	_	_	_
529-0	PSB042	529	0	per	per	_	_	_	_	_	linguistic	_	none	_	Begin=1188.438	_	_	_	_
529-1	PSB042	529	1	cosa.	cosa	_	_	_	_	_	linguistic	_	none	Intonation=Falling	End=1189.258	_	_	_	_
530-0	PSB005	530	0	quando	quando	_	_	_	_	_	linguistic	_	none	_	Begin=1189.458	_	_	_	_
530-1	PSB005	530	1	sei	sei	_	_	_	_	_	linguistic	_	none	_	_	_	_	_	_
530-2	PSB005	530	2	in	in	_	_	_	_	_	linguistic	_	none	_	_	_	_	_	_
530-3	PSB005	530	3	marocco:	marocco	_	_	_	_	_	linguistic	_	none	_	_	6x1	_	_	_
530-4	PSB005	530	4	accendi	accendi	_	_	_	_	_	linguistic	_	none	_	_	_	_	_	_
530-5	PSB005	530	5	la	la	_	_	_	_	_	linguistic	_	none	_	_	_	_	_	_
530-6	PSB005	530	6	televisione	televisione	_	_	_	_	_	linguistic	_	none	_	_	_	_	_	_
530-7	PSB005	530	7	in	in	_	_	_	_	_	linguistic	_	none	_	_	_	_	_	_
530-8	PSB005	530	8	che	che	_	_	_	_	_	linguistic	_	none	_	_	_	_	_	_
530-9	PSB005	530	9	lingua:	lingua	_	_	_	_	_	linguistic	_	none	_	_	5x1	_	_	_
530-10	PSB005	530	10	parlano.	parlano	_	_	_	_	_	linguistic	_	none	Intonation=Falling	End=1193.078	_	_	_	_
531-0	PSB042	531	0	arabo.	arabo	_	_	_	_	_	linguistic	_	none	Intonation=Falling	Begin=1193.288|End=1193.918	_	_	_	_
532-0	PSB005	532	0	classico.	classico	_	_	_	_	_	linguistic	_	none	Intonation=Falling	Begin=1194.348|End=1194.858	_	_	_	_
533-0	PSB042	533	0	o	o	_	_	_	_	_	linguistic	_	none	_	Begin=1194.918	_	_	_	_
533-1	PSB042	533	1	france[se].	francese	_	_	_	_	_	linguistic	_	none	Intonation=Falling	End=1196.048	_	_	_	6-8(127)
534-0	PSB005	534	0	[o]	o	_	_	_	_	_	linguistic	_	none	_	Begin=1195.908	_	_	_	0-1(127)
534-1	PSB005	534	1	france[se	francese	_	_	_	_	_	linguistic	_	none	_	_	_	_	_	6-8(128)
534-2	PSB005	534	2	gius~]	gius~	_	_	_	_	_	linguistic	_	none	Interrupted=Yes	End=1197.098	_	_	_	0-5(128)
535-0	PSB042	535	0	[<sì>.]	sì	_	_	_	_	_	linguistic	_	none	Intonation=Falling	Begin=1196.508|End=1197.048	_	Slow=0-2(0)	_	0-2(128)
536-0	PSB042	536	0	se	se	_	_	_	_	_	linguistic	_	none	_	Begin=1197.408	_	_	_	_
536-1	PSB042	536	1	trovare	trovare	_	_	_	_	_	linguistic	_	none	_	_	_	_	_	_
536-2	PSB042	536	2	scrive	scrive	_	_	_	_	_	linguistic	_	none	_	_	_	_	_	_
536-3	PSB042	536	3	frances[e,	francese	_	_	_	_	_	linguistic	_	none	Intonation=WeaklyRising	_	_	_	_	7-8(129)
536-4	PSB042	536	4	o]:	o	_	_	_	_	_	linguistic	_	none	_	_	0x1	_	_	0-1(129)
536-5	PSB042	536	5	contrario.	contrario	_	_	_	_	_	linguistic	_	none	Intonation=Falling	End=1200.388	_	_	_	_
537-0	PSB005	537	0	[mhmh].	mhmh	_	_	_	_	_	linguistic	_	none	Intonation=Falling	Begin=1199.283|End=1199.593	_	_	_	0-4(129)
538-0	PSB005	538	0	mhmh.	mhmh	_	_	_	_	_	linguistic	_	none	Intonation=Falling	Begin=1200.528|End=1200.858	_	_	_	_
539-0	PSB042	539	0	ma	ma	_	_	_	_	_	linguistic	_	yes	_	Begin=1201.418	_	_	_	_
539-1	PSB042	539	1	#en	en	_	_	_	_	_	linguistic	_	yes	Language=NO_ISO_CODE|Variation=Token	_	_	_	_	_
539-2	PSB042	539	2	gira~	gira~	_	_	_	_	_	linguistic	_	yes	Interrupted=Yes	_	_	_	_	_
539-3	PSB042	539	3	generale,	generale	_	_	_	_	_	linguistic	_	yes	Intonation=WeaklyRising	_	_	_	_	_
539-4	PSB042	539	4	tutto	tutto	_	_	_	_	_	linguistic	_	yes	PauseAfter=Yes	_	_	_	_	_
539-5	PSB042	539	5	(.)	(.)	_	_	_	_	_	shortpause	_	yes	_	_	_	_	_	_
539-6	PSB042	539	6	capisco	capisco	_	_	_	_	_	linguistic	_	yes	_	_	_	_	_	_
539-7	PSB042	539	7	e	e	_	_	_	_	_	linguistic	_	yes	_	_	_	_	_	_
539-8	PSB042	539	8	parlare	parlare	_	_	_	_	_	linguistic	_	yes	_	_	_	_	_	_
539-9	PSB042	539	9	l'	l'	_	_	_	_	_	linguistic	_	yes	SpaceAfter=No	_	_	_	_	_
539-10	PSB042	539	10	ara[bo].	arabo	_	_	_	_	_	linguistic	_	yes	Intonation=Falling	End=1206.718	_	_	_	2-5(130)
540-0	PSB005	540	0	[mh]mh.	mhmh	_	_	_	_	_	linguistic	_	none	Intonation=Falling	Begin=1206.618	_	_	_	0-2(130)
540-1	PSB005	540	1	mhmh.	mhmh	_	_	_	_	_	linguistic	_	none	Intonation=Falling	End=1207.418	_	_	_	_
541-0	PSB005	541	0	[e	e	_	_	_	_	_	linguistic	_	none	_	Begin=1208.058	_	_	_	0-1(131)
541-1	PSB005	541	1	po~]	po~	_	_	_	_	_	linguistic	_	none	Interrupted=Yes	End=1208.378	_	_	_	0-3(131)
542-0	PSB042	542	0	[co]me	come	_	_	_	_	_	linguistic	_	none	_	Begin=1208.058	_	_	_	0-2(131)
542-1	PSB042	542	1	mia	mia	_	_	_	_	_	linguistic	_	none	_	_	_	_	_	_
542-2	PSB042	542	2	madre,	madre	_	_	_	_	_	linguistic	_	none	Intonation=WeaklyRising	_	_	_	_	_
542-3	PSB042	542	3	co[me	come	_	_	_	_	_	linguistic	_	none	_	_	_	_	_	2-4(133)
542-4	PSB042	542	4	l~:].	l~:.	_	_	_	_	_	error	_	none	_	_	_	_	_	0-2(133)
542-5	PSB042	542	5	mia:.	mia	_	_	_	_	_	linguistic	_	none	Intonation=Falling|PauseAfter=Yes	_	2x1	_	_	_
542-6	PSB042	542	6	(.)	(.)	_	_	_	_	_	shortpause	_	none	_	_	_	_	_	_
542-7	PSB042	542	7	mi	mi	_	_	_	_	_	linguistic	_	none	_	_	_	_	_	_
542-8	PSB042	542	8	grande:.	grande	_	_	_	_	_	linguistic	_	none	Intonation=Falling	_	5x1	_	_	_
542-9	PSB042	542	9	[ara]bo.	arabo	_	_	_	_	_	linguistic	_	none	Intonation=Falling	End=1213.268	_	_	_	0-3(132)
543-0	PSB005	543	0	[mhmh],	mhmh	_	_	_	_	_	linguistic	_	none	Intonation=WeaklyRising	Begin=1209.478|End=1209.778	_	_	_	0-4(133)
544-0	PSB005	544	0	[sì	sì	_	_	_	_	_	linguistic	_	none	_	Begin=1212.628	_	_	_	0-2(132)
544-1	PSB005	544	1	sì]	sì	_	_	_	_	_	linguistic	_	none	_	End=1213.048	_	_	_	0-2(132)
545-0	PSB005	545	0	mhmh	mhmh	_	_	_	_	_	linguistic	_	none	_	Begin=1213.418|End=1213.698	_	_	_	_
546-0	PSB005	546	0	però	però	_	_	_	_	_	linguistic	_	none	_	Begin=1214.138	_	_	_	_
546-1	PSB005	546	1	in	in	_	_	_	_	_	linguistic	_	none	_	_	_	_	_	_
546-2	PSB005	546	2	famiglia	famiglia	_	_	_	_	_	linguistic	_	none	_	_	_	_	_	_
546-3	PSB005	546	3	parlate	parlate	_	_	_	_	_	linguistic	_	none	PauseAfter=Yes	_	_	_	_	_
546-4	PSB005	546	4	(.)	(.)	_	_	_	_	_	shortpause	_	none	_	_	_	_	_	_
546-5	PSB005	546	5	arabo:	arabo	_	_	_	_	_	linguistic	_	none	_	_	4x1	_	_	_
546-6	PSB005	546	6	[marocchino].	marocchino	_	_	_	_	_	linguistic	_	none	Intonation=Falling	End=1216.688	_	_	_	0-10(134)
547-0	PSB042	547	0	[s:]ì	sì	_	_	_	_	_	linguistic	_	none	_	Begin=1216.038	0x1	_	_	0-1(134)
547-1	PSB042	547	1	marocchi[no]	marocchino	_	_	_	_	_	linguistic	_	none	_	End=1217.953	_	_	_	8-10(135)
548-0	PSB005	548	0	[m]arocch[ino]	marocchino	_	_	_	_	_	linguistic	_	none	_	Begin=1217.873|End=1218.513	_	_	_	0-1(135),7-10(136)
549-0	PSB042	549	0	[s:]ì:	sì	_	_	_	_	_	linguistic	_	none	_	Begin=1218.238	0x1,1x1	_	_	0-1(136)
549-1	PSB042	549	1	((ride))	((ride))	_	_	_	_	_	nonverbalbehavior	_	none	_	End=1219.128	_	_	_	_
550-0	PSB005	550	0	e	e	_	_	_	_	_	linguistic	_	none	_	Begin=1219.288	_	_	_	_
550-1	PSB005	550	1	con	con	_	_	_	_	_	linguistic	_	none	_	_	_	_	_	_
550-2	PSB005	550	2	il	il	_	_	_	_	_	linguistic	_	none	_	_	_	_	_	_
550-3	PSB005	550	3	tuo	tuo	_	_	_	_	_	linguistic	_	none	_	_	_	_	_	_
550-4	PSB005	550	4	bimbo?	bimbo	_	_	_	_	_	linguistic	_	none	Intonation=Rising	End=1220.278	_	_	_	_
551-0	PSB042	551	0	[e:h]	eh	_	_	_	_	_	linguistic	_	none	_	Begin=1221.338|End=1222.118	0x1	_	_	0-2(137)
552-0	PSB005	552	0	[cosa	cosa	_	_	_	_	_	linguistic	_	none	_	Begin=1221.498	_	_	_	0-4(137)
552-1	PSB005	552	1	fai]?	fai	_	_	_	_	_	linguistic	_	none	Intonation=Rising	End=1222.128	_	_	_	0-3(137)
553-0	PSB042	553	0	italiano.	italiano	_	_	_	_	_	linguistic	_	none	Intonation=Falling	Begin=1222.298|End=1223.358	_	_	_	_
554-0	PSB005	554	0	[ah	ah	_	_	_	_	_	linguistic	_	none	_	Begin=1223.618	_	_	_	0-2(138)
554-1	PSB005	554	1	okay].	okay	_	_	_	_	_	linguistic	_	none	Intonation=Falling	End=1224.648	_	_	_	0-4(138)
555-0	PSB042	555	0	[se	se	_	_	_	_	_	linguistic	_	none	_	Begin=1223.658	_	_	_	0-2(138)
555-1	PSB042	555	1	il	il	_	_	_	_	_	linguistic	_	none	_	_	_	_	_	0-2(138)
555-2	PSB042	555	2	suo]	suo	_	_	_	_	_	linguistic	_	none	_	_	_	_	_	0-3(138)
555-3	PSB042	555	3	futuro,	futuro	_	_	_	_	_	linguistic	_	none	Intonation=WeaklyRising	_	_	_	_	_
555-4	PSB042	555	4	suo	suo	_	_	_	_	_	linguistic	_	none	_	_	_	_	_	_
555-5	PSB042	555	5	vita	vita	_	_	_	_	_	linguistic	_	none	_	_	_	_	_	_
555-6	PSB042	555	6	è	è	_	_	_	_	_	linguistic	_	none	_	_	_	_	_	_
555-7	PSB042	555	7	qua.	qua	_	_	_	_	_	linguistic	_	none	Intonation=Falling	End=1227.088	_	_	_	_
556-0	PSB005	556	0	okay	okay	_	_	_	_	_	linguistic	_	none	_	Begin=1227.428	_	_	_	_
556-1	PSB005	556	1	quindi	quindi	_	_	_	_	_	linguistic	_	none	_	_	_	_	_	_
556-2	PSB005	556	2	la~	la~	_	_	_	_	_	linguistic	_	none	Interrupted=Yes	_	_	_	_	_
556-3	PSB005	556	3	non	non	_	_	_	_	_	linguistic	_	none	_	_	_	_	_	_
556-4	PSB005	556	4	stai	stai	_	_	_	_	_	linguistic	_	none	_	_	_	_	_	_
556-5	PSB005	556	5	parlando	parlando	_	_	_	_	_	linguistic	_	none	_	_	_	_	_	_
556-6	PSB005	556	6	in	in	_	_	_	_	_	linguistic	_	none	_	_	_	_	_	_
556-7	PSB005	556	7	arabo	arabo	_	_	_	_	_	linguistic	_	none	_	_	_	_	_	_
556-8	PSB005	556	8	con	con	_	_	_	_	_	linguistic	_	none	_	_	_	_	_	_
556-9	PSB005	556	9	il	il	_	_	_	_	_	linguistic	_	none	_	_	_	_	_	_
556-10	PSB005	556	10	tuo	tuo	_	_	_	_	_	linguistic	_	none	_	_	_	_	_	_
556-11	PSB005	556	11	bimbo.	bimbo	_	_	_	_	_	linguistic	_	none	Intonation=Falling	End=1230.868	_	_	_	_
557-0	PSB042	557	0	se	se	_	_	_	_	_	linguistic	_	none	_	Begin=1231.388	_	_	_	_
557-1	PSB042	557	1	nervosa	nervosa	_	_	_	_	_	linguistic	_	none	_	_	_	_	_	_
557-2	PSB042	557	2	e	e	_	_	_	_	_	linguistic	_	none	_	_	_	_	_	_
557-3	PSB042	557	3	se	se	_	_	_	_	_	linguistic	_	none	_	_	_	_	_	_
557-4	PSB042	557	4	t~	t~	_	_	_	_	_	linguistic	_	none	Interrupted=Yes	_	_	_	_	_
557-5	PSB042	557	5	parlare	parlare	_	_	_	_	_	linguistic	_	none	_	_	_	_	_	_
557-6	PSB042	557	6	ara~	ara~	_	_	_	_	_	linguistic	_	none	Interrupted=Yes	_	_	_	_	_
557-7	PSB042	557	7	((ride))	((ride))	_	_	_	_	_	nonverbalbehavior	_	none	_	End=1237.158	_	_	_	_
558-0	PSB042	558	0	ma	ma	_	_	_	_	_	linguistic	_	none	_	Begin=1237.328	_	_	_	_
558-1	PSB042	558	1	per	per	_	_	_	_	_	linguistic	_	none	_	_	_	_	_	_
558-2	PSB042	558	2	mio	mio	_	_	_	_	_	linguistic	_	none	_	_	_	_	_	_
558-3	PSB042	558	3	bimbo	bimbo	_	_	_	_	_	linguistic	_	none	_	_	_	_	_	_
558-4	PSB042	558	4	è	è	_	_	_	_	_	linguistic	_	none	_	_	_	_	_	_
558-5	PSB042	558	5	me~	me~	_	_	_	_	_	linguistic	_	none	Interrupted=Yes	_	_	_	_	_
558-6	PSB042	558	6	meglio	meglio	_	_	_	_	_	linguistic	_	none	PauseAfter=Yes	_	_	_	_	_
558-7	PSB042	558	7	(.)	(.)	_	_	_	_	_	shortpause	_	none	_	_	_	_	_	_
558-8	PSB042	558	8	[sentire]	sentire	_	_	_	_	_	linguistic	_	none	_	_	_	_	_	0-7(140)
558-9	PSB042	558	9	parlare	parlare	_	_	_	_	_	linguistic	_	none	_	_	_	_	_	_
558-10	PSB042	558	10	italiano.	italiano	_	_	_	_	_	linguistic	_	none	Intonation=Falling	_	_	_	_	_
558-11	PSB042	558	11	[se	se	_	_	_	_	_	linguistic	_	none	_	_	_	_	_	0-2(139)
558-12	PSB042	558	12	la	la	_	_	_	_	_	linguistic	_	none	_	_	_	_	_	0-2(139)
558-13	PSB042	558	13	s]ua	sua	_	_	_	_	_	linguistic	_	none	_	_	_	_	_	0-1(139)
558-14	PSB042	558	14	vita	vita	_	_	_	_	_	linguistic	_	none	_	_	_	_	_	_
558-15	PSB042	558	15	sai	sai	_	_	_	_	_	linguistic	_	none	_	_	_	_	_	_
558-16	PSB042	558	16	è	è	_	_	_	_	_	linguistic	_	none	_	_	_	_	_	_
558-17	PSB042	558	17	qua.	qua	_	_	_	_	_	linguistic	_	none	Intonation=Falling	End=1244.758	_	_	_	_
559-0	PSB005	559	0	[italiano].	italiano	_	_	_	_	_	linguistic	_	none	Intonation=Falling	Begin=1240.218|End=1241.018	_	_	_	0-8(140)
560-0	PSB005	560	0	[mhmh]	mhmh	_	_	_	_	_	linguistic	_	none	_	Begin=1242.588|End=1243.028	_	_	_	0-4(139)
561-0	PSB005	561	0	sì.	sì	_	_	_	_	_	linguistic	_	none	Intonation=Falling	Begin=1245.038|End=1245.618	_	_	_	_
562-0	PSB042	562	0	anche	anche	_	_	_	_	_	linguistic	_	none	_	Begin=1245.948	_	_	_	_
562-1	PSB042	562	1	se	se	_	_	_	_	_	linguistic	_	none	_	_	_	_	_	_
562-2	PSB042	562	2	vuoi.	vuoi	_	_	_	_	_	linguistic	_	none	Intonation=Falling	_	_	_	_	_
562-3	PSB042	562	3	prendi	prendi	_	_	_	_	_	linguistic	_	none	_	_	_	_	_	_
562-4	PSB042	562	4	mio	mio	_	_	_	_	_	linguistic	_	none	_	_	_	_	_	_
562-5	PSB042	562	5	bambino	bambino	_	_	_	_	_	linguistic	_	none	_	_	_	_	_	_
562-6	PSB042	562	6	per	per	_	_	_	_	_	linguistic	_	none	_	_	_	_	_	_
562-7	PSB042	562	7	vivere	vivere	_	_	_	_	_	linguistic	_	none	_	_	_	_	_	_
562-8	PSB042	562	8	a	a	_	_	_	_	_	linguistic	_	none	_	_	_	_	_	_
562-9	PSB042	562	9	mio	mio	_	_	_	_	_	linguistic	_	none	_	_	_	_	_	_
562-10	PSB042	562	10	paese,	paese	_	_	_	_	_	linguistic	_	none	Intonation=WeaklyRising|PauseAfter=Yes	_	_	_	_	_
562-11	PSB042	562	11	(.)	(.)	_	_	_	_	_	shortpause	_	none	_	_	_	_	_	_
562-12	PSB042	562	12	no	no	_	_	_	_	_	linguistic	_	none	_	_	_	_	_	_
562-13	PSB042	562	13	c'	c'	_	_	_	_	_	linguistic	_	none	SpaceAfter=No	_	_	_	_	_
562-14	PSB042	562	14	è	è	_	_	_	_	_	linguistic	_	none	_	_	_	_	_	_
562-15	PSB042	562	15	casa	casa	_	_	_	_	_	linguistic	_	none	_	_	_	_	_	_
562-16	PSB042	562	16	no	no	_	_	_	_	_	linguistic	_	none	_	_	_	_	_	_
562-17	PSB042	562	17	c'	c'	_	_	_	_	_	linguistic	_	none	SpaceAfter=No	_	_	_	_	_
562-18	PSB042	562	18	è	è	_	_	_	_	_	linguistic	_	none	_	_	_	_	_	_
562-19	PSB042	562	19	qualcosa	qualcosa	_	_	_	_	_	linguistic	_	none	_	_	_	_	_	_
562-20	PSB042	562	20	per	per	_	_	_	_	_	linguistic	_	none	_	_	_	_	_	_
562-21	PSB042	562	21	vivere.	vivere	_	_	_	_	_	linguistic	_	none	Intonation=Falling	End=1253.298	_	_	_	_
563-0	PSB005	563	0	mhmh	mhmh	_	_	_	_	_	linguistic	_	none	_	Begin=1253.438|End=1253.858	_	_	_	_
564-0	PSB005	564	0	quindi	quindi	_	_	_	_	_	linguistic	_	none	_	Begin=1254.243	_	_	_	_
564-1	PSB005	564	1	parlate	parlate	_	_	_	_	_	linguistic	_	none	_	_	_	_	_	_
564-2	PSB005	564	2	in	in	_	_	_	_	_	linguistic	_	none	_	_	_	_	_	_
564-3	PSB005	564	3	italiano.	italiano	_	_	_	_	_	linguistic	_	none	Intonation=Falling	End=1255.543	_	_	_	_
565-0	PSB042	565	0	per	per	_	_	_	_	_	linguistic	_	none	_	Begin=1255.828	_	_	_	_
565-1	PSB042	565	1	[le:]	le	_	_	_	_	_	linguistic	_	none	_	End=1256.388	1x1	_	_	0-2(141)
566-0	PSB005	566	0	[in	in	_	_	_	_	_	linguistic	_	none	_	Begin=1256.018	_	_	_	0-2(141)
566-1	PSB005	566	1	fami]glia.	famiglia	_	_	_	_	_	linguistic	_	none	Intonation=Falling	_	_	_	_	0-4(141)
566-2	PSB005	566	2	[parlate	parlate	_	_	_	_	_	linguistic	_	none	_	_	_	_	_	0-7(142)
566-3	PSB005	566	3	l'	l'	_	_	_	_	_	linguistic	_	none	SpaceAfter=No	_	_	_	_	0-2(142)
566-4	PSB005	566	4	italiano].	italiano	_	_	_	_	_	linguistic	_	none	Intonation=Falling	End=1257.738	_	_	_	0-8(142)
567-0	PSB042	567	0	[sì	sì	_	_	_	_	_	linguistic	_	none	_	Begin=1256.703	_	_	_	0-2(142)
567-1	PSB042	567	1	sì]	sì	_	_	_	_	_	linguistic	_	none	_	_	_	_	_	0-2(142)
567-2	PSB042	567	2	sì.	sì	_	_	_	_	_	linguistic	_	none	Intonation=Falling	End=1258.143	_	_	_	_
568-0	PSB005	568	0	sì	sì	_	_	_	_	_	linguistic	_	none	_	Begin=1258.508	_	_	_	_
568-1	PSB005	568	1	sì	sì	_	_	_	_	_	linguistic	_	none	_	_	_	_	_	_
568-2	PSB005	568	2	certo.	certo	_	_	_	_	_	linguistic	_	none	Intonation=Falling	End=1259.398	_	_	_	_
569-0	PSB005	569	0	e	e	_	_	_	_	_	linguistic	_	none	PauseAfter=Yes	Begin=1259.568	_	_	_	_
569-1	PSB005	569	1	(.)	(.)	_	_	_	_	_	shortpause	_	none	_	_	_	_	_	_
569-2	PSB005	569	2	tuo	tuo	_	_	_	_	_	linguistic	_	none	_	_	_	_	_	_
569-3	PSB005	569	3	marito	marito	_	_	_	_	_	linguistic	_	none	_	_	_	_	_	_
569-4	PSB005	569	4	ru~	ru~	_	_	_	_	_	linguistic	_	none	Interrupted=Yes	_	_	_	_	_
569-5	PSB005	569	5	è	è	_	_	_	_	_	linguistic	_	none	_	_	_	_	_	_
569-6	PSB005	569	6	rumeno	rumeno	_	_	_	_	_	linguistic	_	none	_	_	_	_	_	_
569-7	PSB005	569	7	mi	mi	_	_	_	_	_	linguistic	_	none	_	_	_	_	_	_
569-8	PSB005	569	8	hai	hai	_	_	_	_	_	linguistic	_	none	_	_	_	_	_	_
569-9	PSB005	569	9	det[to].	detto	_	_	_	_	_	linguistic	_	none	Intonation=Falling	End=1261.998	_	_	_	3-5(143)
570-0	PSB042	570	0	[s:]ì	sì	_	_	_	_	_	linguistic	_	none	_	Begin=1261.858	0x1	_	_	0-1(143)
570-1	PSB042	570	1	[sì:]	sì	_	_	_	_	_	linguistic	_	none	_	End=1262.618	1x1	_	_	0-2(144)
571-0	PSB005	571	0	[e	e	_	_	_	_	_	linguistic	_	none	_	Begin=1262.308	_	_	_	0-1(144)
571-1	PSB005	571	1	lui],	lui	_	_	_	_	_	linguistic	_	none	Intonation=WeaklyRising	_	_	_	_	0-3(144)
571-2	PSB005	571	2	parla	parla	_	_	_	_	_	linguistic	_	none	_	_	_	_	_	_
571-3	PSB005	571	3	un	un	_	_	_	_	_	linguistic	_	none	_	_	_	_	_	_
571-4	PSB005	571	4	po'	po'	_	_	_	_	_	linguistic	_	none	_	_	_	_	_	_
571-5	PSB005	571	5	di	di	_	_	_	_	_	linguistic	_	none	_	_	_	_	_	_
571-6	PSB005	571	6	rumeno,	rumeno	_	_	_	_	_	linguistic	_	none	Intonation=WeaklyRising	_	_	_	_	_
571-7	PSB005	571	7	con	con	_	_	_	_	_	linguistic	_	none	_	_	_	_	_	_
571-8	PSB005	571	8	il	il	_	_	_	_	_	linguistic	_	none	_	_	_	_	_	_
571-9	PSB005	571	9	bimbo,	bimbo	_	_	_	_	_	linguistic	_	none	Intonation=WeaklyRising	_	_	_	_	_
571-10	PSB005	571	10	o	o	_	_	_	_	_	linguistic	_	none	_	_	_	_	_	_
571-11	PSB005	571	11	pro[prio	proprio	_	_	_	_	_	linguistic	_	none	_	_	_	_	_	3-7(145)
571-12	PSB005	571	12	so]lo	solo	_	_	_	_	_	linguistic	_	none	_	_	_	_	_	0-2(145)
571-13	PSB005	571	13	itali[ano].	italiano	_	_	_	_	_	linguistic	_	none	Intonation=Falling	End=1265.778	_	_	_	5-8(146)
572-0	PSB042	572	0	[no	no	_	_	_	_	_	linguistic	_	none	_	Begin=1264.473	_	_	_	0-2(145)
572-1	PSB042	572	1	rom~]	rom~	_	_	_	_	_	linguistic	_	none	Interrupted=Yes	End=1265.153	_	_	_	0-4(145)
573-0	PSB042	573	0	[s:]ì	sì	_	_	_	_	_	linguistic	_	none	_	Begin=1265.198	0x1	_	_	0-1(146)
573-1	PSB042	573	1	rumeno.	rumeno	_	_	_	_	_	linguistic	_	none	Intonation=Falling	_	_	_	_	_
573-2	PSB042	573	2	ma	ma	_	_	_	_	_	linguistic	_	none	_	_	_	_	_	_
573-3	PSB042	573	3	è	è	_	_	_	_	_	linguistic	_	none	_	_	_	_	_	_
573-4	PSB042	573	4	fue.-	fue.-	_	_	_	_	_	error	_	none	_	_	_	_	_	_
573-5	PSB042	573	5	normale.	normale	_	_	_	_	_	linguistic	_	none	Intonation=Falling	End=1268.094	_	_	_	_
574-0	PSB042	574	0	[s]:e	se	_	_	_	_	_	linguistic	_	none	_	Begin=1268.647	0x1	_	_	0-1(148)
574-1	PSB042	574	1	la	la	_	_	_	_	_	linguistic	_	none	_	_	_	_	_	_
574-2	PSB042	574	2	tua:	tua	_	_	_	_	_	linguistic	_	none	_	_	2x1	_	_	_
574-3	PSB042	574	3	lingua	lingua	_	_	_	_	_	linguistic	_	none	_	_	_	_	_	_
574-4	PSB042	574	4	materna,	materna	_	_	_	_	_	linguistic	_	none	Intonation=WeaklyRising	_	_	_	_	_
574-5	PSB042	574	5	è[:].	è	_	_	_	_	_	linguistic	_	none	Intonation=Falling	End=1272.258	0x1	_	_	_
575-0	PSB005	575	0	[mh].	mh	_	_	_	_	_	linguistic	_	none	Intonation=Falling	Begin=1268.708|End=1268.918	_	_	_	0-2(148)
576-0	PSB005	576	0	[sì].	sì	_	_	_	_	_	linguistic	_	none	Intonation=Falling	Begin=1272.058|End=1272.398	_	_	_	0-2(147)
577-0	PSB042	577	0	non	non	_	_	_	_	_	linguistic	_	none	_	Begin=1273.708	_	_	_	_
577-1	PSB042	577	1	puoi	puoi	_	_	_	_	_	linguistic	_	none	_	_	_	_	_	_
577-2	PSB042	577	2	controlla°r[e°]	controllare	_	_	_	_	_	linguistic	_	none	Volume=low	End=1275.328	_	_	_	10-11(149)
578-0	PSB005	578	0	[c]erto	certo	_	_	_	_	_	linguistic	_	none	_	Begin=1275.238|End=1275.708	_	_	_	0-1(149)
579-0	PSB042	579	0	[anche]	anche	_	_	_	_	_	linguistic	_	none	_	Begin=1277.048|End=1277.398	_	_	_	0-5(150)
580-0	PSB005	580	0	[quindi]	quindi	_	_	_	_	_	linguistic	_	none	_	Begin=1277.078	_	_	_	0-6(150)
580-1	PSB005	580	1	un	un	_	_	_	_	_	linguistic	_	none	_	_	_	_	_	_
580-2	PSB005	580	2	po'	po'	_	_	_	_	_	linguistic	_	none	_	_	_	_	_	_
580-3	PSB005	580	3	mescolate	mescolate	_	_	_	_	_	linguistic	_	none	_	End=1278.398	_	_	_	_
581-0	PSB042	581	0	anche	anche	_	_	_	_	_	linguistic	_	none	_	Begin=1278.398	_	_	_	_
581-1	PSB042	581	1	con	con	_	_	_	_	_	linguistic	_	none	_	_	_	_	_	_
581-2	PSB042	581	2	la	la	_	_	_	_	_	linguistic	_	none	_	_	_	_	_	_
581-3	PSB042	581	3	sua	sua	_	_	_	_	_	linguistic	_	none	_	_	_	_	_	_
581-4	PSB042	581	4	famiglia.	famiglia	_	_	_	_	_	linguistic	_	none	Intonation=Falling	_	_	_	_	_
581-5	PSB042	581	5	parlare	parlare	_	_	_	_	_	linguistic	_	none	_	_	_	_	_	_
581-6	PSB042	581	6	sua	sua	_	_	_	_	_	linguistic	_	none	_	_	_	_	_	_
581-7	PSB042	581	7	lingua.	lingua	_	_	_	_	_	linguistic	_	none	Intonation=Falling	_	_	_	_	_
581-8	PSB042	581	8	con	con	_	_	_	_	_	linguistic	_	none	_	_	_	_	_	_
581-9	PSB042	581	9	mia	mia	_	_	_	_	_	linguistic	_	none	_	_	_	_	_	_
581-10	PSB042	581	10	famiglia.	famiglia	_	_	_	_	_	linguistic	_	none	Intonation=Falling	_	_	_	_	_
581-11	PSB042	581	11	parlare	parlare	_	_	_	_	_	linguistic	_	none	_	_	_	_	_	_
581-12	PSB042	581	12	al	al	_	_	_	_	_	linguistic	_	none	_	_	_	_	_	_
581-13	PSB042	581	13	telefono,	telefono	_	_	_	_	_	linguistic	_	none	Intonation=WeaklyRising|PauseAfter=Yes	_	_	_	_	_
581-14	PSB042	581	14	(.)	(.)	_	_	_	_	_	shortpause	_	none	_	_	_	_	_	_
581-15	PSB042	581	15	normale.	normale	_	_	_	_	_	linguistic	_	none	Intonation=Falling	End=1285.638	_	_	_	_
582-0	PSB005	582	0	sì	sì	_	_	_	_	_	linguistic	_	none	_	Begin=1285.768	_	_	_	_
582-1	PSB005	582	1	sì.	sì	_	_	_	_	_	linguistic	_	none	Intonation=Falling	End=1286.188	_	_	_	_
583-0	PSB005	583	0	ma	ma	_	_	_	_	_	linguistic	_	none	PauseAfter=Yes	Begin=1287.278	_	_	_	_
583-1	PSB005	583	1	(.)	(.)	_	_	_	_	_	shortpause	_	none	_	_	_	_	_	_
583-2	PSB005	583	2	magari	magari	_	_	_	_	_	linguistic	_	none	_	_	_	_	_	_
583-3	PSB005	583	3	per[ò],	però	_	_	_	_	_	linguistic	_	none	Intonation=WeaklyRising	End=1288.728	_	_	_	3-4(151)
584-0	PSB042	584	0	[m]a	ma	_	_	_	_	_	linguistic	_	yes	_	Begin=1288.468	_	_	_	0-1(151)
584-1	PSB042	584	1	per	per	_	_	_	_	_	linguistic	_	yes	_	_	_	_	_	_
584-2	PSB042	584	2	l~	l~	_	_	_	_	_	linguistic	_	yes	Interrupted=Yes	_	_	_	_	_
584-3	PSB042	584	3	bambino	bambino	_	_	_	_	_	linguistic	_	yes	_	_	_	_	_	_
584-4	PSB042	584	4	con	con	_	_	_	_	_	linguistic	_	yes	_	_	_	_	_	_
584-5	PSB042	584	5	la	la	_	_	_	_	_	linguistic	_	yes	_	_	_	_	_	_
584-6	PSB042	584	6	nido	nido	_	_	_	_	_	linguistic	_	yes	_	_	_	_	_	_
584-7	PSB042	584	7	con	con	_	_	_	_	_	linguistic	_	yes	_	_	_	_	_	_
584-8	PSB042	584	8	#les	les	_	_	_	_	_	linguistic	_	yes	Language=NO_ISO_CODE|Variation=Token	_	_	_	_	_
584-9	PSB042	584	9	ami:ci,	amici	_	_	_	_	_	linguistic	_	yes	Intonation=WeaklyRising	_	2x1	_	_	_
584-10	PSB042	584	10	apprende	apprende	_	_	_	_	_	linguistic	_	yes	PauseAfter=Yes	_	_	_	_	_
584-11	PSB042	584	11	(.)	(.)	_	_	_	_	_	shortpause	_	yes	_	_	_	_	_	_
584-12	PSB042	584	12	normale	normale	_	_	_	_	_	linguistic	_	yes	_	_	_	_	_	_
584-13	PSB042	584	13	la	la	_	_	_	_	_	linguistic	_	yes	_	_	_	_	_	_
584-14	PSB042	584	14	lingua	lingua	_	_	_	_	_	linguistic	_	yes	_	_	_	_	_	_
584-15	PSB042	584	15	italia[°na.°]	italiana	_	_	_	_	_	linguistic	_	yes	Intonation=Falling|Volume=low	End=1295.908	_	_	_	6-8(152)
585-0	PSB005	585	0	[mh].	mh	_	_	_	_	_	linguistic	_	none	Intonation=Falling	Begin=1295.763|End=1296.053	_	_	_	0-2(152)
586-0	PSB005	586	0	sì:	sì	_	_	_	_	_	linguistic	_	none	_	Begin=1296.748	1x1	_	_	_
586-1	PSB005	586	1	sicurame[n°te°]	sicuramente	_	_	_	_	_	linguistic	_	none	Volume=low	End=1297.518	_	_	_	8-11(153)
587-0	PSB042	587	0	[im]portante	importante	_	_	_	_	_	linguistic	_	none	_	Begin=1297.358	_	_	_	0-2(153)
587-1	PSB042	587	1	capisco:.	capisco	_	_	_	_	_	linguistic	_	none	Intonation=Falling	_	6x1	_	_	_
587-2	PSB042	587	2	mia	mia	_	_	_	_	_	linguistic	_	none	_	_	_	_	_	_
587-3	PSB042	587	3	lingua,	lingua	_	_	_	_	_	linguistic	_	none	Intonation=WeaklyRising	_	_	_	_	_
587-4	PSB042	587	4	[ca]pisco:.	capisco	_	_	_	_	_	linguistic	_	none	Intonation=Falling	_	6x1	_	_	0-2(154)
587-5	PSB042	587	5	poco	poco	_	_	_	_	_	linguistic	_	none	_	_	_	_	_	_
587-6	PSB042	587	6	qua	qua	_	_	_	_	_	linguistic	_	none	_	_	_	_	_	_
587-7	PSB042	587	7	poco	poco	_	_	_	_	_	linguistic	_	none	_	_	_	_	_	_
587-8	PSB042	587	8	q[ua].	qua	_	_	_	_	_	linguistic	_	none	Intonation=Falling	End=1302.86	_	_	_	1-3(155)
588-0	PSB005	588	0	[mh].	mh	_	_	_	_	_	linguistic	_	none	Intonation=Falling	Begin=1300.333|End=1300.563	_	_	_	0-2(154)
589-0	PSB005	589	0	[sì	sì	_	_	_	_	_	linguistic	_	none	_	Begin=1302.398	_	_	_	0-2(155)
589-1	PSB005	589	1	sì].	sì	_	_	_	_	_	linguistic	_	none	Intonation=Falling	End=1302.848	_	_	_	0-2(155)
590-0	PSB042	590	0	se	se	_	_	_	_	_	linguistic	_	none	_	Begin=1303.04	_	_	_	_
590-1	PSB042	590	1	andare	andare	_	_	_	_	_	linguistic	_	none	_	_	_	_	_	_
590-2	PSB042	590	2	vacanza	vacanza	_	_	_	_	_	linguistic	_	none	_	_	_	_	_	_
590-3	PSB042	590	3	mia	mia	_	_	_	_	_	linguistic	_	none	_	_	_	_	_	_
590-4	PSB042	590	4	paese	paese	_	_	_	_	_	linguistic	_	none	_	_	_	_	_	_
590-5	PSB042	590	5	c~	c~	_	_	_	_	_	linguistic	_	none	Interrupted=Yes	End=1305.37	_	_	_	_
591-0	PSB005	591	0	mhmh	mhmh	_	_	_	_	_	linguistic	_	none	_	Begin=1306.128|End=1306.538	_	_	_	_
592-0	PSB042	592	0	meglio:	meglio	_	_	_	_	_	linguistic	_	none	_	Begin=1307.348	5x1	_	_	_
592-1	PSB042	592	1	non	non	_	_	_	_	_	linguistic	_	none	_	_	_	_	_	_
592-2	PSB042	592	2	è	è	_	_	_	_	_	linguistic	_	none	_	_	_	_	_	_
592-3	PSB042	592	3	parla	parla	_	_	_	_	_	linguistic	_	none	_	_	_	_	_	_
592-4	PSB042	592	4	ma	ma	_	_	_	_	_	linguistic	_	none	_	_	_	_	_	_
592-5	PSB042	592	5	capisco	capisco	_	_	_	_	_	linguistic	_	none	_	_	_	_	_	_
592-6	PSB042	592	6	cosa	cosa	_	_	_	_	_	linguistic	_	none	_	_	_	_	_	_
592-7	PSB042	592	7	dice	dice	_	_	_	_	_	linguistic	_	none	_	_	_	_	_	_
592-8	PSB042	592	8	altre.	altre	_	_	_	_	_	linguistic	_	none	Intonation=Falling	End=1311.148	_	_	_	_
593-0	PSB005	593	0	mhmh	mhmh	_	_	_	_	_	linguistic	_	none	_	Begin=1311.383|End=1311.753	_	_	_	_
594-0	PSB042	594	0	e:h	eh	_	_	_	_	_	linguistic	_	none	_	Begin=1312.018|End=1312.328	0x1	_	_	_
595-0	PSB005	595	0	sì	sì	_	_	_	_	_	linguistic	_	none	_	Begin=1312.498	_	_	_	_
595-1	PSB005	595	1	sì	sì	_	_	_	_	_	linguistic	_	none	_	_	_	_	_	_
595-2	PSB005	595	2	ho	ho	_	_	_	_	_	linguistic	_	none	_	_	_	_	_	_
595-3	PSB005	595	3	capito	capito	_	_	_	_	_	linguistic	_	none	_	_	_	_	_	_
595-4	PSB005	595	4	[°sì°]	sì	_	_	_	_	_	linguistic	_	none	Volume=low	End=1313.538	_	_	_	0-2(156)
596-0	PSB042	596	0	[se]	se	_	_	_	_	_	linguistic	_	none	_	Begin=1313.378	_	_	_	0-2(156)
596-1	PSB042	596	1	vuoi	vuoi	_	_	_	_	_	linguistic	_	none	_	_	_	_	_	_
596-2	PSB042	596	2	qualcosa,	qualcosa	_	_	_	_	_	linguistic	_	none	Intonation=WeaklyRising	_	_	_	_	_
596-3	PSB042	596	3	puoi	puoi	_	_	_	_	_	linguistic	_	none	_	_	_	_	_	_
596-4	PSB042	596	4	dire,	dire	_	_	_	_	_	linguistic	_	none	Intonation=WeaklyRising	End=1315.428	_	_	_	_
597-0	PSB005	597	0	mhmh	mhmh	_	_	_	_	_	linguistic	_	none	_	Begin=1315.658|End=1316.098	_	_	_	_
598-0	PSB042	598	0	è	è	_	_	_	_	_	linguistic	_	none	_	Begin=1316.203	_	_	_	_
598-1	PSB042	598	1	bene	bene	_	_	_	_	_	linguistic	_	none	_	_	_	_	_	_
598-2	PSB042	598	2	anche	anche	_	_	_	_	_	linguistic	_	none	_	_	_	_	_	_
598-3	PSB042	598	3	così.	così	_	_	_	_	_	linguistic	_	none	Intonation=Falling	_	_	_	_	_
598-4	PSB042	598	4	per	per	_	_	_	_	_	linguistic	_	none	_	_	_	_	_	_
598-5	PSB042	598	5	bambino	bambino	_	_	_	_	_	linguistic	_	none	_	_	_	_	_	_
598-6	PSB042	598	6	sapere	sapere	_	_	_	_	_	linguistic	_	none	PauseAfter=Yes	_	_	_	_	_
598-7	PSB042	598	7	(.)	(.)	_	_	_	_	_	shortpause	_	none	_	_	_	_	_	_
598-8	PSB042	598	8	tro[ppo]	troppo	_	_	_	_	_	linguistic	_	none	_	_	_	_	_	3-6(157)
598-9	PSB042	598	9	lingue,	lingue	_	_	_	_	_	linguistic	_	none	Intonation=WeaklyRising	End=1320.528	_	_	_	_
599-0	PSB005	599	0	[sì]	sì	_	_	_	_	_	linguistic	_	none	_	Begin=1319.599|End=1320.059	_	_	_	0-2(157)
600-0	PSB005	600	0	penso	penso	_	_	_	_	_	linguistic	_	none	_	Begin=1320.988	_	_	_	_
600-1	PSB005	600	1	di	di	_	_	_	_	_	linguistic	_	none	_	_	_	_	_	_
600-2	PSB005	600	2	sì	sì	_	_	_	_	_	linguistic	_	none	_	End=1321.648	_	_	_	_
601-0	PSB005	601	0	[facci~]	facci~	_	_	_	_	_	linguistic	_	none	Interrupted=Yes	Begin=1322.088	_	_	_	0-6(158)
601-1	PSB005	601	1	bene	bene	_	_	_	_	_	linguistic	_	none	_	_	_	_	_	_
601-2	PSB005	601	2	al	al	_	_	_	_	_	linguistic	_	none	_	_	_	_	_	_
601-3	PSB005	601	3	cervello	cervello	_	_	_	_	_	linguistic	_	none	_	End=1323.438	_	_	_	_
602-0	PSB042	602	0	[sì]:	sì	_	_	_	_	_	linguistic	_	none	_	Begin=1322.098|End=1322.568	1x1	_	_	0-2(158)
603-0	PSB005	603	0	((ride))	((ride))	_	_	_	_	_	nonverbalbehavior	_	none	_	Begin=1323.643|End=1324.113	_	_	_	_
604-0	PSB042	604	0	e:	e	_	_	_	_	_	linguistic	_	none	_	Begin=1323.643|End=1324.113	0x1	_	_	_
605-0	PSB042	605	0	((ride))	((ride))	_	_	_	_	_	nonverbalbehavior	_	none	_	Begin=1324.173|End=1324.783	_	_	_	_
606-0	PSB005	606	0	sì	sì	_	_	_	_	_	linguistic	_	none	_	Begin=1324.366|End=1324.826	_	_	_	_
607-0	PSB005	607	0	sì	sì	_	_	_	_	_	linguistic	_	none	_	Begin=1325.548	_	_	_	_
607-1	PSB005	607	1	sì	sì	_	_	_	_	_	linguistic	_	none	_	End=1326.098	_	_	_	_
608-0	PSB005	608	0	ah	ah	_	_	_	_	_	linguistic	_	none	_	Begin=1326.598	_	_	_	_
608-1	PSB005	608	1	io	io	_	_	_	_	_	linguistic	_	none	_	_	_	_	_	_
608-2	PSB005	608	2	sono	sono	_	_	_	_	_	linguistic	_	none	_	_	_	_	_	_
608-3	PSB005	608	3	nata	nata	_	_	_	_	_	linguistic	_	none	_	_	_	_	_	_
608-4	PSB005	608	4	in	in	_	_	_	_	_	linguistic	_	none	_	_	_	_	_	_
608-5	PSB005	608	5	famiglia	famiglia	_	_	_	_	_	linguistic	_	none	_	_	_	_	_	_
608-6	PSB005	608	6	italiana:	italiana	_	_	_	_	_	linguistic	_	none	_	_	7x1	_	_	_
608-7	PSB005	608	7	solo	solo	_	_	_	_	_	linguistic	_	none	_	_	_	_	_	_
608-8	PSB005	608	8	italiano	italiano	_	_	_	_	_	linguistic	_	none	_	_	_	_	_	_
608-9	PSB005	608	9	((ride))	((ride))	_	_	_	_	_	nonverbalbehavior	_	none	_	End=1330.388	_	_	_	_
609-0	PSB042	609	0	s[ì:]	sì	_	_	_	_	_	linguistic	_	none	_	Begin=1330.458|End=1331.208	1x1	_	_	1-2(161)
610-0	PSB005	610	0	[con	con	_	_	_	_	_	linguistic	_	none	_	Begin=1330.728	_	_	_	0-3(161)
610-1	PSB005	610	1	mio]	mio	_	_	_	_	_	linguistic	_	none	_	_	_	_	_	0-3(161)
610-2	PSB005	610	2	marito	marito	_	_	_	_	_	linguistic	_	none	_	_	_	_	_	_
610-3	PSB005	610	3	solo	solo	_	_	_	_	_	linguistic	_	none	_	_	_	_	_	_
610-4	PSB005	610	4	italiano[:].	italiano	_	_	_	_	_	linguistic	_	none	Intonation=Falling	End=1332.408	7x1	_	_	_
611-0	PSB042	611	0	[n]o:	no	_	_	_	_	_	linguistic	_	none	_	Begin=1332.233	1x1	_	_	0-1(162)
611-1	PSB042	611	1	tuo	tuo	_	_	_	_	_	linguistic	_	none	_	_	_	_	_	_
611-2	PSB042	611	2	che	che	_	_	_	_	_	linguistic	_	none	_	_	_	_	_	_
611-3	PSB042	611	3	se	se	_	_	_	_	_	linguistic	_	none	_	_	_	_	_	_
611-4	PSB042	611	4	fa:.	fa	_	_	_	_	_	linguistic	_	none	Intonation=Falling	_	1x1	_	_	_
611-5	PSB042	611	5	se	se	_	_	_	_	_	linguistic	_	none	_	_	_	_	_	_
611-6	PSB042	611	6	dopo	dopo	_	_	_	_	_	linguistic	_	none	_	_	_	_	_	_
611-7	PSB042	611	7	arriva	arriva	_	_	_	_	_	linguistic	_	none	_	_	_	_	_	_
611-8	PSB042	611	8	bambino?	bambino	_	_	_	_	_	linguistic	_	none	Intonation=Rising	End=1336.453	_	_	_	_
612-0	PSB042	612	0	vuoi	vuoi	_	_	_	_	_	linguistic	_	yes	_	Begin=1337.163	_	_	_	_
612-1	PSB042	612	1	tua	tua	_	_	_	_	_	linguistic	_	yes	_	_	_	_	_	_
612-2	PSB042	612	2	bambino	bambino	_	_	_	_	_	linguistic	_	yes	_	_	_	_	_	_
612-3	PSB042	612	3	(#*que)	que	_	_	_	_	_	linguistic	_	yes	Language=NO_ISO_CODE|Variation=Doubtful	_	_	_	0-5(0)	_
612-4	PSB042	612	4	parla	parla	_	_	_	_	_	linguistic	_	yes	_	_	_	_	_	_
612-5	PSB042	612	5	altre	altre	_	_	_	_	_	linguistic	_	yes	_	_	_	_	_	_
612-6	PSB042	612	6	lingua:.	lingua	_	_	_	_	_	linguistic	_	yes	Intonation=Falling	End=1340.488	5x1	_	_	_
613-0	PSB005	613	0	[sì	sì	_	_	_	_	_	linguistic	_	none	_	Begin=1341.788	_	_	_	0-2(163)
613-1	PSB005	613	1	le	le	_	_	_	_	_	linguistic	_	none	_	_	_	_	_	0-2(163)
613-2	PSB005	613	2	studierà	studierà	_	_	_	_	_	linguistic	_	none	_	_	_	_	_	0-8(163)
613-3	PSB005	613	3	a	a	_	_	_	_	_	linguistic	_	none	_	_	_	_	_	0-1(163)
613-4	PSB005	613	4	scuola]	scuola	_	_	_	_	_	linguistic	_	none	_	End=1343.128	_	_	_	0-6(163)
614-0	PSB042	614	0	[vuoi	vuoi	_	_	_	_	_	linguistic	_	none	_	Begin=1341.808	_	_	_	0-4(163)
614-1	PSB042	614	1	semp]re	sempre	_	_	_	_	_	linguistic	_	none	_	_	_	_	_	0-4(163)
614-2	PSB042	614	2	a	a	_	_	_	_	_	linguistic	_	none	_	_	_	_	_	_
614-3	PSB042	614	3	noi,	noi	_	_	_	_	_	linguistic	_	none	Intonation=WeaklyRising	End=1343.888	_	_	_	_
615-0	PSB042	615	0	e:h	eh	_	_	_	_	_	linguistic	_	none	_	Begin=1344.168	0x1	_	_	_
615-1	PSB042	615	1	pensi:.	pensi	_	_	_	_	_	linguistic	_	none	Intonation=Falling|PauseAfter=Yes	_	4x1	_	_	_
615-2	PSB042	615	2	(.)	(.)	_	_	_	_	_	shortpause	_	none	_	_	_	_	_	_
615-3	PSB042	615	3	un	un	_	_	_	_	_	linguistic	_	none	_	_	_	_	_	_
615-4	PSB042	615	4	futuro	futuro	_	_	_	_	_	linguistic	_	none	_	_	_	_	_	_
615-5	PSB042	615	5	meglio	meglio	_	_	_	_	_	linguistic	_	none	_	_	_	_	_	_
615-6	PSB042	615	6	per	per	_	_	_	_	_	linguistic	_	none	_	_	_	_	_	_
615-7	PSB042	615	7	nostri	nostri	_	_	_	_	_	linguistic	_	none	_	_	_	_	_	_
615-8	PSB042	615	8	bambini.	bambini	_	_	_	_	_	linguistic	_	none	Intonation=Falling	End=1349.638	_	_	_	_
616-0	PSB005	616	0	mhmh	mhmh	_	_	_	_	_	linguistic	_	none	_	Begin=1349.649|End=1349.909	_	_	_	_
617-0	PSB042	617	0	sì?	sì	_	_	_	_	_	linguistic	_	none	Intonation=Rising	Begin=1349.915|End=1350.055	_	_	_	_
618-0	PSB005	618	0	sì	sì	_	_	_	_	_	linguistic	_	none	_	Begin=1350.548	_	_	_	_
618-1	PSB005	618	1	[sì:].	sì	_	_	_	_	_	linguistic	_	none	Intonation=Falling	End=1351.078	1x1	_	_	0-2(164)
619-0	PSB042	619	0	[#des	des	_	_	_	_	_	linguistic	_	yes	Language=NO_ISO_CODE|Variation=Token	Begin=1350.788	_	_	_	0-4(164)
619-1	PSB042	619	1	co]se	cose	_	_	_	_	_	linguistic	_	yes	_	_	_	_	_	0-2(164)
619-2	PSB042	619	2	che	che	_	_	_	_	_	linguistic	_	yes	_	_	_	_	_	_
619-3	PSB042	619	3	non	non	_	_	_	_	_	linguistic	_	yes	_	_	_	_	_	_
619-4	PSB042	619	4	è	è	_	_	_	_	_	linguistic	_	yes	_	_	_	_	_	_
619-5	PSB042	619	5	fare	fare	_	_	_	_	_	linguistic	_	yes	_	_	_	_	_	_
619-6	PSB042	619	6	noi?	noi	_	_	_	_	_	linguistic	_	yes	Intonation=Rising	End=1352.578	_	_	_	_
620-0	PSB005	620	0	mhmhù	mhmhù	_	_	_	_	_	linguistic	_	none	_	Begin=1353.638|End=1353.938	_	_	_	_
621-0	PSB042	621	0	aspettare	aspettare	_	_	_	_	_	linguistic	_	none	_	Begin=1354.408	_	_	_	_
621-1	PSB042	621	1	meglio	meglio	_	_	_	_	_	linguistic	_	none	_	_	_	_	_	_
621-2	PSB042	621	2	vita	vita	_	_	_	_	_	linguistic	_	none	_	_	_	_	_	_
621-3	PSB042	621	3	per	per	_	_	_	_	_	linguistic	_	none	_	_	_	_	_	_
621-4	PSB042	621	4	nostri	nostri	_	_	_	_	_	linguistic	_	none	_	_	_	_	_	_
621-5	PSB042	621	5	bambi[ni]	bambini	_	_	_	_	_	linguistic	_	none	_	End=1358.008	_	_	_	5-7(165)
622-0	PSB005	622	0	[mh]mh	mhmh	_	_	_	_	_	linguistic	_	none	_	Begin=1357.688|End=1358.028	_	_	_	0-2(165)
623-0	PSB005	623	0	certo.	certo	_	_	_	_	_	linguistic	_	none	Intonation=Falling	Begin=1358.653|End=1359.063	_	_	_	_
624-0	PSB005	624	0	e	e	_	_	_	_	_	linguistic	_	none	_	Begin=1359.818	_	_	_	_
624-1	PSB005	624	1	qui?	qui	_	_	_	_	_	linguistic	_	none	Intonation=Rising	_	_	_	_	_
624-2	PSB005	624	2	tu	tu	_	_	_	_	_	linguistic	_	none	_	_	_	_	_	_
624-3	PSB005	624	3	hai	hai	_	_	_	_	_	linguistic	_	none	_	_	_	_	_	_
624-4	PSB005	624	4	a~	a~	_	_	_	_	_	linguistic	_	none	Interrupted=Yes	_	_	_	_	_
624-5	PSB005	624	5	delle	delle	_	_	_	_	_	linguistic	_	none	_	_	_	_	_	_
624-6	PSB005	624	6	amiche:,	amiche	_	_	_	_	_	linguistic	_	none	Intonation=WeaklyRising	_	5x1	_	_	_
624-7	PSB005	624	7	marocchine:,	marocchine	_	_	_	_	_	linguistic	_	none	Intonation=WeaklyRising	_	9x1	_	_	_
624-8	PSB005	624	8	oppure	oppure	_	_	_	_	_	linguistic	_	none	_	_	_	_	_	_
624-9	PSB005	624	9	amiche	amiche	_	_	_	_	_	linguistic	_	none	_	_	_	_	_	_
624-10	PSB005	624	10	italiane:	italiane	_	_	_	_	_	linguistic	_	none	_	_	7x1	_	_	_
624-11	PSB005	624	11	[mh],	mh	_	_	_	_	_	linguistic	_	none	Intonation=WeaklyRising	End=1364.878	_	_	_	0-2(166)
625-0	PSB042	625	0	[ma]:	ma	_	_	_	_	_	linguistic	_	none	_	Begin=1364.658	1x1	_	_	0-2(166)
625-1	PSB042	625	1	solo	solo	_	_	_	_	_	linguistic	_	none	_	_	_	_	_	_
625-2	PSB042	625	2	@fatima.	@fatima	_	_	_	_	_	anonymized	_	none	Intonation=Falling	_	_	_	_	_
625-3	PSB042	625	3	non	non	_	_	_	_	_	linguistic	_	none	_	_	_	_	_	_
625-4	PSB042	625	4	è	è	_	_	_	_	_	linguistic	_	none	_	_	_	_	_	_
625-5	PSB042	625	5	così.	così	_	_	_	_	_	linguistic	_	none	Intonation=Falling	End=1367.458	_	_	_	_
626-0	PSB005	626	0	mhmh	mhmh	_	_	_	_	_	linguistic	_	none	_	Begin=1367.838|End=1368.198	_	_	_	_
627-0	PSB042	627	0	occupata	occupata	_	_	_	_	_	linguistic	_	none	_	Begin=1368.448	_	_	_	_
627-1	PSB042	627	1	sempre:	sempre	_	_	_	_	_	linguistic	_	none	PauseAfter=Yes	_	5x1	_	_	_
627-2	PSB042	627	2	(.)	(.)	_	_	_	_	_	shortpause	_	none	_	_	_	_	_	_
627-3	PSB042	627	3	con	con	_	_	_	_	_	linguistic	_	none	_	_	_	_	_	_
627-4	PSB042	627	4	mio	mio	_	_	_	_	_	linguistic	_	none	_	_	_	_	_	_
627-5	PSB042	627	5	figlio:.	figlio	_	_	_	_	_	linguistic	_	none	Intonation=Falling	_	5x1	_	_	_
627-6	PSB042	627	6	stanca.	stanca	_	_	_	_	_	linguistic	_	none	Intonation=Falling	End=1371.988	_	_	_	_
628-0	PSB005	628	0	sì	sì	_	_	_	_	_	linguistic	_	none	_	Begin=1372.558	_	_	_	_
628-1	PSB005	628	1	non	non	_	_	_	_	_	linguistic	_	none	_	_	_	_	_	_
628-2	PSB005	628	2	hai	hai	_	_	_	_	_	linguistic	_	none	_	_	_	_	_	_
628-3	PSB005	628	3	molto	molto	_	_	_	_	_	linguistic	_	none	_	_	_	_	_	_
628-4	PSB005	628	4	tempo	tempo	_	_	_	_	_	linguistic	_	none	_	_	_	_	_	_
628-5	PSB005	628	5	libe[ro]	libero	_	_	_	_	_	linguistic	_	none	_	End=1374.278	_	_	_	4-6(167)
629-0	PSB042	629	0	[no]:.	no	_	_	_	_	_	linguistic	_	none	Intonation=Falling	Begin=1374.098	1x1	_	_	0-2(167)
629-1	PSB042	629	1	se	se	_	_	_	_	_	linguistic	_	none	_	_	_	_	_	_
629-2	PSB042	629	2	uscire	uscire	_	_	_	_	_	linguistic	_	none	_	_	_	_	_	_
629-3	PSB042	629	3	solo	solo	_	_	_	_	_	linguistic	_	none	_	_	_	_	_	_
629-4	PSB042	629	4	giro:.	giro	_	_	_	_	_	linguistic	_	none	Intonation=Falling	_	3x1	_	_	_
629-5	PSB042	629	5	e°(ritorno)°	eritorno	_	_	_	_	_	linguistic	_	none	Volume=low	End=1377.063	_	_	1-8(0)	_
630-0	PSB005	630	0	mhmh	mhmh	_	_	_	_	_	linguistic	_	none	_	Begin=1377.146|End=1377.54	_	_	_	_
631-0	PSB042	631	0	ma	ma	_	_	_	_	_	linguistic	_	yes	_	Begin=1377.573	_	_	_	_
631-1	PSB042	631	1	non	non	_	_	_	_	_	linguistic	_	yes	_	_	_	_	_	_
631-2	PSB042	631	2	è	è	_	_	_	_	_	linguistic	_	yes	_	_	_	_	_	_
631-3	PSB042	631	3	$conosche	conosche	_	_	_	_	_	linguistic	_	yes	Orthography=Yes|Variation=Emerging	_	_	_	_	_
631-4	PSB042	631	4	#beaucoup	beaucoup	_	_	_	_	_	linguistic	_	yes	Language=NO_ISO_CODE|Variation=Token	_	_	_	_	_
631-5	PSB042	631	5	#*de	de	_	_	_	_	_	linguistic	_	yes	Language=NO_ISO_CODE|Variation=Doubtful	End=1379.333	_	_	_	_
632-0	PSB042	632	0	l'	l'	_	_	_	_	_	linguistic	_	none	SpaceAfter=No	Begin=1379.478	_	_	_	_
632-1	PSB042	632	1	ap~	ap~	_	_	_	_	_	linguistic	_	none	Interrupted=Yes	_	_	_	_	_
632-2	PSB042	632	2	le:l.e	le:l.e	_	_	_	_	_	error	_	none	_	_	_	_	_	_
632-3	PSB042	632	3	altre	altre	_	_	_	_	_	linguistic	_	none	_	_	_	_	_	_
632-4	PSB042	632	4	sempre	sempre	_	_	_	_	_	linguistic	_	none	_	_	_	_	_	_
632-5	PSB042	632	5	ce	ce	_	_	_	_	_	linguistic	_	none	_	_	_	_	_	_
632-6	PSB042	632	6	l'	l'	_	_	_	_	_	linguistic	_	none	SpaceAfter=No	_	_	_	_	_
632-7	PSB042	632	7	ho.	ho	_	_	_	_	_	linguistic	_	none	Intonation=Falling	_	_	_	_	_
632-8	PSB042	632	8	suo	suo	_	_	_	_	_	linguistic	_	none	_	_	_	_	_	_
632-9	PSB042	632	9	cose:	cose	_	_	_	_	_	linguistic	_	none	_	_	3x1	_	_	_
632-10	PSB042	632	10	occupato.	occupato	_	_	_	_	_	linguistic	_	none	Intonation=Falling	End=1384.338	_	_	_	_
633-0	PSB005	633	0	mhmh	mhmh	_	_	_	_	_	linguistic	_	none	_	Begin=1384.418|End=1384.688	_	_	_	_
634-0	PSB005	634	0	[(xxxxx)]	xxxxx	_	_	_	_	_	unknown	_	none	Syllables=5	Begin=1385.873|End=1386.503	_	_	0-5(0)	0-5(168)
635-0	PSB042	635	0	[tutto]	tutto	_	_	_	_	_	linguistic	_	none	_	Begin=1385.888	_	_	_	0-5(168)
635-1	PSB042	635	1	è:.	è	_	_	_	_	_	linguistic	_	none	Intonation=Falling	_	0x1	_	_	_
635-2	PSB042	635	2	occupato.	occupato	_	_	_	_	_	linguistic	_	none	Intonation=Falling	End=1387.868	_	_	_	_
636-0	PSB005	636	0	mhmh.	mhmh	_	_	_	_	_	linguistic	_	none	Intonation=Falling	Begin=1387.898|End=1388.248	_	_	_	_
637-0	PSB005	637	0	sì	sì	_	_	_	_	_	linguistic	_	none	_	Begin=1389.098|End=1389.308	_	_	_	_
638-0	PSB005	638	0	e	e	_	_	_	_	_	linguistic	_	none	_	Begin=1390.048	_	_	_	_
638-1	PSB005	638	1	ti	ti	_	_	_	_	_	linguistic	_	none	_	_	_	_	_	_
638-2	PSB005	638	2	piace.	piace	_	_	_	_	_	linguistic	_	none	Intonation=Falling	End=1391.033	_	_	_	_
639-0	PSB005	639	0	hai	hai	_	_	_	_	_	linguistic	_	none	_	Begin=1392.593	_	_	_	_
639-1	PSB005	639	1	qualche	qualche	_	_	_	_	_	linguistic	_	none	_	_	_	_	_	_
639-2	PSB005	639	2	passione,	passione	_	_	_	_	_	linguistic	_	none	Intonation=WeaklyRising	_	_	_	_	_
639-3	PSB005	639	3	qualche:	qualche	_	_	_	_	_	linguistic	_	none	_	_	6x1	_	_	_
639-4	PSB005	639	4	mh	mh	_	_	_	_	_	linguistic	_	none	_	End=1394.899	_	_	_	_
640-0	PSB005	640	0	ti	ti	_	_	_	_	_	linguistic	_	none	_	Begin=1395.408	_	_	_	_
640-1	PSB005	640	1	piace	piace	_	_	_	_	_	linguistic	_	none	_	_	_	_	_	_
640-2	PSB005	640	2	le:ggere.	leggere	_	_	_	_	_	linguistic	_	none	Intonation=Falling	_	1x1	_	_	_
640-3	PSB005	640	3	ti	ti	_	_	_	_	_	linguistic	_	none	_	_	_	_	_	_
640-4	PSB005	640	4	piace	piace	_	_	_	_	_	linguistic	_	none	_	_	_	_	_	_
640-5	PSB005	640	5	guardare:	guardare	_	_	_	_	_	linguistic	_	none	_	_	7x1	_	_	_
640-6	PSB005	640	6	film	film	_	_	_	_	_	linguistic	_	none	_	_	_	_	_	_
640-7	PSB005	640	7	e:h,	eh	_	_	_	_	_	linguistic	_	none	Intonation=WeaklyRising	End=1399.738	0x1	_	_	_
641-0	PSB042	641	0	s[ì]:	sì	_	_	_	_	_	linguistic	_	none	_	Begin=1399.788|End=1400.638	1x1	_	_	1-2(169)
642-0	PSB005	642	0	[un	un	_	_	_	_	_	linguistic	_	none	_	Begin=1399.998	_	_	_	0-2(169)
642-1	PSB005	642	1	po'	po'	_	_	_	_	_	linguistic	_	none	_	_	_	_	_	0-3(169)
642-2	PSB005	642	2	di	di	_	_	_	_	_	linguistic	_	none	_	_	_	_	_	0-2(169)
642-3	PSB005	642	3	te]mpo	tempo	_	_	_	_	_	linguistic	_	none	_	_	_	_	_	0-2(169)
642-4	PSB005	642	4	libero.	libero	_	_	_	_	_	linguistic	_	none	Intonation=Falling	End=1401.258	_	_	_	_
643-0	PSB042	643	0	tempo	tempo	_	_	_	_	_	linguistic	_	none	_	Begin=1402.488	_	_	_	_
643-1	PSB042	643	1	libero	libero	_	_	_	_	_	linguistic	_	none	_	_	_	_	_	_
643-2	PSB042	643	2	solo	solo	_	_	_	_	_	linguistic	_	none	PauseAfter=Yes	_	_	_	_	_
643-3	PSB042	643	3	(.)	(.)	_	_	_	_	_	shortpause	_	none	_	_	_	_	_	_
643-4	PSB042	643	4	se	se	_	_	_	_	_	linguistic	_	none	_	_	_	_	_	_
643-5	PSB042	643	5	fare	fare	_	_	_	_	_	linguistic	_	none	_	_	_	_	_	_
643-6	PSB042	643	6	giro,	giro	_	_	_	_	_	linguistic	_	none	Intonation=WeaklyRising	_	_	_	_	_
643-7	PSB042	643	7	$fer	fer	_	_	_	_	_	linguistic	_	none	Orthography=Yes|Variation=Emerging	_	_	_	_	_
643-8	PSB042	643	8	con	con	_	_	_	_	_	linguistic	_	none	_	_	_	_	_	_
643-9	PSB042	643	9	la	la	_	_	_	_	_	linguistic	_	none	_	_	_	_	_	_
643-10	PSB042	643	10	tele	tele	_	_	_	_	_	linguistic	_	none	_	_	_	_	_	_
643-11	PSB042	643	11	(con)	con	_	_	_	_	_	linguistic	_	none	_	_	_	_	0-3(0)	_
643-12	PSB042	643	12	se	se	_	_	_	_	_	linguistic	_	none	_	_	_	_	_	_
643-13	PSB042	643	13	c'	c'	_	_	_	_	_	linguistic	_	none	SpaceAfter=No	_	_	_	_	_
643-14	PSB042	643	14	è	è	_	_	_	_	_	linguistic	_	none	_	_	_	_	_	_
643-15	PSB042	643	15	una	una	_	_	_	_	_	linguistic	_	none	_	_	_	_	_	_
643-16	PSB042	643	16	seriale,	seriale	_	_	_	_	_	linguistic	_	none	Intonation=WeaklyRising	End=1409.158	_	_	_	_
644-0	PSB005	644	0	mhmh.	mhmh	_	_	_	_	_	linguistic	_	none	Intonation=Falling	Begin=1409.168|End=1409.918	_	_	_	_
645-0	PSB042	645	0	eh	eh	_	_	_	_	_	linguistic	_	none	_	Begin=1410.408	_	_	_	_
645-1	PSB042	645	1	sai.	sai	_	_	_	_	_	linguistic	_	none	Intonation=Falling	_	_	_	_	_
645-2	PSB042	645	2	no	no	_	_	_	_	_	linguistic	_	none	_	_	_	_	_	_
645-3	PSB042	645	3	c'	c'	_	_	_	_	_	linguistic	_	none	SpaceAfter=No	_	_	_	_	_
645-4	PSB042	645	4	è	è	_	_	_	_	_	linguistic	_	none	_	_	_	_	_	_
645-5	PSB042	645	5	qualcosa	qualcosa	_	_	_	_	_	linguistic	_	none	_	_	_	_	_	_
645-6	PSB042	645	6	speciale	speciale	_	_	_	_	_	linguistic	_	none	_	End=1413.358	_	_	_	_
646-0	PSB005	646	0	ci	ci	_	_	_	_	_	linguistic	_	none	_	Begin=1413.908	_	_	_	_
646-1	PSB005	646	1	sono	sono	_	_	_	_	_	linguistic	_	none	_	_	_	_	_	_
646-2	PSB005	646	2	i	i	_	_	_	_	_	linguistic	_	none	_	_	_	_	_	_
646-3	PSB005	646	3	film	film	_	_	_	_	_	linguistic	_	none	_	_	_	_	_	_
646-4	PSB005	646	4	e:h	eh	_	_	_	_	_	linguistic	_	none	_	_	0x1	_	_	_
646-5	PSB005	646	5	in	in	_	_	_	_	_	linguistic	_	none	_	_	_	_	_	_
646-6	PSB005	646	6	marocchini	marocchini	_	_	_	_	_	linguistic	_	none	_	_	_	_	_	_
646-7	PSB005	646	7	le	le	_	_	_	_	_	linguistic	_	none	_	_	_	_	_	_
646-8	PSB005	646	8	serie	serie	_	_	_	_	_	linguistic	_	none	_	_	_	_	_	_
646-9	PSB005	646	9	tivù	tivù	_	_	_	_	_	linguistic	_	none	_	_	_	_	_	_
646-10	PSB005	646	10	[marocchine].	marocchine	_	_	_	_	_	linguistic	_	none	Intonation=Falling	End=1417.538	_	_	_	0-10(170)
647-0	PSB042	647	0	eh	eh	_	_	_	_	_	linguistic	_	yes	_	Begin=1416.788	_	_	_	_
647-1	PSB042	647	1	no	no	_	_	_	_	_	linguistic	_	yes	_	_	_	_	_	_
647-2	PSB042	647	2	pi]ace	piace	_	_	_	_	_	linguistic	_	yes	_	_	_	_	_	_
647-3	PSB042	647	3	così	così	_	_	_	_	_	linguistic	_	yes	_	_	_	_	_	_
647-4	PSB042	647	4	le	le	_	_	_	_	_	linguistic	_	yes	_	_	_	_	_	_
647-5	PSB042	647	5	marocchini.	marocchini	_	_	_	_	_	linguistic	_	yes	Intonation=Falling	_	_	_	_	_
647-6	PSB042	647	6	no	no	_	_	_	_	_	linguistic	_	yes	_	_	_	_	_	_
647-7	PSB042	647	7	c'	c'	_	_	_	_	_	linguistic	_	yes	SpaceAfter=No	_	_	_	_	_
647-8	PSB042	647	8	è	è	_	_	_	_	_	linguistic	_	yes	_	_	_	_	_	_
647-9	PSB042	647	9	di	di	_	_	_	_	_	linguistic	_	yes	_	_	_	_	_	_
647-10	PSB042	647	10	storia.	storia	_	_	_	_	_	linguistic	_	yes	Intonation=Falling	_	_	_	_	_
647-11	PSB042	647	11	piace	piace	_	_	_	_	_	linguistic	_	yes	_	_	_	_	_	_
647-12	PSB042	647	12	le	le	_	_	_	_	_	linguistic	_	yes	_	_	_	_	_	_
647-13	PSB042	647	13	#turkish	turkish	_	_	_	_	_	linguistic	_	yes	Language=NO_ISO_CODE|Variation=Token	_	_	_	_	_
647-14	PSB042	647	14	((ride))	((ride))	_	_	_	_	_	nonverbalbehavior	_	yes	_	End=1423.668	_	_	_	_
648-0	PSB005	648	0	okay?	okay	_	_	_	_	_	linguistic	_	none	Intonation=Rising	Begin=1422.828|End=1423.388	_	_	_	_
649-0	PSB042	649	0	sì	sì	_	_	_	_	_	linguistic	_	none	_	Begin=1423.998	_	_	_	_
649-1	PSB042	649	1	c'	c'	_	_	_	_	_	linguistic	_	none	SpaceAfter=No	_	_	_	_	_
649-2	PSB042	649	2	è	è	_	_	_	_	_	linguistic	_	none	_	_	_	_	_	_
649-3	PSB042	649	3	di	di	_	_	_	_	_	linguistic	_	none	_	_	_	_	_	_
649-4	PSB042	649	4	storia.	storia	_	_	_	_	_	linguistic	_	none	Intonation=Falling	_	_	_	_	_
649-5	PSB042	649	5	buone.	buone	_	_	_	_	_	linguistic	_	none	Intonation=Falling	End=1425.858	_	_	_	_
650-0	PSB005	650	0	okay?	okay	_	_	_	_	_	linguistic	_	none	Intonation=Rising	Begin=1426.278|End=1426.628	_	_	_	_
651-0	PSB042	651	0	ma	ma	_	_	_	_	_	linguistic	_	none	_	Begin=1426.668	_	_	_	_
651-1	PSB042	651	1	lì	lì	_	_	_	_	_	linguistic	_	none	_	_	_	_	_	_
651-2	PSB042	651	2	film	film	_	_	_	_	_	linguistic	_	none	_	_	_	_	_	_
651-3	PSB042	651	3	e:h	eh	_	_	_	_	_	linguistic	_	none	_	_	0x1	_	_	_
651-4	PSB042	651	4	italiani:	italiani	_	_	_	_	_	linguistic	_	none	_	_	7x1	_	_	_
651-5	PSB042	651	5	e:h.	eh	_	_	_	_	_	linguistic	_	none	Intonation=Falling	_	0x1	_	_	_
651-6	PSB042	651	6	(co)sì	così	_	_	_	_	_	linguistic	_	none	_	_	_	_	0-2(0)	_
651-7	PSB042	651	7	colpa	colpa	_	_	_	_	_	linguistic	_	none	_	_	_	_	_	_
651-8	PSB042	651	8	la	la	_	_	_	_	_	linguistic	_	none	_	_	_	_	_	_
651-9	PSB042	651	9	lingua	lingua	_	_	_	_	_	linguistic	_	none	_	_	_	_	_	_
651-10	PSB042	651	10	non	non	_	_	_	_	_	linguistic	_	none	_	_	_	_	_	_
651-11	PSB042	651	11	è	è	_	_	_	_	_	linguistic	_	none	_	_	_	_	_	_
651-12	PSB042	651	12	capisco	capisco	_	_	_	_	_	linguistic	_	none	_	_	_	_	_	_
651-13	PSB042	651	13	ben[e,	bene	_	_	_	_	_	linguistic	_	none	Intonation=WeaklyRising	_	_	_	_	3-4(172)
651-14	PSB042	651	14	e:h].	eh	_	_	_	_	_	linguistic	_	none	Intonation=Falling	End=1432.798	0x1	_	_	0-2(172)
652-0	PSB005	652	0	[è]	è	_	_	_	_	_	linguistic	_	none	_	Begin=1432.588	_	_	_	0-1(172)
652-1	PSB005	652	1	difficile.	difficile	_	_	_	_	_	linguistic	_	none	Intonation=Falling	End=1433.328	_	_	_	_
653-0	PSB042	653	0	e:h.	eh	_	_	_	_	_	linguistic	_	none	Intonation=Falling	Begin=1433.603	0x1	_	_	_
653-1	PSB042	653	1	non	non	_	_	_	_	_	linguistic	_	none	_	_	_	_	_	_
653-2	PSB042	653	2	è	è	_	_	_	_	_	linguistic	_	none	_	_	_	_	_	_
653-3	PSB042	653	3	così	così	_	_	_	_	_	linguistic	_	none	_	_	_	_	_	_
653-4	PSB042	653	4	piace,	piace	_	_	_	_	_	linguistic	_	none	Intonation=WeaklyRising	_	_	_	_	_
653-5	PSB042	653	5	cambia.	cambia	_	_	_	_	_	linguistic	_	none	Intonation=Falling	_	_	_	_	_
653-6	PSB042	653	6	((ride))	((ride))	_	_	_	_	_	nonverbalbehavior	_	none	_	End=1436.543	_	_	_	_
654-0	PSB005	654	0	mhmh.	mhmh	_	_	_	_	_	linguistic	_	none	Intonation=Falling	Begin=1436.728|End=1437.058	_	_	_	_
655-0	PSB042	655	0	facile	facile	_	_	_	_	_	linguistic	_	none	_	Begin=1437.498	_	_	_	_
655-1	PSB042	655	1	per	per	_	_	_	_	_	linguistic	_	none	_	_	_	_	_	_
655-2	PSB042	655	2	me	me	_	_	_	_	_	linguistic	_	none	_	_	_	_	_	_
655-3	PSB042	655	3	una	una	_	_	_	_	_	linguistic	_	none	_	_	_	_	_	_
655-4	PSB042	655	4	ling°ua	lingua	_	_	_	_	_	linguistic	_	none	Volume=low	_	_	_	_	_
655-5	PSB042	655	5	che	che	_	_	_	_	_	linguistic	_	none	Volume=low	_	_	_	_	_
655-6	PSB042	655	6	capisco.°	capisco	_	_	_	_	_	linguistic	_	none	Intonation=Falling|Volume=low	End=1440.258	_	_	_	_
656-0	PSB005	656	0	sì,	sì	_	_	_	_	_	linguistic	_	none	Intonation=WeaklyRising	Begin=1440.373	_	_	_	_
656-1	PSB005	656	1	sì.	sì	_	_	_	_	_	linguistic	_	none	Intonation=Falling	End=1440.923	_	_	_	_
657-0	PSB042	657	0	e	e	_	_	_	_	_	linguistic	_	none	_	Begin=1441.678	_	_	_	_
657-1	PSB042	657	1	a	a	_	_	_	_	_	linguistic	_	none	_	_	_	_	_	_
657-2	PSB042	657	2	bi	bi	_	_	_	_	_	linguistic	_	none	_	_	_	_	_	_
657-3	PSB042	657	3	ci	ci	_	_	_	_	_	linguistic	_	none	_	_	_	_	_	_
657-4	PSB042	657	4	e:.	e	_	_	_	_	_	linguistic	_	none	Intonation=Falling	_	0x1	_	_	_
657-5	PSB042	657	5	cos°'	cos'	_	_	_	_	_	linguistic	_	none	SpaceAfter=No|Volume=low	_	_	_	_	_
657-6	PSB042	657	6	è	è	_	_	_	_	_	linguistic	_	none	Volume=low	_	_	_	_	_
657-7	PSB042	657	7	a	a	_	_	_	_	_	linguistic	_	none	Volume=low	_	_	_	_	_
657-8	PSB042	657	8	bi	bi	_	_	_	_	_	linguistic	_	none	Volume=low	_	_	_	_	_
657-9	PSB042	657	9	ci	ci	_	_	_	_	_	linguistic	_	none	Volume=low	_	_	_	_	_
657-10	PSB042	657	10	e.	e	_	_	_	_	_	linguistic	_	none	Intonation=Falling|Volume=low	_	_	_	_	_
657-11	PSB042	657	11	sì°	sì	_	_	_	_	_	linguistic	_	none	Volume=low	End=1444.428	_	_	_	_
658-0	PSB005	658	0	sì,	sì	_	_	_	_	_	linguistic	_	none	Intonation=WeaklyRising	Begin=1444.428	_	_	_	_
658-1	PSB005	658	1	sì	sì	_	_	_	_	_	linguistic	_	none	_	_	_	_	_	_
658-2	PSB005	658	2	sì.	sì	_	_	_	_	_	linguistic	_	none	Intonation=Falling	End=1445.288	_	_	_	_
659-0	PSB005	659	0	ma	ma	_	_	_	_	_	linguistic	_	none	PauseAfter=Yes	Begin=1445.858	_	_	_	_
659-1	PSB005	659	1	(.)	(.)	_	_	_	_	_	shortpause	_	none	_	_	_	_	_	_
659-2	PSB005	659	2	come,	come	_	_	_	_	_	linguistic	_	none	Intonation=WeaklyRising	_	_	_	_	_
659-3	PSB005	659	3	hai	hai	_	_	_	_	_	linguistic	_	none	_	_	_	_	_	_
659-4	PSB005	659	4	fatto	fatto	_	_	_	_	_	linguistic	_	none	_	_	_	_	_	_
659-5	PSB005	659	5	a	a	_	_	_	_	_	linguistic	_	none	_	_	_	_	_	_
659-6	PSB005	659	6	imparare	imparare	_	_	_	_	_	linguistic	_	none	_	_	_	_	_	_
659-7	PSB005	659	7	l'	l'	_	_	_	_	_	linguistic	_	none	SpaceAfter=No	_	_	_	_	_
659-8	PSB005	659	8	italiano.	italiano	_	_	_	_	_	linguistic	_	none	Intonation=Falling	End=1448.138	_	_	_	_
660-0	PSB042	660	0	solo,	solo	_	_	_	_	_	linguistic	_	none	Intonation=WeaklyRising	Begin=1448.968	_	_	_	_
660-1	PSB042	660	1	con	con	_	_	_	_	_	linguistic	_	none	_	_	_	_	_	_
660-2	PSB042	660	2	mio	mio	_	_	_	_	_	linguistic	_	none	_	_	_	_	_	_
660-3	PSB042	660	3	marito.	marito	_	_	_	_	_	linguistic	_	none	Intonation=Falling	End=1450.718	_	_	_	_
661-0	PSB042	661	0	sì	sì	_	_	_	_	_	linguistic	_	none	_	Begin=1451.318|End=1451.648	_	_	_	_
662-0	PSB005	662	0	sei	sei	_	_	_	_	_	linguistic	_	none	_	Begin=1452.868	_	_	_	_
662-1	PSB005	662	1	stata	stata	_	_	_	_	_	linguistic	_	none	_	_	_	_	_	_
662-2	PSB005	662	2	bravissima	bravissima	_	_	_	_	_	linguistic	_	none	_	_	_	_	_	_
662-3	PSB005	662	3	perché:.	perché	_	_	_	_	_	linguistic	_	none	Intonation=Falling	End=1454.598	5x1	_	_	_
663-0	PSB042	663	0	eh	eh	_	_	_	_	_	linguistic	_	none	_	Begin=1454.998	_	_	_	_
663-1	PSB042	663	1	bravis[sima	bravissima	_	_	_	_	_	linguistic	_	none	_	_	_	_	_	6-10(173)
663-2	PSB042	663	2	ma	ma	_	_	_	_	_	linguistic	_	none	_	_	_	_	_	0-2(173)
663-3	PSB042	663	3	se]mpre	sempre	_	_	_	_	_	linguistic	_	none	_	_	_	_	_	0-2(173)
663-4	PSB042	663	4	mio	mio	_	_	_	_	_	linguistic	_	none	_	_	_	_	_	_
663-5	PSB042	663	5	marito	marito	_	_	_	_	_	linguistic	_	none	_	_	_	_	_	_
663-6	PSB042	663	6	dice	dice	_	_	_	_	_	linguistic	_	none	_	_	_	_	_	_
663-7	PSB042	663	7	a	a	_	_	_	_	_	linguistic	_	none	_	_	_	_	_	_
663-8	PSB042	663	8	me	me	_	_	_	_	_	linguistic	_	none	_	_	_	_	_	_
663-9	PSB042	663	9	non	non	_	_	_	_	_	linguistic	_	none	_	_	_	_	_	_
663-10	PSB042	663	10	è	è	_	_	_	_	_	linguistic	_	none	_	_	_	_	_	_
663-11	PSB042	663	11	perfetta,	perfetta	_	_	_	_	_	linguistic	_	none	Intonation=WeaklyRising	_	_	_	_	_
663-12	PSB042	663	12	serve	serve	_	_	_	_	_	linguistic	_	none	_	_	_	_	_	_
663-13	PSB042	663	13	i[mpara]re.	imparare	_	_	_	_	_	linguistic	_	none	Intonation=Falling	End=1460.408	_	_	_	1-6(174)
664-0	PSB005	664	0	[sì]	sì	_	_	_	_	_	linguistic	_	none	_	Begin=1455.648|End=1456.008	_	_	_	0-2(173)
665-0	PSB005	665	0	[mh].	mh	_	_	_	_	_	linguistic	_	none	Intonation=Falling	Begin=1459.878|End=1460.238	_	_	_	0-2(174)
666-0	PSB005	666	0	sì.	sì	_	_	_	_	_	linguistic	_	none	Intonation=Falling	Begin=1460.958	_	_	_	_
666-1	PSB005	666	1	però,	però	_	_	_	_	_	linguistic	_	none	Intonation=WeaklyRising	_	_	_	_	_
666-2	PSB005	666	2	c'	c'	_	_	_	_	_	linguistic	_	none	SpaceAfter=No	_	_	_	_	_
666-3	PSB005	666	3	è	è	_	_	_	_	_	linguistic	_	none	_	_	_	_	_	_
666-4	PSB005	666	4	bi[sogno	bisogno	_	_	_	_	_	linguistic	_	none	_	_	_	_	_	1-7(175)
666-5	PSB005	666	5	di	di	_	_	_	_	_	linguistic	_	none	_	_	_	_	_	0-2(175)
666-6	PSB005	666	6	un	un	_	_	_	_	_	linguistic	_	none	_	_	_	_	_	0-2(175)
666-7	PSB005	666	7	po'	po'	_	_	_	_	_	linguistic	_	none	_	_	_	_	_	0-3(175)
666-8	PSB005	666	8	di	di	_	_	_	_	_	linguistic	_	none	_	_	_	_	_	0-2(175)
666-9	PSB005	666	9	tempo]	tempo	_	_	_	_	_	linguistic	_	none	_	End=1463.108	_	_	_	0-5(175)
667-0	PSB042	667	0	((ride))	((ride))	_	_	_	_	_	nonverbalbehavior	_	none	_	Begin=1461.658	_	_	_	_
667-1	PSB042	667	1	[serve,	serve	_	_	_	_	_	linguistic	_	none	Intonation=WeaklyRising	_	_	_	_	0-5(175)
667-2	PSB042	667	2	a	a	_	_	_	_	_	linguistic	_	none	_	_	_	_	_	0-1(175)
667-3	PSB042	667	3	me,	me	_	_	_	_	_	linguistic	_	none	Intonation=WeaklyRising	_	_	_	_	0-2(175)
667-4	PSB042	667	4	s]c(u)ola.	scuola	_	_	_	_	_	linguistic	_	none	Intonation=Falling|Reduced=Yes	_	_	_	_	0-1(175)
667-5	PSB042	667	5	sì.	sì	_	_	_	_	_	linguistic	_	none	Intonation=Falling	End=1464.158	_	_	_	_
668-0	PSB005	668	0	sì	sì	_	_	_	_	_	linguistic	_	none	_	Begin=1464.268|End=1464.478	_	_	_	_
669-0	PSB042	669	0	ma	ma	_	_	_	_	_	linguistic	_	none	_	Begin=1465.408	_	_	_	_
669-1	PSB042	669	1	la	la	_	_	_	_	_	linguistic	_	none	_	_	_	_	_	_
669-2	PSB042	669	2	sc(u)ola	scuola	_	_	_	_	_	linguistic	_	none	Reduced=Yes	_	_	_	_	_
669-3	PSB042	669	3	sempre:	sempre	_	_	_	_	_	linguistic	_	none	_	_	5x1	_	_	_
669-4	PSB042	669	4	no	no	_	_	_	_	_	linguistic	_	none	_	_	_	_	_	_
669-5	PSB042	669	5	c'	c'	_	_	_	_	_	linguistic	_	none	SpaceAfter=No	_	_	_	_	_
669-6	PSB042	669	6	è	è	_	_	_	_	_	linguistic	_	none	_	_	_	_	_	_
669-7	PSB042	669	7	posto	posto	_	_	_	_	_	linguistic	_	none	_	_	_	_	_	_
669-8	PSB042	669	8	a:l.	al	_	_	_	_	_	linguistic	_	none	Intonation=Falling	_	0x1	_	_	_
669-9	PSB042	669	9	mattina	mattina	_	_	_	_	_	linguistic	_	none	_	_	_	_	_	_
669-10	PSB042	669	10	anche	anche	_	_	_	_	_	linguistic	_	none	_	_	_	_	_	_
669-11	PSB042	669	11	io	io	_	_	_	_	_	linguistic	_	none	_	_	_	_	_	_
669-12	PSB042	669	12	occupata	occupata	_	_	_	_	_	linguistic	_	none	_	_	_	_	_	_
669-13	PSB042	669	13	la	la	_	_	_	_	_	linguistic	_	none	_	_	_	_	_	_
669-14	PSB042	669	14	mattina.	mattina	_	_	_	_	_	linguistic	_	none	Intonation=Falling	End=1471.478	_	_	_	_
670-0	PSB005	670	0	mh[mh]	mhmh	_	_	_	_	_	linguistic	_	none	_	Begin=1471.679|End=1472.106	_	_	_	2-4(176)
671-0	PSB042	671	0	[c'	c'	_	_	_	_	_	linguistic	_	none	SpaceAfter=No	Begin=1471.958	_	_	_	0-2(176)
671-1	PSB042	671	1	è]	è	_	_	_	_	_	linguistic	_	none	_	_	_	_	_	0-1(176)
671-2	PSB042	671	2	sempre	sempre	_	_	_	_	_	linguistic	_	none	_	_	_	_	_	_
671-3	PSB042	671	3	l'	l'	_	_	_	_	_	linguistic	_	none	SpaceAfter=No	_	_	_	_	_
671-4	PSB042	671	4	orario,	orario	_	_	_	_	_	linguistic	_	none	Intonation=WeaklyRising|PauseAfter=Yes	_	_	_	_	_
671-5	PSB042	671	5	(.)	(.)	_	_	_	_	_	shortpause	_	none	_	_	_	_	_	_
671-6	PSB042	671	6	tardi.	tardi	_	_	_	_	_	linguistic	_	none	Intonation=Falling	_	_	_	_	_
671-7	PSB042	671	7	sette,	sette	_	_	_	_	_	linguistic	_	none	Intonation=WeaklyRising	_	_	_	_	_
671-8	PSB042	671	8	ot[to],	otto	_	_	_	_	_	linguistic	_	none	Intonation=WeaklyRising	End=1476.067	_	_	_	0-3(177)
672-0	PSB005	672	0	[mh].	mh	_	_	_	_	_	linguistic	_	none	Intonation=Falling	Begin=1475.718|End=1476.068	_	_	_	0-2(177)
673-0	PSB042	673	0	cerco	cerco	_	_	_	_	_	linguistic	_	none	_	Begin=1476.453	_	_	_	_
673-1	PSB042	673	1	ma	ma	_	_	_	_	_	linguistic	_	none	_	End=1477.393	_	_	_	_
674-0	PSB042	674	0	sempre	sempre	_	_	_	_	_	linguistic	_	none	_	Begin=1478.198	_	_	_	_
674-1	PSB042	674	1	l'	l'	_	_	_	_	_	linguistic	_	none	SpaceAfter=No	_	_	_	_	_
674-2	PSB042	674	2	orario	orario	_	_	_	_	_	linguistic	_	none	_	_	_	_	_	_
674-3	PSB042	674	3	per	per	_	_	_	_	_	linguistic	_	none	_	_	_	_	_	_
674-4	PSB042	674	4	me:.	me	_	_	_	_	_	linguistic	_	none	Intonation=Falling	End=1480.028	1x1	_	_	_
675-0	PSB005	675	0	e:hm,	ehm	_	_	_	_	_	linguistic	_	none	Intonation=WeaklyRising	Begin=1480.978	0x1	_	_	_
675-1	PSB005	675	1	c'	c'	_	_	_	_	_	linguistic	_	none	SpaceAfter=No	_	_	_	_	_
675-2	PSB005	675	2	è	è	_	_	_	_	_	linguistic	_	none	_	_	_	_	_	_
675-3	PSB005	675	3	una	una	_	_	_	_	_	linguistic	_	none	_	_	_	_	_	_
675-4	PSB005	675	4	scuola,	scuola	_	_	_	_	_	linguistic	_	none	Intonation=WeaklyRising	_	_	_	_	_
675-5	PSB005	675	5	il	il	_	_	_	_	_	linguistic	_	none	_	_	_	_	_	_
675-6	PSB005	675	6	sabato	sabato	_	_	_	_	_	linguistic	_	none	_	_	_	_	_	_
675-7	PSB005	675	7	pomeriggio,	pomeriggio	_	_	_	_	_	linguistic	_	none	Intonation=WeaklyRising	_	_	_	_	_
675-8	PSB005	675	8	in	in	_	_	_	_	_	linguistic	_	none	_	_	_	_	_	_
675-9	PSB005	675	9	centro.	centro	_	_	_	_	_	linguistic	_	none	Intonation=Falling	End=1485.288	_	_	_	_
676-0	PSB042	676	0	°centro?°	centro	_	_	_	_	_	linguistic	_	none	Intonation=Rising|Volume=low	Begin=1485.918|End=1486.478	_	_	_	_
677-0	PSB005	677	0	sì.	sì	_	_	_	_	_	linguistic	_	none	Intonation=Falling	Begin=1486.758|End=1486.978	_	_	_	_
678-0	PSB005	678	0	se	se	_	_	_	_	_	linguistic	_	none	_	Begin=1487.653	_	_	_	_
678-1	PSB005	678	1	ti	ti	_	_	_	_	_	linguistic	_	none	_	_	_	_	_	_
678-2	PSB005	678	2	interessa,	interessa	_	_	_	_	_	linguistic	_	none	Intonation=WeaklyRising	_	_	_	_	_
678-3	PSB005	678	3	ti	ti	_	_	_	_	_	linguistic	_	none	_	_	_	_	_	_
678-4	PSB005	678	4	dico:.	dico	_	_	_	_	_	linguistic	_	none	Intonation=Falling	End=1489.413	3x1	_	_	_
679-0	PSB042	679	0	va	va	_	_	_	_	_	linguistic	_	none	_	Begin=1489.688	_	_	_	_
679-1	PSB042	679	1	bene.	bene	_	_	_	_	_	linguistic	_	none	Intonation=Falling	_	_	_	_	_
679-2	PSB042	679	2	[da	da	_	_	_	_	_	linguistic	_	none	_	_	_	_	_	0-2(178)
679-3	PSB042	679	3	a	a	_	_	_	_	_	linguistic	_	none	_	_	_	_	_	0-1(178)
679-4	PSB042	679	4	m]e:.	me	_	_	_	_	_	linguistic	_	none	Intonation=Falling	End=1490.898	1x1	_	_	0-1(178)
680-0	PSB005	680	0	[sì].	sì	_	_	_	_	_	linguistic	_	none	Intonation=Falling	Begin=1490.348|End=1490.668	_	_	_	0-2(178)
681-0	PSB005	681	0	è	è	_	_	_	_	_	linguistic	_	none	_	Begin=1490.928	_	_	_	_
681-1	PSB005	681	1	solo	solo	_	_	_	_	_	linguistic	_	none	_	_	_	_	_	_
681-2	PSB005	681	2	il	il	_	_	_	_	_	linguistic	_	none	_	_	_	_	_	_
681-3	PSB005	681	3	sabato	sabato	_	_	_	_	_	linguistic	_	none	_	_	_	_	_	_
681-4	PSB005	681	4	pomeriggio.	pomeriggio	_	_	_	_	_	linguistic	_	none	Intonation=Falling	End=1492.628	_	_	_	_
682-0	PSB005	682	0	alle	alle	_	_	_	_	_	linguistic	_	none	_	Begin=1492.758|End=1493.088	_	_	_	_
683-0	PSB042	683	0	basta.	basta	_	_	_	_	_	linguistic	_	none	Intonation=Falling	Begin=1493.118	_	_	_	_
683-1	PSB042	683	1	((ride))	((ride))	_	_	_	_	_	nonverbalbehavior	_	none	_	End=1494.328	_	_	_	_
684-0	PSB005	684	0	tre	tre	_	_	_	_	_	linguistic	_	none	_	Begin=1493.808	_	_	_	_
684-1	PSB005	684	1	e	e	_	_	_	_	_	linguistic	_	none	_	_	_	_	_	_
684-2	PSB005	684	2	mezzo	mezzo	_	_	_	_	_	linguistic	_	none	_	_	_	_	_	_
684-3	PSB005	684	3	mi	mi	_	_	_	_	_	linguistic	_	none	_	_	_	_	_	_
684-4	PSB005	684	4	sem[bra].	sembra	_	_	_	_	_	linguistic	_	none	Intonation=Falling	End=1495.258	_	_	_	3-6(180)
685-0	PSB042	685	0	[tre	tre	_	_	_	_	_	linguistic	_	none	_	Begin=1494.938	_	_	_	0-3(180)
685-1	PSB042	685	1	e]	e	_	_	_	_	_	linguistic	_	none	_	_	_	_	_	0-1(180)
685-2	PSB042	685	2	mez[zo].	mezzo	_	_	_	_	_	linguistic	_	none	Intonation=Falling	End=1495.758	_	_	_	3-5(181)
686-0	PSB005	686	0	[sì].	sì	_	_	_	_	_	linguistic	_	none	Intonation=Falling	Begin=1495.598|End=1495.798	_	_	_	0-2(181)
687-0	PSB042	687	0	è	è	_	_	_	_	_	linguistic	_	none	_	Begin=1495.818	_	_	_	_
687-1	PSB042	687	1	buona	buona	_	_	_	_	_	linguistic	_	none	_	_	_	_	_	_
687-2	PSB042	687	2	questa.	questa	_	_	_	_	_	linguistic	_	none	Intonation=Falling	End=1496.828	_	_	_	_
688-0	PSB005	688	0	adesso	adesso	_	_	_	_	_	linguistic	_	none	_	Begin=1497.118	_	_	_	_
688-1	PSB005	688	1	ti	ti	_	_	_	_	_	linguistic	_	none	_	_	_	_	_	_
688-2	PSB005	688	2	dico:.	dico	_	_	_	_	_	linguistic	_	none	Intonation=Falling	End=1498.498	3x1	_	_	_
689-0	PSB042	689	0	è	è	_	_	_	_	_	linguistic	_	none	_	Begin=1499.088	_	_	_	_
689-1	PSB042	689	1	gratuit[o]?	gratuito	_	_	_	_	_	linguistic	_	none	Intonation=Rising	End=1500.158	_	_	_	7-8(182)
690-0	PSB005	690	0	[sì]	sì	_	_	_	_	_	linguistic	_	none	_	Begin=1500.028	_	_	_	0-2(182)
690-1	PSB005	690	1	sì.	sì	_	_	_	_	_	linguistic	_	none	Intonation=Falling	_	_	_	_	_
690-2	PSB005	690	2	sì.	sì	_	_	_	_	_	linguistic	_	none	Intonation=Falling	End=1500.728	_	_	_	_
691-0	PSB042	691	0	è	è	_	_	_	_	_	linguistic	_	none	_	Begin=1500.828	_	_	_	_
691-1	PSB042	691	1	buo[no].	buono	_	_	_	_	_	linguistic	_	none	Intonation=Falling	End=1501.458	_	_	_	3-5(183)
692-0	PSB005	692	0	[sì]	sì	_	_	_	_	_	linguistic	_	none	_	Begin=1501.368	_	_	_	0-2(183)
692-1	PSB005	692	1	sì	sì	_	_	_	_	_	linguistic	_	none	_	End=1501.728	_	_	_	_
693-0	PSB005	693	0	lo	lo	_	_	_	_	_	linguistic	_	none	_	Begin=1501.968	_	_	_	_
693-1	PSB005	693	1	[fa	fa	_	_	_	_	_	linguistic	_	none	_	_	_	_	_	0-2(184)
693-2	PSB005	693	2	un	un	_	_	_	_	_	linguistic	_	none	_	_	_	_	_	0-2(184)
693-3	PSB005	693	3	mio	mio	_	_	_	_	_	linguistic	_	none	_	_	_	_	_	0-3(184)
693-4	PSB005	693	4	amico].	amico	_	_	_	_	_	linguistic	_	none	Intonation=Falling	End=1503.328	_	_	_	0-5(184)
694-0	PSB042	694	0	[c'	c'	_	_	_	_	_	linguistic	_	none	SpaceAfter=No	Begin=1502.278	_	_	_	0-2(184)
694-1	PSB042	694	1	è	è	_	_	_	_	_	linguistic	_	none	_	_	_	_	_	0-1(184)
694-2	PSB042	694	2	posto]?	posto	_	_	_	_	_	linguistic	_	none	Intonation=Rising	End=1503.318	_	_	_	0-5(184)
695-0	PSB005	695	0	penso	penso	_	_	_	_	_	linguistic	_	none	_	Begin=1503.608	_	_	_	_
695-1	PSB005	695	1	di	di	_	_	_	_	_	linguistic	_	none	_	_	_	_	_	_
695-2	PSB005	695	2	sì.	sì	_	_	_	_	_	linguistic	_	none	Intonation=Falling	End=1504.328	_	_	_	_
696-0	PSB005	696	0	adesso,	adesso	_	_	_	_	_	linguistic	_	none	Intonation=WeaklyRising	Begin=1504.558|End=1505.058	_	_	_	_
697-0	PSB042	697	0	perché	perché	_	_	_	_	_	linguistic	_	none	_	Begin=1505.188	_	_	_	_
697-1	PSB042	697	1	sempre	sempre	_	_	_	_	_	linguistic	_	none	_	_	_	_	_	_
697-2	PSB042	697	2	dice:	dice	_	_	_	_	_	linguistic	_	none	_	_	3x1	_	_	_
697-3	PSB042	697	3	no	no	_	_	_	_	_	linguistic	_	none	_	_	_	_	_	_
697-4	PSB042	697	4	c'	c'	_	_	_	_	_	linguistic	_	none	SpaceAfter=No	_	_	_	_	_
697-5	PSB042	697	5	è	è	_	_	_	_	_	linguistic	_	none	_	_	_	_	_	_
697-6	PSB042	697	6	poste.	poste	_	_	_	_	_	linguistic	_	none	Intonation=Falling	End=1507.848	_	_	_	_
698-0	PSB005	698	0	adesso	adesso	_	_	_	_	_	linguistic	_	none	_	Begin=1507.998	_	_	_	_
698-1	PSB005	698	1	lo	lo	_	_	_	_	_	linguistic	_	none	_	_	_	_	_	_
698-2	PSB005	698	2	chiedo	chiedo	_	_	_	_	_	linguistic	_	none	_	_	_	_	_	_
698-3	PSB005	698	3	al	al	_	_	_	_	_	linguistic	_	none	_	_	_	_	_	_
698-4	PSB005	698	4	mio	mio	_	_	_	_	_	linguistic	_	none	_	_	_	_	_	_
698-5	PSB005	698	5	amico,	amico	_	_	_	_	_	linguistic	_	none	Intonation=WeaklyRising	End=1509.628	_	_	_	_
699-0	PSB042	699	0	eh.	eh	_	_	_	_	_	linguistic	_	none	Intonation=Falling	Begin=1509.768	_	_	_	_
699-1	PSB042	699	1	[°eh.°]	eh	_	_	_	_	_	linguistic	_	none	Intonation=Falling|Volume=low	End=1510.368	_	_	_	0-2(185)
700-0	PSB005	700	0	[perché]	perché	_	_	_	_	_	linguistic	_	none	_	Begin=1510.098	_	_	_	0-6(185)
700-1	PSB005	700	1	non	non	_	_	_	_	_	linguistic	_	none	_	_	_	_	_	_
700-2	PSB005	700	2	lo	lo	_	_	_	_	_	linguistic	_	none	_	_	_	_	_	_
700-3	PSB005	700	3	so	so	_	_	_	_	_	linguistic	_	none	_	_	_	_	_	_
700-4	PSB005	700	4	se	se	_	_	_	_	_	linguistic	_	none	PauseAfter=Yes	_	_	_	_	_
700-5	PSB005	700	5	(.)	(.)	_	_	_	_	_	shortpause	_	none	_	_	_	_	_	_
700-6	PSB005	700	6	lavorano	lavorano	_	_	_	_	_	linguistic	_	none	_	_	_	_	_	_
700-7	PSB005	700	7	in	in	_	_	_	_	_	linguistic	_	none	_	_	_	_	_	_
700-8	PSB005	700	8	estate.	estate	_	_	_	_	_	linguistic	_	none	Intonation=Falling	End=1513.118	_	_	_	_
701-0	PSB042	701	0	e[h	eh	_	_	_	_	_	linguistic	_	none	_	Begin=1513.553	_	_	_	1-2(186)
701-1	PSB042	701	1	va:].	va	_	_	_	_	_	linguistic	_	none	Intonation=Falling	End=1514.383	1x1	_	_	0-2(186)
702-0	PSB005	702	0	[oppure]	oppure	_	_	_	_	_	linguistic	_	none	PauseAfter=Yes	Begin=1513.803	_	_	_	0-6(186)
702-1	PSB005	702	1	(.)	(.)	_	_	_	_	_	shortpause	_	none	_	_	_	_	_	_
702-2	PSB005	702	2	forse	forse	_	_	_	_	_	linguistic	_	none	_	_	_	_	_	_
702-3	PSB005	702	3	si	si	_	_	_	_	_	linguistic	_	none	_	_	_	_	_	_
702-4	PSB005	702	4	fermano.	fermano	_	_	_	_	_	linguistic	_	none	Intonation=Falling	End=1515.473	_	_	_	_
703-0	PSB042	703	0	va	va	_	_	_	_	_	linguistic	_	none	_	Begin=1515.993	_	_	_	_
703-1	PSB042	703	1	bene	bene	_	_	_	_	_	linguistic	_	none	_	_	_	_	_	_
703-2	PSB042	703	2	ma,	ma	_	_	_	_	_	linguistic	_	none	Intonation=WeaklyRising	_	_	_	_	_
703-3	PSB042	703	3	chiedere[:].	chiedere	_	_	_	_	_	linguistic	_	none	Intonation=Falling	End=1517.663	7x1	_	_	_
704-0	PSB005	704	0	[chi]edo.	chiedo	_	_	_	_	_	linguistic	_	none	Intonation=Falling	Begin=1517.558	_	_	_	0-3(187)
704-1	PSB005	704	1	[chiedo	chiedo	_	_	_	_	_	linguistic	_	none	_	_	_	_	_	0-6(188)
704-2	PSB005	704	2	al	al	_	_	_	_	_	linguistic	_	none	_	_	_	_	_	0-2(188)
704-3	PSB005	704	3	mio	mio	_	_	_	_	_	linguistic	_	none	_	_	_	_	_	0-3(188)
704-4	PSB005	704	4	ami]co:	amico	_	_	_	_	_	linguistic	_	none	_	_	4x1	_	_	0-3(188)
704-5	PSB005	704	5	il	il	_	_	_	_	_	linguistic	_	none	_	_	_	_	_	_
704-6	PSB005	704	6	mio	mio	_	_	_	_	_	linguistic	_	none	_	_	_	_	_	_
704-7	PSB005	704	7	collega.	collega	_	_	_	_	_	linguistic	_	none	Intonation=Falling	End=1520.148	_	_	_	_
705-0	PSB042	705	0	[speriamo].	speriamo	_	_	_	_	_	linguistic	_	none	Intonation=Falling	Begin=1517.818|End=1518.758	_	_	_	0-8(188)
706-0	PSB042	706	0	sì	sì	_	_	_	_	_	linguistic	_	none	_	Begin=1520.44	_	_	_	_
706-1	PSB042	706	1	[sì	sì	_	_	_	_	_	linguistic	_	none	_	_	_	_	_	0-2(189)
706-2	PSB042	706	2	gra~.]	gra~	_	_	_	_	_	linguistic	_	none	Intonation=Falling|Interrupted=Yes	End=1521.698	_	_	_	0-4(189)
707-0	PSB005	707	0	[molto	molto	_	_	_	_	_	linguistic	_	none	_	Begin=1520.698	_	_	_	0-5(189)
707-1	PSB005	707	1	bra~	bra~	_	_	_	_	_	linguistic	_	none	Interrupted=Yes	_	_	_	_	0-4(189)
707-2	PSB005	707	2	è	è	_	_	_	_	_	linguistic	_	none	_	_	_	_	_	0-1(189)
707-3	PSB005	707	3	molto	molto	_	_	_	_	_	linguistic	_	none	_	_	_	_	_	0-5(189)
707-4	PSB005	707	4	bra]vo,	bravo	_	_	_	_	_	linguistic	_	none	Intonation=WeaklyRising	_	_	_	_	0-3(189)
707-5	PSB005	707	5	quindi:	quindi	_	_	_	_	_	linguistic	_	none	_	_	5x1	_	_	_
707-6	PSB005	707	6	glielo	glielo	_	_	_	_	_	linguistic	_	none	_	_	_	_	_	_
707-7	PSB005	707	7	posso	posso	_	_	_	_	_	linguistic	_	none	_	_	_	_	_	_
707-8	PSB005	707	8	[chiedere].	chiedere	_	_	_	_	_	linguistic	_	none	Intonation=Falling	End=1523.798	_	_	_	0-8(190)
708-0	PSB042	708	0	[va	va	_	_	_	_	_	linguistic	_	none	_	Begin=1523.313	_	_	_	0-2(190)
708-1	PSB042	708	1	be]ne.	bene	_	_	_	_	_	linguistic	_	none	Intonation=Falling	End=1523.993	_	_	_	0-2(190)
709-0	PSB005	709	0	sì	sì	_	_	_	_	_	linguistic	_	none	_	Begin=1524.538	_	_	_	_
709-1	PSB005	709	1	mh	mh	_	_	_	_	_	linguistic	_	none	_	_	_	_	_	_
709-2	PSB005	709	2	quindi	quindi	_	_	_	_	_	linguistic	_	none	_	_	_	_	_	_
709-3	PSB005	709	3	ti	ti	_	_	_	_	_	linguistic	_	none	_	_	_	_	_	_
709-4	PSB005	709	4	piacerebbe:.	piacerebbe	_	_	_	_	_	linguistic	_	none	Intonation=Falling	_	9x1	_	_	_
709-5	PSB005	709	5	fare	fare	_	_	_	_	_	linguistic	_	none	_	_	_	_	_	_
709-6	PSB005	709	6	u[na	una	_	_	_	_	_	linguistic	_	none	_	_	_	_	_	1-3(191)
709-7	PSB005	709	7	scuola].	scuola	_	_	_	_	_	linguistic	_	none	Intonation=Falling	End=1527.088	_	_	_	0-6(191)
710-0	PSB042	710	0	[per	per	_	_	_	_	_	linguistic	_	none	_	Begin=1526.618	_	_	_	0-3(191)
710-1	PSB042	710	1	me	me	_	_	_	_	_	linguistic	_	none	_	_	_	_	_	0-2(191)
710-2	PSB042	710	2	po]meriggio	pomeriggio	_	_	_	_	_	linguistic	_	none	_	_	_	_	_	0-2(191)
710-3	PSB042	710	3	è	è	_	_	_	_	_	linguistic	_	none	_	_	_	_	_	_
710-4	PSB042	710	4	ben[e].	bene	_	_	_	_	_	linguistic	_	none	Intonation=Falling	End=1528.638	_	_	_	3-4(192)
711-0	PSB005	711	0	[mh]mh.	mhmh	_	_	_	_	_	linguistic	_	none	Intonation=Falling	Begin=1528.418|End=1528.868	_	_	_	0-2(192)
712-0	PSB042	712	0	sì.	sì	_	_	_	_	_	linguistic	_	none	Intonation=Falling	Begin=1529.558	_	_	_	_
712-1	PSB042	712	1	ci~	ci~	_	_	_	_	_	linguistic	_	none	Interrupted=Yes	End=1530.048	_	_	_	_
713-0	PSB005	713	0	sì	sì	_	_	_	_	_	linguistic	_	none	_	Begin=1530.558	_	_	_	_
713-1	PSB005	713	1	sì	sì	_	_	_	_	_	linguistic	_	none	_	_	_	_	_	_
713-2	PSB005	713	2	perché	perché	_	_	_	_	_	linguistic	_	none	_	_	_	_	_	_
713-3	PSB005	713	3	così	così	_	_	_	_	_	linguistic	_	none	_	_	_	_	_	_
713-4	PSB005	713	4	magari	magari	_	_	_	_	_	linguistic	_	none	_	_	_	_	_	_
713-5	PSB005	713	5	il	il	_	_	_	_	_	linguistic	_	none	_	_	_	_	_	_
713-6	PSB005	713	6	tuo	tuo	_	_	_	_	_	linguistic	_	none	_	_	_	_	_	_
713-7	PSB005	713	7	bimbo	bimbo	_	_	_	_	_	linguistic	_	none	_	_	_	_	_	_
713-8	PSB005	713	8	sta	sta	_	_	_	_	_	linguistic	_	none	_	_	_	_	_	_
713-9	PSB005	713	9	con	con	_	_	_	_	_	linguistic	_	none	_	_	_	_	_	_
713-10	PSB005	713	10	e:h	eh	_	_	_	_	_	linguistic	_	none	_	_	0x1	_	_	_
713-11	PSB005	713	11	il	il	_	_	_	_	_	linguistic	_	none	_	_	_	_	_	_
713-12	PSB005	713	12	papà?	papà	_	_	_	_	_	linguistic	_	none	Intonation=Rising	End=1533.968	_	_	_	_
714-0	PSB042	714	0	sì,	sì	_	_	_	_	_	linguistic	_	none	Intonation=WeaklyRising	Begin=1534.118	_	_	_	_
714-1	PSB042	714	1	o	o	_	_	_	_	_	linguistic	_	none	PauseAfter=Yes	_	_	_	_	_
714-2	PSB042	714	2	(.)	(.)	_	_	_	_	_	shortpause	_	none	_	_	_	_	_	_
714-3	PSB042	714	3	sì.	sì	_	_	_	_	_	linguistic	_	none	Intonation=Falling	End=1535.388	_	_	_	_
715-0	PSB005	715	0	mhmh.	mhmh	_	_	_	_	_	linguistic	_	none	Intonation=Falling	Begin=1535.388|End=1535.738	_	_	_	_
716-0	PSB042	716	0	m:h.	mh	_	_	_	_	_	linguistic	_	none	Intonation=Falling	Begin=1536.038|End=1536.278	0x1	_	_	_
717-0	PSB005	717	0	il	il	_	_	_	_	_	linguistic	_	none	_	Begin=1536.298	_	_	_	_
717-1	PSB005	717	1	tuo	tuo	_	_	_	_	_	linguistic	_	none	_	_	_	_	_	_
717-2	PSB005	717	2	bimbo	bimbo	_	_	_	_	_	linguistic	_	none	_	_	_	_	_	_
717-3	PSB005	717	3	è	è	_	_	_	_	_	linguistic	_	none	_	_	_	_	_	_
717-4	PSB005	717	4	bravo?	bravo	_	_	_	_	_	linguistic	_	none	Intonation=Rising	_	_	_	_	_
717-5	PSB005	717	5	si	si	_	_	_	_	_	linguistic	_	none	_	_	_	_	_	_
717-6	PSB005	717	6	comporta	comporta	_	_	_	_	_	linguistic	_	none	_	_	_	_	_	_
717-7	PSB005	717	7	bene	bene	_	_	_	_	_	linguistic	_	none	_	_	_	_	_	_
717-8	PSB005	717	8	o:,	o	_	_	_	_	_	linguistic	_	none	Intonation=WeaklyRising	End=1539.338	0x1	_	_	_
718-0	PSB042	718	0	così	così	_	_	_	_	_	linguistic	_	none	_	Begin=1540.508	_	_	_	_
718-1	PSB042	718	1	così.	così	_	_	_	_	_	linguistic	_	none	Intonation=Falling	_	_	_	_	_
718-2	PSB042	718	2	((ride))	((ride))	_	_	_	_	_	nonverbalbehavior	_	none	_	End=1543.638	_	_	_	_
719-0	PSB005	719	0	(vabbè)	vabbè	_	_	_	_	_	linguistic	_	none	_	Begin=1544.108	_	_	0-5(0)	_
719-1	PSB005	719	1	ma	ma	_	_	_	_	_	linguistic	_	none	_	_	_	_	_	_
719-2	PSB005	719	2	è	è	_	_	_	_	_	linguistic	_	none	_	_	_	_	_	_
719-3	PSB005	719	3	piccolo.	piccolo	_	_	_	_	_	linguistic	_	none	Intonation=Falling	End=1544.898	_	_	_	_
720-0	PSB042	720	0	e:h	eh	_	_	_	_	_	linguistic	_	none	_	Begin=1544.998	0x1	_	_	_
720-1	PSB042	720	1	sì.	sì	_	_	_	_	_	linguistic	_	none	Intonation=Falling	End=1545.748	_	_	_	_
721-0	PSB005	721	0	già	già	_	_	_	_	_	linguistic	_	none	_	Begin=1545.768	_	_	_	_
721-1	PSB005	721	1	dice	dice	_	_	_	_	_	linguistic	_	none	_	_	_	_	_	_
721-2	PSB005	721	2	qualche	qualche	_	_	_	_	_	linguistic	_	none	_	_	_	_	_	_
721-3	PSB005	721	3	parola.	parola	_	_	_	_	_	linguistic	_	none	Intonation=Falling	_	_	_	_	_
721-4	PSB005	721	4	no?	no	_	_	_	_	_	linguistic	_	none	Intonation=Rising	End=1547.238	_	_	_	_
722-0	PSB042	722	0	e:h	eh	_	_	_	_	_	linguistic	_	none	_	Begin=1547.548	0x1	_	_	_
722-1	PSB042	722	1	mamma,	mamma	_	_	_	_	_	linguistic	_	none	Intonation=WeaklyRising	_	_	_	_	_
722-2	PSB042	722	2	papà:.	papà	_	_	_	_	_	linguistic	_	none	Intonation=Falling	_	3x1	_	_	_
722-3	PSB042	722	3	((fa_versi))	((fa_versi))	_	_	_	_	_	nonverbalbehavior	_	none	_	_	_	_	_	_
722-4	PSB042	722	4	parlare	parlare	_	_	_	_	_	linguistic	_	none	_	_	_	_	_	_
722-5	PSB042	722	5	sua	sua	_	_	_	_	_	linguistic	_	none	_	_	_	_	_	_
722-6	PSB042	722	6	lingua,	lingua	_	_	_	_	_	linguistic	_	none	Intonation=WeaklyRising	_	_	_	_	_
722-7	PSB042	722	7	no	no	_	_	_	_	_	linguistic	_	none	_	_	_	_	_	_
722-8	PSB042	722	8	lo	lo	_	_	_	_	_	linguistic	_	none	_	_	_	_	_	_
722-9	PSB042	722	9	so	so	_	_	_	_	_	linguistic	_	none	_	_	_	_	_	_
722-10	PSB042	722	10	quale	quale	_	_	_	_	_	linguistic	_	none	_	_	_	_	_	_
722-11	PSB042	722	11	lingua	lingua	_	_	_	_	_	linguistic	_	none	_	_	_	_	_	_
722-12	PSB042	722	12	(questa)	questa	_	_	_	_	_	linguistic	_	none	_	_	_	_	0-6(0)	_
722-13	PSB042	722	13	((ride))	((ride))	_	_	_	_	_	nonverbalbehavior	_	none	_	End=1554.798	_	_	_	_
723-0	PSB005	723	0	e	e	_	_	_	_	_	linguistic	_	none	_	Begin=1555.428	_	_	_	_
723-1	PSB005	723	1	e	e	_	_	_	_	_	linguistic	_	none	_	_	_	_	_	_
723-2	PSB005	723	2	e	e	_	_	_	_	_	linguistic	_	none	_	_	_	_	_	_
723-3	PSB005	723	3	tu	tu	_	_	_	_	_	linguistic	_	none	_	_	_	_	_	_
723-4	PSB005	723	4	parli	parli	_	_	_	_	_	linguistic	_	none	_	_	_	_	_	_
723-5	PSB005	723	5	al:,	al	_	_	_	_	_	linguistic	_	none	Intonation=WeaklyRising	_	1x1	_	_	_
723-6	PSB005	723	6	sei	sei	_	_	_	_	_	linguistic	_	none	_	_	_	_	_	_
723-7	PSB005	723	7	in	in	_	_	_	_	_	linguistic	_	none	_	_	_	_	_	_
723-8	PSB005	723	8	contatto	contatto	_	_	_	_	_	linguistic	_	none	_	_	_	_	_	_
723-9	PSB005	723	9	con	con	_	_	_	_	_	linguistic	_	none	_	_	_	_	_	_
723-10	PSB005	723	10	la	la	_	_	_	_	_	linguistic	_	none	_	_	_	_	_	_
723-11	PSB005	723	11	tua	tua	_	_	_	_	_	linguistic	_	none	_	_	_	_	_	_
723-12	PSB005	723	12	famiglia	famiglia	_	_	_	_	_	linguistic	_	none	_	_	_	_	_	_
723-13	PSB005	723	13	in	in	_	_	_	_	_	linguistic	_	none	_	_	_	_	_	_
723-14	PSB005	723	14	marocco	marocco	_	_	_	_	_	linguistic	_	none	_	_	_	_	_	_
723-15	PSB005	723	15	vi	vi	_	_	_	_	_	linguistic	_	none	_	_	_	_	_	_
723-16	PSB005	723	16	sentite	sentite	_	_	_	_	_	linguistic	_	none	_	_	_	_	_	_
723-17	PSB005	723	17	con	con	_	_	_	_	_	linguistic	_	none	_	_	_	_	_	_
723-18	PSB005	723	18	e:h,	eh	_	_	_	_	_	linguistic	_	none	Intonation=WeaklyRising	_	0x1	_	_	_
723-19	PSB005	723	19	cellulare[:],	cellulare	_	_	_	_	_	linguistic	_	none	Intonation=WeaklyRising	End=1561.758	8x1	_	_	_
724-0	PSB042	724	0	[sì	sì	_	_	_	_	_	linguistic	_	none	_	Begin=1561.318	_	_	_	0-2(193)
724-1	PSB042	724	1	sì]	sì	_	_	_	_	_	linguistic	_	none	_	_	_	_	_	0-2(193)
724-2	PSB042	724	2	sempre.	sempre	_	_	_	_	_	linguistic	_	none	Intonation=Falling	_	_	_	_	_
724-3	PSB042	724	3	ogni	ogni	_	_	_	_	_	linguistic	_	none	_	_	_	_	_	_
724-4	PSB042	724	4	giorno.	giorno	_	_	_	_	_	linguistic	_	none	Intonation=Falling	_	_	_	_	_
724-5	PSB042	724	5	s°ì:°	sì	_	_	_	_	_	linguistic	_	none	Volume=low	End=1563.878	1x1	_	_	_
725-0	PSB005	725	0	e	e	_	_	_	_	_	linguistic	_	none	_	Begin=1564.768	_	_	_	_
725-1	PSB005	725	1	loro	loro	_	_	_	_	_	linguistic	_	none	_	_	_	_	_	_
725-2	PSB005	725	2	son	son	_	_	_	_	_	linguistic	_	none	_	_	_	_	_	_
725-3	PSB005	725	3	ven~	ven~	_	_	_	_	_	linguistic	_	none	Interrupted=Yes	_	_	_	_	_
725-4	PSB005	725	4	sono	sono	_	_	_	_	_	linguistic	_	none	_	_	_	_	_	_
725-5	PSB005	725	5	venut[i	venuti	_	_	_	_	_	linguistic	_	none	_	_	_	_	_	5-6(194)
725-6	PSB005	725	6	mai],	mai	_	_	_	_	_	linguistic	_	none	Intonation=WeaklyRising	End=1566.278	_	_	_	0-3(194)
726-0	PSB042	726	0	[con	con	_	_	_	_	_	linguistic	_	yes	_	Begin=1565.958	_	_	_	_
726-1	PSB042	726	1	la	la	_	_	_	_	_	linguistic	_	yes	_	_	_	_	_	_
726-2	PSB042	726	2	#*téléphone	téléphone	_	_	_	_	_	linguistic	_	yes	Language=NO_ISO_CODE|Variation=Doubtful	_	_	_	_	_
726-3	PSB042	726	3	non	non	_	_	_	_	_	linguistic	_	yes	_	_	_	_	_	_
726-4	PSB042	726	4	è	è	_	_	_	_	_	linguistic	_	yes	_	_	_	_	_	_
726-5	PSB042	726	5	senti	senti	_	_	_	_	_	linguistic	_	yes	_	_	_	_	_	_
726-6	PSB042	726	6	#*que	que	_	_	_	_	_	linguistic	_	yes	Language=NO_ISO_CODE|Variation=Doubtful	_	_	_	_	_
726-7	PSB042	726	7	c'	c'	_	_	_	_	_	linguistic	_	yes	SpaceAfter=No	_	_	_	_	_
726-8	PSB042	726	8	è:.	è	_	_	_	_	_	linguistic	_	yes	Intonation=Falling|PauseAfter=Yes	_	0x1	_	_	_
726-9	PSB042	726	9	(.)	(.)	_	_	_	_	_	shortpause	_	yes	_	_	_	_	_	_
726-10	PSB042	726	10	#quand	quand	_	_	_	_	_	linguistic	_	yes	Language=NO_ISO_CODE|Variation=Token	_	_	_	_	_
726-11	PSB042	726	11	parlare	parlare	_	_	_	_	_	linguistic	_	yes	_	_	_	_	_	_
726-12	PSB042	726	12	ogni	ogni	_	_	_	_	_	linguistic	_	yes	_	_	_	_	_	_
726-13	PSB042	726	13	giorno	giorno	_	_	_	_	_	linguistic	_	yes	_	_	_	_	_	_
726-14	PSB042	726	14	ci	ci	_	_	_	_	_	linguistic	_	yes	_	_	_	_	_	_
726-15	PSB042	726	15	senti	senti	_	_	_	_	_	linguistic	_	yes	_	_	_	_	_	_
726-16	PSB042	726	16	bene.	bene	_	_	_	_	_	linguistic	_	yes	Intonation=Falling	End=1571.708	_	_	_	_
727-0	PSB005	727	0	sì	sì	_	_	_	_	_	linguistic	_	none	_	Begin=1572.058	_	_	_	_
727-1	PSB005	727	1	s[ì].	sì	_	_	_	_	_	linguistic	_	none	Intonation=Falling	End=1572.438	_	_	_	1-2(195)
728-0	PSB042	728	0	[no]n	non	_	_	_	_	_	linguistic	_	yes	_	Begin=1572.298	_	_	_	0-2(195)
728-1	PSB042	728	1	è	è	_	_	_	_	_	linguistic	_	yes	_	_	_	_	_	_
728-2	PSB042	728	2	senti	senti	_	_	_	_	_	linguistic	_	yes	_	_	_	_	_	_
728-3	PSB042	728	3	#*que	que	_	_	_	_	_	linguistic	_	yes	PauseAfter=Yes|Language=NO_ISO_CODE|Variation=Doubtful	_	_	_	_	_
728-4	PSB042	728	4	(.)	(.)	_	_	_	_	_	shortpause	_	yes	_	_	_	_	_	_
728-5	PSB042	728	5	fuori	fuori	_	_	_	_	_	linguistic	_	yes	_	End=1574.498	_	_	_	_
729-0	PSB042	729	0	aiuta	aiuta	_	_	_	_	_	linguistic	_	yes	_	Begin=1575.358	_	_	_	_
729-1	PSB042	729	1	la	la	_	_	_	_	_	linguistic	_	yes	_	_	_	_	_	_
729-2	PSB042	729	2	#téléphone	téléphone	_	_	_	_	_	linguistic	_	yes	Language=NO_ISO_CODE|Variation=Token	_	_	_	_	_
729-3	PSB042	729	3	[°sì:°]	sì	_	_	_	_	_	linguistic	_	yes	Volume=low	_	1x1	_	_	0-2(196)
729-4	PSB042	729	4	senza	senza	_	_	_	_	_	linguistic	_	yes	_	_	_	_	_	_
729-5	PSB042	729	5	#téléphone	téléphone	_	_	_	_	_	linguistic	_	yes	Language=NO_ISO_CODE|Variation=Token	_	_	_	_	_
729-6	PSB042	729	6	è	è	_	_	_	_	_	linguistic	_	yes	_	_	_	_	_	_
729-7	PSB042	729	7	difficile	difficile	_	_	_	_	_	linguistic	_	yes	_	End=1579.118	_	_	_	_
730-0	PSB005	730	0	[sì	sì	_	_	_	_	_	linguistic	_	none	_	Begin=1576.535	_	_	_	0-2(196)
730-1	PSB005	730	1	sì]	sì	_	_	_	_	_	linguistic	_	none	_	End=1577.161	_	_	_	0-2(196)
731-0	PSB042	731	0	per	per	_	_	_	_	_	linguistic	_	none	_	Begin=1579.988	_	_	_	_
731-1	PSB042	731	1	sapere	sapere	_	_	_	_	_	linguistic	_	none	_	_	_	_	_	_
731-2	PSB042	731	2	tutte	tutte	_	_	_	_	_	linguistic	_	none	_	_	_	_	_	_
731-3	PSB042	731	3	le	le	_	_	_	_	_	linguistic	_	none	_	_	_	_	_	_
731-4	PSB042	731	4	giorni,	giorni	_	_	_	_	_	linguistic	_	none	Intonation=WeaklyRising	_	_	_	_	_
731-5	PSB042	731	5	tutto	tutto	_	_	_	_	_	linguistic	_	none	_	_	_	_	_	_
731-6	PSB042	731	6	okay,	okay	_	_	_	_	_	linguistic	_	none	Intonation=WeaklyRising	_	_	_	_	_
731-7	PSB042	731	7	tut°to°	tutto	_	_	_	_	_	linguistic	_	none	Volume=low	End=1583.398	_	_	_	_
732-0	PSB005	732	0	mhmh,	mhmh	_	_	_	_	_	linguistic	_	none	Intonation=WeaklyRising	Begin=1584.418|End=1584.828	_	_	_	_
733-0	PSB005	733	0	sì	sì	_	_	_	_	_	linguistic	_	none	_	Begin=1585.578	_	_	_	_
733-1	PSB005	733	1	senza	senza	_	_	_	_	_	linguistic	_	none	_	_	_	_	_	_
733-2	PSB005	733	2	l~	l~	_	_	_	_	_	linguistic	_	none	Interrupted=Yes	_	_	_	_	_
733-3	PSB005	733	3	la	la	_	_	_	_	_	linguistic	_	none	_	_	_	_	_	_
733-4	PSB005	733	4	tecnologia:.	tecnologia	_	_	_	_	_	linguistic	_	none	Intonation=Falling	End=1588.008	9x1	_	_	_
734-0	PSB042	734	0	la	la	_	_	_	_	_	linguistic	_	none	_	Begin=1588.028	_	_	_	_
734-1	PSB042	734	1	tecnologia	tecnologia	_	_	_	_	_	linguistic	_	none	_	_	_	_	_	_
734-2	PSB042	734	2	fa	fa	_	_	_	_	_	linguistic	_	none	_	_	_	_	_	_
734-3	PSB042	734	3	bene	bene	_	_	_	_	_	linguistic	_	none	_	_	_	_	_	_
734-4	PSB042	734	4	[per]	per	_	_	_	_	_	linguistic	_	none	_	_	_	_	_	0-3(197)
734-5	PSB042	734	5	me	me	_	_	_	_	_	linguistic	_	none	_	_	_	_	_	_
734-6	PSB042	734	6	((ride))	((ride))	_	_	_	_	_	nonverbalbehavior	_	none	_	End=1591.618	_	_	_	_
735-0	PSB005	735	0	[sì]	sì	_	_	_	_	_	linguistic	_	none	_	Begin=1590.038|End=1590.268	_	_	_	0-2(198)
736-0	PSB005	736	0	[an~	an~	_	_	_	_	_	linguistic	_	none	Interrupted=Yes	Begin=1590.818	_	_	_	0-3(197)
736-1	PSB005	736	1	sì	sì	_	_	_	_	_	linguistic	_	none	_	_	_	_	_	0-2(197)
736-2	PSB005	736	2	sì].	sì	_	_	_	_	_	linguistic	_	none	Intonation=Falling	End=1591.598	_	_	_	0-2(197)
737-0	PSB005	737	0	anch'	anch'	_	_	_	_	_	linguistic	_	none	SpaceAfter=No	Begin=1592.278	_	_	_	_
737-1	PSB005	737	1	io	io	_	_	_	_	_	linguistic	_	none	_	_	_	_	_	_
737-2	PSB005	737	2	sono	sono	_	_	_	_	_	linguistic	_	none	_	_	_	_	_	_
737-3	PSB005	737	3	stata	stata	_	_	_	_	_	linguistic	_	none	_	_	_	_	_	_
737-4	PSB005	737	4	un	un	_	_	_	_	_	linguistic	_	none	_	_	_	_	_	_
737-5	PSB005	737	5	po'	po'	_	_	_	_	_	linguistic	_	none	_	_	_	_	_	_
737-6	PSB005	737	6	lontana	lontana	_	_	_	_	_	linguistic	_	none	_	_	_	_	_	_
737-7	PSB005	737	7	da:	da	_	_	_	_	_	linguistic	_	none	_	_	1x1	_	_	_
737-8	PSB005	737	8	mio:	mio	_	_	_	_	_	linguistic	_	none	PauseAfter=Yes	_	2x1	_	_	_
737-9	PSB005	737	9	(.)	(.)	_	_	_	_	_	shortpause	_	none	_	_	_	_	_	_
737-10	PSB005	737	10	fidanzato,	fidanzato	_	_	_	_	_	linguistic	_	none	Intonation=WeaklyRising	_	_	_	_	_
737-11	PSB005	737	11	marito,	marito	_	_	_	_	_	linguistic	_	none	Intonation=WeaklyRising	End=1596.938	_	_	_	_
738-0	PSB042	738	0	sì:	sì	_	_	_	_	_	linguistic	_	none	_	Begin=1596.968|End=1597.538	1x1	_	_	_
739-0	PSB005	739	0	quindi	quindi	_	_	_	_	_	linguistic	_	none	_	Begin=1597.908	_	_	_	_
739-1	PSB005	739	1	capisco.	capisco	_	_	_	_	_	linguistic	_	none	Intonation=Falling|PauseAfter=Yes	_	_	_	_	_
739-2	PSB005	739	2	(.)	(.)	_	_	_	_	_	shortpause	_	none	_	_	_	_	_	_
739-3	PSB005	739	3	un	un	_	_	_	_	_	linguistic	_	none	_	_	_	_	_	_
739-4	PSB005	739	4	po'	po'	_	_	_	_	_	linguistic	_	none	_	_	_	_	_	_
739-5	PSB005	739	5	[pe]rò	però	_	_	_	_	_	linguistic	_	none	_	_	_	_	_	0-2(199)
739-6	PSB005	739	6	due	due	_	_	_	_	_	linguistic	_	none	_	_	_	_	_	_
739-7	PSB005	739	7	anni	anni	_	_	_	_	_	linguistic	_	none	_	_	_	_	_	_
739-8	PSB005	739	8	è	è	_	_	_	_	_	linguistic	_	none	_	_	_	_	_	_
739-9	PSB005	739	9	tanto	tanto	_	_	_	_	_	linguistic	_	none	_	_	_	_	_	_
739-10	PSB005	739	10	tempo	tempo	_	_	_	_	_	linguistic	_	none	_	_	_	_	_	_
739-11	PSB005	739	11	lont[ano]	lontano	_	_	_	_	_	linguistic	_	none	_	End=1602.138	_	_	_	4-7(200)
740-0	PSB042	740	0	[sì].	sì	_	_	_	_	_	linguistic	_	none	Intonation=Falling	Begin=1599.788|End=1600.088	_	_	_	0-2(199)
741-0	PSB042	741	0	[due]	due	_	_	_	_	_	linguistic	_	none	_	Begin=1601.818	_	_	_	0-3(200)
741-1	PSB042	741	1	anno	anno	_	_	_	_	_	linguistic	_	none	PauseAfter=Yes	_	_	_	_	_
741-2	PSB042	741	2	(.)	(.)	_	_	_	_	_	shortpause	_	none	_	_	_	_	_	_
741-3	PSB042	741	3	è	è	_	_	_	_	_	linguistic	_	none	_	_	_	_	_	_
741-4	PSB042	741	4	troppo.	troppo	_	_	_	_	_	linguistic	_	none	Intonation=Falling	_	_	_	_	_
741-5	PSB042	741	5	[sì]	sì	_	_	_	_	_	linguistic	_	none	_	End=1604.258	_	_	_	0-2(201)
742-0	PSB005	742	0	[mh].	mh	_	_	_	_	_	linguistic	_	none	Intonation=Falling|PauseAfter=Yes	Begin=1604.003	_	_	_	0-2(201)
742-1	PSB005	742	1	(.)	(.)	_	_	_	_	_	shortpause	_	none	_	_	_	_	_	_
742-2	PSB005	742	2	è	è	_	_	_	_	_	linguistic	_	none	_	_	_	_	_	_
742-3	PSB005	742	3	molto	molto	_	_	_	_	_	linguistic	_	none	_	_	_	_	_	_
742-4	PSB005	742	4	tempo.	tempo	_	_	_	_	_	linguistic	_	none	Intonation=Falling	End=1605.773	_	_	_	_
743-0	PSB042	743	0	mh.	mh	_	_	_	_	_	linguistic	_	none	Intonation=Falling	Begin=1606.188|End=1606.848	_	_	_	_
744-0	PSB005	744	0	e	e	_	_	_	_	_	linguistic	_	none	_	Begin=1606.928	_	_	_	_
744-1	PSB005	744	1	n~	n~	_	_	_	_	_	linguistic	_	none	Interrupted=Yes	_	_	_	_	_
744-2	PSB005	744	2	sono	sono	_	_	_	_	_	linguistic	_	none	_	_	_	_	_	_
744-3	PSB005	744	3	venuti	venuti	_	_	_	_	_	linguistic	_	none	_	_	_	_	_	_
744-4	PSB005	744	4	qui.	qui	_	_	_	_	_	linguistic	_	none	Intonation=Falling	_	_	_	_	_
744-5	PSB005	744	5	i	i	_	_	_	_	_	linguistic	_	none	_	_	_	_	_	_
744-6	PSB005	744	6	tuoi	tuoi	_	_	_	_	_	linguistic	_	none	_	_	_	_	_	_
744-7	PSB005	744	7	genitori:,	genitori	_	_	_	_	_	linguistic	_	none	Intonation=WeaklyRising	_	7x1	_	_	_
744-8	PSB005	744	8	a	a	_	_	_	_	_	linguistic	_	none	_	_	_	_	_	_
744-9	PSB005	744	9	vedere	vedere	_	_	_	_	_	linguistic	_	none	_	_	_	_	_	_
744-10	PSB005	744	10	il	il	_	_	_	_	_	linguistic	_	none	_	_	_	_	_	_
744-11	PSB005	744	11	nipotino.	nipotino	_	_	_	_	_	linguistic	_	none	Intonation=Falling	_	_	_	_	_
744-12	PSB005	744	12	no?	no	_	_	_	_	_	linguistic	_	none	Intonation=Rising	End=1611.528	_	_	_	_
745-0	PSB042	745	0	io	io	_	_	_	_	_	linguistic	_	yes	_	Begin=1612.208	_	_	_	_
745-1	PSB042	745	1	andare	andare	_	_	_	_	_	linguistic	_	yes	_	_	_	_	_	_
745-2	PSB042	745	2	per	per	_	_	_	_	_	linguistic	_	yes	_	_	_	_	_	_
745-3	PSB042	745	3	vedere.	vedere	_	_	_	_	_	linguistic	_	yes	Intonation=Falling	_	_	_	_	_
745-4	PSB042	745	4	andare	andare	_	_	_	_	_	linguistic	_	yes	_	_	_	_	_	_
745-5	PSB042	745	5	anche	anche	_	_	_	_	_	linguistic	_	yes	_	_	_	_	_	_
745-6	PSB042	745	6	#arabie	arabie	_	_	_	_	_	linguistic	_	yes	Language=NO_ISO_CODE|Variation=Token	_	_	_	_	_
745-7	PSB042	745	7	#saoudite	saoudite	_	_	_	_	_	linguistic	_	yes	Language=NO_ISO_CODE|Variation=Token	_	_	_	_	_
745-8	PSB042	745	8	per	per	_	_	_	_	_	linguistic	_	yes	_	_	_	_	_	_
745-9	PSB042	745	9	vedere	vedere	_	_	_	_	_	linguistic	_	yes	_	_	_	_	_	_
745-10	PSB042	745	10	mia	mia	_	_	_	_	_	linguistic	_	yes	_	_	_	_	_	_
745-11	PSB042	745	11	sau~	sau~	_	_	_	_	_	linguistic	_	yes	Interrupted=Yes	_	_	_	_	_
745-12	PSB042	745	12	[°eh°]	eh	_	_	_	_	_	linguistic	_	yes	Volume=low	_	_	_	_	0-2(202)
745-13	PSB042	745	13	mia	mia	_	_	_	_	_	linguistic	_	yes	_	_	_	_	_	_
745-14	PSB042	745	14	sorella:,	sorella	_	_	_	_	_	linguistic	_	yes	Intonation=WeaklyRising	_	6x1	_	_	_
745-15	PSB042	745	15	mia	mia	_	_	_	_	_	linguistic	_	yes	_	_	_	_	_	_
745-16	PSB042	745	16	bambino,	bambino	_	_	_	_	_	linguistic	_	yes	Intonation=WeaklyRising	End=1619.938	_	_	_	_
746-0	PSB005	746	0	[mhmh]	mhmh	_	_	_	_	_	linguistic	_	none	_	Begin=1617.34|End=1617.94	_	_	_	0-4(202)
747-0	PSB042	747	0	ma	ma	_	_	_	_	_	linguistic	_	yes	_	Begin=1620.398	_	_	_	_
747-1	PSB042	747	1	per	per	_	_	_	_	_	linguistic	_	yes	_	_	_	_	_	_
747-2	PSB042	747	2	arriva	arriva	_	_	_	_	_	linguistic	_	yes	_	_	_	_	_	_
747-3	PSB042	747	3	mio	mio	_	_	_	_	_	linguistic	_	yes	_	_	_	_	_	_
747-4	PSB042	747	4	padre	padre	_	_	_	_	_	linguistic	_	yes	_	_	_	_	_	_
747-5	PSB042	747	5	mio	mio	_	_	_	_	_	linguistic	_	yes	_	_	_	_	_	_
747-6	PSB042	747	6	madre,	madre	_	_	_	_	_	linguistic	_	yes	Intonation=WeaklyRising	_	_	_	_	_
747-7	PSB042	747	7	mh.	mh	_	_	_	_	_	linguistic	_	yes	Intonation=Falling|PauseAfter=Yes	_	_	_	_	_
747-8	PSB042	747	8	(.)	(.)	_	_	_	_	_	shortpause	_	yes	_	_	_	_	_	_
747-9	PSB042	747	9	per	per	_	_	_	_	_	linguistic	_	yes	_	_	_	_	_	_
747-10	PSB042	747	10	prend~,	prend~	_	_	_	_	_	linguistic	_	yes	Intonation=WeaklyRising|Interrupted=Yes	_	_	_	_	_
747-11	PSB042	747	11	per	per	_	_	_	_	_	linguistic	_	yes	_	_	_	_	_	_
747-12	PSB042	747	12	la	la	_	_	_	_	_	linguistic	_	yes	_	_	_	_	_	_
747-13	PSB042	747	13	#visa,	visa	_	_	_	_	_	linguistic	_	yes	Intonation=WeaklyRising|Language=NO_ISO_CODE|Variation=Token	_	_	_	_	_
747-14	PSB042	747	14	è	è	_	_	_	_	_	linguistic	_	yes	_	_	_	_	_	_
747-15	PSB042	747	15	difficile.	difficile	_	_	_	_	_	linguistic	_	yes	Intonation=Falling	End=1627.138	_	_	_	_
748-0	PSB042	748	0	serve:.	serve	_	_	_	_	_	linguistic	_	yes	Intonation=Falling	Begin=1627.708	4x1	_	_	_
748-1	PSB042	748	1	è	è	_	_	_	_	_	linguistic	_	yes	_	_	_	_	_	_
748-2	PSB042	748	2	bloccato	bloccato	_	_	_	_	_	linguistic	_	yes	_	_	_	_	_	_
748-3	PSB042	748	3	#maroc	maroc	_	_	_	_	_	linguistic	_	yes	Language=NO_ISO_CODE|Variation=Token	_	_	_	_	_
748-4	PSB042	748	4	ades-.	ades-	_	_	_	_	_	linguistic	_	yes	Intonation=Falling|Interrupted=Yes|PauseAfter=Yes	_	_	_	_	_
748-5	PSB042	748	5	(.)	(.)	_	_	_	_	_	shortpause	_	yes	_	_	_	_	_	_
748-6	PSB042	748	6	solo	solo	_	_	_	_	_	linguistic	_	yes	_	_	_	_	_	_
748-7	PSB042	748	7	per	per	_	_	_	_	_	linguistic	_	yes	_	_	_	_	_	_
748-8	PSB042	748	8	prendi	prendi	_	_	_	_	_	linguistic	_	yes	_	_	_	_	_	_
748-9	PSB042	748	9	appuntamento,	appuntamento	_	_	_	_	_	linguistic	_	yes	Intonation=WeaklyRising	_	_	_	_	_
748-10	PSB042	748	10	per	per	_	_	_	_	_	linguistic	_	yes	_	_	_	_	_	_
748-11	PSB042	748	11	la	la	_	_	_	_	_	linguistic	_	yes	_	_	_	_	_	_
748-12	PSB042	748	12	#visa,	visa	_	_	_	_	_	linguistic	_	yes	Intonation=WeaklyRising|Language=NO_ISO_CODE|Variation=Token	_	_	_	_	_
748-13	PSB042	748	13	una	una	_	_	_	_	_	linguistic	_	yes	_	_	_	_	_	_
748-14	PSB042	748	14	volta	volta	_	_	_	_	_	linguistic	_	yes	_	_	_	_	_	_
748-15	PSB042	748	15	al	al	_	_	_	_	_	linguistic	_	yes	_	_	_	_	_	_
748-16	PSB042	748	16	mese.	mese	_	_	_	_	_	linguistic	_	yes	Intonation=Falling	End=1636.618	_	_	_	_
749-0	PSB042	749	0	la	la	_	_	_	_	_	linguistic	_	yes	_	Begin=1637.618	_	_	_	_
749-1	PSB042	749	1	#embassade	embassade	_	_	_	_	_	linguistic	_	yes	Language=NO_ISO_CODE|Variation=Token	_	_	_	_	_
749-2	PSB042	749	2	#à	à	_	_	_	_	_	linguistic	_	yes	Language=NO_ISO_CODE|Variation=Token	_	_	_	_	_
749-3	PSB042	749	3	#l'	l'	_	_	_	_	_	linguistic	_	yes	SpaceAfter=No|Language=NO_ISO_CODE|Variation=Token	_	_	_	_	_
749-4	PSB042	749	4	#italie,	italie	_	_	_	_	_	linguistic	_	yes	Intonation=WeaklyRising|PauseAfter=Yes|Language=NO_ISO_CODE|Variation=Token	_	_	_	_	_
749-5	PSB042	749	5	(.)	(.)	_	_	_	_	_	shortpause	_	yes	_	_	_	_	_	_
749-6	PSB042	749	6	non	non	_	_	_	_	_	linguistic	_	yes	_	_	_	_	_	_
749-7	PSB042	749	7	è	è	_	_	_	_	_	linguistic	_	yes	_	_	_	_	_	_
749-8	PSB042	749	8	interessa.	interessa	_	_	_	_	_	linguistic	_	yes	Intonation=Falling	_	_	_	_	_
749-9	PSB042	749	9	c'	c'	_	_	_	_	_	linguistic	_	yes	SpaceAfter=No	_	_	_	_	_
749-10	PSB042	749	10	è	è	_	_	_	_	_	linguistic	_	yes	_	_	_	_	_	_
749-11	PSB042	749	11	#bureau	bureau	_	_	_	_	_	linguistic	_	yes	Language=NO_ISO_CODE|Variation=Token	_	_	_	_	_
749-12	PSB042	749	12	per	per	_	_	_	_	_	linguistic	_	yes	_	_	_	_	_	_
749-13	PSB042	749	13	queste	queste	_	_	_	_	_	linguistic	_	yes	_	_	_	_	_	_
749-14	PSB042	749	14	cose.	cose	_	_	_	_	_	linguistic	_	yes	Intonation=Falling	End=1643.448	_	_	_	_
750-0	PSB005	750	0	sì	sì	_	_	_	_	_	linguistic	_	none	_	Begin=1644.108	_	_	_	_
750-1	PSB005	750	1	sì.	sì	_	_	_	_	_	linguistic	_	none	Intonation=Falling	End=1644.558	_	_	_	_
751-0	PSB042	751	0	serve	serve	_	_	_	_	_	linguistic	_	none	_	Begin=1644.878	_	_	_	_
751-1	PSB042	751	1	troppo,	troppo	_	_	_	_	_	linguistic	_	none	Intonation=WeaklyRising	_	_	_	_	_
751-2	PSB042	751	2	$documente,	documente	_	_	_	_	_	linguistic	_	none	Intonation=WeaklyRising|Orthography=Yes|Variation=Emerging	_	_	_	_	_
751-3	PSB042	751	3	serve.	serve	_	_	_	_	_	linguistic	_	none	Intonation=Falling	_	_	_	_	_
751-4	PSB042	751	4	non	non	_	_	_	_	_	linguistic	_	none	_	_	_	_	_	_
751-5	PSB042	751	5	è	è	_	_	_	_	_	linguistic	_	none	_	_	_	_	_	_
751-6	PSB042	751	6	così	così	_	_	_	_	_	linguistic	_	none	_	_	_	_	_	_
751-7	PSB042	751	7	facile.	facile	_	_	_	_	_	linguistic	_	none	Intonation=Falling	End=1649.338	_	_	_	_
752-0	PSB005	752	0	mhmh	mhmh	_	_	_	_	_	linguistic	_	none	_	Begin=1649.448|End=1649.678	_	_	_	_
753-0	PSB042	753	0	[anche	anche	_	_	_	_	_	linguistic	_	yes	_	Begin=1650.508	_	_	_	0-5(203)
753-1	PSB042	753	1	se]	se	_	_	_	_	_	linguistic	_	yes	_	_	_	_	_	0-2(203)
753-2	PSB042	753	2	ma:nda	manda	_	_	_	_	_	linguistic	_	yes	_	_	1x1	_	_	_
753-3	PSB042	753	3	tutte	tutte	_	_	_	_	_	linguistic	_	yes	_	_	_	_	_	_
753-4	PSB042	753	4	le	le	_	_	_	_	_	linguistic	_	yes	_	_	_	_	_	_
753-5	PSB042	753	5	cose	cose	_	_	_	_	_	linguistic	_	yes	_	_	_	_	_	_
753-6	PSB042	753	6	che	che	_	_	_	_	_	linguistic	_	yes	_	_	_	_	_	_
753-7	PSB042	753	7	se:rve,	serve	_	_	_	_	_	linguistic	_	yes	Intonation=WeaklyRising|PauseAfter=Yes	_	1x1	_	_	_
753-8	PSB042	753	8	(.)	(.)	_	_	_	_	_	shortpause	_	yes	_	_	_	_	_	_
753-9	PSB042	753	9	aspetta	aspetta	_	_	_	_	_	linguistic	_	yes	_	_	_	_	_	_
753-10	PSB042	753	10	appuntamento,	appuntamento	_	_	_	_	_	linguistic	_	yes	Intonation=WeaklyRising	_	_	_	_	_
753-11	PSB042	753	11	chi	chi	_	_	_	_	_	linguistic	_	yes	_	_	_	_	_	_
753-12	PSB042	753	12	lo	lo	_	_	_	_	_	linguistic	_	yes	_	_	_	_	_	_
753-13	PSB042	753	13	sa	sa	_	_	_	_	_	linguistic	_	yes	_	_	_	_	_	_
753-14	PSB042	753	14	c'	c'	_	_	_	_	_	linguistic	_	yes	SpaceAfter=No	_	_	_	_	_
753-15	PSB042	753	15	è	è	_	_	_	_	_	linguistic	_	yes	_	_	_	_	_	_
753-16	PSB042	753	16	la	la	_	_	_	_	_	linguistic	_	yes	_	_	_	_	_	_
753-17	PSB042	753	17	#visa	visa	_	_	_	_	_	linguistic	_	yes	Language=NO_ISO_CODE|Variation=Token	_	_	_	_	_
753-18	PSB042	753	18	o	o	_	_	_	_	_	linguistic	_	yes	_	_	_	_	_	_
753-19	PSB042	753	19	no.	no	_	_	_	_	_	linguistic	_	yes	Intonation=Falling	End=1658.118	_	_	_	_
754-0	PSB005	754	0	[sì	sì	_	_	_	_	_	linguistic	_	none	_	Begin=1650.538	_	_	_	0-2(203)
754-1	PSB005	754	1	sì	sì	_	_	_	_	_	linguistic	_	none	_	_	_	_	_	0-2(203)
754-2	PSB005	754	2	sì]	sì	_	_	_	_	_	linguistic	_	none	_	End=1651.138	_	_	_	0-2(203)
755-0	PSB042	755	0	ma	ma	_	_	_	_	_	linguistic	_	none	_	Begin=1658.368	_	_	_	_
755-1	PSB042	755	1	per	per	_	_	_	_	_	linguistic	_	none	_	_	_	_	_	_
755-2	PSB042	755	2	una	una	_	_	_	_	_	linguistic	_	none	_	_	_	_	_	_
755-3	PSB042	755	3	vecchi(e)	vecchie	_	_	_	_	_	linguistic	_	none	_	_	_	_	6-7(0)	_
755-4	PSB042	755	4	donna	donna	_	_	_	_	_	linguistic	_	none	_	_	_	_	_	_
755-5	PSB042	755	5	e:.	e	_	_	_	_	_	linguistic	_	none	Intonation=Falling	_	0x1	_	_	_
755-6	PSB042	755	6	uomo,	uomo	_	_	_	_	_	linguistic	_	none	Intonation=WeaklyRising	_	_	_	_	_
755-7	PSB042	755	7	non	non	_	_	_	_	_	linguistic	_	none	_	_	_	_	_	_
755-8	PSB042	755	8	lo	lo	_	_	_	_	_	linguistic	_	none	_	_	_	_	_	_
755-9	PSB042	755	9	so.	so	_	_	_	_	_	linguistic	_	none	Intonation=Falling|PauseAfter=Yes	_	_	_	_	_
755-10	PSB042	755	10	(.)	(.)	_	_	_	_	_	shortpause	_	none	_	_	_	_	_	_
755-11	PSB042	755	11	per	per	_	_	_	_	_	linguistic	_	none	_	_	_	_	_	_
755-12	PSB042	755	12	vedere	vedere	_	_	_	_	_	linguistic	_	none	_	_	_	_	_	_
755-13	PSB042	755	13	solo.	solo	_	_	_	_	_	linguistic	_	none	Intonation=Falling	_	_	_	_	_
755-14	PSB042	755	14	sua:.	sua	_	_	_	_	_	linguistic	_	none	Intonation=Falling|PauseAfter=Yes	_	2x1	_	_	_
755-15	PSB042	755	15	(.)	(.)	_	_	_	_	_	shortpause	_	none	_	_	_	_	_	_
755-16	PSB042	755	16	figlia,	figlia	_	_	_	_	_	linguistic	_	none	Intonation=WeaklyRising	_	_	_	_	_
755-17	PSB042	755	17	e	e	_	_	_	_	_	linguistic	_	none	_	_	_	_	_	_
755-18	PSB042	755	18	sua	sua	_	_	_	_	_	linguistic	_	none	_	_	_	_	_	_
755-19	PSB042	755	19	nipote,	nipote	_	_	_	_	_	linguistic	_	none	Intonation=WeaklyRising	End=1667.84	_	_	_	_
756-0	PSB042	756	0	non	non	_	_	_	_	_	linguistic	_	none	_	Begin=1668.695	_	_	_	_
756-1	PSB042	756	1	so	so	_	_	_	_	_	linguistic	_	none	_	_	_	_	_	_
756-2	PSB042	756	2	perché	perché	_	_	_	_	_	linguistic	_	none	_	_	_	_	_	_
756-3	PSB042	756	3	complicato	complicato	_	_	_	_	_	linguistic	_	none	_	End=1670.522	_	_	_	_
757-0	PSB005	757	0	dovrebbero	dovrebbero	_	_	_	_	_	linguistic	_	none	_	Begin=1670.848	_	_	_	_
757-1	PSB005	757	1	fare	fare	_	_	_	_	_	linguistic	_	none	_	_	_	_	_	_
757-2	PSB005	757	2	un	un	_	_	_	_	_	linguistic	_	none	PauseAfter=Yes	_	_	_	_	_
757-3	PSB005	757	3	(.)	(.)	_	_	_	_	_	shortpause	_	none	_	_	_	_	_	_
757-4	PSB005	757	4	venire	venire	_	_	_	_	_	linguistic	_	none	_	_	_	_	_	_
757-5	PSB005	757	5	per	per	_	_	_	_	_	linguistic	_	none	PauseAfter=Yes	_	_	_	_	_
757-6	PSB005	757	6	(.)	(.)	_	_	_	_	_	shortpause	_	none	_	_	_	_	_	_
757-7	PSB005	757	7	periodo	periodo	_	_	_	_	_	linguistic	_	none	_	_	_	_	_	_
757-8	PSB005	757	8	breve	breve	_	_	_	_	_	linguistic	_	none	_	_	_	_	_	_
757-9	PSB005	757	9	[forse	forse	_	_	_	_	_	linguistic	_	none	_	_	_	_	_	0-5(204)
757-10	PSB005	757	10	come	come	_	_	_	_	_	linguistic	_	none	_	_	_	_	_	0-4(204)
757-11	PSB005	757	11	turi]sti.	turisti	_	_	_	_	_	linguistic	_	none	Intonation=Falling	End=1676.493	_	_	_	0-4(204)
758-0	PSB042	758	0	[sì:]	sì	_	_	_	_	_	linguistic	_	none	_	Begin=1675.028|End=1675.848	1x1	_	_	0-2(204)
759-0	PSB042	759	0	sì.	sì	_	_	_	_	_	linguistic	_	none	Intonation=Falling	Begin=1676.538|End=1676.888	_	_	_	_
760-0	PSB005	760	0	[ma	ma	_	_	_	_	_	linguistic	_	none	_	Begin=1677.666	_	_	_	0-2(205)
760-1	PSB005	760	1	non	non	_	_	_	_	_	linguistic	_	none	_	_	_	_	_	0-3(205)
760-2	PSB005	760	2	po]ssono	possono	_	_	_	_	_	linguistic	_	none	_	_	_	_	_	0-2(205)
760-3	PSB005	760	3	nean~	nean~	_	_	_	_	_	linguistic	_	none	Interrupted=Yes	_	_	_	_	_
760-4	PSB005	760	4	neanche	neanche	_	_	_	_	_	linguistic	_	none	_	_	_	_	_	_
760-5	PSB005	760	5	per	per	_	_	_	_	_	linguistic	_	none	_	_	_	_	_	_
760-6	PSB005	760	6	poco?	poco	_	_	_	_	_	linguistic	_	none	Intonation=Rising	End=1680.053	_	_	_	_
761-0	PSB042	761	0	[ma	ma	_	_	_	_	_	linguistic	_	none	_	Begin=1677.678	_	_	_	0-2(205)
761-1	PSB042	761	1	non	non	_	_	_	_	_	linguistic	_	none	_	_	_	_	_	0-3(205)
761-2	PSB042	761	2	è-].	è-	_	_	_	_	_	linguistic	_	none	Intonation=Falling|Interrupted=Yes	End=1678.208	_	_	_	0-2(205)
762-0	PSB042	762	0	serve.	serve	_	_	_	_	_	linguistic	_	none	Intonation=Falling|PauseAfter=Yes	Begin=1680.248	_	_	_	_
762-1	PSB042	762	1	(.)	(.)	_	_	_	_	_	shortpause	_	none	_	_	_	_	_	_
762-2	PSB042	762	2	appuntamento,	appuntamento	_	_	_	_	_	linguistic	_	none	Intonation=WeaklyRising	End=1683.44	_	_	_	_
763-0	PSB042	763	0	non	non	_	_	_	_	_	linguistic	_	yes	_	Begin=1683.66	_	_	_	_
763-1	PSB042	763	1	è	è	_	_	_	_	_	linguistic	_	yes	_	_	_	_	_	_
763-2	PSB042	763	2	così	così	_	_	_	_	_	linguistic	_	yes	_	_	_	_	_	_
763-3	PSB042	763	3	facile	facile	_	_	_	_	_	linguistic	_	yes	_	_	_	_	_	_
763-4	PSB042	763	4	per	per	_	_	_	_	_	linguistic	_	yes	_	_	_	_	_	_
763-5	PSB042	763	5	prendi	prendi	_	_	_	_	_	linguistic	_	yes	_	_	_	_	_	_
763-6	PSB042	763	6	appuntamento	appuntamento	_	_	_	_	_	linguistic	_	yes	_	_	_	_	_	_
763-7	PSB042	763	7	per	per	_	_	_	_	_	linguistic	_	yes	_	_	_	_	_	_
763-8	PSB042	763	8	la	la	_	_	_	_	_	linguistic	_	yes	_	_	_	_	_	_
763-9	PSB042	763	9	#vis~	vis~	_	_	_	_	_	linguistic	_	yes	Interrupted=Yes|Language=NO_ISO_CODE|Variation=Token	End=1687.54	_	_	_	_
764-0	PSB005	764	0	sì	sì	_	_	_	_	_	linguistic	_	none	_	Begin=1687.878	_	_	_	_
764-1	PSB005	764	1	sì.	sì	_	_	_	_	_	linguistic	_	none	Intonation=Falling	End=1688.448	_	_	_	_
765-0	PSB005	765	0	[complicato]	complicato	_	_	_	_	_	linguistic	_	none	_	Begin=1689.028|End=1689.818	_	_	_	0-10(206)
766-0	PSB042	766	0	[fare	fare	_	_	_	_	_	linguistic	_	yes	_	Begin=1689.048	_	_	_	0-4(206)
766-1	PSB042	766	1	c'	c'	_	_	_	_	_	linguistic	_	yes	SpaceAfter=No	_	_	_	_	0-2(206)
766-2	PSB042	766	2	]è	è	_	_	_	_	_	linguistic	_	yes	_	_	_	_	_	_
766-3	PSB042	766	3	una	una	_	_	_	_	_	linguistic	_	yes	_	_	_	_	_	_
766-4	PSB042	766	4	#bureau,	bureau	_	_	_	_	_	linguistic	_	yes	Intonation=WeaklyRising|Language=NO_ISO_CODE|Variation=Token	_	_	_	_	_
766-5	PSB042	766	5	c'	c'	_	_	_	_	_	linguistic	_	yes	SpaceAfter=No	_	_	_	_	_
766-6	PSB042	766	6	è	è	_	_	_	_	_	linguistic	_	yes	_	_	_	_	_	_
766-7	PSB042	766	7	una	una	_	_	_	_	_	linguistic	_	yes	_	_	_	_	_	_
766-8	PSB042	766	8	ufficio,	ufficio	_	_	_	_	_	linguistic	_	yes	Intonation=WeaklyRising	_	_	_	_	_
766-9	PSB042	766	9	non	non	_	_	_	_	_	linguistic	_	yes	_	_	_	_	_	_
766-10	PSB042	766	10	è	è	_	_	_	_	_	linguistic	_	yes	_	_	_	_	_	_
766-11	PSB042	766	11	#l'	l'	_	_	_	_	_	linguistic	_	yes	SpaceAfter=No|Language=NO_ISO_CODE|Variation=Token	_	_	_	_	_
766-12	PSB042	766	12	#embassade	embassade	_	_	_	_	_	linguistic	_	yes	Language=NO_ISO_CODE|Variation=Token	_	_	_	_	_
766-13	PSB042	766	13	adesso	adesso	_	_	_	_	_	linguistic	_	yes	_	_	_	_	_	_
766-14	PSB042	766	14	#l'	l'	_	_	_	_	_	linguistic	_	yes	SpaceAfter=No|Language=NO_ISO_CODE|Variation=Token	_	_	_	_	_
766-15	PSB042	766	15	#embassade	embassade	_	_	_	_	_	linguistic	_	yes	Language=NO_ISO_CODE|Variation=Token	_	_	_	_	_
766-16	PSB042	766	16	ferma	ferma	_	_	_	_	_	linguistic	_	yes	_	_	_	_	_	_
766-17	PSB042	766	17	queste	queste	_	_	_	_	_	linguistic	_	yes	_	_	_	_	_	_
766-18	PSB042	766	18	cose.	cose	_	_	_	_	_	linguistic	_	yes	Intonation=Falling	_	_	_	_	_
766-19	PSB042	766	19	no	no	_	_	_	_	_	linguistic	_	yes	_	_	_	_	_	_
766-20	PSB042	766	20	vuoi	vuoi	_	_	_	_	_	linguistic	_	yes	_	_	_	_	_	_
766-21	PSB042	766	21	più.	più	_	_	_	_	_	linguistic	_	yes	Intonation=Falling	End=1696.588	_	_	_	_
767-0	PSB005	767	0	mhmh,	mhmh	_	_	_	_	_	linguistic	_	none	Intonation=WeaklyRising	Begin=1696.938|End=1697.228	_	_	_	_
768-0	PSB042	768	0	c'	c'	_	_	_	_	_	linguistic	_	none	SpaceAfter=No	Begin=1697.388	_	_	_	_
768-1	PSB042	768	1	è	è	_	_	_	_	_	linguistic	_	none	_	_	_	_	_	_
768-2	PSB042	768	2	ufficio:,	ufficio	_	_	_	_	_	linguistic	_	none	Intonation=WeaklyRising	_	6x1	_	_	_
768-3	PSB042	768	3	serve	serve	_	_	_	_	_	linguistic	_	none	_	_	_	_	_	_
768-4	PSB042	768	4	appuntamento,	appuntamento	_	_	_	_	_	linguistic	_	none	Intonation=WeaklyRising	_	_	_	_	_
768-5	PSB042	768	5	dopo	dopo	_	_	_	_	_	linguistic	_	none	_	_	_	_	_	_
768-6	PSB042	768	6	ufficio,	ufficio	_	_	_	_	_	linguistic	_	none	Intonation=WeaklyRising|PauseAfter=Yes	_	_	_	_	_
768-7	PSB042	768	7	(.)	(.)	_	_	_	_	_	shortpause	_	none	_	_	_	_	_	_
768-8	PSB042	768	8	serve	serve	_	_	_	_	_	linguistic	_	none	_	_	_	_	_	_
768-9	PSB042	768	9	altra	altra	_	_	_	_	_	linguistic	_	none	PauseAfter=Yes	_	_	_	_	_
768-10	PSB042	768	10	[(.)	(.)	_	_	_	_	_	shortpause	_	none	_	_	_	_	_	X(207)
768-11	PSB042	768	11	co]mplicat°o°.	complicato	_	_	_	_	_	linguistic	_	none	Intonation=Falling|Volume=low	End=1703.988	_	_	_	0-2(207)
769-0	PSB005	769	0	[mhmh]	mhmh	_	_	_	_	_	linguistic	_	none	_	Begin=1703.1|End=1703.55	_	_	_	0-4(207)
770-0	PSB042	770	0	è	è	_	_	_	_	_	linguistic	_	yes	_	Begin=1704.498	_	_	_	_
770-1	PSB042	770	1	troppo	troppo	_	_	_	_	_	linguistic	_	yes	_	_	_	_	_	_
770-2	PSB042	770	2	#document	document	_	_	_	_	_	linguistic	_	yes	Language=NO_ISO_CODE|Variation=Token	End=1705.898	_	_	_	_
771-0	PSB005	771	0	mhmh	mhmh	_	_	_	_	_	linguistic	_	none	_	Begin=1706.087	_	_	_	_
771-1	PSB005	771	1	e	e	_	_	_	_	_	linguistic	_	none	_	_	_	_	_	_
771-2	PSB005	771	2	negli	negli	_	_	_	_	_	linguistic	_	none	_	_	_	_	_	_
771-3	PSB005	771	3	uffici?	uffici	_	_	_	_	_	linguistic	_	none	Intonation=Rising	End=1708.12	_	_	_	_
772-0	PSB005	772	0	ti	ti	_	_	_	_	_	linguistic	_	none	_	Begin=1708.68	_	_	_	_
772-1	PSB005	772	1	trovi	trovi	_	_	_	_	_	linguistic	_	none	_	_	_	_	_	_
772-2	PSB005	772	2	b:ene:,	bene	_	_	_	_	_	linguistic	_	none	Intonation=WeaklyRising	_	0x1,3x1	_	_	_
772-3	PSB005	772	3	con	con	_	_	_	_	_	linguistic	_	none	_	_	_	_	_	_
772-4	PSB005	772	4	la	la	_	_	_	_	_	linguistic	_	none	_	_	_	_	_	_
772-5	PSB005	772	5	lingua	lingua	_	_	_	_	_	linguistic	_	none	_	_	_	_	_	_
772-6	PSB005	772	6	o	o	_	_	_	_	_	linguistic	_	none	_	_	_	_	_	_
772-7	PSB005	772	7	è	è	_	_	_	_	_	linguistic	_	none	_	_	_	_	_	_
772-8	PSB005	772	8	trop~	trop~	_	_	_	_	_	linguistic	_	none	Interrupted=Yes	_	_	_	_	_
772-9	PSB005	772	9	o	o	_	_	_	_	_	linguistic	_	none	_	_	_	_	_	_
772-10	PSB005	772	10	è	è	_	_	_	_	_	linguistic	_	none	_	_	_	_	_	_
772-11	PSB005	772	11	difficile.	difficile	_	_	_	_	_	linguistic	_	none	Intonation=Falling	End=1712.12	_	_	_	_
773-0	PSB005	773	0	eh	eh	_	_	_	_	_	linguistic	_	none	_	Begin=1712.631	_	_	_	_
773-1	PSB005	773	1	al~	al~	_	_	_	_	_	linguistic	_	none	Interrupted=Yes	_	_	_	_	_
773-2	PSB005	773	2	dal	dal	_	_	_	_	_	linguistic	_	none	_	_	_	_	_	_
773-3	PSB005	773	3	medico:,	medico	_	_	_	_	_	linguistic	_	none	Intonation=WeaklyRising	_	5x1	_	_	_
773-4	PSB005	773	4	alla	alla	_	_	_	_	_	linguistic	_	none	_	_	_	_	_	_
773-5	PSB005	773	5	scuola	scuola	_	_	_	_	_	linguistic	_	none	_	_	_	_	_	_
773-6	PSB005	773	6	vabbè	vabbè	_	_	_	_	_	linguistic	_	none	_	_	_	_	_	_
773-7	PSB005	773	7	il	il	_	_	_	_	_	linguistic	_	none	_	_	_	_	_	_
773-8	PSB005	773	8	tuo	tuo	_	_	_	_	_	linguistic	_	none	_	_	_	_	_	_
773-9	PSB005	773	9	bimbo	bimbo	_	_	_	_	_	linguistic	_	none	_	_	_	_	_	_
773-10	PSB005	773	10	non	non	_	_	_	_	_	linguistic	_	none	_	_	_	_	_	_
773-11	PSB005	773	11	va	va	_	_	_	_	_	linguistic	_	none	_	_	_	_	_	_
773-12	PSB005	773	12	ancora	ancora	_	_	_	_	_	linguistic	_	none	_	_	_	_	_	_
773-13	PSB005	773	13	a	a	_	_	_	_	_	linguistic	_	none	_	_	_	_	_	_
773-14	PSB005	773	14	scuola.	scuola	_	_	_	_	_	linguistic	_	none	Intonation=Falling	End=1716.14	_	_	_	_
774-0	PSB005	774	0	eh.	eh	_	_	_	_	_	linguistic	_	none	Intonation=Falling	Begin=1716.87	_	_	_	_
774-1	PSB005	774	1	ti	ti	_	_	_	_	_	linguistic	_	none	_	_	_	_	_	_
774-2	PSB005	774	2	ti	ti	_	_	_	_	_	linguistic	_	none	_	_	_	_	_	_
774-3	PSB005	774	3	aiuta	aiuta	_	_	_	_	_	linguistic	_	none	_	_	_	_	_	_
774-4	PSB005	774	4	tuo	tuo	_	_	_	_	_	linguistic	_	none	_	_	_	_	_	_
774-5	PSB005	774	5	marito	marito	_	_	_	_	_	linguistic	_	none	_	_	_	_	_	_
774-6	PSB005	774	6	con	con	_	_	_	_	_	linguistic	_	none	_	_	_	_	_	_
774-7	PSB005	774	7	l'	l'	_	_	_	_	_	linguistic	_	none	SpaceAfter=No	_	_	_	_	_
774-8	PSB005	774	8	italiano,	italiano	_	_	_	_	_	linguistic	_	none	Intonation=WeaklyRising	_	_	_	_	_
774-9	PSB005	774	9	[o:].	o	_	_	_	_	_	linguistic	_	none	Intonation=Falling	End=1720.18	0x1	_	_	0-1(208)
775-0	PSB042	775	0	[sì,	sì	_	_	_	_	_	linguistic	_	none	Intonation=WeaklyRising	Begin=1719.509	_	_	_	0-2(208)
775-1	PSB042	775	1	s]ì	sì	_	_	_	_	_	linguistic	_	none	_	_	_	_	_	0-1(208)
775-2	PSB042	775	2	sì.	sì	_	_	_	_	_	linguistic	_	none	Intonation=Falling	End=1720.498	_	_	_	_
776-0	PSB042	776	0	eh	eh	_	_	_	_	_	linguistic	_	none	_	Begin=1721.409	_	_	_	_
776-1	PSB042	776	1	ve~	ve~	_	_	_	_	_	linguistic	_	none	Interrupted=Yes	_	_	_	_	_
776-2	PSB042	776	2	l'	l'	_	_	_	_	_	linguistic	_	none	SpaceAfter=No	_	_	_	_	_
776-3	PSB042	776	3	(ufficio)	ufficio	_	_	_	_	_	linguistic	_	none	_	_	_	_	0-7(0)	_
776-4	PSB042	776	4	per	per	_	_	_	_	_	linguistic	_	none	_	_	_	_	_	_
776-5	PSB042	776	5	queste	queste	_	_	_	_	_	linguistic	_	none	_	_	_	_	_	_
776-6	PSB042	776	6	<mio>	mio	_	_	_	_	_	linguistic	_	none	_	_	_	Slow=0-3(0)	_	_
776-7	PSB042	776	7	marito	marito	_	_	_	_	_	linguistic	_	none	_	_	_	_	_	_
776-8	PSB042	776	8	che	che	_	_	_	_	_	linguistic	_	none	_	_	_	_	_	_
776-9	PSB042	776	9	risponde	risponde	_	_	_	_	_	linguistic	_	none	_	_	_	_	_	_
776-10	PSB042	776	10	[queste]	queste	_	_	_	_	_	linguistic	_	none	_	_	_	_	_	0-6(209)
776-11	PSB042	776	11	cose	cose	_	_	_	_	_	linguistic	_	none	_	_	_	_	_	_
776-12	PSB042	776	12	perché:.	perché	_	_	_	_	_	linguistic	_	none	Intonation=Falling|PauseAfter=Yes	_	5x1	_	_	_
776-13	PSB042	776	13	(.)	(.)	_	_	_	_	_	shortpause	_	none	_	_	_	_	_	_
776-14	PSB042	776	14	meglio.	meglio	_	_	_	_	_	linguistic	_	none	Intonation=Falling	End=1727.953	_	_	_	_
777-0	PSB005	777	0	[mhmh].	mhmh	_	_	_	_	_	linguistic	_	none	Intonation=Falling	Begin=1725.216|End=1725.546	_	_	_	0-4(209)
778-0	PSB005	778	0	sì	sì	_	_	_	_	_	linguistic	_	none	_	Begin=1728.109	_	_	_	_
778-1	PSB005	778	1	sì.	sì	_	_	_	_	_	linguistic	_	none	Intonation=Falling	End=1728.554	_	_	_	_
779-0	PSB042	779	0	sì:.	sì	_	_	_	_	_	linguistic	_	none	Intonation=Falling	Begin=1728.71|End=1729.032	1x1	_	_	_
780-0	PSB005	780	0	e	e	_	_	_	_	_	linguistic	_	none	_	Begin=1729.431	_	_	_	_
780-1	PSB005	780	1	per	per	_	_	_	_	_	linguistic	_	none	_	_	_	_	_	_
780-2	PSB005	780	2	fare	fare	_	_	_	_	_	linguistic	_	none	_	_	_	_	_	_
780-3	PSB005	780	3	la	la	_	_	_	_	_	linguistic	_	none	_	_	_	_	_	_
780-4	PSB005	780	4	spesa:,	spesa	_	_	_	_	_	linguistic	_	none	Intonation=WeaklyRising	End=1731.031	4x1	_	_	_
781-0	PSB042	781	0	no.	no	_	_	_	_	_	linguistic	_	none	Intonation=Falling	Begin=1731.276	_	_	_	_
781-1	PSB042	781	1	puoi	puoi	_	_	_	_	_	linguistic	_	none	_	_	_	_	_	_
781-2	PSB042	781	2	fare	fare	_	_	_	_	_	linguistic	_	none	_	_	_	_	_	_
781-3	PSB042	781	3	sola.	sola	_	_	_	_	_	linguistic	_	none	Intonation=Falling	_	_	_	_	_
781-4	PSB042	781	4	no	no	_	_	_	_	_	linguistic	_	none	_	_	_	_	_	_
781-5	PSB042	781	5	c'	c'	_	_	_	_	_	linguistic	_	none	SpaceAfter=No	_	_	_	_	_
781-6	PSB042	781	6	è	è	_	_	_	_	_	linguistic	_	none	_	_	_	_	_	_
781-7	PSB042	781	7	problem[a].	problema	_	_	_	_	_	linguistic	_	none	Intonation=Falling	End=1733.864	_	_	_	6-8(210)
782-0	PSB005	782	0	[mh]	mh	_	_	_	_	_	linguistic	_	none	_	Begin=1733.687	_	_	_	0-2(210)
782-1	PSB005	782	1	mh.	mh	_	_	_	_	_	linguistic	_	none	Intonation=Falling	End=1734.076	_	_	_	_
783-0	PSB042	783	0	spesa,	spesa	_	_	_	_	_	linguistic	_	yes	Intonation=WeaklyRising	Begin=1734.265	_	_	_	_
783-1	PSB042	783	1	cosa	cosa	_	_	_	_	_	linguistic	_	yes	_	_	_	_	_	_
783-2	PSB042	783	2	serve	serve	_	_	_	_	_	linguistic	_	yes	_	_	_	_	_	_
783-3	PSB042	783	3	a	a	_	_	_	_	_	linguistic	_	yes	_	_	_	_	_	_
783-4	PSB042	783	4	me,	me	_	_	_	_	_	linguistic	_	yes	Intonation=WeaklyRising	_	_	_	_	_
783-5	PSB042	783	5	cosa	cosa	_	_	_	_	_	linguistic	_	yes	_	_	_	_	_	_
783-6	PSB042	783	6	serve	serve	_	_	_	_	_	linguistic	_	yes	_	_	_	_	_	_
783-7	PSB042	783	7	a	a	_	_	_	_	_	linguistic	_	yes	_	_	_	_	_	_
783-8	PSB042	783	8	casa,	casa	_	_	_	_	_	linguistic	_	yes	Intonation=WeaklyRising	_	_	_	_	_
783-9	PSB042	783	9	queste	queste	_	_	_	_	_	linguistic	_	yes	_	_	_	_	_	_
783-10	PSB042	783	10	cose,	cose	_	_	_	_	_	linguistic	_	yes	Intonation=WeaklyRising	_	_	_	_	_
783-11	PSB042	783	11	solo	solo	_	_	_	_	_	linguistic	_	yes	_	_	_	_	_	_
783-12	PSB042	783	12	la	la	_	_	_	_	_	linguistic	_	yes	_	_	_	_	_	_
783-13	PSB042	783	13	#système	système	_	_	_	_	_	linguistic	_	yes	Language=NO_ISO_CODE|Variation=Token	_	_	_	_	_
783-14	PSB042	783	14	#des:.	des	_	_	_	_	_	linguistic	_	yes	Intonation=Falling|Language=NO_ISO_CODE|Variation=Token	_	2x1	_	_	_
783-15	PSB042	783	15	email.	email	_	_	_	_	_	linguistic	_	yes	Intonation=Falling	_	_	_	_	_
783-16	PSB042	783	16	de:.	de	_	_	_	_	_	linguistic	_	yes	Intonation=Falling	_	1x1	_	_	_
783-17	PSB042	783	17	ro~	ro~	_	_	_	_	_	linguistic	_	yes	Interrupted=Yes	_	_	_	_	_
783-18	PSB042	783	18	appuntamento	appuntamento	_	_	_	_	_	linguistic	_	yes	_	_	_	_	_	_
783-19	PSB042	783	19	d(e)	de	_	_	_	_	_	linguistic	_	yes	_	_	_	_	1-2(0)	_
783-20	PSB042	783	20	cose,	cose	_	_	_	_	_	linguistic	_	yes	Intonation=WeaklyRising	End=1744.642	_	_	_	_
784-0	PSB005	784	0	mhmh	mhmh	_	_	_	_	_	linguistic	_	none	_	Begin=1745.048|End=1745.437	_	_	_	_
785-0	PSB042	785	0	mio	mio	_	_	_	_	_	linguistic	_	none	_	Begin=1746.887	_	_	_	_
785-1	PSB042	785	1	marito.	marito	_	_	_	_	_	linguistic	_	none	Intonation=Falling	End=1747.765	_	_	_	_
786-0	PSB005	786	0	°sì°	sì	_	_	_	_	_	linguistic	_	none	Volume=low	Begin=1747.954	_	_	_	_
786-1	PSB005	786	1	beh	beh	_	_	_	_	_	linguistic	_	none	_	_	_	_	_	_
786-2	PSB005	786	2	così	così	_	_	_	_	_	linguistic	_	none	PauseAfter=Yes	_	_	_	_	_
786-3	PSB005	786	3	(.)	(.)	_	_	_	_	_	shortpause	_	none	_	_	_	_	_	_
786-4	PSB005	786	4	ti	ti	_	_	_	_	_	linguistic	_	none	_	_	_	_	_	_
786-5	PSB005	786	5	aiuta?	aiuta	_	_	_	_	_	linguistic	_	none	Intonation=Rising	End=1749.876	_	_	_	_
787-0	PSB042	787	0	s:[ì:]	sì	_	_	_	_	_	linguistic	_	none	_	Begin=1750.053	0x1,1x1	_	_	1-2(211)
787-1	PSB042	787	1	eh	eh	_	_	_	_	_	linguistic	_	none	_	End=1751.48	_	_	_	_
788-0	PSB005	788	0	[almeno]	almeno	_	_	_	_	_	linguistic	_	none	_	Begin=1750.376|End=1750.876	_	_	_	0-6(211)
789-0	PSB005	789	0	ma	ma	_	_	_	_	_	linguistic	_	none	_	Begin=1752.209	_	_	_	_
789-1	PSB005	789	1	qui	qui	_	_	_	_	_	linguistic	_	none	_	_	_	_	_	_
789-2	PSB005	789	2	tu,	tu	_	_	_	_	_	linguistic	_	none	Intonation=WeaklyRising|PauseAfter=Yes	_	_	_	_	_
789-3	PSB005	789	3	(.)	(.)	_	_	_	_	_	shortpause	_	none	_	_	_	_	_	_
789-4	PSB005	789	4	ehm:,	ehm	_	_	_	_	_	linguistic	_	none	Intonation=WeaklyRising	End=1754.065	2x1	_	_	_
790-0	PSB005	790	0	si	si	_	_	_	_	_	linguistic	_	none	_	Begin=1754.376	_	_	_	_
790-1	PSB005	790	1	trovano?	trovano	_	_	_	_	_	linguistic	_	none	Intonation=Rising|PauseAfter=Yes	_	_	_	_	_
790-2	PSB005	790	2	(.)	(.)	_	_	_	_	_	shortpause	_	none	_	_	_	_	_	_
790-3	PSB005	790	3	i	i	_	_	_	_	_	linguistic	_	none	_	End=1756.23	_	_	_	_
791-0	PSB005	791	0	se	se	_	_	_	_	_	linguistic	_	none	_	Begin=1757.02	_	_	_	_
791-1	PSB005	791	1	vuoi	vuoi	_	_	_	_	_	linguistic	_	none	_	_	_	_	_	_
791-2	PSB005	791	2	cucinare	cucinare	_	_	_	_	_	linguistic	_	none	_	_	_	_	_	_
791-3	PSB005	791	3	una	una	_	_	_	_	_	linguistic	_	none	_	_	_	_	_	_
791-4	PSB005	791	4	cosa	cosa	_	_	_	_	_	linguistic	_	none	_	_	_	_	_	_
791-5	PSB005	791	5	marocchina.	marocchina	_	_	_	_	_	linguistic	_	none	Intonation=Falling|PauseAfter=Yes	_	_	_	_	_
791-6	PSB005	791	6	(.)	(.)	_	_	_	_	_	shortpause	_	none	_	_	_	_	_	_
791-7	PSB005	791	7	trovi:,	trovi	_	_	_	_	_	linguistic	_	none	Intonation=WeaklyRising	_	4x1	_	_	_
791-8	PSB005	791	8	gli	gli	_	_	_	_	_	linguistic	_	none	_	_	_	_	_	_
791-9	PSB005	791	9	ingredienti?	ingredienti	_	_	_	_	_	linguistic	_	none	Intonation=Rising	End=1761.95	_	_	_	_
792-0	PSB042	792	0	sì	sì	_	_	_	_	_	linguistic	_	none	_	Begin=1762.198	_	_	_	_
792-1	PSB042	792	1	c'	c'	_	_	_	_	_	linguistic	_	none	SpaceAfter=No	_	_	_	_	_
792-2	PSB042	792	2	è	è	_	_	_	_	_	linguistic	_	none	_	_	_	_	_	_
792-3	PSB042	792	3	tutte.	tutte	_	_	_	_	_	linguistic	_	none	Intonation=Falling	End=1763.409	_	_	_	_
793-0	PSB005	793	0	dove	dove	_	_	_	_	_	linguistic	_	none	_	Begin=1763.542	_	_	_	_
793-1	PSB005	793	1	si	si	_	_	_	_	_	linguistic	_	none	_	_	_	_	_	_
793-2	PSB005	793	2	comprano?	comprano	_	_	_	_	_	linguistic	_	none	Intonation=Rising	End=1764.798	_	_	_	_
794-0	PSB042	794	0	c'	c'	_	_	_	_	_	linguistic	_	none	SpaceAfter=No	Begin=1765.187	_	_	_	_
794-1	PSB042	794	1	è	è	_	_	_	_	_	linguistic	_	none	_	_	_	_	_	_
794-2	PSB042	794	2	macchina:-	macchina-	_	_	_	_	_	linguistic	_	none	Interrupted=Yes	_	7x1	_	_	_
794-3	PSB042	794	3	questo	questo	_	_	_	_	_	linguistic	_	none	_	_	_	_	_	_
794-4	PSB042	794	4	$marscindese	marscindese	_	_	_	_	_	linguistic	_	none	Orthography=Yes|Variation=Emerging	_	_	_	_	_
794-5	PSB042	794	5	che	che	_	_	_	_	_	linguistic	_	none	_	_	_	_	_	_
794-6	PSB042	794	6	di	di	_	_	_	_	_	linguistic	_	none	_	_	_	_	_	_
794-7	PSB042	794	7	maro[cchine].	marocchine	_	_	_	_	_	linguistic	_	none	Intonation=Falling	_	_	_	_	3-10(212)
794-8	PSB042	794	8	de	de	_	_	_	_	_	linguistic	_	none	_	_	_	_	_	_
794-9	PSB042	794	9	arabo.	arabo	_	_	_	_	_	linguistic	_	none	Intonation=Falling	_	_	_	_	_
794-10	PSB042	794	10	c'	c'	_	_	_	_	_	linguistic	_	none	SpaceAfter=No	_	_	_	_	_
794-11	PSB042	794	11	è	è	_	_	_	_	_	linguistic	_	none	_	_	_	_	_	_
794-12	PSB042	794	12	pakistano,	pakistano	_	_	_	_	_	linguistic	_	none	Intonation=WeaklyRising	End=1771.698	_	_	_	_
795-0	PSB005	795	0	[mhmh]	mhmh	_	_	_	_	_	linguistic	_	none	_	Begin=1769.56|End=1770.08	_	_	_	0-4(212)
796-0	PSB042	796	0	ch(e):,	che	_	_	_	_	_	linguistic	_	yes	Intonation=WeaklyRising	Begin=1772.575	2x1	_	2-3(0)	_
796-1	PSB042	796	1	ce	ce	_	_	_	_	_	linguistic	_	yes	_	_	_	_	_	_
796-2	PSB042	796	2	l'	l'	_	_	_	_	_	linguistic	_	yes	SpaceAfter=No	_	_	_	_	_
796-3	PSB042	796	3	ho	ho	_	_	_	_	_	linguistic	_	yes	_	_	_	_	_	_
796-4	PSB042	796	4	le	le	_	_	_	_	_	linguistic	_	yes	_	_	_	_	_	_
796-5	PSB042	796	5	carni	carni	_	_	_	_	_	linguistic	_	yes	_	_	_	_	_	_
796-6	PSB042	796	6	#hala:l	halal	_	_	_	_	_	linguistic	_	yes	Language=NO_ISO_CODE|Variation=Token	_	3x1	_	_	_
796-7	PSB042	796	7	[c'	c'	_	_	_	_	_	linguistic	_	yes	SpaceAfter=No	_	_	_	_	0-2(213)
796-8	PSB042	796	8	è]:.	è	_	_	_	_	_	linguistic	_	yes	Intonation=Falling	_	0x1	_	_	_
796-9	PSB042	796	9	pollo	pollo	_	_	_	_	_	linguistic	_	yes	_	_	_	_	_	_
796-10	PSB042	796	10	#halal	halal	_	_	_	_	_	linguistic	_	yes	Language=NO_ISO_CODE|Variation=Token	_	_	_	_	5-6(214)
796-11	PSB042	796	11	[c'	c'	_	_	_	_	_	linguistic	_	yes	SpaceAfter=No	_	_	_	_	0-2(214)
796-12	PSB042	796	12	è]	è	_	_	_	_	_	linguistic	_	yes	_	_	_	_	_	_
796-13	PSB042	796	13	anch°e°	anche	_	_	_	_	_	linguistic	_	yes	Volume=low	_	_	_	_	_
796-14	PSB042	796	14	#les	les	_	_	_	_	_	linguistic	_	yes	Language=NO_ISO_CODE|Variation=Token	_	_	_	_	_
796-15	PSB042	796	15	#épices	épices	_	_	_	_	_	linguistic	_	yes	Language=NO_ISO_CODE|Variation=Token	_	_	_	_	_
796-16	PSB042	796	16	c'	c'	_	_	_	_	_	linguistic	_	yes	SpaceAfter=No	_	_	_	_	_
796-17	PSB042	796	17	è	è	_	_	_	_	_	linguistic	_	yes	_	_	_	_	_	_
796-18	PSB042	796	18	tutto.	tutto	_	_	_	_	_	linguistic	_	yes	Intonation=Falling	End=1778.964	_	_	_	_
797-0	PSB005	797	0	[mhmh]	mhmh	_	_	_	_	_	linguistic	_	none	_	Begin=1774.953|End=1775.364	_	_	_	0-4(213)
798-0	PSB005	798	0	[mhmh]	mhmh	_	_	_	_	_	linguistic	_	none	_	Begin=1776.886|End=1777.164	_	_	_	0-4(214)
799-0	PSB005	799	0	mhmh	mhmh	_	_	_	_	_	linguistic	_	none	_	Begin=1779.097|End=1779.364	_	_	_	_
800-0	PSB042	800	0	puoi	puoi	_	_	_	_	_	linguistic	_	none	_	Begin=1779.398	_	_	_	_
800-1	PSB042	800	1	trovare	trovare	_	_	_	_	_	linguistic	_	none	_	_	_	_	_	_
800-2	PSB042	800	2	tutte	tutte	_	_	_	_	_	linguistic	_	none	_	_	_	_	_	_
800-3	PSB042	800	3	le	le	_	_	_	_	_	linguistic	_	none	_	_	_	_	_	_
800-4	PSB042	800	4	cose	cose	_	_	_	_	_	linguistic	_	none	_	_	_	_	_	_
800-5	PSB042	800	5	che	che	_	_	_	_	_	linguistic	_	none	_	_	_	_	_	_
800-6	PSB042	800	6	serve.	serve	_	_	_	_	_	linguistic	_	none	Intonation=Falling	End=1781.82	_	_	_	_
801-0	PSB005	801	0	e	e	_	_	_	_	_	linguistic	_	none	_	Begin=1782.164	_	_	_	_
801-1	PSB005	801	1	ti	ti	_	_	_	_	_	linguistic	_	none	_	_	_	_	_	_
801-2	PSB005	801	2	piace	piace	_	_	_	_	_	linguistic	_	none	_	_	_	_	_	_
801-3	PSB005	801	3	cucinare?	cucinare	_	_	_	_	_	linguistic	_	none	Intonation=Rising	End=1783.464	_	_	_	_
802-0	PSB042	802	0	non	non	_	_	_	_	_	linguistic	_	none	_	Begin=1784.12	_	_	_	_
802-1	PSB042	802	1	è	è	_	_	_	_	_	linguistic	_	none	_	_	_	_	_	_
802-2	PSB042	802	2	così:.	così	_	_	_	_	_	linguistic	_	none	Intonation=Falling	_	3x1	_	_	_
802-3	PSB042	802	3	a	a	_	_	_	_	_	linguistic	_	none	_	_	_	_	_	_
802-4	PSB042	802	4	mia	mia	_	_	_	_	_	linguistic	_	none	_	_	_	_	_	_
802-5	PSB042	802	5	paese,	paese	_	_	_	_	_	linguistic	_	none	Intonation=WeaklyRising|PauseAfter=Yes	_	_	_	_	_
802-6	PSB042	802	6	(.)	(.)	_	_	_	_	_	shortpause	_	none	_	_	_	_	_	_
802-7	PSB042	802	7	sempre	sempre	_	_	_	_	_	linguistic	_	none	_	_	_	_	_	_
802-8	PSB042	802	8	mia	mia	_	_	_	_	_	linguistic	_	none	_	_	_	_	_	_
802-9	PSB042	802	9	madre,	madre	_	_	_	_	_	linguistic	_	none	Intonation=WeaklyRising	_	_	_	_	_
802-10	PSB042	802	10	che	che	_	_	_	_	_	linguistic	_	none	_	_	_	_	_	_
802-11	PSB042	802	11	fare,	fare	_	_	_	_	_	linguistic	_	none	Intonation=WeaklyRising	End=1789.04	_	_	_	_
803-0	PSB042	803	0	e	e	_	_	_	_	_	linguistic	_	none	_	Begin=1789.3	_	_	_	_
803-1	PSB042	803	1	io	io	_	_	_	_	_	linguistic	_	none	_	_	_	_	_	_
803-2	PSB042	803	2	non	non	_	_	_	_	_	linguistic	_	none	_	_	_	_	_	_
803-3	PSB042	803	3	è	è	_	_	_	_	_	linguistic	_	none	_	_	_	_	_	_
803-4	PSB042	803	4	così	così	_	_	_	_	_	linguistic	_	none	_	_	_	_	_	_
803-5	PSB042	803	5	piace	piace	_	_	_	_	_	linguistic	_	none	_	_	_	_	_	_
803-6	PSB042	803	6	cuc°ina°.	cucina	_	_	_	_	_	linguistic	_	none	Intonation=Falling|Volume=low	_	_	_	_	_
803-7	PSB042	803	7	mio	mio	_	_	_	_	_	linguistic	_	none	_	_	_	_	_	_
803-8	PSB042	803	8	marito	marito	_	_	_	_	_	linguistic	_	none	_	_	_	_	_	_
803-9	PSB042	803	9	pia[ce	piace	_	_	_	_	_	linguistic	_	none	_	_	_	_	_	3-5(215)
803-10	PSB042	803	10	ma]	ma	_	_	_	_	_	linguistic	_	none	_	_	_	_	_	0-2(215)
803-11	PSB042	803	11	fare:.	fare	_	_	_	_	_	linguistic	_	none	Intonation=Falling	_	3x1	_	_	_
803-12	PSB042	803	12	le	le	_	_	_	_	_	linguistic	_	none	_	_	_	_	_	_
803-13	PSB042	803	13	cose	cose	_	_	_	_	_	linguistic	_	none	_	_	_	_	_	_
803-14	PSB042	803	14	cose	cose	_	_	_	_	_	linguistic	_	none	_	_	_	_	_	_
803-15	PSB042	803	15	di	di	_	_	_	_	_	linguistic	_	none	_	_	_	_	_	_
803-16	PSB042	803	16	suo	suo	_	_	_	_	_	linguistic	_	none	_	_	_	_	_	_
803-17	PSB042	803	17	paese.	paese	_	_	_	_	_	linguistic	_	none	Intonation=Falling	End=1795.7	_	_	_	_
804-0	PSB005	804	0	[mh]	mh	_	_	_	_	_	linguistic	_	none	_	Begin=1793.13|End=1793.52	_	_	_	0-2(215)
805-0	PSB042	805	0	io	io	_	_	_	_	_	linguistic	_	yes	_	Begin=1796.242	_	_	_	_
805-1	PSB042	805	1	#des	des	_	_	_	_	_	linguistic	_	yes	Language=NO_ISO_CODE|Variation=Token	_	_	_	_	_
805-2	PSB042	805	2	volte	volte	_	_	_	_	_	linguistic	_	yes	_	_	_	_	_	_
805-3	PSB042	805	3	fare	fare	_	_	_	_	_	linguistic	_	yes	_	_	_	_	_	_
805-4	PSB042	805	4	ma:.	ma	_	_	_	_	_	linguistic	_	yes	Intonation=Falling|PauseAfter=Yes	_	1x1	_	_	_
805-5	PSB042	805	5	(.)	(.)	_	_	_	_	_	shortpause	_	yes	_	_	_	_	_	_
805-6	PSB042	805	6	non	non	_	_	_	_	_	linguistic	_	yes	_	_	_	_	_	_
805-7	PSB042	805	7	è	è	_	_	_	_	_	linguistic	_	yes	_	_	_	_	_	_
805-8	PSB042	805	8	così	così	_	_	_	_	_	linguistic	_	yes	_	_	_	_	_	_
805-9	PSB042	805	9	piace	piace	_	_	_	_	_	linguistic	_	yes	_	_	_	_	_	_
805-10	PSB042	805	10	la	la	_	_	_	_	_	linguistic	_	yes	_	_	_	_	_	_
805-11	PSB042	805	11	cucina.	cucina	_	_	_	_	_	linguistic	_	yes	Intonation=Falling	End=1800.331	_	_	_	_
806-0	PSB005	806	0	m:h	mh	_	_	_	_	_	linguistic	_	none	_	Begin=1800.598	0x1	_	_	_
806-1	PSB005	806	1	okay.	okay	_	_	_	_	_	linguistic	_	none	Intonation=Falling	_	_	_	_	_
806-2	PSB005	806	2	e,	e	_	_	_	_	_	linguistic	_	none	Intonation=WeaklyRising|PauseAfter=Yes	_	_	_	_	_
806-3	PSB005	806	3	(.)	(.)	_	_	_	_	_	shortpause	_	none	_	_	_	_	_	_
806-4	PSB005	806	4	la	la	_	_	_	_	_	linguistic	_	none	_	_	_	_	_	_
806-5	PSB005	806	5	cucina	cucina	_	_	_	_	_	linguistic	_	none	_	_	_	_	_	_
806-6	PSB005	806	6	rumena:,	rumena	_	_	_	_	_	linguistic	_	none	Intonation=WeaklyRising	_	5x1	_	_	_
806-7	PSB005	806	7	ti	ti	_	_	_	_	_	linguistic	_	none	_	_	_	_	_	_
806-8	PSB005	806	8	piace?	piace	_	_	_	_	_	linguistic	_	none	Intonation=Rising	End=1804.287	_	_	_	_
807-0	PSB042	807	0	è	è	_	_	_	_	_	linguistic	_	none	_	Begin=1804.387	_	_	_	_
807-1	PSB042	807	1	buona	buona	_	_	_	_	_	linguistic	_	none	_	_	_	_	_	_
807-2	PSB042	807	2	sì.	sì	_	_	_	_	_	linguistic	_	none	Intonation=Falling	End=1805.56	_	_	_	_
808-0	PSB042	808	0	c'	c'	_	_	_	_	_	linguistic	_	yes	SpaceAfter=No	Begin=1805.81	_	_	_	_
808-1	PSB042	808	1	è	è	_	_	_	_	_	linguistic	_	yes	_	_	_	_	_	_
808-2	PSB042	808	2	#des	des	_	_	_	_	_	linguistic	_	yes	Language=NO_ISO_CODE|Variation=Token	_	_	_	_	_
808-3	PSB042	808	3	cose:	cose	_	_	_	_	_	linguistic	_	yes	_	_	3x1	_	_	_
808-4	PSB042	808	4	(grigliata):,	grigliata	_	_	_	_	_	linguistic	_	yes	Intonation=WeaklyRising	_	8x1	_	0-9(0)	_
808-5	PSB042	808	5	#des	des	_	_	_	_	_	linguistic	_	yes	Language=NO_ISO_CODE|Variation=Token	_	_	_	_	_
808-6	PSB042	808	6	cose	cose	_	_	_	_	_	linguistic	_	yes	_	_	_	_	_	_
808-7	PSB042	808	7	che	che	_	_	_	_	_	linguistic	_	yes	_	_	_	_	_	_
808-8	PSB042	808	8	fare	fare	_	_	_	_	_	linguistic	_	yes	_	_	_	_	_	_
808-9	PSB042	808	9	con	con	_	_	_	_	_	linguistic	_	yes	_	_	_	_	_	_
808-10	PSB042	808	10	la	la	_	_	_	_	_	linguistic	_	yes	_	_	_	_	_	_
808-11	PSB042	808	11	riso	riso	_	_	_	_	_	linguistic	_	yes	_	_	_	_	_	_
808-12	PSB042	808	12	con~	con~	_	_	_	_	_	linguistic	_	yes	Interrupted=Yes	_	_	_	_	_
808-13	PSB042	808	13	come	come	_	_	_	_	_	linguistic	_	yes	_	_	_	_	_	_
808-14	PSB042	808	14	le	le	_	_	_	_	_	linguistic	_	yes	_	_	_	_	_	_
808-15	PSB042	808	15	#turkish.	turkish	_	_	_	_	_	linguistic	_	yes	Intonation=Falling|Language=NO_ISO_CODE|Variation=Token	End=1811.887	_	_	_	_
809-0	PSB005	809	0	°ah	ah	_	_	_	_	_	linguistic	_	none	Volume=low	Begin=1812.087	_	_	_	_
809-1	PSB005	809	1	sì:°	sì	_	_	_	_	_	linguistic	_	none	Volume=low	_	1x1	_	_	_
809-2	PSB005	809	2	[ah	ah	_	_	_	_	_	linguistic	_	none	_	_	_	_	_	0-2(216)
809-3	PSB005	809	3	sì	sì	_	_	_	_	_	linguistic	_	none	_	_	_	_	_	0-2(216)
809-4	PSB005	809	4	sì:].	sì	_	_	_	_	_	linguistic	_	none	Intonation=Falling	End=1813.721	1x1	_	_	0-2(216)
810-0	PSB042	810	0	[è	è	_	_	_	_	_	linguistic	_	none	_	Begin=1812.82	_	_	_	0-1(216)
810-1	PSB042	810	1	buo]no.	buono	_	_	_	_	_	linguistic	_	none	Intonation=Falling	_	_	_	_	0-3(216)
810-2	PSB042	810	2	lo	lo	_	_	_	_	_	linguistic	_	none	_	_	_	_	_	_
810-3	PSB042	810	3	sai	sai	_	_	_	_	_	linguistic	_	none	_	_	_	_	_	_
810-4	PSB042	810	4	queste	queste	_	_	_	_	_	linguistic	_	none	_	_	_	_	_	_
810-5	PSB042	810	5	cose	cose	_	_	_	_	_	linguistic	_	none	_	_	_	_	_	_
810-6	PSB042	810	6	che	che	_	_	_	_	_	linguistic	_	none	_	_	_	_	_	_
810-7	PSB042	810	7	mette	mette	_	_	_	_	_	linguistic	_	none	_	_	_	_	_	_
810-8	PSB042	810	8	la	la	_	_	_	_	_	linguistic	_	none	_	_	_	_	_	_
810-9	PSB042	810	9	riso:,	riso	_	_	_	_	_	linguistic	_	none	Intonation=WeaklyRising	End=1816.376	3x1	_	_	_
811-0	PSB005	811	0	sì	sì	_	_	_	_	_	linguistic	_	none	_	Begin=1816.676	_	_	_	_
811-1	PSB005	811	1	sì	sì	_	_	_	_	_	linguistic	_	none	_	_	_	_	_	_
811-2	PSB005	811	2	sì.	sì	_	_	_	_	_	linguistic	_	none	Intonation=Falling	End=1817.209	_	_	_	_
812-0	PSB042	812	0	eh.	eh	_	_	_	_	_	linguistic	_	yes	Intonation=Falling	Begin=1817.421	_	_	_	_
812-1	PSB042	812	1	pia:c°e°	piace	_	_	_	_	_	linguistic	_	yes	Volume=low	_	2x1	_	_	_
812-2	PSB042	812	2	allo~	allo~	_	_	_	_	_	linguistic	_	yes	Interrupted=Yes	_	_	_	_	_
812-3	PSB042	812	3	eh.	eh	_	_	_	_	_	linguistic	_	yes	Intonation=Falling	_	_	_	_	_
812-4	PSB042	812	4	è	è	_	_	_	_	_	linguistic	_	yes	_	_	_	_	_	_
812-5	PSB042	812	5	mangiato	mangiato	_	_	_	_	_	linguistic	_	yes	_	_	_	_	_	_
812-6	PSB042	812	6	a.-	a.-	_	_	_	_	_	error	_	yes	PauseAfter=Yes	_	_	_	_	_
812-7	PSB042	812	7	(.)	(.)	_	_	_	_	_	shortpause	_	yes	_	_	_	_	_	_
812-8	PSB042	812	8	#déjà	déjà	_	_	_	_	_	linguistic	_	yes	Language=NO_ISO_CODE|Variation=Token	_	_	_	_	_
812-9	PSB042	812	9	visito	visito	_	_	_	_	_	linguistic	_	yes	_	_	_	_	_	_
812-10	PSB042	812	10	la:	la	_	_	_	_	_	linguistic	_	yes	_	_	1x1	_	_	_
812-11	PSB042	812	11	turkish,	turkish	_	_	_	_	_	linguistic	_	yes	Intonation=WeaklyRising	_	_	_	_	_
812-12	PSB042	812	12	#is[tanbul,	istanbul	_	_	_	_	_	linguistic	_	yes	Intonation=WeaklyRising|Language=NO_ISO_CODE|Variation=Token	_	_	_	_	3-9(217)
812-13	PSB042	812	13	°e°	e	_	_	_	_	_	linguistic	_	yes	Volume=low	_	_	_	_	0-1(217)
812-14	PSB042	812	14	piac°e°]	piace	_	_	_	_	_	linguistic	_	yes	Volume=low	End=1824.943	_	_	_	0-5(217)
813-0	PSB005	813	0	[°mh	mh	_	_	_	_	_	linguistic	_	none	Volume=low	Begin=1823.109	_	_	_	0-2(217)
813-1	PSB005	813	1	okay	okay	_	_	_	_	_	linguistic	_	none	Volume=low	_	_	_	_	0-4(217)
813-2	PSB005	813	2	sì°	sì	_	_	_	_	_	linguistic	_	none	Volume=low	_	_	_	_	0-2(217)
813-3	PSB005	813	3	ah	ah	_	_	_	_	_	linguistic	_	none	_	_	_	_	_	0-2(217)
813-4	PSB005	813	4	che	che	_	_	_	_	_	linguistic	_	none	_	_	_	_	_	0-3(217)
813-5	PSB005	813	5	be:llo:]	bello	_	_	_	_	_	linguistic	_	none	_	_	1x1,4x1	_	_	0-5(217)
813-6	PSB005	813	6	molto	molto	_	_	_	_	_	linguistic	_	none	_	End=1825.736	_	_	_	_
814-0	PSB042	814	0	((ride))	((ride))	_	_	_	_	_	nonverbalbehavior	_	none	_	Begin=1825.792|End=1826.436	_	_	_	_
815-0	PSB005	815	0	istanbul	istanbul	_	_	_	_	_	linguistic	_	none	_	Begin=1826.787	_	_	_	_
815-1	PSB005	815	1	è	è	_	_	_	_	_	linguistic	_	none	_	_	_	_	_	_
815-2	PSB005	815	2	molto	molto	_	_	_	_	_	linguistic	_	none	_	_	_	_	_	_
815-3	PSB005	815	3	b[ella].	bella	_	_	_	_	_	linguistic	_	none	Intonation=Falling	End=1828.231	_	_	_	1-5(218)
816-0	PSB042	816	0	[e:h.	eh	_	_	_	_	_	linguistic	_	yes	Intonation=Falling	Begin=1827.964	0x1	_	_	0-2(219)
816-1	PSB042	816	1	mangia]to	mangiato	_	_	_	_	_	linguistic	_	yes	_	_	_	_	_	0-6(219)
816-2	PSB042	816	2	le	le	_	_	_	_	_	linguistic	_	yes	_	_	_	_	_	_
816-3	PSB042	816	3	grigliata,	grigliata	_	_	_	_	_	linguistic	_	yes	Intonation=WeaklyRising	_	_	_	_	_
816-4	PSB042	816	4	#des	des	_	_	_	_	_	linguistic	_	yes	Language=NO_ISO_CODE|Variation=Token	_	_	_	_	_
816-5	PSB042	816	5	cose	cose	_	_	_	_	_	linguistic	_	yes	_	_	_	_	_	_
816-6	PSB042	816	6	piac°e°.	piace	_	_	_	_	_	linguistic	_	yes	Intonation=Falling|PauseAfter=Yes|Volume=low	_	_	_	_	_
816-7	PSB042	816	7	(.)	(.)	_	_	_	_	_	shortpause	_	yes	_	_	_	_	_	_
816-8	PSB042	816	8	e	e	_	_	_	_	_	linguistic	_	yes	_	_	_	_	_	_
816-9	PSB042	816	9	#*le	le	_	_	_	_	_	linguistic	_	yes	Language=NO_ISO_CODE|Variation=Doubtful	_	_	_	_	_
816-10	PSB042	816	10	romeni	romeni	_	_	_	_	_	linguistic	_	yes	_	_	_	_	_	_
816-11	PSB042	816	11	uguale.	uguale	_	_	_	_	_	linguistic	_	yes	Intonation=Falling	_	_	_	_	_
816-12	PSB042	816	12	le	le	_	_	_	_	_	linguistic	_	yes	_	_	_	_	_	_
816-13	PSB042	816	13	cose.	cose	_	_	_	_	_	linguistic	_	yes	Intonation=Falling	End=1833.431	_	_	_	_
817-0	PSB005	817	0	[per	per	_	_	_	_	_	linguistic	_	none	_	Begin=1828.754	_	_	_	0-3(219)
817-1	PSB005	817	1	me]	me	_	_	_	_	_	linguistic	_	none	_	End=1829.098	_	_	_	0-2(219)
818-0	PSB005	818	0	ehm	ehm	_	_	_	_	_	linguistic	_	none	_	Begin=1834.135	_	_	_	_
818-1	PSB005	818	1	vedi	vedi	_	_	_	_	_	linguistic	_	none	_	_	_	_	_	_
818-2	PSB005	818	2	okay.	okay	_	_	_	_	_	linguistic	_	none	Intonation=Falling	_	_	_	_	_
818-3	PSB005	818	3	non	non	_	_	_	_	_	linguistic	_	none	_	_	_	_	_	_
818-4	PSB005	818	4	lo	lo	_	_	_	_	_	linguistic	_	none	_	_	_	_	_	_
818-5	PSB005	818	5	so.	so	_	_	_	_	_	linguistic	_	none	Intonation=Falling	End=1835.369	_	_	_	_
819-0	PSB042	819	0	<sì>	sì	_	_	_	_	_	linguistic	_	none	_	Begin=1835.731|End=1836.409	_	Slow=0-2(0)	_	_
820-0	PSB005	820	0	ma	ma	_	_	_	_	_	linguistic	_	none	_	Begin=1836.453	_	_	_	_
820-1	PSB005	820	1	l~	l~	_	_	_	_	_	linguistic	_	none	Interrupted=Yes	_	_	_	_	_
820-2	PSB005	820	2	istanbul	istanbul	_	_	_	_	_	linguistic	_	none	_	_	_	_	_	_
820-3	PSB005	820	3	mi	mi	_	_	_	_	_	linguistic	_	none	_	_	_	_	_	_
820-4	PSB005	820	4	è	è	_	_	_	_	_	linguistic	_	none	_	_	_	_	_	_
820-5	PSB005	820	5	piaciuta	piaciuta	_	_	_	_	_	linguistic	_	none	_	_	_	_	_	_
820-6	PSB005	820	6	tantissimo	tantissimo	_	_	_	_	_	linguistic	_	none	_	_	_	_	_	_
820-7	PSB005	820	7	qu[ando	quando	_	_	_	_	_	linguistic	_	none	_	_	_	_	_	2-6(220)
820-8	PSB005	820	8	sono	sono	_	_	_	_	_	linguistic	_	none	_	_	_	_	_	0-4(220)
820-9	PSB005	820	9	andata]	andata	_	_	_	_	_	linguistic	_	none	_	End=1839.698	_	_	_	0-6(220)
821-0	PSB042	821	0	[sì:	sì	_	_	_	_	_	linguistic	_	none	_	Begin=1838.513	1x1	_	_	0-2(220)
821-1	PSB042	821	1	bella].	bella	_	_	_	_	_	linguistic	_	none	Intonation=Falling	End=1839.702	_	_	_	0-5(220)
822-0	PSB042	822	0	°sì°	sì	_	_	_	_	_	linguistic	_	none	Volume=low	Begin=1839.876|End=1840.042	_	_	_	_
823-0	PSB042	823	0	io	io	_	_	_	_	_	linguistic	_	none	_	Begin=1840.387	_	_	_	_
823-1	PSB042	823	1	visita	visita	_	_	_	_	_	linguistic	_	none	PauseAfter=Yes	_	_	_	_	_
823-2	PSB042	823	2	(.)	(.)	_	_	_	_	_	shortpause	_	none	_	_	_	_	_	_
823-3	PSB042	823	3	adesso	adesso	_	_	_	_	_	linguistic	_	none	_	_	_	_	_	_
823-4	PSB042	823	4	cinque	cinque	_	_	_	_	_	linguistic	_	none	_	_	_	_	_	_
823-5	PSB042	823	5	anni	anni	_	_	_	_	_	linguistic	_	none	_	_	_	_	_	_
823-6	PSB042	823	6	fa.	fa	_	_	_	_	_	linguistic	_	none	Intonation=Falling	End=1843.573	_	_	_	_
824-0	PSB042	824	0	non	non	_	_	_	_	_	linguistic	_	none	_	Begin=1844.04	_	_	_	_
824-1	PSB042	824	1	è	è	_	_	_	_	_	linguistic	_	none	_	_	_	_	_	_
824-2	PSB042	824	2	così	così	_	_	_	_	_	linguistic	_	none	_	_	_	_	_	_
824-3	PSB042	824	3	cara.	cara	_	_	_	_	_	linguistic	_	none	Intonation=Falling	_	_	_	_	_
824-4	PSB042	824	4	adesso	adesso	_	_	_	_	_	linguistic	_	none	_	_	_	_	_	_
824-5	PSB042	824	5	[cara].	cara	_	_	_	_	_	linguistic	_	none	Intonation=Falling	End=1846.206	_	_	_	0-4(221)
825-0	PSB005	825	0	[°mhmh°]	mhmh	_	_	_	_	_	linguistic	_	none	Volume=low	Begin=1845.82|End=1846.243	_	_	_	0-4(221)
826-0	PSB005	826	0	io	io	_	_	_	_	_	linguistic	_	none	_	Begin=1847.587	_	_	_	_
826-1	PSB005	826	1	sono	sono	_	_	_	_	_	linguistic	_	none	_	_	_	_	_	_
826-2	PSB005	826	2	andata,	andata	_	_	_	_	_	linguistic	_	none	Intonation=WeaklyRising|PauseAfter=Yes	_	_	_	_	_
826-3	PSB005	826	3	(.)	(.)	_	_	_	_	_	shortpause	_	none	_	_	_	_	_	_
826-4	PSB005	826	4	quasi	quasi	_	_	_	_	_	linguistic	_	none	_	_	_	_	_	_
826-5	PSB005	826	5	dieci	dieci	_	_	_	_	_	linguistic	_	none	_	_	_	_	_	_
826-6	PSB005	826	6	anni	anni	_	_	_	_	_	linguistic	_	none	_	_	_	_	_	_
826-7	PSB005	826	7	fa.	fa	_	_	_	_	_	linguistic	_	none	Intonation=Falling	End=1850.087	_	_	_	_
827-0	PSB042	827	0	dieci	dieci	_	_	_	_	_	linguistic	_	none	_	Begin=1850.109	_	_	_	_
827-1	PSB042	827	1	a-.	a-	_	_	_	_	_	linguistic	_	none	Intonation=Falling|Interrupted=Yes	End=1850.787	_	_	_	_
828-0	PSB042	828	0	ma	ma	_	_	_	_	_	linguistic	_	none	_	Begin=1851.253	_	_	_	_
828-1	PSB042	828	1	adesso:.	adesso	_	_	_	_	_	linguistic	_	none	Intonation=Falling	_	5x1	_	_	_
828-2	PSB042	828	2	mia	mia	_	_	_	_	_	linguistic	_	none	_	_	_	_	_	_
828-3	PSB042	828	3	sorella	sorella	_	_	_	_	_	linguistic	_	none	_	_	_	_	_	_
828-4	PSB042	828	4	visita	visita	_	_	_	_	_	linguistic	_	none	_	_	_	_	_	_
828-5	PSB042	828	5	dice	dice	_	_	_	_	_	linguistic	_	none	_	End=1854.4	_	_	_	_
829-0	PSB005	829	0	mhmh	mhmh	_	_	_	_	_	linguistic	_	none	_	Begin=1854.839|End=1855.093	_	_	_	_
830-0	PSB042	830	0	le	le	_	_	_	_	_	linguistic	_	yes	_	Begin=1855.106	_	_	_	_
830-1	PSB042	830	1	#price	price	_	_	_	_	_	linguistic	_	yes	Language=NO_ISO_CODE|Variation=Token	_	_	_	_	_
830-2	PSB042	830	2	è	è	_	_	_	_	_	linguistic	_	yes	_	_	_	_	_	_
830-3	PSB042	830	3	tutto	tutto	_	_	_	_	_	linguistic	_	yes	_	_	_	_	_	_
830-4	PSB042	830	4	#double	double	_	_	_	_	_	linguistic	_	yes	Language=NO_ISO_CODE|Variation=Token	End=1856.726	_	_	_	_
831-0	PSB005	831	0	°mhmh°	mhmh	_	_	_	_	_	linguistic	_	none	Volume=low	Begin=1857.03|End=1857.575	_	_	_	_
832-0	PSB042	832	0	cara.	cara	_	_	_	_	_	linguistic	_	none	Intonation=Falling	Begin=1858.12|End=1858.476	_	_	_	_
833-0	PSB005	833	0	sì.	sì	_	_	_	_	_	linguistic	_	none	Intonation=Falling	Begin=1858.709	_	_	_	_
833-1	PSB005	833	1	peccato.	peccato	_	_	_	_	_	linguistic	_	none	Intonation=Falling	End=1859.709	_	_	_	_
834-0	PSB005	834	0	((ride))	((ride))	_	_	_	_	_	nonverbalbehavior	_	none	_	Begin=1859.954|End=1860.331	_	_	_	_
835-0	PSB042	835	0	ma	ma	_	_	_	_	_	linguistic	_	yes	_	Begin=1860.353	_	_	_	_
835-1	PSB042	835	1	tutto	tutto	_	_	_	_	_	linguistic	_	yes	_	_	_	_	_	_
835-2	PSB042	835	2	#le	le	_	_	_	_	_	linguistic	_	yes	Language=NO_ISO_CODE|Variation=Token	_	_	_	_	_
835-3	PSB042	835	3	mondo	mondo	_	_	_	_	_	linguistic	_	yes	_	_	_	_	_	_
835-4	PSB042	835	4	adesso:.	adesso	_	_	_	_	_	linguistic	_	yes	Intonation=Falling|PauseAfter=Yes	_	5x1	_	_	_
835-5	PSB042	835	5	(.)	(.)	_	_	_	_	_	shortpause	_	yes	_	_	_	_	_	_
835-6	PSB042	835	6	anche	anche	_	_	_	_	_	linguistic	_	yes	_	_	_	_	_	_
835-7	PSB042	835	7	la	la	_	_	_	_	_	linguistic	_	yes	_	_	_	_	_	_
835-8	PSB042	835	8	spesa,	spesa	_	_	_	_	_	linguistic	_	yes	Intonation=WeaklyRising	_	_	_	_	_
835-9	PSB042	835	9	anche	anche	_	_	_	_	_	linguistic	_	yes	_	_	_	_	_	_
835-10	PSB042	835	10	qua.	qua	_	_	_	_	_	linguistic	_	yes	Intonation=Falling	End=1865.731	_	_	_	_
836-0	PSB005	836	0	mhmh	mhmh	_	_	_	_	_	linguistic	_	none	_	Begin=1865.842|End=1866.253	_	_	_	_
837-0	PSB042	837	0	adesso	adesso	_	_	_	_	_	linguistic	_	none	_	Begin=1866.286	_	_	_	_
837-1	PSB042	837	1	un	un	_	_	_	_	_	linguistic	_	none	_	_	_	_	_	_
837-2	PSB042	837	2	anno?	anno	_	_	_	_	_	linguistic	_	none	Intonation=Rising|PauseAfter=Yes	_	_	_	_	_
837-3	PSB042	837	3	(.)	(.)	_	_	_	_	_	shortpause	_	none	_	_	_	_	_	_
837-4	PSB042	837	4	al:	al	_	_	_	_	_	linguistic	_	none	_	_	1x1	_	_	_
837-5	PSB042	837	5	bologna,	bologna	_	_	_	_	_	linguistic	_	none	Intonation=WeaklyRising	_	_	_	_	_
837-6	PSB042	837	6	la	la	_	_	_	_	_	linguistic	_	none	_	_	_	_	_	_
837-7	PSB042	837	7	spesa	spesa	_	_	_	_	_	linguistic	_	none	_	_	_	_	_	_
837-8	PSB042	837	8	non	non	_	_	_	_	_	linguistic	_	none	_	_	_	_	_	_
837-9	PSB042	837	9	è	è	_	_	_	_	_	linguistic	_	none	_	_	_	_	_	_
837-10	PSB042	837	10	come	come	_	_	_	_	_	linguistic	_	none	_	_	_	_	_	_
837-11	PSB042	837	11	un	un	_	_	_	_	_	linguistic	_	none	_	_	_	_	_	_
837-12	PSB042	837	12	$année	année	_	_	_	_	_	linguistic	_	none	Orthography=Yes|Variation=Emerging	_	_	_	_	_
837-13	PSB042	837	13	fa.	fa	_	_	_	_	_	linguistic	_	none	Intonation=Falling	End=1871.542	_	_	_	_
838-0	PSB042	838	0	[ci]	ci	_	_	_	_	_	linguistic	_	yes	_	Begin=1872.532	_	_	_	0-2(223)
838-1	PSB042	838	1	senti	senti	_	_	_	_	_	linguistic	_	yes	_	_	_	_	_	_
838-2	PSB042	838	2	#*que:	que	_	_	_	_	_	linguistic	_	yes	Language=NO_ISO_CODE|Variation=Doubtful	_	2x1	_	_	_
838-3	PSB042	838	3	la	la	_	_	_	_	_	linguistic	_	yes	_	_	_	_	_	_
838-4	PSB042	838	4	soldi	soldi	_	_	_	_	_	linguistic	_	yes	PauseAfter=Yes	_	_	_	_	_
838-5	PSB042	838	5	(.)	(.)	_	_	_	_	_	shortpause	_	yes	_	_	_	_	_	_
838-6	PSB042	838	6	cento	cento	_	_	_	_	_	linguistic	_	yes	_	_	_	_	_	_
838-7	PSB042	838	7	euro	euro	_	_	_	_	_	linguistic	_	yes	_	_	_	_	_	_
838-8	PSB042	838	8	non	non	_	_	_	_	_	linguistic	_	yes	_	_	_	_	_	_
838-9	PSB042	838	9	fa	fa	_	_	_	_	_	linguistic	_	yes	_	_	_	_	_	_
838-10	PSB042	838	10	nient[e]	niente	_	_	_	_	_	linguistic	_	yes	_	End=1877.309	_	_	_	5-6(222)
839-0	PSB005	839	0	[eh]	eh	_	_	_	_	_	linguistic	_	none	_	Begin=1872.564|End=1872.787	_	_	_	0-2(223)
840-0	PSB005	840	0	[a:h]	ah	_	_	_	_	_	linguistic	_	none	_	Begin=1877.064	0x1	_	_	0-2(222)
840-1	PSB005	840	1	sì.	sì	_	_	_	_	_	linguistic	_	none	Intonation=Falling	End=1877.742	_	_	_	_
841-0	PSB042	841	0	un	un	_	_	_	_	_	linguistic	_	yes	_	Begin=1878.098	_	_	_	_
841-1	PSB042	841	1	anno:	anno	_	_	_	_	_	linguistic	_	yes	PauseAfter=Yes	_	3x1	_	_	_
841-2	PSB042	841	2	(.)	(.)	_	_	_	_	_	shortpause	_	yes	_	_	_	_	_	_
841-3	PSB042	841	3	#plus	plus	_	_	_	_	_	linguistic	_	yes	Language=NO_ISO_CODE|Variation=Token	_	_	_	_	_
841-4	PSB042	841	4	da	da	_	_	_	_	_	linguistic	_	yes	_	_	_	_	_	_
841-5	PSB042	841	5	un	un	_	_	_	_	_	linguistic	_	yes	_	_	_	_	_	_
841-6	PSB042	841	6	a°nno°	anno	_	_	_	_	_	linguistic	_	yes	Volume=low	End=1880.22	_	_	_	_
842-0	PSB005	842	0	°sì	sì	_	_	_	_	_	linguistic	_	none	Volume=low	Begin=1880.697	_	_	_	_
842-1	PSB005	842	1	sì:.°	sì	_	_	_	_	_	linguistic	_	none	Intonation=Falling|Volume=low	End=1881.275	1x1	_	_	_
843-0	PSB042	843	0	la	la	_	_	_	_	_	linguistic	_	none	_	Begin=1881.331	_	_	_	_
843-1	PSB042	843	1	[vi]ta	vita	_	_	_	_	_	linguistic	_	none	_	_	_	_	_	0-2(224)
843-2	PSB042	843	2	è	è	_	_	_	_	_	linguistic	_	none	_	_	_	_	_	_
843-3	PSB042	843	3	[cara]	cara	_	_	_	_	_	linguistic	_	none	_	End=1882.553	_	_	_	0-4(225)
844-0	PSB005	844	0	[e]	e	_	_	_	_	_	linguistic	_	none	_	Begin=1881.687|End=1881.842	_	_	_	0-1(224)
845-0	PSB005	845	0	[°mhmh.°]	mhmh	_	_	_	_	_	linguistic	_	none	Intonation=Falling|Volume=low	Begin=1882.186|End=1882.553	_	_	_	0-4(225)
846-0	PSB005	846	0	anche	anche	_	_	_	_	_	linguistic	_	none	_	Begin=1883.331	_	_	_	_
846-1	PSB005	846	1	e	e	_	_	_	_	_	linguistic	_	none	_	_	_	_	_	_
846-2	PSB005	846	2	gli	gli	_	_	_	_	_	linguistic	_	none	_	_	_	_	_	_
846-3	PSB005	846	3	affitti	affitti	_	_	_	_	_	linguistic	_	none	_	_	_	_	_	_
846-4	PSB005	846	4	costano	costano	_	_	_	_	_	linguistic	_	none	_	_	_	_	_	_
846-5	PSB005	846	5	molto	molto	_	_	_	_	_	linguistic	_	none	_	_	_	_	_	_
846-6	PSB005	846	6	dicevi.	dicevi	_	_	_	_	_	linguistic	_	none	Intonation=Falling	_	_	_	_	_
846-7	PSB005	846	7	no?	no	_	_	_	_	_	linguistic	_	none	Intonation=Rising	End=1885.88	_	_	_	_
847-0	PSB042	847	0	s:ì:.	sì	_	_	_	_	_	linguistic	_	none	Intonation=Falling	Begin=1885.909|End=1886.575	0x1,1x1	_	_	_
848-0	PSB042	848	0	anche	anche	_	_	_	_	_	linguistic	_	yes	_	Begin=1886.909	_	_	_	_
848-1	PSB042	848	1	per	per	_	_	_	_	_	linguistic	_	yes	_	_	_	_	_	_
848-2	PSB042	848	2	me:.	me	_	_	_	_	_	linguistic	_	yes	Intonation=Falling	_	1x1	_	_	_
848-3	PSB042	848	3	#*les	les	_	_	_	_	_	linguistic	_	yes	Language=NO_ISO_CODE|Variation=Doubtful	_	_	_	_	_
848-4	PSB042	848	4	#factures	factures	_	_	_	_	_	linguistic	_	yes	Language=NO_ISO_CODE|Variation=Token	_	_	_	_	_
848-5	PSB042	848	5	e	e	_	_	_	_	_	linguistic	_	yes	_	_	_	_	_	_
848-6	PSB042	848	6	le	le	_	_	_	_	_	linguistic	_	yes	_	_	_	_	_	_
848-7	PSB042	848	7	#gaz	gaz	_	_	_	_	_	linguistic	_	yes	Language=NO_ISO_CODE|Variation=Token	_	_	_	_	_
848-8	PSB042	848	8	e	e	_	_	_	_	_	linguistic	_	yes	_	_	_	_	_	_
848-9	PSB042	848	9	queste	queste	_	_	_	_	_	linguistic	_	yes	_	_	_	_	_	_
848-10	PSB042	848	10	cose,	cose	_	_	_	_	_	linguistic	_	yes	Intonation=WeaklyRising	_	_	_	_	_
848-11	PSB042	848	11	ci	ci	_	_	_	_	_	linguistic	_	yes	_	_	_	_	_	_
848-12	PSB042	848	12	senti	senti	_	_	_	_	_	linguistic	_	yes	_	_	_	_	_	_
848-13	PSB042	848	13	trop~	trop~	_	_	_	_	_	linguistic	_	yes	Interrupted=Yes	End=1892.487	_	_	_	_
849-0	PSB042	849	0	non	non	_	_	_	_	_	linguistic	_	none	_	Begin=1893.1	_	_	_	_
849-1	PSB042	849	1	è	è	_	_	_	_	_	linguistic	_	none	_	_	_	_	_	_
849-2	PSB042	849	2	così	così	_	_	_	_	_	linguistic	_	none	_	_	_	_	_	_
849-3	PSB042	849	3	facile	facile	_	_	_	_	_	linguistic	_	none	_	_	_	_	_	_
849-4	PSB042	849	4	come	come	_	_	_	_	_	linguistic	_	none	_	_	_	_	_	_
849-5	PSB042	849	5	una	una	_	_	_	_	_	linguistic	_	none	_	_	_	_	_	_
849-6	PSB042	849	6	vita	vita	_	_	_	_	_	linguistic	_	none	_	_	_	_	_	_
849-7	PSB042	849	7	ma:.	ma	_	_	_	_	_	linguistic	_	none	Intonation=Falling	End=1896.093	1x1	_	_	_
850-0	PSB005	850	0	sì	sì	_	_	_	_	_	linguistic	_	none	_	Begin=1896.543	_	_	_	_
850-1	PSB005	850	1	m:h	mh	_	_	_	_	_	linguistic	_	none	_	End=1897.043	0x1	_	_	_
851-0	PSB042	851	0	se	se	_	_	_	_	_	linguistic	_	yes	_	Begin=1897.098	_	_	_	_
851-1	PSB042	851	1	vuoi	vuoi	_	_	_	_	_	linguistic	_	yes	_	_	_	_	_	_
851-2	PSB042	851	2	pagare	pagare	_	_	_	_	_	linguistic	_	yes	_	_	_	_	_	_
851-3	PSB042	851	3	l~	l~	_	_	_	_	_	linguistic	_	yes	Interrupted=Yes	_	_	_	_	_
851-4	PSB042	851	4	le	le	_	_	_	_	_	linguistic	_	yes	_	_	_	_	_	_
851-5	PSB042	851	5	g~	g~	_	_	_	_	_	linguistic	_	yes	Interrupted=Yes	_	_	_	_	_
851-6	PSB042	851	6	tutto:.	tutto	_	_	_	_	_	linguistic	_	yes	Intonation=Falling	_	4x1	_	_	_
851-7	PSB042	851	7	#*les	les	_	_	_	_	_	linguistic	_	yes	Language=NO_ISO_CODE|Variation=Doubtful	_	_	_	_	_
851-8	PSB042	851	8	#factures,	factures	_	_	_	_	_	linguistic	_	yes	Intonation=WeaklyRising|Language=NO_ISO_CODE|Variation=Token	_	_	_	_	_
851-9	PSB042	851	9	e	e	_	_	_	_	_	linguistic	_	yes	_	_	_	_	_	_
851-10	PSB042	851	10	l'	l'	_	_	_	_	_	linguistic	_	yes	SpaceAfter=No	_	_	_	_	_
851-11	PSB042	851	11	affitto:.	affitto	_	_	_	_	_	linguistic	_	yes	Intonation=Falling	End=1902.38	6x1	_	_	_
852-0	PSB042	852	0	difficile.	difficile	_	_	_	_	_	linguistic	_	none	Intonation=Falling	Begin=1903.15|End=1903.84	_	_	_	_
853-0	PSB005	853	0	servo[no	servono	_	_	_	_	_	linguistic	_	none	_	Begin=1903.864	_	_	_	5-7(226)
853-1	PSB005	853	1	molti	molti	_	_	_	_	_	linguistic	_	none	_	_	_	_	_	0-5(226)
853-2	PSB005	853	2	soldi].	soldi	_	_	_	_	_	linguistic	_	none	Intonation=Falling	End=1905.242	_	_	_	0-5(226)
854-0	PSB042	854	0	[<sì>]	sì	_	_	_	_	_	linguistic	_	none	_	Begin=1904.143	_	Slow=0-2(0)	_	0-2(226)
854-1	PSB042	854	1	°sì°	sì	_	_	_	_	_	linguistic	_	none	Volume=low	End=1906.12	_	_	_	_
855-0	PSB042	855	0	anche	anche	_	_	_	_	_	linguistic	_	none	_	Begin=1906.333	_	_	_	_
855-1	PSB042	855	1	le	le	_	_	_	_	_	linguistic	_	none	_	_	_	_	_	_
855-2	PSB042	855	2	tasse.	tasse	_	_	_	_	_	linguistic	_	none	Intonation=Falling|PauseAfter=Yes	_	_	_	_	_
855-3	PSB042	855	3	[(.)]	(.)	_	_	_	_	_	shortpause	_	none	_	_	_	_	_	X(227)
855-4	PSB042	855	4	con	con	_	_	_	_	_	linguistic	_	none	_	_	_	_	_	_
855-5	PSB042	855	5	mi~	mi~	_	_	_	_	_	linguistic	_	none	Interrupted=Yes	_	_	_	_	_
855-6	PSB042	855	6	mio	mio	_	_	_	_	_	linguistic	_	none	_	_	_	_	_	_
855-7	PSB042	855	7	marito,	marito	_	_	_	_	_	linguistic	_	none	Intonation=WeaklyRising	End=1909.733	_	_	_	_
856-0	PSB005	856	0	[mh]	mh	_	_	_	_	_	linguistic	_	none	_	Begin=1907.998|End=1908.22	_	_	_	0-2(227)
857-0	PSB042	857	0	$shtire	shtire	_	_	_	_	_	linguistic	_	none	Orthography=Yes|Variation=Emerging	Begin=1910.226	_	_	_	_
857-1	PSB042	857	1	troppo	troppo	_	_	_	_	_	linguistic	_	none	_	_	_	_	_	_
857-2	PSB042	857	2	°tasse°	tasse	_	_	_	_	_	linguistic	_	none	Volume=low	End=1912.506	_	_	_	_
858-0	PSB005	858	0	perché	perché	_	_	_	_	_	linguistic	_	none	_	Begin=1912.998	_	_	_	_
858-1	PSB005	858	1	voi	voi	_	_	_	_	_	linguistic	_	none	_	_	_	_	_	_
858-2	PSB005	858	2	avete	avete	_	_	_	_	_	linguistic	_	none	_	_	_	_	_	_
858-3	PSB005	858	3	un	un	_	_	_	_	_	linguistic	_	none	_	_	_	_	_	_
858-4	PSB005	858	4	attività.	attività	_	_	_	_	_	linguistic	_	none	Intonation=Falling	_	_	_	_	_
858-5	PSB005	858	5	avet[e:],	avete	_	_	_	_	_	linguistic	_	none	Intonation=WeaklyRising	_	4x1	_	_	4-5(228)
858-6	PSB005	858	6	un	un	_	_	_	_	_	linguistic	_	none	_	_	_	_	_	_
858-7	PSB005	858	7	bed	bed	_	_	_	_	_	linguistic	_	none	_	_	_	_	_	_
858-8	PSB005	858	8	and	and	_	_	_	_	_	linguistic	_	none	_	_	_	_	_	_
858-9	PSB005	858	9	breakfast.	breakfast	_	_	_	_	_	linguistic	_	none	Intonation=Falling	_	_	_	_	_
858-10	PSB005	858	10	giusto?	giusto	_	_	_	_	_	linguistic	_	none	Intonation=Rising	End=1916.798	_	_	_	_
859-0	PSB042	859	0	[<sì>.]	sì	_	_	_	_	_	linguistic	_	none	Intonation=Falling	Begin=1914.787|End=1915.843	_	Slow=0-2(0)	_	0-2(228)
860-0	PSB042	860	0	sì	sì	_	_	_	_	_	linguistic	_	none	_	Begin=1917.187	_	_	_	_
860-1	PSB042	860	1	ma	ma	_	_	_	_	_	linguistic	_	none	_	_	_	_	_	_
860-2	PSB042	860	2	anche	anche	_	_	_	_	_	linguistic	_	none	_	_	_	_	_	_
860-3	PSB042	860	3	ce	ce	_	_	_	_	_	linguistic	_	none	_	_	_	_	_	_
860-4	PSB042	860	4	l'	l'	_	_	_	_	_	linguistic	_	none	SpaceAfter=No	_	_	_	_	_
860-5	PSB042	860	5	ho	ho	_	_	_	_	_	linguistic	_	none	_	_	_	_	_	_
860-6	PSB042	860	6	la:	la	_	_	_	_	_	linguistic	_	none	_	_	1x1	_	_	_
860-7	PSB042	860	7	suo	suo	_	_	_	_	_	linguistic	_	none	_	_	_	_	_	_
860-8	PSB042	860	8	lavoro	lavoro	_	_	_	_	_	linguistic	_	none	_	_	_	_	_	_
860-9	PSB042	860	9	ma:.	ma	_	_	_	_	_	linguistic	_	none	Intonation=Falling	End=1920.48	1x1	_	_	_
861-0	PSB042	861	0	come	come	_	_	_	_	_	linguistic	_	yes	_	Begin=1921.006	_	_	_	_
861-1	PSB042	861	1	#*de	de	_	_	_	_	_	linguistic	_	yes	Language=NO_ISO_CODE|Variation=Doubtful	_	_	_	_	_
861-2	PSB042	861	2	tasse,	tasse	_	_	_	_	_	linguistic	_	yes	Intonation=WeaklyRising	_	_	_	_	_
861-3	PSB042	861	3	troppo.	troppo	_	_	_	_	_	linguistic	_	yes	Intonation=Falling	End=1922.9	_	_	_	_
862-0	PSB005	862	0	mhmh	mhmh	_	_	_	_	_	linguistic	_	none	_	Begin=1923.02|End=1923.431	_	_	_	_
863-0	PSB042	863	0	no	no	_	_	_	_	_	linguistic	_	none	_	Begin=1923.909	_	_	_	_
863-1	PSB042	863	1	puoi:	puoi	_	_	_	_	_	linguistic	_	none	_	_	3x1	_	_	_
863-2	PSB042	863	2	lascia:	lascia	_	_	_	_	_	linguistic	_	none	_	_	5x1	_	_	_
863-3	PSB042	863	3	soldi	soldi	_	_	_	_	_	linguistic	_	none	_	_	_	_	_	_
863-4	PSB042	863	4	a	a	_	_	_	_	_	linguistic	_	none	_	_	_	_	_	_
863-5	PSB042	863	5	parte,	parte	_	_	_	_	_	linguistic	_	none	Intonation=WeaklyRising	_	_	_	_	_
863-6	PSB042	863	6	per	per	_	_	_	_	_	linguistic	_	none	_	_	_	_	_	_
863-7	PSB042	863	7	eh	eh	_	_	_	_	_	linguistic	_	none	_	End=1927.873	_	_	_	_
864-0	PSB042	864	0	per	per	_	_	_	_	_	linguistic	_	none	_	Begin=1928.793	_	_	_	_
864-1	PSB042	864	1	sentire	sentire	_	_	_	_	_	linguistic	_	none	_	_	_	_	_	_
864-2	PSB042	864	2	che	che	_	_	_	_	_	linguistic	_	none	_	_	_	_	_	_
864-3	PSB042	864	3	la	la	_	_	_	_	_	linguistic	_	none	_	_	_	_	_	_
864-4	PSB042	864	4	tua	tua	_	_	_	_	_	linguistic	_	none	_	_	_	_	_	_
864-5	PSB042	864	5	vita	vita	_	_	_	_	_	linguistic	_	none	_	_	_	_	_	_
864-6	PSB042	864	6	avanti	avanti	_	_	_	_	_	linguistic	_	none	_	_	_	_	_	_
864-7	PSB042	864	7	meglio	meglio	_	_	_	_	_	linguistic	_	none	_	End=1931.966	_	_	_	_
865-0	PSB005	865	0	mhmh.	mhmh	_	_	_	_	_	linguistic	_	none	Intonation=Falling	Begin=1932.792|End=1933.181	_	_	_	_
866-0	PSB042	866	0	se	se	_	_	_	_	_	linguistic	_	none	_	Begin=1933.187	_	_	_	_
866-1	PSB042	866	1	vuoi	vuoi	_	_	_	_	_	linguistic	_	none	_	_	_	_	_	_
866-2	PSB042	866	2	paga	paga	_	_	_	_	_	linguistic	_	none	PauseAfter=Yes	_	_	_	_	_
866-3	PSB042	866	3	(.)	(.)	_	_	_	_	_	shortpause	_	none	_	_	_	_	_	_
866-4	PSB042	866	4	tribunale,	tribunale	_	_	_	_	_	linguistic	_	none	Intonation=WeaklyRising	_	_	_	_	_
866-5	PSB042	866	5	no	no	_	_	_	_	_	linguistic	_	none	_	_	_	_	_	_
866-6	PSB042	866	6	fare	fare	_	_	_	_	_	linguistic	_	none	_	_	_	_	_	_
866-7	PSB042	866	7	le	le	_	_	_	_	_	linguistic	_	none	_	_	_	_	_	_
866-8	PSB042	866	8	problemi,	problemi	_	_	_	_	_	linguistic	_	none	Intonation=WeaklyRising	_	_	_	_	_
866-9	PSB042	866	9	paga	paga	_	_	_	_	_	linguistic	_	none	_	_	_	_	_	_
866-10	PSB042	866	10	affitto	affitto	_	_	_	_	_	linguistic	_	none	_	_	_	_	_	_
866-11	PSB042	866	11	e	e	_	_	_	_	_	linguistic	_	none	_	_	_	_	_	_
866-12	PSB042	866	12	tutto,	tutto	_	_	_	_	_	linguistic	_	none	Intonation=WeaklyRising	End=1939.013	_	_	_	_
867-0	PSB042	867	0	difficile	difficile	_	_	_	_	_	linguistic	_	none	_	Begin=1939.167	_	_	_	_
867-1	PSB042	867	1	da	da	_	_	_	_	_	linguistic	_	none	_	_	_	_	_	_
867-2	PSB042	867	2	lascia:	lascia	_	_	_	_	_	linguistic	_	none	_	_	5x1	_	_	_
867-3	PSB042	867	3	soldi:	soldi	_	_	_	_	_	linguistic	_	none	_	_	4x1	_	_	_
867-4	PSB042	867	4	per	per	_	_	_	_	_	linguistic	_	none	_	_	_	_	_	_
867-5	PSB042	867	5	la	la	_	_	_	_	_	linguistic	_	none	_	_	_	_	_	_
867-6	PSB042	867	6	futuro	futuro	_	_	_	_	_	linguistic	_	none	_	_	_	_	_	_
867-7	PSB042	867	7	per	per	_	_	_	_	_	linguistic	_	none	_	_	_	_	_	_
867-8	PSB042	867	8	vacanza:,	vacanza	_	_	_	_	_	linguistic	_	none	Intonation=WeaklyRising	End=1943.74	6x1	_	_	_
868-0	PSB005	868	0	mhmh	mhmh	_	_	_	_	_	linguistic	_	none	_	Begin=1943.74|End=1944.42	_	_	_	_
869-0	PSB042	869	0	difficile.	difficile	_	_	_	_	_	linguistic	_	none	Intonation=Falling	Begin=1945.142|End=1945.986	_	_	_	_
870-0	PSB005	870	0	e	e	_	_	_	_	_	linguistic	_	none	_	Begin=1946.375	_	_	_	_
870-1	PSB005	870	1	mi	mi	_	_	_	_	_	linguistic	_	none	_	_	_	_	_	_
870-2	PSB005	870	2	dicevi	dicevi	_	_	_	_	_	linguistic	_	none	_	_	_	_	_	_
870-3	PSB005	870	3	che	che	_	_	_	_	_	linguistic	_	none	_	_	_	_	_	_
870-4	PSB005	870	4	stavi	stavi	_	_	_	_	_	linguistic	_	none	_	_	_	_	_	_
870-5	PSB005	870	5	cercando	cercando	_	_	_	_	_	linguistic	_	none	_	_	_	_	_	_
870-6	PSB005	870	6	casa.	casa	_	_	_	_	_	linguistic	_	none	Intonation=Falling	_	_	_	_	_
870-7	PSB005	870	7	stai	stai	_	_	_	_	_	linguistic	_	none	_	_	_	_	_	_
870-8	PSB005	870	8	cercando	cercando	_	_	_	_	_	linguistic	_	none	_	_	_	_	_	_
870-9	PSB005	870	9	c[asa.	casa	_	_	_	_	_	linguistic	_	none	Intonation=Falling	_	_	_	_	1-4(229)
870-10	PSB005	870	10	giusto]?	giusto	_	_	_	_	_	linguistic	_	none	Intonation=Rising	End=1950.242	_	_	_	0-6(229)
871-0	PSB042	871	0	[s:ì]	sì	_	_	_	_	_	linguistic	_	none	_	Begin=1949.346	0x1	_	_	0-2(229)
871-1	PSB042	871	1	sì.	sì	_	_	_	_	_	linguistic	_	none	Intonation=Falling	End=1950.891	_	_	_	_
872-0	PSB005	872	0	d[ella	della	_	_	_	_	_	linguistic	_	none	_	Begin=1951.025	_	_	_	1-5(230)
872-1	PSB005	872	1	sit]uazione~	situazione~	_	_	_	_	_	linguistic	_	none	Interrupted=Yes	End=1952.158	_	_	_	0-3(230)
873-0	PSB042	873	0	[sì].	sì	_	_	_	_	_	linguistic	_	none	Intonation=Falling	Begin=1951.198|End=1951.687	_	_	_	0-2(230)
874-0	PSB042	874	0	sì	sì	_	_	_	_	_	linguistic	_	none	_	Begin=1952.943	_	_	_	_
874-1	PSB042	874	1	sì:	sì	_	_	_	_	_	linguistic	_	none	_	End=1953.831	1x1	_	_	_
875-0	PSB005	875	0	e	e	_	_	_	_	_	linguistic	_	none	_	Begin=1955.52	_	_	_	_
875-1	PSB005	875	1	vorres~	vorres~	_	_	_	_	_	linguistic	_	none	Interrupted=Yes	_	_	_	_	_
875-2	PSB005	875	2	cioè	cioè	_	_	_	_	_	linguistic	_	none	_	_	_	_	_	_
875-3	PSB005	875	3	stai	stai	_	_	_	_	_	linguistic	_	none	_	_	_	_	_	_
875-4	PSB005	875	4	guardando	guardando	_	_	_	_	_	linguistic	_	none	_	_	_	_	_	_
875-5	PSB005	875	5	in	in	_	_	_	_	_	linguistic	_	none	_	_	_	_	_	_
875-6	PSB005	875	6	questa	questa	_	_	_	_	_	linguistic	_	none	_	_	_	_	_	_
875-7	PSB005	875	7	zona?	zona	_	_	_	_	_	linguistic	_	none	Intonation=Rising	_	_	_	_	_
875-8	PSB005	875	8	o	o	_	_	_	_	_	linguistic	_	none	_	_	_	_	_	_
875-9	PSB005	875	9	in	in	_	_	_	_	_	linguistic	_	none	_	_	_	_	_	_
875-10	PSB005	875	10	tutta	tutta	_	_	_	_	_	linguistic	_	none	_	_	_	_	_	_
875-11	PSB005	875	11	la	la	_	_	_	_	_	linguistic	_	none	_	_	_	_	_	_
875-12	PSB005	875	12	cit[tà].	città	_	_	_	_	_	linguistic	_	none	Intonation=Falling	End=1959.086	_	_	_	3-5(231)
876-0	PSB042	876	0	[a]:nche	anche	_	_	_	_	_	linguistic	_	none	_	Begin=1958.92	0x1	_	_	0-1(231)
876-1	PSB042	876	1	tutta	tutta	_	_	_	_	_	linguistic	_	none	_	_	_	_	_	_
876-2	PSB042	876	2	la	la	_	_	_	_	_	linguistic	_	none	_	_	_	_	_	_
876-3	PSB042	876	3	città.	città	_	_	_	_	_	linguistic	_	none	Intonation=Falling	_	_	_	_	_
876-4	PSB042	876	4	si	si	_	_	_	_	_	linguistic	_	none	_	_	_	_	_	_
876-5	PSB042	876	5	c'	c'	_	_	_	_	_	linguistic	_	none	SpaceAfter=No	_	_	_	_	_
876-6	PSB042	876	6	è	è	_	_	_	_	_	linguistic	_	none	_	_	_	_	_	_
876-7	PSB042	876	7	qualcosa.	qualcosa	_	_	_	_	_	linguistic	_	none	Intonation=Falling	End=1961.85	_	_	_	_
877-0	PSB042	877	0	non	non	_	_	_	_	_	linguistic	_	none	_	Begin=1962.82	_	_	_	_
877-1	PSB042	877	1	è	è	_	_	_	_	_	linguistic	_	none	_	_	_	_	_	_
877-2	PSB042	877	2	così	così	_	_	_	_	_	linguistic	_	none	_	_	_	_	_	_
877-3	PSB042	877	3	cara.	cara	_	_	_	_	_	linguistic	_	none	Intonation=Falling	End=1964.02	_	_	_	_
878-0	PSB005	878	0	m[h].	mh	_	_	_	_	_	linguistic	_	none	Intonation=Falling	Begin=1964.469|End=1964.654	_	_	_	1-2(232)
879-0	PSB042	879	0	[s]ì.	sì	_	_	_	_	_	linguistic	_	none	Intonation=Falling	Begin=1964.507|End=1964.852	_	_	_	0-1(232)
880-0	PSB005	880	0	anche:.	anche	_	_	_	_	_	linguistic	_	none	Intonation=Falling	Begin=1965.643	4x1	_	_	_
880-1	PSB005	880	1	io	io	_	_	_	_	_	linguistic	_	none	_	_	_	_	_	_
880-2	PSB005	880	2	abito:,	abito	_	_	_	_	_	linguistic	_	none	Intonation=WeaklyRising	End=1968.2	4x1	_	_	_
881-0	PSB005	881	0	in	in	_	_	_	_	_	linguistic	_	none	_	Begin=1968.67	_	_	_	_
881-1	PSB005	881	1	via	via	_	_	_	_	_	linguistic	_	none	_	_	_	_	_	_
881-2	PSB005	881	2	mazzini.	mazzini	_	_	_	_	_	linguistic	_	none	Intonation=Falling	End=1970.09	_	_	_	_
882-0	PSB042	882	0	[m:h].	mh	_	_	_	_	_	linguistic	_	none	Intonation=Falling	Begin=1970.597|End=1971.297	0x1	_	_	0-2(233)
883-0	PSB005	883	0	[non	non	_	_	_	_	_	linguistic	_	none	_	Begin=1970.731	_	_	_	0-3(233)
883-1	PSB005	883	1	so]	so	_	_	_	_	_	linguistic	_	none	_	_	_	_	_	0-2(233)
883-2	PSB005	883	2	se	se	_	_	_	_	_	linguistic	_	none	_	End=1971.397	_	_	_	_
884-0	PSB005	884	0	ci	ci	_	_	_	_	_	linguistic	_	none	_	Begin=1971.809	_	_	_	_
884-1	PSB005	884	1	sei	sei	_	_	_	_	_	linguistic	_	none	_	_	_	_	_	_
884-2	PSB005	884	2	mai	mai	_	_	_	_	_	linguistic	_	none	_	_	_	_	_	_
884-3	PSB005	884	3	stata.	stata	_	_	_	_	_	linguistic	_	none	Intonation=Falling	_	_	_	_	_
884-4	PSB005	884	4	è	è	_	_	_	_	_	linguistic	_	none	PauseAfter=Yes	_	_	_	_	_
884-5	PSB005	884	5	(.)	(.)	_	_	_	_	_	shortpause	_	none	_	_	_	_	_	_
884-6	PSB005	884	6	in	in	_	_	_	_	_	linguistic	_	none	_	_	_	_	_	_
884-7	PSB005	884	7	quella	quella	_	_	_	_	_	linguistic	_	none	_	_	_	_	_	_
884-8	PSB005	884	8	direzione[:]	direzione	_	_	_	_	_	linguistic	_	none	_	End=1976.587	8x1	_	_	_
885-0	PSB042	885	0	[s:ì	sì	_	_	_	_	_	linguistic	_	none	_	Begin=1975.725	0x1	_	_	0-2(234)
885-1	PSB042	885	1	sì].	sì	_	_	_	_	_	linguistic	_	none	Intonation=Falling	End=1976.603	_	_	_	0-2(234)
886-0	PSB005	886	0	di	di	_	_	_	_	_	linguistic	_	none	_	Begin=1978.097	_	_	_	_
886-1	PSB005	886	1	là.	là	_	_	_	_	_	linguistic	_	none	Intonation=Falling	_	_	_	_	_
886-2	PSB005	886	2	circa.	circa	_	_	_	_	_	linguistic	_	none	Intonation=Falling	End=1979.097	_	_	_	_
887-0	PSB005	887	0	s[ì]	sì	_	_	_	_	_	linguistic	_	none	_	Begin=1979.398|End=1979.631	_	_	_	1-2(235)
888-0	PSB042	888	0	[s:]ì	sì	_	_	_	_	_	linguistic	_	none	_	Begin=1979.509|End=1979.887	0x1	_	_	0-1(235)
889-0	PSB005	889	0	e:	e	_	_	_	_	_	linguistic	_	none	_	Begin=1980.198	0x1	_	_	_
889-1	PSB005	889	1	siamo	siamo	_	_	_	_	_	linguistic	_	none	_	_	_	_	_	_
889-2	PSB005	889	2	vicini	vicini	_	_	_	_	_	linguistic	_	none	_	_	_	_	_	_
889-3	PSB005	889	3	a	a	_	_	_	_	_	linguistic	_	none	_	_	_	_	_	_
889-4	PSB005	889	4	un	un	_	_	_	_	_	linguistic	_	none	_	_	_	_	_	_
889-5	PSB005	889	5	parco	parco	_	_	_	_	_	linguistic	_	none	_	_	_	_	_	_
889-6	PSB005	889	6	grande,	grande	_	_	_	_	_	linguistic	_	none	Intonation=WeaklyRising	End=1982.709	_	_	_	_
890-0	PSB042	890	0	è	è	_	_	_	_	_	linguistic	_	none	_	Begin=1982.809	_	_	_	_
890-1	PSB042	890	1	bene.	bene	_	_	_	_	_	linguistic	_	none	Intonation=Falling	End=1983.553	_	_	_	_
891-0	PSB005	891	0	[e:]	e	_	_	_	_	_	linguistic	_	none	_	Begin=1983.598|End=1984.087	0x1	_	_	0-1(236)
892-0	PSB042	892	0	[eh].	eh	_	_	_	_	_	linguistic	_	none	Intonation=Falling	Begin=1983.62|End=1983.932	_	_	_	0-2(236)
893-0	PSB005	893	0	che	che	_	_	_	_	_	linguistic	_	none	_	Begin=1984.775	_	_	_	_
893-1	PSB005	893	1	si	si	_	_	_	_	_	linguistic	_	none	_	_	_	_	_	_
893-2	PSB005	893	2	chiama:	chiama	_	_	_	_	_	linguistic	_	none	_	_	5x1	_	_	_
893-3	PSB005	893	3	lunetta	lunetta	_	_	_	_	_	linguistic	_	none	_	_	_	_	_	_
893-4	PSB005	893	4	gamberini.	gamberini	_	_	_	_	_	linguistic	_	none	Intonation=Falling	End=1986.575	_	_	_	_
894-0	PSB042	894	0	[mh]	mh	_	_	_	_	_	linguistic	_	none	_	Begin=1986.786|End=1987.266	_	_	_	0-2(237)
895-0	PSB005	895	0	[non]	non	_	_	_	_	_	linguistic	_	none	_	Begin=1986.831	_	_	_	0-3(237)
895-1	PSB005	895	1	è	è	_	_	_	_	_	linguistic	_	none	_	_	_	_	_	_
895-2	PSB005	895	2	molto	molto	_	_	_	_	_	linguistic	_	none	_	_	_	_	_	_
895-3	PSB005	895	3	grande	grande	_	_	_	_	_	linguistic	_	none	_	_	_	_	_	_
895-4	PSB005	895	4	però:.	però	_	_	_	_	_	linguistic	_	none	Intonation=Falling	_	3x1	_	_	_
895-5	PSB005	895	5	non	non	_	_	_	_	_	linguistic	_	none	_	_	_	_	_	_
895-6	PSB005	895	6	so	so	_	_	_	_	_	linguistic	_	none	_	_	_	_	_	_
895-7	PSB005	895	7	se.	se	_	_	_	_	_	linguistic	_	none	Intonation=Falling	_	_	_	_	_
895-8	PSB005	895	8	hai	hai	_	_	_	_	_	linguistic	_	none	_	_	_	_	_	_
895-9	PSB005	895	9	visitato	visitato	_	_	_	_	_	linguistic	_	none	_	_	_	_	_	_
895-10	PSB005	895	10	un	un	_	_	_	_	_	linguistic	_	none	_	_	_	_	_	_
895-11	PSB005	895	11	po'	po'	_	_	_	_	_	linguistic	_	none	PauseAfter=Yes	_	_	_	_	_
895-12	PSB005	895	12	[(.)]	(.)	_	_	_	_	_	shortpause	_	none	_	_	_	_	_	X(238)
895-13	PSB005	895	13	il	il	_	_	_	_	_	linguistic	_	none	_	_	_	_	_	_
895-14	PSB005	895	14	centro	centro	_	_	_	_	_	linguistic	_	none	_	_	_	_	_	_
895-15	PSB005	895	15	di	di	_	_	_	_	_	linguistic	_	none	_	_	_	_	_	_
895-16	PSB005	895	16	bologna[:],	bologna	_	_	_	_	_	linguistic	_	none	Intonation=WeaklyRising	End=1993.82	6x1	_	_	_
896-0	PSB042	896	0	[ah	ah	_	_	_	_	_	linguistic	_	none	_	Begin=1990.287	_	_	_	0-2(238)
896-1	PSB042	896	1	a:h].	ah	_	_	_	_	_	linguistic	_	none	Intonation=Falling	End=1990.964	0x1	_	_	0-2(238)
897-0	PSB042	897	0	[sì	sì	_	_	_	_	_	linguistic	_	none	_	Begin=1993.087	_	_	_	0-2(239)
897-1	PSB042	897	1	s]ì	sì	_	_	_	_	_	linguistic	_	none	_	_	_	_	_	0-1(239)
897-2	PSB042	897	2	vistita	vistita	_	_	_	_	_	linguistic	_	none	_	_	_	_	_	_
897-3	PSB042	897	3	il	il	_	_	_	_	_	linguistic	_	none	_	_	_	_	_	_
897-4	PSB042	897	4	cen[°tro°]	centro	_	_	_	_	_	linguistic	_	none	Volume=low	End=1994.998	_	_	_	3-6(240)
898-0	PSB005	898	0	[e]:	e	_	_	_	_	_	linguistic	_	none	_	Begin=1994.842	0x1	_	_	0-1(240)
898-1	PSB005	898	1	per	per	_	_	_	_	_	linguistic	_	none	_	_	_	_	_	_
898-2	PSB005	898	2	esempio	esempio	_	_	_	_	_	linguistic	_	none	_	_	_	_	_	_
898-3	PSB005	898	3	ai	ai	_	_	_	_	_	linguistic	_	none	_	_	_	_	_	_
898-4	PSB005	898	4	giardini	giardini	_	_	_	_	_	linguistic	_	none	_	_	_	_	_	_
898-5	PSB005	898	5	margherita,	margherita	_	_	_	_	_	linguistic	_	none	Intonation=WeaklyRising	_	_	_	_	_
898-6	PSB005	898	6	sei	sei	_	_	_	_	_	linguistic	_	none	_	_	_	_	_	_
898-7	PSB005	898	7	stata?	stata	_	_	_	_	_	linguistic	_	none	Intonation=Rising	End=1997.564	_	_	_	_
899-0	PSB042	899	0	sì	sì	_	_	_	_	_	linguistic	_	none	_	Begin=1997.665	_	_	_	_
899-1	PSB042	899	1	sì:.	sì	_	_	_	_	_	linguistic	_	none	Intonation=Falling	_	1x1	_	_	_
899-2	PSB042	899	2	ma	ma	_	_	_	_	_	linguistic	_	none	_	_	_	_	_	_
899-3	PSB042	899	3	non	non	_	_	_	_	_	linguistic	_	none	_	_	_	_	_	_
899-4	PSB042	899	4	è	è	_	_	_	_	_	linguistic	_	none	_	_	_	_	_	_
899-5	PSB042	899	5	entrata	entrata	_	_	_	_	_	linguistic	_	none	_	_	_	_	_	_
899-6	PSB042	899	6	den°tro°.	dentro	_	_	_	_	_	linguistic	_	none	Intonation=Falling|Volume=low	End=2000.009	_	_	_	_
900-0	PSB005	900	0	a:h.	ah	_	_	_	_	_	linguistic	_	none	Intonation=Falling	Begin=2000.131	0x1	_	_	_
900-1	PSB005	900	1	ma	ma	_	_	_	_	_	linguistic	_	none	_	_	_	_	_	_
900-2	PSB005	900	2	devi	devi	_	_	_	_	_	linguistic	_	none	_	_	_	_	_	_
900-3	PSB005	900	3	andare.	andare	_	_	_	_	_	linguistic	_	none	Intonation=Falling	End=2001.32	_	_	_	_
901-0	PSB042	901	0	s:ì:.	sì	_	_	_	_	_	linguistic	_	yes	Intonation=Falling|PauseAfter=Yes	Begin=2001.454	0x1,1x1	_	_	_
901-1	PSB042	901	1	(.)	(.)	_	_	_	_	_	shortpause	_	yes	_	_	_	_	_	_
901-2	PSB042	901	2	è	è	_	_	_	_	_	linguistic	_	yes	_	_	_	_	_	_
901-3	PSB042	901	3	visto	visto	_	_	_	_	_	linguistic	_	yes	_	_	_	_	_	_
901-4	PSB042	901	4	dei	dei	_	_	_	_	_	linguistic	_	yes	_	_	_	_	_	_
901-5	PSB042	901	5	video	video	_	_	_	_	_	linguistic	_	yes	_	_	_	_	_	_
901-6	PSB042	901	6	#des	des	_	_	_	_	_	linguistic	_	yes	Language=NO_ISO_CODE|Variation=Token	_	_	_	_	_
901-7	PSB042	901	7	[cose	cose	_	_	_	_	_	linguistic	_	yes	_	_	_	_	_	0-4(241)
901-8	PSB042	901	8	ma].	ma	_	_	_	_	_	linguistic	_	yes	Intonation=Falling	_	_	_	_	0-2(241)
901-9	PSB042	901	9	ser[ve	serve	_	_	_	_	_	linguistic	_	yes	_	_	_	_	_	3-5(242)
901-10	PSB042	901	10	vede~]	vede~	_	_	_	_	_	linguistic	_	yes	Interrupted=Yes	End=2006.92	_	_	_	0-5(242)
902-0	PSB005	902	0	[sì]	sì	_	_	_	_	_	linguistic	_	none	_	Begin=2003.827|End=2004.433	_	_	_	0-2(241)
903-0	PSB005	903	0	[con	con	_	_	_	_	_	linguistic	_	none	_	Begin=2006.254	_	_	_	0-3(242)
903-1	PSB005	903	1	il	il	_	_	_	_	_	linguistic	_	none	_	_	_	_	_	0-2(242)
903-2	PSB005	903	2	tuo	tuo	_	_	_	_	_	linguistic	_	none	_	_	_	_	_	0-3(242)
903-3	PSB005	903	3	bi]mbo:.	bimbo	_	_	_	_	_	linguistic	_	none	Intonation=Falling|PauseAfter=Yes	_	4x1	_	_	0-2(242)
903-4	PSB005	903	4	[(.)	(.)	_	_	_	_	_	shortpause	_	none	_	_	_	_	_	X(243)
903-5	PSB005	903	5	è	è	_	_	_	_	_	linguistic	_	none	_	_	_	_	_	0-1(243)
903-6	PSB005	903	6	bello	bello	_	_	_	_	_	linguistic	_	none	_	_	_	_	_	0-5(243)
903-7	PSB005	903	7	°sì.°]	sì	_	_	_	_	_	linguistic	_	none	Intonation=Falling|Volume=low	End=2008.943	_	_	_	0-2(243)
904-0	PSB042	904	0	[è	è	_	_	_	_	_	linguistic	_	none	_	Begin=2007.72	_	_	_	0-1(243)
904-1	PSB042	904	1	buono.	buono	_	_	_	_	_	linguistic	_	none	Intonation=Falling	_	_	_	_	0-5(243)
904-2	PSB042	904	2	sì].	sì	_	_	_	_	_	linguistic	_	none	Intonation=Falling	End=2009.031	_	_	_	0-2(243)
905-0	PSB005	905	0	sì.	sì	_	_	_	_	_	linguistic	_	none	Intonation=Falling	Begin=2009.52|End=2009.931	_	_	_	_
906-0	PSB005	906	0	e:.	e	_	_	_	_	_	linguistic	_	none	Intonation=Falling	Begin=2010.297	0x1	_	_	_
906-1	PSB005	906	1	da	da	_	_	_	_	_	linguistic	_	none	_	_	_	_	_	_
906-2	PSB005	906	2	qui,	qui	_	_	_	_	_	linguistic	_	none	Intonation=WeaklyRising	_	_	_	_	_
906-3	PSB005	906	3	secondo	secondo	_	_	_	_	_	linguistic	_	none	_	_	_	_	_	_
906-4	PSB005	906	4	me,	me	_	_	_	_	_	linguistic	_	none	Intonation=WeaklyRising	_	_	_	_	_
906-5	PSB005	906	5	puoi	puoi	_	_	_	_	_	linguistic	_	none	_	_	_	_	_	_
906-6	PSB005	906	6	prendere	prendere	_	_	_	_	_	linguistic	_	none	_	_	_	_	_	_
906-7	PSB005	906	7	l'	l'	_	_	_	_	_	linguistic	_	none	SpaceAfter=No	_	_	_	_	_
906-8	PSB005	906	8	autobus,	autobus	_	_	_	_	_	linguistic	_	none	Intonation=WeaklyRising	_	_	_	_	_
906-9	PSB005	906	9	e:h	eh	_	_	_	_	_	linguistic	_	none	_	End=2013.942	0x1	_	_	_
907-0	PSB042	907	0	il	il	_	_	_	_	_	linguistic	_	none	_	Begin=2014.369	_	_	_	_
907-1	PSB042	907	1	ventisette?	ventisette	_	_	_	_	_	linguistic	_	none	Intonation=Rising	End=2015.469	_	_	_	_
908-0	PSB042	908	0	[e:]?	e	_	_	_	_	_	linguistic	_	none	Intonation=Rising	Begin=2015.787|End=2016.098	0x1	_	_	0-1(244)
909-0	PSB005	909	0	[anch]e	anche	_	_	_	_	_	linguistic	_	none	_	Begin=2015.798	_	_	_	0-4(244)
909-1	PSB005	909	1	undici.	undici	_	_	_	_	_	linguistic	_	none	Intonation=Falling	End=2016.842	_	_	_	_
910-0	PSB042	910	0	undic[i]?	undici	_	_	_	_	_	linguistic	_	none	Intonation=Rising	Begin=2016.965|End=2017.576	_	_	_	5-6(245)
911-0	PSB005	911	0	[s]ì:.	sì	_	_	_	_	_	linguistic	_	none	Intonation=Falling	Begin=2017.486|End=2017.775	1x1	_	_	0-1(245)
912-0	PSB042	912	0	°va	va	_	_	_	_	_	linguistic	_	none	Volume=low	Begin=2018.064	_	_	_	_
912-1	PSB042	912	1	bene.°	bene	_	_	_	_	_	linguistic	_	none	Intonation=Falling|Volume=low	End=2018.609	_	_	_	_
913-0	PSB005	913	0	anche	anche	_	_	_	_	_	linguistic	_	none	_	Begin=2018.609	_	_	_	_
913-1	PSB005	913	1	l'	l'	_	_	_	_	_	linguistic	_	none	SpaceAfter=No	_	_	_	_	_
913-2	PSB005	913	2	undici	undici	_	_	_	_	_	linguistic	_	none	_	_	_	_	_	_
913-3	PSB005	913	3	ti	ti	_	_	_	_	_	linguistic	_	none	_	_	_	_	_	_
913-4	PSB005	913	4	porta	porta	_	_	_	_	_	linguistic	_	none	_	_	_	_	_	_
913-5	PSB005	913	5	vicino?	vicino	_	_	_	_	_	linguistic	_	none	Intonation=Rising	End=2020.62	_	_	_	_
914-0	PSB042	914	0	mhmh?	mhmh	_	_	_	_	_	linguistic	_	none	Intonation=Rising	Begin=2020.664|End=2021.353	_	_	_	_
915-0	PSB005	915	0	perché	perché	_	_	_	_	_	linguistic	_	none	_	Begin=2021.898	_	_	_	_
915-1	PSB005	915	1	è	è	_	_	_	_	_	linguistic	_	none	_	_	_	_	_	_
915-2	PSB005	915	2	molto	molto	_	_	_	_	_	linguistic	_	none	_	_	_	_	_	_
915-3	PSB005	915	3	grande	grande	_	_	_	_	_	linguistic	_	none	_	_	_	_	_	_
915-4	PSB005	915	4	ci	ci	_	_	_	_	_	linguistic	_	none	_	_	_	_	_	_
915-5	PSB005	915	5	sono	sono	_	_	_	_	_	linguistic	_	none	_	_	_	_	_	_
915-6	PSB005	915	6	i	i	_	_	_	_	_	linguistic	_	none	_	_	_	_	_	_
915-7	PSB005	915	7	giochi,	giochi	_	_	_	_	_	linguistic	_	none	Intonation=WeaklyRising	_	_	_	_	_
915-8	PSB005	915	8	per	per	_	_	_	_	_	linguistic	_	none	_	_	_	_	_	_
915-9	PSB005	915	9	i	i	_	_	_	_	_	linguistic	_	none	_	_	_	_	_	_
915-10	PSB005	915	10	bambini,	bambini	_	_	_	_	_	linguistic	_	none	Intonation=WeaklyRising	End=2024.676	_	_	_	_
916-0	PSB042	916	0	sì:.	sì	_	_	_	_	_	linguistic	_	none	Intonation=Falling	Begin=2024.698|End=2025.454	1x1	_	_	_
917-0	PSB042	917	0	((ride))	((ride))	_	_	_	_	_	nonverbalbehavior	_	none	_	Begin=2025.797|End=2026.697	_	_	_	_
918-0	PSB005	918	0	però,	però	_	_	_	_	_	linguistic	_	none	Intonation=WeaklyRising|PauseAfter=Yes	Begin=2027.942	_	_	_	_
918-1	PSB005	918	1	(.)	(.)	_	_	_	_	_	shortpause	_	none	_	_	_	_	_	_
918-2	PSB005	918	2	le	le	_	_	_	_	_	linguistic	_	none	_	_	_	_	_	_
918-3	PSB005	918	3	case	case	_	_	_	_	_	linguistic	_	none	_	_	_	_	_	_
918-4	PSB005	918	4	costano	costano	_	_	_	_	_	linguistic	_	none	_	_	_	_	_	_
918-5	PSB005	918	5	molti	molti	_	_	_	_	_	linguistic	_	none	_	_	_	_	_	_
918-6	PSB005	918	6	soldi.	soldi	_	_	_	_	_	linguistic	_	none	Intonation=Falling	_	_	_	_	_
918-7	PSB005	918	7	lì.	lì	_	_	_	_	_	linguistic	_	none	Intonation=Falling	End=2031.064	_	_	_	_
919-0	PSB042	919	0	mh	mh	_	_	_	_	_	linguistic	_	none	_	Begin=2031.32	_	_	_	_
919-1	PSB042	919	1	s[ì:].	sì	_	_	_	_	_	linguistic	_	none	Intonation=Falling	End=2032.054	1x1	_	_	1-2(246)
920-0	PSB005	920	0	[vicin]o	vicino	_	_	_	_	_	linguistic	_	none	_	Begin=2031.643	_	_	_	0-5(246)
920-1	PSB005	920	1	al	al	_	_	_	_	_	linguistic	_	none	_	_	_	_	_	_
920-2	PSB005	920	2	parco.	parco	_	_	_	_	_	linguistic	_	none	Intonation=Falling	_	_	_	_	_
920-3	PSB005	920	3	sì.	sì	_	_	_	_	_	linguistic	_	none	Intonation=Falling	End=2033.209	_	_	_	_
921-0	PSB005	921	0	sì	sì	_	_	_	_	_	linguistic	_	none	_	Begin=2033.887	_	_	_	_
921-1	PSB005	921	1	sì	sì	_	_	_	_	_	linguistic	_	none	_	_	_	_	_	_
921-2	PSB005	921	2	sì.	sì	_	_	_	_	_	linguistic	_	none	Intonation=Falling	End=2034.442	_	_	_	_
922-0	PSB005	922	0	quindi	quindi	_	_	_	_	_	linguistic	_	none	_	Begin=2035.686	_	_	_	_
922-1	PSB005	922	1	non	non	_	_	_	_	_	linguistic	_	none	_	_	_	_	_	_
922-2	PSB005	922	2	so	so	_	_	_	_	_	linguistic	_	none	_	_	_	_	_	_
922-3	PSB005	922	3	se	se	_	_	_	_	_	linguistic	_	none	_	_	_	_	_	_
922-4	PSB005	922	4	ti	ti	_	_	_	_	_	linguistic	_	none	_	_	_	_	_	_
922-5	PSB005	922	5	consiglio	consiglio	_	_	_	_	_	linguistic	_	none	_	_	_	_	_	_
922-6	PSB005	922	6	di	di	_	_	_	_	_	linguistic	_	none	_	_	_	_	_	_
922-7	PSB005	922	7	((ride))	((ride))	_	_	_	_	_	nonverbalbehavior	_	none	_	_	_	_	_	_
922-8	PSB005	922	8	di	di	_	_	_	_	_	linguistic	_	none	_	_	_	_	_	_
922-9	PSB005	922	9	guardare.	guardare	_	_	_	_	_	linguistic	_	none	Intonation=Falling	_	_	_	_	_
922-10	PSB005	922	10	((ride))	((ride))	_	_	_	_	_	nonverbalbehavior	_	none	_	_	_	_	_	_
922-11	PSB005	922	11	da	da	_	_	_	_	_	linguistic	_	none	_	_	_	_	_	_
922-12	PSB005	922	12	quelle	quelle	_	_	_	_	_	linguistic	_	none	_	_	_	_	_	_
922-13	PSB005	922	13	parti.	parti	_	_	_	_	_	linguistic	_	none	Intonation=Falling	End=2040.442	_	_	_	_
923-0	PSB042	923	0	°sì:°	sì	_	_	_	_	_	linguistic	_	none	Volume=low	Begin=2040.569|End=2041.025	1x1	_	_	_
924-0	PSB005	924	0	mh	mh	_	_	_	_	_	linguistic	_	none	_	Begin=2042.02	_	_	_	_
924-1	PSB005	924	1	quindi	quindi	_	_	_	_	_	linguistic	_	none	_	_	_	_	_	_
924-2	PSB005	924	2	a	a	_	_	_	_	_	linguistic	_	none	_	_	_	_	_	_
924-3	PSB005	924	3	settembre	settembre	_	_	_	_	_	linguistic	_	none	_	_	_	_	_	_
924-4	PSB005	924	4	il	il	_	_	_	_	_	linguistic	_	none	_	_	_	_	_	_
924-5	PSB005	924	5	bimbo	bimbo	_	_	_	_	_	linguistic	_	none	_	_	_	_	_	_
924-6	PSB005	924	6	inizia	inizia	_	_	_	_	_	linguistic	_	none	_	_	_	_	_	_
924-7	PSB005	924	7	il	il	_	_	_	_	_	linguistic	_	none	_	_	_	_	_	_
924-8	PSB005	924	8	nido.	nido	_	_	_	_	_	linguistic	_	none	Intonation=Falling	_	_	_	_	_
924-9	PSB005	924	9	forse.	forse	_	_	_	_	_	linguistic	_	none	Intonation=Falling	End=2044.819	_	_	_	_
925-0	PSB042	925	0	normalmente.	normalmente	_	_	_	_	_	linguistic	_	none	Intonation=Falling	Begin=2045.308|End=2046.252	_	_	_	_
926-0	PSB005	926	0	mh.	mh	_	_	_	_	_	linguistic	_	none	Intonation=Falling	Begin=2046.664|End=2046.808	_	_	_	_
927-0	PSB042	927	0	ah	ah	_	_	_	_	_	linguistic	_	none	_	Begin=2047.198	_	_	_	_
927-1	PSB042	927	1	io	io	_	_	_	_	_	linguistic	_	none	_	_	_	_	_	_
927-2	PSB042	927	2	aspettare	aspettare	_	_	_	_	_	linguistic	_	none	_	_	_	_	_	_
927-3	PSB042	927	3	l:-	l-	_	_	_	_	_	linguistic	_	none	Interrupted=Yes	_	0x1	_	_	_
927-4	PSB042	927	4	risponde	risponde	_	_	_	_	_	linguistic	_	none	_	_	_	_	_	_
927-5	PSB042	927	5	la	la	_	_	_	_	_	linguistic	_	none	_	_	_	_	_	_
927-6	PSB042	927	6	comune.	comune	_	_	_	_	_	linguistic	_	none	Intonation=Falling	End=2050.753	_	_	_	_
928-0	PSB005	928	0	mh.	mh	_	_	_	_	_	linguistic	_	none	Intonation=Falling	Begin=2051.197|End=2051.419	_	_	_	_
929-0	PSB042	929	0	ma:.	ma	_	_	_	_	_	linguistic	_	none	Intonation=Falling	Begin=2052.198	1x1	_	_	_
929-1	PSB042	929	1	normalmente	normalmente	_	_	_	_	_	linguistic	_	none	_	_	_	_	_	_
929-2	PSB042	929	2	c'	c'	_	_	_	_	_	linguistic	_	none	SpaceAfter=No	_	_	_	_	_
929-3	PSB042	929	3	è	è	_	_	_	_	_	linguistic	_	none	_	_	_	_	_	_
929-4	PSB042	929	4	poste:.	poste	_	_	_	_	_	linguistic	_	none	Intonation=Falling	End=2054.776	4x1	_	_	_
930-0	PSB005	930	0	mhmh	mhmh	_	_	_	_	_	linguistic	_	none	_	Begin=2054.893|End=2055.473	_	_	_	_
931-0	PSB042	931	0	non	non	_	_	_	_	_	linguistic	_	none	_	Begin=2056.331	_	_	_	_
931-1	PSB042	931	1	puoi	puoi	_	_	_	_	_	linguistic	_	none	_	_	_	_	_	_
931-2	PSB042	931	2	dire	dire	_	_	_	_	_	linguistic	_	none	_	_	_	_	_	_
931-3	PSB042	931	3	no	no	_	_	_	_	_	linguistic	_	none	_	_	_	_	_	_
931-4	PSB042	931	4	c'	c'	_	_	_	_	_	linguistic	_	none	SpaceAfter=No	_	_	_	_	_
931-5	PSB042	931	5	è	è	_	_	_	_	_	linguistic	_	none	_	_	_	_	_	_
931-6	PSB042	931	6	posto.	posto	_	_	_	_	_	linguistic	_	none	Intonation=Falling	End=2058.398	_	_	_	_
932-0	PSB005	932	0	secondo	secondo	_	_	_	_	_	linguistic	_	none	_	Begin=2059.386	_	_	_	_
932-1	PSB005	932	1	me	me	_	_	_	_	_	linguistic	_	none	_	_	_	_	_	_
932-2	PSB005	932	2	trovate:.	trovate	_	_	_	_	_	linguistic	_	none	Intonation=Falling	End=2061.297	6x1	_	_	_
933-0	PSB042	933	0	s:ì	sì	_	_	_	_	_	linguistic	_	none	_	Begin=2061.342	0x1	_	_	_
933-1	PSB042	933	1	perche	perche	_	_	_	_	_	linguistic	_	none	_	_	_	_	_	_
933-2	PSB042	933	2	la:	la	_	_	_	_	_	linguistic	_	none	_	_	1x1	_	_	_
933-3	PSB042	933	3	l'	l'	_	_	_	_	_	linguistic	_	none	SpaceAfter=No	_	_	_	_	_
933-4	PSB042	933	4	assistenza	assistenza	_	_	_	_	_	linguistic	_	none	_	_	_	_	_	_
933-5	PSB042	933	5	dice	dice	_	_	_	_	_	linguistic	_	none	PauseAfter=Yes	_	_	_	_	_
933-6	PSB042	933	6	(.)	(.)	_	_	_	_	_	shortpause	_	none	_	_	_	_	_	_
933-7	PSB042	933	7	importante:	importante	_	_	_	_	_	linguistic	_	none	_	_	9x1	_	_	_
933-8	PSB042	933	8	primo	primo	_	_	_	_	_	linguistic	_	none	_	_	_	_	_	_
933-9	PSB042	933	9	$de:	de	_	_	_	_	_	linguistic	_	none	Orthography=Yes|Variation=Emerging	_	1x1	_	_	_
933-10	PSB042	933	10	le	le	_	_	_	_	_	linguistic	_	none	_	_	_	_	_	_
933-11	PSB042	933	11	due	due	_	_	_	_	_	linguistic	_	none	_	_	_	_	_	_
933-12	PSB042	933	12	la	la	_	_	_	_	_	linguistic	_	none	_	_	_	_	_	_
933-13	PSB042	933	13	uomo	uomo	_	_	_	_	_	linguistic	_	none	_	_	_	_	_	_
933-14	PSB042	933	14	e	e	_	_	_	_	_	linguistic	_	none	_	_	_	_	_	_
933-15	PSB042	933	15	la	la	_	_	_	_	_	linguistic	_	none	_	_	_	_	_	_
933-16	PSB042	933	16	donna	donna	_	_	_	_	_	linguistic	_	none	_	_	_	_	_	_
933-17	PSB042	933	17	che	che	_	_	_	_	_	linguistic	_	none	_	_	_	_	_	_
933-18	PSB042	933	18	[lavor(a)]	lavora	_	_	_	_	_	linguistic	_	none	_	_	_	_	4-6(0)	0-6(247)
933-19	PSB042	933	19	e:h	eh	_	_	_	_	_	linguistic	_	none	_	_	0x1	_	_	_
933-20	PSB042	933	20	dopo	dopo	_	_	_	_	_	linguistic	_	none	_	_	_	_	_	_
933-21	PSB042	933	21	che	che	_	_	_	_	_	linguistic	_	none	_	_	_	_	_	_
933-22	PSB042	933	22	ce	ce	_	_	_	_	_	linguistic	_	none	_	_	_	_	_	_
933-23	PSB042	933	23	l'	l'	_	_	_	_	_	linguistic	_	none	SpaceAfter=No	_	_	_	_	_
933-24	PSB042	933	24	ho	ho	_	_	_	_	_	linguistic	_	none	_	_	_	_	_	_
933-25	PSB042	933	25	due	due	_	_	_	_	_	linguistic	_	none	_	_	_	_	_	_
933-26	PSB042	933	26	bambine:	bambine	_	_	_	_	_	linguistic	_	none	_	_	6x1	_	_	_
933-27	PSB042	933	27	dop~	dop~	_	_	_	_	_	linguistic	_	none	Interrupted=Yes	End=2074.408	_	_	_	_
934-0	PSB005	934	0	[mh]	mh	_	_	_	_	_	linguistic	_	none	_	Begin=2070.87|End=2071.28	_	_	_	0-2(247)
935-0	PSB042	935	0	sper(o)	spero	_	_	_	_	_	linguistic	_	none	_	Begin=2076.165	_	_	4-5(0)	_
935-1	PSB042	935	1	va	va	_	_	_	_	_	linguistic	_	none	_	_	_	_	_	_
935-2	PSB042	935	2	bene.	bene	_	_	_	_	_	linguistic	_	none	Intonation=Falling	End=2077.087	_	_	_	_
936-0	PSB005	936	0	sì	sì	_	_	_	_	_	linguistic	_	none	_	Begin=2077.098|End=2077.454	_	_	_	_
937-0	PSB005	937	0	((ride))	((ride))	_	_	_	_	_	nonverbalbehavior	_	none	_	Begin=2077.798	_	_	_	_
937-1	PSB005	937	1	e	e	_	_	_	_	_	linguistic	_	none	_	_	_	_	_	_
937-2	PSB005	937	2	dopo	dopo	_	_	_	_	_	linguistic	_	none	_	_	_	_	_	_
937-3	PSB005	937	3	quando	quando	_	_	_	_	_	linguistic	_	none	_	_	_	_	_	_
937-4	PSB005	937	4	il	il	_	_	_	_	_	linguistic	_	none	_	_	_	_	_	_
937-5	PSB005	937	5	bimbo	bimbo	_	_	_	_	_	linguistic	_	none	_	_	_	_	_	_
937-6	PSB005	937	6	va	va	_	_	_	_	_	linguistic	_	none	_	_	_	_	_	_
937-7	PSB005	937	7	al	al	_	_	_	_	_	linguistic	_	none	_	_	_	_	_	_
937-8	PSB005	937	8	nido	nido	_	_	_	_	_	linguistic	_	none	_	_	_	_	_	_
937-9	PSB005	937	9	forse	forse	_	_	_	_	_	linguistic	_	none	PauseAfter=Yes	_	_	_	_	_
937-10	PSB005	937	10	(.)	(.)	_	_	_	_	_	shortpause	_	none	_	_	_	_	_	_
937-11	PSB005	937	11	puoi:	puoi	_	_	_	_	_	linguistic	_	none	_	_	3x1	_	_	_
937-12	PSB005	937	12	hai	hai	_	_	_	_	_	linguistic	_	none	_	_	_	_	_	_
937-13	PSB005	937	13	più	più	_	_	_	_	_	linguistic	_	none	_	_	_	_	_	_
937-14	PSB005	937	14	tempo	tempo	_	_	_	_	_	linguistic	_	none	_	_	_	_	_	_
937-15	PSB005	937	15	no?	no	_	_	_	_	_	linguistic	_	none	Intonation=Rising	End=2082.642	_	_	_	_
938-0	PSB042	938	0	sì	sì	_	_	_	_	_	linguistic	_	none	_	Begin=2082.66|End=2083.426	_	_	_	_
939-0	PSB042	939	0	tempo	tempo	_	_	_	_	_	linguistic	_	none	_	Begin=2084.18	_	_	_	_
939-1	PSB042	939	1	anche	anche	_	_	_	_	_	linguistic	_	none	_	_	_	_	_	_
939-2	PSB042	939	2	per	per	_	_	_	_	_	linguistic	_	none	_	_	_	_	_	_
939-3	PSB042	939	3	me	me	_	_	_	_	_	linguistic	_	none	_	End=2085.567	_	_	_	_
940-0	PSB042	940	0	se	se	_	_	_	_	_	linguistic	_	yes	_	Begin=2086.353	_	_	_	_
940-1	PSB042	940	1	serve	serve	_	_	_	_	_	linguistic	_	yes	_	_	_	_	_	_
940-2	PSB042	940	2	fare	fare	_	_	_	_	_	linguistic	_	yes	_	_	_	_	_	_
940-3	PSB042	940	3	#des	des	_	_	_	_	_	linguistic	_	yes	Language=NO_ISO_CODE|Variation=Token	_	_	_	_	_
940-4	PSB042	940	4	cose,	cose	_	_	_	_	_	linguistic	_	yes	Intonation=WeaklyRising	_	_	_	_	_
940-5	PSB042	940	5	scuola	scuola	_	_	_	_	_	linguistic	_	yes	_	_	_	_	_	_
940-6	PSB042	940	6	se	se	_	_	_	_	_	linguistic	_	yes	_	_	_	_	_	_
940-7	PSB042	940	7	vuoi	vuoi	_	_	_	_	_	linguistic	_	yes	_	_	_	_	_	_
940-8	PSB042	940	8	fare	fare	_	_	_	_	_	linguistic	_	yes	_	_	_	_	_	_
940-9	PSB042	940	9	ore	ore	_	_	_	_	_	linguistic	_	yes	_	_	_	_	_	_
940-10	PSB042	940	10	da.	da	_	_	_	_	_	linguistic	_	yes	Intonation=Falling|PauseAfter=Yes	_	_	_	_	_
940-11	PSB042	940	11	[(.)]	(.)	_	_	_	_	_	shortpause	_	yes	_	_	_	_	_	X(248)
940-12	PSB042	940	12	pulizia,	pulizia	_	_	_	_	_	linguistic	_	yes	Intonation=WeaklyRising	_	_	_	_	_
940-13	PSB042	940	13	che	che	_	_	_	_	_	linguistic	_	yes	_	_	_	_	_	_
940-14	PSB042	940	14	xx	xx	_	_	_	_	_	unknown	_	yes	Syllables=2	_	_	_	_	_
940-15	PSB042	940	15	soldi	soldi	_	_	_	_	_	linguistic	_	yes	_	End=2093.098	_	_	_	_
941-0	PSB005	941	0	[mhmh]	mhmh	_	_	_	_	_	linguistic	_	none	_	Begin=2090.408|End=2090.895	_	_	_	0-4(248)
942-0	PSB005	942	0	sì	sì	_	_	_	_	_	linguistic	_	none	_	Begin=2093.486	_	_	_	_
942-1	PSB005	942	1	sì	sì	_	_	_	_	_	linguistic	_	none	_	End=2093.764	_	_	_	_
943-0	PSB042	943	0	mh	mh	_	_	_	_	_	linguistic	_	none	_	Begin=2094.293|End=2094.68	_	_	_	_
944-0	PSB005	944	0	però	però	_	_	_	_	_	linguistic	_	none	_	Begin=2094.897	_	_	_	_
944-1	PSB005	944	1	tu	tu	_	_	_	_	_	linguistic	_	none	_	_	_	_	_	_
944-2	PSB005	944	2	hai	hai	_	_	_	_	_	linguistic	_	none	_	_	_	_	_	_
944-3	PSB005	944	3	detto	detto	_	_	_	_	_	linguistic	_	none	_	_	_	_	_	_
944-4	PSB005	944	4	che	che	_	_	_	_	_	linguistic	_	none	_	_	_	_	_	_
944-5	PSB005	944	5	facevi	facevi	_	_	_	_	_	linguistic	_	none	_	_	_	_	_	_
944-6	PSB005	944	6	l'	l'	_	_	_	_	_	linguistic	_	none	SpaceAfter=No	_	_	_	_	_
944-7	PSB005	944	7	estetista.	estetista	_	_	_	_	_	linguistic	_	none	Intonation=Falling|PauseAfter=Yes	_	_	_	_	_
944-8	PSB005	944	8	(.)	(.)	_	_	_	_	_	shortpause	_	none	_	_	_	_	_	_
944-9	PSB005	944	9	vero?	vero	_	_	_	_	_	linguistic	_	none	Intonation=Rising	End=2097.542	_	_	_	_
945-0	PSB042	945	0	sì:	sì	_	_	_	_	_	linguistic	_	none	_	Begin=2097.576	1x1	_	_	_
945-1	PSB042	945	1	ma	ma	_	_	_	_	_	linguistic	_	none	_	_	_	_	_	_
945-2	PSB042	945	2	ve~	ve~	_	_	_	_	_	linguistic	_	none	Interrupted=Yes	_	_	_	_	_
945-3	PSB042	945	3	m:h.	mh	_	_	_	_	_	linguistic	_	none	Intonation=Falling|PauseAfter=Yes	_	0x1	_	_	_
945-4	PSB042	945	4	(.)	(.)	_	_	_	_	_	shortpause	_	none	_	_	_	_	_	_
945-5	PSB042	945	5	la	la	_	_	_	_	_	linguistic	_	none	_	_	_	_	_	_
945-6	PSB042	945	6	diploma	diploma	_	_	_	_	_	linguistic	_	none	_	_	_	_	_	_
945-7	PSB042	945	7	non	non	_	_	_	_	_	linguistic	_	none	_	_	_	_	_	_
945-8	PSB042	945	8	è	è	_	_	_	_	_	linguistic	_	none	_	_	_	_	_	_
945-9	PSB042	945	9	uguale	uguale	_	_	_	_	_	linguistic	_	none	_	_	_	_	_	_
945-10	PSB042	945	10	come	come	_	_	_	_	_	linguistic	_	none	_	_	_	_	_	_
945-11	PSB042	945	11	[mia	mia	_	_	_	_	_	linguistic	_	none	_	_	_	_	_	0-3(249)
945-12	PSB042	945	12	paese]	paese	_	_	_	_	_	linguistic	_	none	_	_	_	_	_	0-5(249)
945-13	PSB042	945	13	come	come	_	_	_	_	_	linguistic	_	none	_	_	_	_	_	_
945-14	PSB042	945	14	qua.	qua	_	_	_	_	_	linguistic	_	none	Intonation=Falling	End=2103.909	_	_	_	_
946-0	PSB005	946	0	[°ah	ah	_	_	_	_	_	linguistic	_	none	Volume=low	Begin=2102.153	_	_	_	0-2(249)
946-1	PSB005	946	1	okay°]	okay	_	_	_	_	_	linguistic	_	none	Volume=low	End=2103.04	_	_	_	0-4(249)
947-0	PSB005	947	0	mh.	mh	_	_	_	_	_	linguistic	_	none	Intonation=Falling	Begin=2104.18|End=2104.369	_	_	_	_
948-0	PSB042	948	0	non	non	_	_	_	_	_	linguistic	_	yes	_	Begin=2104.742	_	_	_	_
948-1	PSB042	948	1	è	è	_	_	_	_	_	linguistic	_	yes	_	_	_	_	_	_
948-2	PSB042	948	2	#accepté	accepté	_	_	_	_	_	linguistic	_	yes	Language=NO_ISO_CODE|Variation=Token	_	_	_	_	_
948-3	PSB042	948	3	così	così	_	_	_	_	_	linguistic	_	yes	_	_	_	_	_	_
948-4	PSB042	948	4	[la	la	_	_	_	_	_	linguistic	_	yes	_	_	_	_	_	0-2(250)
948-5	PSB042	948	5	diplo]ma	diploma	_	_	_	_	_	linguistic	_	yes	_	End=2107.131	_	_	_	0-5(250)
949-0	PSB005	949	0	[°ah	ah	_	_	_	_	_	linguistic	_	none	Volume=low	Begin=2106.375	_	_	_	0-2(250)
949-1	PSB005	949	1	no	no	_	_	_	_	_	linguistic	_	none	Volume=low	_	_	_	_	0-2(250)
949-2	PSB005	949	2	mh°]	mh	_	_	_	_	_	linguistic	_	none	Volume=low	End=2106.864	_	_	_	0-2(250)
950-0	PSB042	950	0	non	non	_	_	_	_	_	linguistic	_	none	_	Begin=2108.053	_	_	_	_
950-1	PSB042	950	1	è	è	_	_	_	_	_	linguistic	_	none	_	_	_	_	_	_
950-2	PSB042	950	2	come	come	_	_	_	_	_	linguistic	_	none	_	_	_	_	_	_
950-3	PSB042	950	3	diploma	diploma	_	_	_	_	_	linguistic	_	none	_	_	_	_	_	_
950-4	PSB042	950	4	da:	da	_	_	_	_	_	linguistic	_	none	_	_	1x1	_	_	_
950-5	PSB042	950	5	qua.	qua	_	_	_	_	_	linguistic	_	none	Intonation=Falling	_	_	_	_	_
950-6	PSB042	950	6	serve	serve	_	_	_	_	_	linguistic	_	none	_	_	_	_	_	_
950-7	PSB042	950	7	fare	fare	_	_	_	_	_	linguistic	_	none	_	_	_	_	_	_
950-8	PSB042	950	8	altre	altre	_	_	_	_	_	linguistic	_	none	_	_	_	_	_	_
950-9	PSB042	950	9	formazio[ne],	formazione	_	_	_	_	_	linguistic	_	none	Intonation=WeaklyRising	End=2112.52	_	_	_	8-10(251)
951-0	PSB005	951	0	[m]:h	mh	_	_	_	_	_	linguistic	_	none	_	Begin=2112.387|End=2113.142	0x1	_	_	0-1(251)
952-0	PSB042	952	0	e	e	_	_	_	_	_	linguistic	_	yes	PauseAfter=Yes	Begin=2113.342	_	_	_	_
952-1	PSB042	952	1	(.)	(.)	_	_	_	_	_	shortpause	_	yes	_	_	_	_	_	_
952-2	PSB042	952	2	#plus	plus	_	_	_	_	_	linguistic	_	yes	Language=NO_ISO_CODE|Variation=Token	_	_	_	_	_
952-3	PSB042	952	3	la	la	_	_	_	_	_	linguistic	_	yes	_	_	_	_	_	_
952-4	PSB042	952	4	lingua,	lingua	_	_	_	_	_	linguistic	_	yes	Intonation=WeaklyRising	End=2115.208	_	_	_	_
953-0	PSB005	953	0	°mh°	mh	_	_	_	_	_	linguistic	_	none	Volume=low	Begin=2115.542	_	_	_	_
953-1	PSB005	953	1	[beh	beh	_	_	_	_	_	linguistic	_	none	_	_	_	_	_	0-3(252)
953-2	PSB005	953	2	la	la	_	_	_	_	_	linguistic	_	none	_	_	_	_	_	0-2(252)
953-3	PSB005	953	3	li]ngua	lingua	_	_	_	_	_	linguistic	_	none	_	_	_	_	_	0-2(252)
953-4	PSB005	953	4	va	va	_	_	_	_	_	linguistic	_	none	_	_	_	_	_	_
953-5	PSB005	953	5	bene.	bene	_	_	_	_	_	linguistic	_	none	Intonation=Falling	End=2117.319	_	_	_	_
954-0	PSB042	954	0	[e:h].	eh	_	_	_	_	_	linguistic	_	none	Intonation=Falling	Begin=2115.964|End=2116.408	0x1	_	_	0-2(252)
955-0	PSB042	955	0	per	per	_	_	_	_	_	linguistic	_	none	_	Begin=2117.398	_	_	_	_
955-1	PSB042	955	1	lavora	lavora	_	_	_	_	_	linguistic	_	none	_	_	_	_	_	_
955-2	PSB042	955	2	bene.	bene	_	_	_	_	_	linguistic	_	none	Intonation=Falling	_	_	_	_	_
955-3	PSB042	955	3	qua.	qua	_	_	_	_	_	linguistic	_	none	Intonation=Falling	_	_	_	_	_
955-4	PSB042	955	4	((ride))	((ride))	_	_	_	_	_	nonverbalbehavior	_	none	_	End=2119.3140000000003	_	_	_	_
956-0	PSB005	956	0	sì.	sì	_	_	_	_	_	linguistic	_	none	Intonation=Falling	Begin=2119.3140000000003	_	_	_	_
956-1	PSB005	956	1	ma	ma	_	_	_	_	_	linguistic	_	none	_	_	_	_	_	_
956-2	PSB005	956	2	la	la	_	_	_	_	_	linguistic	_	none	_	_	_	_	_	_
956-3	PSB005	956	3	lingua	lingua	_	_	_	_	_	linguistic	_	none	_	_	_	_	_	_
956-4	PSB005	956	4	ce	ce	_	_	_	_	_	linguistic	_	none	_	_	_	_	_	_
956-5	PSB005	956	5	l'	l'	_	_	_	_	_	linguistic	_	none	SpaceAfter=No	_	_	_	_	_
956-6	PSB005	956	6	hai	hai	_	_	_	_	_	linguistic	_	none	_	_	_	_	_	_
956-7	PSB005	956	7	già:.	già	_	_	_	_	_	linguistic	_	none	Intonation=Falling	End=2120.82	2x1	_	_	_
957-0	PSB042	957	0	sì	sì	_	_	_	_	_	linguistic	_	none	_	Begin=2120.863	_	_	_	_
957-1	PSB042	957	1	sì	sì	_	_	_	_	_	linguistic	_	none	_	End=2121.563	_	_	_	_
958-0	PSB005	958	0	sì	sì	_	_	_	_	_	linguistic	_	none	_	Begin=2121.852|End=2122.13	_	_	_	_
959-0	PSB042	959	0	eh.	eh	_	_	_	_	_	linguistic	_	none	Intonation=Falling	Begin=2122.809|End=2123.043	_	_	_	_
960-0	PSB005	960	0	ma	ma	_	_	_	_	_	linguistic	_	none	_	Begin=2123.343	_	_	_	_
960-1	PSB005	960	1	magari	magari	_	_	_	_	_	linguistic	_	none	_	_	_	_	_	_
960-2	PSB005	960	2	se	se	_	_	_	_	_	linguistic	_	none	_	_	_	_	_	_
960-3	PSB005	960	3	sei	sei	_	_	_	_	_	linguistic	_	none	_	_	_	_	_	_
960-4	PSB005	960	4	brava	brava	_	_	_	_	_	linguistic	_	none	_	_	_	_	_	_
960-5	PSB005	960	5	ti	ti	_	_	_	_	_	linguistic	_	none	_	_	_	_	_	_
960-6	PSB005	960	6	prendono	prendono	_	_	_	_	_	linguistic	_	none	_	_	_	_	_	_
960-7	PSB005	960	7	lo	lo	_	_	_	_	_	linguistic	_	none	_	_	_	_	_	_
960-8	PSB005	960	8	stesso.	stesso	_	_	_	_	_	linguistic	_	none	Intonation=Falling	End=2125.876	_	_	_	_
961-0	PSB042	961	0	speriamo.	speriamo	_	_	_	_	_	linguistic	_	none	Intonation=Falling	Begin=2126.565	_	_	_	_
961-1	PSB042	961	1	((ride))	((ride))	_	_	_	_	_	nonverbalbehavior	_	none	_	End=2127.298	_	_	_	_
962-0	PSB005	962	0	sì:.	sì	_	_	_	_	_	linguistic	_	none	Intonation=Falling	Begin=2127.553	1x1	_	_	_
962-1	PSB005	962	1	secondo	secondo	_	_	_	_	_	linguistic	_	none	_	_	_	_	_	_
962-2	PSB005	962	2	me	me	_	_	_	_	_	linguistic	_	none	_	_	_	_	_	_
962-3	PSB005	962	3	sì.	sì	_	_	_	_	_	linguistic	_	none	Intonation=Falling	End=2128.953	_	_	_	_
963-0	PSB005	963	0	hai	hai	_	_	_	_	_	linguistic	_	none	_	Begin=2129.931	_	_	_	_
963-1	PSB005	963	1	dei	dei	_	_	_	_	_	linguistic	_	none	_	_	_	_	_	_
963-2	PSB005	963	2	molto	molto	_	_	_	_	_	linguistic	_	none	_	_	_	_	_	_
963-3	PSB005	963	3	bei	bei	_	_	_	_	_	linguistic	_	none	_	_	_	_	_	_
963-4	PSB005	963	4	capelli.	capelli	_	_	_	_	_	linguistic	_	none	Intonation=Falling	End=2131.487	_	_	_	_
964-0	PSB042	964	0	è	è	_	_	_	_	_	linguistic	_	none	_	Begin=2132.098	_	_	_	_
964-1	PSB042	964	1	ver[o]?	vero	_	_	_	_	_	linguistic	_	none	Intonation=Rising	End=2132.731	_	_	_	3-4(253)
965-0	PSB005	965	0	[s]ì	sì	_	_	_	_	_	linguistic	_	none	_	Begin=2132.631|End=2132.987	_	_	_	0-1(253)
966-0	PSB042	966	0	eh	eh	_	_	_	_	_	linguistic	_	none	_	Begin=2133.281|End=2133.67	_	_	_	_
967-0	PSB042	967	0	da	da	_	_	_	_	_	linguistic	_	none	_	Begin=2133.892	_	_	_	_
967-1	PSB042	967	1	marocco	marocco	_	_	_	_	_	linguistic	_	none	_	_	_	_	_	_
967-2	PSB042	967	2	non	non	_	_	_	_	_	linguistic	_	none	_	_	_	_	_	_
967-3	PSB042	967	3	è	è	_	_	_	_	_	linguistic	_	none	_	_	_	_	_	_
967-4	PSB042	967	4	fare	fare	_	_	_	_	_	linguistic	_	none	PauseAfter=Yes	_	_	_	_	_
967-5	PSB042	967	5	(.)	(.)	_	_	_	_	_	shortpause	_	none	_	_	_	_	_	_
967-6	PSB042	967	6	quest(o)	questo	_	_	_	_	_	linguistic	_	none	PauseAfter=Yes	_	_	_	5-6(0)	_
967-7	PSB042	967	7	(.)	(.)	_	_	_	_	_	shortpause	_	none	_	_	_	_	_	_
967-8	PSB042	967	8	colore.	colore	_	_	_	_	_	linguistic	_	none	Intonation=Falling	End=2138.025	_	_	_	_
968-0	PSB005	968	0	mh.	mh	_	_	_	_	_	linguistic	_	none	Intonation=Falling	Begin=2138.843	_	_	_	_
968-1	PSB005	968	1	l'	l'	_	_	_	_	_	linguistic	_	none	SpaceAfter=No	_	_	_	_	_
968-2	PSB005	968	2	hai	hai	_	_	_	_	_	linguistic	_	none	_	_	_	_	_	_
968-3	PSB005	968	3	fatto	fatto	_	_	_	_	_	linguistic	_	none	_	_	_	_	_	_
968-4	PSB005	968	4	tu	tu	_	_	_	_	_	linguistic	_	none	_	_	_	_	_	_
968-5	PSB005	968	5	da	da	_	_	_	_	_	linguistic	_	none	_	_	_	_	_	_
968-6	PSB005	968	6	sola?	sola	_	_	_	_	_	linguistic	_	none	Intonation=Rising	End=2140.454	_	_	_	_
969-0	PSB042	969	0	no	no	_	_	_	_	_	linguistic	_	none	_	Begin=2140.809	_	_	_	_
969-1	PSB042	969	1	la	la	_	_	_	_	_	linguistic	_	none	_	_	_	_	_	_
969-2	PSB042	969	2	[color]e:.	colore	_	_	_	_	_	linguistic	_	none	Intonation=Falling	_	5x1	_	_	0-5(254)
969-3	PSB042	969	3	[d-].	d-	_	_	_	_	_	linguistic	_	none	Intonation=Falling|Interrupted=Yes	_	_	_	_	0-2(255)
969-4	PSB042	969	4	a	a	_	_	_	_	_	linguistic	_	none	_	_	_	_	_	_
969-5	PSB042	969	5	mia	mia	_	_	_	_	_	linguistic	_	none	_	_	_	_	_	_
969-6	PSB042	969	6	paese	paese	_	_	_	_	_	linguistic	_	none	_	End=2143.409	_	_	_	_
970-0	PSB005	970	0	[no]	no	_	_	_	_	_	linguistic	_	none	_	Begin=2141.247|End=2141.654	_	_	_	0-2(254)
971-0	PSB005	971	0	[eh]	eh	_	_	_	_	_	linguistic	_	none	_	Begin=2141.859|End=2142.103	_	_	_	0-2(255)
972-0	PSB005	972	0	a:h	ah	_	_	_	_	_	linguistic	_	none	_	Begin=2143.553	0x1	_	_	_
972-1	PSB005	972	1	okay.	okay	_	_	_	_	_	linguistic	_	none	Intonation=Falling	End=2144.331	_	_	_	_
973-0	PSB042	973	0	°non	non	_	_	_	_	_	linguistic	_	none	Volume=low	Begin=2144.486	_	_	_	_
973-1	PSB042	973	1	fare	fare	_	_	_	_	_	linguistic	_	none	Volume=low	_	_	_	_	_
973-2	PSB042	973	2	solo.°	solo	_	_	_	_	_	linguistic	_	none	Intonation=Falling|Volume=low	End=2145.619	_	_	_	_
974-0	PSB005	974	0	ma	ma	_	_	_	_	_	linguistic	_	none	_	Begin=2145.864	_	_	_	_
974-1	PSB005	974	1	da	da	_	_	_	_	_	linguistic	_	none	_	_	_	_	_	_
974-2	PSB005	974	2	tanto	tanto	_	_	_	_	_	linguistic	_	none	_	_	_	_	_	_
974-3	PSB005	974	3	tempo.	tempo	_	_	_	_	_	linguistic	_	none	Intonation=Falling	_	_	_	_	_
974-4	PSB005	974	4	è	è	_	_	_	_	_	linguistic	_	none	_	_	_	_	_	_
974-5	PSB005	974	5	rimasto	rimasto	_	_	_	_	_	linguistic	_	none	_	_	_	_	_	_
974-6	PSB005	974	6	bell~	bell~	_	_	_	_	_	linguistic	_	none	Interrupted=Yes	_	_	_	_	_
974-7	PSB005	974	7	be[llissimo].	bellissimo	_	_	_	_	_	linguistic	_	none	Intonation=Falling	End=2148.219	_	_	_	2-10(256)
975-0	PSB042	975	0	[ma.	ma	_	_	_	_	_	linguistic	_	none	Intonation=Falling	Begin=2147.775	_	_	_	_
975-1	PSB042	975	1	adesso	adesso	_	_	_	_	_	linguistic	_	none	_	_	_	_	_	_
975-2	PSB042	975	2	questo	questo	_	_	_	_	_	linguistic	_	none	_	_	_	_	_	_
975-3	PSB042	975	3	la	la	_	_	_	_	_	linguistic	_	none	_	_	_	_	_	_
975-4	PSB042	975	4	mio:.	mio	_	_	_	_	_	linguistic	_	none	Intonation=Falling|PauseAfter=Yes	_	2x1	_	_	_
975-5	PSB042	975	5	[(.)	(.)	_	_	_	_	_	shortpause	_	none	_	_	_	_	_	_
975-6	PSB042	975	6	co]lore	colore	_	_	_	_	_	linguistic	_	none	_	_	_	_	_	_
975-7	PSB042	975	7	nero.	nero	_	_	_	_	_	linguistic	_	none	Intonation=Falling	End=2151.486	_	_	_	_
976-0	PSB005	976	0	[mhmh]	mhmh	_	_	_	_	_	linguistic	_	none	_	Begin=2150.157|End=2150.623	_	_	_	0-4(257)
977-0	PSB005	977	0	mh[mh].	mhmh	_	_	_	_	_	linguistic	_	none	Intonation=Falling	Begin=2151.564|End=2151.897	_	_	_	2-4(258)
978-0	PSB042	978	0	[ma:].	ma	_	_	_	_	_	linguistic	_	yes	Intonation=Falling	Begin=2151.764	1x1	_	_	0-2(258)
978-1	PSB042	978	1	perché	perché	_	_	_	_	_	linguistic	_	yes	_	_	_	_	_	_
978-2	PSB042	978	2	da	da	_	_	_	_	_	linguistic	_	yes	_	_	_	_	_	_
978-3	PSB042	978	3	#beaucoup	beaucoup	_	_	_	_	_	linguistic	_	yes	Language=NO_ISO_CODE|Variation=Token	_	_	_	_	_
978-4	PSB042	978	4	da:.	da	_	_	_	_	_	linguistic	_	yes	Intonation=Falling	_	1x1	_	_	_
978-5	PSB042	978	5	sei	sei	_	_	_	_	_	linguistic	_	yes	_	_	_	_	_	_
978-6	PSB042	978	6	mesi	mesi	_	_	_	_	_	linguistic	_	yes	_	_	_	_	_	_
978-7	PSB042	978	7	io	io	_	_	_	_	_	linguistic	_	yes	_	_	_	_	_	_
978-8	PSB042	978	8	qui.	qui	_	_	_	_	_	linguistic	_	yes	Intonation=Falling	End=2155.898	_	_	_	_
979-0	PSB005	979	0	eh	eh	_	_	_	_	_	linguistic	_	none	_	Begin=2157.403	_	_	_	_
979-1	PSB005	979	1	ma:.	ma	_	_	_	_	_	linguistic	_	none	Intonation=Falling	_	1x1	_	_	_
979-2	PSB005	979	2	sono	sono	_	_	_	_	_	linguistic	_	none	_	_	_	_	_	_
979-3	PSB005	979	3	bellissimi.	bellissimi	_	_	_	_	_	linguistic	_	none	Intonation=Falling	_	_	_	_	_
979-4	PSB005	979	4	sì	sì	_	_	_	_	_	linguistic	_	none	_	_	_	_	_	_
979-5	PSB005	979	5	sì.	sì	_	_	_	_	_	linguistic	_	none	Intonation=Falling	End=2159.581	_	_	_	_
980-0	PSB042	980	0	anche	anche	_	_	_	_	_	linguistic	_	none	_	Begin=2159.731	_	_	_	_
980-1	PSB042	980	1	per	per	_	_	_	_	_	linguistic	_	none	_	_	_	_	_	_
980-2	PSB042	980	2	te	te	_	_	_	_	_	linguistic	_	none	_	_	_	_	_	_
980-3	PSB042	980	3	questo	questo	_	_	_	_	_	linguistic	_	none	_	_	_	_	_	_
980-4	PSB042	980	4	colore	colore	_	_	_	_	_	linguistic	_	none	_	_	_	_	_	_
980-5	PSB042	980	5	va:	va	_	_	_	_	_	linguistic	_	none	PauseAfter=Yes	_	1x1	_	_	_
980-6	PSB042	980	6	(.)	(.)	_	_	_	_	_	shortpause	_	none	_	_	_	_	_	_
980-7	PSB042	980	7	con	con	_	_	_	_	_	linguistic	_	none	_	_	_	_	_	_
980-8	PSB042	980	8	la	la	_	_	_	_	_	linguistic	_	none	_	_	_	_	_	_
980-9	PSB042	980	9	tua.	tua	_	_	_	_	_	linguistic	_	none	Intonation=Falling	End=2162.876	_	_	_	_
981-0	PSB005	981	0	ah	ah	_	_	_	_	_	linguistic	_	none	_	Begin=2162.998	_	_	_	_
981-1	PSB005	981	1	sì.	sì	_	_	_	_	_	linguistic	_	none	Intonation=Falling	End=2163.454	_	_	_	_
982-0	PSB042	982	0	colore	colore	_	_	_	_	_	linguistic	_	none	_	Begin=2163.576	_	_	_	_
982-1	PSB042	982	1	da	da	_	_	_	_	_	linguistic	_	none	_	_	_	_	_	_
982-2	PSB042	982	2	pel[le]	pelle	_	_	_	_	_	linguistic	_	none	_	End=2164.631	_	_	_	3-5(259)
983-0	PSB005	983	0	[sì]	sì	_	_	_	_	_	linguistic	_	none	_	Begin=2164.414	_	_	_	0-2(259)
983-1	PSB005	983	1	i	i	_	_	_	_	_	linguistic	_	none	_	_	_	_	_	_
983-2	PSB005	983	2	m:iei	miei	_	_	_	_	_	linguistic	_	none	_	_	0x1	_	_	_
983-3	PSB005	983	3	sono	sono	_	_	_	_	_	linguistic	_	none	_	_	_	_	_	_
983-4	PSB005	983	4	così	così	_	_	_	_	_	linguistic	_	none	_	_	_	_	_	_
983-5	PSB005	983	5	n~	n~	_	_	_	_	_	linguistic	_	none	Interrupted=Yes	_	_	_	_	_
983-6	PSB005	983	6	[naturali].	naturali	_	_	_	_	_	linguistic	_	none	Intonation=Falling	End=2166.709	_	_	_	0-8(260)
984-0	PSB042	984	0	[per	per	_	_	_	_	_	linguistic	_	none	_	Begin=2166.031	_	_	_	0-3(260)
984-1	PSB042	984	1	taglia]	taglia	_	_	_	_	_	linguistic	_	none	_	End=2166.964	_	_	_	0-6(260)
985-0	PSB042	985	0	((ride))	((ride))	_	_	_	_	_	nonverbalbehavior	_	none	_	Begin=2167.02|End=2167.498	_	_	_	_
986-0	PSB005	986	0	sì	sì	_	_	_	_	_	linguistic	_	none	_	Begin=2167.209|End=2167.52	_	_	_	_
987-0	PSB005	987	0	sono	sono	_	_	_	_	_	linguistic	_	none	_	Begin=2167.842	_	_	_	_
987-1	PSB005	987	1	adesso	adesso	_	_	_	_	_	linguistic	_	none	_	_	_	_	_	_
987-2	PSB005	987	2	me	me	_	_	_	_	_	linguistic	_	none	_	_	_	_	_	_
987-3	PSB005	987	3	li	li	_	_	_	_	_	linguistic	_	none	_	_	_	_	_	_
987-4	PSB005	987	4	sono	sono	_	_	_	_	_	linguistic	_	none	_	_	_	_	_	_
987-5	PSB005	987	5	[tagliati],	tagliati	_	_	_	_	_	linguistic	_	none	Intonation=WeaklyRising	End=2169.497	_	_	_	0-8(262)
988-0	PSB042	988	0	[ma	ma	_	_	_	_	_	linguistic	_	none	_	Begin=2169.008	_	_	_	0-2(262)
988-1	PSB042	988	1	no	no	_	_	_	_	_	linguistic	_	none	_	_	_	_	_	0-2(262)
988-2	PSB042	988	2	to]ccare	toccare	_	_	_	_	_	linguistic	_	none	_	_	_	_	_	0-2(262)
988-3	PSB042	988	3	qua	qua	_	_	_	_	_	linguistic	_	none	_	_	_	_	_	_
988-4	PSB042	988	4	solo	solo	_	_	_	_	_	linguistic	_	none	_	_	_	_	_	_
988-5	PSB042	988	5	[qua	qua	_	_	_	_	_	linguistic	_	none	_	_	_	_	_	0-3(263)
988-6	PSB042	988	6	e:].	e	_	_	_	_	_	linguistic	_	none	Intonation=Falling	End=2171.264	0x1	_	_	0-1(263)
989-0	PSB005	989	0	[solo	solo	_	_	_	_	_	linguistic	_	none	_	Begin=2170.864	_	_	_	0-4(263)
989-1	PSB005	989	1	qu]i.	qui	_	_	_	_	_	linguistic	_	none	Intonation=Falling	End=2171.387	_	_	_	0-2(263)
990-0	PSB042	990	0	e:h.	eh	_	_	_	_	_	linguistic	_	none	Intonation=Falling	Begin=2171.653|End=2171.964	0x1	_	_	_
991-0	PSB042	991	0	[peccat~]	peccat~	_	_	_	_	_	linguistic	_	none	Interrupted=Yes	Begin=2172.309|End=2172.798	_	_	_	0-7(264)
992-0	PSB005	992	0	[adess]o	adesso	_	_	_	_	_	linguistic	_	none	_	Begin=2172.364	_	_	_	0-5(264)
992-1	PSB005	992	1	gli	gli	_	_	_	_	_	linguistic	_	none	_	_	_	_	_	_
992-2	PSB005	992	2	ho	ho	_	_	_	_	_	linguistic	_	none	_	_	_	_	_	_
992-3	PSB005	992	3	tagliati:	tagliati	_	_	_	_	_	linguistic	_	none	_	End=2173.864	7x1	_	_	_
993-0	PSB042	993	0	ma	ma	_	_	_	_	_	linguistic	_	yes	_	Begin=2173.875	_	_	_	_
993-1	PSB042	993	1	è	è	_	_	_	_	_	linguistic	_	yes	_	_	_	_	_	_
993-2	PSB042	993	2	bello.	bello	_	_	_	_	_	linguistic	_	yes	Intonation=Falling	_	_	_	_	_
993-3	PSB042	993	3	[anche	anche	_	_	_	_	_	linguistic	_	yes	_	_	_	_	_	0-5(265)
993-4	PSB042	993	4	#nat]urels	naturels	_	_	_	_	_	linguistic	_	yes	Language=NO_ISO_CODE|Variation=Token	_	_	_	_	0-4(265)
993-5	PSB042	993	5	così:.	così	_	_	_	_	_	linguistic	_	yes	Intonation=Falling	_	3x1	_	_	_
993-6	PSB042	993	6	bel[lo].	bello	_	_	_	_	_	linguistic	_	yes	Intonation=Falling	End=2177.009	_	_	_	3-5(266)
994-0	PSB005	994	0	[corti].	corti	_	_	_	_	_	linguistic	_	none	Intonation=Falling	Begin=2174.798|End=2175.198	_	_	_	0-5(265)
995-0	PSB005	995	0	[mh].	mh	_	_	_	_	_	linguistic	_	none	Intonation=Falling	Begin=2176.809|End=2177.031	_	_	_	0-2(266)
996-0	PSB005	996	0	eh.	eh	_	_	_	_	_	linguistic	_	none	Intonation=Falling	Begin=2177.476	_	_	_	_
996-1	PSB005	996	1	ho	ho	_	_	_	_	_	linguistic	_	none	_	_	_	_	_	_
996-2	PSB005	996	2	fatto,	fatto	_	_	_	_	_	linguistic	_	none	Intonation=WeaklyRising	_	_	_	_	_
996-3	PSB005	996	3	e:h	eh	_	_	_	_	_	linguistic	_	none	_	_	0x1	_	_	_
996-4	PSB005	996	4	qualche	qualche	_	_	_	_	_	linguistic	_	none	_	_	_	_	_	_
996-5	PSB005	996	5	anno	anno	_	_	_	_	_	linguistic	_	none	_	_	_	_	_	_
996-6	PSB005	996	6	fa?	fa	_	_	_	_	_	linguistic	_	none	Intonation=Rising	End=2179.82	_	_	_	_
997-0	PSB042	997	0	eh	eh	_	_	_	_	_	linguistic	_	none	_	Begin=2180.075	_	_	_	_
997-1	PSB042	997	1	eh?	eh	_	_	_	_	_	linguistic	_	none	Intonation=Rising	End=2180.464	_	_	_	_
998-0	PSB005	998	0	ero	ero	_	_	_	_	_	linguistic	_	yes	_	Begin=2180.698	_	_	_	_
998-1	PSB005	998	1	più	più	_	_	_	_	_	linguistic	_	yes	_	_	_	_	_	_
998-2	PSB005	998	2	brava	brava	_	_	_	_	_	linguistic	_	yes	PauseAfter=Yes	_	_	_	_	_
998-3	PSB005	998	3	(.)	(.)	_	_	_	_	_	shortpause	_	yes	_	_	_	_	_	_
998-4	PSB005	998	4	[e:	e	_	_	_	_	_	linguistic	_	yes	_	_	0x1	_	_	0-1(267)
998-5	PSB005	998	5	fa]cevo	facevo	_	_	_	_	_	linguistic	_	yes	_	_	_	_	_	0-2(267)
998-6	PSB005	998	6	sempre	sempre	_	_	_	_	_	linguistic	_	yes	_	_	_	_	_	_
998-7	PSB005	998	7	l'	l'	_	_	_	_	_	linguistic	_	yes	SpaceAfter=No	_	_	_	_	_
998-8	PSB005	998	8	#henné.	henné	_	_	_	_	_	linguistic	_	yes	Intonation=Falling|Language=NO_ISO_CODE|Variation=Token	End=2183.809	_	_	_	_
999-0	PSB042	999	0	[e:h].	eh	_	_	_	_	_	linguistic	_	none	Intonation=Falling	Begin=2182.442|End=2182.808	0x1	_	_	0-2(267)
1000-0	PSB042	1000	0	a:h	ah	_	_	_	_	_	linguistic	_	none	_	Begin=2184.331	0x1	_	_	_
1000-1	PSB042	1000	1	[okay].	okay	_	_	_	_	_	linguistic	_	none	Intonation=Falling	End=2185.164	_	_	_	0-4(268)
1001-0	PSB005	1001	0	[l'	l'	_	_	_	_	_	linguistic	_	none	SpaceAfter=No	Begin=2184.52	_	_	_	0-2(268)
1001-1	PSB005	1001	1	ho	ho	_	_	_	_	_	linguistic	_	none	_	_	_	_	_	0-2(268)
1001-2	PSB005	1001	2	comprato]	comprato	_	_	_	_	_	linguistic	_	none	_	_	_	_	_	0-8(268)
1001-3	PSB005	1001	3	anche	anche	_	_	_	_	_	linguistic	_	none	_	_	_	_	_	_
1001-4	PSB005	1001	4	in	in	_	_	_	_	_	linguistic	_	none	_	_	_	_	_	_
1001-5	PSB005	1001	5	marocco.	marocco	_	_	_	_	_	linguistic	_	none	Intonation=Falling	End=2186.009	_	_	_	_
1002-0	PSB042	1002	0	a:h.	ah	_	_	_	_	_	linguistic	_	none	Intonation=Falling	Begin=2186.498	0x1	_	_	_
1002-1	PSB042	1002	1	ben[e].	bene	_	_	_	_	_	linguistic	_	none	Intonation=Falling	End=2187.565	_	_	_	3-4(269)
1003-0	PSB005	1003	0	[sì]	sì	_	_	_	_	_	linguistic	_	none	_	Begin=2187.475|End=2187.764	_	_	_	0-2(269)
1004-0	PSB042	1004	0	((ride))	((ride))	_	_	_	_	_	nonverbalbehavior	_	none	_	Begin=2188.109|End=2188.697	_	_	_	_
1005-0	PSB005	1005	0	ma:	ma	_	_	_	_	_	linguistic	_	none	_	Begin=2188.509	1x1	_	_	_
1005-1	PSB005	1005	1	mi	mi	_	_	_	_	_	linguistic	_	none	_	_	_	_	_	_
1005-2	PSB005	1005	2	mettevo	mettevo	_	_	_	_	_	linguistic	_	none	PauseAfter=Yes	_	_	_	_	_
1005-3	PSB005	1005	3	(.)	(.)	_	_	_	_	_	shortpause	_	none	_	_	_	_	_	_
1005-4	PSB005	1005	4	me	me	_	_	_	_	_	linguistic	_	none	_	_	_	_	_	_
1005-5	PSB005	1005	5	lo	lo	_	_	_	_	_	linguistic	_	none	_	_	_	_	_	_
1005-6	PSB005	1005	6	mettevo	mettevo	_	_	_	_	_	linguistic	_	none	_	_	_	_	_	_
1005-7	PSB005	1005	7	in	in	_	_	_	_	_	linguistic	_	none	_	_	_	_	_	_
1005-8	PSB005	1005	8	tutti	tutti	_	_	_	_	_	linguistic	_	none	_	_	_	_	_	_
1005-9	PSB005	1005	9	i	i	_	_	_	_	_	linguistic	_	none	_	_	_	_	_	_
1005-10	PSB005	1005	10	capelli,	capelli	_	_	_	_	_	linguistic	_	none	Intonation=WeaklyRising	_	_	_	_	_
1005-11	PSB005	1005	11	e	e	_	_	_	_	_	linguistic	_	none	_	_	_	_	_	_
1005-12	PSB005	1005	12	poi:	poi	_	_	_	_	_	linguistic	_	none	_	_	2x1	_	_	_
1005-13	PSB005	1005	13	aspettavo,	aspettavo	_	_	_	_	_	linguistic	_	none	Intonation=WeaklyRising	_	_	_	_	_
1005-14	PSB005	1005	14	per	per	_	_	_	_	_	linguistic	_	none	_	_	_	_	_	_
1005-15	PSB005	1005	15	[tre	tre	_	_	_	_	_	linguistic	_	none	_	_	_	_	_	0-3(271)
1005-16	PSB005	1005	16	ore]:,	ore	_	_	_	_	_	linguistic	_	none	Intonation=WeaklyRising	End=2194.275	2x1	_	_	0-3(271)
1006-0	PSB042	1006	0	[a:h].	ah	_	_	_	_	_	linguistic	_	none	Intonation=Falling	Begin=2193.565|End=2194.176	0x1	_	_	0-2(271)
1007-0	PSB042	1007	0	bene.	bene	_	_	_	_	_	linguistic	_	none	Intonation=Falling	Begin=2194.653	_	_	_	_
1007-1	PSB042	1007	1	((ride))	((ride))	_	_	_	_	_	nonverbalbehavior	_	none	_	End=2195.5585	_	_	_	_
1008-0	PSB005	1008	0	però,	però	_	_	_	_	_	linguistic	_	none	Intonation=WeaklyRising	Begin=2195.5585	_	_	_	_
1008-1	PSB005	1008	1	adesso	adesso	_	_	_	_	_	linguistic	_	none	_	_	_	_	_	_
1008-2	PSB005	1008	2	non	non	_	_	_	_	_	linguistic	_	none	_	_	_	_	_	_
1008-3	PSB005	1008	3	ho	ho	_	_	_	_	_	linguistic	_	none	_	_	_	_	_	_
1008-4	PSB005	1008	4	tempo.	tempo	_	_	_	_	_	linguistic	_	none	Intonation=Falling|PauseAfter=Yes	_	_	_	_	_
1008-5	PSB005	1008	5	(.)	(.)	_	_	_	_	_	shortpause	_	none	_	_	_	_	_	_
1008-6	PSB005	1008	6	mi	mi	_	_	_	_	_	linguistic	_	none	_	_	_	_	_	_
1008-7	PSB005	1008	7	sono	sono	_	_	_	_	_	linguistic	_	none	_	_	_	_	_	_
1008-8	PSB005	1008	8	stancata.	stancata	_	_	_	_	_	linguistic	_	none	Intonation=Falling	_	_	_	_	_
1008-9	PSB005	1008	9	((ride))	((ride))	_	_	_	_	_	nonverbalbehavior	_	none	_	End=2199.419	_	_	_	_
1009-0	PSB042	1009	0	normale.	normale	_	_	_	_	_	linguistic	_	none	Intonation=Falling	Begin=2199.13|End=2199.886	_	_	_	_
1010-0	PSB005	1010	0	sì:	sì	_	_	_	_	_	linguistic	_	none	_	Begin=2200.142|End=2200.508	1x1	_	_	_
1011-0	PSB005	1011	0	ma	ma	_	_	_	_	_	linguistic	_	none	_	Begin=2200.986	_	_	_	_
1011-1	PSB005	1011	1	l'	l'	_	_	_	_	_	linguistic	_	none	SpaceAfter=No	_	_	_	_	_
1011-2	PSB005	1011	2	ho	ho	_	_	_	_	_	linguistic	_	none	_	_	_	_	_	_
1011-3	PSB005	1011	3	comprato	comprato	_	_	_	_	_	linguistic	_	none	_	_	_	_	_	_
1011-4	PSB005	1011	4	in	in	_	_	_	_	_	linguistic	_	none	_	_	_	_	_	_
1011-5	PSB005	1011	5	marocco	marocco	_	_	_	_	_	linguistic	_	none	_	_	_	_	_	_
1011-6	PSB005	1011	6	e:h	eh	_	_	_	_	_	linguistic	_	none	_	End=2203.031	0x1	_	_	_
1012-0	PSB005	1012	0	credo	credo	_	_	_	_	_	linguistic	_	none	_	Begin=2203.908	_	_	_	_
1012-1	PSB005	1012	1	che	che	_	_	_	_	_	linguistic	_	none	_	_	_	_	_	_
1012-2	PSB005	1012	2	ne	ne	_	_	_	_	_	linguistic	_	none	_	_	_	_	_	_
1012-3	PSB005	1012	3	ho	ho	_	_	_	_	_	linguistic	_	none	_	_	_	_	_	_
1012-4	PSB005	1012	4	ancora	ancora	_	_	_	_	_	linguistic	_	none	_	_	_	_	_	_
1012-5	PSB005	1012	5	un	un	_	_	_	_	_	linguistic	_	none	_	_	_	_	_	_
1012-6	PSB005	1012	6	po'	po'	_	_	_	_	_	linguistic	_	none	PauseAfter=Yes	_	_	_	_	_
1012-7	PSB005	1012	7	(.)	(.)	_	_	_	_	_	shortpause	_	none	_	_	_	_	_	_
1012-8	PSB005	1012	8	ehm	ehm	_	_	_	_	_	linguistic	_	none	_	End=2206.708	_	_	_	_
1013-0	PSB005	1013	0	quando	quando	_	_	_	_	_	linguistic	_	yes	_	Begin=2207.453	_	_	_	_
1013-1	PSB005	1013	1	quando	quando	_	_	_	_	_	linguistic	_	yes	_	_	_	_	_	_
1013-2	PSB005	1013	2	sono	sono	_	_	_	_	_	linguistic	_	yes	_	_	_	_	_	_
1013-3	PSB005	1013	3	stata	stata	_	_	_	_	_	linguistic	_	yes	_	_	_	_	_	_
1013-4	PSB005	1013	4	in	in	_	_	_	_	_	linguistic	_	yes	_	_	_	_	_	_
1013-5	PSB005	1013	5	marocco	marocco	_	_	_	_	_	linguistic	_	yes	_	_	_	_	_	_
1013-6	PSB005	1013	6	sono	sono	_	_	_	_	_	linguistic	_	yes	_	_	_	_	_	_
1013-7	PSB005	1013	7	andata	andata	_	_	_	_	_	linguistic	_	yes	_	_	_	_	_	_
1013-8	PSB005	1013	8	dentro	dentro	_	_	_	_	_	linguistic	_	yes	_	_	_	_	_	_
1013-9	PSB005	1013	9	a	a	_	_	_	_	_	linguistic	_	yes	_	_	_	_	_	_
1013-10	PSB005	1013	10	un	un	_	_	_	_	_	linguistic	_	yes	_	_	_	_	_	_
1013-11	PSB005	1013	11	#hammam.	hammam	_	_	_	_	_	linguistic	_	yes	Intonation=Falling|Language=NO_ISO_CODE|Variation=Token	End=2210.375	_	_	_	_
1014-0	PSB042	1014	0	ah[:].	ah	_	_	_	_	_	linguistic	_	none	Intonation=Falling	Begin=2211.042|End=2211.609	1x1	_	_	_
1015-0	PSB005	1015	0	[an]che	anche	_	_	_	_	_	linguistic	_	none	_	Begin=2211.298|End=2211.72	_	_	_	0-2(273)
1016-0	PSB005	1016	0	per	per	_	_	_	_	_	linguistic	_	none	_	Begin=2212.142	_	_	_	_
1016-1	PSB005	1016	1	fare	fare	_	_	_	_	_	linguistic	_	none	_	_	_	_	_	_
1016-2	PSB005	1016	2	m:h	mh	_	_	_	_	_	linguistic	_	none	_	End=2213.253	0x1	_	_	_
1017-0	PSB042	1017	0	la	la	_	_	_	_	_	linguistic	_	yes	_	Begin=2213.575	_	_	_	_
1017-1	PSB042	1017	1	#hammam	hammam	_	_	_	_	_	linguistic	_	yes	Language=NO_ISO_CODE|Variation=Token	_	_	_	_	_
1017-2	PSB042	1017	2	((ride))	((ride))	_	_	_	_	_	nonverbalbehavior	_	yes	_	End=2215.398	_	_	_	_
1018-0	PSB005	1018	0	e	e	_	_	_	_	_	linguistic	_	none	_	Begin=2215.298	_	_	_	_
1018-1	PSB005	1018	1	mi	mi	_	_	_	_	_	linguistic	_	none	_	_	_	_	_	_
1018-2	PSB005	1018	2	è	è	_	_	_	_	_	linguistic	_	none	_	_	_	_	_	_
1018-3	PSB005	1018	3	piaciuto	piaciuto	_	_	_	_	_	linguistic	_	none	_	_	_	_	_	_
1018-4	PSB005	1018	4	tantissimo.	tantissimo	_	_	_	_	_	linguistic	_	none	Intonation=Falling	End=2216.731	_	_	_	_
1019-0	PSB042	1019	0	sì.	sì	_	_	_	_	_	linguistic	_	none	Intonation=Falling	Begin=2216.865	_	_	_	_
1019-1	PSB042	1019	1	ci	ci	_	_	_	_	_	linguistic	_	none	_	_	_	_	_	_
1019-2	PSB042	1019	2	senti	senti	_	_	_	_	_	linguistic	_	none	_	_	_	_	_	_
1019-3	PSB042	1019	3	bene	bene	_	_	_	_	_	linguistic	_	none	_	_	_	_	_	_
1019-4	PSB042	1019	4	[do]po.	dopo	_	_	_	_	_	linguistic	_	none	Intonation=Falling	End=2219.098	_	_	_	0-2(275)
1020-0	PSB005	1020	0	[sì]	sì	_	_	_	_	_	linguistic	_	none	_	Begin=2218.665|End=2218.876	_	_	_	0-2(275)
1021-0	PSB005	1021	0	però	però	_	_	_	_	_	linguistic	_	none	_	Begin=2219.998	_	_	_	_
1021-1	PSB005	1021	1	qui	qui	_	_	_	_	_	linguistic	_	none	_	_	_	_	_	_
1021-2	PSB005	1021	2	non	non	_	_	_	_	_	linguistic	_	none	_	_	_	_	_	_
1021-3	PSB005	1021	3	si	si	_	_	_	_	_	linguistic	_	none	_	_	_	_	_	_
1021-4	PSB005	1021	4	non	non	_	_	_	_	_	linguistic	_	none	_	_	_	_	_	_
1021-5	PSB005	1021	5	esistono.	esistono	_	_	_	_	_	linguistic	_	none	Intonation=Falling	_	_	_	_	_
1021-6	PSB005	1021	6	no.	no	_	_	_	_	_	linguistic	_	none	Intonation=Falling	End=2221.865	_	_	_	_
1022-0	PSB042	1022	0	io	io	_	_	_	_	_	linguistic	_	none	_	Begin=2221.959	_	_	_	_
1022-1	PSB042	1022	1	cerco	cerco	_	_	_	_	_	linguistic	_	none	_	_	_	_	_	_
1022-2	PSB042	1022	2	con	con	_	_	_	_	_	linguistic	_	none	_	_	_	_	_	_
1022-3	PSB042	1022	3	la	la	_	_	_	_	_	linguistic	_	none	_	_	_	_	_	_
1022-4	PSB042	1022	4	instagram	instagram	_	_	_	_	_	linguistic	_	none	_	_	_	_	_	_
1022-5	PSB042	1022	5	que[sto]	questo	_	_	_	_	_	linguistic	_	none	_	_	_	_	_	3-6(?)
1022-6	PSB042	1022	6	c'	c'	_	_	_	_	_	linguistic	_	none	SpaceAfter=No	_	_	_	_	_
1022-7	PSB042	1022	7	è	è	_	_	_	_	_	linguistic	_	none	_	_	_	_	_	_
1022-8	PSB042	1022	8	a	a	_	_	_	_	_	linguistic	_	none	_	_	_	_	_	_
1022-9	PSB042	1022	9	milano:	milano	_	_	_	_	_	linguistic	_	none	_	_	5x1	_	_	_
1022-10	PSB042	1022	10	qua	qua	_	_	_	_	_	linguistic	_	none	_	_	_	_	_	_
1022-11	PSB042	1022	11	[no]	no	_	_	_	_	_	linguistic	_	none	_	_	_	_	_	0-2(?)
1022-12	PSB042	1022	12	c'	c'	_	_	_	_	_	linguistic	_	none	SpaceAfter=No	_	_	_	_	_
1022-13	PSB042	1022	13	è	è	_	_	_	_	_	linguistic	_	none	_	_	_	_	_	_
1022-14	PSB042	1022	14	a	a	_	_	_	_	_	linguistic	_	none	_	_	_	_	_	_
1022-15	PSB042	1022	15	milano	milano	_	_	_	_	_	linguistic	_	none	_	End=2226.355	_	_	_	_
1023-0	PSB005	1023	0	[mh].	mh	_	_	_	_	_	linguistic	_	none	Intonation=Falling	Begin=2224.575|End=2224.797	_	_	_	0-2(276)
1024-0	PSB042	1024	0	qua	qua	_	_	_	_	_	linguistic	_	none	_	Begin=2226.55	_	_	_	_
1024-1	PSB042	1024	1	[non]	non	_	_	_	_	_	linguistic	_	none	_	_	_	_	_	0-3(277)
1024-2	PSB042	1024	2	c'	c'	_	_	_	_	_	linguistic	_	none	SpaceAfter=No	_	_	_	_	_
1024-3	PSB042	1024	3	è	è	_	_	_	_	_	linguistic	_	none	_	End=2227.315	_	_	_	_
1025-0	PSB005	1025	0	[mh].	mh	_	_	_	_	_	linguistic	_	none	Intonation=Falling	Begin=2226.847|End=2226.981	_	_	_	0-2(277)
1026-0	PSB005	1026	0	mhmh.	mhmh	_	_	_	_	_	linguistic	_	none	Intonation=Falling	Begin=2227.832|End=2228.11	_	_	_	_
1027-0	PSB042	1027	0	ma	ma	_	_	_	_	_	linguistic	_	none	_	Begin=2228.332	_	_	_	_
1027-1	PSB042	1027	1	è	è	_	_	_	_	_	linguistic	_	none	_	_	_	_	_	_
1027-2	PSB042	1027	2	buono.	buono	_	_	_	_	_	linguistic	_	none	Intonation=Falling	_	_	_	_	_
1027-3	PSB042	1027	3	ci	ci	_	_	_	_	_	linguistic	_	none	_	_	_	_	_	_
1027-4	PSB042	1027	4	senti	senti	_	_	_	_	_	linguistic	_	none	_	_	_	_	_	_
1027-5	PSB042	1027	5	dopo:.	dopo	_	_	_	_	_	linguistic	_	none	Intonation=Falling	_	3x1	_	_	_
1027-6	PSB042	1027	6	[rela]x.	relax	_	_	_	_	_	linguistic	_	none	Intonation=Falling	End=2231.498	_	_	_	0-4(278)
1028-0	PSB005	1028	0	[sì:]	sì	_	_	_	_	_	linguistic	_	none	_	Begin=2230.586|End=2230.92	1x1	_	_	0-2(278)
1029-0	PSB005	1029	0	però	però	_	_	_	_	_	linguistic	_	none	_	Begin=2231.899	_	_	_	_
1029-1	PSB005	1029	1	qui	qui	_	_	_	_	_	linguistic	_	none	_	_	_	_	_	_
1029-2	PSB005	1029	2	non	non	_	_	_	_	_	linguistic	_	none	_	_	_	_	_	_
1029-3	PSB005	1029	3	c'	c'	_	_	_	_	_	linguistic	_	none	SpaceAfter=No	_	_	_	_	_
1029-4	PSB005	1029	4	è	è	_	_	_	_	_	linguistic	_	none	_	_	_	_	_	_
1029-5	PSB005	1029	5	quindi.	quindi	_	_	_	_	_	linguistic	_	none	Intonation=Falling	_	_	_	_	_
1029-6	PSB005	1029	6	perché	perché	_	_	_	_	_	linguistic	_	none	_	_	_	_	_	_
1029-7	PSB005	1029	7	mi	mi	_	_	_	_	_	linguistic	_	none	_	_	_	_	_	_
1029-8	PSB005	1029	8	è	è	_	_	_	_	_	linguistic	_	none	_	_	_	_	_	_
1029-9	PSB005	1029	9	piaciuto	piaciuto	_	_	_	_	_	linguistic	_	none	_	_	_	_	_	_
1029-10	PSB005	1029	10	tantissimo	tantissimo	_	_	_	_	_	linguistic	_	none	_	_	_	_	_	_
1029-11	PSB005	1029	11	[e	e	_	_	_	_	_	linguistic	_	none	_	_	_	_	_	0-1(279)
1029-12	PSB005	1029	12	ci	ci	_	_	_	_	_	linguistic	_	none	_	_	_	_	_	0-2(279)
1029-13	PSB005	1029	13	tornerei:]	tornerei	_	_	_	_	_	linguistic	_	none	_	End=2235.343	7x1	_	_	0-8(279)
1030-0	PSB042	1030	0	[ma	ma	_	_	_	_	_	linguistic	_	none	_	Begin=2234.431	_	_	_	0-2(279)
1030-1	PSB042	1030	1	c'	c'	_	_	_	_	_	linguistic	_	none	SpaceAfter=No	_	_	_	_	0-2(279)
1030-2	PSB042	1030	2	è	è	_	_	_	_	_	linguistic	_	none	_	_	_	_	_	0-1(279)
1030-3	PSB042	1030	3	co~]	co~	_	_	_	_	_	linguistic	_	none	Interrupted=Yes	_	_	_	_	0-3(279)
1030-4	PSB042	1030	4	no	no	_	_	_	_	_	linguistic	_	none	_	_	_	_	_	_
1030-5	PSB042	1030	5	c'	c'	_	_	_	_	_	linguistic	_	none	SpaceAfter=No	_	_	_	_	_
1030-6	PSB042	1030	6	è.	è	_	_	_	_	_	linguistic	_	none	Intonation=Falling	_	_	_	_	_
1030-7	PSB042	1030	7	no	no	_	_	_	_	_	linguistic	_	none	_	_	_	_	_	_
1030-8	PSB042	1030	8	c'	c'	_	_	_	_	_	linguistic	_	none	SpaceAfter=No|Volume=low	_	_	_	_	_
1030-9	PSB042	1030	9	°è°	è	_	_	_	_	_	linguistic	_	none	_	End=2236.397	_	_	_	_
1031-0	PSB005	1031	0	non	non	_	_	_	_	_	linguistic	_	none	_	Begin=2236.517	_	_	_	_
1031-1	PSB005	1031	1	c'	c'	_	_	_	_	_	linguistic	_	none	SpaceAfter=No	_	_	_	_	_
1031-2	PSB005	1031	2	è.	è	_	_	_	_	_	linguistic	_	none	Intonation=Falling	End=2237.137	_	_	_	_
1032-0	PSB042	1032	0	((schiocca_lingua))	((schiocca_lingua))	_	_	_	_	_	nonverbalbehavior	_	none	_	Begin=2237.357|End=2237.737	_	_	_	_
1033-0	PSB042	1033	0	aspetta	aspetta	_	_	_	_	_	linguistic	_	yes	_	Begin=2238.753	_	_	_	_
1033-1	PSB042	1033	1	andare	andare	_	_	_	_	_	linguistic	_	yes	_	_	_	_	_	_
1033-2	PSB042	1033	2	a	a	_	_	_	_	_	linguistic	_	yes	_	_	_	_	_	_
1033-3	PSB042	1033	3	marocco	marocco	_	_	_	_	_	linguistic	_	yes	_	_	_	_	_	_
1033-4	PSB042	1033	4	per	per	_	_	_	_	_	linguistic	_	yes	_	_	_	_	_	_
1033-5	PSB042	1033	5	fare	fare	_	_	_	_	_	linguistic	_	yes	_	_	_	_	_	_
1033-6	PSB042	1033	6	una	una	_	_	_	_	_	linguistic	_	yes	_	_	_	_	_	_
1033-7	PSB042	1033	7	#hammam	hammam	_	_	_	_	_	linguistic	_	yes	Language=NO_ISO_CODE|Variation=Token	End=2241.798	_	_	_	_
1034-0	PSB005	1034	0	°sì.°	sì	_	_	_	_	_	linguistic	_	none	Intonation=Falling|Volume=low	Begin=2241.865	_	_	_	_
1034-1	PSB005	1034	1	ah	ah	_	_	_	_	_	linguistic	_	none	_	_	_	_	_	_
1034-2	PSB005	1034	2	mi	mi	_	_	_	_	_	linguistic	_	none	_	_	_	_	_	_
1034-3	PSB005	1034	3	è	è	_	_	_	_	_	linguistic	_	none	_	_	_	_	_	_
1034-4	PSB005	1034	4	piaciuto	piaciuto	_	_	_	_	_	linguistic	_	none	_	_	_	_	_	_
1034-5	PSB005	1034	5	tantissimo.	tantissimo	_	_	_	_	_	linguistic	_	none	Intonation=Falling	End=2244.109	_	_	_	_
1035-0	PSB042	1035	0	sì:.	sì	_	_	_	_	_	linguistic	_	none	Intonation=Falling	Begin=2244.109|End=2244.754	1x1	_	_	_
1036-0	PSB005	1036	0	mi	mi	_	_	_	_	_	linguistic	_	none	_	Begin=2245.32	_	_	_	_
1036-1	PSB005	1036	1	hanno	hanno	_	_	_	_	_	linguistic	_	none	_	_	_	_	_	_
1036-2	PSB005	1036	2	messo	messo	_	_	_	_	_	linguistic	_	none	_	_	_	_	_	_
1036-3	PSB005	1036	3	quel	quel	_	_	_	_	_	linguistic	_	none	_	_	_	_	_	_
1036-4	PSB005	1036	4	sapone	sapone	_	_	_	_	_	linguistic	_	none	_	_	_	_	_	_
1036-5	PSB005	1036	5	[m:h]	mh	_	_	_	_	_	linguistic	_	none	_	End=2247.376	0x1	_	_	0-2(280)
1037-0	PSB042	1037	0	[sa]pone	sapone	_	_	_	_	_	linguistic	_	none	_	Begin=2246.986	_	_	_	0-2(280)
1037-1	PSB042	1037	1	nero.	nero	_	_	_	_	_	linguistic	_	none	Intonation=Falling	_	_	_	_	_
1037-2	PSB042	1037	2	[è]:	è	_	_	_	_	_	linguistic	_	none	_	_	0x1	_	_	0-1(281)
1037-3	PSB042	1037	3	°buono°	buono	_	_	_	_	_	linguistic	_	none	Volume=low	End=2249.186	_	_	_	_
1038-0	PSB005	1038	0	[sì],	sì	_	_	_	_	_	linguistic	_	none	Intonation=WeaklyRising	Begin=2248.257|End=2248.747	_	_	_	0-2(281)
1039-0	PSB005	1039	0	sì	sì	_	_	_	_	_	linguistic	_	none	_	Begin=2249.242	_	_	_	_
1039-1	PSB005	1039	1	l'	l'	_	_	_	_	_	linguistic	_	none	SpaceAfter=No	_	_	_	_	_
1039-2	PSB005	1039	2	avevo	avevo	_	_	_	_	_	linguistic	_	none	_	_	_	_	_	_
1039-3	PSB005	1039	3	anche	anche	_	_	_	_	_	linguistic	_	none	_	_	_	_	_	_
1039-4	PSB005	1039	4	comprato.	comprato	_	_	_	_	_	linguistic	_	none	Intonation=Falling	_	_	_	_	_
1039-5	PSB005	1039	5	e	e	_	_	_	_	_	linguistic	_	none	_	_	_	_	_	_
1039-6	PSB005	1039	6	l'	l'	_	_	_	_	_	linguistic	_	none	SpaceAfter=No	_	_	_	_	_
1039-7	PSB005	1039	7	ho	ho	_	_	_	_	_	linguistic	_	none	_	_	_	_	_	_
1039-8	PSB005	1039	8	portato	portato	_	_	_	_	_	linguistic	_	none	_	_	_	_	_	_
1039-9	PSB005	1039	9	qui.	qui	_	_	_	_	_	linguistic	_	none	Intonation=Falling	End=2252.87	_	_	_	_
1040-0	PSB042	1040	0	((ride))	((ride))	_	_	_	_	_	nonverbalbehavior	_	none	_	Begin=2249.757|End=2250.297	_	_	_	_
1041-0	PSB042	1041	0	((ride))	((ride))	_	_	_	_	_	nonverbalbehavior	_	none	_	Begin=2252.87	_	_	_	_
1041-1	PSB042	1041	1	sì:.	sì	_	_	_	_	_	linguistic	_	none	Intonation=Falling	_	1x1	_	_	_
1041-2	PSB042	1041	2	è	è	_	_	_	_	_	linguistic	_	none	_	_	_	_	_	_
1041-3	PSB042	1041	3	buono.	buono	_	_	_	_	_	linguistic	_	none	Intonation=Falling	End=2255.308	_	_	_	_
1042-0	PSB005	1042	0	°sì°	sì	_	_	_	_	_	linguistic	_	none	Volume=low	Begin=2255.709|End=2256.109	_	_	_	_
1043-0	PSB042	1043	0	ma	ma	_	_	_	_	_	linguistic	_	none	_	Begin=2256.142	_	_	_	_
1043-1	PSB042	1043	1	per	per	_	_	_	_	_	linguistic	_	none	_	_	_	_	_	_
1043-2	PSB042	1043	2	una	una	_	_	_	_	_	linguistic	_	none	_	_	_	_	_	_
1043-3	PSB042	1043	3	volta,	volta	_	_	_	_	_	linguistic	_	none	Intonation=WeaklyRising	_	_	_	_	_
1043-4	PSB042	1043	4	al	al	_	_	_	_	_	linguistic	_	none	_	_	_	_	_	_
1043-5	PSB042	1043	5	mese,	mese	_	_	_	_	_	linguistic	_	none	Intonation=WeaklyRising	_	_	_	_	_
1043-6	PSB042	1043	6	è	è	_	_	_	_	_	linguistic	_	none	_	_	_	_	_	_
1043-7	PSB042	1043	7	buono.	buono	_	_	_	_	_	linguistic	_	none	Intonation=Falling	End=2258.387	_	_	_	_
1044-0	PSB005	1044	0	sì:.	sì	_	_	_	_	_	linguistic	_	none	Intonation=Falling	Begin=2258.63|End=2259.153	1x1	_	_	_
1045-0	PSB005	1045	0	eh	eh	_	_	_	_	_	linguistic	_	none	_	Begin=2259.697	_	_	_	_
1045-1	PSB005	1045	1	no.	no	_	_	_	_	_	linguistic	_	none	Intonation=Falling	End=2260.086	_	_	_	_
1046-0	PSB042	1046	0	ma	ma	_	_	_	_	_	linguistic	_	yes	_	Begin=2260.087	_	_	_	_
1046-1	PSB042	1046	1	per	per	_	_	_	_	_	linguistic	_	yes	_	_	_	_	_	_
1046-2	PSB042	1046	2	marocchino:	marocchino	_	_	_	_	_	linguistic	_	yes	_	_	9x1	_	_	_
1046-3	PSB042	1046	3	(ogni)	ogni	_	_	_	_	_	linguistic	_	yes	_	_	_	_	0-4(0)	_
1046-4	PSB042	1046	4	settimana	settimana	_	_	_	_	_	linguistic	_	yes	_	_	_	_	_	_
1046-5	PSB042	1046	5	andare	andare	_	_	_	_	_	linguistic	_	yes	_	_	_	_	_	_
1046-6	PSB042	1046	6	fare.	fare	_	_	_	_	_	linguistic	_	yes	Intonation=Falling	_	_	_	_	_
1046-7	PSB042	1046	7	questo	questo	_	_	_	_	_	linguistic	_	yes	_	_	_	_	_	_
1046-8	PSB042	1046	8	#hammam.	hammam	_	_	_	_	_	linguistic	_	yes	Intonation=Falling|Language=NO_ISO_CODE|Variation=Token	End=2264.387	_	_	_	_
1047-0	PSB042	1047	0	[m~]	m~	_	_	_	_	_	linguistic	_	none	Interrupted=Yes	Begin=2264.727|End=2265.28	_	_	_	0-2(283)
1048-0	PSB005	1048	0	[quando]	quando	_	_	_	_	_	linguistic	_	none	_	Begin=2264.731	_	_	_	0-6(283)
1048-1	PSB005	1048	1	eri	eri	_	_	_	_	_	linguistic	_	none	_	_	_	_	_	_
1048-2	PSB005	1048	2	in	in	_	_	_	_	_	linguistic	_	none	_	_	_	_	_	_
1048-3	PSB005	1048	3	marocco	marocco	_	_	_	_	_	linguistic	_	none	_	_	_	_	_	_
1048-4	PSB005	1048	4	ci	ci	_	_	_	_	_	linguistic	_	none	_	_	_	_	_	_
1048-5	PSB005	1048	5	andavi	andavi	_	_	_	_	_	linguistic	_	none	_	_	_	_	_	_
1048-6	PSB005	1048	6	una	una	_	_	_	_	_	linguistic	_	none	_	_	_	_	_	_
1048-7	PSB005	1048	7	volta	volta	_	_	_	_	_	linguistic	_	none	_	_	_	_	_	_
1048-8	PSB005	1048	8	alla	alla	_	_	_	_	_	linguistic	_	none	_	_	_	_	_	_
1048-9	PSB005	1048	9	settimana.	settimana	_	_	_	_	_	linguistic	_	none	Intonation=Falling	End=2267.042	_	_	_	_
1049-0	PSB042	1049	0	((ride))	((ride))	_	_	_	_	_	nonverbalbehavior	_	none	_	Begin=2267.087	_	_	_	_
1049-1	PSB042	1049	1	ma	ma	_	_	_	_	_	linguistic	_	none	_	_	_	_	_	_
1049-2	PSB042	1049	2	per	per	_	_	_	_	_	linguistic	_	none	_	_	_	_	_	_
1049-3	PSB042	1049	3	tutte	tutte	_	_	_	_	_	linguistic	_	none	_	_	_	_	_	_
1049-4	PSB042	1049	4	le	le	_	_	_	_	_	linguistic	_	none	_	_	_	_	_	_
1049-5	PSB042	1049	5	marocchine	marocchine	_	_	_	_	_	linguistic	_	none	_	_	_	_	_	_
1049-6	PSB042	1049	6	piace.	piace	_	_	_	_	_	linguistic	_	none	Intonation=Falling	_	_	_	_	_
1049-7	PSB042	1049	7	ogni	ogni	_	_	_	_	_	linguistic	_	none	_	_	_	_	_	_
1049-8	PSB042	1049	8	settima°na.°	settimana	_	_	_	_	_	linguistic	_	none	Intonation=Falling|Volume=low	End=2270.909	_	_	_	_
1050-0	PSB005	1050	0	°che	che	_	_	_	_	_	linguistic	_	none	Volume=low	Begin=2271.427	_	_	_	_
1050-1	PSB005	1050	1	bello°	bello	_	_	_	_	_	linguistic	_	none	Volume=low	End=2272.093	_	_	_	_
1051-0	PSB042	1051	0	sì.	sì	_	_	_	_	_	linguistic	_	none	Intonation=Falling	Begin=2272.231	_	_	_	_
1051-1	PSB042	1051	1	ma:	ma	_	_	_	_	_	linguistic	_	none	PauseAfter=Yes	_	1x1	_	_	_
1051-2	PSB042	1051	2	(.)	(.)	_	_	_	_	_	shortpause	_	none	_	_	_	_	_	_
1051-3	PSB042	1051	3	ma	ma	_	_	_	_	_	linguistic	_	none	_	_	_	_	_	_
1051-4	PSB042	1051	4	per	per	_	_	_	_	_	linguistic	_	none	_	_	_	_	_	_
1051-5	PSB042	1051	5	le:	le	_	_	_	_	_	linguistic	_	none	_	_	1x1	_	_	_
1051-6	PSB042	1051	6	m:h.	mh	_	_	_	_	_	linguistic	_	none	Intonation=Falling	_	0x1	_	_	_
1051-7	PSB042	1051	7	queste	queste	_	_	_	_	_	linguistic	_	none	_	_	_	_	_	_
1051-8	PSB042	1051	8	le	le	_	_	_	_	_	linguistic	_	none	_	_	_	_	_	_
1051-9	PSB042	1051	9	dottoresse	dottoresse	_	_	_	_	_	linguistic	_	none	_	_	_	_	_	_
1051-10	PSB042	1051	10	°cose°	cose	_	_	_	_	_	linguistic	_	none	Volume=low	_	_	_	_	_
1051-11	PSB042	1051	11	dice	dice	_	_	_	_	_	linguistic	_	none	_	_	_	_	_	_
1051-12	PSB042	1051	12	non	non	_	_	_	_	_	linguistic	_	none	_	_	_	_	_	_
1051-13	PSB042	1051	13	è	è	_	_	_	_	_	linguistic	_	none	_	_	_	_	_	_
1051-14	PSB042	1051	14	buono	buono	_	_	_	_	_	linguistic	_	none	_	_	_	_	_	_
1051-15	PSB042	1051	15	una	una	_	_	_	_	_	linguistic	_	none	_	_	_	_	_	_
1051-16	PSB042	1051	16	settimana,	settimana	_	_	_	_	_	linguistic	_	none	Intonation=WeaklyRising	_	_	_	_	_
1051-17	PSB042	1051	17	perché	perché	_	_	_	_	_	linguistic	_	none	_	_	_	_	_	_
1051-18	PSB042	1051	18	allergica	allergica	_	_	_	_	_	linguistic	_	none	_	_	_	_	_	_
1051-19	PSB042	1051	19	dopo	dopo	_	_	_	_	_	linguistic	_	none	_	_	_	_	_	_
1051-20	PSB042	1051	20	la	la	_	_	_	_	_	linguistic	_	none	_	_	_	_	_	_
1051-21	PSB042	1051	21	po',	po'	_	_	_	_	_	linguistic	_	none	Intonation=WeaklyRising	_	_	_	_	_
1051-22	PSB042	1051	22	e.	e	_	_	_	_	_	linguistic	_	none	Intonation=Falling	End=2283.454	_	_	_	_
1052-0	PSB005	1052	0	ah	ah	_	_	_	_	_	linguistic	_	none	_	Begin=2284.02	_	_	_	_
1052-1	PSB005	1052	1	[è	è	_	_	_	_	_	linguistic	_	none	_	_	_	_	_	0-1(284)
1052-2	PSB005	1052	2	troppo].	troppo	_	_	_	_	_	linguistic	_	none	Intonation=Falling	End=2284.92	_	_	_	0-6(284)
1053-0	PSB042	1053	0	[è	è	_	_	_	_	_	linguistic	_	yes	_	Begin=2284.13	_	_	_	0-1(284)
1053-1	PSB042	1053	1	#sèche]	sèche	_	_	_	_	_	linguistic	_	yes	Language=NO_ISO_CODE|Variation=Token	_	_	_	_	0-6(284)
1053-2	PSB042	1053	2	di:.	di	_	_	_	_	_	linguistic	_	yes	Intonation=Falling	End=2285.419	1x1	_	_	_
1054-0	PSB005	1054	0	è	è	_	_	_	_	_	linguistic	_	none	_	Begin=2286.553	_	_	_	_
1054-1	PSB005	1054	1	troppo	troppo	_	_	_	_	_	linguistic	_	none	_	_	_	_	_	_
1054-2	PSB005	1054	2	quindi.	quindi	_	_	_	_	_	linguistic	_	none	Intonation=Falling	End=2287.464	_	_	_	_
1055-0	PSB042	1055	0	ma	ma	_	_	_	_	_	linguistic	_	none	_	Begin=2287.665	_	_	_	_
1055-1	PSB042	1055	1	se	se	_	_	_	_	_	linguistic	_	none	_	_	_	_	_	_
1055-2	PSB042	1055	2	abiti:	abiti	_	_	_	_	_	linguistic	_	none	_	_	4x1	_	_	_
1055-3	PSB042	1055	3	a:	a	_	_	_	_	_	linguistic	_	none	_	_	0x1	_	_	_
1055-4	PSB042	1055	4	marocco	marocco	_	_	_	_	_	linguistic	_	none	_	_	_	_	_	_
1055-5	PSB042	1055	5	sempre	sempre	_	_	_	_	_	linguistic	_	none	_	_	_	_	_	_
1055-6	PSB042	1055	6	°così°	così	_	_	_	_	_	linguistic	_	none	Volume=low	End=2290.642	_	_	_	_
1056-0	PSB005	1056	0	sì	sì	_	_	_	_	_	linguistic	_	none	_	Begin=2291.12	_	_	_	_
1056-1	PSB005	1056	1	sì	sì	_	_	_	_	_	linguistic	_	none	_	_	_	_	_	_
1056-2	PSB005	1056	2	certo.	certo	_	_	_	_	_	linguistic	_	none	Intonation=Falling	End=2292.053	_	_	_	_
1057-0	PSB005	1057	0	è	è	_	_	_	_	_	linguistic	_	none	_	Begin=2292.442	_	_	_	_
1057-1	PSB005	1057	1	molto	molto	_	_	_	_	_	linguistic	_	none	PauseAfter=Yes	_	_	_	_	_
1057-2	PSB005	1057	2	(.)	(.)	_	_	_	_	_	shortpause	_	none	_	_	_	_	_	_
1057-3	PSB005	1057	3	m~	m~	_	_	_	_	_	linguistic	_	none	Interrupted=Yes	_	_	_	_	_
1057-4	PSB005	1057	4	mi	mi	_	_	_	_	_	linguistic	_	none	_	_	_	_	_	_
1057-5	PSB005	1057	5	piaceva	piaceva	_	_	_	_	_	linguistic	_	none	_	_	_	_	_	_
1057-6	PSB005	1057	6	perché	perché	_	_	_	_	_	linguistic	_	none	_	_	_	_	_	_
1057-7	PSB005	1057	7	c'	c'	_	_	_	_	_	linguistic	_	none	SpaceAfter=No	_	_	_	_	_
1057-8	PSB005	1057	8	erano	erano	_	_	_	_	_	linguistic	_	none	_	_	_	_	_	_
1057-9	PSB005	1057	9	tutte	tutte	_	_	_	_	_	linguistic	_	none	_	_	_	_	_	_
1057-10	PSB005	1057	10	le	le	_	_	_	_	_	linguistic	_	none	_	_	_	_	_	_
1057-11	PSB005	1057	11	ragazze	ragazze	_	_	_	_	_	linguistic	_	none	_	_	_	_	_	_
1057-12	PSB005	1057	12	che	che	_	_	_	_	_	linguistic	_	none	_	_	_	_	_	_
1057-13	PSB005	1057	13	chiacchie[ravano:],	chiacchieravano	_	_	_	_	_	linguistic	_	none	Intonation=WeaklyRising	End=2297.153	14x1	_	_	8-15(285)
1058-0	PSB042	1058	0	[s:ì	sì	_	_	_	_	_	linguistic	_	none	_	Begin=2296.142	0x1	_	_	0-2(285)
1058-1	PSB042	1058	1	sì].	sì	_	_	_	_	_	linguistic	_	none	Intonation=Falling|PauseAfter=Yes	_	_	_	_	0-2(285)
1058-2	PSB042	1058	2	(.)	(.)	_	_	_	_	_	shortpause	_	none	_	_	_	_	_	_
1058-3	PSB042	1058	3	eh.	eh	_	_	_	_	_	linguistic	_	none	Intonation=Falling	End=2297.587	_	_	_	_
1059-0	PSB005	1059	0	c'	c'	_	_	_	_	_	linguistic	_	none	SpaceAfter=No	Begin=2297.624	_	_	_	_
1059-1	PSB005	1059	1	erano	erano	_	_	_	_	_	linguistic	_	none	_	_	_	_	_	_
1059-2	PSB005	1059	2	anche:	anche	_	_	_	_	_	linguistic	_	none	PauseAfter=Yes	_	4x1	_	_	_
1059-3	PSB005	1059	3	(.)	(.)	_	_	_	_	_	shortpause	_	none	_	_	_	_	_	_
1059-4	PSB005	1059	4	delle	delle	_	_	_	_	_	linguistic	_	none	_	_	_	_	_	_
1059-5	PSB005	1059	5	mamme	mamme	_	_	_	_	_	linguistic	_	none	_	_	_	_	_	_
1059-6	PSB005	1059	6	con	con	_	_	_	_	_	linguistic	_	none	_	_	_	_	_	_
1059-7	PSB005	1059	7	le:,	le	_	_	_	_	_	linguistic	_	none	Intonation=WeaklyRising|PauseAfter=Yes	_	1x1	_	_	_
1059-8	PSB005	1059	8	(.)	(.)	_	_	_	_	_	shortpause	_	none	_	_	_	_	_	_
1059-9	PSB005	1059	9	loro	loro	_	_	_	_	_	linguistic	_	none	_	_	_	_	_	_
1059-10	PSB005	1059	10	bi[mbe],	bimbe	_	_	_	_	_	linguistic	_	none	Intonation=WeaklyRising	End=2301.502	_	_	_	1-5(286)
1060-0	PSB042	1060	0	[fa]re	fare	_	_	_	_	_	linguistic	_	none	_	Begin=2301.275	_	_	_	0-2(286)
1060-1	PSB042	1060	1	la	la	_	_	_	_	_	linguistic	_	none	_	_	_	_	_	_
1060-2	PSB042	1060	2	pelle	pelle	_	_	_	_	_	linguistic	_	none	_	_	_	_	_	_
1060-3	PSB042	1060	3	con	con	_	_	_	_	_	linguistic	_	none	_	_	_	_	_	_
1060-4	PSB042	1060	4	la	la	_	_	_	_	_	linguistic	_	none	_	_	_	_	_	_
1060-5	PSB042	1060	5	filo?	filo	_	_	_	_	_	linguistic	_	none	Intonation=Rising	End=2303.164	_	_	_	_
1061-0	PSB042	1061	0	[ah]	ah	_	_	_	_	_	linguistic	_	none	_	Begin=2303.787|End=2304.38	_	_	_	0-2(287)
1062-0	PSB005	1062	0	[ah]	ah	_	_	_	_	_	linguistic	_	none	_	Begin=2303.809	_	_	_	0-2(287)
1062-1	PSB005	1062	1	no.	no	_	_	_	_	_	linguistic	_	none	Intonation=Falling	_	_	_	_	_
1062-2	PSB005	1062	2	non	non	_	_	_	_	_	linguistic	_	none	_	_	_	_	_	_
1062-3	PSB005	1062	3	l'	l'	_	_	_	_	_	linguistic	_	none	SpaceAfter=No	_	_	_	_	_
1062-4	PSB005	1062	4	ho	ho	_	_	_	_	_	linguistic	_	none	_	_	_	_	_	_
1062-5	PSB005	1062	5	fat[to	fatto	_	_	_	_	_	linguistic	_	none	_	_	_	_	_	2-5(288)
1062-6	PSB005	1062	6	no].	no	_	_	_	_	_	linguistic	_	none	Intonation=Falling	End=2305.225	_	_	_	0-2(288)
1063-0	PSB042	1063	0	[s:]erve	serve	_	_	_	_	_	linguistic	_	none	_	Begin=2305.18	0x1	_	_	0-1(288)
1063-1	PSB042	1063	1	provare.	provare	_	_	_	_	_	linguistic	_	none	Intonation=Falling	End=2306.169	_	_	_	_
1064-0	PSB005	1064	0	no	no	_	_	_	_	_	linguistic	_	none	_	Begin=2306.379	_	_	_	_
1064-1	PSB005	1064	1	fa	fa	_	_	_	_	_	linguistic	_	none	_	_	_	_	_	_
1064-2	PSB005	1064	2	molto	molto	_	_	_	_	_	linguistic	_	none	_	_	_	_	_	_
1064-3	PSB005	1064	3	[male]	male	_	_	_	_	_	linguistic	_	none	_	End=2307.546	_	_	_	0-4(289)
1065-0	PSB042	1065	0	[male].	male	_	_	_	_	_	linguistic	_	none	Intonation=Falling	Begin=2307.153	_	_	_	0-4(289)
1065-1	PSB042	1065	1	male.	male	_	_	_	_	_	linguistic	_	none	Intonation=Falling	_	_	_	_	_
1065-2	PSB042	1065	2	ma	ma	_	_	_	_	_	linguistic	_	none	_	_	_	_	_	_
1065-3	PSB042	1065	3	naturale.	naturale	_	_	_	_	_	linguistic	_	none	Intonation=Falling	End=2309.197	_	_	_	_
1066-0	PSB005	1066	0	sì	sì	_	_	_	_	_	linguistic	_	none	_	Begin=2309.48	_	_	_	_
1066-1	PSB005	1066	1	ma	ma	_	_	_	_	_	linguistic	_	none	_	_	_	_	_	_
1066-2	PSB005	1066	2	mi	mi	_	_	_	_	_	linguistic	_	none	_	_	_	_	_	_
1066-3	PSB005	1066	3	fa	fa	_	_	_	_	_	linguistic	_	none	_	_	_	_	_	_
1066-4	PSB005	1066	4	molto	molto	_	_	_	_	_	linguistic	_	none	_	_	_	_	_	_
1066-5	PSB005	1066	5	male.	male	_	_	_	_	_	linguistic	_	none	Intonation=Falling	_	_	_	_	_
1066-6	PSB005	1066	6	((ride))	((ride))	_	_	_	_	_	nonverbalbehavior	_	none	_	End=2311.758	_	_	_	_
1067-0	PSB042	1067	0	molto	molto	_	_	_	_	_	linguistic	_	none	_	Begin=2312.009	_	_	_	_
1067-1	PSB042	1067	1	male.	male	_	_	_	_	_	linguistic	_	none	Intonation=Falling	_	_	_	_	_
1067-2	PSB042	1067	2	((ride))	((ride))	_	_	_	_	_	nonverbalbehavior	_	none	_	End=2313.187	_	_	_	_
1068-0	PSB005	1068	0	sì	sì	_	_	_	_	_	linguistic	_	none	_	Begin=2312.754|End=2313.12	_	_	_	_
1069-0	PSB005	1069	0	no	no	_	_	_	_	_	linguistic	_	none	_	Begin=2314.387	_	_	_	_
1069-1	PSB005	1069	1	ho	ho	_	_	_	_	_	linguistic	_	none	_	_	_	_	_	_
1069-2	PSB005	1069	2	fatto	fatto	_	_	_	_	_	linguistic	_	none	_	_	_	_	_	_
1069-3	PSB005	1069	3	qualche	qualche	_	_	_	_	_	linguistic	_	none	_	_	_	_	_	_
1069-4	PSB005	1069	4	volta,	volta	_	_	_	_	_	linguistic	_	none	Intonation=WeaklyRising	_	_	_	_	_
1069-5	PSB005	1069	5	qui,	qui	_	_	_	_	_	linguistic	_	none	Intonation=WeaklyRising	_	_	_	_	_
1069-6	PSB005	1069	6	ho	ho	_	_	_	_	_	linguistic	_	none	_	_	_	_	_	_
1069-7	PSB005	1069	7	fatto	fatto	_	_	_	_	_	linguistic	_	none	_	_	_	_	_	_
1069-8	PSB005	1069	8	la	la	_	_	_	_	_	linguistic	_	none	_	_	_	_	_	_
1069-9	PSB005	1069	9	ceretta?	ceretta	_	_	_	_	_	linguistic	_	none	Intonation=Rising	End=2316.976	_	_	_	_
1070-0	PSB042	1070	0	((tossisce))	((tossisce))	_	_	_	_	_	nonverbalbehavior	_	none	_	Begin=2314.431|End=2314.764	_	_	_	_
1071-0	PSB042	1071	0	e:h.	eh	_	_	_	_	_	linguistic	_	none	Intonation=Falling	Begin=2317.197|End=2317.875	0x1	_	_	_
1072-0	PSB005	1072	0	ma	ma	_	_	_	_	_	linguistic	_	none	_	Begin=2317.998	_	_	_	_
1072-1	PSB005	1072	1	dopo	dopo	_	_	_	_	_	linguistic	_	none	_	_	_	_	_	_
1072-2	PSB005	1072	2	mi	mi	_	_	_	_	_	linguistic	_	none	_	_	_	_	_	_
1072-3	PSB005	1072	3	viene	viene	_	_	_	_	_	linguistic	_	none	_	_	_	_	_	_
1072-4	PSB005	1072	4	m:h.	mh	_	_	_	_	_	linguistic	_	none	Intonation=Falling	End=2319.387	0x1	_	_	_
1073-0	PSB042	1073	0	ross[o].	rosso	_	_	_	_	_	linguistic	_	none	Intonation=Falling	Begin=2319.43|End=2320.075	_	_	_	4-5(292)
1074-0	PSB005	1074	0	[s]ì.	sì	_	_	_	_	_	linguistic	_	none	Intonation=Falling	Begin=2319.875|End=2320.175	_	_	_	0-1(292)
1075-0	PSB042	1075	0	ma	ma	_	_	_	_	_	linguistic	_	none	_	Begin=2320.286	_	_	_	_
1075-1	PSB042	1075	1	per	per	_	_	_	_	_	linguistic	_	none	_	_	_	_	_	_
1075-2	PSB042	1075	2	la	la	_	_	_	_	_	linguistic	_	none	_	_	_	_	_	_
1075-3	PSB042	1075	3	pelle	pelle	_	_	_	_	_	linguistic	_	none	_	_	_	_	_	_
1075-4	PSB042	1075	4	sensibili	sensibili	_	_	_	_	_	linguistic	_	none	_	_	_	_	_	_
1075-5	PSB042	1075	5	la	la	_	_	_	_	_	linguistic	_	none	_	_	_	_	_	_
1075-6	PSB042	1075	6	filo.	filo	_	_	_	_	_	linguistic	_	none	Intonation=Falling	End=2322.742	_	_	_	_
1076-0	PSB005	1076	0	°mh°	mh	_	_	_	_	_	linguistic	_	none	Volume=low	Begin=2322.985	_	_	_	_
1076-1	PSB005	1076	1	ma	ma	_	_	_	_	_	linguistic	_	none	_	_	_	_	_	_
1076-2	PSB005	1076	2	fa	fa	_	_	_	_	_	linguistic	_	none	_	_	_	_	_	_
1076-3	PSB005	1076	3	troppo	troppo	_	_	_	_	_	linguistic	_	none	_	_	_	_	_	_
1076-4	PSB005	1076	4	°m[ale°]	male	_	_	_	_	_	linguistic	_	none	Volume=low	End=2324.185	_	_	_	1-4(293)
1077-0	PSB042	1077	0	[s]:erve	serve	_	_	_	_	_	linguistic	_	none	_	Begin=2324.086	0x1	_	_	0-1(293)
1077-1	PSB042	1077	1	provare.	provare	_	_	_	_	_	linguistic	_	none	Intonation=Falling|PauseAfter=Yes	_	_	_	_	_
1077-2	PSB042	1077	2	[(.)	(.)	_	_	_	_	_	shortpause	_	none	_	_	_	_	_	X(294)
1077-3	PSB042	1077	3	sare]v~	sarev~	_	_	_	_	_	linguistic	_	none	Interrupted=Yes	_	_	_	_	0-4(294)
1077-4	PSB042	1077	4	piano	piano	_	_	_	_	_	linguistic	_	none	_	_	_	_	_	_
1077-5	PSB042	1077	5	piano.	piano	_	_	_	_	_	linguistic	_	none	Intonation=Falling	End=2327.353	_	_	_	_
1078-0	PSB005	1078	0	[eh]	eh	_	_	_	_	_	linguistic	_	none	_	Begin=2325.314|End=2325.694	_	_	_	0-2(294)
1079-0	PSB005	1079	0	°mh.°	mh	_	_	_	_	_	linguistic	_	none	Intonation=Falling|Volume=low	Begin=2327.62|End=2327.931	_	_	_	_
1080-0	PSB005	1080	0	ma	ma	_	_	_	_	_	linguistic	_	none	_	Begin=2328.486	_	_	_	_
1080-1	PSB005	1080	1	io	io	_	_	_	_	_	linguistic	_	none	_	_	_	_	_	_
1080-2	PSB005	1080	2	vado	vado	_	_	_	_	_	linguistic	_	none	_	_	_	_	_	_
1080-3	PSB005	1080	3	molto	molto	_	_	_	_	_	linguistic	_	none	_	_	_	_	_	_
1080-4	PSB005	1080	4	poco.	poco	_	_	_	_	_	linguistic	_	none	Intonation=Falling	End=2329.813	_	_	_	_
1081-0	PSB042	1081	0	e:h.	eh	_	_	_	_	_	linguistic	_	none	Intonation=Falling	Begin=2330.382|End=2330.804	0x1	_	_	_
1082-0	PSB005	1082	0	dall'	dall'	_	_	_	_	_	linguistic	_	none	SpaceAfter=No	Begin=2330.825	_	_	_	_
1082-1	PSB005	1082	1	estetista.	estetista	_	_	_	_	_	linguistic	_	none	Intonation=Falling	End=2331.708	_	_	_	_
1083-0	PSB042	1083	0	eh	eh	_	_	_	_	_	linguistic	_	none	_	Begin=2331.993	_	_	_	_
1083-1	PSB042	1083	1	[eh]?	eh	_	_	_	_	_	linguistic	_	none	Intonation=Rising	End=2332.438	_	_	_	0-2(295)
1084-0	PSB005	1084	0	[so]lo	solo	_	_	_	_	_	linguistic	_	none	_	Begin=2332.276	_	_	_	0-2(295)
1084-1	PSB005	1084	1	un	un	_	_	_	_	_	linguistic	_	none	_	_	_	_	_	_
1084-2	PSB005	1084	2	po':,	po'	_	_	_	_	_	linguistic	_	none	Intonation=WeaklyRising	End=2333.287	1x1	_	_	_
1085-0	PSB005	1085	0	ma	ma	_	_	_	_	_	linguistic	_	none	_	Begin=2334.753	_	_	_	_
1085-1	PSB005	1085	1	sto	sto	_	_	_	_	_	linguistic	_	none	_	_	_	_	_	_
1085-2	PSB005	1085	2	eh	eh	_	_	_	_	_	linguistic	_	none	_	_	_	_	_	_
1085-3	PSB005	1085	3	ogni	ogni	_	_	_	_	_	linguistic	_	none	_	_	_	_	_	_
1085-4	PSB005	1085	4	tanto	tanto	_	_	_	_	_	linguistic	_	none	_	_	_	_	_	_
1085-5	PSB005	1085	5	vado	vado	_	_	_	_	_	linguistic	_	none	_	_	_	_	_	_
1085-6	PSB005	1085	6	ma	ma	_	_	_	_	_	linguistic	_	none	_	_	_	_	_	_
1085-7	PSB005	1085	7	non	non	_	_	_	_	_	linguistic	_	none	_	_	_	_	_	_
1085-8	PSB005	1085	8	tanto	tanto	_	_	_	_	_	linguistic	_	none	_	_	_	_	_	_
1085-9	PSB005	1085	9	eh	eh	_	_	_	_	_	linguistic	_	none	_	_	_	_	_	_
1085-10	PSB005	1085	10	non	non	_	_	_	_	_	linguistic	_	none	_	_	_	_	_	_
1085-11	PSB005	1085	11	tanto	tanto	_	_	_	_	_	linguistic	_	none	_	_	_	_	_	_
1085-12	PSB005	1085	12	[spesso]	spesso	_	_	_	_	_	linguistic	_	none	_	End=2338.264	_	_	_	0-6(296)
1086-0	PSB042	1086	0	[s:ì:].	sì	_	_	_	_	_	linguistic	_	none	Intonation=Falling	Begin=2337.476|End=2338.287	0x1,1x1	_	_	0-2(296)
1087-0	PSB042	1087	0	((ride))	((ride))	_	_	_	_	_	nonverbalbehavior	_	none	_	Begin=2338.764|End=2339.186	_	_	_	_
1088-0	PSB005	1088	0	non:,	non	_	_	_	_	_	linguistic	_	none	Intonation=WeaklyRising|PauseAfter=Yes	Begin=2340.097	2x1	_	_	_
1088-1	PSB005	1088	1	(.)	(.)	_	_	_	_	_	shortpause	_	none	_	_	_	_	_	_
1088-2	PSB005	1088	2	non	non	_	_	_	_	_	linguistic	_	none	_	_	_	_	_	_
1088-3	PSB005	1088	3	mi	mi	_	_	_	_	_	linguistic	_	none	_	_	_	_	_	_
1088-4	PSB005	1088	4	va	va	_	_	_	_	_	linguistic	_	none	_	_	_	_	_	_
1088-5	PSB005	1088	5	molto.	molto	_	_	_	_	_	linguistic	_	none	Intonation=Falling	_	_	_	_	_
1088-6	PSB005	1088	6	non:.	non	_	_	_	_	_	linguistic	_	none	Intonation=Falling|PauseAfter=Yes	_	2x1	_	_	_
1088-7	PSB005	1088	7	(.)	(.)	_	_	_	_	_	shortpause	_	none	_	_	_	_	_	_
1088-8	PSB005	1088	8	[non	non	_	_	_	_	_	linguistic	_	none	_	_	_	_	_	0-3(297)
1088-9	PSB005	1088	9	ne	ne	_	_	_	_	_	linguistic	_	none	_	_	_	_	_	0-2(297)
1088-10	PSB005	1088	10	ho	ho	_	_	_	_	_	linguistic	_	none	_	_	_	_	_	0-2(297)
1088-11	PSB005	1088	11	molta	molta	_	_	_	_	_	linguistic	_	none	_	_	_	_	_	0-5(297)
1088-12	PSB005	1088	12	vogli]a	voglia	_	_	_	_	_	linguistic	_	none	_	_	_	_	_	0-5(297)
1088-13	PSB005	1088	13	((ride))	((ride))	_	_	_	_	_	nonverbalbehavior	_	none	_	_	_	_	_	_
1088-14	PSB005	1088	14	sì.	sì	_	_	_	_	_	linguistic	_	none	Intonation=Falling	End=2345.319	_	_	_	_
1089-0	PSB042	1089	0	[sì	sì	_	_	_	_	_	linguistic	_	none	_	Begin=2343.224	_	_	_	0-2(297)
1089-1	PSB042	1089	1	sì:].	sì	_	_	_	_	_	linguistic	_	none	Intonation=Falling	End=2344.058	1x1	_	_	0-2(297)
1090-0	PSB005	1090	0	anche	anche	_	_	_	_	_	linguistic	_	none	_	Begin=2345.887	_	_	_	_
1090-1	PSB005	1090	1	quando	quando	_	_	_	_	_	linguistic	_	none	_	_	_	_	_	_
1090-2	PSB005	1090	2	mi	mi	_	_	_	_	_	linguistic	_	none	_	_	_	_	_	_
1090-3	PSB005	1090	3	sono	sono	_	_	_	_	_	linguistic	_	none	_	_	_	_	_	_
1090-4	PSB005	1090	4	sposata,	sposata	_	_	_	_	_	linguistic	_	none	Intonation=WeaklyRising	End=2347.398	_	_	_	_
1091-0	PSB042	1091	0	eh	eh	_	_	_	_	_	linguistic	_	none	_	Begin=2347.631	_	_	_	_
1091-1	PSB042	1091	1	eh?	eh	_	_	_	_	_	linguistic	_	none	Intonation=Rising	End=2348.087	_	_	_	_
1092-0	PSB005	1092	0	e:	e	_	_	_	_	_	linguistic	_	none	PauseAfter=Yes	Begin=2348.409	0x1	_	_	_
1092-1	PSB005	1092	1	(.)	(.)	_	_	_	_	_	shortpause	_	none	_	_	_	_	_	_
1092-2	PSB005	1092	2	sono	sono	_	_	_	_	_	linguistic	_	none	_	_	_	_	_	_
1092-3	PSB005	1092	3	andata	andata	_	_	_	_	_	linguistic	_	none	_	_	_	_	_	_
1092-4	PSB005	1092	4	dalla	dalla	_	_	_	_	_	linguistic	_	none	_	_	_	_	_	_
1092-5	PSB005	1092	5	parrucchiera,	parrucchiera	_	_	_	_	_	linguistic	_	none	Intonation=WeaklyRising	End=2350.88	_	_	_	_
1093-0	PSB042	1093	0	mhmh?	mhmh	_	_	_	_	_	linguistic	_	none	Intonation=Rising	Begin=2351.03|End=2351.452	_	_	_	_
1094-0	PSB005	1094	0	però	però	_	_	_	_	_	linguistic	_	none	_	Begin=2351.567	_	_	_	_
1094-1	PSB005	1094	1	basta.	basta	_	_	_	_	_	linguistic	_	none	Intonation=Falling	End=2352.427	_	_	_	_
1095-0	PSB005	1095	0	in	in	_	_	_	_	_	linguistic	_	none	_	Begin=2352.719	_	_	_	_
1095-1	PSB005	1095	1	faccia[:],	faccia	_	_	_	_	_	linguistic	_	none	Intonation=WeaklyRising	_	5x1	_	_	_
1095-2	PSB005	1095	2	una	una	_	_	_	_	_	linguistic	_	none	_	_	_	_	_	_
1095-3	PSB005	1095	3	mia	mia	_	_	_	_	_	linguistic	_	none	_	_	_	_	_	_
1095-4	PSB005	1095	4	amica	amica	_	_	_	_	_	linguistic	_	none	_	_	_	_	_	_
1095-5	PSB005	1095	5	mi	mi	_	_	_	_	_	linguistic	_	none	_	_	_	_	_	_
1095-6	PSB005	1095	6	ha	ha	_	_	_	_	_	linguistic	_	none	_	_	_	_	_	_
1095-7	PSB005	1095	7	aiutato[:],	aiutato	_	_	_	_	_	linguistic	_	none	Intonation=WeaklyRising	End=2356.508	6x1	_	_	_
1096-0	PSB042	1096	0	[(#_en	_en	_	_	_	_	_	warning	_	yes	Language=NO_ISO_CODE|Variation=Token	Begin=2353.485	_	_	0-4(0)	0-4(298)
1096-1	PSB042	1096	1	face)]	face	_	_	_	_	_	linguistic	_	yes	_	End=2354.208	_	_	0-4(0)	0-4(298)
1097-0	PSB042	1097	0	[è]	è	_	_	_	_	_	linguistic	_	none	_	Begin=2356.162	_	_	_	0-1(299)
1097-1	PSB042	1097	1	brav~	brav~	_	_	_	_	_	linguistic	_	none	Interrupted=Yes	_	_	_	_	_
1097-2	PSB042	1097	2	((ride))	((ride))	_	_	_	_	_	nonverbalbehavior	_	none	_	End=2357.396	_	_	_	_
1098-0	PSB005	1098	0	ma	ma	_	_	_	_	_	linguistic	_	none	_	Begin=2357.242	_	_	_	_
1098-1	PSB005	1098	1	tu,	tu	_	_	_	_	_	linguistic	_	none	Intonation=WeaklyRising	_	_	_	_	_
1098-2	PSB005	1098	2	ti	ti	_	_	_	_	_	linguistic	_	none	_	_	_	_	_	_
1098-3	PSB005	1098	3	sei	sei	_	_	_	_	_	linguistic	_	none	_	_	_	_	_	_
1098-4	PSB005	1098	4	sposata	sposata	_	_	_	_	_	linguistic	_	none	_	_	_	_	_	_
1098-5	PSB005	1098	5	qui?	qui	_	_	_	_	_	linguistic	_	none	Intonation=Rising	End=2358.508	_	_	_	_
1099-0	PSB042	1099	0	no.	no	_	_	_	_	_	linguistic	_	none	Intonation=Falling	Begin=2359.275	_	_	_	_
1099-1	PSB042	1099	1	mia	mia	_	_	_	_	_	linguistic	_	none	_	_	_	_	_	_
1099-2	PSB042	1099	2	paese.	paese	_	_	_	_	_	linguistic	_	none	Intonation=Falling	End=2360.797	_	_	_	_
1100-0	PSB005	1100	0	hai	hai	_	_	_	_	_	linguistic	_	none	_	Begin=2360.942	_	_	_	_
1100-1	PSB005	1100	1	fatto	fatto	_	_	_	_	_	linguistic	_	none	_	_	_	_	_	_
1100-2	PSB005	1100	2	una	una	_	_	_	_	_	linguistic	_	none	_	_	_	_	_	_
1100-3	PSB005	1100	3	fes°ta?°	festa	_	_	_	_	_	linguistic	_	none	Intonation=Rising|Volume=low	End=2361.909	_	_	_	_
1101-0	PSB042	1101	0	no.	no	_	_	_	_	_	linguistic	_	none	Intonation=Falling	Begin=2362.409|End=2362.775	_	_	_	_
1102-0	PSB005	1102	0	no.	no	_	_	_	_	_	linguistic	_	none	Intonation=Falling	Begin=2363.364|End=2363.6305	_	_	_	_
1103-0	PSB042	1103	0	no.	no	_	_	_	_	_	linguistic	_	none	Intonation=Falling	Begin=2363.6305|End=2363.908	_	_	_	_
1104-0	PSB042	1104	0	perché:	perché	_	_	_	_	_	linguistic	_	none	_	Begin=2364.886	5x1	_	_	_
1104-1	PSB042	1104	1	così:	così	_	_	_	_	_	linguistic	_	none	_	_	3x1	_	_	_
1104-2	PSB042	1104	2	fare:	fare	_	_	_	_	_	linguistic	_	none	PauseAfter=Yes	_	3x1	_	_	_
1104-3	PSB042	1104	3	(.)	(.)	_	_	_	_	_	shortpause	_	none	_	_	_	_	_	_
1104-4	PSB042	1104	4	riservare.	riservare	_	_	_	_	_	linguistic	_	none	Intonation=Falling|PauseAfter=Yes	_	_	_	_	_
1104-5	PSB042	1104	5	(.)	(.)	_	_	_	_	_	shortpause	_	none	_	_	_	_	_	_
1104-6	PSB042	1104	6	a~	a~	_	_	_	_	_	linguistic	_	none	Interrupted=Yes	_	_	_	_	_
1104-7	PSB042	1104	7	a	a	_	_	_	_	_	linguistic	_	none	_	_	_	_	_	_
1104-8	PSB042	1104	8	sua	sua	_	_	_	_	_	linguistic	_	none	_	_	_	_	_	_
1104-9	PSB042	1104	9	paese,	paese	_	_	_	_	_	linguistic	_	none	Intonation=WeaklyRising	_	_	_	_	_
1104-10	PSB042	1104	10	per	per	_	_	_	_	_	linguistic	_	none	_	_	_	_	_	_
1104-11	PSB042	1104	11	fare	fare	_	_	_	_	_	linguistic	_	none	_	_	_	_	_	_
1104-12	PSB042	1104	12	mada~	mada~	_	_	_	_	_	linguistic	_	none	Interrupted=Yes	_	_	_	_	_
1104-13	PSB042	1104	13	tempo	tempo	_	_	_	_	_	linguistic	_	none	_	_	_	_	_	_
1104-14	PSB042	1104	14	da	da	_	_	_	_	_	linguistic	_	none	_	_	_	_	_	_
1104-15	PSB042	1104	15	corona,	corona	_	_	_	_	_	linguistic	_	none	Intonation=WeaklyRising	End=2373.497	_	_	_	_
1105-0	PSB042	1105	0	e	e	_	_	_	_	_	linguistic	_	none	_	Begin=2373.809	_	_	_	_
1105-1	PSB042	1105	1	pagare,	pagare	_	_	_	_	_	linguistic	_	none	Intonation=WeaklyRising	_	_	_	_	_
1105-2	PSB042	1105	2	per	per	_	_	_	_	_	linguistic	_	none	_	_	_	_	_	_
1105-3	PSB042	1105	3	la	la	_	_	_	_	_	linguistic	_	none	_	_	_	_	_	_
1105-4	PSB042	1105	4	sala	sala	_	_	_	_	_	linguistic	_	none	_	_	_	_	_	_
1105-5	PSB042	1105	5	della	della	_	_	_	_	_	linguistic	_	none	_	_	_	_	_	_
1105-6	PSB042	1105	6	festa	festa	_	_	_	_	_	linguistic	_	none	_	_	_	_	_	_
1105-7	PSB042	1105	7	è.	è	_	_	_	_	_	linguistic	_	none	Intonation=Falling	End=2376.842	_	_	_	_
1106-0	PSB042	1106	0	è:.	è	_	_	_	_	_	linguistic	_	yes	Intonation=Falling	Begin=2377.653	0x1	_	_	_
1106-1	PSB042	1106	1	bloccato.	bloccato	_	_	_	_	_	linguistic	_	yes	Intonation=Falling	_	_	_	_	_
1106-2	PSB042	1106	2	colpa	colpa	_	_	_	_	_	linguistic	_	yes	_	_	_	_	_	_
1106-3	PSB042	1106	3	corona	corona	_	_	_	_	_	linguistic	_	yes	_	_	_	_	_	_
1106-4	PSB042	1106	4	questo	questo	_	_	_	_	_	linguistic	_	yes	_	_	_	_	_	_
1106-5	PSB042	1106	5	#pèriode	pèriode	_	_	_	_	_	linguistic	_	yes	Language=NO_ISO_CODE|Variation=Token	_	_	_	_	_
1106-6	PSB042	1106	6	e,	e	_	_	_	_	_	linguistic	_	yes	Intonation=WeaklyRising	End=2381.464	_	_	_	_
1107-0	PSB042	1107	0	ma	ma	_	_	_	_	_	linguistic	_	none	_	Begin=2381.986	_	_	_	_
1107-1	PSB042	1107	1	sai:.	sai	_	_	_	_	_	linguistic	_	none	Intonation=Falling	End=2382.731	2x1	_	_	_
1108-0	PSB042	1108	0	tutto	tutto	_	_	_	_	_	linguistic	_	yes	_	Begin=2383.687	_	_	_	_
1108-1	PSB042	1108	1	#*que	que	_	_	_	_	_	linguistic	_	yes	Language=NO_ISO_CODE|Variation=Doubtful	_	_	_	_	_
1108-2	PSB042	1108	2	sposato	sposato	_	_	_	_	_	linguistic	_	yes	_	_	_	_	_	_
1108-3	PSB042	1108	3	al	al	_	_	_	_	_	linguistic	_	yes	_	_	_	_	_	_
1108-4	PSB042	1108	4	co~	co~	_	_	_	_	_	linguistic	_	yes	Interrupted=Yes	_	_	_	_	_
1108-5	PSB042	1108	5	tempo	tempo	_	_	_	_	_	linguistic	_	yes	_	_	_	_	_	_
1108-6	PSB042	1108	6	da	da	_	_	_	_	_	linguistic	_	yes	_	_	_	_	_	_
1108-7	PSB042	1108	7	co[rona]:.	corona	_	_	_	_	_	linguistic	_	yes	Intonation=Falling	_	5x1	_	_	2-6(301)
1108-8	PSB042	1108	8	non	non	_	_	_	_	_	linguistic	_	yes	_	_	_	_	_	_
1108-9	PSB042	1108	9	è	è	_	_	_	_	_	linguistic	_	yes	_	_	_	_	_	_
1108-10	PSB042	1108	10	vale.	vale	_	_	_	_	_	linguistic	_	yes	Intonation=Falling	_	_	_	_	_
1108-11	PSB042	1108	11	la	la	_	_	_	_	_	linguistic	_	yes	_	_	_	_	_	_
1108-12	PSB042	1108	12	matrimon°io.°	matrimonio	_	_	_	_	_	linguistic	_	yes	Intonation=Falling|Volume=low	End=2389.298	_	_	_	_
1109-0	PSB005	1109	0	[°mhmh,°]	mhmh	_	_	_	_	_	linguistic	_	none	Intonation=WeaklyRising|Volume=low	Begin=2386.227|End=2386.627	_	_	_	0-4(301)
1110-0	PSB005	1110	0	°mh.°	mh	_	_	_	_	_	linguistic	_	none	Intonation=Falling|Volume=low	Begin=2389.353|End=2389.642	_	_	_	_
1111-0	PSB005	1111	0	eh	eh	_	_	_	_	_	linguistic	_	none	_	Begin=2390.46	_	_	_	_
1111-1	PSB005	1111	1	io	io	_	_	_	_	_	linguistic	_	none	_	_	_	_	_	_
1111-2	PSB005	1111	2	ho	ho	_	_	_	_	_	linguistic	_	none	_	_	_	_	_	_
1111-3	PSB005	1111	3	aspettato.	aspettato	_	_	_	_	_	linguistic	_	none	Intonation=Falling	End=2391.57	_	_	_	_
1112-0	PSB005	1112	0	[ho]	ho	_	_	_	_	_	linguistic	_	none	_	Begin=2392.24	_	_	_	0-2(302)
1112-1	PSB005	1112	1	aspettato	aspettato	_	_	_	_	_	linguistic	_	none	_	_	_	_	_	_
1112-2	PSB005	1112	2	due	due	_	_	_	_	_	linguistic	_	none	_	_	_	_	_	_
1112-3	PSB005	1112	3	anni.	anni	_	_	_	_	_	linguistic	_	none	Intonation=Falling	End=2393.709	_	_	_	_
1113-0	PSB042	1113	0	[eh]?	eh	_	_	_	_	_	linguistic	_	none	Intonation=Rising	Begin=2392.257|End=2392.617	_	_	_	0-2(302)
1114-0	PSB042	1114	0	((ride))	((ride))	_	_	_	_	_	nonverbalbehavior	_	none	_	Begin=2394.08|End=2394.302	_	_	_	_
1115-0	PSB042	1115	0	io	io	_	_	_	_	_	linguistic	_	none	_	Begin=2395.164	_	_	_	_
1115-1	PSB042	1115	1	dopo	dopo	_	_	_	_	_	linguistic	_	none	_	_	_	_	_	_
1115-2	PSB042	1115	2	no:	no	_	_	_	_	_	linguistic	_	none	_	_	1x1	_	_	_
1115-3	PSB042	1115	3	no	no	_	_	_	_	_	linguistic	_	none	_	_	_	_	_	_
1115-4	PSB042	1115	4	vuoi	vuoi	_	_	_	_	_	linguistic	_	none	_	_	_	_	_	_
1115-5	PSB042	1115	5	più.	più	_	_	_	_	_	linguistic	_	none	Intonation=Falling|PauseAfter=Yes	_	_	_	_	_
1115-6	PSB042	1115	6	[(.)	(.)	_	_	_	_	_	shortpause	_	none	_	_	_	_	_	X(303)
1115-7	PSB042	1115	7	s]ai.	sai	_	_	_	_	_	linguistic	_	none	Intonation=Falling	End=2398.03	_	_	_	0-1(303)
1116-0	PSB005	1116	0	[mh].	mh	_	_	_	_	_	linguistic	_	none	Intonation=Falling	Begin=2397.397|End=2397.642	_	_	_	0-2(303)
1117-0	PSB005	1117	0	io	io	_	_	_	_	_	linguistic	_	none	_	Begin=2399.798	_	_	_	_
1117-1	PSB005	1117	1	ho	ho	_	_	_	_	_	linguistic	_	none	_	_	_	_	_	_
1117-2	PSB005	1117	2	rima[ndato	rimandato	_	_	_	_	_	linguistic	_	none	_	_	_	_	_	4-9(304)
1117-3	PSB005	1117	3	di	di	_	_	_	_	_	linguistic	_	none	_	_	_	_	_	0-2(304)
1117-4	PSB005	1117	4	due	due	_	_	_	_	_	linguistic	_	none	_	_	_	_	_	0-3(304)
1117-5	PSB005	1117	5	anni]	anni	_	_	_	_	_	linguistic	_	none	_	End=2401.309	_	_	_	0-4(304)
1118-0	PSB042	1118	0	[perché	perché	_	_	_	_	_	linguistic	_	none	_	Begin=2400.209	_	_	_	0-6(304)
1118-1	PSB042	1118	1	è:].	è	_	_	_	_	_	linguistic	_	none	Intonation=Falling	End=2401.32	0x1	_	_	0-1(304)
1119-0	PSB042	1119	0	pagato.	pagato	_	_	_	_	_	linguistic	_	none	Intonation=Falling	Begin=2401.575	_	_	_	_
1119-1	PSB042	1119	1	per	per	_	_	_	_	_	linguistic	_	none	_	_	_	_	_	_
1119-2	PSB042	1119	2	la	la	_	_	_	_	_	linguistic	_	none	_	_	_	_	_	_
1119-3	PSB042	1119	3	sala	sala	_	_	_	_	_	linguistic	_	none	_	_	_	_	_	_
1119-4	PSB042	1119	4	dalla	dalla	_	_	_	_	_	linguistic	_	none	_	_	_	_	_	_
1119-5	PSB042	1119	5	festa.	festa	_	_	_	_	_	linguistic	_	none	Intonation=Falling	_	_	_	_	_
1119-6	PSB042	1119	6	e:.	e	_	_	_	_	_	linguistic	_	none	Intonation=Falling	_	0x1	_	_	_
1119-7	PSB042	1119	7	queste	queste	_	_	_	_	_	linguistic	_	none	_	_	_	_	_	_
1119-8	PSB042	1119	8	soldi	soldi	_	_	_	_	_	linguistic	_	none	_	_	_	_	_	_
1119-9	PSB042	1119	9	non	non	_	_	_	_	_	linguistic	_	none	_	_	_	_	_	_
1119-10	PSB042	1119	10	è	è	_	_	_	_	_	linguistic	_	none	_	_	_	_	_	_
1119-11	PSB042	1119	11	ritorno,	ritorno	_	_	_	_	_	linguistic	_	none	Intonation=WeaklyRising|PauseAfter=Yes	_	_	_	_	_
1119-12	PSB042	1119	12	(.)	(.)	_	_	_	_	_	shortpause	_	none	_	_	_	_	_	_
1119-13	PSB042	1119	13	xx	xx	_	_	_	_	_	unknown	_	none	Syllables=2	End=2407.642	_	_	_	_
1120-0	PSB042	1120	0	ma	ma	_	_	_	_	_	linguistic	_	none	_	Begin=2408.541	_	_	_	_
1120-1	PSB042	1120	1	dopo	dopo	_	_	_	_	_	linguistic	_	none	_	_	_	_	_	_
1120-2	PSB042	1120	2	sai.	sai	_	_	_	_	_	linguistic	_	none	Intonation=Falling|PauseAfter=Yes	_	_	_	_	_
1120-3	PSB042	1120	3	(.)	(.)	_	_	_	_	_	shortpause	_	none	_	_	_	_	_	_
1120-4	PSB042	1120	4	non	non	_	_	_	_	_	linguistic	_	none	_	_	_	_	_	_
1120-5	PSB042	1120	5	è	è	_	_	_	_	_	linguistic	_	none	_	_	_	_	_	_
1120-6	PSB042	1120	6	va.	va	_	_	_	_	_	linguistic	_	none	Intonation=Falling	End=2410.53	_	_	_	_
1121-0	PSB005	1121	0	e:h.	eh	_	_	_	_	_	linguistic	_	none	Intonation=Falling	Begin=2411.075	0x1	_	_	_
1121-1	PSB005	1121	1	no	no	_	_	_	_	_	linguistic	_	none	_	_	_	_	_	_
1121-2	PSB005	1121	2	io	io	_	_	_	_	_	linguistic	_	none	_	_	_	_	_	_
1121-3	PSB005	1121	3	per	per	_	_	_	_	_	linguistic	_	none	_	_	_	_	_	_
1121-4	PSB005	1121	4	fortuna	fortuna	_	_	_	_	_	linguistic	_	none	_	_	_	_	_	_
1121-5	PSB005	1121	5	avevo	avevo	_	_	_	_	_	linguistic	_	none	_	_	_	_	_	_
1121-6	PSB005	1121	6	pagato,	pagato	_	_	_	_	_	linguistic	_	none	Intonation=WeaklyRising	End=2413.597	_	_	_	_
1122-0	PSB042	1122	0	eh	eh	_	_	_	_	_	linguistic	_	none	_	Begin=2413.787	_	_	_	_
1122-1	PSB042	1122	1	eh?	eh	_	_	_	_	_	linguistic	_	none	Intonation=Rising	End=2414.275	_	_	_	_
1123-0	PSB005	1123	0	ma.	ma	_	_	_	_	_	linguistic	_	none	Intonation=Falling|PauseAfter=Yes	Begin=2414.475	_	_	_	_
1123-1	PSB005	1123	1	(.)	(.)	_	_	_	_	_	shortpause	_	none	_	_	_	_	_	_
1123-2	PSB005	1123	2	abbiamo	abbiamo	_	_	_	_	_	linguistic	_	none	_	_	_	_	_	_
1123-3	PSB005	1123	3	spostato:,	spostato	_	_	_	_	_	linguistic	_	none	Intonation=WeaklyRising	_	7x1	_	_	_
1123-4	PSB005	1123	4	solo	solo	_	_	_	_	_	linguistic	_	none	_	_	_	_	_	_
1123-5	PSB005	1123	5	la	la	_	_	_	_	_	linguistic	_	none	_	_	_	_	_	_
1123-6	PSB005	1123	6	data.	data	_	_	_	_	_	linguistic	_	none	Intonation=Falling	End=2418.375	_	_	_	_
1124-0	PSB042	1124	0	a:h	ah	_	_	_	_	_	linguistic	_	none	_	Begin=2418.677	0x1	_	_	_
1124-1	PSB042	1124	1	è	è	_	_	_	_	_	linguistic	_	none	_	_	_	_	_	_
1124-2	PSB042	1124	2	be[ne].	bene	_	_	_	_	_	linguistic	_	none	Intonation=Falling	End=2419.877	_	_	_	2-4(305)
1125-0	PSB005	1125	0	[ha]nno	hanno	_	_	_	_	_	linguistic	_	none	_	Begin=2419.717	_	_	_	0-2(305)
1125-1	PSB005	1125	1	tenuto	tenuto	_	_	_	_	_	linguistic	_	none	_	_	_	_	_	_
1125-2	PSB005	1125	2	i	i	_	_	_	_	_	linguistic	_	none	_	_	_	_	_	_
1125-3	PSB005	1125	3	soldi	soldi	_	_	_	_	_	linguistic	_	none	_	_	_	_	_	_
1125-4	PSB005	1125	4	lì	lì	_	_	_	_	_	linguistic	_	none	_	_	_	_	_	_
1125-5	PSB005	1125	5	[e:	e	_	_	_	_	_	linguistic	_	none	PauseAfter=Yes	_	0x1	_	_	0-1(306)
1125-6	PSB005	1125	6	(.)]	(.)	_	_	_	_	_	shortpause	_	none	_	_	_	_	_	X(306)
1125-7	PSB005	1125	7	sì.	sì	_	_	_	_	_	linguistic	_	none	Intonation=Falling	End=2422.817	_	_	_	_
1126-0	PSB042	1126	0	[è	è	_	_	_	_	_	linguistic	_	none	_	Begin=2421.717	_	_	_	0-1(306)
1126-1	PSB042	1126	1	bene].	bene	_	_	_	_	_	linguistic	_	none	Intonation=Falling	End=2422.427	_	_	_	0-4(306)
1127-0	PSB005	1127	0	ho	ho	_	_	_	_	_	linguistic	_	none	_	Begin=2424.107	_	_	_	_
1127-1	PSB005	1127	1	rimandato	rimandato	_	_	_	_	_	linguistic	_	none	_	_	_	_	_	_
1127-2	PSB005	1127	2	di	di	_	_	_	_	_	linguistic	_	none	_	_	_	_	_	_
1127-3	PSB005	1127	3	un	un	_	_	_	_	_	linguistic	_	none	_	_	_	_	_	_
1127-4	PSB005	1127	4	anno.	anno	_	_	_	_	_	linguistic	_	none	Intonation=Falling|PauseAfter=Yes	_	_	_	_	_
1127-5	PSB005	1127	5	(.)	(.)	_	_	_	_	_	shortpause	_	none	_	_	_	_	_	_
1127-6	PSB005	1127	6	più	più	_	_	_	_	_	linguistic	_	none	_	_	_	_	_	_
1127-7	PSB005	1127	7	o	o	_	_	_	_	_	linguistic	_	none	_	_	_	_	_	_
1127-8	PSB005	1127	8	meno	meno	_	_	_	_	_	linguistic	_	none	_	_	_	_	_	_
1127-9	PSB005	1127	9	sì.	sì	_	_	_	_	_	linguistic	_	none	Intonation=Falling	End=2426.787	_	_	_	_
1128-0	PSB042	1128	0	ah	ah	_	_	_	_	_	linguistic	_	none	_	Begin=2427.107	_	_	_	_
1128-1	PSB042	1128	1	un	un	_	_	_	_	_	linguistic	_	none	_	_	_	_	_	_
1128-2	PSB042	1128	2	anno.	anno	_	_	_	_	_	linguistic	_	none	Intonation=Falling	_	_	_	_	_
1128-3	PSB042	1128	3	[sì].	sì	_	_	_	_	_	linguistic	_	none	Intonation=Falling	End=2428.267	_	_	_	0-2(307)
1129-0	PSB005	1129	0	[sì].	sì	_	_	_	_	_	linguistic	_	none	Intonation=Falling	Begin=2427.957|End=2428.267	_	_	_	0-2(307)
1130-0	PSB005	1130	0	sì.	sì	_	_	_	_	_	linguistic	_	none	Intonation=Falling	Begin=2430.217	_	_	_	_
1130-1	PSB005	1130	1	sì.	sì	_	_	_	_	_	linguistic	_	none	Intonation=Falling	_	_	_	_	_
1130-2	PSB005	1130	2	di	di	_	_	_	_	_	linguistic	_	none	_	_	_	_	_	_
1130-3	PSB005	1130	3	un	un	_	_	_	_	_	linguistic	_	none	_	_	_	_	_	_
1130-4	PSB005	1130	4	anno	anno	_	_	_	_	_	linguistic	_	none	_	_	_	_	_	_
1130-5	PSB005	1130	5	sì.	sì	_	_	_	_	_	linguistic	_	none	Intonation=Falling	_	_	_	_	_
1130-6	PSB005	1130	6	devo	devo	_	_	_	_	_	linguistic	_	none	_	_	_	_	_	_
1130-7	PSB005	1130	7	pensarci	pensarci	_	_	_	_	_	linguistic	_	none	_	_	_	_	_	_
1130-8	PSB005	1130	8	ma	ma	_	_	_	_	_	linguistic	_	none	_	_	_	_	_	_
1130-9	PSB005	1130	9	sì.	sì	_	_	_	_	_	linguistic	_	none	Intonation=Falling	_	_	_	_	_
1130-10	PSB005	1130	10	mi	mi	_	_	_	_	_	linguistic	_	none	_	_	_	_	_	_
1130-11	PSB005	1130	11	sono	sono	_	_	_	_	_	linguistic	_	none	_	_	_	_	_	_
1130-12	PSB005	1130	12	sposata	sposata	_	_	_	_	_	linguistic	_	none	_	_	_	_	_	_
1130-13	PSB005	1130	13	nel	nel	_	_	_	_	_	linguistic	_	none	_	_	_	_	_	_
1130-14	PSB005	1130	14	duemilaventuno	duemilaventuno	_	_	_	_	_	linguistic	_	none	_	End=2435.167	_	_	_	_
1131-0	PSB042	1131	0	a:h	ah	_	_	_	_	_	linguistic	_	none	_	Begin=2435.537	0x1	_	_	_
1131-1	PSB042	1131	1	[be]ne.	bene	_	_	_	_	_	linguistic	_	none	Intonation=Falling	End=2436.547	_	_	_	0-2(308)
1132-0	PSB005	1132	0	[sì].	sì	_	_	_	_	_	linguistic	_	none	Intonation=Falling	Begin=2436.137|End=2436.367	_	_	_	0-2(308)
1133-0	PSB042	1133	0	ma	ma	_	_	_	_	_	linguistic	_	none	_	Begin=2436.717	_	_	_	_
1133-1	PSB042	1133	1	io	io	_	_	_	_	_	linguistic	_	none	_	_	_	_	_	_
1133-2	PSB042	1133	2	fare	fare	_	_	_	_	_	linguistic	_	none	_	_	_	_	_	_
1133-3	PSB042	1133	3	una	una	_	_	_	_	_	linguistic	_	none	_	_	_	_	_	_
1133-4	PSB042	1133	4	festa	festa	_	_	_	_	_	linguistic	_	none	_	_	_	_	_	_
1133-5	PSB042	1133	5	piccola	piccola	_	_	_	_	_	linguistic	_	none	_	_	_	_	_	_
1133-6	PSB042	1133	6	per	per	_	_	_	_	_	linguistic	_	none	_	_	_	_	_	_
1133-7	PSB042	1133	7	mio	mio	_	_	_	_	_	linguistic	_	none	_	_	_	_	_	_
1133-8	PSB042	1133	8	figlio	figlio	_	_	_	_	_	linguistic	_	none	_	_	_	_	_	_
1133-9	PSB042	1133	9	a	a	_	_	_	_	_	linguistic	_	none	_	_	_	_	_	_
1133-10	PSB042	1133	10	marocco.	marocco	_	_	_	_	_	linguistic	_	none	Intonation=Falling	End=2440.797	_	_	_	_
1134-0	PSB005	1134	0	°mh°	mh	_	_	_	_	_	linguistic	_	none	Volume=low	Begin=2440.887	_	_	_	_
1134-1	PSB005	1134	1	a:h	ah	_	_	_	_	_	linguistic	_	none	_	End=2441.737	0x1	_	_	_
1135-0	PSB042	1135	0	perché	perché	_	_	_	_	_	linguistic	_	none	_	Begin=2441.837	_	_	_	_
1135-1	PSB042	1135	1	[sempre]:	sempre	_	_	_	_	_	linguistic	_	none	_	_	5x1	_	_	0-6(309)
1135-2	PSB042	1135	2	eh.	eh	_	_	_	_	_	linguistic	_	none	Intonation=Falling	_	_	_	_	_
1135-3	PSB042	1135	3	nascita.	nascita	_	_	_	_	_	linguistic	_	none	Intonation=Falling	End=2443.967	_	_	_	_
1136-0	PSB005	1136	0	[per	per	_	_	_	_	_	linguistic	_	none	_	Begin=2442.217	_	_	_	0-3(309)
1136-1	PSB005	1136	1	la	la	_	_	_	_	_	linguistic	_	none	_	_	_	_	_	0-2(309)
1136-2	PSB005	1136	2	nascita].	nascita	_	_	_	_	_	linguistic	_	none	Intonation=Falling	End=2443.097	_	_	_	0-7(309)
1137-0	PSB042	1137	0	#quand	quand	_	_	_	_	_	linguistic	_	yes	Language=NO_ISO_CODE|Variation=Token	Begin=2444.137	_	_	_	_
1137-1	PSB042	1137	1	arriva	arriva	_	_	_	_	_	linguistic	_	yes	_	_	_	_	_	_
1137-2	PSB042	1137	2	bambino,	bambino	_	_	_	_	_	linguistic	_	yes	Intonation=WeaklyRising	_	_	_	_	_
1137-3	PSB042	1137	3	serve	serve	_	_	_	_	_	linguistic	_	yes	_	_	_	_	_	_
1137-4	PSB042	1137	4	compra:.	compra	_	_	_	_	_	linguistic	_	yes	Intonation=Falling	_	5x1	_	_	_
1137-5	PSB042	1137	5	compra	compra	_	_	_	_	_	linguistic	_	yes	_	_	_	_	_	_
1137-6	PSB042	1137	6	mio	mio	_	_	_	_	_	linguistic	_	yes	_	_	_	_	_	_
1137-7	PSB042	1137	7	padre	padre	_	_	_	_	_	linguistic	_	yes	_	_	_	_	_	_
1137-8	PSB042	1137	8	una:.	una	_	_	_	_	_	linguistic	_	yes	Intonation=Falling	End=2448.577	2x1	_	_	_
1138-0	PSB042	1138	0	come	come	_	_	_	_	_	linguistic	_	none	_	Begin=2449.022	_	_	_	_
1138-1	PSB042	1138	1	si	si	_	_	_	_	_	linguistic	_	none	_	_	_	_	_	_
1138-2	PSB042	1138	2	chiama.	chiama	_	_	_	_	_	linguistic	_	none	Intonation=Falling	End=2449.772	_	_	_	_
1139-0	PSB042	1139	0	#mouton	mouton	_	_	_	_	_	linguistic	_	all	Language=NO_ISO_CODE|Variation=Token	Begin=2450.842|End=2451.412	_	_	_	_
1140-0	PSB005	1140	0	mhmh?	mhmh	_	_	_	_	_	linguistic	_	none	Intonation=Rising	Begin=2451.597|End=2451.997	_	_	_	_
1141-0	PSB042	1141	0	lo	lo	_	_	_	_	_	linguistic	_	yes	_	Begin=2452.167	_	_	_	_
1141-1	PSB042	1141	1	sai	sai	_	_	_	_	_	linguistic	_	yes	_	_	_	_	_	_
1141-2	PSB042	1141	2	cos'	cos'	_	_	_	_	_	linguistic	_	yes	SpaceAfter=No	_	_	_	_	_
1141-3	PSB042	1141	3	è	è	_	_	_	_	_	linguistic	_	yes	_	_	_	_	_	_
1141-4	PSB042	1141	4	#mouton?	mouton	_	_	_	_	_	linguistic	_	yes	Intonation=Rising|Language=NO_ISO_CODE|Variation=Token	End=2453.427	_	_	_	_
1142-0	PSB005	1142	0	no[:]?	no	_	_	_	_	_	linguistic	_	none	Intonation=Rising	Begin=2453.987|End=2454.327	1x1	_	_	_
1143-0	PSB042	1143	0	[a]:spetta.	aspetta	_	_	_	_	_	linguistic	_	none	Intonation=Falling	Begin=2454.262	0x1	_	_	0-1(310)
1143-1	PSB042	1143	1	((ride))	((ride))	_	_	_	_	_	nonverbalbehavior	_	none	_	End=2456.442	_	_	_	_
1144-0	PSB005	1144	0	no:?	no	_	_	_	_	_	linguistic	_	none	Intonation=Rising	Begin=2457.112	1x1	_	_	_
1144-1	PSB005	1144	1	non	non	_	_	_	_	_	linguistic	_	none	_	_	_	_	_	_
1144-2	PSB005	1144	2	lo	lo	_	_	_	_	_	linguistic	_	none	_	_	_	_	_	_
1144-3	PSB005	1144	3	so.	so	_	_	_	_	_	linguistic	_	none	Intonation=Falling	End=2457.782	_	_	_	_
1145-0	PSB042	1145	0	eh,	eh	_	_	_	_	_	linguistic	_	none	Intonation=WeaklyRising	Begin=2459.647|End=2460.187	_	_	_	_
1146-0	PSB005	1146	0	°mh°	mh	_	_	_	_	_	linguistic	_	none	Volume=low	Begin=2462.607	_	_	_	_
1146-1	PSB005	1146	1	pr[ova	prova	_	_	_	_	_	linguistic	_	none	_	_	_	_	_	2-5(311)
1146-2	PSB005	1146	2	a	a	_	_	_	_	_	linguistic	_	none	_	_	_	_	_	0-1(311)
1146-3	PSB005	1146	3	spiegarmi.	spiegarmi	_	_	_	_	_	linguistic	_	none	Intonation=Falling	_	_	_	_	0-9(311)
1146-4	PSB005	1146	4	pr~]	pr~	_	_	_	_	_	linguistic	_	none	Interrupted=Yes	End=2464.237	_	_	_	0-3(311)
1147-0	PSB042	1147	0	[dimenticato]	dimenticato	_	_	_	_	_	linguistic	_	none	_	Begin=2462.787	_	_	_	0-11(311)
1147-1	PSB042	1147	1	sì	sì	_	_	_	_	_	linguistic	_	none	_	_	_	_	_	_
1147-2	PSB042	1147	2	sì	sì	_	_	_	_	_	linguistic	_	none	_	_	_	_	_	_
1147-3	PSB042	1147	3	sì	sì	_	_	_	_	_	linguistic	_	none	_	_	_	_	_	_
1147-4	PSB042	1147	4	aspetta.	aspetta	_	_	_	_	_	linguistic	_	none	Intonation=Falling	_	_	_	_	_
1147-5	PSB042	1147	5	ara:bo,	arabo	_	_	_	_	_	linguistic	_	none	Intonation=WeaklyRising	_	2x1	_	_	_
1147-6	PSB042	1147	6	italia°no.°	italiano	_	_	_	_	_	linguistic	_	none	Intonation=Falling|Volume=low	End=2466.557	_	_	_	_
1148-0	PSB005	1148	0	sì.	sì	_	_	_	_	_	linguistic	_	none	Intonation=Falling	Begin=2466.787|End=2467.137	_	_	_	_
1149-0	PSB042	1149	0	#kharoof.	kharoof	_	_	_	_	_	linguistic	_	all	Intonation=Falling|Language=NO_ISO_CODE|Variation=Token	Begin=2474.977|End=2475.347	_	_	_	_
1150-0	PSB042	1150	0	peco:ra.	pecora	_	_	_	_	_	linguistic	_	none	Intonation=Falling	Begin=2477.247|End=2477.787	3x1	_	_	_
1151-0	PSB005	1151	0	ah	ah	_	_	_	_	_	linguistic	_	none	_	Begin=2478.067	_	_	_	_
1151-1	PSB005	1151	1	sì.	sì	_	_	_	_	_	linguistic	_	none	Intonation=Falling	_	_	_	_	_
1151-2	PSB005	1151	2	[ah]	ah	_	_	_	_	_	linguistic	_	none	_	_	_	_	_	0-2(312)
1151-3	PSB005	1151	3	ma	ma	_	_	_	_	_	linguistic	_	none	_	_	_	_	_	_
1151-4	PSB005	1151	4	lo	lo	_	_	_	_	_	linguistic	_	none	_	_	_	_	_	_
1151-5	PSB005	1151	5	sapevo	sapevo	_	_	_	_	_	linguistic	_	none	_	_	_	_	_	_
1151-6	PSB005	1151	6	allora.	allora	_	_	_	_	_	linguistic	_	none	Intonation=Falling	_	_	_	_	_
1151-7	PSB005	1151	7	sì	sì	_	_	_	_	_	linguistic	_	none	_	_	_	_	_	_
1151-8	PSB005	1151	8	che	che	_	_	_	_	_	linguistic	_	none	_	_	_	_	_	_
1151-9	PSB005	1151	9	scema	scema	_	_	_	_	_	linguistic	_	none	_	_	_	_	_	_
1151-10	PSB005	1151	10	[sì].	sì	_	_	_	_	_	linguistic	_	none	Intonation=Falling	End=2481.737	_	_	_	0-2(313)
1152-0	PSB042	1152	0	[be:].	be	_	_	_	_	_	linguistic	_	none	Intonation=Falling	Begin=2478.687	1x1	_	_	0-2(312)
1152-1	PSB042	1152	1	((ride))	((ride))	_	_	_	_	_	nonverbalbehavior	_	none	_	End=2479.957	_	_	_	_
1153-0	PSB042	1153	0	[cosi],	cosi	_	_	_	_	_	linguistic	_	none	Intonation=WeaklyRising	Begin=2481.317	_	_	_	0-4(313)
1153-1	PSB042	1153	1	anche	anche	_	_	_	_	_	linguistic	_	none	_	_	_	_	_	_
1153-2	PSB042	1153	2	se	se	_	_	_	_	_	linguistic	_	none	_	_	_	_	_	_
1153-3	PSB042	1153	3	tardi,	tardi	_	_	_	_	_	linguistic	_	none	Intonation=WeaklyRising	_	_	_	_	_
1153-4	PSB042	1153	4	normalmente	normalmente	_	_	_	_	_	linguistic	_	none	_	_	_	_	_	_
1153-5	PSB042	1153	5	dopo	dopo	_	_	_	_	_	linguistic	_	none	_	_	_	_	_	_
1153-6	PSB042	1153	6	con	con	_	_	_	_	_	linguistic	_	none	_	_	_	_	_	_
1153-7	PSB042	1153	7	nascita	nascita	_	_	_	_	_	linguistic	_	none	_	_	_	_	_	_
1153-8	PSB042	1153	8	la	la	_	_	_	_	_	linguistic	_	none	_	_	_	_	_	_
1153-9	PSB042	1153	9	bambina,	bambina	_	_	_	_	_	linguistic	_	none	Intonation=WeaklyRising	_	_	_	_	_
1153-10	PSB042	1153	10	o	o	_	_	_	_	_	linguistic	_	none	_	_	_	_	_	_
1153-11	PSB042	1153	11	la	la	_	_	_	_	_	linguistic	_	none	_	_	_	_	_	_
1153-12	PSB042	1153	12	bambino,	bambino	_	_	_	_	_	linguistic	_	none	Intonation=WeaklyRising	_	_	_	_	_
1153-13	PSB042	1153	13	u:na	una	_	_	_	_	_	linguistic	_	none	_	_	0x1	_	_	_
1153-14	PSB042	1153	14	settimana,	settimana	_	_	_	_	_	linguistic	_	none	Intonation=WeaklyRising	End=2487.817	_	_	_	_
1154-0	PSB042	1154	0	compra	compra	_	_	_	_	_	linguistic	_	none	_	Begin=2488.237	_	_	_	_
1154-1	PSB042	1154	1	la	la	_	_	_	_	_	linguistic	_	none	_	_	_	_	_	_
1154-2	PSB042	1154	2	pecora,	pecora	_	_	_	_	_	linguistic	_	none	Intonation=WeaklyRising|PauseAfter=Yes	_	_	_	_	_
1154-3	PSB042	1154	3	(.)	(.)	_	_	_	_	_	shortpause	_	none	_	_	_	_	_	_
1154-4	PSB042	1154	4	e:.	e	_	_	_	_	_	linguistic	_	none	Intonation=Falling	End=2490.517	0x1	_	_	_
1155-0	PSB005	1155	0	mhmh?	mhmh	_	_	_	_	_	linguistic	_	none	Intonation=Rising	Begin=2490.867|End=2491.357	_	_	_	_
1156-0	PSB042	1156	0	dice:.	dice	_	_	_	_	_	linguistic	_	none	Intonation=Falling	Begin=2491.467	3x1	_	_	_
1156-1	PSB042	1156	1	alla	alla	_	_	_	_	_	linguistic	_	none	_	_	_	_	_	_
1156-2	PSB042	1156	2	nome	nome	_	_	_	_	_	linguistic	_	none	_	_	_	_	_	_
1156-3	PSB042	1156	3	da	da	_	_	_	_	_	linguistic	_	none	_	_	_	_	_	_
1156-4	PSB042	1156	4	dio	dio	_	_	_	_	_	linguistic	_	none	_	_	_	_	_	_
1156-5	PSB042	1156	5	questa	questa	_	_	_	_	_	linguistic	_	none	_	_	_	_	_	_
1156-6	PSB042	1156	6	bambina	bambina	_	_	_	_	_	linguistic	_	none	_	_	_	_	_	_
1156-7	PSB042	1156	7	o	o	_	_	_	_	_	linguistic	_	none	_	_	_	_	_	_
1156-8	PSB042	1156	8	bambino,	bambino	_	_	_	_	_	linguistic	_	none	Intonation=WeaklyRising	_	_	_	_	_
1156-9	PSB042	1156	9	si	si	_	_	_	_	_	linguistic	_	none	_	_	_	_	_	_
1156-10	PSB042	1156	10	chiama,	chiama	_	_	_	_	_	linguistic	_	none	Intonation=WeaklyRising	_	_	_	_	_
1156-11	PSB042	1156	11	così.	così	_	_	_	_	_	linguistic	_	none	Intonation=Falling	End=2496.887	_	_	_	_
1157-0	PSB042	1157	0	[capi~]	capi~	_	_	_	_	_	linguistic	_	none	Interrupted=Yes	Begin=2497.487|End=2497.827	_	_	_	0-5(314)
1158-0	PSB005	1158	0	[una]	una	_	_	_	_	_	linguistic	_	none	_	Begin=2497.542	_	_	_	0-3(314)
1158-1	PSB005	1158	1	specie	specie	_	_	_	_	_	linguistic	_	none	PauseAfter=Yes	_	_	_	_	_
1158-2	PSB005	1158	2	(.)	(.)	_	_	_	_	_	shortpause	_	none	_	_	_	_	_	_
1158-3	PSB005	1158	3	com[e	come	_	_	_	_	_	linguistic	_	none	_	_	_	_	_	3-4(315)
1158-4	PSB005	1158	4	da	da	_	_	_	_	_	linguistic	_	none	_	_	_	_	_	0-2(315)
1158-5	PSB005	1158	5	noi]	noi	_	_	_	_	_	linguistic	_	none	_	_	_	_	_	0-3(315)
1158-6	PSB005	1158	6	il	il	_	_	_	_	_	linguistic	_	none	_	_	_	_	_	_
1158-7	PSB005	1158	7	battesimo.	battesimo	_	_	_	_	_	linguistic	_	none	Intonation=Falling	_	_	_	_	_
1158-8	PSB005	1158	8	sì.	sì	_	_	_	_	_	linguistic	_	none	Intonation=Falling	End=2500.072	_	_	_	_
1159-0	PSB042	1159	0	[ma	ma	_	_	_	_	_	linguistic	_	none	_	Begin=2498.697	_	_	_	0-2(315)
1159-1	PSB042	1159	1	è~]	è~	_	_	_	_	_	linguistic	_	none	Interrupted=Yes	End=2499.157	_	_	_	0-2(315)
1160-0	PSB042	1160	0	ah[:.	ah	_	_	_	_	_	linguistic	_	none	Intonation=Falling	Begin=2500.117	1x1	_	_	_
1160-1	PSB042	1160	1	m]a:	ma	_	_	_	_	_	linguistic	_	none	_	_	1x1	_	_	0-1(316)
1160-2	PSB042	1160	2	per	per	_	_	_	_	_	linguistic	_	none	_	_	_	_	_	_
1160-3	PSB042	1160	3	mio	mio	_	_	_	_	_	linguistic	_	none	_	_	_	_	_	_
1160-4	PSB042	1160	4	figlio	figlio	_	_	_	_	_	linguistic	_	none	_	_	_	_	_	_
1160-5	PSB042	1160	5	anda:.-	anda:.-	_	_	_	_	_	error	_	none	_	_	_	_	_	_
1160-6	PSB042	1160	6	col	col	_	_	_	_	_	linguistic	_	none	_	_	_	_	_	_
1160-7	PSB042	1160	7	papà	papà	_	_	_	_	_	linguistic	_	none	_	_	_	_	_	_
1160-8	PSB042	1160	8	de	de	_	_	_	_	_	linguistic	_	none	_	_	_	_	_	_
1160-9	PSB042	1160	9	la	la	_	_	_	_	_	linguistic	_	none	_	_	_	_	_	_
1160-10	PSB042	1160	10	per	per	_	_	_	_	_	linguistic	_	none	_	_	_	_	_	_
1160-11	PSB042	1160	11	mia	mia	_	_	_	_	_	linguistic	_	none	_	_	_	_	_	_
1160-12	PSB042	1160	12	permesso,	permesso	_	_	_	_	_	linguistic	_	none	Intonation=WeaklyRising	End=2505.147	_	_	_	_
1161-0	PSB005	1161	0	[sì	sì	_	_	_	_	_	linguistic	_	none	_	Begin=2500.367	_	_	_	0-2(316)
1161-1	PSB005	1161	1	sì]	sì	_	_	_	_	_	linguistic	_	none	_	End=2500.807	_	_	_	0-2(316)
1162-0	PSB042	1162	0	#quand	quand	_	_	_	_	_	linguistic	_	yes	Language=NO_ISO_CODE|Variation=Token	Begin=2506.267	_	_	_	_
1162-1	PSB042	1162	1	prende	prende	_	_	_	_	_	linguistic	_	yes	_	_	_	_	_	_
1162-2	PSB042	1162	2	la	la	_	_	_	_	_	linguistic	_	yes	_	_	_	_	_	_
1162-3	PSB042	1162	3	permesso,	permesso	_	_	_	_	_	linguistic	_	yes	Intonation=WeaklyRising	_	_	_	_	_
1162-4	PSB042	1162	4	dopo:	dopo	_	_	_	_	_	linguistic	_	yes	_	_	3x1	_	_	_
1162-5	PSB042	1162	5	#quand	quand	_	_	_	_	_	linguistic	_	yes	Language=NO_ISO_CODE|Variation=Token	_	_	_	_	_
1162-6	PSB042	1162	6	fare	fare	_	_	_	_	_	linguistic	_	yes	_	_	_	_	_	_
1162-7	PSB042	1162	7	mio	mio	_	_	_	_	_	linguistic	_	yes	_	_	_	_	_	_
1162-8	PSB042	1162	8	bambino	bambino	_	_	_	_	_	linguistic	_	yes	_	_	_	_	_	_
1162-9	PSB042	1162	9	un	un	_	_	_	_	_	linguistic	_	yes	_	_	_	_	_	_
1162-10	PSB042	1162	10	anno.	anno	_	_	_	_	_	linguistic	_	yes	Intonation=Falling	End=2510.597	_	_	_	_
1163-0	PSB042	1163	0	eh	eh	_	_	_	_	_	linguistic	_	none	_	Begin=2511.627	_	_	_	_
1163-1	PSB042	1163	1	andare,	andare	_	_	_	_	_	linguistic	_	none	Intonation=WeaklyRising	_	_	_	_	_
1163-2	PSB042	1163	2	fare	fare	_	_	_	_	_	linguistic	_	none	_	_	_	_	_	_
1163-3	PSB042	1163	3	una	una	_	_	_	_	_	linguistic	_	none	_	_	_	_	_	_
1163-4	PSB042	1163	4	festa.	festa	_	_	_	_	_	linguistic	_	none	Intonation=Falling|PauseAfter=Yes	_	_	_	_	_
1163-5	PSB042	1163	5	[(.)	(.)	_	_	_	_	_	shortpause	_	none	_	_	_	_	_	X(317)
1163-6	PSB042	1163	6	compra]	compra	_	_	_	_	_	linguistic	_	none	_	_	_	_	_	0-6(317)
1163-7	PSB042	1163	7	mio:	mio	_	_	_	_	_	linguistic	_	none	_	_	2x1	_	_	_
1163-8	PSB042	1163	8	padre	padre	_	_	_	_	_	linguistic	_	none	_	_	_	_	_	_
1163-9	PSB042	1163	9	pecora,	pecora	_	_	_	_	_	linguistic	_	none	Intonation=WeaklyRising	_	_	_	_	_
1163-10	PSB042	1163	10	e	e	_	_	_	_	_	linguistic	_	none	_	_	_	_	_	_
1163-11	PSB042	1163	11	fare.	fare	_	_	_	_	_	linguistic	_	none	Intonation=Falling|PauseAfter=Yes	_	_	_	_	_
1163-12	PSB042	1163	12	(.)	(.)	_	_	_	_	_	shortpause	_	none	_	_	_	_	_	_
1163-13	PSB042	1163	13	festa.	festa	_	_	_	_	_	linguistic	_	none	Intonation=Falling	End=2517.587	_	_	_	_
1164-0	PSB005	1164	0	[mhmh]	mhmh	_	_	_	_	_	linguistic	_	none	_	Begin=2513.68|End=2514.28	_	_	_	0-4(317)
1165-0	PSB005	1165	0	una	una	_	_	_	_	_	linguistic	_	none	_	Begin=2517.887	_	_	_	_
1165-1	PSB005	1165	1	cosa	cosa	_	_	_	_	_	linguistic	_	none	_	_	_	_	_	_
1165-2	PSB005	1165	2	tradizio[nale].	tradizionale	_	_	_	_	_	linguistic	_	none	Intonation=Falling	End=2519.037	_	_	_	8-12(318)
1166-0	PSB042	1166	0	[s:ì:]	sì	_	_	_	_	_	linguistic	_	none	_	Begin=2518.717	0x1,1x1	_	_	0-2(319)
1166-1	PSB042	1166	1	vestiti:.	vestiti	_	_	_	_	_	linguistic	_	none	Intonation=Falling	_	6x1	_	_	_
1166-2	PSB042	1166	2	°come	come	_	_	_	_	_	linguistic	_	none	Volume=low	_	_	_	_	_
1166-3	PSB042	1166	3	cos~	cos~	_	_	_	_	_	linguistic	_	none	Interrupted=Yes|Volume=low	_	_	_	_	_
1166-4	PSB042	1166	4	delle°	delle	_	_	_	_	_	linguistic	_	none	PauseAfter=Yes|Volume=low	_	_	_	_	_
1166-5	PSB042	1166	5	(.)	(.)	_	_	_	_	_	shortpause	_	none	_	_	_	_	_	_
1166-6	PSB042	1166	6	vestiti	vestiti	_	_	_	_	_	linguistic	_	none	_	_	_	_	_	_
1166-7	PSB042	1166	7	marocchini.	marocchini	_	_	_	_	_	linguistic	_	none	Intonation=Falling	End=2523.367	_	_	_	_
1167-0	PSB005	1167	0	[°sì	sì	_	_	_	_	_	linguistic	_	none	Volume=low	Begin=2519.577	_	_	_	0-2(319)
1167-1	PSB005	1167	1	sì.°]	sì	_	_	_	_	_	linguistic	_	none	Intonation=Falling|Volume=low	End=2519.967	_	_	_	0-2(319)
1168-0	PSB005	1168	0	mhmh,	mhmh	_	_	_	_	_	linguistic	_	none	Intonation=WeaklyRising	Begin=2523.917|End=2524.187	_	_	_	_
1169-0	PSB042	1169	0	ma	ma	_	_	_	_	_	linguistic	_	none	_	Begin=2524.457	_	_	_	_
1169-1	PSB042	1169	1	è	è	_	_	_	_	_	linguistic	_	none	_	_	_	_	_	_
1169-2	PSB042	1169	2	bella.	bella	_	_	_	_	_	linguistic	_	none	Intonation=Falling	End=2525.187	_	_	_	_
1170-0	PSB005	1170	0	sì.	sì	_	_	_	_	_	linguistic	_	none	Intonation=Falling	Begin=2525.392|End=2525.672	_	_	_	_
1171-0	PSB042	1171	0	così	così	_	_	_	_	_	linguistic	_	yes	_	Begin=2525.872	_	_	_	_
1171-1	PSB042	1171	1	rest(a):.	resta	_	_	_	_	_	linguistic	_	yes	Intonation=Falling	_	4x1	_	4-5(0)	_
1171-2	PSB042	1171	2	#souvenir	souvenir	_	_	_	_	_	linguistic	_	yes	Language=NO_ISO_CODE|Variation=Token	End=2527.632	_	_	_	_
1172-0	PSB005	1172	0	sì	sì	_	_	_	_	_	linguistic	_	none	PauseAfter=Yes	Begin=2527.947	_	_	_	_
1172-1	PSB005	1172	1	(.)	(.)	_	_	_	_	_	shortpause	_	none	_	_	_	_	_	_
1172-2	PSB005	1172	2	certo.	certo	_	_	_	_	_	linguistic	_	none	Intonation=Falling	_	_	_	_	_
1172-3	PSB005	1172	3	certo.	certo	_	_	_	_	_	linguistic	_	none	Intonation=Falling	_	_	_	_	_
1172-4	PSB005	1172	4	°sì°	sì	_	_	_	_	_	linguistic	_	none	Volume=low	_	_	_	_	_
1172-5	PSB005	1172	5	sì.	sì	_	_	_	_	_	linguistic	_	none	Intonation=Falling	End=2530.062	_	_	_	_
1173-0	PSB005	1173	0	e~	e~	_	_	_	_	_	linguistic	_	none	Interrupted=Yes	Begin=2531.109|End=2531.359	_	_	_	_
1174-0	PSB042	1174	0	cerco	cerco	_	_	_	_	_	linguistic	_	yes	_	Begin=2533.947	_	_	_	_
1174-1	PSB042	1174	1	#des	des	_	_	_	_	_	linguistic	_	yes	Language=NO_ISO_CODE|Variation=Token	_	_	_	_	_
1174-2	PSB042	1174	2	#*foto,	foto	_	_	_	_	_	linguistic	_	yes	Intonation=WeaklyRising|Language=NO_ISO_CODE|Variation=Doubtful	_	_	_	_	_
1174-3	PSB042	1174	3	per	per	_	_	_	_	_	linguistic	_	yes	_	_	_	_	_	_
1174-4	PSB042	1174	4	vedere,	vedere	_	_	_	_	_	linguistic	_	yes	Intonation=WeaklyRising	End=2536.017	_	_	_	_
1175-0	PSB005	1175	0	sì.	sì	_	_	_	_	_	linguistic	_	none	Intonation=Falling	Begin=2536.137|End=2536.277	_	_	_	_
1176-0	PSB042	1176	0	sempre	sempre	_	_	_	_	_	linguistic	_	none	_	Begin=2537.957	_	_	_	_
1176-1	PSB042	1176	1	$tradisionele	tradisionele	_	_	_	_	_	linguistic	_	none	Orthography=Yes|Variation=Emerging	End=2539.537	_	_	_	_
1177-0	PSB042	1177	0	così	così	_	_	_	_	_	linguistic	_	none	_	Begin=2541.287	_	_	_	_
1177-1	PSB042	1177	1	festa	festa	_	_	_	_	_	linguistic	_	none	_	_	_	_	_	_
1177-2	PSB042	1177	2	se	se	_	_	_	_	_	linguistic	_	none	_	_	_	_	_	_
1177-3	PSB042	1177	3	non	non	_	_	_	_	_	linguistic	_	none	_	_	_	_	_	_
1177-4	PSB042	1177	4	è	è	_	_	_	_	_	linguistic	_	none	_	_	_	_	_	_
1177-5	PSB042	1177	5	fare:.	fare	_	_	_	_	_	linguistic	_	none	Intonation=Falling	End=2544.537	3x1	_	_	_
1178-0	PSB042	1178	0	la	la	_	_	_	_	_	linguistic	_	none	_	Begin=2544.957	_	_	_	_
1178-1	PSB042	1178	1	pecora	pecora	_	_	_	_	_	linguistic	_	none	_	_	_	_	_	_
1178-2	PSB042	1178	2	queste	queste	_	_	_	_	_	linguistic	_	none	_	_	_	_	_	_
1178-3	PSB042	1178	3	c~	c~	_	_	_	_	_	linguistic	_	none	Interrupted=Yes	_	_	_	_	_
1178-4	PSB042	1178	4	per	per	_	_	_	_	_	linguistic	_	none	_	_	_	_	_	_
1178-5	PSB042	1178	5	noi	noi	_	_	_	_	_	linguistic	_	none	_	_	_	_	_	_
1178-6	PSB042	1178	6	come:.	come	_	_	_	_	_	linguistic	_	none	Intonation=Falling	_	3x1	_	_	_
1178-7	PSB042	1178	7	questo	questo	_	_	_	_	_	linguistic	_	none	_	_	_	_	_	_
1178-8	PSB042	1178	8	bambino:.	bambino	_	_	_	_	_	linguistic	_	none	Intonation=Falling	_	6x1	_	_	_
1178-9	PSB042	1178	9	non	non	_	_	_	_	_	linguistic	_	none	_	_	_	_	_	_
1178-10	PSB042	1178	10	è:.	è	_	_	_	_	_	linguistic	_	none	Intonation=Falling	_	0x1	_	_	_
1178-11	PSB042	1178	11	no	no	_	_	_	_	_	linguistic	_	none	_	_	_	_	_	_
1178-12	PSB042	1178	12	ce	ce	_	_	_	_	_	linguistic	_	none	_	_	_	_	_	_
1178-13	PSB042	1178	13	l'	l'	_	_	_	_	_	linguistic	_	none	SpaceAfter=No	_	_	_	_	_
1178-14	PSB042	1178	14	ho	ho	_	_	_	_	_	linguistic	_	none	_	_	_	_	_	_
1178-15	PSB042	1178	15	nome:.	nome	_	_	_	_	_	linguistic	_	none	Intonation=Falling	_	3x1	_	_	_
1178-16	PSB042	1178	16	°no	no	_	_	_	_	_	linguistic	_	none	Volume=low	_	_	_	_	_
1178-17	PSB042	1178	17	ce	ce	_	_	_	_	_	linguistic	_	none	Volume=low	_	_	_	_	_
1178-18	PSB042	1178	18	l'	l'	_	_	_	_	_	linguistic	_	none	SpaceAfter=No|Volume=low	_	_	_	_	_
1178-19	PSB042	1178	19	ho°	ho	_	_	_	_	_	linguistic	_	none	Volume=low	End=2552.667	_	_	_	_
1179-0	PSB042	1179	0	serve	serve	_	_	_	_	_	linguistic	_	none	_	Begin=2552.977	_	_	_	_
1179-1	PSB042	1179	1	questa	questa	_	_	_	_	_	linguistic	_	none	_	_	_	_	_	_
1179-2	PSB042	1179	2	fes°ta°	festa	_	_	_	_	_	linguistic	_	none	Volume=low	End=2554.237	_	_	_	_
1180-0	PSB005	1180	0	mhmh.	mhmh	_	_	_	_	_	linguistic	_	none	Intonation=Falling	Begin=2554.477|End=2554.827	_	_	_	_
1181-0	PSB042	1181	0	ma	ma	_	_	_	_	_	linguistic	_	none	_	Begin=2555.007	_	_	_	_
1181-1	PSB042	1181	1	penso	penso	_	_	_	_	_	linguistic	_	none	_	_	_	_	_	_
1181-2	PSB042	1181	2	anche	anche	_	_	_	_	_	linguistic	_	none	_	_	_	_	_	_
1181-3	PSB042	1181	3	qua	qua	_	_	_	_	_	linguistic	_	none	_	_	_	_	_	_
1181-4	PSB042	1181	4	c'	c'	_	_	_	_	_	linguistic	_	none	SpaceAfter=No	_	_	_	_	_
1181-5	PSB042	1181	5	è.	è	_	_	_	_	_	linguistic	_	none	Intonation=Falling	End=2556.237	_	_	_	_
1182-0	PSB005	1182	0	c'	c'	_	_	_	_	_	linguistic	_	none	SpaceAfter=No	Begin=2556.487	_	_	_	_
1182-1	PSB005	1182	1	è	è	_	_	_	_	_	linguistic	_	none	_	_	_	_	_	_
1182-2	PSB005	1182	2	il	il	_	_	_	_	_	linguistic	_	none	_	_	_	_	_	_
1182-3	PSB005	1182	3	battesimo	battesimo	_	_	_	_	_	linguistic	_	none	_	_	_	_	_	_
1182-4	PSB005	1182	4	in	in	_	_	_	_	_	linguistic	_	none	_	_	_	_	_	_
1182-5	PSB005	1182	5	chiesa.	chiesa	_	_	_	_	_	linguistic	_	none	Intonation=Falling	End=2557.717	_	_	_	_
1183-0	PSB042	1183	0	serve	serve	_	_	_	_	_	linguistic	_	none	_	Begin=2557.997	_	_	_	_
1183-1	PSB042	1183	1	fare.	fare	_	_	_	_	_	linguistic	_	none	Intonation=Falling	End=2558.777	_	_	_	_
1184-0	PSB005	1184	0	solo:.	solo	_	_	_	_	_	linguistic	_	none	Intonation=Falling|PauseAfter=Yes	Begin=2558.917	3x1	_	_	_
1184-1	PSB005	1184	1	(.)	(.)	_	_	_	_	_	shortpause	_	none	_	_	_	_	_	_
1184-2	PSB005	1184	2	se	se	_	_	_	_	_	linguistic	_	none	_	_	_	_	_	_
1184-3	PSB005	1184	3	sei:	sei	_	_	_	_	_	linguistic	_	none	_	_	2x1	_	_	_
1184-4	PSB005	1184	4	cristiano?	cristiano	_	_	_	_	_	linguistic	_	none	Intonation=Rising	End=2561.507	_	_	_	_
1185-0	PSB042	1185	0	ah	ah	_	_	_	_	_	linguistic	_	none	_	Begin=2561.747	_	_	_	_
1185-1	PSB042	1185	1	sì.	sì	_	_	_	_	_	linguistic	_	none	Intonation=Falling	End=2562.667	_	_	_	_
1186-0	PSB005	1186	0	fai:	fai	_	_	_	_	_	linguistic	_	none	_	Begin=2562.727	2x1	_	_	_
1186-1	PSB005	1186	1	una:,.	una:,.	_	_	_	_	_	error	_	none	_	_	_	_	_	_
1186-2	PSB005	1186	2	cerimonia	cerimonia	_	_	_	_	_	linguistic	_	none	_	_	_	_	_	_
1186-3	PSB005	1186	3	in	in	_	_	_	_	_	linguistic	_	none	_	_	_	_	_	_
1186-4	PSB005	1186	4	chiesa.	chiesa	_	_	_	_	_	linguistic	_	none	Intonation=Falling	End=2565.257	_	_	_	_
1187-0	PSB042	1187	0	a:h.	ah	_	_	_	_	_	linguistic	_	none	Intonation=Falling	Begin=2565.727|End=2566.157	0x1	_	_	_
1188-0	PSB005	1188	0	sì.	sì	_	_	_	_	_	linguistic	_	none	Intonation=Falling	Begin=2566.167|End=2566.507	_	_	_	_
1189-0	PSB042	1189	0	no	no	_	_	_	_	_	linguistic	_	yes	_	Begin=2567.457	_	_	_	_
1189-1	PSB042	1189	1	per	per	_	_	_	_	_	linguistic	_	yes	_	_	_	_	_	_
1189-2	PSB042	1189	2	noi,	noi	_	_	_	_	_	linguistic	_	yes	Intonation=WeaklyRising	_	_	_	_	_
1189-3	PSB042	1189	3	no	no	_	_	_	_	_	linguistic	_	yes	_	_	_	_	_	_
1189-4	PSB042	1189	4	serve	serve	_	_	_	_	_	linguistic	_	yes	_	_	_	_	_	_
1189-5	PSB042	1189	5	#ni	ni	_	_	_	_	_	linguistic	_	yes	Language=NO_ISO_CODE|Variation=Token	_	_	_	_	_
1189-6	PSB042	1189	6	mosche	mosche	_	_	_	_	_	linguistic	_	yes	_	_	_	_	_	_
1189-7	PSB042	1189	7	#ni	ni	_	_	_	_	_	linguistic	_	yes	Language=NO_ISO_CODE|Variation=Token	_	_	_	_	_
1189-8	PSB042	1189	8	niente.	niente	_	_	_	_	_	linguistic	_	yes	Intonation=Falling	_	_	_	_	_
1189-9	PSB042	1189	9	solo	solo	_	_	_	_	_	linguistic	_	yes	_	_	_	_	_	_
1189-10	PSB042	1189	10	a	a	_	_	_	_	_	linguistic	_	yes	_	_	_	_	_	_
1189-11	PSB042	1189	11	casa	casa	_	_	_	_	_	linguistic	_	yes	_	End=2572.057	_	_	_	_
1190-0	PSB005	1190	0	[mh]	mh	_	_	_	_	_	linguistic	_	none	_	Begin=2570.397|End=2570.747	_	_	_	0-2(320)
1191-0	PSB005	1191	0	se:	se	_	_	_	_	_	linguistic	_	none	_	Begin=2572.147	1x1	_	_	_
1191-1	PSB005	1191	1	invece,	invece	_	_	_	_	_	linguistic	_	none	Intonation=WeaklyRising	_	_	_	_	_
1191-2	PSB005	1191	2	non	non	_	_	_	_	_	linguistic	_	none	_	_	_	_	_	_
1191-3	PSB005	1191	3	e:h	eh	_	_	_	_	_	linguistic	_	none	_	_	0x1	_	_	_
1191-4	PSB005	1191	4	sei:.	sei	_	_	_	_	_	linguistic	_	none	Intonation=Falling	End=2574.227	2x1	_	_	_
1192-0	PSB042	1192	0	a:h	ah	_	_	_	_	_	linguistic	_	none	_	Begin=2574.927	0x1	_	_	_
1192-1	PSB042	1192	1	((ride))	((ride))	_	_	_	_	_	nonverbalbehavior	_	none	_	End=2577.007	_	_	_	_
1193-0	PSB005	1193	0	ciao	ciao	_	_	_	_	_	linguistic	_	none	_	Begin=2575.587|End=2576.077	_	_	_	_
1194-0	PSB005	1194	0	ciao	ciao	_	_	_	_	_	linguistic	_	none	_	Begin=2577.117|End=2577.587	_	_	_	_
1195-0	PSB042	1195	0	E[:h]	eh	_	_	_	_	_	linguistic	_	none	Volume=high	Begin=2577.787	0x1	_	_	1-2(322)
1195-1	PSB042	1195	1	ta::ti	tati	_	_	_	_	_	linguistic	_	none	_	End=2580.267	1x2	_	_	_
1196-0	PSB005	1196	0	[CIAO]	ciao	_	_	_	_	_	linguistic	_	none	Volume=high	Begin=2578.007|End=2578.647	_	_	_	0-4(322)
1197-0	PSB042	1197	0	mh.	mh	_	_	_	_	_	linguistic	_	none	Intonation=Falling|PauseAfter=Yes	Begin=2581.747	_	_	_	_
1197-1	PSB042	1197	1	(.)	(.)	_	_	_	_	_	shortpause	_	none	_	_	_	_	_	_
1197-2	PSB042	1197	2	[sempre	sempre	_	_	_	_	_	linguistic	_	none	_	_	_	_	_	0-6(323)
1197-3	PSB042	1197	3	$tradisio]nele	tradisionele	_	_	_	_	_	linguistic	_	none	Orthography=Yes|Variation=Emerging	End=2584.187	_	_	_	0-9(323)
1198-0	PSB005	1198	0	[vediamo.	vediamo	_	_	_	_	_	linguistic	_	none	Intonation=Falling	Begin=2582.117	_	_	_	0-7(323)
1198-1	PSB005	1198	1	mh.	mh	_	_	_	_	_	linguistic	_	none	Intonation=Falling	_	_	_	_	0-2(323)
1198-2	PSB005	1198	2	bello].	bello	_	_	_	_	_	linguistic	_	none	Intonation=Falling	End=2583.787	_	_	_	0-5(323)
1199-0	PSB005	1199	0	ma	ma	_	_	_	_	_	linguistic	_	none	_	Begin=2586.402	_	_	_	_
1199-1	PSB005	1199	1	è	è	_	_	_	_	_	linguistic	_	none	_	_	_	_	_	_
1199-2	PSB005	1199	2	bellissimo.	bellissimo	_	_	_	_	_	linguistic	_	none	Intonation=Falling	End=2587.482	_	_	_	_
1200-0	PSB042	1200	0	ma	ma	_	_	_	_	_	linguistic	_	none	_	Begin=2587.947	_	_	_	_
1200-1	PSB042	1200	1	penso:.	penso	_	_	_	_	_	linguistic	_	none	Intonation=Falling	_	4x1	_	_	_
1200-2	PSB042	1200	2	visto	visto	_	_	_	_	_	linguistic	_	none	_	_	_	_	_	_
1200-3	PSB042	1200	3	tu.	tu	_	_	_	_	_	linguistic	_	none	Intonation=Falling	_	_	_	_	_
1200-4	PSB042	1200	4	a	a	_	_	_	_	_	linguistic	_	none	_	_	_	_	_	_
1200-5	PSB042	1200	5	fez.	fez	_	_	_	_	_	linguistic	_	none	Intonation=Falling	_	_	_	_	_
1200-6	PSB042	1200	6	questo.	questo	_	_	_	_	_	linguistic	_	none	Intonation=Falling	End=2591.027	_	_	_	_
1201-0	PSB005	1201	0	sì	sì	_	_	_	_	_	linguistic	_	none	_	Begin=2591.177	_	_	_	_
1201-1	PSB005	1201	1	sì.	sì	_	_	_	_	_	linguistic	_	none	Intonation=Falling	End=2591.687	_	_	_	_
1202-0	PSB042	1202	0	[u:h	uh	_	_	_	_	_	linguistic	_	none	_	Begin=2592.287	0x1	_	_	0-2(324)
1202-1	PSB042	1202	1	no].	no	_	_	_	_	_	linguistic	_	none	Intonation=Falling	End=2593.457	_	_	_	0-2(324)
1203-0	PSB005	1203	0	[sì	sì	_	_	_	_	_	linguistic	_	none	_	Begin=2592.632	_	_	_	0-2(324)
1203-1	PSB005	1203	1	ma	ma	_	_	_	_	_	linguistic	_	none	_	_	_	_	_	0-2(324)
1203-2	PSB005	1203	2	questo]	questo	_	_	_	_	_	linguistic	_	none	_	_	_	_	_	0-6(324)
1203-3	PSB005	1203	3	è	è	_	_	_	_	_	linguistic	_	none	_	_	_	_	_	_
1203-4	PSB005	1203	4	mol~	mol~	_	_	_	_	_	linguistic	_	none	Interrupted=Yes	_	_	_	_	_
1203-5	PSB005	1203	5	ah	ah	_	_	_	_	_	linguistic	_	none	_	_	_	_	_	_
1203-6	PSB005	1203	6	cos'	cos'	_	_	_	_	_	linguistic	_	none	SpaceAfter=No	_	_	_	_	_
1203-7	PSB005	1203	7	è	è	_	_	_	_	_	linguistic	_	none	_	_	_	_	_	_
1203-8	PSB005	1203	8	successo.	successo	_	_	_	_	_	linguistic	_	none	Intonation=Falling	End=2595.352	_	_	_	_
1204-0	PSB042	1204	0	((bacio))	((bacio))	_	_	_	_	_	nonverbalbehavior	_	none	_	Begin=2595.837|End=2595.927	_	_	_	_
1205-0	PSB005	1205	0	eh	eh	_	_	_	_	_	linguistic	_	none	_	Begin=2596.207	_	_	_	_
1205-1	PSB005	1205	1	(ma	ma	_	_	_	_	_	linguistic	_	none	_	_	_	_	_	_
1205-2	PSB005	1205	2	questo	questo	_	_	_	_	_	linguistic	_	none	_	_	_	_	_	_
1205-3	PSB005	1205	3	è	è	_	_	_	_	_	linguistic	_	none	_	_	_	_	_	_
1205-4	PSB005	1205	4	bellissimo	bellissimo	_	_	_	_	_	linguistic	_	none	_	_	_	_	_	_
1205-5	PSB005	1205	5	però.	però	_	_	_	_	_	linguistic	_	none	Intonation=Falling	_	_	_	_	_
1205-6	PSB005	1205	6	così,	così	_	_	_	_	_	linguistic	_	none	Intonation=WeaklyRising	_	_	_	_	_
1205-7	PSB005	1205	7	[non	non	_	_	_	_	_	linguistic	_	none	_	_	_	_	_	0-3(325)
1205-8	PSB005	1205	8	l'	l'	_	_	_	_	_	linguistic	_	none	SpaceAfter=No	_	_	_	_	0-2(325)
1205-9	PSB005	1205	9	avevo	avevo	_	_	_	_	_	linguistic	_	none	_	_	_	_	_	0-5(325)
1205-10	PSB005	1205	10	mai	mai	_	_	_	_	_	linguistic	_	none	_	_	_	_	_	0-3(325)
1205-11	PSB005	1205	11	visto].	visto	_	_	_	_	_	linguistic	_	none	Intonation=Falling	End=2599.487	_	_	_	0-5(325)
1206-0	PSB042	1206	0	[<sì>.]	sì	_	_	_	_	_	linguistic	_	none	Intonation=Falling	Begin=2598.277|End=2599.467	_	Slow=0-2(0)	_	0-2(325)
1207-0	PSB042	1207	0	ma	ma	_	_	_	_	_	linguistic	_	none	_	Begin=2601.077	_	_	_	_
1207-1	PSB042	1207	1	per	per	_	_	_	_	_	linguistic	_	none	_	_	_	_	_	_
1207-2	PSB042	1207	2	le	le	_	_	_	_	_	linguistic	_	none	_	_	_	_	_	_
1207-3	PSB042	1207	3	vestiti	vestiti	_	_	_	_	_	linguistic	_	none	_	_	_	_	_	_
1207-4	PSB042	1207	4	da	da	_	_	_	_	_	linguistic	_	none	_	_	_	_	_	_
1207-5	PSB042	1207	5	bambino,	bambino	_	_	_	_	_	linguistic	_	none	Intonation=WeaklyRising	_	_	_	_	_
1207-6	PSB042	1207	6	bello.	bello	_	_	_	_	_	linguistic	_	none	Intonation=Falling	End=2603.367	_	_	_	_
1208-0	PSB005	1208	0	>°ciao°<	ciao	_	_	_	_	_	linguistic	_	none	Volume=low	Begin=2603.587|End=2603.877	_	Fast=0-4(0)	_	_
1209-0	PSB005	1209	0	guarda	guarda	_	_	_	_	_	linguistic	_	none	_	Begin=2605.077	_	_	_	_
1209-1	PSB005	1209	1	che	che	_	_	_	_	_	linguistic	_	none	_	_	_	_	_	_
1209-2	PSB005	1209	2	cappello.	cappello	_	_	_	_	_	linguistic	_	none	Intonation=Falling	_	_	_	_	_
1209-3	PSB005	1209	3	hai	hai	_	_	_	_	_	linguistic	_	none	_	_	_	_	_	_
1209-4	PSB005	1209	4	visto	visto	_	_	_	_	_	linguistic	_	none	_	_	_	_	_	_
1209-5	PSB005	1209	5	chi	chi	_	_	_	_	_	linguistic	_	none	_	_	_	_	_	_
1209-6	PSB005	1209	6	c'	c'	_	_	_	_	_	linguistic	_	none	SpaceAfter=No	_	_	_	_	_
1209-7	PSB005	1209	7	è	è	_	_	_	_	_	linguistic	_	none	_	_	_	_	_	_
1209-8	PSB005	1209	8	qui?	qui	_	_	_	_	_	linguistic	_	none	Intonation=Rising	End=2607.027	_	_	_	_
1210-0	PSB005	1210	0	sei	sei	_	_	_	_	_	linguistic	_	none	_	Begin=2607.497	_	_	_	_
1210-1	PSB005	1210	1	tu?	tu	_	_	_	_	_	linguistic	_	none	Intonation=Rising	_	_	_	_	_
1210-2	PSB005	1210	2	questo.	questo	_	_	_	_	_	linguistic	_	none	Intonation=Falling	End=2608.227	_	_	_	_
1211-0	PSB042	1211	0	ciao.	ciao	_	_	_	_	_	linguistic	_	none	Intonation=Falling	Begin=2610.097|End=2610.657	_	_	_	_
1212-0	PSB042	1212	0	e	e	_	_	_	_	_	linguistic	_	none	_	Begin=2611.307	_	_	_	_
1212-1	PSB042	1212	1	per	per	_	_	_	_	_	linguistic	_	none	_	_	_	_	_	_
1212-2	PSB042	1212	2	la	la	_	_	_	_	_	linguistic	_	none	_	_	_	_	_	_
1212-3	PSB042	1212	3	altro?	altro	_	_	_	_	_	linguistic	_	none	Intonation=Rising	End=2612.797	_	_	_	_
1213-0	PSB042	1213	0	m:h.	mh	_	_	_	_	_	linguistic	_	none	Intonation=Falling	Begin=2614.727|End=2615.567	0x1	_	_	_
1214-0	PSB042	1214	0	anche	anche	_	_	_	_	_	linguistic	_	yes	_	Begin=2616.287	_	_	_	_
1214-1	PSB042	1214	1	lei	lei	_	_	_	_	_	linguistic	_	yes	_	_	_	_	_	_
1214-2	PSB042	1214	2	dato:,	dato	_	_	_	_	_	linguistic	_	yes	Intonation=WeaklyRising	_	3x1	_	_	_
1214-3	PSB042	1214	3	[#une	une	_	_	_	_	_	linguistic	_	yes	Language=NO_ISO_CODE|Variation=Token	_	_	_	_	0-4(326)
1214-4	PSB042	1214	4	#soi]rée,	soirée	_	_	_	_	_	linguistic	_	yes	Intonation=WeaklyRising|Language=NO_ISO_CODE|Variation=Token	_	_	_	_	0-4(326)
1214-5	PSB042	1214	5	#des	des	_	_	_	_	_	linguistic	_	yes	Language=NO_ISO_CODE|Variation=Token	_	_	_	_	_
1214-6	PSB042	1214	6	cose	cose	_	_	_	_	_	linguistic	_	yes	_	_	_	_	_	_
1214-7	PSB042	1214	7	bambino,	bambino	_	_	_	_	_	linguistic	_	yes	Intonation=WeaklyRising	End=2620.167	_	_	_	_
1215-0	PSB005	1215	0	[°mh.	mh	_	_	_	_	_	linguistic	_	none	Intonation=Falling|Volume=low	Begin=2618.057	_	_	_	0-2(326)
1215-1	PSB005	1215	1	sì.°]	sì	_	_	_	_	_	linguistic	_	none	Intonation=Falling|Volume=low	End=2618.807	_	_	_	0-2(326)
1216-0	PSB005	1216	0	°mhmh.°	mhmh	_	_	_	_	_	linguistic	_	none	Intonation=Falling|Volume=low	Begin=2620.272|End=2620.692	_	_	_	_
1217-0	PSB042	1217	0	così	così	_	_	_	_	_	linguistic	_	none	_	Begin=2621.687	_	_	_	_
1217-1	PSB042	1217	1	la	la	_	_	_	_	_	linguistic	_	none	_	_	_	_	_	_
1217-2	PSB042	1217	2	festa.	festa	_	_	_	_	_	linguistic	_	none	Intonation=Falling	End=2622.737	_	_	_	_
1218-0	PSB042	1218	0	ah.	ah	_	_	_	_	_	linguistic	_	yes	Intonation=Falling	Begin=2624.067	_	_	_	_
1218-1	PSB042	1218	1	questo.	questo	_	_	_	_	_	linguistic	_	yes	Intonation=Falling	_	_	_	_	_
1218-2	PSB042	1218	2	la	la	_	_	_	_	_	linguistic	_	yes	_	_	_	_	_	_
1218-3	PSB042	1218	3	#mou~	mou~	_	_	_	_	_	linguistic	_	yes	Interrupted=Yes|Language=NO_ISO_CODE|Variation=Token	_	_	_	_	_
1218-4	PSB042	1218	4	°la°	la	_	_	_	_	_	linguistic	_	yes	Volume=low	_	_	_	_	_
1218-5	PSB042	1218	5	[pecora].	pecora	_	_	_	_	_	linguistic	_	yes	Intonation=Falling	End=2627.197	_	_	_	0-6(327)
1219-0	PSB005	1219	0	[mhmh].	mhmh	_	_	_	_	_	linguistic	_	none	Intonation=Falling	Begin=2626.587|End=2627.217	_	_	_	0-4(327)
1220-0	PSB005	1220	0	mhmh.	mhmh	_	_	_	_	_	linguistic	_	none	Intonation=Falling	Begin=2627.407|End=2627.787	_	_	_	_
1221-0	PSB042	1221	0	così	così	_	_	_	_	_	linguistic	_	none	_	Begin=2628.497	_	_	_	_
1221-1	PSB042	1221	1	vestiti	vestiti	_	_	_	_	_	linguistic	_	none	_	_	_	_	_	_
1221-2	PSB042	1221	2	anche	anche	_	_	_	_	_	linguistic	_	none	_	_	_	_	_	_
1221-3	PSB042	1221	3	per	per	_	_	_	_	_	linguistic	_	none	_	_	_	_	_	_
1221-4	PSB042	1221	4	piccolo.	piccolo	_	_	_	_	_	linguistic	_	none	Intonation=Falling	End=2630.337	_	_	_	_
1222-0	PSB005	1222	0	sì	sì	_	_	_	_	_	linguistic	_	none	_	Begin=2630.607	_	_	_	_
1222-1	PSB005	1222	1	sì	sì	_	_	_	_	_	linguistic	_	none	_	_	_	_	_	_
1222-2	PSB005	1222	2	sì.	sì	_	_	_	_	_	linguistic	_	none	Intonation=Falling	End=2631.527	_	_	_	_
1223-0	PSB005	1223	0	ma	ma	_	_	_	_	_	linguistic	_	none	_	Begin=2632.657	_	_	_	_
1223-1	PSB005	1223	1	c'	c'	_	_	_	_	_	linguistic	_	none	SpaceAfter=No	_	_	_	_	_
1223-2	PSB005	1223	2	è	è	_	_	_	_	_	linguistic	_	none	_	_	_	_	_	_
1223-3	PSB005	1223	3	una	una	_	_	_	_	_	linguistic	_	none	_	_	_	_	_	_
1223-4	PSB005	1223	4	festa	festa	_	_	_	_	_	linguistic	_	none	_	_	_	_	_	_
1223-5	PSB005	1223	5	tutti	tutti	_	_	_	_	_	linguistic	_	none	_	_	_	_	_	_
1223-6	PSB005	1223	6	gli	gli	_	_	_	_	_	linguistic	_	none	_	_	_	_	_	_
1223-7	PSB005	1223	7	anni:.	anni	_	_	_	_	_	linguistic	_	none	Intonation=Falling	_	3x1	_	_	_
1223-8	PSB005	1223	8	in	in	_	_	_	_	_	linguistic	_	none	_	_	_	_	_	_
1223-9	PSB005	1223	9	marocco.	marocco	_	_	_	_	_	linguistic	_	none	Intonation=Falling	End=2635.377	_	_	_	_
1224-0	PSB005	1224	0	ehm:,	ehm	_	_	_	_	_	linguistic	_	none	Intonation=WeaklyRising	Begin=2636.277	2x1	_	_	_
1224-1	PSB005	1224	1	del	del	_	_	_	_	_	linguistic	_	none	_	_	_	_	_	_
1224-2	PSB005	1224	2	sacrificio	sacrificio	_	_	_	_	_	linguistic	_	none	_	_	_	_	_	_
1224-3	PSB005	1224	3	la	la	_	_	_	_	_	linguistic	_	none	_	_	_	_	_	_
1224-4	PSB005	1224	4	festa	festa	_	_	_	_	_	linguistic	_	none	_	_	_	_	_	_
1224-5	PSB005	1224	5	del	del	_	_	_	_	_	linguistic	_	none	_	_	_	_	_	_
1224-6	PSB005	1224	6	sacrificio?	sacrificio	_	_	_	_	_	linguistic	_	none	Intonation=Rising	_	_	_	_	_
1224-7	PSB005	1224	7	si	si	_	_	_	_	_	linguistic	_	none	_	_	_	_	_	_
1224-8	PSB005	1224	8	chiama.	chiama	_	_	_	_	_	linguistic	_	none	Intonation=Falling	End=2640.647	_	_	_	_
1225-0	PSB042	1225	0	ramadan?	ramadan	_	_	_	_	_	linguistic	_	none	Intonation=Rising	Begin=2640.917|End=2641.517	_	_	_	_
1226-0	PSB005	1226	0	no	no	_	_	_	_	_	linguistic	_	none	_	Begin=2641.882	_	_	_	_
1226-1	PSB005	1226	1	non.	non	_	_	_	_	_	linguistic	_	none	Intonation=Falling	_	_	_	_	_
1226-2	PSB005	1226	2	vabbè	vabbè	_	_	_	_	_	linguistic	_	none	_	_	_	_	_	_
1226-3	PSB005	1226	3	sì	sì	_	_	_	_	_	linguistic	_	none	_	_	_	_	_	_
1226-4	PSB005	1226	4	anche	anche	_	_	_	_	_	linguistic	_	none	_	_	_	_	_	_
1226-5	PSB005	1226	5	ma	ma	_	_	_	_	_	linguistic	_	none	_	_	_	_	_	_
1226-6	PSB005	1226	6	c'	c'	_	_	_	_	_	linguistic	_	none	SpaceAfter=No	_	_	_	_	_
1226-7	PSB005	1226	7	è	è	_	_	_	_	_	linguistic	_	none	_	_	_	_	_	_
1226-8	PSB005	1226	8	un'	un'	_	_	_	_	_	linguistic	_	none	SpaceAfter=No	_	_	_	_	_
1226-9	PSB005	1226	9	altra	altra	_	_	_	_	_	linguistic	_	none	_	_	_	_	_	_
1226-10	PSB005	1226	10	festa.	festa	_	_	_	_	_	linguistic	_	none	Intonation=Falling	_	_	_	_	_
1226-11	PSB005	1226	11	°xx°	xx	_	_	_	_	_	unknown	_	none	Volume=low|Syllables=2	_	_	_	_	_
1226-12	PSB005	1226	12	((ride))	((ride))	_	_	_	_	_	nonverbalbehavior	_	none	_	End=2645.832	_	_	_	_
1227-0	PSB005	1227	0	però	però	_	_	_	_	_	linguistic	_	none	_	Begin=2647.757	_	_	_	_
1227-1	PSB005	1227	1	forse	forse	_	_	_	_	_	linguistic	_	none	_	_	_	_	_	_
1227-2	PSB005	1227	2	mi	mi	_	_	_	_	_	linguistic	_	none	_	_	_	_	_	_
1227-3	PSB005	1227	3	ricordo	ricordo	_	_	_	_	_	linguistic	_	none	_	_	_	_	_	_
1227-4	PSB005	1227	4	male.	male	_	_	_	_	_	linguistic	_	none	Intonation=Falling	_	_	_	_	_
1227-5	PSB005	1227	5	sì:	sì	_	_	_	_	_	linguistic	_	none	_	End=2649.567	1x1	_	_	_
1228-0	PSB042	1228	0	c'	c'	_	_	_	_	_	linguistic	_	none	SpaceAfter=No	Begin=2649.587	_	_	_	_
1228-1	PSB042	1228	1	è	è	_	_	_	_	_	linguistic	_	none	_	_	_	_	_	_
1228-2	PSB042	1228	2	questa.	questa	_	_	_	_	_	linguistic	_	none	Intonation=Falling	_	_	_	_	_
1228-3	PSB042	1228	3	la	la	_	_	_	_	_	linguistic	_	none	_	_	_	_	_	_
1228-4	PSB042	1228	4	festa	festa	_	_	_	_	_	linguistic	_	none	_	_	_	_	_	_
1228-5	PSB042	1228	5	[da]	da	_	_	_	_	_	linguistic	_	none	_	_	_	_	_	0-2(328)
1228-6	PSB042	1228	6	pecor[a].	pecora	_	_	_	_	_	linguistic	_	none	Intonation=Falling	End=2651.777	_	_	_	4-6(329)
1229-0	PSB005	1229	0	[eh].	eh	_	_	_	_	_	linguistic	_	none	Intonation=Falling	Begin=2650.937|End=2651.217	_	_	_	0-2(328)
1230-0	PSB005	1230	0	[sì].	sì	_	_	_	_	_	linguistic	_	none	Intonation=Falling	Begin=2651.627	_	_	_	0-2(329)
1230-1	PSB005	1230	1	es[att]o	esatto	_	_	_	_	_	linguistic	_	none	_	End=2652.687	_	_	_	2-5(330)
1231-0	PSB042	1231	0	[sì:]	sì	_	_	_	_	_	linguistic	_	none	_	Begin=2652.218|End=2652.518	1x1	_	_	0-2(330)
1232-0	PSB042	1232	0	penso	penso	_	_	_	_	_	linguistic	_	none	_	Begin=2652.927	_	_	_	_
1232-1	PSB042	1232	1	la	la	_	_	_	_	_	linguistic	_	none	_	_	_	_	_	_
1232-2	PSB042	1232	2	mese.	mese	_	_	_	_	_	linguistic	_	none	Intonation=Falling	_	_	_	_	_
1232-3	PSB042	1232	3	prossimo.	prossimo	_	_	_	_	_	linguistic	_	none	Intonation=Falling	End=2654.527	_	_	_	_
1233-0	PSB005	1233	0	ah	ah	_	_	_	_	_	linguistic	_	none	_	Begin=2654.587	_	_	_	_
1233-1	PSB005	1233	1	il	il	_	_	_	_	_	linguistic	_	none	_	_	_	_	_	_
1233-2	PSB005	1233	2	prossimo	prossimo	_	_	_	_	_	linguistic	_	none	_	_	_	_	_	_
1233-3	PSB005	1233	3	mese.	mese	_	_	_	_	_	linguistic	_	none	Intonation=Falling	_	_	_	_	_
1233-4	PSB005	1233	4	okay.	okay	_	_	_	_	_	linguistic	_	none	Intonation=Falling	End=2655.817	_	_	_	_
1234-0	PSB005	1234	0	ma	ma	_	_	_	_	_	linguistic	_	none	_	Begin=2656.297	_	_	_	_
1234-1	PSB005	1234	1	e	e	_	_	_	_	_	linguistic	_	none	_	_	_	_	_	_
1234-2	PSB005	1234	2	tu	tu	_	_	_	_	_	linguistic	_	none	_	_	_	_	_	_
1234-3	PSB005	1234	3	festeggi.	festeggi	_	_	_	_	_	linguistic	_	none	Intonation=Falling	_	_	_	_	_
1234-4	PSB005	1234	4	no?	no	_	_	_	_	_	linguistic	_	none	Intonation=Rising	End=2657.687	_	_	_	_
1235-0	PSB042	1235	0	qua	qua	_	_	_	_	_	linguistic	_	none	_	Begin=2658.087	_	_	_	_
1235-1	PSB042	1235	1	non	non	_	_	_	_	_	linguistic	_	none	_	_	_	_	_	_
1235-2	PSB042	1235	2	puoi	puoi	_	_	_	_	_	linguistic	_	none	_	_	_	_	_	_
1235-3	PSB042	1235	3	fare.	fare	_	_	_	_	_	linguistic	_	none	Intonation=Falling	End=2659.277	_	_	_	_
1236-0	PSB005	1236	0	certo.	certo	_	_	_	_	_	linguistic	_	none	Intonation=Falling	Begin=2659.457|End=2660.127	_	_	_	_
1237-0	PSB042	1237	0	serve	serve	_	_	_	_	_	linguistic	_	none	_	Begin=2660.257	_	_	_	_
1237-1	PSB042	1237	1	andare	andare	_	_	_	_	_	linguistic	_	none	_	_	_	_	_	_
1237-2	PSB042	1237	2	fuor[i:].	fuori	_	_	_	_	_	linguistic	_	none	Intonation=Falling	End=2661.822	4x1	_	_	4-5(331)
1238-0	PSB005	1238	0	[mh]	mh	_	_	_	_	_	linguistic	_	none	_	Begin=2661.652	_	_	_	0-2(331)
1238-1	PSB005	1238	1	mh.	mh	_	_	_	_	_	linguistic	_	none	Intonation=Falling	End=2662.062	_	_	_	_
1239-0	PSB005	1239	0	sì	sì	_	_	_	_	_	linguistic	_	none	_	Begin=2662.702	_	_	_	_
1239-1	PSB005	1239	1	sì.	sì	_	_	_	_	_	linguistic	_	none	Intonation=Falling	End=2663.132	_	_	_	_
1240-0	PSB042	1240	0	e:h	eh	_	_	_	_	_	linguistic	_	none	_	Begin=2663.567	0x1	_	_	_
1240-1	PSB042	1240	1	cosa	cosa	_	_	_	_	_	linguistic	_	none	_	_	_	_	_	_
1240-2	PSB042	1240	2	questa.	questa	_	_	_	_	_	linguistic	_	none	Intonation=Falling	End=2665.097	_	_	_	_
1241-0	PSB005	1241	0	ah.	ah	_	_	_	_	_	linguistic	_	none	Intonation=Falling	Begin=2665.217	_	_	_	_
1241-1	PSB005	1241	1	buono.	buono	_	_	_	_	_	linguistic	_	none	Intonation=Falling	End=2665.727	_	_	_	_
1242-0	PSB042	1242	0	m:h.	mh	_	_	_	_	_	linguistic	_	none	Intonation=Falling	Begin=2665.897	0x1	_	_	_
1242-1	PSB042	1242	1	((ride))	((ride))	_	_	_	_	_	nonverbalbehavior	_	none	_	End=2667.407	_	_	_	_
1243-0	PSB005	1243	0	va	va	_	_	_	_	_	linguistic	_	none	_	Begin=2667.537	_	_	_	_
1243-1	PSB005	1243	1	bene.	bene	_	_	_	_	_	linguistic	_	none	Intonation=Falling	_	_	_	_	_
1243-2	PSB005	1243	2	ma	ma	_	_	_	_	_	linguistic	_	none	_	_	_	_	_	_
1243-3	PSB005	1243	3	io	io	_	_	_	_	_	linguistic	_	none	_	_	_	_	_	_
1243-4	PSB005	1243	4	vi	vi	_	_	_	_	_	linguistic	_	none	_	_	_	_	_	_
1243-5	PSB005	1243	5	vi	vi	_	_	_	_	_	linguistic	_	none	_	_	_	_	_	_
1243-6	PSB005	1243	6	lascio:.	lascio	_	_	_	_	_	linguistic	_	none	Intonation=Falling	End=2669.467	5x1	_	_	_
