token_id	speaker	tu_id	span	form	type	variation	jefferson_feats	align	prolongations	pace	guesses	overlaps
0-0	PSB005	0	okay	okay	linguistic	none	_	Begin=1.16|End=1.69	_	_	_	_
1-0	PSB005	1	ah	ah	linguistic	none	_	Begin=1.94	_	_	_	_
1-1	PSB005	1	ma	ma	linguistic	none	_	_	_	_	_	_
1-2	PSB005	1	mettiamo:	mettiamo	linguistic	none	_	_	7x1	_	_	_
1-3	PSB005	1	aereo.	aereo	linguistic	none	Intonation=falling	End=3.67	_	_	_	_
2-0	PSB005	2	okay	okay	linguistic	none	_	Begin=5.72|End=6.22	_	_	_	_
3-0	PSB005	3	perfetto	perfetto	linguistic	none	_	Begin=6.8|End=7.23	_	_	_	_
4-0	PSB005	4	allora	allora	linguistic	none	_	Begin=7.72|End=8.22	_	_	_	_
5-0	PSB005	5	quindi	quindi	linguistic	none	_	Begin=8.55	_	_	_	_
5-1	PSB005	5	tu	tu	linguistic	none	_	_	_	_	_	_
5-2	PSB005	5	conosci	conosci	linguistic	none	_	_	_	_	_	_
5-3	PSB005	5	questa	questa	linguistic	none	_	_	_	_	_	_
5-4	PSB005	5	scuola:	scuola	linguistic	none	_	_	5x1	_	_	_
5-5	PSB005	5	{P}	{P}	shortpause	none	_	_	_	_	_	_
5-6	PSB005	5	perché?	perché	linguistic	none	Intonation=rising	End=11.26	_	_	_	_
6-0	PSB005	6	questo:	questo	linguistic	none	_	Begin=12.14	5x1	_	_	_
6-1	PSB005	6	centro	centro	linguistic	none	_	_	_	_	_	_
6-2	PSB005	6	sociale	sociale	linguistic	none	_	End=13.317	_	_	_	_
7-0	PSB064	7	come	come	linguistic	none	_	Begin=13.37	_	_	_	_
7-1	PSB064	7	ho:	ho	linguistic	none	_	_	1x1	_	_	_
7-2	PSB064	7	conosciuto	conosciuto	linguistic	none	_	_	_	_	_	_
7-3	PSB064	7	quest~	quest~	linguistic	none	Interrupted=Yes	End=14.58	_	_	_	_
8-0	PSB005	8	sì	sì	linguistic	none	_	Begin=14.59|End=14.78	_	_	_	_
9-0	PSB064	9	perché	perché	linguistic	none	_	Begin=15.97	_	_	_	_
9-1	PSB064	9	ero::	ero	linguistic	none	_	End=17.852	2x2	_	_	_
10-0	PSB064	10	me	me	linguistic	none	_	Begin=18.34	_	_	_	_
10-1	PSB064	10	l'	l'	linguistic	none	SpaceAfter=No	_	_	_	_	_
10-2	PSB064	10	ha	ha	linguistic	none	_	_	_	_	_	_
10-3	PSB064	10	consigliata	consigliata	linguistic	none	_	_	_	_	_	_
10-4	PSB064	10	un	un	linguistic	none	_	_	_	_	_	_
10-5	PSB064	10	{P}	{P}	shortpause	none	_	_	_	_	_	_
10-6	PSB064	10	°l'	l'	linguistic	none	SpaceAfter=No|Volume=low	_	_	_	_	_
10-7	PSB064	10	amico°.	amico	linguistic	none	Intonation=falling|Volume=low	End=20.227	_	_	_	_
11-0	PSB005	11	okay.	okay	linguistic	none	Intonation=falling	Begin=20.26|End=20.86	_	_	_	_
12-0	PSB005	12	e	e	linguistic	none	_	Begin=21.5	_	_	_	_
12-1	PSB005	12	poi	poi	linguistic	none	_	_	_	_	_	_
12-2	PSB005	12	sei	sei	linguistic	none	_	_	_	_	_	_
12-3	PSB005	12	venuto	venuto	linguistic	none	_	_	_	_	_	_
12-4	PSB005	12	per	per	linguistic	none	_	_	_	_	_	_
12-5	PSB005	12	quanto	quanto	linguistic	none	_	_	_	_	_	_
12-6	PSB005	12	tempo:?	tempo	linguistic	none	Intonation=rising	End=23.589	4x1	_	_	_
13-0	PSB064	13	d[all~]	dall~	linguistic	none	Interrupted=Yes	Begin=23.97	_	_	_	1-5(0)
13-1	PSB064	13	dal	dal	linguistic	none	_	_	_	_	_	_
13-2	PSB064	13	quattro	quattro	linguistic	none	_	_	_	_	_	_
13-3	PSB064	13	{P}	{P}	shortpause	none	_	_	_	_	_	_
13-4	PSB064	13	ottobre	ottobre	linguistic	none	_	_	_	_	_	_
13-5	PSB064	13	{P}	{P}	shortpause	none	_	_	_	_	_	_
13-6	PSB064	13	fino	fino	linguistic	none	_	_	_	_	_	_
13-7	PSB064	13	a	a	linguistic	none	_	_	_	_	_	_
13-8	PSB064	13	adesso.	adesso	linguistic	none	Intonation=falling	End=26.968	_	_	_	_
14-0	PSB005	14	[da]	da	linguistic	none	_	Begin=24.133|End=24.38	_	_	_	0-2(0)
15-0	PSB005	15	di	di	linguistic	none	_	Begin=27.1	_	_	_	_
15-1	PSB005	15	quest'	quest'	linguistic	none	SpaceAfter=No	_	_	_	_	_
15-2	PSB005	15	anno?	anno	linguistic	none	Intonation=rising	End=27.96	_	_	_	_
16-0	PSB064	16	sì.	sì	linguistic	none	Intonation=falling	Begin=28.09|End=28.31	_	_	_	_
17-0	PSB005	17	okay.	okay	linguistic	none	Intonation=falling	Begin=28.38|End=28.79	_	_	_	_
18-0	PSB005	18	e	e	linguistic	none	_	Begin=30.29	_	_	_	_
18-1	PSB005	18	come	come	linguistic	none	_	_	_	_	_	_
18-2	PSB005	18	sono	sono	linguistic	none	_	_	_	_	_	_
18-3	PSB005	18	le	le	linguistic	none	_	_	_	_	_	_
18-4	PSB005	18	lezioni	lezioni	linguistic	none	_	_	_	_	_	_
18-5	PSB005	18	come:	come	linguistic	none	_	_	3x1	_	_	_
18-6	PSB005	18	mh?	mh	linguistic	none	Intonation=rising	End=32.38	_	_	_	_
19-0	PSB005	19	cosa	cosa	linguistic	none	_	Begin=33.64	_	_	_	_
19-1	PSB005	19	si	si	linguistic	none	_	_	_	_	_	_
19-2	PSB005	19	fa:	fa	linguistic	none	_	_	1x1	_	_	_
19-3	PSB005	19	mh?	mh	linguistic	none	Intonation=rising	End=34.615	_	_	_	_
20-0	PSB005	20	fate	fate	linguistic	none	_	Begin=35.39	_	_	_	_
20-1	PSB005	20	altre	altre	linguistic	none	_	_	_	_	_	_
20-2	PSB005	20	attività	attività	linguistic	none	_	_	_	_	_	_
20-3	PSB005	20	{P}	{P}	shortpause	none	_	_	_	_	_	_
20-4	PSB005	20	qui?	qui	linguistic	none	Intonation=rising	End=37.069	_	_	_	_
21-0	PSB064	21	sì	sì	linguistic	none	_	Begin=37.45	_	_	_	_
21-1	PSB064	21	si	si	linguistic	none	_	_	_	_	_	_
21-2	PSB064	21	fanno	fanno	linguistic	none	_	_	_	_	_	_
21-3	PSB064	21	anche	anche	linguistic	none	_	_	_	_	_	_
21-4	PSB064	21	altre	altre	linguistic	none	_	_	_	_	_	_
21-5	PSB064	21	attività	attività	linguistic	none	_	_	_	_	_	_
21-6	PSB064	21	ma	ma	linguistic	none	_	_	_	_	_	_
21-7	PSB064	21	normalmente	normalmente	linguistic	none	_	_	_	_	_	_
21-8	PSB064	21	facciamo	facciamo	linguistic	none	_	_	_	_	_	_
21-9	PSB064	21	lezione	lezione	linguistic	none	_	_	_	_	_	_
21-10	PSB064	21	di	di	linguistic	none	_	_	_	_	_	_
21-11	PSB064	21	grammatica:	grammatica	linguistic	none	_	End=42.776	9x1	_	_	_
22-0	PSB064	22	queste	queste	linguistic	none	_	Begin=45.06	_	_	_	_
22-1	PSB064	22	cose.	cose	linguistic	none	Intonation=falling	End=45.92	_	_	_	_
23-0	PSB005	23	okay	okay	linguistic	none	_	Begin=46.01	_	_	_	_
23-1	PSB005	23	e	e	linguistic	none	_	_	_	_	_	_
23-2	PSB005	23	ti	ti	linguistic	none	_	_	_	_	_	_
23-3	PSB005	23	piacciono?	piacciono	linguistic	none	Intonation=rising	End=47.16	_	_	_	_
24-0	PSB005	24	ti	ti	linguistic	none	_	Begin=47.22	_	_	_	_
24-1	PSB005	24	diverti	diverti	linguistic	none	_	_	_	_	_	_
24-2	PSB005	24	o:?	o	linguistic	none	Intonation=rising	End=48.82	0x1	_	_	_
25-0	PSB064	25	e:hm	ehm	linguistic	none	_	Begin=49.76|End=50.55	0x1	_	_	_
26-0	PSB064	26	sì	sì	linguistic	none	_	Begin=51.02|End=51.29	_	_	_	_
27-0	PSB064	27	perché	perché	linguistic	none	_	Begin=52.19	_	_	_	_
27-1	PSB064	27	non	non	linguistic	none	_	_	_	_	_	_
27-2	PSB064	27	facciamo	facciamo	linguistic	none	_	_	_	_	_	_
27-3	PSB064	27	solo	solo	linguistic	none	_	_	_	_	_	_
27-4	PSB064	27	lezione	lezione	linguistic	none	_	_	_	_	_	_
27-5	PSB064	27	{P}	{P}	shortpause	none	_	_	_	_	_	_
27-6	PSB064	27	parliamo,	parliamo	linguistic	none	Intonation=weakly_rising	_	_	_	_	_
27-7	PSB064	27	chiaccheriamo	chiaccheriamo	linguistic	none	_	End=55.03	_	_	_	_
28-0	PSB005	28	°okay°	okay	linguistic	none	Volume=low	Begin=55.54	_	_	_	_
28-1	PSB005	28	e	e	linguistic	none	_	_	_	_	_	_
28-2	PSB005	28	tu	tu	linguistic	none	_	_	_	_	_	_
28-3	PSB005	28	in	in	linguistic	none	_	_	_	_	_	_
28-4	PSB005	28	quale	quale	linguistic	none	_	_	_	_	_	_
28-5	PSB005	28	classe	classe	linguistic	none	_	_	_	_	_	_
28-6	PSB005	28	eri?	eri	linguistic	none	Intonation=rising	End=56.94	_	_	_	_
29-0	PSB064	29	prima:	prima	linguistic	none	_	Begin=58.33	4x1	_	_	_
29-1	PSB064	29	ero	ero	linguistic	none	_	_	_	_	_	_
29-2	PSB064	29	in:	in	linguistic	none	_	_	1x1	_	_	_
29-3	PSB064	29	{P}	{P}	shortpause	none	_	_	_	_	_	_
29-4	PSB064	29	alfa:	alfa	linguistic	none	_	_	3x1	_	_	_
29-5	PSB064	29	uno,	uno	linguistic	none	Intonation=weakly_rising	End=61.26	_	_	_	_
30-0	PSB064	30	dopo:	dopo	linguistic	none	_	Begin=61.7	3x1	_	_	_
30-1	PSB064	30	alfa	alfa	linguistic	none	_	_	_	_	_	_
30-2	PSB064	30	quattro,	quattro	linguistic	none	Intonation=weakly_rising	End=62.95	_	_	_	_
31-0	PSB064	31	direttamente.	direttamente	linguistic	none	Intonation=falling	Begin=63.19|End=63.92	_	_	_	_
32-0	PSB064	32	dopo:	dopo	linguistic	none	_	Begin=64.53|End=65.53	3x1	_	_	_
33-0	PSB064	33	ero	ero	linguistic	none	_	Begin=65.73	_	_	_	_
33-1	PSB064	33	in	in	linguistic	none	_	_	_	_	_	_
33-2	PSB064	33	{P}	{P}	shortpause	none	_	_	_	_	_	_
33-3	PSB064	33	intermedio.	intermedio	linguistic	none	Intonation=falling	End=67.12	_	_	_	_
34-0	PSB005	34	°ma°	ma	linguistic	none	Volume=low	Begin=67.28	_	_	_	_
34-1	PSB005	34	quindi	quindi	linguistic	none	_	End=67.92	_	_	_	_
35-0	PSB005	35	hai	hai	linguistic	none	_	Begin=68.68	_	_	_	_
35-1	PSB005	35	fatto	fatto	linguistic	none	_	_	_	_	_	_
35-2	PSB005	35	{P}	{P}	shortpause	none	_	_	_	_	_	_
35-3	PSB005	35	i	i	linguistic	none	_	_	_	_	_	_
35-4	PSB005	35	salti:	salti	linguistic	none	_	End=70.43	4x1	_	_	_
36-0	PSB064	36	s:ì	sì	linguistic	none	_	Begin=70.45	0x1	_	_	_
36-1	PSB064	36	ho	ho	linguistic	none	_	_	_	_	_	_
36-2	PSB064	36	fatto	fatto	linguistic	none	_	_	_	_	_	_
36-3	PSB064	36	salti.	salti	linguistic	none	Intonation=falling	End=71.67	_	_	_	_
37-0	PSB005	37	perché	perché	linguistic	none	_	Begin=72.907	_	_	_	_
37-1	PSB005	37	hai	hai	linguistic	none	_	_	_	_	_	_
37-2	PSB005	37	studiato	studiato	linguistic	none	_	_	_	_	_	_
37-3	PSB005	37	molto	molto	linguistic	none	_	_	_	_	_	_
37-4	PSB005	37	o:?	o	linguistic	none	Intonation=rising	End=74.93	0x1	_	_	_
38-0	PSB064	38	perché:	perché	linguistic	none	_	Begin=75.52	5x1	_	_	_
38-1	PSB064	38	vedo	vedo	linguistic	none	_	_	_	_	_	_
38-2	PSB064	38	che	che	linguistic	none	_	_	_	_	_	_
38-3	PSB064	38	{P}	{P}	shortpause	none	_	_	_	_	_	_
38-4	PSB064	38	di	di	linguistic	none	_	_	_	_	_	_
38-5	PSB064	38	queste	queste	linguistic	none	_	_	_	_	_	_
38-6	PSB064	38	cose	cose	linguistic	none	_	_	_	_	_	_
38-7	PSB064	38	{P}	{P}	shortpause	none	_	_	_	_	_	_
38-8	PSB064	38	si	si	linguistic	none	_	_	_	_	_	_
38-9	PSB064	38	ripetono,	ripetono	linguistic	none	Intonation=weakly_rising	End=80.16	_	_	_	_
39-0	PSB005	39	[mhmh]	mhmh	linguistic	none	_	Begin=80.493|End=80.913	_	_	_	0-4(1)
40-0	PSB064	40	[quindi	quindi	linguistic	none	_	Begin=80.52	_	_	_	0-6(1)
40-1	PSB064	40	de]vo	devo	linguistic	none	_	_	_	_	_	0-2(1)
40-2	PSB064	40	°(vabbè)°	vabbè	linguistic	none	Volume=low	_	_	_	0-5(0)	_
40-3	PSB064	40	{P}	{P}	shortpause	none	_	_	_	_	_	_
40-4	PSB064	40	saltare	saltare	linguistic	none	_	End=82.64	_	_	_	_
41-0	PSB005	41	okay.	okay	linguistic	none	Intonation=falling	Begin=82.66	_	_	_	_
41-1	PSB005	41	[okay].	okay	linguistic	none	Intonation=falling	_	_	_	_	0-4(2)
41-2	PSB005	41	okay.	okay	linguistic	none	Intonation=falling	End=84.08	_	_	_	_
42-0	PSB064	42	[°per	per	linguistic	none	Volume=low	Begin=82.83	_	_	_	0-3(2)
42-1	PSB064	42	forza°]	forza	linguistic	none	Volume=low	End=83.59	_	_	_	0-5(2)
43-0	PSB005	43	e	e	linguistic	none	_	Begin=84.9	_	_	_	_
43-1	PSB005	43	capita	capita	linguistic	none	_	_	_	_	_	_
43-2	PSB005	43	tante	tante	linguistic	none	_	_	_	_	_	_
43-3	PSB005	43	volte	volte	linguistic	none	_	_	_	_	_	_
43-4	PSB005	43	{P}	{P}	shortpause	none	_	_	_	_	_	_
43-5	PSB005	43	che	che	linguistic	none	_	_	_	_	_	_
43-6	PSB005	43	i	i	linguistic	none	_	_	_	_	_	_
43-7	PSB005	43	ragazzi	ragazzi	linguistic	none	_	_	_	_	_	_
43-8	PSB005	43	cambiano	cambiano	linguistic	none	_	_	_	_	_	_
43-9	PSB005	43	classe?	classe	linguistic	none	Intonation=rising	_	_	_	_	_
43-10	PSB005	43	o:	o	linguistic	none	_	_	0x1	_	_	_
43-11	PSB005	43	{P}	{P}	shortpause	none	_	_	_	_	_	_
43-12	PSB005	43	solo	solo	linguistic	none	_	_	_	_	_	_
43-13	PSB005	43	tu.	tu	linguistic	none	Intonation=falling	End=88.91	_	_	_	_
44-0	PSB064	44	c'	c'	linguistic	none	SpaceAfter=No	Begin=89.39	_	_	_	_
44-1	PSB064	44	è	è	linguistic	none	_	_	_	_	_	_
44-2	PSB064	44	tanti:	tanti	linguistic	none	_	_	4x1	_	_	_
44-3	PSB064	44	{P}	{P}	shortpause	none	_	_	_	_	_	_
44-4	PSB064	44	persone	persone	linguistic	none	_	_	_	_	_	_
44-5	PSB064	44	che	che	linguistic	none	_	_	_	_	_	_
44-6	PSB064	44	saltano.	saltano	linguistic	none	Intonation=falling	End=91.54	_	_	_	_
45-0	PSB005	45	mhmh	mhmh	linguistic	none	_	Begin=91.57	_	_	_	_
45-1	PSB005	45	okay.	okay	linguistic	none	Intonation=falling	End=92.3	_	_	_	_
46-0	PSB005	46	°(okay)°	okay	linguistic	none	Volume=low	Begin=92.52|End=92.93	_	_	0-4(0)	_
47-0	PSB005	47	e:hm:	ehm	linguistic	none	_	Begin=93.19	0x1,2x1	_	_	_
47-1	PSB005	47	va	va	linguistic	none	_	_	_	_	_	_
47-2	PSB005	47	bene.	bene	linguistic	none	Intonation=falling	End=94.71	_	_	_	_
48-0	PSB005	48	e	e	linguistic	none	_	Begin=94.74	_	_	_	_
48-1	PSB005	48	invece	invece	linguistic	none	_	_	_	_	_	_
48-2	PSB005	48	{P}	{P}	shortpause	none	_	_	_	_	_	_
48-3	PSB005	48	la	la	linguistic	none	_	_	_	_	_	_
48-4	PSB005	48	città	città	linguistic	none	_	_	_	_	_	_
48-5	PSB005	48	{P}	{P}	shortpause	none	_	_	_	_	_	_
48-6	PSB005	48	di	di	linguistic	none	_	_	_	_	_	_
48-7	PSB005	48	bologna	bologna	linguistic	none	_	_	_	_	_	_
48-8	PSB005	48	ti	ti	linguistic	none	_	_	_	_	_	_
48-9	PSB005	48	piace?	piace	linguistic	none	Intonation=rising	End=97.03	_	_	_	_
49-0	PSB064	49	non	non	linguistic	none	_	Begin=99.29	_	_	_	_
49-1	PSB064	49	tanto.	tanto	linguistic	none	Intonation=falling	End=100.41	_	_	_	_
50-0	PSB005	50	vuoi:	vuoi	linguistic	none	_	Begin=101.46	3x1	_	_	_
50-1	PSB005	50	dirmi	dirmi	linguistic	none	_	_	_	_	_	_
50-2	PSB005	50	come	come	linguistic	none	_	_	_	_	_	_
50-3	PSB005	50	mai:?	mai	linguistic	none	Intonation=rising	End=102.97	2x1	_	_	_
51-0	PSB005	51	voi	voi	linguistic	none	_	Begin=103.02	_	_	_	_
51-1	PSB005	51	dirmi	dirmi	linguistic	none	_	_	_	_	_	_
51-2	PSB005	51	perché	perché	linguistic	none	_	_	_	_	_	_
51-3	PSB005	51	[o::	o	linguistic	none	_	_	0x2	_	_	0-1(3)
51-4	PSB005	51	meglio	meglio	linguistic	none	_	_	_	_	_	0-6(3)
51-5	PSB005	51	di]	di	linguistic	none	_	End=104.39	_	_	_	0-2(3)
52-0	PSB064	52	[è]	è	linguistic	none	_	Begin=103.92	_	_	_	0-1(3)
52-1	PSB064	52	piccola	piccola	linguistic	none	_	_	_	_	_	_
52-2	PSB064	52	è:	è	linguistic	none	_	End=105.73	0x1	_	_	_
53-0	PSB064	53	non:	non	linguistic	none	_	Begin=106.56	2x1	_	_	_
53-1	PSB064	53	{P}	{P}	shortpause	none	_	_	_	_	_	_
53-2	PSB064	53	tanto	tanto	linguistic	none	_	_	_	_	_	_
53-3	PSB064	53	piccola	piccola	linguistic	none	_	_	_	_	_	_
53-4	PSB064	53	e	e	linguistic	none	_	_	_	_	_	_
53-5	PSB064	53	non	non	linguistic	none	_	_	_	_	_	_
53-6	PSB064	53	tanto	tanto	linguistic	none	_	_	_	_	_	_
53-7	PSB064	53	{P}	{P}	shortpause	none	_	_	_	_	_	_
53-8	PSB064	53	grande,	grande	linguistic	none	Intonation=weakly_rising	End=109.4	_	_	_	_
54-0	PSB064	54	e:	e	linguistic	none	_	Begin=110.48|End=111.07	0x1	_	_	_
55-0	PSB064	55	non	non	linguistic	none	_	Begin=112.78	_	_	_	_
55-1	PSB064	55	c'	c'	linguistic	none	SpaceAfter=No	_	_	_	_	_
55-2	PSB064	55	è	è	linguistic	none	_	_	_	_	_	_
55-3	PSB064	55	il	il	linguistic	none	_	_	_	_	_	_
55-4	PSB064	55	mare.	mare	linguistic	none	Intonation=falling	End=113.72	_	_	_	_
56-0	PSB005	56	°questo	questo	linguistic	none	Volume=low	Begin=115.33	_	_	_	_
56-1	PSB005	56	è	è	linguistic	none	Volume=low	_	_	_	_	_
56-2	PSB005	56	un	un	linguistic	none	Volume=low	_	_	_	_	_
56-3	PSB005	56	problema°.	problema	linguistic	none	Intonation=falling|Volume=low	End=116.47	_	_	_	_
57-0	PSB064	57	sì.	sì	linguistic	none	Intonation=falling	Begin=116.57|End=117.09	_	_	_	_
58-0	PSB005	58	preferiresti	preferiresti	linguistic	none	_	Begin=120.78	_	_	_	_
58-1	PSB005	58	trasferirti	trasferirti	linguistic	none	_	_	_	_	_	_
58-2	PSB005	58	in	in	linguistic	none	_	_	_	_	_	_
58-3	PSB005	58	una	una	linguistic	none	_	_	_	_	_	_
58-4	PSB005	58	città:	città	linguistic	none	_	_	4x1	_	_	_
58-5	PSB005	58	con	con	linguistic	none	_	_	_	_	_	_
58-6	PSB005	58	il	il	linguistic	none	_	_	_	_	_	_
58-7	PSB005	58	mare?	mare	linguistic	none	Intonation=rising	End=123.905	_	_	_	_
59-0	PSB064	59	sì.	sì	linguistic	none	Intonation=falling	Begin=123.905|End=124.35	_	_	_	_
60-0	PSB005	60	c'	c'	linguistic	none	SpaceAfter=No	Begin=125.07	_	_	_	_
60-1	PSB005	60	hai	hai	linguistic	none	_	_	_	_	_	_
60-2	PSB005	60	pensato	pensato	linguistic	none	_	_	_	_	_	_
60-3	PSB005	60	seriamente:	seriamente	linguistic	none	_	_	9x1	_	_	_
60-4	PSB005	60	o	o	linguistic	none	_	_	_	_	_	_
60-5	PSB005	60	no?	no	linguistic	none	Intonation=rising	End=126.87	_	_	_	_
61-0	PSB064	61	non	non	linguistic	none	_	Begin=127.72	_	_	_	_
61-1	PSB064	61	ho	ho	linguistic	none	_	_	_	_	_	_
61-2	PSB064	61	pensato	pensato	linguistic	none	_	_	_	_	_	_
61-3	PSB064	61	seriamente	seriamente	linguistic	none	_	_	_	_	_	_
61-4	PSB064	61	ma,	ma	linguistic	none	Intonation=weakly_rising	End=129.52	_	_	_	_
62-0	PSB064	62	mi	mi	linguistic	none	_	Begin=130.01	_	_	_	_
62-1	PSB064	62	piacerebbe:	piacerebbe	linguistic	none	_	End=131.11	9x1	_	_	_
63-0	PSB064	63	avere	avere	linguistic	none	_	Begin=132.14	_	_	_	_
63-1	PSB064	63	una	una	linguistic	none	_	_	_	_	_	_
63-2	PSB064	63	macchina	macchina	linguistic	none	_	_	_	_	_	_
63-3	PSB064	63	per	per	linguistic	none	_	End=133.57	_	_	_	_
64-0	PSB064	64	quando:	quando	linguistic	none	_	Begin=134.66|End=135.36	5x1	_	_	_
65-0	PSB064	65	che	che	linguistic	none	_	Begin=137.43	_	_	_	_
65-1	PSB064	65	poss:o:	posso	linguistic	none	_	End=138.66	3x1,4x1	_	_	_
66-0	PSB064	66	andare	andare	linguistic	none	_	Begin=139.2	_	_	_	_
66-1	PSB064	66	al	al	linguistic	none	_	_	_	_	_	_
66-2	PSB064	66	mare	mare	linguistic	none	_	_	_	_	_	_
66-3	PSB064	66	qualsiasi	qualsiasi	linguistic	none	_	_	_	_	_	_
66-4	PSB064	66	g~	g~	linguistic	none	Interrupted=Yes	_	_	_	_	_
66-5	PSB064	66	g~	g~	linguistic	none	Interrupted=Yes	_	_	_	_	_
66-6	PSB064	66	giorno,	giorno	linguistic	none	Intonation=weakly_rising	End=141.44	_	_	_	_
67-0	PSB064	67	(ora)	ora	linguistic	none	_	Begin=141.8|End=142.44	_	_	0-3(0)	_
68-0	PSB064	68	O	o	linguistic	none	Volume=high	Begin=143.22|End=143.61	_	_	_	_
69-0	PSB064	69	mi	mi	linguistic	none	_	Begin=144.287	_	_	_	_
69-1	PSB064	69	tras:ferisco	trasferisco	linguistic	none	_	_	3x1	_	_	_
69-2	PSB064	69	a:	a	linguistic	none	_	End=145.89	0x1	_	_	_
70-0	PSB064	70	una	una	linguistic	none	_	Begin=146.67	_	_	_	_
70-1	PSB064	70	città	città	linguistic	none	_	_	_	_	_	_
70-2	PSB064	70	dove	dove	linguistic	none	_	_	_	_	_	_
70-3	PSB064	70	c'	c'	linguistic	none	SpaceAfter=No	_	_	_	_	_
70-4	PSB064	70	è	è	linguistic	none	_	_	_	_	_	_
70-5	PSB064	70	il	il	linguistic	none	_	_	_	_	_	_
70-6	PSB064	70	mare.	mare	linguistic	none	Intonation=falling	End=147.75	_	_	_	_
71-0	PSB005	71	°mh°	mh	linguistic	none	Volume=low	Begin=147.8	_	_	_	_
71-1	PSB005	71	ne	ne	linguistic	none	_	_	_	_	_	_
71-2	PSB005	71	hai	hai	linguistic	none	_	_	_	_	_	_
71-3	PSB005	71	pensata	pensata	linguistic	none	_	_	_	_	_	_
71-4	PSB005	71	una	una	linguistic	none	_	_	_	_	_	_
71-5	PSB005	71	in	in	linguistic	none	_	_	_	_	_	_
71-6	PSB005	71	particolare	particolare	linguistic	none	_	_	_	_	_	_
71-7	PSB005	71	[o:]?	o	linguistic	none	Intonation=rising	End=150.35	0x1	_	_	0-1(4)
72-0	PSB064	72	[n]o:	no	linguistic	none	_	Begin=150.23|End=150.63	1x1	_	_	0-1(4)
73-0	PSB064	73	non	non	linguistic	none	_	Begin=151.06	_	_	_	_
73-1	PSB064	73	ho:	ho	linguistic	none	_	_	1x1	_	_	_
73-2	PSB064	73	e:h	eh	linguistic	none	_	End=152.49	0x1	_	_	_
74-0	PSB064	74	non	non	linguistic	none	_	Begin=152.56	_	_	_	_
74-1	PSB064	74	ho	ho	linguistic	none	_	_	_	_	_	_
74-2	PSB064	74	pensato	pensato	linguistic	none	_	_	_	_	_	_
74-3	PSB064	74	(a	a	linguistic	none	_	_	_	_	0-1(0)	_
74-4	PSB064	74	una)	una	linguistic	none	_	End=153.54	_	_	0-3(0)	_
75-0	PSB005	75	ok[ay]	okay	linguistic	none	_	Begin=153.56|End=154.0	_	_	_	2-4(5)
76-0	PSB064	76	[una]	una	linguistic	none	_	Begin=153.83	_	_	_	0-3(5)
76-1	PSB064	76	città.	città	linguistic	none	Intonation=falling	End=154.38	_	_	_	_
77-0	PSB005	77	°okay°	okay	linguistic	none	Volume=low	Begin=154.53|End=155.08	_	_	_	_
78-0	PSB005	78	e:	e	linguistic	none	_	Begin=155.11|End=155.45	0x1	_	_	_
79-0	PSB005	79	proprio	proprio	linguistic	none	_	Begin=155.52	_	_	_	_
79-1	PSB005	79	non	non	linguistic	none	_	_	_	_	_	_
79-2	PSB005	79	ti	ti	linguistic	none	_	_	_	_	_	_
79-3	PSB005	79	piace	piace	linguistic	none	_	_	_	_	_	_
79-4	PSB005	79	nessuna	nessuna	linguistic	none	_	_	_	_	_	_
79-5	PSB005	79	zona	zona	linguistic	none	_	_	_	_	_	_
79-6	PSB005	79	di	di	linguistic	none	_	_	_	_	_	_
79-7	PSB005	79	bologna	bologna	linguistic	none	_	_	_	_	_	_
79-8	PSB005	79	o:	o	linguistic	none	_	_	0x1	_	_	_
79-9	PSB005	79	c'	c'	linguistic	none	SpaceAfter=No	_	_	_	_	_
79-10	PSB005	79	è	è	linguistic	none	_	_	_	_	_	_
79-11	PSB005	79	qualche	qualche	linguistic	none	_	_	_	_	_	_
79-12	PSB005	79	zona	zona	linguistic	none	_	_	_	_	_	_
79-13	PSB005	79	che	che	linguistic	none	_	_	_	_	_	_
79-14	PSB005	79	ti	ti	linguistic	none	_	_	_	_	_	_
79-15	PSB005	79	piace	piace	linguistic	none	_	_	_	_	_	_
79-16	PSB005	79	di	di	linguistic	none	_	_	_	_	_	_
79-17	PSB005	79	più:?	più	linguistic	none	Intonation=rising	End=160.24	2x1	_	_	_
80-0	PSB064	80	mi	mi	linguistic	none	_	Begin=160.59	_	_	_	_
80-1	PSB064	80	piace	piace	linguistic	none	_	_	_	_	_	_
80-2	PSB064	80	di	di	linguistic	none	_	_	_	_	_	_
80-3	PSB064	80	più	più	linguistic	none	_	_	_	_	_	_
80-4	PSB064	80	irnerio.	irnerio	linguistic	none	Intonation=falling	End=162.22	_	_	_	_
81-0	PSB064	81	zo[na	zona	linguistic	none	_	Begin=162.52	_	_	_	2-4(6)
81-1	PSB064	81	°irne]rio°	irnerio	linguistic	none	Volume=low	End=163.48	_	_	_	0-4(6)
82-0	PSB005	82	[okay]	okay	linguistic	none	_	Begin=162.726|End=163.253	_	_	_	0-4(6)
83-0	PSB005	83	perché?	perché	linguistic	none	Intonation=rising	Begin=164.9|End=165.69	_	_	_	_
84-0	PSB064	84	c'	c'	linguistic	none	SpaceAfter=No	Begin=168.31	_	_	_	_
84-1	PSB064	84	è	è	linguistic	none	_	_	_	_	_	_
84-2	PSB064	84	molta	molta	linguistic	none	_	_	_	_	_	_
84-3	PSB064	84	vita:	vita	linguistic	none	_	_	3x1	_	_	_
84-4	PSB064	84	di	di	linguistic	none	_	_	_	_	_	_
84-5	PSB064	84	là:	là	linguistic	none	_	End=170.16	1x1	_	_	_
85-0	PSB064	85	c'	c'	linguistic	none	SpaceAfter=No	Begin=171.13	_	_	_	_
85-1	PSB064	85	è:	è	linguistic	none	_	End=171.86	0x1	_	_	_
86-0	PSB064	86	tutto	tutto	linguistic	none	_	Begin=173.04	_	_	_	_
86-1	PSB064	86	vicino,	vicino	linguistic	none	Intonation=weakly_rising	_	_	_	_	_
86-2	PSB064	86	c'	c'	linguistic	none	SpaceAfter=No	_	_	_	_	_
86-3	PSB064	86	è:	è	linguistic	none	_	End=174.84	0x1	_	_	_
87-0	PSB064	87	è:	è	linguistic	none	_	Begin=177.27	0x1	_	_	_
87-1	PSB064	87	una	una	linguistic	none	_	_	_	_	_	_
87-2	PSB064	87	zona	zona	linguistic	none	_	_	_	_	_	_
87-3	PSB064	87	molto:	molto	linguistic	none	_	_	4x1	_	_	_
87-4	PSB064	87	{P}	{P}	shortpause	none	_	_	_	_	_	_
87-5	PSB064	87	multicultural[e]:.	multiculturale	linguistic	none	Intonation=falling	End=180.64	13x1	_	_	13-14(7)
88-0	PSB005	88	[sì]	sì	linguistic	none	_	Begin=180.071|End=180.5	_	_	_	0-2(7)
89-0	PSB005	89	tipo	tipo	linguistic	none	_	Begin=182.1	_	_	_	_
89-1	PSB005	89	che	che	linguistic	none	_	_	_	_	_	_
89-2	PSB005	89	p~	p~	linguistic	none	Interrupted=Yes	_	_	_	_	_
89-3	PSB005	89	c(io)è	cioè	linguistic	none	_	_	_	_	1-3(0)	_
89-4	PSB005	89	{P}	{P}	shortpause	none	_	_	_	_	_	_
89-5	PSB005	89	hai	hai	linguistic	none	_	_	_	_	_	_
89-6	PSB005	89	degli	degli	linguistic	none	_	_	_	_	_	_
89-7	PSB005	89	amici	amici	linguistic	none	_	_	_	_	_	_
89-8	PSB005	89	di	di	linguistic	none	_	_	_	_	_	_
89-9	PSB005	89	tanti	tanti	linguistic	none	_	_	_	_	_	_
89-10	PSB005	89	paesi:?	paesi	linguistic	none	Intonation=rising	End=184.98	4x1	_	_	_
90-0	PSB064	90	io	io	linguistic	none	_	Begin=185.68	_	_	_	_
90-1	PSB064	90	ce	ce	linguistic	none	_	_	_	_	_	_
90-2	PSB064	90	l'	l'	linguistic	none	SpaceAfter=No	_	_	_	_	_
90-3	PSB064	90	ho	ho	linguistic	none	_	_	_	_	_	_
90-4	PSB064	90	là	là	linguistic	none	_	_	_	_	_	_
90-5	PSB064	90	tanti	tanti	linguistic	none	_	_	_	_	_	_
90-6	PSB064	90	amici	amici	linguistic	none	_	_	_	_	_	_
90-7	PSB064	90	di:	di	linguistic	none	_	_	1x1	_	_	_
90-8	PSB064	90	tanti	tanti	linguistic	none	_	_	_	_	_	_
90-9	PSB064	90	paesi.	paesi	linguistic	none	Intonation=falling	End=188.65	_	_	_	_
91-0	PSB064	91	ho	ho	linguistic	none	_	Begin=189.62	_	_	_	_
91-1	PSB064	91	amici	amici	linguistic	none	_	_	_	_	_	_
91-2	PSB064	91	italiani,	italiani	linguistic	none	Intonation=weakly_rising	_	_	_	_	_
91-3	PSB064	91	ho	ho	linguistic	none	_	_	_	_	_	_
91-4	PSB064	91	amici	amici	linguistic	none	_	_	_	_	_	_
91-5	PSB064	91	$bangalesi,	bangalesi	linguistic	none	Intonation=weakly_rising|Orthography=Yes	_	_	_	_	_
91-6	PSB064	91	ho	ho	linguistic	none	_	_	_	_	_	_
91-7	PSB064	91	ami~	ami~	linguistic	none	Interrupted=Yes	_	_	_	_	_
91-8	PSB064	91	amici	amici	linguistic	none	_	_	_	_	_	_
91-9	PSB064	91	da	da	linguistic	none	_	_	_	_	_	_
91-10	PSB064	91	{P}	{P}	shortpause	none	_	_	_	_	_	_
91-11	PSB064	91	dall'	dall'	linguistic	none	SpaceAfter=No	_	_	_	_	_
91-12	PSB064	91	egitto,	egitto	linguistic	none	Intonation=weakly_rising	_	_	_	_	_
91-13	PSB064	91	da	da	linguistic	none	_	_	_	_	_	_
91-14	PSB064	91	tunisia,	tunisia	linguistic	none	Intonation=weakly_rising	End=196.01	_	_	_	_
92-0	PSB064	92	anche	anche	linguistic	none	_	Begin=196.92	_	_	_	_
92-1	PSB064	92	dal	dal	linguistic	none	_	_	_	_	_	_
92-2	PSB064	92	senegal,	senegal	linguistic	none	Intonation=weakly_rising	_	_	_	_	_
92-3	PSB064	92	[dal]	dal	linguistic	none	_	_	_	_	_	0-3(8)
92-4	PSB064	92	°da	da	linguistic	none	Volume=low	_	_	_	_	_
92-5	PSB064	92	tutte	tutte	linguistic	none	Volume=low	_	_	_	_	_
92-6	PSB064	92	parti°	parti	linguistic	none	Volume=low	End=199.85	_	_	_	_
93-0	PSB005	93	[mhmh]	mhmh	linguistic	none	_	Begin=198.46|End=198.86	_	_	_	0-4(8)
94-0	PSB005	94	mhmh	mhmh	linguistic	none	_	Begin=199.9	_	_	_	_
94-1	PSB005	94	e	e	linguistic	none	_	_	_	_	_	_
94-2	PSB005	94	come	come	linguistic	none	_	_	_	_	_	_
94-3	PSB005	94	li	li	linguistic	none	_	_	_	_	_	_
94-4	PSB005	94	con~	con~	linguistic	none	Interrupted=Yes	_	_	_	_	_
94-5	PSB005	94	cioè	cioè	linguistic	none	_	_	_	_	_	_
94-6	PSB005	94	come	come	linguistic	none	_	_	_	_	_	_
94-7	PSB005	94	li	li	linguistic	none	_	_	_	_	_	_
94-8	PSB005	94	hai	hai	linguistic	none	_	_	_	_	_	_
94-9	PSB005	94	conosciuti?	conosciuti	linguistic	none	Intonation=rising	End=202.39	_	_	_	_
95-0	PSB005	95	qui?	qui	linguistic	none	Intonation=rising	Begin=202.46	_	_	_	_
95-1	PSB005	95	o	o	linguistic	none	_	_	_	_	_	_
95-2	PSB005	95	in	in	linguistic	none	_	_	_	_	_	_
95-3	PSB005	95	gir[o:]?	giro	linguistic	none	Intonation=rising	End=204.53	3x1	_	_	3-4(9)
96-0	PSB064	96	[in]	in	linguistic	none	_	Begin=204.46	_	_	_	0-2(9)
96-1	PSB064	96	giro	giro	linguistic	none	_	_	_	_	_	_
96-2	PSB064	96	{P}	{P}	shortpause	none	_	_	_	_	_	_
96-4	PSB064	96	qua,	qua	linguistic	none	Intonation=weakly_rising	End=205.59	_	_	_	_
97-0	PSB064	97	qualsiasi.	qualsiasi	linguistic	none	Intonation=falling	Begin=206.73|End=207.25	_	_	_	_
98-0	PSB064	98	faccio	faccio	linguistic	none	_	Begin=207.92	_	_	_	_
98-1	PSB064	98	amici	amici	linguistic	none	_	_	_	_	_	_
98-2	PSB064	98	{P}	{P}	shortpause	none	_	_	_	_	_	_
98-4	PSB064	98	sempre	sempre	linguistic	none	_	_	_	_	_	_
98-5	PSB064	98	io.	io	linguistic	none	Intonation=falling	End=209.82	_	_	_	_
99-0	PSB005	99	{ride}	{ride}	nonverbalbehavior	none	_	Begin=210.02	_	_	_	_
99-1	PSB005	99	°okay°	okay	linguistic	none	Volume=low	_	_	_	_	_
99-2	PSB005	99	facilmente?	facilmente	linguistic	none	Intonation=rising	End=211.88	_	_	_	_
100-0	PSB005	100	okay	okay	linguistic	none	_	Begin=211.97	_	_	_	_
100-1	PSB005	100	{P}	{P}	shortpause	none	_	_	_	_	_	_
100-2	PSB005	100	okay.	okay	linguistic	none	Intonation=falling	End=213.6	_	_	_	_
101-0	PSB005	101	ma	ma	linguistic	none	_	Begin=213.63	_	_	_	_
101-1	PSB005	101	con	con	linguistic	none	_	_	_	_	_	_
101-2	PSB005	101	chi	chi	linguistic	none	_	_	_	_	_	_
101-3	PSB005	101	ti	ti	linguistic	none	_	_	_	_	_	_
101-4	PSB005	101	trovi	trovi	linguistic	none	_	_	_	_	_	_
101-5	PSB005	101	meglio	meglio	linguistic	none	_	_	_	_	_	_
101-6	PSB005	101	di	di	linguistic	none	_	_	_	_	_	_
101-7	PSB005	101	solito?	solito	linguistic	none	Intonation=rising	End=215.63	_	_	_	_
102-0	PSB064	102	con	con	linguistic	none	_	Begin=218.52	_	_	_	_
102-1	PSB064	102	nessuno.	nessuno	linguistic	none	Intonation=falling	End=219.44	_	_	_	_
103-0	PSB005	103	con	con	linguistic	none	_	Begin=219.79	_	_	_	_
103-1	PSB005	103	tutti.	tutti	linguistic	none	Intonation=falling	End=220.5	_	_	_	_
104-0	PSB064	104	con	con	linguistic	none	_	Begin=221.01	_	_	_	_
104-1	PSB064	104	tutti	tutti	linguistic	none	_	_	_	_	_	_
104-2	PSB064	104	o	o	linguistic	none	_	_	_	_	_	_
104-3	PSB064	104	con	con	linguistic	none	_	_	_	_	_	_
104-4	PSB064	104	nessuno.	nessuno	linguistic	none	Intonation=falling	_	_	_	_	_
104-5	PSB064	104	poi:	poi	linguistic	none	_	End=223.29	2x1	_	_	_
105-0	PSB005	105	ma	ma	linguistic	none	_	Begin=227.35	_	_	_	_
105-1	PSB005	105	in:	in	linguistic	none	_	_	1x1	_	_	_
105-2	PSB005	105	che	che	linguistic	none	_	_	_	_	_	_
105-3	PSB005	105	lingua	lingua	linguistic	none	_	_	_	_	_	_
105-4	PSB005	105	vi	vi	linguistic	none	_	_	_	_	_	_
105-5	PSB005	105	parlate?	parlate	linguistic	none	Intonation=rising	End=228.92	_	_	_	_
106-0	PSB064	106	e:	e	linguistic	none	_	Begin=230.99	0x1	_	_	_
106-1	PSB064	106	dipende	dipende	linguistic	none	_	_	_	_	_	_
106-2	PSB064	106	a:	a	linguistic	none	_	_	0x1	_	_	_
106-3	PSB064	106	che:	che	linguistic	none	_	_	2x1	_	_	_
106-4	PSB064	106	persona	persona	linguistic	none	_	_	_	_	_	_
106-5	PSB064	106	parlo	parlo	linguistic	none	_	_	_	_	_	_
106-6	PSB064	106	con.	con	linguistic	none	Intonation=falling	End=234.54	_	_	_	_
107-0	PSB064	107	parl(a)	parla	linguistic	none	_	Begin=235.61	_	_	4-5(0)	_
107-1	PSB064	107	(il)	il	linguistic	none	_	_	_	_	0-2(1)	_
107-2	PSB064	107	francese	francese	linguistic	none	_	_	_	_	_	_
107-3	PSB064	107	con~	con~	linguistic	none	Interrupted=Yes	_	_	_	_	_
107-4	PSB064	107	con	con	linguistic	none	_	_	_	_	_	_
107-5	PSB064	107	sanga~	sanga~	linguistic	none	Interrupted=Yes	_	_	_	_	_
107-6	PSB064	107	senegalesi,	senegalesi	linguistic	none	Intonation=weakly_rising	End=238.95	_	_	_	_
108-0	PSB064	108	l'	l'	linguistic	none	SpaceAfter=No	Begin=239.27	_	_	_	_
108-1	PSB064	108	arabo	arabo	linguistic	none	_	_	_	_	_	_
108-2	PSB064	108	con	con	linguistic	none	_	_	_	_	_	_
108-3	PSB064	108	gli	gli	linguistic	none	_	_	_	_	_	_
108-4	PSB064	108	egiziani	egiziani	linguistic	none	_	_	_	_	_	_
108-5	PSB064	108	e	e	linguistic	none	_	_	_	_	_	_
108-6	PSB064	108	tunisini,	tunisini	linguistic	none	Intonation=weakly_rising	End=241.46	_	_	_	_
109-0	PSB064	109	italiano	italiano	linguistic	none	_	Begin=242.89	_	_	_	_
109-1	PSB064	109	con	con	linguistic	none	_	_	_	_	_	_
109-2	PSB064	109	$bangalesi,	bangalesi	linguistic	none	Intonation=weakly_rising|Orthography=Yes	End=244.42	_	_	_	_
110-0	PSB064	110	anche	anche	linguistic	none	_	Begin=245.05	_	_	_	_
110-1	PSB064	110	l'	l'	linguistic	none	SpaceAfter=No	_	_	_	_	_
110-2	PSB064	110	inglese,	inglese	linguistic	none	Intonation=weakly_rising	End=246.09	_	_	_	_
111-0	PSB005	111	mhmh	mhmh	linguistic	none	_	Begin=247.05|End=247.42	_	_	_	_
112-0	PSB064	112	e:	e	linguistic	none	_	Begin=247.46	0x1	_	_	_
112-1	PSB064	112	nigeria:ni	nigeriani	linguistic	none	_	_	6x1	_	_	_
112-2	PSB064	112	parlo	parlo	linguistic	none	_	_	_	_	_	_
112-3	PSB064	112	con:	con	linguistic	none	_	End=249.62	2x1	_	_	_
113-0	PSB064	113	all'	all'	linguistic	none	SpaceAfter=No	Begin=251.81	_	_	_	_
113-1	PSB064	113	inglese,	inglese	linguistic	none	Intonation=weakly_rising	_	_	_	_	_
113-2	PSB064	113	con	con	linguistic	none	_	_	_	_	_	_
113-3	PSB064	113	l'	l'	linguistic	none	SpaceAfter=No	_	_	_	_	_
113-4	PSB064	113	inglese.	inglese	linguistic	none	Intonation=falling	End=253.34	_	_	_	_
114-0	PSB005	114	°sì°	sì	linguistic	none	Volume=low	Begin=253.44	_	_	_	_
114-1	PSB005	114	quale	quale	linguistic	none	_	_	_	_	_	_
114-2	PSB005	114	lingua:	lingua	linguistic	none	_	_	5x1	_	_	_
114-3	PSB005	114	ti	ti	linguistic	none	_	_	_	_	_	_
114-4	PSB005	114	senti	senti	linguistic	none	_	_	_	_	_	_
114-5	PSB005	114	più:	più	linguistic	none	_	_	2x1	_	_	_
114-6	PSB005	114	{P}	{P}	shortpause	none	_	_	_	_	_	_
114-7	PSB005	114	forte.	forte	linguistic	none	Intonation=falling	End=256.47	_	_	_	_
115-0	PSB064	115	sono	sono	linguistic	none	_	Begin=258.07	_	_	_	_
115-1	PSB064	115	forte:	forte	linguistic	none	_	_	4x1	_	_	_
115-2	PSB064	115	in~	in~	linguistic	none	Interrupted=Yes	_	_	_	_	_
115-3	PSB064	115	e~	e~	linguistic	none	Interrupted=Yes	_	_	_	_	_
115-4	PSB064	115	in	in	linguistic	none	_	_	_	_	_	_
115-5	PSB064	115	quale	quale	linguistic	none	_	_	_	_	_	_
115-6	PSB064	115	lingua?	lingua	linguistic	none	Intonation=rising	End=260.15	_	_	_	_
116-0	PSB063	116	oltr[e	oltre	linguistic	none	_	Begin=260.16	_	_	_	4-5(10)
116-1	PSB063	116	all'	all'	linguistic	none	SpaceAfter=No	_	_	_	_	0-4(10)
116-2	PSB063	116	a]rabo.	arabo	linguistic	none	Intonation=falling	End=261.02	_	_	_	0-1(10)
117-0	PSB005	117	[sì]	sì	linguistic	none	_	Begin=260.336|End=260.757	_	_	_	0-2(10)
118-0	PSB064	118	{ride}	{ride}	nonverbalbehavior	none	_	Begin=261.1|End=261.35	_	_	_	_
119-0	PSB064	119	oltre	oltre	linguistic	none	_	Begin=261.63	_	_	_	_
119-1	PSB064	119	l'	l'	linguistic	none	SpaceAfter=No	_	_	_	_	_
119-2	PSB064	119	arabo?	arabo	linguistic	none	Intonation=rising	End=262.53	_	_	_	_
120-0	PSB005	120	c(io)è	cioè	linguistic	none	_	Begin=262.67	_	_	1-3(0)	_
120-1	PSB005	120	comunque	comunque	linguistic	none	_	_	_	_	_	_
120-2	PSB005	120	l'	l'	linguistic	none	SpaceAfter=No	_	_	_	_	_
120-3	PSB005	120	arabo	arabo	linguistic	none	_	_	_	_	_	_
120-4	PSB005	120	è	è	linguistic	none	_	_	_	_	_	_
120-5	PSB005	120	la	la	linguistic	none	_	_	_	_	_	_
120-6	PSB005	120	prima?	prima	linguistic	none	Intonation=rising	End=264.08	_	_	_	_
121-0	PSB064	121	s:ì	sì	linguistic	none	_	Begin=264.53	0x1	_	_	_
121-1	PSB064	121	è	è	linguistic	none	_	_	_	_	_	_
121-2	PSB064	121	la	la	linguistic	none	_	_	_	_	_	_
121-3	PSB064	121	°prima°	prima	linguistic	none	Volume=low	End=265.56	_	_	_	_
122-0	PSB005	122	mhmh	mhmh	linguistic	none	_	Begin=265.56|End=266.01	_	_	_	_
123-0	PSB064	123	nel	nel	linguistic	none	_	Begin=266.97	_	_	_	_
123-1	PSB064	123	secondo:	secondo	linguistic	none	_	_	6x1	_	_	_
123-2	PSB064	123	è	è	linguistic	none	_	_	_	_	_	_
123-3	PSB064	123	e~	e~	linguistic	none	Interrupted=Yes	_	_	_	_	_
123-4	PSB064	123	e~	e~	linguistic	none	Interrupted=Yes	_	_	_	_	_
123-5	PSB064	123	la	la	linguistic	none	_	_	_	_	_	_
123-6	PSB064	123	seconda	seconda	linguistic	none	_	_	_	_	_	_
123-7	PSB064	123	è	è	linguistic	none	_	_	_	_	_	_
123-8	PSB064	123	nella	nella	linguistic	none	_	_	_	_	_	_
123-9	PSB064	123	lista	lista	linguistic	none	_	_	_	_	_	_
123-10	PSB064	123	è:	è	linguistic	none	_	End=270.61	0x1	_	_	_
124-0	PSB064	124	l'	l'	linguistic	none	SpaceAfter=No	Begin=274.18	_	_	_	_
124-1	PSB064	124	italiano	italiano	linguistic	none	_	_	_	_	_	_
124-2	PSB064	124	adesso	adesso	linguistic	none	_	_	_	_	_	_
124-3	PSB064	124	sì.	sì	linguistic	none	Intonation=falling	End=275.49	_	_	_	_
125-0	PSB064	125	sono	sono	linguistic	none	_	Begin=275.68	_	_	_	_
125-1	PSB064	125	più	più	linguistic	none	_	_	_	_	_	_
125-2	PSB064	125	$confortabile	confortabile	linguistic	none	Orthography=Yes	_	_	_	_	_
125-3	PSB064	125	da	da	linguistic	none	_	End=277.33	_	_	_	_
126-0	PSB005	126	mhmh	mhmh	linguistic	none	_	Begin=277.34|End=277.82	_	_	_	_
127-0	PSB064	127	parlare:	parlare	linguistic	none	_	Begin=277.82	6x1	_	_	_
127-1	PSB064	127	{P}	{P}	shortpause	none	_	_	_	_	_	_
127-2	PSB064	127	[italiano]	italiano	linguistic	none	_	End=279.34	_	_	_	0-8(11)
128-0	PSB005	128	[sì	sì	linguistic	none	_	Begin=278.45	_	_	_	0-2(11)
128-1	PSB005	128	sì	sì	linguistic	none	_	_	_	_	_	0-2(11)
128-2	PSB005	128	sì	sì	linguistic	none	_	_	_	_	_	0-2(11)
128-3	PSB005	128	{P}	{P}	shortpause	none	_	_	_	_	_	0-3(11)
128-4	PSB005	128	sì	sì	linguistic	none	_	_	_	_	_	0-2(11)
128-5	PSB005	128	sì].	sì	linguistic	none	Intonation=falling	End=279.35	_	_	_	0-2(11)
129-0	PSB005	129	però	però	linguistic	none	_	Begin=279.41	_	_	_	_
129-1	PSB005	129	comunque	comunque	linguistic	none	_	_	_	_	_	_
129-2	PSB005	129	p~	p~	linguistic	none	Interrupted=Yes	_	_	_	_	_
129-3	PSB005	129	hai	hai	linguistic	none	_	_	_	_	_	_
129-4	PSB005	129	occasione	occasione	linguistic	none	_	_	_	_	_	_
129-5	PSB005	129	di	di	linguistic	none	_	_	_	_	_	_
129-6	PSB005	129	parlare	parlare	linguistic	none	_	_	_	_	_	_
129-7	PSB005	129	tante	tante	linguistic	none	_	_	_	_	_	_
129-8	PSB005	129	lingue.	lingue	linguistic	none	Intonation=falling	End=282.66	_	_	_	_
130-0	PSB064	130	sì:	sì	linguistic	none	_	Begin=283.09|End=283.49	1x1	_	_	_
131-0	PSB005	131	durante	durante	linguistic	none	_	Begin=283.74	_	_	_	_
131-1	PSB005	131	tutti	tutti	linguistic	none	_	_	_	_	_	_
131-2	PSB005	131	i	i	linguistic	none	_	_	_	_	_	_
131-3	PSB005	131	g~	g~	linguistic	none	Interrupted=Yes	_	_	_	_	_
131-4	PSB005	131	cioè	cioè	linguistic	none	_	_	_	_	_	_
131-5	PSB005	131	{P}	{P}	shortpause	none	_	_	_	_	_	_
131-6	PSB005	131	tutti	tutti	linguistic	none	_	_	_	_	_	_
131-7	PSB005	131	i	i	linguistic	none	_	_	_	_	_	_
131-8	PSB005	131	giorni	giorni	linguistic	none	_	_	_	_	_	_
131-9	PSB005	131	parli	parli	linguistic	none	_	_	_	_	_	_
131-10	PSB005	131	diverse	diverse	linguistic	none	_	_	_	_	_	_
131-11	PSB005	131	lingue?	lingue	linguistic	none	Intonation=rising	End=286.48	_	_	_	_
132-0	PSB064	132	sì	sì	linguistic	none	_	Begin=286.52	_	_	_	_
132-1	PSB064	132	{P}	{P}	shortpause	none	_	_	_	_	_	_
132-2	PSB064	132	tutti	tutti	linguistic	none	_	_	_	_	_	_
132-3	PSB064	132	i	i	linguistic	none	_	_	_	_	_	_
132-4	PSB064	132	giorni	giorni	linguistic	none	_	_	_	_	_	_
132-5	PSB064	132	di	di	linguistic	none	_	_	_	_	_	_
132-6	PSB064	132	eh	eh	linguistic	none	_	_	_	_	_	_
132-7	PSB064	132	parlo	parlo	linguistic	none	_	_	_	_	_	_
132-8	PSB064	132	diverse	diverse	linguistic	none	_	_	_	_	_	_
132-9	PSB064	132	lingue.	lingue	linguistic	none	Intonation=falling	End=288.93	_	_	_	_
133-0	PSB005	133	di	di	linguistic	none	_	Begin=289.46	_	_	_	_
133-1	PSB005	133	solito	solito	linguistic	none	_	_	_	_	_	_
133-2	PSB005	133	come	come	linguistic	none	_	_	_	_	_	_
133-3	PSB005	133	fun[ziona]?	funziona	linguistic	none	Intonation=rising	End=291.35	_	_	_	3-8(12)
134-0	PSB064	134	[ogni	ogni	linguistic	none	_	Begin=290.43	_	_	_	0-4(12)
134-1	PSB064	134	ora]	ora	linguistic	none	_	End=291.27	_	_	_	0-3(12)
135-0	PSB064	135	ogni	ogni	linguistic	none	_	Begin=291.59	_	_	_	_
135-1	PSB064	135	o[ra].	ora	linguistic	none	Intonation=falling	End=292.21	_	_	_	1-3(13)
136-0	PSB005	136	[e:]	e	linguistic	none	_	Begin=292.08	0x1	_	_	0-1(13)
136-1	PSB005	136	esatto	esatto	linguistic	none	_	_	_	_	_	_
136-2	PSB005	136	{P}	{P}	shortpause	none	_	_	_	_	_	_
136-3	PSB005	136	sono	sono	linguistic	none	_	_	_	_	_	_
136-4	PSB005	136	curiosa	curiosa	linguistic	none	_	_	_	_	_	_
136-5	PSB005	136	di	di	linguistic	none	_	_	_	_	_	_
136-6	PSB005	136	sapere	sapere	linguistic	none	_	_	_	_	_	_
136-7	PSB005	136	cioè	cioè	linguistic	none	_	_	_	_	_	_
136-8	PSB005	136	tu	tu	linguistic	none	_	_	_	_	_	_
136-9	PSB005	136	ti	ti	linguistic	none	_	_	_	_	_	_
136-10	PSB005	136	svegli	svegli	linguistic	none	_	_	_	_	_	_
136-11	PSB005	136	la	la	linguistic	none	_	_	_	_	_	_
136-12	PSB005	136	mattina,	mattina	linguistic	none	Intonation=weakly_rising	End=295.65	_	_	_	_
137-0	PSB064	137	parlo::	parlo	linguistic	none	_	Begin=297.35|End=298.64	4x2	_	_	_
138-0	PSB064	138	in	in	linguistic	none	_	Begin=301.293	_	_	_	_
138-1	PSB064	138	dialetto.	dialetto	linguistic	none	Intonation=falling	End=302.29	_	_	_	_
139-0	PSB005	139	mh	mh	linguistic	none	_	Begin=302.7	_	_	_	_
139-1	PSB005	139	mh	mh	linguistic	none	_	End=303.41	_	_	_	_
140-0	PSB005	140	[con]	con	linguistic	none	_	Begin=303.67	_	_	_	0-3(14)
140-1	PSB005	140	i:	i	linguistic	none	_	_	0x1	_	_	_
140-2	PSB005	140	{P}	{P}	shortpause	none	_	_	_	_	_	_
140-3	PSB005	140	tuoi	tuoi	linguistic	none	_	_	_	_	_	_
140-4	PSB005	140	compagni	compagni	linguistic	none	_	_	_	_	_	_
140-5	PSB005	140	di	di	linguistic	none	_	_	_	_	_	_
140-6	PSB005	140	ca[sa]?	casa	linguistic	none	Intonation=rising	End=305.19	_	_	_	2-4(15)
141-0	PSB064	141	[e]	e	linguistic	none	_	Begin=303.71|End=303.95	_	_	_	0-1(14)
142-0	PSB064	142	[s:ì]	sì	linguistic	none	_	Begin=305.05	0x1	_	_	0-2(15)
142-1	PSB064	142	dipende	dipende	linguistic	none	_	_	_	_	_	_
142-2	PSB064	142	anche:	anche	linguistic	none	_	_	4x1	_	_	_
142-3	PSB064	142	con	con	linguistic	none	_	_	_	_	_	_
142-4	PSB064	142	chi	chi	linguistic	none	_	_	_	_	_	_
142-5	PSB064	142	parlo.	parlo	linguistic	none	Intonation=falling	End=307.38	_	_	_	_
143-0	PSB005	143	mh	mh	linguistic	none	_	Begin=307.7|End=308.136	_	_	_	_
144-0	PSB064	144	perché:	perché	linguistic	none	_	Begin=309.36	5x1	_	_	_
144-1	PSB064	144	gli	gli	linguistic	none	_	_	_	_	_	_
144-2	PSB064	144	egiziani	egiziani	linguistic	none	_	_	_	_	_	_
144-3	PSB064	144	non	non	linguistic	none	_	_	_	_	_	_
144-4	PSB064	144	parlano	parlano	linguistic	none	_	_	_	_	_	_
144-5	PSB064	144	come:	come	linguistic	none	_	_	3x1	_	_	_
144-6	PSB064	144	tunisini.	tunisini	linguistic	none	Intonation=falling	End=312.35	_	_	_	_
145-0	PSB064	145	marocchino	marocchino	linguistic	none	_	Begin=313.16	_	_	_	_
145-1	PSB064	145	parla	parla	linguistic	none	_	_	_	_	_	_
145-2	PSB064	145	(come:)	come	linguistic	none	_	End=315.01	3x1	_	0-4(0)	_
146-0	PSB005	146	°sì	sì	linguistic	none	Volume=low	Begin=315.91	_	_	_	_
146-1	PSB005	146	sì°	sì	linguistic	none	Volume=low	End=316.39	_	_	_	_
147-0	PSB005	147	poi:	poi	linguistic	none	_	Begin=317.28	2x1	_	_	_
147-1	PSB005	147	dopo	dopo	linguistic	none	_	_	_	_	_	_
147-2	PSB005	147	{P}	{P}	shortpause	none	_	_	_	_	_	_
147-3	PSB005	147	vai	vai	linguistic	none	_	_	_	_	_	_
147-4	PSB005	147	al	al	linguistic	none	_	_	_	_	_	_
147-5	PSB005	147	lavoro	lavoro	linguistic	none	_	_	_	_	_	_
147-6	PSB005	147	e	e	linguistic	none	_	_	_	_	_	_
147-7	PSB005	147	che	che	linguistic	none	_	_	_	_	_	_
147-8	PSB005	147	lingua	lingua	linguistic	none	_	_	_	_	_	_
147-9	PSB005	147	parli?	parli	linguistic	none	Intonation=rising	End=319.68	_	_	_	_
148-0	PSB064	148	parlo::	parlo	linguistic	none	_	Begin=320.14|End=321.08	4x2	_	_	_
149-0	PSB064	149	un	un	linguistic	none	_	Begin=321.65	_	_	_	_
149-1	PSB064	149	ottanta	ottanta	linguistic	none	_	_	_	_	_	_
149-2	PSB064	149	per	per	linguistic	none	_	_	_	_	_	_
149-3	PSB064	149	cento	cento	linguistic	none	_	_	_	_	_	_
149-4	PSB064	149	in~	in~	linguistic	none	Interrupted=Yes	_	_	_	_	_
149-5	PSB064	149	in	in	linguistic	none	_	_	_	_	_	_
149-6	PSB064	149	italiano.	italiano	linguistic	none	Intonation=falling	End=324.38	_	_	_	_
150-0	PSB005	150	°okay°	okay	linguistic	none	Volume=low	Begin=325.29|End=325.74	_	_	_	_
151-0	PSB064	151	l'	l'	linguistic	none	SpaceAfter=No	Begin=325.84	_	_	_	_
151-1	PSB064	151	altro	altro	linguistic	none	_	_	_	_	_	_
151-2	PSB064	151	vente~	vente~	linguistic	none	Interrupted=Yes	_	_	_	_	_
151-3	PSB064	151	venti	venti	linguistic	none	_	_	_	_	_	_
151-4	PSB064	151	per	per	linguistic	none	_	_	_	_	_	_
151-5	PSB064	151	cento	cento	linguistic	none	_	_	_	_	_	_
151-6	PSB064	151	{P}	{P}	shortpause	none	_	_	_	_	_	_
151-7	PSB064	151	in	in	linguistic	none	_	_	_	_	_	_
151-8	PSB064	151	inglese.	inglese	linguistic	none	Intonation=falling	End=328.193	_	_	_	_
152-0	PSB005	152	mh	mh	linguistic	none	_	Begin=328.221|End=328.521	_	_	_	_
153-0	PSB005	153	con	con	linguistic	none	_	Begin=329.02	_	_	_	_
153-1	PSB005	153	{P}	{P}	shortpause	none	_	_	_	_	_	_
153-2	PSB005	153	turis[ti]?	turisti	linguistic	none	Intonation=rising	End=329.97	_	_	_	5-7(16)
154-0	PSB064	154	[p]erché:	perché	linguistic	none	_	Begin=329.85	5x1	_	_	0-1(16)
154-1	PSB064	154	francesi	francesi	linguistic	none	_	_	_	_	_	_
154-2	PSB064	154	non	non	linguistic	none	_	_	_	_	_	_
154-3	PSB064	154	vogliono	vogliono	linguistic	none	_	_	_	_	_	_
154-4	PSB064	154	parlare	parlare	linguistic	none	_	_	_	_	_	_
154-5	PSB064	154	il	il	linguistic	none	_	_	_	_	_	_
154-6	PSB064	154	francese.	francese	linguistic	none	Intonation=falling	End=332.73	_	_	_	_
155-0	PSB064	155	°sono°	sono	linguistic	none	Volume=low	Begin=333.1|End=333.56	_	_	_	_
156-0	PSB005	156	che	che	linguistic	none	_	Begin=334.96	_	_	_	_
156-1	PSB005	156	strano	strano	linguistic	none	_	_	_	_	_	_
156-2	PSB005	156	perché	perché	linguistic	none	_	_	_	_	_	_
156-3	PSB005	156	invece	invece	linguistic	none	_	_	_	_	_	_
156-4	PSB005	156	c'	c'	linguistic	none	SpaceAfter=No	_	_	_	_	_
156-5	PSB005	156	è	è	linguistic	none	_	_	_	_	_	_
156-6	PSB005	156	{P}	{P}	shortpause	none	_	_	_	_	_	_
156-7	PSB005	156	noi	noi	linguistic	none	_	_	_	_	_	_
156-8	PSB005	156	abbiamo	abbiamo	linguistic	none	_	_	_	_	_	_
156-9	PSB005	156	uno	uno	linguistic	none	_	_	_	_	_	_
156-10	PSB005	156	stereotipo	stereotipo	linguistic	none	_	End=338.3	_	_	_	_
157-0	PSB005	157	non	non	linguistic	none	_	Begin=338.32	_	_	_	_
157-1	PSB005	157	so	so	linguistic	none	_	_	_	_	_	_
157-2	PSB005	157	dimm~	dimm~	linguistic	none	Interrupted=Yes	_	_	_	_	_
157-3	PSB005	157	anche	anche	linguistic	none	_	_	_	_	_	_
157-4	PSB005	157	tu	tu	linguistic	none	_	_	_	_	_	_
157-5	PSB005	157	come	come	linguistic	none	_	_	_	_	_	_
157-6	PSB005	157	la~	la~	linguistic	none	Interrupted=Yes	_	_	_	_	_
157-7	PSB005	157	come	come	linguistic	none	_	_	_	_	_	_
157-8	PSB005	157	la	la	linguistic	none	_	_	_	_	_	_
157-9	PSB005	157	pensi,	pensi	linguistic	none	Intonation=weakly_rising	_	_	_	_	_
157-10	PSB005	157	ma	ma	linguistic	none	_	End=340.771	_	_	_	_
158-0	PSB005	158	abbiamo	abbiamo	linguistic	none	_	Begin=341.193	_	_	_	_
158-1	PSB005	158	lo	lo	linguistic	none	_	_	_	_	_	_
158-2	PSB005	158	stereotipo	stereotipo	linguistic	none	_	_	_	_	_	_
158-3	PSB005	158	che	che	linguistic	none	_	_	_	_	_	_
158-4	PSB005	158	i	i	linguistic	none	_	_	_	_	_	_
158-5	PSB005	158	francesi	francesi	linguistic	none	_	_	_	_	_	_
158-6	PSB005	158	parlano	parlano	linguistic	none	_	_	_	_	_	_
158-7	PSB005	158	solo	solo	linguistic	none	_	_	_	_	_	_
158-8	PSB005	158	francese.	francese	linguistic	none	Intonation=falling	End=344.08	_	_	_	_
159-0	PSB005	159	invece	invece	linguistic	none	_	Begin=344.45	_	_	_	_
159-1	PSB005	159	no?	no	linguistic	none	Intonation=rising	End=344.95	_	_	_	_
160-0	PSB063	160	[e:h]	eh	linguistic	none	_	Begin=345.42|End=345.85	0x1	_	_	0-2(17)
161-0	PSB064	161	[par]la	parla	linguistic	none	_	Begin=345.44	_	_	_	0-3(17)
161-1	PSB064	161	anche	anche	linguistic	none	_	_	_	_	_	_
161-2	PSB064	161	inglese.	inglese	linguistic	none	Intonation=falling	End=346.72	_	_	_	_
162-0	PSB063	162	allora	allora	linguistic	none	_	Begin=348.21	_	_	_	_
162-1	PSB063	162	{P}	{P}	shortpause	none	_	_	_	_	_	_
162-2	PSB063	162	io	io	linguistic	none	_	_	_	_	_	_
162-3	PSB063	162	vado	vado	linguistic	none	_	_	_	_	_	_
162-4	PSB063	162	in	in	linguistic	none	_	_	_	_	_	_
162-5	PSB063	162	francia:	francia	linguistic	none	_	_	6x1	_	_	_
162-6	PSB063	162	almeno	almeno	linguistic	none	_	_	_	_	_	_
162-7	PSB063	162	una	una	linguistic	none	_	_	_	_	_	_
162-8	PSB063	162	volta	volta	linguistic	none	_	_	_	_	_	_
162-9	PSB063	162	l'	l'	linguistic	none	SpaceAfter=No	_	_	_	_	_
162-10	PSB063	162	anno	anno	linguistic	none	_	_	_	_	_	_
162-11	PSB063	162	{P}	{P}	shortpause	none	_	_	_	_	_	_
162-12	PSB063	162	per	per	linguistic	none	_	_	_	_	_	_
162-13	PSB063	162	una	una	linguistic	none	_	_	_	_	_	_
162-14	PSB063	162	settimana	settimana	linguistic	none	_	_	_	_	_	_
162-15	PSB063	162	o	o	linguistic	none	_	_	_	_	_	_
162-16	PSB063	162	due	due	linguistic	none	_	_	_	_	_	_
162-17	PSB063	162	{P}	{P}	shortpause	none	_	_	_	_	_	_
162-18	PSB063	162	di	di	linguistic	none	_	_	_	_	_	_
162-19	PSB063	162	solito,	solito	linguistic	none	Intonation=weakly_rising	End=353.9	_	_	_	_
163-0	PSB063	163	e::hm	ehm	linguistic	none	_	Begin=354.32	0x2	_	_	_
163-1	PSB063	163	{P}	{P}	shortpause	none	_	_	_	_	_	_
163-2	PSB063	163	con	con	linguistic	none	_	_	_	_	_	_
163-3	PSB063	163	il	il	linguistic	none	_	_	_	_	_	_
163-4	PSB063	163	teatro	teatro	linguistic	none	_	_	_	_	_	_
163-5	PSB063	163	{P}	{P}	shortpause	none	_	_	_	_	_	_
163-6	PSB063	163	così,	così	linguistic	none	Intonation=weakly_rising	End=357.418	_	_	_	_
164-0	PSB063	164	e	e	linguistic	none	_	Begin=357.85|End=358.31	_	_	_	_
165-0	PSB063	165	ho	ho	linguistic	none	_	Begin=358.62	_	_	_	_
165-1	PSB063	165	avuto	avuto	linguistic	none	_	_	_	_	_	_
165-2	PSB063	165	modo	modo	linguistic	none	_	_	_	_	_	_
165-3	PSB063	165	di	di	linguistic	none	_	_	_	_	_	_
165-4	PSB063	165	sperimentare	sperimentare	linguistic	none	_	_	_	_	_	_
165-5	PSB063	165	il	il	linguistic	none	_	_	_	_	_	_
165-6	PSB063	165	fatto	fatto	linguistic	none	_	_	_	_	_	_
165-7	PSB063	165	che	che	linguistic	none	_	_	_	_	_	_
165-8	PSB063	165	{P}	{P}	shortpause	none	_	_	_	_	_	_
165-9	PSB063	165	eh	eh	linguistic	none	_	_	_	_	_	_
165-10	PSB063	165	i	i	linguistic	none	_	_	_	_	_	_
165-11	PSB063	165	francesi	francesi	linguistic	none	_	_	_	_	_	_
165-12	PSB063	165	m:h	mh	linguistic	none	_	End=364.18	0x1	_	_	_
166-0	PSB063	166	preferiscono	preferiscono	linguistic	none	_	Begin=365.14	_	_	_	_
166-1	PSB063	166	parlare	parlare	linguistic	none	_	_	_	_	_	_
166-2	PSB063	166	francese	francese	linguistic	none	_	_	_	_	_	_
166-3	PSB063	166	ma	ma	linguistic	none	_	_	_	_	_	_
166-4	PSB063	166	se	se	linguistic	none	_	_	_	_	_	_
166-5	PSB063	166	la	la	linguistic	none	_	_	_	_	_	_
166-6	PSB063	166	persona	persona	linguistic	none	_	_	_	_	_	_
166-7	PSB063	166	con	con	linguistic	none	_	_	_	_	_	_
166-8	PSB063	166	cui	cui	linguistic	none	_	_	_	_	_	_
166-9	PSB063	166	stanno	stanno	linguistic	none	_	_	_	_	_	_
166-10	PSB063	166	parlando	parlando	linguistic	none	_	_	_	_	_	_
166-11	PSB063	166	lo	lo	linguistic	none	_	_	_	_	_	_
166-12	PSB063	166	parla	parla	linguistic	none	_	_	_	_	_	_
166-13	PSB063	166	{P}	{P}	shortpause	none	_	_	_	_	_	_
166-14	PSB063	166	bene	bene	linguistic	none	_	_	_	_	_	_
166-15	PSB063	166	{P}	{P}	shortpause	none	_	_	_	_	_	_
166-16	PSB063	166	[lo]	lo	linguistic	none	_	_	_	_	_	0-2(18)
166-17	PSB063	166	parla	parla	linguistic	none	_	_	_	_	_	_
166-18	PSB063	166	nel	nel	linguistic	none	_	_	_	_	_	_
166-19	PSB063	166	loro	loro	linguistic	none	_	_	_	_	_	_
166-20	PSB063	166	modo.	modo	linguistic	none	Intonation=falling	End=371.04	_	_	_	_
167-0	PSB005	167	[sì	sì	linguistic	none	_	Begin=369.74	_	_	_	0-2(18)
167-1	PSB005	167	eh]	eh	linguistic	none	_	End=370.17	_	_	_	0-2(18)
168-0	PSB063	168	e:h	eh	linguistic	none	_	Begin=371.53	0x1	_	_	_
168-1	PSB063	168	perché:	perché	linguistic	none	_	_	5x1	_	_	_
168-2	PSB063	168	altimenti	altimenti	linguistic	none	_	_	_	_	_	_
168-3	PSB063	168	sono	sono	linguistic	none	_	_	_	_	_	_
168-4	PSB063	168	molto:	molto	linguistic	none	_	_	4x1	_	_	_
168-5	PSB063	168	{P}	{P}	shortpause	none	_	_	_	_	_	_
168-6	PSB063	168	pignoli	pignoli	linguistic	none	_	End=375.88	_	_	_	_
169-0	PSB063	169	tra	tra	linguistic	none	_	Begin=375.93	_	_	_	_
169-1	PSB063	169	virgolette	virgolette	linguistic	none	_	End=376.91	_	_	_	_
170-0	PSB063	170	sull:~	sull~	linguistic	none	Interrupted=Yes	Begin=377.35	3x1	_	_	_
170-1	PSB063	170	e:hm	ehm	linguistic	none	_	End=378.9	0x1	_	_	_
171-0	PSB063	171	nel	nel	linguistic	none	_	Begin=380.343	_	_	_	_
171-1	PSB063	171	senso	senso	linguistic	none	_	_	_	_	_	_
171-2	PSB063	171	che	che	linguistic	none	_	_	_	_	_	_
171-3	PSB063	171	se	se	linguistic	none	_	_	_	_	_	_
171-4	PSB063	171	tu	tu	linguistic	none	_	_	_	_	_	_
171-5	PSB063	171	gli	gli	linguistic	none	_	_	_	_	_	_
171-6	PSB063	171	dici	dici	linguistic	none	_	_	_	_	_	_
171-7	PSB063	171	una	una	linguistic	none	_	_	_	_	_	_
171-8	PSB063	171	parola	parola	linguistic	none	_	_	_	_	_	_
171-9	PSB063	171	{P}	{P}	shortpause	none	_	_	_	_	_	_
171-10	PSB063	171	in	in	linguistic	none	_	_	_	_	_	_
171-11	PSB063	171	francese	francese	linguistic	none	_	_	_	_	_	_
171-12	PSB063	171	{P}	{P}	shortpause	none	_	_	_	_	_	_
171-13	PSB063	171	che	che	linguistic	none	_	_	_	_	_	_
171-14	PSB063	171	però	però	linguistic	none	_	_	_	_	_	_
171-15	PSB063	171	ha	ha	linguistic	none	_	_	_	_	_	_
171-16	PSB063	171	un	un	linguistic	none	_	_	_	_	_	_
171-17	PSB063	171	accento	accento	linguistic	none	_	_	_	_	_	_
171-18	PSB063	171	sbagliato	sbagliato	linguistic	none	_	End=386.066	_	_	_	_
172-0	PSB063	172	loro	loro	linguistic	none	_	Begin=386.129	_	_	_	_
172-1	PSB063	172	o	o	linguistic	none	_	_	_	_	_	_
172-2	PSB063	172	non	non	linguistic	none	_	_	_	_	_	_
172-3	PSB063	172	la	la	linguistic	none	_	_	_	_	_	_
172-4	PSB063	172	capiscono	capiscono	linguistic	none	_	_	_	_	_	_
172-5	PSB063	172	o	o	linguistic	none	_	_	_	_	_	_
172-6	PSB063	172	fanno	fanno	linguistic	none	_	_	_	_	_	_
172-7	PSB063	172	finta	finta	linguistic	none	_	_	_	_	_	_
172-8	PSB063	172	di	di	linguistic	none	_	_	_	_	_	_
172-9	PSB063	172	non	non	linguistic	none	_	_	_	_	_	_
172-10	PSB063	172	capirla	capirla	linguistic	none	_	_	_	_	_	_
172-11	PSB063	172	ma	ma	linguistic	none	_	_	_	_	_	_
172-12	PSB063	172	comunque:	comunque	linguistic	none	_	End=390.243	7x1	_	_	_
173-0	PSB005	173	[°mhmh°]	mhmh	linguistic	none	Volume=low	Begin=390.385|End=390.771	_	_	_	0-4(19)
174-0	PSB063	174	[è	è	linguistic	none	_	Begin=390.396	_	_	_	0-1(19)
174-1	PSB063	174	diffi]cile	difficile	linguistic	none	_	_	_	_	_	0-5(19)
174-2	PSB063	174	la	la	linguistic	none	_	_	_	_	_	_
174-3	PSB063	174	comunicazione.	comunicazione	linguistic	none	Intonation=falling	End=392.253	_	_	_	_
175-0	PSB063	175	xxx	x	unknown	none	_	Begin=393.235|End=393.756	_	_	_	_
176-0	PSB005	176	sì	sì	linguistic	none	_	Begin=394.15	_	_	_	_
176-1	PSB005	176	sì	sì	linguistic	none	_	_	_	_	_	_
176-2	PSB005	176	quindi	quindi	linguistic	none	_	_	_	_	_	_
176-3	PSB005	176	i	i	linguistic	none	_	_	_	_	_	_
176-4	PSB005	176	turisti	turisti	linguistic	none	_	_	_	_	_	_
176-5	PSB005	176	{P}	{P}	shortpause	none	_	_	_	_	_	_
176-6	PSB005	176	che	che	linguistic	none	_	_	_	_	_	_
176-7	PSB005	176	vengono	vengono	linguistic	none	_	_	_	_	_	_
176-8	PSB005	176	al	al	linguistic	none	_	_	_	_	_	_
176-9	PSB005	176	bar,	bar	linguistic	none	Intonation=weakly_rising	_	_	_	_	_
176-10	PSB005	176	al	al	linguistic	none	_	_	_	_	_	_
176-11	PSB005	176	ristorante,	ristorante	linguistic	none	Intonation=weakly_rising	_	_	_	_	_
176-12	PSB005	176	parlano	parlano	linguistic	none	_	_	_	_	_	_
176-13	PSB005	176	tutti	tutti	linguistic	none	_	_	_	_	_	_
176-14	PSB005	176	inglese	inglese	linguistic	none	_	_	_	_	_	_
176-15	PSB005	176	con	con	linguistic	none	_	_	_	_	_	_
176-16	PSB005	176	te	te	linguistic	none	_	_	_	_	_	_
176-17	PSB005	176	{P}	{P}	shortpause	none	_	_	_	_	_	_
176-18	PSB005	176	[di]	di	linguistic	none	_	_	_	_	_	0-2(20)
176-19	PSB005	176	solito.	solito	linguistic	none	Intonation=falling	End=399.99	_	_	_	_
177-0	PSB064	177	[sì	sì	linguistic	none	_	Begin=399.3	_	_	_	0-2(20)
177-1	PSB064	177	sì]	sì	linguistic	none	_	End=399.79	_	_	_	0-2(20)
178-0	PSB005	178	°sì	sì	linguistic	none	Volume=low	Begin=402.19	_	_	_	_
178-1	PSB005	178	sì	sì	linguistic	none	Volume=low	_	_	_	_	_
178-2	PSB005	178	c~	c~	linguistic	none	Interrupted=Yes|Volume=low	_	_	_	_	_
178-3	PSB005	178	e~°	e~	linguistic	none	Interrupted=Yes|Volume=low	_	_	_	_	_
178-4	PSB005	178	compresi	compresi	linguistic	none	_	_	_	_	_	_
178-5	PSB005	178	i	i	linguistic	none	_	_	_	_	_	_
178-6	PSB005	178	francesi	francesi	linguistic	none	_	_	_	_	_	_
178-7	PSB005	178	°quindi,	quindi	linguistic	none	Intonation=weakly_rising|Volume=low	_	_	_	_	_
178-8	PSB005	178	sì°?	sì	linguistic	none	Intonation=rising|Volume=low	End=405.0	_	_	_	_
179-0	PSB064	179	anche	anche	linguistic	none	_	Begin=405.25	_	_	_	_
179-1	PSB064	179	francesi	francesi	linguistic	none	_	_	_	_	_	_
179-2	PSB064	179	eh	eh	linguistic	none	_	_	_	_	_	_
179-3	PSB064	179	{P}	{P}	shortpause	none	_	_	_	_	_	_
179-4	PSB064	179	perché	perché	linguistic	none	_	End=406.89	_	_	_	_
180-0	PSB064	180	e::hm	ehm	linguistic	none	_	Begin=409.11|End=410.58	0x2	_	_	_
181-0	PSB064	181	hanno	hanno	linguistic	none	_	Begin=411.31	_	_	_	_
181-1	PSB064	181	incontrato	incontrato	linguistic	none	_	_	_	_	_	_
181-2	PSB064	181	tanta	tanta	linguistic	none	_	_	_	_	_	_
181-3	PSB064	181	gente	gente	linguistic	none	_	_	_	_	_	_
181-4	PSB064	181	che	che	linguistic	none	_	_	_	_	_	_
181-5	PSB064	181	{P}	{P}	shortpause	none	_	_	_	_	_	_
181-6	PSB064	181	non	non	linguistic	none	_	_	_	_	_	_
181-7	PSB064	181	parla	parla	linguistic	none	_	_	_	_	_	_
181-8	PSB064	181	bene	bene	linguistic	none	_	_	_	_	_	_
181-9	PSB064	181	il	il	linguistic	none	_	_	_	_	_	_
181-10	PSB064	181	francese	francese	linguistic	none	_	_	_	_	_	_
181-11	PSB064	181	{P}	{P}	shortpause	none	_	_	_	_	_	_
181-12	PSB064	181	per	per	linguistic	none	_	_	_	_	_	_
181-13	PSB064	181	quello:	quello	linguistic	none	_	End=416.03	5x1	_	_	_
182-0	PSB064	182	l'	l'	linguistic	none	SpaceAfter=No	Begin=416.36	_	_	_	_
182-1	PSB064	182	inglese	inglese	linguistic	none	_	_	_	_	_	_
182-2	PSB064	182	è	è	linguistic	none	_	_	_	_	_	_
182-3	PSB064	182	più	più	linguistic	none	_	_	_	_	_	_
182-4	PSB064	182	facile	facile	linguistic	none	_	_	_	_	_	_
182-5	PSB064	182	per	per	linguistic	none	_	_	_	_	_	_
182-6	PSB064	182	e:h	eh	linguistic	none	_	End=418.67	0x1	_	_	_
183-0	PSB005	183	mhmh	mhmh	linguistic	none	_	Begin=419.62|End=420.27	_	_	_	_
184-0	PSB064	184	per	per	linguistic	none	_	Begin=420.76	_	_	_	_
184-1	PSB064	184	e:h	eh	linguistic	none	_	_	0x1	_	_	_
184-2	PSB064	184	{P}	{P}	shortpause	none	_	_	_	_	_	_
184-3	PSB064	184	falici~	falici~	linguistic	none	Interrupted=Yes	_	_	_	_	_
184-4	PSB064	184	facilitare	facilitare	linguistic	none	_	_	_	_	_	_
184-5	PSB064	184	la	la	linguistic	none	_	_	_	_	_	_
184-6	PSB064	184	vita.	vita	linguistic	none	Intonation=falling	End=423.91	_	_	_	_
185-0	PSB005	185	sì	sì	linguistic	none	_	Begin=423.92	_	_	_	_
185-1	PSB005	185	sì	sì	linguistic	none	_	_	_	_	_	_
185-2	PSB005	185	sì	sì	linguistic	none	_	End=424.76	_	_	_	_
186-0	PSB005	186	cer[to]	certo	linguistic	none	_	Begin=424.88|End=425.31	_	_	_	3-5(21)
187-0	PSB063	187	[e]	e	linguistic	none	_	Begin=425.06	_	_	_	0-1(21)
187-1	PSB063	187	invece	invece	linguistic	none	_	_	_	_	_	_
187-2	PSB063	187	posso	posso	linguistic	none	_	_	_	_	_	_
187-3	PSB063	187	farti	farti	linguistic	none	_	_	_	_	_	_
187-4	PSB063	187	una	una	linguistic	none	_	_	_	_	_	_
187-5	PSB063	187	domanda	domanda	linguistic	none	_	_	_	_	_	_
187-6	PSB063	187	io?	io	linguistic	none	Intonation=rising	End=426.69	_	_	_	_
188-0	PSB063	188	ehm:	ehm	linguistic	none	_	Begin=427.3|End=428.15	2x1	_	_	_
189-0	PSB063	189	ma	ma	linguistic	none	_	Begin=428.49	_	_	_	_
189-1	PSB063	189	quindi	quindi	linguistic	none	_	_	_	_	_	_
189-2	PSB063	189	{P}	{P}	shortpause	none	_	_	_	_	_	_
189-3	PSB063	189	in	in	linguistic	none	_	_	_	_	_	_
189-4	PSB063	189	arabo	arabo	linguistic	none	_	_	_	_	_	_
189-5	PSB063	189	{P}	{P}	shortpause	none	_	_	_	_	_	_
189-6	PSB063	189	ci	ci	linguistic	none	_	_	_	_	_	_
189-7	PSB063	189	sono	sono	linguistic	none	_	_	_	_	_	_
189-8	PSB063	189	diversi	diversi	linguistic	none	_	_	_	_	_	_
189-9	PSB063	189	dialetti?	dialetti	linguistic	none	Intonation=rising	End=432.04	_	_	_	_
190-0	PSB063	190	[in]	in	linguistic	none	_	Begin=432.48	_	_	_	0-2(22)
190-1	PSB063	190	base	base	linguistic	none	_	_	_	_	_	_
190-2	PSB063	190	alla	alla	linguistic	none	_	_	_	_	_	_
190-3	PSB063	190	nazionalità?	nazionalità	linguistic	none	Intonation=rising	End=434.27	_	_	_	_
191-0	PSB064	191	[s:ì]	sì	linguistic	none	_	Begin=432.48|End=432.77	0x1	_	_	0-2(22)
192-0	PSB064	192	in	in	linguistic	none	_	Begin=434.34	_	_	_	_
192-1	PSB064	192	base	base	linguistic	none	_	_	_	_	_	_
192-2	PSB064	192	alla	alla	linguistic	none	_	_	_	_	_	_
192-3	PSB064	192	nazionalità	nazionalità	linguistic	none	_	_	_	_	_	_
192-4	PSB064	192	sì.	sì	linguistic	none	Intonation=falling	End=435.75	_	_	_	_
193-0	PSB063	193	quindi	quindi	linguistic	none	_	Begin=435.81	_	_	_	_
193-1	PSB063	193	l'	l'	linguistic	none	SpaceAfter=No	_	_	_	_	_
193-2	PSB063	193	arabo:	arabo	linguistic	none	_	_	4x1	_	_	_
193-3	PSB063	193	marocchino	marocchino	linguistic	none	_	_	_	_	_	_
193-4	PSB063	193	{P}	{P}	shortpause	none	_	_	_	_	_	_
193-5	PSB063	193	è	è	linguistic	none	_	_	_	_	_	_
193-6	PSB063	193	diverso	diverso	linguistic	none	_	_	_	_	_	_
193-7	PSB063	193	dall'	dall'	linguistic	none	SpaceAfter=No	_	_	_	_	_
193-8	PSB063	193	arabo:	arabo	linguistic	none	_	_	4x1	_	_	_
193-9	PSB063	193	che	che	linguistic	none	_	_	_	_	_	_
193-10	PSB063	193	si	si	linguistic	none	_	_	_	_	_	_
193-11	PSB063	193	parla	parla	linguistic	none	_	_	_	_	_	4-5(23)
193-12	PSB063	193	[in	in	linguistic	none	_	_	_	_	_	0-2(23)
193-13	PSB063	193	egit]to?	egitto	linguistic	none	Intonation=rising	End=440.25	_	_	_	0-3(23)
194-0	PSB064	194	[sì	sì	linguistic	none	_	Begin=439.46	_	_	_	0-2(23)
194-1	PSB064	194	eh]	eh	linguistic	none	_	_	_	_	_	0-2(23)
194-2	PSB064	194	{P}	{P}	shortpause	none	_	_	_	_	_	_
194-3	PSB064	194	dipende	dipende	linguistic	none	_	_	_	_	_	_
194-4	PSB064	194	a:	a	linguistic	none	_	_	0x1	_	_	_
194-5	PSB064	194	{P}	{P}	shortpause	none	_	_	_	_	_	_
194-6	PSB064	194	quale	quale	linguistic	none	_	_	_	_	_	_
194-7	PSB064	194	colonizzazione	colonizzazione	linguistic	none	_	_	_	_	_	_
194-8	PSB064	194	era	era	linguistic	none	_	_	_	_	_	_
194-9	PSB064	194	er~	er~	linguistic	none	Interrupted=Yes	_	_	_	_	_
194-10	PSB064	194	il	il	linguistic	none	_	_	_	_	_	_
194-11	PSB064	194	pae:se,	paese	linguistic	none	Intonation=weakly_rising	End=444.18	2x1	_	_	_
195-0	PSB064	195	e:	e	linguistic	none	_	Begin=444.85	0x1	_	_	_
195-1	PSB064	195	dipende	dipende	linguistic	none	_	_	_	_	_	_
195-2	PSB064	195	anche:	anche	linguistic	none	_	End=446.64	4x1	_	_	_
196-0	PSB064	196	come	come	linguistic	none	_	Begin=447.25	_	_	_	_
196-1	PSB064	196	loro	loro	linguistic	none	_	_	_	_	_	_
196-2	PSB064	196	parlano:	parlano	linguistic	none	_	_	6x1	_	_	_
196-3	PSB064	196	nel~	nel~	linguistic	none	Interrupted=Yes	End=449.69	_	_	_	_
197-0	PSB064	197	ne:l~	ne:l~	linguistic	none	Interrupted=Yes	Begin=451.11|End=452.16	1x1	_	_	_
198-0	PSB064	198	nel~	nel~	linguistic	some	Interrupted=Yes	Begin=454.17	_	_	_	_
198-1	PSB064	198	nella	nella	linguistic	some	_	_	_	_	_	_
198-2	PSB064	198	parte	parte	linguistic	some	_	_	_	_	_	_
198-3	PSB064	198	palestina:,	palestina	linguistic	some	Intonation=weakly_rising	_	8x1	_	_	_
198-4	PSB064	198	#lebanon:,	lebanon	linguistic	some	Intonation=weakly_rising|Language=NO_ISO_CODE	End=457.84	6x1	_	_	_
200-0	PSB063	200	mhmh	mhmh	linguistic	none	_	Begin=457.85|End=458.36	_	_	_	_
201-0	PSB064	201	e:hm	ehm	linguistic	none	_	Begin=459.0|End=459.78	0x1	_	_	_
202-0	PSB064	202	parlano	parlano	linguistic	none	_	Begin=460.3	_	_	_	_
202-1	PSB064	202	in	in	linguistic	none	_	_	_	_	_	_
202-2	PSB064	202	un	un	linguistic	none	_	_	_	_	_	_
202-3	PSB064	202	{P}	{P}	shortpause	none	_	_	_	_	_	_
202-4	PSB064	202	modo.	modo	linguistic	none	Intonation=falling	End=461.92	_	_	_	_
203-0	PSB064	203	e	e	linguistic	some	_	Begin=462.56	_	_	_	_
203-1	PSB064	203	nella	nella	linguistic	some	_	_	_	_	_	_
203-2	PSB064	203	parte	parte	linguistic	some	_	_	_	_	_	_
203-3	PSB064	203	di	di	linguistic	some	_	_	_	_	_	_
203-4	PSB064	203	#saudi	saudi	linguistic	some	Language=NO_ISO_CODE	_	_	_	_	_
203-5	PSB064	203	#arabia	arabia	linguistic	some	Language=NO_ISO_CODE	_	_	_	_	_
203-6	PSB064	203	e:	e	linguistic	some	_	_	0x1	_	_	_
203-7	PSB064	203	l'	l'	linguistic	some	SpaceAfter=No	_	_	_	_	_
203-8	PSB064	203	emirati	emirati	linguistic	some	_	End=465.72	_	_	_	_
205-0	PSB063	205	parlano	parlano	linguistic	none	_	Begin=466.38	_	_	_	_
205-1	PSB063	205	in	in	linguistic	none	_	_	_	_	_	_
205-2	PSB063	205	un	un	linguistic	none	_	_	_	_	_	_
205-3	PSB063	205	altr[o]	altro	linguistic	none	_	End=467.17	_	_	_	4-5(24)
206-0	PSB064	206	[eh	eh	linguistic	none	_	Begin=467.09	_	_	_	0-2(24)
206-1	PSB064	206	in]	in	linguistic	none	_	_	_	_	_	0-2(24)
206-2	PSB064	206	altro	altro	linguistic	none	_	_	_	_	_	_
206-3	PSB064	206	modo.	modo	linguistic	none	Intonation=falling	End=468.3	_	_	_	_
207-0	PSB063	207	ma	ma	linguistic	none	_	Begin=468.45	_	_	_	_
207-1	PSB063	207	tu	tu	linguistic	none	_	_	_	_	_	_
207-2	PSB063	207	[lo	lo	linguistic	none	_	_	_	_	_	0-2(25)
207-3	PSB063	207	capisci]?	capisci	linguistic	none	Intonation=rising	End=469.26	_	_	_	0-7(25)
208-0	PSB064	208	[EGIZIANI],	egiziani	linguistic	none	Intonation=weakly_rising|Volume=high	Begin=468.63|End=469.4	_	_	_	0-8(25)
209-0	PSB064	209	sì	sì	linguistic	none	_	Begin=469.85	_	_	_	_
209-1	PSB064	209	{P}	{P}	shortpause	none	_	_	_	_	_	_
209-2	PSB064	209	capisco	capisco	linguistic	none	_	_	_	_	_	_
209-3	PSB064	209	tutto.	tutto	linguistic	none	Intonation=falling	End=470.89	_	_	_	_
210-0	PSB064	210	non:	non	linguistic	none	_	Begin=471.59	2x1	_	_	_
210-1	PSB064	210	e~	e~	linguistic	none	Interrupted=Yes	_	_	_	_	_
210-2	PSB064	210	non	non	linguistic	none	_	_	_	_	_	_
210-3	PSB064	210	la~	la~	linguistic	none	Interrupted=Yes	_	_	_	_	_
210-4	PSB064	210	il	il	linguistic	none	_	_	_	_	_	_
210-5	PSB064	210	dialetto	dialetto	linguistic	none	_	_	_	_	_	_
210-6	PSB064	210	di~	di~	linguistic	none	Interrupted=Yes	End=473.93	_	_	_	_
211-0	PSB064	211	più	più	linguistic	none	_	Begin=474.32	_	_	_	_
211-1	PSB064	211	difficile	difficile	linguistic	none	_	_	_	_	_	_
211-2	PSB064	211	è	è	linguistic	none	_	_	_	_	_	_
211-3	PSB064	211	{P}	{P}	shortpause	none	_	_	_	_	_	_
211-4	PSB064	211	di	di	linguistic	none	_	_	_	_	_	_
211-5	PSB064	211	kuwait.	kuwait	linguistic	none	Intonation=falling	End=476.06	_	_	_	_
212-0	PSB064	212	il	il	linguistic	none	_	Begin=476.57	_	_	_	_
212-1	PSB064	212	più	più	linguistic	none	_	_	_	_	_	_
212-2	PSB064	212	difficile	difficile	linguistic	none	_	_	_	_	_	_
212-3	PSB064	212	è	è	linguistic	none	_	_	_	_	_	_
212-4	PSB064	212	del	del	linguistic	none	_	_	_	_	_	_
212-5	PSB064	212	marocchi[no]	marocchino	linguistic	none	_	End=478.16	_	_	_	8-10(26)
213-0	PSB005	213	[eh]	eh	linguistic	none	_	Begin=477.77	_	_	_	0-2(26)
213-1	PSB005	213	vedi?	vedi	linguistic	none	Intonation=rising	End=478.65	_	_	_	_
214-0	PSB005	214	ah,	ah	linguistic	none	Intonation=weakly_rising	Begin=480.2	_	_	_	_
214-1	PSB005	214	come	come	linguistic	none	_	_	_	_	_	_
214-2	PSB005	214	mai?	mai	linguistic	none	Intonation=rising	End=481.14	_	_	_	_
215-0	PSB005	215	perché?	perché	linguistic	none	Intonation=rising	Begin=481.32|End=481.75	_	_	_	_
216-0	PSB064	216	pe:~	pe~	linguistic	none	Interrupted=Yes	Begin=481.78	1x1	_	_	_
216-1	PSB064	216	perché	perché	linguistic	none	_	_	_	_	_	_
216-2	PSB064	216	loro	loro	linguistic	none	_	_	_	_	_	_
216-3	PSB064	216	hanno	hanno	linguistic	none	_	_	_	_	_	_
216-4	PSB064	216	inventato	inventato	linguistic	none	_	_	_	_	_	_
216-5	PSB064	216	un	un	linguistic	none	_	_	_	_	_	_
216-6	PSB064	216	eh	eh	linguistic	none	_	_	_	_	_	_
216-7	PSB064	216	{P}	{P}	shortpause	none	_	_	_	_	_	_
216-8	PSB064	216	uno	uno	linguistic	none	_	_	_	_	_	_
216-9	PSB064	216	{P}	{P}	shortpause	none	_	_	_	_	_	_
216-10	PSB064	216	$dell:i	delli	linguistic	none	Orthography=Yes	_	3x1	_	_	_
216-11	PSB064	216	parole	parole	linguistic	none	_	End=487.88	_	_	_	_
217-0	PSB064	217	loro	loro	linguistic	none	_	Begin=488.08	_	_	_	_
217-1	PSB064	217	l'	l'	linguistic	none	SpaceAfter=No	_	_	_	_	_
217-2	PSB064	217	hanno	hanno	linguistic	none	_	_	_	_	_	_
217-3	PSB064	217	inventate	inventate	linguistic	none	_	_	_	_	_	_
217-4	PSB064	217	non	non	linguistic	none	_	_	_	_	_	_
217-5	PSB064	217	{P}[	{P}	shortpause	none	_	_	_	_	_	0-3(27)
217-6	PSB064	217	no]n	non	linguistic	none	_	_	_	_	_	0-2(27)
217-7	PSB064	217	hanno	hanno	linguistic	none	_	_	_	_	_	_
217-8	PSB064	217	nessun	nessun	linguistic	none	_	_	_	_	_	_
217-9	PSB064	217	relazione	relazione	linguistic	none	_	_	_	_	_	_
217-10	PSB064	217	in:~	in~	linguistic	none	Interrupted=Yes	End=492.84	1x1	_	_	_
218-0	PSB063	218	[mh]	mh	linguistic	none	_	Begin=490.157|End=490.45	_	_	_	0-2(27)
219-0	PSB063	219	con	con	linguistic	none	_	Begin=493.01	_	_	_	_
219-1	PSB063	219	le	le	linguistic	none	_	_	_	_	_	_
219-2	PSB063	219	altre	altre	linguistic	none	_	_	_	_	_	_
219-3	PSB063	219	{P}	{P}	shortpause	none	_	_	_	_	_	_
219-4	PSB063	219	e	e	linguistic	none	_	_	_	_	_	_
219-5	PSB063	219	gli	gli	linguistic	none	_	_	_	_	_	_
219-6	PSB063	219	altri	altri	linguistic	none	_	_	_	_	_	_
219-7	PSB063	219	dia[le~]	diale~	linguistic	none	Interrupted=Yes	End=494.81	_	_	_	3-6(28)
220-0	PSB064	220	[con	con	linguistic	none	_	Begin=494.19	_	_	_	0-3(28)
220-1	PSB064	220	nessun]	nessun	linguistic	none	_	_	_	_	_	0-6(28)
220-2	PSB064	220	lingua,	lingua	linguistic	none	Intonation=weakly_rising	_	_	_	_	_
220-3	PSB064	220	con	con	linguistic	none	_	_	_	_	_	_
220-4	PSB064	220	francese,	francese	linguistic	none	Intonation=weakly_rising	_	_	_	_	_
220-5	PSB064	220	con:	con	linguistic	none	_	_	2x1	_	_	_
220-6	PSB064	220	{P}	{P}	shortpause	none	_	_	_	_	_	_
220-7	PSB064	220	lingue	lingue	linguistic	none	_	_	_	_	_	_
220-8	PSB064	220	latine,	latine	linguistic	none	Intonation=weakly_rising	_	_	_	_	_
220-9	PSB064	220	con	con	linguistic	none	_	_	_	_	_	_
220-10	PSB064	220	eh:	eh	linguistic	none	_	_	1x1	_	_	_
220-11	PSB064	220	l'	l'	linguistic	none	SpaceAfter=No	_	_	_	_	_
220-12	PSB064	220	arabo,	arabo	linguistic	none	Intonation=weakly_rising	_	_	_	_	_
220-13	PSB064	220	con	con	linguistic	none	_	_	_	_	_	_
220-14	PSB064	220	niente.	niente	linguistic	none	Intonation=falling	End=499.91	_	_	_	_
221-0	PSB005	221	stranissimo.	stranissimo	linguistic	none	Intonation=falling	Begin=501.22	_	_	_	_
221-1	PSB005	221	{P}	{P}	shortpause	none	_	_	_	_	_	_
221-2	PSB005	221	non	non	linguistic	none	_	_	_	_	_	_
221-3	PSB005	221	l'	l'	linguistic	none	SpaceAfter=No	_	_	_	_	_
221-4	PSB005	221	ho	ho	linguistic	none	_	_	_	_	_	_
221-5	PSB005	221	mai	mai	linguistic	none	_	_	_	_	_	_
221-6	PSB005	221	sentito	sentito	linguistic	none	_	_	_	_	_	_
221-7	PSB005	221	questo	questo	linguistic	none	_	_	_	_	_	_
221-8	PSB005	221	adesso	adesso	linguistic	none	_	_	_	_	_	_
221-9	PSB005	221	faccio	faccio	linguistic	none	_	_	_	_	_	_
221-10	PSB005	221	delle	delle	linguistic	none	_	_	_	_	_	_
221-11	PSB005	221	ricerche.	ricerche	linguistic	none	Intonation=falling	End=504.68	_	_	_	_
222-0	PSB005	222	ma	ma	linguistic	none	_	Begin=505.55	_	_	_	_
222-1	PSB005	222	{P}	{P}	shortpause	none	_	_	_	_	_	_
222-2	PSB005	222	sin~	sin~	linguistic	none	Interrupted=Yes	_	_	_	_	_
222-3	PSB005	222	{P}	{P}	shortpause	none	_	_	_	_	_	_
222-4	PSB005	222	ti	ti	linguistic	none	_	_	_	_	_	_
222-5	PSB005	222	capita	capita	linguistic	none	_	_	_	_	_	_
222-6	PSB005	222	di	di	linguistic	none	_	_	_	_	_	_
222-7	PSB005	222	incontrare	incontrare	linguistic	none	_	_	_	_	_	_
222-8	PSB005	222	delle	delle	linguistic	none	_	_	_	_	_	_
222-9	PSB005	222	persone	persone	linguistic	none	_	_	_	_	_	_
222-10	PSB005	222	del	del	linguistic	none	_	_	_	_	_	_
222-11	PSB005	222	kuwait?	kuwait	linguistic	none	Intonation=rising	End=508.55	_	_	_	_
223-0	PSB064	223	no	no	linguistic	none	_	Begin=509.03	_	_	_	_
223-1	PSB064	223	ma:	ma	linguistic	none	_	End=510.0	1x1	_	_	_
224-0	PSB064	224	ho	ho	linguistic	none	_	Begin=510.9	_	_	_	_
224-1	PSB064	224	sentito	sentito	linguistic	none	_	_	_	_	_	_
224-2	PSB064	224	in	in	linguistic	none	_	_	_	_	_	_
224-3	PSB064	224	un	un	linguistic	none	_	_	_	_	_	_
224-4	PSB064	224	{P}	{P}	shortpause	none	_	_	_	_	_	_
224-5	PSB064	224	film	film	linguistic	none	_	_	_	_	_	_
224-6	PSB064	224	o:	o	linguistic	none	_	End=512.99	0x1	_	_	_
225-0	PSB005	225	ah	ah	linguistic	none	_	Begin=513.08	_	_	_	_
225-1	PSB005	225	okay	okay	linguistic	none	_	End=513.68	_	_	_	_
226-0	PSB064	226	(perché:)	perché	linguistic	none	_	Begin=513.71	5x1	_	0-6(0)	_
226-1	PSB064	226	non	non	linguistic	none	_	_	_	_	_	_
226-2	PSB064	226	ho	ho	linguistic	none	_	_	_	_	_	_
226-3	PSB064	226	{P}	{P}	shortpause	none	_	_	_	_	_	_
226-4	PSB064	226	non	non	linguistic	none	_	_	_	_	_	_
226-5	PSB064	226	ho	ho	linguistic	none	_	_	_	_	_	_
226-6	PSB064	226	capito	capito	linguistic	none	_	_	_	_	_	_
226-7	PSB064	226	nien[te].	niente	linguistic	none	Intonation=falling	End=515.91	_	_	_	4-6(29)
227-0	PSB005	227	[sì]	sì	linguistic	none	_	Begin=515.764	_	_	_	0-2(29)
227-1	PSB005	227	sì	sì	linguistic	none	_	_	_	_	_	_
227-2	PSB005	227	sì	sì	linguistic	none	_	End=516.52	_	_	_	_
228-0	PSB005	228	e:hm	ehm	linguistic	none	_	Begin=517.18|End=517.87	0x1	_	_	_
229-0	PSB005	229	diciamo	diciamo	linguistic	none	_	Begin=519.16	_	_	_	_
229-1	PSB005	229	nella	nella	linguistic	none	_	_	_	_	_	_
229-2	PSB005	229	parte	parte	linguistic	none	_	_	_	_	_	_
229-3	PSB005	229	del	del	linguistic	none	_	_	_	_	_	_
229-4	PSB005	229	nord	nord	linguistic	none	_	_	_	_	_	_
229-5	PSB005	229	africa	africa	linguistic	none	_	_	_	_	_	_
229-6	PSB005	229	{P}	{P}	shortpause	none	_	_	_	_	_	_
229-7	PSB005	229	vi	vi	linguistic	none	_	_	_	_	_	_
229-8	PSB005	229	capite	capite	linguistic	none	_	_	_	_	_	_
229-9	PSB005	229	abbastanza	abbastanza	linguistic	none	_	_	_	_	_	_
229-10	PSB005	229	bene,	bene	linguistic	none	Intonation=weakly_rising	End=523.14	_	_	_	_
230-0	PSB064	230	possiamo	possiamo	linguistic	none	_	Begin=523.3	_	_	_	_
230-1	PSB064	230	{P}	{P}	shortpause	none	_	_	_	_	_	_
230-2	PSB064	230	comunicare	comunicare	linguistic	none	_	_	_	_	_	_
230-3	PSB064	230	al~	al~	linguistic	none	Interrupted=Yes	_	_	_	_	_
230-4	PSB064	230	{P}	{P}	shortpause	none	_	_	_	_	_	_
230-5	PSB064	230	[me]no	meno	linguistic	none	_	_	_	_	_	0-2(30)
230-6	PSB064	230	male.	male	linguistic	none	Intonation=falling	End=525.8	_	_	_	_
231-0	PSB005	231	[sì]	sì	linguistic	none	_	Begin=525.17|End=525.43	_	_	_	0-2(30)
232-0	PSB005	232	più	più	linguistic	none	_	Begin=525.92	_	_	_	_
232-1	PSB005	232	o	o	linguistic	none	_	_	_	_	_	_
232-2	PSB005	232	meno	meno	linguistic	none	_	_	_	_	_	_
232-3	PSB005	232	{P}	{P}	shortpause	none	_	_	_	_	_	_
232-4	PSB005	232	sì.	sì	linguistic	none	Intonation=falling	End=526.765	_	_	_	_
233-0	PSB064	233	più	più	linguistic	none	_	Begin=526.765	_	_	_	_
233-1	PSB064	233	o	o	linguistic	none	_	_	_	_	_	_
233-2	PSB064	233	meno.	meno	linguistic	none	Intonation=falling	End=527.37	_	_	_	_
234-0	PSB064	234	ma:	ma	linguistic	none	_	Begin=528.49|End=529.13	1x1	_	_	_
235-0	PSB064	235	ma	ma	linguistic	none	_	Begin=530.1	_	_	_	_
235-1	PSB064	235	non:	non	linguistic	none	_	_	2x1	_	_	_
235-2	PSB064	235	{P}	{P}	shortpause	none	_	_	_	_	_	_
235-3	PSB064	235	se	se	linguistic	none	_	_	_	_	_	_
235-4	PSB064	235	non	non	linguistic	none	_	_	_	_	_	_
235-5	PSB064	235	parliamo	parliamo	linguistic	none	_	_	_	_	_	_
235-6	PSB064	235	{P}	{P}	shortpause	none	_	_	_	_	_	_
235-7	PSB064	235	se	se	linguistic	none	_	_	_	_	_	_
235-8	PSB064	235	noi	noi	linguistic	none	_	_	_	_	_	_
235-9	PSB064	235	parliamo	parliamo	linguistic	none	_	_	_	_	_	_
235-10	PSB064	235	tanto,	tanto	linguistic	none	Intonation=weakly_rising	End=533.34	_	_	_	_
236-0	PSB064	236	in	in	linguistic	none	_	Begin=534.6	_	_	_	_
236-1	PSB064	236	un:	un	linguistic	none	_	_	1x1	_	_	_
236-2	PSB064	236	per	per	linguistic	none	_	_	_	_	_	_
236-3	PSB064	236	un	un	linguistic	none	_	_	_	_	_	_
236-4	PSB064	236	lungo	lungo	linguistic	none	_	_	_	_	_	_
236-5	PSB064	236	periodo	periodo	linguistic	none	_	_	_	_	_	_
236-6	PSB064	236	non	non	linguistic	none	_	_	_	_	_	_
236-7	PSB064	236	cap~	cap~	linguistic	none	Interrupted=Yes	_	_	_	_	_
236-8	PSB064	236	$capisciamo	capisciamo	linguistic	none	Orthography=Yes	_	_	_	_	_
236-9	PSB064	236	tutto	tutto	linguistic	none	_	_	_	_	_	_
236-10	PSB064	236	che:	che	linguistic	none	_	_	2x1	_	_	_
236-11	PSB064	236	loro	loro	linguistic	none	_	_	_	_	_	_
236-12	PSB064	236	dicono.	dicono	linguistic	none	Intonation=falling	End=539.8	_	_	_	_
237-0	PSB064	237	e:	e	linguistic	none	_	Begin=540.94|End=541.61	0x1	_	_	_
238-0	PSB064	238	noi	noi	linguistic	none	_	Begin=541.83	_	_	_	_
238-1	PSB064	238	e:hm	ehm	linguistic	none	_	End=543.28	0x1	_	_	_
239-0	PSB064	239	algeri:ni,	algerini	linguistic	none	Intonation=weakly_rising	Begin=543.46	5x1	_	_	_
239-1	PSB064	239	e:	e	linguistic	none	_	_	0x1	_	_	_
239-2	PSB064	239	marocchini	marocchini	linguistic	none	_	_	_	_	_	_
239-3	PSB064	239	possiamo	possiamo	linguistic	none	_	_	_	_	_	_
239-4	PSB064	239	parlare	parlare	linguistic	none	_	_	_	_	_	_
239-5	PSB064	239	perfettamente	perfettamente	linguistic	none	_	End=548.329	_	_	_	_
240-0	PSB064	240	bene	bene	linguistic	none	_	Begin=548.529	_	_	_	_
240-1	PSB064	240	non	non	linguistic	none	_	_	_	_	_	_
240-2	PSB064	240	abbiamo	abbiamo	linguistic	none	_	_	_	_	_	_
240-3	PSB064	240	nessun	nessun	linguistic	none	_	_	_	_	_	_
240-4	PSB064	240	problema	problema	linguistic	none	_	_	_	_	_	_
240-5	PSB064	240	perché	perché	linguistic	none	_	_	_	_	_	_
240-6	PSB064	240	{P}	{P}	shortpause	none	_	_	_	_	_	_
240-7	PSB064	240	c'	c'	linguistic	none	SpaceAfter=No	_	_	_	_	_
240-8	PSB064	240	è	è	linguistic	none	_	_	_	_	_	_
240-9	PSB064	240	similarità	similarità	linguistic	none	_	_	_	_	_	_
240-10	PSB064	240	di	di	linguistic	none	_	_	_	_	_	_
240-11	PSB064	240	novanta	novanta	linguistic	none	_	_	_	_	_	_
240-12	PSB064	240	per	per	linguistic	none	_	_	_	_	_	_
240-13	PSB064	240	cento.	cento	linguistic	none	Intonation=falling	End=553.421	_	_	_	_
241-0	PSB005	241	mh	mh	linguistic	none	_	Begin=553.443|End=553.714	_	_	_	_
242-0	PSB064	242	ma	ma	linguistic	none	_	Begin=553.72	_	_	_	_
242-1	PSB064	242	con	con	linguistic	none	_	_	_	_	_	_
242-2	PSB064	242	ten~	ten~	linguistic	none	Interrupted=Yes	_	_	_	_	_
242-3	PSB064	242	tunisino	tunisino	linguistic	none	_	_	_	_	_	_
242-4	PSB064	242	c'	c'	linguistic	none	SpaceAfter=No	_	_	_	_	_
242-5	PSB064	242	è	è	linguistic	none	_	_	_	_	_	_
242-6	PSB064	242	{P}	{P}	shortpause	none	_	_	_	_	_	_
242-7	PSB064	242	sessanta	sessanta	linguistic	none	_	_	_	_	_	_
242-8	PSB064	242	per	per	linguistic	none	_	_	_	_	_	_
242-9	PSB064	242	cento.	cento	linguistic	none	Intonation=falling	End=556.59	_	_	_	_
243-0	PSB005	243	okay.	okay	linguistic	none	Intonation=falling	Begin=556.62|End=556.89	_	_	_	_
244-0	PSB064	244	e	e	linguistic	none	_	Begin=557.16	_	_	_	_
244-1	PSB064	244	con:	con	linguistic	none	_	End=558.15	2x1	_	_	_
245-0	PSB064	245	e:	e	linguistic	none	_	Begin=558.79	0x1	_	_	_
245-1	PSB064	245	con	con	linguistic	none	_	_	_	_	_	_
245-2	PSB064	245	egiziani,	egiziani	linguistic	none	Intonation=weakly_rising	_	_	_	_	_
245-3	PSB064	245	li	li	linguistic	none	_	_	_	_	_	_
245-4	PSB064	245	egiziani	egiziani	linguistic	none	_	_	_	_	_	_
245-5	PSB064	245	parlano	parlano	linguistic	none	_	_	_	_	_	_
245-6	PSB064	245	più	più	linguistic	none	_	_	_	_	_	_
245-7	PSB064	245	l'	l'	linguistic	none	SpaceAfter=No	_	_	_	_	_
245-8	PSB064	245	a:rabo.	arabo	linguistic	none	Intonation=falling	End=562.52	0x1	_	_	_
246-0	PSB064	246	noi	noi	linguistic	none	_	Begin=563.74	_	_	_	_
246-1	PSB064	246	parliamo	parliamo	linguistic	none	_	_	_	_	_	_
246-2	PSB064	246	l'	l'	linguistic	none	SpaceAfter=No	_	_	_	_	_
246-3	PSB064	246	arabo	arabo	linguistic	none	_	_	_	_	_	_
246-4	PSB064	246	più:	più	linguistic	none	_	_	2x1	_	_	_
246-5	PSB064	246	{P}	{P}	shortpause	none	_	_	_	_	_	_
246-6	PSB064	246	altre	altre	linguistic	none	_	_	_	_	_	_
246-7	PSB064	246	lingue	lingue	linguistic	none	_	End=566.12	_	_	_	_
247-0	PSB064	247	loro	loro	linguistic	none	_	Begin=566.26	_	_	_	_
247-1	PSB064	247	parla[no]	parlano	linguistic	none	_	_	_	_	_	5-7(31)
247-2	PSB064	247	più	più	linguistic	none	_	_	_	_	_	_
247-3	PSB064	247	l'	l'	linguistic	none	SpaceAfter=No	_	_	_	_	_
247-4	PSB064	247	ara[bo]	arabo	linguistic	none	_	_	_	_	_	2-5(32)
247-5	PSB064	247	{P}[]	{P}	shortpause	none	_	_	_	_	_	0-3(33)
247-6	PSB064	247	e	e	linguistic	none	_	_	_	_	_	_
247-7	PSB064	247	un	un	linguistic	none	_	_	_	_	_	_
247-8	PSB064	247	pochi::no	pochino	linguistic	none	_	_	4x2	_	_	_
247-9	PSB064	247	di~	di~	linguistic	none	Interrupted=Yes	_	_	_	_	_
247-10	PSB064	247	di	di	linguistic	none	_	_	_	_	_	_
247-11	PSB064	247	inglese.	inglese	linguistic	none	Intonation=falling	End=570.9	_	_	_	_
248-0	PSB005	248	[okay]	okay	linguistic	none	_	Begin=566.82|End=567.08	_	_	_	0-4(31)
249-0	PSB005	249	[okay]	okay	linguistic	none	_	Begin=567.68|End=568.07	_	_	_	0-4(32)
250-0	PSB005	250	[sì]	sì	linguistic	none	_	Begin=568.16|End=568.51	_	_	_	0-2(33)
251-0	PSB005	251	sì	sì	linguistic	none	_	Begin=571.04	_	_	_	_
251-1	PSB005	251	sì	sì	linguistic	none	_	_	_	_	_	_
251-2	PSB005	251	sì	sì	linguistic	none	_	End=571.65	_	_	_	_
252-0	PSB064	252	per	per	linguistic	none	_	Begin=571.68	_	_	_	_
252-1	PSB064	252	quello	quello	linguistic	none	_	_	_	_	_	_
252-2	PSB064	252	è	è	linguistic	none	_	_	_	_	_	_
252-3	PSB064	252	più	più	linguistic	none	_	_	_	_	_	_
252-4	PSB064	252	fa~	fa~	linguistic	none	Interrupted=Yes	_	_	_	_	_
252-5	PSB064	252	difficile	difficile	linguistic	none	_	_	_	_	_	_
252-6	PSB064	252	parlare	parlare	linguistic	none	_	_	_	_	_	_
252-7	PSB064	252	con	con	linguistic	none	_	_	_	_	_	_
252-8	PSB064	252	un	un	linguistic	none	_	_	_	_	_	_
252-9	PSB064	252	egizia[no]	egiziano	linguistic	none	_	_	_	_	_	6-8(34)
252-10	PSB064	252	{P}	{P}	shortpause	none	_	_	_	_	_	_
252-11	PSB064	252	direttamente.	direttamente	linguistic	none	Intonation=falling	End=575.92	_	_	_	_
253-0	PSB005	253	[mhmh]	mhmh	linguistic	none	_	Begin=574.66|End=575.02	_	_	_	0-4(34)
254-0	PSB064	254	se	se	linguistic	none	_	Begin=576.18	_	_	_	_
254-1	PSB064	254	vuoi	vuoi	linguistic	none	_	_	_	_	_	_
254-2	PSB064	254	parlare	parlare	linguistic	none	_	_	_	_	_	_
254-3	PSB064	254	con	con	linguistic	none	_	_	_	_	_	_
254-4	PSB064	254	lui	lui	linguistic	none	_	_	_	_	_	_
254-5	PSB064	254	x	x	unknown	none	_	_	_	_	_	_
254-6	PSB064	254	devi	devi	linguistic	none	_	_	_	_	_	_
254-7	PSB064	254	parlare	parlare	linguistic	none	_	_	_	_	_	_
254-8	PSB064	254	in	in	linguistic	none	_	_	_	_	_	_
254-9	PSB064	254	arabo	arabo	linguistic	none	_	_	_	_	_	_
254-10	PSB064	254	classico	classico	linguistic	none	_	_	_	_	_	_
254-11	PSB064	254	ma:	ma	linguistic	none	_	End=580.43	1x1	_	_	_
255-0	PSB064	255	p(u)oi	puoi	linguistic	none	_	Begin=581.51	_	_	1-2(0)	_
255-1	PSB064	255	parlare	parlare	linguistic	none	_	_	_	_	_	_
255-2	PSB064	255	in	in	linguistic	none	_	_	_	_	_	_
255-3	PSB064	255	arabo	arabo	linguistic	none	_	_	_	_	_	_
255-4	PSB064	255	classico	classico	linguistic	none	_	_	_	_	_	_
255-5	PSB064	255	e	e	linguistic	none	_	_	_	_	_	_
255-6	PSB064	255	lui	lui	linguistic	none	_	_	_	_	_	_
255-7	PSB064	255	non:	non	linguistic	none	_	_	2x1	_	_	_
255-8	PSB064	255	{P}	{P}	shortpause	none	_	_	_	_	_	_
255-9	PSB064	255	capisce	capisce	linguistic	none	_	_	_	_	_	_
255-10	PSB064	255	bene	bene	linguistic	none	_	_	_	_	_	_
255-11	PSB064	255	{P}	{P}	shortpause	none	_	_	_	_	_	_
255-12	PSB064	255	l'	l'	linguistic	none	SpaceAfter=No	_	_	_	_	_
255-13	PSB064	255	arabo	arabo	linguistic	none	_	_	_	_	_	_
255-14	PSB064	255	classico.	classico	linguistic	none	Intonation=falling	_	_	_	_	_
255-15	PSB064	255	[pe]rché	perché	linguistic	none	_	_	_	_	_	0-2(35)
255-16	PSB064	255	lui	lui	linguistic	none	_	_	_	_	_	_
255-17	PSB064	255	è:	è	linguistic	none	_	End=586.48	0x1	_	_	_
256-0	PSB005	256	[mh]	mh	linguistic	none	_	Begin=585.386|End=585.636	_	_	_	0-2(35)
257-0	PSB064	257	è	è	linguistic	none	_	Begin=586.95	_	_	_	_
257-1	PSB064	257	abituato	abituato	linguistic	none	_	_	_	_	_	_
257-2	PSB064	257	da	da	linguistic	none	_	_	_	_	_	_
257-3	PSB064	257	in~	in~	linguistic	none	Interrupted=Yes	_	_	_	_	_
257-4	PSB064	257	parlare	parlare	linguistic	none	_	_	_	_	_	_
257-5	PSB064	257	in	in	linguistic	none	_	_	_	_	_	_
257-6	PSB064	257	dialetto	dialetto	linguistic	none	_	_	_	_	_	_
257-7	PSB064	257	e	e	linguistic	none	_	_	_	_	_	_
257-8	PSB064	257	basta	basta	linguistic	none	_	_	_	_	_	_
257-9	PSB064	257	{P}	{P}	shortpause	none	_	_	_	_	_	_
257-10	PSB064	257	con	con	linguistic	none	_	_	_	_	_	_
257-11	PSB064	257	[i	i	linguistic	none	_	_	_	_	_	0-1(36)
257-12	PSB064	257	suoi	suoi	linguistic	none	_	_	_	_	_	0-4(36)
257-13	PSB064	257	fa~]	fa~	linguistic	none	Interrupted=Yes	_	_	_	_	0-3(36)
257-14	PSB064	257	e	e	linguistic	none	_	_	_	_	_	_
257-15	PSB064	257	la	la	linguistic	none	_	_	_	_	_	_
257-16	PSB064	257	sua	sua	linguistic	none	_	_	_	_	_	_
257-17	PSB064	257	famiglia	famiglia	linguistic	none	_	_	_	_	_	_
257-18	PSB064	257	e	e	linguistic	none	_	_	_	_	_	_
257-19	PSB064	257	(tutti).	tutti	linguistic	none	Intonation=falling	End=592.77	_	_	0-5(0)	_
258-0	PSB005	258	[°sì	sì	linguistic	none	Volume=low	Begin=590.335	_	_	_	0-2(36)
258-1	PSB005	258	sì	sì	linguistic	none	Volume=low	_	_	_	_	0-2(36)
258-2	PSB005	258	sì°]	sì	linguistic	none	Volume=low	End=591.021	_	_	_	0-2(36)
259-0	PSB005	259	cioè	cioè	linguistic	none	_	Begin=593.67	_	_	_	_
259-1	PSB005	259	quin~	quin~	linguistic	none	Interrupted=Yes	_	_	_	_	_
259-2	PSB005	259	devi	devi	linguistic	none	_	_	_	_	_	_
259-3	PSB005	259	parlare	parlare	linguistic	none	_	_	_	_	_	_
259-4	PSB005	259	tu	tu	linguistic	none	_	_	_	_	_	_
259-5	PSB005	259	{P}	{P}	shortpause	none	_	_	_	_	_	_
259-6	PSB005	259	in	in	linguistic	none	_	_	_	_	_	_
259-7	PSB005	259	arabo	arabo	linguistic	none	_	_	_	_	_	_
259-8	PSB005	259	classico	classico	linguistic	none	_	_	_	_	_	_
259-9	PSB005	259	e	e	linguistic	none	_	_	_	_	_	_
259-10	PSB005	259	devi	devi	linguistic	none	_	_	_	_	_	_
259-11	PSB005	259	anche	anche	linguistic	none	_	_	_	_	_	_
259-12	PSB005	259	l'	l'	linguistic	none	SpaceAfter=No	_	_	_	_	_
259-13	PSB005	259	altra	altra	linguistic	none	_	_	_	_	_	_
259-14	PSB005	259	persona	persona	linguistic	none	_	_	_	_	_	_
259-15	PSB005	259	{P}	{P}	shortpause	none	_	_	_	_	_	_
259-16	PSB005	259	conoscer[lo]?	conoscerlo	linguistic	none	Intonation=rising	End=598.59	_	_	_	7-10(37)
260-0	PSB064	260	[sì]	sì	linguistic	none	_	Begin=598.55	_	_	_	0-2(37)
260-1	PSB064	260	{P}	{P}	shortpause	none	_	_	_	_	_	_
260-2	PSB064	260	anche	anche	linguistic	none	_	_	_	_	_	_
260-3	PSB064	260	{P}	{P}	shortpause	none	_	_	_	_	_	_
260-4	PSB064	260	la	la	linguistic	none	_	_	_	_	_	_
260-5	PSB064	260	mia	mia	linguistic	none	_	_	_	_	_	_
260-6	PSB064	260	nonna	nonna	linguistic	none	_	_	_	_	_	_
260-7	PSB064	260	se	se	linguistic	none	_	_	_	_	_	_
260-8	PSB064	260	parli	parli	linguistic	none	_	_	_	_	_	_
260-9	PSB064	260	con	con	linguistic	none	_	_	_	_	_	_
260-10	PSB064	260	le:i	lei	linguistic	none	_	_	1x1	_	_	_
260-11	PSB064	260	{P}	{P}	shortpause	none	_	_	_	_	_	_
260-12	PSB064	260	in	in	linguistic	none	_	_	_	_	_	_
260-13	PSB064	260	arabo	arabo	linguistic	none	_	_	_	_	_	_
260-14	PSB064	260	classico	classico	linguistic	none	_	_	_	_	_	_
260-15	PSB064	260	non:	non	linguistic	none	_	_	2x1	_	_	_
260-16	PSB064	260	non	non	linguistic	none	_	_	_	_	_	_
260-17	PSB064	260	ti	ti	linguistic	none	_	_	_	_	_	_
260-18	PSB064	260	capisce.	capisce	linguistic	none	Intonation=falling	End=603.51	_	_	_	_
261-0	PSB005	261	certo.	certo	linguistic	none	Intonation=falling	Begin=604.1|End=604.6	_	_	_	_
262-0	PSB005	262	la	la	linguistic	none	_	Begin=604.65	_	_	_	_
262-1	PSB005	262	tua	tua	linguistic	none	_	_	_	_	_	_
262-2	PSB005	262	nonna	nonna	linguistic	none	_	_	_	_	_	_
262-3	PSB005	262	è	è	linguistic	none	_	_	_	_	_	_
262-4	PSB005	262	in	in	linguistic	none	_	_	_	_	_	_
262-5	PSB005	262	marocco?	marocco	linguistic	none	Intonation=rising	End=605.81	_	_	_	_
263-0	PSB064	263	sì.	sì	linguistic	none	Intonation=falling	Begin=605.87|End=606.28	_	_	_	_
264-0	PSB005	264	in	in	linguistic	none	_	Begin=606.35	_	_	_	_
264-1	PSB005	264	quale	quale	linguistic	none	_	_	_	_	_	_
264-2	PSB005	264	città?	città	linguistic	none	Intonation=rising	_	_	_	_	_
264-3	PSB005	264	di	di	linguistic	none	_	_	_	_	_	_
264-4	PSB005	264	quale	quale	linguistic	none	_	_	_	_	_	_
264-5	PSB005	264	città	città	linguistic	none	_	_	_	_	_	_
264-6	PSB005	264	sei	sei	linguistic	none	_	_	_	_	_	_
264-7	PSB005	264	tu?	tu	linguistic	none	Intonation=rising	End=608.37	_	_	_	_
265-0	PSB064	265	eh:	eh	linguistic	none	_	Begin=608.37	1x1	_	_	_
265-1	PSB064	265	da	da	linguistic	none	_	_	_	_	_	_
265-2	PSB064	265	khouribga.	khouribga	linguistic	none	Intonation=falling	End=609.67	_	_	_	_
266-0	PSB005	266	ah	ah	linguistic	none	_	Begin=610.1	_	_	_	_
266-1	PSB005	266	e	e	linguistic	none	_	_	_	_	_	_
266-2	PSB005	266	dov'	dov'	linguistic	none	SpaceAfter=No	_	_	_	_	_
266-3	PSB005	266	è?	è	linguistic	none	Intonation=rising	End=610.92	_	_	_	_
267-0	PSB064	267	vicino	vicino	linguistic	none	_	Begin=611.94	_	_	_	_
267-1	PSB064	267	a	a	linguistic	none	_	_	_	_	_	_
267-2	PSB064	267	casablanca.	casablanca	linguistic	none	Intonation=falling	End=612.95	_	_	_	_
268-0	PSB005	268	okay.	okay	linguistic	none	Intonation=falling	Begin=613.0|End=613.36	_	_	_	_
269-0	PSB005	269	ma,	ma	linguistic	none	Intonation=weakly_rising	Begin=614.26|End=614.58	_	_	_	_
270-0	PSB005	270	me	me	linguistic	none	_	Begin=615.02	_	_	_	_
270-1	PSB005	270	la	la	linguistic	none	_	_	_	_	_	_
270-2	PSB005	270	puoi	puoi	linguistic	none	_	_	_	_	_	_
270-3	PSB005	270	descrivere	descrivere	linguistic	none	_	_	_	_	_	_
270-4	PSB005	270	un	un	linguistic	none	_	_	_	_	_	_
270-5	PSB005	270	po'	po'	linguistic	none	_	_	_	_	_	_
270-6	PSB005	270	{P}	{P}	shortpause	none	_	_	_	_	_	_
270-7	PSB005	270	com'	com'	linguistic	none	SpaceAfter=No	_	_	_	_	_
270-8	PSB005	270	è	è	linguistic	none	_	_	_	_	_	_
270-9	PSB005	270	fatta:?	fatta	linguistic	none	Intonation=rising	_	4x1	_	_	_
270-10	PSB005	270	perché	perché	linguistic	none	_	_	_	_	_	_
270-11	PSB005	270	io	io	linguistic	none	_	_	_	_	_	_
270-12	PSB005	270	non	non	linguistic	none	_	_	_	_	_	_
270-13	PSB005	270	ci	ci	linguistic	none	_	_	_	_	_	_
270-14	PSB005	270	son	son	linguistic	none	_	_	_	_	_	_
270-15	PSB005	270	stata.	stata	linguistic	none	Intonation=falling	End=618.68	_	_	_	_
271-0	PSB064	271	khouribga	khouribga	linguistic	none	_	Begin=619.35	_	_	_	_
271-1	PSB064	271	è:	è	linguistic	none	_	End=620.52	0x1	_	_	_
272-0	PSB064	272	è	è	linguistic	none	_	Begin=621.33	_	_	_	_
272-1	PSB064	272	piccola,	piccola	linguistic	none	Intonation=weakly_rising	End=622.15	_	_	_	_
273-0	PSB064	273	c'	c'	linguistic	none	SpaceAfter=No	Begin=623.05	_	_	_	_
273-1	PSB064	273	è:	è	linguistic	none	_	End=623.84	0x1	_	_	_
274-0	PSB064	274	chiavi	chiavi	linguistic	none	_	Begin=624.86|End=625.44	_	_	_	_
275-0	PSB064	275	schiavi.	schiavi	linguistic	none	Intonation=falling	Begin=626.8|End=627.35	_	_	_	_
276-0	PSB005	276	s[ì::]	sì	linguistic	none	_	Begin=627.46|End=628.086	1x2	_	_	1-2(38)
277-0	PSB064	277	[a:h]	ah	linguistic	none	_	Begin=627.75|End=628.08	0x1	_	_	0-2(38)
278-0	PSB063	278	mh::	mh	linguistic	none	_	Begin=628.74|End=630.0	1x2	_	_	_
279-0	PSB063	279	diverse:	diverse	linguistic	none	_	Begin=630.31	6x1	_	_	_
279-1	PSB063	279	{P}	{P}	shortpause	none	_	_	_	_	_	_
279-2	PSB063	279	caste	caste	linguistic	none	_	_	_	_	_	_
279-3	PSB063	279	della	della	linguistic	none	_	_	_	_	_	_
279-4	PSB063	279	società?	società	linguistic	none	Intonation=rising	End=633.36	_	_	_	_
280-0	PSB064	280	NO	no	linguistic	none	Volume=high	Begin=633.4	_	_	_	_
280-1	PSB064	280	NO.	no	linguistic	none	Intonation=falling|Volume=high	End=634.2	_	_	_	_
281-0	PSB005	281	secondo	secondo	linguistic	none	_	Begin=634.44	_	_	_	_
281-1	PSB005	281	me	me	linguistic	none	_	_	_	_	_	_
281-2	PSB005	281	scavi.	scavi	linguistic	none	Intonation=falling	End=635.41	_	_	_	_
282-0	PSB063	282	[AH	ah	linguistic	none	Volume=high	Begin=635.51	_	_	_	0-2(39)
282-1	PSB063	282	okay	okay	linguistic	none	_	_	_	_	_	0-4(39)
282-2	PSB063	282	okay].	okay	linguistic	none	Intonation=falling	End=636.53	_	_	_	0-4(39)
283-0	PSB064	283	[caves	caves	linguistic	all	Language=NO_ISO_CODE	Begin=635.51	_	_	_	_
283-1	PSB064	283	caves]	caves	linguistic	all	Language=NO_ISO_CODE	End=636.53	_	_	_	_
285-0	PSB005	285	AH	ah	linguistic	none	Volume=high	Begin=636.58|End=636.83	_	_	_	_
286-0	PSB064	286	SCAVI	scavi	linguistic	none	Volume=high	Begin=636.83|End=637.14	_	_	_	_
287-0	PSB005	287	no	no	linguistic	some	_	Begin=637.2	_	_	_	_
287-1	PSB005	287	{P}	{P}	shortpause	some	_	_	_	_	_	_
287-2	PSB005	287	#caves	caves	linguistic	some	Language=NO_ISO_CODE	_	_	_	_	_
287-3	PSB005	287	è:	è	linguistic	some	_	_	0x1	_	_	_
287-4	PSB005	287	{P}	{P}	shortpause	some	_	_	_	_	_	_
287-5	PSB005	287	tipo	tipo	linguistic	some	_	_	_	_	_	_
287-6	PSB005	287	grotte.	grotte	linguistic	some	Intonation=falling	End=639.73	_	_	_	_
288-0	PSB063	288	no	no	linguistic	none	_	Begin=639.95	_	_	_	_
288-1	PSB063	288	{P}	{P}	shortpause	none	_	_	_	_	_	_
288-2	PSB063	288	[e:h]	eh	linguistic	none	_	_	0x1	_	_	0-2(40)
288-3	PSB063	288	lui	lui	linguistic	none	_	_	_	_	_	_
288-4	PSB063	288	dice:	dice	linguistic	none	_	End=641.72	3x1	_	_	_
289-0	PSB005	289	[no]?	no	linguistic	none	Intonation=rising	Begin=640.556|End=640.992	_	_	_	0-2(40)
290-0	PSB063	290	ci	ci	linguistic	none	_	Begin=641.91	_	_	_	_
290-1	PSB063	290	sono:	sono	linguistic	none	_	_	3x1	_	_	_
290-2	PSB063	290	{P}	{P}	shortpause	none	_	_	_	_	_	_
290-3	PSB063	290	delle:	delle	linguistic	none	_	_	4x1	_	_	_
290-4	PSB063	290	{P}	{P}	shortpause	none	_	_	_	_	_	_
290-5	PSB063	290	miniere.	miniere	linguistic	none	Intonation=falling	End=644.71	_	_	_	_
291-0	PSB064	291	sì	sì	linguistic	none	_	Begin=644.77	_	_	_	_
291-1	PSB064	291	[delle	delle	linguistic	none	_	_	_	_	_	0-5(41)
291-2	PSB064	291	miniere	miniere	linguistic	none	_	_	_	_	_	0-7(41)
291-3	PSB064	291	di	di	linguistic	none	_	_	_	_	_	0-2(41)
291-4	PSB064	291	{P}	{P}	shortpause	none	_	_	_	_	_	0-3(41)
291-5	PSB064	291	di	di	linguistic	none	_	_	_	_	_	0-2(41)
291-6	PSB064	291	(fosfato)]	fosfato	linguistic	none	_	End=647.3	_	_	0-7(0)	0-7(41)
292-0	PSB005	292	[AH	ah	linguistic	none	Volume=high	Begin=645.16	_	_	_	_
292-1	PSB005	292	allora	allora	linguistic	none	_	_	_	_	_	_
292-2	PSB005	292	scavi	scavi	linguistic	none	_	_	_	_	_	_
292-3	PSB005	292	{P}	{P}	shortpause	none	_	_	_	_	_	_
292-4	PSB005	292	forse	forse	linguistic	none	_	_	_	_	_	_
292-5	PSB005	292	andava	andava	linguistic	none	_	_	_	_	_	_
292-6	PSB005	292	bene.	bene	linguistic	none	Intonation=falling	End=647.6	_	_	_	_
293-0	PSB005	293	ah	ah	linguistic	none	_	Begin=647.64	_	_	_	_
293-1	PSB005	293	okay	okay	linguistic	none	_	_	_	_	_	_
293-2	PSB005	293	ok[ay]	okay	linguistic	none	_	End=648.69	_	_	_	2-4(42)
294-0	PSB064	294	[pe]rché	perché	linguistic	none	_	Begin=648.514	_	_	_	0-2(42)
294-1	PSB064	294	il	il	linguistic	none	_	_	_	_	_	_
294-2	PSB064	294	mio:	mio	linguistic	none	_	End=649.66	2x1	_	_	_
295-0	PSB064	295	mio	mio	linguistic	none	_	Begin=650.15	_	_	_	_
295-1	PSB064	295	nonno	nonno	linguistic	none	_	_	_	_	_	_
295-2	PSB064	295	e:ra	era	linguistic	none	_	_	0x1	_	_	_
295-3	PSB064	295	{P}	{P}	shortpause	none	_	_	_	_	_	_
295-4	PSB064	295	un	un	linguistic	none	_	_	_	_	_	_
295-5	PSB064	295	minato[re].	minatore	linguistic	none	Intonation=falling	End=652.2	_	_	_	6-8(43)
296-0	PSB005	296	[ok]ay	okay	linguistic	none	_	Begin=652.09	_	_	_	0-2(43)
296-1	PSB005	296	okay.	okay	linguistic	none	Intonation=falling	End=653.09	_	_	_	_
297-0	PSB005	297	ah	ah	linguistic	none	_	Begin=653.18	_	_	_	_
297-1	PSB005	297	non	non	linguistic	none	_	_	_	_	_	_
297-2	PSB005	297	l'	l'	linguistic	none	SpaceAfter=No	_	_	_	_	_
297-3	PSB005	297	ho	ho	linguistic	none	_	_	_	_	_	_
297-4	PSB005	297	mai	mai	linguistic	none	_	_	_	_	_	_
297-5	PSB005	297	sentita	sentita	linguistic	none	_	_	_	_	_	_
297-6	PSB005	297	questa	questa	linguistic	none	_	_	_	_	_	_
297-7	PSB005	297	cosa	cosa	linguistic	none	_	_	_	_	_	_
297-8	PSB005	297	nuova	nuova	linguistic	none	_	_	_	_	_	_
297-9	PSB005	297	{P}	{P}	shortpause	none	_	_	_	_	_	_
297-10	PSB005	297	raccontami.	raccontami	linguistic	none	Intonation=falling	End=655.72	_	_	_	_
298-0	PSB005	298	e	e	linguistic	none	_	Begin=656.44	_	_	_	_
298-1	PSB005	298	ti	ti	linguistic	none	_	_	_	_	_	_
298-2	PSB005	298	raccontava	raccontava	linguistic	none	_	_	_	_	_	_
298-3	PSB005	298	il	il	linguistic	none	_	_	_	_	_	_
298-4	PSB005	298	tuo	tuo	linguistic	none	_	_	_	_	_	_
298-5	PSB005	298	nonno	nonno	linguistic	none	_	_	_	_	_	_
298-6	PSB005	298	di	di	linguistic	none	_	_	_	_	_	_
298-7	PSB005	298	quando	quando	linguistic	none	_	_	_	_	_	_
298-8	PSB005	298	lavorava:	lavorava	linguistic	none	_	_	7x1	_	_	_
298-9	PSB005	298	nelle	nelle	linguistic	none	_	_	_	_	_	_
298-10	PSB005	298	[mini]ere	miniere	linguistic	none	_	_	_	_	_	0-4(44)
298-11	PSB005	298	o	o	linguistic	none	_	_	_	_	_	_
298-12	PSB005	298	no?	no	linguistic	none	Intonation=rising	End=660.48	_	_	_	_
299-0	PSB064	299	[sì]	sì	linguistic	none	_	Begin=659.442|End=659.757	_	_	_	0-2(44)
300-0	PSB064	300	no	no	linguistic	none	_	Begin=660.64	_	_	_	_
300-1	PSB064	300	ma:	ma	linguistic	none	_	_	1x1	_	_	_
300-2	PSB064	300	mi	mi	linguistic	none	_	_	_	_	_	_
300-3	PSB064	300	raccontava:	raccontava	linguistic	none	_	_	9x1	_	_	_
300-4	PSB064	300	{P}	{P}	shortpause	none	_	_	_	_	_	_
300-5	PSB064	300	la	la	linguistic	none	_	_	_	_	_	_
300-6	PSB064	300	mia	mia	linguistic	none	_	_	_	_	_	_
300-7	PSB064	300	nonna.	nonna	linguistic	none	Intonation=falling	_	_	_	_	_
300-8	PSB064	300	come:	come	linguistic	none	_	End=664.21	3x1	_	_	_
301-0	PSB064	301	era	era	linguistic	none	_	Begin=664.6	_	_	_	_
301-1	PSB064	301	svegliata	svegliata	linguistic	none	_	_	_	_	_	_
301-2	PSB064	301	alle	alle	linguistic	none	_	_	_	_	_	_
301-3	PSB064	301	cinque	cinque	linguistic	none	_	_	_	_	_	_
301-4	PSB064	301	per	per	linguistic	none	_	_	_	_	_	_
301-5	PSB064	301	{P}	{P}	shortpause	none	_	_	_	_	_	_
301-6	PSB064	301	mandarlo:	mandarlo	linguistic	none	_	_	7x1	_	_	_
301-7	PSB064	301	{P}	{P}	shortpause	none	_	_	_	_	_	_
301-8	PSB064	301	cibo.	cibo	linguistic	none	Intonation=falling	_	_	_	_	_
301-9	PSB064	301	per:	per	linguistic	none	_	End=669.471	2x1	_	_	_
302-0	PSB064	302	prenderlo	prenderlo	linguistic	none	_	Begin=670.0	_	_	_	_
302-1	PSB064	302	con	con	linguistic	none	_	_	_	_	_	_
302-2	PSB064	302	lui,	lui	linguistic	none	Intonation=weakly_rising	End=671.46	_	_	_	_
303-0	PSB064	303	se	se	linguistic	none	_	Begin=672.14	_	_	_	_
303-1	PSB064	303	lui	lui	linguistic	none	_	_	_	_	_	_
303-2	PSB064	303	va:	va	linguistic	none	_	_	1x1	_	_	_
303-3	PSB064	303	{P}	{P}	shortpause	none	_	_	_	_	_	_
303-4	PSB064	303	(all'	all'	linguistic	none	SpaceAfter=No	_	_	_	0-4(0)	_
303-5	PSB064	303	otto)	otto	linguistic	none	_	_	_	_	0-4(0)	_
303-6	PSB064	303	per	per	linguistic	none	_	_	_	_	_	_
303-7	PSB064	303	prendere	prendere	linguistic	none	_	_	_	_	_	_
303-8	PSB064	303	il	il	linguistic	none	_	_	_	_	_	_
303-9	PSB064	303	bus	bus	linguistic	none	_	_	_	_	_	_
303-10	PSB064	303	e:	e	linguistic	none	_	End=675.74	0x1	_	_	_
304-0	PSB064	304	trasporto	trasporto	linguistic	none	_	Begin=676.27	_	_	_	_
304-1	PSB064	304	di	di	linguistic	none	_	_	_	_	_	_
304-2	PSB064	304	{P}	{P}	shortpause	none	_	_	_	_	_	_
304-3	PSB064	304	personale,	personale	linguistic	none	Intonation=weakly_rising	End=678.11	_	_	_	_
305-0	PSB005	305	mhmh	mhmh	linguistic	none	_	Begin=678.293|End=678.8	_	_	_	_
306-0	PSB064	306	e:	e	linguistic	none	_	Begin=679.21	0x1	_	_	_
306-1	PSB064	306	queste	queste	linguistic	none	_	_	_	_	_	_
306-2	PSB064	306	co:se.	cose	linguistic	none	Intonation=falling	End=680.67	1x1	_	_	_
307-0	PSB064	307	com'	com'	linguistic	none	SpaceAfter=No	Begin=680.85	_	_	_	_
307-1	PSB064	307	era:	era	linguistic	none	_	_	2x1	_	_	_
307-2	PSB064	307	la	la	linguistic	none	_	_	_	_	_	_
307-3	PSB064	307	rampa	rampa	linguistic	none	_	_	_	_	_	_
307-4	PSB064	307	di	di	linguistic	none	_	_	_	_	_	_
307-5	PSB064	307	{P}	{P}	shortpause	none	_	_	_	_	_	_
307-6	PSB064	307	carbone:,	carbone	linguistic	none	Intonation=weakly_rising	End=683.42	6x1	_	_	_
308-0	PSB064	308	°e	e	linguistic	none	Volume=low	Begin=683.94	_	_	_	_
308-1	PSB064	308	queste	queste	linguistic	none	Volume=low	_	_	_	_	_
308-2	PSB064	308	cose°	cose	linguistic	none	Volume=low	End=684.63	_	_	_	_
309-0	PSB063	309	miniere	miniere	linguistic	none	_	Begin=684.79	_	_	_	_
309-1	PSB063	309	di	di	linguistic	none	_	_	_	_	_	_
309-2	PSB063	309	che	che	linguistic	none	_	_	_	_	_	_
309-3	PSB063	309	cosa?	cosa	linguistic	none	Intonation=rising	End=686.16	_	_	_	_
310-0	PSB064	310	di	di	linguistic	none	_	Begin=686.2	_	_	_	_
310-1	PSB064	310	fosfato.	fosfato	linguistic	none	Intonation=falling	End=686.91	_	_	_	_
311-0	PSB063	311	°di	di	linguistic	none	Volume=low	Begin=686.92	_	_	_	_
311-1	PSB063	311	fosfato°.	fosfato	linguistic	none	Intonation=falling|Volume=low	End=687.72	_	_	_	_
312-0	PSB005	312	e	e	linguistic	none	_	Begin=687.95	_	_	_	_
312-1	PSB005	312	stanno	stanno	linguistic	none	_	_	_	_	_	_
312-2	PSB005	312	ancora	ancora	linguistic	none	_	_	_	_	_	_
312-3	PSB005	312	funzionando?	funzionando	linguistic	none	Intonation=rising	End=689.81	_	_	_	_
313-0	PSB064	313	no	no	linguistic	none	_	Begin=690.06	_	_	_	_
313-1	PSB064	313	adesso	adesso	linguistic	none	_	_	_	_	_	_
313-2	PSB064	313	c'	c'	linguistic	none	SpaceAfter=No	_	_	_	_	_
313-3	PSB064	313	è	è	linguistic	none	_	_	_	_	_	_
313-4	PSB064	313	macchine	macchine	linguistic	none	_	_	_	_	_	_
313-5	PSB064	313	e	e	linguistic	none	_	_	_	_	_	_
313-6	PSB064	313	cose	cose	linguistic	none	_	_	_	_	_	_
313-7	PSB064	313	°che°	che	linguistic	none	Volume=low	End=692.19	_	_	_	_
314-0	PSB005	314	oka[y].	okay	linguistic	none	Intonation=falling	Begin=692.2|End=692.55	_	_	_	3-4(45)
315-0	PSB064	315	[ge]stiscono.	gestiscono	linguistic	none	Intonation=falling	Begin=692.46|End=693.13	_	_	_	0-2(45)
316-0	PSB005	316	però	però	linguistic	none	_	Begin=693.3	_	_	_	_
316-1	PSB005	316	>sono<	sono	linguistic	none	_	_	_	Fast=0-4(0)	_	_
316-2	PSB005	316	{P}	{P}	shortpause	none	_	_	_	_	_	_
316-3	PSB005	316	aperte?	aperte	linguistic	none	Intonation=rising	End=694.7	_	_	_	_
317-0	PSB064	317	so[no	sono	linguistic	none	_	Begin=695.35	_	_	_	2-4(46)
317-1	PSB064	317	aperte]	aperte	linguistic	none	_	_	_	_	_	0-6(46)
317-2	PSB064	317	{P}	{P}	shortpause	none	_	_	_	_	_	_
317-3	PSB064	317	ancora.	ancora	linguistic	none	Intonation=falling	End=696.64	_	_	_	_
318-0	PSB005	318	[le	le	linguistic	none	_	Begin=695.46	_	_	_	0-2(46)
318-1	PSB005	318	miniere	miniere	linguistic	none	_	_	_	_	_	0-7(46)
318-2	PSB005	318	sì]	sì	linguistic	none	_	End=696.35	_	_	_	0-2(46)
319-0	PSB005	319	mhmh	mhmh	linguistic	none	_	Begin=696.849|End=697.378	_	_	_	_
320-0	PSB005	320	e	e	linguistic	none	_	Begin=697.98	_	_	_	_
320-1	PSB005	320	la	la	linguistic	none	_	_	_	_	_	_
320-2	PSB005	320	tua	tua	linguistic	none	_	_	_	_	_	_
320-3	PSB005	320	nonna:	nonna	linguistic	none	_	End=699.25	4x1	_	_	_
321-0	PSB005	321	sta	sta	linguistic	none	_	Begin=699.64	_	_	_	_
321-1	PSB005	321	bene:	bene	linguistic	none	_	_	3x1	_	_	_
321-2	PSB005	321	è	è	linguistic	none	_	_	_	_	_	_
321-3	PSB005	321	anziana,	anziana	linguistic	none	Intonation=weakly_rising	_	_	_	_	_
321-4	PSB005	321	è	è	linguistic	none	_	_	_	_	_	_
321-5	PSB005	321	vecchia,	vecchia	linguistic	none	Intonation=weakly_rising	_	_	_	_	_
321-6	PSB005	321	è	è	linguistic	none	_	_	_	_	_	_
321-7	PSB005	321	gio[vane]?	giovane	linguistic	none	Intonation=rising	End=702.49	_	_	_	3-7(47)
322-0	PSB064	322	[s:ì]	sì	linguistic	none	_	Begin=702.02	0x1	_	_	0-2(47)
322-1	PSB064	322	vecchia:	vecchia	linguistic	none	_	_	6x1	_	_	_
322-2	PSB064	322	ancora	ancora	linguistic	none	_	_	_	_	_	_
322-3	PSB064	322	è	è	linguistic	none	_	_	_	_	_	_
322-4	PSB064	322	un	un	linguistic	none	_	_	_	_	_	_
322-5	PSB064	322	po'	po'	linguistic	none	_	_	_	_	_	_
322-6	PSB064	322	di	di	linguistic	none	_	_	_	_	_	_
322-7	PSB064	322	energia,	energia	linguistic	none	Intonation=weakly_rising	End=704.76	_	_	_	_
323-0	PSB064	323	anche	anche	linguistic	none	_	Begin=705.03	_	_	_	_
323-1	PSB064	323	ha:	ha	linguistic	none	_	_	1x1	_	_	_
323-2	PSB064	323	{P}	{P}	shortpause	none	_	_	_	_	_	_
323-3	PSB064	323	settantotto	settantotto	linguistic	none	_	_	_	_	_	_
323-4	PSB064	323	ann[i].	anni	linguistic	none	Intonation=falling	End=707.4	_	_	_	3-4(48)
324-0	PSB005	324	[è]	è	linguistic	none	_	Begin=707.33	_	_	_	0-1(48)
324-1	PSB005	324	giovane:	giovane	linguistic	none	_	_	6x1	_	_	_
324-2	PSB005	324	{P}	{P}	shortpause	none	_	_	_	_	_	_
324-3	PSB005	324	molto	molto	linguistic	none	_	_	_	_	_	_
324-4	PSB005	324	giovane.	giovane	linguistic	none	Intonation=falling	_	_	_	_	_
324-5	PSB005	324	{ride}	{ride}	nonverbalbehavior	none	_	End=709.79	_	_	_	_
325-0	PSB064	325	°ah°	ah	linguistic	none	Volume=low	Begin=709.92|End=710.25	_	_	_	_
326-0	PSB005	326	s:ì	sì	linguistic	none	_	Begin=710.59|End=711.09	0x1	_	_	_
327-0	PSB005	327	io	io	linguistic	none	_	Begin=711.52	_	_	_	_
327-1	PSB005	327	[ho	ho	linguistic	none	_	_	_	_	_	0-2(49)
327-2	PSB005	327	una	una	linguistic	none	_	_	_	_	_	0-3(49)
327-3	PSB005	327	nonna	nonna	linguistic	none	_	_	_	_	_	0-5(49)
327-4	PSB005	327	qui]	qui	linguistic	none	_	End=712.78	_	_	_	0-3(49)
328-0	PSB064	328	([lei	lei	linguistic	none	_	Begin=711.9	_	_	0-3(0)	0-3(49)
328-1	PSB064	328	deve	deve	linguistic	none	_	_	_	_	0-4(0)	0-4(49)
328-2	PSB064	328	ri]posare)	riposare	linguistic	none	_	_	_	_	0-8(0)	0-2(49)
328-3	PSB064	328	un	un	linguistic	none	_	_	_	_	_	_
328-4	PSB064	328	po'	po'	linguistic	none	_	End=713.47	_	_	_	_
329-0	PSB005	329	la	la	linguistic	none	_	Begin=713.55	_	_	_	_
329-1	PSB005	329	mia	mia	linguistic	none	_	_	_	_	_	_
329-2	PSB005	329	nonna	nonna	linguistic	none	_	_	_	_	_	_
329-3	PSB005	329	qui	qui	linguistic	none	_	_	_	_	_	_
329-4	PSB005	329	ne	ne	linguistic	none	_	_	_	_	_	_
329-5	PSB005	329	ha	ha	linguistic	none	_	_	_	_	_	_
329-6	PSB005	329	novantasette.	novantasette	linguistic	none	Intonation=falling	End=715.45	_	_	_	_
330-0	PSB064	330	novantasette?	novantasette	linguistic	none	Intonation=rising	Begin=716.1|End=717.09	_	_	_	_
331-0	PSB005	331	eh	eh	linguistic	none	_	Begin=717.48	_	_	_	_
331-1	PSB005	331	sì.	sì	linguistic	none	Intonation=falling	End=717.93	_	_	_	_
332-0	PSB005	332	e~	e~	linguistic	none	Interrupted=Yes	Begin=718.33	_	_	_	_
332-1	PSB005	332	e	e	linguistic	none	_	_	_	_	_	_
332-2	PSB005	332	tu	tu	linguistic	none	_	_	_	_	_	_
332-3	PSB005	332	e:hm	ehm	linguistic	none	_	_	0x1	_	_	_
332-4	PSB005	332	{P}	{P}	shortpause	none	_	_	_	_	_	_
332-5	PSB005	332	la	la	linguistic	none	_	_	_	_	_	_
332-6	PSB005	332	vedi	vedi	linguistic	none	_	_	_	_	_	_
332-7	PSB005	332	la	la	linguistic	none	_	_	_	_	_	_
332-8	PSB005	332	vedi	vedi	linguistic	none	_	_	_	_	_	_
332-9	PSB005	332	ogni	ogni	linguistic	none	_	_	_	_	_	_
332-10	PSB005	332	tanto	tanto	linguistic	none	_	_	_	_	_	_
332-11	PSB005	332	o:	o	linguistic	none	_	_	0x1	_	_	_
332-12	PSB005	332	mai?	mai	linguistic	none	Intonation=rising	End=721.94	_	_	_	_
333-0	PSB064	333	non	non	linguistic	none	_	Begin=722.87	_	_	_	_
333-1	PSB064	333	l'	l'	linguistic	none	SpaceAfter=No	_	_	_	_	_
333-2	PSB064	333	ha	ha	linguistic	none	_	_	_	_	_	_
333-3	PSB064	333	vista	vista	linguistic	none	_	_	_	_	_	_
333-4	PSB064	333	da:~	da~	linguistic	none	Interrupted=Yes	_	1x1	_	_	_
333-5	PSB064	333	dall'	dall'	linguistic	none	SpaceAfter=No	_	_	_	_	_
333-6	PSB064	333	ottobre	ottobre	linguistic	none	_	_	_	_	_	_
333-7	PSB064	333	io.	io	linguistic	none	Intonation=falling	End=724.77	_	_	_	_
334-0	PSB005	334	eh	eh	linguistic	none	_	Begin=724.77	_	_	_	_
334-1	PSB005	334	okay.	okay	linguistic	none	Intonation=falling	End=725.42	_	_	_	_
335-0	PSB005	335	tu	tu	linguistic	none	_	Begin=726.23	_	_	_	_
335-1	PSB005	335	sei	sei	linguistic	none	_	_	_	_	_	_
335-2	PSB005	335	arrivato	arrivato	linguistic	none	_	_	_	_	_	_
335-3	PSB005	335	in	in	linguistic	none	_	_	_	_	_	_
335-4	PSB005	335	italia	italia	linguistic	none	_	_	_	_	_	_
335-5	PSB005	335	ad	ad	linguistic	none	_	_	_	_	_	_
335-6	PSB005	335	ottobre?	ottobre	linguistic	none	Intonation=rising	End=728.04	_	_	_	_
336-0	PSB064	336	no.	no	linguistic	none	Intonation=falling	Begin=728.75|End=729.21	_	_	_	_
337-0	PSB005	337	ah	ah	linguistic	none	_	Begin=729.54	_	_	_	_
337-1	PSB005	337	{P}	{P}	shortpause	none	_	_	_	_	_	_
337-2	PSB005	337	okay.	okay	linguistic	none	Intonation=falling	End=730.26	_	_	_	_
338-0	PSB063	338	un	un	linguistic	none	_	Begin=730.44	_	_	_	_
338-1	PSB063	338	po'	po'	linguistic	none	_	_	_	_	_	_
338-2	PSB063	338	di	di	linguistic	none	_	_	_	_	_	_
338-3	PSB063	338	tempo	tempo	linguistic	none	_	_	_	_	_	_
338-4	PSB063	338	in	in	linguistic	none	_	_	_	_	_	_
338-5	PSB063	338	più.	più	linguistic	none	Intonation=falling	End=731.42	_	_	_	_
339-0	PSB005	339	no	no	linguistic	none	_	Begin=731.57	_	_	_	_
339-1	PSB005	339	se	se	linguistic	none	_	_	_	_	_	_
339-2	PSB005	339	no	no	linguistic	none	_	_	_	_	_	_
339-3	PSB005	339	il	il	linguistic	none	_	_	_	_	_	_
339-4	PSB005	339	tuo	tuo	linguistic	none	_	_	_	_	_	_
339-5	PSB005	339	italiano	italiano	linguistic	none	_	_	_	_	_	_
339-6	PSB005	339	era	era	linguistic	none	_	_	_	_	_	_
339-7	PSB005	339	un	un	linguistic	none	_	_	_	_	_	_
339-8	PSB005	339	miracolo.	miracolo	linguistic	none	Intonation=falling	End=733.8	_	_	_	_
340-0	PSB005	340	{ride}	{ride}	nonverbalbehavior	none	_	Begin=734.13|End=734.76	_	_	_	_
341-0	PSB064	341	[un	un	linguistic	none	_	Begin=735.07	_	_	_	0-2(50)
341-1	PSB064	341	po'	po'	linguistic	none	_	_	_	_	_	0-3(50)
341-2	PSB064	341	di	di	linguistic	none	_	_	_	_	_	0-2(50)
341-3	PSB064	341	prima	prima	linguistic	none	_	_	_	_	_	0-5(50)
341-4	PSB064	341	un	un	linguistic	none	_	_	_	_	_	0-2(50)
341-5	PSB064	341	po']	po'	linguistic	none	_	_	_	_	_	0-3(50)
341-6	PSB064	341	prima	prima	linguistic	none	_	_	_	_	_	_
341-7	PSB064	341	ma:	ma	linguistic	none	_	End=737.23	1x1	_	_	_
342-0	PSB063	342	[°ma	ma	linguistic	none	Volume=low	Begin=735.107	_	_	_	0-2(50)
342-1	PSB063	342	lui	lui	linguistic	none	Volume=low	_	_	_	_	0-3(50)
342-2	PSB063	342	è	è	linguistic	none	Volume=low	_	_	_	_	0-1(50)
342-3	PSB063	342	molto	molto	linguistic	none	Volume=low	_	_	_	_	0-5(50)
342-4	PSB063	342	bravo°]	bravo	linguistic	none	Volume=low	End=736.185	_	_	_	0-5(50)
343-0	PSB064	343	ma	ma	linguistic	none	_	Begin=737.27	_	_	_	_
343-1	PSB064	343	non	non	linguistic	none	_	_	_	_	_	_
343-2	PSB064	343	ho	ho	linguistic	none	_	_	_	_	_	_
343-3	PSB064	343	{P}	{P}	shortpause	none	_	_	_	_	_	_
343-4	PSB064	343	parlato	parlato	linguistic	none	_	_	_	_	_	_
343-5	PSB064	343	{P}	{P}	shortpause	none	_	_	_	_	_	_
343-6	PSB064	343	con	con	linguistic	none	_	_	_	_	_	_
343-7	PSB064	343	l'	l'	linguistic	none	SpaceAfter=No	_	_	_	_	_
343-8	PSB064	343	italiano	italiano	linguistic	none	_	_	_	_	_	_
343-9	PSB064	343	anche	anche	linguistic	none	_	_	_	_	_	_
343-10	PSB064	343	se	se	linguistic	none	_	_	_	_	_	_
343-11	PSB064	343	{P}	{P}	shortpause	none	_	_	_	_	_	_
343-12	PSB064	343	sono	sono	linguistic	none	_	_	_	_	_	_
343-13	PSB064	343	venuto	venuto	linguistic	none	_	_	_	_	_	_
343-14	PSB064	343	qua.	qua	linguistic	none	Intonation=falling	End=740.92	_	_	_	_
344-0	PSB005	344	però	però	linguistic	none	_	Begin=740.98	_	_	_	_
344-1	PSB005	344	parli	parli	linguistic	none	_	_	_	_	_	_
344-2	PSB005	344	{P}	{P}	shortpause	none	_	_	_	_	_	_
344-3	PSB005	344	miracoloso.	miracoloso	linguistic	none	Intonation=falling	End=742.73	_	_	_	_
345-0	PSB063	345	lui	lui	linguistic	none	_	Begin=742.74	_	_	_	_
345-1	PSB063	345	{P}	{P}	shortpause	none	_	_	_	_	_	_
345-2	PSB063	345	quando	quando	linguistic	none	_	_	_	_	_	_
345-3	PSB063	345	{P}	{P}	shortpause	none	_	_	_	_	_	_
345-4	PSB063	345	è	è	linguistic	none	_	_	_	_	_	_
345-5	PSB063	345	arrivato	arrivato	linguistic	none	_	_	_	_	_	_
345-6	PSB063	345	qua	qua	linguistic	none	_	_	_	_	_	_
345-7	PSB063	345	{P}	{P}	shortpause	none	_	_	_	_	_	_
345-8	PSB063	345	alla	alla	linguistic	none	_	_	_	_	_	_
345-9	PSB063	345	scuola	scuola	linguistic	none	_	_	_	_	_	_
345-10	PSB063	345	n~	n~	linguistic	none	Interrupted=Yes	_	_	_	_	_
345-11	PSB063	345	ne~	ne~	linguistic	none	Interrupted=Yes	_	_	_	_	_
345-12	PSB063	345	alla	alla	linguistic	none	_	_	_	_	_	_
345-13	PSB063	345	nostra	nostra	linguistic	none	_	_	_	_	_	_
345-14	PSB063	345	scuola	scuola	linguistic	none	_	End=747.929	_	_	_	_
346-0	PSB063	346	e:hm:	ehm	linguistic	none	_	Begin=748.418|End=749.303	0x1,2x1	_	_	_
347-0	PSB063	347	era	era	linguistic	none	_	Begin=750.014	_	_	_	_
347-1	PSB063	347	{P}	{P}	shortpause	none	_	_	_	_	_	_
347-2	PSB063	347	appena	appena	linguistic	none	_	_	_	_	_	_
347-3	PSB063	347	arrivato	arrivato	linguistic	none	_	_	_	_	_	_
347-4	PSB063	347	a	a	linguistic	none	_	_	_	_	_	_
347-5	PSB063	347	bologna,	bologna	linguistic	none	Intonation=weakly_rising	End=751.836	_	_	_	_
348-0	PSB063	348	era	era	linguistic	none	_	Begin=752.2	_	_	_	_
348-1	PSB063	348	stato	stato	linguistic	none	_	_	_	_	_	_
348-2	PSB063	348	prima	prima	linguistic	none	_	_	_	_	_	_
348-3	PSB063	348	{P}	{P}	shortpause	none	_	_	_	_	_	_
348-4	PSB063	348	a	a	linguistic	none	_	_	_	_	_	_
348-5	PSB063	348	roma.	roma	linguistic	none	Intonation=falling	End=754.17	_	_	_	_
349-0	PSB064	349	sì.	sì	linguistic	none	Intonation=falling	Begin=754.21|End=754.72	_	_	_	_
350-0	PSB063	350	però	però	linguistic	none	_	Begin=754.85	_	_	_	_
350-1	PSB063	350	{P}	{P}	shortpause	none	_	_	_	_	_	_
350-2	PSB063	350	era	era	linguistic	none	_	_	_	_	_	_
350-3	PSB063	350	appena	appena	linguistic	none	_	_	_	_	_	_
350-4	PSB063	350	arrivato	arrivato	linguistic	none	_	_	_	_	_	_
350-5	PSB063	350	a	a	linguistic	none	_	_	_	_	_	_
350-6	PSB063	350	bologna	bologna	linguistic	none	_	_	_	_	_	_
350-7	PSB063	350	e	e	linguistic	none	_	_	_	_	_	_
350-8	PSB063	350	parlava	parlava	linguistic	none	_	_	_	_	_	_
350-9	PSB063	350	pochissimo	pochissimo	linguistic	none	_	_	_	_	_	_
350-10	PSB063	350	italiano.	italiano	linguistic	none	Intonation=falling	End=758.24	_	_	_	_
351-0	PSB063	351	e:	e	linguistic	none	_	Begin=759.1	0x1	_	_	_
351-1	PSB063	351	da	da	linguistic	none	_	_	_	_	_	_
351-2	PSB063	351	ottobre:	ottobre	linguistic	none	_	_	6x1	_	_	_
351-3	PSB063	351	è	è	linguistic	none	_	_	_	_	_	_
351-4	PSB063	351	diven[tato]	diventato	linguistic	none	_	_	_	_	_	5-9(51)
351-5	PSB063	351	{P}	{P}	shortpause	none	_	_	_	_	_	_
351-6	PSB063	351	bravissimo	bravissimo	linguistic	none	_	End=762.32	_	_	_	_
352-0	PSB005	352	[incredibile].	incredibile	linguistic	none	Intonation=falling	Begin=760.95|End=761.66	_	_	_	0-11(51)
353-0	PSB005	353	°sì	sì	linguistic	none	Volume=low	Begin=762.36	_	_	_	_
353-1	PSB005	353	sì°	sì	linguistic	none	Volume=low	_	_	_	_	_
353-2	PSB005	353	hai	hai	linguistic	none	_	_	_	_	_	_
353-3	PSB005	353	fatto	fatto	linguistic	none	_	_	_	_	_	_
353-4	PSB005	353	solo	solo	linguistic	none	_	_	_	_	_	_
353-5	PSB005	353	la	la	linguistic	none	_	_	_	_	_	_
353-6	PSB005	353	scuola	scuola	linguistic	none	_	_	_	_	_	_
353-7	PSB005	353	al	al	linguistic	none	_	_	_	_	_	_
353-8	PSB005	353	@nomescuola?	@nomescuola?	linguistic	none	_	End=764.18	_	_	_	_
354-0	PSB064	354	sì.	sì	linguistic	none	Intonation=falling	Begin=764.22|End=764.69	_	_	_	_
355-0	PSB005	355	ci	ci	linguistic	none	_	Begin=765.44	_	_	_	_
355-1	PSB005	355	[s~]	s~	linguistic	none	Interrupted=Yes	End=765.75	_	_	_	0-2(52)
356-0	PSB064	356	[e]	e	linguistic	none	_	Begin=765.55	_	_	_	0-1(52)
356-1	PSB064	356	un	un	linguistic	none	_	_	_	_	_	_
356-2	PSB064	356	po'	po'	linguistic	none	_	_	_	_	_	_
356-3	PSB064	356	di	di	linguistic	none	_	_	_	_	_	_
356-4	PSB064	356	duo	duo	linguistic	none	_	_	_	_	_	_
356-5	PSB064	356	lingo	lingo	linguistic	none	_	_	_	_	_	_
356-6	PSB064	356	che	che	linguistic	none	_	_	_	_	_	_
356-7	PSB064	356	non	non	linguistic	none	_	_	_	_	_	_
356-8	PSB064	356	serve	serve	linguistic	none	_	_	_	_	_	_
356-9	PSB064	356	a	a	linguistic	none	_	_	_	_	_	_
356-10	PSB064	356	nien[te].	niente	linguistic	none	Intonation=falling	End=767.64	_	_	_	4-6(53)
357-0	PSB005	357	[va]bbè	vabbè	linguistic	none	_	Begin=767.5	_	_	_	0-2(53)
357-1	PSB005	357	sì.	sì	linguistic	none	Intonation=falling	End=768.35	_	_	_	_
358-0	PSB005	358	MA,	ma	linguistic	none	Intonation=weakly_rising|Volume=high	Begin=768.41|End=768.71	_	_	_	_
359-0	PSB005	359	come	come	linguistic	none	_	Begin=769.12	_	_	_	_
359-1	PSB005	359	hai	hai	linguistic	none	_	_	_	_	_	_
359-2	PSB005	359	fatto,	fatto	linguistic	none	Intonation=weakly_rising	End=769.98	_	_	_	_
360-0	PSB005	360	cioè	cioè	linguistic	none	_	Begin=771.05	_	_	_	_
360-1	PSB005	360	fa~	fa~	linguistic	none	Interrupted=Yes	_	_	_	_	_
360-2	PSB005	360	{P}	{P}	shortpause	none	_	_	_	_	_	_
360-3	PSB005	360	facevi	facevi	linguistic	none	_	_	_	_	_	_
360-4	PSB005	360	delle	delle	linguistic	none	_	_	_	_	_	_
360-5	PSB005	360	cose	cose	linguistic	none	_	_	_	_	_	_
360-6	PSB005	360	a	a	linguistic	none	_	_	_	_	_	_
360-7	PSB005	360	casa	casa	linguistic	none	_	_	_	_	_	_
360-8	PSB005	360	da	da	linguistic	none	_	_	_	_	_	_
360-9	PSB005	360	solo	solo	linguistic	none	_	_	_	_	_	_
360-10	PSB005	360	guardavi	guardavi	linguistic	none	_	_	_	_	_	_
360-11	PSB005	360	i	i	linguistic	none	_	_	_	_	_	_
360-12	PSB005	360	film:	film	linguistic	none	_	_	3x1	_	_	_
360-13	PSB005	360	la	la	linguistic	none	_	_	_	_	_	_
360-14	PSB005	360	radi[o]:?	radio	linguistic	none	Intonation=rising	End=775.27	4x1	_	_	4-5(54)
361-0	PSB064	361	[no]	no	linguistic	none	_	Begin=774.92	_	_	_	0-2(54)
361-1	PSB064	361	parlo	parlo	linguistic	none	_	_	_	_	_	_
361-2	PSB064	361	con	con	linguistic	none	_	_	_	_	_	_
361-3	PSB064	361	la	la	linguistic	none	_	_	_	_	_	_
361-4	PSB064	361	gente.	gente	linguistic	none	Intonation=falling	End=776.23	_	_	_	_
362-0	PSB005	362	okay.	okay	linguistic	none	Intonation=falling	Begin=776.66|End=777.22	_	_	_	_
363-0	PSB064	363	è	è	linguistic	none	_	Begin=778.26	_	_	_	_
363-1	PSB064	363	quello	quello	linguistic	none	_	_	_	_	_	_
363-2	PSB064	363	che	che	linguistic	none	_	_	_	_	_	_
363-3	PSB064	363	se:rve.	serve	linguistic	none	Intonation=falling	End=779.22	1x1	_	_	_
364-0	PSB005	364	secondo	secondo	linguistic	none	_	Begin=779.72	_	_	_	_
364-1	PSB005	364	te	te	linguistic	none	_	_	_	_	_	_
364-2	PSB005	364	cosa~	cosa~	linguistic	none	Interrupted=Yes	End=780.5	_	_	_	_
365-0	PSB064	365	vado	vado	linguistic	none	_	Begin=780.55	_	_	_	_
365-1	PSB064	365	alla	alla	linguistic	none	_	_	_	_	_	_
365-2	PSB064	365	posta	posta	linguistic	none	_	_	_	_	_	_
365-3	PSB064	365	vado	vado	linguistic	none	_	_	_	_	_	_
365-4	PSB064	365	da	da	linguistic	none	_	_	_	_	_	_
365-5	PSB064	365	solo	solo	linguistic	none	_	_	_	_	_	_
365-6	PSB064	365	non	non	linguistic	none	_	_	_	_	_	_
365-7	PSB064	365	{P}	{P}	shortpause	none	_	_	_	_	_	_
365-8	PSB064	365	chiedo	chiedo	linguistic	none	_	_	_	_	_	_
365-9	PSB064	365	qualcuno	qualcuno	linguistic	none	_	_	_	_	_	_
365-10	PSB064	365	che	che	linguistic	none	_	_	_	_	_	_
365-11	PSB064	365	parla	parla	linguistic	none	_	_	_	_	_	_
365-12	PSB064	365	e:h	eh	linguistic	none	_	End=784.66	0x1	_	_	_
366-0	PSB064	366	italiano	italiano	linguistic	none	_	Begin=785.17	_	_	_	_
366-1	PSB064	366	niente.	niente	linguistic	none	Intonation=falling	End=786.26	_	_	_	_
367-0	PSB064	367	se	se	linguistic	none	_	Begin=787.29	_	_	_	_
367-1	PSB064	367	vado	vado	linguistic	none	_	_	_	_	_	_
367-2	PSB064	367	a	a	linguistic	none	_	_	_	_	_	_
367-3	PSB064	367	fare	fare	linguistic	none	_	_	_	_	_	_
367-4	PSB064	367	qualcosa,	qualcosa	linguistic	none	Intonation=weakly_rising	End=788.72	_	_	_	_
368-0	PSB064	368	è	è	linguistic	some	_	Begin=790.33	_	_	_	_
368-1	PSB064	368	la	la	linguistic	some	_	_	_	_	_	_
368-2	PSB064	368	#friction.	friction	linguistic	some	Intonation=falling|Language=NO_ISO_CODE	End=791.63	_	_	_	_
370-0	PSB063	370	sì.	sì	linguistic	none	Intonation=falling	Begin=791.63|End=791.94	_	_	_	_
371-0	PSB063	371	e:h	eh	linguistic	none	_	Begin=792.75	0x1	_	_	_
371-1	PSB063	371	il	il	linguistic	none	_	_	_	_	_	_
371-2	PSB063	371	contatto.	contatto	linguistic	none	Intonation=falling	End=794.24	_	_	_	_
372-0	PSB064	372	il	il	linguistic	none	_	Begin=794.44	_	_	_	_
372-1	PSB064	372	contatto	contatto	linguistic	none	_	_	_	_	_	_
372-2	PSB064	372	con	con	linguistic	none	_	_	_	_	_	_
372-3	PSB064	372	la	la	linguistic	none	_	_	_	_	_	_
372-4	PSB064	372	lingua.	lingua	linguistic	none	Intonation=falling	End=795.65	_	_	_	_
373-0	PSB005	373	bello.	bello	linguistic	none	Intonation=falling	Begin=795.69	_	_	_	_
373-1	PSB005	373	{P}	{P}	shortpause	none	_	_	_	_	_	_
373-2	PSB005	373	giusto.	giusto	linguistic	none	Intonation=falling	_	_	_	_	_
373-3	PSB005	373	{P}	{P}	shortpause	none	_	_	_	_	_	_
373-4	PSB005	373	bellissimo.	bellissimo	linguistic	none	Intonation=falling	End=797.82	_	_	_	_
374-0	PSB064	374	°contatto	contatto	linguistic	none	Volume=low	Begin=797.98	_	_	_	_
374-1	PSB064	374	con	con	linguistic	none	Volume=low	_	_	_	_	_
374-2	PSB064	374	la	la	linguistic	none	Volume=low	_	_	_	_	_
374-3	PSB064	374	lin[gua]°.	lingua	linguistic	none	Intonation=falling|Volume=low	End=799.21	_	_	_	3-6(55)
375-0	PSB005	375	[s]ì	sì	linguistic	none	_	Begin=798.72	_	_	_	0-1(55)
375-1	PSB005	375	sì.	sì	linguistic	none	Intonation=falling	End=799.16	_	_	_	_
376-0	PSB005	376	quindi	quindi	linguistic	none	_	Begin=799.79	_	_	_	_
376-1	PSB005	376	tutto	tutto	linguistic	none	_	_	_	_	_	_
376-2	PSB005	376	il	il	linguistic	none	_	_	_	_	_	_
376-3	PSB005	376	giorno	giorno	linguistic	none	_	_	_	_	_	_
376-4	PSB005	376	tu	tu	linguistic	none	_	_	_	_	_	_
376-5	PSB005	376	pa[r~]	par~	linguistic	none	Interrupted=Yes	End=801.05	_	_	_	2-4(56)
377-0	PSB064	377	[p]erché	perché	linguistic	none	_	Begin=800.99	_	_	_	0-1(56)
377-1	PSB064	377	ho	ho	linguistic	none	_	_	_	_	_	_
377-2	PSB064	377	sentito	sentito	linguistic	none	_	_	_	_	_	_
377-3	PSB064	377	un:	un	linguistic	none	_	_	1x1	_	_	_
377-4	PSB064	377	spia.	spia	linguistic	none	Intonation=falling	End=803.14	_	_	_	_
378-0	PSB064	378	spia:	spia	linguistic	none	_	Begin=804.33|End=805.11	3x1	_	_	_
379-0	PSB063	379	(c(io)è)	cioè	linguistic	none	_	Begin=805.14	_	_	_	_
379-1	PSB063	379	uno	uno	linguistic	none	_	_	_	_	_	_
379-2	PSB063	379	speaker?	speaker	linguistic	none	Intonation=rising	End=805.93	_	_	_	_
380-0	PSB064	380	spia	spia	linguistic	none	_	Begin=806.14	_	_	_	_
380-1	PSB064	380	sp[ia].	spia	linguistic	none	Intonation=falling	End=806.98	_	_	_	2-4(57)
381-0	PSB005	381	[sp]ia	spia	linguistic	none	_	Begin=806.78	_	_	_	0-2(57)
381-1	PSB005	381	spia.	spia	linguistic	none	Intonation=falling	End=807.55	_	_	_	_
382-0	PSB064	382	spie.	spie	linguistic	none	Intonation=falling	Begin=808.44|End=808.87	_	_	_	_
383-0	PSB005	383	eh,	eh	linguistic	none	Intonation=weakly_rising	Begin=808.92|End=809.23	_	_	_	_
384-0	PSB064	384	hai	hai	linguistic	none	_	Begin=809.24	_	_	_	_
384-1	PSB064	384	capito	capito	linguistic	none	_	_	_	_	_	_
384-2	PSB064	384	cosa	cosa	linguistic	none	_	_	_	_	_	_
384-3	PSB064	384	è?	è	linguistic	none	Intonation=rising	End=810.1	_	_	_	_
385-0	PSB005	385	prova	prova	linguistic	none	_	Begin=810.13	_	_	_	_
385-1	PSB005	385	a	a	linguistic	none	_	_	_	_	_	_
385-2	PSB005	385	dirmi	dirmi	linguistic	none	_	_	_	_	_	_
385-3	PSB005	385	{P}	{P}	shortpause	none	_	_	_	_	_	_
385-4	PSB005	385	continua	continua	linguistic	none	_	_	_	_	_	_
385-5	PSB005	385	la	la	linguistic	none	_	_	_	_	_	_
385-6	PSB005	385	frase?	frase	linguistic	none	Intonation=rising	End=811.87	_	_	_	_
386-0	PSB064	386	a	a	linguistic	all	Language=NO_ISO_CODE	Begin=811.98	_	_	_	_
386-1	PSB064	386	spy.	spy	linguistic	all	Intonation=falling|Language=NO_ISO_CODE	End=812.69	_	_	_	_
388-0	PSB063	388	sì.	sì	linguistic	none	Intonation=falling	Begin=812.97|End=813.27	_	_	_	_
389-0	PSB005	389	sì	sì	linguistic	none	_	Begin=813.29	_	_	_	_
389-1	PSB005	389	sì	sì	linguistic	none	_	_	_	_	_	_
389-2	PSB005	389	sì.	sì	linguistic	none	Intonation=falling	End=813.93	_	_	_	_
390-0	PSB064	390	una	una	linguistic	none	_	Begin=813.97	_	_	_	_
390-1	PSB064	390	[spia].	spia	linguistic	none	Intonation=falling	End=814.55	_	_	_	0-4(58)
391-0	PSB005	391	[una	una	linguistic	none	_	Begin=814.1	_	_	_	0-3(58)
391-1	PSB005	391	sp]ia	spia	linguistic	none	_	_	_	_	_	0-2(58)
391-2	PSB005	391	sì.	sì	linguistic	none	Intonation=falling	End=814.94	_	_	_	_
392-0	PSB064	392	una	una	linguistic	none	_	Begin=814.98	_	_	_	_
392-1	PSB064	392	spia	spia	linguistic	none	_	_	_	_	_	_
392-2	PSB064	392	che	che	linguistic	none	_	_	_	_	_	_
392-3	PSB064	392	ha	ha	linguistic	none	_	_	_	_	_	_
392-4	PSB064	392	detto	detto	linguistic	none	_	_	_	_	_	_
392-5	PSB064	392	per:	per	linguistic	none	_	_	2x1	_	_	_
392-6	PSB064	392	conoscere	conoscere	linguistic	none	_	_	_	_	_	_
392-7	PSB064	392	una	una	linguistic	none	_	_	_	_	_	_
392-8	PSB064	392	nuo:va	nuova	linguistic	none	_	_	2x1	_	_	_
392-9	PSB064	392	lingua	lingua	linguistic	none	_	_	_	_	_	_
392-10	PSB064	392	devi	devi	linguistic	none	_	_	_	_	_	_
392-11	PSB064	392	{P}	{P}	shortpause	none	_	_	_	_	_	_
392-12	PSB064	392	entrare	entrare	linguistic	none	_	_	_	_	_	_
392-13	PSB064	392	ne[l~]	nel~	linguistic	none	Interrupted=Yes	_	_	_	_	2-4(59)
392-14	PSB064	392	{P}	{P}	shortpause	none	_	_	_	_	_	_
392-15	PSB064	392	nel	nel	linguistic	none	_	_	_	_	_	_
392-16	PSB064	392	mondo	mondo	linguistic	none	_	_	_	_	_	_
392-17	PSB064	392	della	della	linguistic	none	_	_	_	_	_	_
392-18	PSB064	392	lingua.	lingua	linguistic	none	Intonation=falling	End=820.79	_	_	_	_
393-0	PSB005	393	[sì	sì	linguistic	none	_	Begin=819.44	_	_	_	0-2(59)
393-1	PSB005	393	sì].	sì	linguistic	none	Intonation=falling	End=820.0	_	_	_	0-2(59)
394-0	PSB005	394	sì	sì	linguistic	none	_	Begin=820.79	_	_	_	_
394-1	PSB005	394	sì.	sì	linguistic	none	Intonation=falling	End=821.36	_	_	_	_
395-0	PSB005	395	quindi	quindi	linguistic	none	_	Begin=821.63	_	_	_	_
395-1	PSB005	395	tu	tu	linguistic	none	_	_	_	_	_	_
395-2	PSB005	395	parli	parli	linguistic	none	_	_	_	_	_	_
395-3	PSB005	395	ascolti	ascolti	linguistic	none	_	_	_	_	_	_
395-4	PSB005	395	tutti	tutti	linguistic	none	_	_	_	_	_	_
395-5	PSB005	395	le	le	linguistic	none	_	_	_	_	_	_
395-6	PSB005	395	persone:?	persone	linguistic	none	Intonation=rising	End=824.32	6x1	_	_	_
396-0	PSB005	396	vai	vai	linguistic	none	_	Begin=824.34	_	_	_	_
396-1	PSB005	396	in	in	linguistic	none	_	_	_	_	_	_
396-2	PSB005	396	autobus	autobus	linguistic	none	_	_	_	_	_	_
396-3	PSB005	396	ascolti	ascolti	linguistic	none	_	_	_	_	_	_
396-4	PSB005	396	tutti	tutti	linguistic	none	_	_	_	_	_	_
396-5	PSB005	396	che	che	linguistic	none	_	_	_	_	_	_
396-6	PSB005	396	parlan[o:]?	parlano	linguistic	none	Intonation=rising	End=826.8	6x1	_	_	6-7(60)
397-0	PSB064	397	[sì]	sì	linguistic	none	_	Begin=826.121|End=826.899	_	_	_	0-2(60)
398-0	PSB005	398	giusto.	giusto	linguistic	none	Intonation=falling	Begin=827.54|End=828.12	_	_	_	_
399-0	PSB005	399	se~	se~	linguistic	none	Interrupted=Yes	Begin=828.31|End=828.7	_	_	_	_
400-0	PSB064	400	eh	eh	linguistic	none	_	Begin=828.96	_	_	_	_
400-1	PSB064	400	[pro]vo	provo	linguistic	none	_	_	_	_	_	0-3(61)
400-2	PSB064	400	pa~	pa~	linguistic	none	Interrupted=Yes	_	_	_	_	_
400-3	PSB064	400	parlare	parlare	linguistic	none	_	_	_	_	_	_
400-4	PSB064	400	le~	le~	linguistic	none	Interrupted=Yes	_	_	_	_	_
400-5	PSB064	400	l'	l'	linguistic	none	SpaceAfter=No	_	_	_	_	_
400-6	PSB064	400	italiano	italiano	linguistic	none	_	_	_	_	_	_
400-7	PSB064	400	{P}	{P}	shortpause	none	_	_	_	_	_	_
400-8	PSB064	400	il	il	linguistic	none	_	_	_	_	_	_
400-9	PSB064	400	più	più	linguistic	none	_	_	_	_	_	_
400-10	PSB064	400	possibile.	possibile	linguistic	none	Intonation=falling	End=832.85	_	_	_	_
401-0	PSB005	401	[mh]	mh	linguistic	none	_	Begin=829.23|End=829.46	_	_	_	0-2(61)
402-0	PSB005	402	sì	sì	linguistic	none	_	Begin=833.0	_	_	_	_
402-1	PSB005	402	sì	sì	linguistic	none	_	_	_	_	_	_
402-2	PSB005	402	sì.	sì	linguistic	none	Intonation=falling	End=833.71	_	_	_	_
403-0	PSB005	403	MA	ma	linguistic	none	Volume=high	Begin=833.98	_	_	_	_
403-1	PSB005	403	in	in	linguistic	none	_	_	_	_	_	_
403-2	PSB005	403	casa	casa	linguistic	none	_	_	_	_	_	_
403-3	PSB005	403	vivi	vivi	linguistic	none	_	_	_	_	_	_
403-4	PSB005	403	con	con	linguistic	none	_	_	_	_	_	_
403-5	PSB005	403	altri	altri	linguistic	none	_	_	_	_	_	_
403-6	PSB005	403	{P}	{P}	shortpause	none	_	_	_	_	_	_
403-7	PSB005	403	vivi	vivi	linguistic	none	_	_	_	_	_	_
403-8	PSB005	403	con	con	linguistic	none	_	_	_	_	_	_
403-9	PSB005	403	degli	degli	linguistic	none	_	_	_	_	_	_
403-10	PSB005	403	italiani	italiani	linguistic	none	_	_	_	_	_	_
403-11	PSB005	403	o:	o	linguistic	none	_	_	0x1	_	_	_
403-12	PSB005	403	[no]?	no	linguistic	none	Intonation=rising	End=837.0	_	_	_	0-2(62)
404-0	PSB064	404	[no].	no	linguistic	none	Intonation=falling	Begin=836.65|End=837.0	_	_	_	0-2(62)
405-0	PSB005	405	perché	perché	linguistic	none	_	Begin=837.49	_	_	_	_
405-1	PSB005	405	questo	questo	linguistic	none	_	_	_	_	_	_
405-2	PSB005	405	e~	e~	linguistic	none	Interrupted=Yes	_	_	_	_	_
405-3	PSB005	405	{P}	{P}	shortpause	none	_	_	_	_	_	_
405-4	PSB005	405	[potrebbe	potrebbe	linguistic	none	_	_	_	_	_	0-8(63)
405-5	PSB005	405	aiutare].	aiutare	linguistic	none	Intonation=falling	End=839.78	_	_	_	0-7(63)
406-0	PSB064	406	[ah	ah	linguistic	none	_	Begin=838.84	_	_	_	0-2(63)
406-1	PSB064	406	non	non	linguistic	none	_	_	_	_	_	0-3(63)
406-2	PSB064	406	ero	ero	linguistic	none	_	_	_	_	_	0-3(63)
406-3	PSB064	406	in]	in	linguistic	none	_	_	_	_	_	0-2(63)
406-4	PSB064	406	casa	casa	linguistic	none	_	_	_	_	_	_
406-5	PSB064	406	{P}	{P}	shortpause	none	_	_	_	_	_	_
406-6	PSB064	406	mai.	mai	linguistic	none	Intonation=falling	End=840.33	_	_	_	_
407-0	PSB005	407	ah	ah	linguistic	none	_	Begin=840.69	_	_	_	_
407-1	PSB005	407	certo.	certo	linguistic	none	Intonation=falling	End=841.4	_	_	_	_
408-0	PSB005	408	sì	sì	linguistic	none	_	Begin=841.64	_	_	_	_
408-1	PSB005	408	sì	sì	linguistic	none	_	_	_	_	_	_
408-2	PSB005	408	sì.	sì	linguistic	none	Intonation=falling	End=842.41	_	_	_	_
409-0	PSB005	409	vivi	vivi	linguistic	none	_	Begin=842.56	_	_	_	_
409-1	PSB005	409	con	con	linguistic	none	_	_	_	_	_	_
409-2	PSB005	409	altri	altri	linguistic	none	_	_	_	_	_	_
409-3	PSB005	409	{P}	{P}	shortpause	none	_	_	_	_	_	_
409-4	PSB005	409	ragazzi	ragazzi	linguistic	none	_	_	_	_	_	_
409-5	PSB005	409	del	del	linguistic	none	_	_	_	_	_	_
409-6	PSB005	409	tuo	tuo	linguistic	none	_	_	_	_	_	_
409-7	PSB005	409	paese	paese	linguistic	none	_	_	_	_	_	_
409-8	PSB005	409	o:~	o~	linguistic	none	Interrupted=Yes	_	0x1	_	_	_
409-9	PSB005	409	o	o	linguistic	none	_	_	_	_	_	_
409-10	PSB005	409	altri	altri	linguistic	none	_	_	_	_	_	_
409-11	PSB005	409	paesi?	paesi	linguistic	none	Intonation=rising	End=846.07	_	_	_	_
410-0	PSB064	410	e:h	eh	linguistic	none	_	Begin=846.11	0x1	_	_	_
410-1	PSB064	410	vivo	vivo	linguistic	none	_	_	_	_	_	_
410-2	PSB064	410	con	con	linguistic	none	_	_	_	_	_	_
410-3	PSB064	410	un	un	linguistic	none	_	_	_	_	_	_
410-4	PSB064	410	marocchino	marocchino	linguistic	none	_	_	_	_	_	_
410-5	PSB064	410	{P}	{P}	shortpause	none	_	_	_	_	_	_
410-6	PSB064	410	due:	due	linguistic	none	_	_	2x1	_	_	_
410-7	PSB064	410	egiziani	egiziani	linguistic	none	_	_	_	_	_	_
410-8	PSB064	410	e	e	linguistic	none	_	_	_	_	_	_
410-9	PSB064	410	un~	un~	linguistic	none	Interrupted=Yes	_	_	_	_	_
410-10	PSB064	410	e	e	linguistic	none	_	_	_	_	_	_
410-11	PSB064	410	due:	due	linguistic	none	_	_	2x1	_	_	_
410-12	PSB064	410	tunisini.	tunisini	linguistic	none	Intonation=falling	End=852.27	_	_	_	_
411-0	PSB005	411	ah	ah	linguistic	none	_	Begin=852.42	_	_	_	_
411-1	PSB005	411	quindi	quindi	linguistic	none	_	_	_	_	_	_
411-2	PSB005	411	molto	molto	linguistic	none	_	_	_	_	_	_
411-3	PSB005	411	arabo	arabo	linguistic	none	_	_	_	_	_	_
411-4	PSB005	411	{P}	{P}	shortpause	none	_	_	_	_	_	_
411-5	PSB005	411	in	in	linguistic	none	_	_	_	_	_	_
411-6	PSB005	411	casa.	casa	linguistic	none	Intonation=falling	End=854.43	_	_	_	_
412-0	PSB064	412	sì	sì	linguistic	none	_	Begin=854.43	_	_	_	_
412-1	PSB064	412	c'	c'	linguistic	none	SpaceAfter=No	_	_	_	_	_
412-2	PSB064	412	è	è	linguistic	none	_	_	_	_	_	_
412-3	PSB064	412	solo	solo	linguistic	none	_	_	_	_	_	_
412-4	PSB064	412	l'	l'	linguistic	none	SpaceAfter=No	_	_	_	_	_
412-5	PSB064	412	arabo.	arabo	linguistic	none	Intonation=falling	End=855.66	_	_	_	_
413-0	PSB005	413	sì	sì	linguistic	none	_	Begin=855.78	_	_	_	_
413-1	PSB005	413	sì.	sì	linguistic	none	Intonation=falling	End=856.44	_	_	_	_
414-0	PSB005	414	>sì	sì	linguistic	none	_	Begin=856.72	_	Fast=0-2(0)	_	_
414-1	PSB005	414	sì	sì	linguistic	none	_	_	_	Fast=0-2(0)	_	_
414-2	PSB005	414	sì	sì	linguistic	none	_	_	_	Fast=0-2(0)	_	_
414-3	PSB005	414	sì<.	sì	linguistic	none	Intonation=falling	End=857.58	_	Fast=0-2(0)	_	_
415-0	PSB063	415	però	però	linguistic	none	_	Begin=858.41	_	_	_	_
415-1	PSB063	415	stai	stai	linguistic	none	_	_	_	_	_	_
415-2	PSB063	415	poco	poco	linguistic	none	_	_	_	_	_	_
415-3	PSB063	415	tempo	tempo	linguistic	none	_	_	_	_	_	_
415-4	PSB063	415	in	in	linguistic	none	_	_	_	_	_	_
415-5	PSB063	415	casa.	casa	linguistic	none	Intonation=falling	End=860.08	_	_	_	_
416-0	PSB064	416	sto:	sto	linguistic	none	_	Begin=860.61	2x1	_	_	_
416-1	PSB064	416	poco	poco	linguistic	none	_	_	_	_	_	_
416-2	PSB064	416	tempo	tempo	linguistic	none	_	_	_	_	_	_
416-3	PSB064	416	in	in	linguistic	none	_	_	_	_	_	_
416-4	PSB064	416	casa	casa	linguistic	none	_	_	_	_	_	_
416-5	PSB064	416	m~	m~	linguistic	none	Interrupted=Yes	End=862.34	_	_	_	_
417-0	PSB005	417	e	e	linguistic	none	_	Begin=862.81	_	_	_	_
417-1	PSB005	417	dur~	dur~	linguistic	none	Interrupted=Yes	_	_	_	_	_
417-2	PSB005	417	durante	durante	linguistic	none	_	_	_	_	_	_
417-3	PSB005	417	la	la	linguistic	none	_	_	_	_	_	_
417-4	PSB005	417	giornata	giornata	linguistic	none	_	_	_	_	_	_
417-5	PSB005	417	{P}	{P}	shortpause	none	_	_	_	_	_	_
417-6	PSB005	417	hai	hai	linguistic	none	_	_	_	_	_	_
417-7	PSB005	417	altre	altre	linguistic	none	_	_	_	_	_	_
417-8	PSB005	417	occasioni	occasioni	linguistic	none	_	_	_	_	_	_
417-9	PSB005	417	di	di	linguistic	none	_	_	_	_	_	_
417-10	PSB005	417	parlare	parlare	linguistic	none	_	_	_	_	_	_
417-11	PSB005	417	arabo	arabo	linguistic	none	_	_	_	_	_	_
417-12	PSB005	417	{P}	{P}	shortpause	none	_	_	_	_	_	_
417-13	PSB005	417	o	o	linguistic	none	_	_	_	_	_	_
417-14	PSB005	417	no?	no	linguistic	none	Intonation=rising	End=868.09	_	_	_	_
418-0	PSB064	418	altre	altre	linguistic	none	_	Begin=868.74	_	_	_	_
418-1	PSB064	418	occasioni	occasioni	linguistic	none	_	_	_	_	_	_
418-2	PSB064	418	di	di	linguistic	none	_	_	_	_	_	_
418-3	PSB064	418	parlar	parlar	linguistic	none	_	_	_	_	_	_
418-4	PSB064	418	l'	l'	linguistic	none	SpaceAfter=No	_	_	_	_	_
418-5	PSB064	418	arabo?	arabo	linguistic	none	Intonation=rising	End=870.77	_	_	_	_
419-0	PSB005	419	sì.	sì	linguistic	none	Intonation=falling	Begin=870.78|End=871.05	_	_	_	_
420-0	PSB064	420	prima	prima	linguistic	none	_	Begin=873.22	_	_	_	_
420-1	PSB064	420	ero	ero	linguistic	none	_	_	_	_	_	_
420-2	PSB064	420	parlando	parlando	linguistic	none	_	_	_	_	_	_
420-3	PSB064	420	l'	l'	linguistic	none	SpaceAfter=No	_	_	_	_	_
420-4	PSB064	420	arabo	arabo	linguistic	none	_	_	_	_	_	_
420-5	PSB064	420	molto	molto	linguistic	none	_	_	_	_	_	_
420-6	PSB064	420	perché	perché	linguistic	none	_	_	_	_	_	_
420-7	PSB064	420	{P}	{P}	shortpause	none	_	_	_	_	_	_
420-8	PSB064	420	ero	ero	linguistic	none	_	_	_	_	_	_
420-9	PSB064	420	in	in	linguistic	none	_	_	_	_	_	_
420-10	PSB064	420	casa	casa	linguistic	none	_	_	_	_	_	_
420-11	PSB064	420	più	più	linguistic	none	_	_	_	_	_	_
420-12	PSB064	420	{P}	{P}	shortpause	none	_	_	_	_	_	_
420-13	PSB064	420	di	di	linguistic	none	_	_	_	_	_	_
420-14	PSB064	420	più	più	linguistic	none	_	_	_	_	_	_
420-15	PSB064	420	eh:	eh	linguistic	none	_	End=877.56	1x1	_	_	_
421-0	PSB064	421	ero	ero	linguistic	none	_	Begin=877.95	_	_	_	_
421-1	PSB064	421	un	un	linguistic	none	_	_	_	_	_	_
421-2	PSB064	421	casa:	casa	linguistic	none	_	_	3x1	_	_	_
421-3	PSB064	421	come	come	linguistic	none	_	_	_	_	_	_
421-4	PSB064	421	{P}	{P}	shortpause	none	_	_	_	_	_	_
421-5	PSB064	421	quattro	quattro	linguistic	none	_	_	_	_	_	_
421-6	PSB064	421	o:re	ore	linguistic	none	_	_	0x1	_	_	_
421-7	PSB064	421	per	per	linguistic	none	_	_	_	_	_	_
421-8	PSB064	421	{P}	{P}	shortpause	none	_	_	_	_	_	_
421-9	PSB064	421	giorno.	giorno	linguistic	none	Intonation=falling	End=881.45	_	_	_	_
422-0	PSB005	422	m:h	mh	linguistic	none	_	Begin=881.56|End=882.02	0x1	_	_	_
423-0	PSB064	423	più	più	linguistic	none	_	Begin=883.56	_	_	_	_
423-1	PSB064	423	dormire.	dormire	linguistic	none	Intonation=falling	End=884.39	_	_	_	_
424-0	PSB005	424	[sì	sì	linguistic	none	_	Begin=884.61	_	_	_	0-2(64)
424-1	PSB005	424	sì	sì	linguistic	none	_	_	_	_	_	0-2(64)
424-2	PSB005	424	beh	beh	linguistic	none	_	_	_	_	_	0-3(64)
424-3	PSB005	424	sì].	sì	linguistic	none	Intonation=falling	End=885.81	_	_	_	0-2(64)
425-0	PSB064	425	[°quindi	quindi	linguistic	none	Volume=low	Begin=884.61	_	_	_	0-6(64)
425-1	PSB064	425	dodici	dodici	linguistic	none	Volume=low	_	_	_	_	0-6(64)
425-2	PSB064	425	ore°].	ore	linguistic	none	Intonation=falling|Volume=low	End=885.81	_	_	_	0-3(64)
426-0	PSB005	426	sì	sì	linguistic	none	_	Begin=885.84	_	_	_	_
426-1	PSB005	426	sì.	sì	linguistic	none	Intonation=falling	End=886.34	_	_	_	_
427-0	PSB064	427	e	e	linguistic	none	_	Begin=887.36	_	_	_	_
427-1	PSB064	427	dopo	dopo	linguistic	none	_	_	_	_	_	_
427-2	PSB064	427	quando	quando	linguistic	none	_	_	_	_	_	_
427-3	PSB064	427	ho	ho	linguistic	none	_	_	_	_	_	_
427-4	PSB064	427	iniziato	iniziato	linguistic	none	_	_	_	_	_	_
427-5	PSB064	427	l~	l~	linguistic	none	Interrupted=Yes	_	_	_	_	_
427-6	PSB064	427	il	il	linguistic	none	_	_	_	_	_	_
427-7	PSB064	427	corso	corso	linguistic	none	_	_	_	_	_	_
427-8	PSB064	427	di:	di	linguistic	none	_	End=890.67	1x1	_	_	_
428-0	PSB064	428	di	di	linguistic	none	_	Begin=891.89	_	_	_	_
428-1	PSB064	428	s:tudio	studio	linguistic	none	_	_	0x1	_	_	_
428-2	PSB064	428	che:	che	linguistic	none	_	_	2x1	_	_	_
428-3	PSB064	428	sto	sto	linguistic	none	_	_	_	_	_	_
428-4	PSB064	428	facendo,	facendo	linguistic	none	Intonation=weakly_rising	End=894.04	_	_	_	_
429-0	PSB064	429	ho	ho	linguistic	none	_	Begin=895.46	_	_	_	_
429-1	PSB064	429	parlato	parlato	linguistic	none	_	_	_	_	_	_
429-2	PSB064	429	ho	ho	linguistic	none	_	_	_	_	_	_
429-3	PSB064	429	iniziato	iniziato	linguistic	none	_	_	_	_	_	_
429-4	PSB064	429	>parlare<	parlare	linguistic	none	_	_	_	Fast=0-7(0)	_	_
429-5	PSB064	429	solo	solo	linguistic	none	_	_	_	_	_	_
429-6	PSB064	429	il	il	linguistic	none	_	_	_	_	_	_
429-7	PSB064	429	l:~	l~	linguistic	none	Interrupted=Yes	_	0x1	_	_	_
429-8	PSB064	429	l'	l'	linguistic	none	SpaceAfter=No	_	_	_	_	_
429-9	PSB064	429	italiano	italiano	linguistic	none	_	_	_	_	_	_
429-10	PSB064	429	più.	più	linguistic	none	Intonation=falling	End=900.03	_	_	_	_
430-0	PSB005	430	mhmh	mhmh	linguistic	none	_	Begin=900.35|End=900.73	_	_	_	_
431-0	PSB064	431	dal	dal	linguistic	none	_	Begin=901.14	_	_	_	_
431-1	PSB064	431	gennaio.	gennaio	linguistic	none	Intonation=falling	End=902.14	_	_	_	_
432-0	PSB005	432	mhmh	mhmh	linguistic	none	_	Begin=902.34|End=902.76	_	_	_	_
433-0	PSB064	433	ho	ho	linguistic	none	_	Begin=903.88	_	_	_	_
433-1	PSB064	433	fatto	fatto	linguistic	none	_	_	_	_	_	_
433-2	PSB064	433	a:mici:	amici	linguistic	none	_	_	0x1,4x1	_	_	_
433-3	PSB064	433	italiani	italiani	linguistic	none	_	_	_	_	_	_
433-4	PSB064	433	e	e	linguistic	none	_	_	_	_	_	_
433-5	PSB064	433	tutto,	tutto	linguistic	none	Intonation=weakly_rising	End=906.95	_	_	_	_
434-0	PSB005	434	sì	sì	linguistic	none	_	Begin=908.18	_	_	_	_
434-1	PSB005	434	sì	sì	linguistic	none	_	_	_	_	_	_
434-2	PSB005	434	sì.	sì	linguistic	none	Intonation=falling	End=908.81	_	_	_	_
435-0	PSB005	435	[e]	e	linguistic	none	_	Begin=909.56	_	_	_	0-1(65)
435-1	PSB005	435	nel	nel	linguistic	none	_	_	_	_	_	_
435-2	PSB005	435	tuo	tuo	linguistic	none	_	_	_	_	_	_
435-3	PSB005	435	tempo	tempo	linguistic	none	_	_	_	_	_	_
435-4	PSB005	435	libero:?	libero	linguistic	none	Intonation=rising	End=911.41	5x1	_	_	_
436-0	PSB064	436	[eh]	eh	linguistic	none	_	Begin=909.614|End=910.05	_	_	_	0-2(65)
437-0	PSB005	437	non	non	linguistic	none	_	Begin=911.95	_	_	_	_
437-1	PSB005	437	so:	so	linguistic	none	_	_	1x1	_	_	_
437-2	PSB005	437	{P}	{P}	shortpause	none	_	_	_	_	_	_
437-3	PSB005	437	giochi:	giochi	linguistic	none	_	_	5x1	_	_	_
437-4	PSB005	437	a	a	linguistic	none	_	_	_	_	_	_
437-5	PSB005	437	calcio::?	calcio	linguistic	none	Intonation=rising	End=915.09	5x2	_	_	_
438-0	PSB005	438	ti	ti	linguistic	none	_	Begin=915.12	_	_	_	_
438-1	PSB005	438	piace	piace	linguistic	none	_	_	_	_	_	_
438-2	PSB005	438	fare	fare	linguistic	none	_	_	_	_	_	_
438-3	PSB005	438	qualche	qualche	linguistic	none	_	_	_	_	_	_
438-4	PSB005	438	cosa?	cosa	linguistic	none	Intonation=rising	End=916.78	_	_	_	_
439-0	PSB064	439	no	no	linguistic	none	_	Begin=916.84	_	_	_	_
439-1	PSB064	439	no.	no	linguistic	none	Intonation=falling	_	_	_	_	_
439-2	PSB064	439	non	non	linguistic	none	_	_	_	_	_	_
439-3	PSB064	439	piace	piace	linguistic	none	_	_	_	_	_	_
439-4	PSB064	439	fare	fare	linguistic	none	_	_	_	_	_	_
439-5	PSB064	439	niente.	niente	linguistic	none	Intonation=falling	End=918.79	_	_	_	_
440-0	PSB005	440	non	non	linguistic	none	_	Begin=919.11	_	_	_	_
440-1	PSB005	440	hai	hai	linguistic	none	_	_	_	_	_	_
440-2	PSB005	440	molto	molto	linguistic	none	_	_	_	_	_	_
440-3	PSB005	440	tempo	tempo	linguistic	none	_	_	_	_	_	_
440-4	PSB005	440	forse	forse	linguistic	none	_	_	_	_	_	_
440-5	PSB005	440	anche.	anche	linguistic	none	Intonation=falling	End=920.87	_	_	_	_
441-0	PSB064	441	non	non	linguistic	none	_	Begin=921.41	_	_	_	_
441-1	PSB064	441	ho	ho	linguistic	none	_	_	_	_	_	_
441-2	PSB064	441	molto	molto	linguistic	none	_	_	_	_	_	_
441-3	PSB064	441	tempo	tempo	linguistic	none	_	_	_	_	_	_
441-4	PSB064	441	{P}	{P}	shortpause	none	_	_	_	_	_	_
441-5	PSB064	441	sì.	sì	linguistic	none	Intonation=falling	End=922.82	_	_	_	_
442-0	PSB064	442	è	è	linguistic	none	_	Begin=923.04	_	_	_	_
442-1	PSB064	442	quello.	quello	linguistic	none	Intonation=falling	End=923.95	_	_	_	_
443-0	PSB064	443	volevo	volevo	linguistic	none	_	Begin=924.36	_	_	_	_
443-1	PSB064	443	fare	fare	linguistic	none	_	_	_	_	_	_
443-2	PSB064	443	{P}	{P}	shortpause	none	_	_	_	_	_	_
443-3	PSB064	443	tanti	tanti	linguistic	none	_	_	_	_	_	_
443-4	PSB064	443	{P}	{P}	shortpause	none	_	_	_	_	_	_
443-5	PSB064	443	altri	altri	linguistic	none	_	_	_	_	_	_
443-6	PSB064	443	{P}	{P}	shortpause	none	_	_	_	_	_	_
443-7	PSB064	443	cose.	cose	linguistic	none	Intonation=falling	End=926.35	_	_	_	_
444-0	PSB064	444	volevo	volevo	linguistic	none	_	Begin=926.52	_	_	_	_
444-1	PSB064	444	imparare	imparare	linguistic	none	_	_	_	_	_	_
444-2	PSB064	444	l'	l'	linguistic	none	SpaceAfter=No	_	_	_	_	_
444-3	PSB064	444	ukulele	ukulele	linguistic	none	_	_	_	_	_	_
444-4	PSB064	444	°dele~°	dele~	linguistic	none	Interrupted=Yes|Volume=low	End=929.28	_	_	_	_
445-0	PSB005	445	mh	mh	linguistic	none	_	Begin=929.33|End=929.73	_	_	_	_
446-0	PSB005	446	ah	ah	linguistic	none	_	Begin=930.39	_	_	_	_
446-1	PSB005	446	la	la	linguistic	none	_	_	_	_	_	_
446-2	PSB005	446	musica	musica	linguistic	none	_	_	_	_	_	_
446-3	PSB005	446	ti	ti	linguistic	none	_	_	_	_	_	_
446-4	PSB005	446	piace?	piace	linguistic	none	Intonation=rising	End=931.73	_	_	_	_
447-0	PSB064	447	mi	mi	linguistic	none	_	Begin=932.03	_	_	_	_
447-1	PSB064	447	piace	piace	linguistic	none	_	_	_	_	_	_
447-2	PSB064	447	°un	un	linguistic	none	Volume=low	_	_	_	_	_
447-3	PSB064	447	po'	po'	linguistic	none	Volume=low	_	_	_	_	_
447-4	PSB064	447	di~	di~	linguistic	none	Interrupted=Yes|Volume=low	_	_	_	_	_
447-5	PSB064	447	della	della	linguistic	none	Volume=low	_	_	_	_	_
447-6	PSB064	447	musica°	musica	linguistic	none	Volume=low	_	_	_	_	_
447-7	PSB064	447	sì.	sì	linguistic	none	Intonation=falling	End=933.72	_	_	_	_
448-0	PSB064	448	ho	ho	linguistic	none	_	Begin=934.13	_	_	_	_
448-1	PSB064	448	studiato	studiato	linguistic	none	_	_	_	_	_	_
448-2	PSB064	448	quattro	quattro	linguistic	none	_	_	_	_	_	_
448-3	PSB064	448	anni:	anni	linguistic	none	_	_	3x1	_	_	_
448-4	PSB064	448	in	in	linguistic	none	_	_	_	_	_	_
448-5	PSB064	448	marocco	marocco	linguistic	none	_	_	_	_	_	_
448-6	PSB064	448	la	la	linguistic	none	_	_	_	_	_	_
448-7	PSB064	448	musica.	musica	linguistic	none	Intonation=falling	End=936.58	_	_	_	_
449-0	PSB005	449	a:h	ah	linguistic	none	_	Begin=936.83	0x1	_	_	_
449-1	PSB005	449	{P}	{P}	shortpause	none	_	_	_	_	_	_
449-2	PSB005	449	che	che	linguistic	none	_	_	_	_	_	_
449-3	PSB005	449	cosa?	cosa	linguistic	none	Intonation=rising	_	_	_	_	_
449-4	PSB005	449	quale	quale	linguistic	none	_	_	_	_	_	_
449-5	PSB005	449	strumento?	strumento	linguistic	none	Intonation=rising	End=938.8	_	_	_	_
450-0	PSB064	450	il:~	il~	linguistic	none	Interrupted=Yes	Begin=938.97	1x1	_	_	_
450-1	PSB064	450	la	la	linguistic	none	_	_	_	_	_	_
450-2	PSB064	450	chitarra	chitarra	linguistic	none	_	_	_	_	_	_
450-3	PSB064	450	un	un	linguistic	none	_	_	_	_	_	_
450-4	PSB064	450	po'	po'	linguistic	none	_	_	_	_	_	_
450-5	PSB064	450	di	di	linguistic	none	_	_	_	_	_	_
450-6	PSB064	450	piano	piano	linguistic	none	_	_	_	_	_	_
450-7	PSB064	450	e:	e	linguistic	none	_	_	0x1	_	_	_
450-8	PSB064	450	{P}	{P}	shortpause	none	_	_	_	_	_	_
450-9	PSB064	450	la	la	linguistic	none	_	_	_	_	_	_
450-10	PSB064	450	teoria	teoria	linguistic	none	_	_	_	_	_	_
450-11	PSB064	450	di	di	linguistic	none	_	_	_	_	_	_
450-12	PSB064	450	musica.	musica	linguistic	none	Intonation=falling	End=944.25	_	_	_	_
451-0	PSB005	451	bellissimo.	bellissimo	linguistic	none	Intonation=falling	Begin=945.31|End=946.28	_	_	_	_
452-0	PSB005	452	bellissimo.	bellissimo	linguistic	none	Intonation=falling	Begin=947.14|End=947.87	_	_	_	_
453-0	PSB005	453	ah	ah	linguistic	none	_	Begin=947.89	_	_	_	_
453-1	PSB005	453	io	io	linguistic	none	_	_	_	_	_	_
453-2	PSB005	453	ho	ho	linguistic	none	_	_	_	_	_	_
453-3	PSB005	453	studiato	studiato	linguistic	none	_	_	_	_	_	_
453-4	PSB005	453	un	un	linguistic	none	_	_	_	_	_	_
453-5	PSB005	453	po'	po'	linguistic	none	_	_	_	_	_	_
453-6	PSB005	453	di	di	linguistic	none	_	_	_	_	_	_
453-7	PSB005	453	musica.	musica	linguistic	none	Intonation=falling	End=949.57	_	_	_	_
454-0	PSB005	454	poco.	poco	linguistic	none	Intonation=falling	Begin=950.62|End=951.08	_	_	_	_
455-0	PSB005	455	[e]	e	linguistic	none	_	Begin=951.67|End=952.06	_	_	_	0-1(66)
456-0	PSB064	456	[xx]	x	unknown	none	_	Begin=951.67|End=952.06	_	_	_	0-2(66)
457-0	PSB005	457	ormai	ormai	linguistic	none	_	Begin=952.63	_	_	_	_
457-1	PSB005	457	ho	ho	linguistic	none	_	_	_	_	_	_
457-2	PSB005	457	dimenticato	dimenticato	linguistic	none	_	_	_	_	_	_
457-3	PSB005	457	tutto.	tutto	linguistic	none	Intonation=falling	End=954.12	_	_	_	_
458-0	PSB063	458	ma	ma	linguistic	none	_	Begin=954.53	_	_	_	_
458-1	PSB063	458	sai	sai	linguistic	none	_	_	_	_	_	_
458-2	PSB063	458	suonare	suonare	linguistic	none	_	_	_	_	_	_
458-3	PSB063	458	un	un	linguistic	none	_	_	_	_	_	_
458-4	PSB063	458	po'	po'	linguistic	none	_	_	_	_	_	_
458-5	PSB063	458	il	il	linguistic	none	_	_	_	_	_	_
458-6	PSB063	458	piano?	piano	linguistic	none	Intonation=rising	End=956.12	_	_	_	_
459-0	PSB064	459	°un	un	linguistic	none	Volume=low	Begin=957.7	_	_	_	_
459-1	PSB064	459	pochino	pochino	linguistic	none	Volume=low	_	_	_	_	_
459-2	PSB064	459	non°	non	linguistic	none	Volume=low	End=959.01	_	_	_	_
460-0	PSB064	460	non	non	linguistic	none	_	Begin=959.35	_	_	_	_
460-1	PSB064	460	eh	eh	linguistic	none	_	End=959.76	_	_	_	_
461-0	PSB064	461	perché	perché	linguistic	none	_	Begin=960.4	_	_	_	_
461-1	PSB064	461	prima:	prima	linguistic	none	_	_	4x1	_	_	_
461-2	PSB064	461	ho	ho	linguistic	none	_	_	_	_	_	_
461-3	PSB064	461	detto	detto	linguistic	none	_	_	_	_	_	_
461-4	PSB064	461	{P}	{P}	shortpause	none	_	_	_	_	_	_
461-5	PSB064	461	un	un	linguistic	none	_	_	_	_	_	_
461-6	PSB064	461	po'	po'	linguistic	none	_	_	_	_	_	_
461-7	PSB064	461	di	di	linguistic	none	_	_	_	_	_	_
461-8	PSB064	461	{P}	{P}	shortpause	none	_	_	_	_	_	_
461-9	PSB064	461	piano.	piano	linguistic	none	Intonation=falling	_	_	_	_	_
461-10	PSB064	461	perché:	perché	linguistic	none	_	_	5x1	_	_	_
461-11	PSB064	461	lo	lo	linguistic	none	_	_	_	_	_	_
461-12	PSB064	461	piano	piano	linguistic	none	_	_	_	_	_	_
461-13	PSB064	461	è:	è	linguistic	none	_	End=965.03	0x1	_	_	_
462-0	PSB063	462	mhmh	mhmh	linguistic	none	_	Begin=965.19|End=965.56	_	_	_	_
463-0	PSB064	463	facile.	facile	linguistic	none	Intonation=falling	Begin=965.63|End=966.29	_	_	_	_
464-0	PSB064	464	c'	c'	linguistic	none	SpaceAfter=No	Begin=966.42	_	_	_	_
464-1	PSB064	464	è	è	linguistic	none	_	_	_	_	_	_
464-2	PSB064	464	le	le	linguistic	none	_	_	_	_	_	_
464-3	PSB064	464	chiavi	chiavi	linguistic	none	_	_	_	_	_	_
464-4	PSB064	464	do	do	linguistic	none	_	_	_	_	_	_
464-5	PSB064	464	re	re	linguistic	none	_	_	_	_	_	_
464-6	PSB064	464	mi	mi	linguistic	none	_	_	_	_	_	_
464-7	PSB064	464	fa	fa	linguistic	none	_	_	_	_	_	_
464-8	PSB064	464	sol	sol	linguistic	none	_	_	_	_	_	_
464-9	PSB064	464	la	la	linguistic	none	_	_	_	_	_	_
464-10	PSB064	464	si	si	linguistic	none	_	_	_	_	_	_
464-11	PSB064	464	e:	e	linguistic	none	_	End=968.64	0x1	_	_	_
465-0	PSB064	465	°si	si	linguistic	none	Volume=low	Begin=969.1	_	_	_	_
465-1	PSB064	465	ripetono°	ripetono	linguistic	none	Volume=low	End=970.21	_	_	_	_
466-0	PSB064	466	ma	ma	linguistic	none	_	Begin=970.44	_	_	_	_
466-1	PSB064	466	{P}	{P}	shortpause	none	_	_	_	_	_	_
466-2	PSB064	466	devi	devi	linguistic	none	_	_	_	_	_	_
466-3	PSB064	466	conoscere	conoscere	linguistic	none	_	_	_	_	_	_
466-4	PSB064	466	di	di	linguistic	none	_	_	_	_	_	_
466-5	PSB064	466	più.	più	linguistic	none	Intonation=falling	End=972.09	_	_	_	_
467-0	PSB005	467	[mhmh]	mhmh	linguistic	none	_	Begin=972.26|End=972.71	_	_	_	0-4(67)
468-0	PSB064	468	[co]me	come	linguistic	none	_	Begin=972.27	_	_	_	0-2(67)
468-1	PSB064	468	si	si	linguistic	none	_	_	_	_	_	_
468-2	PSB064	468	usano	usano	linguistic	none	_	_	_	_	_	_
468-3	PSB064	468	i	i	linguistic	none	_	_	_	_	_	_
468-4	PSB064	468	pedali,	pedali	linguistic	none	Intonation=weakly_rising	End=973.71	_	_	_	_
469-0	PSB064	469	(come)	come	linguistic	none	_	Begin=974.1	_	_	0-4(0)	_
469-1	PSB064	469	vai	vai	linguistic	none	_	_	_	_	_	_
469-2	PSB064	469	in	in	linguistic	none	_	_	_	_	_	_
469-3	PSB064	469	fretta	fretta	linguistic	none	_	_	_	_	_	_
469-4	PSB064	469	come	come	linguistic	none	_	_	_	_	_	_
469-5	PSB064	469	{P}	{P}	shortpause	none	_	_	_	_	_	_
469-6	PSB064	469	l:~	l~	linguistic	none	Interrupted=Yes	_	0x1	_	_	_
469-7	PSB064	469	conoscere	conoscere	linguistic	none	_	_	_	_	_	_
469-8	PSB064	469	gli	gli	linguistic	none	_	_	_	_	_	_
469-9	PSB064	469	accordi.	accordi	linguistic	none	Intonation=falling	End=977.9	_	_	_	_
470-0	PSB064	470	(questo	questo	linguistic	none	_	Begin=978.94	_	_	0-6(0)	_
470-1	PSB064	470	è).	è	linguistic	none	Intonation=falling	End=979.91	_	_	0-1(0)	_
471-0	PSB005	471	e	e	linguistic	none	_	Begin=980.66	_	_	_	_
471-1	PSB005	471	chitarra	chitarra	linguistic	none	_	_	_	_	_	_
471-2	PSB005	471	meglio.	meglio	linguistic	none	Intonation=falling	End=981.86	_	_	_	_
472-0	PSB064	472	chitarra	chitarra	linguistic	none	_	Begin=982.76	_	_	_	_
472-1	PSB064	472	è	è	linguistic	none	_	_	_	_	_	_
472-2	PSB064	472	un	un	linguistic	none	_	_	_	_	_	_
472-3	PSB064	472	po'	po'	linguistic	none	_	_	_	_	_	_
472-4	PSB064	472	meglio	meglio	linguistic	none	_	_	_	_	_	_
472-5	PSB064	472	{P}	{P}	shortpause	none	_	_	_	_	_	_
472-6	PSB064	472	sì.	sì	linguistic	none	Intonation=falling	End=983.9	_	_	_	_
473-0	PSB064	473	a	a	linguistic	none	_	Begin=983.95	_	_	_	_
473-1	PSB064	473	che	che	linguistic	none	_	_	_	_	_	_
473-2	PSB064	473	non	non	linguistic	none	_	_	_	_	_	_
473-3	PSB064	473	l'	l'	linguistic	none	SpaceAfter=No	_	_	_	_	_
473-4	PSB064	473	ho:	ho	linguistic	none	_	_	1x1	_	_	_
473-5	PSB064	473	{P}	{P}	shortpause	none	_	_	_	_	_	_
473-6	PSB064	473	toccata	toccata	linguistic	none	_	_	_	_	_	_
473-7	PSB064	473	per	per	linguistic	none	_	_	_	_	_	_
473-8	PSB064	473	{P}	{P}	shortpause	none	_	_	_	_	_	_
473-9	PSB064	473	cinque	cinque	linguistic	none	_	_	_	_	_	_
473-10	PSB064	473	anni.	anni	linguistic	none	Intonation=falling	End=988.23	_	_	_	_
474-0	PSB005	474	ah	ah	linguistic	none	_	Begin=988.54	_	_	_	_
474-1	PSB005	474	sì.	sì	linguistic	none	Intonation=falling	End=989.06	_	_	_	_
475-0	PSB063	475	ce	ce	linguistic	none	_	Begin=989.93	_	_	_	_
475-1	PSB063	475	l'	l'	linguistic	none	SpaceAfter=No	_	_	_	_	_
475-2	PSB063	475	hai	hai	linguistic	none	_	_	_	_	_	_
475-3	PSB063	475	una	una	linguistic	none	_	_	_	_	_	_
475-4	PSB063	475	chitarra	chitarra	linguistic	none	_	_	_	_	_	_
475-5	PSB063	475	a	a	linguistic	none	_	_	_	_	_	_
475-6	PSB063	475	(casa)?	casa	linguistic	none	Intonation=rising	End=991.47	_	_	0-4(0)	_
476-0	PSB005	476	ma,	ma	linguistic	none	Intonation=weakly_rising	Begin=992.63|End=992.97	_	_	_	_
477-0	PSB005	477	ti	ti	linguistic	none	_	Begin=993.27	_	_	_	_
477-1	PSB005	477	piacerebbe	piacerebbe	linguistic	none	_	_	_	_	_	_
477-2	PSB005	477	{P}	{P}	shortpause	none	_	_	_	_	_	_
477-3	PSB005	477	averla?	averla	linguistic	none	Intonation=rising	End=994.68	_	_	_	_
478-0	PSB005	478	a[vresti	avresti	linguistic	none	_	Begin=995.3	_	_	_	1-7(69)
478-1	PSB005	478	te]mpo?	tempo	linguistic	none	Intonation=rising	End=996.39	_	_	_	0-2(69)
479-0	PSB064	479	[un	un	linguistic	none	_	Begin=995.42	_	_	_	0-2(69)
479-1	PSB064	479	giorno	giorno	linguistic	none	_	_	_	_	_	0-6(69)
479-2	PSB064	479	sì].	sì	linguistic	none	Intonation=falling	End=996.1	_	_	_	0-2(69)
480-0	PSB064	480	be~	be~	linguistic	none	Interrupted=Yes	Begin=996.34	_	_	_	_
480-1	PSB064	480	be~	be~	linguistic	none	Interrupted=Yes	End=996.91	_	_	_	_
481-0	PSB064	481	se	se	linguistic	none	_	Begin=997.1	_	_	_	_
481-1	PSB064	481	a~	a~	linguistic	none	Interrupted=Yes	_	_	_	_	_
481-2	PSB064	481	ho	ho	linguistic	none	_	_	_	_	_	_
481-3	PSB064	481	tempo	tempo	linguistic	none	_	_	_	_	_	_
481-4	PSB064	481	per	per	linguistic	none	_	_	_	_	_	_
481-5	PSB064	481	{P}	{P}	shortpause	none	_	_	_	_	_	_
481-6	PSB064	481	usarla	usarla	linguistic	none	_	_	_	_	_	_
481-7	PSB064	481	non	non	linguistic	none	_	_	_	_	_	_
481-8	PSB064	481	{P}	{P}	shortpause	none	_	_	_	_	_	_
481-9	PSB064	481	comprarla	comprarla	linguistic	none	_	_	_	_	_	_
481-10	PSB064	481	e	e	linguistic	none	_	_	_	_	_	_
481-11	PSB064	481	lasciarla	lasciarla	linguistic	none	_	_	_	_	_	_
481-12	PSB064	481	a	a	linguistic	none	_	_	_	_	_	_
481-13	PSB064	481	casa.	casa	linguistic	none	Intonation=falling	End=1001.51	_	_	_	_
482-0	PSB064	482	non	non	linguistic	none	_	Begin=1001.76	_	_	_	_
482-1	PSB064	482	serve	serve	linguistic	none	_	_	_	_	_	_
482-2	PSB064	482	a	a	linguistic	none	_	_	_	_	_	_
482-3	PSB064	482	niente.	niente	linguistic	none	Intonation=falling	End=1002.58	_	_	_	_
483-0	PSB005	483	sì	sì	linguistic	none	_	Begin=1003.59	_	_	_	_
483-1	PSB005	483	sì.	sì	linguistic	none	Intonation=falling	End=1004.2	_	_	_	_
484-0	PSB005	484	è	è	linguistic	none	_	Begin=1004.54	_	_	_	_
484-1	PSB005	484	vero.	vero	linguistic	none	Intonation=falling	End=1005.15	_	_	_	_
485-0	PSB005	485	ah	ah	linguistic	none	_	Begin=1005.2	_	_	_	_
485-1	PSB005	485	la	la	linguistic	none	_	_	_	_	_	_
485-2	PSB005	485	mia	mia	linguistic	none	_	_	_	_	_	_
485-3	PSB005	485	{P}	{P}	shortpause	none	_	_	_	_	_	_
485-4	PSB005	485	è	è	linguistic	none	_	_	_	_	_	_
485-5	PSB005	485	a	a	linguistic	none	_	_	_	_	_	_
485-6	PSB005	485	casa,	casa	linguistic	none	Intonation=weakly_rising	End=1006.69	_	_	_	_
486-0	PSB005	486	e	e	linguistic	none	_	Begin=1008.41	_	_	_	_
486-1	PSB005	486	dorme.	dorme	linguistic	none	Intonation=falling	End=1009.19	_	_	_	_
487-0	PSB005	487	{ride}	{ride}	nonverbalbehavior	none	_	Begin=1009.49	_	_	_	_
487-1	PSB005	487	e	e	linguistic	none	_	_	_	_	_	_
487-2	PSB005	487	piange.	piange	linguistic	none	Intonation=falling	End=1010.49	_	_	_	_
488-0	PSB064	488	uguale	uguale	linguistic	none	_	Begin=1010.57	_	_	_	_
488-1	PSB064	488	io	io	linguistic	none	_	_	_	_	_	_
488-2	PSB064	488	ne	ne	linguistic	none	_	_	_	_	_	_
488-3	PSB064	488	ho	ho	linguistic	none	_	_	_	_	_	_
488-4	PSB064	488	due	due	linguistic	none	_	_	_	_	_	_
488-5	PSB064	488	a	a	linguistic	none	_	_	_	_	_	_
488-6	PSB064	488	ca[sa]	casa	linguistic	none	_	_	_	_	_	2-4(70)
488-7	PSB064	488	non	non	linguistic	none	_	_	_	_	_	_
488-8	PSB064	488	le	le	linguistic	none	_	_	_	_	_	_
488-9	PSB064	488	uso	uso	linguistic	none	_	_	_	_	_	_
488-10	PSB064	488	mai	mai	linguistic	none	_	End=1012.71	_	_	_	_
489-0	PSB005	489	[eh]	eh	linguistic	none	_	Begin=1011.629|End=1012.029	_	_	_	0-2(70)
490-0	PSB005	490	sì.	sì	linguistic	none	Intonation=falling	Begin=1012.77|End=1013.07	_	_	_	_
491-0	PSB005	491	sì	sì	linguistic	none	_	Begin=1013.62	_	_	_	_
491-1	PSB005	491	sì.	sì	linguistic	none	Intonation=falling	End=1014.15	_	_	_	_
492-0	PSB005	492	io	io	linguistic	none	_	Begin=1014.41	_	_	_	_
492-1	PSB005	492	ho	ho	linguistic	none	_	_	_	_	_	_
492-2	PSB005	492	un	un	linguistic	none	_	_	_	_	_	_
492-3	PSB005	492	po'	po'	linguistic	none	_	_	_	_	_	_
492-4	PSB005	492	{P}	{P}	shortpause	none	_	_	_	_	_	_
492-5	PSB005	492	studiato	studiato	linguistic	none	_	_	_	_	_	_
492-6	PSB005	492	da	da	linguistic	none	_	_	_	_	_	_
492-7	PSB005	492	sola	sola	linguistic	none	_	_	_	_	_	_
492-8	PSB005	492	{P}	{P}	shortpause	none	_	_	_	_	_	_
492-9	PSB005	492	chitarra,	chitarra	linguistic	none	Intonation=weakly_rising	End=1016.97	_	_	_	_
493-0	PSB005	493	ma	ma	linguistic	none	_	Begin=1017.41	_	_	_	_
493-1	PSB005	493	infati	infati	linguistic	none	_	_	_	_	_	_
493-2	PSB005	493	fa~	fa~	linguistic	none	Interrupted=Yes	End=1018.32	_	_	_	_
494-0	PSB005	494	non	non	linguistic	none	_	Begin=1018.92	_	_	_	_
494-1	PSB005	494	ero	ero	linguistic	none	_	_	_	_	_	_
494-2	PSB005	494	non	non	linguistic	none	_	_	_	_	_	_
494-3	PSB005	494	sono	sono	linguistic	none	_	_	_	_	_	_
494-4	PSB005	494	mai	mai	linguistic	none	_	_	_	_	_	_
494-5	PSB005	494	stata	stata	linguistic	none	_	_	_	_	_	_
494-6	PSB005	494	brava.	brava	linguistic	none	Intonation=falling	End=1020.79	_	_	_	_
495-0	PSB005	495	adesso	adesso	linguistic	none	_	Begin=1021.33	_	_	_	_
495-1	PSB005	495	per~	per~	linguistic	none	Interrupted=Yes	_	_	_	_	_
495-2	PSB005	495	proprio	proprio	linguistic	none	_	_	_	_	_	_
495-3	PSB005	495	perso	perso	linguistic	none	_	_	_	_	_	_
495-4	PSB005	495	tutto.	tutto	linguistic	none	Intonation=falling	End=1023.39	_	_	_	_
496-0	PSB005	496	però	però	linguistic	none	_	Begin=1023.42	_	_	_	_
496-1	PSB005	496	n~	n~	linguistic	none	Interrupted=Yes	_	_	_	_	_
496-2	PSB005	496	comunque	comunque	linguistic	none	_	_	_	_	_	_
496-3	PSB005	496	non	non	linguistic	none	_	_	_	_	_	_
496-4	PSB005	496	son	son	linguistic	none	_	_	_	_	_	_
496-5	PSB005	496	stata	stata	linguistic	none	_	_	_	_	_	_
496-6	PSB005	496	mai	mai	linguistic	none	_	_	_	_	_	_
496-7	PSB005	496	brava,	brava	linguistic	none	Intonation=weakly_rising	End=1025.39	_	_	_	_
497-0	PSB005	497	però	però	linguistic	none	_	Begin=1025.41	_	_	_	_
497-1	PSB005	497	ho	ho	linguistic	none	_	_	_	_	_	_
497-2	PSB005	497	studiato	studiato	linguistic	none	_	_	_	_	_	_
497-3	PSB005	497	pianoforte:	pianoforte	linguistic	none	_	End=1027.23	9x1	_	_	_
498-0	PSB005	498	per	per	linguistic	none	_	Begin=1028.22	_	_	_	_
498-1	PSB005	498	s~	s~	linguistic	none	Interrupted=Yes	_	_	_	_	_
498-2	PSB005	498	{P}	{P}	shortpause	none	_	_	_	_	_	_
498-3	PSB005	498	cinque	cinque	linguistic	none	_	_	_	_	_	_
498-4	PSB005	498	sei	sei	linguistic	none	_	_	_	_	_	_
498-5	PSB005	498	anni:	anni	linguistic	none	_	End=1030.1	3x1	_	_	_
499-0	PSB005	499	quando	quando	linguistic	none	_	Begin=1030.23	_	_	_	_
499-1	PSB005	499	facevo:	facevo	linguistic	none	_	_	5x1	_	_	_
499-2	PSB005	499	{P}	{P}	shortpause	none	_	_	_	_	_	_
499-3	PSB005	499	le	le	linguistic	none	_	_	_	_	_	_
499-4	PSB005	499	superiori.	superiori	linguistic	none	Intonation=falling	End=1031.87	_	_	_	_
500-0	PSB005	500	ero	ero	linguistic	none	_	Begin=1032.29	_	_	_	_
500-1	PSB005	500	abbastanza	abbastanza	linguistic	none	_	_	_	_	_	_
500-2	PSB005	500	brava	brava	linguistic	none	_	_	_	_	_	_
500-3	PSB005	500	alla	alla	linguistic	none	_	_	_	_	_	_
500-4	PSB005	500	fine	fine	linguistic	none	_	_	_	_	_	_
500-5	PSB005	500	delle	delle	linguistic	none	_	_	_	_	_	_
500-6	PSB005	500	superiori	superiori	linguistic	none	_	_	_	_	_	_
500-7	PSB005	500	adesso	adesso	linguistic	none	_	_	_	_	_	_
500-8	PSB005	500	non	non	linguistic	none	_	End=1035.38	_	_	_	_
501-0	PSB005	501	non	non	linguistic	none	_	Begin=1036.57	_	_	_	_
501-1	PSB005	501	son	son	linguistic	none	_	_	_	_	_	_
501-2	PSB005	501	più:	più	linguistic	none	_	_	2x1	_	_	_
501-3	PSB005	501	{P}	{P}	shortpause	none	_	_	_	_	_	_
501-4	PSB005	501	non	non	linguistic	none	_	_	_	_	_	_
501-5	PSB005	501	so	so	linguistic	none	_	_	_	_	_	_
501-6	PSB005	501	più	più	linguistic	none	_	_	_	_	_	_
501-7	PSB005	501	fare	fare	linguistic	none	_	_	_	_	_	_
501-8	PSB005	501	niente.	niente	linguistic	none	Intonation=falling	End=1038.58	_	_	_	_
502-0	PSB005	502	ma	ma	linguistic	none	_	Begin=1039.3	_	_	_	_
502-1	PSB005	502	mi	mi	linguistic	none	_	_	_	_	_	_
502-2	PSB005	502	stavi	stavi	linguistic	none	_	_	_	_	_	_
502-3	PSB005	502	dicendo	dicendo	linguistic	none	_	_	_	_	_	_
502-4	PSB005	502	del	del	linguistic	none	_	_	_	_	_	_
502-5	PSB005	502	marocco,	marocco	linguistic	none	Intonation=weakly_rising	End=1040.92	_	_	_	_
503-0	PSB005	503	ancora	ancora	linguistic	none	_	Begin=1040.94	_	_	_	_
503-1	PSB005	503	non	non	linguistic	none	_	_	_	_	_	_
503-2	PSB005	503	abbiamo	abbiamo	linguistic	none	_	_	_	_	_	_
503-3	PSB005	503	parlato	parlato	linguistic	none	_	_	_	_	_	_
503-4	PSB005	503	{P}	{P}	shortpause	none	_	_	_	_	_	_
503-5	PSB005	503	bene	bene	linguistic	none	_	_	_	_	_	_
503-6	PSB005	503	{P}	{P}	shortpause	none	_	_	_	_	_	_
503-7	PSB005	503	della	della	linguistic	none	_	_	_	_	_	_
503-8	PSB005	503	tua	tua	linguistic	none	_	_	_	_	_	_
503-9	PSB005	503	città.	città	linguistic	none	Intonation=falling	End=1043.34	_	_	_	_
504-0	PSB064	504	dimmi.	dimmi	linguistic	none	Intonation=falling	Begin=1043.36|End=1043.77	_	_	_	_
505-0	PSB005	505	com'	com'	linguistic	none	SpaceAfter=No	Begin=1043.96	_	_	_	_
505-1	PSB005	505	è	è	linguistic	none	_	_	_	_	_	_
505-2	PSB005	505	fatta	fatta	linguistic	none	_	_	_	_	_	_
505-3	PSB005	505	la	la	linguistic	none	_	_	_	_	_	_
505-4	PSB005	505	zona?	zona	linguistic	none	Intonation=rising	End=1045.17	_	_	_	_
506-0	PSB005	506	quella	quella	linguistic	none	_	Begin=1045.64	_	_	_	_
506-1	PSB005	506	zona	zona	linguistic	none	_	_	_	_	_	_
506-2	PSB005	506	del	del	linguistic	none	_	_	_	_	_	_
506-3	PSB005	506	maro°cco°.	marocco	linguistic	none	Intonation=falling|Volume=low	End=1046.78	_	_	_	_
507-0	PSB064	507	la	la	linguistic	none	_	Begin=1047.42	_	_	_	_
507-1	PSB064	507	mia	mia	linguistic	none	_	_	_	_	_	_
507-2	PSB064	507	città	città	linguistic	none	_	_	_	_	_	_
507-3	PSB064	507	è	è	linguistic	none	_	_	_	_	_	_
507-4	PSB064	507	creata	creata	linguistic	none	_	_	_	_	_	_
507-5	PSB064	507	solo	solo	linguistic	none	_	_	_	_	_	_
507-6	PSB064	507	per:	per	linguistic	none	_	End=1050.18	2x1	_	_	_
508-0	PSB064	508	prima	prima	linguistic	none	_	Begin=1051.95	_	_	_	_
508-1	PSB064	508	v~	v~	linguistic	none	Interrupted=Yes	_	_	_	_	_
508-2	PSB064	508	credo	credo	linguistic	none	_	_	_	_	_	_
508-3	PSB064	508	che	che	linguistic	none	_	End=1053.23	_	_	_	_
509-0	PSB064	509	era	era	linguistic	none	_	Begin=1053.64	_	_	_	_
509-1	PSB064	509	solo	solo	linguistic	none	_	_	_	_	_	_
509-2	PSB064	509	per:	per	linguistic	none	_	_	2x1	_	_	_
509-3	PSB064	509	{P}	{P}	shortpause	none	_	_	_	_	_	_
509-4	PSB064	509	l'	l'	linguistic	none	SpaceAfter=No	_	_	_	_	_
509-5	PSB064	509	ufficio	ufficio	linguistic	none	_	_	_	_	_	_
509-6	PSB064	509	del	del	linguistic	none	_	_	_	_	_	_
509-7	PSB064	509	fosfato.	fosfato	linguistic	none	Intonation=falling	End=1055.9	_	_	_	_
510-0	PSB005	510	mh	mh	linguistic	none	_	Begin=1056.16|End=1056.57	_	_	_	_
511-0	PSB064	511	erano	erano	linguistic	none	_	Begin=1057.46	_	_	_	_
511-1	PSB064	511	solo:	solo	linguistic	none	_	_	3x1	_	_	_
511-2	PSB064	511	cittadini	cittadini	linguistic	none	_	_	_	_	_	_
511-3	PSB064	511	di:	di	linguistic	none	_	_	1x1	_	_	_
511-4	PSB064	511	che	che	linguistic	none	_	_	_	_	_	_
511-5	PSB064	511	{P}	{P}	shortpause	none	_	_	_	_	_	_
511-6	PSB064	511	per	per	linguistic	none	_	_	_	_	_	_
511-7	PSB064	511	i	i	linguistic	none	_	_	_	_	_	_
511-8	PSB064	511	dipendenti	dipendenti	linguistic	none	_	_	_	_	_	_
511-9	PSB064	511	che	che	linguistic	none	_	_	_	_	_	_
511-10	PSB064	511	{P}	{P}	shortpause	none	_	_	_	_	_	_
511-11	PSB064	511	lavorano	lavorano	linguistic	none	_	_	_	_	_	_
511-12	PSB064	511	{P}	{P}	shortpause	none	_	_	_	_	_	_
511-13	PSB064	511	nell'	nell'	linguistic	none	SpaceAfter=No	_	_	_	_	_
511-14	PSB064	511	uffici	uffici	linguistic	none	_	_	_	_	_	_
511-15	PSB064	511	di	di	linguistic	none	_	_	_	_	_	_
511-16	PSB064	511	fosfato.	fosfato	linguistic	none	Intonation=falling	End=1063.8	_	_	_	_
512-0	PSB005	512	mhmh	mhmh	linguistic	none	_	Begin=1063.84|End=1064.22	_	_	_	_
513-0	PSB064	513	non	non	linguistic	none	_	Begin=1064.62	_	_	_	_
513-1	PSB064	513	era	era	linguistic	none	_	_	_	_	_	_
513-2	PSB064	513	una	una	linguistic	none	_	_	_	_	_	_
513-3	PSB064	513	{P}	{P}	shortpause	none	_	_	_	_	_	_
513-4	PSB064	513	(khouribga)	khouribga	linguistic	none	_	_	_	_	0-9(0)	_
513-5	PSB064	513	mai.	mai	linguistic	none	Intonation=falling	End=1066.38	_	_	_	_
514-0	PSB005	514	sì	sì	linguistic	none	_	Begin=1066.85	_	_	_	_
514-1	PSB005	514	okay	okay	linguistic	none	_	_	_	_	_	_
514-2	PSB005	514	okay.	okay	linguistic	none	Intonation=falling	End=1067.97	_	_	_	_
515-0	PSB064	515	dopo	dopo	linguistic	none	_	Begin=1068.35	_	_	_	_
515-1	PSB064	515	hanno	hanno	linguistic	none	_	_	_	_	_	_
515-2	PSB064	515	creato	creato	linguistic	none	_	_	_	_	_	_
515-3	PSB064	515	la	la	linguistic	none	_	_	_	_	_	_
515-4	PSB064	515	città,	città	linguistic	none	Intonation=weakly_rising	End=1069.87	_	_	_	_
516-0	PSB064	516	dopo	dopo	linguistic	none	_	Begin=1071.32	_	_	_	_
516-1	PSB064	516	le	le	linguistic	none	_	_	_	_	_	_
516-2	PSB064	516	la	la	linguistic	none	_	_	_	_	_	_
516-3	PSB064	516	gente	gente	linguistic	none	_	_	_	_	_	_
516-4	PSB064	516	dal:~	dal~	linguistic	none	Interrupted=Yes	_	2x1	_	_	_
516-5	PSB064	516	dalle	dalle	linguistic	none	_	_	_	_	_	_
516-6	PSB064	516	pae:se	paese	linguistic	none	_	_	2x1	_	_	_
516-7	PSB064	516	{P}	{P}	shortpause	none	_	_	_	_	_	_
516-8	PSB064	516	sono	sono	linguistic	none	_	_	_	_	_	_
516-9	PSB064	516	venute	venute	linguistic	none	_	_	_	_	_	_
516-10	PSB064	516	per	per	linguistic	none	_	_	_	_	_	_
516-11	PSB064	516	lavorare.	lavorare	linguistic	none	Intonation=falling	End=1076.26	_	_	_	_
517-0	PSB005	517	mhmh	mhmh	linguistic	none	_	Begin=1076.28|End=1076.55	_	_	_	_
518-0	PSB064	518	eh	eh	linguistic	none	_	Begin=1077.09	_	_	_	_
518-1	PSB064	518	l'	l'	linguistic	none	SpaceAfter=No	_	_	_	_	_
518-2	PSB064	518	hanno	hanno	linguistic	none	_	_	_	_	_	_
518-3	PSB064	518	dato	dato	linguistic	none	_	_	_	_	_	_
518-4	PSB064	518	degli:	degli	linguistic	none	_	End=1078.7	4x1	_	_	_
519-0	PSB064	519	$deli	deli	linguistic	none	Orthography=Yes	Begin=1079.17	_	_	_	_
519-1	PSB064	519	come	come	linguistic	none	_	_	_	_	_	_
519-2	PSB064	519	si	si	linguistic	none	_	_	_	_	_	_
519-3	PSB064	519	chiamano:	chiamano	linguistic	none	_	End=1080.71	7x1	_	_	_
520-0	PSB064	520	$delli	delli	linguistic	none	Orthography=Yes	Begin=1081.19	_	_	_	_
520-1	PSB064	520	case	case	linguistic	none	_	End=1081.94	_	_	_	_
521-0	PSB005	521	sì	sì	linguistic	none	_	Begin=1082.29	_	_	_	_
521-1	PSB005	521	sì	sì	linguistic	none	_	_	_	_	_	_
521-2	PSB005	521	sì.	sì	linguistic	none	Intonation=falling	End=1082.93	_	_	_	_
522-0	PSB064	522	dopo	dopo	linguistic	none	_	Begin=1083.0	_	_	_	_
522-1	PSB064	522	sono	sono	linguistic	none	_	_	_	_	_	_
522-2	PSB064	522	diventate	diventate	linguistic	none	_	_	_	_	_	_
522-3	PSB064	522	{P}	{P}	shortpause	none	_	_	_	_	_	_
522-4	PSB064	522	$delli:	delli	linguistic	none	Orthography=Yes	End=1085.24	4x1	_	_	_
523-0	PSB064	523	delle	delle	linguistic	none	_	Begin=1087.04	_	_	_	_
523-1	PSB064	523	case:	case	linguistic	none	_	_	3x1	_	_	_
523-2	PSB064	523	{P}	{P}	shortpause	none	_	_	_	_	_	_
523-3	PSB064	523	costruiti	costruiti	linguistic	none	_	_	_	_	_	_
523-4	PSB064	523	male.	male	linguistic	none	Intonation=falling	End=1089.35	_	_	_	_
524-0	PSB005	524	[mh]	mh	linguistic	none	_	Begin=1089.61|End=1089.86	_	_	_	0-2(71)
525-0	PSB064	525	[do]po.	dopo	linguistic	none	Intonation=falling	Begin=1089.79|End=1090.2	_	_	_	0-2(71)
526-0	PSB005	526	mhmh.	mhmh	linguistic	none	Intonation=falling	Begin=1090.43|End=1090.87	_	_	_	_
527-0	PSB064	527	dopo	dopo	linguistic	none	_	Begin=1090.88	_	_	_	_
527-1	PSB064	527	l'	l'	linguistic	none	SpaceAfter=No	_	_	_	_	_
527-2	PSB064	527	hanno	hanno	linguistic	none	_	_	_	_	_	_
527-3	PSB064	527	dato	dato	linguistic	none	_	_	_	_	_	_
527-4	PSB064	527	del~	del~	linguistic	none	Interrupted=Yes	_	_	_	_	_
527-5	PSB064	527	della	della	linguistic	none	_	_	_	_	_	_
527-6	PSB064	527	terra	terra	linguistic	none	_	_	_	_	_	_
527-7	PSB064	527	per:	per	linguistic	none	_	End=1093.41	2x1	_	_	_
528-0	PSB064	528	per	per	linguistic	none	_	Begin=1094.62	_	_	_	_
528-1	PSB064	528	costruire	costruire	linguistic	none	_	_	_	_	_	_
528-2	PSB064	528	delle	delle	linguistic	none	_	_	_	_	_	_
528-3	PSB064	528	case.	case	linguistic	none	Intonation=falling	End=1096.21	_	_	_	_
529-0	PSB005	529	mhmh	mhmh	linguistic	none	_	Begin=1096.27|End=1096.66	_	_	_	_
530-0	PSB064	530	E:H	eh	linguistic	none	Volume=high	Begin=1097.07|End=1097.6	0x1	_	_	_
531-0	PSB064	531	e:d	ed	linguistic	none	_	Begin=1098.04	0x1	_	_	_
531-1	PSB064	531	è	è	linguistic	none	_	_	_	_	_	_
531-2	PSB064	531	{P}	{P}	shortpause	none	_	_	_	_	_	_
531-3	PSB064	531	diventanta	diventanta	linguistic	none	_	_	_	_	_	_
531-4	PSB064	531	un	un	linguistic	none	_	_	_	_	_	_
531-5	PSB064	531	po'	po'	linguistic	none	_	_	_	_	_	_
531-6	PSB064	531	più	più	linguistic	none	_	_	_	_	_	_
531-7	PSB064	531	grande,	grande	linguistic	none	Intonation=weakly_rising	End=1100.21	_	_	_	_
532-0	PSB064	532	più	più	linguistic	none	_	Begin=1100.6	_	_	_	_
532-1	PSB064	532	grande	grande	linguistic	none	_	_	_	_	_	_
532-2	PSB064	532	per	per	linguistic	none	_	_	_	_	_	_
532-3	PSB064	532	più	più	linguistic	none	_	_	_	_	_	_
532-4	PSB064	532	grande.	grande	linguistic	none	Intonation=falling	End=1102.21	_	_	_	_
533-0	PSB005	533	mhmh	mhmh	linguistic	none	_	Begin=1102.4	_	_	_	_
533-1	PSB005	533	okay	okay	linguistic	none	_	_	_	_	_	_
533-2	PSB005	533	okay.	okay	linguistic	none	Intonation=falling	_	_	_	_	_
533-3	PSB005	533	ed	ed	linguistic	none	_	_	_	_	_	_
533-4	PSB005	533	è	è	linguistic	none	_	_	_	_	_	_
533-5	PSB005	533	vicino	vicino	linguistic	none	_	_	_	_	_	_
533-6	PSB005	533	molto	molto	linguistic	none	_	_	_	_	_	_
533-7	PSB005	533	a	a	linguistic	none	_	_	_	_	_	_
533-8	PSB005	533	casablanca?	casablanca	linguistic	none	Intonation=rising	End=1105.63	_	_	_	_
534-0	PSB064	534	centocinquanta	centocinquanta	linguistic	none	_	Begin=1106.58	_	_	_	_
534-1	PSB064	534	chilome[tri].	chilometri	linguistic	none	Intonation=falling	End=1108.17	_	_	_	7-10(72)
535-0	PSB005	535	[eh]	eh	linguistic	none	_	Begin=1107.79	_	_	_	0-2(72)
535-1	PSB005	535	no	no	linguistic	none	_	_	_	_	_	_
535-2	PSB005	535	non	non	linguistic	none	_	_	_	_	_	_
535-3	PSB005	535	tan~	tan~	linguistic	none	Interrupted=Yes	_	_	_	_	_
535-4	PSB005	535	non	non	linguistic	none	_	_	_	_	_	_
535-5	PSB005	535	proprio	proprio	linguistic	none	_	_	_	_	_	_
535-6	PSB005	535	vicinissimo.	vicinissimo	linguistic	none	Intonation=falling	End=1110.37	_	_	_	_
536-0	PSB064	536	xxx	x	unknown	none	_	Begin=1111.07|End=1111.68	_	_	_	_
537-0	PSB064	537	ma	ma	linguistic	none	_	Begin=1111.69	_	_	_	_
537-1	PSB064	537	è	è	linguistic	none	_	_	_	_	_	_
537-2	PSB064	537	la:~	la~	linguistic	none	Interrupted=Yes	_	1x1	_	_	_
537-3	PSB064	537	la	la	linguistic	none	_	_	_	_	_	_
537-4	PSB064	537	più	più	linguistic	none	_	_	_	_	_	_
537-5	PSB064	537	vicina	vicina	linguistic	none	_	_	_	_	_	_
537-6	PSB064	537	{P}	{P}	shortpause	none	_	_	_	_	_	_
537-7	PSB064	537	città	città	linguistic	none	_	_	_	_	_	_
537-8	PSB064	537	da	da	linguistic	none	_	_	_	_	_	_
537-9	PSB064	537	no[i].	noi	linguistic	none	Intonation=falling	End=1114.34	_	_	_	2-3(73)
538-0	PSB005	538	[o]kay	okay	linguistic	none	_	Begin=1114.15|End=1114.59	_	_	_	0-1(73)
539-0	PSB064	539	grande.	grande	linguistic	none	Intonation=falling	Begin=1114.75	_	_	_	_
539-1	PSB064	539	è	è	linguistic	none	_	_	_	_	_	_
539-2	PSB064	539	l[a]	la	linguistic	none	_	_	_	_	_	1-2(74)
539-3	PSB064	539	più	più	linguistic	none	_	_	_	_	_	_
539-4	PSB064	539	grande	grande	linguistic	none	_	_	_	_	_	_
539-5	PSB064	539	città	città	linguistic	none	_	_	_	_	_	_
539-6	PSB064	539	vicino	vicino	linguistic	none	_	_	_	_	_	_
539-7	PSB064	539	a	a	linguistic	none	_	_	_	_	_	_
539-8	PSB064	539	noi.	noi	linguistic	none	Intonation=falling	End=1117.14	_	_	_	_
540-0	PSB005	540	[sì].	sì	linguistic	none	Intonation=falling	Begin=1115.22|End=1115.41	_	_	_	0-2(74)
541-0	PSB005	541	ma	ma	linguistic	none	_	Begin=1117.34	_	_	_	_
541-1	PSB005	541	i	i	linguistic	none	_	_	_	_	_	_
541-2	PSB005	541	ragazzi	ragazzi	linguistic	none	_	_	_	_	_	_
541-3	PSB005	541	{P}	{P}	shortpause	none	_	_	_	_	_	_
541-4	PSB005	541	della	della	linguistic	none	_	_	_	_	_	_
541-5	PSB005	541	tua	tua	linguistic	none	_	_	_	_	_	_
541-6	PSB005	541	città	città	linguistic	none	_	_	_	_	_	_
541-7	PSB005	541	delle	delle	linguistic	none	_	_	_	_	_	_
541-8	PSB005	541	volte	volte	linguistic	none	_	_	_	_	_	_
541-9	PSB005	541	vanno	vanno	linguistic	none	_	_	_	_	_	_
541-10	PSB005	541	a	a	linguistic	none	_	_	_	_	_	_
541-11	PSB005	541	casablanca	casablanca	linguistic	none	_	_	_	_	_	_
541-12	PSB005	541	tipo	tipo	linguistic	none	_	_	_	_	_	_
541-13	PSB005	541	per	per	linguistic	none	_	_	_	_	_	_
541-14	PSB005	541	fare	fare	linguistic	none	_	_	_	_	_	_
541-15	PSB005	541	festa:	festa	linguistic	none	_	_	4x1	_	_	_
541-16	PSB005	541	o	o	linguistic	none	_	_	_	_	_	_
541-17	PSB005	541	per:	per	linguistic	none	_	End=1123.04	2x1	_	_	_
542-0	PSB005	542	o	o	linguistic	none	_	Begin=1124.4	_	_	_	_
542-1	PSB005	542	no?	no	linguistic	none	Intonation=rising	End=1125.01	_	_	_	_
543-0	PSB064	543	sì	sì	linguistic	none	_	Begin=1125.94	_	_	_	_
543-1	PSB064	543	sì	sì	linguistic	none	_	_	_	_	_	_
543-2	PSB064	543	ma:	ma	linguistic	none	_	End=1127.05	1x1	_	_	_
544-0	PSB064	544	anch'	anch'	linguistic	none	SpaceAfter=No	Begin=1127.19	_	_	_	_
544-1	PSB064	544	io:	io	linguistic	none	_	_	1x1	_	_	_
544-2	PSB064	544	ehm	ehm	linguistic	none	_	End=1128.24	_	_	_	_
545-0	PSB064	545	anche	anche	linguistic	none	_	Begin=1128.34	_	_	_	_
545-1	PSB064	545	c'	c'	linguistic	none	SpaceAfter=No	_	_	_	_	_
545-2	PSB064	545	è	è	linguistic	none	_	_	_	_	_	_
545-3	PSB064	545	ta~	ta~	linguistic	none	Interrupted=Yes	_	_	_	_	_
545-4	PSB064	545	molta:	molta	linguistic	none	_	_	4x1	_	_	_
545-5	PSB064	545	{P}	{P}	shortpause	none	_	_	_	_	_	_
545-6	PSB064	545	de~	de~	linguistic	none	Interrupted=Yes	_	_	_	_	_
545-7	PSB064	545	paro~	paro~	linguistic	none	Interrupted=Yes	_	_	_	_	_
545-8	PSB064	545	eh	eh	linguistic	none	_	_	_	_	_	_
545-9	PSB064	545	{P}	{P}	shortpause	none	_	_	_	_	_	_
545-10	PSB064	545	possibilità	possibilità	linguistic	none	_	_	_	_	_	_
545-11	PSB064	545	in	in	linguistic	none	_	_	_	_	_	_
545-12	PSB064	545	casablanca.	casablanca	linguistic	none	Intonation=falling	End=1134.12	_	_	_	_
546-0	PSB064	546	perché	perché	linguistic	none	_	Begin=1134.27	_	_	_	_
546-1	PSB064	546	è	è	linguistic	none	_	_	_	_	_	_
546-2	PSB064	546	una	una	linguistic	none	_	_	_	_	_	_
546-3	PSB064	546	città	città	linguistic	none	_	_	_	_	_	_
546-4	PSB064	546	grande.	grande	linguistic	none	Intonation=falling	End=1135.46	_	_	_	_
547-0	PSB005	547	mhmh	mhmh	linguistic	none	_	Begin=1135.46|End=1135.85	_	_	_	_
548-0	PSB005	548	sì.	sì	linguistic	none	Intonation=falling	Begin=1136.64|End=1137.06	_	_	_	_
549-0	PSB064	549	è	è	linguistic	none	_	Begin=1137.4	_	_	_	_
549-1	PSB064	549	grande	grande	linguistic	none	_	_	_	_	_	_
549-2	PSB064	549	come	come	linguistic	none	_	_	_	_	_	_
549-3	PSB064	549	roma.	roma	linguistic	none	Intonation=falling	End=1138.7	_	_	_	_
550-0	PSB005	550	mhmh	mhmh	linguistic	none	_	Begin=1138.83|End=1139.2	_	_	_	_
551-0	PSB064	551	casablanca.	casablanca	linguistic	none	Intonation=falling	Begin=1139.24|End=1139.74	_	_	_	_
552-0	PSB005	552	mhmh	mhmh	linguistic	none	_	Begin=1140.16|End=1140.61	_	_	_	_
553-0	PSB005	553	ma	ma	linguistic	none	_	Begin=1141.3	_	_	_	_
553-1	PSB005	553	è	è	linguistic	none	_	_	_	_	_	_
553-2	PSB005	553	per	per	linguistic	none	_	_	_	_	_	_
553-3	PSB005	553	quello	quello	linguistic	none	_	_	_	_	_	_
553-4	PSB005	553	che	che	linguistic	none	_	_	_	_	_	_
553-5	PSB005	553	ti	ti	linguistic	none	_	_	_	_	_	_
553-6	PSB005	553	manca	manca	linguistic	none	_	_	_	_	_	_
553-7	PSB005	553	il	il	linguistic	none	_	_	_	_	_	_
553-8	PSB005	553	mare	mare	linguistic	none	_	_	_	_	_	_
553-9	PSB005	553	perché	perché	linguistic	none	_	_	_	_	_	_
553-10	PSB005	553	lì	lì	linguistic	none	_	_	_	_	_	_
553-11	PSB005	553	eri	eri	linguistic	none	_	_	_	_	_	_
553-12	PSB005	553	vicino	vicino	linguistic	none	_	_	_	_	_	_
553-13	PSB005	553	al	al	linguistic	none	_	_	_	_	_	_
553-14	PSB005	553	mare.	mare	linguistic	none	Intonation=falling	End=1144.29	_	_	_	_
554-0	PSB064	554	lì	lì	linguistic	none	_	Begin=1144.58	_	_	_	_
554-1	PSB064	554	ero:	ero	linguistic	none	_	_	2x1	_	_	_
554-2	PSB064	554	vicino	vicino	linguistic	none	_	_	_	_	_	_
554-3	PSB064	554	al	al	linguistic	none	_	_	_	_	_	_
554-4	PSB064	554	mare:	mare	linguistic	none	_	End=1146.43	3x1	_	_	_
555-0	PSB064	555	c'	c'	linguistic	none	SpaceAfter=No	Begin=1146.49	_	_	_	_
555-1	PSB064	555	era	era	linguistic	none	_	_	_	_	_	_
555-2	PSB064	555	un	un	linguistic	none	_	_	_	_	_	_
555-3	PSB064	555	{P}	{P}	shortpause	none	_	_	_	_	_	_
555-4	PSB064	555	l'	l'	linguistic	none	SpaceAfter=No	_	_	_	_	_
555-5	PSB064	555	altra	altra	linguistic	none	_	_	_	_	_	_
555-6	PSB064	555	città	città	linguistic	none	_	_	_	_	_	_
555-7	PSB064	555	{P}	{P}	shortpause	none	_	_	_	_	_	_
555-8	PSB064	555	che	che	linguistic	none	_	_	_	_	_	_
555-9	PSB064	555	si	si	linguistic	none	_	_	_	_	_	_
555-10	PSB064	555	chiama	chiama	linguistic	none	_	_	_	_	_	_
555-11	PSB064	555	el	el	linguistic	none	_	_	_	_	_	_
555-12	PSB064	555	jadida.	jadida	linguistic	none	Intonation=falling	End=1150.53	_	_	_	_
556-0	PSB005	556	ah	ah	linguistic	none	_	Begin=1150.75	_	_	_	_
556-1	PSB005	556	sì	sì	linguistic	none	_	_	_	_	_	_
556-2	PSB005	556	sì.	sì	linguistic	none	Intonation=falling	End=1151.54	_	_	_	_
557-0	PSB005	557	un'	un'	linguistic	none	SpaceAfter=No	Begin=1151.96	_	_	_	_
557-1	PSB005	557	altro	altro	linguistic	none	_	_	_	_	_	_
557-2	PSB005	557	ragazzo	ragazzo	linguistic	none	_	_	_	_	_	_
557-3	PSB005	557	che	che	linguistic	none	_	_	_	_	_	_
557-4	PSB005	557	ho	ho	linguistic	none	_	_	_	_	_	_
557-5	PSB005	557	intervistato	intervistato	linguistic	none	_	_	_	_	_	_
557-6	PSB005	557	{P}	{P}	shortpause	none	_	_	_	_	_	_
557-7	PSB005	557	è	è	linguistic	none	_	_	_	_	_	_
557-8	PSB005	557	di	di	linguistic	none	_	_	_	_	_	_
557-9	PSB005	557	lì.	lì	linguistic	none	Intonation=falling	End=1154.77	_	_	_	_
558-0	PSB005	558	mi	mi	linguistic	none	_	Begin=1155.26	_	_	_	_
558-1	PSB005	558	ha	ha	linguistic	none	_	_	_	_	_	_
558-2	PSB005	558	detto	detto	linguistic	none	_	_	_	_	_	_
558-3	PSB005	558	[sì].	sì	linguistic	none	Intonation=falling	End=1156.01	_	_	_	0-2(75)
559-0	PSB064	559	[ja]dida	jadida	linguistic	none	_	Begin=1155.62	_	_	_	0-2(75)
559-1	PSB064	559	era	era	linguistic	none	_	_	_	_	_	_
559-2	PSB064	559	$nomata	nomata	linguistic	none	Orthography=Yes	_	_	_	_	_
559-3	PSB064	559	e:hm	ehm	linguistic	none	_	End=1159.16	0x1	_	_	_
560-0	PSB064	560	$masaga	masaga	linguistic	none	Orthography=Yes	Begin=1159.56|End=1160.13	_	_	_	_
561-0	PSB005	561	okay.	okay	linguistic	none	Intonation=falling	Begin=1160.71|End=1161.12	_	_	_	_
562-0	PSB005	562	okay	okay	linguistic	none	_	Begin=1162.39	_	_	_	_
562-1	PSB005	562	okay.	okay	linguistic	none	Intonation=falling	End=1162.97	_	_	_	_
563-0	PSB005	563	e:h	eh	linguistic	none	_	Begin=1163.35|End=1164.41	0x1	_	_	_
564-0	PSB005	564	qual	qual	linguistic	none	_	Begin=1164.49	_	_	_	_
564-1	PSB005	564	è	è	linguistic	none	_	_	_	_	_	_
564-2	PSB005	564	secondo	secondo	linguistic	none	_	_	_	_	_	_
564-3	PSB005	564	te	te	linguistic	none	_	_	_	_	_	_
564-4	PSB005	564	la	la	linguistic	none	_	_	_	_	_	_
564-5	PSB005	564	differenza	differenza	linguistic	none	_	_	_	_	_	_
564-6	PSB005	564	più	più	linguistic	none	_	_	_	_	_	_
564-7	PSB005	564	grande	grande	linguistic	none	_	_	_	_	_	_
564-8	PSB005	564	fra	fra	linguistic	none	_	_	_	_	_	_
564-9	PSB005	564	{P}	{P}	shortpause	none	_	_	_	_	_	_
564-10	PSB005	564	l'	l'	linguistic	none	SpaceAfter=No	_	_	_	_	_
564-11	PSB005	564	italia	italia	linguistic	none	_	_	_	_	_	_
564-12	PSB005	564	e	e	linguistic	none	_	_	_	_	_	_
564-13	PSB005	564	il	il	linguistic	none	_	_	_	_	_	_
564-14	PSB005	564	marocco?	marocco	linguistic	none	Intonation=rising	End=1168.83	_	_	_	_
565-0	PSB005	565	ah	ah	linguistic	none	_	Begin=1177.36	_	_	_	_
565-1	PSB005	565	beh	beh	linguistic	none	_	_	_	_	_	_
565-2	PSB005	565	anche	anche	linguistic	none	_	_	_	_	_	_
565-3	PSB005	565	due	due	linguistic	none	_	_	_	_	_	_
565-4	PSB005	565	{P}	{P}	shortpause	none	_	_	_	_	_	_
565-5	PSB005	565	differenze.	differenze	linguistic	none	Intonation=falling	End=1179.52	_	_	_	_
566-0	PSB064	566	l'	l'	linguistic	none	SpaceAfter=No	Begin=1179.56	_	_	_	_
566-1	PSB064	566	architettura,	architettura	linguistic	none	Intonation=weakly_rising	End=1180.72	_	_	_	_
567-0	PSB005	567	giusto	giusto	linguistic	none	_	Begin=1181.04	_	_	_	_
567-1	PSB005	567	sì.	sì	linguistic	none	Intonation=falling	End=1181.87	_	_	_	_
568-0	PSB064	568	e:h	eh	linguistic	none	_	Begin=1186.45|End=1187.27	0x1	_	_	_
569-0	PSB064	569	un	un	linguistic	none	_	Begin=1190.32	_	_	_	_
569-1	PSB064	569	po'	po'	linguistic	none	_	_	_	_	_	_
569-2	PSB064	569	la	la	linguistic	none	_	_	_	_	_	_
569-3	PSB064	569	mentalità	mentalità	linguistic	none	_	_	_	_	_	_
569-4	PSB064	569	del	del	linguistic	none	_	_	_	_	_	_
569-5	PSB064	569	gente,	gente	linguistic	none	Intonation=weakly_rising	End=1192.12	_	_	_	_
570-0	PSB005	570	mhmh	mhmh	linguistic	none	_	Begin=1192.37|End=1192.82	_	_	_	_
571-0	PSB005	571	tipo?	tipo	linguistic	none	Intonation=rising	Begin=1193.75|End=1194.15	_	_	_	_
572-0	PSB064	572	dipende	dipende	linguistic	none	_	Begin=1196.58	_	_	_	_
572-1	PSB064	572	a	a	linguistic	none	_	_	_	_	_	_
572-2	PSB064	572	quale	quale	linguistic	none	_	_	_	_	_	_
572-3	PSB064	572	città	città	linguistic	none	_	_	_	_	_	_
572-4	PSB064	572	vai	vai	linguistic	none	_	_	_	_	_	_
572-5	PSB064	572	e	e	linguistic	none	_	_	_	_	_	_
572-6	PSB064	572	a	a	linguistic	none	_	_	_	_	_	_
572-7	PSB064	572	in	in	linguistic	none	_	_	_	_	_	_
572-8	PSB064	572	italia,	italia	linguistic	none	Intonation=weakly_rising	End=1199.07	_	_	_	_
573-0	PSB064	573	ma	ma	linguistic	none	_	Begin=1200.44|End=1200.85	_	_	_	_
574-0	PSB064	574	sono	sono	linguistic	none	_	Begin=1201.57	_	_	_	_
574-1	PSB064	574	aperti	aperti	linguistic	none	_	_	_	_	_	_
574-2	PSB064	574	più.	più	linguistic	none	Intonation=falling	End=1202.48	_	_	_	_
575-0	PSB005	575	qui?	qui	linguistic	none	Intonation=rising	Begin=1203.21|End=1203.4850000000001	_	_	_	_
576-0	PSB064	576	più	più	linguistic	none	_	Begin=1203.4850000000001	_	_	_	_
576-1	PSB064	576	del	del	linguistic	none	_	_	_	_	_	_
576-2	PSB064	576	ma~	ma~	linguistic	none	Interrupted=Yes	_	_	_	_	_
576-3	PSB064	576	del	del	linguistic	none	_	_	_	_	_	_
576-4	PSB064	576	marocco	marocco	linguistic	none	_	_	_	_	_	_
576-5	PSB064	576	sì	sì	linguistic	none	_	_	_	_	_	_
576-6	PSB064	576	eh	eh	linguistic	none	_	End=1205.45	_	_	_	_
577-0	PSB064	577	anche	anche	linguistic	none	_	Begin=1206.43	_	_	_	_
577-1	PSB064	577	al	al	linguistic	none	_	_	_	_	_	_
577-2	PSB064	577	marocco	marocco	linguistic	none	_	_	_	_	_	_
577-3	PSB064	577	d~	d~	linguistic	none	Interrupted=Yes	_	_	_	_	_
577-4	PSB064	577	dipende	dipende	linguistic	none	_	_	_	_	_	_
577-5	PSB064	577	ma	ma	linguistic	none	_	End=1208.24	_	_	_	_
578-0	PSB064	578	ah	ah	linguistic	none	_	Begin=1209.34	_	_	_	_
578-1	PSB064	578	eh	eh	linguistic	none	_	_	_	_	_	_
578-2	PSB064	578	in	in	linguistic	none	_	_	_	_	_	_
578-3	PSB064	578	generale	generale	linguistic	none	_	_	_	_	_	_
578-4	PSB064	578	{P}	{P}	shortpause	none	_	_	_	_	_	_
578-5	PSB064	578	l'	l'	linguistic	none	SpaceAfter=No	_	_	_	_	_
578-6	PSB064	578	italia	italia	linguistic	none	_	_	_	_	_	_
578-7	PSB064	578	è	è	linguistic	none	_	_	_	_	_	_
578-8	PSB064	578	più	più	linguistic	none	_	_	_	_	_	_
578-9	PSB064	578	aperta	aperta	linguistic	none	_	_	_	_	_	_
578-10	PSB064	578	da:	da	linguistic	none	_	End=1212.34	1x1	_	_	_
579-0	PSB005	579	mhmh	mhmh	linguistic	none	_	Begin=1212.36|End=1212.78	_	_	_	_
580-0	PSB005	580	ti	ti	linguistic	none	_	Begin=1214.34	_	_	_	_
580-1	PSB005	580	è	è	linguistic	none	_	_	_	_	_	_
580-2	PSB005	580	successo	successo	linguistic	none	_	_	_	_	_	_
580-3	PSB005	580	qualche:	qualche	linguistic	none	_	_	6x1	_	_	_
580-4	PSB005	580	{P}	{P}	shortpause	none	_	_	_	_	_	_
580-5	PSB005	580	cosa	cosa	linguistic	none	_	_	_	_	_	_
580-6	PSB005	580	{P}	{P}	shortpause	none	_	_	_	_	_	_
580-7	PSB005	580	in	in	linguistic	none	_	_	_	_	_	_
580-8	PSB005	580	parti[colare]?	particolare	linguistic	none	Intonation=rising	End=1217.01	_	_	_	5-11(76)
581-0	PSB064	581	[puoi	puoi	linguistic	none	_	Begin=1216.17	_	_	_	0-4(76)
581-1	PSB064	581	fare]	fare	linguistic	none	_	_	_	_	_	0-4(76)
581-2	PSB064	581	quello	quello	linguistic	none	_	_	_	_	_	_
581-3	PSB064	581	che	che	linguistic	none	_	_	_	_	_	_
581-4	PSB064	581	vuo:i,	vuoi	linguistic	none	Intonation=weakly_rising	End=1218.01	2x1	_	_	_
582-0	PSB064	582	anche	anche	linguistic	none	_	Begin=1218.25	_	_	_	_
582-1	PSB064	582	{P}	{P}	shortpause	none	_	_	_	_	_	_
582-2	PSB064	582	se	se	linguistic	none	_	_	_	_	_	_
582-3	PSB064	582	la	la	linguistic	none	_	_	_	_	_	_
582-4	PSB064	582	polizia	polizia	linguistic	none	_	_	_	_	_	_
582-5	PSB064	582	{P}	{P}	shortpause	none	_	_	_	_	_	_
582-6	PSB064	582	eh	eh	linguistic	none	_	_	_	_	_	_
582-7	PSB064	582	{P}	{P}	shortpause	none	_	_	_	_	_	_
582-8	PSB064	582	spacca	spacca	linguistic	none	_	_	_	_	_	_
582-9	PSB064	582	la	la	linguistic	none	_	_	_	_	_	_
582-10	PSB064	582	gente	gente	linguistic	none	_	_	_	_	_	_
582-11	PSB064	582	ma	ma	linguistic	none	_	_	_	_	_	_
582-12	PSB064	582	{P}	{P}	shortpause	none	_	_	_	_	_	_
582-13	PSB064	582	non	non	linguistic	none	_	_	_	_	_	_
582-14	PSB064	582	come	come	linguistic	none	_	_	_	_	_	_
582-15	PSB064	582	in	in	linguistic	none	_	_	_	_	_	_
582-16	PSB064	582	marocco.	marocco	linguistic	none	Intonation=falling	End=1224.04	_	_	_	_
583-0	PSB005	583	sì	sì	linguistic	none	_	Begin=1224.67	_	_	_	_
583-1	PSB005	583	sì	sì	linguistic	none	_	End=1225.19	_	_	_	_
584-0	PSB005	584	sì	sì	linguistic	none	_	Begin=1225.88	_	_	_	_
584-1	PSB005	584	sì	sì	linguistic	none	_	_	_	_	_	_
584-2	PSB005	584	immagino	immagino	linguistic	none	_	_	_	_	_	_
584-3	PSB005	584	sì.	sì	linguistic	none	Intonation=falling	_	_	_	_	_
584-4	PSB005	584	{ride}	{ride}	nonverbalbehavior	none	_	End=1227.17	_	_	_	_
585-0	PSB005	585	sì	sì	linguistic	none	_	Begin=1227.22	_	_	_	_
585-1	PSB005	585	anche	anche	linguistic	none	_	_	_	_	_	_
585-2	PSB005	585	qui	qui	linguistic	none	_	_	_	_	_	_
585-3	PSB005	585	ci	ci	linguistic	none	_	_	_	_	_	_
585-4	PSB005	585	sono	sono	linguistic	none	_	_	_	_	_	_
585-5	PSB005	585	un	un	linguistic	none	_	_	_	_	_	_
585-6	PSB005	585	po'	po'	linguistic	none	_	_	_	_	_	_
585-7	PSB005	585	di	di	linguistic	none	_	_	_	_	_	_
585-8	PSB005	585	episodi	episodi	linguistic	none	_	_	_	_	_	_
585-9	PSB005	585	eh	eh	linguistic	none	_	_	_	_	_	_
585-10	PSB005	585	però:	però	linguistic	none	_	End=1229.63	3x1	_	_	_
586-0	PSB064	586	c'	c'	linguistic	none	SpaceAfter=No	Begin=1229.67	_	_	_	_
586-1	PSB064	586	è	è	linguistic	none	_	_	_	_	_	_
586-2	PSB064	586	episodi	episodi	linguistic	none	_	_	_	_	_	_
586-3	PSB064	586	{P}	{P}	shortpause	none	_	_	_	_	_	_
586-4	PSB064	586	di	di	linguistic	none	_	_	_	_	_	_
586-5	PSB064	586	là	là	linguistic	none	_	_	_	_	_	_
586-6	PSB064	586	c'	c'	linguistic	none	SpaceAfter=No	_	_	_	_	_
586-7	PSB064	586	è	è	linguistic	none	_	_	_	_	_	_
586-8	PSB064	586	serie	serie	linguistic	none	_	_	_	_	4-5(0)	_
586-9	PSB064	586	(di	di	linguistic	none	_	_	_	_	0-2(0)	_
586-10	PSB064	586	v~)	v~	linguistic	none	Interrupted=Yes	End=1233.43	_	_	0-1(0)	_
587-0	PSB064	587	è	è	linguistic	none	_	Begin=1234.23	_	_	_	_
587-1	PSB064	587	per	per	linguistic	none	_	_	_	_	_	_
587-2	PSB064	587	quello	quello	linguistic	none	_	End=1234.9	_	_	_	_
588-0	PSB005	588	sì	sì	linguistic	none	_	Begin=1235.23	_	_	_	_
588-1	PSB005	588	sì	sì	linguistic	none	_	_	_	_	_	_
588-2	PSB005	588	o[kay	okay	linguistic	none	_	_	_	_	_	1-4(77)
588-3	PSB005	588	ho	ho	linguistic	none	_	_	_	_	_	0-2(77)
588-4	PSB005	588	capito]	capito	linguistic	none	_	_	_	_	_	0-6(77)
588-5	PSB005	588	sì.	sì	linguistic	none	Intonation=falling	End=1236.9	_	_	_	_
589-0	PSB064	589	[(solo	solo	linguistic	none	_	Begin=1235.771	_	_	0-4(0)	0-4(77)
589-1	PSB064	589	per)]	per	linguistic	none	_	End=1236.485	_	_	0-3(0)	0-3(77)
590-0	PSB005	590	e:	e	linguistic	none	_	Begin=1237.23|End=1237.74	0x1	_	_	_
591-0	PSB005	591	e	e	linguistic	none	_	Begin=1237.98	_	_	_	_
591-1	PSB005	591	tu	tu	linguistic	none	_	_	_	_	_	_
591-2	PSB005	591	ti	ti	linguistic	none	_	_	_	_	_	_
591-3	PSB005	591	aspettavi	aspettavi	linguistic	none	_	_	_	_	_	_
591-4	PSB005	591	così	così	linguistic	none	_	_	_	_	_	_
591-5	PSB005	591	{P}	{P}	shortpause	none	_	_	_	_	_	_
591-6	PSB005	591	l'	l'	linguistic	none	SpaceAfter=No	_	_	_	_	_
591-7	PSB005	591	italia?	italia	linguistic	none	Intonation=rising	End=1240.09	_	_	_	_
592-0	PSB064	592	co[me]?	come	linguistic	none	Intonation=rising	Begin=1240.83|End=1241.13	_	_	_	2-4(78)
593-0	PSB005	593	[o]	o	linguistic	none	_	Begin=1241.0	_	_	_	0-1(78)
593-1	PSB005	593	no?	no	linguistic	none	Intonation=rising	End=1241.35	_	_	_	_
594-0	PSB005	594	te	te	linguistic	none	_	Begin=1241.43	_	_	_	_
594-1	PSB005	594	l'	l'	linguistic	none	SpaceAfter=No	_	_	_	_	_
594-2	PSB005	594	aspettavi	aspettavi	linguistic	none	_	_	_	_	_	_
594-3	PSB005	594	così	così	linguistic	none	_	_	_	_	_	_
594-4	PSB005	594	l'	l'	linguistic	none	SpaceAfter=No	_	_	_	_	_
594-5	PSB005	594	italia?	italia	linguistic	none	Intonation=rising	End=1243.22	_	_	_	_
595-0	PSB005	595	o	o	linguistic	none	_	Begin=1243.75	_	_	_	_
595-1	PSB005	595	era	era	linguistic	none	_	_	_	_	_	_
595-2	PSB005	595	diverso	diverso	linguistic	none	_	_	_	_	_	_
595-3	PSB005	595	nella	nella	linguistic	none	_	_	_	_	_	_
595-4	PSB005	595	tua	tua	linguistic	none	_	_	_	_	_	_
595-5	PSB005	595	immaginazio[ne]?	immaginazione	linguistic	none	Intonation=rising	End=1246.27	_	_	_	11-13(79)
596-0	PSB064	596	[no]	no	linguistic	none	_	Begin=1246.06	_	_	_	0-2(79)
596-1	PSB064	596	era	era	linguistic	none	_	_	_	_	_	_
596-2	PSB064	596	così.	così	linguistic	none	Intonation=falling	End=1246.87	_	_	_	_
597-0	PSB064	597	[xxxx]	x	unknown	none	_	Begin=1246.93|End=1247.65	_	_	_	0-4(80)
598-0	PSB005	598	ah	ah	linguistic	none	_	Begin=1247.2	_	_	_	_
598-1	PSB005	598	vedi?	vedi	linguistic	none	Intonation=rising	End=1247.87	_	_	_	_
599-0	PSB005	599	non	non	linguistic	none	_	Begin=1248.65	_	_	_	_
599-1	PSB005	599	c'	c'	linguistic	none	SpaceAfter=No	_	_	_	_	_
599-2	PSB005	599	eri	eri	linguistic	none	_	_	_	_	_	_
599-3	PSB005	599	mai	mai	linguistic	none	_	_	_	_	_	_
599-4	PSB005	599	stato	stato	linguistic	none	_	_	_	_	_	_
599-5	PSB005	599	prima?	prima	linguistic	none	Intonation=rising	End=1250.04	_	_	_	_
600-0	PSB064	600	ero	ero	linguistic	none	_	Begin=1250.18	_	_	_	_
600-1	PSB064	600	stato:	stato	linguistic	none	_	_	4x1	_	_	_
600-2	PSB064	600	eh	eh	linguistic	none	_	_	_	_	_	_
600-3	PSB064	600	in	in	linguistic	none	_	_	_	_	_	_
600-4	PSB064	600	duemilaquattordici	duemilaquattordici	linguistic	none	_	_	_	_	_	_
600-5	PSB064	600	duemiladiciassette,	duemiladiciassette	linguistic	none	Intonation=weakly_rising	End=1253.69	_	_	_	_
601-0	PSB005	601	ah	ah	linguistic	none	_	Begin=1253.76	_	_	_	_
601-1	PSB005	601	okay.	okay	linguistic	none	Intonation=falling	End=1254.35	_	_	_	_
602-0	PSB005	602	(va	va	linguistic	none	_	Begin=1254.56	_	_	0-2(0)	_
602-1	PSB005	602	bene)	bene	linguistic	none	_	End=1255.1	_	_	0-4(0)	_
603-0	PSB005	603	perché	perché	linguistic	none	_	Begin=1255.51	_	_	_	_
603-1	PSB005	603	[molte	molte	linguistic	none	_	_	_	_	_	0-5(81)
603-2	PSB005	603	persone],	persone	linguistic	none	Intonation=weakly_rising	End=1256.91	_	_	_	0-7(81)
604-0	PSB064	604	[e:	e	linguistic	none	_	Begin=1255.69	0x1	_	_	0-1(81)
604-1	PSB064	604	l'	l'	linguistic	none	SpaceAfter=No	_	_	_	_	0-2(81)
604-2	PSB064	604	estate	estate	linguistic	none	_	_	_	_	_	0-6(81)
604-3	PSB064	604	scorso]	scorso	linguistic	none	_	End=1256.85	_	_	_	0-6(81)
605-0	PSB005	605	scusami	scusami	linguistic	none	_	Begin=1257.32	_	_	_	_
605-1	PSB005	605	dimmi	dimmi	linguistic	none	_	_	_	_	_	_
605-2	PSB005	605	dimmi.	dimmi	linguistic	none	Intonation=falling	End=1258.53	_	_	_	_
606-0	PSB064	606	e	e	linguistic	none	_	Begin=1258.89	_	_	_	_
606-1	PSB064	606	l'	l'	linguistic	none	SpaceAfter=No	_	_	_	_	_
606-2	PSB064	606	estate	estate	linguistic	none	_	_	_	_	_	_
606-3	PSB064	606	scor[sa].	scorsa	linguistic	none	Intonation=falling	End=1260.03	_	_	_	3-6(82)
607-0	PSB005	607	[ah]	ah	linguistic	none	_	Begin=1259.79	_	_	_	0-2(82)
607-1	PSB005	607	okay.	okay	linguistic	none	Intonation=falling	End=1260.4	_	_	_	_
608-0	PSB005	608	okay.	okay	linguistic	none	Intonation=falling	Begin=1260.48|End=1260.93	_	_	_	_
609-0	PSB005	609	perché	perché	linguistic	none	_	Begin=1261.34	_	_	_	_
609-1	PSB005	609	molte	molte	linguistic	none	_	_	_	_	_	_
609-2	PSB005	609	persone	persone	linguistic	none	_	_	_	_	_	_
609-3	PSB005	609	mi	mi	linguistic	none	_	_	_	_	_	_
609-4	PSB005	609	dicono	dicono	linguistic	none	_	_	_	_	_	_
609-5	PSB005	609	che	che	linguistic	none	_	_	_	_	_	_
609-6	PSB005	609	{P}	{P}	shortpause	none	_	_	_	_	_	_
609-7	PSB005	609	si	si	linguistic	none	_	_	_	_	_	_
609-8	PSB005	609	trasferiscono	trasferiscono	linguistic	none	_	_	_	_	_	_
609-9	PSB005	609	in	in	linguistic	none	_	_	_	_	_	_
609-10	PSB005	609	italia	italia	linguistic	none	_	_	_	_	_	_
609-11	PSB005	609	dal	dal	linguistic	none	_	_	_	_	_	_
609-12	PSB005	609	marocco	marocco	linguistic	none	_	_	_	_	_	_
609-13	PSB005	609	e	e	linguistic	none	_	_	_	_	_	_
609-14	PSB005	609	{P}	{P}	shortpause	none	_	_	_	_	_	_
609-15	PSB005	609	pensano	pensano	linguistic	none	_	_	_	_	_	_
609-16	PSB005	609	che	che	linguistic	none	_	_	_	_	_	_
609-17	PSB005	609	ci	ci	linguistic	none	_	_	_	_	_	_
609-18	PSB005	609	siano	siano	linguistic	none	_	_	_	_	_	_
609-19	PSB005	609	i	i	linguistic	none	_	_	_	_	_	_
609-20	PSB005	609	grattacie:li	grattacieli	linguistic	none	_	_	8x1	_	_	_
609-21	PSB005	609	tutto	tutto	linguistic	none	_	_	_	_	_	_
609-22	PSB005	609	modernissimo:,	modernissimo	linguistic	none	Intonation=weakly_rising	End=1269.69	11x1	_	_	_
610-0	PSB005	610	tutto	tutto	linguistic	none	_	Begin=1270.02	_	_	_	_
610-1	PSB005	610	tecnolo:gico	tecnologico	linguistic	none	_	_	6x1	_	_	_
610-2	PSB005	610	e	e	linguistic	none	_	_	_	_	_	_
610-3	PSB005	610	poi	poi	linguistic	none	_	_	_	_	_	_
610-4	PSB005	610	arrivano	arrivano	linguistic	none	_	_	_	_	_	_
610-5	PSB005	610	{P}	{P}	shortpause	none	_	_	_	_	_	_
610-6	PSB005	610	e	e	linguistic	none	_	_	_	_	_	_
610-7	PSB005	610	invece	invece	linguistic	none	_	_	_	_	_	_
610-8	PSB005	610	no	no	linguistic	none	_	_	_	_	_	_
610-9	PSB005	610	{ride}	{ride}	nonverbalbehavior	none	_	End=1273.3	_	_	_	_
611-0	PSB064	611	ti	ti	linguistic	none	_	Begin=1273.7	_	_	_	_
611-1	PSB064	611	dico	dico	linguistic	none	_	_	_	_	_	_
611-2	PSB064	611	una	una	linguistic	none	_	_	_	_	_	_
611-3	PSB064	611	cosa.	cosa	linguistic	none	Intonation=falling	_	_	_	_	_
611-4	PSB064	611	anche:	anche	linguistic	none	_	End=1275.3	4x1	_	_	_
612-0	PSB064	612	e:hm	ehm	linguistic	none	_	Begin=1276.68|End=1277.35	0x1	_	_	_
613-0	PSB064	613	l'	l'	linguistic	none	SpaceAfter=No	Begin=1278.15	_	_	_	_
613-1	PSB064	613	italia	italia	linguistic	none	_	_	_	_	_	_
613-2	PSB064	613	è	è	linguistic	none	_	_	_	_	_	_
613-3	PSB064	613	ne:l	nel	linguistic	none	_	_	1x1	_	_	_
613-4	PSB064	613	{P}	{P}	shortpause	none	_	_	_	_	_	_
613-5	PSB064	613	primo	primo	linguistic	none	_	_	_	_	_	_
613-6	PSB064	613	mondo,	mondo	linguistic	none	Intonation=weakly_rising	End=1280.47	_	_	_	_
614-0	PSB005	614	sì	sì	linguistic	none	_	Begin=1280.72	_	_	_	_
614-1	PSB005	614	pe~	pe~	linguistic	none	Interrupted=Yes	_	_	_	_	_
614-2	PSB005	614	esat[to].	esatto	linguistic	none	Intonation=falling	End=1281.74	_	_	_	4-6(83)
615-0	PSB064	615	[e:]	e	linguistic	none	_	Begin=1281.28	0x1	_	_	0-1(83)
615-1	PSB064	615	usa	usa	linguistic	none	_	_	_	_	_	_
615-2	PSB064	615	tanta	tanta	linguistic	none	_	_	_	_	_	_
615-3	PSB064	615	teoria:	teoria	linguistic	none	_	End=1283.96	5x1	_	_	_
616-0	PSB005	616	mhmh	mhmh	linguistic	none	_	Begin=1284.02|End=1284.39	_	_	_	_
617-0	PSB064	617	non	non	linguistic	none	_	Begin=1285.36	_	_	_	_
617-1	PSB064	617	usa	usa	linguistic	none	_	_	_	_	_	_
617-2	PSB064	617	le	le	linguistic	none	_	_	_	_	_	_
617-3	PSB064	617	cose	cose	linguistic	none	_	_	_	_	_	_
617-4	PSB064	617	pratiche.	pratiche	linguistic	none	Intonation=falling	End=1286.99	_	_	_	_
618-0	PSB005	618	ah	ah	linguistic	none	_	Begin=1287.68	_	_	_	_
618-1	PSB005	618	[sì].	sì	linguistic	none	Intonation=falling	End=1288.2	_	_	_	0-2(84)
619-0	PSB064	619	[an]cora.	ancora	linguistic	none	Intonation=falling	Begin=1288.03|End=1288.64	_	_	_	0-2(84)
620-0	PSB005	620	è	è	linguistic	none	_	Begin=1289.11	_	_	_	_
620-1	PSB005	620	ve[ro].	vero	linguistic	none	Intonation=falling	End=1289.73	_	_	_	2-4(85)
621-0	PSB064	621	[dan]no	danno	linguistic	none	_	Begin=1289.42	_	_	_	0-3(85)
621-1	PSB064	621	leggi	leggi	linguistic	none	_	_	_	_	_	_
621-2	PSB064	621	eh	eh	linguistic	none	_	_	_	_	_	_
621-3	PSB064	621	facciamo	facciamo	linguistic	none	_	_	_	_	_	_
621-4	PSB064	621	questa:	questa	linguistic	none	_	End=1291.87	5x1	_	_	_
622-0	PSB005	622	ho	ho	linguistic	none	_	Begin=1294.34	_	_	_	_
622-1	PSB005	622	capito	capito	linguistic	none	_	_	_	_	_	_
622-2	PSB005	622	sì.	sì	linguistic	none	Intonation=falling	End=1295.13	_	_	_	_
623-0	PSB005	623	e:~	e~	linguistic	none	Interrupted=Yes	Begin=1295.36	0x1	_	_	_
623-1	PSB005	623	e	e	linguistic	none	_	_	_	_	_	_
623-2	PSB005	623	in	in	linguistic	none	_	_	_	_	_	_
623-3	PSB005	623	marocco	marocco	linguistic	none	_	_	_	_	_	_
623-4	PSB005	623	hai	hai	linguistic	none	_	_	_	_	_	_
623-5	PSB005	623	viaggiato?	viaggiato	linguistic	none	Intonation=rising	End=1297.12	_	_	_	_
624-0	PSB005	624	dentro	dentro	linguistic	none	_	Begin=1297.26	_	_	_	_
624-1	PSB005	624	al	al	linguistic	none	_	_	_	_	_	_
624-2	PSB005	624	marocco?	marocco	linguistic	none	Intonation=rising	End=1298.22	_	_	_	_
625-0	PSB064	625	non	non	linguistic	none	_	Begin=1299.32	_	_	_	_
625-1	PSB064	625	tanto	tanto	linguistic	none	_	_	_	_	_	_
625-2	PSB064	625	°non	non	linguistic	none	Volume=low	_	_	_	_	_
625-3	PSB064	625	tanto°.	tanto	linguistic	none	Intonation=falling|Volume=low	End=1300.62	_	_	_	_
626-0	PSB064	626	ero	ero	linguistic	none	_	Begin=1300.85	_	_	_	_
626-1	PSB064	626	in	in	linguistic	none	_	_	_	_	_	_
626-2	PSB064	626	raba:t	rabat	linguistic	none	_	_	3x1	_	_	_
626-3	PSB064	626	casablanc[a]	casablanca	linguistic	none	_	_	_	_	_	9-10(86)
626-4	PSB064	626	{P}	{P}	shortpause	none	_	_	_	_	_	_
626-5	PSB064	626	jadida,	jadida	linguistic	none	Intonation=weakly_rising	End=1303.81	_	_	_	_
627-0	PSB005	627	[mh]	mh	linguistic	none	_	Begin=1302.493|End=1302.907	_	_	_	0-2(86)
628-0	PSB064	628	xxx	x	unknown	none	_	Begin=1304.35|End=1305.13	_	_	_	_
629-0	PSB064	629	essaouira	essaouira	linguistic	none	_	Begin=1306.26	_	_	_	_
629-1	PSB064	629	una	una	linguistic	none	_	_	_	_	_	_
629-2	PSB064	629	volta,	volta	linguistic	none	Intonation=weakly_rising	End=1307.3	_	_	_	_
630-0	PSB005	630	mh	mh	linguistic	none	_	Begin=1307.63|End=1307.91	_	_	_	_
631-0	PSB064	631	°basta°.	basta	linguistic	none	Intonation=falling|Volume=low	Begin=1307.91|End=1308.4	_	_	_	_
632-0	PSB005	632	essaouira	essaouira	linguistic	none	_	Begin=1308.41	_	_	_	_
632-1	PSB005	632	è	è	linguistic	none	_	_	_	_	_	_
632-2	PSB005	632	abbastanza	abbastanza	linguistic	none	_	_	_	_	_	_
632-3	PSB005	632	famosa.	famosa	linguistic	none	Intonation=falling	End=1310.16	_	_	_	_
633-0	PSB005	633	[è:~	è~	linguistic	none	Interrupted=Yes	Begin=1310.32	0x1	_	_	0-2(87)
633-1	PSB005	633	è	è	linguistic	none	_	_	_	_	_	0-1(87)
633-2	PSB005	633	carina]?	carina	linguistic	none	Intonation=rising	End=1311.57	_	_	_	0-6(87)
634-0	PSB064	634	[sì	sì	linguistic	none	_	Begin=1310.33	_	_	_	0-2(87)
634-1	PSB064	634	eh	eh	linguistic	none	_	_	_	_	_	0-2(87)
634-2	PSB064	634	c'	c'	linguistic	none	SpaceAfter=No	_	_	_	_	0-2(87)
634-3	PSB064	634	è]	è	linguistic	none	_	_	_	_	_	0-1(87)
634-4	PSB064	634	festival	festival	linguistic	none	_	_	_	_	_	_
634-5	PSB064	634	di:~	di~	linguistic	none	Interrupted=Yes	_	1x1	_	_	_
634-6	PSB064	634	di	di	linguistic	none	_	_	_	_	_	_
634-7	PSB064	634	gnaoua	gnaoua	linguistic	none	_	_	_	_	_	_
634-8	PSB064	634	{P}	{P}	shortpause	none	_	_	_	_	_	_
634-9	PSB064	634	que~	que~	linguistic	none	Interrupted=Yes	_	_	_	_	_
634-10	PSB064	634	in	in	linguistic	none	_	_	_	_	_	_
634-11	PSB064	634	questi	questi	linguistic	none	_	_	_	_	_	_
634-12	PSB064	634	giorni.	giorni	linguistic	none	Intonation=falling	End=1314.24	_	_	_	_
635-0	PSB063	635	festival	festival	linguistic	none	_	Begin=1314.26	_	_	_	_
635-1	PSB063	635	di?	di	linguistic	none	Intonation=rising	End=1315.11	_	_	_	_
636-0	PSB064	636	gnaoua.	gnaoua	linguistic	none	Intonation=falling	Begin=1315.16|End=1315.75	_	_	_	_
637-0	PSB063	637	non	non	linguistic	none	_	Begin=1316.91	_	_	_	_
637-1	PSB063	637	so	so	linguistic	none	_	_	_	_	_	_
637-2	PSB063	637	che	che	linguistic	none	_	_	_	_	_	_
637-3	PSB063	637	cos'	cos'	linguistic	none	SpaceAfter=No	_	_	_	_	_
637-4	PSB063	637	è.	è	linguistic	none	Intonation=falling	End=1318.0	_	_	_	_
638-0	PSB064	638	xxxxxx	x	unknown	none	_	Begin=1318.04|End=1319.26	_	_	_	_
639-0	PSB005	639	che	che	linguistic	none	_	Begin=1319.28	_	_	_	_
639-1	PSB005	639	cos'	cos'	linguistic	none	SpaceAfter=No	_	_	_	_	_
639-2	PSB005	639	è?	è	linguistic	none	Intonation=rising	End=1320.09	_	_	_	_
640-0	PSB063	640	xxxx	x	unknown	none	_	Begin=1320.514|End=1322.257	_	_	_	_
641-0	PSB064	641	xxx	x	unknown	none	_	Begin=1320.514|End=1321.264	_	_	_	_
642-0	PSB005	642	no	no	linguistic	none	_	Begin=1322.26	_	_	_	_
642-1	PSB005	642	guardiamo	guardiamo	linguistic	none	_	_	_	_	_	_
642-2	PSB005	642	possiamo	possiamo	linguistic	none	_	_	_	_	_	_
642-3	PSB005	642	guardare	guardare	linguistic	none	_	_	_	_	_	_
642-4	PSB005	642	anche	anche	linguistic	none	_	_	_	_	_	_
642-5	PSB005	642	da	da	linguistic	none	_	_	_	_	_	_
642-6	PSB005	642	questo.	questo	linguistic	none	Intonation=falling	End=1324.3	_	_	_	_
643-0	PSB005	643	c(io)è	cioè	linguistic	none	_	Begin=1326.9	_	_	1-3(0)	_
643-1	PSB005	643	è	è	linguistic	none	_	_	_	_	_	_
643-2	PSB005	643	un	un	linguistic	none	_	_	_	_	_	_
643-3	PSB005	643	festival	festival	linguistic	none	_	_	_	_	_	_
643-4	PSB005	643	di	di	linguistic	none	_	_	_	_	_	_
643-5	PSB005	643	mu:sica	musica	linguistic	none	_	_	1x1	_	_	_
643-6	PSB005	643	di	di	linguistic	none	_	_	_	_	_	_
643-7	PSB005	643	che	che	linguistic	none	_	_	_	_	_	_
643-8	PSB005	643	co[sa]?	cosa	linguistic	none	Intonation=rising	End=1329.02	_	_	_	2-4(89)
644-0	PSB064	644	[di	di	linguistic	none	_	Begin=1328.71	_	_	_	0-2(89)
644-1	PSB064	644	mu]sica	musica	linguistic	none	_	_	_	_	_	0-2(89)
644-2	PSB064	644	si:	si	linguistic	none	_	_	1x1	_	_	_
644-3	PSB064	644	di:~	di~	linguistic	none	Interrupted=Yes	End=1330.02	1x1	_	_	_
645-0	PSB005	645	di	di	linguistic	none	_	Begin=1330.48	_	_	_	_
645-1	PSB005	645	musica	musica	linguistic	none	_	_	_	_	_	_
645-2	PSB005	645	marocchina?	marocchina	linguistic	none	Intonation=rising	End=1331.76	_	_	_	_
646-0	PSB064	646	sì	sì	linguistic	none	_	Begin=1332.43	_	_	_	_
646-1	PSB064	646	d~	d~	linguistic	none	Interrupted=Yes	_	_	_	_	_
646-2	PSB064	646	della	della	linguistic	none	_	_	_	_	_	_
646-3	PSB064	646	zona	zona	linguistic	none	_	_	_	_	_	_
646-4	PSB064	646	di:~	di~	linguistic	none	Interrupted=Yes	_	1x1	_	_	_
646-5	PSB064	646	di	di	linguistic	none	_	_	_	_	_	_
646-6	PSB064	646	g:	g	linguistic	none	_	End=1335.09	0x1	_	_	_
647-0	PSB005	647	c'	c'	linguistic	none	SpaceAfter=No	Begin=1347.23	_	_	_	_
647-1	PSB005	647	è	è	linguistic	none	_	_	_	_	_	_
647-2	PSB005	647	musica	musica	linguistic	none	_	_	_	_	_	_
647-3	PSB005	647	dal	dal	linguistic	none	_	_	_	_	_	_
647-4	PSB005	647	vivo	vivo	linguistic	none	_	_	_	_	_	_
647-5	PSB005	647	co[sì]?	così	linguistic	none	Intonation=rising	End=1348.8	_	_	_	1-4(90)
648-0	PSB063	648	[come]	come	linguistic	none	_	Begin=1348.47	_	_	_	0-4(90)
648-1	PSB063	648	si	si	linguistic	none	_	_	_	_	_	_
648-2	PSB063	648	chiama	chiama	linguistic	none	_	_	_	_	_	_
648-3	PSB063	648	la	la	linguistic	none	_	_	_	_	_	_
648-4	PSB063	648	città?	città	linguistic	none	Intonation=rising	End=1349.44	_	_	_	_
649-0	PSB064	649	l:~	l~	linguistic	none	Interrupted=Yes	Begin=1349.96|End=1351.2	0x1	_	_	_
650-0	PSB005	650	ah	ah	linguistic	none	_	Begin=1352.01	_	_	_	_
650-1	PSB005	650	okay.	okay	linguistic	none	Intonation=falling	End=1352.82	_	_	_	_
651-0	PSB064	651	{riproduce_musica}	{riproduce_musica}	nonverbalbehavior	none	_	Begin=1352.84|End=1354.99	_	_	_	_
652-0	PSB005	652	possiamo	possiamo	linguistic	none	_	Begin=1355.4	_	_	_	_
652-1	PSB005	652	me~	me~	linguistic	none	Interrupted=Yes	_	_	_	_	_
652-2	PSB005	652	p~	p~	linguistic	none	Interrupted=Yes	_	_	_	_	_
652-3	PSB005	652	fai~	fai~	linguistic	none	Interrupted=Yes	_	_	_	_	_
652-4	PSB005	652	lascia:	lascia	linguistic	none	_	_	5x1	_	_	_
652-5	PSB005	652	anche	anche	linguistic	none	_	_	_	_	_	_
652-6	PSB005	652	la	la	linguistic	none	_	_	_	_	_	_
652-7	PSB005	652	musica	musica	linguistic	none	_	_	_	_	_	_
652-8	PSB005	652	se	se	linguistic	none	_	_	_	_	_	_
652-9	PSB005	652	vuoi	vuoi	linguistic	none	_	_	_	_	_	_
652-10	PSB005	652	non	non	linguistic	none	_	_	_	_	_	_
652-11	PSB005	652	c'	c'	linguistic	none	SpaceAfter=No	_	_	_	_	_
652-12	PSB005	652	è	è	linguistic	none	_	_	_	_	_	_
652-13	PSB005	652	problema	problema	linguistic	none	_	End=1358.91	_	_	_	_
653-0	PSB064	653	non	non	linguistic	none	_	Begin=1359.76	_	_	_	_
653-1	PSB064	653	mi	mi	linguistic	none	_	_	_	_	_	_
653-2	PSB064	653	piace	piace	linguistic	none	_	_	_	_	_	_
653-3	PSB064	653	tanto	tanto	linguistic	none	_	_	_	_	_	_
653-4	PSB064	653	questa	questa	linguistic	none	_	_	_	_	_	_
653-5	PSB064	653	(musica).	musica	linguistic	none	Intonation=falling	End=1361.27	_	_	0-6(0)	_
654-0	PSB005	654	ah	ah	linguistic	none	_	Begin=1361.28|End=1361.59	_	_	_	_
655-0	PSB005	655	quindi	quindi	linguistic	none	_	Begin=1361.89	_	_	_	_
655-1	PSB005	655	musica	musica	linguistic	none	_	_	_	_	_	_
655-2	PSB005	655	{P}	{P}	shortpause	none	_	_	_	_	_	_
655-3	PSB005	655	marocchina	marocchina	linguistic	none	_	_	_	_	_	_
655-4	PSB005	655	proprio	proprio	linguistic	none	_	_	_	_	_	_
655-5	PSB005	655	in	in	linguistic	none	_	_	_	_	_	_
655-6	PSB005	655	arabo	arabo	linguistic	none	_	_	_	_	_	_
655-7	PSB005	655	sì.	sì	linguistic	none	Intonation=falling	End=1364.47	_	_	_	_
656-0	PSB064	656	{riproduce_musica}	{riproduce_musica}	nonverbalbehavior	none	_	Begin=1362.91|End=1367.86	_	_	_	_
657-0	PSB005	657	ah	ah	linguistic	none	_	Begin=1366.97	_	_	_	_
657-1	PSB005	657	fantastico.	fantastico	linguistic	none	Intonation=falling	End=1368.13	_	_	_	_
658-0	PSB064	658	è	è	linguistic	none	_	Begin=1368.26	_	_	_	_
658-1	PSB064	658	questa	questa	linguistic	none	_	_	_	_	_	_
658-2	PSB064	658	che~	che~	linguistic	none	Interrupted=Yes	_	_	_	_	_
658-3	PSB064	658	la	la	linguistic	none	_	_	_	_	_	_
658-4	PSB064	658	(musica	musica	linguistic	none	_	_	_	_	0-6(0)	_
658-5	PSB064	658	che	che	linguistic	none	_	_	_	_	0-3(0)	_
658-6	PSB064	658	mi	mi	linguistic	none	_	_	_	_	0-2(0)	_
658-7	PSB064	658	pia~).	pia~	linguistic	none	Intonation=falling	_	_	_	0-4(0)	_
658-8	PSB064	658	{riproduce_musica}	{riproduce_musica}	nonverbalbehavior	none	_	End=1371.01	_	_	_	_
659-0	PSB064	659	è	è	linguistic	none	_	Begin=1377.5	_	_	_	_
659-1	PSB064	659	un	un	linguistic	none	_	_	_	_	_	_
659-2	PSB064	659	po'	po'	linguistic	none	_	_	_	_	_	_
659-3	PSB064	659	più	più	linguistic	none	_	_	_	_	_	_
659-4	PSB064	659	hippie	hippie	linguistic	none	_	_	_	_	_	_
659-5	PSB064	659	viene	viene	linguistic	none	_	_	_	_	_	_
659-6	PSB064	659	la:	la	linguistic	none	_	_	1x1	_	_	_
659-7	PSB064	659	la	la	linguistic	none	_	_	_	_	_	_
659-8	PSB064	659	gente	gente	linguistic	none	_	_	_	_	_	_
659-9	PSB064	659	da	da	linguistic	none	_	_	_	_	_	_
659-10	PSB064	659	tutto	tutto	linguistic	none	_	_	_	_	_	_
659-11	PSB064	659	il	il	linguistic	none	_	_	_	_	_	_
659-12	PSB064	659	mondo,	mondo	linguistic	none	Intonation=weakly_rising	End=1380.72	_	_	_	_
660-0	PSB064	660	°in	in	linguistic	none	Volume=low	Begin=1381.09	_	_	_	_
660-1	PSB064	660	questi	questi	linguistic	none	Volume=low	_	_	_	_	_
660-2	PSB064	660	{P}	{P}	shortpause	none	Volume=low	_	_	_	_	_
660-3	PSB064	660	giorni°.	giorni	linguistic	none	Intonation=falling|Volume=low	End=1382.12	_	_	_	_
661-0	PSB064	661	sì	sì	linguistic	none	_	Begin=1382.93	_	_	_	_
661-1	PSB064	661	c'	c'	linguistic	none	SpaceAfter=No	_	_	_	_	_
661-2	PSB064	661	è	è	linguistic	none	_	_	_	_	_	_
661-3	PSB064	661	tanta	tanta	linguistic	none	_	_	_	_	_	_
661-4	PSB064	661	gente.	gente	linguistic	none	Intonation=falling	End=1384.29	_	_	_	_
662-0	PSB064	662	sì	sì	linguistic	none	_	Begin=1384.77	_	_	_	_
662-1	PSB064	662	adesso	adesso	linguistic	none	_	_	_	_	_	_
662-2	PSB064	662	essaouira	essaouira	linguistic	none	_	_	_	_	_	_
662-3	PSB064	662	è	è	linguistic	none	_	_	_	_	_	_
662-4	PSB064	662	piena	piena	linguistic	none	_	_	_	_	_	_
662-5	PSB064	662	(xxx).	xxx	linguistic	none	Intonation=falling	End=1387.25	_	_	0-3(0)	_
663-0	PSB005	663	e	e	linguistic	none	_	Begin=1388.47	_	_	_	_
663-1	PSB005	663	tu	tu	linguistic	none	_	_	_	_	_	_
663-2	PSB005	663	sei	sei	linguistic	none	_	_	_	_	_	_
663-3	PSB005	663	andato	andato	linguistic	none	_	_	_	_	_	_
663-4	PSB005	663	per	per	linguistic	none	_	_	_	_	_	_
663-5	PSB005	663	questo	questo	linguistic	none	_	_	_	_	_	_
663-6	PSB005	663	festi[val]?	festival	linguistic	none	Intonation=rising	End=1390.28	_	_	_	5-8(91)
664-0	PSB064	664	[no	no	linguistic	none	_	Begin=1389.93	_	_	_	0-2(91)
664-1	PSB064	664	no	no	linguistic	none	_	_	_	_	_	0-2(91)
664-2	PSB064	664	ma]i.	mai	linguistic	none	Intonation=falling	End=1390.76	_	_	_	0-2(91)
665-0	PSB064	665	volevo	volevo	linguistic	none	_	Begin=1391.51	_	_	_	_
665-1	PSB064	665	andare	andare	linguistic	none	_	_	_	_	_	_
665-2	PSB064	665	con	con	linguistic	none	_	_	_	_	_	_
665-3	PSB064	665	i	i	linguistic	none	_	_	_	_	_	_
665-4	PSB064	665	miei	miei	linguistic	none	_	_	_	_	_	_
665-5	PSB064	665	amici	amici	linguistic	none	_	_	_	_	_	_
665-6	PSB064	665	questo:	questo	linguistic	none	_	_	5x1	_	_	_
665-7	PSB064	665	estate	estate	linguistic	none	_	_	_	_	_	_
665-8	PSB064	665	ma	ma	linguistic	none	_	_	_	_	_	_
665-9	PSB064	665	{P}	{P}	shortpause	none	_	_	_	_	_	_
665-10	PSB064	665	sto	sto	linguistic	none	_	_	_	_	_	_
665-11	PSB064	665	lavorando.	lavorando	linguistic	none	Intonation=falling	End=1395.99	_	_	_	_
666-0	PSB005	666	eh	eh	linguistic	none	_	Begin=1395.98	_	_	_	_
666-1	PSB005	666	sì	sì	linguistic	none	_	_	_	_	_	_
666-2	PSB005	666	sì	sì	linguistic	none	_	_	_	_	_	_
666-3	PSB005	666	cer[to].	certo	linguistic	none	Intonation=falling	End=1397.45	_	_	_	3-5(92)
667-0	PSB063	667	[qui]ndi	quindi	linguistic	none	_	Begin=1397.26	_	_	_	0-3(93)
667-1	PSB063	667	non	non	linguistic	none	_	_	_	_	_	_
667-2	PSB063	667	andrai	andrai	linguistic	none	_	_	_	_	_	_
667-3	PSB063	667	in	in	linguistic	none	_	_	_	_	_	_
667-4	PSB063	667	marocco	marocco	linguistic	none	_	_	_	_	_	_
667-5	PSB063	667	quest'	quest'	linguistic	none	SpaceAfter=No	_	_	_	_	_
667-6	PSB063	667	estate?	estate	linguistic	none	Intonation=rising	End=1399.11	_	_	_	_
668-0	PSB064	668	prossimo	prossimo	linguistic	none	_	Begin=1399.28	_	_	_	_
668-1	PSB064	668	estate.	estate	linguistic	none	Intonation=falling	End=1400.22	_	_	_	_
669-0	PSB005	669	vabbè	vabbè	linguistic	none	_	Begin=1401.08	_	_	_	_
669-1	PSB005	669	dai	dai	linguistic	none	_	End=1401.78	_	_	_	_
670-0	PSB063	670	mi	mi	linguistic	none	_	Begin=1402.47	_	_	_	_
670-1	PSB063	670	porti?	porti	linguistic	none	Intonation=rising	End=1403.06	_	_	_	_
671-0	PSB005	671	bello	bello	linguistic	none	_	Begin=1407.08	_	_	_	_
671-1	PSB005	671	quindi	quindi	linguistic	none	_	_	_	_	_	_
671-2	PSB005	671	a	a	linguistic	none	_	_	_	_	_	_
671-3	PSB005	671	te	te	linguistic	none	_	_	_	_	_	_
671-4	PSB005	671	piace	piace	linguistic	none	_	_	_	_	_	_
671-5	PSB005	671	questo	questo	linguistic	none	_	_	_	_	_	_
671-6	PSB005	671	musica	musica	linguistic	none	_	_	_	_	_	_
671-7	PSB005	671	qui?	qui	linguistic	none	Intonation=rising	End=1409.42	_	_	_	_
672-0	PSB005	672	questa	questa	linguistic	none	_	Begin=1409.62	_	_	_	_
672-1	PSB005	672	musica	musica	linguistic	none	_	_	_	_	_	_
672-2	PSB005	672	un	un	linguistic	none	_	_	_	_	_	_
672-3	PSB005	672	po'	po'	linguistic	none	_	_	_	_	_	_
672-4	PSB005	672	alterna[tiva].	alternativa	linguistic	none	Intonation=falling	End=1411.12	_	_	_	7-11(94)
673-0	PSB064	673	[no]	no	linguistic	none	_	Begin=1410.63	_	_	_	0-2(94)
673-1	PSB064	673	no	no	linguistic	none	_	_	_	_	_	_
673-2	PSB064	673	devi:	devi	linguistic	none	_	End=1411.91	3x1	_	_	_
674-0	PSB064	674	non	non	linguistic	none	_	Begin=1412.87	_	_	_	_
674-1	PSB064	674	mi	mi	linguistic	none	_	_	_	_	_	_
674-2	PSB064	674	piace	piace	linguistic	none	_	_	_	_	_	_
674-3	PSB064	674	molto	molto	linguistic	none	_	_	_	_	_	_
674-4	PSB064	674	ma	ma	linguistic	none	_	End=1414.18	_	_	_	_
675-0	PSB064	675	il	il	linguistic	some	_	Begin=1415.03	_	_	_	_
675-1	PSB064	675	#vibe	vibe	linguistic	some	Language=NO_ISO_CODE	_	_	_	_	_
675-2	PSB064	675	di:	di	linguistic	some	_	_	1x1	_	_	_
675-3	PSB064	675	[di	di	linguistic	some	_	_	_	_	_	0-2(165)
675-4	PSB064	675	d~]	d~	linguistic	some	Interrupted=Yes	End=1416.71	_	_	_	0-2(165)
677-0	PSB005	677	[ce][rto].	certo	linguistic	none	Intonation=falling	Begin=1416.32|End=1416.83	_	_	_	2-5(?)
678-0	PSB063	678	[del]	del	linguistic	none	_	Begin=1416.58	_	_	_	0-3(165)
678-1	PSB063	678	festival.	festival	linguistic	none	Intonation=falling	End=1417.36	_	_	_	_
679-0	PSB005	679	[sì].	sì	linguistic	none	Intonation=falling	Begin=1417.36|End=1417.56	_	_	_	0-2(95)
680-0	PSB064	680	[del]	del	linguistic	none	_	Begin=1417.37	_	_	_	0-3(95)
680-1	PSB064	680	festival	festival	linguistic	none	_	_	_	_	_	_
680-2	PSB064	680	è	è	linguistic	none	_	_	_	_	_	_
680-3	PSB064	680	(volen)	volen	linguistic	none	_	_	_	_	0-5(0)	_
680-4	PSB064	680	{P}	{P}	shortpause	none	_	_	_	_	_	_
680-5	PSB064	680	s[empre].	sempre	linguistic	none	Intonation=falling	End=1419.57	_	_	_	1-6(96)
681-0	PSB005	681	[e]	e	linguistic	none	_	Begin=1419.3	_	_	_	0-1(96)
681-1	PSB005	681	e~	e~	linguistic	none	Interrupted=Yes	End=1419.7	_	_	_	_
682-0	PSB064	682	perché	perché	linguistic	none	_	Begin=1420.03	_	_	_	_
682-1	PSB064	682	c'	c'	linguistic	none	SpaceAfter=No	_	_	_	_	_
682-2	PSB064	682	era	era	linguistic	none	_	_	_	_	_	_
682-3	PSB064	682	questo	questo	linguistic	none	_	_	_	_	_	_
682-4	PSB064	682	fis~	fis~	linguistic	none	Interrupted=Yes	_	_	_	_	_
682-5	PSB064	682	festival	festival	linguistic	none	_	_	_	_	_	_
682-6	PSB064	682	dal	dal	linguistic	none	_	_	_	_	_	_
682-7	PSB064	682	novantanove	novantanove	linguistic	none	_	_	_	_	_	_
682-8	PSB064	682	o	o	linguistic	none	_	_	_	_	_	_
682-9	PSB064	682	non	non	linguistic	none	_	_	_	_	_	_
682-10	PSB064	682	lo	lo	linguistic	none	_	_	_	_	_	_
682-11	PSB064	682	so.	so	linguistic	none	Intonation=falling	End=1423.02	_	_	_	_
683-0	PSB005	683	mhmh	mhmh	linguistic	none	_	Begin=1423.5|End=1423.94	_	_	_	_
684-0	PSB005	684	bello.	bello	linguistic	none	Intonation=falling	Begin=1424.51|End=1424.99	_	_	_	_
685-0	PSB005	685	e	e	linguistic	none	_	Begin=1425.85	_	_	_	_
685-1	PSB005	685	qui	qui	linguistic	none	_	_	_	_	_	_
685-2	PSB005	685	a	a	linguistic	none	_	_	_	_	_	_
685-3	PSB005	685	bologna	bologna	linguistic	none	_	_	_	_	_	_
685-4	PSB005	685	sei	sei	linguistic	none	_	_	_	_	_	_
685-5	PSB005	685	andato	andato	linguistic	none	_	_	_	_	_	_
685-6	PSB005	685	a	a	linguistic	none	_	_	_	_	_	_
685-7	PSB005	685	qualche	qualche	linguistic	none	_	_	_	_	_	_
685-8	PSB005	685	serata:?	serata	linguistic	none	Intonation=rising	_	5x1	_	_	_
685-9	PSB005	685	ti	ti	linguistic	none	_	_	_	_	_	_
685-10	PSB005	685	piace	piace	linguistic	none	_	_	_	_	_	_
685-11	PSB005	685	qualche	qualche	linguistic	none	_	_	_	_	_	_
685-12	PSB005	685	{P}	{P}	shortpause	none	_	_	_	_	_	_
685-13	PSB005	685	zona	zona	linguistic	none	_	_	_	_	_	_
685-14	PSB005	685	del	del	linguistic	none	_	_	_	_	_	_
685-15	PSB005	685	centro:?	centro	linguistic	none	Intonation=rising	End=1431.21	5x1	_	_	_
686-0	PSB005	686	qualche	qualche	linguistic	none	_	Begin=1431.37	_	_	_	_
686-1	PSB005	686	event[o]?	evento	linguistic	none	Intonation=rising	End=1432.42	_	_	_	5-6(97)
687-0	PSB064	687	[no]n	non	linguistic	none	_	Begin=1432.36	_	_	_	0-2(97)
687-1	PSB064	687	sono	sono	linguistic	none	_	_	_	_	_	_
687-2	PSB064	687	mai	mai	linguistic	none	_	_	_	_	_	_
687-3	PSB064	687	stato	stato	linguistic	none	_	_	_	_	_	_
687-4	PSB064	687	in	in	linguistic	none	_	_	_	_	_	_
687-5	PSB064	687	una	una	linguistic	none	_	_	_	_	_	_
687-6	PSB064	687	serata.	serata	linguistic	none	Intonation=falling	End=1434.02	_	_	_	_
688-0	PSB005	688	mh	mh	linguistic	none	_	Begin=1434.33|End=1434.66	_	_	_	_
689-0	PSB005	689	neanche	neanche	linguistic	none	_	Begin=1435.06	_	_	_	_
689-1	PSB005	689	all'	all'	linguistic	none	SpaceAfter=No	_	_	_	_	_
689-2	PSB005	689	aperto?	aperto	linguistic	none	Intonation=rising	_	_	_	_	_
689-3	PSB005	689	cioè	cioè	linguistic	none	_	_	_	_	_	_
689-4	PSB005	689	tipo:	tipo	linguistic	none	_	_	3x1	_	_	_
689-5	PSB005	689	in	in	linguistic	none	_	_	_	_	_	_
689-6	PSB005	689	montagnola	montagnola	linguistic	none	_	_	_	_	_	_
689-7	PSB005	689	delle	delle	linguistic	none	_	_	_	_	_	_
689-8	PSB005	689	volte	volte	linguistic	none	_	_	_	_	_	_
689-9	PSB005	689	fanno	fanno	linguistic	none	_	_	_	_	_	_
689-10	PSB005	689	delle	delle	linguistic	none	_	_	_	_	_	_
689-11	PSB005	689	co[se]?	cose	linguistic	none	Intonation=rising	End=1438.89	_	_	_	1-4(98)
690-0	PSB064	690	[una]	una	linguistic	none	_	Begin=1438.75	_	_	_	0-3(98)
690-1	PSB064	690	volta	volta	linguistic	none	_	_	_	_	_	_
690-2	PSB064	690	ero	ero	linguistic	none	_	_	_	_	_	_
690-3	PSB064	690	in:	in	linguistic	none	_	_	1x1	_	_	_
690-4	PSB064	690	{P}	{P}	shortpause	none	_	_	_	_	_	_
690-5	PSB064	690	ero	ero	linguistic	none	_	_	_	_	_	_
690-6	PSB064	690	passando	passando	linguistic	none	_	_	_	_	_	_
690-7	PSB064	690	da:	da	linguistic	none	_	_	1x1	_	_	_
690-8	PSB064	690	piazza:	piazza	linguistic	none	_	_	5x1	_	_	_
690-9	PSB064	690	scaravilli.	scaravilli	linguistic	none	Intonation=falling	End=1443.69	_	_	_	_
691-0	PSB005	691	mhmh	mhmh	linguistic	none	_	Begin=1443.75|End=1444.17	_	_	_	_
692-0	PSB064	692	e	e	linguistic	none	_	Begin=1444.6	_	_	_	_
692-1	PSB064	692	c'	c'	linguistic	none	SpaceAfter=No	_	_	_	_	_
692-2	PSB064	692	era	era	linguistic	none	_	_	_	_	_	_
692-3	PSB064	692	un:	un	linguistic	none	_	_	1x1	_	_	_
692-4	PSB064	692	{P}	{P}	shortpause	none	_	_	_	_	_	_
692-5	PSB064	692	po'	po'	linguistic	none	_	_	_	_	_	_
692-6	PSB064	692	di	di	linguistic	none	_	_	_	_	_	_
692-7	PSB064	692	musica.	musica	linguistic	none	Intonation=falling	_	_	_	_	_
692-8	PSB064	692	(°e	e	linguistic	none	Volume=low	_	_	_	0-1(0)	_
692-9	PSB064	692	ba[sta]°)	basta	linguistic	none	Volume=low	End=1446.9	_	_	0-5(0)	1-5(99)
693-0	PSB005	693	[oke~]	oke~	linguistic	none	Interrupted=Yes	Begin=1446.49	_	_	_	0-4(99)
693-1	PSB005	693	{P}	{P}	shortpause	none	_	_	_	_	_	_
693-2	PSB005	693	basta	basta	linguistic	none	_	_	_	_	_	_
693-3	PSB005	693	{P}	{P}	shortpause	none	_	_	_	_	_	_
693-4	PSB005	693	okay.	okay	linguistic	none	Intonation=falling	End=1447.79	_	_	_	_
694-0	PSB005	694	il	il	linguistic	none	_	Begin=1448.2	_	_	_	_
694-1	PSB005	694	cinema	cinema	linguistic	none	_	_	_	_	_	_
694-2	PSB005	694	in	in	linguistic	none	_	_	_	_	_	_
694-3	PSB005	694	piazza	piazza	linguistic	none	_	_	_	_	_	_
694-4	PSB005	694	non	non	linguistic	none	_	_	_	_	_	_
694-5	PSB005	694	sei	sei	linguistic	none	_	_	_	_	_	_
694-6	PSB005	694	mai	mai	linguistic	none	_	_	_	_	_	_
694-7	PSB005	694	anda[to].	andato	linguistic	none	Intonation=falling	End=1450.18	_	_	_	4-6(100)
695-0	PSB064	695	[no]n	non	linguistic	none	_	Begin=1449.94	_	_	_	0-2(100)
695-1	PSB064	695	lo	lo	linguistic	none	_	_	_	_	_	_
695-2	PSB064	695	so:	so	linguistic	none	_	_	1x1	_	_	_
695-3	PSB064	695	non	non	linguistic	none	_	_	_	_	_	_
695-4	PSB064	695	sono	sono	linguistic	none	_	_	_	_	_	_
695-5	PSB064	695	mai	mai	linguistic	none	_	_	_	_	_	_
695-6	PSB064	695	anda[to].	andato	linguistic	none	Intonation=falling	End=1451.5	_	_	_	4-6(101)
696-0	PSB005	696	[ok]ay.	okay	linguistic	none	Intonation=falling	Begin=1451.35|End=1451.93	_	_	_	0-2(101)
697-0	PSB005	697	ehm:	ehm	linguistic	none	_	Begin=1452.09|End=1453.33	2x1	_	_	_
698-0	PSB005	698	io	io	linguistic	none	_	Begin=1453.56	_	_	_	_
698-1	PSB005	698	io	io	linguistic	none	_	_	_	_	_	_
698-2	PSB005	698	sono	sono	linguistic	none	_	_	_	_	_	_
698-3	PSB005	698	stata	stata	linguistic	none	_	_	_	_	_	_
698-4	PSB005	698	in	in	linguistic	none	_	_	_	_	_	_
698-5	PSB005	698	marocco	marocco	linguistic	none	_	_	_	_	_	_
698-6	PSB005	698	invece.	invece	linguistic	none	Intonation=falling	End=1455.42	_	_	_	_
699-0	PSB005	699	sono	sono	linguistic	none	_	Begin=1455.6	_	_	_	_
699-1	PSB005	699	però	però	linguistic	none	_	_	_	_	_	_
699-2	PSB005	699	sono	sono	linguistic	none	_	_	_	_	_	_
699-3	PSB005	699	stata	stata	linguistic	none	_	_	_	_	_	_
699-4	PSB005	699	a	a	linguistic	none	_	_	_	_	_	_
699-5	PSB005	699	fes.	fes	linguistic	none	Intonation=falling	End=1457.48	_	_	_	_
700-0	PSB005	700	quindi	quindi	linguistic	none	_	Begin=1458.02	_	_	_	_
700-1	PSB005	700	proprio:	proprio	linguistic	none	_	_	6x1	_	_	_
700-2	PSB005	700	{P}	{P}	shortpause	none	_	_	_	_	_	_
700-3	PSB005	700	proprio	proprio	linguistic	none	_	_	_	_	_	_
700-4	PSB005	700	da	da	linguistic	none	_	_	_	_	_	_
700-5	PSB005	700	un'	un'	linguistic	none	SpaceAfter=No	_	_	_	_	_
700-6	PSB005	700	altra	altra	linguistic	none	_	_	_	_	_	_
700-7	PSB005	700	parte.	parte	linguistic	none	Intonation=falling	End=1461.06	_	_	_	_
701-0	PSB005	701	e:	e	linguistic	none	_	Begin=1461.28	0x1	_	_	_
701-1	PSB005	701	mi	mi	linguistic	none	_	_	_	_	_	_
701-2	PSB005	701	è	è	linguistic	none	_	_	_	_	_	_
701-3	PSB005	701	piaciuto	piaciuto	linguistic	none	_	_	_	_	_	_
701-4	PSB005	701	tantissimo.	tantissimo	linguistic	none	Intonation=falling	End=1462.89	_	_	_	_
702-0	PSB005	702	solo	solo	linguistic	none	_	Begin=1463.73	_	_	_	_
702-1	PSB005	702	che	che	linguistic	none	_	_	_	_	_	_
702-2	PSB005	702	mh:	mh	linguistic	none	_	End=1465.08	1x1	_	_	_
703-0	PSB005	703	fra	fra	linguistic	none	_	Begin=1466.37	_	_	_	_
703-1	PSB005	703	tutti	tutti	linguistic	none	_	_	_	_	_	_
703-2	PSB005	703	i	i	linguistic	none	_	_	_	_	_	_
703-3	PSB005	703	viaggi	viaggi	linguistic	none	_	_	_	_	_	_
703-4	PSB005	703	che	che	linguistic	none	_	_	_	_	_	_
703-5	PSB005	703	ho	ho	linguistic	none	_	_	_	_	_	_
703-6	PSB005	703	fatto	fatto	linguistic	none	_	_	_	_	_	_
703-7	PSB005	703	{P}	{P}	shortpause	none	_	_	_	_	_	_
703-8	PSB005	703	è	è	linguistic	none	_	_	_	_	_	_
703-9	PSB005	703	stato	stato	linguistic	none	_	_	_	_	_	_
703-10	PSB005	703	l'	l'	linguistic	none	SpaceAfter=No	_	_	_	_	_
703-11	PSB005	703	unica	unica	linguistic	none	_	_	_	_	_	_
703-12	PSB005	703	volta	volta	linguistic	none	_	_	_	_	_	_
703-13	PSB005	703	in	in	linguistic	none	_	_	_	_	_	_
703-14	PSB005	703	cui	cui	linguistic	none	_	_	_	_	_	_
703-15	PSB005	703	io	io	linguistic	none	_	_	_	_	_	_
703-16	PSB005	703	mi	mi	linguistic	none	_	_	_	_	_	_
703-17	PSB005	703	sono	sono	linguistic	none	_	_	_	_	_	_
703-18	PSB005	703	sentita	sentita	linguistic	none	_	_	_	_	_	_
703-19	PSB005	703	una	una	linguistic	none	_	_	_	_	_	_
703-20	PSB005	703	turista	turista	linguistic	none	_	End=1471.714	_	_	_	_
704-0	PSB005	704	proprio	proprio	linguistic	some	_	Begin=1472.714	_	_	_	_
704-1	PSB005	704	ins~	ins~	linguistic	some	Interrupted=Yes	_	_	_	_	_
704-2	PSB005	704	#inside.	inside	linguistic	some	Intonation=falling|Language=NO_ISO_CODE	_	_	_	_	_
704-3	PSB005	704	{ride}	{ride}	nonverbalbehavior	some	_	End=1474.207	_	_	_	_
706-0	PSB005	706	cioè	cioè	linguistic	none	_	Begin=1474.55	_	_	_	_
706-1	PSB005	706	non:	non	linguistic	none	_	_	2x1	_	_	_
706-2	PSB005	706	non	non	linguistic	none	_	_	_	_	_	_
706-3	PSB005	706	non	non	linguistic	none	_	_	_	_	_	_
706-4	PSB005	706	mi	mi	linguistic	none	_	_	_	_	_	_
706-5	PSB005	706	sono:	sono	linguistic	none	_	End=1476.69	3x1	_	_	_
707-0	PSB005	707	sentita	sentita	linguistic	none	_	Begin=1477.6	_	_	_	_
707-1	PSB005	707	{P}	{P}	shortpause	none	_	_	_	_	_	_
707-2	PSB005	707	parte	parte	linguistic	none	_	_	_	_	_	_
707-3	PSB005	707	della	della	linguistic	none	_	_	_	_	_	_
707-4	PSB005	707	{P}	{P}	shortpause	none	_	_	_	_	_	_
707-5	PSB005	707	delle	delle	linguistic	none	_	_	_	_	_	_
707-6	PSB005	707	persone	persone	linguistic	none	_	_	_	_	_	_
707-7	PSB005	707	loca~	loca~	linguistic	none	Interrupted=Yes	_	_	_	_	_
707-8	PSB005	707	c(io)è	cioè	linguistic	none	_	_	_	_	1-3(0)	_
707-9	PSB005	707	ero	ero	linguistic	none	_	_	_	_	_	_
707-10	PSB005	707	c'	c'	linguistic	none	SpaceAfter=No	_	_	_	_	_
707-11	PSB005	707	era	era	linguistic	none	_	_	_	_	_	_
707-12	PSB005	707	troppa	troppa	linguistic	none	_	_	_	_	_	_
707-13	PSB005	707	din~	din~	linguistic	none	Interrupted=Yes	_	_	_	_	_
707-14	PSB005	707	differenza	differenza	linguistic	none	_	_	_	_	_	_
707-15	PSB005	707	fra	fra	linguistic	none	_	_	_	_	_	_
707-16	PSB005	707	me	me	linguistic	none	_	_	_	_	_	_
707-17	PSB005	707	e	e	linguistic	none	_	_	_	_	_	_
707-18	PSB005	707	le	le	linguistic	none	_	_	_	_	_	_
707-19	PSB005	707	persone.	persone	linguistic	none	Intonation=falling	End=1484.11	_	_	_	_
708-0	PSB064	708	hai	hai	linguistic	none	_	Begin=1484.89	_	_	_	_
708-1	PSB064	708	vis[to]	visto	linguistic	none	_	_	_	_	_	3-5(102)
708-2	PSB064	708	tanta:	tanta	linguistic	none	_	End=1486.49	4x1	_	_	_
709-0	PSB005	709	[post~]	post~	linguistic	none	Interrupted=Yes	Begin=1485.3|End=1485.77	_	_	_	0-5(102)
710-0	PSB005	710	sì	sì	linguistic	none	_	Begin=1487.0	_	_	_	_
710-1	PSB005	710	{P}	{P}	shortpause	none	_	_	_	_	_	_
710-2	PSB005	710	tantissima.	tantissima	linguistic	none	Intonation=falling	End=1488.26	_	_	_	_
711-0	PSB064	711	differenza?	differenza	linguistic	none	Intonation=rising	Begin=1488.85|End=1489.47	_	_	_	_
712-0	PSB005	712	sì.	sì	linguistic	none	Intonation=falling	Begin=1489.49|End=1489.86	_	_	_	_
713-0	PSB005	713	[mi]	mi	linguistic	none	_	Begin=1490.15	_	_	_	0-2(103)
713-1	PSB005	713	sono	sono	linguistic	none	_	_	_	_	_	_
713-2	PSB005	713	proprio	proprio	linguistic	none	_	_	_	_	_	_
713-3	PSB005	713	sentita	sentita	linguistic	none	_	_	_	_	_	_
713-4	PSB005	713	{P}	{P}	shortpause	none	_	_	_	_	_	_
713-5	PSB005	713	un	un	linguistic	none	_	_	_	_	_	_
713-6	PSB005	713	osp~	osp~	linguistic	none	Interrupted=Yes	_	_	_	_	_
713-7	PSB005	713	un	un	linguistic	none	_	_	_	_	_	_
713-8	PSB005	713	ospite	ospite	linguistic	none	_	_	_	_	_	_
713-9	PSB005	713	una	una	linguistic	none	_	_	_	_	_	_
713-10	PSB005	713	turista.	turista	linguistic	none	Intonation=falling	End=1494.08	_	_	_	_
714-0	PSB064	714	[(xx)]	x	unknown	none	_	Begin=1490.15|End=1490.59	_	_	0-2(0)	0-2(103)
715-0	PSB064	715	sì:	sì	linguistic	none	_	Begin=1494.21|End=1494.6	1x1	_	_	_
716-0	PSB005	716	invece	invece	linguistic	none	_	Begin=1494.6	_	_	_	_
716-1	PSB005	716	in	in	linguistic	none	_	_	_	_	_	_
716-2	PSB005	716	in	in	linguistic	none	_	_	_	_	_	_
716-3	PSB005	716	tutta	tutta	linguistic	none	_	_	_	_	_	_
716-4	PSB005	716	europa	europa	linguistic	none	_	_	_	_	_	_
716-5	PSB005	716	così	così	linguistic	none	_	_	_	_	_	_
716-6	PSB005	716	in:	in	linguistic	none	_	End=1497.57	1x1	_	_	_
717-0	PSB064	717	vai	vai	linguistic	none	_	Begin=1497.81	_	_	_	_
717-1	PSB064	717	e:	e	linguistic	none	_	_	0x1	_	_	_
717-2	PSB064	717	ti	ti	linguistic	none	_	_	_	_	_	_
717-3	PSB064	717	prendono	prendono	linguistic	none	_	_	_	_	_	_
717-4	PSB064	717	i	i	linguistic	none	_	_	_	_	_	_
717-5	PSB064	717	soldi	soldi	linguistic	none	_	_	_	_	_	_
717-6	PSB064	717	e	e	linguistic	none	_	_	_	_	_	_
717-7	PSB064	717	basta	basta	linguistic	none	_	_	_	_	_	_
717-8	PSB064	717	{P}	{P}	shortpause	none	_	_	_	_	_	_
717-9	PSB064	717	e	e	linguistic	none	_	_	_	_	_	_
717-10	PSB064	717	vai	vai	linguistic	none	_	_	_	_	_	_
717-11	PSB064	717	via.	via	linguistic	none	Intonation=falling	End=1501.05	_	_	_	_
718-0	PSB005	718	sì	sì	linguistic	none	_	Begin=1501.05	_	_	_	_
718-1	PSB005	718	quello	quello	linguistic	none	_	_	_	_	_	_
718-2	PSB005	718	è	è	linguistic	none	_	_	_	_	_	_
718-3	PSB005	718	vero	vero	linguistic	none	_	_	_	_	_	_
718-4	PSB005	718	[sì	sì	linguistic	none	_	_	_	_	_	0-2(104)
718-5	PSB005	718	sì].	sì	linguistic	none	Intonation=falling	End=1502.41	_	_	_	0-2(104)
719-0	PSB064	719	[e:h]	eh	linguistic	none	_	Begin=1501.97	0x1	_	_	0-2(104)
719-1	PSB064	719	paghi	paghi	linguistic	none	_	_	_	_	_	_
719-2	PSB064	719	tre	tre	linguistic	none	_	_	_	_	_	_
719-3	PSB064	719	euro	euro	linguistic	none	_	_	_	_	_	_
719-4	PSB064	719	per	per	linguistic	none	_	_	_	_	_	_
719-5	PSB064	719	un	un	linguistic	none	_	_	_	_	_	_
719-6	PSB064	719	bottiglia	bottiglia	linguistic	none	_	_	_	_	_	_
719-7	PSB064	719	d'	d'	linguistic	none	SpaceAfter=No	_	_	_	_	_
719-8	PSB064	719	acqua.	acqua	linguistic	none	Intonation=falling	_	_	_	_	_
719-9	PSB064	719	{ride}	{ride}	nonverbalbehavior	none	_	End=1504.66	_	_	_	_
720-0	PSB005	720	sì	sì	linguistic	none	_	Begin=1504.66	_	_	_	_
720-1	PSB005	720	no	no	linguistic	none	_	_	_	_	_	_
720-2	PSB005	720	questo	questo	linguistic	none	_	_	_	_	_	_
720-3	PSB005	720	è	è	linguistic	none	_	_	_	_	_	_
720-4	PSB005	720	ve~	ve~	linguistic	none	Interrupted=Yes	_	_	_	_	_
720-5	PSB005	720	perché	perché	linguistic	none	_	_	_	_	_	_
720-6	PSB005	720	tu	tu	linguistic	none	_	_	_	_	_	_
720-7	PSB005	720	hai	hai	linguistic	none	_	_	_	_	_	_
720-8	PSB005	720	viaggiato	viaggiato	linguistic	none	_	_	_	_	_	_
720-9	PSB005	720	{P}	{P}	shortpause	none	_	_	_	_	_	_
720-10	PSB005	720	in	in	linguistic	none	_	_	_	_	_	_
720-11	PSB005	720	europa?	europa	linguistic	none	Intonation=rising	End=1507.46	_	_	_	_
721-0	PSB064	721	no	no	linguistic	none	_	Begin=1508.41	_	_	_	_
721-1	PSB064	721	no	no	linguistic	none	_	_	_	_	_	_
721-2	PSB064	721	{P}	{P}	shortpause	none	_	_	_	_	_	_
721-3	PSB064	721	mai.	mai	linguistic	none	Intonation=falling	End=1509.65	_	_	_	_
722-0	PSB064	722	ma	ma	linguistic	none	_	Begin=1509.96	_	_	_	_
722-1	PSB064	722	voglio	voglio	linguistic	none	_	_	_	_	_	_
722-2	PSB064	722	andare	andare	linguistic	none	_	_	_	_	_	_
722-3	PSB064	722	a	a	linguistic	none	_	_	_	_	_	_
722-4	PSB064	722	$belgia:	belgia	linguistic	none	Orthography=Yes	_	5x1	_	_	_
722-5	PSB064	722	que[sta:]	questa	linguistic	none	_	End=1512.57	5x1	_	_	3-6(166)
723-0	PSB005	723	[mhmh]	mhmh	linguistic	none	_	Begin=1511.68|End=1512.1	_	_	_	0-4(166)
724-0	PSB063	724	[in	in	linguistic	none	_	Begin=1511.94	_	_	_	0-2(166)
724-1	PSB063	724	bel]gio?	belgio	linguistic	none	Intonation=rising	End=1512.61	_	_	_	0-3(166)
725-0	PSB064	725	sì.	sì	linguistic	none	Intonation=falling	Begin=1512.89|End=1513.34	_	_	_	_
726-0	PSB064	726	in	in	linguistic	none	_	Begin=1513.82	_	_	_	_
726-1	PSB064	726	novembre.	novembre	linguistic	none	Intonation=falling	End=1514.48	_	_	_	_
727-0	PSB005	727	ah	ah	linguistic	none	_	Begin=1515.47	_	_	_	_
727-1	PSB005	727	okay	okay	linguistic	none	_	_	_	_	_	_
727-2	PSB005	727	perché	perché	linguistic	none	_	_	_	_	_	_
727-3	PSB005	727	proprio	proprio	linguistic	none	_	_	_	_	_	_
727-4	PSB005	727	il	il	linguistic	none	_	_	_	_	_	_
727-5	PSB005	727	belgio?	belgio	linguistic	none	Intonation=rising	End=1517.05	_	_	_	_
728-0	PSB063	728	perché	perché	linguistic	none	_	Begin=1519.07	_	_	_	_
728-1	PSB063	728	si	si	linguistic	none	_	_	_	_	_	_
728-2	PSB063	728	parla	parla	linguistic	none	_	_	_	_	_	_
728-3	PSB063	728	francese.	francese	linguistic	none	Intonation=falling	End=1520.3	_	_	_	_
729-0	PSB064	729	NO	no	linguistic	none	Volume=high	Begin=1520.79	_	_	_	_
729-1	PSB064	729	no.	no	linguistic	none	Intonation=falling	End=1521.45	_	_	_	_
730-0	PSB064	730	posso	posso	linguistic	none	_	Begin=1522.6	_	_	_	_
730-1	PSB064	730	parlare	parlare	linguistic	none	_	_	_	_	_	_
730-2	PSB064	730	anche	anche	linguistic	none	_	_	_	_	_	_
730-3	PSB064	730	tedesco.	tedesco	linguistic	none	Intonation=falling	End=1524.22	_	_	_	_
731-0	PSB064	731	se	se	linguistic	none	_	Begin=1524.53	_	_	_	_
731-1	PSB064	731	sono	sono	linguistic	none	_	_	_	_	_	_
731-2	PSB064	731	in:	in	linguistic	none	_	_	1x1	_	_	_
731-3	PSB064	731	delle	delle	linguistic	none	_	_	_	_	_	_
731-4	PSB064	731	situazioni.	situazioni	linguistic	none	Intonation=falling	End=1526.9	_	_	_	_
732-0	PSB005	732	ah	ah	linguistic	none	_	Begin=1526.92|End=1527.1750000000002	_	_	_	_
733-0	PSB063	733	sì?	sì	linguistic	none	Intonation=rising	Begin=1527.1750000000002|End=1527.54	_	_	_	_
734-0	PSB005	734	tedesco	tedesco	linguistic	none	_	Begin=1529.2	_	_	_	_
734-1	PSB005	734	è	è	linguistic	none	_	_	_	_	_	_
734-2	PSB005	734	difficilino	difficilino	linguistic	none	_	_	_	_	_	_
734-3	PSB005	734	eh?	eh	linguistic	none	Intonation=rising	End=1530.83	_	_	_	_
735-0	PSB005	735	perché	perché	linguistic	none	_	Begin=1531.22	_	_	_	_
735-1	PSB005	735	vuoi	vuoi	linguistic	none	_	_	_	_	_	_
735-2	PSB005	735	proprio	proprio	linguistic	none	_	_	_	_	_	_
735-3	PSB005	735	il	il	linguistic	none	_	_	_	_	_	_
735-4	PSB005	735	belgio?	belgio	linguistic	none	Intonation=rising	End=1532.63	_	_	_	_
736-0	PSB064	736	voglio	voglio	linguistic	none	_	Begin=1533.42	_	_	_	_
736-1	PSB064	736	vederla	vederla	linguistic	none	_	_	_	_	_	_
736-2	PSB064	736	per	per	linguistic	none	_	_	_	_	_	_
736-3	PSB064	736	una	una	linguistic	none	_	_	_	_	_	_
736-4	PSB064	736	settimana	settimana	linguistic	none	_	_	_	_	_	_
736-5	PSB064	736	e	e	linguistic	none	_	_	_	_	_	_
736-6	PSB064	736	ritorno	ritorno	linguistic	none	_	_	_	_	_	_
736-7	PSB064	736	al	al	linguistic	none	_	_	_	_	_	_
736-8	PSB064	736	marocco.	marocco	linguistic	none	Intonation=falling	End=1536.23	_	_	_	_
737-0	PSB064	737	voglio	voglio	linguistic	none	_	Begin=1536.65	_	_	_	_
737-1	PSB064	737	{P}	{P}	shortpause	none	_	_	_	_	_	_
737-2	PSB064	737	visitare	visitare	linguistic	none	_	_	_	_	_	_
737-3	PSB064	737	mio	mio	linguistic	none	_	_	_	_	_	_
737-4	PSB064	737	{P}	{P}	shortpause	none	_	_	_	_	_	_
737-5	PSB064	737	zio.	zio	linguistic	none	Intonation=falling	End=1538.48	_	_	_	_
738-0	PSB005	738	ah	ah	linguistic	none	_	Begin=1538.77	_	_	_	_
738-1	PSB005	738	okay.	okay	linguistic	none	Intonation=falling	End=1539.48	_	_	_	_
739-0	PSB005	739	ah	ah	linguistic	none	_	Begin=1539.53	_	_	_	_
739-1	PSB005	739	ma	ma	linguistic	none	_	_	_	_	_	_
739-2	PSB005	739	{P}	{P}	shortpause	none	_	_	_	_	_	_
739-3	PSB005	739	qui	qui	linguistic	none	_	_	_	_	_	_
739-4	PSB005	739	hai	hai	linguistic	none	_	_	_	_	_	_
739-5	PSB005	739	altre	altre	linguistic	none	_	_	_	_	_	_
739-6	PSB005	739	{P}	{P}	shortpause	none	_	_	_	_	_	_
739-7	PSB005	739	persone	persone	linguistic	none	_	_	_	_	_	_
739-8	PSB005	739	{P}	{P}	shortpause	none	_	_	_	_	_	_
739-9	PSB005	739	della	della	linguistic	none	_	_	_	_	_	_
739-10	PSB005	739	tua	tua	linguistic	none	_	_	_	_	_	_
739-11	PSB005	739	famiglia	famiglia	linguistic	none	_	_	_	_	_	_
739-12	PSB005	739	a	a	linguistic	none	_	_	_	_	_	_
739-13	PSB005	739	bolo[gna]	bologna	linguistic	none	_	_	_	_	_	4-7(105)
739-14	PSB005	739	o	o	linguistic	none	_	_	_	_	_	_
739-15	PSB005	739	no?	no	linguistic	none	Intonation=rising	End=1543.45	_	_	_	_
740-0	PSB064	740	[sì].	sì	linguistic	none	Intonation=falling	Begin=1542.91|End=1543.26	_	_	_	0-2(105)
741-0	PSB064	741	in:	in	linguistic	none	_	Begin=1544.98	1x1	_	_	_
741-1	PSB064	741	bologna	bologna	linguistic	none	_	_	_	_	_	_
741-2	PSB064	741	no.	no	linguistic	none	Intonation=falling	End=1546.23	_	_	_	_
742-0	PSB005	742	okay	okay	linguistic	none	_	Begin=1546.48	_	_	_	_
742-1	PSB005	742	in:	in	linguistic	none	_	_	1x1	_	_	_
742-2	PSB005	742	in	in	linguistic	none	_	_	_	_	_	_
742-3	PSB005	742	europa	europa	linguistic	none	_	_	_	_	_	_
742-4	PSB005	742	sì?	sì	linguistic	none	Intonation=rising	End=1548.34	_	_	_	_
743-0	PSB064	743	in	in	linguistic	none	_	Begin=1548.69	_	_	_	_
743-1	PSB064	743	europa	europa	linguistic	none	_	_	_	_	_	_
743-2	PSB064	743	sì.	sì	linguistic	none	Intonation=falling	End=1549.64	_	_	_	_
744-0	PSB064	744	tanti.	tanti	linguistic	none	Intonation=falling	Begin=1549.86|End=1550.39	_	_	_	_
745-0	PSB005	745	c(io)è	cioè	linguistic	none	_	Begin=1552.36	_	_	1-3(0)	_
745-1	PSB005	745	tuo	tuo	linguistic	none	_	_	_	_	_	_
745-2	PSB005	745	zio	zio	linguistic	none	_	_	_	_	_	_
745-3	PSB005	745	a	a	linguistic	none	_	_	_	_	_	_
745-4	PSB005	745	bruxelles	bruxelles	linguistic	none	_	_	_	_	_	_
745-5	PSB005	745	poi?	poi	linguistic	none	Intonation=rising	End=1553.91	_	_	_	_
746-0	PSB064	746	altro	altro	linguistic	none	_	Begin=1554.81	_	_	_	_
746-1	PSB064	746	zio	zio	linguistic	none	_	_	_	_	_	_
746-2	PSB064	746	a	a	linguistic	none	_	_	_	_	_	_
746-3	PSB064	746	ba~	ba~	linguistic	none	Interrupted=Yes	_	_	_	_	_
746-4	PSB064	746	napoli.	napoli	linguistic	none	Intonation=falling	End=1556.56	_	_	_	_
747-0	PSB064	747	e:d	ed	linguistic	none	_	Begin=1557.86|End=1558.77	0x1	_	_	_
748-0	PSB064	748	quelli	quelli	linguistic	none	_	Begin=1559.67	_	_	_	_
748-1	PSB064	748	sono	sono	linguistic	none	_	_	_	_	_	_
748-2	PSB064	748	della	della	linguistic	none	_	_	_	_	_	_
748-3	PSB064	748	della	della	linguistic	none	_	_	_	_	_	_
748-4	PSB064	748	parte	parte	linguistic	none	_	_	_	_	_	_
748-5	PSB064	748	di:	di	linguistic	none	_	_	1x1	_	_	_
748-6	PSB064	748	della	della	linguistic	none	_	_	_	_	_	_
748-7	PSB064	748	mia	mia	linguistic	none	_	_	_	_	_	_
748-8	PSB064	748	mamma.	mamma	linguistic	none	Intonation=falling	End=1562.73	_	_	_	_
749-0	PSB005	749	mhmh	mhmh	linguistic	none	_	Begin=1563.06|End=1563.49	_	_	_	_
750-0	PSB064	750	è:	è	linguistic	none	_	Begin=1564.0	0x1	_	_	_
750-1	PSB064	750	del	del	linguistic	none	_	_	_	_	_	_
750-2	PSB064	750	mio	mio	linguistic	none	_	_	_	_	_	_
750-3	PSB064	750	padre:	padre	linguistic	none	_	End=1565.51	4x1	_	_	_
751-0	PSB064	751	c'	c'	linguistic	none	SpaceAfter=No	Begin=1565.82	_	_	_	_
751-1	PSB064	751	è	è	linguistic	none	_	_	_	_	_	_
751-2	PSB064	751	una	una	linguistic	none	_	_	_	_	_	_
751-3	PSB064	751	città	città	linguistic	none	_	_	_	_	_	_
751-4	PSB064	751	{P}	{P}	shortpause	none	_	_	_	_	_	_
751-5	PSB064	751	che	che	linguistic	none	_	_	_	_	_	_
751-6	PSB064	751	devono	devono	linguistic	none	_	_	_	_	_	_
751-7	PSB064	751	cambiarla	cambiarla	linguistic	none	_	_	_	_	_	_
751-8	PSB064	751	il	il	linguistic	none	_	_	_	_	_	_
751-9	PSB064	751	suo	suo	linguistic	none	_	_	_	_	_	_
751-10	PSB064	751	nome	nome	linguistic	none	_	_	_	_	_	_
751-11	PSB064	751	con	con	linguistic	none	_	_	_	_	_	_
751-12	PSB064	751	il	il	linguistic	none	_	_	_	_	_	_
751-13	PSB064	751	nostro	nostro	linguistic	none	_	_	_	_	_	_
751-14	PSB064	751	nome.	nome	linguistic	none	Intonation=falling	End=1569.86	_	_	_	_
752-0	PSB064	752	c'	c'	linguistic	none	SpaceAfter=No	Begin=1570.7	_	_	_	_
752-1	PSB064	752	è	è	linguistic	none	_	_	_	_	_	_
752-2	PSB064	752	come	come	linguistic	none	_	_	_	_	_	_
752-3	PSB064	752	cento:	cento	linguistic	none	_	_	4x1	_	_	_
752-4	PSB064	752	{P}	{P}	shortpause	none	_	_	_	_	_	_
752-5	PSB064	752	persone	persone	linguistic	none	_	_	_	_	_	_
752-6	PSB064	752	che	che	linguistic	none	_	_	_	_	_	_
752-7	PSB064	752	conosco	conosco	linguistic	none	_	_	_	_	_	_
752-8	PSB064	752	là,	là	linguistic	none	Intonation=weakly_rising	_	_	_	_	_
752-9	PSB064	752	che	che	linguistic	none	_	_	_	_	_	_
752-10	PSB064	752	hanno	hanno	linguistic	none	_	_	_	_	_	_
752-11	PSB064	752	l:~	l~	linguistic	none	Interrupted=Yes	End=1574.293	0x1	_	_	_
753-0	PSB064	753	stesso	stesso	linguistic	none	_	Begin=1575.636	_	_	_	_
753-1	PSB064	753	nome	nome	linguistic	none	_	_	_	_	_	_
753-2	PSB064	753	come	come	linguistic	none	_	_	_	_	_	_
753-3	PSB064	753	(mio).	mio	linguistic	none	Intonation=falling	End=1576.84	_	_	0-3(0)	_
754-0	PSB005	754	e	e	linguistic	none	_	Begin=1576.86	_	_	_	_
754-1	PSB005	754	qual	qual	linguistic	none	_	_	_	_	_	_
754-2	PSB005	754	[è]?	è	linguistic	none	Intonation=rising	End=1577.39	_	_	_	0-1(106)
755-0	PSB064	755	[cogno]me.	cognome	linguistic	none	Intonation=falling	Begin=1577.23|End=1577.79	_	_	_	0-5(106)
756-0	PSB005	756	qual	qual	linguistic	none	_	Begin=1578.19	_	_	_	_
756-1	PSB005	756	è	è	linguistic	none	_	_	_	_	_	_
756-2	PSB005	756	la	la	linguistic	none	_	_	_	_	_	_
756-3	PSB005	756	città?	città	linguistic	none	Intonation=rising	End=1579.1	_	_	_	_
757-0	PSB064	757	anzio.	anzio	linguistic	none	Intonation=falling	Begin=1580.62|End=1581.1	_	_	_	_
758-0	PSB064	758	dove:	dove	linguistic	none	_	Begin=1581.72|End=1582.66	3x1	_	_	_
759-0	PSB064	759	vicino	vicino	linguistic	none	_	Begin=1582.84	_	_	_	_
759-1	PSB064	759	[a~]	a~	linguistic	none	Interrupted=Yes	End=1583.26	_	_	_	0-2(107)
760-0	PSB063	760	[an]zio	anzio	linguistic	none	_	Begin=1583.15	_	_	_	0-2(107)
760-1	PSB063	760	vicino	vicino	linguistic	none	_	_	_	_	_	_
760-2	PSB063	760	a	a	linguistic	none	_	_	_	_	_	_
760-3	PSB063	760	[xxxx].	xxxx	linguistic	none	Intonation=falling	End=1584.69	_	_	_	0-4(108)
761-0	PSB064	761	[sì].	sì	linguistic	none	Intonation=falling	Begin=1584.3|End=1584.66	_	_	_	0-2(108)
762-0	PSB005	762	okay	okay	linguistic	none	_	Begin=1585.73	_	_	_	_
762-1	PSB005	762	quindi	quindi	linguistic	none	_	End=1586.65	_	_	_	_
763-0	PSB005	763	ci	ci	linguistic	none	_	Begin=1587.32	_	_	_	_
763-1	PSB005	763	sono	sono	linguistic	none	_	_	_	_	_	_
763-2	PSB005	763	talmente	talmente	linguistic	none	_	_	_	_	_	_
763-3	PSB005	763	tante	tante	linguistic	none	_	_	_	_	_	_
763-4	PSB005	763	persone	persone	linguistic	none	_	_	_	_	_	_
763-5	PSB005	763	della	della	linguistic	none	_	_	_	_	_	_
763-6	PSB005	763	tua	tua	linguistic	none	_	_	_	_	_	_
763-7	PSB005	763	fa[miglia	famiglia	linguistic	none	_	_	_	_	_	2-8(109)
763-8	PSB005	763	che	che	linguistic	none	_	_	_	_	_	0-3(109)
763-9	PSB005	763	devono]	devono	linguistic	none	_	End=1590.13	_	_	_	0-6(109)
764-0	PSB064	764	[TANte	tante	linguistic	none	Volume=high	Begin=1589.07	_	_	_	0-5(109)
764-1	PSB064	764	persone	persone	linguistic	none	_	_	_	_	_	0-7(109)
764-2	PSB064	764	della]	della	linguistic	none	_	_	_	_	_	0-5(109)
764-3	PSB064	764	della	della	linguistic	none	_	_	_	_	_	_
764-4	PSB064	764	dell~	dell~	linguistic	none	Interrupted=Yes	End=1591.55	_	_	_	_
765-0	PSB005	765	adesso	adesso	linguistic	none	_	Begin=1591.76	_	_	_	_
765-1	PSB005	765	ho	ho	linguistic	none	_	_	_	_	_	_
765-2	PSB005	765	ca[pito].	capito	linguistic	none	Intonation=falling	End=1592.71	_	_	_	2-6(110)
766-0	PSB064	766	[c'	c'	linguistic	none	SpaceAfter=No	Begin=1592.27	_	_	_	0-2(110)
766-1	PSB064	766	è	è	linguistic	none	_	_	_	_	_	0-1(110)
766-2	PSB064	766	come:]	come	linguistic	none	_	_	3x1	_	_	0-4(110)
766-3	PSB064	766	cento	cento	linguistic	none	_	_	_	_	_	_
766-4	PSB064	766	persone	persone	linguistic	none	_	_	_	_	_	_
766-5	PSB064	766	o	o	linguistic	none	_	_	_	_	_	_
766-6	PSB064	766	di	di	linguistic	none	_	_	_	_	_	_
766-7	PSB064	766	più	più	linguistic	none	_	_	_	_	_	_
766-8	PSB064	766	più	più	linguistic	none	_	_	_	_	_	_
766-9	PSB064	766	°più°	più	linguistic	none	Volume=low	End=1594.87	_	_	_	_
767-0	PSB064	767	credo	credo	linguistic	none	_	Begin=1595.26	_	_	_	_
767-1	PSB064	767	di	di	linguistic	none	_	_	_	_	_	_
767-2	PSB064	767	[più].	più	linguistic	none	Intonation=falling	End=1595.82	_	_	_	0-3(111)
768-0	PSB063	768	[del]la	della	linguistic	none	_	Begin=1595.69	_	_	_	0-3(111)
768-1	PSB063	768	tua	tua	linguistic	none	_	_	_	_	_	_
768-2	PSB063	768	famiglia?	famiglia	linguistic	none	Intonation=rising	End=1596.72	_	_	_	_
769-0	PSB064	769	della	della	linguistic	none	_	Begin=1596.73	_	_	_	_
769-1	PSB064	769	mia	mia	linguistic	none	_	End=1597.24	_	_	_	_
770-0	PSB064	770	che	che	linguistic	none	_	Begin=1597.42	_	_	_	_
770-1	PSB064	770	hanno	hanno	linguistic	none	_	_	_	_	_	_
770-2	PSB064	770	lo	lo	linguistic	none	_	_	_	_	_	_
770-3	PSB064	770	stesso	stesso	linguistic	none	_	_	_	_	_	_
770-4	PSB064	770	nome.	nome	linguistic	none	Intonation=falling	End=1598.55	_	_	_	_
771-0	PSB064	771	cognome	cognome	linguistic	none	_	Begin=1599.12|End=1599.65	_	_	_	_
772-0	PSB005	772	bellissimo	bellissimo	linguistic	none	_	Begin=1600.77	_	_	_	_
772-1	PSB005	772	{P}	{P}	shortpause	none	_	_	_	_	_	_
772-2	PSB005	772	bellissimo.	bellissimo	linguistic	none	Intonation=falling	End=1602.2	_	_	_	_
773-0	PSB005	773	e	e	linguistic	none	_	Begin=1602.3	_	_	_	_
773-1	PSB005	773	a	a	linguistic	none	_	_	_	_	_	_
773-2	PSB005	773	napoli	napoli	linguistic	none	_	_	_	_	_	_
773-3	PSB005	773	sei	sei	linguistic	none	_	_	_	_	_	_
773-4	PSB005	773	stato?	stato	linguistic	none	Intonation=rising	End=1603.46	_	_	_	_
774-0	PSB064	774	no	no	linguistic	none	_	Begin=1604.11	_	_	_	_
774-1	PSB064	774	mai.	mai	linguistic	none	Intonation=falling	End=1604.63	_	_	_	_
775-0	PSB005	775	beh	beh	linguistic	none	_	Begin=1605.31|End=1605.6	_	_	_	_
776-0	PSB005	776	puoi	puoi	linguistic	none	_	Begin=1605.93	_	_	_	_
776-1	PSB005	776	andarci	andarci	linguistic	none	_	_	_	_	_	_
776-2	PSB005	776	è	è	linguistic	none	_	_	_	_	_	_
776-3	PSB005	776	bel[la].	bella	linguistic	none	Intonation=falling	End=1607.07	_	_	_	3-5(112)
777-0	PSB064	777	[l'	l'	linguistic	none	SpaceAfter=No	Begin=1606.73	_	_	_	0-2(112)
777-1	PSB064	777	altro]	altro	linguistic	none	_	_	_	_	_	0-5(112)
777-2	PSB064	777	zio	zio	linguistic	none	_	_	_	_	_	_
777-3	PSB064	777	non	non	linguistic	none	_	_	_	_	_	_
777-4	PSB064	777	mi	mi	linguistic	none	_	_	_	_	_	_
777-5	PSB064	777	piace.	piace	linguistic	none	Intonation=falling	End=1607.78	_	_	_	_
778-0	PSB005	778	a:h	ah	linguistic	none	_	Begin=1608.22	0x1	_	_	_
778-1	PSB005	778	okay.	okay	linguistic	none	Intonation=falling	End=1608.94	_	_	_	_
779-0	PSB064	779	non	non	linguistic	none	_	Begin=1608.95	_	_	_	_
779-1	PSB064	779	mi	mi	linguistic	none	_	_	_	_	_	_
779-2	PSB064	779	piace,	piace	linguistic	none	Intonation=weakly_rising	End=1609.77	_	_	_	_
780-0	PSB064	780	io	io	linguistic	none	_	Begin=1610.13	_	_	_	_
780-1	PSB064	780	non	non	linguistic	none	_	_	_	_	_	_
780-2	PSB064	780	lo	lo	linguistic	none	_	_	_	_	_	_
780-3	PSB064	780	piaccio.	piaccio	linguistic	none	Intonation=falling	End=1611.12	_	_	_	_
781-0	PSB005	781	mhmh	mhmh	linguistic	none	_	Begin=1611.43	_	_	_	_
781-1	PSB005	781	okay.	okay	linguistic	none	Intonation=falling	End=1612.12	_	_	_	_
782-0	PSB005	782	non	non	linguistic	none	_	Begin=1612.31	_	_	_	_
782-1	PSB005	782	[siete	siete	linguistic	none	_	_	_	_	_	0-5(114)
782-2	PSB005	782	]{P}	{P}	shortpause	none	_	_	_	_	_	0-3(114)
782-3	PSB005	782	in	in	linguistic	none	_	_	_	_	_	_
782-4	PSB005	782	buoni	buoni	linguistic	none	_	_	_	_	_	_
782-5	PSB005	782	rapporti	rapporti	linguistic	none	_	_	_	_	_	_
782-6	PSB005	782	sì	sì	linguistic	none	_	_	_	_	_	_
782-7	PSB005	782	[sì]	sì	linguistic	none	_	End=1614.06	_	_	_	0-2(113)
783-0	PSB064	783	[capito]?	capito	linguistic	none	Intonation=rising	Begin=1612.543|End=1613.136	_	_	_	0-6(114)
784-0	PSB064	784	[no	no	linguistic	none	_	Begin=1613.83	_	_	_	0-2(113)
784-1	PSB064	784	no]	no	linguistic	none	_	_	_	_	_	0-2(113)
784-2	PSB064	784	io:	io	linguistic	none	_	_	1x1	_	_	_
784-3	PSB064	784	e	e	linguistic	none	_	_	_	_	_	_
784-4	PSB064	784	mio	mio	linguistic	none	_	_	_	_	_	_
784-5	PSB064	784	zio	zio	linguistic	none	_	_	_	_	_	_
784-6	PSB064	784	e	e	linguistic	none	_	_	_	_	_	_
784-7	PSB064	784	basta.	basta	linguistic	none	Intonation=falling	End=1616.08	_	_	_	_
785-0	PSB064	785	ma	ma	linguistic	none	_	Begin=1616.36|End=1616.97	_	_	_	_
786-0	PSB064	786	odia	odia	linguistic	none	_	Begin=1617.1	_	_	_	_
786-1	PSB064	786	me.	me	linguistic	none	Intonation=falling	End=1617.69	_	_	_	_
787-0	PSB005	787	[mh]	mh	linguistic	none	_	Begin=1618.27	_	_	_	0-2(115)
787-1	PSB005	787	okay.	okay	linguistic	none	Intonation=falling	End=1618.94	_	_	_	_
788-0	PSB063	788	[sì]?	sì	linguistic	none	Intonation=rising	Begin=1618.31|End=1618.68	_	_	_	0-2(115)
789-0	PSB064	789	non	non	linguistic	none	_	Begin=1618.99	_	_	_	_
789-1	PSB064	789	odia	odia	linguistic	none	_	_	_	_	_	_
789-2	PSB064	789	odia	odia	linguistic	none	_	_	_	_	_	_
789-3	PSB064	789	ma	ma	linguistic	none	_	_	_	_	_	_
789-4	PSB064	789	{P}	{P}	shortpause	none	_	_	_	_	_	_
789-5	PSB064	789	lui	lui	linguistic	none	_	_	_	_	_	_
789-6	PSB064	789	non	non	linguistic	none	_	_	_	_	_	_
789-7	PSB064	789	ha	ha	linguistic	none	_	_	_	_	_	_
789-8	PSB064	789	bisogno	bisogno	linguistic	none	_	_	_	_	_	_
789-9	PSB064	789	di	di	linguistic	none	_	_	_	_	_	_
789-10	PSB064	789	{P}	{P}	shortpause	none	_	_	_	_	_	_
789-11	PSB064	789	persone	persone	linguistic	none	_	_	_	_	_	_
789-12	PSB064	789	[a~	a~	linguistic	none	Interrupted=Yes	_	_	_	_	0-2(116)
789-13	PSB064	789	]{ride}	{ride}	nonverbalbehavior	none	_	End=1622.78	_	_	_	0-6(116)
790-0	PSB005	790	sì	sì	linguistic	none	_	Begin=1622.08	_	_	_	_
790-1	PSB005	790	sì.	sì	linguistic	none	Intonation=falling	End=1622.55	_	_	_	_
791-0	PSB005	791	non	non	linguistic	none	_	Begin=1622.92	_	_	_	_
791-1	PSB005	791	siete	siete	linguistic	none	_	_	_	_	_	_
791-2	PSB005	791	molto	molto	linguistic	none	_	_	_	_	_	_
791-3	PSB005	791	legati,	legati	linguistic	none	Intonation=weakly_rising	End=1624.272	_	_	_	_
792-0	PSB063	792	okay	okay	linguistic	none	_	Begin=1624.35|End=1624.78	_	_	_	_
793-0	PSB005	793	sì	sì	linguistic	none	_	Begin=1625.0	_	_	_	_
793-1	PSB005	793	non	non	linguistic	none	_	_	_	_	_	_
793-2	PSB005	793	siete	siete	linguistic	none	_	_	_	_	_	_
793-3	PSB005	793	[molto	molto	linguistic	none	_	_	_	_	_	0-5(117)
793-4	PSB005	793	amici]	amici	linguistic	none	_	_	_	_	_	0-5(117)
793-5	PSB005	793	sì	sì	linguistic	none	_	_	_	_	_	_
793-6	PSB005	793	mh	mh	linguistic	none	_	End=1626.97	_	_	_	_
794-0	PSB063	794	[ho	ho	linguistic	none	_	Begin=1625.735	_	_	_	0-2(117)
794-1	PSB063	794	capito]	capito	linguistic	none	_	End=1626.349	_	_	_	0-6(117)
795-0	PSB005	795	ehm:	ehm	linguistic	none	_	Begin=1627.94|End=1628.85	2x1	_	_	_
796-0	PSB064	796	è	è	linguistic	none	_	Begin=1631.11	_	_	_	_
796-1	PSB064	796	solo	solo	linguistic	none	_	_	_	_	_	_
796-2	PSB064	796	che	che	linguistic	none	_	_	_	_	_	_
796-3	PSB064	796	il	il	linguistic	none	_	_	_	_	_	_
796-4	PSB064	796	mio	mio	linguistic	none	_	_	_	_	_	_
796-5	PSB064	796	zio	zio	linguistic	none	_	_	_	_	_	_
796-6	PSB064	796	non	non	linguistic	none	_	_	_	_	_	_
796-7	PSB064	796	ha	ha	linguistic	none	_	_	_	_	_	_
796-8	PSB064	796	bisogno	bisogno	linguistic	none	_	_	_	_	_	_
796-9	PSB064	796	di	di	linguistic	none	_	_	_	_	_	_
796-10	PSB064	796	amici.	amici	linguistic	none	Intonation=falling	End=1633.51	_	_	_	_
797-0	PSB005	797	mhmh	mhmh	linguistic	none	_	Begin=1633.53|End=1633.77	_	_	_	_
798-0	PSB064	798	non	non	linguistic	none	_	Begin=1633.78	_	_	_	_
798-1	PSB064	798	è:	è	linguistic	none	_	_	0x1	_	_	_
798-2	PSB064	798	che	che	linguistic	none	_	_	_	_	_	_
798-3	PSB064	798	{P}	{P}	shortpause	none	_	_	_	_	_	_
798-4	PSB064	798	io	io	linguistic	none	_	_	_	_	_	_
798-5	PSB064	798	non	non	linguistic	none	_	_	_	_	_	_
798-6	PSB064	798	sono	sono	linguistic	none	_	_	_	_	_	_
798-7	PSB064	798	il	il	linguistic	none	_	_	_	_	_	_
798-8	PSB064	798	suo	suo	linguistic	none	_	_	_	_	_	_
798-9	PSB064	798	amico.	amico	linguistic	none	Intonation=falling	End=1636.3	_	_	_	_
799-0	PSB005	799	mhmh	mhmh	linguistic	none	_	Begin=1636.4|End=1636.729	_	_	_	_
800-0	PSB064	800	non	non	linguistic	none	_	Begin=1636.74	_	_	_	_
800-1	PSB064	800	ha	ha	linguistic	none	_	_	_	_	_	_
800-2	PSB064	800	bisogno	bisogno	linguistic	none	_	_	_	_	_	_
800-3	PSB064	800	de~	de~	linguistic	none	Interrupted=Yes	End=1637.58	_	_	_	_
801-0	PSB005	801	sì	sì	linguistic	none	_	Begin=1639.02	_	_	_	_
801-1	PSB005	801	[sì]	sì	linguistic	none	_	End=1639.48	_	_	_	0-2(118)
802-0	PSB064	802	[(vai	vai	linguistic	none	_	Begin=1639.02	_	_	0-3(0)	0-3(118)
802-1	PSB064	802	là)]	là	linguistic	none	_	End=1639.48	_	_	0-2(0)	0-2(118)
803-0	PSB005	803	sì	sì	linguistic	none	_	Begin=1640.39	_	_	_	_
803-1	PSB005	803	sì	sì	linguistic	none	_	End=1640.74	_	_	_	_
804-0	PSB005	804	ho	ho	linguistic	none	_	Begin=1641.13	_	_	_	_
804-1	PSB005	804	capito	capito	linguistic	none	_	_	_	_	_	_
804-2	PSB005	804	e,	e	linguistic	none	Intonation=weakly_rising	End=1641.99	_	_	_	_
805-0	PSB005	805	ma	ma	linguistic	none	_	Begin=1642.92	_	_	_	_
805-1	PSB005	805	m:::h	mh	linguistic	none	_	_	0x3	_	_	_
805-2	PSB005	805	cosa	cosa	linguistic	none	_	_	_	_	_	_
805-3	PSB005	805	ti	ti	linguistic	none	_	_	_	_	_	_
805-4	PSB005	805	volevo	volevo	linguistic	none	_	_	_	_	_	_
805-5	PSB005	805	chiedere?	chiedere	linguistic	none	Intonation=rising	_	_	_	_	_
805-6	PSB005	805	sì.	sì	linguistic	none	Intonation=falling	End=1646.78	_	_	_	_
806-0	PSB005	806	le:	le	linguistic	none	_	Begin=1647.08	1x1	_	_	_
806-1	PSB005	806	le	le	linguistic	none	_	_	_	_	_	_
806-2	PSB005	806	festività	festività	linguistic	none	_	_	_	_	_	_
806-3	PSB005	806	tipo	tipo	linguistic	none	_	_	_	_	_	_
806-4	PSB005	806	religiose	religiose	linguistic	none	_	_	_	_	_	_
806-5	PSB005	806	del~	del~	linguistic	none	Interrupted=Yes	_	_	_	_	_
806-6	PSB005	806	dei	dei	linguistic	none	_	_	_	_	_	_
806-7	PSB005	806	musulmani,	musulmani	linguistic	none	Intonation=weakly_rising	_	_	_	_	_
806-8	PSB005	806	mh:	mh	linguistic	none	_	End=1651.63	1x1	_	_	_
807-0	PSB005	807	il	il	linguistic	none	_	Begin=1652.03	_	_	_	_
807-1	PSB005	807	ramadan	ramadan	linguistic	none	_	_	_	_	_	_
807-2	PSB005	807	così	così	linguistic	none	_	_	_	_	_	_
807-3	PSB005	807	tu	tu	linguistic	none	_	_	_	_	_	_
807-4	PSB005	807	li	li	linguistic	none	_	_	_	_	_	_
807-5	PSB005	807	ris~	ris~	linguistic	none	Interrupted=Yes	_	_	_	_	_
807-6	PSB005	807	{P}	{P}	shortpause	none	_	_	_	_	_	_
807-7	PSB005	807	sei	sei	linguistic	none	_	_	_	_	_	_
807-8	PSB005	807	religioso	religioso	linguistic	none	_	_	_	_	_	_
807-9	PSB005	807	sei	sei	linguistic	none	_	_	_	_	_	_
807-10	PSB005	807	credente	credente	linguistic	none	_	_	_	_	_	_
807-11	PSB005	807	o:	o	linguistic	none	_	_	0x1	_	_	_
807-12	PSB005	807	no?	no	linguistic	none	Intonation=rising	End=1655.67	_	_	_	_
808-0	PSB005	808	o	o	linguistic	none	_	Begin=1655.76	_	_	_	_
808-1	PSB005	808	non	non	linguistic	none	_	_	_	_	_	_
808-2	PSB005	808	le	le	linguistic	none	_	_	_	_	_	_
808-3	PSB005	808	festeggi?	festeggi	linguistic	none	Intonation=rising	End=1656.93	_	_	_	_
809-0	PSB064	809	fa~	fa~	linguistic	none	Interrupted=Yes	Begin=1657.05	_	_	_	_
809-1	PSB064	809	festeggio	festeggio	linguistic	none	_	_	_	_	_	_
809-2	PSB064	809	ma	ma	linguistic	none	_	_	_	_	_	_
809-3	PSB064	809	non	non	linguistic	none	_	_	_	_	_	_
809-4	PSB064	809	sono	sono	linguistic	none	_	_	_	_	_	_
809-5	PSB064	809	un	un	linguistic	none	_	_	_	_	_	_
809-6	PSB064	809	{P}	{P}	shortpause	none	_	_	_	_	_	_
809-7	PSB064	809	credente.	credente	linguistic	none	Intonation=falling	End=1659.44	_	_	_	_
810-0	PSB005	810	okay	okay	linguistic	none	_	Begin=1659.56	_	_	_	_
810-1	PSB005	810	però	però	linguistic	none	_	_	_	_	_	_
810-2	PSB005	810	festeggi.	festeggi	linguistic	none	Intonation=falling	End=1660.58	_	_	_	_
811-0	PSB064	811	sì	sì	linguistic	none	_	Begin=1660.78	_	_	_	_
811-1	PSB064	811	festeggio	festeggio	linguistic	none	_	_	_	_	_	_
811-2	PSB064	811	sono	sono	linguistic	none	_	_	_	_	_	_
811-3	PSB064	811	(buono).	buono	linguistic	none	Intonation=falling	End=1662.19	_	_	0-5(0)	_
812-0	PSB005	812	che	che	linguistic	none	_	Begin=1662.55	_	_	_	_
812-1	PSB005	812	cosa:	cosa	linguistic	none	_	_	3x1	_	_	_
812-2	PSB005	812	cosa	cosa	linguistic	none	_	_	_	_	_	_
812-3	PSB005	812	avete	avete	linguistic	none	_	_	_	_	_	_
812-4	PSB005	812	fatto?	fatto	linguistic	none	Intonation=rising	End=1664.26	_	_	_	_
813-0	PSB005	813	per	per	linguistic	none	_	Begin=1664.28	_	_	_	_
813-1	PSB005	813	esempio	esempio	linguistic	none	_	_	_	_	_	_
813-2	PSB005	813	non	non	linguistic	none	_	_	_	_	_	_
813-3	PSB005	813	c'	c'	linguistic	none	SpaceAfter=No	_	_	_	_	_
813-4	PSB005	813	è	è	linguistic	none	_	_	_	_	_	_
813-5	PSB005	813	stata	stata	linguistic	none	_	_	_	_	_	_
813-6	PSB005	813	una	una	linguistic	none	_	_	_	_	_	_
813-7	PSB005	813	festa	festa	linguistic	none	_	_	_	_	_	_
813-8	PSB005	813	due	due	linguistic	none	_	_	_	_	_	_
813-9	PSB005	813	settimane	settimane	linguistic	none	_	_	_	_	_	_
813-10	PSB005	813	fa?	fa	linguistic	none	Intonation=rising	End=1666.29	_	_	_	_
814-0	PSB064	814	sì	sì	linguistic	some	_	Begin=1666.38	_	_	_	_
814-1	PSB064	814	è	è	linguistic	some	_	_	_	_	_	_
814-2	PSB064	814	l'	l'	linguistic	some	SpaceAfter=No	_	_	_	_	_
814-3	PSB064	814	#eid	eid	linguistic	some	Language=NO_ISO_CODE	End=1667.09	_	_	_	_
816-0	PSB005	816	mh	mh	linguistic	none	_	Begin=1667.24|End=1667.44	_	_	_	_
817-0	PSB064	817	non	non	linguistic	none	_	Begin=1667.46	_	_	_	_
817-1	PSB064	817	l'	l'	linguistic	none	SpaceAfter=No	_	_	_	_	_
817-2	PSB064	817	ho	ho	linguistic	none	_	_	_	_	_	_
817-3	PSB064	817	fatta	fatta	linguistic	none	_	_	_	_	_	_
817-4	PSB064	817	questo	questo	linguistic	none	_	_	_	_	_	_
817-5	PSB064	817	anno	anno	linguistic	none	_	_	_	_	_	_
817-6	PSB064	817	ma	ma	linguistic	none	_	_	_	_	_	_
817-7	PSB064	817	l'	l'	linguistic	none	SpaceAfter=No	_	_	_	_	_
817-8	PSB064	817	ho	ho	linguistic	none	_	_	_	_	_	_
817-9	PSB064	817	fatta	fatta	linguistic	none	_	_	_	_	_	_
817-10	PSB064	817	l'	l'	linguistic	none	SpaceAfter=No	_	_	_	_	_
817-11	PSB064	817	altro	altro	linguistic	none	_	_	_	_	_	_
817-12	PSB064	817	anno.	anno	linguistic	none	Intonation=falling	End=1669.99	_	_	_	_
818-0	PSB005	818	ah	ah	linguistic	none	_	Begin=1670.04	_	_	_	_
818-1	PSB005	818	e	e	linguistic	none	_	_	_	_	_	_
818-2	PSB005	818	che	che	linguistic	none	_	_	_	_	_	_
818-3	PSB005	818	cosa	cosa	linguistic	none	_	_	_	_	_	_
818-4	PSB005	818	si	si	linguistic	none	_	_	_	_	_	_
818-5	PSB005	818	[fa]?	fa	linguistic	none	Intonation=rising	End=1671.2	_	_	_	0-2(119)
819-0	PSB064	819	[l'	l'	linguistic	none	SpaceAfter=No	Begin=1670.89	_	_	_	0-2(119)
819-1	PSB064	819	anno]	anno	linguistic	none	_	_	_	_	_	0-4(119)
819-2	PSB064	819	scorso:	scorso	linguistic	none	_	End=1671.88	5x1	_	_	_
820-0	PSB064	820	vestiamo	vestiamo	linguistic	none	_	Begin=1672.99	_	_	_	_
820-1	PSB064	820	{P}	{P}	shortpause	none	_	_	_	_	_	_
820-2	PSB064	820	$delli	delli	linguistic	none	Orthography=Yes	_	_	_	_	_
820-3	PSB064	820	{P}	{P}	shortpause	none	_	_	_	_	_	_
820-4	PSB064	820	vestiti	vestiti	linguistic	none	_	_	_	_	_	_
820-5	PSB064	820	e:hm	ehm	linguistic	none	_	End=1675.44	0x1	_	_	_
821-0	PSB064	821	e:hm	ehm	linguistic	none	_	Begin=1677.78|End=1678.88	0x1	_	_	_
822-0	PSB064	822	tradizionale	tradizionale	linguistic	none	_	Begin=1679.01	_	_	_	_
822-1	PSB064	822	e:	e	linguistic	none	_	End=1680.33	0x1	_	_	_
823-0	PSB064	823	andiamo	andiamo	linguistic	none	_	Begin=1681.34	_	_	_	_
823-1	PSB064	823	a:	a	linguistic	none	_	End=1682.36	0x1	_	_	_
824-0	PSB063	824	ammazzare	ammazzare	linguistic	none	_	Begin=1683.88	_	_	_	_
824-1	PSB063	824	gli	gli	linguistic	none	_	_	_	_	_	_
824-2	PSB063	824	agnelli?	agnelli	linguistic	none	Intonation=rising	End=1685.37	_	_	_	_
825-0	PSB064	825	sì	sì	linguistic	none	_	Begin=1685.62|End=1686.06	_	_	_	_
826-0	PSB064	826	la	la	linguistic	none	_	Begin=1686.37	_	_	_	_
826-1	PSB064	826	capra.	capra	linguistic	none	Intonation=falling	End=1686.95	_	_	_	_
827-0	PSB063	827	[la	la	linguistic	none	_	Begin=1686.96	_	_	_	0-2(120)
827-1	PSB063	827	ca]pra.	capra	linguistic	none	Intonation=falling	End=1687.6	_	_	_	0-2(120)
828-0	PSB005	828	[mhmh]	mhmh	linguistic	none	_	Begin=1686.97|End=1687.37	_	_	_	0-4(120)
829-0	PSB064	829	e:hm	ehm	linguistic	none	_	Begin=1689.0|End=1689.85	0x1	_	_	_
830-0	PSB064	830	è	è	linguistic	none	_	Begin=1690.25	_	_	_	_
830-1	PSB064	830	questo	questo	linguistic	none	_	_	_	_	_	_
830-2	PSB064	830	{P}	{P}	shortpause	none	_	_	_	_	_	_
830-3	PSB064	830	cosa	cosa	linguistic	none	_	_	_	_	_	_
830-4	PSB064	830	facciamo.	facciamo	linguistic	none	Intonation=falling	End=1691.77	_	_	_	_
831-0	PSB005	831	mhmh	mhmh	linguistic	none	_	Begin=1692.53|End=1692.94	_	_	_	_
832-0	PSB064	832	anche:	anche	linguistic	none	_	Begin=1693.02|End=1693.98	4x1	_	_	_
833-0	PSB064	833	e:hm	ehm	linguistic	none	_	Begin=1695.46	0x1	_	_	_
833-1	PSB064	833	cosa	cosa	linguistic	none	_	_	_	_	_	_
833-2	PSB064	833	facciamo	facciamo	linguistic	none	_	_	_	_	_	_
833-3	PSB064	833	facciamo	facciamo	linguistic	none	_	_	_	_	_	_
833-4	PSB064	833	le	le	linguistic	none	_	_	_	_	_	_
833-5	PSB064	833	la	la	linguistic	none	_	_	_	_	_	_
833-6	PSB064	833	grigliata,	grigliata	linguistic	none	Intonation=weakly_rising	End=1698.81	_	_	_	_
834-0	PSB064	834	e	e	linguistic	none	_	Begin=1698.93	_	_	_	_
834-1	PSB064	834	questo	questo	linguistic	none	_	_	_	_	_	_
834-2	PSB064	834	è	è	linguistic	none	_	_	_	_	_	_
834-3	PSB064	834	i	i	linguistic	none	_	_	_	_	_	_
834-4	PSB064	834	vestiti	vestiti	linguistic	none	_	_	_	_	_	_
834-5	PSB064	834	di:	di	linguistic	none	_	End=1700.443	1x1	_	_	_
835-0	PSB005	835	vediamo.	vediamo	linguistic	none	Intonation=falling	Begin=1700.46|End=1701.15	_	_	_	_
836-0	PSB005	836	bellis[simo:]	bellissimo	linguistic	none	_	Begin=1701.3|End=1702.39	9x1	_	_	6-10(121)
837-0	PSB064	837	[l'	l'	linguistic	none	SpaceAfter=No	Begin=1701.85	_	_	_	0-2(121)
837-1	PSB064	837	anno	anno	linguistic	none	_	_	_	_	_	0-4(121)
837-2	PSB064	837	scor]so.	scorso	linguistic	none	Intonation=falling	End=1702.7	_	_	_	0-4(121)
838-0	PSB005	838	ma	ma	linguistic	none	_	Begin=1703.18	_	_	_	_
838-1	PSB005	838	l'	l'	linguistic	none	SpaceAfter=No	_	_	_	_	_
838-2	PSB005	838	anno	anno	linguistic	none	_	_	_	_	_	_
838-3	PSB005	838	scorso	scorso	linguistic	none	_	_	_	_	_	_
838-4	PSB005	838	però	però	linguistic	none	_	_	_	_	_	_
838-5	PSB005	838	eri	eri	linguistic	none	_	_	_	_	_	_
838-6	PSB005	838	in	in	linguistic	none	_	_	_	_	_	_
838-7	PSB005	838	marocco.	marocco	linguistic	none	Intonation=falling	End=1704.79	_	_	_	_
839-0	PSB005	839	o	o	linguistic	none	_	Begin=1705.45	_	_	_	_
839-1	PSB005	839	[eri	eri	linguistic	none	_	_	_	_	_	0-3(122)
839-2	PSB005	839	qua?	qua	linguistic	none	Intonation=rising	_	_	_	_	0-3(122)
839-3	PSB005	839	eri	eri	linguistic	none	_	_	_	_	_	0-3(122)
839-4	PSB005	839	in	in	linguistic	none	_	_	_	_	_	0-2(122)
839-5	PSB005	839	italia]?	italia	linguistic	none	Intonation=rising	_	_	_	_	0-6(122)
839-6	PSB005	839	okay	okay	linguistic	none	_	_	_	_	_	_
839-7	PSB005	839	okay.	okay	linguistic	none	Intonation=falling	End=1707.49	_	_	_	_
840-0	PSB064	840	[in	in	linguistic	none	_	Begin=1705.49	_	_	_	0-2(122)
840-1	PSB064	840	italia	italia	linguistic	none	_	_	_	_	_	0-6(122)
840-2	PSB064	840	{P}	{P}	shortpause	none	_	_	_	_	_	0-3(122)
840-3	PSB064	840	ero	ero	linguistic	none	_	_	_	_	_	0-3(122)
840-4	PSB064	840	qua].	qua	linguistic	none	Intonation=falling	End=1706.7	_	_	_	0-3(122)
841-0	PSB064	841	l'	l'	linguistic	none	SpaceAfter=No	Begin=1708.38	_	_	_	_
841-1	PSB064	841	hai	hai	linguistic	none	_	_	_	_	_	_
841-2	PSB064	841	già	già	linguistic	none	_	_	_	_	_	_
841-3	PSB064	841	vista.	vista	linguistic	none	Intonation=falling	End=1709.01	_	_	_	_
842-0	PSB063	842	sì	sì	linguistic	none	_	Begin=1709.01	_	_	_	_
842-1	PSB063	842	l'	l'	linguistic	none	SpaceAfter=No	_	_	_	_	_
842-2	PSB063	842	avevo	avevo	linguistic	none	_	_	_	_	_	_
842-3	PSB063	842	vista	vista	linguistic	none	_	_	_	_	_	_
842-4	PSB063	842	questa.	questa	linguistic	none	Intonation=falling	End=1710.12	_	_	_	_
843-0	PSB005	843	sì	sì	linguistic	none	_	Begin=1710.13	_	_	_	_
843-1	PSB005	843	sì.	sì	linguistic	none	Intonation=falling	End=1710.53	_	_	_	_
844-0	PSB005	844	e:	e	linguistic	none	_	Begin=1711.07	0x1	_	_	_
844-1	PSB005	844	e	e	linguistic	none	_	_	_	_	_	_
844-2	PSB005	844	la	la	linguistic	none	_	_	_	_	_	_
844-3	PSB005	844	festa	festa	linguistic	none	_	_	_	_	_	_
844-4	PSB005	844	di	di	linguistic	none	_	_	_	_	_	_
844-5	PSB005	844	fine	fine	linguistic	none	_	_	_	_	_	_
844-6	PSB005	844	ramadan	ramadan	linguistic	none	_	_	_	_	_	_
844-7	PSB005	844	ce~	ce~	linguistic	none	Interrupted=Yes	_	_	_	_	_
844-8	PSB005	844	hai	hai	linguistic	none	_	_	_	_	_	_
844-9	PSB005	844	fatto	fatto	linguistic	none	_	_	_	_	_	_
844-10	PSB005	844	qualche	qualche	linguistic	none	_	_	_	_	_	_
844-11	PSB005	844	cosa	cosa	linguistic	none	_	_	_	_	_	_
844-12	PSB005	844	{P}	{P}	shortpause	none	_	_	_	_	_	_
844-13	PSB005	844	quest'	quest'	linguistic	none	SpaceAfter=No	_	_	_	_	_
844-14	PSB005	844	anno?	anno	linguistic	none	Intonation=rising	End=1714.89	_	_	_	_
845-0	PSB064	845	nella	nella	linguistic	none	_	Begin=1715.72	_	_	_	_
845-1	PSB064	845	festa	festa	linguistic	none	_	_	_	_	_	_
845-2	PSB064	845	di	di	linguistic	none	_	_	_	_	_	_
845-3	PSB064	845	ramadan	ramadan	linguistic	none	_	_	_	_	_	_
845-4	PSB064	845	non	non	linguistic	none	_	_	_	_	_	_
845-5	PSB064	845	ho	ho	linguistic	none	_	_	_	_	_	_
845-6	PSB064	845	fatto	fatto	linguistic	none	_	_	_	_	_	_
845-7	PSB064	845	niente.	niente	linguistic	none	Intonation=falling	End=1718.06	_	_	_	_
846-0	PSB064	846	ma	ma	linguistic	none	_	Begin=1718.57	_	_	_	_
846-1	PSB064	846	ho	ho	linguistic	none	_	_	_	_	_	_
846-2	PSB064	846	fatto	fatto	linguistic	none	_	_	_	_	_	_
846-3	PSB064	846	ramadan	ramadan	linguistic	none	_	_	_	_	_	_
846-4	PSB064	846	e	e	linguistic	none	_	_	_	_	_	_
846-5	PSB064	846	basta.	basta	linguistic	none	Intonation=falling	End=1720.01	_	_	_	_
847-0	PSB005	847	ah	ah	linguistic	none	_	Begin=1720.24	_	_	_	_
847-1	PSB005	847	però,	però	linguistic	none	Intonation=weakly_rising	End=1720.895	_	_	_	_
848-0	PSB064	848	ero	ero	linguistic	none	_	Begin=1720.895	_	_	_	_
848-1	PSB064	848	in:	in	linguistic	none	_	_	1x1	_	_	_
848-2	PSB064	848	anche	anche	linguistic	none	_	_	_	_	_	_
848-3	PSB064	848	nelle	nelle	linguistic	none	_	End=1723.03	_	_	_	_
849-0	PSB064	849	nella	nella	linguistic	none	_	Begin=1723.4	_	_	_	_
849-1	PSB064	849	preghiera:	preghiera	linguistic	none	_	End=1725.16	8x1	_	_	_
850-0	PSB005	850	[generale].	generale	linguistic	none	Intonation=falling	Begin=1728.15|End=1728.99	_	_	_	0-8(123)
851-0	PSB064	851	[con	con	linguistic	none	_	Begin=1728.16	_	_	_	0-3(123)
851-1	PSB064	851	gli	gli	linguistic	none	_	_	_	_	_	0-3(123)
851-2	PSB064	851	altri]	altri	linguistic	none	_	End=1728.96	_	_	_	0-5(123)
852-0	PSB064	852	[con	con	linguistic	none	_	Begin=1729.01	_	_	_	0-3(?)
852-1	PSB064	852	altri	altri	linguistic	none	_	_	_	_	_	0-5(?)
852-2	PSB064	852	ra~]	ra~	linguistic	none	Interrupted=Yes	End=1729.71	_	_	_	0-3(?)
853-0	PSB005	853	[sì]	sì	linguistic	none	_	Begin=1729.05|End=1729.31	_	_	_	0-2(124)
854-0	PSB063	854	[perso]ne?	persone	linguistic	none	Intonation=rising	Begin=1729.52|End=1730.04	_	_	_	0-5(125)
855-0	PSB064	855	con	con	linguistic	none	_	Begin=1730.32	_	_	_	_
855-1	PSB064	855	altre	altre	linguistic	none	_	_	_	_	_	_
855-2	PSB064	855	per[so~	perso~	linguistic	none	Interrupted=Yes	_	_	_	_	3-6(126)
855-3	PSB064	855	per]sone.	persone	linguistic	none	Intonation=falling	End=1731.73	_	_	_	0-3(126)
856-0	PSB005	856	[sì	sì	linguistic	none	_	Begin=1730.91	_	_	_	0-2(126)
856-1	PSB005	856	sì]	sì	linguistic	none	_	End=1731.42	_	_	_	0-2(126)
857-0	PSB064	857	come	come	linguistic	none	_	Begin=1731.77	_	_	_	_
857-1	PSB064	857	si	si	linguistic	none	_	_	_	_	_	_
857-2	PSB064	857	chiama?	chiama	linguistic	none	Intonation=rising	End=1732.51	_	_	_	_
858-0	PSB064	858	c'	c'	linguistic	none	SpaceAfter=No	Begin=1732.94	_	_	_	_
858-1	PSB064	858	è	è	linguistic	none	_	_	_	_	_	_
858-2	PSB064	858	sport	sport	linguistic	none	_	_	_	_	_	_
858-3	PSB064	858	di:	di	linguistic	none	_	_	1x1	_	_	_
858-4	PSB064	858	{P}	{P}	shortpause	none	_	_	_	_	_	_
858-5	PSB064	858	collettiva.	collettiva	linguistic	none	Intonation=falling	End=1734.77	_	_	_	_
859-0	PSB005	859	[sì	sì	linguistic	none	_	Begin=1734.87	_	_	_	0-2(127)
859-1	PSB005	859	sì].	sì	linguistic	none	Intonation=falling	End=1735.42	_	_	_	0-2(127)
860-0	PSB063	860	[mhmh]	mhmh	linguistic	none	_	Begin=1734.87|End=1735.42	_	_	_	0-4(127)
861-0	PSB005	861	preghiera	preghiera	linguistic	none	_	Begin=1736.04	_	_	_	_
861-1	PSB005	861	collettiva?	collettiva	linguistic	none	Intonation=rising	End=1737.02	_	_	_	_
862-0	PSB064	862	pre[ghie~]	preghie~	linguistic	none	Interrupted=Yes	Begin=1737.2|End=1737.57	_	_	_	3-8(128)
863-0	PSB005	863	[che]	che	linguistic	none	_	Begin=1737.3	_	_	_	0-3(128)
863-1	PSB005	863	eravate	eravate	linguistic	none	_	_	_	_	_	_
863-2	PSB005	863	all'	all'	linguistic	none	SpaceAfter=No	_	_	_	_	_
863-3	PSB005	863	estragon.	estragon	linguistic	none	Intonation=falling	End=1738.55	_	_	_	_
864-0	PSB064	864	co[me]?	come	linguistic	none	Intonation=rising	Begin=1739.34|End=1739.68	_	_	_	2-4(129)
865-0	PSB005	865	[do]ve	dove	linguistic	none	_	Begin=1739.55	_	_	_	0-2(?)
865-1	PSB005	865	l'	l'	linguistic	none	SpaceAfter=No	_	_	_	_	_
865-2	PSB005	865	avete	avete	linguistic	none	_	_	_	_	_	_
865-3	PSB005	865	fatta	fatta	linguistic	none	_	_	_	_	_	_
865-4	PSB005	865	la~	la~	linguistic	none	Interrupted=Yes	_	_	_	_	_
865-5	PSB005	865	la	la	linguistic	none	_	_	_	_	_	_
865-6	PSB005	865	preghiera	preghiera	linguistic	none	_	_	_	_	_	_
865-7	PSB005	865	quest'	quest'	linguistic	none	SpaceAfter=No	_	_	_	_	_
865-8	PSB005	865	anno?	anno	linguistic	none	Intonation=rising	End=1741.61	_	_	_	_
866-0	PSB064	866	[ne]l:~	nel~	linguistic	none	Interrupted=Yes	Begin=1741.32	2x1	_	_	0-2(130)
866-1	PSB064	866	nella	nella	linguistic	none	_	_	_	_	_	_
866-2	PSB064	866	moschea.	moschea	linguistic	none	Intonation=falling	End=1742.81	_	_	_	_
867-0	PSB064	867	c'	c'	linguistic	none	SpaceAfter=No	Begin=1743.22	_	_	_	_
867-1	PSB064	867	è	è	linguistic	none	_	_	_	_	_	_
867-2	PSB064	867	delle	delle	linguistic	none	_	_	_	_	_	_
867-3	PSB064	867	moschee	moschee	linguistic	none	_	_	_	_	_	_
867-4	PSB064	867	[qua].	qua	linguistic	none	Intonation=falling	End=1744.33	_	_	_	0-3(131)
868-0	PSB005	868	[ah]	ah	linguistic	none	_	Begin=1744.05	_	_	_	0-2(131)
868-1	PSB005	868	{P}	{P}	shortpause	none	_	_	_	_	_	_
868-2	PSB005	868	nella	nella	linguistic	none	_	_	_	_	_	_
868-3	PSB005	868	moschea	moschea	linguistic	none	_	_	_	_	_	_
868-4	PSB005	868	avete	avete	linguistic	none	_	_	_	_	_	_
868-5	PSB005	868	fat[to].	fatto	linguistic	none	Intonation=falling	End=1745.54	_	_	_	3-5(132)
869-0	PSB064	869	[nel]la	nella	linguistic	none	_	Begin=1745.3	_	_	_	0-3(?)
869-1	PSB064	869	mos~	mos~	linguistic	none	Interrupted=Yes	End=1745.85	_	_	_	_
870-0	PSB005	870	ah	ah	linguistic	none	_	Begin=1745.57	_	_	_	_
870-1	PSB005	870	okay	okay	linguistic	none	_	_	_	_	_	_
870-2	PSB005	870	niente	niente	linguistic	none	_	_	_	_	_	_
870-3	PSB005	870	un	un	linguistic	none	_	_	_	_	_	_
870-4	PSB005	870	ragazzo	ragazzo	linguistic	none	_	_	_	_	_	_
870-5	PSB005	870	mi	mi	linguistic	none	_	_	_	_	_	_
870-6	PSB005	870	ha	ha	linguistic	none	_	_	_	_	_	_
870-7	PSB005	870	raccontato	raccontato	linguistic	none	_	_	_	_	_	_
870-8	PSB005	870	un'	un'	linguistic	none	SpaceAfter=No	_	_	_	_	_
870-9	PSB005	870	altra	altra	linguistic	none	_	_	_	_	_	_
870-10	PSB005	870	cosa.	cosa	linguistic	none	Intonation=falling	_	_	_	_	_
870-11	PSB005	870	va	va	linguistic	none	_	_	_	_	_	_
870-12	PSB005	870	bene.	bene	linguistic	none	Intonation=falling	End=1748.11	_	_	_	_
871-0	PSB064	871	eh	eh	linguistic	none	_	Begin=1748.12	_	_	_	_
871-1	PSB064	871	perché	perché	linguistic	none	_	_	_	_	_	_
871-2	PSB064	871	n~	n~	linguistic	none	Interrupted=Yes	_	_	_	_	_
871-3	PSB064	871	{P}	{P}	shortpause	none	_	_	_	_	_	_
871-4	PSB064	871	ti	ti	linguistic	none	_	_	_	_	_	_
871-5	PSB064	871	ha	ha	linguistic	none	_	_	_	_	_	_
871-6	PSB064	871	raccontato	raccontato	linguistic	none	_	_	_	_	_	_
871-7	PSB064	871	l~	l~	linguistic	none	Interrupted=Yes	_	_	_	_	_
871-8	PSB064	871	la	la	linguistic	none	_	_	_	_	_	_
871-9	PSB064	871	festa,	festa	linguistic	none	Intonation=weakly_rising	End=1751.63	_	_	_	_
872-0	PSB064	872	l~	l~	linguistic	some	Interrupted=Yes	Begin=1751.66	_	_	_	_
872-1	PSB064	872	la	la	linguistic	some	_	_	_	_	_	_
872-2	PSB064	872	preghiera	preghiera	linguistic	some	_	_	_	_	_	_
872-3	PSB064	872	collettiva	collettiva	linguistic	some	_	_	_	_	_	_
872-4	PSB064	872	nel	nel	linguistic	some	_	_	_	_	_	_
872-5	PSB064	872	nel	nel	linguistic	some	_	_	_	_	_	_
872-6	PSB064	872	giorno	giorno	linguistic	some	_	_	_	_	_	_
872-7	PSB064	872	del	del	linguistic	some	_	_	_	_	_	_
872-8	PSB064	872	#eid	eid	linguistic	some	Language=NO_ISO_CODE	_	_	_	_	_
872-9	PSB064	872	o:	o	linguistic	some	_	End=1755.74	0x1	_	_	_
874-0	PSB064	874	della	della	linguistic	none	_	Begin=1755.95	_	_	_	_
874-1	PSB064	874	festa	festa	linguistic	none	_	_	_	_	_	_
874-2	PSB064	874	o:	o	linguistic	none	_	_	0x1	_	_	_
874-3	PSB064	874	in	in	linguistic	none	_	_	_	_	_	_
874-4	PSB064	874	altri	altri	linguistic	none	_	_	_	_	_	_
874-5	PSB064	874	giorni	giorni	linguistic	none	_	_	_	_	_	_
874-6	PSB064	874	normali?	normali	linguistic	none	Intonation=rising	End=1758.55	_	_	_	_
875-0	PSB005	875	quand~	quand~	linguistic	none	Interrupted=Yes	Begin=1758.56	_	_	_	_
875-1	PSB005	875	mi	mi	linguistic	none	_	_	_	_	_	_
875-2	PSB005	875	ha	ha	linguistic	none	_	_	_	_	_	_
875-3	PSB005	875	detto	detto	linguistic	none	_	_	_	_	_	_
875-4	PSB005	875	che	che	linguistic	none	_	_	_	_	_	_
875-5	PSB005	875	il	il	linguistic	none	_	_	_	_	_	_
875-6	PSB005	875	giorno	giorno	linguistic	none	_	_	_	_	_	_
875-7	PSB005	875	in	in	linguistic	none	_	_	_	_	_	_
875-8	PSB005	875	cui	cui	linguistic	none	_	_	_	_	_	_
875-9	PSB005	875	finisce	finisce	linguistic	none	_	_	_	_	_	_
875-10	PSB005	875	il	il	linguistic	none	_	_	_	_	_	_
875-11	PSB005	875	ramada[n	ramadan	linguistic	none	_	_	_	_	_	6-7(134)
875-13	PSB005	875	si	si	linguistic	none	_	_	_	_	_	0-2(134)
875-14	PSB005	875	f]a	fa	linguistic	none	_	_	_	_	_	0-1(134)
875-15	PSB005	875	una	una	linguistic	none	_	_	_	_	_	_
875-16	PSB005	875	preghiera	preghiera	linguistic	none	_	_	_	_	_	_
875-17	PSB005	875	tutti	tutti	linguistic	none	_	_	_	_	_	_
875-18	PSB005	875	insieme	insieme	linguistic	none	_	_	_	_	_	_
875-19	PSB005	875	quelli	quelli	linguistic	none	_	_	_	_	_	_
875-20	PSB005	875	di	di	linguistic	none	_	_	_	_	_	_
875-21	PSB005	875	bologna	bologna	linguistic	none	_	End=1764.25	_	_	_	_
876-0	PSB064	876	[mh:]	mh	linguistic	none	_	Begin=1761.05|End=1761.53	1x1	_	_	0-2(134)
877-0	PSB064	877	sì	sì	linguistic	none	_	Begin=1764.26	_	_	_	_
877-1	PSB064	877	sì	sì	linguistic	none	_	_	_	_	_	_
877-2	PSB064	877	{P}	{P}	shortpause	none	_	_	_	_	_	_
877-3	PSB064	877	in	in	linguistic	none	_	_	_	_	_	_
877-4	PSB064	877	una	una	linguistic	none	_	_	_	_	_	_
877-5	PSB064	877	{P}	{P}	shortpause	none	_	_	_	_	_	_
877-6	PSB064	877	parte.	parte	linguistic	none	Intonation=falling	End=1766.6	_	_	_	_
878-0	PSB005	878	sì	sì	linguistic	none	_	Begin=1766.75	_	_	_	_
878-1	PSB005	878	sì.	sì	linguistic	none	Intonation=falling	End=1767.25	_	_	_	_
879-0	PSB064	879	non	non	linguistic	none	_	Begin=1767.25	_	_	_	_
879-1	PSB064	879	so	so	linguistic	none	_	_	_	_	_	_
879-2	PSB064	879	dov'	dov'	linguistic	none	SpaceAfter=No	_	_	_	_	_
879-3	PSB064	879	è.	è	linguistic	none	Intonation=falling	End=1768.0	_	_	_	_
880-0	PSB005	880	eh	eh	linguistic	none	_	Begin=1768.06	_	_	_	_
880-1	PSB005	880	okay.	okay	linguistic	none	Intonation=falling	End=1768.71	_	_	_	_
881-0	PSB005	881	mi	mi	linguistic	none	_	Begin=1769.14	_	_	_	_
881-1	PSB005	881	ha	ha	linguistic	none	_	_	_	_	_	_
881-2	PSB005	881	detto	detto	linguistic	none	_	_	_	_	_	_
881-3	PSB005	881	che	che	linguistic	none	_	_	_	_	_	_
881-4	PSB005	881	hanno	hanno	linguistic	none	_	_	_	_	_	_
881-5	PSB005	881	affittato	affittato	linguistic	none	_	_	_	_	_	_
881-6	PSB005	881	l'	l'	linguistic	none	SpaceAfter=No	_	_	_	_	_
881-7	PSB005	881	estragon.	estragon	linguistic	none	Intonation=falling	End=1770.91	_	_	_	_
882-0	PSB005	882	sì.	sì	linguistic	none	Intonation=falling	Begin=1771.67	_	_	_	_
882-1	PSB005	882	è	è	linguistic	none	_	_	_	_	_	_
882-2	PSB005	882	un	un	linguistic	none	_	_	_	_	_	_
882-3	PSB005	882	{P}	{P}	shortpause	none	_	_	_	_	_	_
882-4	PSB005	882	tipo	tipo	linguistic	none	_	_	_	_	_	_
882-5	PSB005	882	un	un	linguistic	none	_	_	_	_	_	_
882-6	PSB005	882	capannone	capannone	linguistic	none	_	_	_	_	_	_
882-7	PSB005	882	gigante	gigante	linguistic	none	_	_	_	_	_	_
882-8	PSB005	882	in	in	linguistic	none	_	_	_	_	_	_
882-9	PSB005	882	cui	cui	linguistic	none	_	_	_	_	_	_
882-10	PSB005	882	ci	ci	linguistic	none	_	_	_	_	_	_
882-11	PSB005	882	fanno	fanno	linguistic	none	_	_	_	_	_	_
882-12	PSB005	882	i	i	linguistic	none	_	_	_	_	_	_
882-13	PSB005	882	concerti.	concerti	linguistic	none	Intonation=falling	End=1775.38	_	_	_	_
883-0	PSB064	883	sì	sì	linguistic	none	_	Begin=1775.65	_	_	_	_
883-1	PSB064	883	è	è	linguistic	none	_	_	_	_	_	_
883-2	PSB064	883	vero	vero	linguistic	none	_	_	_	_	_	_
883-3	PSB064	883	[è	è	linguistic	none	_	_	_	_	_	0-1(135)
883-4	PSB064	883	vero].	vero	linguistic	none	Intonation=falling	End=1776.63	_	_	_	0-4(135)
884-0	PSB005	884	([han]no)	hanno	linguistic	none	_	Begin=1776.14	_	_	0-5(0)	0-3(135)
884-1	PSB005	884	affittato	affittato	linguistic	none	_	_	_	_	_	_
884-2	PSB005	884	il	il	linguistic	none	_	_	_	_	_	_
884-3	PSB005	884	capan[none].	capannone	linguistic	none	Intonation=falling	End=1777.92	_	_	_	5-9(136)
885-0	PSB063	885	[di	di	linguistic	none	_	Begin=1777.45	_	_	_	0-2(136)
885-1	PSB063	885	so]lito	solito	linguistic	none	_	_	_	_	_	0-2(136)
885-2	PSB063	885	è	è	linguistic	none	_	_	_	_	_	_
885-3	PSB063	885	una	una	linguistic	none	_	_	_	_	_	_
885-4	PSB063	885	discoteca.	discoteca	linguistic	none	Intonation=falling	End=1778.84	_	_	_	_
886-0	PSB063	886	però	però	linguistic	none	_	Begin=1778.88	_	_	_	_
886-1	PSB063	886	{P}	{P}	shortpause	none	_	_	_	_	_	_
886-2	PSB063	886	si	si	linguistic	none	_	_	_	_	_	_
886-3	PSB063	886	può	può	linguistic	none	_	_	_	_	_	_
886-4	PSB063	886	[pren]dere	prendere	linguistic	none	_	_	_	_	_	0-4(138)
886-5	PSB063	886	{P}	{P}	shortpause	none	_	_	_	_	_	_
886-6	PSB063	886	lo	lo	linguistic	none	_	_	_	_	_	_
886-7	PSB063	886	spazio	spazio	linguistic	none	_	_	_	_	_	_
886-8	PSB063	886	[e~]	e~	linguistic	none	Interrupted=Yes	End=1781.36	_	_	_	0-2(137)
887-0	PSB005	887	[sì:]	sì	linguistic	none	_	Begin=1779.53|End=1780.05	1x1	_	_	0-2(138)
888-0	PSB064	888	[sì]	sì	linguistic	none	_	Begin=1781.16	_	_	_	0-2(137)
888-1	PSB064	888	ho	ho	linguistic	none	_	_	_	_	_	_
888-2	PSB064	888	visto	visto	linguistic	none	_	_	_	_	_	_
888-3	PSB064	888	ho	ho	linguistic	none	_	_	_	_	_	_
888-4	PSB064	888	visto.	visto	linguistic	none	Intonation=falling	End=1782.17	_	_	_	_
889-0	PSB005	889	mhmh	mhmh	linguistic	none	_	Begin=1782.17|End=1782.65	_	_	_	_
890-0	PSB064	890	°ho	ho	linguistic	none	Volume=low	Begin=1782.72	_	_	_	_
890-1	PSB064	890	visto°.	visto	linguistic	none	Intonation=falling|Volume=low	End=1783.2	_	_	_	_
891-0	PSB005	891	[e]	e	linguistic	none	_	Begin=1783.45|End=1783.64	_	_	_	0-1(139)
892-0	PSB064	892	[è]	è	linguistic	none	_	Begin=1783.47	_	_	_	0-1(139)
892-1	PSB064	892	come	come	linguistic	none	_	_	_	_	_	_
892-2	PSB064	892	un	un	linguistic	none	_	_	_	_	_	_
892-3	PSB064	892	magazzino	magazzino	linguistic	none	_	_	_	_	_	_
892-4	PSB064	892	grande.	grande	linguistic	none	Intonation=falling	End=1784.89	_	_	_	_
893-0	PSB005	893	sì	sì	linguistic	none	_	Begin=1784.96	_	_	_	_
893-1	PSB005	893	sì	sì	linguistic	none	_	_	_	_	_	_
893-2	PSB005	893	{P}	{P}	shortpause	none	_	_	_	_	_	_
893-3	PSB005	893	esatto.	esatto	linguistic	none	Intonation=falling	End=1786.0	_	_	_	_
894-0	PSB005	894	e	e	linguistic	none	_	Begin=1786.01	_	_	_	_
894-1	PSB005	894	la	la	linguistic	none	_	_	_	_	_	_
894-2	PSB005	894	moschea	moschea	linguistic	none	_	_	_	_	_	_
894-3	PSB005	894	qui	qui	linguistic	none	_	_	_	_	_	_
894-4	PSB005	894	dove:	dove	linguistic	none	_	_	3x1	_	_	_
894-5	PSB005	894	{P}	{P}	shortpause	none	_	_	_	_	_	_
894-6	PSB005	894	dov'	dov'	linguistic	none	SpaceAfter=No	_	_	_	_	_
894-7	PSB005	894	è?	è	linguistic	none	Intonation=rising	End=1788.01	_	_	_	_
895-0	PSB064	895	non	non	linguistic	none	_	Begin=1789.44	_	_	_	_
895-1	PSB064	895	ricordo.	ricordo	linguistic	none	Intonation=falling	End=1790.16	_	_	_	_
896-0	PSB064	896	ero	ero	linguistic	none	_	Begin=1790.72	_	_	_	_
896-1	PSB064	896	con	con	linguistic	none	_	_	_	_	_	_
896-2	PSB064	896	un	un	linguistic	none	_	_	_	_	_	_
896-3	PSB064	896	amico.	amico	linguistic	none	Intonation=falling	End=1791.65	_	_	_	_
897-0	PSB005	897	ah	ah	linguistic	none	_	Begin=1791.66	_	_	_	_
897-1	PSB005	897	eh	eh	linguistic	none	_	_	_	_	_	_
897-2	PSB005	897	vabbè.	vabbè	linguistic	none	Intonation=falling	End=1792.29	_	_	_	_
898-0	PSB005	898	°non	non	linguistic	none	Volume=low	Begin=1792.48	_	_	_	_
898-1	PSB005	898	fa	fa	linguistic	none	Volume=low	_	_	_	_	_
898-2	PSB005	898	niente°	niente	linguistic	none	Volume=low	End=1793.22	_	_	_	_
899-0	PSB005	899	ma	ma	linguistic	none	_	Begin=1793.64	_	_	_	_
899-1	PSB005	899	eh	eh	linguistic	none	_	_	_	_	_	_
899-2	PSB005	899	non	non	linguistic	none	_	_	_	_	_	_
899-3	PSB005	899	mi	mi	linguistic	none	_	_	_	_	_	_
899-4	PSB005	899	volete	volete	linguistic	none	_	_	_	_	_	_
899-5	PSB005	899	raccontar~	raccontar~	linguistic	none	Interrupted=Yes	_	_	_	_	_
899-6	PSB005	899	poi	poi	linguistic	none	_	_	_	_	_	_
899-7	PSB005	899	poi	poi	linguistic	none	_	_	_	_	_	_
899-8	PSB005	899	vi	vi	linguistic	none	_	_	_	_	_	_
899-9	PSB005	899	lascio:	lascio	linguistic	none	_	_	5x1	_	_	_
899-10	PSB005	899	in	in	linguistic	none	_	_	_	_	_	_
899-11	PSB005	899	pace	pace	linguistic	none	_	_	_	_	_	_
899-12	PSB005	899	giuro.	giuro	linguistic	none	Intonation=falling	End=1796.87	_	_	_	_
900-0	PSB005	900	mi	mi	linguistic	none	_	Begin=1797.11	_	_	_	_
900-1	PSB005	900	volete	volete	linguistic	none	_	_	_	_	_	_
900-2	PSB005	900	raccontare	raccontare	linguistic	none	_	_	_	_	_	_
900-3	PSB005	900	qualche	qualche	linguistic	none	_	_	_	_	_	_
900-4	PSB005	900	cosa	cosa	linguistic	none	_	_	_	_	_	_
900-5	PSB005	900	che	che	linguistic	none	_	_	_	_	_	_
900-6	PSB005	900	avete	avete	linguistic	none	_	_	_	_	_	_
900-7	PSB005	900	fatto	fatto	linguistic	none	_	_	_	_	_	_
900-8	PSB005	900	qua	qua	linguistic	none	_	_	_	_	_	_
900-9	PSB005	900	insieme?	insieme	linguistic	none	Intonation=rising	End=1800.09	_	_	_	_
901-0	PSB064	901	con	con	linguistic	none	_	Begin=1800.92	_	_	_	_
901-1	PSB064	901	chi?	chi	linguistic	none	Intonation=rising	End=1801.205	_	_	_	_
902-0	PSB005	902	un	un	linguistic	none	_	Begin=1801.205	_	_	_	_
902-1	PSB005	902	evento,	evento	linguistic	none	Intonation=weakly_rising	_	_	_	_	_
902-2	PSB005	902	voi	voi	linguistic	none	_	_	_	_	_	_
902-3	PSB005	902	due.	due	linguistic	none	Intonation=falling	_	_	_	_	_
902-4	PSB005	902	un'	un'	linguistic	none	SpaceAfter=No	_	_	_	_	_
902-5	PSB005	902	attività,	attività	linguistic	none	Intonation=weakly_rising	_	_	_	_	_
902-6	PSB005	902	un	un	linguistic	none	_	_	_	_	_	_
902-7	PSB005	902	evento,	evento	linguistic	none	Intonation=weakly_rising	_	_	_	_	_
902-8	PSB005	902	una	una	linguistic	none	_	_	_	_	_	_
902-9	PSB005	902	festa:	festa	linguistic	none	_	End=1804.96	4x1	_	_	_
903-0	PSB005	903	quando	quando	linguistic	none	_	Begin=1805.59	_	_	_	_
903-1	PSB005	903	[sie~]	sie~	linguistic	none	Interrupted=Yes	End=1806.18	_	_	_	0-4(140)
904-0	PSB063	904	[ne	ne	linguistic	none	_	Begin=1805.89	_	_	_	0-2(140)
904-1	PSB063	904	ab]biamo	abbiamo	linguistic	none	_	_	_	_	_	0-2(140)
904-2	PSB063	904	[fat]te	fatte	linguistic	none	_	_	_	_	_	0-3(141)
904-3	PSB063	904	tante:	tante	linguistic	none	_	End=1807.67	4x1	_	_	_
905-0	PSB005	905	[sì].	sì	linguistic	none	Intonation=falling	Begin=1806.35|End=1806.58	_	_	_	0-2(141)
906-0	PSB063	906	che	che	linguistic	none	_	Begin=1808.38	_	_	_	_
906-1	PSB063	906	abbiamo	abbiamo	linguistic	none	_	_	_	_	_	_
906-2	PSB063	906	fatto	fatto	linguistic	none	_	_	_	_	_	_
906-3	PSB063	906	insieme:	insieme	linguistic	none	_	End=1810.97	6x1	_	_	_
907-0	PSB064	907	abbiamo	abbiamo	linguistic	none	_	Begin=1813.71	_	_	_	_
907-1	PSB064	907	fatto	fatto	linguistic	none	_	_	_	_	_	_
907-2	PSB064	907	il	il	linguistic	none	_	_	_	_	_	_
907-3	PSB064	907	te.	te	linguistic	none	Intonation=falling	End=1814.57	_	_	_	_
908-0	PSB063	908	sì.	sì	linguistic	none	Intonation=falling	Begin=1815.65|End=1815.97	_	_	_	_
909-0	PSB005	909	ah	ah	linguistic	none	_	Begin=1816.17	_	_	_	_
909-1	PSB005	909	dimmi	dimmi	linguistic	none	_	_	_	_	_	_
909-2	PSB005	909	sì.	sì	linguistic	none	Intonation=falling	End=1816.97	_	_	_	_
910-0	PSB063	910	sabato:	sabato	linguistic	none	_	Begin=1817.03	5x1	_	_	_
910-1	PSB063	910	facciamo	facciamo	linguistic	none	_	_	_	_	_	_
910-2	PSB063	910	{P}	{P}	shortpause	none	_	_	_	_	_	_
910-3	PSB063	910	questo:	questo	linguistic	none	_	_	5x1	_	_	_
910-4	PSB063	910	momento:	momento	linguistic	none	_	_	6x1	_	_	_
910-5	PSB063	910	tutti	tutti	linguistic	none	_	_	_	_	_	_
910-6	PSB063	910	insieme,	insieme	linguistic	none	Intonation=weakly_rising	End=1821.65	_	_	_	_
911-0	PSB063	911	che	che	linguistic	none	_	Begin=1822.45	_	_	_	_
911-1	PSB063	911	si	si	linguistic	none	_	_	_	_	_	_
911-2	PSB063	911	chiama	chiama	linguistic	none	_	_	_	_	_	_
911-3	PSB063	911	air,	air	linguistic	none	Intonation=weakly_rising	End=1823.83	_	_	_	_
912-0	PSB005	912	okay.	okay	linguistic	none	Intonation=falling	Begin=1824.35|End=1824.78	_	_	_	_
913-0	PSB063	913	e:	e	linguistic	none	_	Begin=1825.12	0x1	_	_	_
913-1	PSB063	913	non	non	linguistic	none	_	_	_	_	_	_
913-2	PSB063	913	mi	mi	linguistic	none	_	_	_	_	_	_
913-3	PSB063	913	ricordo	ricordo	linguistic	none	_	_	_	_	_	_
913-4	PSB063	913	per	per	linguistic	none	_	_	_	_	_	_
913-5	PSB063	913	cosa	cosa	linguistic	none	_	_	_	_	_	_
913-6	PSB063	913	sta	sta	linguistic	none	_	_	_	_	_	_
913-7	PSB063	913	l'	l'	linguistic	none	SpaceAfter=No	_	_	_	_	_
913-8	PSB063	913	acronimo	acronimo	linguistic	none	_	_	_	_	_	_
913-9	PSB063	913	quindi	quindi	linguistic	none	_	_	_	_	_	_
913-10	PSB063	913	{P}	{P}	shortpause	none	_	_	_	_	_	_
913-11	PSB063	913	mi	mi	linguistic	none	_	_	_	_	_	_
913-12	PSB063	913	dispiace	dispiace	linguistic	none	_	_	_	_	_	_
913-13	PSB063	913	ma:	ma	linguistic	none	_	_	1x1	_	_	_
913-14	PSB063	913	rimarrà	rimarrà	linguistic	none	_	_	_	_	_	_
913-15	PSB063	913	il	il	linguistic	none	_	_	_	_	_	_
913-16	PSB063	913	dubbio	dubbio	linguistic	none	_	_	_	_	_	_
913-17	PSB063	913	su	su	linguistic	none	_	_	_	_	_	_
913-18	PSB063	913	questo:	questo	linguistic	none	_	End=1831.2849999999999	5x1	_	_	_
914-0	PSB005	914	fa	fa	linguistic	none	_	Begin=1831.2849999999999	_	_	_	_
914-1	PSB005	914	niente,	niente	linguistic	none	Intonation=weakly_rising	End=1831.9	_	_	_	_
915-0	PSB063	915	su	su	linguistic	none	_	Begin=1832.09	_	_	_	_
915-1	PSB063	915	questa	questa	linguistic	none	_	_	_	_	_	_
915-2	PSB063	915	sigla.	sigla	linguistic	none	Intonation=falling	End=1833.0	_	_	_	_
916-0	PSB063	916	e:hm:	ehm	linguistic	none	_	Begin=1833.68|End=1834.95	0x1,2x1	_	_	_
917-0	PSB063	917	però	però	linguistic	none	_	Begin=1835.02	_	_	_	_
917-1	PSB063	917	facciamo	facciamo	linguistic	none	_	_	_	_	_	_
917-2	PSB063	917	un	un	linguistic	none	_	_	_	_	_	_
917-3	PSB063	917	pranzo:	pranzo	linguistic	none	_	_	5x1	_	_	_
917-4	PSB063	917	tutti	tutti	linguistic	none	_	_	_	_	_	_
917-5	PSB063	917	insieme	insieme	linguistic	none	_	_	_	_	_	_
917-6	PSB063	917	{P}	{P}	shortpause	none	_	_	_	_	_	_
917-7	PSB063	917	noi.	noi	linguistic	none	Intonation=falling	End=1838.11	_	_	_	_
918-0	PSB063	918	e:	e	linguistic	none	_	Begin=1838.32	0x1	_	_	_
918-1	PSB063	918	anche	anche	linguistic	none	_	_	_	_	_	_
918-2	PSB063	918	con:~	con~	linguistic	none	Interrupted=Yes	_	2x1	_	_	_
918-3	PSB063	918	con	con	linguistic	none	_	_	_	_	_	_
918-4	PSB063	918	i	i	linguistic	none	_	_	_	_	_	_
918-5	PSB063	918	regaz.	regaz	linguistic	none	Intonation=falling	End=1841.6	_	_	_	_
919-0	PSB063	919	e::	e	linguistic	none	_	Begin=1843.19|End=1844.63	0x2	_	_	_
920-0	PSB063	920	i	i	linguistic	none	_	Begin=1844.95	_	_	_	_
920-1	PSB063	920	regaz	regaz	linguistic	none	_	_	_	_	_	_
920-2	PSB063	920	sono	sono	linguistic	none	_	_	_	_	_	_
920-3	PSB063	920	le	le	linguistic	none	_	_	_	_	_	_
920-4	PSB063	920	persone	persone	linguistic	none	_	_	_	_	_	_
920-5	PSB063	920	che	che	linguistic	none	_	_	_	_	_	_
920-6	PSB063	920	studiano.	studiano	linguistic	none	Intonation=falling	End=1846.83	_	_	_	_
921-0	PSB005	921	non	non	linguistic	none	_	Begin=1847.02	_	_	_	_
921-1	PSB005	921	c'	c'	linguistic	none	SpaceAfter=No	_	_	_	_	_
921-2	PSB005	921	è	è	linguistic	none	_	_	_	_	_	_
921-3	PSB005	921	[bisogno	bisogno	linguistic	none	_	_	_	_	_	0-7(?)
921-4	PSB005	921	di	di	linguistic	none	_	_	_	_	_	0-2(?)
921-5	PSB005	921	spiegare	spiegare	linguistic	none	_	_	_	_	_	0-8(?)
921-6	PSB005	921	sì	sì	linguistic	none	_	_	_	_	_	0-2(?)
921-7	PSB005	921	]{ride}.	{ride}.	nonverbalbehavior	none	_	End=1849.62	_	_	_	0-5(?)
922-0	PSB063	922	[qui	qui	linguistic	none	_	Begin=1847.44	_	_	_	0-3(142)
922-1	PSB063	922	nella	nella	linguistic	none	_	_	_	_	_	0-5(142)
922-2	PSB063	922	nostra	nostra	linguistic	none	_	_	_	_	_	0-6(142)
922-3	PSB063	922	scuola]	scuola	linguistic	none	_	End=1848.32	_	_	_	0-6(142)
923-0	PSB063	923	[e:h]m:	ehm	linguistic	none	_	Begin=1848.67|End=1850.37	0x1,2x1	_	_	0-2(143)
924-0	PSB063	924	e	e	linguistic	none	_	Begin=1851.62	_	_	_	_
924-1	PSB063	924	quindi:	quindi	linguistic	none	_	_	5x1	_	_	_
924-2	PSB063	924	niente	niente	linguistic	none	_	_	_	_	_	_
924-3	PSB063	924	si	si	linguistic	none	_	_	_	_	_	_
924-4	PSB063	924	cucina:	cucina	linguistic	none	_	_	5x1	_	_	_
924-5	PSB063	924	insieme	insieme	linguistic	none	_	_	_	_	_	_
924-6	PSB063	924	e	e	linguistic	none	_	_	_	_	_	_
924-7	PSB063	924	poi	poi	linguistic	none	_	_	_	_	_	_
924-8	PSB063	924	mangiamo,	mangiamo	linguistic	none	Intonation=weakly_rising	End=1855.23	_	_	_	_
925-0	PSB063	925	e	e	linguistic	none	_	Begin=1855.4|End=1855.79	_	_	_	_
926-0	PSB063	926	lui	lui	linguistic	none	_	Begin=1856.34|End=1856.87	_	_	_	_
927-0	PSB063	927	spesso	spesso	linguistic	none	_	Begin=1857.86	_	_	_	_
927-1	PSB063	927	finché	finché	linguistic	none	_	_	_	_	_	_
927-2	PSB063	927	veniva	veniva	linguistic	none	_	_	_	_	_	_
927-3	PSB063	927	perché	perché	linguistic	none	_	_	_	_	_	_
927-4	PSB063	927	adesso	adesso	linguistic	none	_	_	_	_	_	_
927-5	PSB063	927	{P}	{P}	shortpause	none	_	_	_	_	_	_
927-6	PSB063	927	lavora	lavora	linguistic	none	_	_	_	_	_	_
927-7	PSB063	927	e	e	linguistic	none	_	_	_	_	_	_
927-8	PSB063	927	quindi	quindi	linguistic	none	_	_	_	_	_	_
927-9	PSB063	927	{P}	{P}	shortpause	none	_	_	_	_	_	_
927-10	PSB063	927	non	non	linguistic	none	_	_	_	_	_	_
927-11	PSB063	927	sta	sta	linguistic	none	_	_	_	_	_	_
927-12	PSB063	927	più:	più	linguistic	none	_	_	2x1	_	_	_
927-13	PSB063	927	venendo,	venendo	linguistic	none	Intonation=weakly_rising	End=1863.29	_	_	_	_
928-0	PSB063	928	però	però	linguistic	none	_	Begin=1863.33	_	_	_	_
928-1	PSB063	928	finche	finche	linguistic	none	_	_	_	_	_	_
928-2	PSB063	928	veniva	veniva	linguistic	none	_	_	_	_	_	_
928-3	PSB063	928	a	a	linguistic	none	_	_	_	_	_	_
928-4	PSB063	928	fare:	fare	linguistic	none	_	_	3x1	_	_	_
928-5	PSB063	928	questi:	questi	linguistic	none	_	_	5x1	_	_	_
928-6	PSB063	928	pranzi:	pranzi	linguistic	none	_	_	5x1	_	_	_
928-7	PSB063	928	del	del	linguistic	none	_	_	_	_	_	_
928-8	PSB063	928	sabato	sabato	linguistic	none	_	_	_	_	_	_
928-9	PSB063	928	{P}	{P}	shortpause	none	_	_	_	_	_	_
928-10	PSB063	928	portava	portava	linguistic	none	_	_	_	_	_	_
928-11	PSB063	928	la	la	linguistic	none	_	_	_	_	_	_
928-12	PSB063	928	teiera	teiera	linguistic	none	_	_	_	_	_	_
928-13	PSB063	928	di	di	linguistic	none	_	_	_	_	_	_
928-14	PSB063	928	sua	sua	linguistic	none	_	_	_	_	_	_
928-15	PSB063	928	nonna,	nonna	linguistic	none	Intonation=weakly_rising	End=1870.26	_	_	_	_
929-0	PSB063	929	vero?	vero	linguistic	none	Intonation=rising	Begin=1870.5|End=1870.98	_	_	_	_
930-0	PSB064	930	[m:h]	mh	linguistic	none	_	Begin=1871.08|End=1871.42	0x1	_	_	0-2(144)
931-0	PSB063	931	[x]xx	x	unknown	none	_	Begin=1871.37	_	_	_	0-1(144)
931-1	PSB063	931	nonna?	nonna	linguistic	none	Intonation=rising	End=1872.11	_	_	_	_
932-0	PSB064	932	sì.	sì	linguistic	none	Intonation=falling	Begin=1872.31|End=1872.61	_	_	_	_
933-0	PSB063	933	e:	e	linguistic	none	_	Begin=1873.5|End=1874.51	0x1	_	_	_
934-0	PSB064	934	faccio	faccio	linguistic	none	_	Begin=1875.47	_	_	_	_
934-1	PSB064	934	il	il	linguistic	none	_	_	_	_	_	_
934-2	PSB064	934	te	te	linguistic	none	_	_	_	_	_	_
934-3	PSB064	934	{P}	{P}	shortpause	none	_	_	_	_	_	_
934-4	PSB064	934	verde.	verde	linguistic	none	Intonation=falling	End=1876.63	_	_	_	_
935-0	PSB064	935	marocchino.	marocchino	linguistic	none	Intonation=falling	Begin=1876.87|End=1877.42	_	_	_	_
936-0	PSB005	936	che	che	linguistic	none	_	Begin=1877.62	_	_	_	_
936-1	PSB005	936	buono	buono	linguistic	none	_	_	_	_	_	_
936-2	PSB005	936	[come	come	linguistic	none	_	_	_	_	_	0-4(145)
936-3	PSB005	936	si]	si	linguistic	none	_	_	_	_	_	0-2(145)
936-4	PSB005	936	fa?	fa	linguistic	none	Intonation=rising	End=1878.72	_	_	_	_
937-0	PSB064	937	è	è	linguistic	none	_	Begin=1878.03	_	_	_	_
937-1	PSB064	937	(buono).	buono	linguistic	none	Intonation=falling	End=1878.57	_	_	0-5(0)	_
938-0	PSB005	938	vuoi	vuoi	linguistic	none	_	Begin=1878.85	_	_	_	_
938-1	PSB005	938	spiegarmi	spiegarmi	linguistic	none	_	_	_	_	_	_
938-2	PSB005	938	come	come	linguistic	none	_	_	_	_	_	_
938-3	PSB005	938	si	si	linguistic	none	_	_	_	_	_	_
938-4	PSB005	938	fa?	fa	linguistic	none	Intonation=rising	End=1880.17	_	_	_	_
939-0	PSB064	939	dopo.	dopo	linguistic	none	Intonation=falling	Begin=1880.84|End=1881.31	_	_	_	_
940-0	PSB064	940	{ride}	{ride}	nonverbalbehavior	none	_	Begin=1881.421|End=1881.878	_	_	_	_
941-0	PSB005	941	non	non	linguistic	none	_	Begin=1882.93	_	_	_	_
941-1	PSB005	941	vuoi	vuoi	linguistic	none	_	_	_	_	_	_
941-2	PSB005	941	[spiegarmi]	spiegarmi	linguistic	none	_	End=1884.19	_	_	_	0-9(146)
942-0	PSB064	942	[dovre~]	dovre~	linguistic	none	Interrupted=Yes	Begin=1883.65	_	_	_	0-6(146)
942-1	PSB064	942	eh	eh	linguistic	none	_	_	_	_	_	_
942-2	PSB064	942	{ride}	{ride}	nonverbalbehavior	none	_	End=1884.91	_	_	_	_
943-0	PSB064	943	farti	farti	linguistic	none	_	Begin=1885.25	_	_	_	_
943-1	PSB064	943	vedere.	vedere	linguistic	none	Intonation=falling	End=1886.23	_	_	_	_
944-0	PSB005	944	ah	ah	linguistic	none	_	Begin=1886.54	_	_	_	_
944-1	PSB005	944	okay.	okay	linguistic	none	Intonation=falling	End=1887.5	_	_	_	_
945-0	PSB064	945	non	non	linguistic	none	_	Begin=1887.63	_	_	_	_
945-1	PSB064	945	ricordo.	ricordo	linguistic	none	Intonation=falling	End=1888.54	_	_	_	_
946-0	PSB064	946	[de~	de~	linguistic	none	Interrupted=Yes	Begin=1888.75	_	_	_	0-3(147)
946-1	PSB064	946	bo]llire	bollire	linguistic	none	_	_	_	_	_	0-2(147)
946-2	PSB064	946	l'	l'	linguistic	none	SpaceAfter=No	_	_	_	_	_
946-3	PSB064	946	acqua	acqua	linguistic	none	_	_	_	_	_	_
946-4	PSB064	946	mettere	mettere	linguistic	none	_	_	_	_	_	_
946-5	PSB064	946	l~	l~	linguistic	none	Interrupted=Yes	_	_	_	_	_
946-6	PSB064	946	il	il	linguistic	none	_	_	_	_	_	_
946-7	PSB064	946	te	te	linguistic	none	_	_	_	_	_	_
946-8	PSB064	946	{P}	{P}	shortpause	none	_	_	_	_	_	_
946-9	PSB064	946	zucchero	zucchero	linguistic	none	_	_	_	_	_	_
946-10	PSB064	946	e	e	linguistic	none	_	End=1892.12	_	_	_	_
947-0	PSB005	947	[va	va	linguistic	none	_	Begin=1888.771	_	_	_	0-2(147)
947-1	PSB005	947	bene]	bene	linguistic	none	_	End=1889.329	_	_	_	0-4(147)
948-0	PSB005	948	mh[mh]	mhmh	linguistic	none	_	Begin=1892.94|End=1893.31	_	_	_	2-4(148)
949-0	PSB064	949	[tranquil]lamente.	tranquillamente	linguistic	none	Intonation=falling	Begin=1893.11|End=1893.87	_	_	_	0-8(148)
950-0	PSB005	950	mhmh	mhmh	linguistic	none	_	Begin=1893.97|End=1894.33	_	_	_	_
951-0	PSB064	951	ma	ma	linguistic	none	_	Begin=1894.96	_	_	_	_
951-1	PSB064	951	non	non	linguistic	none	_	_	_	_	_	_
951-2	PSB064	951	così.	così	linguistic	none	Intonation=falling	End=1895.77	_	_	_	_
952-0	PSB064	952	facile.	facile	linguistic	none	Intonation=falling	Begin=1896.19|End=1896.83	_	_	_	_
953-0	PSB005	953	ho	ho	linguistic	none	_	Begin=1897.21	_	_	_	_
953-1	PSB005	953	[capito].	capito	linguistic	none	Intonation=falling	End=1897.82	_	_	_	0-6(149)
954-0	PSB063	954	[c'	c'	linguistic	none	SpaceAfter=No	Begin=1897.5	_	_	_	0-2(149)
954-1	PSB063	954	è]	è	linguistic	none	_	_	_	_	_	0-1(149)
954-2	PSB063	954	tutto	tutto	linguistic	none	_	_	_	_	_	_
954-3	PSB063	954	un	un	linguistic	none	_	_	_	_	_	_
954-4	PSB063	954	procedimen[to].	procedimento	linguistic	none	Intonation=falling	End=1898.8	_	_	_	9-12(150)
955-0	PSB064	955	[ah]	ah	linguistic	none	_	Begin=1898.62	_	_	_	0-2(150)
955-1	PSB064	955	[e:h]	eh	linguistic	none	_	_	0x1	_	_	0-2(151)
955-2	PSB064	955	c'	c'	linguistic	none	SpaceAfter=No	_	_	_	_	_
955-3	PSB064	955	è	è	linguistic	none	_	_	_	_	_	_
955-4	PSB064	955	un	un	linguistic	none	_	_	_	_	_	_
955-5	PSB064	955	procedime:n[to],	procedimento	linguistic	none	Intonation=weakly_rising	End=1900.4	8x1	_	_	9-12(152)
956-0	PSB005	956	[sì]	sì	linguistic	none	_	Begin=1898.842|End=1899.25	_	_	_	0-2(151)
957-0	PSB005	957	[ma]	ma	linguistic	none	_	Begin=1900.16	_	_	_	0-2(152)
957-1	PSB005	957	lo	lo	linguistic	none	_	_	_	_	_	_
957-2	PSB005	957	possiamo	possiamo	linguistic	none	_	_	_	_	_	_
957-3	PSB005	957	fare	fare	linguistic	none	_	_	_	_	_	_
957-4	PSB005	957	una	una	linguistic	none	_	_	_	_	_	_
957-5	PSB005	957	volta	volta	linguistic	none	_	_	_	_	_	_
957-6	PSB005	957	che	che	linguistic	none	_	_	_	_	_	_
957-7	PSB005	957	vengo	vengo	linguistic	none	_	_	_	_	_	_
957-8	PSB005	957	anch'	anch'	linguistic	none	SpaceAfter=No	_	_	_	_	_
957-9	PSB005	957	io.	io	linguistic	none	Intonation=falling	End=1902.44	_	_	_	_
958-0	PSB064	958	va	va	linguistic	none	_	Begin=1903.21	_	_	_	_
958-1	PSB064	958	[bene].	bene	linguistic	none	Intonation=falling	End=1903.69	_	_	_	0-4(153)
959-0	PSB005	959	[anche]	anche	linguistic	none	_	Begin=1903.5	_	_	_	0-5(153)
959-1	PSB005	959	l'	l'	linguistic	none	SpaceAfter=No	_	_	_	_	_
959-2	PSB005	959	anno	anno	linguistic	none	_	_	_	_	_	_
959-3	PSB005	959	prossimo.	prossimo	linguistic	none	Intonation=falling	End=1904.6	_	_	_	_
960-0	PSB063	960	quando:	quando	linguistic	none	_	Begin=1904.61	5x1	_	_	_
960-1	PSB063	960	sì	sì	linguistic	none	_	_	_	_	_	_
960-2	PSB063	960	quando	quando	linguistic	none	_	_	_	_	_	_
960-3	PSB063	960	@issam	issam	linguistic	none	_	_	_	_	_	_
960-4	PSB063	960	è	è	linguistic	none	_	_	_	_	_	_
960-5	PSB063	960	libero,	libero	linguistic	none	Intonation=weakly_rising	End=1907.09	_	_	_	_
961-0	PSB063	961	e	e	linguistic	none	_	Begin=1907.12	_	_	_	_
961-1	PSB063	961	se	se	linguistic	none	_	_	_	_	_	_
961-2	PSB063	961	ha:	ha	linguistic	none	_	_	1x1	_	_	_
961-3	PSB063	961	voglia	voglia	linguistic	none	_	_	_	_	_	_
961-4	PSB063	961	di	di	linguistic	none	_	_	_	_	_	_
961-5	PSB063	961	venire,	venire	linguistic	none	Intonation=weakly_rising	End=1908.61	_	_	_	_
962-0	PSB063	962	certo.	certo	linguistic	none	Intonation=falling	Begin=1908.64|End=1909.03	_	_	_	_
963-0	PSB005	963	ti	ti	linguistic	none	_	Begin=1909.3	_	_	_	_
963-1	PSB005	963	va?	va	linguistic	none	Intonation=rising	End=1909.82	_	_	_	_
964-0	PSB064	964	lo	lo	linguistic	none	_	Begin=1910.5	_	_	_	_
964-1	PSB064	964	faccio	faccio	linguistic	none	_	_	_	_	_	_
964-2	PSB064	964	anche:	anche	linguistic	none	_	_	4x1	_	_	_
964-3	PSB064	964	se	se	linguistic	none	_	_	_	_	_	_
964-4	PSB064	964	c'	c'	linguistic	none	SpaceAfter=No	_	_	_	_	_
964-5	PSB064	964	è	è	linguistic	none	_	_	_	_	_	_
964-6	PSB064	964	il	il	linguistic	none	_	_	_	_	_	_
964-7	PSB064	964	il	il	linguistic	none	_	_	_	_	_	_
964-8	PSB064	964	mercoledì	mercoledì	linguistic	none	_	_	_	_	_	_
964-9	PSB064	964	prossimo	prossimo	linguistic	none	_	_	_	_	_	_
964-10	PSB064	964	con	con	linguistic	none	_	_	_	_	_	_
964-11	PSB064	964	{P}	{P}	shortpause	none	_	_	_	_	_	_
964-12	PSB064	964	il	il	linguistic	none	_	_	_	_	_	_
964-13	PSB064	964	ba[r].	bar	linguistic	none	Intonation=falling	End=1914.42	_	_	_	1-3(154)
965-0	PSB063	965	[fo]rse	forse	linguistic	none	_	Begin=1914.32	_	_	_	0-2(154)
965-1	PSB063	965	sì.	sì	linguistic	none	Intonation=falling	End=1914.93	_	_	_	_
966-0	PSB063	966	non	non	linguistic	none	_	Begin=1914.98	_	_	_	_
966-1	PSB063	966	[lo	lo	linguistic	none	_	_	_	_	_	0-2(155)
966-2	PSB063	966	s~]	s~	linguistic	none	Interrupted=Yes	End=1915.54	_	_	_	0-2(155)
967-0	PSB064	967	[l'	l'	linguistic	none	SpaceAfter=No	Begin=1915.1	_	_	_	0-2(155)
967-1	PSB064	967	ho	ho	linguistic	none	_	_	_	_	_	0-2(155)
967-2	PSB064	967	fat]to	fatto	linguistic	none	_	_	_	_	_	0-3(155)
967-3	PSB064	967	nel	nel	linguistic	none	_	_	_	_	_	_
967-4	PSB064	967	bar	bar	linguistic	none	_	_	_	_	_	_
967-5	PSB064	967	l'	l'	linguistic	none	SpaceAfter=No	_	_	_	_	_
967-6	PSB064	967	altra	altra	linguistic	none	_	_	_	_	_	_
967-7	PSB064	967	volta.	volta	linguistic	none	Intonation=falling	End=1916.84	_	_	_	_
968-0	PSB005	968	ah	ah	linguistic	none	_	Begin=1917.51	_	_	_	_
968-1	PSB005	968	okay.	okay	linguistic	none	Intonation=falling	End=1918.34	_	_	_	_
969-0	PSB005	969	mercoledì	mercoledì	linguistic	none	_	Begin=1919.05	_	_	_	_
969-1	PSB005	969	c'	c'	linguistic	none	SpaceAfter=No	_	_	_	_	_
969-2	PSB005	969	è	è	linguistic	none	_	_	_	_	_	_
969-3	PSB005	969	il	il	linguistic	none	_	_	_	_	_	_
969-4	PSB005	969	bar	bar	linguistic	none	_	_	_	_	_	_
969-5	PSB005	969	giust~	giust~	linguistic	none	Interrupted=Yes	_	_	_	_	_
969-6	PSB005	969	c'	c'	linguistic	none	SpaceAfter=No	_	_	_	_	_
969-7	PSB005	969	è	è	linguistic	none	_	_	_	_	_	0-1(156)
969-8	PSB005	969	[la	la	linguistic	none	_	_	_	_	_	0-2(156)
969-9	PSB005	969	sera]ta	serata	linguistic	none	_	_	_	_	_	0-3(156)
969-10	PSB005	969	qui?	qui	linguistic	none	Intonation=rising	_	_	_	_	_
969-11	PSB005	969	[sì].	sì	linguistic	none	Intonation=falling	End=1921.8	_	_	_	0-1(157)
970-0	PSB063	970	[sì].	sì	linguistic	none	Intonation=falling	Begin=1920.73|End=1921.1	_	_	_	0-2(156)
971-0	PSB063	971	[c'	c'	linguistic	none	SpaceAfter=No	Begin=1921.52	_	_	_	0-2(157)
971-1	PSB063	971	è]	è	linguistic	none	_	_	_	_	_	0-1(157)
971-2	PSB063	971	la	la	linguistic	none	_	_	_	_	_	_
971-3	PSB063	971	serata	serata	linguistic	none	_	_	_	_	_	_
971-4	PSB063	971	il	il	linguistic	none	_	_	_	_	_	_
971-5	PSB063	971	mercoledì	mercoledì	linguistic	none	_	_	_	_	_	_
971-6	PSB063	971	sera	sera	linguistic	none	_	_	_	_	_	_
971-7	PSB063	971	e	e	linguistic	none	_	_	_	_	_	_
971-8	PSB063	971	abbiamo	abbiamo	linguistic	none	_	_	_	_	_	_
971-9	PSB063	971	il	il	linguistic	none	_	_	_	_	_	_
971-10	PSB063	971	bar,	bar	linguistic	none	Intonation=weakly_rising	End=1924.32	_	_	_	_
972-0	PSB063	972	e	e	linguistic	none	_	Begin=1924.47	_	_	_	_
972-1	PSB063	972	@issam	issam	linguistic	none	_	_	_	_	_	_
972-2	PSB063	972	è	è	linguistic	none	_	_	_	_	_	_
972-3	PSB063	972	venuto	venuto	linguistic	none	_	_	_	_	_	_
972-4	PSB063	972	anche:	anche	linguistic	none	_	_	4x1	_	_	_
972-5	PSB063	972	diverse	diverse	linguistic	none	_	_	_	_	_	_
972-6	PSB063	972	volte	volte	linguistic	none	_	_	_	_	_	_
972-7	PSB063	972	a	a	linguistic	none	_	_	_	_	_	_
972-8	PSB063	972	darci:	darci	linguistic	none	_	_	4x1	_	_	_
972-9	PSB063	972	una	una	linguistic	none	_	_	_	_	_	_
972-10	PSB063	972	mano:	mano	linguistic	none	_	_	3x1	_	_	_
972-11	PSB063	972	con	con	linguistic	none	_	_	_	_	_	_
972-12	PSB063	972	il	il	linguistic	none	_	_	_	_	_	_
972-13	PSB063	972	bar,	bar	linguistic	none	Intonation=weakly_rising	End=1929.84	_	_	_	_
973-0	PSB063	973	e	e	linguistic	none	_	Begin=1930.18	_	_	_	_
973-1	PSB063	973	ha	ha	linguistic	none	_	_	_	_	_	_
973-2	PSB063	973	fatto	fatto	linguistic	none	_	_	_	_	_	_
973-3	PSB063	973	anche	anche	linguistic	none	_	_	_	_	_	_
973-4	PSB063	973	il	il	linguistic	none	_	_	_	_	_	_
973-5	PSB063	973	te	te	linguistic	none	_	_	_	_	_	_
973-6	PSB063	973	[xxx]	x	unknown	none	_	End=1932.46	_	_	_	0-3(158)
974-0	PSB064	974	[una]	una	linguistic	none	_	Begin=1932.0	_	_	_	0-3(158)
974-1	PSB064	974	volta	volta	linguistic	none	_	_	_	_	_	_
974-2	PSB064	974	sì.	sì	linguistic	none	Intonation=falling	End=1933.03	_	_	_	_
975-0	PSB063	975	una	una	linguistic	none	_	Begin=1933.05	_	_	_	_
975-1	PSB063	975	volta	volta	linguistic	none	_	_	_	_	_	_
975-2	PSB063	975	(al	al	linguistic	none	_	_	_	_	0-2(0)	_
975-3	PSB063	975	bar)	bar	linguistic	none	_	End=1934.14	_	_	0-3(0)	_
976-0	PSB063	976	quindi	quindi	linguistic	none	_	Begin=1934.35	_	_	_	_
976-1	PSB063	976	sì.	sì	linguistic	none	Intonation=falling	End=1934.92	_	_	_	_
977-0	PSB005	977	buono.	buono	linguistic	none	Intonation=falling	Begin=1935.04|End=1935.57	_	_	_	_
978-0	PSB005	978	buonissimo.	buonissimo	linguistic	none	Intonation=falling	Begin=1935.69|End=1936.63	_	_	_	_
979-0	PSB005	979	assolutamente	assolutamente	linguistic	none	_	Begin=1937.52	_	_	_	_
979-1	PSB005	979	va	va	linguistic	none	_	_	_	_	_	_
979-2	PSB005	979	bene.	bene	linguistic	none	Intonation=falling	End=1938.89	_	_	_	_
980-0	PSB005	980	okay	okay	linguistic	none	_	Begin=1939.16|End=1939.59	_	_	_	_
981-0	PSB005	981	e:hm	ehm	linguistic	none	_	Begin=1939.84|End=1940.82	0x1	_	_	_
982-0	PSB005	982	e	e	linguistic	none	_	Begin=1940.86	_	_	_	_
982-1	PSB005	982	{P}	{P}	shortpause	none	_	_	_	_	_	_
982-2	PSB005	982	tu	tu	linguistic	none	_	_	_	_	_	_
982-3	PSB005	982	hai	hai	linguistic	none	_	_	_	_	_	_
982-4	PSB005	982	un	un	linguistic	none	_	_	_	_	_	_
982-5	PSB005	982	sogno	sogno	linguistic	none	_	_	_	_	_	_
982-6	PSB005	982	di	di	linguistic	none	_	_	_	_	_	_
982-7	PSB005	982	di	di	linguistic	none	_	_	_	_	_	_
982-8	PSB005	982	di	di	linguistic	none	_	_	_	_	_	_
982-9	PSB005	982	fare	fare	linguistic	none	_	_	_	_	_	_
982-10	PSB005	982	un	un	linguistic	none	_	_	_	_	_	_
982-11	PSB005	982	lavoro:?	lavoro	linguistic	none	Intonation=rising	End=1944.48	5x1	_	_	_
983-0	PSB005	983	specifico	specifico	linguistic	none	_	Begin=1945.25	_	_	_	_
983-1	PSB005	983	quan~	quan~	linguistic	none	Interrupted=Yes	_	_	_	_	_
983-2	PSB005	983	{P}	{P}	shortpause	none	_	_	_	_	_	_
983-3	PSB005	983	che	che	linguistic	none	_	_	_	_	_	_
983-4	PSB005	983	ti	ti	linguistic	none	_	_	_	_	_	_
983-5	PSB005	983	piacerebbe	piacerebbe	linguistic	none	_	_	_	_	_	_
983-6	PSB005	983	fare	fare	linguistic	none	_	_	_	_	_	_
983-7	PSB005	983	o:?	o	linguistic	none	Intonation=rising	End=1948.59	0x1	_	_	_
984-0	PSB064	984	voglio	voglio	linguistic	none	_	Begin=1950.04	_	_	_	_
984-1	PSB064	984	fare	fare	linguistic	none	_	_	_	_	_	_
984-2	PSB064	984	il:	il	linguistic	none	_	_	1x1	_	_	_
984-3	PSB064	984	{P}	{P}	shortpause	none	_	_	_	_	_	_
984-4	PSB064	984	responsabile	responsabile	linguistic	none	_	_	_	_	_	_
984-5	PSB064	984	di:	di	linguistic	none	_	_	1x1	_	_	_
984-6	PSB064	984	di:	di	linguistic	none	_	_	1x1	_	_	_
984-7	PSB064	984	di	di	linguistic	none	_	_	_	_	_	_
984-8	PSB064	984	un	un	linguistic	none	_	_	_	_	_	_
984-9	PSB064	984	buisiness.	buisiness	linguistic	none	Intonation=falling	End=1956.09	_	_	_	_
985-0	PSB005	985	mh	mh	linguistic	none	_	Begin=1956.11|End=1956.37	_	_	_	_
986-0	PSB063	986	uno	uno	linguistic	none	_	Begin=1958.79	_	_	_	_
986-1	PSB063	986	qualsiasi.	qualsiasi	linguistic	none	Intonation=falling	End=1959.77	_	_	_	_
987-0	PSB005	987	[sì	sì	linguistic	none	_	Begin=1961.08	_	_	_	0-2(159)
987-1	PSB005	987	sì	sì	linguistic	none	_	_	_	_	_	0-2(159)
987-2	PSB005	987	okay].	okay	linguistic	none	Intonation=falling	End=1962.28	_	_	_	0-4(159)
988-0	PSB063	988	[di	di	linguistic	none	_	Begin=1961.19	_	_	_	0-2(159)
988-1	PSB063	988	un	un	linguistic	none	_	_	_	_	_	0-2(159)
988-2	PSB063	988	business	business	linguistic	none	_	_	_	_	_	0-8(159)
988-3	PSB063	988	qua]lunque?	qualunque	linguistic	none	Intonation=rising	End=1962.48	_	_	_	0-3(159)
989-0	PSB005	989	e	e	linguistic	none	_	Begin=1962.67|End=1962.99	_	_	_	_
990-0	PSB005	990	sì?	sì	linguistic	none	Intonation=rising	Begin=1963.12|End=1963.46	_	_	_	_
991-0	PSB064	991	perché:	perché	linguistic	none	_	Begin=1963.66	5x1	_	_	_
991-1	PSB064	991	se	se	linguistic	none	_	_	_	_	_	_
991-2	PSB064	991	sei	sei	linguistic	none	_	_	_	_	_	_
991-3	PSB064	991	responsabile	responsabile	linguistic	none	_	_	_	_	_	_
991-4	PSB064	991	di:	di	linguistic	none	_	_	1x1	_	_	_
991-5	PSB064	991	di	di	linguistic	none	_	_	_	_	_	_
991-6	PSB064	991	un	un	linguistic	none	_	_	_	_	_	_
991-7	PSB064	991	magazzino	magazzino	linguistic	none	_	_	_	_	_	_
991-8	PSB064	991	di:	di	linguistic	none	_	_	1x1	_	_	_
991-9	PSB064	991	scarpe	scarpe	linguistic	none	_	_	_	_	_	_
991-10	PSB064	991	puoi	puoi	linguistic	none	_	_	_	_	_	_
991-11	PSB064	991	essere	essere	linguistic	none	_	_	_	_	_	_
991-12	PSB064	991	anche	anche	linguistic	none	_	_	_	_	_	_
991-13	PSB064	991	un	un	linguistic	none	_	_	_	_	_	_
991-14	PSB064	991	{P}	{P}	shortpause	none	_	_	_	_	_	_
991-15	PSB064	991	responsabile	responsabile	linguistic	none	_	_	_	_	_	_
991-16	PSB064	991	di:	di	linguistic	none	_	_	1x1	_	_	_
991-17	PSB064	991	{P}	{P}	shortpause	none	_	_	_	_	_	_
991-18	PSB064	991	di	di	linguistic	none	_	_	_	_	_	_
991-19	PSB064	991	un:	un	linguistic	none	_	_	1x1	_	_	_
991-20	PSB064	991	di	di	linguistic	none	_	_	_	_	_	_
991-21	PSB064	991	un	un	linguistic	none	_	_	_	_	_	_
991-22	PSB064	991	caffè	caffè	linguistic	none	_	_	_	_	_	_
991-23	PSB064	991	o,	o	linguistic	none	Intonation=weakly_rising	End=1975.6	_	_	_	_
992-0	PSB005	992	ci	ci	linguistic	none	_	Begin=1977.06	_	_	_	_
992-1	PSB005	992	proverai.	proverai	linguistic	none	Intonation=falling	End=1977.82	_	_	_	_
993-0	PSB064	993	sì.	sì	linguistic	none	Intonation=falling	Begin=1978.53|End=1978.91	_	_	_	_
994-0	PSB064	994	mi	mi	linguistic	none	_	Begin=1979.54	_	_	_	_
994-1	PSB064	994	piace:	piace	linguistic	none	_	_	4x1	_	_	_
994-2	PSB064	994	{P}	{P}	shortpause	none	_	_	_	_	_	_
994-3	PSB064	994	fare	fare	linguistic	none	_	_	_	_	_	_
994-4	PSB064	994	responsabilità.	responsabilità	linguistic	none	Intonation=falling	End=1982.31	_	_	_	_
995-0	PSB005	995	sì	sì	linguistic	none	_	Begin=1982.6	_	_	_	_
995-1	PSB005	995	sì	sì	linguistic	none	_	_	_	_	_	_
995-2	PSB005	995	sì.	sì	linguistic	none	Intonation=falling	End=1983.38	_	_	_	_
996-0	PSB005	996	beh	beh	linguistic	none	_	Begin=1984.07	_	_	_	_
996-1	PSB005	996	magari	magari	linguistic	none	_	_	_	_	_	_
996-2	PSB005	996	anche	anche	linguistic	none	_	_	_	_	_	_
996-3	PSB005	996	di	di	linguistic	none	_	_	_	_	_	_
996-4	PSB005	996	un	un	linguistic	none	_	_	_	_	_	_
996-5	PSB005	996	ristorante.	ristorante	linguistic	none	Intonation=falling	End=1985.75	_	_	_	_
997-0	PSB005	997	adesso	adesso	linguistic	none	_	Begin=1985.87	_	_	_	_
997-1	PSB005	997	stai	stai	linguistic	none	_	_	_	_	_	_
997-2	PSB005	997	lavorando	lavorando	linguistic	none	_	_	_	_	_	_
997-3	PSB005	997	in	in	linguistic	none	_	_	_	_	_	_
997-4	PSB005	997	un	un	linguistic	none	_	_	_	_	_	_
997-5	PSB005	997	risto[rante	ristorante	linguistic	none	_	_	_	_	_	5-10(160)
997-6	PSB005	997	no]?	no	linguistic	none	Intonation=rising	End=1987.81	_	_	_	0-2(160)
998-0	PSB064	998	[sì	sì	linguistic	none	_	Begin=1987.08	_	_	_	0-2(160)
998-1	PSB064	998	ma]	ma	linguistic	none	_	_	_	_	_	0-2(160)
998-2	PSB064	998	magari	magari	linguistic	none	_	_	_	_	_	_
998-3	PSB064	998	anche	anche	linguistic	none	_	_	_	_	_	_
998-4	PSB064	998	un	un	linguistic	none	_	_	_	_	_	_
998-5	PSB064	998	in	in	linguistic	none	_	_	_	_	_	_
998-6	PSB064	998	un	un	linguistic	none	_	_	_	_	_	_
998-7	PSB064	998	di	di	linguistic	none	_	_	_	_	_	_
998-8	PSB064	998	un	un	linguistic	none	_	_	_	_	_	_
998-9	PSB064	998	ristorante.	ristorante	linguistic	none	Intonation=falling	End=1990.39	_	_	_	_
999-0	PSB064	999	ma	ma	linguistic	none	_	Begin=1990.76	_	_	_	_
999-1	PSB064	999	ristorante:	ristorante	linguistic	none	_	_	9x1	_	_	_
999-2	PSB064	999	{P}	{P}	shortpause	none	_	_	_	_	_	_
999-3	PSB064	999	c'	c'	linguistic	none	SpaceAfter=No	_	_	_	_	_
999-4	PSB064	999	è	è	linguistic	none	_	_	_	_	_	_
999-5	PSB064	999	tante	tante	linguistic	none	_	_	_	_	_	_
999-6	PSB064	999	regole	regole	linguistic	none	_	_	_	_	_	_
999-7	PSB064	999	tante	tante	linguistic	none	_	_	_	_	_	_
999-8	PSB064	999	cose.	cose	linguistic	none	Intonation=falling	End=1993.87	_	_	_	_
1000-0	PSB005	1000	un	un	linguistic	none	_	Begin=1995.07	_	_	_	_
1000-1	PSB005	1000	po'	po'	linguistic	none	_	_	_	_	_	_
1000-2	PSB005	1000	un	un	linguistic	none	_	_	_	_	_	_
1000-3	PSB005	1000	casino	casino	linguistic	none	_	_	_	_	_	_
1000-4	PSB005	1000	dici?	dici	linguistic	none	Intonation=rising	_	_	_	_	_
1000-5	PSB005	1000	sì.	sì	linguistic	none	Intonation=falling	End=1996.75	_	_	_	_
1001-0	PSB064	1001	sì.	sì	linguistic	none	Intonation=falling	Begin=1996.76|End=1997.04	_	_	_	_
1002-0	PSB005	1002	sì	sì	linguistic	none	_	Begin=1997.06	_	_	_	_
1002-1	PSB005	1002	sì.	sì	linguistic	none	Intonation=falling	End=1997.64	_	_	_	_
1003-0	PSB005	1003	che	che	linguistic	none	_	Begin=1997.68	_	_	_	_
1003-1	PSB005	1003	tipo	tipo	linguistic	none	_	_	_	_	_	_
1003-2	PSB005	1003	di	di	linguistic	none	_	_	_	_	_	_
1003-3	PSB005	1003	ristorante	ristorante	linguistic	none	_	_	_	_	_	_
1003-4	PSB005	1003	è	è	linguistic	none	_	_	_	_	_	_
1003-5	PSB005	1003	quello:	quello	linguistic	none	_	_	5x1	_	_	_
1003-6	PSB005	1003	in	in	linguistic	none	_	_	_	_	_	_
1003-7	PSB005	1003	cui	cui	linguistic	none	_	_	_	_	_	_
1003-8	PSB005	1003	lavori?	lavori	linguistic	none	Intonation=rising	End=1999.88	_	_	_	_
1004-0	PSB064	1004	è	è	linguistic	none	_	Begin=2000.69	_	_	_	_
1004-1	PSB064	1004	un	un	linguistic	none	_	_	_	_	_	_
1004-2	PSB064	1004	ristorante	ristorante	linguistic	none	_	_	_	_	_	_
1004-3	PSB064	1004	che	che	linguistic	none	_	_	_	_	_	_
1004-4	PSB064	1004	f~	f~	linguistic	none	Interrupted=Yes	_	_	_	_	_
1004-5	PSB064	1004	che	che	linguistic	none	_	_	_	_	_	_
1004-6	PSB064	1004	fa:	fa	linguistic	none	_	End=2003.58	1x1	_	_	_
1005-0	PSB064	1005	è	è	linguistic	none	_	Begin=2004.74	_	_	_	_
1005-1	PSB064	1005	un	un	linguistic	none	_	_	_	_	_	_
1005-2	PSB064	1005	chiosco	chiosco	linguistic	none	_	_	_	_	_	_
1005-3	PSB064	1005	non	non	linguistic	none	_	_	_	_	_	_
1005-4	PSB064	1005	è	è	linguistic	none	_	_	_	_	_	_
1005-5	PSB064	1005	un	un	linguistic	none	_	_	_	_	_	_
1005-6	PSB064	1005	ristorante.	ristorante	linguistic	none	Intonation=falling	End=2006.72	_	_	_	_
1006-0	PSB064	1006	chiosco	chiosco	linguistic	none	_	Begin=2007.47	_	_	_	_
1006-1	PSB064	1006	dove:	dove	linguistic	none	_	_	3x1	_	_	_
1006-2	PSB064	1006	{P}	{P}	shortpause	none	_	_	_	_	_	_
1006-3	PSB064	1006	si	si	linguistic	none	_	_	_	_	_	_
1006-4	PSB064	1006	vende	vende	linguistic	none	_	_	_	_	_	_
1006-5	PSB064	1006	il	il	linguistic	none	_	_	_	_	_	_
1006-6	PSB064	1006	co[comero],	cocomero	linguistic	none	Intonation=weakly_rising	End=2009.86	_	_	_	2-8(161)
1007-0	PSB005	1007	[a:h]	ah	linguistic	none	_	Begin=2009.45	0x1	_	_	0-2(161)
1007-1	PSB005	1007	ma	ma	linguistic	none	_	_	_	_	_	_
1007-2	PSB005	1007	è	è	linguistic	none	_	_	_	_	_	_
1007-3	PSB005	1007	famosissimo.	famosissimo	linguistic	none	Intonation=falling	End=2010.88	_	_	_	_
1008-0	PSB005	1008	in	in	linguistic	none	_	Begin=2011.77	_	_	_	_
1008-1	PSB005	1008	@nomeluo[go].	@nomeluogo.	linguistic	none	_	End=2013.02	_	_	_	8-10(162)
1009-0	PSB064	1009	[s]ì.	sì	linguistic	none	Intonation=falling	Begin=2012.87|End=2013.21	_	_	_	0-1(162)
1010-0	PSB005	1010	famosissimo.	famosissimo	linguistic	none	Intonation=falling	Begin=2013.25|End=2014.07	_	_	_	_
1011-0	PSB005	1011	non	non	linguistic	none	_	Begin=2014.93	_	_	_	_
1011-1	PSB005	1011	diciamo	diciamo	linguistic	none	_	_	_	_	_	_
1011-2	PSB005	1011	il	il	linguistic	none	_	_	_	_	_	_
1011-3	PSB005	1011	nome	nome	linguistic	none	_	_	_	_	_	_
1011-4	PSB005	1011	che,	che	linguistic	none	Intonation=weakly_rising	End=2016.2	_	_	_	_
1012-0	PSB005	1012	ma	ma	linguistic	none	_	Begin=2017.7|End=2018.0	_	_	_	_
1013-0	PSB005	1013	è	è	linguistic	none	_	Begin=2018.63	_	_	_	_
1013-1	PSB005	1013	un	un	linguistic	none	_	_	_	_	_	_
1013-2	PSB005	1013	locale	locale	linguistic	none	_	_	_	_	_	_
1013-3	PSB005	1013	storico	storico	linguistic	none	_	_	_	_	_	_
1013-4	PSB005	1013	di	di	linguistic	none	_	_	_	_	_	_
1013-5	PSB005	1013	bologna	bologna	linguistic	none	_	_	_	_	_	_
1013-6	PSB005	1013	[esiste]	esiste	linguistic	none	_	_	_	_	_	0-6(163)
1013-7	PSB005	1013	da	da	linguistic	none	_	_	_	_	_	_
1013-8	PSB005	1013	quando	quando	linguistic	none	_	_	_	_	_	_
1013-9	PSB005	1013	io	io	linguistic	none	_	_	_	_	_	_
1013-10	PSB005	1013	ero	ero	linguistic	none	_	_	_	_	_	_
1013-11	PSB005	1013	piccolissima.	piccolissima	linguistic	none	Intonation=falling	End=2022.27	_	_	_	_
1014-0	PSB064	1014	[sì]	sì	linguistic	none	_	Begin=2020.528|End=2020.957	_	_	_	0-2(163)
1015-0	PSB005	1015	all'	all'	linguistic	none	SpaceAfter=No	Begin=2022.62	_	_	_	_
1015-1	PSB005	1015	inizio	inizio	linguistic	none	_	_	_	_	_	_
1015-2	PSB005	1015	era	era	linguistic	none	_	_	_	_	_	_
1015-3	PSB005	1015	{P}	{P}	shortpause	none	_	_	_	_	_	_
1015-4	PSB005	1015	scassatissimo.	scassatissimo	linguistic	none	Intonation=falling	End=2024.96	_	_	_	_
1016-0	PSB064	1016	era	era	linguistic	none	_	Begin=2025.27	_	_	_	_
1016-1	PSB064	1016	piccolo	piccolo	linguistic	none	_	_	_	_	_	_
1016-2	PSB064	1016	(e[ra]).	era	linguistic	none	Intonation=falling	End=2026.23	_	_	0-3(0)	1-3(164)
1017-0	PSB005	1017	[s]ì	sì	linguistic	none	_	Begin=2026.22	_	_	_	0-1(164)
1017-1	PSB005	1017	mh	mh	linguistic	none	_	End=2026.72	_	_	_	_
1018-0	PSB005	1018	e	e	linguistic	none	_	Begin=2028.56	_	_	_	_
1018-1	PSB005	1018	ti	ti	linguistic	none	_	_	_	_	_	_
1018-2	PSB005	1018	trovi	trovi	linguistic	none	_	_	_	_	_	_
1018-3	PSB005	1018	abbastanza	abbastanza	linguistic	none	_	_	_	_	_	_
1018-4	PSB005	1018	bene?	bene	linguistic	none	Intonation=rising	End=2030.42	_	_	_	_
1019-0	PSB064	1019	sì.	sì	linguistic	none	Intonation=falling	Begin=2030.47|End=2030.71	_	_	_	_
1020-0	PSB005	1020	°va	va	linguistic	none	Volume=low	Begin=2033.65	_	_	_	_
1020-1	PSB005	1020	bene	bene	linguistic	none	Volume=low	_	_	_	_	_
1020-2	PSB005	1020	va	va	linguistic	none	Volume=low	_	_	_	_	_
1020-3	PSB005	1020	bene.°	bene	linguistic	none	Intonation=falling|Volume=low	End=2034.84	_	_	_	_
1021-0	PSB005	1021	xx	x	unknown	none	_	Begin=2035.15|End=2035.88	_	_	_	_
1022-0	PSB005	1022	allora,	allora	linguistic	none	Intonation=weakly_rising	Begin=2036.09|End=2036.57	_	_	_	_
