token_id	speaker	tu_id	unit	id	span	form	lemma	upos	xpos	feats	deprel	type	meta_label	variation	jefferson_feats	align	prolongations	pace	guesses	overlaps
0-0	PSB005	0	0	0	okay	okay	_	_	_	_	_	linguistic	_	none	_	Begin=0.53|End=0.97	_	_	_	_
1-0	PSB005	1	1	0	allora	allora	_	_	_	_	_	linguistic	_	none	_	Begin=1.6|End=2.02	_	_	_	_
2-0	PSB005	2	2	0	cosa	cosa	_	_	_	_	_	linguistic	_	none	_	Begin=4.1	_	_	_	_
2-1	PSB005	2	2	1	stavamo	stavamo	_	_	_	_	_	linguistic	_	none	_	_	_	_	_	_
2-2	PSB005	2	2	2	dicendo?	dicendo	_	_	_	_	_	linguistic	_	none	Intonation=Rising	End=5.06	_	_	_	_
3-0	PSB005	3	3	0	la	la	_	_	_	_	_	linguistic	_	none	_	Begin=5.22	_	_	_	_
3-1	PSB005	3	3	1	tua	tua	_	_	_	_	_	linguistic	_	none	_	_	_	_	_	_
3-2	PSB005	3	3	2	sorellina	sorellina	_	_	_	_	_	linguistic	_	none	_	_	_	_	_	_
3-3	PSB005	3	3	3	è	è	_	_	_	_	_	linguistic	_	none	_	_	_	_	_	_
3-4	PSB005	3	3	4	più	più	_	_	_	_	_	linguistic	_	none	_	_	_	_	_	_
3-5	PSB005	3	3	5	giovane	giovane	_	_	_	_	_	linguistic	_	none	_	_	_	_	_	_
3-6	PSB005	3	3	6	anco[ra]?	ancora	_	_	_	_	_	linguistic	_	none	Intonation=Rising	End=7.36	_	_	_	4-6(0)
4-0	PSB059	4	4	0	[sì:]	sì	_	_	_	_	_	linguistic	_	none	_	Begin=7.05|End=7.52	1x1	_	_	0-2(0)
5-0	PSB059	5	5	0	no	no	_	_	_	_	_	linguistic	_	none	_	Begin=7.77	_	_	_	_
5-1	PSB059	5	5	1	e:h	eh	_	_	_	_	_	linguistic	_	none	_	_	0x1	_	_	_
5-2	PSB059	5	5	2	lei	lei	_	_	_	_	_	linguistic	_	none	_	_	_	_	_	_
5-3	PSB059	5	5	3	(er[a])	era	_	_	_	_	_	linguistic	_	none	_	_	_	_	0-3(0)	2-3(1)
5-4	PSB059	5	5	4	ven~	ven~	_	_	_	_	_	linguistic	_	none	Interrupted=Yes|PauseAfter=Yes	_	_	_	_	_
5-5	PSB059	5	5	5	(.)	(.)	_	_	_	_	_	shortpause	_	none	_	_	_	_	_	_
5-6	PSB059	5	5	6	ventuno	ventuno	_	_	_	_	_	linguistic	_	none	_	_	_	_	_	_
5-7	PSB059	5	5	7	anni	anni	_	_	_	_	_	linguistic	_	none	_	End=9.71	_	_	_	_
6-0	PSB005	6	6	0	[ah]	ah	_	_	_	_	_	linguistic	_	none	_	Begin=8.51|End=8.74	_	_	_	0-2(1)
7-0	PSB005	7	7	0	è	è	_	_	_	_	_	linguistic	_	none	_	Begin=11.81	_	_	_	_
7-1	PSB005	7	7	1	un	un	_	_	_	_	_	linguistic	_	none	_	_	_	_	_	_
7-2	PSB005	7	7	2	po'	po'	_	_	_	_	_	linguistic	_	none	_	_	_	_	_	_
7-3	PSB005	7	7	3	più	più	_	_	_	_	_	linguistic	_	none	_	_	_	_	_	_
7-4	PSB005	7	7	4	grande,	grande	_	_	_	_	_	linguistic	_	none	Intonation=WeaklyRising	End=12.6	_	_	_	_
8-0	PSB059	8	8	0	s[ì:]	sì	_	_	_	_	_	linguistic	_	none	_	Begin=12.65|End=12.97	1x1	_	_	1-2(2)
9-0	PSB005	9	9	0	[sì]	sì	_	_	_	_	_	linguistic	_	none	_	Begin=12.76|End=12.97	_	_	_	0-2(2)
10-0	PSB005	10	10	0	andate	andate	_	_	_	_	_	linguistic	_	none	_	Begin=13.49	_	_	_	_
10-1	PSB005	10	10	1	d'	d'	_	_	_	_	_	linguistic	_	none	SpaceAfter=No	_	_	_	_	_
10-2	PSB005	10	10	2	accordo?	accordo	_	_	_	_	_	linguistic	_	none	Intonation=Rising	End=14.49	_	_	_	_
11-0	PSB005	11	11	0	siete	siete	_	_	_	_	_	linguistic	_	none	_	Begin=15.15	_	_	_	_
11-1	PSB005	11	11	1	amici:	amici	_	_	_	_	_	linguistic	_	none	_	_	4x1	_	_	_
11-2	PSB005	11	11	2	o:	o	_	_	_	_	_	linguistic	_	none	_	_	0x1	_	_	_
11-3	PSB005	11	11	3	non	non	_	_	_	_	_	linguistic	_	none	_	_	_	_	_	_
11-4	PSB005	11	11	4	tanto?	tanto	_	_	_	_	_	linguistic	_	none	Intonation=Rising	End=16.84	_	_	_	_
12-0	PSB059	12	12	0	sì	sì	_	_	_	_	_	linguistic	_	none	_	Begin=17.07	_	_	_	_
12-1	PSB059	12	12	1	così	così	_	_	_	_	_	linguistic	_	none	_	_	_	_	_	_
12-2	PSB059	12	12	2	un	un	_	_	_	_	_	linguistic	_	none	_	_	_	_	_	_
12-3	PSB059	12	12	3	po'	po'	_	_	_	_	_	linguistic	_	none	_	_	_	_	_	_
12-4	PSB059	12	12	4	mh	mh	_	_	_	_	_	linguistic	_	none	_	_	_	_	_	_
12-5	PSB059	12	12	5	amici	amici	_	_	_	_	_	linguistic	_	none	_	End=18.95	_	_	_	_
13-0	PSB005	13	13	0	amic[i]?	amici	_	_	_	_	_	linguistic	_	none	Intonation=Rising	Begin=19.32|End=19.87	_	_	_	4-5(3)
14-0	PSB059	14	14	0	[s]ì:	sì	_	_	_	_	_	linguistic	_	none	_	Begin=19.68|End=20.01	1x1	_	_	0-1(3)
15-0	PSB005	15	15	0	e::hm::	ehm	_	_	_	_	_	linguistic	_	none	_	Begin=23.93|End=25.52	0x2,2x2	_	_	_
16-0	PSB005	16	16	0	mi	mi	_	_	_	_	_	linguistic	_	none	_	Begin=26.3	_	_	_	_
16-1	PSB005	16	16	1	mi	mi	_	_	_	_	_	linguistic	_	none	_	_	_	_	_	_
16-2	PSB005	16	16	2	ha	ha	_	_	_	_	_	linguistic	_	none	_	_	_	_	_	_
16-3	PSB005	16	16	3	detto	detto	_	_	_	_	_	linguistic	_	none	_	_	_	_	_	_
16-4	PSB005	16	16	4	che	che	_	_	_	_	_	linguistic	_	none	_	_	_	_	_	_
16-5	PSB005	16	16	5	è	è	_	_	_	_	_	linguistic	_	none	_	_	_	_	_	_
16-6	PSB005	16	16	6	molto	molto	_	_	_	_	_	linguistic	_	none	_	_	_	_	_	_
16-7	PSB005	16	16	7	giovane	giovane	_	_	_	_	_	linguistic	_	none	_	_	_	_	_	_
16-8	PSB005	16	16	8	è	è	_	_	_	_	_	linguistic	_	none	_	_	_	_	_	_
16-9	PSB005	16	16	9	più	più	_	_	_	_	_	linguistic	_	none	_	_	_	_	_	_
16-10	PSB005	16	16	10	giovane	giovane	_	_	_	_	_	linguistic	_	none	_	_	_	_	_	_
16-11	PSB005	16	16	11	di	di	_	_	_	_	_	linguistic	_	none	_	_	_	_	_	_
16-12	PSB005	16	16	12	t[e]	te	_	_	_	_	_	linguistic	_	none	_	End=28.54	_	_	_	1-2(4)
17-0	PSB059	17	17	0	[sì]	sì	_	_	_	_	_	linguistic	_	none	_	Begin=28.4	_	_	_	0-2(4)
17-1	PSB059	17	17	1	sì	sì	_	_	_	_	_	linguistic	_	none	_	_	_	_	_	_
17-2	PSB059	17	17	2	sì	sì	_	_	_	_	_	linguistic	_	none	_	_	_	_	_	_
17-3	PSB059	17	17	3	sì	sì	_	_	_	_	_	linguistic	_	none	_	End=29.37	_	_	_	_
18-0	PSB059	18	18	0	°ventise~	ventise~	_	_	_	_	_	linguistic	_	none	Interrupted=Yes|Volume=low	Begin=29.43	_	_	_	_
18-1	PSB059	18	18	1	qua~	qua~	_	_	_	_	_	linguistic	_	none	Interrupted=Yes|Volume=low	_	_	_	_	_
18-2	PSB059	18	18	2	quanti	quanti	_	_	_	_	_	linguistic	_	none	Volume=low	_	_	_	_	_
18-3	PSB059	18	18	3	anni	anni	_	_	_	_	_	linguistic	_	none	Volume=low	_	_	_	_	_
18-4	PSB059	18	18	4	ha?°	ha	_	_	_	_	_	linguistic	_	none	Intonation=Rising|Volume=low	End=31.2	_	_	_	_
19-0	PSB059	19	19	0	sedici	sedici	_	_	_	_	_	linguistic	_	none	_	Begin=31.48|End=31.88	_	_	_	_
20-0	PSB005	20	20	0	se[dici]	sedici	_	_	_	_	_	linguistic	_	none	_	Begin=31.97|End=32.49	_	_	_	2-6(5)
21-0	PSB058	21	21	0	[sedi]ci	sedici	_	_	_	_	_	linguistic	_	none	_	Begin=32.13|End=32.55	_	_	_	0-4(5)
22-0	PSB005	22	22	0	e:hm:	ehm	_	_	_	_	_	linguistic	_	none	PauseAfter=Yes	Begin=32.94	0x1,2x1	_	_	_
22-1	PSB005	22	22	1	(.)	(.)	_	_	_	_	_	shortpause	_	none	_	_	_	_	_	_
22-2	PSB005	22	22	2	e	e	_	_	_	_	_	linguistic	_	none	_	_	_	_	_	_
22-3	PSB005	22	22	3	tu	tu	_	_	_	_	_	linguistic	_	none	_	_	_	_	_	_
22-4	PSB005	22	22	4	stai	stai	_	_	_	_	_	linguistic	_	none	_	_	_	_	_	_
22-5	PSB005	22	22	5	andando	andando	_	_	_	_	_	linguistic	_	none	_	_	_	_	_	_
22-6	PSB005	22	22	6	a	a	_	_	_	_	_	linguistic	_	none	_	_	_	_	_	_
22-7	PSB005	22	22	7	scuola:	scuola	_	_	_	_	_	linguistic	_	none	_	_	5x1	_	_	_
22-8	PSB005	22	22	8	normalmente	normalmente	_	_	_	_	_	linguistic	_	none	_	_	_	_	_	_
22-9	PSB005	22	22	9	la	la	_	_	_	_	_	linguistic	_	none	_	_	_	_	_	_
22-10	PSB005	22	22	10	mattina:?	mattina	_	_	_	_	_	linguistic	_	none	Intonation=Rising	End=36.55	6x1	_	_	_
23-0	PSB059	23	23	0	sì	sì	_	_	_	_	_	linguistic	_	none	_	Begin=36.73|End=37.08	_	_	_	_
24-0	PSB005	24	24	0	e	e	_	_	_	_	_	linguistic	_	none	_	Begin=37.69	_	_	_	_
24-1	PSB005	24	24	1	quale	quale	_	_	_	_	_	linguistic	_	none	_	_	_	_	_	_
24-2	PSB005	24	24	2	scuola	scuola	_	_	_	_	_	linguistic	_	none	_	_	_	_	_	_
24-3	PSB005	24	24	3	fai:?	fai	_	_	_	_	_	linguistic	_	none	Intonation=Rising	End=38.83	2x1	_	_	_
25-0	PSB059	25	25	0	eh	eh	_	_	_	_	_	linguistic	_	none	_	Begin=38.93	_	_	_	_
25-1	PSB059	25	25	1	faccio:	faccio	_	_	_	_	_	linguistic	_	none	_	_	5x1	_	_	_
25-2	PSB059	25	25	2	@nomeluogo:	@nomeluogo	_	_	_	_	_	anonymized	_	none	_	_	9x1	_	_	_
25-3	PSB059	25	25	3	@nomeluo~	@nomeluo~	_	_	_	_	_	anonymized	_	none	Interrupted=Yes	_	_	_	_	_
25-4	PSB059	25	25	4	@nome[luogo]	@nomeluogo	_	_	_	_	_	anonymized	_	none	_	_	_	_	_	5-10(6)
25-5	PSB059	25	25	5	(quello)	quello	_	_	_	_	_	linguistic	_	none	_	End=41.83	_	_	0-6(0)	_
26-0	PSB005	26	26	0	[mhmh]	mhmh	_	_	_	_	_	linguistic	_	none	_	Begin=40.86|End=41.3	_	_	_	0-4(6)
27-0	PSB005	27	27	0	qual	qual	_	_	_	_	_	linguistic	_	none	_	Begin=41.95	_	_	_	_
27-1	PSB005	27	27	1	è	è	_	_	_	_	_	linguistic	_	none	_	_	_	_	_	_
27-2	PSB005	27	27	2	il	il	_	_	_	_	_	linguistic	_	none	_	_	_	_	_	_
27-3	PSB005	27	27	3	tuo	tuo	_	_	_	_	_	linguistic	_	none	_	_	_	_	_	_
27-4	PSB005	27	27	4	corso?	corso	_	_	_	_	_	linguistic	_	none	Intonation=Rising	End=43.05	_	_	_	_
28-0	PSB005	28	28	0	come	come	_	_	_	_	_	linguistic	_	none	_	Begin=43.35	_	_	_	_
28-1	PSB005	28	28	1	si	si	_	_	_	_	_	linguistic	_	none	_	_	_	_	_	_
28-2	PSB005	28	28	2	[chiama:	chiama	_	_	_	_	_	linguistic	_	none	_	_	5x1	_	_	0-6(7)
28-3	PSB005	28	28	3	il	il	_	_	_	_	_	linguistic	_	none	_	_	_	_	_	0-2(7)
28-4	PSB005	28	28	4	tuo	tuo	_	_	_	_	_	linguistic	_	none	_	_	_	_	_	0-3(7)
28-5	PSB005	28	28	5	indirizzo]?	indirizzo	_	_	_	_	_	linguistic	_	none	Intonation=Rising	End=44.87	_	_	_	0-9(7)
29-0	PSB059	29	29	0	[(industria	industria	_	_	_	_	_	linguistic	_	none	_	Begin=43.68	_	_	0-9(0)	0-9(7)
29-1	PSB059	29	29	1	e)	e	_	_	_	_	_	linguistic	_	none	_	_	_	_	0-1(0)	0-1(7)
29-2	PSB059	29	29	2	meccanico]	meccanico	_	_	_	_	_	linguistic	_	none	_	End=44.87	_	_	_	0-9(7)
30-0	PSB059	30	30	0	mecca[nico]	meccanico	_	_	_	_	_	linguistic	_	none	_	Begin=45.04|End=45.87	_	_	_	5-9(8)
31-0	PSB005	31	31	0	[okay]	okay	_	_	_	_	_	linguistic	_	none	_	Begin=45.36|End=45.75	_	_	_	0-4(8)
32-0	PSB059	32	32	0	operatrice	operatrice	_	_	_	_	_	linguistic	_	none	_	Begin=45.96|End=46.62	_	_	_	_
33-0	PSB005	33	33	0	mhmh	mhmh	_	_	_	_	_	linguistic	_	none	_	Begin=46.66|End=47.02	_	_	_	_
34-0	PSB005	34	34	0	com'	com'	_	_	_	_	_	linguistic	_	none	SpaceAfter=No	Begin=47.05	_	_	_	_
34-1	PSB005	34	34	1	è	è	_	_	_	_	_	linguistic	_	none	PauseAfter=Yes	_	_	_	_	_
34-2	PSB005	34	34	2	(.)	(.)	_	_	_	_	_	shortpause	_	none	_	_	_	_	_	_
34-3	PSB005	34	34	3	come	come	_	_	_	_	_	linguistic	_	none	_	_	_	_	_	_
34-4	PSB005	34	34	4	funziona	funziona	_	_	_	_	_	linguistic	_	none	_	_	_	_	_	_
34-5	PSB005	34	34	5	quali	quali	_	_	_	_	_	linguistic	_	none	_	_	_	_	_	_
34-6	PSB005	34	34	6	materie	materie	_	_	_	_	_	linguistic	_	none	_	_	_	_	_	_
34-7	PSB005	34	34	7	ha:i	hai	_	_	_	_	_	linguistic	_	none	_	_	1x1	_	_	_
34-8	PSB005	34	34	8	mi	mi	_	_	_	_	_	linguistic	_	none	_	_	_	_	_	_
34-9	PSB005	34	34	9	vuoi	vuoi	_	_	_	_	_	linguistic	_	none	_	_	_	_	_	_
34-10	PSB005	34	34	10	raccontare	raccontare	_	_	_	_	_	linguistic	_	none	_	_	_	_	_	_
34-11	PSB005	34	34	11	un	un	_	_	_	_	_	linguistic	_	none	_	_	_	_	_	_
34-12	PSB005	34	34	12	po'::	po'	_	_	_	_	_	linguistic	_	none	_	End=50.85	1x2	_	_	_
35-0	PSB059	35	35	0	ehm	ehm	_	_	_	_	_	linguistic	_	none	_	Begin=51.07	_	_	_	_
35-1	PSB059	35	35	1	mi	mi	_	_	_	_	_	linguistic	_	none	_	_	_	_	_	_
35-2	PSB059	35	35	2	piace	piace	_	_	_	_	_	linguistic	_	none	_	_	_	_	_	_
35-3	PSB059	35	35	3	inglese:	inglese	_	_	_	_	_	linguistic	_	none	_	_	6x1	_	_	_
35-4	PSB059	35	35	4	perché	perché	_	_	_	_	_	linguistic	_	none	_	_	_	_	_	_
35-5	PSB059	35	35	5	n~	n~	_	_	_	_	_	linguistic	_	none	Interrupted=Yes	_	_	_	_	_
35-6	PSB059	35	35	6	nostro	nostro	_	_	_	_	_	linguistic	_	none	_	_	_	_	_	_
35-7	PSB059	35	35	7	paese:	paese	_	_	_	_	_	linguistic	_	none	_	End=54.02	4x1	_	_	_
36-0	PSB059	36	36	0	s~	s~	_	_	_	_	_	linguistic	_	none	Interrupted=Yes	Begin=54.36	_	_	_	_
36-1	PSB059	36	36	1	s~	s~	_	_	_	_	_	linguistic	_	none	Interrupted=Yes	_	_	_	_	_
36-2	PSB059	36	36	2	(un	un	_	_	_	_	_	linguistic	_	none	_	_	_	_	0-2(0)	_
36-3	PSB059	36	36	3	po')	po'	_	_	_	_	_	linguistic	_	none	_	_	_	_	0-3(0)	_
36-4	PSB059	36	36	4	poco::	poco	_	_	_	_	_	linguistic	_	none	_	_	3x2	_	_	_
36-5	PSB059	36	36	5	sa	sa	_	_	_	_	_	linguistic	_	none	_	_	_	_	_	_
36-6	PSB059	36	36	6	inglese:	inglese	_	_	_	_	_	linguistic	_	none	_	End=56.84	6x1	_	_	_
37-0	PSB005	37	37	0	mhmh	mhmh	_	_	_	_	_	linguistic	_	none	_	Begin=56.86|End=57.33	_	_	_	_
38-0	PSB059	38	38	0	per	per	_	_	_	_	_	linguistic	_	none	_	Begin=58.58	_	_	_	_
38-1	PSB059	38	38	1	quello:	quello	_	_	_	_	_	linguistic	_	none	_	_	5x1	_	_	_
38-2	PSB059	38	38	2	che	che	_	_	_	_	_	linguistic	_	none	_	_	_	_	_	_
38-3	PSB059	38	38	3	sa:	sa	_	_	_	_	_	linguistic	_	none	_	_	1x1	_	_	_
38-4	PSB059	38	38	4	so	so	_	_	_	_	_	linguistic	_	none	_	_	_	_	_	_
38-5	PSB059	38	38	5	un	un	_	_	_	_	_	linguistic	_	none	_	_	_	_	_	_
38-6	PSB059	38	38	6	po':	po'	_	_	_	_	_	linguistic	_	none	_	_	1x1	_	_	_
38-7	PSB059	38	38	7	inglese:	inglese	_	_	_	_	_	linguistic	_	none	PauseAfter=Yes	_	6x1	_	_	_
38-8	PSB059	38	38	8	(.)	(.)	_	_	_	_	_	shortpause	_	none	_	_	_	_	_	_
38-9	PSB059	38	38	9	neanche,	neanche	_	_	_	_	_	linguistic	_	none	Intonation=WeaklyRising	_	_	_	_	_
38-10	PSB059	38	38	10	matematica	matematica	_	_	_	_	_	linguistic	_	none	_	_	_	_	_	_
38-11	PSB059	38	38	11	un	un	_	_	_	_	_	linguistic	_	none	_	_	_	_	_	_
38-12	PSB059	38	38	12	po'	po'	_	_	_	_	_	linguistic	_	none	_	End=63.17	_	_	_	_
39-0	PSB005	39	39	0	mhmh	mhmh	_	_	_	_	_	linguistic	_	none	_	Begin=63.44|End=63.79	_	_	_	_
40-0	PSB059	40	40	0	però:	però	_	_	_	_	_	linguistic	_	none	_	Begin=65.01	3x1	_	_	_
40-1	PSB059	40	40	1	mi	mi	_	_	_	_	_	linguistic	_	none	_	_	_	_	_	_
40-2	PSB059	40	40	2	piace:	piace	_	_	_	_	_	linguistic	_	none	_	_	4x1	_	_	_
40-3	PSB059	40	40	3	motoria	motoria	_	_	_	_	_	linguistic	_	none	_	_	_	_	_	_
40-4	PSB059	40	40	4	perché:	perché	_	_	_	_	_	linguistic	_	none	_	_	5x1	_	_	_
40-5	PSB059	40	40	5	((ride))	((ride))	_	_	_	_	_	nonverbalbehavior	_	none	_	_	_	_	_	_
40-6	PSB059	40	40	6	nella	nella	_	_	_	_	_	linguistic	_	none	_	_	_	_	_	_
40-7	PSB059	40	40	7	motoria	motoria	_	_	_	_	_	linguistic	_	none	_	_	_	_	_	_
40-8	PSB059	40	40	8	giocano:	giocano	_	_	_	_	_	linguistic	_	none	PauseAfter=Yes	_	6x1	_	_	_
40-9	PSB059	40	40	9	(.)	(.)	_	_	_	_	_	shortpause	_	none	_	_	_	_	_	_
40-10	PSB059	40	40	10	ca:lcio	calcio	_	_	_	_	_	linguistic	_	none	_	_	1x1	_	_	_
40-11	PSB059	40	40	11	altre	altre	_	_	_	_	_	linguistic	_	none	_	_	_	_	_	_
40-12	PSB059	40	40	12	cose	cose	_	_	_	_	_	linguistic	_	none	_	End=70.35	_	_	_	_
41-0	PSB005	41	41	0	okay	okay	_	_	_	_	_	linguistic	_	none	PauseAfter=Yes	Begin=70.97	_	_	_	_
41-1	PSB005	41	41	1	(.)	(.)	_	_	_	_	_	shortpause	_	none	_	_	_	_	_	_
41-2	PSB005	41	41	2	ho	ho	_	_	_	_	_	linguistic	_	none	_	_	_	_	_	_
41-3	PSB005	41	41	3	capito	capito	_	_	_	_	_	linguistic	_	none	_	_	_	_	_	_
41-4	PSB005	41	41	4	okay	okay	_	_	_	_	_	linguistic	_	none	_	End=72.45	_	_	_	_
42-0	PSB005	42	42	0	e:hm	ehm	_	_	_	_	_	linguistic	_	none	_	Begin=72.75|End=73.38	0x1	_	_	_
43-0	PSB005	43	43	0	quanti	quanti	_	_	_	_	_	linguistic	_	none	_	Begin=73.78	_	_	_	_
43-1	PSB005	43	43	1	anni	anni	_	_	_	_	_	linguistic	_	none	_	_	_	_	_	_
43-2	PSB005	43	43	2	ti	ti	_	_	_	_	_	linguistic	_	none	_	_	_	_	_	_
43-3	PSB005	43	43	3	mancano	mancano	_	_	_	_	_	linguistic	_	none	PauseAfter=Yes	_	_	_	_	_
43-4	PSB005	43	43	4	(.)	(.)	_	_	_	_	_	shortpause	_	none	_	_	_	_	_	_
43-5	PSB005	43	43	5	per	per	_	_	_	_	_	linguistic	_	none	_	_	_	_	_	_
43-6	PSB005	43	43	6	finire?	finire	_	_	_	_	_	linguistic	_	none	Intonation=Rising	End=75.85	_	_	_	_
44-0	PSB059	44	44	0	°ancor(a)	ancora	_	_	_	_	_	linguistic	_	none	Volume=low	Begin=76.61	_	_	5-6(0)	_
44-1	PSB059	44	44	1	due	due	_	_	_	_	_	linguistic	_	none	Volume=low	_	_	_	_	_
44-2	PSB059	44	44	2	anni°	anni	_	_	_	_	_	linguistic	_	none	Volume=low	End=77.38	_	_	_	_
45-0	PSB005	45	45	0	ancora	ancora	_	_	_	_	_	linguistic	_	none	_	Begin=77.52	_	_	_	_
45-1	PSB005	45	45	1	due	due	_	_	_	_	_	linguistic	_	none	_	_	_	_	_	_
45-2	PSB005	45	45	2	anni	anni	_	_	_	_	_	linguistic	_	none	_	_	_	_	_	_
45-3	PSB005	45	45	3	okay	okay	_	_	_	_	_	linguistic	_	none	_	End=78.7	_	_	_	_
46-0	PSB005	46	46	0	quest'	quest'	_	_	_	_	_	linguistic	_	none	SpaceAfter=No	Begin=79.89	_	_	_	_
46-1	PSB005	46	46	1	anno	anno	_	_	_	_	_	linguistic	_	none	_	_	_	_	_	_
46-2	PSB005	46	46	2	come	come	_	_	_	_	_	linguistic	_	none	_	_	_	_	_	_
46-3	PSB005	46	46	3	è	è	_	_	_	_	_	linguistic	_	none	_	_	_	_	_	_
46-4	PSB005	46	46	4	andata?	andata	_	_	_	_	_	linguistic	_	none	Intonation=Rising	End=80.89	_	_	_	_
47-0	PSB059	47	47	0	quest'	quest'	_	_	_	_	_	linguistic	_	none	SpaceAfter=No	Begin=81.73	_	_	_	_
47-1	PSB059	47	47	1	a:nno::	anno	_	_	_	_	_	linguistic	_	none	PauseAfter=Yes	_	0x1,3x2	_	_	_
47-2	PSB059	47	47	2	(.)	(.)	_	_	_	_	_	shortpause	_	none	_	_	_	_	_	_
47-3	PSB059	47	47	3	bene	bene	_	_	_	_	_	linguistic	_	none	_	_	_	_	_	_
47-4	PSB059	47	47	4	((ride))	((ride))	_	_	_	_	_	nonverbalbehavior	_	none	_	End=84.15	_	_	_	_
48-0	PSB005	48	48	0	°okay°	okay	_	_	_	_	_	linguistic	_	none	Volume=low	Begin=85.03|End=85.53	_	_	_	_
49-0	PSB005	49	49	0	però	però	_	_	_	_	_	linguistic	_	none	_	Begin=86.08	_	_	_	_
49-1	PSB005	49	49	1	adesso	adesso	_	_	_	_	_	linguistic	_	none	_	_	_	_	_	_
49-2	PSB005	49	49	2	sei	sei	_	_	_	_	_	linguistic	_	none	_	_	_	_	_	_
49-3	PSB005	49	49	3	in	in	_	_	_	_	_	linguistic	_	none	_	_	_	_	_	_
49-4	PSB005	49	49	4	vacanza	vacanza	_	_	_	_	_	linguistic	_	none	_	End=87.18	_	_	_	_
50-0	PSB059	50	50	0	sì	sì	_	_	_	_	_	linguistic	_	none	_	Begin=87.43|End=87.84	_	_	_	_
51-0	PSB005	51	51	0	e	e	_	_	_	_	_	linguistic	_	none	_	Begin=87.92	_	_	_	_
51-1	PSB005	51	51	1	che	che	_	_	_	_	_	linguistic	_	none	_	_	_	_	_	_
51-2	PSB005	51	51	2	cosa	cosa	_	_	_	_	_	linguistic	_	none	_	_	_	_	_	_
51-3	PSB005	51	51	3	fai:	fai	_	_	_	_	_	linguistic	_	none	_	_	2x1	_	_	_
51-4	PSB005	51	51	4	adesso	adesso	_	_	_	_	_	linguistic	_	none	_	_	_	_	_	_
51-5	PSB005	51	51	5	che	che	_	_	_	_	_	linguistic	_	none	_	_	_	_	_	_
51-6	PSB005	51	51	6	sei	sei	_	_	_	_	_	linguistic	_	none	_	_	_	_	_	_
51-7	PSB005	51	51	7	in	in	_	_	_	_	_	linguistic	_	none	_	_	_	_	_	_
51-8	PSB005	51	51	8	vacanza:?	vacanza	_	_	_	_	_	linguistic	_	none	Intonation=Rising	End=89.91	6x1	_	_	_
52-0	PSB059	52	52	0	e::hm	ehm	_	_	_	_	_	linguistic	_	none	_	Begin=90.3	0x2	_	_	_
52-1	PSB059	52	52	1	notte:	notte	_	_	_	_	_	linguistic	_	none	_	_	4x1	_	_	_
52-2	PSB059	52	52	2	un	un	_	_	_	_	_	linguistic	_	none	_	_	_	_	_	_
52-3	PSB059	52	52	3	po'	po'	_	_	_	_	_	linguistic	_	none	_	_	_	_	_	_
52-4	PSB059	52	52	4	studio	studio	_	_	_	_	_	linguistic	_	none	_	_	_	_	_	_
52-5	PSB059	52	52	5	per	per	_	_	_	_	_	linguistic	_	none	_	_	_	_	_	_
52-6	PSB059	52	52	6	la	la	_	_	_	_	_	linguistic	_	none	_	_	_	_	_	_
52-7	PSB059	52	52	7	patente	patente	_	_	_	_	_	linguistic	_	none	_	_	_	_	_	_
52-8	PSB059	52	52	8	perché:	perché	_	_	_	_	_	linguistic	_	none	_	End=94.13	5x1	_	_	_
53-0	PSB059	53	53	0	mancano	mancano	_	_	_	_	_	linguistic	_	none	_	Begin=95.04	_	_	_	_
53-1	PSB059	53	53	1	due	due	_	_	_	_	_	linguistic	_	none	_	_	_	_	_	_
53-2	PSB059	53	53	2	anni	anni	_	_	_	_	_	linguistic	_	none	_	_	_	_	_	_
53-3	PSB059	53	53	3	per:	per	_	_	_	_	_	linguistic	_	none	_	_	2x1	_	_	_
53-4	PSB059	53	53	4	diciotto	diciotto	_	_	_	_	_	linguistic	_	none	_	_	_	_	_	_
53-5	PSB059	53	53	5	anni	anni	_	_	_	_	_	linguistic	_	none	_	End=97.39	_	_	_	_
54-0	PSB005	54	54	0	mhmh	mhmh	_	_	_	_	_	linguistic	_	none	_	Begin=97.5|End=97.83	_	_	_	_
55-0	PSB059	55	55	0	per	per	_	_	_	_	_	linguistic	_	none	_	Begin=97.84	_	_	_	_
55-1	PSB059	55	55	1	quello:	quello	_	_	_	_	_	linguistic	_	none	_	_	5x1	_	_	_
55-2	PSB059	55	55	2	s~	s~	_	_	_	_	_	linguistic	_	none	Interrupted=Yes	_	_	_	_	_
55-3	PSB059	55	55	3	che	che	_	_	_	_	_	linguistic	_	none	_	_	_	_	_	_
55-4	PSB059	55	55	4	studio	studio	_	_	_	_	_	linguistic	_	none	_	_	_	_	_	_
55-5	PSB059	55	55	5	per	per	_	_	_	_	_	linguistic	_	none	_	_	_	_	_	_
55-6	PSB059	55	55	6	patente,	patente	_	_	_	_	_	linguistic	_	none	Intonation=WeaklyRising	End=100.03	_	_	_	_
56-0	PSB059	56	56	0	e::	e	_	_	_	_	_	linguistic	_	none	_	Begin=101.8|End=102.46	0x2	_	_	_
57-0	PSB059	57	57	0	la	la	_	_	_	_	_	linguistic	_	none	_	Begin=102.97	_	_	_	_
57-1	PSB059	57	57	1	mat~	mat~	_	_	_	_	_	linguistic	_	none	Interrupted=Yes|PauseAfter=Yes	_	_	_	_	_
57-2	PSB059	57	57	2	(.)	(.)	_	_	_	_	_	shortpause	_	none	_	_	_	_	_	_
57-3	PSB059	57	57	3	il	il	_	_	_	_	_	linguistic	_	none	_	_	_	_	_	_
57-4	PSB059	57	57	4	giorno:	giorno	_	_	_	_	_	linguistic	_	none	_	_	5x1	_	_	_
57-5	PSB059	57	57	5	non	non	_	_	_	_	_	linguistic	_	none	_	_	_	_	_	_
57-6	PSB059	57	57	6	faccio	faccio	_	_	_	_	_	linguistic	_	none	_	_	_	_	_	_
57-7	PSB059	57	57	7	niente,	niente	_	_	_	_	_	linguistic	_	none	Intonation=WeaklyRising	_	_	_	_	_
57-8	PSB059	57	57	8	solo	solo	_	_	_	_	_	linguistic	_	none	_	_	_	_	_	_
57-9	PSB059	57	57	9	gioco::	gioco	_	_	_	_	_	linguistic	_	none	_	_	4x2	_	_	_
57-10	PSB059	57	57	10	xx	xx	_	_	_	_	_	unknown	_	none	Syllables=2	_	_	_	_	_
57-11	PSB059	57	57	11	di	di	_	_	_	_	_	linguistic	_	none	_	_	_	_	_	_
57-12	PSB059	57	57	12	mia	mia	_	_	_	_	_	linguistic	_	none	_	_	_	_	_	_
57-13	PSB059	57	57	13	sorella	sorella	_	_	_	_	_	linguistic	_	none	_	_	_	_	_	_
57-14	PSB059	57	57	14	basta	basta	_	_	_	_	_	linguistic	_	none	_	End=107.84	_	_	_	_
58-0	PSB005	58	58	0	mhmh	mhmh	_	_	_	_	_	linguistic	_	none	_	Begin=107.85|End=108.22	_	_	_	_
59-0	PSB005	59	59	0	che	che	_	_	_	_	_	linguistic	_	none	_	Begin=108.51	_	_	_	_
59-1	PSB005	59	59	1	giochi:	giochi	_	_	_	_	_	linguistic	_	none	_	_	5x1	_	_	_
59-2	PSB005	59	59	2	fai?	fai	_	_	_	_	_	linguistic	_	none	Intonation=Rising	End=109.61	_	_	_	_
60-0	PSB059	60	60	0	e:h	eh	_	_	_	_	_	linguistic	_	none	_	Begin=110.165	0x1	_	_	_
60-1	PSB059	60	60	1	o	o	_	_	_	_	_	linguistic	_	none	_	_	_	_	_	_
60-2	PSB059	60	60	2	giochiamo	giochiamo	_	_	_	_	_	linguistic	_	none	_	_	_	_	_	_
60-3	PSB059	60	60	3	quasi	quasi	_	_	_	_	_	linguistic	_	none	_	_	_	_	_	_
60-4	PSB059	60	60	4	e:h	eh	_	_	_	_	_	linguistic	_	none	_	_	0x1	_	_	_
60-5	PSB059	60	60	5	così:	così	_	_	_	_	_	linguistic	_	none	_	End=112.02	3x1	_	_	_
61-0	PSB059	61	61	0	perché	perché	_	_	_	_	_	linguistic	_	none	_	Begin=112.89	_	_	_	_
61-1	PSB059	61	61	1	l:ei	lei	_	_	_	_	_	linguistic	_	none	_	_	0x1	_	_	_
61-2	PSB059	61	61	2	non	non	_	_	_	_	_	linguistic	_	none	_	_	_	_	_	_
61-3	PSB059	61	61	3	sa	sa	_	_	_	_	_	linguistic	_	none	_	_	_	_	_	_
61-4	PSB059	61	61	4	parlare	parlare	_	_	_	_	_	linguistic	_	none	_	_	_	_	_	_
61-5	PSB059	61	61	5	neanche:	neanche	_	_	_	_	_	linguistic	_	none	_	_	6x1	_	_	_
61-6	PSB059	61	61	6	non	non	_	_	_	_	_	linguistic	_	none	_	_	_	_	_	_
61-7	PSB059	61	61	7	sa::	sa	_	_	_	_	_	linguistic	_	none	_	End=115.26	1x2	_	_	_
62-0	PSB059	62	62	0	in	in	_	_	_	_	_	linguistic	_	none	PauseAfter=Yes	Begin=115.62	_	_	_	_
62-1	PSB059	62	62	1	(.)	(.)	_	_	_	_	_	shortpause	_	none	_	_	_	_	_	_
62-2	PSB059	62	62	2	italiano,	italiano	_	_	_	_	_	linguistic	_	none	Intonation=WeaklyRising	End=116.44	_	_	_	_
63-0	PSB005	63	63	0	[mhmh]	mhmh	_	_	_	_	_	linguistic	_	none	_	Begin=116.6|End=116.93	_	_	_	0-4(?)
64-0	PSB059	64	64	0	troppo	troppo	_	_	_	_	_	linguistic	_	none	_	Begin=117.005|End=117.35	_	_	_	_
65-0	PSB059	65	65	0	così	così	_	_	_	_	_	linguistic	_	none	_	Begin=118.15	_	_	_	_
65-1	PSB059	65	65	1	parliamo	parliamo	_	_	_	_	_	linguistic	_	none	_	_	_	_	_	_
65-2	PSB059	65	65	2	italiano	italiano	_	_	_	_	_	linguistic	_	none	_	_	_	_	_	_
65-3	PSB059	65	65	3	se:	se	_	_	_	_	_	linguistic	_	none	_	_	1x1	_	_	_
65-4	PSB059	65	65	4	lei	lei	_	_	_	_	_	linguistic	_	none	_	_	_	_	_	_
65-5	PSB059	65	65	5	sbagliato:.	sbagliato	_	_	_	_	_	linguistic	_	none	Intonation=Falling	End=120.96	8x1	_	_	_
66-0	PSB005	66	66	0	v~	v~	_	_	_	_	_	linguistic	_	none	Interrupted=Yes	Begin=122.84	_	_	_	_
66-1	PSB005	66	66	1	vi	vi	_	_	_	_	_	linguistic	_	none	_	_	_	_	_	_
66-2	PSB005	66	66	2	esercitate	esercitate	_	_	_	_	_	linguistic	_	none	_	_	_	_	_	_
66-3	PSB005	66	66	3	in	in	_	_	_	_	_	linguistic	_	none	_	_	_	_	_	_
66-4	PSB005	66	66	4	[italian]o	italiano	_	_	_	_	_	linguistic	_	none	_	_	_	_	_	0-7(9)
66-5	PSB005	66	66	5	insieme,	insieme	_	_	_	_	_	linguistic	_	none	Intonation=WeaklyRising	End=125.05	_	_	_	_
67-0	PSB059	67	67	0	[sì:]	sì	_	_	_	_	_	linguistic	_	none	_	Begin=123.98|End=124.37	1x1	_	_	0-2(9)
68-0	PSB005	68	68	0	okay	okay	_	_	_	_	_	linguistic	_	none	_	Begin=125.48|End=125.95	_	_	_	_
69-0	PSB005	69	69	0	eh	eh	_	_	_	_	_	linguistic	_	none	_	Begin=126.59	_	_	_	_
69-1	PSB005	69	69	1	sei	sei	_	_	_	_	_	linguistic	_	none	_	_	_	_	_	_
69-2	PSB005	69	69	2	molto	molto	_	_	_	_	_	linguistic	_	none	_	_	_	_	_	_
69-3	PSB005	69	69	3	carino:	carino	_	_	_	_	_	linguistic	_	none	_	_	5x1	_	_	_
69-4	PSB005	69	69	4	sì	sì	_	_	_	_	_	linguistic	_	none	_	End=128.06	_	_	_	_
70-0	PSB059	70	70	0	(grazie)	grazie	_	_	_	_	_	linguistic	_	none	_	Begin=128.11	_	_	0-6(0)	_
70-1	PSB059	70	70	1	((ride))	((ride))	_	_	_	_	_	nonverbalbehavior	_	none	_	End=128.89	_	_	_	_
71-0	PSB005	71	71	0	e::hm	ehm	_	_	_	_	_	linguistic	_	none	_	Begin=128.78	0x2	_	_	_
71-1	PSB005	71	71	1	molto	molto	_	_	_	_	_	linguistic	_	none	_	End=129.64	_	_	_	_
72-0	PSB005	72	72	0	e	e	_	_	_	_	_	linguistic	_	none	_	Begin=130.14	_	_	_	_
72-1	PSB005	72	72	1	i	i	_	_	_	_	_	linguistic	_	none	_	_	_	_	_	_
72-2	PSB005	72	72	2	tuoi	tuoi	_	_	_	_	_	linguistic	_	none	_	_	_	_	_	_
72-3	PSB005	72	72	3	compagni	compagni	_	_	_	_	_	linguistic	_	none	_	_	_	_	_	_
72-4	PSB005	72	72	4	di	di	_	_	_	_	_	linguistic	_	none	_	_	_	_	_	_
72-5	PSB005	72	72	5	classe:	classe	_	_	_	_	_	linguistic	_	none	_	_	5x1	_	_	_
72-6	PSB005	72	72	6	come	come	_	_	_	_	_	linguistic	_	none	_	_	_	_	_	_
72-7	PSB005	72	72	7	sono	sono	_	_	_	_	_	linguistic	_	none	_	_	_	_	_	_
72-8	PSB005	72	72	8	com'	com'	_	_	_	_	_	linguistic	_	none	SpaceAfter=No	_	_	_	_	_
72-9	PSB005	72	72	9	è	è	_	_	_	_	_	linguistic	_	none	_	_	_	_	_	_
72-10	PSB005	72	72	10	la	la	_	_	_	_	_	linguistic	_	none	_	_	_	_	_	_
72-11	PSB005	72	72	11	tua	tua	_	_	_	_	_	linguistic	_	none	_	_	_	_	_	_
72-12	PSB005	72	72	12	classe?	classe	_	_	_	_	_	linguistic	_	none	Intonation=Rising	End=133.32	_	_	_	_
73-0	PSB059	73	73	0	tutti	tutti	_	_	_	_	_	linguistic	_	none	_	Begin=133.97	_	_	_	_
73-1	PSB059	73	73	1	bravi	bravi	_	_	_	_	_	linguistic	_	none	_	End=134.76	_	_	_	_
74-0	PSB005	74	74	0	okay	okay	_	_	_	_	_	linguistic	_	none	_	Begin=135.09|End=135.59	_	_	_	_
75-0	PSB005	75	75	0	sono	sono	_	_	_	_	_	linguistic	_	none	_	Begin=136.43	_	_	_	_
75-1	PSB005	75	75	1	ita~	ita~	_	_	_	_	_	linguistic	_	none	Interrupted=Yes	_	_	_	_	_
75-2	PSB005	75	75	2	hai	hai	_	_	_	_	_	linguistic	_	none	_	_	_	_	_	_
75-3	PSB005	75	75	3	hai	hai	_	_	_	_	_	linguistic	_	none	_	_	_	_	_	_
75-4	PSB005	75	75	4	degli	degli	_	_	_	_	_	linguistic	_	none	_	_	_	_	_	_
75-5	PSB005	75	75	5	amici:	amici	_	_	_	_	_	linguistic	_	none	_	_	4x1	_	_	_
75-6	PSB005	75	75	6	[hai	hai	_	_	_	_	_	linguistic	_	none	_	_	_	_	_	0-3(11)
75-7	PSB005	75	75	7	fa]tto	fatto	_	_	_	_	_	linguistic	_	none	_	_	_	_	_	0-2(11)
75-8	PSB005	75	75	8	amici[zia]?	amicizia	_	_	_	_	_	linguistic	_	none	Intonation=Rising	End=139.02	_	_	_	5-8(12)
76-0	PSB059	76	76	0	[sì]	sì	_	_	_	_	_	linguistic	_	none	_	Begin=137.97|End=138.33	_	_	_	0-2(11)
77-0	PSB059	77	77	0	[s]ì:	sì	_	_	_	_	_	linguistic	_	none	_	Begin=138.9	1x1	_	_	0-1(12)
77-1	PSB059	77	77	1	tanti	tanti	_	_	_	_	_	linguistic	_	none	_	End=140.03	_	_	_	_
78-0	PSB005	78	78	0	mh	mh	_	_	_	_	_	linguistic	_	none	_	Begin=140.1|End=140.44	_	_	_	_
79-0	PSB005	79	79	0	sono	sono	_	_	_	_	_	linguistic	_	none	_	Begin=141.83	_	_	_	_
79-1	PSB005	79	79	1	molti	molti	_	_	_	_	_	linguistic	_	none	_	_	_	_	_	_
79-2	PSB005	79	79	2	ma:schi	maschi	_	_	_	_	_	linguistic	_	none	_	_	1x1	_	_	_
79-3	PSB005	79	79	3	molte	molte	_	_	_	_	_	linguistic	_	none	_	_	_	_	_	_
79-4	PSB005	79	79	4	femmine:	femmine	_	_	_	_	_	linguistic	_	none	_	End=144.02	6x1	_	_	_
80-0	PSB059	80	80	0	eh	eh	_	_	_	_	_	linguistic	_	none	_	Begin=144.14	_	_	_	_
80-1	PSB059	80	80	1	io	io	_	_	_	_	_	linguistic	_	none	_	_	_	_	_	_
80-2	PSB059	80	80	2	non	non	_	_	_	_	_	linguistic	_	none	_	_	_	_	_	_
80-3	PSB059	80	80	3	esco	esco	_	_	_	_	_	linguistic	_	none	_	_	_	_	_	_
80-4	PSB059	80	80	4	con	con	_	_	_	_	_	linguistic	_	none	_	_	_	_	_	_
80-5	PSB059	80	80	5	femmine	femmine	_	_	_	_	_	linguistic	_	none	_	_	_	_	_	_
80-6	PSB059	80	80	6	perché:	perché	_	_	_	_	_	linguistic	_	none	_	_	5x1	_	_	_
80-7	PSB059	80	80	7	non	non	_	_	_	_	_	linguistic	_	none	_	_	_	_	_	_
80-8	PSB059	80	80	8	mi	mi	_	_	_	_	_	linguistic	_	none	_	_	_	_	_	_
80-9	PSB059	80	80	9	piace	piace	_	_	_	_	_	linguistic	_	none	_	_	_	_	_	_
80-10	PSB059	80	80	10	nostro	nostro	_	_	_	_	_	linguistic	_	none	_	_	_	_	_	_
80-11	PSB059	80	80	11	paese	paese	_	_	_	_	_	linguistic	_	none	_	_	_	_	_	_
80-12	PSB059	80	80	12	((ride))	((ride))	_	_	_	_	_	nonverbalbehavior	_	none	_	End=148.06	_	_	_	_
81-0	PSB059	81	81	0	non	non	_	_	_	_	_	linguistic	_	none	_	Begin=148.22	_	_	_	_
81-1	PSB059	81	81	1	piacciono:	piacciono	_	_	_	_	_	linguistic	_	none	_	_	8x1	_	_	_
81-2	PSB059	81	81	2	[°fe]mmine°	femmine	_	_	_	_	_	linguistic	_	none	PauseAfter=Yes|Volume=low	_	_	_	_	0-2(13)
81-3	PSB059	81	81	3	(.)	(.)	_	_	_	_	_	shortpause	_	none	_	_	_	_	_	_
81-4	PSB059	81	81	4	solo	solo	_	_	_	_	_	linguistic	_	none	_	_	_	_	_	_
81-5	PSB059	81	81	5	maschi	maschi	_	_	_	_	_	linguistic	_	none	_	End=150.75	_	_	_	_
82-0	PSB005	82	82	0	[mhmh]	mhmh	_	_	_	_	_	linguistic	_	none	_	Begin=149.13|End=149.54	_	_	_	0-4(13)
83-0	PSB005	83	83	0	mhmh	mhmh	_	_	_	_	_	linguistic	_	none	_	Begin=150.77|End=151.18	_	_	_	_
84-0	PSB005	84	84	0	però	però	_	_	_	_	_	linguistic	_	none	_	Begin=152.16	_	_	_	_
84-1	PSB005	84	84	1	nella	nella	_	_	_	_	_	linguistic	_	none	_	_	_	_	_	_
84-2	PSB005	84	84	2	tua	tua	_	_	_	_	_	linguistic	_	none	_	_	_	_	_	_
84-3	PSB005	84	84	3	classe	classe	_	_	_	_	_	linguistic	_	none	_	_	_	_	_	_
84-4	PSB005	84	84	4	ci	ci	_	_	_	_	_	linguistic	_	none	_	_	_	_	_	_
84-5	PSB005	84	84	5	sono	sono	_	_	_	_	_	linguistic	_	none	_	_	_	_	_	_
84-6	PSB005	84	84	6	delle	delle	_	_	_	_	_	linguistic	_	none	_	_	_	_	_	_
84-7	PSB005	84	84	7	ragazze,	ragazze	_	_	_	_	_	linguistic	_	none	Intonation=WeaklyRising	End=154.14	_	_	_	_
85-0	PSB059	85	85	0	°no	no	_	_	_	_	_	linguistic	_	none	Volume=low	Begin=154.16	_	_	_	_
85-1	PSB059	85	85	1	perché:	perché	_	_	_	_	_	linguistic	_	none	Volume=low	_	5x1	_	_	_
85-2	PSB059	85	85	2	non	non	_	_	_	_	_	linguistic	_	none	Volume=low	_	_	_	_	_
85-3	PSB059	85	85	3	fa:	fa	_	_	_	_	_	linguistic	_	none	Volume=low	_	1x1	_	_	_
85-4	PSB059	85	85	4	ques~	ques~	_	_	_	_	_	linguistic	_	none	Interrupted=Yes|Volume=low	_	_	_	_	_
85-5	PSB059	85	85	5	questo	questo	_	_	_	_	_	linguistic	_	none	Volume=low	_	_	_	_	_
85-6	PSB059	85	85	6	corso:°	corso	_	_	_	_	_	linguistic	_	none	Volume=low	End=156.74	4x1	_	_	_
86-0	PSB005	86	86	0	°(ah)°	ah	_	_	_	_	_	linguistic	_	none	Volume=low	Begin=158.57	_	_	0-2(0)	_
86-1	PSB005	86	86	1	quando	quando	_	_	_	_	_	linguistic	_	none	_	_	_	_	_	_
86-2	PSB005	86	86	2	io	io	_	_	_	_	_	linguistic	_	none	_	_	_	_	_	_
86-3	PSB005	86	86	3	studiavo:	studiavo	_	_	_	_	_	linguistic	_	none	PauseAfter=Yes	_	7x1	_	_	_
86-4	PSB005	86	86	4	(.)	(.)	_	_	_	_	_	shortpause	_	none	_	_	_	_	_	_
86-5	PSB005	86	86	5	eravamo	eravamo	_	_	_	_	_	linguistic	_	none	_	_	_	_	_	_
86-6	PSB005	86	86	6	solo	solo	_	_	_	_	_	linguistic	_	none	_	_	_	_	_	_
86-7	PSB005	86	86	7	femmine	femmine	_	_	_	_	_	linguistic	_	none	_	_	_	_	_	_
86-8	PSB005	86	86	8	((ride))	((ride))	_	_	_	_	_	nonverbalbehavior	_	none	_	End=163.2	_	_	_	_
87-0	PSB059	87	87	0	anche	anche	_	_	_	_	_	linguistic	_	none	_	Begin=163.05	_	_	_	_
87-1	PSB059	87	87	1	io	io	_	_	_	_	_	linguistic	_	none	_	_	_	_	_	_
87-2	PSB059	87	87	2	quando	quando	_	_	_	_	_	linguistic	_	none	_	_	_	_	_	_
87-3	PSB059	87	87	3	s~	s~	_	_	_	_	_	linguistic	_	none	Interrupted=Yes	_	_	_	_	_
87-4	PSB059	87	87	4	sto	sto	_	_	_	_	_	linguistic	_	none	_	_	_	_	_	_
87-5	PSB059	87	87	5	studiando	studiando	_	_	_	_	_	linguistic	_	none	PauseAfter=Yes	_	_	_	_	_
87-6	PSB059	87	87	6	(.)	(.)	_	_	_	_	_	shortpause	_	none	_	_	_	_	_	_
87-7	PSB059	87	87	7	solo	solo	_	_	_	_	_	linguistic	_	none	_	_	_	_	_	_
87-8	PSB059	87	87	8	maschi	maschi	_	_	_	_	_	linguistic	_	none	_	_	_	_	_	_
87-9	PSB059	87	87	9	non	non	_	_	_	_	_	linguistic	_	none	_	_	_	_	_	_
87-10	PSB059	87	87	10	c'	c'	_	_	_	_	_	linguistic	_	none	SpaceAfter=No	_	_	_	_	_
87-11	PSB059	87	87	11	erano	erano	_	_	_	_	_	linguistic	_	none	_	_	_	_	_	_
87-12	PSB059	87	87	12	femmine	femmine	_	_	_	_	_	linguistic	_	none	_	End=167.0	_	_	_	_
88-0	PSB005	88	88	0	°solo	solo	_	_	_	_	_	linguistic	_	none	Volume=low	Begin=167.33	_	_	_	_
88-1	PSB005	88	88	1	maschi	maschi	_	_	_	_	_	linguistic	_	none	Volume=low	_	_	_	_	_
88-2	PSB005	88	88	2	certo	certo	_	_	_	_	_	linguistic	_	none	PauseAfter=Yes|Volume=low	_	_	_	_	_
88-3	PSB005	88	88	3	(.)	(.)	_	_	_	_	_	shortpause	_	none	_	_	_	_	_	_
88-4	PSB005	88	88	4	certo	certo	_	_	_	_	_	linguistic	_	none	Volume=low	_	_	_	_	_
88-5	PSB005	88	88	5	certo°	certo	_	_	_	_	_	linguistic	_	none	Volume=low	End=169.69	_	_	_	_
89-0	PSB005	89	89	0	e	e	_	_	_	_	_	linguistic	_	none	_	Begin=170.93	_	_	_	_
89-1	PSB005	89	89	1	i	i	_	_	_	_	_	linguistic	_	none	_	_	_	_	_	_
89-2	PSB005	89	89	2	tuoi	tuoi	_	_	_	_	_	linguistic	_	none	_	_	_	_	_	_
89-3	PSB005	89	89	3	professori::	professori	_	_	_	_	_	linguistic	_	none	_	_	9x2	_	_	_
89-4	PSB005	89	89	4	come	come	_	_	_	_	_	linguistic	_	none	_	_	_	_	_	_
89-5	PSB005	89	89	5	°sono°?	sono	_	_	_	_	_	linguistic	_	none	Intonation=Rising|Volume=low	End=172.82	_	_	_	_
90-0	PSB059	90	90	0	>professori<	professori	_	_	_	_	_	linguistic	_	none	_	Begin=173.53	_	Fast=0-10(0)	_	_
90-1	PSB059	90	90	1	tantissimo	tantissimo	_	_	_	_	_	linguistic	_	none	_	_	_	_	_	_
90-2	PSB059	90	90	2	bravissim(o)	bravissimo	_	_	_	_	_	linguistic	_	none	_	End=175.69	_	_	9-10(0)	_
91-0	PSB005	91	91	0	°beni[ssimo]°	benissimo	_	_	_	_	_	linguistic	_	none	Volume=low	Begin=175.695|End=176.245	_	_	_	4-9(15)
92-0	PSB059	92	92	0	[perché]	perché	_	_	_	_	_	linguistic	_	none	_	Begin=175.94	_	_	_	0-6(15)
92-1	PSB059	92	92	1	quando	quando	_	_	_	_	_	linguistic	_	none	_	_	_	_	_	_
92-2	PSB059	92	92	2	io	io	_	_	_	_	_	linguistic	_	none	_	_	_	_	_	_
92-3	PSB059	92	92	3	non	non	_	_	_	_	_	linguistic	_	none	_	_	_	_	_	_
92-4	PSB059	92	92	4	>$capiscio<	capiscio	_	_	_	_	_	linguistic	_	none	PauseAfter=Yes|Orthography=Yes|Variation=Emerging	_	_	Fast=0-9(0)	_	_
92-5	PSB059	92	92	5	(.)	(.)	_	_	_	_	_	shortpause	_	none	_	_	_	_	_	_
92-6	PSB059	92	92	6	qualcosa	qualcosa	_	_	_	_	_	linguistic	_	none	_	_	_	_	_	_
92-7	PSB059	92	92	7	se	se	_	_	_	_	_	linguistic	_	none	_	_	_	_	_	_
92-8	PSB059	92	92	8	dico:	dico	_	_	_	_	_	linguistic	_	none	_	_	3x1	_	_	_
92-9	PSB059	92	92	9	loro	loro	_	_	_	_	_	linguistic	_	none	_	_	_	_	_	_
92-10	PSB059	92	92	10	mi	mi	_	_	_	_	_	linguistic	_	none	_	_	_	_	_	_
92-11	PSB059	92	92	11	aiutano	aiutano	_	_	_	_	_	linguistic	_	none	_	_	_	_	_	_
92-12	PSB059	92	92	12	tanto	tanto	_	_	_	_	_	linguistic	_	none	_	End=180.09	_	_	_	_
93-0	PSB005	93	93	0	°mhmh°	mhmh	_	_	_	_	_	linguistic	_	none	Volume=low	Begin=180.11|End=180.52	_	_	_	_
94-0	PSB005	94	94	0	mhmh	mhmh	_	_	_	_	_	linguistic	_	none	_	Begin=181.79|End=182.15	_	_	_	_
95-0	PSB005	95	95	0	e	e	_	_	_	_	_	linguistic	_	none	PauseAfter=Yes	Begin=183.38	_	_	_	_
95-1	PSB005	95	95	1	(.)	(.)	_	_	_	_	_	shortpause	_	none	_	_	_	_	_	_
95-2	PSB005	95	95	2	con	con	_	_	_	_	_	linguistic	_	none	_	_	_	_	_	_
95-3	PSB005	95	95	3	i	i	_	_	_	_	_	linguistic	_	none	_	_	_	_	_	_
95-4	PSB005	95	95	4	tuoi	tuoi	_	_	_	_	_	linguistic	_	none	_	_	_	_	_	_
95-5	PSB005	95	95	5	compagni	compagni	_	_	_	_	_	linguistic	_	none	_	_	_	_	_	_
95-6	PSB005	95	95	6	di	di	_	_	_	_	_	linguistic	_	none	_	_	_	_	_	_
95-7	PSB005	95	95	7	classe	classe	_	_	_	_	_	linguistic	_	none	_	_	_	_	_	_
95-8	PSB005	95	95	8	di	di	_	_	_	_	_	linguistic	_	none	_	_	_	_	_	_
95-9	PSB005	95	95	9	solito	solito	_	_	_	_	_	linguistic	_	none	_	_	_	_	_	_
95-10	PSB005	95	95	10	che	che	_	_	_	_	_	linguistic	_	none	_	_	_	_	_	_
95-11	PSB005	95	95	11	lingue	lingue	_	_	_	_	_	linguistic	_	none	_	_	_	_	_	_
95-12	PSB005	95	95	12	usi	usi	_	_	_	_	_	linguistic	_	none	PauseAfter=Yes	_	_	_	_	_
95-13	PSB005	95	95	13	(.)	(.)	_	_	_	_	_	shortpause	_	none	_	_	_	_	_	_
95-14	PSB005	95	95	14	per	per	_	_	_	_	_	linguistic	_	none	_	_	_	_	_	_
95-15	PSB005	95	95	15	parlare?	parlare	_	_	_	_	_	linguistic	_	none	Intonation=Rising	End=187.37	_	_	_	_
96-0	PSB059	96	96	0	sempre	sempre	_	_	_	_	_	linguistic	_	none	_	Begin=187.91	_	_	_	_
96-1	PSB059	96	96	1	italian[o]	italiano	_	_	_	_	_	linguistic	_	none	_	End=188.75	_	_	_	7-8(16)
97-0	PSB005	97	97	0	[s]empre	sempre	_	_	_	_	_	linguistic	_	none	_	Begin=188.68	_	_	_	0-1(16)
97-1	PSB005	97	97	1	italiano	italiano	_	_	_	_	_	linguistic	_	none	_	End=189.48	_	_	_	_
98-0	PSB059	98	98	0	non	non	_	_	_	_	_	linguistic	_	none	_	Begin=189.6	_	_	_	_
98-1	PSB059	98	98	1	c'	c'	_	_	_	_	_	linguistic	_	none	SpaceAfter=No	_	_	_	_	_
98-2	PSB059	98	98	2	ho::	ho	_	_	_	_	_	linguistic	_	none	_	_	1x2	_	_	_
98-3	PSB059	98	98	3	un	un	_	_	_	_	_	linguistic	_	none	_	_	_	_	_	_
98-4	PSB059	98	98	4	compagno	compagno	_	_	_	_	_	linguistic	_	none	_	_	_	_	_	_
98-5	PSB059	98	98	5	benaglese:	benaglese	_	_	_	_	_	linguistic	_	none	_	_	8x1	_	_	_
98-6	PSB059	98	98	6	perché::	perché	_	_	_	_	_	linguistic	_	none	_	End=192.29	5x2	_	_	_
99-0	PSB005	99	99	0	°[non]°	non	_	_	_	_	_	linguistic	_	none	Volume=low	Begin=193.19|End=193.45	_	_	_	0-3(17)
100-0	PSB059	100	100	0	[tutti]::	tutti	_	_	_	_	_	linguistic	_	none	_	Begin=193.19	4x2	_	_	0-5(17)
100-1	PSB059	100	100	1	eh	eh	_	_	_	_	_	linguistic	_	none	_	_	_	_	_	_
100-2	PSB059	100	100	2	altri	altri	_	_	_	_	_	linguistic	_	none	_	_	_	_	_	_
100-3	PSB059	100	100	3	da	da	_	_	_	_	_	linguistic	_	none	_	_	_	_	_	_
100-4	PSB059	100	100	4	da	da	_	_	_	_	_	linguistic	_	none	_	_	_	_	_	_
100-5	PSB059	100	100	5	altri	altri	_	_	_	_	_	linguistic	_	none	_	_	_	_	_	_
100-6	PSB059	100	100	6	paesi	paesi	_	_	_	_	_	linguistic	_	none	_	End=195.97	_	_	_	_
101-0	PSB005	101	101	0	mhmh	mhmh	_	_	_	_	_	linguistic	_	none	_	Begin=196.02|End=196.36	_	_	_	_
102-0	PSB005	102	102	0	ci	ci	_	_	_	_	_	linguistic	_	none	_	Begin=198.1	_	_	_	_
102-1	PSB005	102	102	1	sono	sono	_	_	_	_	_	linguistic	_	none	_	_	_	_	_	_
102-2	PSB005	102	102	2	un	un	_	_	_	_	_	linguistic	_	none	_	_	_	_	_	_
102-3	PSB005	102	102	3	po'	po'	_	_	_	_	_	linguistic	_	none	_	_	_	_	_	_
102-4	PSB005	102	102	4	di	di	_	_	_	_	_	linguistic	_	none	_	_	_	_	_	_
102-5	PSB005	102	102	5	italiani:	italiani	_	_	_	_	_	linguistic	_	none	_	_	7x1	_	_	_
102-6	PSB005	102	102	6	o	o	_	_	_	_	_	linguistic	_	none	_	_	_	_	_	_
102-7	PSB005	102	102	7	pochissimi?	pochissimi	_	_	_	_	_	linguistic	_	none	Intonation=Rising	End=200.02	_	_	_	_
103-0	PSB059	103	103	0	italiani	italiani	_	_	_	_	_	linguistic	_	none	_	Begin=200.27	_	_	_	_
103-1	PSB059	103	103	1	pochissimi	pochissimi	_	_	_	_	_	linguistic	_	none	_	_	_	_	_	_
103-2	PSB059	103	103	2	però:	però	_	_	_	_	_	linguistic	_	none	_	_	3x1	_	_	_
103-3	PSB059	103	103	3	marocchini	marocchini	_	_	_	_	_	linguistic	_	none	_	_	_	_	_	_
103-4	PSB059	103	103	4	tantissi(mi)	tantissimi	_	_	_	_	_	linguistic	_	none	_	_	_	_	8-10(0)	_
103-5	PSB059	103	103	5	((ride))	((ride))	_	_	_	_	_	nonverbalbehavior	_	none	_	End=203.37	_	_	_	_
104-0	PSB005	104	104	0	°mhmh°	mhmh	_	_	_	_	_	linguistic	_	none	Volume=low	Begin=203.38|End=203.79	_	_	_	_
105-0	PSB005	105	105	0	con	con	_	_	_	_	_	linguistic	_	none	_	Begin=204.23	_	_	_	_
105-1	PSB005	105	105	1	i	i	_	_	_	_	_	linguistic	_	none	_	_	_	_	_	_
105-2	PSB005	105	105	2	marocchini	marocchini	_	_	_	_	_	linguistic	_	none	_	_	_	_	_	_
105-3	PSB005	105	105	3	parli	parli	_	_	_	_	_	linguistic	_	none	_	_	_	_	_	_
105-4	PSB005	105	105	4	[in	in	_	_	_	_	_	linguistic	_	none	_	_	_	_	_	0-2(18)
105-5	PSB005	105	105	5	italia:no]?	italiano	_	_	_	_	_	linguistic	_	none	Intonation=Rising	End=206.01	5x1	_	_	0-8(18)
106-0	PSB059	106	106	0	[(eh	eh	_	_	_	_	_	linguistic	_	none	_	Begin=205.05	_	_	0-2(0)	0-2(18)
106-1	PSB059	106	106	1	sì)	sì	_	_	_	_	_	linguistic	_	none	_	_	_	_	0-2(0)	0-2(18)
106-2	PSB059	106	106	2	sì:]	sì	_	_	_	_	_	linguistic	_	none	_	End=206.01	1x1	_	_	0-2(18)
107-0	PSB005	107	107	0	°>okay<°	okay	_	_	_	_	_	linguistic	_	none	Volume=low	Begin=206.49	_	Fast=0-4(0)	_	_
107-1	PSB005	107	107	1	tu	tu	_	_	_	_	_	linguistic	_	none	_	_	_	_	_	_
107-2	PSB005	107	107	2	non	non	_	_	_	_	_	linguistic	_	none	_	_	_	_	_	_
107-3	PSB005	107	107	3	conosci	conosci	_	_	_	_	_	linguistic	_	none	_	_	_	_	_	_
107-4	PSB005	107	107	4	altre	altre	_	_	_	_	_	linguistic	_	none	_	_	_	_	_	_
107-5	PSB005	107	107	5	lingue:,	lingue	_	_	_	_	_	linguistic	_	none	Intonation=WeaklyRising	End=208.14	5x1	_	_	_
108-0	PSB059	108	108	0	sì	sì	_	_	_	_	_	linguistic	_	none	_	Begin=208.74	_	_	_	_
108-1	PSB059	108	108	1	conosco	conosco	_	_	_	_	_	linguistic	_	none	_	_	_	_	_	_
108-2	PSB059	108	108	2	u:rdu:	urdu	_	_	_	_	_	linguistic	_	none	_	End=210.11	0x1,3x1	_	_	_
109-0	PSB005	109	109	0	°ah	ah	_	_	_	_	_	linguistic	_	none	PauseAfter=Yes|Volume=low	Begin=210.22	_	_	_	_
109-1	PSB005	109	109	1	(.)	(.)	_	_	_	_	_	shortpause	_	none	_	_	_	_	_	_
109-2	PSB005	109	109	2	okay	okay	_	_	_	_	_	linguistic	_	none	Volume=low	_	_	_	_	_
109-3	PSB005	109	109	3	wow°	wow	_	_	_	_	_	linguistic	_	none	Volume=low	End=211.4	_	_	_	_
110-0	PSB059	110	110	0	hindi	hindi	_	_	_	_	_	linguistic	_	none	_	Begin=211.59	_	_	_	_
110-1	PSB059	110	110	1	[eh]	eh	_	_	_	_	_	linguistic	_	none	_	_	_	_	_	0-2(19)
110-2	PSB059	110	110	2	$notra:	notra	_	_	_	_	_	linguistic	_	none	Orthography=Yes|Variation=Emerging	_	4x1	_	_	_
110-3	PSB059	110	110	3	nostra:	nostra	_	_	_	_	_	linguistic	_	none	_	_	5x1	_	_	_
110-4	PSB059	110	110	4	lingua	lingua	_	_	_	_	_	linguistic	_	none	_	_	_	_	_	_
110-5	PSB059	110	110	5	e:	e	_	_	_	_	_	linguistic	_	none	_	_	0x1	_	_	_
110-6	PSB059	110	110	6	italiano	italiano	_	_	_	_	_	linguistic	_	none	_	_	_	_	_	_
110-7	PSB059	110	110	7	e	e	_	_	_	_	_	linguistic	_	none	_	_	_	_	_	_
110-8	PSB059	110	110	8	inglese	inglese	_	_	_	_	_	linguistic	_	none	_	End=215.76	_	_	_	_
111-0	PSB005	111	111	0	[°mh°]	mh	_	_	_	_	_	linguistic	_	none	Volume=low	Begin=212.44|End=212.78	_	_	_	0-2(19)
112-0	PSB005	112	112	0	°okay°	okay	_	_	_	_	_	linguistic	_	none	Volume=low	Begin=216.02|End=216.29	_	_	_	_
113-0	PSB059	113	113	0	e::	e	_	_	_	_	_	linguistic	_	none	_	Begin=216.31	0x2	_	_	_
113-1	PSB059	113	113	1	un	un	_	_	_	_	_	linguistic	_	none	_	_	_	_	_	_
113-2	PSB059	113	113	2	po'	po'	_	_	_	_	_	linguistic	_	none	_	_	_	_	_	_
113-3	PSB059	113	113	3	fra:nci(a)	francia	_	_	_	_	_	linguistic	_	none	_	End=217.79	2x1	_	6-7(0)	_
114-0	PSB005	114	114	0	°okay°	okay	_	_	_	_	_	linguistic	_	none	Volume=low	Begin=218.14|End=218.63	_	_	_	_
115-0	PSB005	115	115	0	ma	ma	_	_	_	_	_	linguistic	_	none	_	Begin=219.59	_	_	_	_
115-1	PSB005	115	115	1	perché	perché	_	_	_	_	_	linguistic	_	none	_	_	_	_	_	_
115-2	PSB005	115	115	2	conosci	conosci	_	_	_	_	_	linguistic	_	none	_	_	_	_	_	_
115-3	PSB005	115	115	3	tante	tante	_	_	_	_	_	linguistic	_	none	_	_	_	_	_	_
115-4	PSB005	115	115	4	lingue?	lingue	_	_	_	_	_	linguistic	_	none	Intonation=Rising	End=221.2	_	_	_	_
116-0	PSB059	116	116	0	e:h	eh	_	_	_	_	_	linguistic	_	none	_	Begin=222.28	0x1	_	_	_
116-1	PSB059	116	116	1	nella	nella	_	_	_	_	_	linguistic	_	none	_	_	_	_	_	_
116-2	PSB059	116	116	2	media:	media	_	_	_	_	_	linguistic	_	none	_	_	4x1	_	_	_
116-3	PSB059	116	116	3	ho	ho	_	_	_	_	_	linguistic	_	none	_	_	_	_	_	_
116-4	PSB059	116	116	4	s~	s~	_	_	_	_	_	linguistic	_	none	Interrupted=Yes	_	_	_	_	_
116-5	PSB059	116	116	5	studiato:	studiato	_	_	_	_	_	linguistic	_	none	_	_	7x1	_	_	_
116-6	PSB059	116	116	6	un	un	_	_	_	_	_	linguistic	_	none	_	_	_	_	_	_
116-7	PSB059	116	116	7	po'	po'	_	_	_	_	_	linguistic	_	none	_	_	_	_	_	_
116-8	PSB059	116	116	8	fra:ncia	francia	_	_	_	_	_	linguistic	_	none	_	_	2x1	_	_	_
116-9	PSB059	116	116	9	x	x	_	_	_	_	_	unknown	_	none	Syllables=1	_	_	_	_	_
116-10	PSB059	116	116	10	inglese:	inglese	_	_	_	_	_	linguistic	_	none	_	_	6x1	_	_	_
116-11	PSB059	116	116	11	so:	so	_	_	_	_	_	linguistic	_	none	_	End=226.68	1x1	_	_	_
117-0	PSB005	117	117	0	°mhmh°	mhmh	_	_	_	_	_	linguistic	_	none	Volume=low	Begin=226.69|End=227.12	_	_	_	_
118-0	PSB059	118	118	0	e	e	_	_	_	_	_	linguistic	_	none	_	Begin=228.01	_	_	_	_
118-1	PSB059	118	118	1	u:rdu::	urdu	_	_	_	_	_	linguistic	_	none	_	_	0x1,3x2	_	_	_
118-2	PSB059	118	118	2	quasi:	quasi	_	_	_	_	_	linguistic	_	none	_	_	4x1	_	_	_
118-3	PSB059	118	118	3	>nostra<	nostra	_	_	_	_	_	linguistic	_	none	PauseAfter=Yes	_	_	Fast=0-6(0)	_	_
118-4	PSB059	118	118	4	(.)	(.)	_	_	_	_	_	shortpause	_	none	_	_	_	_	_	_
118-5	PSB059	118	118	5	lingua	lingua	_	_	_	_	_	linguistic	_	none	_	End=230.62	_	_	_	_
119-0	PSB005	119	119	0	okay	okay	_	_	_	_	_	linguistic	_	none	_	Begin=230.93|End=231.51	_	_	_	_
120-0	PSB005	120	120	0	ma	ma	_	_	_	_	_	linguistic	_	none	_	Begin=234.31|End=234.61	_	_	_	_
121-0	PSB005	121	121	0	scusami	scusami	_	_	_	_	_	linguistic	_	none	PauseAfter=Yes	Begin=235.38	_	_	_	_
121-1	PSB005	121	121	1	(.)	(.)	_	_	_	_	_	shortpause	_	none	_	_	_	_	_	_
121-2	PSB005	121	121	2	per	per	_	_	_	_	_	linguistic	_	none	_	_	_	_	_	_
121-3	PSB005	121	121	3	me	me	_	_	_	_	_	linguistic	_	none	_	_	_	_	_	_
121-4	PSB005	121	121	4	è	è	_	_	_	_	_	linguistic	_	none	_	_	_	_	_	_
121-5	PSB005	121	121	5	difficile	difficile	_	_	_	_	_	linguistic	_	none	_	_	_	_	_	_
121-6	PSB005	121	121	6	capire	capire	_	_	_	_	_	linguistic	_	none	PauseAfter=Yes	_	_	_	_	_
121-7	PSB005	121	121	7	(.)	(.)	_	_	_	_	_	shortpause	_	none	_	_	_	_	_	_
121-8	PSB005	121	121	8	un	un	_	_	_	_	_	linguistic	_	none	_	_	_	_	_	_
121-9	PSB005	121	121	9	po'	po'	_	_	_	_	_	linguistic	_	none	_	_	_	_	_	_
121-10	PSB005	121	121	10	[quindi]	quindi	_	_	_	_	_	linguistic	_	none	_	End=238.75	_	_	_	0-6(20)
122-0	PSB059	122	122	0	[°sì°]	sì	_	_	_	_	_	linguistic	_	none	Volume=low	Begin=238.43|End=238.74	_	_	_	0-2(20)
123-0	PSB005	123	123	0	nella:	nella	_	_	_	_	_	linguistic	_	none	_	Begin=239.87	4x1	_	_	_
123-1	PSB005	123	123	1	zona	zona	_	_	_	_	_	linguistic	_	none	_	_	_	_	_	_
123-2	PSB005	123	123	2	di	di	_	_	_	_	_	linguistic	_	none	_	_	_	_	_	_
123-3	PSB005	123	123	3	cui	cui	_	_	_	_	_	linguistic	_	none	_	_	_	_	_	_
123-4	PSB005	123	123	4	tu	tu	_	_	_	_	_	linguistic	_	none	_	_	_	_	_	_
123-5	PSB005	123	123	5	sei:	sei	_	_	_	_	_	linguistic	_	none	_	_	2x1	_	_	_
123-6	PSB005	123	123	6	nel	nel	_	_	_	_	_	linguistic	_	none	_	_	_	_	_	_
123-7	PSB005	123	123	7	bangladesh	bangladesh	_	_	_	_	_	linguistic	_	none	_	_	_	_	_	_
123-8	PSB005	123	123	8	si	si	_	_	_	_	_	linguistic	_	none	_	_	_	_	_	_
123-9	PSB005	123	123	9	[parlano]	parlano	_	_	_	_	_	linguistic	_	none	_	_	_	_	_	0-7(21)
123-10	PSB005	123	123	10	tutte	tutte	_	_	_	_	_	linguistic	_	none	_	_	_	_	_	_
123-11	PSB005	123	123	11	e	e	_	_	_	_	_	linguistic	_	none	_	_	_	_	_	_
123-12	PSB005	123	123	12	due	due	_	_	_	_	_	linguistic	_	none	_	_	_	_	_	_
123-13	PSB005	123	123	13	un	un	_	_	_	_	_	linguistic	_	none	_	_	_	_	_	_
123-14	PSB005	123	123	14	po'	po'	_	_	_	_	_	linguistic	_	none	_	_	_	_	_	_
123-15	PSB005	123	123	15	le	le	_	_	_	_	_	linguistic	_	none	_	_	_	_	_	_
123-16	PSB005	123	123	16	l~	l~	_	_	_	_	_	linguistic	_	none	Interrupted=Yes	_	_	_	_	_
123-17	PSB005	123	123	17	un	un	_	_	_	_	_	linguistic	_	none	_	_	_	_	_	_
123-18	PSB005	123	123	18	po'	po'	_	_	_	_	_	linguistic	_	none	_	_	_	_	_	_
123-19	PSB005	123	123	19	tutte	tutte	_	_	_	_	_	linguistic	_	none	_	_	_	_	_	_
123-20	PSB005	123	123	20	e	e	_	_	_	_	_	linguistic	_	none	_	_	_	_	_	_
123-21	PSB005	123	123	21	due	due	_	_	_	_	_	linguistic	_	none	_	_	_	_	_	_
123-22	PSB005	123	123	22	le	le	_	_	_	_	_	linguistic	_	none	_	_	_	_	_	_
123-23	PSB005	123	123	23	lingue	lingue	_	_	_	_	_	linguistic	_	none	_	_	_	_	_	_
123-24	PSB005	123	123	24	un	un	_	_	_	_	_	linguistic	_	none	_	_	_	_	_	_
123-25	PSB005	123	123	25	po'	po'	_	_	_	_	_	linguistic	_	none	_	_	_	_	_	_
123-26	PSB005	123	123	26	bengalese:	bengalese	_	_	_	_	_	linguistic	_	none	_	_	8x1	_	_	_
123-27	PSB005	123	123	27	un	un	_	_	_	_	_	linguistic	_	none	_	_	_	_	_	_
123-28	PSB005	123	123	28	po'	po'	_	_	_	_	_	linguistic	_	none	_	_	_	_	_	_
123-29	PSB005	123	123	29	urdu?	urdu	_	_	_	_	_	linguistic	_	none	Intonation=Rising	End=246.26	_	_	_	_
124-0	PSB059	124	124	0	[sì]	sì	_	_	_	_	_	linguistic	_	none	_	Begin=242.311|End=242.62	_	_	_	0-2(21)
125-0	PSB059	125	125	0	no	no	_	_	_	_	_	linguistic	_	none	PauseAfter=Yes	Begin=246.31	_	_	_	_
125-1	PSB059	125	125	1	(.)	(.)	_	_	_	_	_	shortpause	_	none	_	_	_	_	_	_
125-2	PSB059	125	125	2	non	non	_	_	_	_	_	linguistic	_	none	_	_	_	_	_	_
125-3	PSB059	125	125	3	usano	usano	_	_	_	_	_	linguistic	_	none	_	_	_	_	_	_
125-4	PSB059	125	125	4	urdu	urdu	_	_	_	_	_	linguistic	_	none	PauseAfter=Yes	_	_	_	_	_
125-5	PSB059	125	125	5	(.)	(.)	_	_	_	_	_	shortpause	_	none	_	_	_	_	_	_
125-6	PSB059	125	125	6	usano	usano	_	_	_	_	_	linguistic	_	none	_	_	_	_	_	_
125-7	PSB059	125	125	7	inglese	inglese	_	_	_	_	_	linguistic	_	none	_	_	_	_	_	_
125-8	PSB059	125	125	8	e:	e	_	_	_	_	_	linguistic	_	none	_	_	0x1	_	_	_
125-9	PSB059	125	125	9	nos~	nos~	_	_	_	_	_	linguistic	_	none	Interrupted=Yes	_	_	_	_	_
125-10	PSB059	125	125	10	nostra	nostra	_	_	_	_	_	linguistic	_	none	_	_	_	_	_	_
125-11	PSB059	125	125	11	ling[ua]	lingua	_	_	_	_	_	linguistic	_	none	_	End=250.64	_	_	_	4-6(22)
126-0	PSB005	126	126	0	[mhmh]	mhmh	_	_	_	_	_	linguistic	_	none	_	Begin=250.51|End=250.82	_	_	_	0-4(22)
127-0	PSB059	127	127	0	però:	però	_	_	_	_	_	linguistic	_	none	_	Begin=251.55	3x1	_	_	_
127-1	PSB059	127	127	1	ho	ho	_	_	_	_	_	linguistic	_	none	_	_	_	_	_	_
127-2	PSB059	127	127	2	visto	visto	_	_	_	_	_	linguistic	_	none	_	_	_	_	_	_
127-3	PSB059	127	127	3	tanti	tanti	_	_	_	_	_	linguistic	_	none	_	_	_	_	_	_
127-4	PSB059	127	127	4	film	film	_	_	_	_	_	linguistic	_	none	_	_	_	_	_	_
127-5	PSB059	127	127	5	di:	di	_	_	_	_	_	linguistic	_	none	_	_	1x1	_	_	_
127-6	PSB059	127	127	6	india:	india	_	_	_	_	_	linguistic	_	none	_	_	4x1	_	_	_
127-7	PSB059	127	127	7	[e:	e	_	_	_	_	_	linguistic	_	none	_	_	0x1	_	_	0-1(23)
127-8	PSB059	127	127	8	>pa]kistani<	pakistani	_	_	_	_	_	linguistic	_	none	_	_	_	Fast=0-9(0)	_	0-2(23)
127-9	PSB059	127	127	9	così:	così	_	_	_	_	_	linguistic	_	none	_	_	3x1	_	_	_
127-10	PSB059	127	127	10	ho	ho	_	_	_	_	_	linguistic	_	none	_	_	_	_	_	_
127-11	PSB059	127	127	11	capi[to]	capito	_	_	_	_	_	linguistic	_	none	_	End=255.87	_	_	_	4-6(24)
128-0	PSB005	128	128	0	[°okay°]	okay	_	_	_	_	_	linguistic	_	none	Volume=low	Begin=253.88|End=254.24	_	_	_	0-4(23)
129-0	PSB005	129	129	0	[okay]	okay	_	_	_	_	_	linguistic	_	none	_	Begin=255.42|End=255.86	_	_	_	0-4(24)
130-0	PSB005	130	130	0	ho	ho	_	_	_	_	_	linguistic	_	none	_	Begin=256.64	_	_	_	_
130-1	PSB005	130	130	1	capito	capito	_	_	_	_	_	linguistic	_	none	_	_	_	_	_	_
130-2	PSB005	130	130	2	sì	sì	_	_	_	_	_	linguistic	_	none	_	End=257.5	_	_	_	_
131-0	PSB005	131	131	0	e:	e	_	_	_	_	_	linguistic	_	none	_	Begin=257.61	0x1	_	_	_
131-1	PSB005	131	131	1	ti	ti	_	_	_	_	_	linguistic	_	none	_	_	_	_	_	_
131-2	PSB005	131	131	2	PIACCIONO	piacciono	_	_	_	_	_	linguistic	_	none	Volume=high	_	_	_	_	_
131-3	PSB005	131	131	3	i	i	_	_	_	_	_	linguistic	_	none	_	_	_	_	_	_
131-4	PSB005	131	131	4	film,	film	_	_	_	_	_	linguistic	_	none	Intonation=WeaklyRising	End=259.07	_	_	_	_
132-0	PSB059	132	132	0	sì:	sì	_	_	_	_	_	linguistic	_	none	_	Begin=259.11|End=259.64	1x1	_	_	_
133-0	PSB005	133	133	0	quali	quali	_	_	_	_	_	linguistic	_	none	_	Begin=260.33	_	_	_	_
133-1	PSB005	133	133	1	sono:	sono	_	_	_	_	_	linguistic	_	none	_	_	3x1	_	_	_
133-2	PSB005	133	133	2	i	i	_	_	_	_	_	linguistic	_	none	_	_	_	_	_	_
133-3	PSB005	133	133	3	tuoi	tuoi	_	_	_	_	_	linguistic	_	none	_	_	_	_	_	_
133-4	PSB005	133	133	4	preferiti?	preferiti	_	_	_	_	_	linguistic	_	none	Intonation=Rising	End=261.99	_	_	_	_
134-0	PSB059	134	134	0	e:h	eh	_	_	_	_	_	linguistic	_	none	_	Begin=263.29	0x1	_	_	_
134-1	PSB059	134	134	1	ho	ho	_	_	_	_	_	linguistic	_	none	_	_	_	_	_	_
134-2	PSB059	134	134	2	visto	visto	_	_	_	_	_	linguistic	_	none	_	_	_	_	_	_
134-3	PSB059	134	134	3	tanti	tanti	_	_	_	_	_	linguistic	_	none	_	_	_	_	_	_
134-4	PSB059	134	134	4	film	film	_	_	_	_	_	linguistic	_	none	_	_	_	_	_	_
134-5	PSB059	134	134	5	però	però	_	_	_	_	_	linguistic	_	none	_	_	_	_	_	_
134-6	PSB059	134	134	6	non	non	_	_	_	_	_	linguistic	_	none	_	_	_	_	_	_
134-7	PSB059	134	134	7	mi	mi	_	_	_	_	_	linguistic	_	none	_	_	_	_	_	_
134-8	PSB059	134	134	8	ricordo	ricordo	_	_	_	_	_	linguistic	_	none	_	_	_	_	_	_
134-9	PSB059	134	134	9	nome	nome	_	_	_	_	_	linguistic	_	none	_	End=265.61	_	_	_	_
135-0	PSB005	135	135	0	quale	quale	_	_	_	_	_	linguistic	_	none	_	Begin=266.24	_	_	_	_
135-1	PSB005	135	135	1	genere	genere	_	_	_	_	_	linguistic	_	none	_	_	_	_	_	_
135-2	PSB005	135	135	2	tipo::?	tipo	_	_	_	_	_	linguistic	_	none	Intonation=Rising	End=267.55	3x2	_	_	_
136-0	PSB059	136	136	0	tipo::	tipo	_	_	_	_	_	linguistic	_	none	_	Begin=268.13	3x2	_	_	_
136-1	PSB059	136	136	1	m:h	mh	_	_	_	_	_	linguistic	_	none	_	_	0x1	_	_	_
136-2	PSB059	136	136	2	horror	horror	_	_	_	_	_	linguistic	_	none	_	End=270.11	_	_	_	_
137-0	PSB059	137	137	0	eh	eh	_	_	_	_	_	linguistic	_	none	_	Begin=271.15	_	_	_	_
137-1	PSB059	137	137	1	((ride))	((ride))	_	_	_	_	_	nonverbalbehavior	_	none	_	End=272.55	_	_	_	_
138-0	PSB005	138	138	0	°per	per	_	_	_	_	_	linguistic	_	none	Volume=low	Begin=273.48	_	_	_	_
138-1	PSB005	138	138	1	me:	me	_	_	_	_	_	linguistic	_	none	PauseAfter=Yes|Volume=low	_	1x1	_	_	_
138-2	PSB005	138	138	2	(.)	(.)	_	_	_	_	_	shortpause	_	none	_	_	_	_	_	_
138-3	PSB005	138	138	3	no	no	_	_	_	_	_	linguistic	_	none	PauseAfter=Yes|Volume=low	_	_	_	_	_
138-4	PSB005	138	138	4	(.)	(.)	_	_	_	_	_	shortpause	_	none	_	_	_	_	_	_
138-5	PSB005	138	138	5	no	no	_	_	_	_	_	linguistic	_	none	Volume=low	_	_	_	_	_
138-6	PSB005	138	138	6	no	no	_	_	_	_	_	linguistic	_	none	Volume=low	_	_	_	_	_
138-7	PSB005	138	138	7	no°	no	_	_	_	_	_	linguistic	_	none	Volume=low	End=275.82	_	_	_	_
139-0	PSB059	139	139	0	((ride))	((ride))	_	_	_	_	_	nonverbalbehavior	_	none	_	Begin=274.04|End=275.83	_	_	_	_
140-0	PSB005	140	140	0	li	li	_	_	_	_	_	linguistic	_	none	_	Begin=276.12	_	_	_	_
140-1	PSB005	140	140	1	guardi	guardi	_	_	_	_	_	linguistic	_	none	_	_	_	_	_	_
140-2	PSB005	140	140	2	da	da	_	_	_	_	_	linguistic	_	none	_	_	_	_	_	_
140-3	PSB005	140	140	3	solo	solo	_	_	_	_	_	linguistic	_	none	_	_	_	_	_	_
140-4	PSB005	140	140	4	non	non	_	_	_	_	_	linguistic	_	none	_	_	_	_	_	_
140-5	PSB005	140	140	5	hai	hai	_	_	_	_	_	linguistic	_	none	_	_	_	_	_	_
140-6	PSB005	140	140	6	paura?	paura	_	_	_	_	_	linguistic	_	none	Intonation=Rising	End=277.77	_	_	_	_
141-0	PSB059	141	141	0	no:	no	_	_	_	_	_	linguistic	_	none	_	Begin=277.84	1x1	_	_	_
141-1	PSB059	141	141	1	la	la	_	_	_	_	_	linguistic	_	none	_	_	_	_	_	_
141-2	PSB059	141	141	2	notte:::	notte	_	_	_	_	_	linguistic	_	none	_	End=279.63	4x3	_	_	_
142-0	PSB059	142	142	0	x	x	_	_	_	_	_	unknown	_	none	Syllables=1	Begin=280.89	_	_	_	_
142-1	PSB059	142	142	1	((ride))	((ride))	_	_	_	_	_	nonverbalbehavior	_	none	_	End=281.81	_	_	_	_
143-0	PSB005	143	143	0	e	e	_	_	_	_	_	linguistic	_	none	_	Begin=281.81	_	_	_	_
143-1	PSB005	143	143	1	nel	nel	_	_	_	_	_	linguistic	_	none	_	_	_	_	_	_
143-2	PSB005	143	143	2	tuo:	tuo	_	_	_	_	_	linguistic	_	none	_	_	2x1	_	_	_
143-3	PSB005	143	143	3	cosa	cosa	_	_	_	_	_	linguistic	_	none	_	_	_	_	_	_
143-4	PSB005	143	143	4	ti	ti	_	_	_	_	_	linguistic	_	none	_	_	_	_	_	_
143-5	PSB005	143	143	5	piace	piace	_	_	_	_	_	linguistic	_	none	_	_	_	_	_	_
143-6	PSB005	143	143	6	fare	fare	_	_	_	_	_	linguistic	_	none	_	_	_	_	_	_
143-7	PSB005	143	143	7	qual	qual	_	_	_	_	_	linguistic	_	none	_	_	_	_	_	_
143-8	PSB005	143	143	8	è	è	_	_	_	_	_	linguistic	_	none	_	_	_	_	_	_
143-9	PSB005	143	143	9	la	la	_	_	_	_	_	linguistic	_	none	_	_	_	_	_	_
143-10	PSB005	143	143	10	tua	tua	_	_	_	_	_	linguistic	_	none	_	_	_	_	_	_
143-11	PSB005	143	143	11	passione::?	passione	_	_	_	_	_	linguistic	_	none	Intonation=Rising	End=284.68	7x2	_	_	_
144-0	PSB059	144	144	0	m::h	mh	_	_	_	_	_	linguistic	_	none	_	Begin=286.02	0x2	_	_	_
144-1	PSB059	144	144	1	°nessuna°	nessuna	_	_	_	_	_	linguistic	_	none	Volume=low	End=287.69	_	_	_	_
145-0	PSB005	145	145	0	nessuna:?	nessuna	_	_	_	_	_	linguistic	_	none	Intonation=Rising	Begin=287.97|End=288.64	6x1	_	_	_
146-0	PSB005	146	146	0	la	la	_	_	_	_	_	linguistic	_	none	_	Begin=291.19	_	_	_	_
146-1	PSB005	146	146	1	tua	tua	_	_	_	_	_	linguistic	_	none	_	_	_	_	_	_
146-2	PSB005	146	146	2	famiglia	famiglia	_	_	_	_	_	linguistic	_	none	_	_	_	_	_	_
146-3	PSB005	146	146	3	com'	com'	_	_	_	_	_	linguistic	_	none	SpaceAfter=No	_	_	_	_	_
146-4	PSB005	146	146	4	è:	è	_	_	_	_	_	linguistic	_	none	_	_	0x1	_	_	_
146-5	PSB005	146	146	5	fatta?	fatta	_	_	_	_	_	linguistic	_	none	Intonation=Rising	End=292.92	_	_	_	_
147-0	PSB059	147	147	0	mia	mia	_	_	_	_	_	linguistic	_	none	_	Begin=294.44	_	_	_	_
147-1	PSB059	147	147	1	famiglia	famiglia	_	_	_	_	_	linguistic	_	none	_	_	_	_	_	_
147-2	PSB059	147	147	2	è::	è	_	_	_	_	_	linguistic	_	none	_	_	0x2	_	_	_
147-3	PSB059	147	147	3	mh	mh	_	_	_	_	_	linguistic	_	none	_	End=295.78	_	_	_	_
148-0	PSB059	148	148	0	mio	mio	_	_	_	_	_	linguistic	_	none	_	Begin=296.22	_	_	_	_
148-1	PSB059	148	148	1	padre:	padre	_	_	_	_	_	linguistic	_	none	_	_	4x1	_	_	_
148-2	PSB059	148	148	2	lavora:no	lavorano	_	_	_	_	_	linguistic	_	none	_	_	5x1	_	_	_
148-3	PSB059	148	148	3	lavora:	lavora	_	_	_	_	_	linguistic	_	none	PauseAfter=Yes	_	5x1	_	_	_
148-4	PSB059	148	148	4	(.)	(.)	_	_	_	_	_	shortpause	_	none	_	_	_	_	_	_
148-5	PSB059	148	148	5	fino	fino	_	_	_	_	_	linguistic	_	none	_	_	_	_	_	_
148-6	PSB059	148	148	6	alle	alle	_	_	_	_	_	linguistic	_	none	_	_	_	_	_	_
148-7	PSB059	148	148	7	quattro:	quattro	_	_	_	_	_	linguistic	_	none	_	End=299.56	6x1	_	_	_
149-0	PSB005	149	149	0	mh[mh]	mhmh	_	_	_	_	_	linguistic	_	none	_	Begin=299.69|End=300.03	_	_	_	2-4(25)
150-0	PSB059	150	150	0	[i]nizia	inizia	_	_	_	_	_	linguistic	_	none	_	Begin=299.84	_	_	_	0-1(25)
150-1	PSB059	150	150	1	alle	alle	_	_	_	_	_	linguistic	_	none	_	_	_	_	_	_
150-2	PSB059	150	150	2	otto	otto	_	_	_	_	_	linguistic	_	none	_	_	_	_	_	_
150-3	PSB059	150	150	3	cos[ì:]	così	_	_	_	_	_	linguistic	_	none	_	End=301.2	3x1	_	_	3-4(26)
151-0	PSB005	151	151	0	[mh]mh	mhmh	_	_	_	_	_	linguistic	_	none	_	Begin=300.89|End=301.4	_	_	_	0-2(26)
152-0	PSB059	152	152	0	poi	poi	_	_	_	_	_	linguistic	_	none	_	Begin=302.43	_	_	_	_
152-1	PSB059	152	152	1	viene	viene	_	_	_	_	_	linguistic	_	none	_	_	_	_	_	_
152-2	PSB059	152	152	2	a	a	_	_	_	_	_	linguistic	_	none	_	_	_	_	_	_
152-3	PSB059	152	152	3	bologna:	bologna	_	_	_	_	_	linguistic	_	none	_	_	6x1	_	_	_
152-4	PSB059	152	152	4	così:	così	_	_	_	_	_	linguistic	_	none	PauseAfter=Yes	_	3x1	_	_	_
152-5	PSB059	152	152	5	(.)	(.)	_	_	_	_	_	shortpause	_	none	_	_	_	_	_	_
152-6	PSB059	152	152	6	va	va	_	_	_	_	_	linguistic	_	none	_	_	_	_	_	_
152-7	PSB059	152	152	7	la	la	_	_	_	_	_	linguistic	_	none	_	_	_	_	_	_
152-8	PSB059	152	152	8	notte	notte	_	_	_	_	_	linguistic	_	none	_	End=304.9	_	_	_	_
153-0	PSB059	153	153	0	se	se	_	_	_	_	_	linguistic	_	none	_	Begin=306.18	_	_	_	_
153-1	PSB059	153	153	1	lo	lo	_	_	_	_	_	linguistic	_	none	_	_	_	_	_	_
153-2	PSB059	153	153	2	vede:	vede	_	_	_	_	_	linguistic	_	none	_	_	3x1	_	_	_
153-3	PSB059	153	153	3	qualcuno	qualcuno	_	_	_	_	_	linguistic	_	none	_	_	_	_	_	_
153-4	PSB059	153	153	4	volte::	volte	_	_	_	_	_	linguistic	_	none	_	_	4x2	_	_	_
153-5	PSB059	153	153	5	non	non	_	_	_	_	_	linguistic	_	none	_	_	_	_	_	_
153-6	PSB059	153	153	6	parlo	parlo	_	_	_	_	_	linguistic	_	none	_	_	_	_	_	_
153-7	PSB059	153	153	7	più:	più	_	_	_	_	_	linguistic	_	none	_	_	2x1	_	_	_
153-8	PSB059	153	153	8	perché:	perché	_	_	_	_	_	linguistic	_	none	_	_	5x1	_	_	_
153-9	PSB059	153	153	9	fa	fa	_	_	_	_	_	linguistic	_	none	_	_	_	_	_	_
153-10	PSB059	153	153	10	lavoro:	lavoro	_	_	_	_	_	linguistic	_	none	_	_	5x1	_	_	_
153-11	PSB059	153	153	11	[un	un	_	_	_	_	_	linguistic	_	none	_	_	_	_	_	0-2(27)
153-12	PSB059	153	153	12	po']	po'	_	_	_	_	_	linguistic	_	none	_	_	_	_	_	0-3(27)
153-13	PSB059	153	153	13	sta:nco	stanco	_	_	_	_	_	linguistic	_	none	_	End=310.96	2x1	_	_	_
154-0	PSB005	154	154	0	[mhmh]	mhmh	_	_	_	_	_	linguistic	_	none	_	Begin=309.97|End=310.29	_	_	_	0-4(27)
155-0	PSB005	155	155	0	mhmh	mhmh	_	_	_	_	_	linguistic	_	none	_	Begin=311.03|End=311.42	_	_	_	_
156-0	PSB005	156	156	0	certo	certo	_	_	_	_	_	linguistic	_	none	_	Begin=311.88|End=312.28	_	_	_	_
157-0	PSB005	157	157	0	e	e	_	_	_	_	_	linguistic	_	none	_	Begin=312.75	_	_	_	_
157-1	PSB005	157	157	1	poi	poi	_	_	_	_	_	linguistic	_	none	_	_	_	_	_	_
157-2	PSB005	157	157	2	c'	c'	_	_	_	_	_	linguistic	_	none	SpaceAfter=No	_	_	_	_	_
157-3	PSB005	157	157	3	è	è	_	_	_	_	_	linguistic	_	none	_	_	_	_	_	_
157-4	PSB005	157	157	4	la	la	_	_	_	_	_	linguistic	_	none	_	_	_	_	_	_
157-5	PSB005	157	157	5	tua	tua	_	_	_	_	_	linguistic	_	none	_	_	_	_	_	_
157-6	PSB005	157	157	6	mamma	mamma	_	_	_	_	_	linguistic	_	none	_	_	_	_	_	_
157-7	PSB005	157	157	7	c'	c'	_	_	_	_	_	linguistic	_	none	SpaceAfter=No	_	_	_	_	_
157-8	PSB005	157	157	8	è:.	è	_	_	_	_	_	linguistic	_	none	Intonation=Falling	End=314.23	0x1	_	_	_
158-0	PSB059	158	158	0	sì:	sì	_	_	_	_	_	linguistic	_	none	_	Begin=314.25|End=314.63	1x1	_	_	_
159-0	PSB005	159	159	0	sì	sì	_	_	_	_	_	linguistic	_	none	_	Begin=314.9	_	_	_	_
159-1	PSB005	159	159	1	sì	sì	_	_	_	_	_	linguistic	_	none	_	End=315.31	_	_	_	_
160-0	PSB059	160	160	0	mia	mia	_	_	_	_	_	linguistic	_	none	_	Begin=315.53	_	_	_	_
160-1	PSB059	160	160	1	mamma:	mamma	_	_	_	_	_	linguistic	_	none	_	_	4x1	_	_	_
160-2	PSB059	160	160	2	è	è	_	_	_	_	_	linguistic	_	none	_	_	_	_	_	_
160-3	PSB059	160	160	3	in	in	_	_	_	_	_	linguistic	_	none	_	_	_	_	_	_
160-4	PSB059	160	160	4	bangla~	bangla~	_	_	_	_	_	linguistic	_	none	Interrupted=Yes	_	_	_	_	_
160-5	PSB059	160	160	5	è	è	_	_	_	_	_	linguistic	_	none	_	_	_	_	_	_
160-6	PSB059	160	160	6	ancora	ancora	_	_	_	_	_	linguistic	_	none	_	_	_	_	_	_
160-7	PSB059	160	160	7	in	in	_	_	_	_	_	linguistic	_	none	_	_	_	_	_	_
160-8	PSB059	160	160	8	bangladesh	bangladesh	_	_	_	_	_	linguistic	_	none	_	End=317.09	_	_	_	_
161-0	PSB005	161	161	0	okay	okay	_	_	_	_	_	linguistic	_	none	_	Begin=317.09|End=317.51	_	_	_	_
162-0	PSB005	162	162	0	okay	okay	_	_	_	_	_	linguistic	_	none	_	Begin=317.69|End=318.08	_	_	_	_
163-0	PSB059	163	163	0	io	io	_	_	_	_	_	linguistic	_	none	_	Begin=319.42	_	_	_	_
163-1	PSB059	163	163	1	abito	abito	_	_	_	_	_	linguistic	_	none	_	_	_	_	_	_
163-2	PSB059	163	163	2	con	con	_	_	_	_	_	linguistic	_	none	_	_	_	_	_	_
163-3	PSB059	163	163	3	mia	mia	_	_	_	_	_	linguistic	_	none	_	_	_	_	_	_
163-4	PSB059	163	163	4	sorella	sorella	_	_	_	_	_	linguistic	_	none	_	_	_	_	_	_
163-5	PSB059	163	163	5	e	e	_	_	_	_	_	linguistic	_	none	_	_	_	_	_	_
163-6	PSB059	163	163	6	mio	mio	_	_	_	_	_	linguistic	_	none	_	_	_	_	_	_
163-7	PSB059	163	163	7	[padre:]	padre	_	_	_	_	_	linguistic	_	none	_	End=320.97	4x1	_	_	0-5(28)
164-0	PSB005	164	164	0	[mhmh]	mhmh	_	_	_	_	_	linguistic	_	none	_	Begin=320.684|End=320.992	_	_	_	0-4(28)
165-0	PSB005	165	165	0	e	e	_	_	_	_	_	linguistic	_	none	_	Begin=321.22	_	_	_	_
165-1	PSB005	165	165	1	la	la	_	_	_	_	_	linguistic	_	none	_	_	_	_	_	_
165-2	PSB005	165	165	2	sentite	sentite	_	_	_	_	_	linguistic	_	none	_	_	_	_	_	_
165-3	PSB005	165	165	3	per	per	_	_	_	_	_	linguistic	_	none	_	_	_	_	_	_
165-4	PSB005	165	165	4	telefono:?	telefono	_	_	_	_	_	linguistic	_	none	Intonation=Rising	End=322.5	7x1	_	_	_
166-0	PSB059	166	166	0	sì:	sì	_	_	_	_	_	linguistic	_	none	_	Begin=322.92	1x1	_	_	_
166-1	PSB059	166	166	1	ogni	ogni	_	_	_	_	_	linguistic	_	none	_	_	_	_	_	_
166-2	PSB059	166	166	2	giorno	giorno	_	_	_	_	_	linguistic	_	none	_	End=323.84	_	_	_	_
167-0	PSB005	167	167	0	con	con	_	_	_	_	_	linguistic	_	none	_	Begin=323.98	_	_	_	_
167-1	PSB005	167	167	1	videochiama[te]?	videochiamate	_	_	_	_	_	linguistic	_	none	Intonation=Rising	End=324.98	_	_	_	11-13(29)
168-0	PSB059	168	168	0	[sì:]	sì	_	_	_	_	_	linguistic	_	none	_	Begin=324.79|End=324.98	1x1	_	_	0-2(29)
169-0	PSB005	169	169	0	quindi	quindi	_	_	_	_	_	linguistic	_	none	_	Begin=326.99	_	_	_	_
169-1	PSB005	169	169	1	comunque	comunque	_	_	_	_	_	linguistic	_	none	_	_	_	_	_	_
169-2	PSB005	169	169	2	la	la	_	_	_	_	_	linguistic	_	none	_	_	_	_	_	_
169-3	PSB005	169	169	3	lingua:	lingua	_	_	_	_	_	linguistic	_	none	_	_	5x1	_	_	_
169-4	PSB005	169	169	4	bengalese	bengalese	_	_	_	_	_	linguistic	_	none	_	_	_	_	_	_
169-5	PSB005	169	169	5	la	la	_	_	_	_	_	linguistic	_	none	_	_	_	_	_	_
169-6	PSB005	169	169	6	parli	parli	_	_	_	_	_	linguistic	_	none	_	_	_	_	_	_
169-7	PSB005	169	169	7	ancora	ancora	_	_	_	_	_	linguistic	_	none	_	_	_	_	_	_
169-8	PSB005	169	169	8	mol~	mol~	_	_	_	_	_	linguistic	_	none	Interrupted=Yes	_	_	_	_	_
169-9	PSB005	169	169	9	mo:lto	molto	_	_	_	_	_	linguistic	_	none	_	End=330.08	1x1	_	_	_
170-0	PSB059	170	170	0	sì:	sì	_	_	_	_	_	linguistic	_	none	_	Begin=330.32	1x1	_	_	_
170-1	PSB059	170	170	1	perché:	perché	_	_	_	_	_	linguistic	_	none	PauseAfter=Yes	_	5x1	_	_	_
170-2	PSB059	170	170	2	(.)	(.)	_	_	_	_	_	shortpause	_	none	_	_	_	_	_	_
170-3	PSB059	170	170	3	e:h	eh	_	_	_	_	_	linguistic	_	none	_	_	0x1	_	_	_
170-4	PSB059	170	170	4	da	da	_	_	_	_	_	linguistic	_	none	PauseAfter=Yes	_	_	_	_	_
170-5	PSB059	170	170	5	(.)	(.)	_	_	_	_	_	shortpause	_	none	_	_	_	_	_	_
170-6	PSB059	170	170	6	tre	tre	_	_	_	_	_	linguistic	_	none	_	_	_	_	_	_
170-7	PSB059	170	170	7	anni	anni	_	_	_	_	_	linguistic	_	none	_	_	_	_	_	_
170-8	PSB059	170	170	8	però:	però	_	_	_	_	_	linguistic	_	none	_	_	3x1	_	_	_
170-9	PSB059	170	170	9	(il)	il	_	_	_	_	_	linguistic	_	none	_	_	_	_	0-2(0)	_
170-10	PSB059	170	170	10	bangladesh	bangladesh	_	_	_	_	_	linguistic	_	none	_	_	_	_	_	_
170-11	PSB059	170	170	11	e::h	eh	_	_	_	_	_	linguistic	_	none	_	_	0x2	_	_	_
170-12	PSB059	170	170	12	>tredici	tredici	_	_	_	_	_	linguistic	_	none	_	_	_	Fast=0-7(0)	_	_
170-13	PSB059	170	170	13	anni<	anni	_	_	_	_	_	linguistic	_	none	_	End=335.63	_	Fast=0-4(0)	_	_
171-0	PSB005	171	171	0	certo:	certo	_	_	_	_	_	linguistic	_	none	_	Begin=335.84	4x1	_	_	_
171-1	PSB005	171	171	1	sì	sì	_	_	_	_	_	linguistic	_	none	_	_	_	_	_	_
171-2	PSB005	171	171	2	sì	sì	_	_	_	_	_	linguistic	_	none	_	_	_	_	_	_
171-3	PSB005	171	171	3	sì	sì	_	_	_	_	_	linguistic	_	none	_	_	_	_	_	_
171-4	PSB005	171	171	4	sì	sì	_	_	_	_	_	linguistic	_	none	_	_	_	_	_	_
171-5	PSB005	171	171	5	certo	certo	_	_	_	_	_	linguistic	_	none	_	End=337.63	_	_	_	_
172-0	PSB005	172	172	0	e:	e	_	_	_	_	_	linguistic	_	none	PauseAfter=Yes	Begin=338.25	0x1	_	_	_
172-1	PSB005	172	172	1	(.)	(.)	_	_	_	_	_	shortpause	_	none	_	_	_	_	_	_
172-2	PSB005	172	172	2	mi:	mi	_	_	_	_	_	linguistic	_	none	_	_	1x1	_	_	_
172-3	PSB005	172	172	3	mi	mi	_	_	_	_	_	linguistic	_	none	_	_	_	_	_	_
172-4	PSB005	172	172	4	vuoi	vuoi	_	_	_	_	_	linguistic	_	none	_	_	_	_	_	_
172-5	PSB005	172	172	5	descrivere	descrivere	_	_	_	_	_	linguistic	_	none	_	_	_	_	_	_
172-6	PSB005	172	172	6	un	un	_	_	_	_	_	linguistic	_	none	_	_	_	_	_	_
172-7	PSB005	172	172	7	po'	po'	_	_	_	_	_	linguistic	_	none	_	_	_	_	_	_
172-8	PSB005	172	172	8	il	il	_	_	_	_	_	linguistic	_	none	_	_	_	_	_	_
172-9	PSB005	172	172	9	tuo	tuo	_	_	_	_	_	linguistic	_	none	_	_	_	_	_	_
172-10	PSB005	172	172	10	pae:se	paese	_	_	_	_	_	linguistic	_	none	_	_	2x1	_	_	_
172-11	PSB005	172	172	11	com'	com'	_	_	_	_	_	linguistic	_	none	SpaceAfter=No	_	_	_	_	_
172-12	PSB005	172	172	12	è	è	_	_	_	_	_	linguistic	_	none	_	_	_	_	_	_
172-13	PSB005	172	172	13	fa~	fa~	_	_	_	_	_	linguistic	_	none	Interrupted=Yes	_	_	_	_	_
172-14	PSB005	172	172	14	perché	perché	_	_	_	_	_	linguistic	_	none	_	_	_	_	_	_
172-15	PSB005	172	172	15	io	io	_	_	_	_	_	linguistic	_	none	_	_	_	_	_	_
172-16	PSB005	172	172	16	non	non	_	_	_	_	_	linguistic	_	none	_	_	_	_	_	_
172-17	PSB005	172	172	17	lo	lo	_	_	_	_	_	linguistic	_	none	_	_	_	_	_	_
172-18	PSB005	172	172	18	conosco	conosco	_	_	_	_	_	linguistic	_	none	_	_	_	_	_	_
172-19	PSB005	172	172	19	non	non	_	_	_	_	_	linguistic	_	none	_	_	_	_	_	_
172-20	PSB005	172	172	20	ci	ci	_	_	_	_	_	linguistic	_	none	_	_	_	_	_	_
172-21	PSB005	172	172	21	sono	sono	_	_	_	_	_	linguistic	_	none	_	_	_	_	_	_
172-22	PSB005	172	172	22	mai	mai	_	_	_	_	_	linguistic	_	none	_	_	_	_	_	_
172-23	PSB005	172	172	23	stata:	stata	_	_	_	_	_	linguistic	_	none	_	End=344.31	4x1	_	_	_
173-0	PSB059	173	173	0	mio	mio	_	_	_	_	_	linguistic	_	none	_	Begin=345.22	_	_	_	_
173-1	PSB059	173	173	1	paese:	paese	_	_	_	_	_	linguistic	_	none	_	End=346.45	4x1	_	_	_
174-0	PSB059	174	174	0	fa	fa	_	_	_	_	_	linguistic	_	none	_	Begin=347.79	_	_	_	_
174-1	PSB059	174	174	1	tanto	tanto	_	_	_	_	_	linguistic	_	none	_	_	_	_	_	_
174-2	PSB059	174	174	2	casino	casino	_	_	_	_	_	linguistic	_	none	PauseAfter=Yes	_	_	_	_	_
174-3	PSB059	174	174	3	(.)	(.)	_	_	_	_	_	shortpause	_	none	_	_	_	_	_	_
174-4	PSB059	174	174	4	per	per	_	_	_	_	_	linguistic	_	none	_	_	_	_	_	_
174-5	PSB059	174	174	5	quello	quello	_	_	_	_	_	linguistic	_	none	_	_	_	_	_	_
174-6	PSB059	174	174	6	°>sono	sono	_	_	_	_	_	linguistic	_	none	Volume=low	_	_	Fast=0-4(0)	_	_
174-7	PSB059	174	174	7	venuto<°	venuto	_	_	_	_	_	linguistic	_	none	Volume=low	_	_	Fast=0-6(0)	_	_
174-8	PSB059	174	174	8	qua	qua	_	_	_	_	_	linguistic	_	none	_	End=350.0	_	_	_	_
175-0	PSB005	175	175	0	mh	mh	_	_	_	_	_	linguistic	_	none	_	Begin=350.02|End=350.26	_	_	_	_
176-0	PSB059	176	176	0	mia	mia	_	_	_	_	_	linguistic	_	none	_	Begin=350.94	_	_	_	_
176-1	PSB059	176	176	1	mamma:	mamma	_	_	_	_	_	linguistic	_	none	_	_	4x1	_	_	_
176-2	PSB059	176	176	2	ha	ha	_	_	_	_	_	linguistic	_	none	_	_	_	_	_	_
176-3	PSB059	176	176	3	paura:	paura	_	_	_	_	_	linguistic	_	none	_	_	4x1	_	_	_
176-4	PSB059	176	176	4	perché:	perché	_	_	_	_	_	linguistic	_	none	_	_	5x1	_	_	_
176-5	PSB059	176	176	5	>nella	nella	_	_	_	_	_	linguistic	_	none	PauseAfter=Yes	_	_	Fast=0-5(0)	_	_
176-6	PSB059	176	176	6	(.)	(.)	_	_	_	_	_	shortpause	_	none	_	_	_	_	_	_
176-7	PSB059	176	176	7	nel	nel	_	_	_	_	_	linguistic	_	none	_	_	_	Fast=0-3(0)	_	_
176-8	PSB059	176	176	8	nostro<	nostro	_	_	_	_	_	linguistic	_	none	_	_	_	Fast=0-6(0)	_	_
176-9	PSB059	176	176	9	paese	paese	_	_	_	_	_	linguistic	_	none	_	End=354.18	_	_	_	_
177-0	PSB059	177	177	0	tutti	tutti	_	_	_	_	_	linguistic	_	none	_	Begin=354.45	_	_	_	_
177-1	PSB059	177	177	1	xx	xx	_	_	_	_	_	unknown	_	none	PauseAfter=Yes|Syllables=2	_	_	_	_	_
177-2	PSB059	177	177	2	(.)	(.)	_	_	_	_	_	shortpause	_	none	_	_	_	_	_	_
177-3	PSB059	177	177	3	xx	xx	_	_	_	_	_	unknown	_	none	Syllables=2	_	_	_	_	_
177-4	PSB059	177	177	4	fa	fa	_	_	_	_	_	linguistic	_	none	_	_	_	_	_	_
177-5	PSB059	177	177	5	tanto	tanto	_	_	_	_	_	linguistic	_	none	_	_	_	_	_	_
177-6	PSB059	177	177	6	casino	casino	_	_	_	_	_	linguistic	_	none	_	End=358.05	_	_	_	_
178-0	PSB005	178	178	0	°mhmh°	mhmh	_	_	_	_	_	linguistic	_	none	Volume=low	Begin=358.05|End=358.55	_	_	_	_
179-0	PSB059	179	179	0	per	per	_	_	_	_	_	linguistic	_	none	_	Begin=359.48	_	_	_	_
179-1	PSB059	179	179	1	quello	quello	_	_	_	_	_	linguistic	_	none	_	End=360.13	_	_	_	_
180-0	PSB005	180	180	0	sì	sì	_	_	_	_	_	linguistic	_	none	_	Begin=361.58	_	_	_	_
180-1	PSB005	180	180	1	sì	sì	_	_	_	_	_	linguistic	_	none	_	_	_	_	_	_
180-2	PSB005	180	180	2	certo	certo	_	_	_	_	_	linguistic	_	none	_	End=362.25	_	_	_	_
181-0	PSB005	181	181	0	VABBÈ	vabbè	_	_	_	_	_	linguistic	_	none	Volume=high	Begin=362.6	_	_	_	_
181-1	PSB005	181	181	1	però:	però	_	_	_	_	_	linguistic	_	none	_	End=363.395	3x1	_	_	_
182-0	PSB005	182	182	0	cioè	cioè	_	_	_	_	_	linguistic	_	none	_	Begin=364.411	_	_	_	_
182-1	PSB005	182	182	1	ci	ci	_	_	_	_	_	linguistic	_	none	_	_	_	_	_	_
182-2	PSB005	182	182	2	sono::	sono	_	_	_	_	_	linguistic	_	none	PauseAfter=Yes	_	3x2	_	_	_
182-3	PSB005	182	182	3	(.)	(.)	_	_	_	_	_	shortpause	_	none	_	_	_	_	_	_
182-4	PSB005	182	182	4	le	le	_	_	_	_	_	linguistic	_	none	_	_	_	_	_	_
182-5	PSB005	182	182	5	montagne	montagne	_	_	_	_	_	linguistic	_	none	_	_	_	_	_	_
182-6	PSB005	182	182	6	c'	c'	_	_	_	_	_	linguistic	_	none	SpaceAfter=No	_	_	_	_	_
182-7	PSB005	182	182	7	è	è	_	_	_	_	_	linguistic	_	none	_	_	_	_	_	_
182-8	PSB005	182	182	8	il	il	_	_	_	_	_	linguistic	_	none	_	_	_	_	_	_
182-9	PSB005	182	182	9	mar[e::	mare	_	_	_	_	_	linguistic	_	none	PauseAfter=Yes	_	3x2	_	_	2-4(30)
182-10	PSB005	182	182	10	(.)	(.)	_	_	_	_	_	shortpause	_	none	_	_	_	_	_	_
182-11	PSB005	182	182	11	ci	ci	_	_	_	_	_	linguistic	_	none	_	_	_	_	_	0-2(30)
182-12	PSB005	182	182	12	son~]	son~	_	_	_	_	_	linguistic	_	none	Interrupted=Yes	End=368.27	_	_	_	0-4(30)
183-0	PSB059	183	183	0	[sì:	sì	_	_	_	_	_	linguistic	_	none	_	Begin=367.41	1x1	_	_	0-2(30)
183-1	PSB059	183	183	1	tanti]	tanti	_	_	_	_	_	linguistic	_	none	_	_	_	_	_	0-5(30)
183-2	PSB059	183	183	2	mare:	mare	_	_	_	_	_	linguistic	_	none	_	_	3x1	_	_	_
183-3	PSB059	183	183	3	c'	c'	_	_	_	_	_	linguistic	_	none	SpaceAfter=No	_	_	_	_	_
183-4	PSB059	183	183	4	è	è	_	_	_	_	_	linguistic	_	none	_	_	_	_	_	_
183-5	PSB059	183	183	5	uno	uno	_	_	_	_	_	linguistic	_	none	_	_	_	_	_	_
183-6	PSB059	183	183	6	mare:	mare	_	_	_	_	_	linguistic	_	none	_	_	3x1	_	_	_
183-7	PSB059	183	183	7	si	si	_	_	_	_	_	linguistic	_	none	_	_	_	_	_	_
183-8	PSB059	183	183	8	chiama::	chiama	_	_	_	_	_	linguistic	_	none	PauseAfter=Yes	_	5x2	_	_	_
183-9	PSB059	183	183	9	(.)	(.)	_	_	_	_	_	shortpause	_	none	_	_	_	_	_	_
183-10	PSB059	183	183	10	e:h	eh	_	_	_	_	_	linguistic	_	none	_	_	0x1	_	_	_
183-11	PSB059	183	183	11	cox'	cox'	_	_	_	_	_	linguistic	_	none	SpaceAfter=No	_	_	_	_	_
183-12	PSB059	183	183	12	s	s	_	_	_	_	_	linguistic	_	none	_	_	_	_	_	_
183-13	PSB059	183	183	13	bazar	bazar	_	_	_	_	_	linguistic	_	none	_	End=372.24	_	_	_	_
184-0	PSB005	184	184	0	okay	okay	_	_	_	_	_	linguistic	_	none	_	Begin=372.26|End=372.79	_	_	_	_
185-0	PSB059	185	185	0	però	però	_	_	_	_	_	linguistic	_	none	_	Begin=373.38	_	_	_	_
185-1	PSB059	185	185	1	è	è	_	_	_	_	_	linguistic	_	none	_	_	_	_	_	_
185-2	PSB059	185	185	2	bellissimo	bellissimo	_	_	_	_	_	linguistic	_	none	_	_	_	_	_	_
185-3	PSB059	185	185	3	sono	sono	_	_	_	_	_	linguistic	_	none	_	_	_	_	_	_
185-4	PSB059	185	185	4	an~	an~	_	_	_	_	_	linguistic	_	none	Interrupted=Yes	_	_	_	_	_
185-5	PSB059	185	185	5	andato	andato	_	_	_	_	_	linguistic	_	none	_	_	_	_	_	_
185-6	PSB059	185	185	6	sono	sono	_	_	_	_	_	linguistic	_	none	_	_	_	_	_	_
185-7	PSB059	185	185	7	andato	andato	_	_	_	_	_	linguistic	_	none	_	_	_	_	_	_
185-8	PSB059	185	185	8	tre	tre	_	_	_	_	_	linguistic	_	none	_	_	_	_	_	_
185-9	PSB059	185	185	9	volte	volte	_	_	_	_	_	linguistic	_	none	_	End=376.21	_	_	_	_
186-0	PSB059	186	186	0	e:h	eh	_	_	_	_	_	linguistic	_	none	_	Begin=378.17	0x1	_	_	_
186-1	PSB059	186	186	1	c'	c'	_	_	_	_	_	linguistic	_	none	SpaceAfter=No	_	_	_	_	_
186-2	PSB059	186	186	2	è	è	_	_	_	_	_	linguistic	_	none	_	_	_	_	_	_
186-3	PSB059	186	186	3	anche	anche	_	_	_	_	_	linguistic	_	none	_	_	_	_	_	_
186-4	PSB059	186	186	4	montagna:	montagna	_	_	_	_	_	linguistic	_	none	_	_	7x1	_	_	_
186-5	PSB059	186	186	5	però:	però	_	_	_	_	_	linguistic	_	none	_	_	3x1	_	_	_
186-6	PSB059	186	186	6	ancora:	ancora	_	_	_	_	_	linguistic	_	none	_	_	5x1	_	_	_
186-7	PSB059	186	186	7	°non	non	_	_	_	_	_	linguistic	_	none	Volume=low	_	_	_	_	_
186-8	PSB059	186	186	8	andato°	andato	_	_	_	_	_	linguistic	_	none	PauseAfter=Yes|Volume=low	_	_	_	_	_
186-9	PSB059	186	186	9	(.)	(.)	_	_	_	_	_	shortpause	_	none	_	_	_	_	_	_
186-10	PSB059	186	186	10	xx	xx	_	_	_	_	_	unknown	_	none	Syllables=2	End=381.41	_	_	_	_
187-0	PSB005	187	187	0	°non	non	_	_	_	_	_	linguistic	_	none	Volume=low	Begin=381.58	_	_	_	_
187-1	PSB005	187	187	1	ci	ci	_	_	_	_	_	linguistic	_	none	Volume=low	_	_	_	_	_
187-2	PSB005	187	187	2	s[ei°]	sei	_	_	_	_	_	linguistic	_	none	Volume=low	End=382.27	_	_	_	1-3(31)
188-0	PSB059	188	188	0	>[come]	come	_	_	_	_	_	linguistic	_	none	PauseAfter=Yes	Begin=382.04	_	Fast=0-4(0)	_	0-4(31)
188-1	PSB059	188	188	1	(.)	(.)	_	_	_	_	_	shortpause	_	none	_	_	_	_	_	_
188-2	PSB059	188	188	2	prossimo	prossimo	_	_	_	_	_	linguistic	_	none	_	_	_	Fast=0-8(0)	_	_
188-3	PSB059	188	188	3	anno<	anno	_	_	_	_	_	linguistic	_	none	_	_	_	Fast=0-4(0)	_	_
188-4	PSB059	188	188	4	vado	vado	_	_	_	_	_	linguistic	_	none	_	_	_	_	_	_
188-5	PSB059	188	188	5	bangladesh:	bangladesh	_	_	_	_	_	linguistic	_	none	_	_	9x1	_	_	_
188-6	PSB059	188	188	6	[e	e	_	_	_	_	_	linguistic	_	none	_	_	_	_	_	0-1(32)
188-7	PSB059	188	188	7	poi]	poi	_	_	_	_	_	linguistic	_	none	_	_	_	_	_	0-3(32)
188-8	PSB059	188	188	8	vado:	vado	_	_	_	_	_	linguistic	_	none	_	_	3x1	_	_	_
188-9	PSB059	188	188	9	nella:	nella	_	_	_	_	_	linguistic	_	none	_	_	4x1	_	_	_
188-10	PSB059	188	188	10	montagna	montagna	_	_	_	_	_	linguistic	_	none	_	_	_	_	_	_
188-11	PSB059	188	188	11	cos[ì:]	così	_	_	_	_	_	linguistic	_	none	_	End=386.38	3x1	_	_	3-4(33)
189-0	PSB005	189	189	0	[(°okay°)]	okay	_	_	_	_	_	linguistic	_	none	Volume=low	Begin=384.06|End=384.54	_	_	0-4(0)	0-4(32)
190-0	PSB005	190	190	0	[o]kay	okay	_	_	_	_	_	linguistic	_	none	_	Begin=386.23|End=386.8	_	_	_	0-1(33)
191-0	PSB005	191	191	0	ah	ah	_	_	_	_	_	linguistic	_	none	_	Begin=387.29	_	_	_	_
191-1	PSB005	191	191	1	bello	bello	_	_	_	_	_	linguistic	_	none	_	End=388.04	_	_	_	_
192-0	PSB005	192	192	0	e	e	_	_	_	_	_	linguistic	_	none	_	Begin=388.33	_	_	_	_
192-1	PSB005	192	192	1	in	in	_	_	_	_	_	linguistic	_	none	_	_	_	_	_	_
192-2	PSB005	192	192	2	italia:	italia	_	_	_	_	_	linguistic	_	none	PauseAfter=Yes	_	5x1	_	_	_
192-3	PSB005	192	192	3	(.)	(.)	_	_	_	_	_	shortpause	_	none	_	_	_	_	_	_
192-4	PSB005	192	192	4	il	il	_	_	_	_	_	linguistic	_	none	_	_	_	_	_	_
192-5	PSB005	192	192	5	tuo	tuo	_	_	_	_	_	linguistic	_	none	_	_	_	_	_	_
192-6	PSB005	192	192	6	paese:	paese	_	_	_	_	_	linguistic	_	none	_	_	4x1	_	_	_
192-7	PSB005	192	192	7	qui	qui	_	_	_	_	_	linguistic	_	none	_	_	_	_	_	_
192-8	PSB005	192	192	8	dove	dove	_	_	_	_	_	linguistic	_	none	_	_	_	_	_	_
192-9	PSB005	192	192	9	abiti	abiti	_	_	_	_	_	linguistic	_	none	_	_	_	_	_	_
192-10	PSB005	192	192	10	com'	com'	_	_	_	_	_	linguistic	_	none	SpaceAfter=No	_	_	_	_	_
192-11	PSB005	192	192	11	è	è	_	_	_	_	_	linguistic	_	none	_	_	_	_	_	_
192-12	PSB005	192	192	12	fatto?	fatto	_	_	_	_	_	linguistic	_	none	Intonation=Rising	_	_	_	_	_
192-13	PSB005	192	192	13	non	non	_	_	_	_	_	linguistic	_	none	_	_	_	_	_	_
192-14	PSB005	192	192	14	i~	i~	_	_	_	_	_	linguistic	_	none	Interrupted=Yes	_	_	_	_	_
192-15	PSB005	192	192	15	io	io	_	_	_	_	_	linguistic	_	none	_	_	_	_	_	_
192-16	PSB005	192	192	16	non	non	_	_	_	_	_	linguistic	_	none	_	_	_	_	_	_
192-17	PSB005	192	192	17	lo	lo	_	_	_	_	_	linguistic	_	none	_	_	_	_	_	_
192-18	PSB005	192	192	18	conosco	conosco	_	_	_	_	_	linguistic	_	none	_	_	_	_	_	_
192-19	PSB005	192	192	19	non	non	_	_	_	_	_	linguistic	_	none	_	_	_	_	_	_
192-20	PSB005	192	192	20	ci	ci	_	_	_	_	_	linguistic	_	none	_	_	_	_	_	_
192-21	PSB005	192	192	21	sono	sono	_	_	_	_	_	linguistic	_	none	_	_	_	_	_	_
192-22	PSB005	192	192	22	mai	mai	_	_	_	_	_	linguistic	_	none	_	_	_	_	_	_
192-23	PSB005	192	192	23	stata	stata	_	_	_	_	_	linguistic	_	none	_	End=394.23	_	_	_	_
193-0	PSB059	193	193	0	san	san	_	_	_	_	_	linguistic	_	none	_	Begin=394.22	_	_	_	_
193-1	PSB059	193	193	1	pietro	pietro	_	_	_	_	_	linguistic	_	none	_	_	_	_	_	_
193-2	PSB059	193	193	2	in	in	_	_	_	_	_	linguistic	_	none	_	_	_	_	_	_
193-3	PSB059	193	193	3	casa[le]?	casale	_	_	_	_	_	linguistic	_	none	Intonation=Rising	End=395.08	_	_	_	4-6(?)
194-0	PSB005	194	194	0	[sì:]	sì	_	_	_	_	_	linguistic	_	none	_	Begin=395.0|End=395.33	1x1	_	_	0-2(35)
195-0	PSB059	195	195	0	là::	là	_	_	_	_	_	linguistic	_	none	PauseAfter=Yes	Begin=395.97	1x2	_	_	_
195-1	PSB059	195	195	1	(.)	(.)	_	_	_	_	_	shortpause	_	none	_	_	_	_	_	_
195-2	PSB059	195	195	2	per	per	_	_	_	_	_	linguistic	_	none	_	_	_	_	_	_
195-3	PSB059	195	195	3	me	me	_	_	_	_	_	linguistic	_	none	_	_	_	_	_	_
195-4	PSB059	195	195	4	è:	è	_	_	_	_	_	linguistic	_	none	PauseAfter=Yes	_	0x1	_	_	_
195-5	PSB059	195	195	5	(.)	(.)	_	_	_	_	_	shortpause	_	none	_	_	_	_	_	_
195-6	PSB059	195	195	6	(bene)	bene	_	_	_	_	_	linguistic	_	none	_	_	_	_	0-4(0)	_
195-7	PSB059	195	195	7	perché:	perché	_	_	_	_	_	linguistic	_	none	_	_	5x1	_	_	_
195-8	PSB059	195	195	8	non	non	_	_	_	_	_	linguistic	_	none	_	_	_	_	_	_
195-9	PSB059	195	195	9	fa	fa	_	_	_	_	_	linguistic	_	none	_	_	_	_	_	_
195-10	PSB059	195	195	10	rumore	rumore	_	_	_	_	_	linguistic	_	none	_	_	_	_	_	_
195-11	PSB059	195	195	11	non	non	_	_	_	_	_	linguistic	_	none	_	_	_	_	_	_
195-12	PSB059	195	195	12	fa	fa	_	_	_	_	_	linguistic	_	none	_	_	_	_	_	_
195-13	PSB059	195	195	13	niente:	niente	_	_	_	_	_	linguistic	_	none	_	_	5x1	_	_	_
195-14	PSB059	195	195	14	è	è	_	_	_	_	_	linguistic	_	none	_	_	_	_	_	_
195-15	PSB059	195	195	15	come:	come	_	_	_	_	_	linguistic	_	none	_	_	3x1	_	_	_
195-16	PSB059	195	195	16	bologna	bologna	_	_	_	_	_	linguistic	_	none	_	End=401.57	_	_	_	_
196-0	PSB005	196	196	0	mhmh	mhmh	_	_	_	_	_	linguistic	_	none	_	Begin=401.69|End=402.095	_	_	_	_
197-0	PSB059	197	197	0	alle	alle	_	_	_	_	_	linguistic	_	none	_	Begin=402.095	_	_	_	_
197-1	PSB059	197	197	1	notte:	notte	_	_	_	_	_	linguistic	_	none	_	_	4x1	_	_	_
197-2	PSB059	197	197	2	c'	c'	_	_	_	_	_	linguistic	_	none	SpaceAfter=No	_	_	_	_	_
197-3	PSB059	197	197	3	è	è	_	_	_	_	_	linguistic	_	none	_	_	_	_	_	_
197-4	PSB059	197	197	4	va	va	_	_	_	_	_	linguistic	_	none	_	_	_	_	_	_
197-5	PSB059	197	197	5	tanti	tanti	_	_	_	_	_	linguistic	_	none	_	_	_	_	_	_
197-6	PSB059	197	197	6	macchina:	macchina	_	_	_	_	_	linguistic	_	none	_	_	7x1	_	_	_
197-7	PSB059	197	197	7	fa	fa	_	_	_	_	_	linguistic	_	none	_	_	_	_	_	_
197-8	PSB059	197	197	8	rumore	rumore	_	_	_	_	_	linguistic	_	none	_	End=405.63	_	_	_	_
198-0	PSB059	198	198	0	non	non	_	_	_	_	_	linguistic	_	none	_	Begin=406.03	_	_	_	_
198-1	PSB059	198	198	1	mi	mi	_	_	_	_	_	linguistic	_	none	_	_	_	_	_	_
198-2	PSB059	198	198	2	piacciono	piacciono	_	_	_	_	_	linguistic	_	none	_	_	_	_	_	_
198-3	PSB059	198	198	3	quest(i)	questi	_	_	_	_	_	linguistic	_	none	_	End=406.96	_	_	5-6(0)	_
199-0	PSB005	199	199	0	mhmh	mhmh	_	_	_	_	_	linguistic	_	none	_	Begin=407.16|End=407.63	_	_	_	_
200-0	PSB059	200	200	0	però	però	_	_	_	_	_	linguistic	_	none	_	Begin=407.9	_	_	_	_
200-1	PSB059	200	200	1	io	io	_	_	_	_	_	linguistic	_	none	_	_	_	_	_	_
200-2	PSB059	200	200	2	a	a	_	_	_	_	_	linguistic	_	none	_	_	_	_	_	_
200-3	PSB059	200	200	3	san	san	_	_	_	_	_	linguistic	_	none	_	_	_	_	_	_
200-4	PSB059	200	200	4	pietro	pietro	_	_	_	_	_	linguistic	_	none	_	_	_	_	_	_
200-5	PSB059	200	200	5	>in	in	_	_	_	_	_	linguistic	_	none	_	_	_	Fast=0-2(0)	_	_
200-6	PSB059	200	200	6	casale<	casale	_	_	_	_	_	linguistic	_	none	_	_	_	Fast=0-6(0)	_	_
200-7	PSB059	200	200	7	non	non	_	_	_	_	_	linguistic	_	none	_	_	_	_	_	_
200-8	PSB059	200	200	8	fa	fa	_	_	_	_	_	linguistic	_	none	_	_	_	_	_	_
200-9	PSB059	200	200	9	rumore	rumore	_	_	_	_	_	linguistic	_	none	_	_	_	_	_	_
200-10	PSB059	200	200	10	alla	alla	_	_	_	_	_	linguistic	_	none	_	_	_	_	_	_
200-11	PSB059	200	200	11	notte::	notte	_	_	_	_	_	linguistic	_	none	_	_	4x2	_	_	_
200-12	PSB059	200	200	12	così:	così	_	_	_	_	_	linguistic	_	none	_	_	3x1	_	_	_
200-13	PSB059	200	200	13	°dormire°	dormire	_	_	_	_	_	linguistic	_	none	Volume=low	End=412.03	_	_	_	_
201-0	PSB005	201	201	0	puoi	puoi	_	_	_	_	_	linguistic	_	none	_	Begin=412.14	_	_	_	_
201-1	PSB005	201	201	1	dormir[e],	dormire	_	_	_	_	_	linguistic	_	none	Intonation=WeaklyRising	End=412.89	_	_	_	6-7(36)
202-0	PSB059	202	202	0	[s]ì:	sì	_	_	_	_	_	linguistic	_	none	_	Begin=412.79|End=413.17	1x1	_	_	0-1(36)
203-0	PSB005	203	203	0	sì	sì	_	_	_	_	_	linguistic	_	none	_	Begin=413.18	_	_	_	_
203-1	PSB005	203	203	1	sì	sì	_	_	_	_	_	linguistic	_	none	_	End=413.63	_	_	_	_
204-0	PSB005	204	204	0	e:hm:	ehm	_	_	_	_	_	linguistic	_	none	_	Begin=414.3|End=414.99	0x1,2x1	_	_	_
205-0	PSB005	205	205	0	ti	ti	_	_	_	_	_	linguistic	_	none	_	Begin=415.62	_	_	_	_
205-1	PSB005	205	205	1	piacerebbe	piacerebbe	_	_	_	_	_	linguistic	_	none	_	_	_	_	_	_
205-2	PSB005	205	205	2	vivere	vivere	_	_	_	_	_	linguistic	_	none	_	_	_	_	_	_
205-3	PSB005	205	205	3	a	a	_	_	_	_	_	linguistic	_	none	_	_	_	_	_	_
205-4	PSB005	205	205	4	bologna:	bologna	_	_	_	_	_	linguistic	_	none	_	_	6x1	_	_	_
205-5	PSB005	205	205	5	o	o	_	_	_	_	_	linguistic	_	none	_	_	_	_	_	_
205-6	PSB005	205	205	6	no?	no	_	_	_	_	_	linguistic	_	none	Intonation=Rising	End=417.51	_	_	_	_
206-0	PSB059	206	206	0	sì:	sì	_	_	_	_	_	linguistic	_	none	_	Begin=417.77	1x1	_	_	_
206-1	PSB059	206	206	1	tantissimo	tantissimo	_	_	_	_	_	linguistic	_	none	_	_	_	_	_	_
206-2	PSB059	206	206	2	perché::	perché	_	_	_	_	_	linguistic	_	none	_	_	5x2	_	_	_
206-3	PSB059	206	206	3	miei	miei	_	_	_	_	_	linguistic	_	none	_	_	_	_	_	_
206-4	PSB059	206	206	4	amici	amici	_	_	_	_	_	linguistic	_	none	_	_	_	_	_	_
206-5	PSB059	206	206	5	tutte	tutte	_	_	_	_	_	linguistic	_	none	_	_	_	_	_	_
206-6	PSB059	206	206	6	[xxx]	xxx	_	_	_	_	_	unknown	_	none	Syllables=3	End=420.5	_	_	_	0-3(37)
207-0	PSB005	207	207	0	[mh]mh	mhmh	_	_	_	_	_	linguistic	_	none	_	Begin=420.32|End=420.65	_	_	_	0-2(37)
208-0	PSB005	208	208	0	come	come	_	_	_	_	_	linguistic	_	none	_	Begin=421.99	_	_	_	_
208-1	PSB005	208	208	1	fai	fai	_	_	_	_	_	linguistic	_	none	_	_	_	_	_	_
208-2	PSB005	208	208	2	a	a	_	_	_	_	_	linguistic	_	none	_	_	_	_	_	_
208-3	PSB005	208	208	3	vederli	vederli	_	_	_	_	_	linguistic	_	none	PauseAfter=Yes	_	_	_	_	_
208-4	PSB005	208	208	4	(.)	(.)	_	_	_	_	_	shortpause	_	none	_	_	_	_	_	_
208-5	PSB005	208	208	5	prendi	prendi	_	_	_	_	_	linguistic	_	none	_	_	_	_	_	_
208-6	PSB005	208	208	6	il	il	_	_	_	_	_	linguistic	_	none	_	_	_	_	_	_
208-7	PSB005	208	208	7	treno:	treno	_	_	_	_	_	linguistic	_	none	_	_	4x1	_	_	_
208-8	PSB005	208	208	8	e	e	_	_	_	_	_	linguistic	_	none	_	_	_	_	_	_
208-9	PSB005	208	208	9	vieni:?	vieni	_	_	_	_	_	linguistic	_	none	Intonation=Rising	End=424.56	4x1	_	_	_
209-0	PSB059	209	209	0	sì:	sì	_	_	_	_	_	linguistic	_	none	_	Begin=424.75|End=425.12	1x1	_	_	_
210-0	PSB059	210	210	0	ogni	ogni	_	_	_	_	_	linguistic	_	none	_	Begin=427.19	_	_	_	_
210-1	PSB059	210	210	1	giorno	giorno	_	_	_	_	_	linguistic	_	none	_	_	_	_	_	_
210-2	PSB059	210	210	2	vengo	vengo	_	_	_	_	_	linguistic	_	none	_	_	_	_	_	_
210-3	PSB059	210	210	3	bologna:	bologna	_	_	_	_	_	linguistic	_	none	PauseAfter=Yes	_	6x1	_	_	_
210-4	PSB059	210	210	4	(.)	(.)	_	_	_	_	_	shortpause	_	none	_	_	_	_	_	_
210-5	PSB059	210	210	5	(in	in	_	_	_	_	_	linguistic	_	none	_	_	_	_	0-2(0)	_
210-6	PSB059	210	210	6	bici)	bici	_	_	_	_	_	linguistic	_	none	_	End=429.85	_	_	0-4(0)	_
211-0	PSB005	211	211	0	°mhmh°	mhmh	_	_	_	_	_	linguistic	_	none	Volume=low	Begin=430.34|End=430.7	_	_	_	_
212-0	PSB005	212	212	0	cosa	cosa	_	_	_	_	_	linguistic	_	none	_	Begin=431.15	_	_	_	_
212-1	PSB005	212	212	1	fate:?	fate	_	_	_	_	_	linguistic	_	none	Intonation=Rising|PauseAfter=Yes	_	3x1	_	_	_
212-2	PSB005	212	212	2	(.)	(.)	_	_	_	_	_	shortpause	_	none	_	_	_	_	_	_
212-3	PSB005	212	212	3	cosa	cosa	_	_	_	_	_	linguistic	_	none	_	_	_	_	_	_
212-4	PSB005	212	212	4	fanno	fanno	_	_	_	_	_	linguistic	_	none	_	_	_	_	_	_
212-5	PSB005	212	212	5	i	i	_	_	_	_	_	linguistic	_	none	_	_	_	_	_	_
212-6	PSB005	212	212	6	giovani:?	giovani	_	_	_	_	_	linguistic	_	none	Intonation=Rising	End=433.33	6x1	_	_	_
213-0	PSB005	213	213	0	di	di	_	_	_	_	_	linguistic	_	none	_	Begin=433.8	_	_	_	_
213-1	PSB005	213	213	1	adesso?	adesso	_	_	_	_	_	linguistic	_	none	Intonation=Rising	End=434.49	_	_	_	_
214-0	PSB059	214	214	0	così::	così	_	_	_	_	_	linguistic	_	none	PauseAfter=Yes	Begin=434.53	3x2	_	_	_
214-1	PSB059	214	214	1	(.)	(.)	_	_	_	_	_	shortpause	_	none	_	_	_	_	_	_
214-2	PSB059	214	214	2	sentiamo::	sentiamo	_	_	_	_	_	linguistic	_	none	_	_	7x2	_	_	_
214-3	PSB059	214	214	3	canzone::	canzone	_	_	_	_	_	linguistic	_	none	PauseAfter=Yes	_	6x2	_	_	_
214-4	PSB059	214	214	4	(.)	(.)	_	_	_	_	_	shortpause	_	none	_	_	_	_	_	_
214-5	PSB059	214	214	5	cantiamo:	cantiamo	_	_	_	_	_	linguistic	_	none	_	_	7x1	_	_	_
214-6	PSB059	214	214	6	e	e	_	_	_	_	_	linguistic	_	none	_	_	_	_	_	_
214-7	PSB059	214	214	7	basta	basta	_	_	_	_	_	linguistic	_	none	_	End=439.65	_	_	_	_
215-0	PSB005	215	215	0	>quale:	quale	_	_	_	_	_	linguistic	_	none	_	Begin=439.72	4x1	Fast=0-5(0)	_	_
215-1	PSB005	215	215	1	musica	musica	_	_	_	_	_	linguistic	_	none	_	_	_	Fast=0-6(0)	_	_
215-2	PSB005	215	215	2	ti	ti	_	_	_	_	_	linguistic	_	none	_	_	_	Fast=0-2(0)	_	_
215-3	PSB005	215	215	3	piace<?	piace	_	_	_	_	_	linguistic	_	none	Intonation=Rising	End=440.9	_	Fast=0-5(0)	_	_
216-0	PSB059	216	216	0	però:	però	_	_	_	_	_	linguistic	_	none	_	Begin=441.48	3x1	_	_	_
216-1	PSB059	216	216	1	miei	miei	_	_	_	_	_	linguistic	_	none	_	_	_	_	_	_
216-2	PSB059	216	216	2	amici	amici	_	_	_	_	_	linguistic	_	none	_	_	_	_	_	_
216-3	PSB059	216	216	3	tutti	tutti	_	_	_	_	_	linguistic	_	none	_	_	_	_	_	_
216-4	PSB059	216	216	4	fan	fan	_	_	_	_	_	linguistic	_	none	_	_	_	_	_	_
216-5	PSB059	216	216	5	maranza	maranza	_	_	_	_	_	linguistic	_	none	_	_	_	_	_	_
216-6	PSB059	216	216	6	((ride))	((ride))	_	_	_	_	_	nonverbalbehavior	_	none	_	End=444.24	_	_	_	_
217-0	PSB059	217	217	0	((ride))	((ride))	_	_	_	_	_	nonverbalbehavior	_	none	_	Begin=444.29	_	_	_	_
217-1	PSB059	217	217	1	sempre	sempre	_	_	_	_	_	linguistic	_	none	_	_	_	_	_	_
217-2	PSB059	217	217	2	xxxxx	xxxxx	_	_	_	_	_	unknown	_	none	Syllables=5	_	_	_	_	_
217-3	PSB059	217	217	3	baby	baby	_	_	_	_	_	linguistic	_	none	_	_	_	_	_	_
217-4	PSB059	217	217	4	gang	gang	_	_	_	_	_	linguistic	_	none	_	_	_	_	_	_
217-5	PSB059	217	217	5	e	e	_	_	_	_	_	linguistic	_	none	_	_	_	_	_	_
217-6	PSB059	217	217	6	così:	così	_	_	_	_	_	linguistic	_	none	_	End=448.86	3x1	_	_	_
218-0	PSB005	218	218	0	beh	beh	_	_	_	_	_	linguistic	_	none	PauseAfter=Yes	Begin=448.9	_	_	_	_
218-1	PSB005	218	218	1	(.)	(.)	_	_	_	_	_	shortpause	_	none	_	_	_	_	_	_
218-2	PSB005	218	218	2	beh	beh	_	_	_	_	_	linguistic	_	none	_	_	_	_	_	_
218-3	PSB005	218	218	3	non	non	_	_	_	_	_	linguistic	_	none	_	_	_	_	_	_
218-4	PSB005	218	218	4	è	è	_	_	_	_	_	linguistic	_	none	_	_	_	_	_	_
218-5	PSB005	218	218	5	male	male	_	_	_	_	_	linguistic	_	none	_	_	_	_	_	_
218-6	PSB005	218	218	6	no	no	_	_	_	_	_	linguistic	_	none	_	End=450.77	_	_	_	_
219-0	PSB059	219	219	0	però:	però	_	_	_	_	_	linguistic	_	none	_	Begin=451.67	3x1	_	_	_
219-1	PSB059	219	219	1	eh:	eh	_	_	_	_	_	linguistic	_	none	_	_	1x1	_	_	_
219-2	PSB059	219	219	2	usano	usano	_	_	_	_	_	linguistic	_	none	_	_	_	_	_	_
219-3	PSB059	219	219	3	tanto	tanto	_	_	_	_	_	linguistic	_	none	_	_	_	_	_	_
219-4	PSB059	219	219	4	parolacce	parolacce	_	_	_	_	_	linguistic	_	none	_	End=453.57	_	_	_	_
220-0	PSB005	220	220	0	non	non	_	_	_	_	_	linguistic	_	none	_	Begin=454.66	_	_	_	_
220-1	PSB005	220	220	1	ti	ti	_	_	_	_	_	linguistic	_	none	_	_	_	_	_	_
220-2	PSB005	220	220	2	piace	piace	_	_	_	_	_	linguistic	_	none	_	_	_	_	_	_
220-3	PSB005	220	220	3	a	a	_	_	_	_	_	linguistic	_	none	_	_	_	_	_	_
220-4	PSB005	220	220	4	te?	te	_	_	_	_	_	linguistic	_	none	Intonation=Rising	End=455.54	_	_	_	_
221-0	PSB059	221	221	0	°no°	no	_	_	_	_	_	linguistic	_	none	Volume=low	Begin=455.92|End=456.42	_	_	_	_
222-0	PSB005	222	222	0	no	no	_	_	_	_	_	linguistic	_	none	_	Begin=456.45|End=456.87	_	_	_	_
223-0	PSB005	223	223	0	cioè	cioè	_	_	_	_	_	linguistic	_	none	_	Begin=459.505	_	_	_	_
223-1	PSB005	223	223	1	tu	tu	_	_	_	_	_	linguistic	_	none	PauseAfter=Yes	_	_	_	_	_
223-2	PSB005	223	223	2	(.)	(.)	_	_	_	_	_	shortpause	_	none	_	_	_	_	_	_
223-3	PSB005	223	223	3	vai	vai	_	_	_	_	_	linguistic	_	none	_	_	_	_	_	_
223-4	PSB005	223	223	4	a	a	_	_	_	_	_	linguistic	_	none	_	_	_	_	_	_
223-5	PSB005	223	223	5	scuola	scuola	_	_	_	_	_	linguistic	_	none	_	_	_	_	_	_
223-6	PSB005	223	223	6	al	al	_	_	_	_	_	linguistic	_	none	_	_	_	_	_	_
223-7	PSB005	223	223	7	mattino	mattino	_	_	_	_	_	linguistic	_	none	_	_	_	_	_	_
223-8	PSB005	223	223	8	poi	poi	_	_	_	_	_	linguistic	_	none	_	_	_	_	_	_
223-9	PSB005	223	223	9	quando	quando	_	_	_	_	_	linguistic	_	none	_	_	_	_	_	_
223-10	PSB005	223	223	10	finisce	finisce	_	_	_	_	_	linguistic	_	none	_	_	_	_	_	_
223-11	PSB005	223	223	11	la	la	_	_	_	_	_	linguistic	_	none	_	_	_	_	_	_
223-12	PSB005	223	223	12	scuola	scuola	_	_	_	_	_	linguistic	_	none	_	_	_	_	_	_
223-13	PSB005	223	223	13	torni	torni	_	_	_	_	_	linguistic	_	none	_	_	_	_	_	_
223-14	PSB005	223	223	14	a	a	_	_	_	_	_	linguistic	_	none	_	_	_	_	_	_
223-15	PSB005	223	223	15	casa	casa	_	_	_	_	_	linguistic	_	none	_	_	_	_	_	_
223-16	PSB005	223	223	16	oppure	oppure	_	_	_	_	_	linguistic	_	none	_	_	_	_	_	_
223-17	PSB005	223	223	17	stai	stai	_	_	_	_	_	linguistic	_	none	_	_	_	_	_	_
223-18	PSB005	223	223	18	il	il	_	_	_	_	_	linguistic	_	none	_	_	_	_	_	_
223-19	PSB005	223	223	19	pomeriggio	pomeriggio	_	_	_	_	_	linguistic	_	none	_	_	_	_	_	_
223-20	PSB005	223	223	20	e	e	_	_	_	_	_	linguistic	_	none	_	_	_	_	_	_
223-21	PSB005	223	223	21	fai	fai	_	_	_	_	_	linguistic	_	none	_	_	_	_	_	_
223-22	PSB005	223	223	22	dei	dei	_	_	_	_	_	linguistic	_	none	_	_	_	_	_	_
223-23	PSB005	223	223	23	giri::?	giri	_	_	_	_	_	linguistic	_	none	Intonation=Rising	End=466.21	3x2	_	_	_
224-0	PSB059	224	224	0	eh	eh	_	_	_	_	_	linguistic	_	none	_	Begin=466.57	_	_	_	_
224-1	PSB059	224	224	1	qualcuno	qualcuno	_	_	_	_	_	linguistic	_	none	_	_	_	_	_	_
224-2	PSB059	224	224	2	volte:	volte	_	_	_	_	_	linguistic	_	none	_	_	4x1	_	_	_
224-3	PSB059	224	224	3	faccio	faccio	_	_	_	_	_	linguistic	_	none	_	_	_	_	_	_
224-4	PSB059	224	224	4	giro	giro	_	_	_	_	_	linguistic	_	none	_	_	_	_	_	_
224-5	PSB059	224	224	5	e	e	_	_	_	_	_	linguistic	_	none	_	_	_	_	_	_
224-6	PSB059	224	224	6	qualcuno	qualcuno	_	_	_	_	_	linguistic	_	none	_	_	_	_	_	_
224-7	PSB059	224	224	7	(volte)	volte	_	_	_	_	_	linguistic	_	none	_	_	_	_	0-5(0)	_
224-8	PSB059	224	224	8	vado	vado	_	_	_	_	_	linguistic	_	none	_	_	_	_	_	_
224-9	PSB059	224	224	9	a	a	_	_	_	_	_	linguistic	_	none	_	_	_	_	_	_
224-10	PSB059	224	224	10	ca[sa]	casa	_	_	_	_	_	linguistic	_	none	_	End=469.5	_	_	_	2-4(38)
225-0	PSB005	225	225	0	[mh]mh	mhmh	_	_	_	_	_	linguistic	_	none	_	Begin=469.37	_	_	_	0-2(38)
225-1	PSB005	225	225	1	ok[ay]	okay	_	_	_	_	_	linguistic	_	none	_	End=470.31	_	_	_	2-4(39)
226-0	PSB059	226	226	0	[per]ché:	perché	_	_	_	_	_	linguistic	_	none	_	Begin=470.13	5x1	_	_	0-3(39)
226-1	PSB059	226	226	1	mia	mia	_	_	_	_	_	linguistic	_	none	_	_	_	_	_	_
226-2	PSB059	226	226	2	sorella	sorella	_	_	_	_	_	linguistic	_	none	_	_	_	_	_	_
226-3	PSB059	226	226	3	è	è	_	_	_	_	_	linguistic	_	none	_	_	_	_	_	_
226-4	PSB059	226	226	4	nuova	nuova	_	_	_	_	_	linguistic	_	none	_	_	_	_	_	_
226-5	PSB059	226	226	5	non	non	_	_	_	_	_	linguistic	_	none	_	_	_	_	_	_
226-6	PSB059	226	226	6	conosce	conosce	_	_	_	_	_	linguistic	_	none	_	_	_	_	_	_
226-7	PSB059	226	226	7	niente:	niente	_	_	_	_	_	linguistic	_	none	_	_	5x1	_	_	_
226-8	PSB059	226	226	8	per	per	_	_	_	_	_	linguistic	_	none	_	_	_	_	_	_
226-9	PSB059	226	226	9	quello	quello	_	_	_	_	_	linguistic	_	none	_	End=473.47	_	_	_	_
227-0	PSB005	227	227	0	ti	ti	_	_	_	_	_	linguistic	_	none	_	Begin=473.95	_	_	_	_
227-1	PSB005	227	227	1	ti	ti	_	_	_	_	_	linguistic	_	none	_	_	_	_	_	_
227-2	PSB005	227	227	2	cu~	cu~	_	_	_	_	_	linguistic	_	none	Interrupted=Yes	_	_	_	_	_
227-3	PSB005	227	227	3	curi	curi	_	_	_	_	_	linguistic	_	none	_	_	_	_	_	_
227-4	PSB005	227	227	4	un	un	_	_	_	_	_	linguistic	_	none	_	_	_	_	_	_
227-5	PSB005	227	227	5	po'	po'	_	_	_	_	_	linguistic	_	none	_	_	_	_	_	_
227-6	PSB005	227	227	6	tua	tua	_	_	_	_	_	linguistic	_	none	_	_	_	_	_	_
227-7	PSB005	227	227	7	[sorel]la	sorella	_	_	_	_	_	linguistic	_	none	_	_	_	_	_	0-5(40)
227-8	PSB005	227	227	8	°sì°	sì	_	_	_	_	_	linguistic	_	none	Volume=low	End=475.79	_	_	_	_
228-0	PSB059	228	228	0	[sì]	sì	_	_	_	_	_	linguistic	_	none	_	Begin=475.05|End=475.4	_	_	_	0-2(40)
229-0	PSB005	229	229	0	°sei	sei	_	_	_	_	_	linguistic	_	none	Volume=low	Begin=476.04	_	_	_	_
229-1	PSB005	229	229	1	molto	molto	_	_	_	_	_	linguistic	_	none	Volume=low	_	_	_	_	_
229-2	PSB005	229	229	2	carino°	carino	_	_	_	_	_	linguistic	_	none	Volume=low	End=476.88	_	_	_	_
230-0	PSB059	230	230	0	((ride))	((ride))	_	_	_	_	_	nonverbalbehavior	_	none	_	Begin=477.08	_	_	_	_
230-1	PSB059	230	230	1	°graz[ie°]	grazie	_	_	_	_	_	linguistic	_	none	Volume=low	End=477.94	_	_	_	4-6(41)
231-0	PSB005	231	231	0	[e]h:m:	ehm	_	_	_	_	_	linguistic	_	none	_	Begin=477.88|End=478.74	1x1,2x1	_	_	0-1(41)
232-0	PSB005	232	232	0	cosa	cosa	_	_	_	_	_	linguistic	_	none	_	Begin=479.82	_	_	_	_
232-1	PSB005	232	232	1	volevo	volevo	_	_	_	_	_	linguistic	_	none	_	_	_	_	_	_
232-2	PSB005	232	232	2	dire	dire	_	_	_	_	_	linguistic	_	none	_	_	_	_	_	_
232-3	PSB005	232	232	3	del	del	_	_	_	_	_	linguistic	_	none	_	_	_	_	_	_
232-4	PSB005	232	232	4	della	della	_	_	_	_	_	linguistic	_	none	_	_	_	_	_	_
232-5	PSB005	232	232	5	città:	città	_	_	_	_	_	linguistic	_	none	_	_	4x1	_	_	_
232-6	PSB005	232	232	6	qui:	qui	_	_	_	_	_	linguistic	_	none	PauseAfter=Yes	_	2x1	_	_	_
232-7	PSB005	232	232	7	(.)	(.)	_	_	_	_	_	shortpause	_	none	_	_	_	_	_	_
232-8	PSB005	232	232	8	hai	hai	_	_	_	_	_	linguistic	_	none	_	_	_	_	_	_
232-9	PSB005	232	232	9	visitato	visitato	_	_	_	_	_	linguistic	_	none	_	_	_	_	_	_
232-10	PSB005	232	232	10	delle	delle	_	_	_	_	_	linguistic	_	none	_	_	_	_	_	_
232-11	PSB005	232	232	11	part[i::]?	parti	_	_	_	_	_	linguistic	_	none	Intonation=Rising	End=485.47	4x2	_	_	4-5(42)
233-0	PSB059	233	233	0	[sì:]	sì	_	_	_	_	_	linguistic	_	none	_	Begin=485.17|End=485.48	1x1	_	_	0-2(42)
234-0	PSB059	234	234	0	sono	sono	_	_	_	_	_	linguistic	_	none	_	Begin=486.04	_	_	_	_
234-1	PSB059	234	234	1	andato	andato	_	_	_	_	_	linguistic	_	none	_	_	_	_	_	_
234-2	PSB059	234	234	2	a	a	_	_	_	_	_	linguistic	_	none	_	_	_	_	_	_
234-3	PSB059	234	234	3	casalecchio::	casalecchio	_	_	_	_	_	linguistic	_	none	_	_	10x2	_	_	_
234-4	PSB059	234	234	4	san	san	_	_	_	_	_	linguistic	_	none	_	_	_	_	_	_
234-5	PSB059	234	234	5	luca::	luca	_	_	_	_	_	linguistic	_	none	_	End=488.67	3x2	_	_	_
235-0	PSB005	235	235	0	mhmh	mhmh	_	_	_	_	_	linguistic	_	none	_	Begin=488.68	_	_	_	_
235-1	PSB005	235	235	1	okay	okay	_	_	_	_	_	linguistic	_	none	_	_	_	_	_	_
235-2	PSB005	235	235	2	e	e	_	_	_	_	_	linguistic	_	none	_	_	_	_	_	_
235-3	PSB005	235	235	3	ti	ti	_	_	_	_	_	linguistic	_	none	_	_	_	_	_	_
235-4	PSB005	235	235	4	è	è	_	_	_	_	_	linguistic	_	none	_	_	_	_	_	_
235-5	PSB005	235	235	5	piaciuto?	piaciuto	_	_	_	_	_	linguistic	_	none	Intonation=Rising	End=490.04	_	_	_	_
236-0	PSB059	236	236	0	eh	eh	_	_	_	_	_	linguistic	_	none	_	Begin=490.09	_	_	_	_
236-1	PSB059	236	236	1	tantissimo	tantissimo	_	_	_	_	_	linguistic	_	none	_	End=491.17	_	_	_	_
237-0	PSB005	237	237	0	raccontami:	raccontami	_	_	_	_	_	linguistic	_	none	_	Begin=491.27	9x1	_	_	_
237-1	PSB005	237	237	1	la	la	_	_	_	_	_	linguistic	_	none	_	_	_	_	_	_
237-2	PSB005	237	237	2	gita	gita	_	_	_	_	_	linguistic	_	none	_	_	_	_	_	_
237-3	PSB005	237	237	3	di	di	_	_	_	_	_	linguistic	_	none	_	_	_	_	_	_
237-4	PSB005	237	237	4	san	san	_	_	_	_	_	linguistic	_	none	_	_	_	_	_	_
237-5	PSB005	237	237	5	luca	luca	_	_	_	_	_	linguistic	_	none	_	End=493.34	_	_	_	_
238-0	PSB059	238	238	0	eh	eh	_	_	_	_	_	linguistic	_	none	_	Begin=494.19	_	_	_	_
238-1	PSB059	238	238	1	so~	so~	_	_	_	_	_	linguistic	_	none	Interrupted=Yes	_	_	_	_	_
238-2	PSB059	238	238	2	sono	sono	_	_	_	_	_	linguistic	_	none	_	_	_	_	_	_
238-3	PSB059	238	238	3	andata::	andata	_	_	_	_	_	linguistic	_	none	_	_	5x2	_	_	_
238-4	PSB059	238	238	4	quasi::	quasi	_	_	_	_	_	linguistic	_	none	PauseAfter=Yes	_	4x2	_	_	_
238-5	PSB059	238	238	5	(.)	(.)	_	_	_	_	_	shortpause	_	none	_	_	_	_	_	_
238-6	PSB059	238	238	6	cinque	cinque	_	_	_	_	_	linguistic	_	none	_	_	_	_	_	_
238-7	PSB059	238	238	7	volte	volte	_	_	_	_	_	linguistic	_	none	_	End=497.32	_	_	_	_
239-0	PSB005	239	239	0	°okay	okay	_	_	_	_	_	linguistic	_	none	Volume=low	Begin=497.35	_	_	_	_
239-1	PSB005	239	239	1	ah	ah	_	_	_	_	_	linguistic	_	none	Volume=low	_	_	_	_	_
239-2	PSB005	239	239	2	wow°	wow	_	_	_	_	_	linguistic	_	none	Volume=low	End=498.44	_	_	_	_
240-0	PSB005	240	240	0	la	la	_	_	_	_	_	linguistic	_	none	_	Begin=498.79	_	_	_	_
240-1	PSB005	240	240	1	prima	prima	_	_	_	_	_	linguistic	_	none	_	_	_	_	_	_
240-2	PSB005	240	240	2	volta.	volta	_	_	_	_	_	linguistic	_	none	Intonation=Falling	_	_	_	_	_
240-3	PSB005	240	240	3	quando	quando	_	_	_	_	_	linguistic	_	none	_	_	_	_	_	_
240-4	PSB005	240	240	4	è	è	_	_	_	_	_	linguistic	_	none	_	_	_	_	_	_
240-5	PSB005	240	240	5	stato?	stato	_	_	_	_	_	linguistic	_	none	Intonation=Rising	End=500.41	_	_	_	_
241-0	PSB059	241	241	0	eh::m	ehm	_	_	_	_	_	linguistic	_	none	PauseAfter=Yes	Begin=500.8	1x2	_	_	_
241-1	PSB059	241	241	1	(.)	(.)	_	_	_	_	_	shortpause	_	none	_	_	_	_	_	_
241-2	PSB059	241	241	2	duemilaventi~	duemilaventi~	_	_	_	_	_	linguistic	_	none	Interrupted=Yes|PauseAfter=Yes	_	_	_	_	_
241-3	PSB059	241	241	3	(.)	(.)	_	_	_	_	_	shortpause	_	none	_	_	_	_	_	_
241-4	PSB059	241	241	4	d:ue	due	_	_	_	_	_	linguistic	_	none	_	End=503.37	0x1	_	_	_
242-0	PSB005	242	242	0	mhmh	mhmh	_	_	_	_	_	linguistic	_	none	_	Begin=503.58|End=504.14	_	_	_	_
243-0	PSB059	243	243	0	con	con	_	_	_	_	_	linguistic	_	none	_	Begin=505.63	_	_	_	_
243-1	PSB059	243	243	1	mio	mio	_	_	_	_	_	linguistic	_	none	_	_	_	_	_	_
243-2	PSB059	243	243	2	padre:	padre	_	_	_	_	_	linguistic	_	none	_	_	4x1	_	_	_
243-3	PSB059	243	243	3	non	non	_	_	_	_	_	linguistic	_	none	_	_	_	_	_	_
243-4	PSB059	243	243	4	>conosce<	conosce	_	_	_	_	_	linguistic	_	none	_	_	_	Fast=0-7(0)	_	_
243-5	PSB059	243	243	5	niente	niente	_	_	_	_	_	linguistic	_	none	_	_	_	_	_	_
243-6	PSB059	243	243	6	e	e	_	_	_	_	_	linguistic	_	none	_	_	_	_	_	_
243-7	PSB059	243	243	7	mio	mio	_	_	_	_	_	linguistic	_	none	_	_	_	_	_	_
243-8	PSB059	243	243	8	padre	padre	_	_	_	_	_	linguistic	_	none	_	_	_	_	_	_
243-9	PSB059	243	243	9	mi	mi	_	_	_	_	_	linguistic	_	none	_	_	_	_	_	_
243-10	PSB059	243	243	10	ha	ha	_	_	_	_	_	linguistic	_	none	_	_	_	_	_	_
243-11	PSB059	243	243	11	detto	detto	_	_	_	_	_	linguistic	_	none	_	_	_	_	_	_
243-12	PSB059	243	243	12	che	che	_	_	_	_	_	linguistic	_	none	_	_	_	_	_	_
243-13	PSB059	243	243	13	vieni:	vieni	_	_	_	_	_	linguistic	_	none	_	_	4x1	_	_	_
243-14	PSB059	243	243	14	facciamo	facciamo	_	_	_	_	_	linguistic	_	none	_	_	_	_	_	_
243-15	PSB059	243	243	15	un	un	_	_	_	_	_	linguistic	_	none	_	_	_	_	_	_
243-16	PSB059	243	243	16	giro:	giro	_	_	_	_	_	linguistic	_	none	_	End=509.76	3x1	_	_	_
244-0	PSB005	244	244	0	mh[mh]	mhmh	_	_	_	_	_	linguistic	_	none	_	Begin=510.04|End=510.51	_	_	_	2-4(43)
245-0	PSB059	245	245	0	[co]sì	così	_	_	_	_	_	linguistic	_	none	_	Begin=510.47	_	_	_	0-2(43)
245-1	PSB059	245	245	1	(°ti	ti	_	_	_	_	_	linguistic	_	none	Volume=low	_	_	_	0-2(0)	_
245-2	PSB059	245	245	2	conosce°)	conosce	_	_	_	_	_	linguistic	_	none	PauseAfter=Yes|Volume=low	_	_	_	0-7(0)	_
245-3	PSB059	245	245	3	(.)	(.)	_	_	_	_	_	shortpause	_	none	_	_	_	_	_	_
245-4	PSB059	245	245	4	poi	poi	_	_	_	_	_	linguistic	_	none	_	_	_	_	_	_
245-5	PSB059	245	245	5	sono	sono	_	_	_	_	_	linguistic	_	none	_	_	_	_	_	_
245-6	PSB059	245	245	6	andato:	andato	_	_	_	_	_	linguistic	_	none	PauseAfter=Yes	_	5x1	_	_	_
245-7	PSB059	245	245	7	(.)	(.)	_	_	_	_	_	shortpause	_	none	_	_	_	_	_	_
245-8	PSB059	245	245	8	ho	ho	_	_	_	_	_	linguistic	_	none	_	_	_	_	_	_
245-9	PSB059	245	245	9	visto	visto	_	_	_	_	_	linguistic	_	none	_	_	_	_	_	_
245-10	PSB059	245	245	10	che:	che	_	_	_	_	_	linguistic	_	none	_	_	2x1	_	_	_
245-11	PSB059	245	245	11	c'	c'	_	_	_	_	_	linguistic	_	none	SpaceAfter=No	_	_	_	_	_
245-12	PSB059	245	245	12	era	era	_	_	_	_	_	linguistic	_	none	_	_	_	_	_	_
245-13	PSB059	245	245	13	una	una	_	_	_	_	_	linguistic	_	none	_	_	_	_	_	_
245-14	PSB059	245	245	14	belliss:ima	bellissima	_	_	_	_	_	linguistic	_	none	_	_	6x1	_	_	_
245-15	PSB059	245	245	15	parte:	parte	_	_	_	_	_	linguistic	_	none	_	End=515.16	4x1	_	_	_
246-0	PSB059	246	246	0	sono	sono	_	_	_	_	_	linguistic	_	none	_	Begin=515.81	_	_	_	_
246-1	PSB059	246	246	1	andato:	andato	_	_	_	_	_	linguistic	_	none	PauseAfter=Yes	_	5x1	_	_	_
246-2	PSB059	246	246	2	(.)	(.)	_	_	_	_	_	shortpause	_	none	_	_	_	_	_	_
246-3	PSB059	246	246	3	(con)	con	_	_	_	_	_	linguistic	_	none	_	_	_	_	0-3(0)	_
246-4	PSB059	246	246	4	mi	mi	_	_	_	_	_	linguistic	_	none	_	_	_	_	_	_
246-5	PSB059	246	246	5	piacciono	piacciono	_	_	_	_	_	linguistic	_	none	_	_	_	_	_	_
246-6	PSB059	246	246	6	tanto	tanto	_	_	_	_	_	linguistic	_	none	_	End=518.34	_	_	_	_
247-0	PSB059	247	247	0	neanche	neanche	_	_	_	_	_	linguistic	_	none	_	Begin=518.99	_	_	_	_
247-1	PSB059	247	247	1	casalecchio:	casalecchio	_	_	_	_	_	linguistic	_	none	PauseAfter=Yes	_	10x1	_	_	_
247-2	PSB059	247	247	2	(.)	(.)	_	_	_	_	_	shortpause	_	none	_	_	_	_	_	_
247-3	PSB059	247	247	3	bellissim(e)	bellissime	_	_	_	_	_	linguistic	_	none	_	End=520.89	_	_	9-10(0)	_
248-0	PSB005	248	248	0	mh	mh	_	_	_	_	_	linguistic	_	none	_	Begin=520.69|End=520.9	_	_	_	_
249-0	PSB059	249	249	0	c'	c'	_	_	_	_	_	linguistic	_	none	SpaceAfter=No	Begin=522.43	_	_	_	_
249-1	PSB059	249	249	1	era	era	_	_	_	_	_	linguistic	_	none	_	_	_	_	_	_
249-2	PSB059	249	249	2	un	un	_	_	_	_	_	linguistic	_	none	_	_	_	_	_	_
249-3	PSB059	249	249	3	lago.	lago	_	_	_	_	_	linguistic	_	none	Intonation=Falling	End=523.25	_	_	_	_
250-0	PSB005	250	250	0	°ah	ah	_	_	_	_	_	linguistic	_	none	Volume=low	Begin=523.91	_	_	_	_
250-1	PSB005	250	250	1	sì°	sì	_	_	_	_	_	linguistic	_	none	Volume=low	End=524.52	_	_	_	_
251-0	PSB005	251	251	0	sì	sì	_	_	_	_	_	linguistic	_	none	_	Begin=524.97	_	_	_	_
251-1	PSB005	251	251	1	sì	sì	_	_	_	_	_	linguistic	_	none	_	End=525.54	_	_	_	_
252-0	PSB059	252	252	0	c'	c'	_	_	_	_	_	linguistic	_	none	SpaceAfter=No	Begin=525.57	_	_	_	_
252-1	PSB059	252	252	1	è	è	_	_	_	_	_	linguistic	_	none	_	_	_	_	_	_
252-2	PSB059	252	252	2	una	una	_	_	_	_	_	linguistic	_	none	_	_	_	_	_	_
252-3	PSB059	252	252	3	ponte::	ponte	_	_	_	_	_	linguistic	_	none	_	_	4x2	_	_	_
252-4	PSB059	252	252	4	così	così	_	_	_	_	_	linguistic	_	none	_	End=527.2	_	_	_	_
253-0	PSB005	253	253	0	mh[mh]*	mhmh*	_	_	_	_	_	error	_	none	_	Begin=527.66|End=528.04	_	_	_	2-4(45)
254-0	PSB059	254	254	0	[mh:]	mh	_	_	_	_	_	linguistic	_	none	_	Begin=527.99	1x1	_	_	0-2(45)
254-1	PSB059	254	254	1	(mi)	mi	_	_	_	_	_	linguistic	_	none	_	_	_	_	0-2(0)	_
254-2	PSB059	254	254	2	piacciono	piacciono	_	_	_	_	_	linguistic	_	none	_	_	_	_	_	_
254-3	PSB059	254	254	3	tanto	tanto	_	_	_	_	_	linguistic	_	none	_	End=529.16	_	_	_	_
255-0	PSB005	255	255	0	e	e	_	_	_	_	_	linguistic	_	none	_	Begin=530.63	_	_	_	_
255-1	PSB005	255	255	1	la	la	_	_	_	_	_	linguistic	_	none	_	_	_	_	_	_
255-2	PSB005	255	255	2	salita	salita	_	_	_	_	_	linguistic	_	none	_	_	_	_	_	_
255-3	PSB005	255	255	3	per	per	_	_	_	_	_	linguistic	_	none	_	_	_	_	_	_
255-4	PSB005	255	255	4	san	san	_	_	_	_	_	linguistic	_	none	_	_	_	_	_	_
255-5	PSB005	255	255	5	luca	luca	_	_	_	_	_	linguistic	_	none	_	_	_	_	_	_
255-6	PSB005	255	255	6	è	è	_	_	_	_	_	linguistic	_	none	_	_	_	_	_	_
255-7	PSB005	255	255	7	stata	stata	_	_	_	_	_	linguistic	_	none	_	_	_	_	_	_
255-8	PSB005	255	255	8	pesante:	pesante	_	_	_	_	_	linguistic	_	none	_	_	6x1	_	_	_
255-9	PSB005	255	255	9	o::	o	_	_	_	_	_	linguistic	_	none	_	End=533.25	0x2	_	_	_
256-0	PSB059	256	256	0	((ride))	((ride))	_	_	_	_	_	nonverbalbehavior	_	none	_	Begin=533.26	_	_	_	_
256-1	PSB059	256	256	1	due	due	_	_	_	_	_	linguistic	_	none	_	_	_	_	_	_
256-2	PSB059	256	256	2	volte	volte	_	_	_	_	_	linguistic	_	none	_	_	_	_	_	_
256-3	PSB059	256	256	3	sono	sono	_	_	_	_	_	linguistic	_	none	_	_	_	_	_	_
256-4	PSB059	256	256	4	andato	andato	_	_	_	_	_	linguistic	_	none	_	_	_	_	_	_
256-5	PSB059	256	256	5	(tutto)	tutto	_	_	_	_	_	linguistic	_	none	_	_	_	_	0-5(0)	_
256-6	PSB059	256	256	6	a	a	_	_	_	_	_	linguistic	_	none	_	_	_	_	_	_
256-7	PSB059	256	256	7	piedi:	piedi	_	_	_	_	_	linguistic	_	none	_	_	4x1	_	_	_
256-8	PSB059	256	256	8	e:h	eh	_	_	_	_	_	linguistic	_	none	_	_	0x1	_	_	_
256-9	PSB059	256	256	9	tre	tre	_	_	_	_	_	linguistic	_	none	_	_	_	_	_	_
256-10	PSB059	256	256	10	volte	volte	_	_	_	_	_	linguistic	_	none	_	_	_	_	_	_
256-11	PSB059	256	256	11	sono	sono	_	_	_	_	_	linguistic	_	none	_	_	_	_	_	_
256-12	PSB059	256	256	12	andato	andato	_	_	_	_	_	linguistic	_	none	_	_	_	_	_	_
256-13	PSB059	256	256	13	(autobus)	autobus	_	_	_	_	_	linguistic	_	none	_	End=537.67	_	_	0-7(1)	_
257-0	PSB005	257	257	0	okay	okay	_	_	_	_	_	linguistic	_	none	_	Begin=537.94|End=538.44	_	_	_	_
258-0	PSB059	258	258	0	°da°	da	_	_	_	_	_	linguistic	_	none	PauseAfter=Yes|Volume=low	Begin=538.59	_	_	_	_
258-1	PSB059	258	258	1	(.)	(.)	_	_	_	_	_	shortpause	_	none	_	_	_	_	_	_
258-2	PSB059	258	258	2	da	da	_	_	_	_	_	linguistic	_	none	_	_	_	_	_	_
258-3	PSB059	258	258	3	piedi::	piedi	_	_	_	_	_	linguistic	_	none	_	_	4x2	_	_	_
258-4	PSB059	258	258	4	((ride))	((ride))	_	_	_	_	_	nonverbalbehavior	_	none	_	End=543.06	_	_	_	_
259-0	PSB059	259	259	0	con	con	_	_	_	_	_	linguistic	_	none	_	Begin=543.44	_	_	_	_
259-1	PSB059	259	259	1	miei	miei	_	_	_	_	_	linguistic	_	none	_	_	_	_	_	_
259-2	PSB059	259	259	2	amici:	amici	_	_	_	_	_	linguistic	_	none	_	_	4x1	_	_	_
259-3	PSB059	259	259	3	tutti:	tutti	_	_	_	_	_	linguistic	_	none	_	_	4x1	_	_	_
259-4	PSB059	259	259	4	stanno	stanno	_	_	_	_	_	linguistic	_	none	_	_	_	_	_	_
259-5	PSB059	259	259	5	°qui°	qui	_	_	_	_	_	linguistic	_	none	Volume=low	End=545.52	_	_	_	_
260-0	PSB005	260	260	0	e	e	_	_	_	_	_	linguistic	_	none	_	Begin=551.41	_	_	_	_
260-1	PSB005	260	260	1	la	la	_	_	_	_	_	linguistic	_	none	_	_	_	_	_	_
260-2	PSB005	260	260	2	tua	tua	_	_	_	_	_	linguistic	_	none	_	_	_	_	_	_
260-3	PSB005	260	260	3	parte	parte	_	_	_	_	_	linguistic	_	none	_	_	_	_	_	_
260-4	PSB005	260	260	4	preferita	preferita	_	_	_	_	_	linguistic	_	none	_	_	_	_	_	_
260-5	PSB005	260	260	5	di	di	_	_	_	_	_	linguistic	_	none	_	_	_	_	_	_
260-6	PSB005	260	260	6	bologna	bologna	_	_	_	_	_	linguistic	_	none	_	_	_	_	_	_
260-7	PSB005	260	260	7	qual	qual	_	_	_	_	_	linguistic	_	none	_	_	_	_	_	_
260-8	PSB005	260	260	8	è?	è	_	_	_	_	_	linguistic	_	none	Intonation=Rising	End=553.62	_	_	_	_
261-0	PSB059	261	261	0	((ride))	((ride))	_	_	_	_	_	nonverbalbehavior	_	none	_	Begin=555.6|End=556.48	_	_	_	_
262-0	PSB005	262	262	0	cioè	cioè	_	_	_	_	_	linguistic	_	none	_	Begin=556.49	_	_	_	_
262-1	PSB005	262	262	1	se	se	_	_	_	_	_	linguistic	_	none	_	_	_	_	_	_
262-2	PSB005	262	262	2	dovessi	dovessi	_	_	_	_	_	linguistic	_	none	_	_	_	_	_	_
262-3	PSB005	262	262	3	dico	dico	_	_	_	_	_	linguistic	_	none	_	_	_	_	_	_
262-4	PSB005	262	262	4	voglio:	voglio	_	_	_	_	_	linguistic	_	none	_	_	5x1	_	_	_
262-5	PSB005	262	262	5	vivere	vivere	_	_	_	_	_	linguistic	_	none	_	_	_	_	_	_
262-6	PSB005	262	262	6	a	a	_	_	_	_	_	linguistic	_	none	_	_	_	_	_	_
262-7	PSB005	262	262	7	bologna	bologna	_	_	_	_	_	linguistic	_	none	_	_	_	_	_	_
262-8	PSB005	262	262	8	dove	dove	_	_	_	_	_	linguistic	_	none	_	_	_	_	_	_
262-9	PSB005	262	262	9	vorresti	vorresti	_	_	_	_	_	linguistic	_	none	_	_	_	_	_	_
262-10	PSB005	262	262	10	vivere?	vivere	_	_	_	_	_	linguistic	_	none	Intonation=Rising	End=560.99	_	_	_	_
263-0	PSB059	263	263	0	mh:	mh	_	_	_	_	_	linguistic	_	none	_	Begin=562.31	1x1	_	_	_
263-1	PSB059	263	263	1	nella	nella	_	_	_	_	_	linguistic	_	none	_	_	_	_	_	_
263-2	PSB059	263	263	2	bologna::	bologna	_	_	_	_	_	linguistic	_	none	_	_	6x2	_	_	_
263-3	PSB059	263	263	3	un	un	_	_	_	_	_	linguistic	_	none	_	_	_	_	_	_
263-4	PSB059	263	263	4	po':	po'	_	_	_	_	_	linguistic	_	none	_	_	1x1	_	_	_
263-5	PSB059	263	263	5	vabbè	vabbè	_	_	_	_	_	linguistic	_	none	_	End=564.85	_	_	_	_
264-0	PSB059	264	264	0	ma:	ma	_	_	_	_	_	linguistic	_	none	_	Begin=565.51	1x1	_	_	_
264-1	PSB059	264	264	1	tutti	tutti	_	_	_	_	_	linguistic	_	none	_	_	_	_	_	_
264-2	PSB059	264	264	2	parti	parti	_	_	_	_	_	linguistic	_	none	_	_	_	_	_	_
264-3	PSB059	264	264	3	fa:	fa	_	_	_	_	_	linguistic	_	none	_	_	1x1	_	_	_
264-4	PSB059	264	264	4	rumore	rumore	_	_	_	_	_	linguistic	_	none	_	_	_	_	_	_
264-5	PSB059	264	264	5	non	non	_	_	_	_	_	linguistic	_	none	_	_	_	_	_	_
264-6	PSB059	264	264	6	mi	mi	_	_	_	_	_	linguistic	_	none	_	_	_	_	_	_
264-7	PSB059	264	264	7	piace	piace	_	_	_	_	_	linguistic	_	none	_	_	_	_	_	_
264-8	PSB059	264	264	8	rumore	rumore	_	_	_	_	_	linguistic	_	none	_	End=568.67	_	_	_	_
265-0	PSB059	265	265	0	tipo::	tipo	_	_	_	_	_	linguistic	_	none	_	Begin=570.49	3x2	_	_	_
265-1	PSB059	265	265	1	un	un	_	_	_	_	_	linguistic	_	none	_	_	_	_	_	_
265-2	PSB059	265	265	2	po'	po'	_	_	_	_	_	linguistic	_	none	_	_	_	_	_	_
265-3	PSB059	265	265	3	montagna::	montagna	_	_	_	_	_	linguistic	_	none	_	_	7x2	_	_	_
265-4	PSB059	265	265	4	vicino	vicino	_	_	_	_	_	linguistic	_	none	_	_	_	_	_	_
265-5	PSB059	265	265	5	montagna	montagna	_	_	_	_	_	linguistic	_	none	_	End=573.35	_	_	_	_
266-0	PSB005	266	266	0	okay	okay	_	_	_	_	_	linguistic	_	none	_	Begin=573.37|End=573.77	_	_	_	_
267-0	PSB059	267	267	0	però:	però	_	_	_	_	_	linguistic	_	none	_	Begin=574.79	3x1	_	_	_
267-1	PSB059	267	267	1	quando	quando	_	_	_	_	_	linguistic	_	none	_	_	_	_	_	_
267-2	PSB059	267	267	2	fa	fa	_	_	_	_	_	linguistic	_	none	_	_	_	_	_	_
267-3	PSB059	267	267	3	fre:ddo:	freddo	_	_	_	_	_	linguistic	_	none	_	End=576.56	2x1,5x1	_	_	_
268-0	PSB005	268	268	0	sì:	sì	_	_	_	_	_	linguistic	_	none	_	Begin=576.57|End=576.94	1x1	_	_	_
269-0	PSB059	269	269	0	°malissimo°	malissimo	_	_	_	_	_	linguistic	_	none	Volume=low	Begin=578.51|End=579.14	_	_	_	_
270-0	PSB005	270	270	0	perché	perché	_	_	_	_	_	linguistic	_	none	_	Begin=579.69	_	_	_	_
270-1	PSB005	270	270	1	in	in	_	_	_	_	_	linguistic	_	none	_	_	_	_	_	_
270-2	PSB005	270	270	2	italia	italia	_	_	_	_	_	linguistic	_	none	_	_	_	_	_	_
270-3	PSB005	270	270	3	fa	fa	_	_	_	_	_	linguistic	_	none	_	_	_	_	_	_
270-4	PSB005	270	270	4	freddo	freddo	_	_	_	_	_	linguistic	_	none	_	_	_	_	_	_
270-5	PSB005	270	270	5	[vero]?	vero	_	_	_	_	_	linguistic	_	none	Intonation=Rising	End=581.15	_	_	_	0-4(46)
271-0	PSB059	271	271	0	[eh]	eh	_	_	_	_	_	linguistic	_	none	_	Begin=580.65	_	_	_	0-2(46)
271-1	PSB059	271	271	1	troppo	troppo	_	_	_	_	_	linguistic	_	none	_	End=581.55	_	_	_	_
272-0	PSB005	272	272	0	°sì°	sì	_	_	_	_	_	linguistic	_	none	Volume=low	Begin=581.93|End=582.25	_	_	_	_
273-0	PSB005	273	273	0	beh	beh	_	_	_	_	_	linguistic	_	none	_	Begin=583.29	_	_	_	_
273-1	PSB005	273	273	1	adesso	adesso	_	_	_	_	_	linguistic	_	none	_	_	_	_	_	_
273-2	PSB005	273	273	2	però:	però	_	_	_	_	_	linguistic	_	none	_	End=584.21	3x1	_	_	_
274-0	PSB059	274	274	0	adesso	adesso	_	_	_	_	_	linguistic	_	none	_	Begin=584.42	_	_	_	_
274-1	PSB059	274	274	1	è	è	_	_	_	_	_	linguistic	_	none	_	_	_	_	_	_
274-2	PSB059	274	274	2	meglio	meglio	_	_	_	_	_	linguistic	_	none	_	End=585.36	_	_	_	_
275-0	PSB005	275	275	0	sì	sì	_	_	_	_	_	linguistic	_	none	_	Begin=585.59|End=585.91	_	_	_	_
276-0	PSB005	276	276	0	sì	sì	_	_	_	_	_	linguistic	_	none	_	Begin=586.36	_	_	_	_
276-1	PSB005	276	276	1	sì	sì	_	_	_	_	_	linguistic	_	none	_	End=586.77	_	_	_	_
277-0	PSB005	277	277	0	tutti	tutti	_	_	_	_	_	linguistic	_	none	_	Begin=587.13	_	_	_	_
277-1	PSB005	277	277	1	i	i	_	_	_	_	_	linguistic	_	none	_	_	_	_	_	_
277-2	PSB005	277	277	2	ragazzi	ragazzi	_	_	_	_	_	linguistic	_	none	_	_	_	_	_	_
277-3	PSB005	277	277	3	bengalesi	bengalesi	_	_	_	_	_	linguistic	_	none	_	_	_	_	_	_
277-4	PSB005	277	277	4	mi	mi	_	_	_	_	_	linguistic	_	none	_	_	_	_	_	_
277-5	PSB005	277	277	5	hanno	hanno	_	_	_	_	_	linguistic	_	none	_	_	_	_	_	_
277-6	PSB005	277	277	6	detto	detto	_	_	_	_	_	linguistic	_	none	_	_	_	_	_	_
277-7	PSB005	277	277	7	la	la	_	_	_	_	_	linguistic	_	none	_	_	_	_	_	_
277-8	PSB005	277	277	8	stessa	stessa	_	_	_	_	_	linguistic	_	none	_	_	_	_	_	_
277-9	PSB005	277	277	9	cosa	cosa	_	_	_	_	_	linguistic	_	none	_	End=589.56	_	_	_	_
278-0	PSB005	278	278	0	((ride))	((ride))	_	_	_	_	_	nonverbalbehavior	_	none	_	Begin=589.65|End=591.35	_	_	_	_
279-0	PSB059	279	279	0	((ride))	((ride))	_	_	_	_	_	nonverbalbehavior	_	none	_	Begin=589.65|End=591.35	_	_	_	_
280-0	PSB005	280	280	0	che	che	_	_	_	_	_	linguistic	_	none	_	Begin=591.71	_	_	_	_
280-1	PSB005	280	280	1	in	in	_	_	_	_	_	linguistic	_	none	_	_	_	_	_	_
280-2	PSB005	280	280	2	italia	italia	_	_	_	_	_	linguistic	_	none	_	_	_	_	_	_
280-3	PSB005	280	280	3	fa	fa	_	_	_	_	_	linguistic	_	none	_	_	_	_	_	_
280-4	PSB005	280	280	4	troppo	troppo	_	_	_	_	_	linguistic	_	none	_	_	_	_	_	_
280-5	PSB005	280	280	5	freddo	freddo	_	_	_	_	_	linguistic	_	none	_	End=593.04	_	_	_	_
281-0	PSB059	281	281	0	nostro	nostro	_	_	_	_	_	linguistic	_	none	_	Begin=593.77	_	_	_	_
281-1	PSB059	281	281	1	paese	paese	_	_	_	_	_	linguistic	_	none	_	_	_	_	_	_
281-2	PSB059	281	281	2	quando	quando	_	_	_	_	_	linguistic	_	none	_	_	_	_	_	_
281-3	PSB059	281	281	3	e::h	eh	_	_	_	_	_	linguistic	_	none	_	_	0x2	_	_	_
281-4	PSB059	281	281	4	fa	fa	_	_	_	_	_	linguistic	_	none	_	_	_	_	_	_
281-5	PSB059	281	281	5	freddo.	freddo	_	_	_	_	_	linguistic	_	none	Intonation=Falling|PauseAfter=Yes	_	_	_	_	_
281-6	PSB059	281	281	6	(.)	(.)	_	_	_	_	_	shortpause	_	none	_	_	_	_	_	_
281-7	PSB059	281	281	7	è	è	_	_	_	_	_	linguistic	_	none	_	_	_	_	_	_
281-8	PSB059	281	281	8	ventisette:	ventisette	_	_	_	_	_	linguistic	_	none	PauseAfter=Yes	_	9x1	_	_	_
281-9	PSB059	281	281	9	(.)	(.)	_	_	_	_	_	shortpause	_	none	_	_	_	_	_	_
281-10	PSB059	281	281	10	così:	così	_	_	_	_	_	linguistic	_	none	_	End=598.36	3x1	_	_	_
282-0	PSB059	282	282	0	fa	fa	_	_	_	_	_	linguistic	_	none	_	Begin=600.32	_	_	_	_
282-1	PSB059	282	282	1	un	un	_	_	_	_	_	linguistic	_	none	_	_	_	_	_	_
282-2	PSB059	282	282	2	mese:	mese	_	_	_	_	_	linguistic	_	none	_	_	3x1	_	_	_
282-3	PSB059	282	282	3	fa	fa	_	_	_	_	_	linguistic	_	none	_	_	_	_	_	_
282-4	PSB059	282	282	4	freddo	freddo	_	_	_	_	_	linguistic	_	none	_	_	_	_	_	_
282-5	PSB059	282	282	5	e	e	_	_	_	_	_	linguistic	_	none	_	_	_	_	_	_
282-6	PSB059	282	282	6	basta	basta	_	_	_	_	_	linguistic	_	none	_	End=602.01	_	_	_	_
283-0	PSB059	283	283	0	però	però	_	_	_	_	_	linguistic	_	none	_	Begin=602.14	_	_	_	_
283-1	PSB059	283	283	1	in	in	_	_	_	_	_	linguistic	_	none	_	_	_	_	_	_
283-2	PSB059	283	283	2	in	in	_	_	_	_	_	linguistic	_	none	_	_	_	_	_	_
283-3	PSB059	283	283	3	italia.	italia	_	_	_	_	_	linguistic	_	none	Intonation=Falling|PauseAfter=Yes	_	_	_	_	_
283-4	PSB059	283	283	4	(.)	(.)	_	_	_	_	_	shortpause	_	none	_	_	_	_	_	_
283-5	PSB059	283	283	5	tutto	tutto	_	_	_	_	_	linguistic	_	none	_	_	_	_	_	_
283-6	PSB059	283	283	6	l'	l'	_	_	_	_	_	linguistic	_	none	SpaceAfter=No	_	_	_	_	_
283-7	PSB059	283	283	7	anno	anno	_	_	_	_	_	linguistic	_	none	_	_	_	_	_	_
283-8	PSB059	283	283	8	solo	solo	_	_	_	_	_	linguistic	_	none	_	_	_	_	_	_
283-9	PSB059	283	283	9	tre	tre	_	_	_	_	_	linguistic	_	none	_	_	_	_	_	_
283-10	PSB059	283	283	10	mesi	mesi	_	_	_	_	_	linguistic	_	none	_	_	_	_	_	_
283-11	PSB059	283	283	11	e	e	_	_	_	_	_	linguistic	_	none	_	_	_	_	_	_
283-12	PSB059	283	283	12	fa	fa	_	_	_	_	_	linguistic	_	none	_	_	_	_	_	_
283-13	PSB059	283	283	13	caldo	caldo	_	_	_	_	_	linguistic	_	none	_	End=606.68	_	_	_	_
284-0	PSB005	284	284	0	per	per	_	_	_	_	_	linguistic	_	none	_	Begin=609.26	_	_	_	_
284-1	PSB005	284	284	1	me	me	_	_	_	_	_	linguistic	_	none	_	_	_	_	_	_
284-2	PSB005	284	284	2	fa	fa	_	_	_	_	_	linguistic	_	none	_	_	_	_	_	_
284-3	PSB005	284	284	3	un	un	_	_	_	_	_	linguistic	_	none	_	_	_	_	_	_
284-4	PSB005	284	284	4	po'	po'	_	_	_	_	_	linguistic	_	none	_	_	_	_	_	_
284-5	PSB005	284	284	5	caldo	caldo	_	_	_	_	_	linguistic	_	none	PauseAfter=Yes	_	_	_	_	_
284-6	PSB005	284	284	6	(.)	(.)	_	_	_	_	_	shortpause	_	none	_	_	_	_	_	_
284-7	PSB005	284	284	7	fa	fa	_	_	_	_	_	linguistic	_	none	_	_	_	_	_	_
284-8	PSB005	284	284	8	troppo	troppo	_	_	_	_	_	linguistic	_	none	_	_	_	_	_	_
284-9	PSB005	284	284	9	caldo	caldo	_	_	_	_	_	linguistic	_	none	_	_	_	_	_	_
284-10	PSB005	284	284	10	[sono]	sono	_	_	_	_	_	linguistic	_	none	_	_	_	_	_	0-4(47)
284-11	PSB005	284	284	11	sono	sono	_	_	_	_	_	linguistic	_	none	_	_	_	_	_	_
284-12	PSB005	284	284	12	diventata	diventata	_	_	_	_	_	linguistic	_	none	_	_	_	_	_	_
284-13	PSB005	284	284	13	vecchia:	vecchia	_	_	_	_	_	linguistic	_	none	_	_	6x1	_	_	_
284-14	PSB005	284	284	14	e:	e	_	_	_	_	_	linguistic	_	none	_	_	0x1	_	_	_
284-15	PSB005	284	284	15	non	non	_	_	_	_	_	linguistic	_	none	_	_	_	_	_	_
284-16	PSB005	284	284	16	sopporto	sopporto	_	_	_	_	_	linguistic	_	none	_	_	_	_	_	_
284-17	PSB005	284	284	17	più	più	_	_	_	_	_	linguistic	_	none	_	_	_	_	_	_
284-18	PSB005	284	284	18	il	il	_	_	_	_	_	linguistic	_	none	_	_	_	_	_	_
284-19	PSB005	284	284	19	caldo	caldo	_	_	_	_	_	linguistic	_	none	_	End=614.77	_	_	_	_
285-0	PSB059	285	285	0	[sì::]	sì	_	_	_	_	_	linguistic	_	none	_	Begin=611.56|End=612.03	1x2	_	_	0-2(47)
286-0	PSB005	286	286	0	per	per	_	_	_	_	_	linguistic	_	none	_	Begin=615.46	_	_	_	_
286-1	PSB005	286	286	1	me	me	_	_	_	_	_	linguistic	_	none	_	End=615.81	_	_	_	_
287-0	PSB005	287	287	0	ehm::	ehm	_	_	_	_	_	linguistic	_	none	_	Begin=617.22|End=618.25	2x2	_	_	_
288-0	PSB005	288	288	0	°cosa	cosa	_	_	_	_	_	linguistic	_	none	Volume=low	Begin=618.63	_	_	_	_
288-1	PSB005	288	288	1	ti	ti	_	_	_	_	_	linguistic	_	none	Volume=low	_	_	_	_	_
288-2	PSB005	288	288	2	volevo	volevo	_	_	_	_	_	linguistic	_	none	Volume=low	_	_	_	_	_
288-3	PSB005	288	288	3	chiedere?°	chiedere	_	_	_	_	_	linguistic	_	none	Intonation=Rising|Volume=low	End=619.69	_	_	_	_
289-0	PSB005	289	289	0	ai	ai	_	_	_	_	_	linguistic	_	none	_	Begin=619.94	_	_	_	_
289-1	PSB005	289	289	1	giardini	giardini	_	_	_	_	_	linguistic	_	none	_	_	_	_	_	_
289-2	PSB005	289	289	2	margherita	margherita	_	_	_	_	_	linguistic	_	none	_	_	_	_	_	_
289-3	PSB005	289	289	3	sei	sei	_	_	_	_	_	linguistic	_	none	_	_	_	_	_	_
289-4	PSB005	289	289	4	stato?	stato	_	_	_	_	_	linguistic	_	none	Intonation=Rising	End=621.57	_	_	_	_
290-0	PSB059	290	290	0	sì	sì	_	_	_	_	_	linguistic	_	none	_	Begin=621.75|End=622.0	_	_	_	_
291-0	PSB005	291	291	0	ti	ti	_	_	_	_	_	linguistic	_	none	_	Begin=622.98	_	_	_	_
291-1	PSB005	291	291	1	son	son	_	_	_	_	_	linguistic	_	none	_	_	_	_	_	_
291-2	PSB005	291	291	2	piaciuti?	piaciuti	_	_	_	_	_	linguistic	_	none	Intonation=Rising	End=623.87	_	_	_	_
292-0	PSB059	292	292	0	tantissimo	tantissimo	_	_	_	_	_	linguistic	_	none	_	Begin=623.96	_	_	_	_
292-1	PSB059	292	292	1	((ride))	((ride))	_	_	_	_	_	nonverbalbehavior	_	none	PauseAfter=Yes	_	_	_	_	_
292-2	PSB059	292	292	2	(.)	(.)	_	_	_	_	_	shortpause	_	none	_	_	_	_	_	_
292-3	PSB059	292	292	3	e	e	_	_	_	_	_	linguistic	_	none	_	_	_	_	_	_
292-4	PSB059	292	292	4	la	la	_	_	_	_	_	linguistic	_	none	_	_	_	_	_	_
292-5	PSB059	292	292	5	bologna	bologna	_	_	_	_	_	linguistic	_	none	_	_	_	_	_	_
292-6	PSB059	292	292	6	(ho)	ho	_	_	_	_	_	linguistic	_	none	_	_	_	_	0-2(0)	_
292-7	PSB059	292	292	7	visto	visto	_	_	_	_	_	linguistic	_	none	_	_	_	_	_	_
292-8	PSB059	292	292	8	visto	visto	_	_	_	_	_	linguistic	_	none	_	_	_	_	_	_
292-9	PSB059	292	292	9	tante	tante	_	_	_	_	_	linguistic	_	none	_	_	_	_	_	_
292-10	PSB059	292	292	10	volte:	volte	_	_	_	_	_	linguistic	_	none	_	_	4x1	_	_	_
292-11	PSB059	292	292	11	e	e	_	_	_	_	_	linguistic	_	none	_	_	_	_	_	_
292-12	PSB059	292	292	12	tanti	tanti	_	_	_	_	_	linguistic	_	none	_	_	_	_	_	_
292-13	PSB059	292	292	13	parte	parte	_	_	_	_	_	linguistic	_	none	_	_	_	_	_	_
292-14	PSB059	292	292	14	però	però	_	_	_	_	_	linguistic	_	none	_	_	_	_	_	_
292-15	PSB059	292	292	15	non	non	_	_	_	_	_	linguistic	_	none	_	_	_	_	_	_
292-16	PSB059	292	292	16	mi	mi	_	_	_	_	_	linguistic	_	none	_	_	_	_	_	_
292-17	PSB059	292	292	17	ricordo	ricordo	_	_	_	_	_	linguistic	_	none	_	_	_	_	_	_
292-18	PSB059	292	292	18	no:me	nome	_	_	_	_	_	linguistic	_	none	_	End=629.8	1x1	_	_	_
293-0	PSB005	293	293	0	mhmh	mhmh	_	_	_	_	_	linguistic	_	none	_	Begin=630.03|End=630.42	_	_	_	_
294-0	PSB005	294	294	0	io	io	_	_	_	_	_	linguistic	_	none	_	Begin=632.86	_	_	_	_
294-1	PSB005	294	294	1	sono	sono	_	_	_	_	_	linguistic	_	none	_	_	_	_	_	_
294-2	PSB005	294	294	2	cresciuta::	cresciuta	_	_	_	_	_	linguistic	_	none	PauseAfter=Yes	_	8x2	_	_	_
294-3	PSB005	294	294	3	(.)	(.)	_	_	_	_	_	shortpause	_	none	_	_	_	_	_	_
294-4	PSB005	294	294	4	ai	ai	_	_	_	_	_	linguistic	_	none	_	_	_	_	_	_
294-5	PSB005	294	294	5	giardini	giardini	_	_	_	_	_	linguistic	_	none	_	_	_	_	_	_
294-6	PSB005	294	294	6	margherita	margherita	_	_	_	_	_	linguistic	_	none	_	_	_	_	_	_
294-7	PSB005	294	294	7	la	la	_	_	_	_	_	linguistic	_	none	_	_	_	_	_	_
294-8	PSB005	294	294	8	mia	mia	_	_	_	_	_	linguistic	_	none	_	_	_	_	_	_
294-9	PSB005	294	294	9	scuola	scuola	_	_	_	_	_	linguistic	_	none	_	_	_	_	_	_
294-10	PSB005	294	294	10	era::	era	_	_	_	_	_	linguistic	_	none	_	_	2x2	_	_	_
294-11	PSB005	294	294	11	[dentro]	dentro	_	_	_	_	_	linguistic	_	none	_	_	_	_	_	0-6(48)
294-12	PSB005	294	294	12	ai	ai	_	_	_	_	_	linguistic	_	none	_	_	_	_	_	_
294-13	PSB005	294	294	13	giardini	giardini	_	_	_	_	_	linguistic	_	none	_	_	_	_	_	_
294-14	PSB005	294	294	14	margherita	margherita	_	_	_	_	_	linguistic	_	none	_	_	_	_	_	_
294-15	PSB005	294	294	15	sì	sì	_	_	_	_	_	linguistic	_	none	_	End=638.77	_	_	_	_
295-0	PSB059	295	295	0	[°ah	ah	_	_	_	_	_	linguistic	_	none	Volume=low	Begin=636.92	_	_	_	0-2(48)
295-1	PSB059	295	295	1	okay°]	okay	_	_	_	_	_	linguistic	_	none	Volume=low	End=637.55	_	_	_	0-4(48)
296-0	PSB005	296	296	0	e	e	_	_	_	_	_	linguistic	_	none	_	Begin=641.56	_	_	_	_
296-1	PSB005	296	296	1	qui:	qui	_	_	_	_	_	linguistic	_	none	_	_	2x1	_	_	_
296-2	PSB005	296	296	2	sei	sei	_	_	_	_	_	linguistic	_	none	_	_	_	_	_	_
296-3	PSB005	296	296	3	venuto	venuto	_	_	_	_	_	linguistic	_	none	_	_	_	_	_	_
296-4	PSB005	296	296	4	a	a	_	_	_	_	_	linguistic	_	none	_	_	_	_	_	_
296-5	PSB005	296	296	5	fare	fare	_	_	_	_	_	linguistic	_	none	_	_	_	_	_	_
296-6	PSB005	296	296	6	qualche	qualche	_	_	_	_	_	linguistic	_	none	_	_	_	_	_	_
296-7	PSB005	296	296	7	attività::?	attività	_	_	_	_	_	linguistic	_	none	Intonation=Rising	End=644.01	7x2	_	_	_
297-0	PSB005	297	297	0	qui	qui	_	_	_	_	_	linguistic	_	none	_	Begin=645.2	_	_	_	_
297-1	PSB005	297	297	1	al	al	_	_	_	_	_	linguistic	_	none	_	_	_	_	_	_
297-2	PSB005	297	297	2	@nomeluogo	@nomeluogo	_	_	_	_	_	anonymized	_	none	_	_	_	_	_	_
297-3	PSB005	297	297	3	o	o	_	_	_	_	_	linguistic	_	none	_	_	_	_	_	_
297-4	PSB005	297	297	4	no?	no	_	_	_	_	_	linguistic	_	none	Intonation=Rising	End=646.42	_	_	_	_
298-0	PSB005	298	298	0	no	no	_	_	_	_	_	linguistic	_	none	_	Begin=647.75|End=648.06	_	_	_	_
299-0	PSB005	299	299	0	okay	okay	_	_	_	_	_	linguistic	_	none	_	Begin=651.69	_	_	_	_
299-1	PSB005	299	299	1	°perfetto°	perfetto	_	_	_	_	_	linguistic	_	none	Volume=low	End=652.79	_	_	_	_
300-0	PSB005	300	300	0	non	non	_	_	_	_	_	linguistic	_	none	_	Begin=653.54	_	_	_	_
300-1	PSB005	300	300	1	hai	hai	_	_	_	_	_	linguistic	_	none	_	_	_	_	_	_
300-2	PSB005	300	300	2	bisogno	bisogno	_	_	_	_	_	linguistic	_	none	_	_	_	_	_	_
300-3	PSB005	300	300	3	della	della	_	_	_	_	_	linguistic	_	none	_	_	_	_	_	_
300-4	PSB005	300	300	4	scuola	scuola	_	_	_	_	_	linguistic	_	none	PauseAfter=Yes	_	_	_	_	_
300-5	PSB005	300	300	5	(.)	(.)	_	_	_	_	_	shortpause	_	none	_	_	_	_	_	_
300-6	PSB005	300	300	6	di	di	_	_	_	_	_	linguistic	_	none	_	_	_	_	_	_
300-7	PSB005	300	300	7	italiano	italiano	_	_	_	_	_	linguistic	_	none	_	End=655.47	_	_	_	_
301-0	PSB005	301	301	0	come	come	_	_	_	_	_	linguistic	_	none	_	Begin=656.25	_	_	_	_
301-1	PSB005	301	301	1	hai	hai	_	_	_	_	_	linguistic	_	none	_	_	_	_	_	_
301-2	PSB005	301	301	2	fatto	fatto	_	_	_	_	_	linguistic	_	none	_	_	_	_	_	_
301-3	PSB005	301	301	3	a	a	_	_	_	_	_	linguistic	_	none	_	_	_	_	_	_
301-4	PSB005	301	301	4	imparare	imparare	_	_	_	_	_	linguistic	_	none	_	_	_	_	_	_
301-5	PSB005	301	301	5	l'	l'	_	_	_	_	_	linguistic	_	none	SpaceAfter=No	_	_	_	_	_
301-6	PSB005	301	301	6	italiano	italiano	_	_	_	_	_	linguistic	_	none	_	_	_	_	_	_
301-7	PSB005	301	301	7	così	così	_	_	_	_	_	linguistic	_	none	_	_	_	_	_	_
301-8	PSB005	301	301	8	bene:?	bene	_	_	_	_	_	linguistic	_	none	Intonation=Rising	End=658.33	3x1	_	_	_
302-0	PSB059	302	302	0	e:hm	ehm	_	_	_	_	_	linguistic	_	none	_	Begin=658.34	0x1	_	_	_
302-1	PSB059	302	302	1	(già:)	già	_	_	_	_	_	linguistic	_	none	_	_	2x1	_	0-3(0)	_
302-2	PSB059	302	302	2	tutto	tutto	_	_	_	_	_	linguistic	_	none	_	_	_	_	_	_
302-3	PSB059	302	302	3	già	già	_	_	_	_	_	linguistic	_	none	_	_	_	_	_	_
302-4	PSB059	302	302	4	fatto	fatto	_	_	_	_	_	linguistic	_	none	_	_	_	_	_	_
302-5	PSB059	302	302	5	solo	solo	_	_	_	_	_	linguistic	_	none	_	_	_	_	_	_
302-6	PSB059	302	302	6	perché:	perché	_	_	_	_	_	linguistic	_	none	_	_	5x1	_	_	_
302-7	PSB059	302	302	7	non	non	_	_	_	_	_	linguistic	_	none	_	_	_	_	_	_
302-8	PSB059	302	302	8	c'	c'	_	_	_	_	_	linguistic	_	none	SpaceAfter=No	_	_	_	_	_
302-9	PSB059	302	302	9	era	era	_	_	_	_	_	linguistic	_	none	_	_	_	_	_	_
302-10	PSB059	302	302	10	nessuno	nessuno	_	_	_	_	_	linguistic	_	none	_	_	_	_	_	_
302-11	PSB059	302	302	11	che	che	_	_	_	_	_	linguistic	_	none	_	_	_	_	_	_
302-12	PSB059	302	302	12	mi	mi	_	_	_	_	_	linguistic	_	none	_	_	_	_	_	_
302-13	PSB059	302	302	13	accompagna	accompagna	_	_	_	_	_	linguistic	_	none	_	_	_	_	_	_
302-14	PSB059	302	302	14	mio	mio	_	_	_	_	_	linguistic	_	none	_	_	_	_	_	_
302-15	PSB059	302	302	15	padre	padre	_	_	_	_	_	linguistic	_	none	_	_	_	_	_	_
302-16	PSB059	302	302	16	lavorano:	lavorano	_	_	_	_	_	linguistic	_	none	_	_	7x1	_	_	_
302-17	PSB059	302	302	17	e:	e	_	_	_	_	_	linguistic	_	none	_	_	0x1	_	_	_
302-18	PSB059	302	302	18	(era	era	_	_	_	_	_	linguistic	_	none	_	_	_	_	0-3(1)	_
302-19	PSB059	302	302	19	stanco	stanco	_	_	_	_	_	linguistic	_	none	_	_	_	_	0-6(1)	_
302-20	PSB059	302	302	20	e)	e	_	_	_	_	_	linguistic	_	none	_	_	_	_	0-1(1)	_
302-21	PSB059	302	302	21	così:	così	_	_	_	_	_	linguistic	_	none	_	End=665.45	3x1	_	_	_
303-0	PSB005	303	303	0	mhmh	mhmh	_	_	_	_	_	linguistic	_	none	_	Begin=665.51|End=665.97	_	_	_	_
304-0	PSB059	304	304	0	non	non	_	_	_	_	_	linguistic	_	none	_	Begin=666.01	_	_	_	_
304-1	PSB059	304	304	1	mi	mi	_	_	_	_	_	linguistic	_	none	_	_	_	_	_	_
304-2	PSB059	304	304	2	aiuta	aiuta	_	_	_	_	_	linguistic	_	none	_	_	_	_	_	_
304-3	PSB059	304	304	3	nessuno:	nessuno	_	_	_	_	_	linguistic	_	none	_	_	6x1	_	_	_
304-4	PSB059	304	304	4	(sono:)	sono	_	_	_	_	_	linguistic	_	none	_	_	3x1	_	0-4(0)	_
304-5	PSB059	304	304	5	già	già	_	_	_	_	_	linguistic	_	none	_	_	_	_	_	_
304-6	PSB059	304	304	6	fatto	fatto	_	_	_	_	_	linguistic	_	none	_	_	_	_	_	_
304-7	PSB059	304	304	7	da	da	_	_	_	_	_	linguistic	_	none	_	_	_	_	_	_
304-8	PSB059	304	304	8	solo	solo	_	_	_	_	_	linguistic	_	none	PauseAfter=Yes	_	_	_	_	_
304-9	PSB059	304	304	9	(.)	(.)	_	_	_	_	_	shortpause	_	none	_	_	_	_	_	_
304-10	PSB059	304	304	10	già	già	_	_	_	_	_	linguistic	_	none	_	_	_	_	_	_
304-11	PSB059	304	304	11	parlato	parlato	_	_	_	_	_	linguistic	_	none	_	_	_	_	_	_
304-12	PSB059	304	304	12	con	con	_	_	_	_	_	linguistic	_	none	_	_	_	_	_	_
304-13	PSB059	304	304	13	miei	miei	_	_	_	_	_	linguistic	_	none	_	_	_	_	_	_
304-14	PSB059	304	304	14	amici:	amici	_	_	_	_	_	linguistic	_	none	_	_	4x1	_	_	_
304-15	PSB059	304	304	15	così:	così	_	_	_	_	_	linguistic	_	none	_	End=671.64	3x1	_	_	_
305-0	PSB005	305	305	0	solo	solo	_	_	_	_	_	linguistic	_	none	_	Begin=673.565	_	_	_	_
305-1	PSB005	305	305	1	parlando	parlando	_	_	_	_	_	linguistic	_	none	_	_	_	_	_	_
305-2	PSB005	305	305	2	>con	con	_	_	_	_	_	linguistic	_	none	_	_	_	Fast=0-3(0)	_	_
305-3	PSB005	305	305	3	i	i	_	_	_	_	_	linguistic	_	none	_	_	_	Fast=0-1(0)	_	_
305-4	PSB005	305	305	4	tuoi	tuoi	_	_	_	_	_	linguistic	_	none	_	_	_	Fast=0-4(0)	_	_
305-5	PSB005	305	305	5	amici<	amici	_	_	_	_	_	linguistic	_	none	_	_	_	Fast=0-5(0)	_	_
305-6	PSB005	305	305	6	hai	hai	_	_	_	_	_	linguistic	_	none	_	_	_	_	_	_
305-7	PSB005	305	305	7	im[parato]	imparato	_	_	_	_	_	linguistic	_	none	_	End=675.86	_	_	_	2-8(49)
306-0	PSB059	306	306	0	[e::h	eh	_	_	_	_	_	linguistic	_	none	_	Begin=675.33	0x2	_	_	0-2(49)
306-1	PSB059	306	306	1	neanche:]	neanche	_	_	_	_	_	linguistic	_	none	_	_	6x1	_	_	0-7(49)
306-2	PSB059	306	306	2	mi	mi	_	_	_	_	_	linguistic	_	none	_	_	_	_	_	_
306-3	PSB059	306	306	3	aiutano:	aiutano	_	_	_	_	_	linguistic	_	none	PauseAfter=Yes	_	6x1	_	_	_
306-4	PSB059	306	306	4	(.)	(.)	_	_	_	_	_	shortpause	_	none	_	_	_	_	_	_
306-5	PSB059	306	306	5	prof	prof	_	_	_	_	_	linguistic	_	none	_	_	_	_	_	_
306-6	PSB059	306	306	6	della	della	_	_	_	_	_	linguistic	_	none	_	_	_	_	_	_
306-7	PSB059	306	306	7	media	media	_	_	_	_	_	linguistic	_	none	PauseAfter=Yes	_	_	_	_	_
306-8	PSB059	306	306	8	(.)	(.)	_	_	_	_	_	shortpause	_	none	_	_	_	_	_	_
306-9	PSB059	306	306	9	tantissimo	tantissimo	_	_	_	_	_	linguistic	_	none	_	End=679.195	_	_	_	_
307-0	PSB005	307	307	0	°mhmh°	mhmh	_	_	_	_	_	linguistic	_	none	Volume=low	Begin=679.23|End=679.67	_	_	_	_
308-0	PSB005	308	308	0	tu	tu	_	_	_	_	_	linguistic	_	none	_	Begin=683.78	_	_	_	_
308-1	PSB005	308	308	1	adesso	adesso	_	_	_	_	_	linguistic	_	none	_	_	_	_	_	_
308-2	PSB005	308	308	2	sei	sei	_	_	_	_	_	linguistic	_	none	_	_	_	_	_	_
308-3	PSB005	308	308	3	alle	alle	_	_	_	_	_	linguistic	_	none	_	_	_	_	_	_
308-4	PSB005	308	308	4	@nomescuola	@nomescuola	_	_	_	_	_	anonymized	_	none	_	_	_	_	_	_
308-5	PSB005	308	308	5	e	e	_	_	_	_	_	linguistic	_	none	_	_	_	_	_	_
308-6	PSB005	308	308	6	hai	hai	_	_	_	_	_	linguistic	_	none	_	_	_	_	_	_
308-7	PSB005	308	308	7	[fatto	fatto	_	_	_	_	_	linguistic	_	none	_	_	_	_	_	0-5(50)
308-8	PSB005	308	308	8	an]che	anche	_	_	_	_	_	linguistic	_	none	_	_	_	_	_	0-2(50)
308-9	PSB005	308	308	9	le	le	_	_	_	_	_	linguistic	_	none	_	_	_	_	_	_
308-10	PSB005	308	308	10	medie	medie	_	_	_	_	_	linguistic	_	none	_	_	_	_	_	_
308-11	PSB005	308	308	11	qui	qui	_	_	_	_	_	linguistic	_	none	_	End=686.67	_	_	_	_
309-0	PSB059	309	309	0	[°sì°]	sì	_	_	_	_	_	linguistic	_	none	Volume=low	Begin=685.39|End=685.74	_	_	_	0-2(50)
310-0	PSB059	310	310	0	sì	sì	_	_	_	_	_	linguistic	_	none	_	Begin=686.91|End=687.21	_	_	_	_
311-0	PSB005	311	311	0	okay	okay	_	_	_	_	_	linguistic	_	none	_	Begin=687.93|End=688.32	_	_	_	_
312-0	PSB059	312	312	0	la	la	_	_	_	_	_	linguistic	_	none	_	Begin=688.34	_	_	_	_
312-1	PSB059	312	312	1	seconda	seconda	_	_	_	_	_	linguistic	_	none	_	_	_	_	_	_
312-2	PSB059	312	312	2	eh	eh	_	_	_	_	_	linguistic	_	none	_	_	_	_	_	_
312-3	PSB059	312	312	3	eh	eh	_	_	_	_	_	linguistic	_	none	_	_	_	_	_	_
312-4	PSB059	312	312	4	s~	s~	_	_	_	_	_	linguistic	_	none	Interrupted=Yes	_	_	_	_	_
312-5	PSB059	312	312	5	so~	so~	_	_	_	_	_	linguistic	_	none	Interrupted=Yes	_	_	_	_	_
312-6	PSB059	312	312	6	inizia	inizia	_	_	_	_	_	linguistic	_	none	_	_	_	_	_	_
312-7	PSB059	312	312	7	dalla	dalla	_	_	_	_	_	linguistic	_	none	_	_	_	_	_	_
312-8	PSB059	312	312	8	dalla	dalla	_	_	_	_	_	linguistic	_	none	_	_	_	_	_	_
312-9	PSB059	312	312	9	seconda	seconda	_	_	_	_	_	linguistic	_	none	_	_	_	_	_	_
312-10	PSB059	312	312	10	[media]	media	_	_	_	_	_	linguistic	_	none	_	End=691.34	_	_	_	0-5(51)
313-0	PSB005	313	313	0	>[dalla	dalla	_	_	_	_	_	linguistic	_	none	_	Begin=690.82	_	Fast=0-5(0)	_	0-5(51)
313-1	PSB005	313	313	1	secon]da	seconda	_	_	_	_	_	linguistic	_	none	_	_	_	Fast=0-7(0)	_	0-5(51)
313-2	PSB005	313	313	2	media<	media	_	_	_	_	_	linguistic	_	none	_	_	_	Fast=0-5(0)	_	_
313-3	PSB005	313	313	3	e	e	_	_	_	_	_	linguistic	_	none	_	_	_	_	_	_
313-4	PSB005	313	313	4	alla	alla	_	_	_	_	_	linguistic	_	none	_	_	_	_	_	_
313-5	PSB005	313	313	5	quindi	quindi	_	_	_	_	_	linguistic	_	none	_	_	_	_	_	_
313-6	PSB005	313	313	6	alle	alle	_	_	_	_	_	linguistic	_	none	_	_	_	_	_	_
313-7	PSB005	313	313	7	medie	medie	_	_	_	_	_	linguistic	_	none	_	_	_	_	_	_
313-8	PSB005	313	313	8	ti	ti	_	_	_	_	_	linguistic	_	none	_	_	_	_	_	_
313-9	PSB005	313	313	9	hanno	hanno	_	_	_	_	_	linguistic	_	none	_	_	_	_	_	_
313-10	PSB005	313	313	10	dato	dato	_	_	_	_	_	linguistic	_	none	_	_	_	_	_	_
313-11	PSB005	313	313	11	una	una	_	_	_	_	_	linguistic	_	none	_	_	_	_	_	_
313-12	PSB005	313	313	12	mano	mano	_	_	_	_	_	linguistic	_	none	_	End=693.81	_	_	_	_
314-0	PSB059	314	314	0	sì	sì	_	_	_	_	_	linguistic	_	none	_	Begin=694.0	_	_	_	_
314-1	PSB059	314	314	1	[(.)]	.	_	_	_	_	_	error	_	none	_	_	_	_	_	_
314-2	PSB059	314	314	2	tantissimo	tantissimo	_	_	_	_	_	linguistic	_	none	_	_	_	_	_	_
314-3	PSB059	314	314	3	>mi	mi	_	_	_	_	_	linguistic	_	none	_	_	_	Fast=0-2(0)	_	_
314-4	PSB059	314	314	4	ha	ha	_	_	_	_	_	linguistic	_	none	_	_	_	Fast=0-2(0)	_	_
314-5	PSB059	314	314	5	aiutat~	aiutat~	_	_	_	_	_	linguistic	_	none	Interrupted=Yes	_	_	Fast=0-7(0)	_	_
314-6	PSB059	314	314	6	mi	mi	_	_	_	_	_	linguistic	_	none	_	_	_	Fast=0-2(0)	_	_
314-7	PSB059	314	314	7	ha	ha	_	_	_	_	_	linguistic	_	none	_	_	_	Fast=0-2(0)	_	_
314-8	PSB059	314	314	8	aiutato	aiutato	_	_	_	_	_	linguistic	_	none	_	_	_	Fast=0-7(0)	_	_
314-9	PSB059	314	314	9	tantissimo<	tantissimo	_	_	_	_	_	linguistic	_	none	_	End=697.11	_	Fast=0-10(0)	_	_
315-0	PSB005	315	315	0	[sì]	sì	_	_	_	_	_	linguistic	_	none	_	Begin=694.08|End=694.43	_	_	_	0-2(52)
316-0	PSB005	316	316	0	°mhmh°	mhmh	_	_	_	_	_	linguistic	_	none	Volume=low	Begin=697.38|End=697.91	_	_	_	_
317-0	PSB059	317	317	0	ma:	ma	_	_	_	_	_	linguistic	_	none	_	Begin=698.56	1x1	_	_	_
317-1	PSB059	317	317	1	è	è	_	_	_	_	_	linguistic	_	none	_	_	_	_	_	_
317-2	PSB059	317	317	2	(dive~:)	dive~:	_	_	_	_	_	error	_	none	_	End=700.02	_	_	0-5(0)	_
318-0	PSB059	318	318	0	l'	l'	_	_	_	_	_	linguistic	_	none	SpaceAfter=No	Begin=700.45	_	_	_	_
318-1	PSB059	318	318	1	insegnante	insegnante	_	_	_	_	_	linguistic	_	none	_	_	_	_	_	_
318-2	PSB059	318	318	2	ce	ce	_	_	_	_	_	linguistic	_	none	_	_	_	_	_	_
318-3	PSB059	318	318	3	l'	l'	_	_	_	_	_	linguistic	_	none	SpaceAfter=No	_	_	_	_	_
318-4	PSB059	318	318	4	ho:	ho	_	_	_	_	_	linguistic	_	none	_	_	1x1	_	_	_
318-5	PSB059	318	318	5	si	si	_	_	_	_	_	linguistic	_	none	_	_	_	_	_	_
318-6	PSB059	318	318	6	si	si	_	_	_	_	_	linguistic	_	none	_	_	_	_	_	_
318-7	PSB059	318	318	7	chiama:	chiama	_	_	_	_	_	linguistic	_	none	_	_	5x1	_	_	_
318-8	PSB059	318	318	8	non	non	_	_	_	_	_	linguistic	_	none	_	_	_	_	_	_
318-9	PSB059	318	318	9	mi	mi	_	_	_	_	_	linguistic	_	none	_	_	_	_	_	_
318-10	PSB059	318	318	10	ricordo	ricordo	_	_	_	_	_	linguistic	_	none	_	End=703.21	_	_	_	_
319-0	PSB059	319	319	0	però	però	_	_	_	_	_	linguistic	_	none	_	Begin=703.48	_	_	_	_
319-1	PSB059	319	319	1	lei	lei	_	_	_	_	_	linguistic	_	none	_	_	_	_	_	_
319-2	PSB059	319	319	2	mi	mi	_	_	_	_	_	linguistic	_	none	_	_	_	_	_	_
319-3	PSB059	319	319	3	ha	ha	_	_	_	_	_	linguistic	_	none	_	_	_	_	_	_
319-4	PSB059	319	319	4	>aiutato<	aiutato	_	_	_	_	_	linguistic	_	none	_	_	_	Fast=0-7(0)	_	_
319-5	PSB059	319	319	5	tanto	tanto	_	_	_	_	_	linguistic	_	none	_	End=704.88	_	_	_	_
320-0	PSB005	320	320	0	mhmh	mhmh	_	_	_	_	_	linguistic	_	none	_	Begin=705.5|End=705.86	_	_	_	_
321-0	PSB059	321	321	0	per	per	_	_	_	_	_	linguistic	_	none	_	Begin=705.9	_	_	_	_
321-1	PSB059	321	321	1	$imprare	imprare	_	_	_	_	_	linguistic	_	none	Orthography=Yes|Variation=Emerging	_	_	_	_	_
321-2	PSB059	321	321	2	imparare:	imparare	_	_	_	_	_	linguistic	_	none	_	_	7x1	_	_	_
321-3	PSB059	321	321	3	[italia]no:	italiano	_	_	_	_	_	linguistic	_	none	_	End=707.82	7x1	_	_	0-6(53)
322-0	PSB005	322	322	0	[mhmh]	mhmh	_	_	_	_	_	linguistic	_	none	_	Begin=706.98|End=707.34	_	_	_	0-4(53)
323-0	PSB005	323	323	0	mhmh	mhmh	_	_	_	_	_	linguistic	_	none	_	Begin=707.99|End=708.32	_	_	_	_
324-0	PSB005	324	324	0	eri	eri	_	_	_	_	_	linguistic	_	none	_	Begin=709.33	_	_	_	_
324-1	PSB005	324	324	1	con	con	_	_	_	_	_	linguistic	_	none	_	_	_	_	_	_
324-2	PSB005	324	324	2	degli	degli	_	_	_	_	_	linguistic	_	none	_	_	_	_	_	_
324-3	PSB005	324	324	3	altri	altri	_	_	_	_	_	linguistic	_	none	_	_	_	_	_	_
324-4	PSB005	324	324	4	ragazzi:	ragazzi	_	_	_	_	_	linguistic	_	none	_	_	6x1	_	_	_
324-5	PSB005	324	324	5	o:	o	_	_	_	_	_	linguistic	_	none	_	_	0x1	_	_	_
324-6	PSB005	324	324	6	da	da	_	_	_	_	_	linguistic	_	none	_	_	_	_	_	_
324-7	PSB005	324	324	7	solo?	solo	_	_	_	_	_	linguistic	_	none	Intonation=Rising	End=711.24	_	_	_	_
325-0	PSB059	325	325	0	da	da	_	_	_	_	_	linguistic	_	none	_	Begin=711.27	_	_	_	_
325-1	PSB059	325	325	1	solo:	solo	_	_	_	_	_	linguistic	_	none	_	_	3x1	_	_	_
325-2	PSB059	325	325	2	perché::	perché	_	_	_	_	_	linguistic	_	none	_	_	5x2	_	_	_
325-3	PSB059	325	325	3	tutti::	tutti	_	_	_	_	_	linguistic	_	none	_	_	4x2	_	_	_
325-4	PSB059	325	325	4	°xx	xx	_	_	_	_	_	unknown	_	none	Volume=low|Syllables=2	_	_	_	_	_
325-5	PSB059	325	325	5	sa	sa	_	_	_	_	_	linguistic	_	none	Volume=low	_	_	_	_	_
325-6	PSB059	325	325	6	anche	anche	_	_	_	_	_	linguistic	_	none	Volume=low	_	_	_	_	_
325-7	PSB059	325	325	7	italiano	italiano	_	_	_	_	_	linguistic	_	none	PauseAfter=Yes|Volume=low	_	_	_	_	_
325-8	PSB059	325	325	8	(.)	(.)	_	_	_	_	_	shortpause	_	none	_	_	_	_	_	_
325-9	PSB059	325	325	9	sa	sa	_	_	_	_	_	linguistic	_	none	Volume=low	_	_	_	_	_
325-10	PSB059	325	325	10	bene°	bene	_	_	_	_	_	linguistic	_	none	Volume=low	End=715.76	_	_	_	_
326-0	PSB005	326	326	0	°mhmh°	mhmh	_	_	_	_	_	linguistic	_	none	Volume=low	Begin=715.99|End=716.37	_	_	_	_
327-0	PSB059	327	327	0	per	per	_	_	_	_	_	linguistic	_	none	_	Begin=716.64	_	_	_	_
327-1	PSB059	327	327	1	me	me	_	_	_	_	_	linguistic	_	none	_	_	_	_	_	_
327-2	PSB059	327	327	2	un	un	_	_	_	_	_	linguistic	_	none	_	_	_	_	_	_
327-3	PSB059	327	327	3	po'	po'	_	_	_	_	_	linguistic	_	none	_	_	_	_	_	_
327-4	PSB059	327	327	4	difficoltà	difficoltà	_	_	_	_	_	linguistic	_	none	PauseAfter=Yes	_	_	_	_	_
327-5	PSB059	327	327	5	(.)	(.)	_	_	_	_	_	shortpause	_	none	_	_	_	_	_	_
327-6	PSB059	327	327	6	ancora::	ancora	_	_	_	_	_	linguistic	_	none	_	_	5x2	_	_	_
327-7	PSB059	327	327	7	c'	c'	_	_	_	_	_	linguistic	_	none	SpaceAfter=No	_	_	_	_	_
327-8	PSB059	327	327	8	è	è	_	_	_	_	_	linguistic	_	none	_	_	_	_	_	_
327-9	PSB059	327	327	9	un	un	_	_	_	_	_	linguistic	_	none	_	_	_	_	_	_
327-10	PSB059	327	327	10	po'	po'	_	_	_	_	_	linguistic	_	none	_	_	_	_	_	_
327-11	PSB059	327	327	11	difficoltà	difficoltà	_	_	_	_	_	linguistic	_	none	_	_	_	_	_	_
327-12	PSB059	327	327	12	[però::]	però	_	_	_	_	_	linguistic	_	none	_	_	3x2	_	_	0-4(54)
327-13	PSB059	327	327	13	adesso	adesso	_	_	_	_	_	linguistic	_	none	_	_	_	_	_	_
327-14	PSB059	327	327	14	bene	bene	_	_	_	_	_	linguistic	_	none	_	End=721.06	_	_	_	_
328-0	PSB005	328	328	0	[no::]	no	_	_	_	_	_	linguistic	_	none	_	Begin=719.94|End=720.48	1x2	_	_	0-2(54)
329-0	PSB005	329	329	0	no:	no	_	_	_	_	_	linguistic	_	none	_	Begin=721.46	1x1	_	_	_
329-1	PSB005	329	329	1	adesso	adesso	_	_	_	_	_	linguistic	_	none	_	_	_	_	_	_
329-2	PSB005	329	329	2	bene:	bene	_	_	_	_	_	linguistic	_	none	_	End=722.39	3x1	_	_	_
330-0	PSB059	330	330	0	°sì°	sì	_	_	_	_	_	linguistic	_	none	Volume=low	Begin=722.63|End=723.01	_	_	_	_
331-0	PSB005	331	331	0	quindi	quindi	_	_	_	_	_	linguistic	_	none	_	Begin=723.81	_	_	_	_
331-1	PSB005	331	331	1	riesci	riesci	_	_	_	_	_	linguistic	_	none	_	_	_	_	_	_
331-2	PSB005	331	331	2	a	a	_	_	_	_	_	linguistic	_	none	_	_	_	_	_	_
331-3	PSB005	331	331	3	fare	fare	_	_	_	_	_	linguistic	_	none	_	_	_	_	_	_
331-4	PSB005	331	331	4	tutto	tutto	_	_	_	_	_	linguistic	_	none	_	_	_	_	_	_
331-5	PSB005	331	331	5	ormai:	ormai	_	_	_	_	_	linguistic	_	none	_	End=725.42	4x1	_	_	_
332-0	PSB005	332	332	0	[e:::h]	eh	_	_	_	_	_	linguistic	_	none	_	Begin=726.945	0x3	_	_	0-2(55)
332-1	PSB005	332	332	1	parlare:::	parlare	_	_	_	_	_	linguistic	_	none	_	_	6x3	_	_	_
332-2	PSB005	332	332	2	al	al	_	_	_	_	_	linguistic	_	none	_	_	_	_	_	_
332-3	PSB005	332	332	3	bar	bar	_	_	_	_	_	linguistic	_	none	_	_	_	_	_	_
332-4	PSB005	332	332	4	p~	p~	_	_	_	_	_	linguistic	_	none	Interrupted=Yes	_	_	_	_	_
332-5	PSB005	332	332	5	[mh:::]	mh	_	_	_	_	_	linguistic	_	none	_	End=731.29	1x3	_	_	0-2(56)
333-0	PSB059	333	333	0	°[sì]°	sì	_	_	_	_	_	linguistic	_	none	Volume=low	Begin=726.95|End=727.405	_	_	_	0-2(55)
334-0	PSB059	334	334	0	[eh:]	eh	_	_	_	_	_	linguistic	_	none	_	Begin=730.76	1x1	_	_	0-2(?)
334-1	PSB059	334	334	1	(>sono	sono	_	_	_	_	_	linguistic	_	none	_	_	_	Fast=0-4(0)	0-4(0)	_
334-2	PSB059	334	334	2	già:	già	_	_	_	_	_	linguistic	_	none	_	_	2x1	Fast=0-3(0)	0-3(0)	_
334-3	PSB059	334	334	3	andato<)	andato	_	_	_	_	_	linguistic	_	none	_	_	_	Fast=0-6(0)	0-6(0)	_
334-4	PSB059	334	334	4	comune:	comune	_	_	_	_	_	linguistic	_	none	_	_	5x1	_	_	_
334-5	PSB059	334	334	5	da	da	_	_	_	_	_	linguistic	_	none	_	_	_	_	_	_
334-6	PSB059	334	334	6	solo	solo	_	_	_	_	_	linguistic	_	none	_	End=734.24	_	_	_	_
335-0	PSB005	335	335	0	mh[mh]	mhmh	_	_	_	_	_	linguistic	_	none	_	Begin=734.14|End=734.61	_	_	_	2-4(57)
336-0	PSB059	336	336	0	[e]	e	_	_	_	_	_	linguistic	_	none	_	Begin=734.54	_	_	_	0-1(58)
336-1	PSB059	336	336	1	ad~	ad~	_	_	_	_	_	linguistic	_	none	Interrupted=Yes	_	_	_	_	_
336-2	PSB059	336	336	2	adesso:	adesso	_	_	_	_	_	linguistic	_	none	_	End=735.88	5x1	_	_	_
337-0	PSB005	337	337	0	mhmh	mhmh	_	_	_	_	_	linguistic	_	none	_	Begin=736.78|End=737.17	_	_	_	_
338-0	PSB059	338	338	0	però	però	_	_	_	_	_	linguistic	_	none	_	Begin=737.3	_	_	_	_
338-1	PSB059	338	338	1	prima:	prima	_	_	_	_	_	linguistic	_	none	_	_	4x1	_	_	_
338-2	PSB059	338	338	2	sono	sono	_	_	_	_	_	linguistic	_	none	_	_	_	_	_	_
338-3	PSB059	338	338	3	paura	paura	_	_	_	_	_	linguistic	_	none	PauseAfter=Yes	_	_	_	_	_
338-4	PSB059	338	338	4	(.)	(.)	_	_	_	_	_	shortpause	_	none	_	_	_	_	_	_
338-5	PSB059	338	338	5	perché:	perché	_	_	_	_	_	linguistic	_	none	_	_	5x1	_	_	_
338-6	PSB059	338	338	6	non	non	_	_	_	_	_	linguistic	_	none	_	_	_	_	_	_
338-7	PSB059	338	338	7	so	so	_	_	_	_	_	linguistic	_	none	_	_	_	_	_	_
338-8	PSB059	338	338	8	parlare::	parlare	_	_	_	_	_	linguistic	_	none	_	_	6x2	_	_	_
338-9	PSB059	338	338	9	e	e	_	_	_	_	_	linguistic	_	none	_	_	_	_	_	_
338-10	PSB059	338	338	10	cos~	cos~	_	_	_	_	_	linguistic	_	none	Interrupted=Yes	_	_	_	_	_
338-11	PSB059	338	338	11	cosa	cosa	_	_	_	_	_	linguistic	_	none	_	_	_	_	_	_
338-12	PSB059	338	338	12	devi	devi	_	_	_	_	_	linguistic	_	none	_	_	_	_	_	_
338-13	PSB059	338	338	13	dire	dire	_	_	_	_	_	linguistic	_	none	_	End=742.16	_	_	_	_
339-0	PSB005	339	339	0	certo	certo	_	_	_	_	_	linguistic	_	none	_	Begin=742.27|End=742.77	_	_	_	_
340-0	PSB005	340	340	0	ah	ah	_	_	_	_	_	linguistic	_	none	_	Begin=743.38	_	_	_	_
340-1	PSB005	340	340	1	ma	ma	_	_	_	_	_	linguistic	_	none	_	_	_	_	_	_
340-2	PSB005	340	340	2	è	è	_	_	_	_	_	linguistic	_	none	_	_	_	_	_	_
340-3	PSB005	340	340	3	diffici~	diffici~	_	_	_	_	_	linguistic	_	none	Interrupted=Yes	End=744.29	_	_	_	_
341-0	PSB005	341	341	0	sì	sì	_	_	_	_	_	linguistic	_	none	_	Begin=744.82	_	_	_	_
341-1	PSB005	341	341	1	sì	sì	_	_	_	_	_	linguistic	_	none	_	_	_	_	_	_
341-2	PSB005	341	341	2	sì	sì	_	_	_	_	_	linguistic	_	none	_	End=745.5	_	_	_	_
342-0	PSB059	342	342	0	mio	mio	_	_	_	_	_	linguistic	_	none	_	Begin=746.12	_	_	_	_
342-1	PSB059	342	342	1	padre	padre	_	_	_	_	_	linguistic	_	none	_	_	_	_	_	_
342-2	PSB059	342	342	2	lavorano:	lavorano	_	_	_	_	_	linguistic	_	none	_	_	7x1	_	_	_
342-3	PSB059	342	342	3	e:h	eh	_	_	_	_	_	linguistic	_	none	_	End=747.83	0x1	_	_	_
343-0	PSB005	343	343	0	sì	sì	_	_	_	_	_	linguistic	_	none	_	Begin=750.67	_	_	_	_
343-1	PSB005	343	343	1	sì	sì	_	_	_	_	_	linguistic	_	none	_	_	_	_	_	_
343-2	PSB005	343	343	2	certo	certo	_	_	_	_	_	linguistic	_	none	_	End=751.3	_	_	_	_
344-0	PSB005	344	344	0	e	e	_	_	_	_	_	linguistic	_	none	_	Begin=751.33	_	_	_	_
344-1	PSB005	344	344	1	la	la	_	_	_	_	_	linguistic	_	none	_	_	_	_	_	_
344-2	PSB005	344	344	2	e:hm:	ehm	_	_	_	_	_	linguistic	_	none	_	_	0x1,2x1	_	_	_
344-3	PSB005	344	344	3	la	la	_	_	_	_	_	linguistic	_	none	_	_	_	_	_	_
344-4	PSB005	344	344	4	lingua	lingua	_	_	_	_	_	linguistic	_	none	_	_	_	_	_	_
344-5	PSB005	344	344	5	bengalese	bengalese	_	_	_	_	_	linguistic	_	none	_	_	_	_	_	_
344-6	PSB005	344	344	6	la	la	_	_	_	_	_	linguistic	_	none	_	_	_	_	_	_
344-7	PSB005	344	344	7	scrittura::	scrittura	_	_	_	_	_	linguistic	_	none	_	End=754.46	8x2	_	_	_
345-0	PSB059	345	345	0	so	so	_	_	_	_	_	linguistic	_	none	_	Begin=755.25	_	_	_	_
345-1	PSB059	345	345	1	tutto	tutto	_	_	_	_	_	linguistic	_	none	_	End=755.81	_	_	_	_
346-0	PSB005	346	346	0	è	è	_	_	_	_	_	linguistic	_	none	_	Begin=756.0	_	_	_	_
346-1	PSB005	346	346	1	bellissima	bellissima	_	_	_	_	_	linguistic	_	none	_	End=756.86	_	_	_	_
347-0	PSB059	347	347	0	((ride))	((ride))	_	_	_	_	_	nonverbalbehavior	_	none	_	Begin=756.89	_	_	_	_
347-1	PSB059	347	347	1	non	non	_	_	_	_	_	linguistic	_	none	_	_	_	_	_	_
347-2	PSB059	347	347	2	hai	hai	_	_	_	_	_	linguistic	_	none	_	_	_	_	_	_
347-3	PSB059	347	347	3	visto	visto	_	_	_	_	_	linguistic	_	none	_	_	_	_	_	_
347-4	PSB059	347	347	4	forse	forse	_	_	_	_	_	linguistic	_	none	_	_	_	_	_	_
347-5	PSB059	347	347	5	mai:	mai	_	_	_	_	_	linguistic	_	none	_	End=759.22	2x1	_	_	_
348-0	PSB059	348	348	0	ehm	ehm	_	_	_	_	_	linguistic	_	none	_	Begin=759.445|End=759.87	_	_	_	_
349-0	PSB005	349	349	0	poche	poche	_	_	_	_	_	linguistic	_	none	_	Begin=759.885	_	_	_	_
349-1	PSB005	349	349	1	volte	volte	_	_	_	_	_	linguistic	_	none	_	_	_	_	_	_
349-2	PSB005	349	349	2	vuoi	vuoi	_	_	_	_	_	linguistic	_	none	_	_	_	_	_	_
349-3	PSB005	349	349	3	vuoi	vuoi	_	_	_	_	_	linguistic	_	none	_	_	_	_	_	_
349-4	PSB005	349	349	4	provare	provare	_	_	_	_	_	linguistic	_	none	_	_	_	_	_	_
349-5	PSB005	349	349	5	a	a	_	_	_	_	_	linguistic	_	none	_	_	_	_	_	_
349-6	PSB005	349	349	6	scriver[mi::]	scrivermi	_	_	_	_	_	linguistic	_	none	_	End=762.32	8x2	_	_	7-9(59)
350-0	PSB059	350	350	0	[ce]rt[o]	certo	_	_	_	_	_	linguistic	_	none	_	Begin=762.16|End=762.74	_	_	_	0-2(59),4-5(60)
351-0	PSB005	351	351	0	[u]na	una	_	_	_	_	_	linguistic	_	none	_	Begin=762.7	_	_	_	0-1(60)
351-1	PSB005	351	351	1	parola:	parola	_	_	_	_	_	linguistic	_	none	_	_	5x1	_	_	_
351-2	PSB005	351	351	2	qua?	qua	_	_	_	_	_	linguistic	_	none	Intonation=Rising	End=763.75	_	_	_	_
352-0	PSB005	352	352	0	°vediamo°	vediamo	_	_	_	_	_	linguistic	_	none	Volume=low	Begin=766.03|End=766.51	_	_	_	_
353-0	PSB005	353	353	0	°dove	dove	_	_	_	_	_	linguistic	_	none	Volume=low	Begin=772.33	_	_	_	_
353-1	PSB005	353	353	1	vuoi°	vuoi	_	_	_	_	_	linguistic	_	none	Volume=low	End=772.96	_	_	_	_
354-0	PSB059	354	354	0	cosa	cosa	_	_	_	_	_	linguistic	_	none	_	Begin=776.19	_	_	_	_
354-1	PSB059	354	354	1	scriv[o:]?	scrivo	_	_	_	_	_	linguistic	_	none	Intonation=Rising	End=777.02	5x1	_	_	5-6(61)
355-0	PSB005	355	355	0	[scri]vi:	scrivi	_	_	_	_	_	linguistic	_	none	_	Begin=776.94	5x1	_	_	0-4(61)
355-1	PSB005	355	355	1	un	un	_	_	_	_	_	linguistic	_	none	PauseAfter=Yes	_	_	_	_	_
355-2	PSB005	355	355	2	(.)	(.)	_	_	_	_	_	shortpause	_	none	_	_	_	_	_	_
355-3	PSB005	355	355	3	boh	boh	_	_	_	_	_	linguistic	_	none	PauseAfter=Yes	_	_	_	_	_
355-4	PSB005	355	355	4	(.)	(.)	_	_	_	_	_	shortpause	_	none	_	_	_	_	_	_
355-5	PSB005	355	355	5	scrivi	scrivi	_	_	_	_	_	linguistic	_	none	_	_	_	_	_	_
355-6	PSB005	355	355	6	casa:	casa	_	_	_	_	_	linguistic	_	none	PauseAfter=Yes	_	3x1	_	_	_
355-7	PSB005	355	355	7	(.)	(.)	_	_	_	_	_	shortpause	_	none	_	_	_	_	_	_
355-8	PSB005	355	355	8	non	non	_	_	_	_	_	linguistic	_	none	_	_	_	_	_	_
355-9	PSB005	355	355	9	lo	lo	_	_	_	_	_	linguistic	_	none	_	_	_	_	_	_
355-10	PSB005	355	355	10	so:	so	_	_	_	_	_	linguistic	_	none	_	End=780.48	1x1	_	_	_
356-0	PSB005	356	356	0	°ma	ma	_	_	_	_	_	linguistic	_	none	Volume=low	Begin=783.94	_	_	_	_
356-1	PSB005	356	356	1	guarda°	guarda	_	_	_	_	_	linguistic	_	none	PauseAfter=Yes|Volume=low	_	_	_	_	_
356-2	PSB005	356	356	2	(.)	(.)	_	_	_	_	_	shortpause	_	none	_	_	_	_	_	_
356-3	PSB005	356	356	3	ma	ma	_	_	_	_	_	linguistic	_	none	_	_	_	_	_	_
356-4	PSB005	356	356	4	che	che	_	_	_	_	_	linguistic	_	none	_	_	_	_	_	_
356-5	PSB005	356	356	5	meraviglia	meraviglia	_	_	_	_	_	linguistic	_	none	_	_	_	_	_	_
356-6	PSB005	356	356	6	guarda	guarda	_	_	_	_	_	linguistic	_	none	_	End=786.59	_	_	_	_
357-0	PSB059	357	357	0	((ride))	((ride))	_	_	_	_	_	nonverbalbehavior	_	some	_	Begin=786.64	_	_	_	_
357-1	PSB059	357	357	1	si	si	_	_	_	_	_	linguistic	_	some	_	_	_	_	_	_
357-2	PSB059	357	357	2	dice	dice	_	_	_	_	_	linguistic	_	some	_	_	_	_	_	_
357-3	PSB059	357	357	3	#barì	barì	_	_	_	_	_	linguistic	_	some	Language=NO_ISO_CODE|Variation=Token	End=789.04	_	_	_	_
358-0	PSB005	358	358	0	okay	okay	_	_	_	_	_	linguistic	_	none	PauseAfter=Yes	Begin=789.39	_	_	_	_
358-1	PSB005	358	358	1	(.)	(.)	_	_	_	_	_	shortpause	_	none	_	_	_	_	_	_
358-2	PSB005	358	358	2	[puoi]	puoi	_	_	_	_	_	linguistic	_	none	_	_	_	_	_	0-4(62)
358-3	PSB005	358	358	3	scrivere:	scrivere	_	_	_	_	_	linguistic	_	none	_	End=791.13	7x1	_	_	_
359-0	PSB059	359	359	0	[ehm]	ehm	_	_	_	_	_	linguistic	_	none	_	Begin=790.34|End=790.615	_	_	_	0-3(62)
360-0	PSB005	360	360	0	così	così	_	_	_	_	_	linguistic	_	none	_	Begin=792.31	_	_	_	_
360-1	PSB005	360	360	1	con	con	_	_	_	_	_	linguistic	_	none	_	_	_	_	_	_
360-2	PSB005	360	360	2	la	la	_	_	_	_	_	linguistic	_	none	_	_	_	_	_	_
360-3	PSB005	360	360	3	bi?	bi	_	_	_	_	_	linguistic	_	none	Intonation=Rising	End=793.27	_	_	_	_
361-0	PSB059	361	361	0	s[ì]	sì	_	_	_	_	_	linguistic	_	none	_	Begin=795.77|End=796.075	_	_	_	1-2(63)
362-0	PSB005	362	362	0	[e]:h	eh	_	_	_	_	_	linguistic	_	none	_	Begin=795.99	0x1	_	_	0-1(63)
362-1	PSB005	362	362	1	scusa	scusa	_	_	_	_	_	linguistic	_	none	_	_	_	_	_	_
362-2	PSB005	362	362	2	storto:	storto	_	_	_	_	_	linguistic	_	none	_	End=797.14	5x1	_	_	_
363-0	PSB059	363	363	0	sì	sì	_	_	_	_	_	linguistic	_	some	_	Begin=797.61	_	_	_	_
363-1	PSB059	363	363	1	era	era	_	_	_	_	_	linguistic	_	some	_	_	_	_	_	_
363-2	PSB059	363	363	2	così:	così	_	_	_	_	_	linguistic	_	some	PauseAfter=Yes	_	3x1	_	_	_
363-3	PSB059	363	363	3	(.)	(.)	_	_	_	_	_	shortpause	_	some	_	_	_	_	_	_
363-4	PSB059	363	363	4	#barì	barì	_	_	_	_	_	linguistic	_	some	Language=NO_ISO_CODE|Variation=Token	End=798.7	_	_	_	_
364-0	PSB005	364	364	0	giusto:?	giusto	_	_	_	_	_	linguistic	_	none	Intonation=Rising	Begin=798.85	5x1	_	_	_
364-1	PSB005	364	364	1	[(.)]	.	_	_	_	_	_	error	_	none	_	_	_	_	_	_
364-2	PSB005	364	364	2	con	con	_	_	_	_	_	linguistic	_	none	_	_	_	_	_	_
364-3	PSB005	364	364	3	l'	l'	_	_	_	_	_	linguistic	_	none	SpaceAfter=No	_	_	_	_	_
364-4	PSB005	364	364	4	accento	accento	_	_	_	_	_	linguistic	_	none	_	_	_	_	_	_
364-5	PSB005	364	364	5	forse	forse	_	_	_	_	_	linguistic	_	none	_	_	_	_	_	_
364-6	PSB005	364	364	6	così	così	_	_	_	_	_	linguistic	_	none	_	End=801.25	_	_	_	_
365-0	PSB059	365	365	0	[sì]	sì	_	_	_	_	_	linguistic	_	none	_	Begin=799.4|End=799.68	_	_	_	0-2(64)
366-0	PSB059	366	366	0	°sì°	sì	_	_	_	_	_	linguistic	_	none	Volume=low	Begin=801.6|End=801.97	_	_	_	_
367-0	PSB005	367	367	0	che	che	_	_	_	_	_	linguistic	_	none	_	Begin=802.04	_	_	_	_
367-1	PSB005	367	367	1	bello:	bello	_	_	_	_	_	linguistic	_	none	_	End=802.77	4x1	_	_	_
368-0	PSB005	368	368	0	il	il	_	_	_	_	_	linguistic	_	none	_	Begin=803.97	_	_	_	_
368-1	PSB005	368	368	1	mio	mio	_	_	_	_	_	linguistic	_	none	_	_	_	_	_	_
368-2	PSB005	368	368	2	nome	nome	_	_	_	_	_	linguistic	_	none	_	_	_	_	_	_
368-3	PSB005	368	368	3	è	è	_	_	_	_	_	linguistic	_	none	_	_	_	_	_	_
368-4	PSB005	368	368	4	@alessandra:	@alessandra	_	_	_	_	_	anonymized	_	none	PauseAfter=Yes	_	10x1	_	_	_
368-5	PSB005	368	368	5	(.)	(.)	_	_	_	_	_	shortpause	_	none	_	_	_	_	_	_
368-6	PSB005	368	368	6	puoi	puoi	_	_	_	_	_	linguistic	_	none	_	_	_	_	_	_
368-7	PSB005	368	368	7	scriverlo	scriverlo	_	_	_	_	_	linguistic	_	none	_	_	_	_	_	_
368-8	PSB005	368	368	8	nei	nei	_	_	_	_	_	linguistic	_	none	_	_	_	_	_	_
368-9	PSB005	368	368	9	caratteri:	caratteri	_	_	_	_	_	linguistic	_	none	_	_	8x1	_	_	_
368-10	PSB005	368	368	10	o:	o	_	_	_	_	_	linguistic	_	none	_	_	0x1	_	_	_
368-11	PSB005	368	368	11	[o:]	o	_	_	_	_	_	linguistic	_	none	_	_	0x1	_	_	0-1(65)
368-12	PSB005	368	368	12	non	non	_	_	_	_	_	linguistic	_	none	_	_	_	_	_	_
368-13	PSB005	368	368	13	si	si	_	_	_	_	_	linguistic	_	none	_	_	_	_	_	_
368-14	PSB005	368	368	14	può?	può	_	_	_	_	_	linguistic	_	none	Intonation=Rising	End=808.21	_	_	_	_
369-0	PSB059	369	369	0	[°sì°]	sì	_	_	_	_	_	linguistic	_	none	Volume=low	Begin=807.09|End=807.3	_	_	_	0-2(65)
370-0	PSB005	370	370	0	(°vediamo°)	vediamo	_	_	_	_	_	linguistic	_	none	Volume=low	Begin=810.61|End=811.18	_	_	0-7(0)	_
371-0	PSB005	371	371	0	più	più	_	_	_	_	_	linguistic	_	none	_	Begin=822.65	_	_	_	_
371-1	PSB005	371	371	1	o	o	_	_	_	_	_	linguistic	_	none	_	_	_	_	_	_
371-2	PSB005	371	371	2	meno:	meno	_	_	_	_	_	linguistic	_	none	_	End=823.29	3x1	_	_	_
372-0	PSB005	372	372	0	tanto	tanto	_	_	_	_	_	linguistic	_	none	_	Begin=829.23	_	_	_	_
372-1	PSB005	372	372	1	tu	tu	_	_	_	_	_	linguistic	_	none	_	_	_	_	_	_
372-2	PSB005	372	372	2	puoi	puoi	_	_	_	_	_	linguistic	_	none	_	_	_	_	_	_
372-3	PSB005	372	372	3	sai	sai	_	_	_	_	_	linguistic	_	none	_	_	_	_	_	_
372-4	PSB005	372	372	4	che	che	_	_	_	_	_	linguistic	_	none	_	_	_	_	_	_
372-5	PSB005	372	372	5	puoi	puoi	_	_	_	_	_	linguistic	_	none	_	_	_	_	_	_
372-6	PSB005	372	372	6	scrivere	scrivere	_	_	_	_	_	linguistic	_	none	_	_	_	_	_	_
372-7	PSB005	372	372	7	quello	quello	_	_	_	_	_	linguistic	_	none	_	_	_	_	_	_
372-8	PSB005	372	372	8	che	che	_	_	_	_	_	linguistic	_	none	_	_	_	_	_	_
372-9	PSB005	372	372	9	vuoi	vuoi	_	_	_	_	_	linguistic	_	none	_	_	_	_	_	_
372-10	PSB005	372	372	10	perché	perché	_	_	_	_	_	linguistic	_	none	_	_	_	_	_	_
372-11	PSB005	372	372	11	io	io	_	_	_	_	_	linguistic	_	none	_	_	_	_	_	_
372-12	PSB005	372	372	12	non	non	_	_	_	_	_	linguistic	_	none	_	_	_	_	_	_
372-13	PSB005	372	372	13	capisco:	capisco	_	_	_	_	_	linguistic	_	none	_	_	6x1	_	_	_
372-14	PSB005	372	372	14	((ride))	((ride))	_	_	_	_	_	nonverbalbehavior	_	none	_	End=833.76	_	_	_	_
373-0	PSB059	373	373	0	°è	è	_	_	_	_	_	linguistic	_	none	Volume=low	Begin=834.64	_	_	_	_
373-1	PSB059	373	373	1	co[sì]°	così	_	_	_	_	_	linguistic	_	none	Volume=low	End=834.99	_	_	_	2-4(66)
374-0	PSB005	374	374	0	[ma]	ma	_	_	_	_	_	linguistic	_	none	_	Begin=834.88	_	_	_	0-2(66)
374-1	PSB005	374	374	1	che	che	_	_	_	_	_	linguistic	_	none	_	_	_	_	_	_
374-2	PSB005	374	374	2	bello:	bello	_	_	_	_	_	linguistic	_	none	_	_	4x1	_	_	_
374-3	PSB005	374	374	3	guarda:	guarda	_	_	_	_	_	linguistic	_	none	_	End=836.23	5x1	_	_	_
375-0	PSB005	375	375	0	e	e	_	_	_	_	_	linguistic	_	none	_	Begin=836.5	_	_	_	_
375-1	PSB005	375	375	1	tu	tu	_	_	_	_	_	linguistic	_	none	_	_	_	_	_	_
375-2	PSB005	375	375	2	non	non	_	_	_	_	_	linguistic	_	none	_	_	_	_	_	_
375-3	PSB005	375	375	3	sai	sai	_	_	_	_	_	linguistic	_	none	_	_	_	_	_	_
375-4	PSB005	375	375	4	scrivere:	scrivere	_	_	_	_	_	linguistic	_	none	_	_	7x1	_	_	_
375-5	PSB005	375	375	5	tipo	tipo	_	_	_	_	_	linguistic	_	none	_	_	_	_	_	_
375-6	PSB005	375	375	6	con	con	_	_	_	_	_	linguistic	_	none	_	_	_	_	_	_
375-7	PSB005	375	375	7	le	le	_	_	_	_	_	linguistic	_	none	_	_	_	_	_	_
375-8	PSB005	375	375	8	lettere	lettere	_	_	_	_	_	linguistic	_	none	_	_	_	_	_	_
375-9	PSB005	375	375	9	arabe	arabe	_	_	_	_	_	linguistic	_	none	_	_	_	_	_	_
375-10	PSB005	375	375	10	anche::	anche	_	_	_	_	_	linguistic	_	none	_	End=840.225	4x2	_	_	_
376-0	PSB059	376	376	0	°no°	no	_	_	_	_	_	linguistic	_	none	Volume=low	Begin=840.24	_	_	_	_
376-1	PSB059	376	376	1	arabo:	arabo	_	_	_	_	_	linguistic	_	none	_	_	4x1	_	_	_
376-2	PSB059	376	376	2	non	non	_	_	_	_	_	linguistic	_	none	_	_	_	_	_	_
376-3	PSB059	376	376	3	so	so	_	_	_	_	_	linguistic	_	none	_	_	_	_	_	_
376-4	PSB059	376	376	4	però:	però	_	_	_	_	_	linguistic	_	none	_	_	3x1	_	_	_
376-5	PSB059	376	376	5	so	so	_	_	_	_	_	linguistic	_	none	_	_	_	_	_	_
376-6	PSB059	376	376	6	leggere	leggere	_	_	_	_	_	linguistic	_	none	_	End=842.54	_	_	_	_
377-0	PSB059	377	377	0	>°so°	so	_	_	_	_	_	linguistic	_	none	Volume=low	Begin=842.8	_	Fast=0-2(0)	_	_
377-1	PSB059	377	377	1	leggere<	leggere	_	_	_	_	_	linguistic	_	none	_	_	_	Fast=0-7(0)	_	_
377-2	PSB059	377	377	2	perché:	perché	_	_	_	_	_	linguistic	_	none	_	End=843.93	5x1	_	_	_
378-0	PSB005	378	378	0	[sai:	sai	_	_	_	_	_	linguistic	_	none	_	Begin=844.06	2x1	_	_	0-3(67)
378-1	PSB005	378	378	1	leggere:]	leggere	_	_	_	_	_	linguistic	_	none	_	End=844.94	6x1	_	_	0-7(67)
379-0	PSB059	379	379	0	[xxx	xxx	_	_	_	_	_	unknown	_	some	Syllables=3	Begin=844.11	_	_	_	0-3(67)
379-1	PSB059	379	379	1	sì]	sì	_	_	_	_	_	linguistic	_	some	_	_	_	_	_	0-2(67)
379-2	PSB059	379	379	2	[nell]a	nella	_	_	_	_	_	linguistic	_	some	_	_	_	_	_	0-4(68)
379-3	PSB059	379	379	3	#quran:	quran	_	_	_	_	_	linguistic	_	some	Language=NO_ISO_CODE|Variation=Token	End=846.66	4x1	_	_	_
380-0	PSB005	380	380	0	[okay]	okay	_	_	_	_	_	linguistic	_	none	_	Begin=845.24|End=845.79	_	_	_	0-4(68)
381-0	PSB005	381	381	0	sì	sì	_	_	_	_	_	linguistic	_	none	_	Begin=847.06	_	_	_	_
381-1	PSB005	381	381	1	sì	sì	_	_	_	_	_	linguistic	_	none	_	_	_	_	_	_
381-2	PSB005	381	381	2	sì	sì	_	_	_	_	_	linguistic	_	none	_	End=847.65	_	_	_	_
382-0	PSB059	382	382	0	°(per	per	_	_	_	_	_	linguistic	_	none	Volume=low	Begin=847.69	_	_	0-3(0)	_
382-1	PSB059	382	382	1	nostro)°	nostro	_	_	_	_	_	linguistic	_	none	Volume=low	End=848.63	_	_	0-6(0)	_
383-0	PSB005	383	383	0	mhmh	mhmh	_	_	_	_	_	linguistic	_	none	_	Begin=848.73|End=849.33	_	_	_	_
384-0	PSB005	384	384	0	quindi	quindi	_	_	_	_	_	linguistic	_	none	_	Begin=849.81	_	_	_	_
384-1	PSB005	384	384	1	[tu	tu	_	_	_	_	_	linguistic	_	none	_	_	_	_	_	0-2(69)
384-2	PSB005	384	384	2	s~]	s~	_	_	_	_	_	linguistic	_	none	Interrupted=Yes|PauseAfter=Yes	_	_	_	_	0-2(69)
384-3	PSB005	384	384	3	(.)	(.)	_	_	_	_	_	shortpause	_	none	_	_	_	_	_	_
384-4	PSB005	384	384	4	sei	sei	_	_	_	_	_	linguistic	_	none	_	_	_	_	_	_
384-5	PSB005	384	384	5	andato	andato	_	_	_	_	_	linguistic	_	none	_	_	_	_	_	_
384-6	PSB005	384	384	6	in	in	_	_	_	_	_	linguistic	_	none	_	_	_	_	_	_
384-7	PSB005	384	384	7	una	una	_	_	_	_	_	linguistic	_	none	_	_	_	_	_	_
384-8	PSB005	384	384	8	scuola	scuola	_	_	_	_	_	linguistic	_	none	_	_	_	_	_	_
384-9	PSB005	384	384	9	per	per	_	_	_	_	_	linguistic	_	none	_	_	_	_	_	_
384-10	PSB005	384	384	10	imparare::	imparare	_	_	_	_	_	linguistic	_	none	_	_	7x2	_	_	_
384-11	PSB005	384	384	11	le	le	_	_	_	_	_	linguistic	_	none	_	_	_	_	_	_
384-12	PSB005	384	384	12	letter[e:]?	lettere	_	_	_	_	_	linguistic	_	none	Intonation=Rising	End=853.3	6x1	_	_	6-7(70)
385-0	PSB059	385	385	0	[°obbligo°]	obbligo	_	_	_	_	_	linguistic	_	none	Volume=low	Begin=849.96|End=850.53	_	_	_	0-7(69)
386-0	PSB059	386	386	0	[sì]	sì	_	_	_	_	_	linguistic	_	none	_	Begin=853.12|End=853.55	_	_	_	0-2(70)
387-0	PSB005	387	387	0	a	a	_	_	_	_	_	linguistic	_	none	_	Begin=854.01	_	_	_	_
387-1	PSB005	387	387	1	leggere	leggere	_	_	_	_	_	linguistic	_	none	_	_	_	_	_	_
387-2	PSB005	387	387	2	solo:?	solo	_	_	_	_	_	linguistic	_	none	Intonation=Rising	End=854.95	3x1	_	_	_
388-0	PSB059	388	388	0	e:h	eh	_	_	_	_	_	linguistic	_	some	_	Begin=855.07	0x1	_	_	_
388-1	PSB059	388	388	1	sono	sono	_	_	_	_	_	linguistic	_	some	_	_	_	_	_	_
388-2	PSB059	388	388	2	andato	andato	_	_	_	_	_	linguistic	_	some	_	_	_	_	_	_
388-3	PSB059	388	388	3	#mosque	mosque	_	_	_	_	_	linguistic	_	some	Language=NO_ISO_CODE|Variation=Token	End=856.28	_	_	_	_
389-0	PSB005	389	389	0	certo	certo	_	_	_	_	_	linguistic	_	none	PauseAfter=Yes	Begin=857.16	_	_	_	_
389-1	PSB005	389	389	1	(.)	(.)	_	_	_	_	_	shortpause	_	none	_	_	_	_	_	_
389-2	PSB005	389	389	2	in	in	_	_	_	_	_	linguistic	_	none	_	_	_	_	_	_
389-3	PSB005	389	389	3	banglade[sh]	bangladesh	_	_	_	_	_	linguistic	_	none	_	End=858.65	_	_	_	8-10(71)
390-0	PSB059	390	390	0	[sì]	sì	_	_	_	_	_	linguistic	_	none	_	Begin=858.48|End=858.8	_	_	_	0-2(71)
391-0	PSB005	391	391	0	e	e	_	_	_	_	_	linguistic	_	none	_	Begin=858.82	_	_	_	_
391-1	PSB005	391	391	1	qui:?	qui	_	_	_	_	_	linguistic	_	none	Intonation=Rising	End=859.49	2x1	_	_	_
392-0	PSB059	392	392	0	ehm:	ehm	_	_	_	_	_	linguistic	_	none	_	Begin=860.15	2x1	_	_	_
392-1	PSB059	392	392	1	qui::	qui	_	_	_	_	_	linguistic	_	none	_	_	2x2	_	_	_
392-2	PSB059	392	392	2	solo	solo	_	_	_	_	_	linguistic	_	none	_	_	_	_	_	_
392-3	PSB059	392	392	3	per	per	_	_	_	_	_	linguistic	_	none	_	_	_	_	_	_
392-4	PSB059	392	392	4	pregare:	pregare	_	_	_	_	_	linguistic	_	none	_	_	6x1	_	_	_
392-5	PSB059	392	392	5	e	e	_	_	_	_	_	linguistic	_	none	_	_	_	_	_	_
392-6	PSB059	392	392	6	basta	basta	_	_	_	_	_	linguistic	_	none	_	End=862.87	_	_	_	_
393-0	PSB005	393	393	0	mhmh	mhmh	_	_	_	_	_	linguistic	_	none	_	Begin=862.875|End=863.353	_	_	_	_
394-0	PSB005	394	394	0	e	e	_	_	_	_	_	linguistic	_	none	_	Begin=864.019	_	_	_	_
394-1	PSB005	394	394	1	c'	c'	_	_	_	_	_	linguistic	_	none	SpaceAfter=No	_	_	_	_	_
394-2	PSB005	394	394	2	è	è	_	_	_	_	_	linguistic	_	none	_	_	_	_	_	_
394-3	PSB005	394	394	3	una	una	_	_	_	_	_	linguistic	_	none	_	_	_	_	_	_
394-4	PSB005	394	394	4	moschea:	moschea	_	_	_	_	_	linguistic	_	none	_	_	6x1	_	_	_
394-5	PSB005	394	394	5	a	a	_	_	_	_	_	linguistic	_	none	_	_	_	_	_	_
394-6	PSB005	394	394	6	san	san	_	_	_	_	_	linguistic	_	none	_	_	_	_	_	_
394-7	PSB005	394	394	7	pietro	pietro	_	_	_	_	_	linguistic	_	none	_	_	_	_	_	_
394-8	PSB005	394	394	8	in	in	_	_	_	_	_	linguistic	_	none	_	_	_	_	_	_
394-9	PSB005	394	394	9	cas[ale]?	casale	_	_	_	_	_	linguistic	_	none	Intonation=Rising	End=866.066	_	_	_	2-6(72)
395-0	PSB059	395	395	0	[sì]	sì	_	_	_	_	_	linguistic	_	none	_	Begin=865.779|End=866.066	_	_	_	0-2(72)
396-0	PSB005	396	396	0	quanto	quanto	_	_	_	_	_	linguistic	_	none	_	Begin=867.551	_	_	_	_
396-1	PSB005	396	396	1	spesso	spesso	_	_	_	_	_	linguistic	_	none	_	_	_	_	_	_
396-2	PSB005	396	396	2	ci	ci	_	_	_	_	_	linguistic	_	none	_	_	_	_	_	_
396-3	PSB005	396	396	3	vai::	vai	_	_	_	_	_	linguistic	_	none	_	_	2x2	_	_	_
396-4	PSB005	396	396	4	vai	vai	_	_	_	_	_	linguistic	_	none	_	_	_	_	_	_
396-5	PSB005	396	396	5	col	col	_	_	_	_	_	linguistic	_	none	_	_	_	_	_	_
396-6	PSB005	396	396	6	tuo	tuo	_	_	_	_	_	linguistic	_	none	_	_	_	_	_	_
396-7	PSB005	396	396	7	papà	papà	_	_	_	_	_	linguistic	_	none	_	_	_	_	_	_
396-8	PSB005	396	396	8	cioè	cioè	_	_	_	_	_	linguistic	_	none	_	_	_	_	_	_
396-9	PSB005	396	396	9	mh	mh	_	_	_	_	_	linguistic	_	none	_	_	_	_	_	_
396-10	PSB005	396	396	10	spiegami	spiegami	_	_	_	_	_	linguistic	_	none	_	End=871.463	_	_	_	_
397-0	PSB059	397	397	0	eh:	eh	_	_	_	_	_	linguistic	_	none	_	Begin=871.669	1x1	_	_	_
397-1	PSB059	397	397	1	vado::	vado	_	_	_	_	_	linguistic	_	none	PauseAfter=Yes	_	3x2	_	_	_
397-2	PSB059	397	397	2	(.)	(.)	_	_	_	_	_	shortpause	_	none	_	_	_	_	_	_
397-3	PSB059	397	397	3	qualcuno	qualcuno	_	_	_	_	_	linguistic	_	none	_	_	_	_	_	_
397-4	PSB059	397	397	4	vado	vado	_	_	_	_	_	linguistic	_	none	_	_	_	_	_	_
397-5	PSB059	397	397	5	da	da	_	_	_	_	_	linguistic	_	none	_	_	_	_	_	_
397-6	PSB059	397	397	6	solo	solo	_	_	_	_	_	linguistic	_	none	_	_	_	_	_	_
397-7	PSB059	397	397	7	qualcuno	qualcuno	_	_	_	_	_	linguistic	_	none	_	_	_	_	_	_
397-8	PSB059	397	397	8	vado	vado	_	_	_	_	_	linguistic	_	none	_	_	_	_	_	_
397-9	PSB059	397	397	9	da	da	_	_	_	_	_	linguistic	_	none	_	_	_	_	_	_
397-10	PSB059	397	397	10	con	con	_	_	_	_	_	linguistic	_	none	_	_	_	_	_	_
397-11	PSB059	397	397	11	miei	miei	_	_	_	_	_	linguistic	_	none	_	_	_	_	_	_
397-12	PSB059	397	397	12	a[mici::]	amici	_	_	_	_	_	linguistic	_	none	_	End=876.221	4x2	_	_	1-5(73)
398-0	PSB005	398	398	0	[mhmh]	mhmh	_	_	_	_	_	linguistic	_	none	_	Begin=875.773|End=876.105	_	_	_	0-4(73)
399-0	PSB005	399	399	0	mhmh	mhmh	_	_	_	_	_	linguistic	_	none	_	Begin=876.689|End=876.934	_	_	_	_
400-0	PSB059	400	400	0	però:	però	_	_	_	_	_	linguistic	_	none	_	Begin=877.671	3x1	_	_	_
400-1	PSB059	400	400	1	miei	miei	_	_	_	_	_	linguistic	_	none	_	_	_	_	_	_
400-2	PSB059	400	400	2	amici	amici	_	_	_	_	_	linguistic	_	none	_	_	_	_	_	_
400-3	PSB059	400	400	3	tutti	tutti	_	_	_	_	_	linguistic	_	none	_	_	_	_	_	_
400-4	PSB059	400	400	4	fanno	fanno	_	_	_	_	_	linguistic	_	none	_	_	_	_	_	_
400-5	PSB059	400	400	5	maranza::	maranza	_	_	_	_	_	linguistic	_	none	_	_	6x2	_	_	_
400-6	PSB059	400	400	6	non	non	_	_	_	_	_	linguistic	_	none	_	_	_	_	_	_
400-7	PSB059	400	400	7	voglio	voglio	_	_	_	_	_	linguistic	_	none	_	_	_	_	_	_
400-8	PSB059	400	400	8	fare:::	fare	_	_	_	_	_	linguistic	_	none	_	End=881.132	3x3	_	_	_
401-0	PSB059	401	401	0	non	non	_	_	_	_	_	linguistic	_	none	_	Begin=881.246	_	_	_	_
401-1	PSB059	401	401	1	voglio	voglio	_	_	_	_	_	linguistic	_	none	_	_	_	_	_	_
401-2	PSB059	401	401	2	andare:	andare	_	_	_	_	_	linguistic	_	none	_	_	5x1	_	_	_
401-3	PSB059	401	401	3	(in)	in	_	_	_	_	_	linguistic	_	none	_	_	_	_	0-2(0)	_
401-4	PSB059	401	401	4	moschea:	moschea	_	_	_	_	_	linguistic	_	none	_	End=882.832	6x1	_	_	_
402-0	PSB059	402	402	0	non	non	_	_	_	_	_	linguistic	_	none	_	Begin=882.862	_	_	_	_
402-1	PSB059	402	402	1	>voglio	voglio	_	_	_	_	_	linguistic	_	none	_	_	_	Fast=0-6(0)	_	_
402-2	PSB059	402	402	2	(andare<	andare	_	_	_	_	_	linguistic	_	none	_	_	_	Fast=0-6(0)	0-6(0)	_
402-3	PSB059	402	402	3	a	a	_	_	_	_	_	linguistic	_	none	_	_	_	_	0-1(0)	_
402-4	PSB059	402	402	4	pregare)	pregare	_	_	_	_	_	linguistic	_	none	_	End=884.461	_	_	0-7(0)	_
403-0	PSB005	403	403	0	mhmh	mhmh	_	_	_	_	_	linguistic	_	none	_	Begin=884.467|End=884.856	_	_	_	_
404-0	PSB059	404	404	0	però::	però	_	_	_	_	_	linguistic	_	none	_	Begin=885.132|End=885.671	3x2	_	_	_
405-0	PSB059	405	405	0	io	io	_	_	_	_	_	linguistic	_	none	_	Begin=886.425	_	_	_	_
405-1	PSB059	405	405	1	sempre	sempre	_	_	_	_	_	linguistic	_	none	_	_	_	_	_	_
405-2	PSB059	405	405	2	$dicio	dicio	_	_	_	_	_	linguistic	_	none	Orthography=Yes|Variation=Emerging	_	_	_	_	_
405-3	PSB059	405	405	3	dico	dico	_	_	_	_	_	linguistic	_	none	_	_	_	_	_	_
405-4	PSB059	405	405	4	che	che	_	_	_	_	_	linguistic	_	none	PauseAfter=Yes	_	_	_	_	_
405-5	PSB059	405	405	5	(.)	(.)	_	_	_	_	_	shortpause	_	none	_	_	_	_	_	_
405-6	PSB059	405	405	6	vieni:	vieni	_	_	_	_	_	linguistic	_	none	_	_	4x1	_	_	_
405-7	PSB059	405	405	7	facciamo	facciamo	_	_	_	_	_	linguistic	_	none	_	_	_	_	_	_
405-8	PSB059	405	405	8	qualcuno	qualcuno	_	_	_	_	_	linguistic	_	none	_	_	_	_	_	_
405-9	PSB059	405	405	9	volte	volte	_	_	_	_	_	linguistic	_	none	_	_	_	_	_	_
405-10	PSB059	405	405	10	pregare	pregare	_	_	_	_	_	linguistic	_	none	_	_	_	_	_	_
405-11	PSB059	405	405	11	(basta)	basta	_	_	_	_	_	linguistic	_	none	_	_	_	_	0-5(0)	_
405-12	PSB059	405	405	12	[così:]	così	_	_	_	_	_	linguistic	_	none	_	End=890.928	3x1	_	_	0-4(74)
406-0	PSB005	406	406	0	[mhmh]	mhmh	_	_	_	_	_	linguistic	_	none	_	Begin=890.677|End=891.054	_	_	_	0-4(74)
407-0	PSB005	407	407	0	i~	i~	_	_	_	_	_	linguistic	_	none	Interrupted=Yes	Begin=891.329	_	_	_	_
407-1	PSB005	407	407	1	sì	sì	_	_	_	_	_	linguistic	_	none	_	_	_	_	_	_
407-2	PSB005	407	407	2	li	li	_	_	_	_	_	linguistic	_	none	PauseAfter=Yes	_	_	_	_	_
407-3	PSB005	407	407	3	(.)	(.)	_	_	_	_	_	shortpause	_	none	_	_	_	_	_	_
407-4	PSB005	407	407	4	li	li	_	_	_	_	_	linguistic	_	none	_	_	_	_	_	_
407-5	PSB005	407	407	5	chiami	chiami	_	_	_	_	_	linguistic	_	none	_	_	_	_	_	_
407-6	PSB005	407	407	6	li	li	_	_	_	_	_	linguistic	_	none	_	_	_	_	_	_
407-7	PSB005	407	407	7	incoraggi	incoraggi	_	_	_	_	_	linguistic	_	none	_	End=893.707	_	_	_	_
408-0	PSB059	408	408	0	[sì:]	sì	_	_	_	_	_	linguistic	_	none	_	Begin=893.958|End=894.216	1x1	_	_	0-2(75)
409-0	PSB005	409	409	0	[so]no	sono	_	_	_	_	_	linguistic	_	none	_	Begin=894.054	_	_	_	0-2(75)
409-1	PSB005	409	409	1	tuoi	tuoi	_	_	_	_	_	linguistic	_	none	_	_	_	_	_	_
409-2	PSB005	409	409	2	amici	amici	_	_	_	_	_	linguistic	_	none	_	_	_	_	_	_
409-3	PSB005	409	409	3	bengalesi:	bengalesi	_	_	_	_	_	linguistic	_	none	PauseAfter=Yes	_	8x1	_	_	_
409-4	PSB005	409	409	4	(.)	(.)	_	_	_	_	_	shortpause	_	none	_	_	_	_	_	_
409-5	PSB005	409	409	5	[o	o	_	_	_	_	_	linguistic	_	none	_	_	_	_	_	0-1(76)
409-6	PSB005	409	409	6	anche]	anche	_	_	_	_	_	linguistic	_	none	_	End=896.545	_	_	_	0-5(76)
410-0	PSB059	410	410	0	[no	no	_	_	_	_	_	linguistic	_	none	_	Begin=895.802	_	_	_	0-2(76)
410-1	PSB059	410	410	1	marocchi~]	marocchi~	_	_	_	_	_	linguistic	_	none	Interrupted=Yes	_	_	_	_	0-9(76)
410-2	PSB059	410	410	2	marocchini	marocchini	_	_	_	_	_	linguistic	_	none	_	_	_	_	_	_
410-3	PSB059	410	410	3	perché	perché	_	_	_	_	_	linguistic	_	none	_	_	_	_	_	_
410-4	PSB059	410	410	4	i	i	_	_	_	_	_	linguistic	_	none	_	_	_	_	_	_
410-5	PSB059	410	410	5	marocchini	marocchini	_	_	_	_	_	linguistic	_	none	_	_	_	_	_	_
410-6	PSB059	410	410	6	tutti	tutti	_	_	_	_	_	linguistic	_	none	_	_	_	_	_	_
410-7	PSB059	410	410	7	fanno	fanno	_	_	_	_	_	linguistic	_	none	_	_	_	_	_	_
410-8	PSB059	410	410	8	maranza	maranza	_	_	_	_	_	linguistic	_	none	_	End=898.569	_	_	_	_
411-0	PSB059	411	411	0	tu:tti	tutti	_	_	_	_	_	linguistic	_	none	_	Begin=899.491|End=900.018	1x1	_	_	_
412-0	PSB005	412	412	0	((ride))	((ride))	_	_	_	_	_	nonverbalbehavior	_	none	_	Begin=900.701|End=902.323	_	_	_	_
413-0	PSB005	413	413	0	°>questa	questa	_	_	_	_	_	linguistic	_	none	Volume=low	Begin=902.335	_	Fast=0-6(0)	_	_
413-1	PSB005	413	413	1	è	è	_	_	_	_	_	linguistic	_	none	Volume=low	_	_	Fast=0-1(0)	_	_
413-2	PSB005	413	413	2	una	una	_	_	_	_	_	linguistic	_	none	Volume=low	_	_	Fast=0-3(0)	_	_
413-3	PSB005	413	413	3	cosa	cosa	_	_	_	_	_	linguistic	_	none	Volume=low	_	_	Fast=0-4(0)	_	_
413-4	PSB005	413	413	4	divertentissima<°	divertentissima	_	_	_	_	_	linguistic	_	none	Volume=low	_	_	Fast=0-15(0)	_	_
413-5	PSB005	413	413	5	ma	ma	_	_	_	_	_	linguistic	_	none	_	_	_	_	_	_
413-6	PSB005	413	413	6	c'	c'	_	_	_	_	_	linguistic	_	none	SpaceAfter=No	_	_	_	_	_
413-7	PSB005	413	413	7	è	è	_	_	_	_	_	linguistic	_	none	_	_	_	_	_	_
413-8	PSB005	413	413	8	stata	stata	_	_	_	_	_	linguistic	_	none	_	_	_	_	_	_
413-9	PSB005	413	413	9	una	una	_	_	_	_	_	linguistic	_	none	_	_	_	_	_	_
413-10	PSB005	413	413	10	festa	festa	_	_	_	_	_	linguistic	_	none	_	_	_	_	_	_
413-11	PSB005	413	413	11	adesso:?	adesso	_	_	_	_	_	linguistic	_	none	Intonation=Rising	End=905.299	5x1	_	_	_
414-0	PSB005	414	414	0	ehm	ehm	_	_	_	_	_	linguistic	_	none	_	Begin=905.94	_	_	_	_
414-1	PSB005	414	414	1	l'	l'	_	_	_	_	_	linguistic	_	none	SpaceAfter=No	_	_	_	_	_
414-2	PSB005	414	414	2	eid?	eid	_	_	_	_	_	linguistic	_	none	Intonation=Rising	End=906.545	_	_	_	_
415-0	PSB059	415	415	0	san	san	_	_	_	_	_	linguistic	_	none	_	Begin=907.048	_	_	_	_
415-1	PSB059	415	415	1	pietro	pietro	_	_	_	_	_	linguistic	_	none	_	_	_	_	_	_
415-2	PSB059	415	415	2	in	in	_	_	_	_	_	linguistic	_	none	_	_	_	_	_	_
415-3	PSB059	415	415	3	casale?	casale	_	_	_	_	_	linguistic	_	none	Intonation=Rising	End=907.856	_	_	_	_
416-0	PSB005	416	416	0	c'	c'	_	_	_	_	_	linguistic	_	none	SpaceAfter=No	Begin=907.91	_	_	_	_
416-1	PSB005	416	416	1	è	è	_	_	_	_	_	linguistic	_	none	_	_	_	_	_	_
416-2	PSB005	416	416	2	stata	stata	_	_	_	_	_	linguistic	_	none	_	_	_	_	_	_
416-3	PSB005	416	416	3	una	una	_	_	_	_	_	linguistic	_	none	_	_	_	_	_	_
416-4	PSB005	416	416	4	festa:	festa	_	_	_	_	_	linguistic	_	none	_	_	4x1	_	_	_
416-5	PSB005	416	416	5	musulmana	musulmana	_	_	_	_	_	linguistic	_	none	_	_	_	_	_	_
416-6	PSB005	416	416	6	da	da	_	_	_	_	_	linguistic	_	none	_	_	_	_	_	_
416-7	PSB005	416	416	7	poco?	poco	_	_	_	_	_	linguistic	_	none	Intonation=Rising	End=909.994	_	_	_	_
417-0	PSB059	417	417	0	sì:	sì	_	_	_	_	_	linguistic	_	none	_	Begin=910.084|End=910.425	1x1	_	_	_
418-0	PSB005	418	418	0	e::	e	_	_	_	_	_	linguistic	_	none	_	Begin=911.155	0x2	_	_	_
418-1	PSB005	418	418	1	hai:	hai	_	_	_	_	_	linguistic	_	none	_	_	2x1	_	_	_
418-2	PSB005	418	418	2	avete	avete	_	_	_	_	_	linguistic	_	none	_	_	_	_	_	_
418-3	PSB005	418	418	3	festeggiato	festeggiato	_	_	_	_	_	linguistic	_	none	_	_	_	_	_	_
418-4	PSB005	418	418	4	cosa	cosa	_	_	_	_	_	linguistic	_	none	_	_	_	_	_	_
418-5	PSB005	418	418	5	si	si	_	_	_	_	_	linguistic	_	none	_	_	_	_	_	_
418-6	PSB005	418	418	6	fa:?	fa	_	_	_	_	_	linguistic	_	none	Intonation=Rising	End=913.826	1x1	_	_	_
419-0	PSB059	419	419	0	[eh:	eh	_	_	_	_	_	linguistic	_	none	_	Begin=913.988	1x1	_	_	0-2(77)
419-1	PSB059	419	419	1	(nella)	nella	_	_	_	_	_	linguistic	_	none	_	_	_	_	0-5(0)	0-5(77)
419-2	PSB059	419	419	2	nostro]	nostro	_	_	_	_	_	linguistic	_	none	_	_	_	_	_	0-6(77)
419-3	PSB059	419	419	3	paese::	paese	_	_	_	_	_	linguistic	_	none	_	End=916.305	4x2	_	_	_
420-0	PSB005	420	420	0	[di	di	_	_	_	_	_	linguistic	_	none	_	Begin=914.018	_	_	_	0-2(77)
420-1	PSB005	420	420	1	solito	solito	_	_	_	_	_	linguistic	_	none	_	_	_	_	_	0-6(77)
420-2	PSB005	420	420	2	quell~]	quell~	_	_	_	_	_	linguistic	_	none	Interrupted=Yes	End=915.15	_	_	_	0-6(77)
421-0	PSB059	421	421	0	ha:	ha	_	_	_	_	_	linguistic	_	none	_	Begin=916.389	1x1	_	_	_
421-1	PSB059	421	421	1	comprato	comprato	_	_	_	_	_	linguistic	_	none	_	_	_	_	_	_
421-2	PSB059	421	421	2	una	una	_	_	_	_	_	linguistic	_	none	_	_	_	_	_	_
421-3	PSB059	421	421	3	mucca:	mucca	_	_	_	_	_	linguistic	_	none	_	_	4x1	_	_	_
421-4	PSB059	421	421	4	così::	così	_	_	_	_	_	linguistic	_	none	_	_	3x2	_	_	_
421-5	PSB059	421	421	5	taglia	taglia	_	_	_	_	_	linguistic	_	none	_	_	_	_	_	_
421-6	PSB059	421	421	6	tutto	tutto	_	_	_	_	_	linguistic	_	none	_	_	_	_	_	_
421-7	PSB059	421	421	7	[così	così	_	_	_	_	_	linguistic	_	none	_	_	_	_	_	0-4(78)
421-8	PSB059	421	421	8	ha]	ha	_	_	_	_	_	linguistic	_	none	_	_	_	_	_	0-2(78)
421-9	PSB059	421	421	9	mangiato:	mangiato	_	_	_	_	_	linguistic	_	none	PauseAfter=Yes	_	7x1	_	_	_
421-10	PSB059	421	421	10	(.)	(.)	_	_	_	_	_	shortpause	_	none	_	_	_	_	_	_
421-11	PSB059	421	421	11	carne	carne	_	_	_	_	_	linguistic	_	none	_	_	_	_	_	_
421-12	PSB059	421	421	12	di	di	_	_	_	_	_	linguistic	_	none	_	_	_	_	_	_
421-13	PSB059	421	421	13	mucca.	mucca	_	_	_	_	_	linguistic	_	none	Intonation=Falling	End=921.796	_	_	_	_
422-0	PSB005	422	422	0	[mhmh]	mhmh	_	_	_	_	_	linguistic	_	none	_	Begin=919.437|End=919.862	_	_	_	0-4(78)
423-0	PSB005	423	423	0	mhmh	mhmh	_	_	_	_	_	linguistic	_	none	_	Begin=921.82|End=922.162	_	_	_	_
424-0	PSB059	424	424	0	però	però	_	_	_	_	_	linguistic	_	none	_	Begin=922.91	_	_	_	_
424-1	PSB059	424	424	1	c'	c'	_	_	_	_	_	linguistic	_	none	SpaceAfter=No	_	_	_	_	_
424-2	PSB059	424	424	2	è	è	_	_	_	_	_	linguistic	_	none	_	_	_	_	_	_
424-3	PSB059	424	424	3	un	un	_	_	_	_	_	linguistic	_	none	_	_	_	_	_	_
424-4	PSB059	424	424	4	altro::	altro	_	_	_	_	_	linguistic	_	none	_	_	4x2	_	_	_
424-5	PSB059	424	424	5	fa	fa	_	_	_	_	_	linguistic	_	none	_	_	_	_	_	_
424-6	PSB059	424	424	6	ramadan	ramadan	_	_	_	_	_	linguistic	_	none	_	End=924.904	_	_	_	_
425-0	PSB005	425	425	0	okay	okay	_	_	_	_	_	linguistic	_	none	_	Begin=925.341|End=925.82	_	_	_	_
426-0	PSB059	426	426	0	da	da	_	_	_	_	_	linguistic	_	none	_	Begin=925.826	_	_	_	_
426-1	PSB059	426	426	1	tre::	tre	_	_	_	_	_	linguistic	_	none	_	_	2x2	_	_	_
426-2	PSB059	426	426	2	tre::	tre	_	_	_	_	_	linguistic	_	none	_	_	2x2	_	_	_
426-3	PSB059	426	426	3	sì:	sì	_	_	_	_	_	linguistic	_	none	PauseAfter=Yes	_	1x1	_	_	_
426-4	PSB059	426	426	4	(.)	(.)	_	_	_	_	_	shortpause	_	none	_	_	_	_	_	_
426-5	PSB059	426	426	5	trenta	trenta	_	_	_	_	_	linguistic	_	none	_	_	_	_	_	_
426-6	PSB059	426	426	6	giorni	giorni	_	_	_	_	_	linguistic	_	none	_	End=928.521	_	_	_	_
427-0	PSB005	427	427	0	mhmh	mhmh	_	_	_	_	_	linguistic	_	none	_	Begin=928.659|End=929.048	_	_	_	_
428-0	PSB059	428	428	0	nel	nel	_	_	_	_	_	linguistic	_	none	_	Begin=929.461	_	_	_	_
428-1	PSB059	428	428	1	eh	eh	_	_	_	_	_	linguistic	_	none	_	_	_	_	_	_
428-2	PSB059	428	428	2	nella:	nella	_	_	_	_	_	linguistic	_	none	PauseAfter=Yes	_	4x1	_	_	_
428-3	PSB059	428	428	3	(.)	(.)	_	_	_	_	_	shortpause	_	none	_	_	_	_	_	_
428-4	PSB059	428	428	4	mat~	mat~	_	_	_	_	_	linguistic	_	none	Interrupted=Yes	_	_	_	_	_
428-5	PSB059	428	428	5	dal	dal	_	_	_	_	_	linguistic	_	none	_	_	_	_	_	_
428-6	PSB059	428	428	6	inizia	inizia	_	_	_	_	_	linguistic	_	none	_	_	_	_	_	_
428-7	PSB059	428	428	7	da:	da	_	_	_	_	_	linguistic	_	none	PauseAfter=Yes	_	1x1	_	_	_
428-8	PSB059	428	428	8	(.)	(.)	_	_	_	_	_	shortpause	_	none	_	_	_	_	_	_
428-9	PSB059	428	428	9	mattina,	mattina	_	_	_	_	_	linguistic	_	none	Intonation=WeaklyRising	End=933.497	_	_	_	_
429-0	PSB059	429	429	0	fino	fino	_	_	_	_	_	linguistic	_	none	_	Begin=934.048	_	_	_	_
429-1	PSB059	429	429	1	alle:	alle	_	_	_	_	_	linguistic	_	none	_	_	3x1	_	_	_
429-2	PSB059	429	429	2	sett'	sett'	_	_	_	_	_	linguistic	_	none	SpaceAfter=No	_	_	_	_	_
429-3	PSB059	429	429	3	otto	otto	_	_	_	_	_	linguistic	_	none	_	End=935.473	_	_	_	_
430-0	PSB005	430	430	0	mhmh	mhmh	_	_	_	_	_	linguistic	_	none	_	Begin=935.473|End=935.802	_	_	_	_
431-0	PSB059	431	431	0	non	non	_	_	_	_	_	linguistic	_	none	_	Begin=935.814	_	_	_	_
431-1	PSB059	431	431	1	si	si	_	_	_	_	_	linguistic	_	none	_	_	_	_	_	_
431-2	PSB059	431	431	2	può	può	_	_	_	_	_	linguistic	_	none	_	_	_	_	_	_
431-3	PSB059	431	431	3	mangiare	mangiare	_	_	_	_	_	linguistic	_	none	_	_	_	_	_	_
431-4	PSB059	431	431	4	non	non	_	_	_	_	_	linguistic	_	none	_	_	_	_	_	_
431-5	PSB059	431	431	5	si	si	_	_	_	_	_	linguistic	_	none	_	_	_	_	_	_
431-6	PSB059	431	431	6	[può	può	_	_	_	_	_	linguistic	_	none	_	_	_	_	_	0-3(79)
431-7	PSB059	431	431	7	ber]e	bere	_	_	_	_	_	linguistic	_	none	_	End=937.275	_	_	_	0-3(79)
432-0	PSB005	432	432	0	[mhmh]	mhmh	_	_	_	_	_	linguistic	_	none	_	Begin=936.778|End=937.198	_	_	_	0-4(79)
433-0	PSB005	433	433	0	mhmh	mhmh	_	_	_	_	_	linguistic	_	none	_	Begin=937.605|End=937.964	_	_	_	_
434-0	PSB005	434	434	0	e	e	_	_	_	_	_	linguistic	_	none	_	Begin=938.132	_	_	_	_
434-1	PSB005	434	434	1	tu	tu	_	_	_	_	_	linguistic	_	none	_	_	_	_	_	_
434-2	PSB005	434	434	2	l'	l'	_	_	_	_	_	linguistic	_	none	SpaceAfter=No	_	_	_	_	_
434-3	PSB005	434	434	3	hai	hai	_	_	_	_	_	linguistic	_	none	_	_	_	_	_	_
434-4	PSB005	434	434	4	fatto:?	fatto	_	_	_	_	_	linguistic	_	none	Intonation=Rising	End=938.88	4x1	_	_	_
435-0	PSB059	435	435	0	sì:	sì	_	_	_	_	_	linguistic	_	none	_	Begin=939.006	1x1	_	_	_
435-1	PSB059	435	435	1	(già)	già	_	_	_	_	_	linguistic	_	none	_	_	_	_	0-3(0)	_
435-2	PSB059	435	435	2	fatto	fatto	_	_	_	_	_	linguistic	_	none	_	_	_	_	_	_
435-3	PSB059	435	435	3	trenta.	trenta	_	_	_	_	_	linguistic	_	none	Intonation=Falling	End=940.096	_	_	_	_
436-0	PSB005	436	436	0	certo:	certo	_	_	_	_	_	linguistic	_	none	_	Begin=940.533|End=941.156	4x1	_	_	_
437-0	PSB005	437	437	0	e	e	_	_	_	_	_	linguistic	_	none	_	Begin=942.874	_	_	_	_
437-1	PSB005	437	437	1	poi	poi	_	_	_	_	_	linguistic	_	none	_	_	_	_	_	_
437-2	PSB005	437	437	2	alla	alla	_	_	_	_	_	linguistic	_	none	_	_	_	_	_	_
437-3	PSB005	437	437	3	fine	fine	_	_	_	_	_	linguistic	_	none	_	_	_	_	_	_
437-4	PSB005	437	437	4	si	si	_	_	_	_	_	linguistic	_	none	_	_	_	_	_	_
437-5	PSB005	437	437	5	fa	fa	_	_	_	_	_	linguistic	_	none	_	_	_	_	_	_
437-6	PSB005	437	437	6	una	una	_	_	_	_	_	linguistic	_	none	_	_	_	_	_	_
437-7	PSB005	437	437	7	festa:	festa	_	_	_	_	_	linguistic	_	none	_	_	4x1	_	_	_
437-8	PSB005	437	437	8	gius[to]?	giusto	_	_	_	_	_	linguistic	_	none	Intonation=Rising	End=944.862	_	_	_	4-6(80)
438-0	PSB059	438	438	0	[sì:]	sì	_	_	_	_	_	linguistic	_	none	_	Begin=944.772|End=945.204	1x1	_	_	0-2(80)
439-0	PSB005	439	439	0	cosa	cosa	_	_	_	_	_	linguistic	_	none	_	Begin=945.365	_	_	_	_
439-1	PSB005	439	439	1	avete	avete	_	_	_	_	_	linguistic	_	none	_	_	_	_	_	_
439-2	PSB005	439	439	2	fatto	fatto	_	_	_	_	_	linguistic	_	none	_	_	_	_	_	_
439-3	PSB005	439	439	3	quest'	quest'	_	_	_	_	_	linguistic	_	none	SpaceAfter=No	_	_	_	_	_
439-4	PSB005	439	439	4	anno:?	anno	_	_	_	_	_	linguistic	_	none	Intonation=Rising	End=946.593	3x1	_	_	_
440-0	PSB059	440	440	0	e:h	eh	_	_	_	_	_	linguistic	_	none	_	Begin=946.683	0x1	_	_	_
440-1	PSB059	440	440	1	abbiamo	abbiamo	_	_	_	_	_	linguistic	_	none	_	_	_	_	_	_
440-2	PSB059	440	440	2	comprato:	comprato	_	_	_	_	_	linguistic	_	none	_	_	7x1	_	_	_
440-3	PSB059	440	440	3	nuova::	nuova	_	_	_	_	_	linguistic	_	none	_	End=948.707	4x2	_	_	_
441-0	PSB059	441	441	0	vestiti	vestiti	_	_	_	_	_	linguistic	_	none	_	Begin=949.138|End=950.054	_	_	_	_
442-0	PSB005	442	442	0	okay	okay	_	_	_	_	_	linguistic	_	none	_	Begin=950.323|End=950.886	_	_	_	_
443-0	PSB059	443	443	0	sì	sì	_	_	_	_	_	linguistic	_	none	_	Begin=951.263|End=951.599	_	_	_	_
444-0	PSB005	444	444	0	chissà	chissà	_	_	_	_	_	linguistic	_	none	_	Begin=951.611	_	_	_	_
444-1	PSB005	444	444	1	che	che	_	_	_	_	_	linguistic	_	none	_	_	_	_	_	_
444-2	PSB005	444	444	2	belli	belli	_	_	_	_	_	linguistic	_	none	_	End=952.287	_	_	_	_
445-0	PSB059	445	445	0	poi	poi	_	_	_	_	_	linguistic	_	none	_	Begin=953.449	_	_	_	_
445-1	PSB059	445	445	1	abbiamo::	abbiamo	_	_	_	_	_	linguistic	_	none	_	End=954.731	6x2	_	_	_
446-0	PSB059	446	446	0	e::h	eh	_	_	_	_	_	linguistic	_	none	_	Begin=955.018	0x2	_	_	_
446-1	PSB059	446	446	1	un	un	_	_	_	_	_	linguistic	_	none	_	_	_	_	_	_
446-2	PSB059	446	446	2	po':	po'	_	_	_	_	_	linguistic	_	none	_	_	1x1	_	_	_
446-3	PSB059	446	446	3	(viaggiando	viaggiando	_	_	_	_	_	linguistic	_	none	PauseAfter=Yes	_	_	_	0-10(0)	_
446-4	PSB059	446	446	4	(.)	(.)	_	_	_	_	_	shortpause	_	none	_	_	_	_	_	_
446-5	PSB059	446	446	5	un	un	_	_	_	_	_	linguistic	_	none	_	_	_	_	0-2(0)	_
446-6	PSB059	446	446	6	po'	po'	_	_	_	_	_	linguistic	_	none	_	_	_	_	0-3(0)	_
446-7	PSB059	446	446	7	con	con	_	_	_	_	_	linguistic	_	none	_	_	_	_	0-3(0)	_
446-8	PSB059	446	446	8	voi)	voi	_	_	_	_	_	linguistic	_	none	_	End=958.054	_	_	0-3(0)	_
447-0	PSB059	447	447	0	anda~	anda~	_	_	_	_	_	linguistic	_	none	Interrupted=Yes	Begin=958.76	_	_	_	_
447-1	PSB059	447	447	1	io	io	_	_	_	_	_	linguistic	_	none	_	_	_	_	_	_
447-2	PSB059	447	447	2	so~	so~	_	_	_	_	_	linguistic	_	none	Interrupted=Yes	_	_	_	_	_
447-3	PSB059	447	447	3	sono	sono	_	_	_	_	_	linguistic	_	none	_	_	_	_	_	_
447-4	PSB059	447	447	4	andato	andato	_	_	_	_	_	linguistic	_	none	_	_	_	_	_	_
447-5	PSB059	447	447	5	con	con	_	_	_	_	_	linguistic	_	none	_	_	_	_	_	_
447-6	PSB059	447	447	6	miei	miei	_	_	_	_	_	linguistic	_	none	_	_	_	_	_	_
447-7	PSB059	447	447	7	amici:	amici	_	_	_	_	_	linguistic	_	none	_	_	4x1	_	_	_
447-8	PSB059	447	447	8	sono	sono	_	_	_	_	_	linguistic	_	none	_	_	_	_	_	_
447-9	PSB059	447	447	9	andato	andato	_	_	_	_	_	linguistic	_	none	_	_	_	_	_	_
447-10	PSB059	447	447	10	a	a	_	_	_	_	_	linguistic	_	none	_	_	_	_	_	_
447-11	PSB059	447	447	11	venezia,	venezia	_	_	_	_	_	linguistic	_	none	Intonation=WeaklyRising	_	_	_	_	_
447-12	PSB059	447	447	12	perché::	perché	_	_	_	_	_	linguistic	_	none	PauseAfter=Yes	_	5x2	_	_	_
447-13	PSB059	447	447	13	(.)	(.)	_	_	_	_	_	shortpause	_	none	_	_	_	_	_	_
447-14	PSB059	447	447	14	vicino	vicino	_	_	_	_	_	linguistic	_	none	_	End=963.395	_	_	_	_
448-0	PSB005	448	448	0	mhmh	mhmh	_	_	_	_	_	linguistic	_	none	_	Begin=963.395|End=963.76	_	_	_	_
449-0	PSB005	449	449	0	ti	ti	_	_	_	_	_	linguistic	_	none	_	Begin=964.605	_	_	_	_
449-1	PSB005	449	449	1	è	è	_	_	_	_	_	linguistic	_	none	_	_	_	_	_	_
449-2	PSB005	449	449	2	piaciuta:?	piaciuta	_	_	_	_	_	linguistic	_	none	Intonation=Rising	End=965.293	7x1	_	_	_
450-0	PSB059	450	450	0	sì:	sì	_	_	_	_	_	linguistic	_	none	_	Begin=965.467|End=965.772	1x1	_	_	_
451-0	PSB059	451	451	0	tanto	tanto	_	_	_	_	_	linguistic	_	none	_	Begin=966.335|End=966.784	_	_	_	_
452-0	PSB059	452	452	0	e:h	eh	_	_	_	_	_	linguistic	_	none	_	Begin=967.719	0x1	_	_	_
452-1	PSB059	452	452	1	nella	nella	_	_	_	_	_	linguistic	_	none	_	_	_	_	_	_
452-2	PSB059	452	452	2	venezia::	venezia	_	_	_	_	_	linguistic	_	none	_	_	6x2	_	_	_
452-3	PSB059	452	452	3	già	già	_	_	_	_	_	linguistic	_	none	_	_	_	_	_	_
452-4	PSB059	452	452	4	fatto	fatto	_	_	_	_	_	linguistic	_	none	_	_	_	_	_	_
452-5	PSB059	452	452	5	tre	tre	_	_	_	_	_	linguistic	_	none	_	_	_	_	_	_
452-6	PSB059	452	452	6	film	film	_	_	_	_	_	linguistic	_	none	PauseAfter=Yes	_	_	_	_	_
452-7	PSB059	452	452	7	(.)	(.)	_	_	_	_	_	shortpause	_	none	_	_	_	_	_	_
452-8	PSB059	452	452	8	(degli)	degli	_	_	_	_	_	linguistic	_	none	_	_	_	_	0-5(0)	_
452-9	PSB059	452	452	9	indiani	indiani	_	_	_	_	_	linguistic	_	none	_	End=971.766	_	_	_	_
453-0	PSB005	453	453	0	°ok[ay]°	okay	_	_	_	_	_	linguistic	_	none	Volume=low	Begin=972.072|End=972.515	_	_	_	2-4(81)
454-0	PSB059	454	454	0	[già]	già	_	_	_	_	_	linguistic	_	none	_	Begin=972.246	_	_	_	0-3(81)
454-1	PSB059	454	454	1	vi~	vi~	_	_	_	_	_	linguistic	_	none	Interrupted=Yes	_	_	_	_	_
454-2	PSB059	454	454	2	già	già	_	_	_	_	_	linguistic	_	none	_	_	_	_	_	_
454-3	PSB059	454	454	3	visto	visto	_	_	_	_	_	linguistic	_	none	_	_	_	_	_	_
454-4	PSB059	454	454	4	tutti::	tutti	_	_	_	_	_	linguistic	_	none	_	End=973.868	4x2	_	_	_
455-0	PSB005	455	455	0	okay	okay	_	_	_	_	_	linguistic	_	none	_	Begin=973.934|End=974.431	_	_	_	_
456-0	PSB005	456	456	0	quali	quali	_	_	_	_	_	linguistic	_	none	_	Begin=975.467	_	_	_	_
456-1	PSB005	456	456	1	film?	film	_	_	_	_	_	linguistic	_	none	Intonation=Rising	End=976.096	_	_	_	_
457-0	PSB059	457	457	0	e:h	eh	_	_	_	_	_	linguistic	_	none	_	Begin=976.85	0x1	_	_	_
457-1	PSB059	457	457	1	uno::	uno	_	_	_	_	_	linguistic	_	none	_	End=978.066	2x2	_	_	_
458-0	PSB059	458	458	0	non	non	_	_	_	_	_	linguistic	_	none	_	Begin=979.671	_	_	_	_
458-1	PSB059	458	458	1	mi	mi	_	_	_	_	_	linguistic	_	none	_	_	_	_	_	_
458-2	PSB059	458	458	2	ricordo	ricordo	_	_	_	_	_	linguistic	_	none	_	_	_	_	_	_
458-3	PSB059	458	458	3	nome:	nome	_	_	_	_	_	linguistic	_	none	_	End=980.808	3x1	_	_	_
459-0	PSB005	459	459	0	non	non	_	_	_	_	_	linguistic	_	none	_	Begin=981.898	_	_	_	_
459-1	PSB005	459	459	1	fa	fa	_	_	_	_	_	linguistic	_	none	_	_	_	_	_	_
459-2	PSB005	459	459	2	niente	niente	_	_	_	_	_	linguistic	_	none	_	_	_	_	_	_
459-3	PSB005	459	459	3	[sì]	sì	_	_	_	_	_	linguistic	_	none	_	End=982.886	_	_	_	0-2(82)
460-0	PSB059	460	460	0	[e:]:h	eh	_	_	_	_	_	linguistic	_	none	_	Begin=982.407|End=983.132	0x2	_	_	0-1(82)
461-0	PSB005	461	461	0	ma	ma	_	_	_	_	_	linguistic	_	none	_	Begin=983.91	_	_	_	_
461-1	PSB005	461	461	1	di	di	_	_	_	_	_	linguistic	_	none	_	_	_	_	_	_
461-2	PSB005	461	461	2	cosa	cosa	_	_	_	_	_	linguistic	_	none	_	_	_	_	_	_
461-3	PSB005	461	461	3	parlano:?	parlano	_	_	_	_	_	linguistic	_	none	Intonation=Rising	End=985.108	6x1	_	_	_
462-0	PSB059	462	462	0	e[:h]	eh	_	_	_	_	_	linguistic	_	none	_	Begin=986.868|End=987.389	0x1	_	_	1-2(83)
463-0	PSB005	463	463	0	[cir]ca:	circa	_	_	_	_	_	linguistic	_	none	_	Begin=987.114	4x1	_	_	0-3(83)
463-1	PSB005	463	463	1	la	la	_	_	_	_	_	linguistic	_	none	_	_	_	_	_	_
463-2	PSB005	463	463	2	sto:ria:	storia	_	_	_	_	_	linguistic	_	none	_	_	2x1,5x1	_	_	_
463-3	PSB005	463	463	3	°sì°	sì	_	_	_	_	_	linguistic	_	none	Volume=low	End=988.75	_	_	_	_
464-0	PSB059	464	464	0	e::h	eh	_	_	_	_	_	linguistic	_	none	_	Begin=989.874	0x2	_	_	_
464-1	PSB059	464	464	1	ti:po:	tipo	_	_	_	_	_	linguistic	_	none	_	_	1x1,3x1	_	_	_
464-2	PSB059	464	464	2	((ride))	((ride))	_	_	_	_	_	nonverbalbehavior	_	none	_	End=991.293	_	_	_	_
465-0	PSB059	465	465	0	con	con	_	_	_	_	_	linguistic	_	none	_	Begin=992.317	_	_	_	_
465-1	PSB059	465	465	1	sua::	sua	_	_	_	_	_	linguistic	_	none	PauseAfter=Yes	_	2x2	_	_	_
465-2	PSB059	465	465	2	(.)	(.)	_	_	_	_	_	shortpause	_	none	_	_	_	_	_	_
465-3	PSB059	465	465	3	ragazza:	ragazza	_	_	_	_	_	linguistic	_	none	_	_	6x1	_	_	_
465-4	PSB059	465	465	4	e::	e	_	_	_	_	_	linguistic	_	none	PauseAfter=Yes	_	0x2	_	_	_
465-5	PSB059	465	465	5	(.)	(.)	_	_	_	_	_	shortpause	_	none	_	_	_	_	_	_
465-6	PSB059	465	465	6	così	così	_	_	_	_	_	linguistic	_	none	_	End=995.701	_	_	_	_
466-0	PSB005	466	466	0	mhmh	mhmh	_	_	_	_	_	linguistic	_	none	_	Begin=995.874|End=996.246	_	_	_	_
467-0	PSB059	467	467	0	però	però	_	_	_	_	_	linguistic	_	none	_	Begin=996.509	_	_	_	_
467-1	PSB059	467	467	1	miei	miei	_	_	_	_	_	linguistic	_	none	_	_	_	_	_	_
467-2	PSB059	467	467	2	amici	amici	_	_	_	_	_	linguistic	_	none	_	_	_	_	_	_
467-3	PSB059	467	467	3	tutti	tutti	_	_	_	_	_	linguistic	_	none	_	_	_	_	_	_
467-4	PSB059	467	467	4	fidanzati	fidanzati	_	_	_	_	_	linguistic	_	none	_	_	_	_	_	_
467-5	PSB059	467	467	5	((ride))	((ride))	_	_	_	_	_	nonverbalbehavior	_	none	_	_	_	_	_	_
467-6	PSB059	467	467	6	[(senza	senza	_	_	_	_	_	linguistic	_	none	_	_	_	_	0-5(0)	0-5(84)
467-7	PSB059	467	467	7	me)]	me	_	_	_	_	_	linguistic	_	none	_	End=999.168	_	_	0-2(0)	0-2(84)
468-0	PSB005	468	468	0	[°okay°]	okay	_	_	_	_	_	linguistic	_	none	Volume=low	Begin=998.533|End=999.072	_	_	_	0-4(84)
469-0	PSB005	469	469	0	e	e	_	_	_	_	_	linguistic	_	none	_	Begin=999.347	_	_	_	_
469-1	PSB005	469	469	1	tu	tu	_	_	_	_	_	linguistic	_	none	_	_	_	_	_	_
469-2	PSB005	469	469	2	no:?	no	_	_	_	_	_	linguistic	_	none	Intonation=Rising	_	1x1	_	_	_
469-3	PSB005	469	469	3	((ride))	((ride))	_	_	_	_	_	nonverbalbehavior	_	none	_	End=1000.838	_	_	_	_
470-0	PSB059	470	470	0	no:	no	_	_	_	_	_	linguistic	_	none	_	Begin=1000.329|End=1000.82	1x1	_	_	_
471-0	PSB005	471	471	0	beh	beh	_	_	_	_	_	linguistic	_	none	_	Begin=1000.838	_	_	_	_
471-1	PSB005	471	471	1	c'	c'	_	_	_	_	_	linguistic	_	none	SpaceAfter=No	_	_	_	_	_
471-2	PSB005	471	471	2	è	è	_	_	_	_	_	linguistic	_	none	_	_	_	_	_	_
471-3	PSB005	471	471	3	tempo	tempo	_	_	_	_	_	linguistic	_	none	_	_	_	_	_	_
471-4	PSB005	471	471	4	((ride))	((ride))	_	_	_	_	_	nonverbalbehavior	_	none	_	End=1002.904	_	_	_	_
472-0	PSB005	472	472	0	c'	c'	_	_	_	_	_	linguistic	_	none	SpaceAfter=No	Begin=1003.539	_	_	_	_
472-1	PSB005	472	472	1	è	è	_	_	_	_	_	linguistic	_	none	_	_	_	_	_	_
472-2	PSB005	472	472	2	molto	molto	_	_	_	_	_	linguistic	_	none	_	_	_	_	_	_
472-3	PSB005	472	472	3	tempo	tempo	_	_	_	_	_	linguistic	_	none	_	_	_	_	_	_
472-4	PSB005	472	472	4	an[cora:]	ancora	_	_	_	_	_	linguistic	_	none	_	End=1005.03	5x1	_	_	1-6(86)
473-0	PSB059	473	473	0	[sì:]	sì	_	_	_	_	_	linguistic	_	none	_	Begin=1004.533|End=1004.946	1x1	_	_	0-2(86)
474-0	PSB059	474	474	0	[ancora]	ancora	_	_	_	_	_	linguistic	_	none	_	Begin=1005.234	_	_	_	0-6(87)
474-1	PSB059	474	474	1	sono	sono	_	_	_	_	_	linguistic	_	none	_	_	_	_	_	_
474-2	PSB059	474	474	2	giovane::	giovane	_	_	_	_	_	linguistic	_	none	_	_	6x2	_	_	_
474-3	PSB059	474	474	3	non	non	_	_	_	_	_	linguistic	_	none	_	_	_	_	_	_
474-4	PSB059	474	474	4	faccio	faccio	_	_	_	_	_	linguistic	_	none	_	_	_	_	_	_
474-5	PSB059	474	474	5	lavoro:	lavoro	_	_	_	_	_	linguistic	_	none	_	_	5x1	_	_	_
474-6	PSB059	474	474	6	adesso:	adesso	_	_	_	_	_	linguistic	_	none	_	_	5x1	_	_	_
474-7	PSB059	474	474	7	solo	solo	_	_	_	_	_	linguistic	_	none	_	_	_	_	_	_
474-8	PSB059	474	474	8	voglio	voglio	_	_	_	_	_	linguistic	_	none	_	_	_	_	_	_
474-9	PSB059	474	474	9	tira~	tira~	_	_	_	_	_	linguistic	_	none	Interrupted=Yes	_	_	_	_	_
474-10	PSB059	474	474	10	e:h	eh	_	_	_	_	_	linguistic	_	none	_	_	0x1	_	_	_
474-11	PSB059	474	474	11	viaggiare	viaggiare	_	_	_	_	_	linguistic	_	none	_	_	_	_	_	_
474-12	PSB059	474	474	12	e	e	_	_	_	_	_	linguistic	_	none	_	_	_	_	_	_
474-13	PSB059	474	474	13	basta	basta	_	_	_	_	_	linguistic	_	none	_	End=1010.79	_	_	_	_
475-0	PSB005	475	475	0	[°sì	sì	_	_	_	_	_	linguistic	_	none	Volume=low	Begin=1005.263	_	_	_	0-2(87)
475-1	PSB005	475	475	1	sì°]	sì	_	_	_	_	_	linguistic	_	none	Volume=low	End=1005.707	_	_	_	0-2(87)
476-0	PSB005	476	476	0	mhmh	mhmh	_	_	_	_	_	linguistic	_	none	_	Begin=1010.784	_	_	_	_
476-1	PSB005	476	476	1	dove	dove	_	_	_	_	_	linguistic	_	none	_	_	_	_	_	_
476-2	PSB005	476	476	2	vorresti	vorresti	_	_	_	_	_	linguistic	_	none	_	_	_	_	_	_
476-3	PSB005	476	476	3	viaggiare:?	viaggiare	_	_	_	_	_	linguistic	_	none	Intonation=Rising	End=1012.287	8x1	_	_	_
477-0	PSB059	477	477	0	e:h	eh	_	_	_	_	_	linguistic	_	none	_	Begin=1012.868	0x1	_	_	_
477-1	PSB059	477	477	1	sono	sono	_	_	_	_	_	linguistic	_	none	_	_	_	_	_	_
477-2	PSB059	477	477	2	già	già	_	_	_	_	_	linguistic	_	none	_	_	_	_	_	_
477-3	PSB059	477	477	3	stato	stato	_	_	_	_	_	linguistic	_	none	_	_	_	_	_	_
477-4	PSB059	477	477	4	milano	milano	_	_	_	_	_	linguistic	_	none	_	_	_	_	_	_
477-5	PSB059	477	477	5	roma	roma	_	_	_	_	_	linguistic	_	none	_	_	_	_	_	_
477-6	PSB059	477	477	6	però:	però	_	_	_	_	_	linguistic	_	none	_	_	3x1	_	_	_
477-7	PSB059	477	477	7	voglio	voglio	_	_	_	_	_	linguistic	_	none	_	_	_	_	_	_
477-8	PSB059	477	477	8	andare	andare	_	_	_	_	_	linguistic	_	none	_	_	_	_	_	_
477-9	PSB059	477	477	9	un	un	_	_	_	_	_	linguistic	_	none	_	_	_	_	_	_
477-10	PSB059	477	477	10	un	un	_	_	_	_	_	linguistic	_	none	_	_	_	_	_	_
477-11	PSB059	477	477	11	un	un	_	_	_	_	_	linguistic	_	none	_	_	_	_	_	_
477-12	PSB059	477	477	12	paese	paese	_	_	_	_	_	linguistic	_	none	PauseAfter=Yes	_	_	_	_	_
477-13	PSB059	477	477	13	(.)	(.)	_	_	_	_	_	shortpause	_	none	_	_	_	_	_	_
477-14	PSB059	477	477	14	tipo	tipo	_	_	_	_	_	linguistic	_	none	_	_	_	_	_	_
477-15	PSB059	477	477	15	francia::	francia	_	_	_	_	_	linguistic	_	none	_	End=1017.946	6x2	_	_	_
478-0	PSB059	478	478	0	sono:	sono	_	_	_	_	_	linguistic	_	none	_	Begin=1018.269	3x1	_	_	_
478-1	PSB059	478	478	1	in	in	_	_	_	_	_	linguistic	_	none	_	_	_	_	_	_
478-2	PSB059	478	478	2	s~	s~	_	_	_	_	_	linguistic	_	none	Interrupted=Yes	_	_	_	_	_
478-3	PSB059	478	478	3	sono	sono	_	_	_	_	_	linguistic	_	none	_	_	_	_	_	_
478-4	PSB059	478	478	4	andato	andato	_	_	_	_	_	linguistic	_	none	_	_	_	_	_	_
478-5	PSB059	478	478	5	in	in	_	_	_	_	_	linguistic	_	none	_	_	_	_	_	_
478-6	PSB059	478	478	6	$sviss:eria:	svisseria	_	_	_	_	_	linguistic	_	none	Orthography=Yes|Variation=Emerging	_	4x1,8x1	_	_	_
478-7	PSB059	478	478	7	[con	con	_	_	_	_	_	linguistic	_	none	_	_	_	_	_	0-3(89)
478-8	PSB059	478	478	8	mio	mio	_	_	_	_	_	linguistic	_	none	_	_	_	_	_	0-3(89)
478-9	PSB059	478	478	9	pa]dre.	padre	_	_	_	_	_	linguistic	_	none	Intonation=Falling|PauseAfter=Yes	_	_	_	_	0-2(89)
478-10	PSB059	478	478	10	(.)	(.)	_	_	_	_	_	shortpause	_	none	_	_	_	_	_	_
478-11	PSB059	478	478	11	da	da	_	_	_	_	_	linguistic	_	none	_	_	_	_	_	_
478-12	PSB059	478	478	12	milano	milano	_	_	_	_	_	linguistic	_	none	_	End=1023.102	_	_	_	_
479-0	PSB005	479	479	0	[(°wow°)]	wow	_	_	_	_	_	linguistic	_	none	Volume=low	Begin=1021.246|End=1021.635	_	_	0-3(0)	0-3(89)
480-0	PSB005	480	480	0	mhmh	mhmh	_	_	_	_	_	linguistic	_	none	_	Begin=1023.156|End=1023.521	_	_	_	_
481-0	PSB005	481	481	0	ti	ti	_	_	_	_	_	linguistic	_	none	_	Begin=1025.856	_	_	_	_
481-1	PSB005	481	481	1	è	è	_	_	_	_	_	linguistic	_	none	_	_	_	_	_	_
481-2	PSB005	481	481	2	piaciuta	piaciuta	_	_	_	_	_	linguistic	_	none	_	_	_	_	_	_
481-3	PSB005	481	481	3	la	la	_	_	_	_	_	linguistic	_	none	_	_	_	_	_	_
481-4	PSB005	481	481	4	svizzera?	svizzera	_	_	_	_	_	linguistic	_	none	Intonation=Rising	End=1026.91	_	_	_	_
482-0	PSB059	482	482	0	sì:	sì	_	_	_	_	_	linguistic	_	none	_	Begin=1027.036|End=1027.347	1x1	_	_	_
483-0	PSB059	483	483	0	sono	sono	_	_	_	_	_	linguistic	_	none	_	Begin=1027.701	_	_	_	_
483-1	PSB059	483	483	1	>andato<	andato	_	_	_	_	_	linguistic	_	none	_	_	_	Fast=0-6(0)	_	_
483-2	PSB059	483	483	2	a	a	_	_	_	_	_	linguistic	_	none	_	_	_	_	_	_
483-3	PSB059	483	483	3	mare:	mare	_	_	_	_	_	linguistic	_	none	_	_	3x1	_	_	_
483-4	PSB059	483	483	4	((ride))	((ride))	_	_	_	_	_	nonverbalbehavior	_	none	_	_	_	_	_	_
483-5	PSB059	483	483	5	in	in	_	_	_	_	_	linguistic	_	none	_	_	_	_	_	_
483-6	PSB059	483	483	6	$svisseria	svisseria	_	_	_	_	_	linguistic	_	none	Orthography=Yes|Variation=Emerging	End=1030.395	_	_	_	_
484-0	PSB059	484	484	0	°è	è	_	_	_	_	_	linguistic	_	none	Volume=low	Begin=1031.731	_	_	_	_
484-1	PSB059	484	484	1	bell:issimo°	bellissimo	_	_	_	_	_	linguistic	_	none	Volume=low	End=1032.647	3x1	_	_	_
485-0	PSB005	485	485	0	eh	eh	_	_	_	_	_	linguistic	_	none	_	Begin=1032.677	_	_	_	_
485-1	PSB005	485	485	1	bene:	bene	_	_	_	_	_	linguistic	_	none	_	End=1033.323	3x1	_	_	_
486-0	PSB005	486	486	0	nella:	nella	_	_	_	_	_	linguistic	_	none	_	Begin=1033.353	4x1	_	_	_
486-1	PSB005	486	486	1	parte::	parte	_	_	_	_	_	linguistic	_	none	_	_	4x2	_	_	_
486-2	PSB005	486	486	2	vicino	vicino	_	_	_	_	_	linguistic	_	none	_	_	_	_	_	_
486-3	PSB005	486	486	3	milano:,	milano	_	_	_	_	_	linguistic	_	none	Intonation=WeaklyRising	End=1035.419	5x1	_	_	_
487-0	PSB059	487	487	0	sì	sì	_	_	_	_	_	linguistic	_	none	_	Begin=1035.443|End=1035.689	_	_	_	_
488-0	PSB005	488	488	0	quanto	quanto	_	_	_	_	_	linguistic	_	none	_	Begin=1035.695	_	_	_	_
488-1	PSB005	488	488	1	ci	ci	_	_	_	_	_	linguistic	_	none	_	_	_	_	_	_
488-2	PSB005	488	488	2	hai	hai	_	_	_	_	_	linguistic	_	none	_	_	_	_	_	_
488-3	PSB005	488	488	3	messo	messo	_	_	_	_	_	linguistic	_	none	_	_	_	_	_	_
488-4	PSB005	488	488	4	col	col	_	_	_	_	_	linguistic	_	none	_	_	_	_	_	_
488-5	PSB005	488	488	5	treno	treno	_	_	_	_	_	linguistic	_	none	_	_	_	_	_	_
488-6	PSB005	488	488	6	tipo	tipo	_	_	_	_	_	linguistic	_	none	_	_	_	_	_	_
488-7	PSB005	488	488	7	due	due	_	_	_	_	_	linguistic	_	none	_	_	_	_	_	_
488-8	PSB005	488	488	8	ore:	ore	_	_	_	_	_	linguistic	_	none	PauseAfter=Yes	_	2x1	_	_	_
488-9	PSB005	488	488	9	(.)	(.)	_	_	_	_	_	shortpause	_	none	_	_	_	_	_	_
488-10	PSB005	488	488	10	[o	o	_	_	_	_	_	linguistic	_	none	_	_	_	_	_	0-1(90)
488-11	PSB005	488	488	11	più	più	_	_	_	_	_	linguistic	_	none	_	_	_	_	_	0-3(90)
488-12	PSB005	488	488	12	lontano]?	lontano	_	_	_	_	_	linguistic	_	none	Intonation=Rising	End=1038.593	_	_	_	0-7(90)
489-0	PSB059	489	489	0	[e::h	eh	_	_	_	_	_	linguistic	_	none	_	Begin=1037.563	0x2	_	_	0-2(90)
489-1	PSB059	489	489	1	secondo	secondo	_	_	_	_	_	linguistic	_	none	_	_	_	_	_	0-7(90)
489-2	PSB059	489	489	2	me:]	me	_	_	_	_	_	linguistic	_	none	_	End=1038.485	1x1	_	_	0-2(90)
490-0	PSB059	490	490	0	con	con	_	_	_	_	_	linguistic	_	none	_	Begin=1038.838	_	_	_	_
490-1	PSB059	490	490	1	mio	mio	_	_	_	_	_	linguistic	_	none	_	_	_	_	_	_
490-2	PSB059	490	490	2	padre	padre	_	_	_	_	_	linguistic	_	none	_	_	_	_	_	_
490-3	PSB059	490	490	3	sono:	sono	_	_	_	_	_	linguistic	_	none	_	_	3x1	_	_	_
490-4	PSB059	490	490	4	e:h	eh	_	_	_	_	_	linguistic	_	none	_	_	0x1	_	_	_
490-5	PSB059	490	490	5	andato	andato	_	_	_	_	_	linguistic	_	none	_	_	_	_	_	_
490-6	PSB059	490	490	6	con	con	_	_	_	_	_	linguistic	_	none	_	_	_	_	_	_
490-7	PSB059	490	490	7	macchina	macchina	_	_	_	_	_	linguistic	_	none	_	_	_	_	_	_
490-8	PSB059	490	490	8	perché:	perché	_	_	_	_	_	linguistic	_	none	_	End=1041.18	5x1	_	_	_
491-0	PSB005	491	491	0	ah	ah	_	_	_	_	_	linguistic	_	none	_	Begin=1041.186	_	_	_	_
491-1	PSB005	491	491	1	okay	okay	_	_	_	_	_	linguistic	_	none	_	End=1041.814	_	_	_	_
492-0	PSB005	492	492	0	sì	sì	_	_	_	_	_	linguistic	_	none	_	Begin=1043.934	_	_	_	_
492-1	PSB005	492	492	1	sì	sì	_	_	_	_	_	linguistic	_	none	_	End=1044.257	_	_	_	_
493-0	PSB005	493	493	0	io	io	_	_	_	_	_	linguistic	_	none	_	Begin=1044.683	_	_	_	_
493-1	PSB005	493	493	1	sono	sono	_	_	_	_	_	linguistic	_	none	_	_	_	_	_	_
493-2	PSB005	493	493	2	stata	stata	_	_	_	_	_	linguistic	_	none	_	_	_	_	_	_
493-3	PSB005	493	493	3	un	un	_	_	_	_	_	linguistic	_	none	_	_	_	_	_	_
493-4	PSB005	493	493	4	po'	po'	_	_	_	_	_	linguistic	_	none	_	_	_	_	_	_
493-5	PSB005	493	493	5	in	in	_	_	_	_	_	linguistic	_	none	_	_	_	_	_	_
493-6	PSB005	493	493	6	svizzera	svizzera	_	_	_	_	_	linguistic	_	none	_	_	_	_	_	_
493-7	PSB005	493	493	7	qualche	qualche	_	_	_	_	_	linguistic	_	none	_	_	_	_	_	_
493-8	PSB005	493	493	8	mese	mese	_	_	_	_	_	linguistic	_	none	_	_	_	_	_	_
493-9	PSB005	493	493	9	per	per	_	_	_	_	_	linguistic	_	none	_	_	_	_	_	_
493-10	PSB005	493	493	10	lavoro:	lavoro	_	_	_	_	_	linguistic	_	none	_	End=1047.174	5x1	_	_	_
494-0	PSB059	494	494	0	a::h	ah	_	_	_	_	_	linguistic	_	none	_	Begin=1047.563|End=1048.042	0x2	_	_	_
495-0	PSB005	495	495	0	mi	mi	_	_	_	_	_	linguistic	_	none	_	Begin=1048.072	_	_	_	_
495-1	PSB005	495	495	1	è	è	_	_	_	_	_	linguistic	_	none	_	_	_	_	_	_
495-2	PSB005	495	495	2	piaciuto	piaciuto	_	_	_	_	_	linguistic	_	none	_	_	_	_	_	_
495-3	PSB005	495	495	3	è	è	_	_	_	_	_	linguistic	_	none	_	_	_	_	_	_
495-4	PSB005	495	495	4	bello	bello	_	_	_	_	_	linguistic	_	none	_	End=1049.09	_	_	_	_
496-0	PSB059	496	496	0	è	è	_	_	_	_	_	linguistic	_	none	_	Begin=1049.126	_	_	_	_
496-1	PSB059	496	496	1	bell:issim(o)	bellissimo	_	_	_	_	_	linguistic	_	none	_	End=1050.102	3x1	_	9-10(0)	_
497-0	PSB005	497	497	0	e	e	_	_	_	_	_	linguistic	_	none	PauseAfter=Yes	Begin=1050.73	_	_	_	_
497-1	PSB005	497	497	1	(.)	(.)	_	_	_	_	_	shortpause	_	none	_	_	_	_	_	_
497-2	PSB005	497	497	2	ti	ti	_	_	_	_	_	linguistic	_	none	_	_	_	_	_	_
497-3	PSB005	497	497	3	piacerebbe	piacerebbe	_	_	_	_	_	linguistic	_	none	_	_	_	_	_	_
497-4	PSB005	497	497	4	CAMBIARE	cambiare	_	_	_	_	_	linguistic	_	none	Volume=high	_	_	_	_	_
497-5	PSB005	497	497	5	CITTÀ:?	città	_	_	_	_	_	linguistic	_	none	Intonation=Rising|Volume=high	End=1053.66	4x1	_	_	_
498-0	PSB005	498	498	0	tipo	tipo	_	_	_	_	_	linguistic	_	none	_	Begin=1054.55	_	_	_	_
498-1	PSB005	498	498	1	andare	andare	_	_	_	_	_	linguistic	_	none	_	_	_	_	_	_
498-2	PSB005	498	498	2	a	a	_	_	_	_	_	linguistic	_	none	_	_	_	_	_	_
498-3	PSB005	498	498	3	vivere	vivere	_	_	_	_	_	linguistic	_	none	_	_	_	_	_	_
498-4	PSB005	498	498	4	a	a	_	_	_	_	_	linguistic	_	none	_	_	_	_	_	_
498-5	PSB005	498	498	5	milano	milano	_	_	_	_	_	linguistic	_	none	_	_	_	_	_	_
498-6	PSB005	498	498	6	per	per	_	_	_	_	_	linguistic	_	none	_	_	_	_	_	_
498-7	PSB005	498	498	7	lav~	lav~	_	_	_	_	_	linguistic	_	none	Interrupted=Yes	_	_	_	_	_
498-8	PSB005	498	498	8	[mh]	mh	_	_	_	_	_	linguistic	_	none	_	End=1056.96	_	_	_	0-2(91)
499-0	PSB059	499	499	0	[no]	no	_	_	_	_	_	linguistic	_	none	_	Begin=1056.8|End=1057.13	_	_	_	0-2(91)
500-0	PSB059	500	500	0	[°(perché)	perché	_	_	_	_	_	linguistic	_	none	Volume=low	Begin=1057.74	_	_	0-6(0)	0-6(92)
500-1	PSB059	500	500	1	bolo]gna	bologna	_	_	_	_	_	linguistic	_	none	Volume=low	_	_	_	_	0-4(92)
500-2	PSB059	500	500	2	è	è	_	_	_	_	_	linguistic	_	none	Volume=low	_	_	_	_	_
500-3	PSB059	500	500	3	meglio°	meglio	_	_	_	_	_	linguistic	_	none	Volume=low	End=1058.75	_	_	_	_
501-0	PSB005	501	501	0	°no°	no	_	_	_	_	_	linguistic	_	none	Volume=low	Begin=1057.83|End=1058.14	_	_	_	_
502-0	PSB005	502	502	0	perché?	perché	_	_	_	_	_	linguistic	_	none	Intonation=Rising	Begin=1059.3|End=1059.75	_	_	_	_
503-0	PSB059	503	503	0	perché	perché	_	_	_	_	_	linguistic	_	none	_	Begin=1060.63	_	_	_	_
503-1	PSB059	503	503	1	nella	nella	_	_	_	_	_	linguistic	_	none	_	_	_	_	_	_
503-2	PSB059	503	503	2	bologna::	bologna	_	_	_	_	_	linguistic	_	none	_	_	6x2	_	_	_
503-3	PSB059	503	503	3	non	non	_	_	_	_	_	linguistic	_	none	_	_	_	_	_	_
503-4	PSB059	503	503	4	c'	c'	_	_	_	_	_	linguistic	_	none	SpaceAfter=No	_	_	_	_	_
503-5	PSB059	503	503	5	è	è	_	_	_	_	_	linguistic	_	none	_	_	_	_	_	_
503-6	PSB059	503	503	6	tanti	tanti	_	_	_	_	_	linguistic	_	none	_	_	_	_	_	_
503-7	PSB059	503	503	7	bengalese	bengalese	_	_	_	_	_	linguistic	_	none	_	_	_	_	_	_
503-8	PSB059	503	503	8	però:	però	_	_	_	_	_	linguistic	_	none	_	_	3x1	_	_	_
503-9	PSB059	503	503	9	xx	xx	_	_	_	_	_	unknown	_	none	Syllables=2	_	_	_	_	_
503-10	PSB059	503	503	10	milano	milano	_	_	_	_	_	linguistic	_	none	PauseAfter=Yes	_	_	_	_	_
503-11	PSB059	503	503	11	(.)	(.)	_	_	_	_	_	shortpause	_	none	_	_	_	_	_	_
503-12	PSB059	503	503	12	roma	roma	_	_	_	_	_	linguistic	_	none	_	End=1065.35	_	_	_	_
504-0	PSB059	504	504	0	°c'	c'	_	_	_	_	_	linguistic	_	none	SpaceAfter=No|Volume=low	Begin=1065.63	_	_	_	_
504-1	PSB059	504	504	1	è	è	_	_	_	_	_	linguistic	_	none	Volume=low	_	_	_	_	_
504-2	PSB059	504	504	2	tanti	tanti	_	_	_	_	_	linguistic	_	none	Volume=low	_	_	_	_	_
504-3	PSB059	504	504	3	bengalese°	bengalese	_	_	_	_	_	linguistic	_	none	Volume=low	End=1066.7	_	_	_	_
505-0	PSB059	505	505	0	e::h:	eh	_	_	_	_	_	linguistic	_	none	_	Begin=1068.23	0x2,1x1	_	_	_
505-1	PSB059	505	505	1	non	non	_	_	_	_	_	linguistic	_	none	_	_	_	_	_	_
505-2	PSB059	505	505	2	mi	mi	_	_	_	_	_	linguistic	_	none	_	_	_	_	_	_
505-3	PSB059	505	505	3	piacciono:	piacciono	_	_	_	_	_	linguistic	_	none	PauseAfter=Yes	_	8x1	_	_	_
505-4	PSB059	505	505	4	(.)	(.)	_	_	_	_	_	shortpause	_	none	_	_	_	_	_	_
505-5	PSB059	505	505	5	voglio	voglio	_	_	_	_	_	linguistic	_	none	_	_	_	_	_	_
505-6	PSB059	505	505	6	restare	restare	_	_	_	_	_	linguistic	_	none	_	_	_	_	_	_
505-7	PSB059	505	505	7	qua:	qua	_	_	_	_	_	linguistic	_	none	_	End=1071.13	2x1	_	_	_
506-0	PSB005	506	506	0	mhmh	mhmh	_	_	_	_	_	linguistic	_	none	_	Begin=1071.47|End=1071.93	_	_	_	_
507-0	PSB005	507	507	0	però	però	_	_	_	_	_	linguistic	_	none	_	Begin=1073.39	_	_	_	_
507-1	PSB005	507	507	1	per:	per	_	_	_	_	_	linguistic	_	none	_	_	2x1	_	_	_
507-2	PSB005	507	507	2	vacanza	vacanza	_	_	_	_	_	linguistic	_	none	_	_	_	_	_	_
507-3	PSB005	507	507	3	ti	ti	_	_	_	_	_	linguistic	_	none	_	_	_	_	_	_
507-4	PSB005	507	507	4	cosa	cosa	_	_	_	_	_	linguistic	_	none	_	_	_	_	_	_
507-5	PSB005	507	507	5	ti	ti	_	_	_	_	_	linguistic	_	none	_	_	_	_	_	_
507-6	PSB005	507	507	6	è	è	_	_	_	_	_	linguistic	_	none	_	_	_	_	_	_
507-7	PSB005	507	507	7	piaciuto	piaciuto	_	_	_	_	_	linguistic	_	none	_	_	_	_	_	_
507-8	PSB005	507	507	8	di	di	_	_	_	_	_	linguistic	_	none	_	_	_	_	_	_
507-9	PSB005	507	507	9	[più:]?	più	_	_	_	_	_	linguistic	_	none	Intonation=Rising	End=1075.67	2x1	_	_	0-3(93)
508-0	PSB059	508	508	0	[e:h	eh	_	_	_	_	_	linguistic	_	none	_	Begin=1075.4	0x1	_	_	0-2(93)
508-1	PSB059	508	508	1	per]	per	_	_	_	_	_	linguistic	_	none	_	_	_	_	_	0-3(93)
508-2	PSB059	508	508	2	vacanza::	vacanza	_	_	_	_	_	linguistic	_	none	_	_	6x2	_	_	_
508-3	PSB059	508	508	3	questa	questa	_	_	_	_	_	linguistic	_	none	_	_	_	_	_	_
508-4	PSB059	508	508	4	va:-	va-	_	_	_	_	_	linguistic	_	none	Interrupted=Yes	_	1x1	_	_	_
508-5	PSB059	508	508	5	vacanza	vacanza	_	_	_	_	_	linguistic	_	none	_	_	_	_	_	_
508-6	PSB059	508	508	6	vado::	vado	_	_	_	_	_	linguistic	_	none	_	_	3x2	_	_	_
508-7	PSB059	508	508	7	a	a	_	_	_	_	_	linguistic	_	none	_	_	_	_	_	_
508-8	PSB059	508	508	8	$firano	firano	_	_	_	_	_	linguistic	_	none	Orthography=Yes|Variation=Emerging	_	_	_	_	_
508-9	PSB059	508	508	9	[firenze]	firenze	_	_	_	_	_	linguistic	_	none	_	End=1079.27	_	_	_	0-7(94)
509-0	PSB005	509	509	0	[mhmh]	mhmh	_	_	_	_	_	linguistic	_	none	_	Begin=1079.0|End=1079.39	_	_	_	0-4(94)
510-0	PSB059	510	510	0	xxxx	xxxx	_	_	_	_	_	unknown	_	none	PauseAfter=Yes|Syllables=4	Begin=1079.73	_	_	_	_
510-1	PSB059	510	510	1	(.)	(.)	_	_	_	_	_	shortpause	_	none	_	_	_	_	_	_
510-2	PSB059	510	510	2	da	da	_	_	_	_	_	linguistic	_	none	_	_	_	_	_	_
510-3	PSB059	510	510	3	bus::	bus	_	_	_	_	_	linguistic	_	none	_	End=1082.45	2x2	_	_	_
511-0	PSB005	511	511	0	certo	certo	_	_	_	_	_	linguistic	_	none	PauseAfter=Yes	Begin=1082.75	_	_	_	_
511-1	PSB005	511	511	1	(.)	(.)	_	_	_	_	_	shortpause	_	none	_	_	_	_	_	_
511-2	PSB005	511	511	2	sì	sì	_	_	_	_	_	linguistic	_	none	_	End=1083.7	_	_	_	_
512-0	PSB005	512	512	0	beh	beh	_	_	_	_	_	linguistic	_	none	_	Begin=1083.8	_	_	_	_
512-1	PSB005	512	512	1	vicino:	vicino	_	_	_	_	_	linguistic	_	none	_	_	5x1	_	_	_
512-2	PSB005	512	512	2	sì	sì	_	_	_	_	_	linguistic	_	none	_	End=1084.67	_	_	_	_
513-0	PSB059	513	513	0	sì:	sì	_	_	_	_	_	linguistic	_	none	_	Begin=1084.68|End=1084.97	1x1	_	_	_
514-0	PSB005	514	514	0	e:	e	_	_	_	_	_	linguistic	_	none	_	Begin=1085.15	0x1	_	_	_
514-1	PSB005	514	514	1	ma	ma	_	_	_	_	_	linguistic	_	none	_	_	_	_	_	_
514-2	PSB005	514	514	2	tra	tra	_	_	_	_	_	linguistic	_	none	_	_	_	_	_	_
514-3	PSB005	514	514	3	roma	roma	_	_	_	_	_	linguistic	_	none	_	_	_	_	_	_
514-4	PSB005	514	514	4	e	e	_	_	_	_	_	linguistic	_	none	_	_	_	_	_	_
514-5	PSB005	514	514	5	milano:?	milano	_	_	_	_	_	linguistic	_	none	Intonation=Rising	End=1087.34	5x1	_	_	_
515-0	PSB005	515	515	0	qual	qual	_	_	_	_	_	linguistic	_	none	_	Begin=1088.23	_	_	_	_
515-1	PSB005	515	515	1	è	è	_	_	_	_	_	linguistic	_	none	_	_	_	_	_	_
515-2	PSB005	515	515	2	meglio?	meglio	_	_	_	_	_	linguistic	_	none	Intonation=Rising	End=1088.91	_	_	_	_
516-0	PSB059	516	516	0	roma	roma	_	_	_	_	_	linguistic	_	none	_	Begin=1089.36|End=1089.82	_	_	_	_
517-0	PSB005	517	517	0	perché:?	perché	_	_	_	_	_	linguistic	_	none	Intonation=Rising	Begin=1090.36|End=1090.89	5x1	_	_	_
518-0	PSB059	518	518	0	perché:	perché	_	_	_	_	_	linguistic	_	none	_	Begin=1091.32	5x1	_	_	_
518-1	PSB059	518	518	1	c'	c'	_	_	_	_	_	linguistic	_	none	SpaceAfter=No	_	_	_	_	_
518-2	PSB059	518	518	2	è:::	è	_	_	_	_	_	linguistic	_	none	_	End=1093.09	0x3	_	_	_
519-0	PSB059	519	519	0	c'	c'	_	_	_	_	_	linguistic	_	none	SpaceAfter=No	Begin=1093.64	_	_	_	_
519-1	PSB059	519	519	1	è	è	_	_	_	_	_	linguistic	_	none	_	_	_	_	_	_
519-2	PSB059	519	519	2	tanti	tanti	_	_	_	_	_	linguistic	_	none	_	_	_	_	_	_
519-3	PSB059	519	519	3	$cuginimi	cuginimi	_	_	_	_	_	linguistic	_	none	Orthography=Yes|Variation=Emerging	End=1095.06	_	_	_	_
520-0	PSB059	520	520	0	°sì:°	sì	_	_	_	_	_	linguistic	_	none	Volume=low	Begin=1095.42|End=1095.83	1x1	_	_	_
521-0	PSB059	521	521	0	eh	eh	_	_	_	_	_	linguistic	_	none	_	Begin=1098.39	_	_	_	_
521-1	PSB059	521	521	1	sono	sono	_	_	_	_	_	linguistic	_	none	_	_	_	_	_	_
521-2	PSB059	521	521	2	andato	andato	_	_	_	_	_	linguistic	_	none	_	_	_	_	_	_
521-3	PSB059	521	521	3	a	a	_	_	_	_	_	linguistic	_	none	_	_	_	_	_	_
521-4	PSB059	521	521	4	(colazione::)	colazione	_	_	_	_	_	linguistic	_	none	_	_	8x2	_	0-9(0)	_
521-5	PSB059	521	521	5	di	di	_	_	_	_	_	linguistic	_	none	_	_	_	_	_	_
521-6	PSB059	521	521	6	roma	roma	_	_	_	_	_	linguistic	_	none	_	End=1100.46	_	_	_	_
522-0	PSB005	522	522	0	mhmh	mhmh	_	_	_	_	_	linguistic	_	none	_	Begin=1100.48|End=1100.91	_	_	_	_
523-0	PSB059	523	523	0	(belliss:imo)	bellissimo	_	_	_	_	_	linguistic	_	none	_	Begin=1102.49|End=1103.43	6x1	_	0-10(0)	_
524-0	PSB005	524	524	0	(ah)	ah	_	_	_	_	_	linguistic	_	none	_	Begin=1103.94	_	_	0-2(0)	_
524-1	PSB005	524	524	1	bene:	bene	_	_	_	_	_	linguistic	_	none	_	End=1104.7	3x1	_	_	_
525-0	PSB005	525	525	0	e:h	eh	_	_	_	_	_	linguistic	_	none	_	Begin=1105.44	0x1	_	_	_
525-1	PSB005	525	525	1	per	per	_	_	_	_	_	linguistic	_	none	_	_	_	_	_	_
525-2	PSB005	525	525	2	me::	me	_	_	_	_	_	linguistic	_	none	_	_	1x2	_	_	_
525-3	PSB005	525	525	3	la	la	_	_	_	_	_	linguistic	_	none	_	_	_	_	_	_
525-4	PSB005	525	525	4	più	più	_	_	_	_	_	linguistic	_	none	_	_	_	_	_	_
525-5	PSB005	525	525	5	carina	carina	_	_	_	_	_	linguistic	_	none	_	_	_	_	_	_
525-6	PSB005	525	525	6	forse::	forse	_	_	_	_	_	linguistic	_	none	_	End=1107.81	4x2	_	_	_
526-0	PSB059	526	526	0	eh	eh	_	_	_	_	_	linguistic	_	none	_	Begin=1108.38	_	_	_	_
526-1	PSB059	526	526	1	milano	milano	_	_	_	_	_	linguistic	_	none	_	_	_	_	_	_
526-2	PSB059	526	526	2	è	è	_	_	_	_	_	linguistic	_	none	_	_	_	_	_	_
526-3	PSB059	526	526	3	duomo	duomo	_	_	_	_	_	linguistic	_	none	_	_	_	_	_	_
526-4	PSB059	526	526	4	(anche	anche	_	_	_	_	_	linguistic	_	none	_	_	_	_	0-5(0)	_
526-5	PSB059	526	526	5	como)	como	_	_	_	_	_	linguistic	_	none	_	_	_	_	0-4(0)	_
526-6	PSB059	526	526	6	((ride))	((ride))	_	_	_	_	_	nonverbalbehavior	_	none	_	End=1110.965	_	_	_	_
527-0	PSB005	527	527	0	[°sì°]	sì	_	_	_	_	_	linguistic	_	none	Volume=low	Begin=1110.59|End=1110.96	_	_	_	0-2(95)
528-0	PSB059	528	528	0	belli:ssimo	bellissimo	_	_	_	_	_	linguistic	_	none	_	Begin=1111.17|End=1111.81	4x1	_	_	_
529-0	PSB005	529	529	0	ti	ti	_	_	_	_	_	linguistic	_	none	_	Begin=1112.12	_	_	_	_
529-1	PSB005	529	529	1	è	è	_	_	_	_	_	linguistic	_	none	_	_	_	_	_	_
529-2	PSB005	529	529	2	piaciuto	piaciuto	_	_	_	_	_	linguistic	_	none	_	_	_	_	_	_
529-3	PSB005	529	529	3	il	il	_	_	_	_	_	linguistic	_	none	_	_	_	_	_	_
529-4	PSB005	529	529	4	duo[mo:	duomo	_	_	_	_	_	linguistic	_	none	PauseAfter=Yes	_	4x1	_	_	3-5(96)
529-5	PSB005	529	529	5	(.)	(.)	_	_	_	_	_	shortpause	_	none	_	_	_	_	_	_
529-6	PSB005	529	529	6	sì]?	sì	_	_	_	_	_	linguistic	_	none	Intonation=Rising	End=1113.61	_	_	_	0-2(96)
530-0	PSB059	530	530	0	[sì]	sì	_	_	_	_	_	linguistic	_	none	_	Begin=1113.09|End=1113.35	_	_	_	0-2(96)
531-0	PSB005	531	531	0	sì	sì	_	_	_	_	_	linguistic	_	none	_	Begin=1113.99	_	_	_	_
531-1	PSB005	531	531	1	sì	sì	_	_	_	_	_	linguistic	_	none	_	_	_	_	_	_
531-2	PSB005	531	531	2	sì:	sì	_	_	_	_	_	linguistic	_	none	_	End=1114.6	1x1	_	_	_
532-0	PSB005	532	532	0	e::hm	ehm	_	_	_	_	_	linguistic	_	none	_	Begin=1115.57|End=1116.35	0x2	_	_	_
533-0	PSB005	533	533	0	no	no	_	_	_	_	_	linguistic	_	none	_	Begin=1116.68	_	_	_	_
533-1	PSB005	533	533	1	a	a	_	_	_	_	_	linguistic	_	none	_	_	_	_	_	_
533-2	PSB005	533	533	2	me	me	_	_	_	_	_	linguistic	_	none	_	_	_	_	_	_
533-3	PSB005	533	533	3	forse	forse	_	_	_	_	_	linguistic	_	none	_	_	_	_	_	_
533-4	PSB005	533	533	4	piace	piace	_	_	_	_	_	linguistic	_	none	_	_	_	_	_	_
533-5	PSB005	533	533	5	di	di	_	_	_	_	_	linguistic	_	none	_	_	_	_	_	_
533-6	PSB005	533	533	6	più	più	_	_	_	_	_	linguistic	_	none	_	_	_	_	_	_
533-7	PSB005	533	533	7	roma:	roma	_	_	_	_	_	linguistic	_	none	_	End=1118.35	3x1	_	_	_
534-0	PSB059	534	534	0	x	x	_	_	_	_	_	unknown	_	none	Syllables=1	Begin=1118.81|End=1119.14	_	_	_	_
535-0	PSB005	535	535	0	e:::h	eh	_	_	_	_	_	linguistic	_	none	_	Begin=1122.15	0x3	_	_	_
535-1	PSB005	535	535	1	più	più	_	_	_	_	_	linguistic	_	none	_	_	_	_	_	_
535-2	PSB005	535	535	2	antica	antica	_	_	_	_	_	linguistic	_	none	_	End=1123.64	_	_	_	_
536-0	PSB005	536	536	0	sì	sì	_	_	_	_	_	linguistic	_	none	_	Begin=1124.42|End=1124.74	_	_	_	_
537-0	PSB005	537	537	0	più	più	_	_	_	_	_	linguistic	_	none	_	Begin=1125.97	_	_	_	_
537-1	PSB005	537	537	1	antica	antica	_	_	_	_	_	linguistic	_	none	_	_	_	_	_	_
537-2	PSB005	537	537	2	mi	mi	_	_	_	_	_	linguistic	_	none	_	_	_	_	_	_
537-3	PSB005	537	537	3	piace	piace	_	_	_	_	_	linguistic	_	none	_	_	_	_	_	_
537-4	PSB005	537	537	4	di	di	_	_	_	_	_	linguistic	_	none	_	_	_	_	_	_
537-5	PSB005	537	537	5	più:	più	_	_	_	_	_	linguistic	_	none	_	End=1127.46	2x1	_	_	_
538-0	PSB005	538	538	0	e:hm	ehm	_	_	_	_	_	linguistic	_	none	_	Begin=1127.92|End=1128.42	0x1	_	_	_
539-0	PSB005	539	539	0	ma	ma	_	_	_	_	_	linguistic	_	none	_	Begin=1129.03	_	_	_	_
539-1	PSB005	539	539	1	invece	invece	_	_	_	_	_	linguistic	_	none	_	_	_	_	_	_
539-2	PSB005	539	539	2	quando:	quando	_	_	_	_	_	linguistic	_	none	PauseAfter=Yes	_	5x1	_	_	_
539-3	PSB005	539	539	3	(.)	(.)	_	_	_	_	_	shortpause	_	none	_	_	_	_	_	_
539-4	PSB005	539	539	4	quando	quando	_	_	_	_	_	linguistic	_	none	_	_	_	_	_	_
539-5	PSB005	539	539	5	vai	vai	_	_	_	_	_	linguistic	_	none	_	_	_	_	_	_
539-6	PSB005	539	539	6	in	in	_	_	_	_	_	linguistic	_	none	_	_	_	_	_	_
539-7	PSB005	539	539	7	bangladesh	bangladesh	_	_	_	_	_	linguistic	_	none	_	_	_	_	_	_
539-8	PSB005	539	539	8	per	per	_	_	_	_	_	linguistic	_	none	_	_	_	_	_	_
539-9	PSB005	539	539	9	vacanza:,	vacanza	_	_	_	_	_	linguistic	_	none	Intonation=WeaklyRising	End=1132.44	6x1	_	_	_
540-0	PSB059	540	540	0	°sì°	sì	_	_	_	_	_	linguistic	_	none	Volume=low	Begin=1132.56|End=1132.795	_	_	_	_
541-0	PSB005	541	541	0	ci	ci	_	_	_	_	_	linguistic	_	none	_	Begin=1132.84	_	_	_	_
541-1	PSB005	541	541	1	sei	sei	_	_	_	_	_	linguistic	_	none	_	_	_	_	_	_
541-2	PSB005	541	541	2	già	già	_	_	_	_	_	linguistic	_	none	_	_	_	_	_	_
541-3	PSB005	541	541	3	stato:?	stato	_	_	_	_	_	linguistic	_	none	Intonation=Rising	End=1133.88	4x1	_	_	_
542-0	PSB059	542	542	0	sì::	sì	_	_	_	_	_	linguistic	_	none	_	Begin=1134.035	1x2	_	_	_
542-1	PSB059	542	542	1	sono	sono	_	_	_	_	_	linguistic	_	none	_	_	_	_	_	_
542-2	PSB059	542	542	2	s~	s~	_	_	_	_	_	linguistic	_	none	Interrupted=Yes	_	_	_	_	_
542-3	PSB059	542	542	3	stato	stato	_	_	_	_	_	linguistic	_	none	_	_	_	_	_	_
542-4	PSB059	542	542	4	una	una	_	_	_	_	_	linguistic	_	none	_	_	_	_	_	_
542-5	PSB059	542	542	5	volta	volta	_	_	_	_	_	linguistic	_	none	_	End=1135.7	_	_	_	_
543-0	PSB005	543	543	0	e::	e	_	_	_	_	_	linguistic	_	none	PauseAfter=Yes	Begin=1135.85	0x2	_	_	_
543-1	PSB005	543	543	1	(.)	(.)	_	_	_	_	_	shortpause	_	none	_	_	_	_	_	_
543-2	PSB005	543	543	2	cos'	cos'	_	_	_	_	_	linguistic	_	none	Truncated=Yes	_	_	_	_	_
543-3	PSB005	543	543	3	hai	hai	_	_	_	_	_	linguistic	_	none	_	_	_	_	_	_
543-4	PSB005	543	543	4	chi	chi	_	_	_	_	_	linguistic	_	none	_	_	_	_	_	_
543-5	PSB005	543	543	5	hai	hai	_	_	_	_	_	linguistic	_	none	_	_	_	_	_	_
543-6	PSB005	543	543	6	visto:::	visto	_	_	_	_	_	linguistic	_	none	_	End=1139.0	4x3	_	_	_
544-0	PSB059	544	544	0	[sono	sono	_	_	_	_	_	linguistic	_	none	_	Begin=1139.01	_	_	_	0-4(97)
544-1	PSB059	544	544	1	andato	andato	_	_	_	_	_	linguistic	_	none	_	_	_	_	_	0-6(97)
544-2	PSB059	544	544	2	a	a	_	_	_	_	_	linguistic	_	none	_	_	_	_	_	0-1(97)
544-3	PSB059	544	544	3	ma]re::	mare	_	_	_	_	_	linguistic	_	none	_	_	3x2	_	_	0-2(97)
544-4	PSB059	544	544	4	quello	quello	_	_	_	_	_	linguistic	_	none	_	_	_	_	_	_
544-5	PSB059	544	544	5	che	che	_	_	_	_	_	linguistic	_	none	_	_	_	_	_	_
544-6	PSB059	544	544	6	più	più	_	_	_	_	_	linguistic	_	none	_	_	_	_	_	_
544-7	PSB059	544	544	7	famoso	famoso	_	_	_	_	_	linguistic	_	none	_	_	_	_	_	_
544-8	PSB059	544	544	8	nella	nella	_	_	_	_	_	linguistic	_	none	_	_	_	_	_	_
544-9	PSB059	544	544	9	banglade[sh]	bangladesh	_	_	_	_	_	linguistic	_	none	_	End=1142.49	_	_	_	8-10(98)
545-0	PSB005	545	545	0	[cos'	cos'	_	_	_	_	_	linguistic	_	none	SpaceAfter=No	Begin=1139.04	_	_	_	0-4(97)
545-1	PSB005	545	545	1	hai	hai	_	_	_	_	_	linguistic	_	none	_	_	_	_	_	0-3(97)
545-2	PSB005	545	545	2	fatto]?	fatto	_	_	_	_	_	linguistic	_	none	Intonation=Rising	End=1139.78	_	_	_	0-5(97)
546-0	PSB005	546	546	0	[mhmh]	mhmh	_	_	_	_	_	linguistic	_	none	_	Begin=1142.17|End=1142.57	_	_	_	0-4(98)
547-0	PSB059	547	547	0	e:::h	eh	_	_	_	_	_	linguistic	_	none	_	Begin=1144.11|End=1144.77	0x3	_	_	_
548-0	PSB059	548	548	0	l'	l'	_	_	_	_	_	linguistic	_	none	SpaceAfter=No	Begin=1146.85	_	_	_	_
548-1	PSB059	548	548	1	ho	ho	_	_	_	_	_	linguistic	_	none	_	_	_	_	_	_
548-2	PSB059	548	548	2	passato	passato	_	_	_	_	_	linguistic	_	none	_	_	_	_	_	_
548-3	PSB059	548	548	3	con	con	_	_	_	_	_	linguistic	_	none	_	_	_	_	_	_
548-4	PSB059	548	548	4	mia	mia	_	_	_	_	_	linguistic	_	none	_	_	_	_	_	_
548-5	PSB059	548	548	5	famiglia	famiglia	_	_	_	_	_	linguistic	_	none	_	_	_	_	_	_
548-6	PSB059	548	548	6	ho	ho	_	_	_	_	_	linguistic	_	none	_	_	_	_	_	_
548-7	PSB059	548	548	7	passato	passato	_	_	_	_	_	linguistic	_	none	_	_	_	_	_	_
548-8	PSB059	548	548	8	tempo	tempo	_	_	_	_	_	linguistic	_	none	_	_	_	_	_	_
548-9	PSB059	548	548	9	con	con	_	_	_	_	_	linguistic	_	none	_	_	_	_	_	_
548-10	PSB059	548	548	10	mia	mia	_	_	_	_	_	linguistic	_	none	_	_	_	_	_	_
548-11	PSB059	548	548	11	famiglia,	famiglia	_	_	_	_	_	linguistic	_	none	Intonation=WeaklyRising	End=1149.56	_	_	_	_
549-0	PSB005	549	549	0	mhmh	mhmh	_	_	_	_	_	linguistic	_	none	_	Begin=1149.7|End=1150.07	_	_	_	_
550-0	PSB059	550	550	0	perché	perché	_	_	_	_	_	linguistic	_	none	_	Begin=1151.19	_	_	_	_
550-1	PSB059	550	550	1	mia	mia	_	_	_	_	_	linguistic	_	none	_	_	_	_	_	_
550-2	PSB059	550	550	2	mamma::	mamma	_	_	_	_	_	linguistic	_	none	_	_	4x2	_	_	_
550-3	PSB059	550	550	3	eh	eh	_	_	_	_	_	linguistic	_	none	_	_	_	_	_	_
550-4	PSB059	550	550	4	era	era	_	_	_	_	_	linguistic	_	none	_	_	_	_	_	_
550-5	PSB059	550	550	5	sola	sola	_	_	_	_	_	linguistic	_	none	_	_	_	_	_	_
550-6	PSB059	550	550	6	perché	perché	_	_	_	_	_	linguistic	_	none	_	_	_	_	_	_
550-7	PSB059	550	550	7	io	io	_	_	_	_	_	linguistic	_	none	_	_	_	_	_	_
550-8	PSB059	550	550	8	so~	so~	_	_	_	_	_	linguistic	_	none	Interrupted=Yes	_	_	_	_	_
550-9	PSB059	550	550	9	due	due	_	_	_	_	_	linguistic	_	none	_	_	_	_	_	_
550-10	PSB059	550	550	10	sorelle	sorelle	_	_	_	_	_	linguistic	_	none	_	End=1154.31	_	_	_	_
551-0	PSB005	551	551	0	[mhmh]	mhmh	_	_	_	_	_	linguistic	_	none	_	Begin=1154.59|End=1154.96	_	_	_	0-4(?)
552-0	PSB059	552	552	0	e	e	_	_	_	_	_	linguistic	_	none	_	Begin=1155.214	_	_	_	_
552-1	PSB059	552	552	1	una:	una	_	_	_	_	_	linguistic	_	none	_	_	2x1	_	_	_
552-2	PSB059	552	552	2	già	già	_	_	_	_	_	linguistic	_	none	_	_	_	_	_	_
552-3	PSB059	552	552	3	sposata:	sposata	_	_	_	_	_	linguistic	_	none	_	_	6x1	_	_	_
552-4	PSB059	552	552	4	[e	e	_	_	_	_	_	linguistic	_	none	_	_	_	_	_	0-1(99)
552-5	PSB059	552	552	5	una	una	_	_	_	_	_	linguistic	_	none	_	_	_	_	_	0-3(99)
552-6	PSB059	552	552	6	era	era	_	_	_	_	_	linguistic	_	none	_	_	_	_	_	0-3(99)
552-7	PSB059	552	552	7	qua:]	qua	_	_	_	_	_	linguistic	_	none	_	End=1157.173	2x1	_	_	0-3(99)
553-0	PSB005	553	553	0	[°ah	ah	_	_	_	_	_	linguistic	_	none	Volume=low	Begin=1156.46	_	_	_	0-2(99)
553-1	PSB005	553	553	1	okay°]	okay	_	_	_	_	_	linguistic	_	none	Volume=low	End=1157.18	_	_	_	0-4(99)
554-0	PSB005	554	554	0	okay	okay	_	_	_	_	_	linguistic	_	none	_	Begin=1157.49|End=1157.92	_	_	_	_
555-0	PSB059	555	555	0	io	io	_	_	_	_	_	linguistic	_	none	_	Begin=1158.83	_	_	_	_
555-1	PSB059	555	555	1	ho	ho	_	_	_	_	_	linguistic	_	none	_	_	_	_	_	_
555-2	PSB059	555	555	2	due	due	_	_	_	_	_	linguistic	_	none	_	_	_	_	_	_
555-3	PSB059	555	555	3	nipoti	nipoti	_	_	_	_	_	linguistic	_	none	_	_	_	_	_	_
555-4	PSB059	555	555	4	((ride))	((ride))	_	_	_	_	_	nonverbalbehavior	_	none	_	End=1159.9	_	_	_	_
556-0	PSB059	556	556	0	eh	eh	_	_	_	_	_	linguistic	_	none	_	Begin=1160.06	_	_	_	_
556-1	PSB059	556	556	1	una::	una	_	_	_	_	_	linguistic	_	none	PauseAfter=Yes	_	2x2	_	_	_
556-2	PSB059	556	556	2	(.)	(.)	_	_	_	_	_	shortpause	_	none	_	_	_	_	_	_
556-3	PSB059	556	556	3	bambina	bambina	_	_	_	_	_	linguistic	_	none	_	_	_	_	_	_
556-4	PSB059	556	556	4	e	e	_	_	_	_	_	linguistic	_	none	_	_	_	_	_	_
556-5	PSB059	556	556	5	un	un	_	_	_	_	_	linguistic	_	none	_	_	_	_	_	_
556-6	PSB059	556	556	6	bambino	bambino	_	_	_	_	_	linguistic	_	none	_	End=1163.35	_	_	_	_
557-0	PSB005	557	557	0	mhmh	mhmh	_	_	_	_	_	linguistic	_	none	_	Begin=1163.41|End=1163.7	_	_	_	_
558-0	PSB005	558	558	0	piccoli:?	piccoli	_	_	_	_	_	linguistic	_	none	Intonation=Rising	Begin=1163.81|End=1164.34	6x1	_	_	_
559-0	PSB059	559	559	0	sì::	sì	_	_	_	_	_	linguistic	_	none	_	Begin=1164.41|End=1164.86	1x2	_	_	_
560-0	PSB005	560	560	0	molto:?	molto	_	_	_	_	_	linguistic	_	none	Intonation=Rising	Begin=1165.68|End=1166.25	4x1	_	_	_
561-0	PSB059	561	561	0	sì:	sì	_	_	_	_	_	linguistic	_	none	_	Begin=1166.5|End=1167.02	1x1	_	_	_
562-0	PSB005	562	562	0	cioè	cioè	_	_	_	_	_	linguistic	_	none	_	Begin=1167.47	_	_	_	_
562-1	PSB005	562	562	1	hanno	hanno	_	_	_	_	_	linguistic	_	none	_	_	_	_	_	_
562-2	PSB005	562	562	2	tipo:	tipo	_	_	_	_	_	linguistic	_	none	_	_	3x1	_	_	_
562-3	PSB005	562	562	3	un	un	_	_	_	_	_	linguistic	_	none	_	_	_	_	_	_
562-4	PSB005	562	562	4	anno	anno	_	_	_	_	_	linguistic	_	none	_	_	_	_	_	_
562-5	PSB005	562	562	5	due	due	_	_	_	_	_	linguistic	_	none	_	_	_	_	_	_
562-6	PSB005	562	562	6	anni	anni	_	_	_	_	_	linguistic	_	none	_	_	_	_	_	_
562-7	PSB005	562	562	7	[o:]	o	_	_	_	_	_	linguistic	_	none	_	End=1169.47	0x1	_	_	0-1(100)
563-0	PSB059	563	563	0	[eh::]	eh	_	_	_	_	_	linguistic	_	none	_	Begin=1169.21	1x2	_	_	0-2(100)
563-1	PSB059	563	563	1	u~	u~	_	_	_	_	_	linguistic	_	none	Interrupted=Yes	End=1169.79	_	_	_	_
564-0	PSB059	564	564	0	°mh	mh	_	_	_	_	_	linguistic	_	none	Volume=low	Begin=1170.99	_	_	_	_
564-1	PSB059	564	564	1	sì°	sì	_	_	_	_	_	linguistic	_	none	Volume=low	_	_	_	_	_
564-2	PSB059	564	564	2	quello::	quello	_	_	_	_	_	linguistic	_	none	_	End=1172.12	5x2	_	_	_
565-0	PSB005	565	565	0	quello?	quello	_	_	_	_	_	linguistic	_	none	Intonation=Rising	Begin=1172.49|End=1172.86	_	_	_	_
566-0	PSB059	566	566	0	bambino:	bambino	_	_	_	_	_	linguistic	_	none	_	Begin=1173.09	6x1	_	_	_
566-1	PSB059	566	566	1	e::h	eh	_	_	_	_	_	linguistic	_	none	PauseAfter=Yes	_	0x2	_	_	_
566-2	PSB059	566	566	2	(.)	(.)	_	_	_	_	_	shortpause	_	none	_	_	_	_	_	_
566-3	PSB059	566	566	3	due::	due	_	_	_	_	_	linguistic	_	none	_	_	2x2	_	_	_
566-4	PSB059	566	566	4	quasi	quasi	_	_	_	_	_	linguistic	_	none	_	_	_	_	_	_
566-5	PSB059	566	566	5	due	due	_	_	_	_	_	linguistic	_	none	_	_	_	_	_	_
566-6	PSB059	566	566	6	anni	anni	_	_	_	_	_	linguistic	_	none	_	End=1175.425	_	_	_	_
567-0	PSB005	567	567	0	mhmh	mhmh	_	_	_	_	_	linguistic	_	none	_	Begin=1175.63|End=1176.06	_	_	_	_
568-0	PSB059	568	568	0	e::h	eh	_	_	_	_	_	linguistic	_	none	_	Begin=1177.61|End=1178.44	0x2	_	_	_
569-0	PSB059	569	569	0	mio	mio	_	_	_	_	_	linguistic	_	none	_	Begin=1179.01	_	_	_	_
569-1	PSB059	569	569	1	nipote::	nipote	_	_	_	_	_	linguistic	_	none	_	End=1180.04	5x2	_	_	_
570-0	PSB059	570	570	0	quanto?	quanto	_	_	_	_	_	linguistic	_	none	Intonation=Rising	Begin=1180.77|End=1181.19	_	_	_	_
571-0	PSB059	571	571	0	forse	forse	_	_	_	_	_	linguistic	_	none	_	Begin=1182.36|End=1182.66	_	_	_	_
572-0	PSB059	572	572	0	cinque	cinque	_	_	_	_	_	linguistic	_	none	_	Begin=1183.0|End=1183.47	_	_	_	_
573-0	PSB005	573	573	0	più	più	_	_	_	_	_	linguistic	_	none	_	Begin=1183.66	_	_	_	_
573-1	PSB005	573	573	1	grande:	grande	_	_	_	_	_	linguistic	_	none	_	End=1184.17	5x1	_	_	_
574-0	PSB059	574	574	0	(°eh	eh	_	_	_	_	_	linguistic	_	none	Volume=low	Begin=1184.25	_	_	0-2(0)	_
574-1	PSB059	574	574	1	sì°)	sì	_	_	_	_	_	linguistic	_	none	Volume=low	End=1184.75	_	_	0-2(0)	_
575-0	PSB005	575	575	0	°eh	eh	_	_	_	_	_	linguistic	_	none	Volume=low	Begin=1184.85	_	_	_	_
575-1	PSB005	575	575	1	sì°	sì	_	_	_	_	_	linguistic	_	none	Volume=low	End=1185.25	_	_	_	_
576-0	PSB005	576	576	0	quindi	quindi	_	_	_	_	_	linguistic	_	none	_	Begin=1185.78	_	_	_	_
576-1	PSB005	576	576	1	sei	sei	_	_	_	_	_	linguistic	_	none	_	_	_	_	_	_
576-2	PSB005	576	576	2	andato	andato	_	_	_	_	_	linguistic	_	none	_	_	_	_	_	_
576-3	PSB005	576	576	3	a	a	_	_	_	_	_	linguistic	_	none	_	_	_	_	_	_
576-4	PSB005	576	576	4	trovarli:?	trovarli	_	_	_	_	_	linguistic	_	none	Intonation=Rising	End=1187.14	7x1	_	_	_
577-0	PSB059	577	577	0	s[ì:]	sì	_	_	_	_	_	linguistic	_	none	_	Begin=1187.13|End=1187.36	1x1	_	_	1-2(102)
578-0	PSB005	578	578	0	[sì]	sì	_	_	_	_	_	linguistic	_	none	_	Begin=1187.22|End=1187.52	_	_	_	0-2(102)
579-0	PSB005	579	579	0	e::hm	ehm	_	_	_	_	_	linguistic	_	none	_	Begin=1188.48|End=1189.38	0x2	_	_	_
580-0	PSB005	580	580	0	anche	anche	_	_	_	_	_	linguistic	_	none	_	Begin=1189.51	_	_	_	_
580-1	PSB005	580	580	1	con	con	_	_	_	_	_	linguistic	_	none	_	_	_	_	_	_
580-2	PSB005	580	580	2	loro:	loro	_	_	_	_	_	linguistic	_	none	_	_	3x1	_	_	_
580-3	PSB005	580	580	3	parli	parli	_	_	_	_	_	linguistic	_	none	_	_	_	_	_	_
580-4	PSB005	580	580	4	su::	su	_	_	_	_	_	linguistic	_	none	_	_	1x2	_	_	_
580-5	PSB005	580	580	5	con	con	_	_	_	_	_	linguistic	_	none	_	_	_	_	_	_
580-6	PSB005	580	580	6	il	il	_	_	_	_	_	linguistic	_	none	_	_	_	_	_	_
580-7	PSB005	580	580	7	con	con	_	_	_	_	_	linguistic	_	none	_	_	_	_	_	_
580-8	PSB005	580	580	8	whatsapp	whatsapp	_	_	_	_	_	linguistic	_	none	_	_	_	_	_	_
580-9	PSB005	580	580	9	fo[rse:]?	forse	_	_	_	_	_	linguistic	_	none	Intonation=Rising	End=1193.12	4x1	_	_	2-5(103)
581-0	PSB059	581	581	0	[sì::]	sì	_	_	_	_	_	linguistic	_	none	_	Begin=1192.63|End=1193.15	1x2	_	_	0-2(103)
582-0	PSB005	582	582	0	°sì°per	sìper	_	_	_	_	_	linguistic	_	none	Volume=low	Begin=1193.3	_	_	_	_
582-1	PSB005	582	582	1	vederti:	vederti	_	_	_	_	_	linguistic	_	none	_	End=1194.34	6x1	_	_	_
583-0	PSB005	583	583	0	certo	certo	_	_	_	_	_	linguistic	_	none	_	Begin=1195.05	_	_	_	_
583-1	PSB005	583	583	1	sì	sì	_	_	_	_	_	linguistic	_	none	_	_	_	_	_	_
583-2	PSB005	583	583	2	sì	sì	_	_	_	_	_	linguistic	_	none	_	_	_	_	_	_
583-3	PSB005	583	583	3	sì	sì	_	_	_	_	_	linguistic	_	none	_	End=1196.25	_	_	_	_
584-0	PSB059	584	584	0	>nel	nel	_	_	_	_	_	linguistic	_	none	_	Begin=1196.44	_	Fast=0-3(0)	_	_
584-1	PSB059	584	584	1	nel<	nel	_	_	_	_	_	linguistic	_	none	_	_	_	Fast=0-3(0)	_	_
584-2	PSB059	584	584	2	nostro	nostro	_	_	_	_	_	linguistic	_	none	_	_	_	_	_	_
584-3	PSB059	584	584	3	paese:::	paese	_	_	_	_	_	linguistic	_	none	_	End=1198.36	4x3	_	_	_
585-0	PSB059	585	585	0	non	non	_	_	_	_	_	linguistic	_	none	_	Begin=1198.91	_	_	_	_
585-1	PSB059	585	585	1	bisogno:	bisogno	_	_	_	_	_	linguistic	_	none	_	_	6x1	_	_	_
585-2	PSB059	585	585	2	sì	sì	_	_	_	_	_	linguistic	_	none	_	_	_	_	_	_
585-3	PSB059	585	585	3	bisogna	bisogna	_	_	_	_	_	linguistic	_	none	_	_	_	_	_	_
585-4	PSB059	585	585	4	patente:	patente	_	_	_	_	_	linguistic	_	none	_	End=1201.33	6x1	_	_	_
586-0	PSB059	586	586	0	però::	però	_	_	_	_	_	linguistic	_	none	_	Begin=1201.36	3x2	_	_	_
586-1	PSB059	586	586	1	se	se	_	_	_	_	_	linguistic	_	none	_	_	_	_	_	_
586-2	PSB059	586	586	2	prende:	prende	_	_	_	_	_	linguistic	_	none	_	_	5x1	_	_	_
586-3	PSB059	586	586	3	carabinieri:	carabinieri	_	_	_	_	_	linguistic	_	none	_	_	10x1	_	_	_
586-4	PSB059	586	586	4	la	la	_	_	_	_	_	linguistic	_	none	_	_	_	_	_	_
586-5	PSB059	586	586	5	polizia	polizia	_	_	_	_	_	linguistic	_	none	_	End=1204.67	_	_	_	_
587-0	PSB059	587	587	0	se:	se	_	_	_	_	_	linguistic	_	none	_	Begin=1204.98	1x1	_	_	_
587-1	PSB059	587	587	1	solo	solo	_	_	_	_	_	linguistic	_	none	_	_	_	_	_	_
587-2	PSB059	587	587	2	do	do	_	_	_	_	_	linguistic	_	none	_	_	_	_	_	_
587-3	PSB059	587	587	3	soldi::	soldi	_	_	_	_	_	linguistic	_	none	_	_	4x2	_	_	_
587-4	PSB059	587	587	4	non	non	_	_	_	_	_	linguistic	_	none	_	_	_	_	_	_
587-5	PSB059	587	587	5	c'	c'	_	_	_	_	_	linguistic	_	none	SpaceAfter=No	_	_	_	_	_
587-6	PSB059	587	587	6	è	è	_	_	_	_	_	linguistic	_	none	_	_	_	_	_	_
587-7	PSB059	587	587	7	niente	niente	_	_	_	_	_	linguistic	_	none	_	_	_	_	_	_
587-8	PSB059	587	587	8	[senza	senza	_	_	_	_	_	linguistic	_	none	_	_	_	_	_	0-5(104)
587-9	PSB059	587	587	9	pa]tente	patente	_	_	_	_	_	linguistic	_	none	_	_	_	_	_	0-2(104)
587-10	PSB059	587	587	10	[se	se	_	_	_	_	_	linguistic	_	none	_	_	_	_	_	0-2(105)
587-11	PSB059	587	587	11	tro]vo	trovo	_	_	_	_	_	linguistic	_	none	_	End=1208.75	_	_	_	0-3(105)
588-0	PSB005	588	588	0	[mh:]	mh	_	_	_	_	_	linguistic	_	none	_	Begin=1207.21|End=1207.65	1x1	_	_	0-2(104)
589-0	PSB005	589	589	0	[mhmh]	mhmh	_	_	_	_	_	linguistic	_	none	_	Begin=1208.15|End=1208.49	_	_	_	0-4(105)
590-0	PSB005	590	590	0	mhmh	mhmh	_	_	_	_	_	linguistic	_	none	_	Begin=1208.95|End=1209.4	_	_	_	_
591-0	PSB059	591	591	0	eh:	eh	_	_	_	_	_	linguistic	_	none	_	Begin=1209.9	1x1	_	_	_
591-1	PSB059	591	591	1	io	io	_	_	_	_	_	linguistic	_	none	_	_	_	_	_	_
591-2	PSB059	591	591	2	ho	ho	_	_	_	_	_	linguistic	_	none	_	_	_	_	_	_
591-3	PSB059	591	591	3	due:	due	_	_	_	_	_	linguistic	_	none	_	_	2x1	_	_	_
591-4	PSB059	591	591	4	moto::	moto	_	_	_	_	_	linguistic	_	none	_	End=1211.66	3x2	_	_	_
592-0	PSB059	592	592	0	non	non	_	_	_	_	_	linguistic	_	none	_	Begin=1212.89	_	_	_	_
592-1	PSB059	592	592	1	c'	c'	_	_	_	_	_	linguistic	_	none	SpaceAfter=No	_	_	_	_	_
592-2	PSB059	592	592	2	è	è	_	_	_	_	_	linguistic	_	none	_	_	_	_	_	_
592-3	PSB059	592	592	3	patente:	patente	_	_	_	_	_	linguistic	_	none	_	End=1214.07	6x1	_	_	_
593-0	PSB005	593	593	0	e	e	_	_	_	_	_	linguistic	_	none	_	Begin=1214.68	_	_	_	_
593-1	PSB005	593	593	1	in	in	_	_	_	_	_	linguistic	_	none	_	_	_	_	_	_
593-2	PSB005	593	593	2	bangladesh	bangladesh	_	_	_	_	_	linguistic	_	none	_	_	_	_	_	_
593-3	PSB005	593	593	3	[guidi:]?	guidi	_	_	_	_	_	linguistic	_	none	Intonation=Rising	End=1215.82	4x1	_	_	0-5(106)
594-0	PSB059	594	594	0	[sì:]	sì	_	_	_	_	_	linguistic	_	none	_	Begin=1215.35|End=1215.82	1x1	_	_	0-2(106)
595-0	PSB005	595	595	0	che	che	_	_	_	_	_	linguistic	_	none	_	Begin=1216.37	_	_	_	_
595-1	PSB005	595	595	1	bello	bello	_	_	_	_	_	linguistic	_	none	_	End=1217.18	_	_	_	_
596-0	PSB005	596	596	0	anch'	anch'	_	_	_	_	_	linguistic	_	none	SpaceAfter=No	Begin=1217.52	_	_	_	_
596-1	PSB005	596	596	1	io	io	_	_	_	_	_	linguistic	_	none	_	_	_	_	_	_
596-2	PSB005	596	596	2	vorrei	vorrei	_	_	_	_	_	linguistic	_	none	_	_	_	_	_	_
596-3	PSB005	596	596	3	una	una	_	_	_	_	_	linguistic	_	none	_	_	_	_	_	_
596-4	PSB005	596	596	4	moto	moto	_	_	_	_	_	linguistic	_	none	_	End=1218.86	_	_	_	_
597-0	PSB005	597	597	0	((ride))	((ride))	_	_	_	_	_	nonverbalbehavior	_	none	_	Begin=1218.93|End=1219.82	_	_	_	_
598-0	PSB059	598	598	0	((ride))	((ride))	_	_	_	_	_	nonverbalbehavior	_	none	_	Begin=1218.93|End=1219.82	_	_	_	_
599-0	PSB059	599	599	0	eh::	eh	_	_	_	_	_	linguistic	_	none	_	Begin=1220.13	1x2	_	_	_
599-1	PSB059	599	599	1	per	per	_	_	_	_	_	linguistic	_	none	_	_	_	_	_	_
599-2	PSB059	599	599	2	quello:	quello	_	_	_	_	_	linguistic	_	none	_	_	5x1	_	_	_
599-3	PSB059	599	599	3	eh	eh	_	_	_	_	_	linguistic	_	none	_	_	_	_	_	_
599-4	PSB059	599	599	4	sto	sto	_	_	_	_	_	linguistic	_	none	_	_	_	_	_	_
599-5	PSB059	599	599	5	stu~	stu~	_	_	_	_	_	linguistic	_	none	Interrupted=Yes	_	_	_	_	_
599-6	PSB059	599	599	6	studiando::	studiando	_	_	_	_	_	linguistic	_	none	_	End=1222.78	8x2	_	_	_
600-0	PSB005	600	600	0	stai	stai	_	_	_	_	_	linguistic	_	none	_	Begin=1223.73	_	_	_	_
600-1	PSB005	600	600	1	studiando	studiando	_	_	_	_	_	linguistic	_	none	_	_	_	_	_	_
600-2	PSB005	600	600	2	la	la	_	_	_	_	_	linguistic	_	none	_	_	_	_	_	_
600-3	PSB005	600	600	3	patente	patente	_	_	_	_	_	linguistic	_	none	_	_	_	_	_	_
600-4	PSB005	600	600	4	[del	del	_	_	_	_	_	linguistic	_	none	_	_	_	_	_	0-3(107)
600-5	PSB005	600	600	5	mot~]	mot~	_	_	_	_	_	linguistic	_	none	Interrupted=Yes	_	_	_	_	0-4(107)
600-6	PSB005	600	600	6	del	del	_	_	_	_	_	linguistic	_	none	_	_	_	_	_	_
600-7	PSB005	600	600	7	motorino	motorino	_	_	_	_	_	linguistic	_	none	_	_	_	_	_	_
600-8	PSB005	600	600	8	o	o	_	_	_	_	_	linguistic	_	none	_	_	_	_	_	_
600-9	PSB005	600	600	9	della	della	_	_	_	_	_	linguistic	_	none	_	_	_	_	_	_
600-10	PSB005	600	600	10	macchina?	macchina	_	_	_	_	_	linguistic	_	none	Intonation=Rising	End=1226.52	_	_	_	_
601-0	PSB059	601	601	0	[°sì:°]	sì	_	_	_	_	_	linguistic	_	none	Volume=low	Begin=1224.83|End=1225.1	1x1	_	_	0-2(107)
602-0	PSB059	602	602	0	del	del	_	_	_	_	_	linguistic	_	none	_	Begin=1226.53	_	_	_	_
602-1	PSB059	602	602	1	motorino	motorino	_	_	_	_	_	linguistic	_	none	_	End=1227.16	_	_	_	_
603-0	PSB059	603	603	0	e:h	eh	_	_	_	_	_	linguistic	_	none	_	Begin=1228.27	0x1	_	_	_
603-1	PSB059	603	603	1	neanche:	neanche	_	_	_	_	_	linguistic	_	none	PauseAfter=Yes	_	6x1	_	_	_
603-2	PSB059	603	603	2	(.)	(.)	_	_	_	_	_	shortpause	_	none	_	_	_	_	_	_
603-3	PSB059	603	603	3	servono:	servono	_	_	_	_	_	linguistic	_	none	PauseAfter=Yes	_	6x1	_	_	_
603-4	PSB059	603	603	4	(.)	(.)	_	_	_	_	_	shortpause	_	none	_	_	_	_	_	_
603-5	PSB059	603	603	5	patente	patente	_	_	_	_	_	linguistic	_	none	_	_	_	_	_	_
603-6	PSB059	603	603	6	di	di	_	_	_	_	_	linguistic	_	none	PauseAfter=Yes	_	_	_	_	_
603-7	PSB059	603	603	7	(.)	(.)	_	_	_	_	_	shortpause	_	none	_	_	_	_	_	_
603-8	PSB059	603	603	8	ma[cchina:]	macchina	_	_	_	_	_	linguistic	_	none	_	End=1231.98	7x1	_	_	2-8(108)
604-0	PSB005	604	604	0	[mhmh]	mhmh	_	_	_	_	_	linguistic	_	none	_	Begin=1231.58|End=1232.04	_	_	_	0-4(108)
605-0	PSB059	605	605	0	perché	perché	_	_	_	_	_	linguistic	_	none	_	Begin=1232.21	_	_	_	_
605-1	PSB059	605	605	1	nella	nella	_	_	_	_	_	linguistic	_	none	_	_	_	_	_	_
605-2	PSB059	605	605	2	italia::	italia	_	_	_	_	_	linguistic	_	none	_	End=1233.66	5x2	_	_	_
606-0	PSB059	606	606	0	fa	fa	_	_	_	_	_	linguistic	_	none	_	Begin=1234.32	_	_	_	_
606-1	PSB059	606	606	1	freddo	freddo	_	_	_	_	_	linguistic	_	none	_	_	_	_	_	_
606-2	PSB059	606	606	2	con	con	_	_	_	_	_	linguistic	_	none	_	_	_	_	_	_
606-3	PSB059	606	606	3	>guidare<	guidare	_	_	_	_	_	linguistic	_	none	_	_	_	Fast=0-7(0)	_	_
606-4	PSB059	606	606	4	con	con	_	_	_	_	_	linguistic	_	none	_	_	_	_	_	_
606-5	PSB059	606	606	5	la	la	_	_	_	_	_	linguistic	_	none	_	_	_	_	_	_
606-6	PSB059	606	606	6	mo:to	moto	_	_	_	_	_	linguistic	_	none	_	End=1236.265	1x1	_	_	_
607-0	PSB005	607	607	0	°eh	eh	_	_	_	_	_	linguistic	_	none	Volume=low	Begin=1236.28	_	_	_	_
607-1	PSB005	607	607	1	sì:°	sì	_	_	_	_	_	linguistic	_	none	Volume=low	End=1236.77	1x1	_	_	_
608-0	PSB005	608	608	0	sì	sì	_	_	_	_	_	linguistic	_	none	_	Begin=1237.53	_	_	_	_
608-1	PSB005	608	608	1	quindi	quindi	_	_	_	_	_	linguistic	_	none	_	_	_	_	_	_
608-2	PSB005	608	608	2	è	è	_	_	_	_	_	linguistic	_	none	_	_	_	_	_	_
608-3	PSB005	608	608	3	meglio	meglio	_	_	_	_	_	linguistic	_	none	_	_	_	_	_	_
608-4	PSB005	608	608	4	la	la	_	_	_	_	_	linguistic	_	none	_	_	_	_	_	_
608-5	PSB005	608	608	5	macch[ina:]?	macchina	_	_	_	_	_	linguistic	_	none	Intonation=Rising	End=1239.13	7x1	_	_	5-8(109)
609-0	PSB059	609	609	0	[sì]:	sì	_	_	_	_	_	linguistic	_	none	_	Begin=1238.81|End=1239.24	1x1	_	_	0-2(109)
610-0	PSB005	610	610	0	°sì:	sì	_	_	_	_	_	linguistic	_	none	Volume=low	Begin=1239.25	1x1	_	_	_
610-1	PSB005	610	610	1	sì	sì	_	_	_	_	_	linguistic	_	none	Volume=low	_	_	_	_	_
610-2	PSB005	610	610	2	sì°	sì	_	_	_	_	_	linguistic	_	none	Volume=low	End=1240.26	_	_	_	_
611-0	PSB059	611	611	0	mio	mio	_	_	_	_	_	linguistic	_	none	_	Begin=1240.47	_	_	_	_
611-1	PSB059	611	611	1	padre:	padre	_	_	_	_	_	linguistic	_	none	_	_	4x1	_	_	_
611-2	PSB059	611	611	2	ha	ha	_	_	_	_	_	linguistic	_	none	_	_	_	_	_	_
611-3	PSB059	611	611	3	preso:	preso	_	_	_	_	_	linguistic	_	none	_	_	4x1	_	_	_
611-4	PSB059	611	611	4	patente	patente	_	_	_	_	_	linguistic	_	none	_	End=1242.25	_	_	_	_
612-0	PSB059	612	612	0	da:	da	_	_	_	_	_	linguistic	_	none	_	Begin=1242.47	1x1	_	_	_
612-1	PSB059	612	612	1	due	due	_	_	_	_	_	linguistic	_	none	_	_	_	_	_	_
612-2	PSB059	612	612	2	settimane	settimane	_	_	_	_	_	linguistic	_	none	_	_	_	_	_	_
612-3	PSB059	612	612	3	fa	fa	_	_	_	_	_	linguistic	_	none	_	End=1244.29	_	_	_	_
613-0	PSB005	613	613	0	mhmh	mhmh	_	_	_	_	_	linguistic	_	none	_	Begin=1244.39	_	_	_	_
613-1	PSB005	613	613	1	okay	okay	_	_	_	_	_	linguistic	_	none	_	End=1245.39	_	_	_	_
614-0	PSB005	614	614	0	>quindi	quindi	_	_	_	_	_	linguistic	_	none	_	Begin=1246.12	_	Fast=0-6(0)	_	_
614-1	PSB005	614	614	1	avete	avete	_	_	_	_	_	linguistic	_	none	_	_	_	Fast=0-5(0)	_	_
614-2	PSB005	614	614	2	la	la	_	_	_	_	_	linguistic	_	none	_	_	_	Fast=0-2(0)	_	_
614-3	PSB005	614	614	3	macchina<	macchina	_	_	_	_	_	linguistic	_	none	_	End=1247.43	_	Fast=0-8(0)	_	_
615-0	PSB059	615	615	0	eh	eh	_	_	_	_	_	linguistic	_	none	_	Begin=1247.63	_	_	_	_
615-1	PSB059	615	615	1	però	però	_	_	_	_	_	linguistic	_	none	_	_	_	_	_	_
615-2	PSB059	615	615	2	no	no	_	_	_	_	_	linguistic	_	none	_	_	_	_	_	_
615-3	PSB059	615	615	3	comprato	comprato	_	_	_	_	_	linguistic	_	none	_	_	_	_	_	_
615-4	PSB059	615	615	4	macchina	macchina	_	_	_	_	_	linguistic	_	none	_	_	_	_	_	_
615-5	PSB059	615	615	5	però::	però	_	_	_	_	_	linguistic	_	none	_	_	3x2	_	_	_
615-6	PSB059	615	615	6	sto	sto	_	_	_	_	_	linguistic	_	none	_	_	_	_	_	_
615-7	PSB059	615	615	7	cercando	cercando	_	_	_	_	_	linguistic	_	none	_	_	_	_	_	_
615-8	PSB059	615	615	8	una	una	_	_	_	_	_	linguistic	_	none	_	_	_	_	_	_
615-9	PSB059	615	615	9	macch[ina]	macchina	_	_	_	_	_	linguistic	_	none	_	End=1250.77	_	_	_	5-8(110)
616-0	PSB005	616	616	0	[mhmh]	mhmh	_	_	_	_	_	linguistic	_	none	_	Begin=1250.42|End=1250.85	_	_	_	0-4(110)
617-0	PSB059	617	617	0	per	per	_	_	_	_	_	linguistic	_	none	_	Begin=1251.28	_	_	_	_
617-1	PSB059	617	617	1	nostra	nostra	_	_	_	_	_	linguistic	_	none	_	_	_	_	_	_
617-2	PSB059	617	617	2	famiglia	famiglia	_	_	_	_	_	linguistic	_	none	_	End=1252.1	_	_	_	_
618-0	PSB005	618	618	0	sì	sì	_	_	_	_	_	linguistic	_	none	_	Begin=1252.44	_	_	_	_
618-1	PSB005	618	618	1	sì	sì	_	_	_	_	_	linguistic	_	none	_	_	_	_	_	_
618-2	PSB005	618	618	2	certo	certo	_	_	_	_	_	linguistic	_	none	_	End=1253.3	_	_	_	_
619-0	PSB005	619	619	0	°sì	sì	_	_	_	_	_	linguistic	_	none	Volume=low	Begin=1253.38	_	_	_	_
619-1	PSB005	619	619	1	sì°	sì	_	_	_	_	_	linguistic	_	none	Volume=low	End=1253.75	_	_	_	_
620-0	PSB005	620	620	0	ah:	ah	_	_	_	_	_	linguistic	_	none	_	Begin=1254.07	1x1	_	_	_
620-1	PSB005	620	620	1	così	così	_	_	_	_	_	linguistic	_	none	_	_	_	_	_	_
620-2	PSB005	620	620	2	dopo	dopo	_	_	_	_	_	linguistic	_	none	_	_	_	_	_	_
620-3	PSB005	620	620	3	puoi	puoi	_	_	_	_	_	linguistic	_	none	_	_	_	_	_	_
620-4	PSB005	620	620	4	andare	andare	_	_	_	_	_	linguistic	_	none	_	_	_	_	_	_
620-5	PSB005	620	620	5	in	in	_	_	_	_	_	linguistic	_	none	_	_	_	_	_	_
620-6	PSB005	620	620	6	gi[ro	giro	_	_	_	_	_	linguistic	_	none	_	_	_	_	_	2-4(111)
620-7	PSB005	620	620	7	dove	dove	_	_	_	_	_	linguistic	_	none	_	_	_	_	_	0-4(111)
620-8	PSB005	620	620	8	vuo]i:	vuoi	_	_	_	_	_	linguistic	_	none	_	End=1256.17	3x1	_	_	0-3(111)
621-0	PSB059	621	621	0	[sì::]	sì	_	_	_	_	_	linguistic	_	none	_	Begin=1255.37|End=1255.81	1x2	_	_	0-2(111)
622-0	PSB005	622	622	0	certo:	certo	_	_	_	_	_	linguistic	_	none	_	Begin=1256.56|End=1257.05	4x1	_	_	_
623-0	PSB005	623	623	0	°sì	sì	_	_	_	_	_	linguistic	_	none	Volume=low	Begin=1257.23	_	_	_	_
623-1	PSB005	623	623	1	sì°	sì	_	_	_	_	_	linguistic	_	none	Volume=low	End=1257.84	_	_	_	_
624-0	PSB005	624	624	0	quindi	quindi	_	_	_	_	_	linguistic	_	none	_	Begin=1258.69	_	_	_	_
624-1	PSB005	624	624	1	adesso	adesso	_	_	_	_	_	linguistic	_	none	_	_	_	_	_	_
624-2	PSB005	624	624	2	tu	tu	_	_	_	_	_	linguistic	_	none	_	_	_	_	_	_
624-3	PSB005	624	624	3	vuoi	vuoi	_	_	_	_	_	linguistic	_	none	_	_	_	_	_	_
624-4	PSB005	624	624	4	studiare	studiare	_	_	_	_	_	linguistic	_	none	_	_	_	_	_	_
624-5	PSB005	624	624	5	e	e	_	_	_	_	_	linguistic	_	none	_	_	_	_	_	_
624-6	PSB005	624	624	6	poi:	poi	_	_	_	_	_	linguistic	_	none	_	_	2x1	_	_	_
624-7	PSB005	624	624	7	cerchi	cerchi	_	_	_	_	_	linguistic	_	none	_	_	_	_	_	_
624-8	PSB005	624	624	8	lavoro:	lavoro	_	_	_	_	_	linguistic	_	none	_	End=1261.21	5x1	_	_	_
625-0	PSB059	625	625	0	sì	sì	_	_	_	_	_	linguistic	_	none	_	Begin=1261.27|End=1261.55	_	_	_	_
626-0	PSB005	626	626	0	qui	qui	_	_	_	_	_	linguistic	_	none	_	Begin=1261.61|End=1262.14	_	_	_	_
627-0	PSB059	627	627	0	°sì°	sì	_	_	_	_	_	linguistic	_	none	Volume=low	Begin=1262.49|End=1262.85	_	_	_	_
628-0	PSB005	628	628	0	pensavi	pensavi	_	_	_	_	_	linguistic	_	none	_	Begin=1262.89	_	_	_	_
628-1	PSB005	628	628	1	°sì	sì	_	_	_	_	_	linguistic	_	none	Volume=low	_	_	_	_	_
628-2	PSB005	628	628	2	sì°	sì	_	_	_	_	_	linguistic	_	none	Volume=low	End=1263.84	_	_	_	_
629-0	PSB005	629	629	0	°okay°	okay	_	_	_	_	_	linguistic	_	none	Volume=low	Begin=1264.43|End=1265.06	_	_	_	_
630-0	PSB059	630	630	0	eh::	eh	_	_	_	_	_	linguistic	_	none	_	Begin=1265.32	1x2	_	_	_
630-1	PSB059	630	630	1	devo	devo	_	_	_	_	_	linguistic	_	none	_	_	_	_	_	_
630-2	PSB059	630	630	2	restare	restare	_	_	_	_	_	linguistic	_	none	_	_	_	_	_	_
630-3	PSB059	630	630	3	proprio	proprio	_	_	_	_	_	linguistic	_	none	_	_	_	_	_	_
630-4	PSB059	630	630	4	qua	qua	_	_	_	_	_	linguistic	_	none	_	End=1267.1	_	_	_	_
631-0	PSB005	631	631	0	mhmh	mhmh	_	_	_	_	_	linguistic	_	none	_	Begin=1267.33|End=1267.8	_	_	_	_
632-0	PSB059	632	632	0	però:	però	_	_	_	_	_	linguistic	_	none	_	Begin=1268.58	3x1	_	_	_
632-1	PSB059	632	632	1	il	il	_	_	_	_	_	linguistic	_	none	_	_	_	_	_	_
632-2	PSB059	632	632	2	mio	mio	_	_	_	_	_	linguistic	_	none	_	_	_	_	_	_
632-3	PSB059	632	632	3	prof	prof	_	_	_	_	_	linguistic	_	none	_	_	_	_	_	_
632-4	PSB059	632	632	4	mi	mi	_	_	_	_	_	linguistic	_	none	_	_	_	_	_	_
632-5	PSB059	632	632	5	ha	ha	_	_	_	_	_	linguistic	_	none	_	_	_	_	_	_
632-6	PSB059	632	632	6	detto	detto	_	_	_	_	_	linguistic	_	none	_	_	_	_	_	_
632-7	PSB059	632	632	7	che::	che	_	_	_	_	_	linguistic	_	none	_	_	2x2	_	_	_
632-8	PSB059	632	632	8	va	va	_	_	_	_	_	linguistic	_	none	_	_	_	_	_	_
632-9	PSB059	632	632	9	in	in	_	_	_	_	_	linguistic	_	none	_	_	_	_	_	_
632-10	PSB059	632	632	10	germania	germania	_	_	_	_	_	linguistic	_	none	PauseAfter=Yes	_	_	_	_	_
632-11	PSB059	632	632	11	(.)	(.)	_	_	_	_	_	shortpause	_	none	_	_	_	_	_	_
632-12	PSB059	632	632	12	(per	per	_	_	_	_	_	linguistic	_	none	_	_	_	_	0-3(0)	_
632-13	PSB059	632	632	13	te)	te	_	_	_	_	_	linguistic	_	none	_	_	_	_	0-2(0)	_
632-14	PSB059	632	632	14	è	è	_	_	_	_	_	linguistic	_	none	_	_	_	_	_	_
632-15	PSB059	632	632	15	meglio:	meglio	_	_	_	_	_	linguistic	_	none	_	End=1272.08	5x1	_	_	_
633-0	PSB005	633	633	0	mhmh	mhmh	_	_	_	_	_	linguistic	_	none	_	Begin=1272.15|End=1272.49	_	_	_	_
634-0	PSB059	634	634	0	perché::	perché	_	_	_	_	_	linguistic	_	none	_	Begin=1273.25	5x2	_	_	_
634-1	PSB059	634	634	1	io	io	_	_	_	_	_	linguistic	_	none	_	_	_	_	_	_
634-2	PSB059	634	634	2	so	so	_	_	_	_	_	linguistic	_	none	_	_	_	_	_	_
634-3	PSB059	634	634	3	lavorerò	lavorerò	_	_	_	_	_	linguistic	_	none	_	_	_	_	_	_
634-4	PSB059	634	634	4	tanto.	tanto	_	_	_	_	_	linguistic	_	none	Intonation=Falling	End=1275.14	_	_	_	_
635-0	PSB059	635	635	0	nostro	nostro	_	_	_	_	_	linguistic	_	none	_	Begin=1275.66	_	_	_	_
635-1	PSB059	635	635	1	compagni	compagni	_	_	_	_	_	linguistic	_	none	_	_	_	_	_	_
635-2	PSB059	635	635	2	non	non	_	_	_	_	_	linguistic	_	none	_	_	_	_	_	_
635-3	PSB059	635	635	3	fa	fa	_	_	_	_	_	linguistic	_	none	_	_	_	_	_	_
635-4	PSB059	635	635	4	lavoro:	lavoro	_	_	_	_	_	linguistic	_	none	_	_	5x1	_	_	_
635-5	PSB059	635	635	5	così::	così	_	_	_	_	_	linguistic	_	none	_	End=1277.89	3x2	_	_	_
636-0	PSB005	636	636	0	però	però	_	_	_	_	_	linguistic	_	none	_	Begin=1279.98	_	_	_	_
636-1	PSB005	636	636	1	la	la	_	_	_	_	_	linguistic	_	none	_	_	_	_	_	_
636-2	PSB005	636	636	2	germania:,	germania	_	_	_	_	_	linguistic	_	none	Intonation=WeaklyRising	End=1281.06	7x1	_	_	_
637-0	PSB059	637	637	0	sì::	sì	_	_	_	_	_	linguistic	_	none	_	Begin=1281.8	1x2	_	_	_
637-1	PSB059	637	637	1	un	un	_	_	_	_	_	linguistic	_	none	_	_	_	_	_	_
637-2	PSB059	637	637	2	po'	po'	_	_	_	_	_	linguistic	_	none	_	_	_	_	_	_
637-3	PSB059	637	637	3	difficoltà	difficoltà	_	_	_	_	_	linguistic	_	none	_	_	_	_	_	_
637-4	PSB059	637	637	4	per	per	_	_	_	_	_	linguistic	_	none	_	_	_	_	_	_
637-5	PSB059	637	637	5	me	me	_	_	_	_	_	linguistic	_	none	_	_	_	_	_	_
637-6	PSB059	637	637	6	LI:NGUA	lingua	_	_	_	_	_	linguistic	_	none	Volume=high	_	1x1	_	_	_
637-7	PSB059	637	637	7	e	e	_	_	_	_	_	linguistic	_	none	_	_	_	_	_	_
637-8	PSB059	637	637	8	xx:	xx	_	_	_	_	_	linguistic	_	none	_	_	1x1	_	_	_
637-9	PSB059	637	637	9	altri	altri	_	_	_	_	_	linguistic	_	none	_	_	_	_	_	_
637-10	PSB059	637	637	10	cosa	cosa	_	_	_	_	_	linguistic	_	none	_	_	_	_	_	_
637-11	PSB059	637	637	11	però:	però	_	_	_	_	_	linguistic	_	none	_	End=1286.55	3x1	_	_	_
638-0	PSB059	638	638	0	>voglio	voglio	_	_	_	_	_	linguistic	_	none	_	Begin=1286.6	_	Fast=0-6(0)	_	_
638-1	PSB059	638	638	1	restare	restare	_	_	_	_	_	linguistic	_	none	_	_	_	Fast=0-7(0)	_	_
638-2	PSB059	638	638	2	qua<	qua	_	_	_	_	_	linguistic	_	none	_	End=1287.56	_	Fast=0-3(0)	_	_
639-0	PSB005	639	639	0	infatti:	infatti	_	_	_	_	_	linguistic	_	none	_	Begin=1287.57|End=1288.23	6x1	_	_	_
640-0	PSB005	640	640	0	fa	fa	_	_	_	_	_	linguistic	_	none	_	Begin=1288.91	_	_	_	_
640-1	PSB005	640	640	1	freddo:	freddo	_	_	_	_	_	linguistic	_	none	_	End=1289.97	5x1	_	_	_
641-0	PSB005	641	641	0	il	il	_	_	_	_	_	linguistic	_	none	_	Begin=1293.75	_	_	_	_
641-1	PSB005	641	641	1	cibo	cibo	_	_	_	_	_	linguistic	_	none	_	_	_	_	_	_
641-2	PSB005	641	641	2	è	è	_	_	_	_	_	linguistic	_	none	_	_	_	_	_	_
641-3	PSB005	641	641	3	più	più	_	_	_	_	_	linguistic	_	none	_	_	_	_	_	_
641-4	PSB005	641	641	4	buono	buono	_	_	_	_	_	linguistic	_	none	_	_	_	_	_	_
641-5	PSB005	641	641	5	qui:	qui	_	_	_	_	_	linguistic	_	none	_	End=1295.01	2x1	_	_	_
642-0	PSB059	642	642	0	sì	sì	_	_	_	_	_	linguistic	_	none	_	Begin=1295.43|End=1295.83	_	_	_	_
643-0	PSB005	643	643	0	ti	ti	_	_	_	_	_	linguistic	_	none	_	Begin=1295.87	_	_	_	_
643-1	PSB005	643	643	1	piace	piace	_	_	_	_	_	linguistic	_	none	_	_	_	_	_	_
643-2	PSB005	643	643	2	il	il	_	_	_	_	_	linguistic	_	none	_	_	_	_	_	_
643-3	PSB005	643	643	3	cibo	cibo	_	_	_	_	_	linguistic	_	none	_	_	_	_	_	_
643-4	PSB005	643	643	4	italiano?	italiano	_	_	_	_	_	linguistic	_	none	Intonation=Rising	End=1297.18	_	_	_	_
644-0	PSB059	644	644	0	sì	sì	_	_	_	_	_	linguistic	_	none	_	Begin=1297.46	_	_	_	_
644-1	PSB059	644	644	1	però::	però	_	_	_	_	_	linguistic	_	none	_	End=1298.61	3x2	_	_	_
645-0	PSB059	645	645	0	so	so	_	_	_	_	_	linguistic	_	none	_	Begin=1298.98	_	_	_	_
645-1	PSB059	645	645	1	musul~	musul~	_	_	_	_	_	linguistic	_	none	Interrupted=Yes	_	_	_	_	_
645-2	PSB059	645	645	2	eh:	eh	_	_	_	_	_	linguistic	_	none	_	_	1x1	_	_	_
645-3	PSB059	645	645	3	noi	noi	_	_	_	_	_	linguistic	_	none	_	_	_	_	_	_
645-4	PSB059	645	645	4	musulmani	musulmani	_	_	_	_	_	linguistic	_	none	_	_	_	_	_	_
645-5	PSB059	645	645	5	non	non	_	_	_	_	_	linguistic	_	none	_	_	_	_	_	_
645-6	PSB059	645	645	6	si	si	_	_	_	_	_	linguistic	_	none	_	_	_	_	_	_
645-7	PSB059	645	645	7	può	può	_	_	_	_	_	linguistic	_	none	_	_	_	_	_	_
645-8	PSB059	645	645	8	mangiare	mangiare	_	_	_	_	_	linguistic	_	none	_	_	_	_	_	_
645-9	PSB059	645	645	9	maiale:	maiale	_	_	_	_	_	linguistic	_	none	_	End=1301.91	5x1	_	_	_
646-0	PSB005	646	646	0	quindi	quindi	_	_	_	_	_	linguistic	_	none	_	Begin=1302.01	_	_	_	_
646-1	PSB005	646	646	1	a	a	_	_	_	_	_	linguistic	_	none	_	_	_	_	_	_
646-2	PSB005	646	646	2	bologna	bologna	_	_	_	_	_	linguistic	_	none	_	_	_	_	_	_
646-3	PSB005	646	646	3	è	è	_	_	_	_	_	linguistic	_	none	_	_	_	_	_	_
646-4	PSB005	646	646	4	terribile,	terribile	_	_	_	_	_	linguistic	_	none	Intonation=WeaklyRising	End=1303.48	_	_	_	_
647-0	PSB059	647	647	0	eh::	eh	_	_	_	_	_	linguistic	_	none	_	Begin=1303.86	1x2	_	_	_
647-1	PSB059	647	647	1	però:	però	_	_	_	_	_	linguistic	_	none	_	_	3x1	_	_	_
647-2	PSB059	647	647	2	abbiamo	abbiamo	_	_	_	_	_	linguistic	_	none	_	_	_	_	_	_
647-3	PSB059	647	647	3	già	già	_	_	_	_	_	linguistic	_	none	_	_	_	_	_	_
647-4	PSB059	647	647	4	mangiato	mangiato	_	_	_	_	_	linguistic	_	none	_	_	_	_	_	_
647-5	PSB059	647	647	5	pizza:	pizza	_	_	_	_	_	linguistic	_	none	_	_	4x1	_	_	_
647-6	PSB059	647	647	6	(di)	di	_	_	_	_	_	linguistic	_	none	_	_	_	_	0-2(0)	_
647-7	PSB059	647	647	7	kebab	kebab	_	_	_	_	_	linguistic	_	none	_	End=1307.05	_	_	_	_
648-0	PSB059	648	648	0	c'	c'	_	_	_	_	_	linguistic	_	none	SpaceAfter=No	Begin=1308.45	_	_	_	_
648-1	PSB059	648	648	1	è	è	_	_	_	_	_	linguistic	_	none	_	_	_	_	_	_
648-2	PSB059	648	648	2	tanti	tanti	_	_	_	_	_	linguistic	_	none	_	_	_	_	_	_
648-3	PSB059	648	648	3	cosa	cosa	_	_	_	_	_	linguistic	_	none	_	_	_	_	_	_
648-4	PSB059	648	648	4	per	per	_	_	_	_	_	linguistic	_	none	_	_	_	_	_	_
648-5	PSB059	648	648	5	mangiare:	mangiare	_	_	_	_	_	linguistic	_	none	_	End=1309.93	7x1	_	_	_
649-0	PSB005	649	649	0	mhmh	mhmh	_	_	_	_	_	linguistic	_	none	_	Begin=1309.94|End=1310.28	_	_	_	_
650-0	PSB005	650	650	0	ci	ci	_	_	_	_	_	linguistic	_	none	_	Begin=1310.95	_	_	_	_
650-1	PSB005	650	650	1	sono	sono	_	_	_	_	_	linguistic	_	none	_	_	_	_	_	_
650-2	PSB005	650	650	2	dei	dei	_	_	_	_	_	linguistic	_	none	_	_	_	_	_	_
650-3	PSB005	650	650	3	negozi:	negozi	_	_	_	_	_	linguistic	_	none	_	_	5x1	_	_	_
650-4	PSB005	650	650	4	halal,	halal	_	_	_	_	_	linguistic	_	none	Intonation=WeaklyRising	End=1312.66	_	_	_	_
651-0	PSB059	651	651	0	sì:	sì	_	_	_	_	_	linguistic	_	none	_	Begin=1312.87|End=1313.32	1x1	_	_	_
652-0	PSB005	652	652	0	anche	anche	_	_	_	_	_	linguistic	_	none	_	Begin=1313.67	_	_	_	_
652-1	PSB005	652	652	1	a	a	_	_	_	_	_	linguistic	_	none	_	_	_	_	_	_
652-2	PSB005	652	652	2	san	san	_	_	_	_	_	linguistic	_	none	_	_	_	_	_	_
652-3	PSB005	652	652	3	pietro	pietro	_	_	_	_	_	linguistic	_	none	_	_	_	_	_	_
652-4	PSB005	652	652	4	in	in	_	_	_	_	_	linguistic	_	none	_	_	_	_	_	_
652-5	PSB005	652	652	5	casale?	casale	_	_	_	_	_	linguistic	_	none	Intonation=Rising	End=1314.99	_	_	_	_
653-0	PSB059	653	653	0	san	san	_	_	_	_	_	linguistic	_	none	_	Begin=1315.16	_	_	_	_
653-1	PSB059	653	653	1	eh::	eh	_	_	_	_	_	linguistic	_	none	_	_	1x2	_	_	_
653-2	PSB059	653	653	2	c'	c'	_	_	_	_	_	linguistic	_	none	SpaceAfter=No	_	_	_	_	_
653-3	PSB059	653	653	3	è	è	_	_	_	_	_	linguistic	_	none	_	_	_	_	_	_
653-4	PSB059	653	653	4	poco	poco	_	_	_	_	_	linguistic	_	none	_	_	_	_	_	_
653-5	PSB059	653	653	5	però	però	_	_	_	_	_	linguistic	_	none	_	_	_	_	_	_
653-6	PSB059	653	653	6	nella	nella	_	_	_	_	_	linguistic	_	none	_	_	_	_	_	_
653-7	PSB059	653	653	7	bologna	bologna	_	_	_	_	_	linguistic	_	none	_	_	_	_	_	_
653-8	PSB059	653	653	8	c'	c'	_	_	_	_	_	linguistic	_	none	SpaceAfter=No	_	_	_	_	_
653-9	PSB059	653	653	9	è	è	_	_	_	_	_	linguistic	_	none	_	_	_	_	_	_
653-10	PSB059	653	653	10	tantiss[imo]	tantissimo	_	_	_	_	_	linguistic	_	none	_	End=1318.44	_	_	_	5-9(112)
654-0	PSB005	654	654	0	[mhmh]	mhmh	_	_	_	_	_	linguistic	_	none	_	Begin=1318.17|End=1318.66	_	_	_	0-4(112)
655-0	PSB005	655	655	0	beh	beh	_	_	_	_	_	linguistic	_	none	_	Begin=1319.45	_	_	_	_
655-1	PSB005	655	655	1	sì	sì	_	_	_	_	_	linguistic	_	none	_	_	_	_	_	_
655-2	PSB005	655	655	2	non	non	_	_	_	_	_	linguistic	_	none	_	_	_	_	_	_
655-3	PSB005	655	655	3	è	è	_	_	_	_	_	linguistic	_	none	_	_	_	_	_	_
655-4	PSB005	655	655	4	troppo	troppo	_	_	_	_	_	linguistic	_	none	_	_	_	_	_	_
655-5	PSB005	655	655	5	lontano	lontano	_	_	_	_	_	linguistic	_	none	_	_	_	_	_	_
655-6	PSB005	655	655	6	[dai]	dai	_	_	_	_	_	linguistic	_	none	_	End=1321.41	_	_	_	0-3(113)
656-0	PSB059	656	656	0	[sì]	sì	_	_	_	_	_	linguistic	_	none	_	Begin=1321.24|End=1321.435	_	_	_	0-2(113)
657-0	PSB005	657	657	0	nel[la	nella	_	_	_	_	_	linguistic	_	none	_	Begin=1322.26	_	_	_	3-5(114)
657-1	PSB005	657	657	1	zona	zona	_	_	_	_	_	linguistic	_	none	_	_	_	_	_	0-4(114)
657-2	PSB005	657	657	2	de]lla	della	_	_	_	_	_	linguistic	_	none	_	_	_	_	_	0-2(114)
657-3	PSB005	657	657	3	bolognina	bolognina	_	_	_	_	_	linguistic	_	none	_	_	_	_	_	_
657-4	PSB005	657	657	4	ho	ho	_	_	_	_	_	linguistic	_	none	_	_	_	_	_	_
657-5	PSB005	657	657	5	visto	visto	_	_	_	_	_	linguistic	_	none	_	_	_	_	_	_
657-6	PSB005	657	657	6	che	che	_	_	_	_	_	linguistic	_	none	_	_	_	_	_	_
657-7	PSB005	657	657	7	ci	ci	_	_	_	_	_	linguistic	_	none	_	_	_	_	_	_
657-8	PSB005	657	657	8	son	son	_	_	_	_	_	linguistic	_	none	_	_	_	_	_	_
657-9	PSB005	657	657	9	tanti::	tanti	_	_	_	_	_	linguistic	_	none	_	End=1325.27	4x2	_	_	_
658-0	PSB059	658	658	0	[(è	è	_	_	_	_	_	linguistic	_	none	_	Begin=1322.42	_	_	0-1(0)	0-1(114)
658-1	PSB059	658	658	1	vero)]	vero	_	_	_	_	_	linguistic	_	none	_	End=1322.99	_	_	0-4(0)	0-4(114)
659-0	PSB059	659	659	0	sì:	sì	_	_	_	_	_	linguistic	_	none	_	Begin=1325.29|End=1325.67	1x1	_	_	_
660-0	PSB059	660	660	0	e:h	eh	_	_	_	_	_	linguistic	_	none	_	Begin=1326.94	0x1	_	_	_
660-1	PSB059	660	660	1	se	se	_	_	_	_	_	linguistic	_	none	_	_	_	_	_	_
660-2	PSB059	660	660	2	prendo	prendo	_	_	_	_	_	linguistic	_	none	_	_	_	_	_	_
660-3	PSB059	660	660	3	treno::	treno	_	_	_	_	_	linguistic	_	none	_	End=1328.38	4x2	_	_	_
661-0	PSB059	661	661	0	quindici	quindici	_	_	_	_	_	linguistic	_	none	_	Begin=1329.74	_	_	_	_
661-1	PSB059	661	661	1	minuti::	minuti	_	_	_	_	_	linguistic	_	none	_	End=1330.99	5x2	_	_	_
662-0	PSB005	662	662	0	ci	ci	_	_	_	_	_	linguistic	_	none	_	Begin=1331.2	_	_	_	_
662-1	PSB005	662	662	1	sono	sono	_	_	_	_	_	linguistic	_	none	_	_	_	_	_	_
662-2	PSB005	662	662	2	molti	molti	_	_	_	_	_	linguistic	_	none	_	_	_	_	_	_
662-3	PSB005	662	662	3	ritardi	ritardi	_	_	_	_	_	linguistic	_	none	_	_	_	_	_	_
662-4	PSB005	662	662	4	i	i	_	_	_	_	_	linguistic	_	none	_	_	_	_	_	_
662-5	PSB005	662	662	5	treni	treni	_	_	_	_	_	linguistic	_	none	_	_	_	_	_	_
662-6	PSB005	662	662	6	funzionano	funzionano	_	_	_	_	_	linguistic	_	none	_	_	_	_	_	_
662-7	PSB005	662	662	7	bene:?	bene	_	_	_	_	_	linguistic	_	none	Intonation=Rising	End=1334.05	3x1	_	_	_
663-0	PSB059	663	663	0	sì	sì	_	_	_	_	_	linguistic	_	none	_	Begin=1334.59	_	_	_	_
663-1	PSB059	663	663	1	funzionano	funzionano	_	_	_	_	_	linguistic	_	none	_	_	_	_	_	_
663-2	PSB059	663	663	2	bene	bene	_	_	_	_	_	linguistic	_	none	_	_	_	_	_	_
663-3	PSB059	663	663	3	qualcuno	qualcuno	_	_	_	_	_	linguistic	_	none	_	_	_	_	_	_
663-4	PSB059	663	663	4	volte::	volte	_	_	_	_	_	linguistic	_	none	_	_	4x2	_	_	_
663-5	PSB059	663	663	5	per	per	_	_	_	_	_	linguistic	_	none	PauseAfter=Yes	_	_	_	_	_
663-6	PSB059	663	663	6	(.)	(.)	_	_	_	_	_	shortpause	_	none	_	_	_	_	_	_
663-7	PSB059	663	663	7	sciopero	sciopero	_	_	_	_	_	linguistic	_	none	_	End=1337.92	_	_	_	_
664-0	PSB005	664	664	0	mhmh	mhmh	_	_	_	_	_	linguistic	_	none	_	Begin=1338.27|End=1338.77	_	_	_	_
665-0	PSB005	665	665	0	sì:	sì	_	_	_	_	_	linguistic	_	none	_	Begin=1339.7|End=1340.01	1x1	_	_	_
666-0	PSB005	666	666	0	in	in	_	_	_	_	_	linguistic	_	none	_	Begin=1341.58	_	_	_	_
666-1	PSB005	666	666	1	bangladesh	bangladesh	_	_	_	_	_	linguistic	_	none	_	_	_	_	_	_
666-2	PSB005	666	666	2	ci	ci	_	_	_	_	_	linguistic	_	none	_	_	_	_	_	_
666-3	PSB005	666	666	3	sono	sono	_	_	_	_	_	linguistic	_	none	_	_	_	_	_	_
666-4	PSB005	666	666	4	i	i	_	_	_	_	_	linguistic	_	none	_	_	_	_	_	_
666-5	PSB005	666	666	5	treni:?	treni	_	_	_	_	_	linguistic	_	none	Intonation=Rising	End=1343.05	4x1	_	_	_
667-0	PSB005	667	667	0	[come	come	_	_	_	_	_	linguistic	_	none	_	Begin=1343.35	_	_	_	0-4(115)
667-1	PSB005	667	667	1	ci]	ci	_	_	_	_	_	linguistic	_	none	_	_	_	_	_	0-2(115)
667-2	PSB005	667	667	2	si	si	_	_	_	_	_	linguistic	_	none	_	_	_	_	_	_
667-3	PSB005	667	667	3	sposta?	sposta	_	_	_	_	_	linguistic	_	none	Intonation=Rising	End=1344.39	_	_	_	_
668-0	PSB059	668	668	0	[sì:]	sì	_	_	_	_	_	linguistic	_	none	_	Begin=1343.36|End=1343.69	1x1	_	_	0-2(115)
669-0	PSB059	669	669	0	però::	però	_	_	_	_	_	linguistic	_	none	_	Begin=1345.07	3x2	_	_	_
669-1	PSB059	669	669	1	ci:	ci	_	_	_	_	_	linguistic	_	none	_	_	1x1	_	_	_
669-2	PSB059	669	669	2	in	in	_	_	_	_	_	linguistic	_	none	_	_	_	_	_	_
669-3	PSB059	669	669	3	bangladesh	bangladesh	_	_	_	_	_	linguistic	_	none	_	_	_	_	_	_
669-4	PSB059	669	669	4	((ride))	((ride))	_	_	_	_	_	nonverbalbehavior	_	none	_	End=1347.31	_	_	_	_
670-0	PSB059	670	670	0	quando:	quando	_	_	_	_	_	linguistic	_	none	_	Begin=1347.98	5x1	_	_	_
670-1	PSB059	670	670	1	prendo	prendo	_	_	_	_	_	linguistic	_	none	_	_	_	_	_	_
670-2	PSB059	670	670	2	il	il	_	_	_	_	_	linguistic	_	none	_	_	_	_	_	_
670-3	PSB059	670	670	3	tre:no	treno	_	_	_	_	_	linguistic	_	none	_	End=1349.2	2x1	_	_	_
671-0	PSB059	671	671	0	non	non	_	_	_	_	_	linguistic	_	none	_	Begin=1349.8	_	_	_	_
671-1	PSB059	671	671	1	c'	c'	_	_	_	_	_	linguistic	_	none	SpaceAfter=No	_	_	_	_	_
671-2	PSB059	671	671	2	è	è	_	_	_	_	_	linguistic	_	none	_	_	_	_	_	_
671-3	PSB059	671	671	3	un	un	_	_	_	_	_	linguistic	_	none	_	_	_	_	_	_
671-4	PSB059	671	671	4	spa:zio	spazio	_	_	_	_	_	linguistic	_	none	_	_	2x1	_	_	_
671-5	PSB059	671	671	5	per	per	_	_	_	_	_	linguistic	_	none	_	_	_	_	_	_
671-6	PSB059	671	671	6	restare::	restare	_	_	_	_	_	linguistic	_	none	_	End=1352.29	6x2	_	_	_
672-0	PSB059	672	672	0	fa	fa	_	_	_	_	_	linguistic	_	none	_	Begin=1353.61	_	_	_	_
672-1	PSB059	672	672	1	troppo	troppo	_	_	_	_	_	linguistic	_	none	_	_	_	_	_	_
672-2	PSB059	672	672	2	casino	casino	_	_	_	_	_	linguistic	_	none	_	End=1354.75	_	_	_	_
673-0	PSB005	673	673	0	son	son	_	_	_	_	_	linguistic	_	none	_	Begin=1355.03	_	_	_	_
673-1	PSB005	673	673	1	pienissim[i]?	pienissimi	_	_	_	_	_	linguistic	_	none	Intonation=Rising	End=1355.93	_	_	_	9-10(116)
674-0	PSB059	674	674	0	[s]ì:	sì	_	_	_	_	_	linguistic	_	none	_	Begin=1355.89|End=1356.33	1x1	_	_	0-1(116)
675-0	PSB059	675	675	0	[non	non	_	_	_	_	_	linguistic	_	none	_	Begin=1358.91	_	_	_	0-3(117)
675-1	PSB059	675	675	1	è	è	_	_	_	_	_	linguistic	_	none	_	_	_	_	_	0-1(117)
675-2	PSB059	675	675	2	sta~]	sta~	_	_	_	_	_	linguistic	_	none	Interrupted=Yes	_	_	_	_	0-4(117)
675-3	PSB059	675	675	3	non	non	_	_	_	_	_	linguistic	_	none	_	_	_	_	_	_
675-4	PSB059	675	675	4	è	è	_	_	_	_	_	linguistic	_	none	_	_	_	_	_	_
675-5	PSB059	675	675	5	stato	stato	_	_	_	_	_	linguistic	_	none	_	_	_	_	_	_
675-6	PSB059	675	675	6	mai::	mai	_	_	_	_	_	linguistic	_	none	PauseAfter=Yes	_	2x2	_	_	_
675-7	PSB059	675	675	7	(.)	(.)	_	_	_	_	_	shortpause	_	none	_	_	_	_	_	_
675-8	PSB059	675	675	8	in	in	_	_	_	_	_	linguistic	_	none	_	_	_	_	_	_
675-9	PSB059	675	675	9	bangladesh	bangladesh	_	_	_	_	_	linguistic	_	none	_	_	_	_	_	_
675-10	PSB059	675	675	10	°tre	tre	_	_	_	_	_	linguistic	_	none	Volume=low	_	_	_	_	_
675-11	PSB059	675	675	11	anni°	anni	_	_	_	_	_	linguistic	_	none	PauseAfter=Yes|Volume=low	_	_	_	_	_
675-12	PSB059	675	675	12	(.)	(.)	_	_	_	_	_	shortpause	_	none	_	_	_	_	_	_
675-13	PSB059	675	675	13	mai	mai	_	_	_	_	_	linguistic	_	none	_	End=1362.93	_	_	_	_
676-0	PSB005	676	676	0	[anche]	anche	_	_	_	_	_	linguistic	_	none	_	Begin=1358.92|End=1359.38	_	_	_	0-5(117)
677-0	PSB005	677	677	0	okay	okay	_	_	_	_	_	linguistic	_	none	_	Begin=1363.21|End=1363.8	_	_	_	_
678-0	PSB059	678	678	0	però:	però	_	_	_	_	_	linguistic	_	none	_	Begin=1364.29	3x1	_	_	_
678-1	PSB059	678	678	1	in	in	_	_	_	_	_	linguistic	_	none	_	_	_	_	_	_
678-2	PSB059	678	678	2	italia:	italia	_	_	_	_	_	linguistic	_	none	_	_	5x1	_	_	_
678-3	PSB059	678	678	3	ogni	ogni	_	_	_	_	_	linguistic	_	none	_	_	_	_	_	_
678-4	PSB059	678	678	4	g:iorno	giorno	_	_	_	_	_	linguistic	_	none	_	End=1366.13	0x1	_	_	_
679-0	PSB005	679	679	0	eh	eh	_	_	_	_	_	linguistic	_	none	_	Begin=1366.17	_	_	_	_
679-1	PSB005	679	679	1	sì	sì	_	_	_	_	_	linguistic	_	none	_	End=1366.68	_	_	_	_
680-0	PSB005	680	680	0	sì	sì	_	_	_	_	_	linguistic	_	none	_	Begin=1367.94	_	_	_	_
680-1	PSB005	680	680	1	sì	sì	_	_	_	_	_	linguistic	_	none	_	_	_	_	_	_
680-2	PSB005	680	680	2	sì	sì	_	_	_	_	_	linguistic	_	none	_	End=1368.61	_	_	_	_
681-0	PSB005	681	681	0	anch'	anch'	_	_	_	_	_	linguistic	_	none	Truncated=Yes	Begin=1370.65	_	_	_	_
681-1	PSB005	681	681	1	io	io	_	_	_	_	_	linguistic	_	none	_	_	_	_	_	_
681-2	PSB005	681	681	2	lo	lo	_	_	_	_	_	linguistic	_	none	_	_	_	_	_	_
681-3	PSB005	681	681	3	prendo	prendo	_	_	_	_	_	linguistic	_	none	_	_	_	_	_	_
681-4	PSB005	681	681	4	tante	tante	_	_	_	_	_	linguistic	_	none	_	_	_	_	_	_
681-5	PSB005	681	681	5	volte	volte	_	_	_	_	_	linguistic	_	none	_	_	_	_	_	_
681-6	PSB005	681	681	6	sì	sì	_	_	_	_	_	linguistic	_	none	PauseAfter=Yes	_	_	_	_	_
681-7	PSB005	681	681	7	(.)	(.)	_	_	_	_	_	shortpause	_	none	_	_	_	_	_	_
681-8	PSB005	681	681	8	sì	sì	_	_	_	_	_	linguistic	_	none	_	_	_	_	_	_
681-9	PSB005	681	681	9	sì	sì	_	_	_	_	_	linguistic	_	none	_	_	_	_	_	_
681-10	PSB005	681	681	10	sì	sì	_	_	_	_	_	linguistic	_	none	_	End=1373.54	_	_	_	_
682-0	PSB005	682	682	0	eh:m	ehm	_	_	_	_	_	linguistic	_	none	_	Begin=1374.76|End=1375.66	1x1	_	_	_
683-0	PSB005	683	683	0	fammi	fammi	_	_	_	_	_	linguistic	_	none	_	Begin=1376.32	_	_	_	_
683-1	PSB005	683	683	1	pensare	pensare	_	_	_	_	_	linguistic	_	none	_	End=1377.25	_	_	_	_
684-0	PSB005	684	684	0	nel~	nel~	_	_	_	_	_	linguistic	_	none	Interrupted=Yes	Begin=1379.39	_	_	_	_
684-1	PSB005	684	684	1	nella	nella	_	_	_	_	_	linguistic	_	none	_	_	_	_	_	_
684-2	PSB005	684	684	2	tua	tua	_	_	_	_	_	linguistic	_	none	_	_	_	_	_	_
684-3	PSB005	684	684	3	famiglia,	famiglia	_	_	_	_	_	linguistic	_	none	Intonation=WeaklyRising|PauseAfter=Yes	_	_	_	_	_
684-4	PSB005	684	684	4	(.)	(.)	_	_	_	_	_	shortpause	_	none	_	_	_	_	_	_
684-5	PSB005	684	684	5	mangiate:	mangiate	_	_	_	_	_	linguistic	_	none	_	_	7x1	_	_	_
684-6	PSB005	684	684	6	cibo:	cibo	_	_	_	_	_	linguistic	_	none	_	_	3x1	_	_	_
684-7	PSB005	684	684	7	bengalese	bengalese	_	_	_	_	_	linguistic	_	none	_	_	_	_	_	_
684-8	PSB005	684	684	8	[o:	o	_	_	_	_	_	linguistic	_	none	_	_	0x1	_	_	0-1(118)
684-9	PSB005	684	684	9	ita]liano	italiano	_	_	_	_	_	linguistic	_	none	_	_	_	_	_	0-3(118)
684-10	PSB005	684	684	10	o	o	_	_	_	_	_	linguistic	_	none	_	_	_	_	_	_
684-11	PSB005	684	684	11	cosa?	cosa	_	_	_	_	_	linguistic	_	none	Intonation=Rising	End=1384.62	_	_	_	_
685-0	PSB059	685	685	0	[sì:]	sì	_	_	_	_	_	linguistic	_	none	_	Begin=1383.17|End=1383.55	1x1	_	_	0-2(118)
686-0	PSB059	686	686	0	italiano::	italiano	_	_	_	_	_	linguistic	_	none	_	Begin=1384.89	7x2	_	_	_
686-1	PSB059	686	686	1	s~	s~	_	_	_	_	_	linguistic	_	none	Interrupted=Yes	_	_	_	_	_
686-2	PSB059	686	686	2	insalate::	insalate	_	_	_	_	_	linguistic	_	none	_	End=1387.34	7x2	_	_	_
687-0	PSB005	687	687	0	pasta:?	pasta	_	_	_	_	_	linguistic	_	none	Intonation=Rising	Begin=1387.95|End=1388.5	4x1	_	_	_
688-0	PSB059	688	688	0	pa:sta	pasta	_	_	_	_	_	linguistic	_	none	_	Begin=1388.71	1x1	_	_	_
688-1	PSB059	688	688	1	sì:	sì	_	_	_	_	_	linguistic	_	none	_	End=1389.71	1x1	_	_	_
689-0	PSB005	689	689	0	mhmh	mhmh	_	_	_	_	_	linguistic	_	none	_	Begin=1389.78|End=1390.23	_	_	_	_
690-0	PSB059	690	690	0	e::h	eh	_	_	_	_	_	linguistic	_	none	_	Begin=1392.31	0x2	_	_	_
690-1	PSB059	690	690	1	ogni	ogni	_	_	_	_	_	linguistic	_	none	_	_	_	_	_	_
690-2	PSB059	690	690	2	giorno::	giorno	_	_	_	_	_	linguistic	_	none	_	End=1394.06	5x2	_	_	_
691-0	PSB059	691	691	0	la:	la	_	_	_	_	_	linguistic	_	none	_	Begin=1395.28	1x1	_	_	_
691-1	PSB059	691	691	1	mezzogiorno:	mezzogiorno	_	_	_	_	_	linguistic	_	none	_	_	10x1	_	_	_
691-2	PSB059	691	691	2	mangio::	mangio	_	_	_	_	_	linguistic	_	none	PauseAfter=Yes	_	5x2	_	_	_
691-3	PSB059	691	691	3	(.)	(.)	_	_	_	_	_	shortpause	_	none	_	_	_	_	_	_
691-4	PSB059	691	691	4	cibo	cibo	_	_	_	_	_	linguistic	_	none	_	_	_	_	_	_
691-5	PSB059	691	691	5	di	di	_	_	_	_	_	linguistic	_	none	_	_	_	_	_	_
691-6	PSB059	691	691	6	bengalese:	bengalese	_	_	_	_	_	linguistic	_	none	_	_	8x1	_	_	_
691-7	PSB059	691	691	7	e	e	_	_	_	_	_	linguistic	_	none	_	_	_	_	_	_
691-8	PSB059	691	691	8	poi	poi	_	_	_	_	_	linguistic	_	none	_	_	_	_	_	_
691-9	PSB059	691	691	9	la	la	_	_	_	_	_	linguistic	_	none	_	_	_	_	_	_
691-10	PSB059	691	691	10	notte:	notte	_	_	_	_	_	linguistic	_	none	_	_	4x1	_	_	_
691-11	PSB059	691	691	11	mangio::	mangio	_	_	_	_	_	linguistic	_	none	PauseAfter=Yes	_	5x2	_	_	_
691-12	PSB059	691	691	12	(.)	(.)	_	_	_	_	_	shortpause	_	none	_	_	_	_	_	_
691-13	PSB059	691	691	13	pasta::	pasta	_	_	_	_	_	linguistic	_	none	_	_	4x2	_	_	_
691-14	PSB059	691	691	14	insalata	insalata	_	_	_	_	_	linguistic	_	none	_	_	_	_	_	_
691-15	PSB059	691	691	15	>qualcosa<	qualcosa	_	_	_	_	_	linguistic	_	none	_	End=1403.43	_	Fast=0-8(0)	_	_
692-0	PSB005	692	692	0	mhmh	mhmh	_	_	_	_	_	linguistic	_	none	_	Begin=1403.45|End=1403.95	_	_	_	_
693-0	PSB005	693	693	0	e	e	_	_	_	_	_	linguistic	_	none	_	Begin=1403.99	_	_	_	_
693-1	PSB005	693	693	1	e	e	_	_	_	_	_	linguistic	_	none	_	_	_	_	_	_
693-2	PSB005	693	693	2	cucini	cucini	_	_	_	_	_	linguistic	_	none	_	_	_	_	_	_
693-3	PSB005	693	693	3	tu:?	tu	_	_	_	_	_	linguistic	_	none	Intonation=Rising	End=1404.99	1x1	_	_	_
694-0	PSB059	694	694	0	io	io	_	_	_	_	_	linguistic	_	none	_	Begin=1405.81	_	_	_	_
694-1	PSB059	694	694	1	so	so	_	_	_	_	_	linguistic	_	none	_	_	_	_	_	_
694-2	PSB059	694	694	2	cucinare	cucinare	_	_	_	_	_	linguistic	_	none	_	_	_	_	_	_
694-3	PSB059	694	694	3	tante	tante	_	_	_	_	_	linguistic	_	none	_	_	_	_	_	_
694-4	PSB059	694	694	4	cose	cose	_	_	_	_	_	linguistic	_	none	_	End=1407.15	_	_	_	_
695-0	PSB005	695	695	0	[dimmi]	dimmi	_	_	_	_	_	linguistic	_	none	_	Begin=1408.37|End=1408.81	_	_	_	0-5(119)
696-0	PSB059	696	696	0	[tipo]	tipo	_	_	_	_	_	linguistic	_	none	_	Begin=1408.44	_	_	_	0-4(119)
696-1	PSB059	696	696	1	pasta	pasta	_	_	_	_	_	linguistic	_	none	_	_	_	_	_	_
696-2	PSB059	696	696	2	pizza	pizza	_	_	_	_	_	linguistic	_	none	_	_	_	_	_	_
696-3	PSB059	696	696	3	e:	e	_	_	_	_	_	linguistic	_	none	_	End=1411.07	0x1	_	_	_
697-0	PSB059	697	697	0	tanti	tanti	_	_	_	_	_	linguistic	_	none	_	Begin=1412.87	_	_	_	_
697-1	PSB059	697	697	1	cose:	cose	_	_	_	_	_	linguistic	_	none	PauseAfter=Yes	_	3x1	_	_	_
697-2	PSB059	697	697	2	(.)	(.)	_	_	_	_	_	shortpause	_	none	_	_	_	_	_	_
697-3	PSB059	697	697	3	eh:	eh	_	_	_	_	_	linguistic	_	none	_	_	1x1	_	_	_
697-4	PSB059	697	697	4	cibo	cibo	_	_	_	_	_	linguistic	_	none	_	_	_	_	_	_
697-5	PSB059	697	697	5	di	di	_	_	_	_	_	linguistic	_	none	_	_	_	_	_	_
697-6	PSB059	697	697	6	bengalese	bengalese	_	_	_	_	_	linguistic	_	none	_	_	_	_	_	_
697-7	PSB059	697	697	7	t[anti]	tanti	_	_	_	_	_	linguistic	_	none	_	End=1415.67	_	_	_	1-5(120)
698-0	PSB005	698	698	0	[mhmh]	mhmh	_	_	_	_	_	linguistic	_	none	_	Begin=1415.24|End=1415.69	_	_	_	0-4(120)
699-0	PSB005	699	699	0	quali	quali	_	_	_	_	_	linguistic	_	none	_	Begin=1415.79	_	_	_	_
699-1	PSB005	699	699	1	sono	sono	_	_	_	_	_	linguistic	_	none	_	_	_	_	_	_
699-2	PSB005	699	699	2	i	i	_	_	_	_	_	linguistic	_	none	_	_	_	_	_	_
699-3	PSB005	699	699	3	cibi	cibi	_	_	_	_	_	linguistic	_	none	_	_	_	_	_	_
699-4	PSB005	699	699	4	bengal[esi]?	bengalesi	_	_	_	_	_	linguistic	_	none	Intonation=Rising	End=1417.27	_	_	_	6-9(121)
700-0	PSB059	700	700	0	[ri]:so:	riso	_	_	_	_	_	linguistic	_	none	_	Begin=1417.0	1x1,3x1	_	_	0-2(121)
700-1	PSB059	700	700	1	carne:	carne	_	_	_	_	_	linguistic	_	none	_	End=1418.78	4x1	_	_	_
701-0	PSB005	701	701	0	mhmh	mhmh	_	_	_	_	_	linguistic	_	none	_	Begin=1419.1|End=1419.49	_	_	_	_
702-0	PSB059	702	702	0	°mh:°	mh	_	_	_	_	_	linguistic	_	none	Volume=low	Begin=1420.2	1x1	_	_	_
702-1	PSB059	702	702	1	po:i:	poi	_	_	_	_	_	linguistic	_	none	_	End=1422.07	1x1,2x1	_	_	_
703-0	PSB005	703	703	0	come	come	_	_	_	_	_	linguistic	_	none	_	Begin=1422.18	_	_	_	_
703-1	PSB005	703	703	1	si	si	_	_	_	_	_	linguistic	_	none	_	_	_	_	_	_
703-2	PSB005	703	703	2	cucinano?	cucinano	_	_	_	_	_	linguistic	_	none	Intonation=Rising	End=1423.27	_	_	_	_
704-0	PSB059	704	704	0	eh::	eh	_	_	_	_	_	linguistic	_	none	_	Begin=1424.17	1x2	_	_	_
704-1	PSB059	704	704	1	nostro	nostro	_	_	_	_	_	linguistic	_	none	_	_	_	_	_	_
704-2	PSB059	704	704	2	paese:	paese	_	_	_	_	_	linguistic	_	none	_	_	4x1	_	_	_
704-3	PSB059	704	704	3	mangiano	mangiano	_	_	_	_	_	linguistic	_	none	_	_	_	_	_	_
704-4	PSB059	704	704	4	troppo	troppo	_	_	_	_	_	linguistic	_	none	_	_	_	_	_	_
704-5	PSB059	704	704	5	piccante	piccante	_	_	_	_	_	linguistic	_	none	_	End=1426.55	_	_	_	_
705-0	PSB005	705	705	0	mhmh	mhmh	_	_	_	_	_	linguistic	_	none	_	Begin=1426.58|End=1427.04	_	_	_	_
706-0	PSB059	706	706	0	anche	anche	_	_	_	_	_	linguistic	_	none	_	Begin=1429.69	_	_	_	_
706-1	PSB059	706	706	1	noi:	noi	_	_	_	_	_	linguistic	_	none	_	_	2x1	_	_	_
706-2	PSB059	706	706	2	mangiamo:	mangiamo	_	_	_	_	_	linguistic	_	none	PauseAfter=Yes	_	7x1	_	_	_
706-3	PSB059	706	706	3	(.)	(.)	_	_	_	_	_	shortpause	_	none	_	_	_	_	_	_
706-4	PSB059	706	706	4	piccante	piccante	_	_	_	_	_	linguistic	_	none	_	_	_	_	_	_
706-5	PSB059	706	706	5	però:	però	_	_	_	_	_	linguistic	_	none	_	_	3x1	_	_	_
706-6	PSB059	706	706	6	non	non	_	_	_	_	_	linguistic	_	none	_	_	_	_	_	_
706-7	PSB059	706	706	7	tan[to]	tanto	_	_	_	_	_	linguistic	_	none	_	End=1432.76	_	_	_	3-5(122)
707-0	PSB005	707	707	0	[mh]mh	mhmh	_	_	_	_	_	linguistic	_	none	_	Begin=1432.64|End=1433.08	_	_	_	0-2(122)
708-0	PSB005	708	708	0	sì	sì	_	_	_	_	_	linguistic	_	none	_	Begin=1434.75|End=1435.03	_	_	_	_
709-0	PSB005	709	709	0	e::	e	_	_	_	_	_	linguistic	_	none	PauseAfter=Yes	Begin=1435.16	0x2	_	_	_
709-1	PSB005	709	709	1	(.)	(.)	_	_	_	_	_	shortpause	_	none	_	_	_	_	_	_
709-2	PSB005	709	709	2	cioè	cioè	_	_	_	_	_	linguistic	_	none	_	_	_	_	_	_
709-3	PSB005	709	709	3	tu	tu	_	_	_	_	_	linguistic	_	none	_	_	_	_	_	_
709-4	PSB005	709	709	4	prendi	prendi	_	_	_	_	_	linguistic	_	none	_	_	_	_	_	_
709-5	PSB005	709	709	5	una	una	_	_	_	_	_	linguistic	_	none	_	_	_	_	_	_
709-6	PSB005	709	709	6	pentola	pentola	_	_	_	_	_	linguistic	_	none	_	_	_	_	_	_
709-7	PSB005	709	709	7	ci	ci	_	_	_	_	_	linguistic	_	none	_	_	_	_	_	_
709-8	PSB005	709	709	8	metti	metti	_	_	_	_	_	linguistic	_	none	_	_	_	_	_	_
709-9	PSB005	709	709	9	l'	l'	_	_	_	_	_	linguistic	_	none	SpaceAfter=No	_	_	_	_	_
709-10	PSB005	709	709	10	acqua	acqua	_	_	_	_	_	linguistic	_	none	_	_	_	_	_	_
709-11	PSB005	709	709	11	poi	poi	_	_	_	_	_	linguistic	_	none	_	_	_	_	_	_
709-12	PSB005	709	709	12	ci	ci	_	_	_	_	_	linguistic	_	none	_	_	_	_	_	_
709-13	PSB005	709	709	13	metti	metti	_	_	_	_	_	linguistic	_	none	_	_	_	_	_	_
709-14	PSB005	709	709	14	il	il	_	_	_	_	_	linguistic	_	none	_	_	_	_	_	_
709-15	PSB005	709	709	15	riso:	riso	_	_	_	_	_	linguistic	_	none	_	End=1439.46	3x1	_	_	_
710-0	PSB059	710	710	0	sì	sì	_	_	_	_	_	linguistic	_	none	_	Begin=1440.03|End=1440.34	_	_	_	_
711-0	PSB005	711	711	0	poi?	poi	_	_	_	_	_	linguistic	_	none	Intonation=Rising	Begin=1440.49|End=1440.84	_	_	_	_
712-0	PSB059	712	712	0	poi	poi	_	_	_	_	_	linguistic	_	none	_	Begin=1441.35	_	_	_	_
712-1	PSB059	712	712	1	metto::	metto	_	_	_	_	_	linguistic	_	none	PauseAfter=Yes	_	4x2	_	_	_
712-2	PSB059	712	712	2	(.)	(.)	_	_	_	_	_	shortpause	_	none	_	_	_	_	_	_
712-3	PSB059	712	712	3	eh:	eh	_	_	_	_	_	linguistic	_	none	_	_	1x1	_	_	_
712-4	PSB059	712	712	4	come	come	_	_	_	_	_	linguistic	_	none	_	_	_	_	_	_
712-5	PSB059	712	712	5	si	si	_	_	_	_	_	linguistic	_	none	_	_	_	_	_	_
712-6	PSB059	712	712	6	chiama?	chiama	_	_	_	_	_	linguistic	_	none	Intonation=Rising	End=1444.42	_	_	_	_
713-0	PSB059	713	713	0	primo:	primo	_	_	_	_	_	linguistic	_	none	_	Begin=1447.82	4x1	_	_	_
713-1	PSB059	713	713	1	devo	devo	_	_	_	_	_	linguistic	_	none	_	_	_	_	_	_
713-2	PSB059	713	713	2	pulire:	pulire	_	_	_	_	_	linguistic	_	none	_	_	5x1	_	_	_
713-3	PSB059	713	713	3	quello:	quello	_	_	_	_	_	linguistic	_	none	_	_	5x1	_	_	_
713-4	PSB059	713	713	4	riso	riso	_	_	_	_	_	linguistic	_	none	_	_	_	_	_	_
713-5	PSB059	713	713	5	[poi]	poi	_	_	_	_	_	linguistic	_	none	_	_	_	_	_	0-3(123)
713-6	PSB059	713	713	6	metto::	metto	_	_	_	_	_	linguistic	_	none	_	End=1451.33	4x2	_	_	_
714-0	PSB005	714	714	0	[mhmh]	mhmh	_	_	_	_	_	linguistic	_	none	_	Begin=1450.165|End=1450.62	_	_	_	0-4(123)
715-0	PSB059	715	715	0	come	come	_	_	_	_	_	linguistic	_	none	_	Begin=1452.12	_	_	_	_
715-1	PSB059	715	715	1	si	si	_	_	_	_	_	linguistic	_	none	_	_	_	_	_	_
715-2	PSB059	715	715	2	chiama:	chiama	_	_	_	_	_	linguistic	_	none	_	_	5x1	_	_	_
715-3	PSB059	715	715	3	eh:	eh	_	_	_	_	_	linguistic	_	none	_	End=1453.09	1x1	_	_	_
716-0	PSB005	716	716	0	dimmi	dimmi	_	_	_	_	_	linguistic	_	none	_	Begin=1454.52	_	_	_	_
716-1	PSB005	716	716	1	anche	anche	_	_	_	_	_	linguistic	_	none	_	_	_	_	_	_
716-2	PSB005	716	716	2	in	in	_	_	_	_	_	linguistic	_	none	_	_	_	_	_	_
716-3	PSB005	716	716	3	inglese	inglese	_	_	_	_	_	linguistic	_	none	_	_	_	_	_	_
716-4	PSB005	716	716	4	se	se	_	_	_	_	_	linguistic	_	none	_	_	_	_	_	_
716-5	PSB005	716	716	5	vuoi	vuoi	_	_	_	_	_	linguistic	_	none	_	End=1455.96	_	_	_	_
717-0	PSB059	717	717	0	eh:	eh	_	_	_	_	_	linguistic	_	none	_	Begin=1456.83	1x1	_	_	_
717-1	PSB059	717	717	1	dovevo	dovevo	_	_	_	_	_	linguistic	_	none	_	_	_	_	_	_
717-2	PSB059	717	717	2	cucinare:	cucinare	_	_	_	_	_	linguistic	_	none	_	_	7x1	_	_	_
717-3	PSB059	717	717	3	sopra:	sopra	_	_	_	_	_	linguistic	_	none	_	_	4x1	_	_	_
717-4	PSB059	717	717	4	la	la	_	_	_	_	_	linguistic	_	none	_	_	_	_	_	_
717-5	PSB059	717	717	5	come	come	_	_	_	_	_	linguistic	_	none	_	_	_	_	_	_
717-6	PSB059	717	717	6	si	si	_	_	_	_	_	linguistic	_	none	_	_	_	_	_	_
717-7	PSB059	717	717	7	[chiama]?	chiama	_	_	_	_	_	linguistic	_	none	Intonation=Rising	End=1459.32	_	_	_	0-6(124)
718-0	PSB005	718	718	0	[SUL	sul	_	_	_	_	_	linguistic	_	none	Volume=high	Begin=1459.14	_	_	_	0-3(124)
718-1	PSB005	718	718	1	F]UOC[O]?	fuoco	_	_	_	_	_	linguistic	_	none	Intonation=Rising|Volume=high	End=1459.78	_	_	_	0-1(124),4-5(125)
719-0	PSB059	719	719	0	[s]ì	sì	_	_	_	_	_	linguistic	_	none	_	Begin=1459.73	_	_	_	0-1(125)
719-1	PSB059	719	719	1	(su)	su	_	_	_	_	_	linguistic	_	none	_	_	_	_	0-2(0)	_
719-2	PSB059	719	719	2	[fuoco	fuoco	_	_	_	_	_	linguistic	_	none	_	_	_	_	_	0-5(126)
719-3	PSB059	719	719	3	sì]	sì	_	_	_	_	_	linguistic	_	none	_	End=1461.09	_	_	_	0-2(126)
720-0	PSB005	720	720	0	[sì	sì	_	_	_	_	_	linguistic	_	none	_	Begin=1459.97	_	_	_	0-2(126)
720-1	PSB005	720	720	1	sul	sul	_	_	_	_	_	linguistic	_	none	_	_	_	_	_	0-3(126)
720-2	PSB005	720	720	2	fuoco	fuoco	_	_	_	_	_	linguistic	_	none	_	_	_	_	_	0-5(126)
720-3	PSB005	720	720	3	okay]	okay	_	_	_	_	_	linguistic	_	none	_	End=1461.22	_	_	_	0-4(126)
721-0	PSB005	721	721	0	era	era	_	_	_	_	_	linguistic	_	none	_	Begin=1462.21	_	_	_	_
721-1	PSB005	721	721	1	facile	facile	_	_	_	_	_	linguistic	_	none	_	_	_	_	_	_
721-2	PSB005	721	721	2	sì	sì	_	_	_	_	_	linguistic	_	none	_	End=1463.28	_	_	_	_
722-0	PSB059	722	722	0	((ride))	((ride))	_	_	_	_	_	nonverbalbehavior	_	none	_	Begin=1462.78|End=1463.61	_	_	_	_
723-0	PSB005	723	723	0	poi	poi	_	_	_	_	_	linguistic	_	none	_	Begin=1464.73	_	_	_	_
723-1	PSB005	723	723	1	dopo:	dopo	_	_	_	_	_	linguistic	_	none	PauseAfter=Yes	_	3x1	_	_	_
723-2	PSB005	723	723	2	(.)	(.)	_	_	_	_	_	shortpause	_	none	_	_	_	_	_	_
723-3	PSB005	723	723	3	quando	quando	_	_	_	_	_	linguistic	_	none	_	_	_	_	_	_
723-4	PSB005	723	723	4	è	è	_	_	_	_	_	linguistic	_	none	_	_	_	_	_	_
723-5	PSB005	723	723	5	bollito	bollito	_	_	_	_	_	linguistic	_	none	_	_	_	_	_	_
723-6	PSB005	723	723	6	il	il	_	_	_	_	_	linguistic	_	none	_	_	_	_	_	_
723-7	PSB005	723	723	7	riso:	riso	_	_	_	_	_	linguistic	_	none	_	_	3x1	_	_	_
723-8	PSB005	723	723	8	poi?	poi	_	_	_	_	_	linguistic	_	none	Intonation=Rising	End=1466.97	_	_	_	_
724-0	PSB059	724	724	0	po:::i::	poi	_	_	_	_	_	linguistic	_	none	_	Begin=1467.36	1x3,2x2	_	_	_
724-1	PSB059	724	724	1	butto:	butto	_	_	_	_	_	linguistic	_	none	_	_	4x1	_	_	_
724-2	PSB059	724	724	2	questo:	questo	_	_	_	_	_	linguistic	_	none	_	_	5x1	_	_	_
724-3	PSB059	724	724	3	quello	quello	_	_	_	_	_	linguistic	_	none	_	_	_	_	_	_
724-4	PSB059	724	724	4	l'	l'	_	_	_	_	_	linguistic	_	none	SpaceAfter=No	_	_	_	_	_
724-5	PSB059	724	724	5	acqua,	acqua	_	_	_	_	_	linguistic	_	none	Intonation=WeaklyRising	End=1470.36	_	_	_	_
725-0	PSB005	725	725	0	mhmh	mhmh	_	_	_	_	_	linguistic	_	none	_	Begin=1470.37|End=1470.81	_	_	_	_
726-0	PSB059	726	726	0	e::	e	_	_	_	_	_	linguistic	_	none	PauseAfter=Yes	Begin=1471.27	0x2	_	_	_
726-1	PSB059	726	726	1	(.)	(.)	_	_	_	_	_	shortpause	_	none	_	_	_	_	_	_
726-2	PSB059	726	726	2	basta	basta	_	_	_	_	_	linguistic	_	none	_	End=1472.96	_	_	_	_
727-0	PSB005	727	727	0	o[kay]	okay	_	_	_	_	_	linguistic	_	none	_	Begin=1473.33|End=1473.81	_	_	_	1-4(127)
728-0	PSB059	728	728	0	[il	il	_	_	_	_	_	linguistic	_	none	_	Begin=1473.48	_	_	_	0-2(127)
728-1	PSB059	728	728	1	riso]	riso	_	_	_	_	_	linguistic	_	none	_	End=1474.14	_	_	_	0-4(127)
729-0	PSB005	729	729	0	e	e	_	_	_	_	_	linguistic	_	none	_	Begin=1474.24	_	_	_	_
729-1	PSB005	729	729	1	il	il	_	_	_	_	_	linguistic	_	none	_	_	_	_	_	_
729-2	PSB005	729	729	2	riso	riso	_	_	_	_	_	linguistic	_	none	_	_	_	_	_	_
729-3	PSB005	729	729	3	è	è	_	_	_	_	_	linguistic	_	none	_	_	_	_	_	_
729-4	PSB005	729	729	4	pron[to:]	pronto	_	_	_	_	_	linguistic	_	none	_	_	5x1	_	_	4-6(128)
729-5	PSB005	729	729	5	poi	poi	_	_	_	_	_	linguistic	_	none	_	_	_	_	_	_
729-6	PSB005	729	729	6	ci	ci	_	_	_	_	_	linguistic	_	none	_	_	_	_	_	_
729-7	PSB005	729	729	7	metti	metti	_	_	_	_	_	linguistic	_	none	_	_	_	_	_	_
729-8	PSB005	729	729	8	le	le	_	_	_	_	_	linguistic	_	none	_	_	_	_	_	_
729-9	PSB005	729	729	9	spezie?	spezie	_	_	_	_	_	linguistic	_	none	Intonation=Rising	End=1476.35	_	_	_	_
730-0	PSB059	730	730	0	[sì]	sì	_	_	_	_	_	linguistic	_	none	_	Begin=1474.975|End=1475.265	_	_	_	0-2(128)
731-0	PSB059	731	731	0	no	no	_	_	_	_	_	linguistic	_	none	_	Begin=1476.89	_	_	_	_
731-1	PSB059	731	731	1	non	non	_	_	_	_	_	linguistic	_	none	_	_	_	_	_	_
731-2	PSB059	731	731	2	metto	metto	_	_	_	_	_	linguistic	_	none	_	_	_	_	_	_
731-3	PSB059	731	731	3	niente	niente	_	_	_	_	_	linguistic	_	none	_	_	_	_	_	_
731-4	PSB059	731	731	4	e:	e	_	_	_	_	_	linguistic	_	none	_	_	0x1	_	_	_
731-5	PSB059	731	731	5	°basta°	basta	_	_	_	_	_	linguistic	_	none	Volume=low	_	_	_	_	_
731-6	PSB059	731	731	6	(lascio	lascio	_	_	_	_	_	linguistic	_	none	_	_	_	_	0-6(0)	_
731-7	PSB059	731	731	7	qua)	qua	_	_	_	_	_	linguistic	_	none	PauseAfter=Yes	_	_	_	0-3(0)	_
731-8	PSB059	731	731	8	(.)	(.)	_	_	_	_	_	shortpause	_	none	_	_	_	_	_	_
731-9	PSB059	731	731	9	po:i::	poi	_	_	_	_	_	linguistic	_	none	_	End=1481.33	1x1,2x2	_	_	_
732-0	PSB059	732	732	0	nella	nella	_	_	_	_	_	linguistic	_	none	_	Begin=1481.63	_	_	_	_
732-1	PSB059	732	732	1	carne:	carne	_	_	_	_	_	linguistic	_	none	_	_	4x1	_	_	_
732-2	PSB059	732	732	2	metto:	metto	_	_	_	_	_	linguistic	_	none	_	_	4x1	_	_	_
732-3	PSB059	732	732	3	cipolla:	cipolla	_	_	_	_	_	linguistic	_	none	_	_	6x1	_	_	_
732-4	PSB059	732	732	4	altri:::	altri	_	_	_	_	_	linguistic	_	none	_	End=1485.65	4x3	_	_	_
733-0	PSB059	733	733	0	tipo	tipo	_	_	_	_	_	linguistic	_	none	_	Begin=1486.17	_	_	_	_
733-1	PSB059	733	733	1	non	non	_	_	_	_	_	linguistic	_	none	_	_	_	_	_	_
733-2	PSB059	733	733	2	non	non	_	_	_	_	_	linguistic	_	none	_	_	_	_	_	_
733-3	PSB059	733	733	3	so:	so	_	_	_	_	_	linguistic	_	none	_	_	1x1	_	_	_
733-4	PSB059	733	733	4	come	come	_	_	_	_	_	linguistic	_	none	_	_	_	_	_	_
733-5	PSB059	733	733	5	si	si	_	_	_	_	_	linguistic	_	none	_	_	_	_	_	_
733-6	PSB059	733	733	6	chiamano	chiamano	_	_	_	_	_	linguistic	_	none	_	_	_	_	_	_
733-7	PSB059	733	733	7	in	in	_	_	_	_	_	linguistic	_	none	_	_	_	_	_	_
733-8	PSB059	733	733	8	italia:[no]	italiano	_	_	_	_	_	linguistic	_	none	_	End=1488.92	5x1	_	_	6-8(129)
734-0	PSB005	734	734	0	[sì	sì	_	_	_	_	_	linguistic	_	none	_	Begin=1488.66	_	_	_	0-2(129)
734-1	PSB005	734	734	1	hai]	hai	_	_	_	_	_	linguistic	_	none	_	_	_	_	_	0-3(129)
734-2	PSB005	734	734	2	ragione	ragione	_	_	_	_	_	linguistic	_	none	_	_	_	_	_	_
734-3	PSB005	734	734	3	son	son	_	_	_	_	_	linguistic	_	none	_	_	_	_	_	_
734-4	PSB005	734	734	4	parole	parole	_	_	_	_	_	linguistic	_	none	_	_	_	_	_	_
734-5	PSB005	734	734	5	difficili	difficili	_	_	_	_	_	linguistic	_	none	_	_	_	_	_	_
734-6	PSB005	734	734	6	[sì	sì	_	_	_	_	_	linguistic	_	none	_	_	_	_	_	0-2(130)
734-7	PSB005	734	734	7	sì	sì	_	_	_	_	_	linguistic	_	none	_	_	_	_	_	0-2(130)
734-8	PSB005	734	734	8	sì]	sì	_	_	_	_	_	linguistic	_	none	_	_	_	_	_	0-2(130)
734-9	PSB005	734	734	9	((ride))	((ride))	_	_	_	_	_	nonverbalbehavior	_	none	_	End=1492.15	_	_	_	_
735-0	PSB059	735	735	0	°tantissimo°	tantissimo	_	_	_	_	_	linguistic	_	none	Volume=low	Begin=1490.755|End=1491.305	_	_	_	_
736-0	PSB005	736	736	0	ho	ho	_	_	_	_	_	linguistic	_	none	_	Begin=1492.18	_	_	_	_
736-1	PSB005	736	736	1	chiesto	chiesto	_	_	_	_	_	linguistic	_	none	_	_	_	_	_	_
736-2	PSB005	736	736	2	una	una	_	_	_	_	_	linguistic	_	none	_	_	_	_	_	_
736-3	PSB005	736	736	3	cosa	cosa	_	_	_	_	_	linguistic	_	none	_	_	_	_	_	_
736-4	PSB005	736	736	4	difficile	difficile	_	_	_	_	_	linguistic	_	none	_	_	_	_	_	_
736-5	PSB005	736	736	5	sì	sì	_	_	_	_	_	linguistic	_	none	_	End=1493.98	_	_	_	_
737-0	PSB005	737	737	0	è	è	_	_	_	_	_	linguistic	_	none	_	Begin=1494.03	_	_	_	_
737-1	PSB005	737	737	1	che	che	_	_	_	_	_	linguistic	_	none	_	_	_	_	_	_
737-2	PSB005	737	737	2	io	io	_	_	_	_	_	linguistic	_	none	_	_	_	_	_	_
737-3	PSB005	737	737	3	voglio	voglio	_	_	_	_	_	linguistic	_	none	_	_	_	_	_	_
737-4	PSB005	737	737	4	imparare	imparare	_	_	_	_	_	linguistic	_	none	_	_	_	_	_	_
737-5	PSB005	737	737	5	un	un	_	_	_	_	_	linguistic	_	none	_	_	_	_	_	_
737-6	PSB005	737	737	6	po'	po'	_	_	_	_	_	linguistic	_	none	_	_	_	_	_	_
737-7	PSB005	737	737	7	di	di	_	_	_	_	_	linguistic	_	none	_	_	_	_	_	_
737-8	PSB005	737	737	8	cucina::	cucina	_	_	_	_	_	linguistic	_	none	_	_	5x2	_	_	_
737-9	PSB005	737	737	9	vostra	vostra	_	_	_	_	_	linguistic	_	none	_	End=1497.02	_	_	_	_
738-0	PSB059	738	738	0	((ride))	((ride))	_	_	_	_	_	nonverbalbehavior	_	none	_	Begin=1496.43|End=1497.78	_	_	_	_
739-0	PSB059	739	739	0	però:	però	_	_	_	_	_	linguistic	_	none	_	Begin=1498.26	3x1	_	_	_
739-1	PSB059	739	739	1	nostro	nostro	_	_	_	_	_	linguistic	_	none	_	_	_	_	_	_
739-2	PSB059	739	739	2	riso:	riso	_	_	_	_	_	linguistic	_	none	_	_	3x1	_	_	_
739-3	PSB059	739	739	3	è:	è	_	_	_	_	_	linguistic	_	none	_	_	0x1	_	_	_
739-4	PSB059	739	739	4	(belli~	belli~	_	_	_	_	_	linguistic	_	none	Interrupted=Yes	_	_	_	0-6(0)	_
739-5	PSB059	739	739	5	bellis[simo)]	bellissimo	_	_	_	_	_	linguistic	_	none	_	End=1500.57	_	_	0-10(0)	6-10(131)
740-0	PSB005	740	740	0	[buoni]ssimo	buonissimo	_	_	_	_	_	linguistic	_	none	_	Begin=1500.22	_	_	_	0-5(131)
740-1	PSB005	740	740	1	mhmh	mhmh	_	_	_	_	_	linguistic	_	none	_	End=1501.52	_	_	_	_
741-0	PSB005	741	741	0	cioè	cioè	_	_	_	_	_	linguistic	_	none	_	Begin=1502.75	_	_	_	_
741-1	PSB005	741	741	1	una	una	_	_	_	_	_	linguistic	_	none	_	_	_	_	_	_
741-2	PSB005	741	741	2	speciale	speciale	_	_	_	_	_	linguistic	_	none	_	_	_	_	_	_
741-3	PSB005	741	741	3	un	un	_	_	_	_	_	linguistic	_	none	_	_	_	_	_	_
741-4	PSB005	741	741	4	riso	riso	_	_	_	_	_	linguistic	_	none	_	_	_	_	_	_
741-5	PSB005	741	741	5	speciale:	speciale	_	_	_	_	_	linguistic	_	none	_	End=1504.96	7x1	_	_	_
742-0	PSB059	742	742	0	sì:	sì	_	_	_	_	_	linguistic	_	none	_	Begin=1504.98|End=1505.37	1x1	_	_	_
743-0	PSB059	743	743	0	eh:	eh	_	_	_	_	_	linguistic	_	none	PauseAfter=Yes	Begin=1506.0	1x1	_	_	_
743-1	PSB059	743	743	1	(.)	(.)	_	_	_	_	_	shortpause	_	none	_	_	_	_	_	_
743-2	PSB059	743	743	2	non	non	_	_	_	_	_	linguistic	_	none	_	_	_	_	_	_
743-3	PSB059	743	743	3	ho	ho	_	_	_	_	_	linguistic	_	none	_	_	_	_	_	_
743-4	PSB059	743	743	4	mangiato	mangiato	_	_	_	_	_	linguistic	_	none	_	_	_	_	_	_
743-5	PSB059	743	743	5	mai	mai	_	_	_	_	_	linguistic	_	none	_	_	_	_	_	_
743-6	PSB059	743	743	6	un	un	_	_	_	_	_	linguistic	_	none	_	_	_	_	_	_
743-7	PSB059	743	743	7	riso:	riso	_	_	_	_	_	linguistic	_	none	_	End=1508.8	3x1	_	_	_
744-0	PSB059	744	744	0	si	si	_	_	_	_	_	linguistic	_	some	_	Begin=1509.42	_	_	_	_
744-1	PSB059	744	744	1	chiama	chiama	_	_	_	_	_	linguistic	_	some	_	_	_	_	_	_
744-2	PSB059	744	744	2	#biryani	biryani	_	_	_	_	_	linguistic	_	some	Language=NO_ISO_CODE|Variation=Token	End=1510.4	_	_	_	_
745-0	PSB005	745	745	0	okay	okay	_	_	_	_	_	linguistic	_	none	_	Begin=1510.44|End=1510.95	_	_	_	_
746-0	PSB005	746	746	0	beh	beh	_	_	_	_	_	linguistic	_	none	_	Begin=1510.96	_	_	_	_
746-1	PSB005	746	746	1	l'	l'	_	_	_	_	_	linguistic	_	none	SpaceAfter=No	_	_	_	_	_
746-2	PSB005	746	746	2	ho	ho	_	_	_	_	_	linguistic	_	none	_	_	_	_	_	_
746-3	PSB005	746	746	3	sentito	sentito	_	_	_	_	_	linguistic	_	none	_	_	_	_	_	_
746-4	PSB005	746	746	4	il	il	_	_	_	_	_	linguistic	_	none	_	_	_	_	_	_
746-5	PSB005	746	746	5	[nome:]	nome	_	_	_	_	_	linguistic	_	none	_	_	3x1	_	_	0-4(132)
746-6	PSB005	746	746	6	sì	sì	_	_	_	_	_	linguistic	_	none	_	_	_	_	_	_
746-7	PSB005	746	746	7	sì	sì	_	_	_	_	_	linguistic	_	none	_	_	_	_	_	_
746-8	PSB005	746	746	8	sì	sì	_	_	_	_	_	linguistic	_	none	_	_	_	_	_	_
746-9	PSB005	746	746	9	sì	sì	_	_	_	_	_	linguistic	_	none	_	End=1513.2	_	_	_	_
747-0	PSB059	747	747	0	[eh:]	eh	_	_	_	_	_	linguistic	_	none	_	Begin=1511.69|End=1512.16	1x1	_	_	0-2(132)
748-0	PSB059	748	748	0	è	è	_	_	_	_	_	linguistic	_	none	_	Begin=1513.53	_	_	_	_
748-1	PSB059	748	748	1	bell~	bell~	_	_	_	_	_	linguistic	_	none	Interrupted=Yes	_	_	_	_	_
748-2	PSB059	748	748	2	buon[issimo]	buonissimo	_	_	_	_	_	linguistic	_	none	_	End=1515.1	_	_	_	4-10(133)
749-0	PSB005	749	749	0	[è	è	_	_	_	_	_	linguistic	_	none	_	Begin=1514.36	_	_	_	0-1(133)
749-1	PSB005	749	749	1	buonissimo]	buonissimo	_	_	_	_	_	linguistic	_	none	_	End=1515.1	_	_	_	0-10(133)
750-0	PSB005	750	750	0	devo	devo	_	_	_	_	_	linguistic	_	none	_	Begin=1515.26	_	_	_	_
750-1	PSB005	750	750	1	comprarlo	comprarlo	_	_	_	_	_	linguistic	_	none	_	_	_	_	_	_
750-2	PSB005	750	750	2	anch'	anch'	_	_	_	_	_	linguistic	_	none	SpaceAfter=No	_	_	_	_	_
750-3	PSB005	750	750	3	io	io	_	_	_	_	_	linguistic	_	none	_	End=1516.46	_	_	_	_
751-0	PSB059	751	751	0	((ride))	((ride))	_	_	_	_	_	nonverbalbehavior	_	none	_	Begin=1516.53|End=1517.42	_	_	_	_
752-0	PSB005	752	752	0	dove	dove	_	_	_	_	_	linguistic	_	none	_	Begin=1516.87	_	_	_	_
752-1	PSB005	752	752	1	si	si	_	_	_	_	_	linguistic	_	none	_	_	_	_	_	_
752-2	PSB005	752	752	2	compra?	compra	_	_	_	_	_	linguistic	_	none	Intonation=Rising	End=1517.81	_	_	_	_
753-0	PSB059	753	753	0	eh	eh	_	_	_	_	_	linguistic	_	none	_	Begin=1518.17	_	_	_	_
753-1	PSB059	753	753	1	nel:	nel	_	_	_	_	_	linguistic	_	none	_	_	2x1	_	_	_
753-2	PSB059	753	753	2	mh:	mh	_	_	_	_	_	linguistic	_	none	_	_	1x1	_	_	_
753-3	PSB059	753	753	3	ristorante	ristorante	_	_	_	_	_	linguistic	_	none	_	_	_	_	_	_
753-4	PSB059	753	753	4	di:	di	_	_	_	_	_	linguistic	_	none	_	_	1x1	_	_	_
753-5	PSB059	753	753	5	indiani:	indiani	_	_	_	_	_	linguistic	_	none	_	End=1520.95	6x1	_	_	_
754-0	PSB005	754	754	0	<nel	nel	_	_	_	_	_	linguistic	_	none	_	Begin=1521.43	_	Slow=0-3(0)	_	_
754-1	PSB005	754	754	1	ristorante>	ristorante	_	_	_	_	_	linguistic	_	none	_	_	_	Slow=0-10(0)	_	_
754-2	PSB005	754	754	2	de[vo	devo	_	_	_	_	_	linguistic	_	none	_	_	_	_	_	2-4(134)
754-3	PSB005	754	754	3	anda]re	andare	_	_	_	_	_	linguistic	_	none	_	_	_	_	_	0-4(134)
754-4	PSB005	754	754	4	a	a	_	_	_	_	_	linguistic	_	none	_	_	_	_	_	_
754-5	PSB005	754	754	5	chiedere:	chiedere	_	_	_	_	_	linguistic	_	none	_	End=1523.64	7x1	_	_	_
755-0	PSB059	755	755	0	[sì]	sì	_	_	_	_	_	linguistic	_	none	_	Begin=1522.6|End=1522.89	_	_	_	0-2(134)
756-0	PSB005	756	756	0	e	e	_	_	_	_	_	linguistic	_	none	_	Begin=1523.72	_	_	_	_
756-1	PSB005	756	756	1	me	me	_	_	_	_	_	linguistic	_	none	_	_	_	_	_	_
756-2	PSB005	756	756	2	lo	lo	_	_	_	_	_	linguistic	_	none	_	_	_	_	_	_
756-3	PSB005	756	756	3	vendono?	vendono	_	_	_	_	_	linguistic	_	none	Intonation=Rising	End=1524.63	_	_	_	_
757-0	PSB059	757	757	0	sì:	sì	_	_	_	_	_	linguistic	_	none	_	Begin=1524.65|End=1525.04	1x1	_	_	_
758-0	PSB005	758	758	0	°ah	ah	_	_	_	_	_	linguistic	_	none	Volume=low	Begin=1525.06	_	_	_	_
758-1	PSB005	758	758	1	vedi°	vedi	_	_	_	_	_	linguistic	_	none	Volume=low	End=1525.74	_	_	_	_
759-0	PSB005	759	759	0	ce	ce	_	_	_	_	_	linguistic	_	none	_	Begin=1526.02	_	_	_	_
759-1	PSB005	759	759	1	n'	n'	_	_	_	_	_	linguistic	_	none	SpaceAfter=No	_	_	_	_	_
759-2	PSB005	759	759	2	è	è	_	_	_	_	_	linguistic	_	none	_	_	_	_	_	_
759-3	PSB005	759	759	3	uno	uno	_	_	_	_	_	linguistic	_	none	_	_	_	_	_	_
759-4	PSB005	759	759	4	qui:	qui	_	_	_	_	_	linguistic	_	none	PauseAfter=Yes	_	2x1	_	_	_
759-5	PSB005	759	759	5	(.)	(.)	_	_	_	_	_	shortpause	_	none	_	_	_	_	_	_
759-6	PSB005	759	759	6	vicino:	vicino	_	_	_	_	_	linguistic	_	none	PauseAfter=Yes	_	5x1	_	_	_
759-7	PSB005	759	759	7	(.)	(.)	_	_	_	_	_	shortpause	_	none	_	_	_	_	_	_
759-8	PSB005	759	759	8	di	di	_	_	_	_	_	linguistic	_	none	_	_	_	_	_	_
759-9	PSB005	759	759	9	indiano:,	indiano	_	_	_	_	_	linguistic	_	none	Intonation=WeaklyRising	End=1528.68	6x1	_	_	_
760-0	PSB005	760	760	0	sì?	sì	_	_	_	_	_	linguistic	_	none	Intonation=Rising	Begin=1528.85|End=1529.11	_	_	_	_
761-0	PSB059	761	761	0	sì:	sì	_	_	_	_	_	linguistic	_	none	_	Begin=1529.12|End=1529.47	1x1	_	_	_
762-0	PSB005	762	762	0	[e:]	e	_	_	_	_	_	linguistic	_	none	_	Begin=1530.6|End=1530.95	0x1	_	_	0-1(135)
763-0	PSB059	763	763	0	[eh:]	eh	_	_	_	_	_	linguistic	_	none	PauseAfter=Yes	Begin=1530.61	1x1	_	_	0-2(135)
763-1	PSB059	763	763	1	(.)	(.)	_	_	_	_	_	shortpause	_	none	_	_	_	_	_	_
763-2	PSB059	763	763	2	sì	sì	_	_	_	_	_	linguistic	_	none	_	_	_	_	_	_
763-3	PSB059	763	763	3	era	era	_	_	_	_	_	linguistic	_	none	_	_	_	_	_	_
763-4	PSB059	763	763	4	là	là	_	_	_	_	_	linguistic	_	none	_	End=1532.3	_	_	_	_
764-0	PSB059	764	764	0	eh:	eh	_	_	_	_	_	linguistic	_	none	_	Begin=1533.12	1x1	_	_	_
764-1	PSB059	764	764	1	sì	sì	_	_	_	_	_	linguistic	_	none	_	End=1534.1	_	_	_	_
765-0	PSB059	765	765	0	eh:	eh	_	_	_	_	_	linguistic	_	none	_	Begin=1534.24	1x1	_	_	_
765-1	PSB059	765	765	1	[sì]	sì	_	_	_	_	_	linguistic	_	none	_	End=1534.83	_	_	_	0-2(136)
766-0	PSB005	766	766	0	[sì]	sì	_	_	_	_	_	linguistic	_	none	PauseAfter=Yes	Begin=1534.53	_	_	_	0-2(136)
766-1	PSB005	766	766	1	(.)	(.)	_	_	_	_	_	shortpause	_	none	_	_	_	_	_	_
766-2	PSB005	766	766	2	esatto	esatto	_	_	_	_	_	linguistic	_	none	_	_	_	_	_	_
766-3	PSB005	766	766	3	[alla	alla	_	_	_	_	_	linguistic	_	none	_	_	_	_	_	0-4(137)
766-4	PSB005	766	766	4	porta:]	porta	_	_	_	_	_	linguistic	_	none	PauseAfter=Yes	_	4x1	_	_	0-5(137)
766-5	PSB005	766	766	5	(.)	(.)	_	_	_	_	_	shortpause	_	none	_	_	_	_	_	_
766-6	PSB005	766	766	6	sì	sì	_	_	_	_	_	linguistic	_	none	_	End=1536.78	_	_	_	_
767-0	PSB059	767	767	0	[eh	eh	_	_	_	_	_	linguistic	_	none	_	Begin=1535.41	_	_	_	0-2(137)
767-1	PSB059	767	767	1	(cer~)]	cer~	_	_	_	_	_	linguistic	_	none	Interrupted=Yes	_	_	_	0-4(0)	0-4(137)
767-2	PSB059	767	767	2	sì	sì	_	_	_	_	_	linguistic	_	none	_	End=1536.44	_	_	_	_
768-0	PSB005	768	768	0	sono	sono	_	_	_	_	_	linguistic	_	none	_	Begin=1536.95	_	_	_	_
768-1	PSB005	768	768	1	andata	andata	_	_	_	_	_	linguistic	_	none	_	_	_	_	_	_
768-2	PSB005	768	768	2	una	una	_	_	_	_	_	linguistic	_	none	_	_	_	_	_	_
768-3	PSB005	768	768	3	sola	sola	_	_	_	_	_	linguistic	_	none	_	_	_	_	_	_
768-4	PSB005	768	768	4	volta.	volta	_	_	_	_	_	linguistic	_	none	Intonation=Falling	End=1538.37	_	_	_	_
769-0	PSB005	769	769	0	è	è	_	_	_	_	_	linguistic	_	none	_	Begin=1538.58	_	_	_	_
769-1	PSB005	769	769	1	buo~	buo~	_	_	_	_	_	linguistic	_	none	Interrupted=Yes	_	_	_	_	_
769-2	PSB005	769	769	2	ci	ci	_	_	_	_	_	linguistic	_	none	_	_	_	_	_	_
769-3	PSB005	769	769	3	tu	tu	_	_	_	_	_	linguistic	_	none	_	_	_	_	_	_
769-4	PSB005	769	769	4	ci	ci	_	_	_	_	_	linguistic	_	none	_	_	_	_	_	_
769-5	PSB005	769	769	5	sei	sei	_	_	_	_	_	linguistic	_	none	_	_	_	_	_	_
769-6	PSB005	769	769	6	stato?	stato	_	_	_	_	_	linguistic	_	none	Intonation=Rising	End=1540.37	_	_	_	_
770-0	PSB059	770	770	0	si	si	_	_	_	_	_	linguistic	_	none	_	Begin=1540.4	_	_	_	_
770-1	PSB059	770	770	1	tante	tante	_	_	_	_	_	linguistic	_	none	_	_	_	_	_	_
770-2	PSB059	770	770	2	volte	volte	_	_	_	_	_	linguistic	_	none	_	End=1541.19	_	_	_	_
771-0	PSB005	771	771	0	com'	com'	_	_	_	_	_	linguistic	_	none	SpaceAfter=No	Begin=1541.57	_	_	_	_
771-1	PSB005	771	771	1	è:?	è	_	_	_	_	_	linguistic	_	none	Intonation=Rising	End=1542.22	0x1	_	_	_
772-0	PSB059	772	772	0	buono:	buono	_	_	_	_	_	linguistic	_	none	_	Begin=1543.0	4x1	_	_	_
772-1	PSB059	772	772	1	però:	però	_	_	_	_	_	linguistic	_	none	_	_	3x1	_	_	_
772-2	PSB059	772	772	2	mia	mia	_	_	_	_	_	linguistic	_	none	_	_	_	_	_	_
772-3	PSB059	772	772	3	sorella::	sorella	_	_	_	_	_	linguistic	_	none	_	End=1544.66	6x2	_	_	_
773-0	PSB059	773	773	0	sa	sa	_	_	_	_	_	linguistic	_	some	_	Begin=1545.32	_	_	_	_
773-1	PSB059	773	773	1	tu~	tu~	_	_	_	_	_	linguistic	_	some	Interrupted=Yes	_	_	_	_	_
773-2	PSB059	773	773	2	>tantissimo	tantissimo	_	_	_	_	_	linguistic	_	some	_	_	_	Fast=0-10(0)	_	_
773-3	PSB059	773	773	3	cucinare:<	cucinare	_	_	_	_	_	linguistic	_	some	_	_	7x1	Fast=0-8(0)	_	_
773-4	PSB059	773	773	4	benis~	benis~	_	_	_	_	_	linguistic	_	some	Interrupted=Yes	_	_	_	_	_
773-5	PSB059	773	773	5	buonissimo:	buonissimo	_	_	_	_	_	linguistic	_	some	_	_	9x1	_	_	_
773-6	PSB059	773	773	6	già	già	_	_	_	_	_	linguistic	_	some	_	_	_	_	_	_
773-7	PSB059	773	773	7	fatto	fatto	_	_	_	_	_	linguistic	_	some	_	_	_	_	_	_
773-8	PSB059	773	773	8	neanche	neanche	_	_	_	_	_	linguistic	_	some	_	_	_	_	_	_
773-9	PSB059	773	773	9	foto:	foto	_	_	_	_	_	linguistic	_	some	_	_	3x1	_	_	_
773-10	PSB059	773	773	10	ieri:	ieri	_	_	_	_	_	linguistic	_	some	_	_	3x1	_	_	_
773-11	PSB059	773	773	11	sono	sono	_	_	_	_	_	linguistic	_	some	_	_	_	_	_	_
773-12	PSB059	773	773	12	mangiato	mangiato	_	_	_	_	_	linguistic	_	some	_	_	_	_	_	_
773-13	PSB059	773	773	13	#biryani:	biryani	_	_	_	_	_	linguistic	_	some	Language=NO_ISO_CODE|Variation=Token	End=1552.22	6x1	_	_	_
774-0	PSB005	774	774	0	okay	okay	_	_	_	_	_	linguistic	_	none	_	Begin=1552.23|End=1552.81	_	_	_	_
775-0	PSB005	775	775	0	eh:	eh	_	_	_	_	_	linguistic	_	none	_	Begin=1553.9	1x1	_	_	_
775-1	PSB005	775	775	1	adesso	adesso	_	_	_	_	_	linguistic	_	none	_	_	_	_	_	_
775-2	PSB005	775	775	2	quando	quando	_	_	_	_	_	linguistic	_	none	_	_	_	_	_	_
775-3	PSB005	775	775	3	tua	tua	_	_	_	_	_	linguistic	_	none	_	_	_	_	_	_
775-4	PSB005	775	775	4	sorella	sorella	_	_	_	_	_	linguistic	_	none	_	_	_	_	_	_
775-5	PSB005	775	775	5	impara	impara	_	_	_	_	_	linguistic	_	none	_	_	_	_	_	_
775-6	PSB005	775	775	6	un	un	_	_	_	_	_	linguistic	_	none	_	_	_	_	_	_
775-7	PSB005	775	775	7	po'	po'	_	_	_	_	_	linguistic	_	none	_	_	_	_	_	_
775-8	PSB005	775	775	8	di	di	_	_	_	_	_	linguistic	_	none	_	_	_	_	_	_
775-9	PSB005	775	775	9	italiano:	italiano	_	_	_	_	_	linguistic	_	none	PauseAfter=Yes	_	7x1	_	_	_
775-10	PSB005	775	775	10	(.)	(.)	_	_	_	_	_	shortpause	_	none	_	_	_	_	_	_
775-11	PSB005	775	775	11	mi	mi	_	_	_	_	_	linguistic	_	none	_	_	_	_	_	_
775-12	PSB005	775	775	12	spiega	spiega	_	_	_	_	_	linguistic	_	none	_	_	_	_	_	_
775-13	PSB005	775	775	13	lei:	lei	_	_	_	_	_	linguistic	_	none	_	End=1557.11	2x1	_	_	_
776-0	PSB059	776	776	0	sì:	sì	_	_	_	_	_	linguistic	_	none	_	Begin=1557.24|End=1557.56	1x1	_	_	_
777-0	PSB005	777	777	0	va	va	_	_	_	_	_	linguistic	_	none	_	Begin=1557.69	_	_	_	_
777-1	PSB005	777	777	1	bene?	bene	_	_	_	_	_	linguistic	_	none	Intonation=Rising	End=1558.25	_	_	_	_
778-0	PSB005	778	778	0	da	da	_	_	_	_	_	linguistic	_	none	_	Begin=1558.58	_	_	_	_
778-1	PSB005	778	778	1	quanto	quanto	_	_	_	_	_	linguistic	_	none	_	_	_	_	_	_
778-2	PSB005	778	778	2	tempo	tempo	_	_	_	_	_	linguistic	_	none	_	_	_	_	_	_
778-3	PSB005	778	778	3	è	è	_	_	_	_	_	linguistic	_	none	_	_	_	_	_	_
778-4	PSB005	778	778	4	arrivata	arrivata	_	_	_	_	_	linguistic	_	none	_	_	_	_	_	_
778-5	PSB005	778	778	5	lei	lei	_	_	_	_	_	linguistic	_	none	_	_	_	_	_	_
778-6	PSB005	778	778	6	qui?	qui	_	_	_	_	_	linguistic	_	none	Intonation=Rising	End=1560.16	_	_	_	_
779-0	PSB059	779	779	0	eh:	eh	_	_	_	_	_	linguistic	_	none	_	Begin=1560.65	1x1	_	_	_
779-1	PSB059	779	779	1	quasi	quasi	_	_	_	_	_	linguistic	_	none	_	_	_	_	_	_
779-2	PSB059	779	779	2	due	due	_	_	_	_	_	linguistic	_	none	_	_	_	_	_	_
779-3	PSB059	779	779	3	mesi:	mesi	_	_	_	_	_	linguistic	_	none	_	End=1561.84	3x1	_	_	_
780-0	PSB005	780	780	0	ah	ah	_	_	_	_	_	linguistic	_	none	_	Begin=1562.05	_	_	_	_
780-1	PSB005	780	780	1	da	da	_	_	_	_	_	linguistic	_	none	_	_	_	_	_	_
780-2	PSB005	780	780	2	poco	poco	_	_	_	_	_	linguistic	_	none	_	_	_	_	_	_
780-3	PSB005	780	780	3	[poco]	poco	_	_	_	_	_	linguistic	_	none	_	End=1563.24	_	_	_	0-4(138)
781-0	PSB059	781	781	0	[pochi]ssimo	pochissimo	_	_	_	_	_	linguistic	_	none	_	Begin=1562.77|End=1563.68	_	_	_	0-5(138)
782-0	PSB005	782	782	0	cioè	cioè	_	_	_	_	_	linguistic	_	none	_	Begin=1564.51	_	_	_	_
782-1	PSB005	782	782	1	bisogna	bisogna	_	_	_	_	_	linguistic	_	none	_	_	_	_	_	_
782-2	PSB005	782	782	2	aspettare	aspettare	_	_	_	_	_	linguistic	_	none	_	_	_	_	_	_
782-3	PSB005	782	782	3	un	un	_	_	_	_	_	linguistic	_	none	_	_	_	_	_	_
782-4	PSB005	782	782	4	[po':	po'	_	_	_	_	_	linguistic	_	none	_	_	1x1	_	_	0-3(139)
782-5	PSB005	782	782	5	di	di	_	_	_	_	_	linguistic	_	none	_	_	_	_	_	0-2(139)
782-6	PSB005	782	782	6	tem]po	tempo	_	_	_	_	_	linguistic	_	none	_	End=1566.75	_	_	_	0-3(139)
783-0	PSB059	783	783	0	[sì:]	sì	_	_	_	_	_	linguistic	_	none	_	Begin=1565.99|End=1566.33	1x1	_	_	0-2(139)
784-0	PSB005	784	784	0	sì	sì	_	_	_	_	_	linguistic	_	none	_	Begin=1566.91	_	_	_	_
784-1	PSB005	784	784	1	sì	sì	_	_	_	_	_	linguistic	_	none	_	_	_	_	_	_
784-2	PSB005	784	784	2	sì	sì	_	_	_	_	_	linguistic	_	none	_	_	_	_	_	_
784-3	PSB005	784	784	3	certo	certo	_	_	_	_	_	linguistic	_	none	_	End=1567.99	_	_	_	_
785-0	PSB005	785	785	0	va	va	_	_	_	_	_	linguistic	_	none	_	Begin=1568.99	_	_	_	_
785-1	PSB005	785	785	1	bene	bene	_	_	_	_	_	linguistic	_	none	_	_	_	_	_	_
785-2	PSB005	785	785	2	allora:	allora	_	_	_	_	_	linguistic	_	none	_	End=1569.95	5x1	_	_	_
786-0	PSB005	786	786	0	°okay°	okay	_	_	_	_	_	linguistic	_	none	Volume=low	Begin=1573.29|End=1573.71	_	_	_	_
787-0	PSB005	787	787	0	grazie	grazie	_	_	_	_	_	linguistic	_	none	_	Begin=1575.17|End=1575.86	_	_	_	_
788-0	PSB059	788	788	0	((ride))	((ride))	_	_	_	_	_	nonverbalbehavior	_	none	_	Begin=1575.24|End=1575.94	_	_	_	_
789-0	PSB059	789	789	0	niente	niente	_	_	_	_	_	linguistic	_	none	_	Begin=1575.96	_	_	_	_
789-1	PSB059	789	789	1	((ride))	((ride))	_	_	_	_	_	nonverbalbehavior	_	none	_	End=1576.69	_	_	_	_
790-0	PSB005	790	790	0	allora	allora	_	_	_	_	_	linguistic	_	none	_	Begin=1576.69	_	_	_	_
790-1	PSB005	790	790	1	però:	però	_	_	_	_	_	linguistic	_	none	_	End=1577.4	3x1	_	_	_
791-0	PSB005	791	791	0	è	è	_	_	_	_	_	linguistic	_	none	_	Begin=1578.43	_	_	_	_
791-1	PSB005	791	791	1	è	è	_	_	_	_	_	linguistic	_	none	_	_	_	_	_	_
791-2	PSB005	791	791	2	un	un	_	_	_	_	_	linguistic	_	none	_	_	_	_	_	_
791-3	PSB005	791	791	3	genio	genio	_	_	_	_	_	linguistic	_	none	_	_	_	_	_	_
791-4	PSB005	791	791	4	il	il	_	_	_	_	_	linguistic	_	none	_	_	_	_	_	_
791-5	PSB005	791	791	5	tuo	tuo	_	_	_	_	_	linguistic	_	none	_	_	_	_	_	_
791-6	PSB005	791	791	6	amico:	amico	_	_	_	_	_	linguistic	_	none	_	End=1579.83	4x1	_	_	_
792-0	PSB058	792	792	0	((ride))	((ride))	_	_	_	_	_	nonverbalbehavior	_	none	_	Begin=1580.02	_	_	_	_
792-1	PSB058	792	792	1	non	non	_	_	_	_	_	linguistic	_	none	_	_	_	_	_	_
792-2	PSB058	792	792	2	è	è	_	_	_	_	_	linguistic	_	none	_	_	_	_	_	_
792-3	PSB058	792	792	3	mio	mio	_	_	_	_	_	linguistic	_	none	_	_	_	_	_	_
792-4	PSB058	792	792	4	amico	amico	_	_	_	_	_	linguistic	_	none	_	_	_	_	_	_
792-5	PSB058	792	792	5	((ride))	((ride))	_	_	_	_	_	nonverbalbehavior	_	none	_	End=1581.63	_	_	_	_
793-0	PSB005	793	793	0	sì	sì	_	_	_	_	_	linguistic	_	none	_	Begin=1581.41	_	_	_	_
793-1	PSB005	793	793	1	sì	sì	_	_	_	_	_	linguistic	_	none	_	End=1582.07	_	_	_	_
794-0	PSB005	794	794	0	eh	eh	_	_	_	_	_	linguistic	_	none	_	Begin=1582.82	_	_	_	_
794-1	PSB005	794	794	1	[sì]	sì	_	_	_	_	_	linguistic	_	none	_	End=1583.39	_	_	_	0-2(141)
795-0	PSB058	795	795	0	[fai	fai	_	_	_	_	_	linguistic	_	none	_	Begin=1583.03	_	_	_	0-3(141)
795-1	PSB058	795	795	1	be]ne	bene	_	_	_	_	_	linguistic	_	none	_	_	_	_	_	0-2(141)
795-2	PSB058	795	795	2	l'	l'	_	_	_	_	_	linguistic	_	none	SpaceAfter=No	_	_	_	_	_
795-3	PSB058	795	795	3	intervista,	intervista	_	_	_	_	_	linguistic	_	none	Intonation=WeaklyRising	End=1584.38	_	_	_	_
796-0	PSB005	796	796	0	benissimo	benissimo	_	_	_	_	_	linguistic	_	none	_	Begin=1584.42	_	_	_	_
796-1	PSB005	796	796	1	ma	ma	_	_	_	_	_	linguistic	_	none	_	End=1585.43	_	_	_	_
797-0	PSB005	797	797	0	come	come	_	_	_	_	_	linguistic	_	none	_	Begin=1585.93	_	_	_	_
797-1	PSB005	797	797	1	te	te	_	_	_	_	_	linguistic	_	none	_	_	_	_	_	_
797-2	PSB005	797	797	2	eh:	eh	_	_	_	_	_	linguistic	_	none	_	_	1x1	_	_	_
797-3	PSB005	797	797	3	anche	anche	_	_	_	_	_	linguistic	_	none	_	_	_	_	_	_
797-4	PSB005	797	797	4	tu	tu	_	_	_	_	_	linguistic	_	none	_	_	_	_	_	_
797-5	PSB005	797	797	5	sei	sei	_	_	_	_	_	linguistic	_	none	_	_	_	_	_	_
797-6	PSB005	797	797	6	stato	stato	_	_	_	_	_	linguistic	_	none	_	_	_	_	_	_
797-7	PSB005	797	797	7	bravissimo	bravissimo	_	_	_	_	_	linguistic	_	none	_	_	_	_	_	_
797-8	PSB005	797	797	8	eh	eh	_	_	_	_	_	linguistic	_	none	_	End=1588.53	_	_	_	_
798-0	PSB005	798	798	0	mi	mi	_	_	_	_	_	linguistic	_	none	_	Begin=1590.2	_	_	_	_
798-1	PSB005	798	798	1	ha	ha	_	_	_	_	_	linguistic	_	none	_	_	_	_	_	_
798-2	PSB005	798	798	2	spe~	spe~	_	_	_	_	_	linguistic	_	none	Interrupted=Yes	_	_	_	_	_
798-3	PSB005	798	798	3	no	no	_	_	_	_	_	linguistic	_	none	_	_	_	_	_	_
798-4	PSB005	798	798	4	questo	questo	_	_	_	_	_	linguistic	_	none	_	_	_	_	_	_
798-5	PSB005	798	798	5	non	non	_	_	_	_	_	linguistic	_	none	_	_	_	_	_	_
798-6	PSB005	798	798	6	è	è	_	_	_	_	_	linguistic	_	none	_	End=1591.61	_	_	_	_
799-0	PSB058	799	799	0	xxx	xxx	_	_	_	_	_	unknown	_	none	Syllables=3	Begin=1592.73|End=1593.32	_	_	_	_
800-0	PSB005	800	800	0	[ho	ho	_	_	_	_	_	linguistic	_	none	_	Begin=1593.96	_	_	_	0-2(142)
800-1	PSB005	800	800	1	conosciuto],	conosciuto	_	_	_	_	_	linguistic	_	none	Intonation=WeaklyRising	End=1594.85	_	_	_	0-10(142)
801-0	PSB059	801	801	0	[xxx]	xxx	_	_	_	_	_	unknown	_	none	Syllables=3	Begin=1593.985|End=1594.985	_	_	_	0-3(142)
802-0	PSB058	802	802	0	fai	fai	_	_	_	_	_	linguistic	_	none	_	Begin=1597.06	_	_	_	_
802-1	PSB058	802	802	1	chiudi,	chiudi	_	_	_	_	_	linguistic	_	none	Intonation=WeaklyRising	End=1597.85	_	_	_	_
803-0	PSB059	803	803	0	eh	eh	_	_	_	_	_	linguistic	_	none	_	Begin=1598.37	_	_	_	_
803-1	PSB059	803	803	1	sto	sto	_	_	_	_	_	linguistic	_	none	_	End=1598.633	_	_	_	_
