token_id	speaker	tu_id	span	form	type	variation	jefferson_feats	align	prolongations	pace	guesses	overlaps
0-0	PSB014	0	okay	okay	linguistic	none	_	Begin=0.36|End=0.79	_	_	_	_
1-0	PSB014	1	posso?	posso	linguistic	none	Intonation=rising	Begin=1.05|End=1.46	_	_	_	_
2-0	PSB033	2	°me	me	linguistic	none	Volume=low	Begin=1.53	_	_	_	_
2-1	PSB033	2	lhai	lhai	linguistic	none	Volume=low	_	_	_	_	_
2-2	PSB033	2	mandato°	mandato	linguistic	none	Volume=low	End=2.15	_	_	_	_
3-0	PSB014	3	poggio	poggio	linguistic	none	_	Begin=2.407	_	_	_	_
3-1	PSB014	3	qua	qua	linguistic	none	_	End=2.887	_	_	_	_
4-0	PSB035	4	a:h	ah	linguistic	none	_	Begin=2.974|End=3.309	0x1	_	_	_
5-0	???	5	{musica}	{musica}	nonverbalbehavior	none	_	Begin=3.376|End=5.49	_	_	_	_
6-0	PSB014	6	ehm:	ehm	linguistic	none	_	Begin=5.49|End=6.32	2x1	_	_	_
7-0	PSB014	7	vai	vai	linguistic	none	_	Begin=6.473|End=6.793	_	_	_	_
8-0	PSB014	8	[vai	vai	linguistic	none	_	Begin=6.893	_	_	_	0-3(0)
8-1	PSB014	8	tu]?	tu	linguistic	none	Intonation=rising	End=7.493	_	_	_	0-2(0)
9-0	PSB033	9	[vai	vai	linguistic	none	_	Begin=6.893	_	_	_	0-3(0)
9-1	PSB033	9	{P}	{P}	shortpause	none	_	_	_	_	_	0-3(0)
9-2	PSB033	9	vai	vai	linguistic	none	_	_	_	_	_	0-3(0)
9-3	PSB033	9	tu]?	tu	linguistic	none	Intonation=rising	_	_	_	_	0-2(0)
9-4	PSB033	9	inizia	inizia	linguistic	none	_	_	_	_	_	_
9-5	PSB033	9	tu	tu	linguistic	none	_	End=8.211	_	_	_	_
10-0	PSB014	10	ehm:	ehm	linguistic	none	_	Begin=8.727	2x1	_	_	_
10-1	PSB014	10	vi	vi	linguistic	none	_	_	_	_	_	_
10-2	PSB014	10	piace	piace	linguistic	none	_	_	_	_	_	_
10-3	PSB014	10	questa	questa	linguistic	none	_	_	_	_	_	_
10-4	PSB014	10	zona	zona	linguistic	none	_	_	_	_	_	_
10-5	PSB014	10	di	di	linguistic	none	_	_	_	_	_	_
10-6	PSB014	10	bolo[gna]?	bologna	linguistic	none	Intonation=rising	End=10.84	_	_	_	4-7(1)
11-0	PSB035	11	[sì]	sì	linguistic	none	_	Begin=10.51	_	_	_	0-2(1)
11-1	PSB035	11	molto	molto	linguistic	none	_	_	_	_	_	_
11-2	PSB035	11	piace	piace	linguistic	none	_	_	_	_	_	_
11-3	PSB035	11	a	a	linguistic	none	_	_	_	_	_	_
11-4	PSB035	11	me	me	linguistic	none	_	End=11.907	_	_	_	_
12-0	PSB014	12	°vi	vi	linguistic	none	Volume=low	Begin=11.943	_	_	_	_
12-1	PSB014	12	pia[ce]°	piace	linguistic	none	Volume=low	End=12.459	_	_	_	3-5(2)
13-0	PSB035	13	[m:h]	mh	linguistic	none	_	Begin=12.26|End=12.593	0x1	_	_	0-2(2)
14-0	PSB014	14	ehm:	ehm	linguistic	none	_	Begin=12.818	2x1	_	_	_
14-1	PSB014	14	vivete	vivete	linguistic	none	_	_	_	_	_	_
14-2	PSB014	14	qua	qua	linguistic	none	_	_	_	_	_	_
14-3	PSB014	14	vicino?	vicino	linguistic	none	Intonation=rising	End=14.376	_	_	_	_
15-0	PSB035	15	sì	sì	linguistic	none	_	Begin=14.546	_	_	_	_
15-1	PSB035	15	vivete	vivete	linguistic	none	_	_	_	_	_	_
15-2	PSB035	15	qua:	qua	linguistic	none	_	_	2x1	_	_	_
15-3	PSB035	15	vicino	vicino	linguistic	none	_	_	_	_	_	_
15-4	PSB035	15	qua	qua	linguistic	none	_	End=16.227	_	_	_	_
16-0	PSB014	16	ah	ah	linguistic	none	_	Begin=16.392|End=16.742	_	_	_	_
17-0	PSB035	17	piedi	piedi	linguistic	none	_	Begin=16.979	_	_	_	_
17-1	PSB035	17	cinque	cinque	linguistic	none	_	_	_	_	_	_
17-2	PSB035	17	minuti	minuti	linguistic	none	_	_	_	_	_	_
17-3	PSB035	17	°[qui]°	qui	linguistic	none	Volume=low	End=18.608	_	_	_	0-3(3)
18-0	PSB014	18	[ah]	ah	linguistic	none	_	Begin=18.309|End=18.613	_	_	_	0-2(3)
19-0	PSB014	19	ehm	ehm	linguistic	none	_	Begin=19.057	_	_	_	_
19-1	PSB014	19	{P}	{P}	shortpause	none	_	_	_	_	_	_
19-2	PSB014	19	quindi	quindi	linguistic	none	_	_	_	_	_	_
19-3	PSB014	19	vi	vi	linguistic	none	_	_	_	_	_	_
19-4	PSB014	19	spostate	spostate	linguistic	none	_	_	_	_	_	_
19-5	PSB014	19	sempre	sempre	linguistic	none	_	_	_	_	_	_
19-6	PSB014	19	a	a	linguistic	none	_	_	_	_	_	_
19-7	PSB014	19	piedi?	piedi	linguistic	none	Intonation=rising	End=20.825	_	_	_	_
20-0	PSB035	20	ehm:	ehm	linguistic	none	_	Begin=21.227	2x1	_	_	_
20-1	PSB035	20	quasi	quasi	linguistic	none	_	_	_	_	_	_
20-2	PSB035	20	sempr~	sempr~	linguistic	none	Interrupted=Yes	_	_	_	_	_
20-3	PSB035	20	viene	viene	linguistic	none	_	_	_	_	_	_
20-4	PSB035	20	a	a	linguistic	none	_	_	_	_	_	_
20-5	PSB035	20	lavorare:	lavorare	linguistic	none	_	_	7x1	_	_	_
20-6	PSB035	20	sempre	sempre	linguistic	none	_	_	_	_	_	_
20-7	PSB035	20	piedi	piedi	linguistic	none	_	End=24.716	_	_	_	_
21-0	PSB014	21	ah	ah	linguistic	none	_	Begin=24.789	_	_	_	_
21-1	PSB014	21	okay	okay	linguistic	none	_	_	_	_	_	_
21-2	PSB014	21	{P}	{P}	shortpause	none	_	_	_	_	_	_
21-3	PSB014	21	l'	l'	linguistic	none	SpaceAfter=No	_	_	_	_	_
21-4	PSB014	21	autobus	autobus	linguistic	none	_	_	_	_	_	_
21-5	PSB014	21	lo	lo	linguistic	none	_	_	_	_	_	_
21-6	PSB014	21	prendete	prendete	linguistic	none	_	_	_	_	_	_
21-7	PSB014	21	[mai]?	mai	linguistic	none	Intonation=rising	End=26.814	_	_	_	0-3(4)
22-0	PSB035	22	[ehm:]	ehm	linguistic	none	_	Begin=26.665	2x1	_	_	0-3(4)
22-1	PSB035	22	no	no	linguistic	none	_	_	_	_	_	_
22-2	PSB035	22	{P}	{P}	shortpause	none	_	_	_	_	_	_
22-3	PSB035	22	qua	qua	linguistic	none	_	_	_	_	_	_
22-4	PSB035	22	perché	perché	linguistic	none	_	_	_	_	_	_
22-5	PSB035	22	{P}	{P}	shortpause	none	_	_	_	_	_	_
22-6	PSB035	22	cinquecento	cinquecento	linguistic	none	_	_	_	_	_	_
22-7	PSB035	22	me[tri]	metri	linguistic	none	_	_	_	_	_	2-5(6)
22-8	PSB035	22	senza	senza	linguistic	none	_	_	_	_	_	_
22-9	PSB035	22	{P}	{P}	shortpause	none	_	_	_	_	_	_
22-10	PSB035	22	con	con	linguistic	none	_	_	_	_	_	_
22-11	PSB035	22	autobus	autobus	linguistic	none	_	_	_	_	_	_
22-12	PSB035	22	{P}	{P}	shortpause	none	_	_	_	_	_	_
22-13	PSB035	22	[piedi],	piedi	linguistic	none	Intonation=weakly_rising	End=32.83	_	_	_	0-5(5)
23-0	PSB014	23	[ah]	ah	linguistic	none	_	Begin=29.881|End=30.211	_	_	_	0-2(6)
24-0	PSB014	24	[okay]	okay	linguistic	none	_	Begin=32.241|End=32.665	_	_	_	0-4(5)
25-0	PSB014	25	e:	e	linguistic	none	_	Begin=33.165	0x1	_	_	_
25-1	PSB014	25	ci	ci	linguistic	none	_	_	_	_	_	_
25-2	PSB014	25	sono	sono	linguistic	none	_	_	_	_	_	_
25-3	PSB014	25	delle	delle	linguistic	none	_	_	_	_	_	_
25-4	PSB014	25	cose	cose	linguistic	none	_	_	_	_	_	_
25-5	PSB014	25	che	che	linguistic	none	_	_	_	_	_	_
25-6	PSB014	25	non	non	linguistic	none	_	_	_	_	_	_
25-7	PSB014	25	vi	vi	linguistic	none	_	_	_	_	_	_
25-8	PSB014	25	piacciono	piacciono	linguistic	none	_	_	_	_	_	_
25-9	PSB014	25	di	di	linguistic	none	_	_	_	_	_	_
25-10	PSB014	25	questa	questa	linguistic	none	_	_	_	_	_	_
25-11	PSB014	25	zona?	zona	linguistic	none	Intonation=rising	End=36.345	_	_	_	_
26-0	PSB035	26	ehm:	ehm	linguistic	none	_	Begin=36.51	2x1	_	_	_
26-1	PSB035	26	per	per	linguistic	none	_	_	_	_	_	_
26-2	PSB035	26	me:	me	linguistic	none	_	_	1x1	_	_	_
26-3	PSB035	26	{P}	{P}	shortpause	none	_	_	_	_	_	_
26-4	PSB035	26	ehm:	ehm	linguistic	none	_	End=39.423	2x1	_	_	_
27-0	PSB035	27	va	va	linguistic	none	_	Begin=39.856	_	_	_	_
27-1	PSB035	27	bene	bene	linguistic	none	_	_	_	_	_	_
27-2	PSB035	27	perché	perché	linguistic	none	_	_	_	_	_	_
27-3	PSB035	27	quella	quella	linguistic	none	_	_	_	_	_	_
27-4	PSB035	27	zona	zona	linguistic	none	_	_	_	_	_	_
27-5	PSB035	27	{P}	{P}	shortpause	none	_	_	_	_	_	_
27-6	PSB035	27	per	per	linguistic	none	_	_	_	_	_	_
27-7	PSB035	27	me	me	linguistic	none	_	_	_	_	_	_
27-8	PSB035	27	piace	piace	linguistic	none	_	End=42.222	_	_	_	_
28-0	PSB014	28	mhmh	mhmh	linguistic	none	_	Begin=42.242|End=42.531	_	_	_	_
29-0	PSB035	29	qua	qua	linguistic	none	_	Begin=42.979	_	_	_	_
29-1	PSB035	29	non	non	linguistic	none	_	_	_	_	_	_
29-2	PSB035	29	è:	è	linguistic	none	_	_	0x1	_	_	_
29-3	PSB035	29	tanto	tanto	linguistic	none	_	_	_	_	_	_
29-4	PSB035	29	casino	casino	linguistic	none	_	_	_	_	_	_
29-5	PSB035	29	{P}	{P}	shortpause	none	_	_	_	_	_	_
29-6	PSB035	29	quello	quello	linguistic	none	_	_	_	_	_	_
29-7	PSB035	29	no	no	linguistic	none	_	End=45.552	_	_	_	_
30-0	PSB014	30	okay	okay	linguistic	none	_	Begin=45.711|End=46.036	_	_	_	_
31-0	PSB035	31	sempre	sempre	linguistic	none	_	Begin=46.191	_	_	_	_
31-1	PSB035	31	silenzio:	silenzio	linguistic	none	_	_	7x1	_	_	_
31-2	PSB035	31	tranquillo	tranquillo	linguistic	none	_	_	_	_	_	_
31-3	PSB035	31	qui	qui	linguistic	none	_	End=48.289	_	_	_	_
32-0	PSB014	32	okay	okay	linguistic	none	_	Begin=48.371|End=48.706	_	_	_	_
33-0	PSB014	33	e	e	linguistic	none	_	Begin=48.995	_	_	_	_
33-1	PSB014	33	bologna	bologna	linguistic	none	_	_	_	_	_	_
33-2	PSB014	33	{P}	{P}	shortpause	none	_	_	_	_	_	_
33-3	PSB014	33	come	come	linguistic	none	_	_	_	_	_	_
33-4	PSB014	33	città	città	linguistic	none	_	_	_	_	_	_
33-5	PSB014	33	vi	vi	linguistic	none	_	_	_	_	_	_
33-6	PSB014	33	piace?	piace	linguistic	none	Intonation=rising	End=51.057	_	_	_	_
34-0	PSB035	34	eh	eh	linguistic	none	_	Begin=51.108	_	_	_	_
34-1	PSB035	34	piace	piace	linguistic	none	_	_	_	_	_	_
34-2	PSB035	34	piace	piace	linguistic	none	_	End=52.0205	_	_	_	_
35-0	PSB033	35	°scusami°	scusami	linguistic	none	Volume=low	Begin=52.0205|End=52.454	_	_	_	_
36-0	PSB035	36	ehm	ehm	linguistic	none	_	Begin=52.526|End=52.737	_	_	_	_
37-0	PSB014	37	[e:]	e	linguistic	none	_	Begin=53.284|End=53.639	0x1	_	_	0-1(7)
38-0	PSB033	38	[perché]?	perché	linguistic	none	Intonation=rising	Begin=53.284|End=53.639	_	_	_	0-6(7)
39-0	PSB035	39	perché	perché	linguistic	none	_	Begin=54.562	_	_	_	_
39-1	PSB035	39	io:	io	linguistic	none	_	_	1x1	_	_	_
39-2	PSB035	39	vive	vive	linguistic	none	_	_	_	_	_	_
39-3	PSB035	39	quasi	quasi	linguistic	none	_	_	_	_	_	_
39-4	PSB035	39	sette	sette	linguistic	none	_	_	_	_	_	_
39-5	PSB035	39	[a:nni]	anni	linguistic	none	_	End=57.19	0x1	_	_	0-4(8)
40-0	???	40	[gente]	gente	linguistic	none	_	Begin=56.902	_	_	_	0-5(8)
40-1	???	40	°molt~°	molt~	linguistic	none	Interrupted=Yes|Volume=low	_	_	_	_	_
40-2	???	40	molto	molto	linguistic	none	_	_	_	_	_	_
40-3	???	40	[gentile]	gentile	linguistic	none	_	End=59.206	_	_	_	0-7(9)
41-0	PSB035	41	[ehm:]	ehm	linguistic	none	_	Begin=58.959|End=59.418	2x1	_	_	0-3(9)
42-0	PSB033	42	gen[tili]?	gentili	linguistic	none	Intonation=rising	Begin=59.553|End=60.268	_	_	_	3-7(10)
43-0	PSB035	43	[qua	qua	linguistic	none	_	Begin=59.8	_	_	_	0-3(10)
43-1	PSB035	43	c'	c'	linguistic	none	SpaceAfter=No	_	_	_	_	0-2(10)
43-2	PSB035	43	è]	è	linguistic	none	_	_	_	_	_	0-1(10)
43-3	PSB035	43	clienti:	clienti	linguistic	none	_	_	6x1	_	_	_
43-4	PSB035	43	molto	molto	linguistic	none	_	_	_	_	_	_
43-5	PSB035	43	gentile:	gentile	linguistic	none	_	End=62.175	6x1	_	_	_
44-0	PSB035	44	tutto:	tutto	linguistic	none	_	Begin=63.045	4x1	_	_	_
44-1	PSB035	44	noi	noi	linguistic	none	_	_	_	_	_	_
44-2	PSB035	44	piace	piace	linguistic	none	_	_	_	_	_	_
44-3	PSB035	44	[qui]	qui	linguistic	none	_	End=64.909	_	_	_	0-3(11)
45-0	PSB014	45	°[o]kay°	okay	linguistic	none	Volume=low	Begin=64.82	_	_	_	0-1(11)
45-1	PSB014	45	e	e	linguistic	none	_	_	_	_	_	_
45-2	PSB014	45	diceva	diceva	linguistic	none	_	_	_	_	_	_
45-3	PSB014	45	è	è	linguistic	none	_	_	_	_	_	_
45-4	PSB014	45	qua	qua	linguistic	none	_	_	_	_	_	_
45-5	PSB014	45	da	da	linguistic	none	_	_	_	_	_	_
45-6	PSB014	45	sette	sette	linguistic	none	_	_	_	_	_	_
45-7	PSB014	45	anni?	anni	linguistic	none	Intonation=rising	End=66.779	_	_	_	_
46-0	PSB035	46	eh	eh	linguistic	none	_	Begin=67.188	_	_	_	_
46-1	PSB035	46	sì	sì	linguistic	none	_	_	_	_	_	_
46-2	PSB035	46	[se]tte	sette	linguistic	none	_	_	_	_	_	0-2(12)
46-3	PSB035	46	anni	anni	linguistic	none	_	End=68.136	_	_	_	_
47-0	PSB033	47	e	e	linguistic	none	_	Begin=67.626|End=68.066	_	_	_	_
48-0	PSB033	48	e	e	linguistic	none	_	Begin=68.377	_	_	_	_
48-1	PSB033	48	prima?	prima	linguistic	none	Intonation=rising	End=68.799	_	_	_	_
49-0	PSB035	49	prima:	prima	linguistic	none	_	Begin=69.078	4x1	_	_	_
49-1	PSB035	49	io	io	linguistic	none	_	_	_	_	_	_
49-2	PSB035	49	venezia	venezia	linguistic	none	_	End=70.61	_	_	_	_
50-0	PSB014	50	ah	ah	linguistic	none	_	Begin=70.792	_	_	_	_
50-1	PSB014	50	[venezia]	venezia	linguistic	none	_	End=71.539	_	_	_	0-7(13)
51-0	PSB033	51	[°venezia°]	venezia	linguistic	none	Volume=low	Begin=71.167|End=71.653	_	_	_	0-7(13)
52-0	PSB035	52	ehm	ehm	linguistic	none	_	Begin=71.675|End=71.877	_	_	_	_
53-0	PSB033	53	e	e	linguistic	none	_	Begin=72.065	_	_	_	_
53-1	PSB033	53	come	come	linguistic	none	_	_	_	_	_	_
53-2	PSB033	53	era?	era	linguistic	none	Intonation=rising	End=72.552	_	_	_	_
54-0	PSB035	54	ah	ah	linguistic	none	_	Begin=72.805	_	_	_	_
54-1	PSB035	54	venezia	venezia	linguistic	none	_	_	_	_	_	_
54-2	PSB035	54	anche	anche	linguistic	none	_	_	_	_	_	_
54-3	PSB035	54	bene	bene	linguistic	none	_	_	_	_	_	_
54-4	PSB035	54	[là]	là	linguistic	none	_	End=74.584	_	_	_	0-2(14)
55-0	PSB033	55	[bene]	bene	linguistic	none	_	Begin=74.193|End=74.539	_	_	_	0-4(14)
56-0	PSB035	56	prima	prima	linguistic	none	_	Begin=74.961	_	_	_	_
56-1	PSB035	56	parrucchiere	parrucchiere	linguistic	none	_	_	_	_	_	_
56-2	PSB035	56	là	là	linguistic	none	_	End=76.221	_	_	_	_
57-0	PSB014	57	okay	okay	linguistic	none	_	Begin=76.396|End=76.695	_	_	_	_
58-0	PSB035	58	dopo	dopo	linguistic	none	_	Begin=77.097	_	_	_	_
58-1	PSB035	58	ven:do,	vendo	linguistic	none	Intonation=weakly_rising	_	2x1	_	_	_
58-2	PSB035	58	venuto	venuto	linguistic	none	_	_	_	_	_	_
58-3	PSB035	58	qua,	qua	linguistic	none	Intonation=weakly_rising	_	_	_	_	_
58-4	PSB035	58	trovare	trovare	linguistic	none	_	_	_	_	_	_
58-5	PSB035	58	nuovo	nuovo	linguistic	none	_	_	_	_	_	_
58-6	PSB035	58	qui	qui	linguistic	none	_	End=79.916	_	_	_	_
59-0	PSB014	59	e	e	linguistic	none	_	Begin=80.234	_	_	_	_
59-1	PSB014	59	posso	posso	linguistic	none	_	_	_	_	_	_
59-2	PSB014	59	chiederle	chiederle	linguistic	none	_	_	_	_	_	_
59-3	PSB014	59	di	di	linguistic	none	_	_	_	_	_	_
59-4	PSB014	59	dove	dove	linguistic	none	_	_	_	_	_	_
59-5	PSB014	59	siete?	siete	linguistic	none	Intonation=rising	_	_	_	_	_
59-6	PSB014	59	da	da	linguistic	none	_	_	_	_	_	_
59-7	PSB014	59	dove	dove	linguistic	none	_	_	_	_	_	_
59-8	PSB014	59	venite?	venite	linguistic	none	Intonation=rising	End=82.318	_	_	_	_
60-0	PSB035	60	io	io	linguistic	none	_	Begin=82.468	_	_	_	_
60-1	PSB035	60	da	da	linguistic	none	_	_	_	_	_	_
60-2	PSB035	60	cina	cina	linguistic	none	_	End=83.513	_	_	_	_
61-0	PSB033	61	ok[ay]	okay	linguistic	none	_	Begin=83.591|End=83.981	_	_	_	2-4(15)
62-0	PSB035	62	[vengo]	vengo	linguistic	none	_	Begin=83.857	_	_	_	0-5(15)
62-1	PSB035	62	da	da	linguistic	none	_	_	_	_	_	_
62-2	PSB035	62	cina	cina	linguistic	none	_	End=84.487	_	_	_	_
63-0	PSB033	63	e:	e	linguistic	none	_	Begin=84.827	0x1	_	_	_
63-1	PSB033	63	ed	ed	linguistic	none	_	_	_	_	_	_
63-2	PSB033	63	è	è	linguistic	none	_	_	_	_	_	_
63-3	PSB033	63	in	in	linguistic	none	_	_	_	_	_	_
63-4	PSB033	63	italia	italia	linguistic	none	_	_	_	_	_	_
63-5	PSB033	63	da	da	linguistic	none	_	_	_	_	_	_
63-6	PSB033	63	quando?	quando	linguistic	none	Intonation=rising	End=86.299	_	_	_	_
64-0	PSB035	64	ehm:	ehm	linguistic	none	_	Begin=86.494	2x1	_	_	_
64-1	PSB035	64	quasi	quasi	linguistic	none	_	_	_	_	_	_
64-2	PSB035	64	venti:due	ventidue	linguistic	none	_	_	4x1	_	_	_
64-3	PSB035	64	anni	anni	linguistic	none	_	End=89.097	_	_	_	_
65-0	PSB014	65	ah	ah	linguistic	none	_	Begin=89.104	_	_	_	_
65-1	PSB014	65	ah	ah	linguistic	none	_	_	_	_	_	_
65-2	PSB014	65	okay	okay	linguistic	none	_	_	_	_	_	_
65-3	PSB014	65	okay	okay	linguistic	none	_	End=90.818	_	_	_	_
66-0	PSB014	66	bene	bene	linguistic	none	_	Begin=91.606|End=92.113	_	_	_	_
67-0	PSB014	67	ehm:	ehm	linguistic	none	_	Begin=92.316|End=93.013	2x1	_	_	_
68-0	PSB014	68	c'	c'	linguistic	none	SpaceAfter=No	Begin=93.955	_	_	_	_
68-1	PSB014	68	è	è	linguistic	none	_	_	_	_	_	_
68-2	PSB014	68	qualche:	qualche	linguistic	none	_	End=95.123	6x1	_	_	_
69-0	PSB014	69	ehm:	ehm	linguistic	none	_	Begin=95.935|End=96.351	2x1	_	_	_
70-0	PSB014	70	pa~	pa~	linguistic	none	Interrupted=Yes	Begin=97.338	_	_	_	_
70-1	PSB014	70	allora	allora	linguistic	none	_	End=97.779	_	_	_	_
71-0	PSB014	71	stavo	stavo	linguistic	none	_	Begin=98.13	_	_	_	_
71-1	PSB014	71	pensan[do]	pensando	linguistic	none	_	End=99.019	_	_	_	6-8(16)
72-0	PSB035	72	[ah]	ah	linguistic	none	_	Begin=98.786|End=98.994	_	_	_	0-2(16)
73-0	PSB014	73	qualche	qualche	linguistic	none	_	Begin=99.214	_	_	_	_
73-1	PSB014	73	cibo	cibo	linguistic	none	_	_	_	_	_	_
73-2	PSB014	73	{P}	{P}	shortpause	none	_	_	_	_	_	_
73-3	PSB014	73	che	che	linguistic	none	_	_	_	_	_	_
73-4	PSB014	73	le	le	linguistic	none	_	_	_	_	_	_
73-5	PSB014	73	manca	manca	linguistic	none	_	_	_	_	_	_
73-6	PSB014	73	della	della	linguistic	none	_	_	_	_	_	_
73-7	PSB014	73	cina	cina	linguistic	none	_	_	_	_	_	_
73-8	PSB014	73	e	e	linguistic	none	_	_	_	_	_	_
73-9	PSB014	73	che	che	linguistic	none	_	_	_	_	_	_
73-10	PSB014	73	non	non	linguistic	none	_	_	_	_	_	_
73-11	PSB014	73	riesce	riesce	linguistic	none	_	_	_	_	_	_
73-12	PSB014	73	a	a	linguistic	none	_	_	_	_	_	_
73-13	PSB014	73	trovare	trovare	linguistic	none	_	_	_	_	_	_
73-14	PSB014	73	qua	qua	linguistic	none	_	_	_	_	_	_
73-15	PSB014	73	a	a	linguistic	none	_	_	_	_	_	_
73-16	PSB014	73	bologna?	bologna	linguistic	none	Intonation=rising	End=103.403	_	_	_	_
74-0	PSB035	74	ehm:	ehm	linguistic	none	_	Begin=103.727	2x1	_	_	_
74-1	PSB035	74	cina	cina	linguistic	none	_	_	_	_	_	_
74-2	PSB035	74	{P}	{P}	shortpause	none	_	_	_	_	_	_
74-3	PSB035	74	cosa	cosa	linguistic	none	_	_	_	_	_	_
74-4	PSB035	74	non	non	linguistic	none	_	_	_	_	_	_
74-5	PSB035	74	capito	capito	linguistic	none	_	_	_	_	_	_
74-6	PSB035	74	qual	qual	linguistic	none	_	End=106.37	_	_	_	_
75-0	PSB014	75	cibo	cibo	linguistic	none	_	Begin=106.429|End=106.825	_	_	_	_
76-0	PSB035	76	cibo	cibo	linguistic	none	_	Begin=107.169	_	_	_	_
76-1	PSB035	76	[ah]	ah	linguistic	none	_	End=107.675	_	_	_	0-2(17)
77-0	PSB014	77	[cibo]	cibo	linguistic	none	_	Begin=107.435	_	_	_	0-4(17)
77-1	PSB014	77	preferito	preferito	linguistic	none	_	_	_	_	_	_
77-2	PSB014	77	della	della	linguistic	none	_	_	_	_	_	_
77-3	PSB014	77	cina	cina	linguistic	none	_	End=108.727	_	_	_	_
78-0	PSB035	78	ah	ah	linguistic	none	_	Begin=108.954	_	_	_	_
78-1	PSB035	78	in	in	linguistic	none	_	_	_	_	_	_
78-2	PSB035	78	cina:	cina	linguistic	none	_	_	3x1	_	_	_
78-3	PSB035	78	portare	portare	linguistic	none	_	_	_	_	_	_
78-4	PSB035	78	qui:	qui	linguistic	none	_	_	2x1	_	_	_
78-5	PSB035	78	quello:	quello	linguistic	none	_	_	5x1	_	_	_
78-6	PSB035	78	{P}	{P}	shortpause	none	_	_	_	_	_	_
78-7	PSB035	78	supermercato:	supermercato	linguistic	none	_	End=114.526	11x1	_	_	_
79-0	PSB035	79	in	in	linguistic	none	_	Begin=115.078	_	_	_	_
79-1	PSB035	79	cinese	cinese	linguistic	none	_	_	_	_	_	_
79-2	PSB035	79	tanto	tanto	linguistic	none	_	_	_	_	_	_
79-3	PSB035	79	quello:	quello	linguistic	none	_	_	5x1	_	_	_
79-4	PSB035	79	cibo	cibo	linguistic	none	_	_	_	_	_	_
79-5	PSB035	79	per	per	linguistic	none	_	_	_	_	_	_
79-6	PSB035	79	mangiare	mangiare	linguistic	none	_	_	_	_	_	_
79-7	PSB035	79	tanti	tanti	linguistic	none	_	_	_	_	_	_
79-8	PSB035	79	la	la	linguistic	none	_	_	_	_	_	_
79-9	PSB035	79	[cina]	cina	linguistic	none	_	End=119.805	_	_	_	0-4(18)
80-0	PSB014	80	[mh]mh	mhmh	linguistic	none	_	Begin=119.643|End=120.032	_	_	_	0-2(18)
81-0	PSB035	81	solo	solo	linguistic	none	_	Begin=120.201	_	_	_	_
81-1	PSB035	81	noi:	noi	linguistic	none	_	_	2x1	_	_	_
81-2	PSB035	81	paese	paese	linguistic	none	_	_	_	_	_	_
81-3	PSB035	81	{P}	{P}	shortpause	none	_	_	_	_	_	_
81-4	PSB035	81	quel	quel	linguistic	none	_	_	_	_	_	_
81-5	PSB035	81	cinese	cinese	linguistic	none	_	_	_	_	_	_
81-6	PSB035	81	quello:	quello	linguistic	none	_	_	5x1	_	_	_
81-7	PSB035	81	{P}	{P}	shortpause	none	_	_	_	_	_	_
81-8	PSB035	81	ehm:	ehm	linguistic	none	_	_	2x1	_	_	_
81-9	PSB035	81	quello:	quello	linguistic	none	_	_	5x1	_	_	_
81-10	PSB035	81	supermer[cato]	supermercato	linguistic	none	_	End=126.299	_	_	_	8-12(19)
82-0	PSB014	82	[okay]	okay	linguistic	none	_	Begin=126.052	_	_	_	0-4(19)
82-1	PSB014	82	trovate	trovate	linguistic	none	_	_	_	_	_	_
82-2	PSB014	82	quindi	quindi	linguistic	none	_	_	_	_	_	_
82-3	PSB014	82	[qua	qua	linguistic	none	_	_	_	_	_	0-3(20)
82-4	PSB014	82	le]	le	linguistic	none	_	_	_	_	_	0-2(20)
82-5	PSB014	82	cos[e]?	cose	linguistic	none	Intonation=rising	End=128.175	_	_	_	3-4(21)
83-0	PSB035	83	[sì]	sì	linguistic	none	_	Begin=127.306|End=127.746	_	_	_	0-2(20)
84-0	PSB035	84	[sì]	sì	linguistic	none	_	Begin=128.006	_	_	_	0-2(21)
84-1	PSB035	84	sì	sì	linguistic	none	_	_	_	_	_	_
84-2	PSB035	84	tanti	tanti	linguistic	none	_	End=128.942	_	_	_	_
85-0	PSB035	85	ah	ah	linguistic	none	_	Begin=129.201	_	_	_	_
85-1	PSB035	85	perché	perché	linguistic	none	_	_	_	_	_	_
85-2	PSB035	85	in	in	linguistic	none	_	_	_	_	_	_
85-3	PSB035	85	via	via	linguistic	none	_	_	_	_	_	_
85-4	PSB035	85	ferrese	ferrese	linguistic	none	_	_	_	_	_	_
85-5	PSB035	85	anche	anche	linguistic	none	_	_	_	_	_	_
85-6	PSB035	85	tre	tre	linguistic	none	_	_	_	_	_	_
85-7	PSB035	85	{P}	{P}	shortpause	none	_	_	_	_	_	_
85-8	PSB035	85	negozio	negozio	linguistic	none	_	_	_	_	_	_
85-9	PSB035	85	{P}	{P}	shortpause	none	_	_	_	_	_	_
85-10	PSB035	85	[grande]	grande	linguistic	none	_	End=133.455	_	_	_	0-6(22)
86-0	PSB014	86	[sì]	sì	linguistic	none	_	Begin=133.325	_	_	_	0-2(22)
86-1	PSB014	86	aha	aha	linguistic	none	_	End=133.63	_	_	_	_
87-0	PSB033	87	sì	sì	linguistic	none	_	Begin=133.656	_	_	_	_
87-1	PSB033	87	sì	sì	linguistic	none	_	_	_	_	_	_
87-2	PSB033	87	[sì]	sì	linguistic	none	_	End=134.26	_	_	_	0-2(23)
88-0	PSB035	88	[però]	però	linguistic	none	_	Begin=133.675	_	_	_	0-4(23)
88-1	PSB035	88	cinese	cinese	linguistic	none	_	_	_	_	_	_
88-2	PSB035	88	{P}	{P}	shortpause	none	_	_	_	_	_	_
88-3	PSB035	88	però	però	linguistic	none	_	End=134.656	_	_	_	_
89-0	PSB014	89	[ah]	ah	linguistic	none	_	Begin=134.786|End=134.987	_	_	_	0-2(24)
90-0	PSB035	90	[quel]	quel	linguistic	none	_	Begin=134.903|End=135.552	_	_	_	0-4(24)
91-0	PSB033	91	[okay]	okay	linguistic	none	_	Begin=135.11|End=135.552	_	_	_	0-4(25)
92-0	PSB033	92	sì	sì	linguistic	none	_	Begin=135.76	_	_	_	_
92-1	PSB033	92	{P}	{P}	shortpause	none	_	_	_	_	_	_
92-2	PSB033	92	sì	sì	linguistic	none	_	_	_	_	_	_
92-3	PSB033	92	sì	sì	linguistic	none	_	_	_	_	_	_
92-4	PSB033	92	sì	sì	linguistic	none	_	End=136.37	_	_	_	_
93-0	PSB014	93	°uhm°	uhm	linguistic	none	Volume=low	Begin=136.69|End=136.995	_	_	_	_
94-0	PSB033	94	e	e	linguistic	none	_	Begin=137.896	_	_	_	_
94-1	PSB033	94	quanti	quanti	linguistic	none	_	_	_	_	_	_
94-2	PSB033	94	anni	anni	linguistic	none	_	_	_	_	_	_
94-3	PSB033	94	avevi	avevi	linguistic	none	_	_	_	_	_	_
94-4	PSB033	94	quando	quando	linguistic	none	_	_	_	_	_	_
94-5	PSB033	94	sei	sei	linguistic	none	_	_	_	_	_	_
94-6	PSB033	94	venuto	venuto	linguistic	none	_	_	_	_	_	_
94-7	PSB033	94	qua	qua	linguistic	none	_	_	_	_	_	_
94-8	PSB033	94	{P}	{P}	shortpause	none	_	_	_	_	_	_
94-9	PSB033	94	quindi?	quindi	linguistic	none	Intonation=rising	End=140.253	_	_	_	_
95-0	PSB035	95	eh	eh	linguistic	none	_	Begin=140.455	_	_	_	_
95-1	PSB035	95	qua	qua	linguistic	none	_	_	_	_	_	_
95-2	PSB035	95	bologna	bologna	linguistic	none	_	_	_	_	_	_
95-3	PSB035	95	{P}[]	{P}	shortpause	none	_	_	_	_	_	0-3(26)
95-4	PSB035	95	ehm:	ehm	linguistic	none	_	_	2x1	_	_	_
95-5	PSB035	95	quasi	quasi	linguistic	none	_	_	_	_	_	_
95-6	PSB035	95	otto	otto	linguistic	none	_	_	_	_	_	_
95-7	PSB035	95	anni	anni	linguistic	none	_	End=143.188	_	_	_	_
96-0	PSB033	96	[tu]	tu	linguistic	none	_	Begin=141.87|End=142.195	_	_	_	0-2(26)
97-0	PSB035	97	bologna	bologna	linguistic	none	_	Begin=143.247	_	_	_	_
97-1	PSB035	97	otto	otto	linguistic	none	_	_	_	_	_	_
97-2	PSB035	97	[anni]	anni	linguistic	none	_	End=144.175	_	_	_	0-4(27)
98-0	PSB033	98	[otto]	otto	linguistic	none	_	Begin=143.87	_	_	_	0-4(27)
98-1	PSB033	98	anni	anni	linguistic	none	_	_	_	_	_	_
98-2	PSB033	98	a	a	linguistic	none	_	_	_	_	_	_
98-3	PSB033	98	bologna,	bologna	linguistic	none	Intonation=weakly_rising	_	_	_	_	_
98-4	PSB033	98	prima?	prima	linguistic	none	Intonation=rising	_	_	_	_	_
98-5	PSB033	98	{P}	{P}	shortpause	none	_	_	_	_	_	_
98-6	PSB033	98	[a	a	linguistic	none	_	_	_	_	_	0-1(28)
98-7	PSB033	98	venezia]?	venezia	linguistic	none	Intonation=rising	End=146.227	_	_	_	0-7(28)
99-0	PSB035	99	[prima]	prima	linguistic	none	_	Begin=145.487|End=145.909	_	_	_	0-5(28)
100-0	PSB035	100	venezia:	venezia	linguistic	none	_	Begin=146.273	6x1	_	_	_
100-1	PSB035	100	quasi:	quasi	linguistic	none	_	_	4x1	_	_	_
100-2	PSB035	100	otto	otto	linguistic	none	_	_	_	_	_	_
100-3	PSB035	100	anni:	anni	linguistic	none	_	_	3x1	_	_	_
100-4	PSB035	100	dopo	dopo	linguistic	none	_	_	_	_	_	_
100-5	PSB035	100	treviso	treviso	linguistic	none	_	_	_	_	_	_
100-6	PSB035	100	cinque	cinque	linguistic	none	_	_	_	_	_	_
100-7	PSB035	100	[anni]	anni	linguistic	none	_	End=150.61	_	_	_	0-4(236)
101-0	PSB033	101	[ah]	ah	linguistic	none	_	Begin=150.123	_	_	_	0-2(?)
101-1	PSB033	101	tre[viso]	treviso	linguistic	none	_	End=150.987	_	_	_	3-7(?)
102-0	PSB014	102	[ah]	ah	linguistic	none	_	Begin=150.513|End=150.853	_	_	_	0-2(236)
103-0	PSB014	103	e	e	linguistic	none	_	Begin=151.383	_	_	_	_
103-1	PSB014	103	perché	perché	linguistic	none	_	_	_	_	_	_
103-2	PSB014	103	ha	ha	linguistic	none	_	_	_	_	_	_
103-3	PSB014	103	deciso	deciso	linguistic	none	_	_	_	_	_	_
103-4	PSB014	103	di	di	linguistic	none	_	_	_	_	_	_
103-5	PSB014	103	venire	venire	linguistic	none	_	_	_	_	_	_
103-6	PSB014	103	qua	qua	linguistic	none	_	_	_	_	_	_
103-7	PSB014	103	in	in	linguistic	none	_	_	_	_	_	_
103-8	PSB014	103	italia?	italia	linguistic	none	Intonation=rising	End=153.468	_	_	_	_
104-0	PSB035	104	eh	eh	linguistic	none	_	Begin=153.63	_	_	_	_
104-1	PSB035	104	perché	perché	linguistic	none	_	_	_	_	_	_
104-2	PSB035	104	noi	noi	linguistic	none	_	_	_	_	_	_
104-3	PSB035	104	in	in	linguistic	none	_	_	_	_	_	_
104-4	PSB035	104	cina:	cina	linguistic	none	_	End=155.558	3x1	_	_	_
105-0	PSB035	105	meglio	meglio	linguistic	none	_	Begin=156.091	_	_	_	_
105-1	PSB035	105	di	di	linguistic	none	_	_	_	_	_	_
105-2	PSB035	105	qua	qua	linguistic	none	_	_	_	_	_	_
105-3	PSB035	105	vivo	vivo	linguistic	none	_	_	_	_	_	_
105-4	PSB035	105	[qui]	qui	linguistic	none	_	End=157.571	_	_	_	0-3(29)
106-0	PSB033	106	°[mhmh]°	mhmh	linguistic	none	Volume=low	Begin=157.312|End=157.894	_	_	_	0-4(29)
107-0	PSB035	107	perché	perché	linguistic	none	_	Begin=158.019	_	_	_	_
107-1	PSB035	107	guadagna	guadagna	linguistic	none	_	_	_	_	_	_
107-2	PSB035	107	di	di	linguistic	none	_	_	_	_	_	_
107-3	PSB035	107	più	più	linguistic	none	_	_	_	_	_	_
107-4	PSB035	107	[da]	da	linguistic	none	_	_	_	_	_	0-2(30)
107-5	PSB035	107	qui	qui	linguistic	none	_	_	_	_	_	_
107-6	PSB035	107	anche	anche	linguistic	none	_	_	_	_	_	_
107-7	PSB035	107	lavo:ro:	lavoro	linguistic	none	_	_	3x1,5x1	_	_	_
107-8	PSB035	107	in	in	linguistic	none	_	_	_	_	_	_
107-9	PSB035	107	cina	cina	linguistic	none	_	_	_	_	_	_
107-10	PSB035	107	differenza	differenza	linguistic	none	_	_	_	_	_	_
107-11	PSB035	107	tanto	tanto	linguistic	none	_	End=162.727	_	_	_	_
108-0	PSB014	108	[okay]	okay	linguistic	none	_	Begin=159.87|End=160.513	_	_	_	0-4(30)
109-0	PSB014	109	okay	okay	linguistic	none	_	Begin=162.818|End=163.344	_	_	_	_
110-0	PSB035	110	per	per	linguistic	none	_	Begin=163.487	_	_	_	_
110-1	PSB035	110	quello	quello	linguistic	none	_	_	_	_	_	_
110-2	PSB035	110	motivo	motivo	linguistic	none	_	_	_	_	_	_
110-3	PSB035	110	noi	noi	linguistic	none	_	_	_	_	_	_
110-4	PSB035	110	anche	anche	linguistic	none	_	_	_	_	_	_
110-5	PSB035	110	tanti	tanti	linguistic	none	_	_	_	_	_	_
110-6	PSB035	110	parenti:	parenti	linguistic	none	_	_	6x1	_	_	_
110-7	PSB035	110	venuto	venuto	linguistic	none	_	_	_	_	_	_
110-8	PSB035	110	qua	qua	linguistic	none	_	_	_	_	_	_
110-9	PSB035	110	tanti	tanti	linguistic	none	_	_	_	_	_	_
110-10	PSB035	110	anni	anni	linguistic	none	_	_	_	_	_	_
110-11	PSB035	110	{P}	{P}	shortpause	none	_	_	_	_	_	_
110-12	PSB035	110	[ora]	ora	linguistic	none	_	End=168.662	_	_	_	0-3(31)
111-0	PSB033	111	[okay]	okay	linguistic	none	_	Begin=168.026|End=168.662	_	_	_	0-4(31)
112-0	PSB014	112	e:	e	linguistic	none	_	Begin=169.214	0x1	_	_	_
112-1	PSB014	112	quando	quando	linguistic	none	_	_	_	_	_	_
112-2	PSB014	112	è	è	linguistic	none	_	_	_	_	_	_
112-3	PSB014	112	venuto	venuto	linguistic	none	_	_	_	_	_	_
112-4	PSB014	112	qua:	qua	linguistic	none	_	_	2x1	_	_	_
112-5	PSB014	112	ehm:	ehm	linguistic	none	_	_	2x1	_	_	_
112-6	PSB014	112	lo	lo	linguistic	none	_	_	_	_	_	_
112-7	PSB014	112	sapeva	sapeva	linguistic	none	_	_	_	_	_	_
112-8	PSB014	112	già	già	linguistic	none	_	_	_	_	_	_
112-9	PSB014	112	l'	l'	linguistic	none	SpaceAfter=No	_	_	_	_	_
112-10	PSB014	112	italiano	italiano	linguistic	none	_	_	_	_	_	_
112-11	PSB014	112	{P}	{P}	shortpause	none	_	_	_	_	_	_
112-12	PSB014	112	o	o	linguistic	none	_	_	_	_	_	_
112-13	PSB014	112	l'	l'	linguistic	none	SpaceAfter=No	_	_	_	_	_
112-14	PSB014	112	hai	hai	linguistic	none	_	_	_	_	_	_
112-15	PSB014	112	imparato	imparato	linguistic	none	_	_	_	_	_	_
112-16	PSB014	112	qua?	qua	linguistic	none	Intonation=rising	End=174.032	_	_	_	_
113-0	PSB035	113	io	io	linguistic	none	_	Begin=174.045	_	_	_	_
113-1	PSB035	113	imparato	imparato	linguistic	none	_	_	_	_	_	_
113-2	PSB035	113	qui	qui	linguistic	none	_	End=175.13	_	_	_	_
114-0	PSB014	114	okay	okay	linguistic	none	_	Begin=175.182|End=175.591	_	_	_	_
115-0	PSB014	115	è	è	linguistic	none	_	Begin=176.385	_	_	_	_
115-1	PSB014	115	difficile	difficile	linguistic	none	_	_	_	_	_	_
115-2	PSB014	115	secondo	secondo	linguistic	none	_	_	_	_	_	_
115-3	PSB014	115	[lei]?	lei	linguistic	none	Intonation=rising	End=177.623	_	_	_	0-3(32)
116-0	PSB035	116	[eh]	eh	linguistic	none	_	Begin=177.197	_	_	_	0-2(32)
116-1	PSB035	116	per	per	linguistic	none	_	_	_	_	_	_
116-2	PSB035	116	me	me	linguistic	none	_	_	_	_	_	_
116-3	PSB035	116	è	è	linguistic	none	_	_	_	_	_	_
116-4	PSB035	116	diffcile	diffcile	linguistic	none	_	_	_	_	_	_
116-5	PSB035	116	eh	eh	linguistic	none	_	End=178.877	_	_	_	_
117-0	PSB035	117	anche	anche	linguistic	none	_	Begin=179.148	_	_	_	_
117-1	PSB035	117	io	io	linguistic	none	_	_	_	_	_	_
117-2	PSB035	117	molto	molto	linguistic	none	_	_	_	_	_	_
117-3	PSB035	117	piace	piace	linguistic	none	_	_	_	_	_	_
117-4	PSB035	117	[eh]	eh	linguistic	none	_	_	_	_	_	0-2(33)
117-5	PSB035	117	{ride}	{ride}	nonverbalbehavior	none	_	End=180.762	_	_	_	_
118-0	PSB014	118	[ah]	ah	linguistic	none	_	Begin=180.59|End=181.057	_	_	_	0-2(33)
119-0	PSB035	119	tanti:	tanti	linguistic	none	_	Begin=181.475	4x1	_	_	_
119-1	PSB035	119	quasi:	quasi	linguistic	none	_	_	4x1	_	_	_
119-2	PSB035	119	centottanta	centottanta	linguistic	none	_	_	_	_	_	_
119-3	PSB035	119	ore	ore	linguistic	none	_	_	_	_	_	_
119-4	PSB035	119	{P}	{P}	shortpause	none	_	_	_	_	_	_
119-5	PSB035	119	fatto	fatto	linguistic	none	_	_	_	_	_	_
119-6	PSB035	119	corso	corso	linguistic	none	_	_	_	_	_	_
119-7	PSB035	119	[italiano]	italiano	linguistic	none	_	End=185.893	_	_	_	0-8(34)
120-0	PSB014	120	[ah]	ah	linguistic	none	_	Begin=185.172|End=185.697	_	_	_	0-2(34)
121-0	PSB033	121	ah	ah	linguistic	none	_	Begin=186.098|End=186.369	_	_	_	_
122-0	PSB035	122	però	però	linguistic	none	_	Begin=186.582	_	_	_	_
122-1	PSB035	122	ogni:	ogni	linguistic	none	_	_	3x1	_	_	_
122-2	PSB035	122	volta:	volta	linguistic	none	_	_	4x1	_	_	_
122-3	PSB035	122	tre	tre	linguistic	none	_	_	_	_	_	_
122-4	PSB035	122	mese	mese	linguistic	none	_	_	_	_	_	_
122-5	PSB035	122	{P}	{P}	shortpause	none	_	_	_	_	_	_
122-6	PSB035	122	sessanta	sessanta	linguistic	none	_	_	_	_	_	_
122-7	PSB035	122	ore	ore	linguistic	none	_	End=190.566	_	_	_	_
123-0	PSB014	123	[ah]	ah	linguistic	none	_	Begin=190.59|End=191.074	_	_	_	0-2(237)
124-0	PSB033	124	[ah]	ah	linguistic	none	_	Begin=190.59|End=191.082	_	_	_	0-2(237)
125-0	PSB035	125	[io]	io	linguistic	none	_	Begin=190.844	_	_	_	0-2(237)
125-1	PSB035	125	ho	ho	linguistic	none	_	_	_	_	_	_
125-2	PSB035	125	fatto	fatto	linguistic	none	_	_	_	_	_	_
125-3	PSB035	125	{P}[	{P}	shortpause	none	_	_	_	_	_	0-3(35)
125-4	PSB035	125	fa]tto	fatto	linguistic	none	_	_	_	_	_	0-2(35)
125-5	PSB035	125	sessanta	sessanta	linguistic	none	_	_	_	_	_	_
125-6	PSB035	125	ore	ore	linguistic	none	_	_	_	_	_	_
125-7	PSB035	125	tre	tre	linguistic	none	_	End=193.869	_	_	_	_
126-0	PSB033	126	[okay]	okay	linguistic	none	_	Begin=191.959|End=192.287	_	_	_	0-4(35)
127-0	PSB035	127	un	un	linguistic	none	_	Begin=193.959	_	_	_	_
127-1	PSB035	127	anno	anno	linguistic	none	_	_	_	_	_	_
127-2	PSB035	127	e	e	linguistic	none	_	_	_	_	_	_
127-3	PSB035	127	mezzo	mezzo	linguistic	none	_	_	_	_	_	_
127-4	PSB035	127	quasi	quasi	linguistic	none	_	_	_	_	_	_
127-5	PSB035	127	{P}	{P}	shortpause	none	_	_	_	_	_	_
127-6	PSB035	127	quasi	quasi	linguistic	none	_	_	_	_	_	_
127-7	PSB035	127	fatto	fatto	linguistic	none	_	_	_	_	_	_
127-8	PSB035	127	corso:	corso	linguistic	none	_	_	4x1	_	_	_
127-9	PSB035	127	italiano	italiano	linguistic	none	_	_	_	_	_	_
127-10	PSB035	127	°quello°	quello	linguistic	none	Volume=low	End=198.884	_	_	_	_
128-0	PSB033	128	okay	okay	linguistic	none	_	Begin=199.115|End=199.648	_	_	_	_
129-0	PSB014	129	e	e	linguistic	none	_	Begin=199.951	_	_	_	_
129-1	PSB014	129	imparare	imparare	linguistic	none	_	_	_	_	_	_
129-2	PSB014	129	a	a	linguistic	none	_	_	_	_	_	_
129-3	PSB014	129	scrivere	scrivere	linguistic	none	_	_	_	_	_	_
129-4	PSB014	129	{P}	{P}	shortpause	none	_	_	_	_	_	_
129-5	PSB014	129	è	è	linguistic	none	_	_	_	_	_	_
129-6	PSB014	129	difficile?	difficile	linguistic	none	Intonation=rising	End=201.959	_	_	_	_
130-0	PSB035	130	eh	eh	linguistic	none	_	Begin=201.975	_	_	_	_
130-1	PSB035	130	per	per	linguistic	none	_	_	_	_	_	_
130-2	PSB035	130	me	me	linguistic	none	_	_	_	_	_	_
130-3	PSB035	130	va	va	linguistic	none	_	_	_	_	_	_
130-4	PSB035	130	bene	bene	linguistic	none	_	_	_	_	_	_
130-5	PSB035	130	°sì°	sì	linguistic	none	Volume=low	_	_	_	_	_
130-6	PSB035	130	anche	anche	linguistic	none	_	_	_	_	_	_
130-7	PSB035	130	{P}	{P}	shortpause	none	_	_	_	_	_	_
130-8	PSB035	130	io	io	linguistic	none	_	_	_	_	_	_
130-9	PSB035	130	anche	anche	linguistic	none	_	_	_	_	_	_
130-10	PSB035	130	{P}	{P}	shortpause	none	_	_	_	_	_	_
130-11	PSB035	130	io	io	linguistic	none	_	_	_	_	_	_
130-12	PSB035	130	quando	quando	linguistic	none	_	_	_	_	_	_
130-13	PSB035	130	parlare	parlare	linguistic	none	_	_	_	_	_	_
130-14	PSB035	130	anche	anche	linguistic	none	_	_	_	_	_	_
130-15	PSB035	130	si	si	linguistic	none	_	_	_	_	_	_
130-16	PSB035	130	può	può	linguistic	none	_	_	_	_	_	_
130-17	PSB035	130	scrivere	scrivere	linguistic	none	_	_	_	_	_	_
130-18	PSB035	130	eh	eh	linguistic	none	_	End=206.902	_	_	_	_
131-0	PSB014	131	[ah]	ah	linguistic	none	_	Begin=206.951|End=207.164	_	_	_	0-2(36)
132-0	PSB033	132	[ah]	ah	linguistic	none	_	Begin=207.041	_	_	_	0-2(36)
132-1	PSB033	132	okay	okay	linguistic	none	_	End=207.656	_	_	_	_
133-0	PSB035	133	ah	ah	linguistic	none	_	Begin=207.721|End=208.066	_	_	_	_
134-0	PSB014	134	[sì]	sì	linguistic	none	_	Begin=208.648|End=209.049	_	_	_	0-2(37)
135-0	PSB033	135	[eh]	eh	linguistic	none	_	Begin=208.852	_	_	_	0-2(37)
135-1	PSB033	135	però	però	linguistic	none	_	_	_	_	_	_
135-2	PSB033	135	italiano	italiano	linguistic	none	_	_	_	_	_	_
135-3	PSB033	135	è	è	linguistic	none	_	_	_	_	_	_
135-4	PSB033	135	molto	molto	linguistic	none	_	_	_	_	_	_
135-5	PSB033	135	diverso	diverso	linguistic	none	_	_	_	_	_	_
135-6	PSB033	135	dal	dal	linguistic	none	_	_	_	_	_	_
135-7	PSB033	135	[cinese]	cinese	linguistic	none	_	End=211.934	_	_	_	0-6(38)
136-0	PSB035	136	[ehm:]	ehm	linguistic	none	_	Begin=211.082	2x1	_	_	0-3(38)
136-1	PSB035	136	molto	molto	linguistic	none	_	_	_	_	_	_
136-2	PSB035	136	diverso	diverso	linguistic	none	_	_	_	_	_	_
136-3	PSB035	136	eh	eh	linguistic	none	_	_	_	_	_	_
136-4	PSB035	136	{P}	{P}	shortpause	none	_	_	_	_	_	_
136-5	PSB035	136	molto	molto	linguistic	none	_	_	_	_	_	_
136-6	PSB035	136	diverso	diverso	linguistic	none	_	End=214.303	_	_	_	_
137-0	PSB014	137	okay	okay	linguistic	none	_	Begin=214.557|End=215.098	_	_	_	_
138-0	PSB033	138	per	per	linguistic	none	_	Begin=215.385	_	_	_	_
138-1	PSB033	138	esempio	esempio	linguistic	none	_	_	_	_	_	_
138-2	PSB033	138	noi	noi	linguistic	none	_	_	_	_	_	_
138-3	PSB033	138	è	è	linguistic	none	_	_	_	_	_	_
138-4	PSB033	138	difficile	difficile	linguistic	none	_	_	_	_	_	_
138-5	PSB033	138	[cinese]	cinese	linguistic	none	_	End=216.918	_	_	_	0-6(238)
139-0	PSB035	139	[eh]	eh	linguistic	none	_	Begin=216.713	_	_	_	0-2(?)
139-1	PSB035	139	è	è	linguistic	none	_	_	_	_	_	_
139-2	PSB035	139	[uguale	uguale	linguistic	none	_	_	_	_	_	0-6(?)
139-3	PSB035	139	e:h]	eh	linguistic	none	_	_	0x1	_	_	0-2(?)
139-4	PSB035	139	ci	ci	linguistic	none	_	_	_	_	_	_
139-5	PSB035	139	vuole	vuole	linguistic	none	_	_	_	_	_	_
139-6	PSB035	139	tanto	tanto	linguistic	none	_	_	_	_	_	_
139-7	PSB035	139	tempo	tempo	linguistic	none	_	_	_	_	_	_
139-8	PSB035	139	[e:h]	eh	linguistic	none	_	_	0x1	_	_	0-2(?)
139-9	PSB035	139	quando	quando	linguistic	none	_	_	_	_	_	_
139-10	PSB035	139	imparare	imparare	linguistic	none	_	_	_	_	_	_
139-11	PSB035	139	cinese	cinese	linguistic	none	_	_	_	_	_	_
139-12	PSB035	139	minimo	minimo	linguistic	none	_	End=222.233	_	_	_	_
140-0	PSB014	140	{ride}	{ride}	nonverbalbehavior	none	_	Begin=216.893	_	_	_	_
140-1	PSB014	140	[infatti]	infatti	linguistic	none	_	End=217.933	_	_	_	0-7(238)
141-0	PSB014	141	[tanto	tanto	linguistic	none	_	Begin=219.41	_	_	_	0-5(239)
141-1	PSB014	141	tempo]	tempo	linguistic	none	_	End=220.066	_	_	_	0-5(239)
142-0	PSB033	142	[eh	eh	linguistic	none	_	Begin=219.689	_	_	_	0-2(239)
142-1	PSB033	142	sì]	sì	linguistic	none	_	End=220.09	_	_	_	0-2(239)
143-0	PSB035	143	tre	tre	linguistic	none	_	Begin=222.667	_	_	_	_
143-1	PSB035	143	anni:	anni	linguistic	none	_	_	3x1	_	_	_
143-2	PSB035	143	[cinque]	cinque	linguistic	none	_	_	_	_	_	0-6(39)
143-3	PSB035	143	anni:	anni	linguistic	none	_	_	3x1	_	_	_
143-4	PSB035	143	co[sì	così	linguistic	none	_	_	_	_	_	2-4(40)
143-5	PSB035	143	do]po	dopo	linguistic	none	_	_	_	_	_	0-2(40)
143-6	PSB035	143	scrivere	scrivere	linguistic	none	_	_	_	_	_	_
143-7	PSB035	143	una:	una	linguistic	none	_	_	2x1	_	_	_
143-8	PSB035	143	articoli	articoli	linguistic	none	_	_	_	_	_	_
143-9	PSB035	143	così	così	linguistic	none	_	_	_	_	_	_
143-10	PSB035	143	[imparare	imparare	linguistic	none	_	_	_	_	_	0-8(240)
143-11	PSB035	143	e:hm]	ehm	linguistic	none	_	End=230.193	0x1	_	_	0-3(240)
144-0	PSB033	144	[sì]	sì	linguistic	none	_	Begin=223.246|End=223.72	_	_	_	0-2(39)
145-0	PSB033	145	[sì]	sì	linguistic	none	_	Begin=224.54|End=224.94	_	_	_	0-2(40)
146-0	PSB014	146	[eh	eh	linguistic	none	_	Begin=229.115	_	_	_	0-2(?)
146-1	PSB014	146	infatti]	infatti	linguistic	none	_	_	_	_	_	0-7(?)
146-2	PSB014	146	sì	sì	linguistic	none	_	_	_	_	_	_
146-3	PSB014	146	sì	sì	linguistic	none	_	_	_	_	_	_
146-4	PSB014	146	{P}	{P}	shortpause	none	_	_	_	_	_	_
146-5	PSB014	146	dfficile	dfficile	linguistic	none	_	End=231.713	_	_	_	_
147-0	PSB033	147	[infatti]	infatti	linguistic	none	_	Begin=229.115|End=230.18	_	_	_	0-7(240)
148-0	PSB035	148	ehm:	ehm	linguistic	none	_	Begin=230.467	2x1	_	_	_
148-1	PSB035	148	[minimo]	minimo	linguistic	none	_	End=231.541	_	_	_	0-6(241)
149-0	PSB033	149	[sì]	sì	linguistic	none	_	Begin=231.09|End=231.623	_	_	_	0-2(241)
150-0	PSB014	150	di[fficile]	difficile	linguistic	none	_	Begin=232.066|End=233.033	_	_	_	2-9(41)
151-0	PSB033	151	[sì	sì	linguistic	none	_	Begin=232.434	_	_	_	0-2(41)
151-1	PSB033	151	dai]	dai	linguistic	none	_	End=233.033	_	_	_	0-3(41)
152-0	PSB033	152	ehm:	ehm	linguistic	none	_	Begin=235.566	2x1	_	_	_
152-1	PSB033	152	ha	ha	linguistic	none	_	_	_	_	_	_
152-2	PSB033	152	amici	amici	linguistic	none	_	_	_	_	_	_
152-3	PSB033	152	italiani	italiani	linguistic	none	_	_	_	_	_	_
152-4	PSB033	152	in	in	linguistic	none	_	_	_	_	_	_
152-5	PSB033	152	questa	questa	linguistic	none	_	_	_	_	_	_
152-6	PSB033	152	zona?	zona	linguistic	none	Intonation=rising	End=238.041	_	_	_	_
153-0	PSB035	153	[ehm:]	ehm	linguistic	none	_	Begin=238.385|End=238.943	2x1	_	_	0-3(42)
154-0	PSB033	154	[oppure]	oppure	linguistic	none	_	Begin=238.607	_	_	_	0-6(42)
154-1	PSB033	154	più	più	linguistic	none	_	_	_	_	_	_
154-2	PSB033	154	cinesi	cinesi	linguistic	none	_	End=239.352	_	_	_	_
155-0	PSB035	155	ehm:	ehm	linguistic	none	_	Begin=239.648	2x1	_	_	_
155-1	PSB035	155	noi	noi	linguistic	none	_	_	_	_	_	_
155-2	PSB035	155	tanto	tanto	linguistic	none	_	_	_	_	_	_
155-3	PSB035	155	cinese	cinese	linguistic	none	_	_	_	_	_	_
155-4	PSB035	155	[qua]	qua	linguistic	none	_	End=241.664	_	_	_	0-3(242)
156-0	PSB033	156	[tanti]	tanti	linguistic	none	_	Begin=241.254	_	_	_	0-5(242)
156-1	PSB033	156	cinesi	cinesi	linguistic	none	_	End=241.992	_	_	_	_
157-0	PSB014	157	[okay]	okay	linguistic	none	_	Begin=241.533|End=242.123	_	_	_	0-4(242)
158-0	PSB035	158	anche	anche	linguistic	none	_	Begin=242.344	_	_	_	_
158-1	PSB035	158	noi	noi	linguistic	none	_	_	_	_	_	_
158-2	PSB035	158	clienti:	clienti	linguistic	none	_	_	6x1	_	_	_
158-3	PSB035	158	cè	cè	linguistic	none	_	_	_	_	_	_
158-4	PSB035	158	anche	anche	linguistic	none	_	_	_	_	_	_
158-5	PSB035	158	qualche	qualche	linguistic	none	_	_	_	_	_	_
158-6	PSB035	158	boh	boh	linguistic	none	_	_	_	_	_	_
158-7	PSB035	158	{P}	{P}	shortpause	none	_	_	_	_	_	_
158-8	PSB035	158	molto	molto	linguistic	none	_	_	_	_	_	_
158-9	PSB035	158	buono	buono	linguistic	none	_	_	_	_	_	_
158-10	PSB035	158	aiutare:	aiutare	linguistic	none	_	_	6x1	_	_	_
158-11	PSB035	158	qualcosa	qualcosa	linguistic	none	_	_	_	_	_	_
158-12	PSB035	158	cè	cè	linguistic	none	_	_	_	_	_	_
158-13	PSB035	158	italiano	italiano	linguistic	none	_	_	_	_	_	_
158-14	PSB035	158	[°anche°]	anche	linguistic	none	Volume=low	End=248.903	_	_	_	0-5(43)
159-0	PSB033	159	[uhm]	uhm	linguistic	none	_	Begin=248.738|End=249.197	_	_	_	0-3(43)
160-0	PSB035	160	°ehm°	ehm	linguistic	none	Volume=low	Begin=249.815|End=250.185	_	_	_	_
161-0	PSB014	161	°è	è	linguistic	none	Volume=low	Begin=250.426	_	_	_	_
161-1	PSB014	161	vero°	vero	linguistic	none	Volume=low	End=250.992	_	_	_	_
162-0	PSB033	162	okay	okay	linguistic	none	_	Begin=251.262	_	_	_	_
162-1	PSB033	162	invece	invece	linguistic	none	_	_	_	_	_	_
162-2	PSB033	162	la	la	linguistic	none	_	_	_	_	_	_
162-3	PSB033	162	cucina	cucina	linguistic	none	_	_	_	_	_	_
162-4	PSB033	162	tradizionale	tradizionale	linguistic	none	_	_	_	_	_	_
162-5	PSB033	162	di	di	linguistic	none	_	_	_	_	_	_
162-6	PSB033	162	bologna:?	bologna	linguistic	none	Intonation=rising	End=253.525	6x1	_	_	_
163-0	PSB014	163	le	le	linguistic	none	_	Begin=253.959	_	_	_	_
163-1	PSB014	163	[piace]?	piace	linguistic	none	Intonation=rising	End=254.623	_	_	_	0-5(44)
164-0	PSB035	164	[ehm]:	ehm	linguistic	none	_	Begin=254.041	2x1	_	_	0-3(?)
164-1	PSB035	164	molto	molto	linguistic	none	_	_	_	_	_	_
164-2	PSB035	164	piace	piace	linguistic	none	_	_	_	_	_	_
164-3	PSB035	164	eh	eh	linguistic	none	_	_	_	_	_	_
164-4	PSB035	164	{P}	{P}	shortpause	none	_	_	_	_	_	_
164-5	PSB035	164	[però:]	però	linguistic	none	_	End=256.77	3x1	_	_	0-4(?)
165-0	PSB014	165	[sì]	sì	linguistic	none	_	Begin=255.221|End=255.533	_	_	_	0-2(243)
166-0	PSB033	166	[sì]	sì	linguistic	none	_	Begin=255.369|End=255.934	_	_	_	0-2(243)
167-0	PSB033	167	[torte]lli:[ni]	tortellini	linguistic	none	_	Begin=256.115|End=257.189	7x1	_	_	0-5(45),8-10(46)
168-0	PSB035	168	[ehm:]	ehm	linguistic	none	_	Begin=257.1	2x1	_	_	0-3(?)
168-1	PSB035	168	tortellini,	tortellini	linguistic	none	Intonation=weakly_rising	_	_	_	_	_
168-2	PSB035	168	lasagna:	lasagna	linguistic	none	_	_	6x1	_	_	_
168-3	PSB035	168	bolognese,	bolognese	linguistic	none	Intonation=weakly_rising	_	_	_	_	_
168-4	PSB035	168	buonissime	buonissime	linguistic	none	_	End=260.434	_	_	_	_
169-0	PSB014	169	{ride}	{ride}	nonverbalbehavior	none	_	Begin=260.202	_	_	_	_
169-1	PSB014	169	buono	buono	linguistic	none	_	_	_	_	_	_
169-2	PSB014	169	{P}	{P}	shortpause	none	_	_	_	_	_	_
169-3	PSB014	169	morta[della]	mortadella	linguistic	none	_	End=262.541	_	_	_	5-10(?)
170-0	PSB035	170	[ehm:]	ehm	linguistic	none	_	Begin=262.262	2x1	_	_	0-3(48)
170-1	PSB035	170	mortadella	mortadella	linguistic	none	_	_	_	_	_	_
170-2	PSB035	170	io	io	linguistic	none	_	_	_	_	_	_
170-3	PSB035	170	piace	piace	linguistic	none	_	_	_	_	_	_
170-4	PSB035	170	tanto	tanto	linguistic	none	_	_	_	_	_	_
170-5	PSB035	170	xx	x	unknown	none	_	End=265.549	_	_	_	_
171-0	PSB014	171	sì	sì	linguistic	none	_	Begin=265.59|End=265.89	_	_	_	_
172-0	PSB033	172	sì	sì	linguistic	none	_	Begin=266.05	_	_	_	_
172-1	PSB033	172	sì	sì	linguistic	none	_	End=266.459	_	_	_	_
173-0	PSB033	173	quella	quella	linguistic	none	_	Begin=266.721	_	_	_	_
173-1	PSB033	173	è	è	linguistic	none	_	_	_	_	_	_
173-2	PSB033	173	difficile	difficile	linguistic	none	_	_	_	_	_	_
173-3	PSB033	173	da	da	linguistic	none	_	_	_	_	_	_
173-4	PSB033	173	fare	fare	linguistic	none	_	_	_	_	_	_
173-5	PSB033	173	anche	anche	linguistic	none	_	End=268.066	_	_	_	_
174-0	PSB035	174	eh	eh	linguistic	none	_	Begin=268.131	_	_	_	_
174-1	PSB035	174	{P}[]	{P}	shortpause	none	_	_	_	_	_	0-3(50)
174-2	PSB035	174	sì	sì	linguistic	none	_	_	_	_	_	_
174-3	PSB035	174	difficile	difficile	linguistic	none	_	_	_	_	_	_
174-4	PSB035	174	[eh]	eh	linguistic	none	_	End=270.328	_	_	_	0-2(49)
175-0	PSB014	175	[eh	eh	linguistic	none	_	Begin=268.549	_	_	_	0-2(50)
175-1	PSB014	175	sì]	sì	linguistic	none	_	End=269.287	_	_	_	0-2(50)
176-0	PSB033	176	[sì	sì	linguistic	none	_	Begin=270.123	_	_	_	0-2(49)
176-1	PSB033	176	sì]	sì	linguistic	none	_	_	_	_	_	0-2(49)
176-2	PSB033	176	sì	sì	linguistic	none	_	End=270.738	_	_	_	_
177-0	PSB035	177	io	io	linguistic	none	_	Begin=270.762	_	_	_	_
177-1	PSB035	177	piace	piace	linguistic	none	_	_	_	_	_	_
177-2	PSB035	177	(anche)	anche	linguistic	none	_	_	_	_	0-5(0)	_
177-3	PSB035	177	imparare	imparare	linguistic	none	_	_	_	_	_	_
177-4	PSB035	177	{P}	{P}	shortpause	none	_	_	_	_	_	_
177-5	PSB035	177	italiano	italiano	linguistic	none	_	_	_	_	_	_
177-6	PSB035	177	[però]	però	linguistic	none	_	_	_	_	_	0-4(51)
177-7	PSB035	177	spaghetti	spaghetti	linguistic	none	_	_	_	_	_	_
177-8	PSB035	177	con	con	linguistic	none	_	_	_	_	_	_
177-9	PSB035	177	ragù	ragù	linguistic	none	_	End=274.869	_	_	_	_
178-0	PSB014	178	[uhm]	uhm	linguistic	none	_	Begin=272.975|End=273.68	_	_	_	0-3(51)
179-0	PSB014	179	[okay]	okay	linguistic	none	_	Begin=275.18|End=275.7	_	_	_	0-4(52)
180-0	PSB033	180	[okay]	okay	linguistic	none	_	Begin=275.18|End=275.72	_	_	_	0-4(52)
181-0	PSB035	181	eh	eh	linguistic	none	_	Begin=275.73	_	_	_	_
181-1	PSB035	181	con	con	linguistic	none	_	_	_	_	_	_
181-2	PSB035	181	quell[o:]	quello	linguistic	none	_	_	5x1	_	_	5-6(53)
181-3	PSB035	181	tante	tante	linguistic	none	_	_	_	_	_	_
181-4	PSB035	181	cos[e]	cose	linguistic	none	_	End=278.46	_	_	_	3-4(54)
182-0	PSB014	182	[okay]	okay	linguistic	none	_	Begin=276.852|End=277.377	_	_	_	0-4(53)
183-0	PSB014	183	[o]kay	okay	linguistic	none	_	Begin=278.107|End=278.705	_	_	_	0-1(?)
184-0	PSB033	184	[u]hm	uhm	linguistic	none	_	Begin=278.59	_	_	_	0-1(55)
184-1	PSB033	184	e	e	linguistic	none	_	_	_	_	_	_
184-2	PSB033	184	lei	lei	linguistic	none	_	_	_	_	_	_
184-3	PSB033	184	quindi	quindi	linguistic	none	_	_	_	_	_	_
184-4	PSB033	184	parla	parla	linguistic	none	_	_	_	_	_	_
184-5	PSB033	184	man~	man~	linguistic	none	Interrupted=Yes	_	_	_	_	_
184-6	PSB033	184	{P}	{P}	shortpause	none	_	_	_	_	_	_
184-7	PSB033	184	cinese	cinese	linguistic	none	_	_	_	_	_	_
184-8	PSB033	184	italiano	italiano	linguistic	none	_	End=281.689	_	_	_	_
185-0	PSB035	185	e:h	eh	linguistic	none	_	Begin=281.803	0x1	_	_	_
185-1	PSB035	185	[sì]	sì	linguistic	none	_	_	_	_	_	0-2(56)
185-2	PSB035	185	sì	sì	linguistic	none	_	End=282.566	_	_	_	_
186-0	PSB033	186	[sì]	sì	linguistic	none	_	Begin=282.104|End=282.334	_	_	_	0-2(56)
187-0	PSB035	187	[eh]	eh	linguistic	none	_	Begin=282.83|End=283.2	_	_	_	0-2(57)
188-0	PSB014	188	[co]nosce	conosce	linguistic	none	_	Begin=282.869	_	_	_	0-2(57)
188-1	PSB014	188	altre	altre	linguistic	none	_	_	_	_	_	_
188-2	PSB014	188	lingue?	lingue	linguistic	none	Intonation=rising	End=283.951	_	_	_	_
189-0	PSB035	189	ehm:	ehm	linguistic	none	_	Begin=284.164	2x1	_	_	_
189-1	PSB035	189	no	no	linguistic	none	_	_	_	_	_	_
189-2	PSB035	189	quasi	quasi	linguistic	none	_	_	_	_	_	_
189-3	PSB035	189	niente	niente	linguistic	none	_	End=285.877	_	_	_	_
190-0	PSB014	190	okay	okay	linguistic	none	_	Begin=285.893|End=286.311	_	_	_	_
191-0	PSB035	191	noi	noi	linguistic	none	_	Begin=286.352	_	_	_	_
191-1	PSB035	191	paesano	paesano	linguistic	none	_	_	_	_	_	_
191-2	PSB035	191	cè	cè	linguistic	none	_	_	_	_	_	_
191-3	PSB035	191	mio	mio	linguistic	none	_	_	_	_	_	_
191-4	PSB035	191	paese	paese	linguistic	none	_	_	_	_	_	_
191-5	PSB035	191	lingua	lingua	linguistic	none	_	_	_	_	_	_
191-6	PSB035	191	sì	sì	linguistic	none	_	End=289.025	_	_	_	_
192-0	PSB014	192	ah	ah	linguistic	none	_	Begin=289.295|End=289.77	_	_	_	_
193-0	PSB035	193	anche	anche	linguistic	none	_	Begin=289.852	_	_	_	_
193-1	PSB035	193	di	di	linguistic	none	_	_	_	_	_	_
193-2	PSB035	193	(un)	un	linguistic	none	_	_	_	_	0-2(0)	_
193-3	PSB035	193	altro	altro	linguistic	none	_	_	_	_	_	_
193-4	PSB035	193	lingua	lingua	linguistic	none	_	End=291.62	_	_	_	_
194-0	PSB014	194	il	il	linguistic	none	_	Begin=291.63	_	_	_	_
194-1	PSB014	194	dialetto	dialetto	linguistic	none	_	_	_	_	_	_
194-2	PSB014	194	tipo	tipo	linguistic	none	_	End=292.26	_	_	_	_
195-0	PSB035	195	ah	ah	linguistic	some	_	Begin=292.3	_	_	_	_
195-1	PSB035	195	dialetto	dialetto	linguistic	some	_	_	_	_	_	_
195-2	PSB035	195	[#duì]	duì	linguistic	some	Language=NO_ISO_CODE	_	_	_	_	0-4(244)
195-3	PSB035	195	ah	ah	linguistic	some	_	_	_	_	_	_
195-4	PSB035	195	sì	sì	linguistic	some	_	_	_	_	_	_
195-5	PSB035	195	sì	sì	linguistic	some	_	End=294.426	_	_	_	_
197-0	PSB014	197	[a:h]	ah	linguistic	none	_	Begin=293.33|End=293.83	0x1	_	_	0-2(244)
198-0	PSB033	198	[okay]	okay	linguistic	none	_	Begin=293.33|End=293.83	_	_	_	0-4(244)
199-0	PSB033	199	di	di	linguistic	none	_	Begin=294.475	_	_	_	_
199-1	PSB033	199	che	che	linguistic	none	_	_	_	_	_	_
199-2	PSB033	199	città?	città	linguistic	none	Intonation=rising	End=295.123	_	_	_	_
200-0	PSB035	200	vicina	vicina	linguistic	none	_	Begin=295.533	_	_	_	_
200-1	PSB035	200	a:	a	linguistic	none	_	_	0x1	_	_	_
200-2	PSB035	200	[wenzhou]	wenzhou	linguistic	none	_	End=297.533	_	_	_	0-7(58)
201-0	???	201	[nǐ	nǐ	linguistic	all	Language=NO_ISO_CODE	Begin=296.377	_	_	_	_
201-1	???	201	gēn	gēn	linguistic	all	Language=NO_ISO_CODE	_	_	_	_	_
201-2	???	201	(.)]	.	linguistic	all	Language=NO_ISO_CODE	_	_	_	_	_
201-3	???	201	[zài	zài	linguistic	all	Language=NO_ISO_CODE	_	_	_	_	_
201-4	???	201	cǎi]	cǎi	linguistic	all	Language=NO_ISO_CODE	_	_	_	_	_
201-5	???	201	fǎng	fǎng	linguistic	all	Language=NO_ISO_CODE	_	_	_	_	_
201-6	???	201	(.)	.	linguistic	all	Language=NO_ISO_CODE	_	_	_	_	_
201-7	???	201	[yǒu	yǒu	linguistic	all	Language=NO_ISO_CODE	_	_	_	_	_
201-8	???	201	rén	rén	linguistic	all	Language=NO_ISO_CODE	_	_	_	_	_
201-9	???	201	zài]	zài	linguistic	all	Language=NO_ISO_CODE	_	_	_	_	_
201-10	???	201	cǎi	cǎi	linguistic	all	Language=NO_ISO_CODE	_	_	_	_	_
201-11	???	201	fǎng	fǎng	linguistic	all	Language=NO_ISO_CODE	_	_	_	_	_
201-12	???	201	tā	tā	linguistic	all	Language=NO_ISO_CODE	_	_	_	_	_
201-13	???	201	(.)	.	linguistic	all	Language=NO_ISO_CODE	_	_	_	_	_
201-14	???	201	[děng	děng	linguistic	all	Language=NO_ISO_CODE	_	_	_	_	_
201-15	???	201	yī	yī	linguistic	all	Language=NO_ISO_CODE	_	_	_	_	_
201-16	???	201	xià	xià	linguistic	all	Language=NO_ISO_CODE	_	_	_	_	_
201-17	???	201	ò.]	ò	linguistic	all	Intonation=falling|Language=NO_ISO_CODE	End=300.986	_	_	_	_
203-0	PSB033	203	[ah]	ah	linguistic	none	_	Begin=297.839|End=298.127	_	_	_	0-2(59)
204-0	PSB035	204	[vicino	vicino	linguistic	none	_	Begin=298.49	_	_	_	0-6(60)
204-1	PSB035	204	a:]	a	linguistic	none	_	End=299.493	0x1	_	_	0-1(60)
205-0	PSB014	205	[sud	sud	linguistic	none	_	Begin=299.828	_	_	_	0-3(61)
205-1	PSB014	205	nord]	nord	linguistic	none	_	End=300.997	_	_	_	0-4(61)
206-0	PSB035	206	ehm:	ehm	linguistic	none	_	Begin=300.997|End=301.296	2x1	_	_	_
207-0	PSB035	207	eh	eh	linguistic	none	_	Begin=301.571	_	_	_	_
207-1	PSB035	207	noi	noi	linguistic	none	_	_	_	_	_	_
207-2	PSB035	207	sono:	sono	linguistic	none	_	_	3x1	_	_	_
207-3	PSB035	207	sud	sud	linguistic	none	_	End=303.263	_	_	_	_
208-0	PSB014	208	[sud]	sud	linguistic	none	_	Begin=303.417	_	_	_	0-3(?)
208-1	PSB014	208	{P}[	{P}	shortpause	none	_	_	_	_	_	0-3(?)
208-2	PSB014	208	°sud]	sud	linguistic	none	Volume=low	_	_	_	_	0-3(?)
208-3	PSB014	208	su[d]°	sud	linguistic	none	Volume=low	End=304.787	_	_	_	2-3(?)
209-0	PSB033	209	[ah	ah	linguistic	none	_	Begin=303.427	_	_	_	0-2(245)
209-1	PSB033	209	okay]	okay	linguistic	none	_	End=303.903	_	_	_	0-4(245)
210-0	PSB035	210	[mhmh]	mhmh	linguistic	none	_	Begin=303.79|End=304.29	_	_	_	0-4(245)
211-0	PSB035	211	[mh]mh	mhmh	linguistic	none	_	Begin=304.64|End=304.947	_	_	_	0-2(62)
212-0	PSB014	212	e	e	linguistic	none	_	Begin=305.042	_	_	_	_
212-1	PSB014	212	il	il	linguistic	none	_	_	_	_	_	_
212-2	PSB014	212	daletto	daletto	linguistic	none	_	_	_	_	_	_
212-3	PSB014	212	è	è	linguistic	none	_	_	_	_	_	_
212-4	PSB014	212	diverso	diverso	linguistic	none	_	_	_	_	_	_
212-5	PSB014	212	dalla	dalla	linguistic	none	_	_	_	_	_	_
212-6	PSB014	212	lingua	lingua	linguistic	none	_	_	_	_	_	_
212-7	PSB014	212	cinese	cinese	linguistic	none	_	_	_	_	_	_
212-8	PSB014	212	[cinese]?	cinese	linguistic	none	Intonation=rising	End=307.889	_	_	_	0-6(63)
213-0	PSB035	213	[e::h]	eh	linguistic	none	_	Begin=307.18	0x2	_	_	0-2(63)
213-1	PSB035	213	sì	sì	linguistic	none	_	_	_	_	_	_
213-2	PSB035	213	un	un	linguistic	none	_	_	_	_	_	_
213-3	PSB035	213	po	po	linguistic	none	_	_	_	_	_	_
213-4	PSB035	213	differenza	differenza	linguistic	none	_	_	_	_	_	_
213-5	PSB035	213	sì	sì	linguistic	none	_	End=308.867	_	_	_	_
214-0	PSB014	214	un	un	linguistic	none	_	Begin=308.967	_	_	_	_
214-1	PSB014	214	po	po	linguistic	none	_	_	_	_	_	_
214-2	PSB014	214	diverso?	diverso	linguistic	none	Intonation=rising	End=309.618	_	_	_	_
215-0	PSB035	215	sì	sì	linguistic	none	_	Begin=309.656	_	_	_	_
215-1	PSB035	215	sì	sì	linguistic	none	_	_	_	_	_	_
215-2	PSB035	215	un	un	linguistic	none	_	_	_	_	_	_
215-3	PSB035	215	po'	po'	linguistic	none	_	_	_	_	_	_
215-4	PSB035	215	di	di	linguistic	none	_	_	_	_	_	_
215-5	PSB035	215	diver~	diver~	linguistic	none	Interrupted=Yes	_	_	_	_	_
215-6	PSB035	215	in	in	linguistic	none	_	_	_	_	_	_
215-7	PSB035	215	cina	cina	linguistic	none	_	_	_	_	_	_
215-8	PSB035	215	perché:	perché	linguistic	none	_	_	5x1	_	_	_
215-9	PSB035	215	quan~	quan~	linguistic	none	Interrupted=Yes	_	_	_	_	_
215-10	PSB035	215	tante	tante	linguistic	none	_	_	_	_	_	_
215-11	PSB035	215	lingua	lingua	linguistic	none	_	_	_	_	_	_
215-12	PSB035	215	eh	eh	linguistic	none	_	End=312.5985	_	_	_	_
216-0	PSB014	216	tanti	tanti	linguistic	none	_	Begin=312.5985	_	_	_	_
216-1	PSB014	216	diver~	diver~	linguistic	none	Interrupted=Yes	_	_	_	_	_
216-2	PSB014	216	tanti	tanti	linguistic	none	_	_	_	_	_	_
216-3	PSB014	216	dialetti	dialetti	linguistic	none	_	_	_	_	_	_
216-4	PSB014	216	ci	ci	linguistic	none	_	_	_	_	_	_
216-5	PSB014	216	sono?	sono	linguistic	none	Intonation=rising	End=314.107	_	_	_	_
217-0	PSB035	217	sì	sì	linguistic	none	_	Begin=314.123	_	_	_	_
217-1	PSB035	217	sì	sì	linguistic	none	_	_	_	_	_	_
217-2	PSB035	217	molt~	molt~	linguistic	none	Interrupted=Yes	_	_	_	_	_
217-3	PSB035	217	molto	molto	linguistic	none	_	_	_	_	_	_
217-4	PSB035	217	tante	tante	linguistic	none	_	_	_	_	_	_
217-5	PSB035	217	lingua	lingua	linguistic	none	_	_	_	_	_	_
217-6	PSB035	217	{P}	{P}	shortpause	none	_	_	_	_	_	_
217-7	PSB035	217	in	in	linguistic	none	_	_	_	_	_	_
217-8	PSB035	217	cina	cina	linguistic	none	_	_	_	_	_	_
217-9	PSB035	217	poi	poi	linguistic	none	_	_	_	_	_	_
217-10	PSB035	217	tremilla	tremilla	linguistic	none	_	_	_	_	_	_
217-11	PSB035	217	lin[gua	lingua	linguistic	none	_	_	_	_	_	3-6(64)
217-12	PSB035	217	e:h]	eh	linguistic	none	_	_	0x1	_	_	0-2(64)
217-13	PSB035	217	una	una	linguistic	none	_	_	_	_	_	_
217-14	PSB035	217	cosa:	cosa	linguistic	none	_	End=318.71	3x1	_	_	_
218-0	PSB014	218	[e:h]	eh	linguistic	none	_	Begin=317.36|End=318.06	0x1	_	_	0-2(64)
219-0	PSB035	219	quando	quando	linguistic	none	_	Begin=319.33	_	_	_	_
219-1	PSB035	219	ti	ti	linguistic	none	_	_	_	_	_	_
219-2	PSB035	219	{P}	{P}	shortpause	none	_	_	_	_	_	_
219-3	PSB035	219	quando	quando	linguistic	none	_	_	_	_	_	_
219-4	PSB035	219	ti	ti	linguistic	none	_	_	_	_	_	_
219-5	PSB035	219	stampa	stampa	linguistic	none	_	_	_	_	_	_
219-6	PSB035	219	cinquanta	cinquanta	linguistic	none	_	_	_	_	_	_
219-7	PSB035	219	me~	me~	linguistic	none	Interrupted=Yes	_	_	_	_	_
219-8	PSB035	219	cinquanta	cinquanta	linguistic	none	_	_	_	_	_	_
219-9	PSB035	219	chilometri	chilometri	linguistic	none	_	_	_	_	_	_
219-10	PSB035	219	forse	forse	linguistic	none	_	_	_	_	_	_
219-11	PSB035	219	lingua	lingua	linguistic	none	_	_	_	_	_	_
219-12	PSB035	219	[diversa	diversa	linguistic	none	_	_	_	_	_	0-7(246)
219-13	PSB035	219	(un	un	linguistic	none	_	_	_	_	0-2(0)	0-2(246)
219-14	PSB035	219	po')]	po'	linguistic	none	_	End=325.33	_	_	0-3(0)	0-3(246)
220-0	PSB033	220	[diversa]	diversa	linguistic	none	_	Begin=324.598|End=325.344	_	_	_	0-7(246)
221-0	PSB014	221	[sì]	sì	linguistic	none	_	Begin=325.049	_	_	_	0-2(246)
221-1	PSB014	221	sì	sì	linguistic	none	_	_	_	_	_	_
221-2	PSB014	221	sì	sì	linguistic	none	_	_	_	_	_	_
221-3	PSB014	221	[sì]	sì	linguistic	none	_	End=326.082	_	_	_	0-2(65)
222-0	PSB035	222	[in	in	linguistic	none	_	Begin=325.648	_	_	_	0-2(65)
222-1	PSB035	222	cina]	cina	linguistic	none	_	_	_	_	_	0-4(65)
222-2	PSB035	222	poi	poi	linguistic	none	_	_	_	_	_	_
222-3	PSB035	222	è	è	linguistic	none	_	_	_	_	_	_
222-4	PSB035	222	grande	grande	linguistic	none	_	End=327.208	_	_	_	_
223-0	PSB014	223	ehm	ehm	linguistic	none	_	Begin=327.336|End=327.861	_	_	_	_
224-0	PSB035	224	tante	tante	linguistic	none	_	Begin=327.885	_	_	_	_
224-1	PSB035	224	lingua	lingua	linguistic	none	_	End=328.369	_	_	_	_
225-0	PSB014	225	è	è	linguistic	none	_	Begin=328.377	_	_	_	_
225-1	PSB014	225	[vero]	vero	linguistic	none	_	End=329.016	_	_	_	0-4(66)
226-0	PSB033	226	[okay]	okay	linguistic	none	_	Begin=328.803	_	_	_	0-4(66)
226-1	PSB033	226	però	però	linguistic	none	_	_	_	_	_	_
226-2	PSB033	226	anche	anche	linguistic	none	_	_	_	_	_	_
226-3	PSB033	226	bologna	bologna	linguistic	none	_	_	_	_	_	_
226-4	PSB033	226	ha	ha	linguistic	none	_	_	_	_	_	_
226-5	PSB033	226	un	un	linguistic	none	_	_	_	_	_	_
226-6	PSB033	226	dialetto	dialetto	linguistic	none	_	_	_	_	_	_
226-7	PSB033	226	particolare	particolare	linguistic	none	_	End=331.216	_	_	_	_
227-0	PSB035	227	e:h	eh	linguistic	none	_	Begin=331.246	0x1	_	_	_
227-1	PSB035	227	bologna	bologna	linguistic	none	_	_	_	_	_	_
227-2	PSB035	227	differenza	differenza	linguistic	none	_	_	_	_	_	_
227-3	PSB035	227	po[co	poco	linguistic	none	_	_	_	_	_	2-4(67)
227-4	PSB035	227	]{P}	{P}	shortpause	none	_	_	_	_	_	0-3(67)
227-5	PSB035	227	è	è	linguistic	none	_	_	_	_	_	_
227-6	PSB035	227	quasi	quasi	linguistic	none	_	_	_	_	_	_
227-7	PSB035	227	uguale	uguale	linguistic	none	_	_	_	_	_	_
227-8	PSB035	227	eh	eh	linguistic	none	_	End=334.066	_	_	_	_
228-0	PSB014	228	{ride}	{ride}	nonverbalbehavior	none	_	Begin=332.933|End=333.526	_	_	_	_
229-0	PSB033	229	[EH]	eh	linguistic	none	Volume=high	Begin=332.933|End=333.526	_	_	_	0-2(67)
230-0	PSB014	230	è	è	linguistic	none	_	Begin=334.551	_	_	_	_
230-1	PSB014	230	un	un	linguistic	none	_	_	_	_	_	_
230-2	PSB014	230	po'	po'	linguistic	none	_	_	_	_	_	_
230-3	PSB014	230	[difficile	difficile	linguistic	none	_	_	_	_	_	0-9(68)
230-4	PSB014	230	anche	anche	linguistic	none	_	_	_	_	_	0-5(68)
230-5	PSB014	230	di	di	linguistic	none	_	_	_	_	_	0-2(68)
230-6	PSB014	230	xx]	x	unknown	none	_	End=335.591	_	_	_	0-2(68)
231-0	PSB035	231	[eh	eh	linguistic	none	_	Begin=334.9	_	_	_	0-2(68)
231-1	PSB035	231	qua	qua	linguistic	none	_	_	_	_	_	0-3(68)
231-2	PSB035	231	forse]	forse	linguistic	none	_	_	_	_	_	0-5(68)
231-3	PSB035	231	bologna	bologna	linguistic	none	_	_	_	_	_	_
231-4	PSB035	231	con	con	linguistic	none	_	_	_	_	_	_
231-5	PSB035	231	napoli	napoli	linguistic	none	_	_	_	_	_	_
231-6	PSB035	231	lingua	lingua	linguistic	none	_	_	_	_	_	_
231-7	PSB035	231	un	un	linguistic	none	_	_	_	_	_	_
231-8	PSB035	231	po'	po'	linguistic	none	_	_	_	_	_	_
231-9	PSB035	231	[differenza]	differenza	linguistic	none	_	End=338.673	_	_	_	0-10(69)
232-0	PSB014	232	[eh	eh	linguistic	none	_	Begin=338.045	_	_	_	0-2(69)
232-1	PSB014	232	sì]	sì	linguistic	none	_	End=338.574	_	_	_	0-2(69)
233-0	PSB033	233	EH	eh	linguistic	none	Volume=high	Begin=338.67	_	_	_	_
233-1	PSB033	233	[vero]	vero	linguistic	none	_	End=339.493	_	_	_	0-4(70)
234-0	PSB014	234	[sì]	sì	linguistic	none	_	Begin=339.063|End=339.477	_	_	_	0-2(247)
235-0	PSB035	235	e:h	eh	linguistic	none	_	Begin=339.284	0x1	_	_	_
235-1	PSB035	235	quello	quello	linguistic	none	_	_	_	_	_	_
235-2	PSB035	235	[xx]x	x	unknown	none	_	_	_	_	_	0-2(?)
235-3	PSB035	235	[sì	sì	linguistic	none	_	_	_	_	_	0-2(?)
235-4	PSB035	235	sì]	sì	linguistic	none	_	End=341.107	_	_	_	0-2(?)
236-0	PSB033	236	[sì	sì	linguistic	none	_	Begin=339.898	_	_	_	0-2(71)
236-1	PSB033	236	sì	sì	linguistic	none	_	_	_	_	_	0-2(71)
236-2	PSB033	236	sì]	sì	linguistic	none	_	End=340.619	_	_	_	0-2(71)
237-0	PSB033	237	[è	è	linguistic	none	_	Begin=340.79	_	_	_	0-1(72)
237-1	PSB033	237	stato]	stato	linguistic	none	_	_	_	_	_	0-5(72)
237-2	PSB033	237	al	al	linguistic	none	_	_	_	_	_	_
237-3	PSB033	237	sud	sud	linguistic	none	_	_	_	_	_	_
237-4	PSB033	237	>anche<?	anche	linguistic	none	Intonation=rising	_	_	Fast=0-5(0)	_	_
237-5	PSB033	237	ehm:	ehm	linguistic	none	_	_	2x1	_	_	_
237-6	PSB033	237	anche?	anche	linguistic	none	Intonation=rising	End=342.506	_	_	_	_
238-0	PSB033	238	[sud]	sud	linguistic	none	_	Begin=342.767	_	_	_	0-3(73)
238-1	PSB033	238	d'	d'	linguistic	none	SpaceAfter=No	_	_	_	_	_
238-2	PSB033	238	italia?	italia	linguistic	none	Intonation=rising	End=343.528	_	_	_	_
239-0	PSB035	239	[e:h]	eh	linguistic	none	_	Begin=342.847|End=343.29	0x1	_	_	0-2(73)
240-0	PSB035	240	eh	eh	linguistic	none	_	Begin=343.528	_	_	_	_
240-1	PSB035	240	{P}	{P}	shortpause	none	_	_	_	_	_	_
240-2	PSB035	240	io	io	linguistic	none	_	_	_	_	_	_
240-3	PSB035	240	sempre:	sempre	linguistic	none	_	_	5x1	_	_	_
240-4	PSB035	240	qua:	qua	linguistic	none	_	_	2x1	_	_	_
240-5	PSB035	240	no	no	linguistic	none	_	_	_	_	_	_
240-6	PSB035	240	mai	mai	linguistic	none	_	_	_	_	_	_
240-7	PSB035	240	napoli	napoli	linguistic	none	_	_	_	_	_	_
240-8	PSB035	240	latino	latino	linguistic	none	_	_	_	_	_	_
240-9	PSB035	240	{P}	{P}	shortpause	none	_	_	_	_	_	_
240-10	PSB035	240	no	no	linguistic	none	_	_	_	_	_	_
240-11	PSB035	240	io	io	linguistic	none	_	_	_	_	_	_
240-12	PSB035	240	sempre	sempre	linguistic	none	_	_	_	_	_	_
240-13	PSB035	240	venezia	venezia	linguistic	none	_	_	_	_	_	_
240-14	PSB035	240	qui	qui	linguistic	none	_	_	_	_	_	_
240-15	PSB035	240	sono:	sono	linguistic	none	_	_	3x1	_	_	_
240-16	PSB035	240	[due:]	due	linguistic	none	_	_	2x1	_	_	0-3(?)
240-17	PSB035	240	due	due	linguistic	none	_	_	_	_	_	_
240-18	PSB035	240	zona	zona	linguistic	none	_	_	_	_	_	_
240-19	PSB035	240	qui	qui	linguistic	none	_	End=353.22	_	_	_	_
241-0	PSB014	241	ah	ah	linguistic	none	_	Begin=348.534	_	_	_	_
241-1	PSB014	241	okay	okay	linguistic	none	_	End=349.176	_	_	_	_
242-0	PSB033	242	[okay]	okay	linguistic	none	_	Begin=351.08|End=351.364	_	_	_	0-4(75)
243-0	PSB014	243	mhmh	mhmh	linguistic	none	_	Begin=353.222|End=353.636	_	_	_	_
244-0	PSB014	244	e:hm:	ehm	linguistic	none	_	Begin=354.477|End=356.295	0x1,2x1	_	_	_
245-0	PSB014	245	stavo	stavo	linguistic	none	_	Begin=357.17	_	_	_	_
245-1	PSB014	245	pensando:	pensando	linguistic	none	_	End=358.023	7x1	_	_	_
246-0	PSB033	246	e	e	linguistic	none	_	Begin=358.239	_	_	_	_
246-1	PSB033	246	per	per	linguistic	none	_	_	_	_	_	_
246-2	PSB033	246	quanto	quanto	linguistic	none	_	_	_	_	_	_
246-3	PSB033	246	riguarda	riguarda	linguistic	none	_	_	_	_	_	_
246-4	PSB033	246	internet	internet	linguistic	none	_	_	_	_	_	_
246-5	PSB033	246	e	e	linguistic	none	_	_	_	_	_	_
246-6	PSB033	246	social:	social	linguistic	none	_	_	5x1	_	_	_
246-7	PSB033	246	usa	usa	linguistic	none	_	_	_	_	_	_
246-8	PSB033	246	app	app	linguistic	none	_	_	_	_	_	_
246-9	PSB033	246	cinese	cinese	linguistic	none	_	_	_	_	_	_
246-10	PSB033	246	o	o	linguistic	none	_	_	_	_	_	_
246-11	PSB033	246	italiano?	italiano	linguistic	none	Intonation=rising	End=361.744	_	_	_	_
247-0	PSB035	247	e:h	eh	linguistic	none	_	Begin=362.398	0x1	_	_	_
247-1	PSB035	247	io	io	linguistic	none	_	_	_	_	_	_
247-2	PSB035	247	sono	sono	linguistic	none	_	_	_	_	_	_
247-3	PSB035	247	qua	qua	linguistic	none	_	_	_	_	_	_
247-4	PSB035	247	da	da	linguistic	none	_	_	_	_	_	_
247-5	PSB035	247	anche	anche	linguistic	none	_	_	_	_	_	_
247-6	PSB035	247	i	i	linguistic	none	_	_	_	_	_	_
247-7	PSB035	247	cinese	cinese	linguistic	none	_	_	_	_	_	_
247-8	PSB035	247	xx	x	unknown	none	_	End=365.329	_	_	_	_
248-0	PSB033	248	sì	sì	linguistic	none	_	Begin=365.329|End=365.79	_	_	_	_
249-0	PSB014	249	okay	okay	linguistic	none	_	Begin=365.795|End=366.381	_	_	_	_
250-0	PSB035	250	(quando::)	quando	linguistic	none	_	Begin=365.813|End=366.373	5x2	_	0-6(0)	_
251-0	PSB014	251	[sì]	sì	linguistic	none	_	Begin=367.12|End=367.773	_	_	_	0-2(77)
252-0	PSB035	252	[(°solo°)]	solo	linguistic	none	Volume=low	Begin=367.153	_	_	0-4(0)	0-4(77)
252-1	PSB035	252	cinese	cinese	linguistic	none	_	_	_	_	_	_
252-2	PSB035	252	tanto	tanto	linguistic	none	_	_	_	_	_	_
252-3	PSB035	252	[italiano]	italiano	linguistic	none	_	_	_	_	_	0-8(78)
252-4	PSB035	252	perché	perché	linguistic	none	_	_	_	_	_	_
252-5	PSB035	252	{P}	{P}	shortpause	none	_	_	_	_	_	_
252-6	PSB035	252	non	non	linguistic	none	_	_	_	_	_	_
252-7	PSB035	252	tanto	tanto	linguistic	none	_	_	_	_	_	_
252-8	PSB035	252	capisce	capisce	linguistic	none	_	End=371.847	_	_	_	_
253-0	PSB014	253	[okay]	okay	linguistic	none	_	Begin=368.86|End=369.433	_	_	_	0-4(78)
254-0	PSB014	254	[eh]:	eh	linguistic	none	_	Begin=371.852	1x1	_	_	0-2(79)
254-1	PSB014	254	difficile	difficile	linguistic	none	_	_	_	_	_	_
254-2	PSB014	254	sì	sì	linguistic	none	_	_	_	_	_	_
254-3	PSB014	254	sì	sì	linguistic	none	_	End=373.25	_	_	_	_
255-0	PSB033	255	[no]	no	linguistic	none	_	Begin=371.852	_	_	_	0-2(79)
255-1	PSB033	255	xx	x	unknown	none	_	End=372.273	_	_	_	_
256-0	PSB035	256	{ride}	{ride}	nonverbalbehavior	none	_	Begin=373.085|End=373.426	_	_	_	_
257-0	PSB014	257	quindi	quindi	linguistic	none	_	Begin=373.608	_	_	_	_
257-1	PSB014	257	anche	anche	linguistic	none	_	_	_	_	_	_
257-2	PSB014	257	la	la	linguistic	none	_	_	_	_	_	_
257-3	PSB014	257	televisione	televisione	linguistic	none	_	_	_	_	_	_
257-4	PSB014	257	immagi[no]	immagino	linguistic	none	_	End=375.091	_	_	_	6-8(80)
258-0	PSB035	258	[a:h]	ah	linguistic	some	_	Begin=374.954	0x1	_	_	0-2(80)
258-1	PSB035	258	#duì	duì	linguistic	some	Language=NO_ISO_CODE	_	_	_	_	_
258-2	PSB035	258	#duì	duì	linguistic	some	Language=NO_ISO_CODE	_	_	_	_	_
258-3	PSB035	258	televisione	televisione	linguistic	some	_	_	_	_	_	_
258-4	PSB035	258	sì	sì	linguistic	some	_	_	_	_	_	_
258-5	PSB035	258	eh	eh	linguistic	some	_	_	_	_	_	_
258-6	PSB035	258	[che]	che	linguistic	some	_	_	_	_	_	0-3(81)
258-7	PSB035	258	qua	qua	linguistic	some	_	_	_	_	_	_
258-8	PSB035	258	[abbiam~]	abbiam~	linguistic	some	Interrupted=Yes	End=377.841	_	_	_	0-7(82)
260-0	PSB033	260	[AH]	ah	linguistic	none	Volume=high	Begin=377.12|End=377.56	_	_	_	0-2(81)
261-0	PSB014	261	[in]	in	linguistic	none	_	Begin=377.733	_	_	_	0-2(82)
261-1	PSB014	261	italiano?	italiano	linguistic	none	Intonation=rising	End=378.335	_	_	_	_
262-0	PSB035	262	sì	sì	linguistic	none	_	Begin=378.335	_	_	_	_
262-1	PSB035	262	anche	anche	linguistic	none	_	_	_	_	_	_
262-2	PSB035	262	poco	poco	linguistic	none	_	_	_	_	_	_
262-3	PSB035	262	non	non	linguistic	none	_	_	_	_	_	_
262-4	PSB035	262	tan[to]	tanto	linguistic	none	_	End=380.028	_	_	_	3-5(83)
263-0	PSB014	263	[poco]	poco	linguistic	none	_	Begin=379.7	_	_	_	0-4(83)
263-1	PSB014	263	ok[ay]	okay	linguistic	none	_	End=380.5	_	_	_	2-4(84)
264-0	PSB035	264	[ah]	ah	linguistic	none	_	Begin=380.335	_	_	_	0-2(84)
264-1	PSB035	264	{P}	{P}	shortpause	none	_	_	_	_	_	_
264-2	PSB035	264	non	non	linguistic	none	_	_	_	_	_	_
264-3	PSB035	264	tanto	tanto	linguistic	none	_	_	_	_	_	_
264-4	PSB035	264	{P}	{P}	shortpause	none	_	_	_	_	_	_
264-5	PSB035	264	vede°re°	vedere	linguistic	none	Volume=low	End=382.062	_	_	_	_
265-0	PSB014	265	°(okay)°	okay	linguistic	none	Volume=low	Begin=382.068|End=382.534	_	_	0-4(0)	_
266-0	PSB014	266	e:h	eh	linguistic	none	_	Begin=383.436	0x1	_	_	_
266-1	PSB014	266	e	e	linguistic	none	_	_	_	_	_	_
266-2	PSB014	266	lavoro	lavoro	linguistic	none	_	_	_	_	_	_
266-3	PSB014	266	ha	ha	linguistic	none	_	_	_	_	_	_
266-4	PSB014	266	sempre	sempre	linguistic	none	_	_	_	_	_	_
266-5	PSB014	266	fatto	fatto	linguistic	none	_	_	_	_	_	_
266-6	PSB014	266	il	il	linguistic	none	_	_	_	_	_	_
266-7	PSB014	266	parrucchiere?	parrucchiere	linguistic	none	Intonation=rising	End=385.679	_	_	_	_
267-0	PSB035	267	e:h	eh	linguistic	none	_	Begin=385.782	0x1	_	_	_
267-1	PSB035	267	no	no	linguistic	none	_	_	_	_	_	_
267-2	PSB035	267	io	io	linguistic	none	_	_	_	_	_	_
267-3	PSB035	267	prima:	prima	linguistic	none	_	_	4x1	_	_	_
267-4	PSB035	267	lavoro	lavoro	linguistic	none	_	_	_	_	_	_
267-5	PSB035	267	{P}	{P}	shortpause	none	_	_	_	_	_	_
267-6	PSB035	267	con	con	linguistic	none	_	_	_	_	_	_
267-7	PSB035	267	italiano	italiano	linguistic	none	_	End=389.6	_	_	_	_
268-0	PSB014	268	okay	okay	linguistic	none	_	Begin=389.6|End=389.971	_	_	_	_
269-0	PSB035	269	sono	sono	linguistic	none	_	Begin=390.214	_	_	_	_
269-1	PSB035	269	(soli)	soli	linguistic	none	_	_	_	_	0-4(0)	_
269-2	PSB035	269	fuori	fuori	linguistic	none	_	_	_	_	_	_
269-3	PSB035	269	$cantire	cantire	linguistic	none	Orthography=Yes	End=391.771	_	_	_	_
270-0	PSB014	270	okay	okay	linguistic	none	_	Begin=392.071|End=392.5	_	_	_	_
271-0	PSB035	271	passa	passa	linguistic	none	_	Begin=393.143	_	_	_	_
271-1	PSB035	271	otto	otto	linguistic	none	_	_	_	_	_	_
271-2	PSB035	271	anni	anni	linguistic	none	_	_	_	_	_	_
271-3	PSB035	271	con	con	linguistic	none	_	_	_	_	_	_
271-4	PSB035	271	$cantire:	cantire	linguistic	none	Orthography=Yes	_	6x1	_	_	_
271-5	PSB035	271	fuori	fuori	linguistic	none	_	_	_	_	_	_
271-6	PSB035	271	{P}	{P}	shortpause	none	_	_	_	_	_	_
271-7	PSB035	271	fare	fare	linguistic	none	_	_	_	_	_	_
271-8	PSB035	271	casa:	casa	linguistic	none	_	End=396.793	3x1	_	_	_
272-0	PSB033	272	aha	aha	linguistic	none	_	Begin=396.8	_	_	_	_
272-1	PSB033	272	okay	okay	linguistic	none	_	End=397.593	_	_	_	_
273-0	PSB035	273	tutti:	tutti	linguistic	none	_	Begin=397.6	4x1	_	_	_
273-1	PSB035	273	muratore	muratore	linguistic	none	_	_	_	_	_	_
273-2	PSB035	273	xx	x	unknown	none	_	_	_	_	_	_
273-3	PSB035	273	xx	x	unknown	none	_	_	_	_	_	_
273-4	PSB035	273	{P}	{P}	shortpause	none	_	_	_	_	_	_
273-5	PSB035	273	tanti	tanti	linguistic	none	_	_	_	_	_	_
273-6	PSB035	273	otto	otto	linguistic	none	_	_	_	_	_	_
273-7	PSB035	273	[anni]	anni	linguistic	none	_	End=401.714	_	_	_	0-4(85)
274-0	PSB014	274	[ah	ah	linguistic	none	_	Begin=401.457	_	_	_	0-2(85)
274-1	PSB014	274	ok]ay	okay	linguistic	none	_	End=402.136	_	_	_	0-2(85)
275-0	PSB035	275	dopo	dopo	linguistic	none	_	Begin=402.593	_	_	_	_
275-1	PSB035	275	cambiare	cambiare	linguistic	none	_	_	_	_	_	_
275-2	PSB035	275	{P}	{P}	shortpause	none	_	_	_	_	_	_
275-3	PSB035	275	[parruchiere]	parruchiere	linguistic	none	_	End=404.186	_	_	_	0-11(86)
276-0	PSB014	276	[ha	ha	linguistic	none	_	Begin=403.543	_	_	_	0-2(86)
276-1	PSB014	276	cambiato]	cambiato	linguistic	none	_	_	_	_	_	0-8(86)
276-2	PSB014	276	e	e	linguistic	none	_	_	_	_	_	_
276-3	PSB014	276	le	le	linguistic	none	_	_	_	_	_	_
276-4	PSB014	276	piace	piace	linguistic	none	_	_	_	_	_	_
276-5	PSB014	276	fare	fare	linguistic	none	_	_	_	_	_	_
276-6	PSB014	276	[parruchiere]?	parruchiere	linguistic	none	Intonation=rising	End=405.643	_	_	_	0-11(87)
277-0	PSB035	277	[eh]	eh	linguistic	none	_	Begin=405.586	_	_	_	0-2(87)
277-1	PSB035	277	piace	piace	linguistic	none	_	End=406.243	_	_	_	_
278-0	PSB014	278	piace?	piace	linguistic	none	Intonation=rising	Begin=406.25|End=406.707	_	_	_	_
279-0	PSB035	279	[eh]	eh	linguistic	none	_	Begin=406.657	_	_	_	0-2(88)
279-1	PSB035	279	quasi	quasi	linguistic	none	_	_	_	_	_	_
279-2	PSB035	279	passato	passato	linguistic	none	_	_	_	_	_	_
279-3	PSB035	279	dodici	dodici	linguistic	none	_	_	_	_	_	_
279-4	PSB035	279	anni	anni	linguistic	none	_	_	_	_	_	_
279-5	PSB035	279	[pa]rruchiere	parruchiere	linguistic	none	_	_	_	_	_	0-2(89)
279-6	PSB035	279	dodici	dodici	linguistic	none	_	_	_	_	_	_
279-7	PSB035	279	anni	anni	linguistic	none	_	_	_	_	_	_
279-8	PSB035	279	io	io	linguistic	none	_	End=410.479	_	_	_	_
280-0	PSB014	280	[eh]	eh	linguistic	none	_	Begin=408.739|End=409.053	_	_	_	0-2(89)
281-0	PSB014	281	sì	sì	linguistic	none	_	Begin=411.264|End=411.479	_	_	_	_
282-0	PSB035	282	ehm	ehm	linguistic	none	_	Begin=411.564|End=411.907	_	_	_	_
283-0	PSB014	283	certo	certo	linguistic	none	_	Begin=412.05|End=412.4	_	_	_	_
284-0	PSB033	284	sì	sì	linguistic	none	_	Begin=412.4	_	_	_	_
284-1	PSB033	284	però	però	linguistic	none	_	_	_	_	_	_
284-2	PSB033	284	lavora	lavora	linguistic	none	_	_	_	_	_	_
284-3	PSB033	284	tanto	tanto	linguistic	none	_	_	_	_	_	_
284-4	PSB033	284	immagino	immagino	linguistic	none	_	_	_	_	_	_
284-5	PSB033	284	{P}	{P}	shortpause	none	_	_	_	_	_	_
284-6	PSB033	284	qua	qua	linguistic	none	_	End=414.67499999999995	_	_	_	_
285-0	PSB035	285	a:h	ah	linguistic	none	_	Begin=414.67499999999995|End=415.157	0x1	_	_	_
286-0	PSB014	286	sì	sì	linguistic	none	_	Begin=415.164|End=415.486	_	_	_	_
287-0	PSB035	287	adesso	adesso	linguistic	none	_	Begin=415.493	_	_	_	_
287-1	PSB035	287	qui	qui	linguistic	none	_	_	_	_	_	_
287-2	PSB035	287	eh	eh	linguistic	none	_	_	_	_	_	_
287-3	PSB035	287	{ride}	{ride}	nonverbalbehavior	none	_	End=417.45	_	_	_	_
288-0	PSB014	288	{ride}	{ride}	nonverbalbehavior	none	_	Begin=416.471|End=417.45	_	_	_	_
289-0	PSB033	289	pero	pero	linguistic	none	_	Begin=417.871	_	_	_	_
289-1	PSB033	289	{P}	{P}	shortpause	none	_	_	_	_	_	_
289-2	PSB033	289	è	è	linguistic	none	_	_	_	_	_	_
289-3	PSB033	289	difficile	difficile	linguistic	none	_	_	_	_	_	_
289-4	PSB033	289	oppure	oppure	linguistic	none	_	_	_	_	_	_
289-5	PSB033	289	le	le	linguistic	none	_	_	_	_	_	_
289-6	PSB033	289	piace?	piace	linguistic	none	Intonation=rising	End=419.679	_	_	_	_
290-0	PSB035	290	ehm:	ehm	linguistic	none	_	Begin=419.986	2x1	_	_	_
290-1	PSB035	290	diffcile	diffcile	linguistic	none	_	_	_	_	_	_
290-2	PSB035	290	sì	sì	linguistic	none	_	_	_	_	_	_
290-3	PSB035	290	per	per	linguistic	none	_	_	_	_	_	_
290-4	PSB035	290	me	me	linguistic	none	_	_	_	_	_	_
290-5	PSB035	290	{P}	{P}	shortpause	none	_	_	_	_	_	_
290-6	PSB035	290	piace	piace	linguistic	none	_	_	_	_	_	_
290-7	PSB035	290	però:	però	linguistic	none	_	End=423.793	3x1	_	_	_
291-0	PSB035	291	ehm	ehm	linguistic	none	_	Begin=424.286	_	_	_	_
291-1	PSB035	291	meglio	meglio	linguistic	none	_	_	_	_	_	_
291-2	PSB035	291	qua:	qua	linguistic	none	_	_	2x1	_	_	_
291-3	PSB035	291	dentro	dentro	linguistic	none	_	_	_	_	_	_
291-4	PSB035	291	lavoro	lavoro	linguistic	none	_	_	_	_	_	_
291-5	PSB035	291	{P}[]	{P}	shortpause	none	_	_	_	_	_	0-3(?)
291-6	PSB035	291	perché	perché	linguistic	none	_	_	_	_	_	_
291-7	PSB035	291	fuori	fuori	linguistic	none	_	_	_	_	_	_
291-8	PSB035	291	troppo	troppo	linguistic	none	_	_	_	_	_	_
291-9	PSB035	291	caldo	caldo	linguistic	none	_	_	_	_	_	_
291-10	PSB035	291	eh	eh	linguistic	none	_	_	_	_	_	_
291-11	PSB035	291	quando	quando	linguistic	none	_	_	_	_	_	_
291-12	PSB035	291	lavoro	lavoro	linguistic	none	_	_	_	_	_	_
291-13	PSB035	291	{P}	{P}	shortpause	none	_	_	_	_	_	_
291-14	PSB035	291	molto	molto	linguistic	none	_	_	_	_	_	_
291-15	PSB035	291	sole:	sole	linguistic	none	_	_	3x1	_	_	_
291-16	PSB035	291	quando	quando	linguistic	none	_	_	_	_	_	_
291-17	PSB035	291	estate:	estate	linguistic	none	_	_	5x1	_	_	_
291-18	PSB035	291	[molto]	molto	linguistic	none	_	_	_	_	_	0-5(?)
291-19	PSB035	291	molto	molto	linguistic	none	_	_	_	_	_	_
291-20	PSB035	291	caldo	caldo	linguistic	none	_	End=433.546	_	_	_	_
292-0	PSB014	292	[°mhmh°]	mhmh	linguistic	none	Volume=low	Begin=426.629|End=427.057	_	_	_	0-4(90)
293-0	PSB014	293	[eh]	eh	linguistic	none	_	Begin=429.143|End=429.543	_	_	_	0-2(91)
294-0	PSB014	294	[è	è	linguistic	none	_	Begin=432.279	_	_	_	0-1(92)
294-1	PSB014	294	difficile]	difficile	linguistic	none	_	End=432.721	_	_	_	0-9(92)
295-0	PSB014	295	d'	d'	linguistic	none	SpaceAfter=No	Begin=433.556	_	_	_	_
295-1	PSB014	295	estate	estate	linguistic	none	_	_	_	_	_	_
295-2	PSB014	295	qua	qua	linguistic	none	_	_	_	_	_	_
295-3	PSB014	295	fa	fa	linguistic	none	_	_	_	_	_	_
295-4	PSB014	295	cal[do]	caldo	linguistic	none	_	End=435.167	_	_	_	2-5(93)
296-0	PSB035	296	[e:h]	eh	linguistic	none	_	Begin=434.764	0x1	_	_	0-2(93)
296-1	PSB035	296	anche	anche	linguistic	none	_	_	_	_	_	_
296-2	PSB035	296	tutti	tutti	linguistic	none	_	_	_	_	_	_
296-3	PSB035	296	giorno	giorno	linguistic	none	_	_	_	_	_	_
296-4	PSB035	296	lavoro:	lavoro	linguistic	none	_	_	5x1	_	_	_
296-5	PSB035	296	qua	qua	linguistic	none	_	_	_	_	_	_
296-6	PSB035	296	[sudare:]	sudare	linguistic	none	_	_	5x1	_	_	0-6(94)
296-7	PSB035	296	tanto	tanto	linguistic	none	_	_	_	_	_	_
296-8	PSB035	296	eh	eh	linguistic	none	_	_	_	_	_	_
296-9	PSB035	296	eh	eh	linguistic	none	_	_	_	_	_	_
296-10	PSB035	296	eh	eh	linguistic	none	_	End=439.921	_	_	_	_
297-0	PSB014	297	[sudare	sudare	linguistic	none	_	Begin=437.65	_	_	_	0-6(94)
297-1	PSB014	297	anche]	anche	linguistic	none	_	_	_	_	_	0-5(94)
297-2	PSB014	297	{ride}	{ride}	nonverbalbehavior	none	_	End=440.457	_	_	_	_
298-0	PSB014	298	è	è	linguistic	none	_	Begin=440.464	_	_	_	_
298-1	PSB014	298	vero	vero	linguistic	none	_	_	_	_	_	_
298-2	PSB014	298	è	è	linguistic	none	_	_	_	_	_	_
298-3	PSB014	298	[ver~]	ver~	linguistic	none	Interrupted=Yes	End=441.079	_	_	_	0-4(95)
299-0	PSB035	299	[per]	per	linguistic	none	_	Begin=440.671	_	_	_	0-3(95)
299-1	PSB035	299	me	me	linguistic	none	_	_	_	_	_	_
299-2	PSB035	299	fuori	fuori	linguistic	none	_	_	_	_	_	_
299-3	PSB035	299	eh	eh	linguistic	none	_	_	_	_	_	_
299-4	PSB035	299	{P}	{P}	shortpause	none	_	_	_	_	_	_
299-5	PSB035	299	per	per	linguistic	none	_	_	_	_	_	_
299-6	PSB035	299	me	me	linguistic	none	_	_	_	_	_	_
299-7	PSB035	299	anche	anche	linguistic	none	_	_	_	_	_	_
299-8	PSB035	299	piace	piace	linguistic	none	_	End=442.807	_	_	_	_
300-0	PSB033	300	aha	aha	linguistic	none	_	Begin=442.807|End=443.136	_	_	_	_
301-0	PSB033	301	[sì]	sì	linguistic	none	_	Begin=443.593|End=443.959	_	_	_	0-2(96)
302-0	PSB035	302	[per]ché	perché	linguistic	none	_	Begin=443.621	_	_	_	0-3(96)
302-1	PSB035	302	mangia	mangia	linguistic	none	_	_	_	_	_	_
302-2	PSB035	302	bene:	bene	linguistic	none	_	_	3x1	_	_	_
302-3	PSB035	302	tutti	tutti	linguistic	none	_	_	_	_	_	_
302-4	PSB035	302	giorno	giorno	linguistic	none	_	_	_	_	_	_
302-5	PSB035	302	{P}	{P}	shortpause	none	_	_	_	_	_	_
302-6	PSB035	302	mangiare	mangiare	linguistic	none	_	_	_	_	_	_
302-7	PSB035	302	ristorante	ristorante	linguistic	none	_	_	_	_	_	_
302-8	PSB035	302	noi	noi	linguistic	none	_	_	_	_	_	_
302-9	PSB035	302	quando	quando	linguistic	none	_	_	_	_	_	_
302-10	PSB035	302	fuor~	fuor~	linguistic	none	Interrupted=Yes	_	_	_	_	_
302-11	PSB035	302	$cantire	cantire	linguistic	none	Orthography=Yes	_	_	_	_	_
302-12	PSB035	302	lavora	lavora	linguistic	none	_	_	_	_	_	_
302-13	PSB035	302	tutto	tutto	linguistic	none	_	_	_	_	_	_
302-14	PSB035	302	mangia	mangia	linguistic	none	_	_	_	_	_	_
302-15	PSB035	302	ristorante	ristorante	linguistic	none	_	_	_	_	_	_
302-16	PSB035	302	{P}[]	{P}	shortpause	none	_	_	_	_	_	0-3(98)
302-17	PSB035	302	ogni	ogni	linguistic	none	_	_	_	_	_	_
302-18	PSB035	302	giorno	giorno	linguistic	none	_	_	_	_	_	_
302-19	PSB035	302	[così]	così	linguistic	none	_	End=451.54	_	_	_	0-4(97)
303-0	PSB014	303	[°mhmh°]	mhmh	linguistic	none	Volume=low	Begin=450.157|End=450.521	_	_	_	0-4(98)
304-0	PSB014	304	[°ehm°]	ehm	linguistic	none	Volume=low	Begin=451.236|End=451.536	_	_	_	0-3(97)
305-0	PSB014	305	ah	ah	linguistic	none	_	Begin=451.829	_	_	_	_
305-1	PSB014	305	okay	okay	linguistic	none	_	_	_	_	_	_
305-2	PSB014	305	[okay	okay	linguistic	none	_	_	_	_	_	0-4(99)
305-3	PSB014	305	okay]	okay	linguistic	none	_	End=453.267	_	_	_	0-4(99)
306-0	PSB035	306	[anche	anche	linguistic	none	_	Begin=452.32	_	_	_	0-5(99)
306-1	PSB035	306	a	a	linguistic	none	_	_	_	_	_	0-1(99)
306-2	PSB035	306	me]	me	linguistic	none	_	_	_	_	_	0-2(99)
306-3	PSB035	306	piace	piace	linguistic	none	_	_	_	_	_	_
306-4	PSB035	306	noi	noi	linguistic	none	_	_	_	_	_	_
306-5	PSB035	306	uomo	uomo	linguistic	none	_	_	_	_	_	_
306-6	PSB035	306	eh	eh	linguistic	none	_	_	_	_	_	_
306-7	PSB035	306	{P}	{P}	shortpause	none	_	_	_	_	_	_
306-8	PSB035	306	piace	piace	linguistic	none	_	_	_	_	_	_
306-9	PSB035	306	{P}	{P}	shortpause	none	_	_	_	_	_	_
306-10	PSB035	306	[fuori]	fuori	linguistic	none	_	End=455.89	_	_	_	0-5(100)
307-0	PSB014	307	{ride}	{ride}	nonverbalbehavior	none	_	Begin=454.207|End=454.714	_	_	_	_
308-0	PSB033	308	[cer]to	certo	linguistic	none	_	Begin=455.379|End=456.02	_	_	_	0-3(100)
309-0	PSB014	309	ma	ma	linguistic	none	_	Begin=456.864	_	_	_	_
309-1	PSB014	309	eh	eh	linguistic	none	_	_	_	_	_	_
309-2	PSB014	309	eh	eh	linguistic	none	_	_	_	_	_	_
309-3	PSB014	309	in	in	linguistic	none	_	_	_	_	_	_
309-4	PSB014	309	cina	cina	linguistic	none	_	_	_	_	_	_
309-5	PSB014	309	fa	fa	linguistic	none	_	_	_	_	_	_
309-6	PSB014	309	fa	fa	linguistic	none	_	_	_	_	_	_
309-7	PSB014	309	più	più	linguistic	none	_	_	_	_	_	_
309-8	PSB014	309	caldo	caldo	linguistic	none	_	_	_	_	_	_
309-9	PSB014	309	o	o	linguistic	none	_	_	_	_	_	_
309-10	PSB014	309	più	più	linguistic	none	_	_	_	_	_	_
309-11	PSB014	309	freddo	freddo	linguistic	none	_	_	_	_	_	_
309-12	PSB014	309	di	di	linguistic	none	_	_	_	_	_	_
309-13	PSB014	309	[qua]?	qua	linguistic	none	Intonation=rising	End=459.764	_	_	_	0-3(101)
310-0	PSB035	310	[e:h]	eh	linguistic	none	_	Begin=459.679	0x1	_	_	0-2(101)
310-1	PSB035	310	quasi:	quasi	linguistic	none	_	_	4x1	_	_	_
310-2	PSB035	310	più	più	linguistic	none	_	_	_	_	_	_
310-3	PSB035	310	caldo	caldo	linguistic	none	_	End=461.58	_	_	_	_
311-0	PSB014	311	[più	più	linguistic	none	_	Begin=461.686	_	_	_	0-3(248)
311-1	PSB014	311	caldo]?	caldo	linguistic	none	Intonation=rising	End=462.286	_	_	_	0-5(248)
312-0	PSB033	312	[più	più	linguistic	none	_	Begin=461.686	_	_	_	0-3(248)
312-1	PSB033	312	caldo]?	caldo	linguistic	none	Intonation=rising	End=462.279	_	_	_	0-5(248)
313-0	PSB035	313	[xx]	x	unknown	none	_	Begin=461.687	_	_	_	0-2(248)
313-1	PSB035	313	in	in	linguistic	none	_	_	_	_	_	_
313-2	PSB035	313	cina	cina	linguistic	none	_	_	_	_	_	_
313-3	PSB035	313	caldo	caldo	linguistic	none	_	_	_	_	_	_
313-4	PSB035	313	dopo	dopo	linguistic	none	_	_	_	_	_	_
313-5	PSB035	313	qui	qui	linguistic	none	_	_	_	_	_	_
313-6	PSB035	313	{P}	{P}	shortpause	none	_	_	_	_	_	_
313-7	PSB035	313	differenza	differenza	linguistic	none	_	_	_	_	_	_
313-8	PSB035	313	un	un	linguistic	none	_	_	_	_	_	_
313-9	PSB035	313	po	po	linguistic	none	_	End=465.179	_	_	_	_
314-0	PSB033	314	mhmh	mhmh	linguistic	none	_	Begin=465.179|End=465.621	_	_	_	_
315-0	PSB035	315	in	in	linguistic	none	_	Begin=465.921	_	_	_	_
315-1	PSB035	315	cina	cina	linguistic	none	_	_	_	_	_	_
315-2	PSB035	315	un	un	linguistic	none	_	_	_	_	_	_
315-3	PSB035	315	po'	po'	linguistic	none	_	_	_	_	_	_
315-4	PSB035	315	umido	umido	linguistic	none	_	End=467.286	_	_	_	_
316-0	PSB014	316	eh	eh	linguistic	none	_	Begin=467.443|End=467.8	_	_	_	_
317-0	PSB035	317	noi	noi	linguistic	none	_	Begin=467.8	_	_	_	_
317-1	PSB035	317	paese	paese	linguistic	none	_	_	_	_	_	_
317-2	PSB035	317	{P}	{P}	shortpause	none	_	_	_	_	_	_
317-3	PSB035	317	tanto	tanto	linguistic	none	_	_	_	_	_	_
317-4	PSB035	317	piove	piove	linguistic	none	_	End=469.886	_	_	_	_
318-0	PSB014	318	[okay]	okay	linguistic	none	_	Begin=470.007|End=470.514	_	_	_	0-4(102)
319-0	PSB033	319	[okay]	okay	linguistic	none	_	Begin=470.007|End=470.507	_	_	_	0-4(102)
320-0	PSB035	320	perché	perché	linguistic	none	_	Begin=470.793	_	_	_	_
320-1	PSB035	320	quando	quando	linguistic	none	_	_	_	_	_	_
320-2	PSB035	320	xxx	x	unknown	none	_	_	_	_	_	_
320-3	PSB035	320	{P}	{P}	shortpause	none	_	_	_	_	_	_
320-4	PSB035	320	piove	piove	linguistic	none	_	_	_	_	_	_
320-5	PSB035	320	anche	anche	linguistic	none	_	_	_	_	_	_
320-6	PSB035	320	{P}	{P}	shortpause	none	_	_	_	_	_	_
320-7	PSB035	320	un	un	linguistic	none	_	_	_	_	_	_
320-8	PSB035	320	mese	mese	linguistic	none	_	_	_	_	_	_
320-9	PSB035	320	[eh]	eh	linguistic	none	_	_	_	_	_	0-2(103)
320-10	PSB035	320	[sem]pre	sempre	linguistic	none	_	_	_	_	_	0-3(104)
320-11	PSB035	320	no	no	linguistic	none	_	_	_	_	_	_
320-12	PSB035	320	ferm(o)	fermo	linguistic	none	_	End=475.364	_	_	4-5(0)	_
321-0	PSB014	321	[ah]	ah	linguistic	none	_	Begin=473.72|End=473.98	_	_	_	0-2(103)
322-0	PSB033	322	[mh]	mh	linguistic	none	_	Begin=474.0|End=474.493	_	_	_	0-2(104)
323-0	PSB014	323	[okay]	okay	linguistic	none	_	Begin=475.364|End=476.214	_	_	_	0-4(105)
324-0	PSB033	324	[okay]	okay	linguistic	none	_	Begin=475.364|End=476.214	_	_	_	0-4(105)
325-0	PSB035	325	per	per	linguistic	none	_	Begin=476.214	_	_	_	_
325-1	PSB035	325	quello	quello	linguistic	none	_	_	_	_	_	_
325-2	PSB035	325	motivo	motivo	linguistic	none	_	_	_	_	_	_
325-3	PSB035	325	qua:	qua	linguistic	none	_	_	2x1	_	_	_
325-4	PSB035	325	un	un	linguistic	none	_	_	_	_	_	_
325-5	PSB035	325	giorno	giorno	linguistic	none	_	End=478.407	_	_	_	_
326-0	PSB035	326	xx	x	unknown	none	_	Begin=479.193	_	_	_	_
326-1	PSB035	326	piove	piove	linguistic	none	_	_	_	_	_	_
326-2	PSB035	326	dopo	dopo	linguistic	none	_	_	_	_	_	_
326-3	PSB035	326	subito	subito	linguistic	none	_	End=480.871	_	_	_	_
327-0	PSB014	327	s[ole]?	sole	linguistic	none	Intonation=rising	Begin=480.871|End=481.293	_	_	_	1-4(106)
328-0	PSB035	328	[so]le	sole	linguistic	none	_	Begin=481.157|End=481.621	_	_	_	0-2(106)
329-0	PSB035	329	[quello]	quello	linguistic	none	_	Begin=481.807	_	_	_	0-6(107)
329-1	PSB035	329	motivo	motivo	linguistic	none	_	_	_	_	_	_
329-2	PSB035	329	più	più	linguistic	none	_	_	_	_	_	_
329-3	PSB035	329	comodo	comodo	linguistic	none	_	End=483.279	_	_	_	_
330-0	PSB033	330	[xx]	x	unknown	none	_	Begin=481.846|End=482.346	_	_	_	0-2(107)
331-0	PSB033	331	mhmh	mhmh	linguistic	none	_	Begin=483.32|End=483.57	_	_	_	_
332-0	PSB014	332	sì	sì	linguistic	none	_	Begin=483.57|End=483.84	_	_	_	_
333-0	PSB014	333	e:h	eh	linguistic	none	_	Begin=484.229	0x1	_	_	_
333-1	PSB014	333	posso	posso	linguistic	none	_	_	_	_	_	_
333-2	PSB014	333	chiederle	chiederle	linguistic	none	_	_	_	_	_	_
333-3	PSB014	333	lei	lei	linguistic	none	_	_	_	_	_	_
333-4	PSB014	333	è	è	linguistic	none	_	_	_	_	_	_
333-5	PSB014	333	qua	qua	linguistic	none	_	_	_	_	_	_
333-6	PSB014	333	sua	sua	linguistic	none	_	_	_	_	_	_
333-7	PSB014	333	con	con	linguistic	none	_	_	_	_	_	_
333-8	PSB014	333	sua	sua	linguistic	none	_	_	_	_	_	_
333-9	PSB014	333	famiglia?	famiglia	linguistic	none	Intonation=rising	End=486.586	_	_	_	_
334-0	PSB035	334	eh	eh	linguistic	none	_	Begin=487.129	_	_	_	_
334-1	PSB035	334	sì	sì	linguistic	none	_	_	_	_	_	_
334-2	PSB035	334	{P}[]	{P}	shortpause	none	_	_	_	_	_	0-3(109)
334-3	PSB035	334	eh	eh	linguistic	none	_	_	_	_	_	_
334-4	PSB035	334	{P}	{P}	shortpause	none	_	_	_	_	_	_
334-5	PSB035	334	io	io	linguistic	none	_	_	_	_	_	_
334-6	PSB035	334	[tengo]	tengo	linguistic	none	_	_	_	_	_	0-5(108)
334-7	PSB035	334	moglie	moglie	linguistic	none	_	_	_	_	_	_
334-8	PSB035	334	qui	qui	linguistic	none	_	_	_	_	_	_
334-9	PSB035	334	{P}	{P}	shortpause	none	_	_	_	_	_	_
334-10	PSB035	334	bambino	bambino	linguistic	none	_	_	_	_	_	_
334-11	PSB035	334	in	in	linguistic	none	_	_	_	_	_	_
334-12	PSB035	334	cina	cina	linguistic	none	_	End=491.436	_	_	_	_
335-0	PSB014	335	[xx]	x	unknown	none	_	Begin=487.766|End=488.246	_	_	_	0-2(109)
336-0	PSB014	336	[xx]	x	unknown	none	_	Begin=488.775|End=489.515	_	_	_	0-2(108)
337-0	PSB033	337	ah	ah	linguistic	none	_	Begin=491.533|End=491.793	_	_	_	_
338-0	PSB014	338	ah	ah	linguistic	none	_	Begin=491.84	_	_	_	_
338-1	PSB014	338	okay	okay	linguistic	none	_	End=492.357	_	_	_	_
339-0	PSB033	339	[ah	ah	linguistic	none	_	Begin=492.35	_	_	_	0-2(110)
339-1	PSB033	339	okay]	okay	linguistic	none	_	End=493.071	_	_	_	0-4(110)
340-0	PSB035	340	[eh	eh	linguistic	none	_	Begin=492.36	_	_	_	0-2(111)
340-1	PSB035	340	perché]	perché	linguistic	none	_	_	_	_	_	0-6(111)
340-2	PSB035	340	adesso	adesso	linguistic	none	_	_	_	_	_	_
340-3	PSB035	340	lavorare	lavorare	linguistic	none	_	_	_	_	_	_
340-4	PSB035	340	in	in	linguistic	none	_	_	_	_	_	_
340-5	PSB035	340	cina	cina	linguistic	none	_	_	_	_	_	_
340-6	PSB035	340	[lavora]	lavora	linguistic	none	_	End=494.943	_	_	_	0-6(249)
341-0	PSB033	341	[okay]	okay	linguistic	none	_	Begin=494.486|End=495.186	_	_	_	0-4(249)
342-0	PSB014	342	[okay]	okay	linguistic	none	_	Begin=494.493|End=495.171	_	_	_	0-4(249)
343-0	PSB035	343	ah	ah	linguistic	none	_	Begin=495.321|End=495.55	_	_	_	_
344-0	PSB033	344	bello	bello	linguistic	none	_	Begin=495.714	_	_	_	_
344-1	PSB033	344	bello	bello	linguistic	none	_	End=496.364	_	_	_	_
345-0	PSB014	345	e	e	linguistic	none	_	Begin=496.779	_	_	_	_
345-1	PSB014	345	torna	torna	linguistic	none	_	_	_	_	_	_
345-2	PSB014	345	spesso	spesso	linguistic	none	_	_	_	_	_	_
345-3	PSB014	345	in	in	linguistic	none	_	_	_	_	_	_
345-4	PSB014	345	cina?	cina	linguistic	none	Intonation=rising	End=498.157	_	_	_	_
346-0	PSB035	346	eh	eh	linguistic	none	_	Begin=498.621	_	_	_	_
346-1	PSB035	346	io	io	linguistic	none	_	_	_	_	_	_
346-2	PSB035	346	sì	sì	linguistic	none	_	_	_	_	_	_
346-3	PSB035	346	{P}	{P}	shortpause	none	_	_	_	_	_	_
346-4	PSB035	346	lei	lei	linguistic	none	_	_	_	_	_	_
346-5	PSB035	346	sempre:	sempre	linguistic	none	_	_	5x1	_	_	_
346-6	PSB035	346	quasi	quasi	linguistic	none	_	_	_	_	_	_
346-7	PSB035	346	due	due	linguistic	none	_	_	_	_	_	_
346-8	PSB035	346	anni	anni	linguistic	none	_	_	_	_	_	_
346-9	PSB035	346	vado	vado	linguistic	none	_	_	_	_	_	_
346-10	PSB035	346	una	una	linguistic	none	_	_	_	_	_	_
346-11	PSB035	346	volta	volta	linguistic	none	_	End=502.793	_	_	_	_
347-0	PSB033	347	okay	okay	linguistic	none	_	Begin=502.807|End=503.25	_	_	_	_
348-0	PSB035	348	io	io	linguistic	none	_	Begin=503.6	_	_	_	_
348-1	PSB035	348	tanti	tanti	linguistic	none	_	_	_	_	_	_
348-2	PSB035	348	anni	anni	linguistic	none	_	_	_	_	_	_
348-3	PSB035	348	non	non	linguistic	none	_	_	_	_	_	_
348-4	PSB035	348	andato	andato	linguistic	none	_	_	_	_	_	_
348-5	PSB035	348	[cina]	cina	linguistic	none	_	End=505.264	_	_	_	0-4(112)
349-0	PSB033	349	[a]:h	ah	linguistic	none	_	Begin=505.05|End=505.593	0x1	_	_	0-1(112)
350-0	PSB033	350	e	e	linguistic	none	_	Begin=505.771	_	_	_	_
350-1	PSB033	350	le	le	linguistic	none	_	_	_	_	_	_
350-2	PSB033	350	manca?	manca	linguistic	none	Intonation=rising	End=506.586	_	_	_	_
351-0	PSB035	351	eh	eh	linguistic	none	_	Begin=506.829	_	_	_	_
351-1	PSB035	351	perché	perché	linguistic	none	_	_	_	_	_	_
351-2	PSB035	351	io	io	linguistic	none	_	_	_	_	_	_
351-3	PSB035	351	bisogno	bisogno	linguistic	none	_	_	_	_	_	_
351-4	PSB035	351	stare	stare	linguistic	none	_	_	_	_	_	_
351-5	PSB035	351	qua	qua	linguistic	none	_	_	_	_	_	_
351-6	PSB035	351	negozio	negozio	linguistic	none	_	_	_	_	_	_
351-7	PSB035	351	[perché::]	perché	linguistic	none	_	End=510.221	5x2	_	_	0-6(?)
352-0	PSB014	352	[certo]	certo	linguistic	none	_	Begin=509.179|End=509.58	_	_	_	0-5(113)
353-0	PSB033	353	[giustamente]	giustamente	linguistic	none	_	Begin=509.58|End=510.233	_	_	_	0-11(114)
354-0	PSB033	354	sì	sì	linguistic	none	_	Begin=511.014|End=511.236	_	_	_	_
355-0	PSB035	355	io	io	linguistic	none	_	Begin=511.529	_	_	_	_
355-1	PSB035	355	però	però	linguistic	none	_	_	_	_	_	_
355-2	PSB035	355	{P}	{P}	shortpause	none	_	_	_	_	_	_
355-3	PSB035	355	(per)	per	linguistic	none	_	_	_	_	0-3(0)	_
355-4	PSB035	355	parlare	parlare	linguistic	none	_	_	_	_	_	_
355-5	PSB035	355	lingua:	lingua	linguistic	none	_	_	5x1	_	_	_
355-6	PSB035	355	cosa	cosa	linguistic	none	_	_	_	_	_	_
355-7	PSB035	355	quale	quale	linguistic	none	_	_	_	_	_	_
355-8	PSB035	355	fare	fare	linguistic	none	_	_	_	_	_	_
355-9	PSB035	355	qualcosa	qualcosa	linguistic	none	_	_	_	_	_	_
355-10	PSB035	355	bisogna	bisogna	linguistic	none	_	_	_	_	_	_
355-11	PSB035	355	io	io	linguistic	none	_	_	_	_	_	_
355-12	PSB035	355	andare	andare	linguistic	none	_	End=516.65	_	_	_	_
356-0	PSB033	356	mhmh	mhmh	linguistic	none	_	Begin=516.79|End=517.285	_	_	_	_
357-0	PSB035	357	eh	eh	linguistic	none	_	Begin=517.385	_	_	_	_
357-1	PSB035	357	per	per	linguistic	none	_	_	_	_	_	_
357-2	PSB035	357	quello	quello	linguistic	none	_	_	_	_	_	_
357-3	PSB035	357	motivo	motivo	linguistic	none	_	_	_	_	_	_
357-4	PSB035	357	otto	otto	linguistic	none	_	_	_	_	_	_
357-5	PSB035	357	anni:	anni	linguistic	none	_	_	3x1	_	_	_
357-6	PSB035	357	[non	non	linguistic	none	_	_	_	_	_	0-3(115)
357-7	PSB035	357	andato]	andato	linguistic	none	_	_	_	_	_	0-6(115)
357-8	PSB035	357	cina	cina	linguistic	none	_	End=520.764	_	_	_	_
358-0	PSB033	358	[ehm]	ehm	linguistic	none	_	Begin=519.629|End=520.043	_	_	_	0-3(115)
359-0	PSB014	359	[okay]	okay	linguistic	none	_	Begin=520.764|End=521.393	_	_	_	0-4(116)
360-0	PSB033	360	[okay	okay	linguistic	none	_	Begin=520.764	_	_	_	0-4(116)
360-1	PSB033	360	ho]	ho	linguistic	none	_	_	_	_	_	0-2(116)
360-2	PSB033	360	capito	capito	linguistic	none	_	End=521.45	_	_	_	_
361-0	PSB033	361	[°okay	okay	linguistic	none	Volume=low	Begin=521.799	_	_	_	0-4(117)
361-1	PSB033	361	okay°]	okay	linguistic	none	Volume=low	End=522.321	_	_	_	0-4(117)
362-0	PSB035	362	[sì]	sì	linguistic	none	_	Begin=521.799|End=522.321	_	_	_	0-2(117)
363-0	PSB033	363	eh	eh	linguistic	none	_	Begin=522.907	_	_	_	_
363-1	PSB033	363	il	il	linguistic	none	_	_	_	_	_	_
363-2	PSB033	363	°suo°	suo	linguistic	none	Volume=low	_	_	_	_	_
363-3	PSB033	363	tempo	tempo	linguistic	none	_	_	_	_	_	_
363-4	PSB033	363	libero	libero	linguistic	none	_	_	_	_	_	_
363-5	PSB033	363	cosa	cosa	linguistic	none	_	_	_	_	_	_
363-6	PSB033	363	fa?	fa	linguistic	none	Intonation=rising	End=524.2	_	_	_	_
364-0	PSB033	364	quando	quando	linguistic	none	_	Begin=524.386	_	_	_	_
364-1	PSB033	364	non	non	linguistic	none	_	_	_	_	_	_
364-2	PSB033	364	lavora	lavora	linguistic	none	_	End=525.257	_	_	_	_
365-0	PSB035	365	eh	eh	linguistic	none	_	Begin=525.479	_	_	_	_
365-1	PSB035	365	{P}	{P}	shortpause	none	_	_	_	_	_	_
365-2	PSB035	365	ehm	ehm	linguistic	none	_	_	_	_	_	_
365-3	PSB035	365	li[bero:]	libero	linguistic	none	_	_	5x1	_	_	2-6(118)
365-4	PSB035	365	io	io	linguistic	none	_	_	_	_	_	_
365-5	PSB035	365	anche:	anche	linguistic	none	_	_	4x1	_	_	_
365-6	PSB035	365	un	un	linguistic	none	_	_	_	_	_	_
365-7	PSB035	365	po	po	linguistic	none	_	_	_	_	_	_
365-8	PSB035	365	di	di	linguistic	none	_	_	_	_	_	_
365-9	PSB035	365	imparare	imparare	linguistic	none	_	_	_	_	_	_
365-10	PSB035	365	italia[no]	italiano	linguistic	none	_	End=530.936	_	_	_	6-8(119)
366-0	PSB033	366	[xx]	x	unknown	none	_	Begin=526.49|End=526.91	_	_	_	0-2(118)
367-0	PSB014	367	[o]kay	okay	linguistic	none	_	Begin=530.843|End=531.4	_	_	_	0-1(119)
368-0	PSB033	368	°ok[ay]°	okay	linguistic	none	Volume=low	Begin=531.55|End=532.079	_	_	_	2-4(120)
369-0	PSB035	369	[a:h]	ah	linguistic	none	_	Begin=531.907|End=532.414	0x1	_	_	0-2(120)
370-0	PSB014	370	[online]?	online	linguistic	none	Intonation=rising	Begin=533.207|End=533.714	_	_	_	0-6(121)
371-0	PSB035	371	[xx]:	xx	linguistic	none	_	Begin=533.429	1x1	_	_	0-2(121)
371-1	PSB035	371	no::	no	linguistic	none	_	_	1x2	_	_	_
371-2	PSB035	371	no	no	linguistic	none	_	_	_	_	_	_
371-3	PSB035	371	anche	anche	linguistic	none	_	_	_	_	_	_
371-4	PSB035	371	online:	online	linguistic	none	_	_	5x1	_	_	_
371-5	PSB035	371	anche	anche	linguistic	none	_	_	_	_	_	_
371-6	PSB035	371	qua	qua	linguistic	none	_	_	_	_	_	_
371-7	PSB035	371	da:	da	linguistic	none	_	_	1x1	_	_	_
371-8	PSB035	371	noi:	noi	linguistic	none	_	_	2x1	_	_	_
371-9	PSB035	371	però:	però	linguistic	none	_	_	3x1	_	_	_
371-10	PSB035	371	{P}	{P}	shortpause	none	_	_	_	_	_	_
371-11	PSB035	371	ehm:	ehm	linguistic	none	_	_	2x1	_	_	_
371-12	PSB035	371	quello:	quello	linguistic	none	_	_	5x1	_	_	_
371-13	PSB035	371	io	io	linguistic	none	_	_	_	_	_	_
371-14	PSB035	371	xx	x	unknown	none	_	_	_	_	_	_
371-15	PSB035	371	xxx	x	unknown	none	_	_	_	_	_	_
371-16	PSB035	371	xx	x	unknown	none	_	_	_	_	_	_
371-17	PSB035	371	maestro	maestro	linguistic	none	_	_	_	_	_	_
371-18	PSB035	371	insegna	insegna	linguistic	none	_	_	_	_	_	_
371-19	PSB035	371	italia:no	italiano	linguistic	none	_	_	5x1	_	_	_
371-20	PSB035	371	[come]	come	linguistic	none	_	_	_	_	_	0-4(122)
371-21	PSB035	371	noi	noi	linguistic	none	_	_	_	_	_	_
371-22	PSB035	371	anche	anche	linguistic	none	_	_	_	_	_	_
371-23	PSB035	371	piace	piace	linguistic	none	_	_	_	_	_	_
371-24	PSB035	371	{P}	{P}	shortpause	none	_	_	_	_	_	_
371-25	PSB035	371	guardare	guardare	linguistic	none	_	End=545.871	_	_	_	_
372-0	PSB014	372	[aha]	aha	linguistic	none	_	Begin=543.529|End=544.05	_	_	_	0-3(122)
373-0	PSB014	373	ah	ah	linguistic	none	_	Begin=545.871|End=546.493	_	_	_	_
374-0	PSB035	374	°ehm°	ehm	linguistic	none	Volume=low	Begin=546.793|End=547.236	_	_	_	_
375-0	PSB033	375	eh	eh	linguistic	none	_	Begin=547.821	_	_	_	_
375-1	PSB033	375	segue	segue	linguistic	none	_	_	_	_	_	_
375-2	PSB033	375	qualche	qualche	linguistic	none	_	_	_	_	_	_
375-3	PSB033	375	sport?	sport	linguistic	none	Intonation=rising	_	_	_	_	_
375-4	PSB033	375	{P}	{P}	shortpause	none	_	_	_	_	_	_
375-5	PSB033	375	qua	qua	linguistic	none	_	_	_	_	_	_
375-6	PSB033	375	a	a	linguistic	none	_	_	_	_	_	_
375-7	PSB033	375	bologna?	bologna	linguistic	none	Intonation=rising	End=550.036	_	_	_	_
376-0	PSB035	376	ehm:	ehm	linguistic	all	Language=NO_ISO_CODE	Begin=550.464	2x1	_	_	_
376-1	PSB035	376	[°shuō	shuō	linguistic	all	Language=NO_ISO_CODE	_	_	_	_	_
376-2	PSB035	376	shá°?]	shá	linguistic	all	Intonation=rising|Language=NO_ISO_CODE	End=551.871	_	_	_	_
378-0	PSB014	378	[calcio:]	calcio	linguistic	none	_	Begin=551.45|End=552.214	5x1	_	_	0-6(123)
379-0	PSB035	379	ehm:	ehm	linguistic	none	_	Begin=552.214	2x1	_	_	_
379-1	PSB035	379	°beh°	beh	linguistic	none	Volume=low	_	_	_	_	_
379-2	PSB035	379	io	io	linguistic	none	_	_	_	_	_	_
379-3	PSB035	379	no	no	linguistic	none	_	_	_	_	_	_
379-4	PSB035	379	però	però	linguistic	none	_	End=553.821	_	_	_	_
380-0	PSB035	380	{ride}	{ride}	nonverbalbehavior	none	_	Begin=554.25	_	_	_	_
380-1	PSB035	380	io	io	linguistic	none	_	_	_	_	_	_
380-2	PSB035	380	io	io	linguistic	none	_	_	_	_	_	_
380-3	PSB035	380	io	io	linguistic	none	_	_	_	_	_	_
380-4	PSB035	380	non	non	linguistic	none	_	_	_	_	_	_
380-5	PSB035	380	cè	cè	linguistic	none	_	_	_	_	_	_
380-6	PSB035	380	tempo	tempo	linguistic	none	_	_	_	_	_	_
380-7	PSB035	380	[perché]	perché	linguistic	none	_	End=557.079	_	_	_	0-6(?)
381-0	PSB014	381	no?	no	linguistic	none	Intonation=rising	Begin=554.671|End=555.136	_	_	_	_
382-0	PSB014	382	[ehm:]	ehm	linguistic	none	_	Begin=556.843|End=557.4	2x1	_	_	0-3(?)
383-0	PSB033	383	[°ehm°]	ehm	linguistic	none	Volume=low	Begin=556.843|End=557.4	_	_	_	0-3(?)
384-0	PSB035	384	tutti	tutti	linguistic	none	_	Begin=557.393	_	_	_	_
384-1	PSB035	384	giorno	giorno	linguistic	none	_	_	_	_	_	_
384-2	PSB035	384	fare	fare	linguistic	none	_	_	_	_	_	_
384-3	PSB035	384	dodici	dodici	linguistic	none	_	_	_	_	_	_
384-4	PSB035	384	ore	ore	linguistic	none	_	_	_	_	_	_
384-5	PSB035	384	negozio	negozio	linguistic	none	_	End=559.664	_	_	_	_
385-0	PSB014	385	[sì]	sì	linguistic	none	_	Begin=559.671|End=560.229	_	_	_	0-2(125)
386-0	PSB033	386	[okay]	okay	linguistic	none	_	Begin=559.671|End=560.221	_	_	_	0-4(125)
387-0	PSB033	387	[°okay°]	okay	linguistic	none	Volume=low	Begin=560.443|End=560.871	_	_	_	0-4(126)
388-0	PSB035	388	[poi]	poi	linguistic	none	_	Begin=560.443	_	_	_	0-3(126)
388-1	PSB035	388	sera:	sera	linguistic	none	_	_	3x1	_	_	_
388-2	PSB035	388	vai	vai	linguistic	none	_	_	_	_	_	_
388-3	PSB035	388	casa:	casa	linguistic	none	_	_	3x1	_	_	_
388-4	PSB035	388	tanto	tanto	linguistic	none	_	End=563.307	_	_	_	_
389-0	PSB035	389	xx	x	unknown	none	_	Begin=563.964	_	_	_	_
389-1	PSB035	389	del	del	linguistic	none	_	_	_	_	_	_
389-2	PSB035	389	xxone	xxone	linguistic	none	_	_	_	_	_	_
389-3	PSB035	389	anche	anche	linguistic	none	_	_	_	_	_	_
389-4	PSB035	389	se	se	linguistic	none	_	_	_	_	_	_
389-5	PSB035	389	tornare	tornare	linguistic	none	_	_	_	_	_	_
389-6	PSB035	389	a	a	linguistic	none	_	_	_	_	_	_
389-7	PSB035	389	{P}	{P}	shortpause	none	_	_	_	_	_	_
389-8	PSB035	389	[casa]	casa	linguistic	none	_	End=567.043	_	_	_	0-4(127)
390-0	PSB033	390	[°ehm°]	ehm	linguistic	none	Volume=low	Begin=566.707|End=567.236	_	_	_	0-3(127)
391-0	PSB035	391	ci	ci	linguistic	none	_	Begin=567.643	_	_	_	_
391-1	PSB035	391	vuole	vuole	linguistic	none	_	_	_	_	_	_
391-2	PSB035	391	tanto	tanto	linguistic	none	_	_	_	_	_	_
391-3	PSB035	391	tempo	tempo	linguistic	none	_	End=568.693	_	_	_	_
392-0	PSB033	392	ok[ay]	okay	linguistic	none	_	Begin=568.707|End=569.243	_	_	_	2-4(128)
393-0	PSB014	393	[okay]ay	okayay	linguistic	none	_	Begin=569.093|End=569.407	_	_	_	0-4(128)
394-0	PSB033	394	>per	per	linguistic	none	_	Begin=569.414	_	Fast=0-3(0)	_	_
394-1	PSB033	394	esempio<	esempio	linguistic	none	_	_	_	Fast=0-7(0)	_	_
394-2	PSB033	394	in	in	linguistic	none	_	_	_	_	_	_
394-3	PSB033	394	italia	italia	linguistic	none	_	_	_	_	_	_
394-4	PSB033	394	{P}	{P}	shortpause	none	_	_	_	_	_	_
394-5	PSB033	394	noi	noi	linguistic	none	_	_	_	_	_	_
394-6	PSB033	394	guardiamo	guardiamo	linguistic	none	_	_	_	_	_	_
394-7	PSB033	394	molto	molto	linguistic	none	_	_	_	_	_	_
394-8	PSB033	394	calcio	calcio	linguistic	none	_	_	_	_	_	_
394-9	PSB033	394	{P}	{P}	shortpause	none	_	_	_	_	_	_
394-10	PSB033	394	in	in	linguistic	none	_	_	_	_	_	_
394-11	PSB033	394	cina	cina	linguistic	none	_	_	_	_	_	_
394-12	PSB033	394	cosa	cosa	linguistic	none	_	_	_	_	_	_
394-13	PSB033	394	guardate	guardate	linguistic	none	_	_	_	_	_	_
394-14	PSB033	394	tanto?	tanto	linguistic	none	Intonation=rising	End=573.329	_	_	_	_
395-0	PSB035	395	eh[m:]	ehm	linguistic	none	_	Begin=573.329|End=574.043	2x1	_	_	2-3(129)
396-0	PSB033	396	[di]	di	linguistic	none	_	Begin=573.9	_	_	_	0-2(129)
396-1	PSB033	396	sport	sport	linguistic	none	_	End=574.429	_	_	_	_
397-0	PSB035	397	in	in	linguistic	none	_	Begin=575.164	_	_	_	_
397-1	PSB035	397	cina	cina	linguistic	none	_	_	_	_	_	_
397-2	PSB035	397	anche	anche	linguistic	none	_	_	_	_	_	_
397-3	PSB035	397	adesso	adesso	linguistic	none	_	_	_	_	_	_
397-4	PSB035	397	[cal~]	cal~	linguistic	none	Interrupted=Yes	End=576.957	_	_	_	0-4(130)
398-0	PSB033	398	[°calcio°]	calcio	linguistic	none	Volume=low	Begin=576.371|End=576.814	_	_	_	0-6(130)
399-0	PSB035	399	calcio	calcio	linguistic	none	_	Begin=576.971	_	_	_	_
399-1	PSB035	399	poco	poco	linguistic	none	_	_	_	_	_	_
399-2	PSB035	399	forse	forse	linguistic	none	_	_	_	_	_	_
399-3	PSB035	399	{P}	{P}	shortpause	none	_	_	_	_	_	_
399-4	PSB035	399	però	però	linguistic	none	_	_	_	_	_	_
399-5	PSB035	399	bambino	bambino	linguistic	none	_	_	_	_	_	_
399-6	PSB035	399	piace	piace	linguistic	none	_	End=579.671	_	_	_	_
400-0	PSB014	400	[ah	ah	linguistic	none	_	Begin=579.657	_	_	_	0-2(131)
400-1	PSB014	400	piace]	piace	linguistic	none	_	End=580.3	_	_	_	0-5(131)
401-0	PSB033	401	[okay]	okay	linguistic	none	_	Begin=579.829|End=580.364	_	_	_	0-4(132)
402-0	PSB035	402	perché	perché	linguistic	none	_	Begin=580.664	_	_	_	_
402-1	PSB035	402	noi	noi	linguistic	none	_	_	_	_	_	_
402-2	PSB035	402	xx	x	unknown	none	_	_	_	_	_	_
402-3	PSB035	402	come	come	linguistic	none	_	_	_	_	_	_
402-4	PSB035	402	noi	noi	linguistic	none	_	_	_	_	_	_
402-5	PSB035	402	età:	età	linguistic	none	_	_	2x1	_	_	_
402-6	PSB035	402	>perché<	perché	linguistic	none	_	_	_	Fast=0-6(0)	_	_
402-7	PSB035	402	prima	prima	linguistic	none	_	_	_	_	_	_
402-8	PSB035	402	non	non	linguistic	none	_	_	_	_	_	_
402-9	PSB035	402	cè	cè	linguistic	none	_	_	_	_	_	_
402-10	PSB035	402	quello	quello	linguistic	none	_	_	_	_	_	_
402-11	PSB035	402	calcio	calcio	linguistic	none	_	_	_	_	_	_
402-12	PSB035	402	eh	eh	linguistic	none	_	_	_	_	_	_
402-13	PSB035	402	quello:	quello	linguistic	none	_	End=587.05	5x1	_	_	_
403-0	PSB035	403	quello	quello	linguistic	none	_	Begin=587.964	_	_	_	_
403-1	PSB035	403	sport	sport	linguistic	none	_	_	_	_	_	_
403-2	PSB035	403	grande	grande	linguistic	none	_	_	_	_	_	_
403-3	PSB035	403	{P}	{P}	shortpause	none	_	_	_	_	_	_
403-4	PSB035	403	per	per	linguistic	none	_	_	_	_	_	_
403-5	PSB035	403	quello	quello	linguistic	none	_	_	_	_	_	_
403-6	PSB035	403	moti[vo]	motivo	linguistic	none	_	End=590.843	_	_	_	4-6(133)
404-0	PSB033	404	[mh]mh	mhmh	linguistic	none	_	Begin=590.743|End=591.179	_	_	_	0-2(133)
405-0	PSB035	405	adesso	adesso	linguistic	none	_	Begin=591.179	_	_	_	_
405-1	PSB035	405	in	in	linguistic	none	_	_	_	_	_	_
405-2	PSB035	405	cina	cina	linguistic	none	_	_	_	_	_	_
405-3	PSB035	405	perché	perché	linguistic	none	_	_	_	_	_	_
405-4	PSB035	405	il	il	linguistic	none	_	_	_	_	_	_
405-5	PSB035	405	suo	suo	linguistic	none	_	End=593.421	_	_	_	_
406-0	PSB035	406	sviluppato	sviluppato	linguistic	none	_	Begin=593.721	_	_	_	_
406-1	PSB035	406	tan[to],	tanto	linguistic	none	Intonation=weakly_rising	_	_	_	_	3-5(134)
406-2	PSB035	406	(politica)	politica	linguistic	none	_	_	_	_	0-8(0)	_
406-3	PSB035	406	ogni	ogni	linguistic	none	_	_	_	_	_	_
406-4	PSB035	406	città:	città	linguistic	none	_	End=596.893	4x1	_	_	_
407-0	PSB033	407	[sì]	sì	linguistic	none	_	Begin=595.007|End=595.293	_	_	_	0-2(134)
408-0	PSB035	408	cè	cè	linguistic	none	_	Begin=597.3	_	_	_	_
408-1	PSB035	408	grande	grande	linguistic	none	_	_	_	_	_	_
408-2	PSB035	408	quello:	quello	linguistic	none	_	_	5x1	_	_	_
408-3	PSB035	408	{P}	{P}	shortpause	none	_	_	_	_	_	_
408-4	PSB035	408	sport	sport	linguistic	none	_	_	_	_	_	_
408-5	PSB035	408	[quel~]	quel~	linguistic	none	Interrupted=Yes	_	_	_	_	0-5(135)
408-6	PSB035	408	quel	quel	linguistic	none	_	_	_	_	_	_
408-7	PSB035	408	calcio	calcio	linguistic	none	_	End=601.6	_	_	_	_
409-0	PSB033	409	[okay]	okay	linguistic	none	_	Begin=600.329|End=600.857	_	_	_	0-4(135)
410-0	PSB033	410	°sì	sì	linguistic	none	Volume=low	Begin=601.607	_	_	_	_
410-1	PSB033	410	sì	sì	linguistic	none	Volume=low	_	_	_	_	_
410-2	PSB033	410	[sì°]	sì	linguistic	none	Volume=low	End=602.457	_	_	_	0-2(136)
411-0	PSB035	411	°[mhmh]°	mhmh	linguistic	none	Volume=low	Begin=602.15|End=602.821	_	_	_	0-4(136)
412-0	PSB033	412	ehm:	ehm	linguistic	none	_	Begin=603.957|End=605.007	2x1	_	_	_
413-0	PSB033	413	per	per	linguistic	none	_	Begin=605.679	_	_	_	_
413-1	PSB033	413	quanto	quanto	linguistic	none	_	_	_	_	_	_
413-2	PSB033	413	riguarda	riguarda	linguistic	none	_	_	_	_	_	_
413-3	PSB033	413	la	la	linguistic	none	_	_	_	_	_	_
413-4	PSB033	413	musica	musica	linguistic	none	_	_	_	_	_	_
413-5	PSB033	413	invece?	invece	linguistic	none	Intonation=rising	End=607.043	_	_	_	_
414-0	PSB035	414	eh	eh	linguistic	none	_	Begin=607.436	_	_	_	_
414-1	PSB035	414	musica	musica	linguistic	none	_	_	_	_	_	_
414-2	PSB035	414	in	in	linguistic	none	_	_	_	_	_	_
414-3	PSB035	414	cinese	cinese	linguistic	none	_	_	_	_	_	_
414-4	PSB035	414	[ah]	ah	linguistic	none	_	_	_	_	_	0-2(137)
414-5	PSB035	414	cinese	cinese	linguistic	none	_	_	_	_	_	_
414-6	PSB035	414	musica	musica	linguistic	none	_	_	_	_	_	_
414-7	PSB035	414	io	io	linguistic	none	_	_	_	_	_	_
414-8	PSB035	414	io	io	linguistic	none	_	_	_	_	_	_
414-9	PSB035	414	con	con	linguistic	none	_	_	_	_	_	_
414-10	PSB035	414	quello	quello	linguistic	none	_	_	_	_	_	_
414-11	PSB035	414	sempre	sempre	linguistic	none	_	_	_	_	_	_
414-12	PSB035	414	con	con	linguistic	none	_	_	_	_	_	_
414-13	PSB035	414	cellulare	cellulare	linguistic	none	_	_	_	_	_	_
414-14	PSB035	414	per	per	linguistic	none	_	_	_	_	_	_
414-15	PSB035	414	[xxx]	x	unknown	none	_	End=612.693	_	_	_	0-3(138)
415-0	PSB033	415	°{ride}°	{ride}	nonverbalbehavior	none	Volume=low	Begin=607.993|End=608.407	_	_	_	_
416-0	PSB014	416	[sì]	sì	linguistic	none	_	Begin=609.007|End=609.321	_	_	_	0-2(137)
417-0	PSB014	417	[a:h]	ah	linguistic	none	_	Begin=612.564	0x1	_	_	0-2(138)
417-1	PSB014	417	mette	mette	linguistic	none	_	_	_	_	_	_
417-2	PSB014	417	il	il	linguistic	none	_	_	_	_	_	_
417-3	PSB014	417	[telefono]	telefono	linguistic	none	_	End=614.043	_	_	_	0-8(139)
418-0	PSB035	418	[eh	eh	linguistic	none	_	Begin=613.429	_	_	_	0-2(139)
418-1	PSB035	418	eh]	eh	linguistic	none	_	_	_	_	_	0-2(139)
418-2	PSB035	418	telefono	telefono	linguistic	none	_	_	_	_	_	_
418-3	PSB035	418	quello	quello	linguistic	none	_	_	_	_	_	_
418-4	PSB035	418	mi	mi	linguistic	none	_	_	_	_	_	_
418-5	PSB035	418	piace	piace	linguistic	none	_	_	_	_	_	_
418-6	PSB035	418	[tanto]	tanto	linguistic	none	_	End=615.971	_	_	_	0-5(140)
419-0	PSB033	419	[le]	le	linguistic	none	_	Begin=615.85	_	_	_	0-2(140)
419-1	PSB033	419	piace	piace	linguistic	none	_	End=616.39	_	_	_	_
420-0	PSB014	420	°sì°	sì	linguistic	none	Volume=low	Begin=616.42|End=616.83	_	_	_	_
421-0	PSB035	421	°eh	eh	linguistic	none	Volume=low	Begin=616.83	_	_	_	_
421-1	PSB035	421	noi°con	noicon	linguistic	none	Volume=low	_	_	_	_	_
421-2	PSB035	421	noi:	noi	linguistic	none	_	_	2x1	_	_	_
421-3	PSB035	421	paese	paese	linguistic	none	_	_	_	_	_	_
421-4	PSB035	421	quella	quella	linguistic	none	_	_	_	_	_	_
421-5	PSB035	421	musica	musica	linguistic	none	_	End=619.507	_	_	_	_
422-0	PSB033	422	mhmh	mhmh	linguistic	none	_	Begin=619.529|End=619.979	_	_	_	_
423-0	PSB035	423	anche	anche	linguistic	none	_	Begin=620.121	_	_	_	_
423-1	PSB035	423	italiano	italiano	linguistic	none	_	_	_	_	_	_
423-2	PSB035	423	ha	ha	linguistic	none	_	_	_	_	_	_
423-3	PSB035	423	bella	bella	linguistic	none	_	_	_	_	_	_
423-4	PSB035	423	musica	musica	linguistic	none	_	_	_	_	_	_
423-5	PSB035	423	[per]	per	linguistic	none	_	_	_	_	_	0-3(141)
423-6	PSB035	423	noi	noi	linguistic	none	_	_	_	_	_	_
423-7	PSB035	423	anche	anche	linguistic	none	_	_	_	_	_	_
423-8	PSB035	423	{P}	{P}	shortpause	none	_	_	_	_	_	_
423-9	PSB035	423	anche	anche	linguistic	none	_	_	_	_	_	_
423-10	PSB035	423	cellulare:	cellulare	linguistic	none	_	_	8x1	_	_	_
423-11	PSB035	423	trovare	trovare	linguistic	none	_	_	_	_	_	_
423-12	PSB035	423	italiano	italiano	linguistic	none	_	_	_	_	_	_
423-13	PSB035	423	{P}	{P}	shortpause	none	_	_	_	_	_	_
423-14	PSB035	423	a:h	ah	linguistic	none	_	_	0x1	_	_	_
423-15	PSB035	423	musica	musica	linguistic	none	_	End=626.75	_	_	_	_
424-0	PSB014	424	[sì]	sì	linguistic	none	_	Begin=621.864|End=622.293	_	_	_	0-2(141)
425-0	PSB014	425	mhmh	mhmh	linguistic	none	_	Begin=626.757|End=627.286	_	_	_	_
426-0	PSB033	426	quindi	quindi	linguistic	none	_	Begin=627.643	_	_	_	_
426-1	PSB033	426	tutte	tutte	linguistic	none	_	_	_	_	_	_
426-2	PSB033	426	e	e	linguistic	none	_	_	_	_	_	_
426-3	PSB033	426	due	due	linguistic	none	_	End=628.357	_	_	_	_
427-0	PSB035	427	tutte	tutte	linguistic	none	_	Begin=628.436	_	_	_	_
427-1	PSB035	427	e	e	linguistic	none	_	_	_	_	_	_
427-2	PSB035	427	due	due	linguistic	none	_	_	_	_	_	_
427-3	PSB035	427	[e:h]	eh	linguistic	none	_	End=629.386	0x1	_	_	0-2(142)
428-0	PSB014	428	[okay]	okay	linguistic	none	_	Begin=629.221|End=629.629	_	_	_	0-4(142)
429-0	PSB035	429	quando	quando	linguistic	none	_	Begin=629.686	_	_	_	_
429-1	PSB035	429	c'	c'	linguistic	none	SpaceAfter=No	_	_	_	_	_
429-2	PSB035	429	è	è	linguistic	none	_	_	_	_	_	_
429-3	PSB035	429	cliente	cliente	linguistic	none	_	_	_	_	_	_
429-4	PSB035	429	tanto	tanto	linguistic	none	_	_	_	_	_	_
429-5	PSB035	429	{P}	{P}	shortpause	none	_	_	_	_	_	_
429-6	PSB035	429	musica	musica	linguistic	none	_	_	_	_	_	_
429-7	PSB035	429	°in°	in	linguistic	none	Volume=low	_	_	_	_	_
429-8	PSB035	429	italiano	italiano	linguistic	none	_	_	_	_	_	_
429-9	PSB035	429	°anche°	anche	linguistic	none	Volume=low	End=633.35	_	_	_	_
430-0	PSB033	430	okay	okay	linguistic	none	_	Begin=633.457|End=633.95	_	_	_	_
431-0	PSB035	431	°ehm°	ehm	linguistic	none	Volume=low	Begin=634.214|End=634.564	_	_	_	_
432-0	PSB033	432	°qualcosa	qualcosa	linguistic	none	Volume=low	Begin=634.786	_	_	_	_
432-1	PSB033	432	sulle	sulle	linguistic	none	Volume=low	_	_	_	_	_
432-2	PSB033	432	feste?°	feste	linguistic	none	Intonation=rising|Volume=low	_	_	_	_	_
432-3	PSB033	432	{P}[]	{P}	shortpause	none	_	_	_	_	_	0-3(143)
432-4	PSB033	432	ehm:::	ehm	linguistic	none	_	End=638.53	2x3	_	_	_
433-0	PSB014	433	[sì	sì	linguistic	none	_	Begin=636.247	_	_	_	0-2(143)
433-1	PSB014	433	x]	x	unknown	none	_	End=636.797	_	_	_	0-1(143)
434-0	PSB033	434	qua	qua	linguistic	none	_	Begin=639.821	_	_	_	_
434-1	PSB033	434	in	in	linguistic	none	_	_	_	_	_	_
434-2	PSB033	434	italia	italia	linguistic	none	_	_	_	_	_	_
434-3	PSB033	434	noi	noi	linguistic	none	_	_	_	_	_	_
434-4	PSB033	434	abbiamo	abbiamo	linguistic	none	_	_	_	_	_	_
434-5	PSB033	434	tante	tante	linguistic	none	_	_	_	_	_	_
434-6	PSB033	434	feste	feste	linguistic	none	_	_	_	_	_	_
434-7	PSB033	434	il:	il	linguistic	none	_	_	1x1	_	_	_
434-8	PSB033	434	[nata]le,	natale	linguistic	none	Intonation=weakly_rising	_	_	_	_	0-4(144)
434-9	PSB033	434	pasqua,	pasqua	linguistic	none	Intonation=weakly_rising	_	_	_	_	_
434-10	PSB033	434	le	le	linguistic	none	_	_	_	_	_	_
434-11	PSB033	434	festeggia	festeggia	linguistic	none	_	_	_	_	_	_
434-12	PSB033	434	anche	anche	linguistic	none	_	_	_	_	_	_
434-13	PSB033	434	[lei]?	lei	linguistic	none	Intonation=rising	End=644.879	_	_	_	0-3(145)
435-0	PSB035	435	[eh]	eh	linguistic	none	_	Begin=642.321|End=642.614	_	_	_	0-2(144)
436-0	PSB035	436	[eh]	eh	linguistic	none	_	Begin=644.7	_	_	_	0-2(145)
436-1	PSB035	436	anche	anche	linguistic	none	_	_	_	_	_	_
436-2	PSB035	436	[noi]	noi	linguistic	none	_	_	_	_	_	0-3(146)
436-3	PSB035	436	sì	sì	linguistic	none	_	End=645.95	_	_	_	_
437-0	PSB033	437	[sì]	sì	linguistic	none	_	Begin=645.26|End=645.73	_	_	_	0-2(146)
438-0	PSB014	438	sì	sì	linguistic	none	_	Begin=646.1|End=646.4685	_	_	_	_
439-0	PSB035	439	anche	anche	linguistic	none	_	Begin=646.4685	_	_	_	_
439-1	PSB035	439	qui	qui	linguistic	none	_	_	_	_	_	_
439-2	PSB035	439	noi	noi	linguistic	none	_	_	_	_	_	_
439-3	PSB035	439	anche	anche	linguistic	none	_	_	_	_	_	_
439-4	PSB035	439	quando	quando	linguistic	none	_	_	_	_	_	_
439-5	PSB035	439	fai	fai	linguistic	none	_	_	_	_	_	_
439-6	PSB035	439	xx	x	unknown	none	_	_	_	_	_	_
439-7	PSB035	439	fuori	fuori	linguistic	none	_	_	_	_	_	_
439-8	PSB035	439	mangiare	mangiare	linguistic	none	_	_	_	_	_	_
439-9	PSB035	439	qualcosa	qualcosa	linguistic	none	_	_	_	_	_	_
439-10	PSB035	439	come	come	linguistic	none	_	_	_	_	_	_
439-11	PSB035	439	italiano	italiano	linguistic	none	_	_	_	_	_	_
439-12	PSB035	439	eh	eh	linguistic	none	_	_	_	_	_	_
439-13	PSB035	439	{ride}	{ride}	nonverbalbehavior	none	_	End=651.55	_	_	_	_
440-0	PSB033	440	{ride}	{ride}	nonverbalbehavior	none	_	Begin=650.37|End=651.57	_	_	_	_
441-0	PSB014	441	[sì]	sì	linguistic	none	_	Begin=651.95|End=652.414	_	_	_	0-2(147)
442-0	PSB035	442	[eh]	eh	linguistic	none	_	Begin=652.164	_	_	_	0-2(147)
442-1	PSB035	442	piace	piace	linguistic	none	_	_	_	_	_	_
442-2	PSB035	442	[°noi°]	noi	linguistic	none	Volume=low	End=653.221	_	_	_	0-3(148)
443-0	PSB033	443	[°piace°]	piace	linguistic	none	Volume=low	Begin=653.107|End=653.521	_	_	_	0-5(?)
444-0	PSB014	444	[e]	e	linguistic	none	_	Begin=653.279	_	_	_	0-1(149)
444-1	PSB014	444	invece	invece	linguistic	none	_	_	_	_	_	_
444-2	PSB014	444	quando	quando	linguistic	none	_	_	_	_	_	_
444-3	PSB014	444	c'	c'	linguistic	none	SpaceAfter=No	_	_	_	_	_
444-4	PSB014	444	è	è	linguistic	none	_	_	_	_	_	_
444-5	PSB014	444	stato:	stato	linguistic	none	_	_	4x1	_	_	_
444-6	PSB014	444	il	il	linguistic	none	_	_	_	_	_	_
444-7	PSB014	444	periodo	periodo	linguistic	none	_	_	_	_	_	_
444-8	PSB014	444	del	del	linguistic	none	_	_	_	_	_	_
444-9	PSB014	444	capodanno	capodanno	linguistic	none	_	_	_	_	_	_
444-10	PSB014	444	cinese	cinese	linguistic	none	_	_	_	_	_	_
444-11	PSB014	444	avete	avete	linguistic	none	_	_	_	_	_	_
444-12	PSB014	444	festeggiato	festeggiato	linguistic	none	_	_	_	_	_	_
444-13	PSB014	444	[qua]?	qua	linguistic	none	Intonation=rising	End=657.571	_	_	_	0-3(150)
445-0	PSB035	445	[eh]	eh	linguistic	none	_	Begin=657.407	_	_	_	0-2(150)
445-1	PSB035	445	sì	sì	linguistic	none	_	_	_	_	_	_
445-2	PSB035	445	{P}[]	{P}	shortpause	none	_	_	_	_	_	0-3(151)
445-3	PSB035	445	anche	anche	linguistic	none	_	_	_	_	_	_
445-4	PSB035	445	noi	noi	linguistic	none	_	_	_	_	_	_
445-5	PSB035	445	bisogna	bisogna	linguistic	none	_	_	_	_	_	_
445-6	PSB035	445	mangiare	mangiare	linguistic	none	_	_	_	_	_	_
445-7	PSB035	445	come	come	linguistic	none	_	_	_	_	_	_
445-8	PSB035	445	cina	cina	linguistic	none	_	_	_	_	_	_
445-9	PSB035	445	uguale	uguale	linguistic	none	_	End=661.564	_	_	_	_
446-0	PSB014	446	[sì]	sì	linguistic	none	_	Begin=658.4|End=658.657	_	_	_	0-2(151)
447-0	PSB033	447	ah	ah	linguistic	none	_	Begin=661.714	_	_	_	_
447-1	PSB033	447	[okay]	okay	linguistic	none	_	End=662.336	_	_	_	0-4(252)
448-0	PSB014	448	[come	come	linguistic	none	_	Begin=662.071	_	_	_	0-4(252)
448-1	PSB014	448	si	si	linguistic	none	_	_	_	_	_	0-2(252)
448-2	PSB014	448	festeggia]?	festeggia	linguistic	none	Intonation=rising	End=662.814	_	_	_	0-9(252)
449-0	PSB035	449	[come	come	linguistic	none	_	Begin=662.093	_	_	_	0-4(252)
449-1	PSB035	449	cibo:]	cibo	linguistic	none	_	End=662.936	3x1	_	_	0-4(252)
450-0	PSB033	450	°cosa	cosa	linguistic	none	Volume=low	Begin=662.971	_	_	_	_
450-1	PSB033	450	[cosa	cosa	linguistic	none	Volume=low	_	_	_	_	0-4(152)
450-2	PSB033	450	mangiate°]	mangiate	linguistic	none	Volume=low	End=664.207	_	_	_	0-8(152)
451-0	PSB035	451	[come	come	linguistic	none	_	Begin=663.243	_	_	_	0-4(152)
451-1	PSB035	451	cibo]	cibo	linguistic	none	_	End=664.043	_	_	_	0-4(152)
452-0	PSB035	452	eh	eh	linguistic	none	_	Begin=664.464	_	_	_	_
452-1	PSB035	452	qui:	qui	linguistic	none	_	_	2x1	_	_	_
452-2	PSB035	452	cina	cina	linguistic	none	_	_	_	_	_	_
452-3	PSB035	452	perché	perché	linguistic	none	_	_	_	_	_	_
452-4	PSB035	452	è	è	linguistic	none	_	_	_	_	_	_
452-5	PSB035	452	un	un	linguistic	none	_	_	_	_	_	_
452-6	PSB035	452	po'	po'	linguistic	none	_	_	_	_	_	_
452-7	PSB035	452	speciale	speciale	linguistic	none	_	_	_	_	_	_
452-8	PSB035	452	{P}	{P}	shortpause	none	_	_	_	_	_	_
452-9	PSB035	452	ravioli,	ravioli	linguistic	none	Intonation=weakly_rising	_	_	_	_	_
452-10	PSB035	452	[xx],	xx	linguistic	none	Intonation=weakly_rising	_	_	_	_	0-2(153)
452-11	PSB035	452	anche:	anche	linguistic	none	_	_	4x1	_	_	_
452-12	PSB035	452	carne,	carne	linguistic	none	Intonation=weakly_rising	_	_	_	_	_
452-13	PSB035	452	pesce,	pesce	linguistic	none	Intonation=weakly_rising	_	_	_	_	_
452-14	PSB035	452	quello	quello	linguistic	none	_	_	_	_	_	_
452-15	PSB035	452	stesso	stesso	linguistic	none	_	_	_	_	_	_
452-16	PSB035	452	[poi]	poi	linguistic	none	_	End=673.929	_	_	_	0-3(154)
453-0	PSB033	453	[°ravioli°]	ravioli	linguistic	none	Volume=low	Begin=668.214|End=668.65	_	_	_	0-7(153)
454-0	PSB033	454	[°sì°]	sì	linguistic	none	Volume=low	Begin=673.057|End=673.257	_	_	_	0-2(154)
455-0	PSB033	455	okay	okay	linguistic	none	_	Begin=674.136|End=674.507	_	_	_	_
456-0	PSB035	456	mangia:	mangia	linguistic	none	_	Begin=674.75	5x1	_	_	_
456-1	PSB035	456	come	come	linguistic	none	_	_	_	_	_	_
456-2	PSB035	456	italiano	italiano	linguistic	none	_	_	_	_	_	_
456-3	PSB035	456	[x	x	unknown	none	_	_	_	_	_	0-1(155)
456-4	PSB035	456	cina]	cina	linguistic	none	_	_	_	_	_	0-4(155)
456-5	PSB035	456	quello:	quello	linguistic	none	_	_	5x1	_	_	_
456-6	PSB035	456	non	non	linguistic	none	_	_	_	_	_	_
456-7	PSB035	456	è	è	linguistic	none	_	_	_	_	_	_
456-8	PSB035	456	differenza	differenza	linguistic	none	_	_	_	_	_	_
456-9	PSB035	456	tanto	tanto	linguistic	none	_	_	_	_	_	_
456-10	PSB035	456	[°però°]	però	linguistic	none	Volume=low	End=679.814	_	_	_	0-4(156)
457-0	PSB014	457	[okay]	okay	linguistic	none	_	Begin=676.729|End=677.193	_	_	_	0-4(155)
458-0	PSB014	458	[aha]	aha	linguistic	none	_	Begin=679.429|End=679.771	_	_	_	0-3(156)
459-0	PSB033	459	quindi	quindi	linguistic	none	_	Begin=680.421	_	_	_	_
459-1	PSB033	459	date	date	linguistic	none	_	_	_	_	_	_
459-2	PSB033	459	dei	dei	linguistic	none	_	_	_	_	_	_
459-3	PSB033	459	regali	regali	linguistic	none	_	_	_	_	_	_
459-4	PSB033	459	come	come	linguistic	none	_	_	_	_	_	_
459-5	PSB033	459	funziona?	funziona	linguistic	none	Intonation=rising	End=682.557	_	_	_	_
460-0	PSB035	460	[ehm	ehm	linguistic	none	_	Begin=683.014	_	_	_	0-3(157)
460-1	PSB035	460	sì]	sì	linguistic	none	_	_	_	_	_	0-2(157)
460-2	PSB035	460	quello	quello	linguistic	none	_	_	_	_	_	_
460-3	PSB035	460	[sì]	sì	linguistic	none	_	_	_	_	_	0-2(158)
460-4	PSB035	460	per	per	linguistic	none	_	_	_	_	_	_
460-5	PSB035	460	bam[bino:]	bambino	linguistic	none	_	End=685.864	6x1	_	_	3-7(159)
461-0	PSB033	461	[so~	so~	linguistic	none	Interrupted=Yes	Begin=683.021	_	_	_	0-3(157)
461-1	PSB033	461	oppure	oppure	linguistic	none	_	_	_	_	_	0-6(157)
461-2	PSB033	461	soldi]	soldi	linguistic	none	_	End=683.9	_	_	_	0-5(157)
462-0	PSB033	462	[sì]	sì	linguistic	none	_	Begin=684.64|End=685.01	_	_	_	0-2(158)
463-0	PSB033	463	>[per]	per	linguistic	none	_	Begin=685.607	_	Fast=0-3(0)	_	0-3(159)
463-1	PSB033	463	i	i	linguistic	none	_	_	_	Fast=0-1(0)	_	_
463-2	PSB033	463	bambini<	bambini	linguistic	none	_	End=686.293	_	Fast=0-7(0)	_	_
464-0	PSB035	464	eh	eh	linguistic	none	_	Begin=686.443	_	_	_	_
464-1	PSB035	464	devi	devi	linguistic	none	_	_	_	_	_	_
464-2	PSB035	464	dare:	dare	linguistic	none	_	_	3x1	_	_	_
464-3	PSB035	464	regalo	regalo	linguistic	none	_	_	_	_	_	_
464-4	PSB035	464	soldi	soldi	linguistic	none	_	_	_	_	_	_
464-5	PSB035	464	[eh]	eh	linguistic	none	_	_	_	_	_	0-2(160)
464-6	PSB035	464	quello	quello	linguistic	none	_	_	_	_	_	_
464-7	PSB035	464	eh	eh	linguistic	none	_	_	_	_	_	_
464-8	PSB035	464	[quello]	quello	linguistic	none	_	End=690.514	_	_	_	0-6(161)
465-0	PSB033	465	[okay]	okay	linguistic	none	_	Begin=689.371|End=690.0	_	_	_	0-4(160)
466-0	PSB014	466	[o]kay	okay	linguistic	none	_	Begin=690.357|End=690.793	_	_	_	0-1(161)
467-0	PSB033	467	°giusto°	giusto	linguistic	none	Volume=low	Begin=692.307|End=692.757	_	_	_	_
468-0	PSB014	468	°ehm°	ehm	linguistic	none	Volume=low	Begin=692.814|End=693.307	_	_	_	_
469-0	PSB035	469	°ehm°	ehm	linguistic	none	Volume=low	Begin=692.814	_	_	_	_
469-1	PSB035	469	giusto	giusto	linguistic	none	_	_	_	_	_	_
469-2	PSB035	469	(quello)	quello	linguistic	none	_	End=694.307	_	_	0-6(0)	_
470-0	PSB014	470	°anche°	anche	linguistic	none	Volume=low	Begin=695.821|End=696.45	_	_	_	_
471-0	PSB033	471	a	a	linguistic	none	_	Begin=698.236	_	_	_	_
471-1	PSB033	471	casa	casa	linguistic	none	_	_	_	_	_	_
471-2	PSB033	471	quindi	quindi	linguistic	none	_	_	_	_	_	_
471-3	PSB033	471	usa:	usa	linguistic	none	_	_	2x1	_	_	_
471-4	PSB033	471	il	il	linguistic	none	_	_	_	_	_	_
471-5	PSB033	471	cinese	cinese	linguistic	none	_	_	_	_	_	_
471-6	PSB033	471	come	come	linguistic	none	_	_	_	_	_	_
471-7	PSB033	471	lingua?	lingua	linguistic	none	Intonation=rising	End=700.279	_	_	_	_
472-0	PSB035	472	[a	a	linguistic	none	_	Begin=700.693	_	_	_	0-1(163)
472-1	PSB035	472	casa	casa	linguistic	none	_	_	_	_	_	0-4(163)
472-2	PSB035	472	quando]	quando	linguistic	none	_	_	_	_	_	0-6(163)
472-3	PSB035	472	>parlare	parlare	linguistic	none	_	_	_	Fast=0-7(0)	_	_
472-4	PSB035	472	in	in	linguistic	none	_	_	_	Fast=0-2(0)	_	_
472-5	PSB035	472	casa<	casa	linguistic	none	_	_	_	Fast=0-4(0)	_	_
472-6	PSB035	472	sì	sì	linguistic	none	_	_	_	_	_	_
472-7	PSB035	472	quasi	quasi	linguistic	none	_	_	_	_	_	_
472-8	PSB035	472	perché	perché	linguistic	none	_	_	_	_	_	_
472-9	PSB035	472	noi	noi	linguistic	none	_	_	_	_	_	_
472-10	PSB035	472	tutti	tutti	linguistic	none	_	_	_	_	_	_
472-11	PSB035	472	{P}	{P}	shortpause	none	_	_	_	_	_	_
472-12	PSB035	472	[e:h	eh	linguistic	none	_	_	0x1	_	_	0-2(164)
472-13	PSB035	472	ah]	ah	linguistic	none	_	_	_	_	_	0-2(164)
472-14	PSB035	472	paesano	paesano	linguistic	none	_	_	_	_	_	_
472-15	PSB035	472	eh	eh	linguistic	none	_	_	_	_	_	_
472-16	PSB035	472	parla	parla	linguistic	none	_	_	_	_	_	_
472-17	PSB035	472	ci[nese]	cinese	linguistic	none	_	End=707.879	_	_	_	2-6(165)
473-0	PSB014	473	[°quando	quando	linguistic	none	Volume=low	Begin=700.707	_	_	_	0-6(163)
473-1	PSB014	473	a	a	linguistic	none	Volume=low	_	_	_	_	0-1(163)
473-2	PSB014	473	casa	casa	linguistic	none	Volume=low	_	_	_	_	0-4(163)
473-3	PSB014	473	sì°]	sì	linguistic	none	Volume=low	End=701.814	_	_	_	0-2(163)
474-0	PSB014	474	[xx°siete	xxsiete	linguistic	none	Volume=low	Begin=704.95	_	_	_	0-7(164)
474-1	PSB014	474	tutti°]	tutti	linguistic	none	Volume=low	End=705.707	_	_	_	0-5(164)
475-0	PSB033	475	[okay]	okay	linguistic	none	_	Begin=707.543	_	_	_	0-4(165)
475-1	PSB033	475	okay	okay	linguistic	none	_	End=708.286	_	_	_	_
476-0	PSB033	476	ma	ma	linguistic	none	_	Begin=708.593	_	_	_	_
476-1	PSB033	476	avete	avete	linguistic	none	_	_	_	_	_	_
476-2	PSB033	476	anche:	anche	linguistic	none	_	_	4x1	_	_	_
476-3	PSB033	476	amicizie	amicizie	linguistic	none	_	_	_	_	_	_
476-4	PSB033	476	di	di	linguistic	none	_	_	_	_	_	_
476-5	PSB033	476	altre	altre	linguistic	none	_	_	_	_	_	_
476-6	PSB033	476	etnie	etnie	linguistic	none	_	_	_	_	_	_
476-7	PSB033	476	oppure	oppure	linguistic	none	_	_	_	_	_	_
476-8	PSB033	476	sono	sono	linguistic	none	_	_	_	_	_	_
476-9	PSB033	476	cinesi?	cinesi	linguistic	none	Intonation=rising	End=711.829	_	_	_	_
477-0	PSB035	477	no	no	linguistic	none	_	Begin=712.107	_	_	_	_
477-1	PSB035	477	anche	anche	linguistic	none	_	_	_	_	_	_
477-2	PSB035	477	qualche	qualche	linguistic	none	_	_	_	_	_	_
477-3	PSB035	477	italiano	italiano	linguistic	none	_	_	_	_	_	_
477-4	PSB035	477	[eh]	eh	linguistic	none	_	End=713.907	_	_	_	0-2(166)
478-0	PSB033	478	[italiani]?	italiani	linguistic	none	Intonation=rising	Begin=713.686	_	_	_	0-8(166)
478-1	PSB033	478	bello	bello	linguistic	none	_	_	_	_	_	_
478-2	PSB033	478	bello	bello	linguistic	none	_	End=714.843	_	_	_	_
479-0	PSB033	479	okay	okay	linguistic	none	_	Begin=715.3|End=715.664	_	_	_	_
480-0	PSB014	480	[ehm:]	ehm	linguistic	none	_	Begin=716.693|End=717.357	2x1	_	_	0-3(167)
481-0	PSB033	481	[ehm:]	ehm	linguistic	none	_	Begin=716.697|End=717.352	2x1	_	_	0-3(167)
482-0	PSB014	482	°ehm°:	ehm	linguistic	none	Volume=low	Begin=719.779	2x1	_	_	_
482-1	PSB014	482	ti	ti	linguistic	none	_	_	_	_	_	_
482-2	PSB014	482	capita	capita	linguistic	none	_	_	_	_	_	_
482-3	PSB014	482	mai	mai	linguistic	none	_	_	_	_	_	_
482-4	PSB014	482	mentre	mentre	linguistic	none	_	_	_	_	_	_
482-5	PSB014	482	parli	parli	linguistic	none	_	_	_	_	_	_
482-6	PSB014	482	magari	magari	linguistic	none	_	_	_	_	_	_
482-7	PSB014	482	di	di	linguistic	none	_	_	_	_	_	_
482-8	PSB014	482	unire	unire	linguistic	none	_	_	_	_	_	_
482-9	PSB014	482	le	le	linguistic	none	_	_	_	_	_	_
482-10	PSB014	482	due	due	linguistic	none	_	_	_	_	_	_
482-11	PSB014	482	lingue	lingue	linguistic	none	_	_	_	_	_	_
482-12	PSB014	482	cinesi	cinesi	linguistic	none	_	_	_	_	_	_
482-13	PSB014	482	e	e	linguistic	none	_	_	_	_	_	_
482-14	PSB014	482	italiano	italiano	linguistic	none	_	_	_	_	_	_
482-15	PSB014	482	{P}	{P}	shortpause	none	_	_	_	_	_	_
482-16	PSB014	482	poi	poi	linguistic	none	_	_	_	_	_	_
482-17	PSB014	482	magari	magari	linguistic	none	_	_	_	_	_	_
482-18	PSB014	482	{P}	{P}	shortpause	none	_	_	_	_	_	_
482-19	PSB014	482	pensi	pensi	linguistic	none	_	_	_	_	_	_
482-20	PSB014	482	una	una	linguistic	none	_	_	_	_	_	_
482-21	PSB014	482	parola	parola	linguistic	none	_	_	_	_	_	_
482-22	PSB014	482	ti	ti	linguistic	none	_	_	_	_	_	_
482-23	PSB014	482	viene	viene	linguistic	none	_	_	_	_	_	_
482-24	PSB014	482	in	in	linguistic	none	_	_	_	_	_	_
482-25	PSB014	482	mente	mente	linguistic	none	_	_	_	_	_	_
482-26	PSB014	482	l'	l'	linguistic	none	SpaceAfter=No	_	_	_	_	_
482-27	PSB014	482	italiano	italiano	linguistic	none	_	_	_	_	_	_
482-28	PSB014	482	non	non	linguistic	none	_	_	_	_	_	_
482-29	PSB014	482	so	so	linguistic	none	_	End=728.957	_	_	_	_
483-0	PSB035	483	ehm	ehm	linguistic	none	_	Begin=728.986	_	_	_	_
483-1	PSB035	483	eh	eh	linguistic	none	_	_	_	_	_	_
483-2	PSB035	483	quello	quello	linguistic	none	_	_	_	_	_	_
483-3	PSB035	483	°non	non	linguistic	none	Volume=low	_	_	_	_	_
483-4	PSB035	483	so°	so	linguistic	none	Volume=low	_	_	_	_	_
483-5	PSB035	483	[no	no	linguistic	none	_	_	_	_	_	0-2(168)
483-6	PSB035	483	no]	no	linguistic	none	_	_	_	_	_	0-2(168)
483-7	PSB035	483	no	no	linguistic	none	_	End=732.472	_	_	_	_
484-0	PSB014	484	[no	no	linguistic	none	_	Begin=731.2	_	_	_	0-2(168)
484-1	PSB014	484	esatto]	esatto	linguistic	none	_	End=732.05	_	_	_	0-6(168)
485-0	PSB014	485	°okay°	okay	linguistic	none	Volume=low	Begin=732.486|End=732.786	_	_	_	_
486-0	PSB014	486	[okay]	okay	linguistic	none	_	Begin=733.707|End=734.079	_	_	_	0-4(169)
487-0	PSB033	487	[ci	ci	linguistic	none	_	Begin=733.879	_	_	_	0-2(169)
487-1	PSB033	487	sta]	sta	linguistic	none	_	_	_	_	_	0-3(169)
487-2	PSB033	487	ci	ci	linguistic	none	_	_	_	_	_	_
487-3	PSB033	487	sta	sta	linguistic	none	_	End=734.714	_	_	_	_
488-0	PSB033	488	ehm:	ehm	linguistic	none	_	Begin=734.943|End=735.793	2x1	_	_	_
489-0	PSB033	489	il	il	linguistic	none	_	Begin=736.35	_	_	_	_
489-1	PSB033	489	corso	corso	linguistic	none	_	_	_	_	_	_
489-2	PSB033	489	quindi	quindi	linguistic	none	_	_	_	_	_	_
489-3	PSB033	489	il	il	linguistic	none	_	_	_	_	_	_
489-4	PSB033	489	corso	corso	linguistic	none	_	_	_	_	_	_
489-5	PSB033	489	di	di	linguistic	none	_	_	_	_	_	_
489-6	PSB033	489	italiano	italiano	linguistic	none	_	_	_	_	_	_
489-7	PSB033	489	com'	com'	linguistic	none	SpaceAfter=No	_	_	_	_	_
489-8	PSB033	489	era	era	linguistic	none	_	_	_	_	_	_
489-9	PSB033	489	{P}	{P}	shortpause	none	_	_	_	_	_	_
489-10	PSB033	489	all'	all'	linguistic	none	SpaceAfter=No	_	_	_	_	_
489-11	PSB033	489	inizio?	inizio	linguistic	none	Intonation=rising	End=738.929	_	_	_	_
490-0	PSB033	490	era	era	linguistic	none	_	Begin=738.979	_	_	_	_
490-1	PSB033	490	[difficile]?	difficile	linguistic	none	Intonation=rising	End=739.529	_	_	_	0-9(170)
491-0	PSB035	491	[eh]	eh	linguistic	none	_	Begin=738.98	_	_	_	0-2(170)
491-1	PSB035	491	{P}	{P}	shortpause	none	_	_	_	_	_	_
491-2	PSB035	491	eh	eh	linguistic	none	_	_	_	_	_	_
491-3	PSB035	491	di~	di~	linguistic	none	Interrupted=Yes	_	_	_	_	_
491-4	PSB035	491	diffici[le]	difficile	linguistic	none	_	End=741.079	_	_	_	7-9(171)
492-0	PSB033	492	[avete]	avete	linguistic	none	_	Begin=740.822	_	_	_	0-5(171)
492-1	PSB033	492	fatto	fatto	linguistic	none	_	_	_	_	_	_
492-2	PSB033	492	l'	l'	linguistic	none	SpaceAfter=No	_	_	_	_	_
492-3	PSB033	492	alfabeto	alfabeto	linguistic	none	_	_	_	_	_	_
492-4	PSB033	492	prima	prima	linguistic	none	_	_	_	_	_	_
492-5	PSB033	492	immagino:	immagino	linguistic	none	_	End=743.136	7x1	_	_	_
493-0	PSB035	493	a:h	ah	linguistic	none	_	Begin=743.35	0x1	_	_	_
493-1	PSB035	493	sì	sì	linguistic	none	_	_	_	_	_	_
493-2	PSB035	493	sì	sì	linguistic	none	_	_	_	_	_	_
493-3	PSB035	493	per	per	linguistic	none	_	_	_	_	_	_
493-4	PSB035	493	me:	me	linguistic	none	_	_	1x1	_	_	_
493-5	PSB035	493	va	va	linguistic	none	_	_	_	_	_	_
493-6	PSB035	493	bene	bene	linguistic	none	_	_	_	_	_	_
493-7	PSB035	493	anche:	anche	linguistic	none	_	_	4x1	_	_	_
493-8	PSB035	493	Io	io	linguistic	none	Volume=high	_	_	_	_	_
493-9	PSB035	493	piace	piace	linguistic	none	_	_	_	_	_	_
493-10	PSB035	493	perché	perché	linguistic	none	_	_	_	_	_	_
493-11	PSB035	493	quello	quello	linguistic	none	_	_	_	_	_	_
493-12	PSB035	493	[motivo]	motivo	linguistic	none	_	End=748.714	_	_	_	0-6(172)
494-0	PSB014	494	[ah]	ah	linguistic	none	_	Begin=747.55|End=747.85	_	_	_	0-2(172)
495-0	PSB035	495	quando	quando	linguistic	none	_	Begin=748.986	_	_	_	_
495-1	PSB035	495	io	io	linguistic	none	_	_	_	_	_	_
495-2	PSB035	495	vai	vai	linguistic	none	_	_	_	_	_	_
495-3	PSB035	495	scuola	scuola	linguistic	none	_	_	_	_	_	_
495-4	PSB035	495	vai	vai	linguistic	none	_	_	_	_	_	_
495-5	PSB035	495	(>sola	sola	linguistic	none	_	_	_	Fast=0-4(0)	0-4(0)	_
495-6	PSB035	495	una	una	linguistic	none	_	_	_	Fast=0-3(0)	0-3(0)	_
495-7	PSB035	495	volta<)xx	voltaxx	linguistic	none	_	_	_	Fast=0-5(0)	0-5(0)	_
495-8	PSB035	495	fatto	fatto	linguistic	none	_	_	_	_	_	_
495-9	PSB035	495	[l'	l'	linguistic	none	SpaceAfter=No	_	_	_	_	0-2(173)
495-10	PSB035	495	esame]	esame	linguistic	none	_	_	_	_	_	0-5(173)
495-11	PSB035	495	{P}	{P}	shortpause	none	_	_	_	_	_	_
495-12	PSB035	495	venezia	venezia	linguistic	none	_	_	_	_	_	_
495-13	PSB035	495	{P}	{P}	shortpause	none	_	_	_	_	_	_
495-14	PSB035	495	loro	loro	linguistic	none	_	_	_	_	_	_
495-15	PSB035	495	detto	detto	linguistic	none	_	_	_	_	_	_
495-16	PSB035	495	maestri	maestri	linguistic	none	_	_	_	_	_	_
495-17	PSB035	495	lì	lì	linguistic	none	_	_	_	_	_	_
495-18	PSB035	495	{P}	{P}	shortpause	none	_	_	_	_	_	_
495-19	PSB035	495	già	già	linguistic	none	_	_	_	_	_	_
495-20	PSB035	495	livello	livello	linguistic	none	_	_	_	_	_	_
495-21	PSB035	495	a	a	linguistic	none	_	_	_	_	_	_
495-22	PSB035	495	due	due	linguistic	none	_	_	_	_	_	_
495-23	PSB035	495	[xx]	x	unknown	none	_	End=758.122	_	_	_	0-2(174)
496-0	PSB014	496	[aha]	aha	linguistic	none	_	Begin=752.736|End=753.057	_	_	_	0-3(173)
497-0	PSB014	497	[a	a	linguistic	none	_	Begin=757.836	_	_	_	0-1(174)
497-1	PSB014	497	due]	due	linguistic	none	_	End=758.264	_	_	_	0-3(174)
498-0	PSB035	498	a	a	linguistic	none	_	Begin=758.507	_	_	_	_
498-1	PSB035	498	due	due	linguistic	none	_	End=759.05	_	_	_	_
499-0	PSB033	499	a:h	ah	linguistic	none	_	Begin=759.2|End=759.564	0x1	_	_	_
500-0	PSB035	500	maestro	maestro	linguistic	none	_	Begin=759.814	_	_	_	_
500-1	PSB035	500	di~	di~	linguistic	none	Interrupted=Yes	_	_	_	_	_
500-2	PSB035	500	io	io	linguistic	none	_	_	_	_	_	_
500-3	PSB035	500	{P}	{P}	shortpause	none	_	_	_	_	_	_
500-4	PSB035	500	maestro	maestro	linguistic	none	_	_	_	_	_	_
500-5	PSB035	500	dice:	dice	linguistic	none	_	_	3x1	_	_	_
500-6	PSB035	500	tu	tu	linguistic	none	_	_	_	_	_	_
500-7	PSB035	500	si	si	linguistic	none	_	_	_	_	_	_
500-8	PSB035	500	può	può	linguistic	none	_	_	_	_	_	_
500-9	PSB035	500	fare	fare	linguistic	none	_	_	_	_	_	_
500-10	PSB035	500	negozio	negozio	linguistic	none	_	_	_	_	_	_
500-11	PSB035	500	{P}	{P}	shortpause	none	_	_	_	_	_	_
500-12	PSB035	500	anche	anche	linguistic	none	_	_	_	_	_	_
500-13	PSB035	500	dice	dice	linguistic	none	_	_	_	_	_	_
500-14	PSB035	500	cosi	cosi	linguistic	none	_	_	_	_	_	_
500-15	PSB035	500	eh	eh	linguistic	none	_	End=766.093	_	_	_	_
501-0	PSB014	501	{ride}	{ride}	nonverbalbehavior	none	_	Begin=765.472|End=766.1	_	_	_	_
502-0	PSB035	502	eh	eh	linguistic	none	_	Begin=766.393|End=766.722	_	_	_	_
503-0	PSB014	503	{risata}	{risata}	nonverbalbehavior	none	_	Begin=767.236|End=767.486	_	_	_	_
504-0	PSB033	504	°perfetto°	perfetto	linguistic	none	Volume=low	Begin=768.093|End=768.429	_	_	_	_
505-0	PSB014	505	eh	eh	linguistic	none	_	Begin=768.436	_	_	_	_
505-1	PSB014	505	e	e	linguistic	none	_	_	_	_	_	_
505-2	PSB014	505	pensi	pensi	linguistic	none	_	_	_	_	_	_
505-3	PSB014	505	di	di	linguistic	none	_	_	_	_	_	_
505-4	PSB014	505	essere	essere	linguistic	none	_	_	_	_	_	_
505-5	PSB014	505	migliorato	migliorato	linguistic	none	_	_	_	_	_	_
505-6	PSB014	505	quindi	quindi	linguistic	none	_	_	_	_	_	_
505-7	PSB014	505	pian	pian	linguistic	none	_	_	_	_	_	_
505-8	PSB014	505	pianino	pianino	linguistic	none	_	_	_	_	_	_
505-9	PSB014	505	a~	a~	linguistic	none	Interrupted=Yes	_	_	_	_	_
505-10	PSB014	505	{P}[]	{P}	shortpause	none	_	_	_	_	_	0-3(175)
505-11	PSB014	505	°me~°	me~	linguistic	none	Interrupted=Yes|Volume=low	_	_	_	_	_
505-12	PSB014	505	è	è	linguistic	none	_	_	_	_	_	_
505-13	PSB014	505	andata	andata	linguistic	none	_	_	_	_	_	_
505-14	PSB014	505	meglio?	meglio	linguistic	none	Intonation=rising	End=773.5	_	_	_	_
506-0	PSB035	506	[eh]	eh	linguistic	none	_	Begin=772.107|End=772.422	_	_	_	0-2(175)
507-0	PSB035	507	è	è	linguistic	none	_	Begin=773.522	_	_	_	_
507-1	PSB035	507	megli[o]	meglio	linguistic	none	_	End=774.14	_	_	_	5-6(176)
508-0	PSB014	508	[me]gl[io]	meglio	linguistic	none	_	Begin=774.022|End=774.679	_	_	_	0-2(176),4-6(177)
509-0	PSB035	509	°[sì]	sì	linguistic	none	Volume=low	Begin=774.429	_	_	_	0-2(177)
509-1	PSB035	509	sì°	sì	linguistic	none	Volume=low	End=774.922	_	_	_	_
510-0	PSB014	510	°di	di	linguistic	none	Volume=low	Begin=775.122	_	_	_	_
510-1	PSB014	510	quando:	quando	linguistic	none	Volume=low	_	5x1	_	_	_
510-2	PSB014	510	okay°	okay	linguistic	none	Volume=low	End=776.136	_	_	_	_
511-0	PSB035	511	°uhm°	uhm	linguistic	none	Volume=low	Begin=776.207|End=776.622	_	_	_	_
512-0	PSB033	512	°e:h	eh	linguistic	none	Volume=low	Begin=776.9	0x1	_	_	_
512-1	PSB033	512	ehm:°	ehm	linguistic	none	Volume=low	End=778.25	2x1	_	_	_
513-0	PSB014	513	°ehm°	ehm	linguistic	none	Volume=low	Begin=778.686|End=779.05	_	_	_	_
514-0	PSB033	514	cucini	cucini	linguistic	none	_	Begin=779.214	_	_	_	_
514-1	PSB033	514	mai	mai	linguistic	none	_	_	_	_	_	_
514-2	PSB033	514	anche	anche	linguistic	none	_	_	_	_	_	_
514-3	PSB033	514	{P}	{P}	shortpause	none	_	_	_	_	_	_
514-4	PSB033	514	cibi	cibi	linguistic	none	_	_	_	_	_	_
514-5	PSB033	514	italiani	italiani	linguistic	none	_	_	_	_	_	_
514-6	PSB033	514	in	in	linguistic	none	_	_	_	_	_	_
514-7	PSB033	514	casa?	casa	linguistic	none	Intonation=rising	End=781.129	_	_	_	_
515-0	PSB035	515	e:h	eh	linguistic	none	_	Begin=781.23	0x1	_	_	_
515-1	PSB035	515	[se	se	linguistic	none	_	_	_	_	_	0-2(178)
515-2	PSB035	515	no:]	no	linguistic	none	_	_	1x1	_	_	0-2(178)
515-3	PSB035	515	{P}	{P}	shortpause	none	_	_	_	_	_	_
515-4	PSB035	515	quello	quello	linguistic	none	_	_	_	_	_	_
515-5	PSB035	515	pasta	pasta	linguistic	none	_	_	_	_	_	_
515-6	PSB035	515	sì	sì	linguistic	none	_	End=783.686	_	_	_	_
516-0	PSB033	516	[pasta]	pasta	linguistic	none	_	Begin=781.572|End=782.2	_	_	_	0-5(178)
517-0	PSB033	517	pasta	pasta	linguistic	none	_	Begin=783.993	_	_	_	_
517-1	PSB033	517	[sì]	sì	linguistic	none	_	End=784.472	_	_	_	0-2(179)
518-0	PSB035	518	[cucinare]	cucinare	linguistic	none	_	Begin=784.157	_	_	_	0-8(179)
518-1	PSB035	518	eh	eh	linguistic	none	_	End=785.129	_	_	_	_
519-0	PSB033	519	eh	eh	linguistic	none	_	Begin=785.293|End=785.643	_	_	_	_
520-0	PSB035	520	io	io	linguistic	none	_	Begin=785.822	_	_	_	_
520-1	PSB035	520	con	con	linguistic	none	_	_	_	_	_	_
520-2	PSB035	520	cipolla	cipolla	linguistic	none	_	_	_	_	_	_
520-3	PSB035	520	quello	quello	linguistic	none	_	_	_	_	_	_
520-4	PSB035	520	cucinato	cucinato	linguistic	none	_	_	_	_	_	_
520-5	PSB035	520	[carne]	carne	linguistic	none	_	End=788.922	_	_	_	0-5(180)
521-0	PSB033	521	[uhm]	uhm	linguistic	none	_	Begin=788.214|End=788.643	_	_	_	0-3(180)
522-0	PSB033	522	sì	sì	linguistic	none	_	Begin=789.314|End=789.479	_	_	_	_
523-0	PSB035	523	con	con	linguistic	none	_	Begin=789.572	_	_	_	_
523-1	PSB035	523	u~	u~	linguistic	none	Interrupted=Yes	_	_	_	_	_
523-2	PSB035	523	un	un	linguistic	none	_	_	_	_	_	_
523-3	PSB035	523	po	po	linguistic	none	_	_	_	_	_	_
523-4	PSB035	523	di	di	linguistic	none	_	_	_	_	_	_
523-5	PSB035	523	burro:	burro	linguistic	none	_	_	4x1	_	_	_
523-6	PSB035	523	(medie)	medie	linguistic	none	_	_	_	_	0-5(0)	_
523-7	PSB035	523	xx	x	unknown	none	_	_	_	_	_	_
523-8	PSB035	523	fatto	fatto	linguistic	none	_	_	_	_	_	_
523-9	PSB035	523	quello	quello	linguistic	none	_	_	_	_	_	_
523-10	PSB035	523	spaghetti	spaghetti	linguistic	none	_	_	_	_	_	_
523-11	PSB035	523	[xx]	x	unknown	none	_	_	_	_	_	0-2(181)
523-12	PSB035	523	{P}	{P}	shortpause	none	_	_	_	_	_	_
523-13	PSB035	523	ehm	ehm	linguistic	none	_	_	_	_	_	_
523-14	PSB035	523	ragù	ragù	linguistic	none	_	End=795.107	_	_	_	_
524-0	PSB033	524	e	e	linguistic	none	_	Begin=793.9	_	_	_	_
524-1	PSB033	524	ragù	ragù	linguistic	none	_	End=794.35	_	_	_	_
525-0	PSB035	525	xx	x	unknown	none	_	Begin=795.193	_	_	_	_
525-1	PSB035	525	[io]	io	linguistic	none	_	_	_	_	_	0-2(182)
525-2	PSB035	525	{P}	{P}	shortpause	none	_	_	_	_	_	_
525-3	PSB035	525	io	io	linguistic	none	_	_	_	_	_	_
525-4	PSB035	525	fatto	fatto	linguistic	none	_	_	_	_	_	_
525-5	PSB035	525	{P}	{P}	shortpause	none	_	_	_	_	_	_
525-6	PSB035	525	sempre	sempre	linguistic	none	_	_	_	_	_	_
525-7	PSB035	525	fatto	fatto	linguistic	none	_	_	_	_	_	_
525-8	PSB035	525	quello	quello	linguistic	none	_	_	_	_	_	_
525-9	PSB035	525	[eh]	eh	linguistic	none	_	End=798.507	_	_	_	0-2(183)
526-0	PSB033	526	[dopo	dopo	linguistic	none	_	Begin=795.629	_	_	_	0-4(182)
526-1	PSB033	526	tutto]	tutto	linguistic	none	_	End=796.114	_	_	_	0-5(182)
527-0	PSB033	527	[xx]	x	unknown	none	_	Begin=797.936|End=798.293	_	_	_	0-2(183)
528-0	PSB014	528	è	è	linguistic	none	_	Begin=798.672	_	_	_	_
528-1	PSB014	528	bravo	bravo	linguistic	none	_	_	_	_	_	_
528-2	PSB014	528	in	in	linguistic	none	_	_	_	_	_	_
528-3	PSB014	528	cucina?	cucina	linguistic	none	Intonation=rising	End=799.5605	_	_	_	_
529-0	PSB035	529	°anche	anche	linguistic	none	Volume=low	Begin=799.5605	_	_	_	_
529-1	PSB035	529	buono	buono	linguistic	none	Volume=low	_	_	_	_	_
529-2	PSB035	529	eh	eh	linguistic	none	Volume=low	_	_	_	_	_
529-3	PSB035	529	io	io	linguistic	none	Volume=low	_	_	_	_	_
529-4	PSB035	529	fatto°	fatto	linguistic	none	Volume=low	End=800.972	_	_	_	_
530-0	PSB035	530	fatto	fatto	linguistic	none	_	Begin=801.686	_	_	_	_
530-1	PSB035	530	bene	bene	linguistic	none	_	_	_	_	_	_
530-2	PSB035	530	perché	perché	linguistic	none	_	_	_	_	_	_
530-3	PSB035	530	io	io	linguistic	none	_	_	_	_	_	_
530-4	PSB035	530	{P}	{P}	shortpause	none	_	_	_	_	_	_
530-5	PSB035	530	prima	prima	linguistic	none	_	_	_	_	_	_
530-6	PSB035	530	lavorato	lavorato	linguistic	none	_	_	_	_	_	_
530-7	PSB035	530	[cucina:	cucina	linguistic	none	_	_	5x1	_	_	0-6(?)
530-8	PSB035	530	tre	tre	linguistic	none	_	_	_	_	_	0-3(?)
530-9	PSB035	530	anni]	anni	linguistic	none	_	End=804.979	_	_	_	0-4(?)
531-0	PSB014	531	[ah]	ah	linguistic	none	_	Begin=803.743|End=804.293	_	_	_	0-2(184)
532-0	PSB033	532	[ah]	ah	linguistic	none	_	Begin=804.307|End=804.836	_	_	_	0-2(185)
533-0	PSB014	533	okay	okay	linguistic	none	_	Begin=805.193|End=805.657	_	_	_	_
534-0	PSB033	534	okay	okay	linguistic	none	_	Begin=805.657	_	_	_	_
534-1	PSB033	534	{P}	{P}	shortpause	none	_	_	_	_	_	_
534-2	PSB033	534	quindi	quindi	linguistic	none	_	_	_	_	_	_
534-3	PSB033	534	>hai<	hai	linguistic	none	_	_	_	Fast=0-3(0)	_	_
534-4	PSB033	534	fatto	fatto	linguistic	none	_	_	_	_	_	_
534-5	PSB033	534	anche	anche	linguistic	none	_	_	_	_	_	_
534-6	PSB033	534	[cuoco]	cuoco	linguistic	none	_	End=807.122	_	_	_	0-5(186)
535-0	PSB035	535	[ehm:]	ehm	linguistic	none	_	Begin=807.043	2x1	_	_	0-3(186)
535-1	PSB035	535	qua	qua	linguistic	none	_	_	_	_	_	_
535-2	PSB035	535	fatto	fatto	linguistic	none	_	_	_	_	_	_
535-3	PSB035	535	fatto	fatto	linguistic	none	_	_	_	_	_	_
535-4	PSB035	535	cuo:co	cuoco	linguistic	none	_	_	2x1	_	_	_
535-5	PSB035	535	non	non	linguistic	none	_	_	_	_	_	_
535-6	PSB035	535	è	è	linguistic	none	_	_	_	_	_	_
535-7	PSB035	535	an~	an~	linguistic	none	Interrupted=Yes	_	_	_	_	_
535-8	PSB035	535	non	non	linguistic	none	_	_	_	_	_	_
535-9	PSB035	535	è	è	linguistic	none	_	_	_	_	_	_
535-10	PSB035	535	ancora	ancora	linguistic	none	_	_	_	_	_	_
535-11	PSB035	535	un	un	linguistic	none	_	_	_	_	_	_
535-12	PSB035	535	po'	po'	linguistic	none	_	_	_	_	_	_
535-13	PSB035	535	{P}	{P}	shortpause	none	_	_	_	_	_	_
535-14	PSB035	535	ehm:	ehm	linguistic	none	_	_	2x1	_	_	_
535-15	PSB035	535	su	su	linguistic	none	_	_	_	_	_	_
535-16	PSB035	535	°cuo~°	cuo~	linguistic	none	Interrupted=Yes|Volume=low	_	_	_	_	_
535-17	PSB035	535	cuoco	cuoco	linguistic	none	_	_	_	_	_	_
535-18	PSB035	535	{P}	{P}	shortpause	none	_	_	_	_	_	_
535-19	PSB035	535	[io]	io	linguistic	none	_	_	_	_	_	0-2(187)
535-20	PSB035	535	pe~	pe~	linguistic	none	Interrupted=Yes	_	_	_	_	_
535-21	PSB035	535	em	em	linguistic	none	_	_	_	_	_	_
535-22	PSB035	535	io	io	linguistic	none	_	_	_	_	_	_
535-23	PSB035	535	pe~	pe~	linguistic	none	Interrupted=Yes	_	_	_	_	_
535-24	PSB035	535	perché	perché	linguistic	none	_	_	_	_	_	_
535-25	PSB035	535	io	io	linguistic	none	_	_	_	_	_	_
535-26	PSB035	535	cucina	cucina	linguistic	none	_	_	_	_	_	_
535-27	PSB035	535	piace	piace	linguistic	none	_	_	_	_	_	_
535-28	PSB035	535	anche	anche	linguistic	none	_	_	_	_	_	_
535-29	PSB035	535	[già]	già	linguistic	none	_	_	_	_	_	0-3(188)
535-30	PSB035	535	tre	tre	linguistic	none	_	_	_	_	_	_
535-31	PSB035	535	anni	anni	linguistic	none	_	_	_	_	_	_
535-32	PSB035	535	{P}	{P}	shortpause	none	_	_	_	_	_	_
535-33	PSB035	535	prima	prima	linguistic	none	_	_	_	_	_	_
535-34	PSB035	535	fatto	fatto	linguistic	none	_	End=819.272	_	_	_	_
536-0	PSB033	536	°okay°	okay	linguistic	none	Volume=low	Begin=813.807|End=814.236	_	_	_	_
537-0	PSB033	537	[°uhm°]	uhm	linguistic	none	Volume=low	Begin=816.686|End=816.979	_	_	_	0-3(188)
538-0	PSB014	538	°ho	ho	linguistic	none	Volume=low	Begin=819.386	_	_	_	_
538-1	PSB014	538	[capito]°	capito	linguistic	none	Volume=low	End=819.829	_	_	_	0-6(253)
539-0	PSB033	539	[ehm]:	ehm	linguistic	none	_	Begin=819.6	2x1	_	_	0-3(253)
539-1	PSB033	539	okay	okay	linguistic	none	_	_	_	_	_	_
539-2	PSB033	539	{P}	{P}	shortpause	none	_	_	_	_	_	_
539-3	PSB033	539	le	le	linguistic	none	_	_	_	_	_	_
539-4	PSB033	539	piacerebbe	piacerebbe	linguistic	none	_	_	_	_	_	_
539-5	PSB033	539	visitare	visitare	linguistic	none	_	_	_	_	_	_
539-6	PSB033	539	un	un	linguistic	none	_	_	_	_	_	_
539-7	PSB033	539	altro	altro	linguistic	none	_	_	_	_	_	_
539-8	PSB033	539	paese?	paese	linguistic	none	Intonation=rising	_	_	_	_	_
539-9	PSB033	539	dove	dove	linguistic	none	_	_	_	_	_	_
539-10	PSB033	539	è	è	linguistic	none	_	_	_	_	_	_
539-11	PSB033	539	stato	stato	linguistic	none	_	_	_	_	_	_
539-12	PSB033	539	nel	nel	linguistic	none	_	_	_	_	_	_
539-13	PSB033	539	mondo?	mondo	linguistic	none	Intonation=rising	End=822.793	_	_	_	_
540-0	PSB035	540	[x]	x	unknown	none	_	Begin=819.79|End=820.24	_	_	_	0-1(253)
541-0	PSB035	541	mon:do	mondo	linguistic	none	_	Begin=823.007	2x1	_	_	_
541-1	PSB035	541	prima	prima	linguistic	none	_	_	_	_	_	_
541-2	PSB035	541	olanda	olanda	linguistic	none	_	End=824.679	_	_	_	_
542-0	PSB033	542	[olanda]?	olanda	linguistic	none	Intonation=rising	Begin=824.743|End=825.307	_	_	_	0-6(254)
543-0	PSB014	543	°[a:h]°	ah	linguistic	none	Volume=low	Begin=824.86|End=825.31	0x1	_	_	0-2(254)
544-0	PSB035	544	sì	sì	linguistic	none	_	Begin=825.257	_	_	_	_
544-1	PSB035	544	olanda	olanda	linguistic	none	_	_	_	_	_	_
544-2	PSB035	544	{P}	{P}	shortpause	none	_	_	_	_	_	_
544-3	PSB035	544	due	due	linguistic	none	_	_	_	_	_	_
544-4	PSB035	544	anni	anni	linguistic	none	_	_	_	_	_	_
544-5	PSB035	544	[sei]	sei	linguistic	none	_	_	_	_	_	0-3(254)
544-6	PSB035	544	mesi	mesi	linguistic	none	_	End=827.272	_	_	_	_
545-0	PSB033	545	°[ah]°	ah	linguistic	none	Volume=low	Begin=826.614|End=827.036	_	_	_	0-2(189)
546-0	PSB033	546	°[ah]°	ah	linguistic	none	Volume=low	Begin=827.557|End=828.122	_	_	_	0-2(190)
547-0	PSB014	547	[A:h]	ah	linguistic	none	Volume=high	Begin=827.564|End=828.014	0x1	_	_	0-2(190)
548-0	PSB035	548	dopo	dopo	linguistic	none	_	Begin=828.307	_	_	_	_
548-1	PSB035	548	{P}	{P}	shortpause	none	_	_	_	_	_	_
548-2	PSB035	548	italia	italia	linguistic	none	_	_	_	_	_	_
548-3	PSB035	548	fatt[o:]	fatto	linguistic	none	_	_	4x1	_	_	4-5(191)
548-4	PSB035	548	italia	italia	linguistic	none	_	_	_	_	_	_
548-5	PSB035	548	fatto	fatto	linguistic	none	_	_	_	_	_	_
548-6	PSB035	548	documento	documento	linguistic	none	_	_	_	_	_	_
548-7	PSB035	548	per	per	linguistic	none	_	_	_	_	_	_
548-8	PSB035	548	permesso	permesso	linguistic	none	_	_	_	_	_	_
548-9	PSB035	548	>soggiorno<	soggiorno	linguistic	none	_	_	_	Fast=0-9(0)	_	_
548-10	PSB035	548	[venuto]	venuto	linguistic	none	_	_	_	_	_	0-6(192)
548-11	PSB035	548	qui	qui	linguistic	none	_	End=834.643	_	_	_	_
549-0	PSB033	549	°[tutto	tutto	linguistic	none	Volume=low	Begin=830.05	_	_	_	0-5(191)
549-1	PSB033	549	il	il	linguistic	none	Volume=low	_	_	_	_	0-2(191)
549-2	PSB033	549	giro]°	giro	linguistic	none	Volume=low	End=830.886	_	_	_	0-4(191)
550-0	PSB033	550	[okay]	okay	linguistic	none	_	Begin=833.957|End=834.4	_	_	_	0-4(192)
551-0	PSB033	551	ah	ah	linguistic	none	_	Begin=834.943	_	_	_	_
551-1	PSB033	551	okay	okay	linguistic	none	_	End=835.493	_	_	_	_
552-0	PSB035	552	sì	sì	linguistic	none	_	Begin=835.836|End=835.972	_	_	_	_
553-0	PSB033	553	e	e	linguistic	none	_	Begin=836.15	_	_	_	_
553-1	PSB033	553	e	e	linguistic	none	_	_	_	_	_	_
553-2	PSB033	553	quale	quale	linguistic	none	_	_	_	_	_	_
553-3	PSB033	553	preferisce	preferisce	linguistic	none	_	_	_	_	_	_
553-4	PSB033	553	olanda	olanda	linguistic	none	_	_	_	_	_	_
553-5	PSB033	553	o	o	linguistic	none	_	_	_	_	_	_
553-6	PSB033	553	italia?	italia	linguistic	none	Intonation=rising	End=838.357	_	_	_	_
554-0	PSB035	554	ehm	ehm	linguistic	none	_	Begin=838.4	_	_	_	_
554-1	PSB035	554	perché	perché	linguistic	none	_	_	_	_	_	_
554-2	PSB035	554	piace°pia~°	piacepia~	linguistic	none	Interrupted=Yes|Volume=low	_	_	_	_	_
554-3	PSB035	554	[italia]	italia	linguistic	none	_	_	_	_	_	0-6(255)
554-4	PSB035	554	{P}	{P}	shortpause	none	_	_	_	_	_	_
554-5	PSB035	554	>per~<	per~	linguistic	none	Interrupted=Yes	_	_	Fast=0-4(0)	_	_
554-6	PSB035	554	là	là	linguistic	none	_	_	_	_	_	_
554-7	PSB035	554	non	non	linguistic	none	_	_	_	_	_	_
554-8	PSB035	554	c'	c'	linguistic	none	SpaceAfter=No	_	_	_	_	_
554-9	PSB035	554	è	è	linguistic	none	_	_	_	_	_	_
554-10	PSB035	554	quello	quello	linguistic	none	_	_	_	_	_	_
554-11	PSB035	554	permesso	permesso	linguistic	none	_	_	_	_	_	_
554-12	PSB035	554	soggiorno	soggiorno	linguistic	none	_	_	_	_	_	_
554-13	PSB035	554	[non:]	non	linguistic	none	_	_	2x1	_	_	0-3(256)
554-14	PSB035	554	non	non	linguistic	none	_	_	_	_	_	_
554-15	PSB035	554	[posso]	posso	linguistic	none	_	End=844.529	_	_	_	0-5(193)
555-0	PSB014	555	[okay]	okay	linguistic	none	_	Begin=840.514|End=840.943	_	_	_	0-4(255)
556-0	PSB033	556	[italia]	italia	linguistic	none	_	Begin=840.514|End=840.943	_	_	_	0-6(255)
557-0	PSB014	557	[ah	ah	linguistic	none	_	Begin=843.093	_	_	_	0-2(256)
557-1	PSB014	557	okay]	okay	linguistic	none	_	End=843.579	_	_	_	0-4(256)
558-0	PSB033	558	[a:h]	ah	linguistic	none	_	Begin=843.343|End=843.829	0x1	_	_	0-2(256)
559-0	PSB033	559	[ah]	ah	linguistic	none	_	Begin=844.2	_	_	_	0-2(193)
559-1	PSB033	559	per	per	linguistic	none	_	_	_	_	_	_
559-2	PSB033	559	[quello]	quello	linguistic	none	_	End=845.036	_	_	_	0-6(196)
560-0	PSB035	560	[per]	per	linguistic	none	_	Begin=844.972	_	_	_	0-3(196)
560-1	PSB035	560	quello	quello	linguistic	none	_	_	_	_	_	_
560-2	PSB035	560	anche	anche	linguistic	none	_	_	_	_	_	_
560-3	PSB035	560	paura	paura	linguistic	none	_	_	_	_	_	_
560-4	PSB035	560	quando	quando	linguistic	none	_	_	_	_	_	_
560-5	PSB035	560	[$venì:]	venì	linguistic	none	Orthography=Yes	_	3x1	_	_	0-5(194)
560-6	PSB035	560	polizia:	polizia	linguistic	none	_	_	6x1	_	_	_
560-7	PSB035	560	[ti	ti	linguistic	none	_	_	_	_	_	0-2(195)
560-8	PSB035	560	chiede]	chiede	linguistic	none	_	_	_	_	_	0-6(195)
560-9	PSB035	560	non	non	linguistic	none	_	_	_	_	_	_
560-10	PSB035	560	(c'	c'	linguistic	none	SpaceAfter=No	_	_	_	0-2(0)	_
560-11	PSB035	560	ho)	ho	linguistic	none	_	_	_	_	0-2(0)	_
560-12	PSB035	560	dopo	dopo	linguistic	none	_	_	_	_	_	_
560-13	PSB035	560	manda	manda	linguistic	none	_	_	_	_	_	_
560-14	PSB035	560	cina	cina	linguistic	none	_	End=851.579	_	_	_	_
561-0	PSB033	561	[sì	sì	linguistic	none	_	Begin=846.493	_	_	_	0-2(194)
561-1	PSB033	561	certo]	certo	linguistic	none	_	End=847.55	_	_	_	0-5(194)
562-0	PSB033	562	°[controlli]°	controlli	linguistic	none	Volume=low	Begin=849.386|End=850.107	_	_	_	0-9(195)
563-0	PSB014	563	ehm:	ehm	linguistic	none	_	Begin=851.743	2x1	_	_	_
563-1	PSB014	563	è	è	linguistic	none	_	_	_	_	_	_
563-2	PSB014	563	vero	vero	linguistic	none	_	_	_	_	_	_
563-3	PSB014	563	[°vero°]	vero	linguistic	none	Volume=low	End=852.893	_	_	_	0-4(197)
564-0	PSB035	564	[qua]ndo	quando	linguistic	none	_	Begin=852.764	_	_	_	0-3(197)
564-1	PSB035	564	vieni	vieni	linguistic	none	_	_	_	_	_	_
564-2	PSB035	564	qua	qua	linguistic	none	_	_	_	_	_	_
564-3	PSB035	564	{P}	{P}	shortpause	none	_	_	_	_	_	_
564-4	PSB035	564	fatto	fatto	linguistic	none	_	_	_	_	_	_
564-5	PSB035	564	tutto	tutto	linguistic	none	_	_	_	_	_	_
564-6	PSB035	564	regolare:	regolare	linguistic	none	_	_	7x1	_	_	_
564-7	PSB035	564	tranquillo	tranquillo	linguistic	none	_	_	_	_	_	_
564-8	PSB035	564	{P}[]	{P}	shortpause	none	_	_	_	_	_	0-3(198)
564-9	PSB035	564	lavoro	lavoro	linguistic	none	_	_	_	_	_	_
564-10	PSB035	564	[così]	così	linguistic	none	_	End=857.707	_	_	_	0-4(199)
565-0	PSB033	565	[okay]	okay	linguistic	none	_	Begin=856.372|End=856.572	_	_	_	0-4(198)
566-0	PSB033	566	[okay]	okay	linguistic	none	_	Begin=857.293|End=857.686	_	_	_	0-4(199)
567-0	PSB033	567	e	e	linguistic	none	_	Begin=858.057	_	_	_	_
567-1	PSB033	567	c'	c'	linguistic	none	SpaceAfter=No	_	_	_	_	_
567-2	PSB033	567	è	è	linguistic	none	_	_	_	_	_	_
567-3	PSB033	567	qualche	qualche	linguistic	none	_	_	_	_	_	_
567-4	PSB033	567	paese	paese	linguistic	none	_	_	_	_	_	_
567-5	PSB033	567	che	che	linguistic	none	_	_	_	_	_	_
567-6	PSB033	567	vorrebbe	vorrebbe	linguistic	none	_	_	_	_	_	_
567-7	PSB033	567	visitare	visitare	linguistic	none	_	_	_	_	_	_
567-8	PSB033	567	nel	nel	linguistic	none	_	_	_	_	_	_
567-9	PSB033	567	futuro	futuro	linguistic	none	_	_	_	_	_	_
567-10	PSB033	567	magari	magari	linguistic	none	_	_	_	_	_	_
567-11	PSB033	567	{P}	{P}	shortpause	none	_	_	_	_	_	_
567-12	PSB033	567	nel	nel	linguistic	none	_	_	_	_	_	_
567-13	PSB033	567	[mondo]?	mondo	linguistic	none	Intonation=rising	End=861.929	_	_	_	0-5(200)
568-0	PSB035	568	[aha]	aha	linguistic	none	_	Begin=860.957	_	_	_	0-3(200)
568-1	PSB035	568	{ride}	{ride}	nonverbalbehavior	none	_	_	_	_	_	_
568-2	PSB035	568	mondo	mondo	linguistic	none	_	End=862.757	_	_	_	_
569-0	PSB035	569	sono	sono	linguistic	none	_	Begin=863.029	_	_	_	_
569-1	PSB035	569	qua	qua	linguistic	none	_	_	_	_	_	_
569-2	PSB035	569	italia	italia	linguistic	none	_	_	_	_	_	_
569-3	PSB035	569	io	io	linguistic	none	_	_	_	_	_	_
569-4	PSB035	569	vai	vai	linguistic	none	_	_	_	_	_	_
569-5	PSB035	569	giro	giro	linguistic	none	_	_	_	_	_	_
569-6	PSB035	569	un	un	linguistic	none	_	_	_	_	_	_
569-7	PSB035	569	po'	po'	linguistic	none	_	_	_	_	_	_
569-8	PSB035	569	sì	sì	linguistic	none	_	End=865.236	_	_	_	_
570-0	PSB033	570	sì?	sì	linguistic	none	Intonation=rising	Begin=865.693|End=865.864	_	_	_	_
571-0	PSB035	571	anche	anche	linguistic	none	_	Begin=865.986	_	_	_	_
571-1	PSB035	571	francia	francia	linguistic	none	_	_	_	_	_	_
571-2	PSB035	571	[°fran°cia]	francia	linguistic	none	Volume=low	End=867.822	_	_	_	0-7(201)
572-0	PSB033	572	[francia]	francia	linguistic	none	_	Begin=866.779|End=867.314	_	_	_	0-7(201)
573-0	PSB033	573	sì	sì	linguistic	none	_	Begin=868.086|End=868.336	_	_	_	_
574-0	PSB035	574	anche:	anche	linguistic	none	_	Begin=868.714	4x1	_	_	_
574-1	PSB035	574	come	come	linguistic	none	_	_	_	_	_	_
574-2	PSB035	574	si	si	linguistic	none	_	_	_	_	_	_
574-3	PSB035	574	chiama	chiama	linguistic	none	_	_	_	_	_	_
574-4	PSB035	574	quello:	quello	linguistic	none	_	_	5x1	_	_	_
574-5	PSB035	574	anche	anche	linguistic	none	_	_	_	_	_	_
574-6	PSB035	574	un'	un'	linguistic	none	SpaceAfter=No	_	_	_	_	_
574-7	PSB035	574	altro	altro	linguistic	none	_	_	_	_	_	_
574-8	PSB035	574	paese	paese	linguistic	none	_	_	_	_	_	_
574-9	PSB035	574	[anche]	anche	linguistic	none	_	End=873.222	_	_	_	0-5(202)
575-0	PSB033	575	[sì]	sì	linguistic	none	_	Begin=873.129|End=873.443	_	_	_	0-2(202)
576-0	PSB033	576	[spa:gna]	spagna	linguistic	none	_	Begin=873.69|End=874.45	2x1	_	_	0-6(203)
577-0	PSB035	577	[slovenia:]	slovenia	linguistic	none	_	Begin=873.736	7x1	_	_	0-8(203)
577-1	PSB035	577	anche	anche	linguistic	none	_	_	_	_	_	_
577-2	PSB035	577	quando	quando	linguistic	none	_	_	_	_	_	_
577-3	PSB035	577	vai°in°	vaiin	linguistic	none	Volume=low	_	_	_	_	_
577-4	PSB035	577	giro	giro	linguistic	none	_	_	_	_	_	_
577-5	PSB035	577	con	con	linguistic	none	_	_	_	_	_	_
577-6	PSB035	577	[macchina]	macchina	linguistic	none	_	_	_	_	_	0-8(204)
577-7	PSB035	577	[così]	così	linguistic	none	_	End=877.307	_	_	_	0-4(205)
578-0	PSB014	578	[ah	ah	linguistic	none	_	Begin=876.21	_	_	_	0-2(204)
578-1	PSB014	578	ah]	ah	linguistic	none	_	End=876.75	_	_	_	0-2(204)
579-0	PSB033	579	[sì]	sì	linguistic	none	_	Begin=877.207	_	_	_	0-2(205)
579-1	PSB033	579	{P}	{P}	shortpause	none	_	_	_	_	_	_
579-2	PSB033	579	tutto	tutto	linguistic	none	_	_	_	_	_	_
579-3	PSB033	579	vicine	vicine	linguistic	none	_	_	_	_	_	_
579-4	PSB033	579	[°insomma°]	insomma	linguistic	none	Volume=low	End=878.643	_	_	_	0-7(206)
580-0	PSB035	580	[eh]	eh	linguistic	none	_	Begin=878.414	_	_	_	0-2(206)
580-1	PSB035	580	qua	qua	linguistic	none	_	_	_	_	_	_
580-2	PSB035	580	vicino	vicino	linguistic	none	_	End=879.486	_	_	_	_
581-0	PSB033	581	in	in	linguistic	none	_	Begin=879.514	_	_	_	_
581-1	PSB033	581	europa	europa	linguistic	none	_	_	_	_	_	_
581-2	PSB033	581	tanto	tanto	linguistic	none	_	End=880.45	_	_	_	_
582-0	PSB035	582	ehm:	ehm	linguistic	none	_	Begin=880.479	2x1	_	_	_
582-1	PSB035	582	europa	europa	linguistic	none	_	_	_	_	_	_
582-2	PSB035	582	{ride}	{ride}	nonverbalbehavior	none	_	End=882.357	_	_	_	_
583-0	PSB014	583	{ride}	{ride}	nonverbalbehavior	none	_	Begin=881.436|End=882.2	_	_	_	_
584-0	PSB033	584	[poi]	poi	linguistic	none	_	Begin=882.264	_	_	_	0-3(?)
584-1	PSB033	584	sa	sa	linguistic	none	_	_	_	_	_	_
584-2	PSB033	584	l'	l'	linguistic	none	SpaceAfter=No	_	_	_	_	_
584-3	PSB033	584	i~	i~	linguistic	none	Interrupted=Yes	_	_	_	_	_
584-4	PSB033	584	l'	l'	linguistic	none	SpaceAfter=No	_	_	_	_	_
584-5	PSB033	584	italiano	italiano	linguistic	none	_	_	_	_	_	_
584-6	PSB033	584	quindi	quindi	linguistic	none	_	_	_	_	_	_
584-7	PSB033	584	anche	anche	linguistic	none	_	_	_	_	_	_
584-8	PSB033	584	il	il	linguistic	none	_	_	_	_	_	_
584-9	PSB033	584	spagnolo	spagnolo	linguistic	none	_	_	_	_	_	_
584-10	PSB033	584	è	è	linguistic	none	_	_	_	_	_	_
584-11	PSB033	584	vicino	vicino	linguistic	none	_	End=885.129	_	_	_	_
585-0	PSB035	585	{ride}	{ride}	nonverbalbehavior	none	_	Begin=885.022	_	_	_	_
585-1	PSB035	585	[sì]	sì	linguistic	none	_	_	_	_	_	0-2(?)
585-2	PSB035	585	quando	quando	linguistic	none	_	_	_	_	_	_
585-3	PSB035	585	vai	vai	linguistic	none	_	_	_	_	_	_
585-4	PSB035	585	là	là	linguistic	none	_	_	_	_	_	_
585-5	PSB035	585	{P}	{P}	shortpause	none	_	_	_	_	_	_
585-6	PSB035	585	a	a	linguistic	none	_	_	_	_	_	_
585-7	PSB035	585	slovenia	slovenia	linguistic	none	_	_	_	_	_	_
585-8	PSB035	585	loro	loro	linguistic	none	_	_	_	_	_	_
585-9	PSB035	585	anche	anche	linguistic	none	_	_	_	_	_	_
585-10	PSB035	585	parla	parla	linguistic	none	_	_	_	_	_	_
585-11	PSB035	585	italiano	italiano	linguistic	none	_	_	_	_	_	_
585-12	PSB035	585	noi	noi	linguistic	none	_	_	_	_	_	_
585-13	PSB035	585	loro	loro	linguistic	none	_	_	_	_	_	_
585-14	PSB035	585	capisce	capisce	linguistic	none	_	_	_	_	_	_
585-15	PSB035	585	[°tutto	tutto	linguistic	none	Volume=low	_	_	_	_	0-5(?)
585-16	PSB035	585	eh°]	eh	linguistic	none	Volume=low	End=891.122	_	_	_	0-2(?)
586-0	PSB033	586	°[ormai]°	ormai	linguistic	none	Volume=low	Begin=885.648|End=886.205	_	_	_	0-5(209)
587-0	PSB033	587	[a:h]	ah	linguistic	none	_	Begin=890.586	0x1	_	_	0-2(257)
587-1	PSB033	587	perfetto	perfetto	linguistic	none	_	End=891.979	_	_	_	_
588-0	PSB014	588	[a:h]	ah	linguistic	none	_	Begin=890.59|End=891.31	0x1	_	_	0-2(257)
589-0	PSB035	589	ah	ah	linguistic	none	_	Begin=892.05	_	_	_	_
589-1	PSB035	589	perché	perché	linguistic	none	_	_	_	_	_	_
589-2	PSB035	589	loro:	loro	linguistic	none	_	_	3x1	_	_	_
589-3	PSB035	589	vicino	vicino	linguistic	none	_	_	_	_	_	_
589-4	PSB035	589	qua	qua	linguistic	none	_	_	_	_	_	_
589-5	PSB035	589	[italia]	italia	linguistic	none	_	End=894.879	_	_	_	0-6(210)
590-0	PSB033	590	[sì]	sì	linguistic	none	_	Begin=894.757|End=895.093	_	_	_	0-2(210)
591-0	PSB014	591	[sì]	sì	linguistic	none	_	Begin=895.0	_	_	_	0-2(211)
591-1	PSB014	591	giustamente	giustamente	linguistic	none	_	End=896.0	_	_	_	_
592-0	PSB035	592	°uhm°	uhm	linguistic	none	Volume=low	Begin=896.314|End=896.579	_	_	_	_
593-0	PSB014	593	e	e	linguistic	none	_	Begin=896.886	_	_	_	_
593-1	PSB014	593	le	le	linguistic	none	_	_	_	_	_	_
593-2	PSB014	593	è	è	linguistic	none	_	_	_	_	_	_
593-3	PSB014	593	mai	mai	linguistic	none	_	_	_	_	_	_
593-4	PSB014	593	capitato	capitato	linguistic	none	_	_	_	_	_	_
593-5	PSB014	593	di	di	linguistic	none	_	_	_	_	_	_
593-6	PSB014	593	andare	andare	linguistic	none	_	_	_	_	_	_
593-7	PSB014	593	al	al	linguistic	none	_	_	_	_	_	_
593-8	PSB014	593	mare	mare	linguistic	none	_	_	_	_	_	_
593-9	PSB014	593	qua	qua	linguistic	none	_	_	_	_	_	_
593-10	PSB014	593	vicino?	vicino	linguistic	none	Intonation=rising	_	_	_	_	_
593-11	PSB014	593	qua	qua	linguistic	none	_	_	_	_	_	_
593-12	PSB014	593	[vicino	vicino	linguistic	none	_	_	_	_	_	0-6(212)
593-13	PSB014	593	ai	ai	linguistic	none	_	_	_	_	_	0-2(212)
593-14	PSB014	593	li:~]	li~	linguistic	none	Interrupted=Yes	End=900.0	1x1	_	_	0-3(212)
594-0	PSB035	594	[ehm:]	ehm	linguistic	none	_	Begin=899.15	2x1	_	_	0-3(212)
594-1	PSB035	594	sì	sì	linguistic	none	_	_	_	_	_	_
594-2	PSB035	594	sì	sì	linguistic	none	_	_	_	_	_	_
594-3	PSB035	594	vedi	vedi	linguistic	none	_	_	_	_	_	_
594-4	PSB035	594	andato	andato	linguistic	none	_	End=901.243	_	_	_	_
595-0	PSB014	595	[ah	ah	linguistic	none	_	Begin=901.41	_	_	_	0-2(213)
595-1	PSB014	595	ah]	ah	linguistic	none	_	End=902.38	_	_	_	0-2(213)
596-0	PSB035	596	[ogni	ogni	linguistic	none	_	Begin=901.493	_	_	_	0-4(213)
596-1	PSB035	596	tanto]	tanto	linguistic	none	_	_	_	_	_	0-5(213)
596-2	PSB035	596	xx	x	unknown	none	_	_	_	_	_	_
596-3	PSB035	596	stato	stato	linguistic	none	_	_	_	_	_	_
596-4	PSB035	596	la:	la	linguistic	none	_	_	1x1	_	_	_
596-5	PSB035	596	ravenna,	ravenna	linguistic	none	Intonation=weakly_rising	_	_	_	_	_
596-6	PSB035	596	[tante	tante	linguistic	none	_	_	_	_	_	0-5(214)
596-7	PSB035	596	volta]	volta	linguistic	none	_	_	_	_	_	0-5(214)
596-8	PSB035	596	anche	anche	linguistic	none	_	_	_	_	_	_
596-9	PSB035	596	rimini:,	rimini	linguistic	none	Intonation=weakly_rising	_	5x1	_	_	_
596-10	PSB035	596	[prima]	prima	linguistic	none	_	_	_	_	_	0-5(215)
596-11	PSB035	596	venezia	venezia	linguistic	none	_	_	_	_	_	_
596-12	PSB035	596	e	e	linguistic	none	_	_	_	_	_	_
596-13	PSB035	596	jesolo	jesolo	linguistic	none	_	_	_	_	_	_
596-14	PSB035	596	[je~]	je~	linguistic	none	Interrupted=Yes	_	_	_	_	0-3(216)
596-15	PSB035	596	a	a	linguistic	none	_	_	_	_	_	_
596-16	PSB035	596	jesolo	jesolo	linguistic	none	_	_	_	_	_	_
596-17	PSB035	596	io	io	linguistic	none	_	_	_	_	_	_
596-18	PSB035	596	tante	tante	linguistic	none	_	_	_	_	_	_
596-19	PSB035	596	volta	volta	linguistic	none	_	_	_	_	_	_
596-20	PSB035	596	la	la	linguistic	none	_	_	_	_	_	_
596-21	PSB035	596	prima	prima	linguistic	none	_	_	_	_	_	_
596-22	PSB035	596	otto	otto	linguistic	none	_	_	_	_	_	_
596-23	PSB035	596	anni	anni	linguistic	none	_	_	_	_	_	_
596-24	PSB035	596	di	di	linguistic	none	_	_	_	_	_	_
596-25	PSB035	596	là	là	linguistic	none	_	End=912.957	_	_	_	_
597-0	PSB033	597	[ravenna]?	ravenna	linguistic	none	Intonation=rising	Begin=904.45|End=905.1	_	_	_	0-7(214)
598-0	PSB033	598	[rimini:]	rimini	linguistic	none	_	Begin=906.664|End=907.307	5x1	_	_	0-6(215)
599-0	PSB033	599	[jesolo:]	jesolo	linguistic	none	_	Begin=908.893|End=909.857	5x1	_	_	0-6(216)
600-0	PSB033	600	[°certo°]	certo	linguistic	none	Volume=low	Begin=913.143|End=913.564	_	_	_	0-5(217)
601-0	PSB014	601	[eh]	eh	linguistic	none	_	Begin=913.15|End=913.493	_	_	_	0-2(217)
602-0	PSB035	602	eh	eh	linguistic	none	_	Begin=913.772	_	_	_	_
602-1	PSB035	602	sempre	sempre	linguistic	none	_	_	_	_	_	_
602-2	PSB035	602	ogni	ogni	linguistic	none	_	_	_	_	_	_
602-3	PSB035	602	{P}	{P}	shortpause	none	_	_	_	_	_	_
602-4	PSB035	602	un	un	linguistic	none	_	_	_	_	_	_
602-5	PSB035	602	anno	anno	linguistic	none	_	_	_	_	_	_
602-6	PSB035	602	minimo	minimo	linguistic	none	_	_	_	_	_	_
602-7	PSB035	602	tre	tre	linguistic	none	_	_	_	_	_	_
602-8	PSB035	602	volte	volte	linguistic	none	_	_	_	_	_	_
602-9	PSB035	602	quattro	quattro	linguistic	none	_	_	_	_	_	_
602-10	PSB035	602	volte	volte	linguistic	none	_	_	_	_	_	_
602-11	PSB035	602	[andare:]	andare	linguistic	none	_	End=917.936	5x1	_	_	0-6(218)
603-0	PSB014	603	[e	e	linguistic	none	_	Begin=917.55	_	_	_	0-1(218)
603-1	PSB014	603	le]	le	linguistic	none	_	_	_	_	_	0-2(218)
603-2	PSB014	603	piace?	piace	linguistic	none	Intonation=rising	End=918.343	_	_	_	_
604-0	PSB035	604	piac[e	piace	linguistic	none	_	Begin=918.586	_	_	_	4-5(?)
604-1	PSB035	604	spia]ggia	spiaggia	linguistic	none	_	_	_	_	_	0-4(?)
604-2	PSB035	604	eh	eh	linguistic	none	_	_	_	_	_	_
604-3	PSB035	604	{P}	{P}	shortpause	none	_	_	_	_	_	_
604-4	PSB035	604	bella	bella	linguistic	none	_	_	_	_	_	_
604-5	PSB035	604	[eh]	eh	linguistic	none	_	End=920.664	_	_	_	0-2(?)
605-0	PSB014	605	[°piace°]	piace	linguistic	none	Volume=low	Begin=919.0|End=919.57	_	_	_	0-5(219)
606-0	PSB014	606	{ride}	{ride}	nonverbalbehavior	none	_	Begin=920.593|End=921.1	_	_	_	_
607-0	PSB033	607	ma	ma	linguistic	none	_	Begin=920.757	_	_	_	_
607-1	PSB033	607	preferisce	preferisce	linguistic	none	_	_	_	_	_	_
607-2	PSB033	607	mare	mare	linguistic	none	_	_	_	_	_	_
607-3	PSB033	607	o	o	linguistic	none	_	_	_	_	_	_
607-4	PSB033	607	montagna?	montagna	linguistic	none	Intonation=rising	End=922.25	_	_	_	_
608-0	PSB035	608	ehm	ehm	linguistic	none	_	Begin=922.429	_	_	_	_
608-1	PSB035	608	{P}	{P}	shortpause	none	_	_	_	_	_	_
608-2	PSB035	608	ehm	ehm	linguistic	none	_	End=923.372	_	_	_	_
609-0	PSB035	609	di	di	linguistic	none	_	Begin=923.536	_	_	_	_
609-1	PSB035	609	solito	solito	linguistic	none	_	_	_	_	_	_
609-2	PSB035	609	per	per	linguistic	none	_	_	_	_	_	_
609-3	PSB035	609	me	me	linguistic	none	_	_	_	_	_	_
609-4	PSB035	609	anche	anche	linguistic	none	_	_	_	_	_	_
609-5	PSB035	609	{P}	{P}	shortpause	none	_	_	_	_	_	_
609-6	PSB035	609	mare	mare	linguistic	none	_	_	_	_	_	_
609-7	PSB035	609	{P}	{P}	shortpause	none	_	_	_	_	_	_
609-8	PSB035	609	[montagna]	montagna	linguistic	none	_	_	_	_	_	0-8(220)
609-9	PSB035	609	anche	anche	linguistic	none	_	_	_	_	_	_
609-10	PSB035	609	{P}	{P}	shortpause	none	_	_	_	_	_	_
609-11	PSB035	609	piac[e]	piace	linguistic	none	_	End=926.907	_	_	_	4-5(221)
610-0	PSB014	610	[mare]	mare	linguistic	none	_	Begin=925.536|End=926.172	_	_	_	0-4(220)
611-0	PSB014	611	[o]kay	okay	linguistic	none	_	Begin=926.843|End=927.286	_	_	_	0-1(221)
612-0	PSB035	612	cortina	cortina	linguistic	none	_	Begin=927.893	_	_	_	_
612-1	PSB035	612	io	io	linguistic	none	_	_	_	_	_	_
612-2	PSB035	612	tante	tante	linguistic	none	_	_	_	_	_	_
612-3	PSB035	612	volta	volta	linguistic	none	_	_	_	_	_	_
612-4	PSB035	612	[andare]	andare	linguistic	none	_	_	_	_	_	0-6(222)
612-5	PSB035	612	a	a	linguistic	none	_	_	_	_	_	_
612-6	PSB035	612	cortina	cortina	linguistic	none	_	End=930.414	_	_	_	_
613-0	PSB033	613	[ah]	ah	linguistic	none	_	Begin=929.343|End=929.829	_	_	_	0-2(222)
614-0	PSB014	614	bella	bella	linguistic	none	_	Begin=930.807	_	_	_	_
614-1	PSB014	614	sì	sì	linguistic	none	_	_	_	_	_	_
614-2	PSB014	614	sì	sì	linguistic	none	_	End=931.55	_	_	_	_
615-0	PSB033	615	sì	sì	linguistic	none	_	Begin=931.764	_	_	_	_
615-1	PSB033	615	sì	sì	linguistic	none	_	_	_	_	_	_
615-2	PSB033	615	sì	sì	linguistic	none	_	End=932.236	_	_	_	_
616-0	PSB014	616	[°bello°]	bello	linguistic	none	Volume=low	Begin=932.822|End=933.129	_	_	_	0-5(223)
617-0	PSB035	617	[con]	con	linguistic	none	_	Begin=932.822	_	_	_	0-3(223)
617-1	PSB035	617	macchina	macchina	linguistic	none	_	_	_	_	_	_
617-2	PSB035	617	vai	vai	linguistic	none	_	_	_	_	_	_
617-3	PSB035	617	là:	là	linguistic	none	_	_	1x1	_	_	_
617-4	PSB035	617	[ehm:]	ehm	linguistic	none	_	End=934.979	2x1	_	_	0-3(224)
618-0	PSB014	618	[sali]	sali	linguistic	none	_	Begin=934.157|End=934.593	_	_	_	0-4(224)
619-0	PSB035	619	otto	otto	linguistic	none	_	Begin=935.064	_	_	_	_
619-1	PSB035	619	ottocen~	ottocen~	linguistic	none	Interrupted=Yes	_	_	_	_	_
619-2	PSB035	619	andata	andata	linguistic	none	_	_	_	_	_	_
619-3	PSB035	619	ritorno	ritorno	linguistic	none	_	_	_	_	_	_
619-4	PSB035	619	ottocento	ottocento	linguistic	none	_	_	_	_	_	_
619-5	PSB035	619	[chilometri:]	chilometri	linguistic	none	_	End=938.18	9x1	_	_	0-10(225)
620-0	PSB014	620	[uhm]	uhm	linguistic	none	_	Begin=937.572|End=937.857	_	_	_	0-3(225)
621-0	PSB033	621	bello	bello	linguistic	none	_	Begin=938.9|End=939.193	_	_	_	_
622-0	PSB035	622	vai	vai	linguistic	none	_	Begin=939.36	_	_	_	_
622-1	PSB035	622	là	là	linguistic	none	_	_	_	_	_	_
622-2	PSB035	622	{P}	{P}	shortpause	none	_	_	_	_	_	_
622-3	PSB035	622	funi~	funi~	linguistic	none	Interrupted=Yes	_	_	_	_	_
622-4	PSB035	622	funivia	funivia	linguistic	none	_	_	_	_	_	_
622-5	PSB035	622	su	su	linguistic	none	_	_	_	_	_	_
622-6	PSB035	622	[xxx]	x	unknown	none	_	End=942.15	_	_	_	0-3(226)
623-0	PSB014	623	[scia]?	scia	linguistic	none	Intonation=rising	Begin=941.6|End=942.122	_	_	_	0-4(226)
624-0	PSB014	624	poi	poi	linguistic	none	_	Begin=942.429	_	_	_	_
624-1	PSB014	624	[scia]?	scia	linguistic	none	Intonation=rising	End=943.279	_	_	_	0-4(227)
625-0	PSB035	625	[scia]	scia	linguistic	none	_	Begin=942.743	_	_	_	0-4(227)
625-1	PSB035	625	sci~	sci~	linguistic	none	Interrupted=Yes	End=943.436	_	_	_	_
626-0	PSB014	626	ah	ah	linguistic	none	_	Begin=943.529|End=943.85	_	_	_	_
627-0	PSB035	627	andare	andare	linguistic	none	_	Begin=944.122	_	_	_	_
627-1	PSB035	627	sciare	sciare	linguistic	none	_	_	_	_	_	_
627-2	PSB035	627	io	io	linguistic	none	_	_	_	_	_	_
627-3	PSB035	627	no	no	linguistic	none	_	_	_	_	_	_
627-4	PSB035	627	[però]	però	linguistic	none	_	End=945.88	_	_	_	0-4(228)
628-0	PSB014	628	ah	ah	linguistic	none	_	Begin=945.172	_	_	_	_
628-1	PSB014	628	okay	okay	linguistic	none	_	End=945.807	_	_	_	_
629-0	PSB035	629	solo	solo	linguistic	none	_	Begin=946.357	_	_	_	_
629-1	PSB035	629	vai	vai	linguistic	none	_	_	_	_	_	_
629-2	PSB035	629	[vede~]	vede~	linguistic	none	Interrupted=Yes	End=946.993	_	_	_	0-5(229)
630-0	PSB014	630	[vedere]	vedere	linguistic	none	_	Begin=946.864	_	_	_	0-6(?)
630-1	PSB014	630	la~	la~	linguistic	none	Interrupted=Yes	End=947.5	_	_	_	_
631-0	PSB033	631	[bello	bello	linguistic	none	_	Begin=947.4	_	_	_	0-5(?)
631-1	PSB033	631	bello	bello	linguistic	none	_	_	_	_	_	0-5(?)
631-2	PSB033	631	bello	bello	linguistic	none	_	_	_	_	_	0-5(?)
631-3	PSB033	631	dai]	dai	linguistic	none	_	End=948.614	_	_	_	0-3(?)
632-0	PSB035	632	[ehm	ehm	linguistic	none	_	Begin=947.786	_	_	_	0-3(231)
632-1	PSB035	632	ma~]	ma~	linguistic	none	Interrupted=Yes	_	_	_	_	0-3(231)
632-2	PSB035	632	eh	eh	linguistic	none	_	End=948.907	_	_	_	_
633-0	PSB033	633	bello	bello	linguistic	none	_	Begin=949.214	_	_	_	_
633-1	PSB033	633	[bello	bello	linguistic	none	_	_	_	_	_	0-5(232)
633-2	PSB033	633	bello]	bello	linguistic	none	_	End=950.1	_	_	_	0-5(232)
634-0	PSB035	634	[sì	sì	linguistic	none	_	Begin=949.564	_	_	_	0-2(232)
634-1	PSB035	634	sì	sì	linguistic	none	_	_	_	_	_	0-2(232)
634-2	PSB035	634	sì]	sì	linguistic	none	_	End=950.293	_	_	_	0-2(232)
635-0	PSB014	635	°bello	bello	linguistic	none	Volume=low	Begin=950.757	_	_	_	_
635-1	PSB014	635	bello°	bello	linguistic	none	Volume=low	End=951.522	_	_	_	_
636-0	PSB035	636	°uhm°	uhm	linguistic	none	Volume=low	Begin=951.6|End=952.05	_	_	_	_
637-0	PSB033	637	ehm:	ehm	linguistic	none	_	Begin=952.264	2x1	_	_	_
637-1	PSB033	637	ehm:	ehm	linguistic	none	_	End=953.207	2x1	_	_	_
638-0	PSB014	638	°x	x	unknown	none	Volume=low	Begin=953.9	_	_	_	_
638-1	PSB014	638	cose:	cose	linguistic	none	Volume=low	_	3x1	_	_	_
638-2	PSB014	638	[siamo	siamo	linguistic	none	Volume=low	_	_	_	_	0-5(233)
638-3	PSB014	638	a	a	linguistic	none	Volume=low	_	_	_	_	0-1(233)
638-4	PSB014	638	posto:	posto	linguistic	none	Volume=low	_	4x1	_	_	0-5(233)
638-5	PSB014	638	vediamo°]	vediamo	linguistic	none	Volume=low	End=957.293	_	_	_	0-7(233)
639-0	PSB033	639	[°okay	okay	linguistic	none	Volume=low	Begin=955.81	_	_	_	0-4(233)
639-1	PSB033	639	]{P}	{P}	shortpause	none	Volume=low	_	_	_	_	0-3(233)
639-2	PSB033	639	vediamo	vediamo	linguistic	none	Volume=low	_	_	_	_	_
639-3	PSB033	639	quanto	quanto	linguistic	none	Volume=low	_	_	_	_	_
639-4	PSB033	639	abbiamo	abbiamo	linguistic	none	Volume=low	_	_	_	_	_
639-5	PSB033	639	fatto?°	fatto	linguistic	none	Intonation=rising|Volume=low	End=957.29	_	_	_	_
640-0	PSB035	640	quindici	quindici	linguistic	none	_	Begin=957.436	_	_	_	_
640-1	PSB035	640	[minuti]?	minuti	linguistic	none	Intonation=rising	End=958.293	_	_	_	0-6(234)
641-0	PSB014	641	[sì]	sì	linguistic	none	_	Begin=957.979	_	_	_	0-2(234)
641-1	PSB014	641	quindici	quindici	linguistic	none	_	_	_	_	_	_
641-2	PSB014	641	minuti	minuti	linguistic	none	_	End=959.514	_	_	_	_
642-0	???	642	{ride}	{ride}	nonverbalbehavior	none	_	Begin=958.657|End=959.922	_	_	_	_
643-0	PSB033	643	va	va	linguistic	none	_	Begin=959.572	_	_	_	_
643-1	PSB033	643	bene	bene	linguistic	none	_	End=960.08	_	_	_	_
644-0	PSB014	644	[e::h	eh	linguistic	none	_	Begin=960.08	0x2	_	_	0-2(?)
644-1	PSB014	644	sì],	sì	linguistic	none	Intonation=weakly_rising	_	_	_	_	0-2(?)
644-2	PSB014	644	noi	noi	linguistic	none	_	_	_	_	_	_
644-3	PSB014	644	siamo	siamo	linguistic	none	_	_	_	_	_	_
644-4	PSB014	644	a	a	linguistic	none	_	_	_	_	_	_
644-5	PSB014	644	[posto]	posto	linguistic	none	_	End=961.672	_	_	_	0-5(?)
645-0	PSB035	645	[xxx]	x	unknown	none	_	Begin=961.536|End=962.714	_	_	_	0-3(?)
646-0	PSB014	646	[grazie	grazie	linguistic	none	_	Begin=962.336	_	_	_	0-6(258)
646-1	PSB014	646	mille]	mille	linguistic	none	_	End=963.164	_	_	_	0-5(258)
647-0	PSB033	647	[ti	ti	linguistic	none	_	Begin=962.336	_	_	_	0-2(258)
647-1	PSB033	647	ringraziamo	ringraziamo	linguistic	none	_	_	_	_	_	0-11(258)
647-2	PSB033	647	tanto]	tanto	linguistic	none	_	End=963.464	_	_	_	0-5(258)
648-0	PSB035	648	[ehm]	ehm	linguistic	none	_	Begin=963.157	_	_	_	0-3(259)
648-1	PSB035	648	grazie	grazie	linguistic	none	_	_	_	_	_	_
648-2	PSB035	648	a	a	linguistic	none	_	_	_	_	_	_
648-3	PSB035	648	te	te	linguistic	none	_	_	_	_	_	_
648-4	PSB035	648	eh	eh	linguistic	none	_	End=964.757	_	_	_	_
649-0	PSB033	649	ehm	ehm	linguistic	none	_	Begin=964.879	_	_	_	_
649-1	PSB033	649	dobbiamo	dobbiamo	linguistic	none	_	_	_	_	_	_
649-2	PSB033	649	chiedere	chiedere	linguistic	none	_	End=965.793	_	_	_	_
