token_id	speaker	tu_id	span	form	type	variation	jefferson_feats	align	prolongations	pace	guesses	overlaps
0-0	PSB005	0	non	non	linguistic	none	_	Begin=0.83	_	_	_	_
0-1	PSB005	0	ci	ci	linguistic	none	_	_	_	_	_	_
0-2	PSB005	0	dimentichiamo:	dimentichiamo	linguistic	none	_	_	12x1	_	_	_
0-3	PSB005	0	[beniss]imo	benissimo	linguistic	none	_	End=2.78	_	_	_	0-6(0)
1-0	PSB007	1	[mhmh]	mhmh	linguistic	none	_	Begin=2.14|End=2.57	_	_	_	0-4(0)
2-0	PSB005	2	allora:	allora	linguistic	none	_	Begin=3.99	5x1	_	_	_
2-1	PSB005	2	a	a	linguistic	none	_	_	_	_	_	_
2-2	PSB005	2	me	me	linguistic	none	_	_	_	_	_	_
2-3	PSB005	2	già	già	linguistic	none	_	_	_	_	_	_
2-4	PSB005	2	hai	hai	linguistic	none	_	_	_	_	_	_
2-5	PSB005	2	raccontato	raccontato	linguistic	none	_	_	_	_	_	_
2-6	PSB005	2	già	già	linguistic	none	_	_	_	_	_	_
2-7	PSB005	2	molte	molte	linguistic	none	_	_	_	_	_	_
2-8	PSB005	2	cose	cose	linguistic	none	_	_	_	_	_	_
2-9	PSB005	2	l'	l'	linguistic	none	SpaceAfter=No	_	_	_	_	_
2-10	PSB005	2	altro	altro	linguistic	none	_	_	_	_	_	_
2-11	PSB005	2	giorno	giorno	linguistic	none	_	End=7.56	_	_	_	_
3-0	PSB007	3	okay:	okay	linguistic	none	_	Begin=7.886|End=8.659	3x1	_	_	_
4-0	PSB005	4	però	però	linguistic	none	_	Begin=8.667	_	_	_	_
4-1	PSB005	4	{P}	{P}	shortpause	none	_	_	_	_	_	_
4-2	PSB005	4	possiamo	possiamo	linguistic	none	_	_	_	_	_	_
4-3	PSB005	4	ripetere	ripetere	linguistic	none	_	_	_	_	_	_
4-4	PSB005	4	un	un	linguistic	none	_	_	_	_	_	_
4-5	PSB005	4	po'	po'	linguistic	none	_	_	_	_	_	_
4-6	PSB005	4	di	di	linguistic	none	_	_	_	_	_	_
4-7	PSB005	4	cose	cose	linguistic	none	_	_	_	_	_	_
4-8	PSB005	4	magari:,	magari	linguistic	none	Intonation=weakly_rising	_	5x1	_	_	_
4-9	PSB005	4	{P}	{P}	shortpause	none	_	_	_	_	_	_
4-10	PSB005	4	e::h	eh	linguistic	none	_	_	0x2	_	_	_
4-11	PSB005	4	che	che	linguistic	none	_	_	_	_	_	_
4-12	PSB005	4	mi	mi	linguistic	none	_	_	_	_	_	_
4-13	PSB005	4	hai	hai	linguistic	none	_	_	_	_	_	_
4-14	PSB005	4	già	già	linguistic	none	_	_	_	_	_	_
4-15	PSB005	4	detto,	detto	linguistic	none	Intonation=weakly_rising	End=14.28	_	_	_	_
5-0	PSB007	5	ripetiamo:	ripetiamo	linguistic	none	_	Begin=14.42|End=15.12	8x1	_	_	_
6-0	PSB005	6	perché	perché	linguistic	none	_	Begin=15.38	_	_	_	_
6-1	PSB005	6	secondo	secondo	linguistic	none	_	_	_	_	_	_
6-2	PSB005	6	me	me	linguistic	none	_	_	_	_	_	_
6-3	PSB005	6	erano::	erano	linguistic	none	_	_	4x2	_	_	_
6-4	PSB005	6	erano	erano	linguistic	none	_	_	_	_	_	_
6-5	PSB005	6	abbastanza	abbastanza	linguistic	none	_	_	_	_	_	_
6-6	PSB005	6	interessanti	interessanti	linguistic	none	_	_	_	_	_	_
6-7	PSB005	6	così:	così	linguistic	none	_	End=19.21	3x1	_	_	_
7-0	PSB007	7	mhmh	mhmh	linguistic	none	_	Begin=19.23|End=19.77	_	_	_	_
8-0	PSB005	8	quindi	quindi	linguistic	none	_	Begin=19.83	_	_	_	_
8-1	PSB005	8	la	la	linguistic	none	_	_	_	_	_	_
8-2	PSB005	8	la	la	linguistic	none	_	_	_	_	_	_
8-3	PSB005	8	la	la	linguistic	none	_	_	_	_	_	_
8-4	PSB005	8	prima	prima	linguistic	none	_	_	_	_	_	_
8-5	PSB005	8	cosa	cosa	linguistic	none	_	_	_	_	_	_
8-6	PSB005	8	che	che	linguistic	none	_	_	_	_	_	_
8-7	PSB005	8	ti	ti	linguistic	none	_	_	_	_	_	_
8-8	PSB005	8	vorrei	vorrei	linguistic	none	_	_	_	_	_	_
8-9	PSB005	8	chiedere	chiedere	linguistic	none	_	_	_	_	_	_
8-10	PSB005	8	è	è	linguistic	none	_	End=23.22	_	_	_	_
9-0	PSB005	9	è	è	linguistic	none	_	Begin=23.75	_	_	_	_
9-1	PSB005	9	sembra	sembra	linguistic	none	_	_	_	_	_	_
9-2	PSB005	9	scontato	scontato	linguistic	none	_	_	_	_	_	_
9-3	PSB005	9	però	però	linguistic	none	_	_	_	_	_	_
9-4	PSB005	9	come	come	linguistic	none	_	_	_	_	_	_
9-5	PSB005	9	mai	mai	linguistic	none	_	_	_	_	_	_
9-6	PSB005	9	hai::	hai	linguistic	none	_	_	2x2	_	_	_
9-7	PSB005	9	ti	ti	linguistic	none	_	_	_	_	_	_
9-8	PSB005	9	sei	sei	linguistic	none	_	_	_	_	_	_
9-9	PSB005	9	trasferita	trasferita	linguistic	none	_	_	_	_	_	_
9-10	PSB005	9	a	a	linguistic	none	_	_	_	_	_	_
9-11	PSB005	9	bologna:,	bologna	linguistic	none	Intonation=weakly_rising	_	6x1	_	_	_
9-12	PSB005	9	per	per	linguistic	none	_	_	_	_	_	_
9-13	PSB005	9	quali	quali	linguistic	none	_	_	_	_	_	_
9-14	PSB005	9	motivi:,	motivi	linguistic	none	Intonation=weakly_rising	_	5x1	_	_	_
9-15	PSB005	9	da	da	linguistic	none	_	_	_	_	_	_
9-16	PSB005	9	quanto	quanto	linguistic	none	_	_	_	_	_	_
9-17	PSB005	9	tempo:,	tempo	linguistic	none	Intonation=weakly_rising	_	4x1	_	_	_
9-18	PSB005	9	se	se	linguistic	none	_	_	_	_	_	_
9-19	PSB005	9	mi	mi	linguistic	none	_	_	_	_	_	_
9-20	PSB005	9	vuoi	vuoi	linguistic	none	_	_	_	_	_	_
9-21	PSB005	9	raccontare	raccontare	linguistic	none	_	_	_	_	_	_
9-22	PSB005	9	un	un	linguistic	none	_	_	_	_	_	_
9-23	PSB005	9	po'	po'	linguistic	none	_	End=31.09	_	_	_	_
10-0	PSB007	10	allora	allora	linguistic	none	_	Begin=32.37	_	_	_	_
10-1	PSB007	10	ne::l:	nel	linguistic	none	_	_	1x2,2x1	_	_	_
10-2	PSB007	10	{P}	{P}	shortpause	none	_	_	_	_	_	_
10-3	PSB007	10	du~	du~	linguistic	none	Interrupted=Yes	_	_	_	_	_
10-4	PSB007	10	quasi	quasi	linguistic	none	_	_	_	_	_	_
10-5	PSB007	10	due	due	linguistic	none	_	_	_	_	_	_
10-6	PSB007	10	anni	anni	linguistic	none	_	_	_	_	_	_
10-7	PSB007	10	fa:	fa	linguistic	none	_	_	1x1	_	_	_
10-8	PSB007	10	quando	quando	linguistic	none	_	_	_	_	_	_
10-9	PSB007	10	è	è	linguistic	none	_	_	_	_	_	_
10-10	PSB007	10	iniziata	iniziata	linguistic	none	_	_	_	_	_	_
10-11	PSB007	10	la	la	linguistic	none	_	_	_	_	_	_
10-12	PSB007	10	guerra	guerra	linguistic	none	_	_	_	_	_	_
10-13	PSB007	10	in	in	linguistic	none	_	_	_	_	_	_
10-14	PSB007	10	ucraina:	ucraina	linguistic	none	_	_	6x1	_	_	_
10-15	PSB007	10	io	io	linguistic	none	_	_	_	_	_	_
10-16	PSB007	10	abitavo	abitavo	linguistic	none	_	_	_	_	_	_
10-17	PSB007	10	a	a	linguistic	none	_	_	_	_	_	_
10-18	PSB007	10	@nomeluogo,	@nomeluogo,	linguistic	none	_	End=40.65	_	_	_	_
11-0	PSB007	11	quindi	quindi	linguistic	none	_	Begin=41.36	_	_	_	_
11-1	PSB007	11	io::	io	linguistic	none	_	_	1x2	_	_	_
11-2	PSB007	11	vengo	vengo	linguistic	none	_	_	_	_	_	_
11-3	PSB007	11	da:	da	linguistic	none	_	_	1x1	_	_	_
11-4	PSB007	11	sono	sono	linguistic	none	_	_	_	_	_	_
11-5	PSB007	11	ucraina,	ucraina	linguistic	none	Intonation=weakly_rising	_	_	_	_	_
11-6	PSB007	11	vengo	vengo	linguistic	none	_	_	_	_	_	_
11-7	PSB007	11	da	da	linguistic	none	_	_	_	_	_	_
11-8	PSB007	11	@nomeluogo,	@nomeluogo,	linguistic	none	_	End=45.59	_	_	_	_
12-0	PSB007	12	e::	e	linguistic	none	_	Begin=46.18	0x2	_	_	_
12-1	PSB007	12	m::h	mh	linguistic	none	_	_	0x2	_	_	_
12-2	PSB007	12	@nomeluogo	nomeluogo	linguistic	none	_	_	_	_	_	_
12-3	PSB007	12	si	si	linguistic	none	_	_	_	_	_	_
12-4	PSB007	12	trova::	trova	linguistic	none	_	_	4x2	_	_	_
12-5	PSB007	12	eh	eh	linguistic	none	_	_	_	_	_	_
12-6	PSB007	12	in	in	linguistic	none	_	_	_	_	_	_
12-7	PSB007	12	distanza	distanza	linguistic	none	_	_	_	_	_	_
12-8	PSB007	12	di::	di	linguistic	none	_	_	1x2	_	_	_
12-9	PSB007	12	{P}	{P}	shortpause	none	_	_	_	_	_	_
12-10	PSB007	12	circa	circa	linguistic	none	_	_	_	_	_	_
12-11	PSB007	12	non	non	linguistic	none	_	_	_	_	_	_
12-12	PSB007	12	più	più	linguistic	none	_	_	_	_	_	_
12-13	PSB007	12	di	di	linguistic	none	_	_	_	_	_	_
12-14	PSB007	12	cento	cento	linguistic	none	_	_	_	_	_	_
12-15	PSB007	12	chilometri	chilometri	linguistic	none	_	_	_	_	_	_
12-16	PSB007	12	da::	da	linguistic	none	_	_	1x2	_	_	_
12-17	PSB007	12	la	la	linguistic	none	_	_	_	_	_	_
12-18	PSB007	12	confine	confine	linguistic	none	_	_	_	_	_	_
12-19	PSB007	12	co:n:	con	linguistic	none	_	_	1x1,2x1	_	_	_
12-20	PSB007	12	territorio	territorio	linguistic	none	_	_	_	_	_	_
12-21	PSB007	12	russo,	russo	linguistic	none	Intonation=weakly_rising	End=57.03	_	_	_	_
13-0	PSB007	13	quindi	quindi	linguistic	none	_	Begin=57.49	_	_	_	_
13-1	PSB007	13	è	è	linguistic	none	_	_	_	_	_	_
13-2	PSB007	13	un	un	linguistic	none	_	_	_	_	_	_
13-3	PSB007	13	territorio	territorio	linguistic	none	_	_	_	_	_	_
13-4	PSB007	13	molto	molto	linguistic	none	_	_	_	_	_	_
13-5	PSB007	13	pericoloso	pericoloso	linguistic	none	_	_	_	_	_	_
13-6	PSB007	13	per	per	linguistic	none	_	_	_	_	_	_
13-7	PSB007	13	la	la	linguistic	none	_	_	_	_	_	_
13-8	PSB007	13	vita	vita	linguistic	none	_	End=60.69	_	_	_	_
14-0	PSB005	14	mhmh	mhmh	linguistic	none	_	Begin=60.87|End=61.23	_	_	_	_
15-0	PSB007	15	e:h	eh	linguistic	none	_	Begin=61.5|End=62.0	0x1	_	_	_
16-0	PSB007	16	adesso	adesso	linguistic	none	_	Begin=62.26	_	_	_	_
16-1	PSB007	16	tutto	tutto	linguistic	none	_	_	_	_	_	_
16-2	PSB007	16	il	il	linguistic	none	_	_	_	_	_	_
16-3	PSB007	16	territorio	territorio	linguistic	none	_	_	_	_	_	_
16-4	PSB007	16	dell'	dell'	linguistic	none	SpaceAfter=No	_	_	_	_	_
16-5	PSB007	16	ucraina	ucraina	linguistic	none	_	_	_	_	_	_
16-6	PSB007	16	è	è	linguistic	none	_	_	_	_	_	_
16-7	PSB007	16	pericoloso	pericoloso	linguistic	none	_	_	_	_	_	_
16-8	PSB007	16	per	per	linguistic	none	_	_	_	_	_	_
16-9	PSB007	16	per	per	linguistic	none	_	_	_	_	_	_
16-10	PSB007	16	per	per	linguistic	none	_	_	_	_	_	_
16-11	PSB007	16	le	le	linguistic	none	_	_	_	_	_	_
16-12	PSB007	16	persone	persone	linguistic	none	_	_	_	_	_	_
16-13	PSB007	16	che	che	linguistic	none	_	_	_	_	_	_
16-14	PSB007	16	abitano	abitano	linguistic	none	_	_	_	_	_	_
16-15	PSB007	16	lì:,	lì	linguistic	none	Intonation=weakly_rising	_	1x1	_	_	_
16-16	PSB007	16	perché::	perché	linguistic	none	_	_	5x2	_	_	_
16-17	PSB007	16	ci	ci	linguistic	none	_	_	_	_	_	_
16-18	PSB007	16	sono	sono	linguistic	none	_	_	_	_	_	_
16-19	PSB007	16	tantissimi	tantissimi	linguistic	none	_	_	_	_	_	_
16-20	PSB007	16	bombardamenti:	bombardamenti	linguistic	none	_	_	12x1	_	_	_
16-21	PSB007	16	che	che	linguistic	none	_	_	_	_	_	_
16-22	PSB007	16	arrivano	arrivano	linguistic	none	_	_	_	_	_	_
16-23	PSB007	16	con	con	linguistic	none	_	_	_	_	_	_
16-24	PSB007	16	i	i	linguistic	none	_	_	_	_	_	_
16-25	PSB007	16	missili::	missili	linguistic	none	_	End=72.45	6x2	_	_	_
17-0	PSB007	17	lanciati	lanciati	linguistic	none	_	Begin=73.2	_	_	_	_
17-1	PSB007	17	dalla	dalla	linguistic	none	_	_	_	_	_	_
17-2	PSB007	17	dal	dal	linguistic	none	_	_	_	_	_	_
17-3	PSB007	17	territorio	territorio	linguistic	none	_	_	_	_	_	_
17-4	PSB007	17	russo:,	russo	linguistic	none	Intonation=weakly_rising	End=75.5	4x1	_	_	_
18-0	PSB007	18	ma	ma	linguistic	none	_	Begin=75.64	_	_	_	_
18-1	PSB007	18	{P}	{P}	shortpause	none	_	_	_	_	_	_
18-2	PSB007	18	proprio	proprio	linguistic	none	_	_	_	_	_	_
18-3	PSB007	18	questa	questa	linguistic	none	_	_	_	_	_	_
18-4	PSB007	18	parte	parte	linguistic	none	_	_	_	_	_	_
18-5	PSB007	18	orientale	orientale	linguistic	none	_	_	_	_	_	_
18-6	PSB007	18	dell'	dell'	linguistic	none	SpaceAfter=No	_	_	_	_	_
18-7	PSB007	18	ucraina	ucraina	linguistic	none	_	_	_	_	_	_
18-8	PSB007	18	è	è	linguistic	none	_	_	_	_	_	_
18-9	PSB007	18	super	super	linguistic	none	_	_	_	_	_	_
18-10	PSB007	18	extra	extra	linguistic	none	_	_	_	_	_	_
18-11	PSB007	18	pericolosa	pericolosa	linguistic	none	_	End=80.47	_	_	_	_
19-0	PSB007	19	e:::	e	linguistic	none	_	Begin=81.28	0x3	_	_	_
19-1	PSB007	19	{P}	{P}	shortpause	none	_	_	_	_	_	_
19-2	PSB007	19	e	e	linguistic	none	_	_	_	_	_	_
19-3	PSB007	19	quindi:::	quindi	linguistic	none	_	_	5x3	_	_	_
19-4	PSB007	19	ho	ho	linguistic	none	_	_	_	_	_	_
19-5	PSB007	19	deciso::	deciso	linguistic	none	_	_	5x2	_	_	_
19-6	PSB007	19	che::	che	linguistic	none	_	_	2x2	_	_	_
19-7	PSB007	19	m:h	mh	linguistic	none	_	End=87.953	0x1	_	_	_
20-0	PSB007	20	che	che	linguistic	none	_	Begin=89.14	_	_	_	_
20-1	PSB007	20	comunque:	comunque	linguistic	none	_	_	7x1	_	_	_
20-2	PSB007	20	devo	devo	linguistic	none	_	_	_	_	_	_
20-3	PSB007	20	fare	fare	linguistic	none	_	_	_	_	_	_
20-4	PSB007	20	qualcosa	qualcosa	linguistic	none	_	_	_	_	_	_
20-5	PSB007	20	con	con	linguistic	none	_	_	_	_	_	_
20-6	PSB007	20	la	la	linguistic	none	_	_	_	_	_	_
20-7	PSB007	20	mia	mia	linguistic	none	_	_	_	_	_	_
20-8	PSB007	20	vita,	vita	linguistic	none	Intonation=weakly_rising	End=93.19	_	_	_	_
21-0	PSB007	21	e::h	eh	linguistic	none	_	Begin=93.55	0x2	_	_	_
21-1	PSB007	21	anche	anche	linguistic	none	_	_	_	_	_	_
21-2	PSB007	21	c'	c'	linguistic	none	SpaceAfter=No	_	_	_	_	_
21-3	PSB007	21	è	è	linguistic	none	_	_	_	_	_	_
21-4	PSB007	21	anche	anche	linguistic	none	_	_	_	_	_	_
21-5	PSB007	21	papà:,	papà	linguistic	none	Intonation=weakly_rising	_	3x1	_	_	_
21-6	PSB007	21	quindi:	quindi	linguistic	none	_	_	5x1	_	_	_
21-7	PSB007	21	io	io	linguistic	none	_	_	_	_	_	_
21-8	PSB007	21	penso	penso	linguistic	none	_	_	_	_	_	_
21-9	PSB007	21	non	non	linguistic	none	_	_	_	_	_	_
21-10	PSB007	21	solo	solo	linguistic	none	_	_	_	_	_	_
21-11	PSB007	21	di	di	linguistic	none	_	_	_	_	_	_
21-12	PSB007	21	me	me	linguistic	none	_	_	_	_	_	_
21-13	PSB007	21	ma	ma	linguistic	none	_	_	_	_	_	_
21-14	PSB007	21	anche	anche	linguistic	none	_	_	_	_	_	_
21-15	PSB007	21	di	di	linguistic	none	_	_	_	_	_	_
21-16	PSB007	21	un'	un'	linguistic	none	SpaceAfter=No	_	_	_	_	_
21-17	PSB007	21	altra	altra	linguistic	none	_	_	_	_	_	_
21-18	PSB007	21	persona,	persona	linguistic	none	Intonation=weakly_rising	End=100.12	_	_	_	_
22-0	PSB007	22	e:	e	linguistic	none	_	Begin=101.44	0x1	_	_	_
22-1	PSB007	22	per	per	linguistic	none	_	_	_	_	_	_
22-2	PSB007	22	fortuna	fortuna	linguistic	none	_	_	_	_	_	_
22-3	PSB007	22	ho:	ho	linguistic	none	_	_	1x1	_	_	_
22-4	PSB007	22	{P}	{P}	shortpause	none	_	_	_	_	_	_
22-5	PSB007	22	miei	miei	linguistic	none	_	_	_	_	_	_
22-6	PSB007	22	amici	amici	linguistic	none	_	_	_	_	_	_
22-7	PSB007	22	molto	molto	linguistic	none	_	_	_	_	_	_
22-8	PSB007	22	buoni,	buoni	linguistic	none	Intonation=weakly_rising	_	_	_	_	_
22-9	PSB007	22	molto	molto	linguistic	none	_	_	_	_	_	_
22-10	PSB007	22	cari,	cari	linguistic	none	Intonation=weakly_rising	_	_	_	_	_
22-11	PSB007	22	molto	molto	linguistic	none	_	_	_	_	_	_
22-12	PSB007	22	bravi,	bravi	linguistic	none	Intonation=weakly_rising	_	_	_	_	_
22-13	PSB007	22	{P}	{P}	shortpause	none	_	_	_	_	_	_
22-14	PSB007	22	italiani,	italiani	linguistic	none	Intonation=weakly_rising	End=109.29	_	_	_	_
23-0	PSB005	23	mh	mh	linguistic	none	_	Begin=109.49|End=109.86	_	_	_	_
24-0	PSB007	24	e:h	eh	linguistic	none	_	Begin=110.49	0x1	_	_	_
24-1	PSB007	24	la	la	linguistic	none	_	_	_	_	_	_
24-2	PSB007	24	mia	mia	linguistic	none	_	_	_	_	_	_
24-3	PSB007	24	cara	cara	linguistic	none	_	_	_	_	_	_
24-4	PSB007	24	amica:	amica	linguistic	none	_	_	4x1	_	_	_
24-5	PSB007	24	abita	abita	linguistic	none	_	_	_	_	_	_
24-6	PSB007	24	a	a	linguistic	none	_	_	_	_	_	_
24-7	PSB007	24	bologna:,	bologna	linguistic	none	Intonation=weakly_rising	End=114.1	6x1	_	_	_
25-0	PSB007	25	e:	e	linguistic	none	_	Begin=114.96	0x1	_	_	_
25-1	PSB007	25	lei	lei	linguistic	none	_	_	_	_	_	_
25-2	PSB007	25	mi	mi	linguistic	none	_	_	_	_	_	_
25-3	PSB007	25	ha	ha	linguistic	none	_	_	_	_	_	_
25-4	PSB007	25	detto	detto	linguistic	none	_	_	_	_	_	_
25-5	PSB007	25	che:	che	linguistic	none	_	_	2x1	_	_	_
25-6	PSB007	25	può	può	linguistic	none	_	_	_	_	_	_
25-7	PSB007	25	venire	venire	linguistic	none	_	_	_	_	_	_
25-8	PSB007	25	a	a	linguistic	none	_	_	_	_	_	_
25-9	PSB007	25	prendermi	prendermi	linguistic	none	_	_	_	_	_	_
25-10	PSB007	25	e:h	eh	linguistic	none	_	_	0x1	_	_	_
25-11	PSB007	25	da:	da	linguistic	none	_	_	1x1	_	_	_
25-12	PSB007	25	dalla	dalla	linguistic	none	_	_	_	_	_	_
25-13	PSB007	25	confine	confine	linguistic	none	_	_	_	_	_	_
25-14	PSB007	25	con	con	linguistic	none	_	_	_	_	_	_
25-15	PSB007	25	ungheria:	ungheria	linguistic	none	_	_	7x1	_	_	_
25-16	PSB007	25	oppure	oppure	linguistic	none	_	_	_	_	_	_
25-17	PSB007	25	dalla	dalla	linguistic	none	_	_	_	_	_	_
25-18	PSB007	25	confine	confine	linguistic	none	_	_	_	_	_	_
25-19	PSB007	25	con	con	linguistic	none	_	_	_	_	_	_
25-20	PSB007	25	polonia	polonia	linguistic	none	_	_	_	_	_	_
25-21	PSB007	25	comunque	comunque	linguistic	none	_	_	_	_	_	_
25-22	PSB007	25	l'	l'	linguistic	none	SpaceAfter=No	_	_	_	_	_
25-23	PSB007	25	importante	importante	linguistic	none	_	End=125.5	_	_	_	_
26-0	PSB007	26	e:h	eh	linguistic	none	_	Begin=126.393	0x1	_	_	_
26-1	PSB007	26	era	era	linguistic	none	_	_	_	_	_	_
26-2	PSB007	26	trovare:	trovare	linguistic	none	_	_	6x1	_	_	_
26-3	PSB007	26	un	un	linguistic	none	_	_	_	_	_	_
26-4	PSB007	26	posto	posto	linguistic	none	_	_	_	_	_	_
26-5	PSB007	26	non	non	linguistic	none	_	_	_	_	_	_
26-6	PSB007	26	pericoloso	pericoloso	linguistic	none	_	_	_	_	_	_
26-7	PSB007	26	per	per	linguistic	none	_	_	_	_	_	_
26-8	PSB007	26	loro,	loro	linguistic	none	Intonation=weakly_rising	_	_	_	_	_
26-9	PSB007	26	per	per	linguistic	none	_	_	_	_	_	_
26-10	PSB007	26	lei	lei	linguistic	none	_	_	_	_	_	_
26-11	PSB007	26	e	e	linguistic	none	_	_	_	_	_	_
26-12	PSB007	26	suo	suo	linguistic	none	_	_	_	_	_	_
26-13	PSB007	26	marito,	marito	linguistic	none	Intonation=weakly_rising	End=132.28	_	_	_	_
27-0	PSB005	27	mhmh	mhmh	linguistic	none	_	Begin=132.3|End=132.73	_	_	_	_
28-0	PSB007	28	per	per	linguistic	none	_	Begin=133.07	_	_	_	_
28-1	PSB007	28	portare::	portare	linguistic	none	_	_	6x2	_	_	_
28-2	PSB007	28	°m:h°	mh	linguistic	none	Volume=low	End=135.48	0x1	_	_	_
29-0	PSB007	29	per	per	linguistic	none	_	Begin=136.11	_	_	_	_
29-1	PSB007	29	portarmi	portarmi	linguistic	none	_	_	_	_	_	_
29-2	PSB007	29	anche	anche	linguistic	none	_	_	_	_	_	_
29-3	PSB007	29	mio	mio	linguistic	none	_	_	_	_	_	_
29-4	PSB007	29	papà	papà	linguistic	none	_	_	_	_	_	_
29-5	PSB007	29	anche	anche	linguistic	none	_	_	_	_	_	_
29-6	PSB007	29	mio	mio	linguistic	none	_	_	_	_	_	_
29-7	PSB007	29	cane	cane	linguistic	none	_	_	_	_	_	_
29-8	PSB007	29	{ride}	{ride}	nonverbalbehavior	none	_	End=139.07	_	_	_	_
30-0	PSB007	30	e:h	eh	linguistic	none	_	Begin=139.39	0x1	_	_	_
30-1	PSB007	30	fino	fino	linguistic	none	_	_	_	_	_	_
30-2	PSB007	30	a	a	linguistic	none	_	_	_	_	_	_
30-3	PSB007	30	italia	italia	linguistic	none	_	_	_	_	_	_
30-4	PSB007	30	e::	e	linguistic	none	_	End=141.45	0x2	_	_	_
31-0	PSB007	31	e	e	linguistic	none	_	Begin=142.03	_	_	_	_
31-1	PSB007	31	dopo	dopo	linguistic	none	_	_	_	_	_	_
31-2	PSB007	31	decidere	decidere	linguistic	none	_	_	_	_	_	_
31-3	PSB007	31	cosa	cosa	linguistic	none	_	_	_	_	_	_
31-4	PSB007	31	fare:	fare	linguistic	none	_	End=143.76	3x1	_	_	_
32-0	PSB005	32	mhmh	mhmh	linguistic	none	_	Begin=143.76|End=144.04	_	_	_	_
33-0	PSB005	33	ma	ma	linguistic	none	_	Begin=144.2	_	_	_	_
33-1	PSB005	33	c'	c'	linguistic	none	SpaceAfter=No	_	_	_	_	_
33-2	PSB005	33	era	era	linguistic	none	_	_	_	_	_	_
33-3	PSB005	33	qualche	qualche	linguistic	none	_	_	_	_	_	_
33-4	PSB005	33	motivo,	motivo	linguistic	none	Intonation=weakly_rising	_	_	_	_	_
33-5	PSB005	33	{P}	{P}	shortpause	none	_	_	_	_	_	_
33-6	PSB005	33	dico	dico	linguistic	none	_	_	_	_	_	_
33-7	PSB005	33	lo~	lo~	linguistic	none	Interrupted=Yes	_	_	_	_	_
33-8	PSB005	33	m:h	mh	linguistic	none	_	_	0x1	_	_	_
33-9	PSB005	33	pratico:,	pratico	linguistic	none	Intonation=weakly_rising	_	6x1	_	_	_
33-10	PSB005	33	perché	perché	linguistic	none	_	_	_	_	_	_
33-11	PSB005	33	non	non	linguistic	none	_	_	_	_	_	_
33-12	PSB005	33	avete	avete	linguistic	none	_	_	_	_	_	_
33-13	PSB005	33	preso	preso	linguistic	none	_	_	_	_	_	_
33-14	PSB005	33	un	un	linguistic	none	_	_	_	_	_	_
33-15	PSB005	33	aereo:	aereo	linguistic	none	_	_	4x1	_	_	_
33-16	PSB005	33	prenotando	prenotando	linguistic	none	_	_	_	_	_	_
33-17	PSB005	33	normalmente	normalmente	linguistic	none	_	_	_	_	_	_
33-18	PSB005	33	diciamo::	diciamo	linguistic	none	_	End=152.36	6x2	_	_	_
34-0	PSB005	34	dei	dei	linguistic	none	_	Begin=153.71	_	_	_	_
34-1	PSB005	34	motivi	motivi	linguistic	none	_	_	_	_	_	_
34-2	PSB005	34	burocratici,	burocratici	linguistic	none	Intonation=weakly_rising	_	_	_	_	_
34-3	PSB005	34	dei	dei	linguistic	none	_	_	_	_	_	_
34-4	PSB005	34	motivi	motivi	linguistic	none	_	_	_	_	_	_
34-5	PSB005	34	logistici:,	logistici	linguistic	none	Intonation=weakly_rising	_	8x1	_	_	_
34-6	PSB005	34	non	non	linguistic	none	_	_	_	_	_	_
34-7	PSB005	34	io	io	linguistic	none	_	_	_	_	_	_
34-8	PSB005	34	non	non	linguistic	none	_	_	_	_	_	_
34-9	PSB005	34	so,	so	linguistic	none	Intonation=weakly_rising	_	_	_	_	_
34-10	PSB005	34	i~	i~	linguistic	none	Interrupted=Yes	End=158.033	_	_	_	_
35-0	PSB007	35	sì	sì	linguistic	none	_	Begin=158.07	_	_	_	_
35-1	PSB007	35	sì	sì	linguistic	none	_	_	_	_	_	_
35-2	PSB007	35	[sì	sì	linguistic	none	_	_	_	_	_	0-2(1)
35-3	PSB007	35	no	no	linguistic	none	_	_	_	_	_	0-2(1)
35-4	PSB007	35	no	no	linguistic	none	_	_	_	_	_	0-2(1)
35-5	PSB007	35	adesso	adesso	linguistic	none	_	_	_	_	_	0-6(1)
35-6	PSB007	35	ti	ti	linguistic	none	_	_	_	_	_	0-2(1)
35-7	PSB007	35	spiego]	spiego	linguistic	none	_	_	_	_	_	0-6(1)
35-8	PSB007	35	sì	sì	linguistic	none	_	_	_	_	_	_
35-9	PSB007	35	certo	certo	linguistic	none	_	End=160.61	_	_	_	_
36-0	PSB005	36	[conta	conta	linguistic	none	_	Begin=158.326	_	_	_	0-5(1)
36-1	PSB005	36	che	che	linguistic	none	_	_	_	_	_	0-3(1)
36-2	PSB005	36	io	io	linguistic	none	_	_	_	_	_	0-2(1)
36-3	PSB005	36	non	non	linguistic	none	_	_	_	_	_	0-3(1)
36-4	PSB005	36	so	so	linguistic	none	_	_	_	_	_	0-2(1)
36-5	PSB005	36	assolutamente	assolutamente	linguistic	none	_	_	_	_	_	0-13(1)
36-6	PSB005	36	niente]	niente	linguistic	none	_	End=160.213	_	_	_	0-6(1)
37-0	PSB007	37	e:h	eh	linguistic	none	_	Begin=161.25|End=161.92	0x1	_	_	_
38-0	PSB007	38	allora,	allora	linguistic	none	Intonation=weakly_rising	Begin=162.72|End=163.19	_	_	_	_
39-0	PSB007	39	e:h	eh	linguistic	none	_	Begin=163.36	0x1	_	_	_
39-1	PSB007	39	NON	non	linguistic	none	Volume=high	_	_	_	_	_
39-2	PSB007	39	lo	lo	linguistic	none	_	_	_	_	_	_
39-3	PSB007	39	sapevo	sapevo	linguistic	none	_	_	_	_	_	_
39-4	PSB007	39	neanche	neanche	linguistic	none	_	_	_	_	_	_
39-5	PSB007	39	io::	io	linguistic	none	_	_	1x2	_	_	_
39-6	PSB007	39	perché	perché	linguistic	none	_	_	_	_	_	_
39-7	PSB007	39	di	di	linguistic	none	_	_	_	_	_	_
39-8	PSB007	39	solito	solito	linguistic	none	_	_	_	_	_	_
39-9	PSB007	39	quando::	quando	linguistic	none	_	_	5x2	_	_	_
39-10	PSB007	39	parliamo	parliamo	linguistic	none	_	_	_	_	_	_
39-11	PSB007	39	delle	delle	linguistic	none	_	_	_	_	_	_
39-12	PSB007	39	guerre:,	guerre	linguistic	none	Intonation=weakly_rising	_	5x1	_	_	_
39-13	PSB007	39	eh	eh	linguistic	none	_	_	_	_	_	_
39-14	PSB007	39	noi	noi	linguistic	none	_	_	_	_	_	_
39-15	PSB007	39	abbiamo	abbiamo	linguistic	none	_	_	_	_	_	_
39-16	PSB007	39	solo	solo	linguistic	none	_	_	_	_	_	_
39-17	PSB007	39	l'	l'	linguistic	none	SpaceAfter=No	_	_	_	_	_
39-18	PSB007	39	informazione	informazione	linguistic	none	_	_	_	_	_	_
39-19	PSB007	39	che	che	linguistic	none	_	_	_	_	_	_
39-20	PSB007	39	pot~	pot~	linguistic	none	Interrupted=Yes	_	_	_	_	_
39-21	PSB007	39	possiamo	possiamo	linguistic	none	_	_	_	_	_	_
39-22	PSB007	39	trovare	trovare	linguistic	none	_	_	_	_	_	_
39-23	PSB007	39	sui	sui	linguistic	none	_	_	_	_	_	_
39-24	PSB007	39	libri:	libri	linguistic	none	_	_	4x1	_	_	_
39-25	PSB007	39	oppure	oppure	linguistic	none	_	_	_	_	_	_
39-26	PSB007	39	guardando:	guardando	linguistic	none	_	_	8x1	_	_	_
39-27	PSB007	39	il	il	linguistic	none	_	_	_	_	_	_
39-28	PSB007	39	cinema:,	cinema	linguistic	none	Intonation=weakly_rising	_	5x1	_	_	_
39-29	PSB007	39	i	i	linguistic	none	_	_	_	_	_	_
39-30	PSB007	39	film,	film	linguistic	none	Intonation=weakly_rising	_	_	_	_	_
39-31	PSB007	39	eccetera	eccetera	linguistic	none	_	_	_	_	_	_
39-32	PSB007	39	eccetera	eccetera	linguistic	none	_	End=178.15	_	_	_	_
40-0	PSB007	40	MA	ma	linguistic	none	Volume=high	Begin=178.82	_	_	_	_
40-1	PSB007	40	la	la	linguistic	none	_	_	_	_	_	_
40-2	PSB007	40	realtà	realtà	linguistic	none	_	_	_	_	_	_
40-3	PSB007	40	{ride}	{ride}	nonverbalbehavior	none	_	_	_	_	_	_
40-4	PSB007	40	è	è	linguistic	none	_	_	_	_	_	_
40-5	PSB007	40	molto	molto	linguistic	none	_	_	_	_	_	_
40-6	PSB007	40	lontana	lontana	linguistic	none	_	_	_	_	_	_
40-7	PSB007	40	da	da	linguistic	none	_	_	_	_	_	_
40-8	PSB007	40	quello	quello	linguistic	none	_	_	_	_	_	_
40-9	PSB007	40	che	che	linguistic	none	_	_	_	_	_	_
40-10	PSB007	40	eh	eh	linguistic	none	_	_	_	_	_	_
40-11	PSB007	40	puoi	puoi	linguistic	none	_	_	_	_	_	_
40-12	PSB007	40	trovare	trovare	linguistic	none	_	_	_	_	_	_
40-13	PSB007	40	in	in	linguistic	none	_	_	_	_	_	_
40-14	PSB007	40	qualche::	qualche	linguistic	none	_	_	6x2	_	_	_
40-15	PSB007	40	°m:h°	mh	linguistic	none	Volume=low	End=186.96	0x1	_	_	_
41-0	PSB007	41	in	in	linguistic	none	_	Begin=188.49	_	_	_	_
41-1	PSB007	41	qualche	qualche	linguistic	none	_	_	_	_	_	_
41-2	PSB007	41	libro	libro	linguistic	none	_	_	_	_	_	_
41-3	PSB007	41	per	per	linguistic	none	_	_	_	_	_	_
41-4	PSB007	41	esempio,	esempio	linguistic	none	Intonation=weakly_rising	End=190.01	_	_	_	_
42-0	PSB007	42	quindi	quindi	linguistic	none	_	Begin=190.6	_	_	_	_
42-1	PSB007	42	cosa	cosa	linguistic	none	_	_	_	_	_	_
42-2	PSB007	42	succede	succede	linguistic	none	_	_	_	_	_	_
42-3	PSB007	42	quando	quando	linguistic	none	_	_	_	_	_	_
42-4	PSB007	42	inizia	inizia	linguistic	none	_	_	_	_	_	_
42-5	PSB007	42	la	la	linguistic	none	_	_	_	_	_	_
42-6	PSB007	42	guerra:,	guerra	linguistic	none	Intonation=weakly_rising	End=193.56	5x1	_	_	_
43-0	PSB007	43	iniziano	iniziano	linguistic	none	_	Begin=193.99	_	_	_	_
43-1	PSB007	43	i	i	linguistic	none	_	_	_	_	_	_
43-2	PSB007	43	bombardamenti,	bombardamenti	linguistic	none	Intonation=weakly_rising	End=195.93	_	_	_	_
44-0	PSB007	44	e	e	linguistic	none	_	Begin=196.13	_	_	_	_
44-1	PSB007	44	subito	subito	linguistic	none	_	_	_	_	_	_
44-2	PSB007	44	tutto	tutto	linguistic	none	_	_	_	_	_	_
44-3	PSB007	44	il	il	linguistic	none	_	_	_	_	_	_
44-4	PSB007	44	trasporto	trasporto	linguistic	none	_	_	_	_	_	_
44-5	PSB007	44	tutti	tutti	linguistic	none	_	_	_	_	_	_
44-6	PSB007	44	i	i	linguistic	none	_	_	_	_	_	_
44-7	PSB007	44	mezzi	mezzi	linguistic	none	_	_	_	_	_	_
44-8	PSB007	44	di	di	linguistic	none	_	_	_	_	_	_
44-9	PSB007	44	trasporto:,	trasporto	linguistic	none	Intonation=weakly_rising	_	8x1	_	_	_
44-10	PSB007	44	{P}	{P}	shortpause	none	_	_	_	_	_	_
44-11	PSB007	44	e::h	eh	linguistic	none	_	_	0x2	_	_	_
44-12	PSB007	44	sono	sono	linguistic	none	_	_	_	_	_	_
44-13	PSB007	44	bloccati:	bloccati	linguistic	none	_	End=202.39	7x1	_	_	_
45-0	PSB005	45	mhmh	mhmh	linguistic	none	_	Begin=202.47|End=202.8	_	_	_	_
46-0	PSB007	46	quindi	quindi	linguistic	none	_	Begin=204.14|End=204.8	_	_	_	_
47-0	PSB007	47	c'	c'	linguistic	none	SpaceAfter=No	Begin=205.34	_	_	_	_
47-1	PSB007	47	era	era	linguistic	none	_	_	_	_	_	_
47-2	PSB007	47	il	il	linguistic	none	_	_	_	_	_	_
47-3	PSB007	47	periodo:	periodo	linguistic	none	_	_	6x1	_	_	_
47-4	PSB007	47	quando:	quando	linguistic	none	_	_	5x1	_	_	_
47-5	PSB007	47	non	non	linguistic	none	_	_	_	_	_	_
47-6	PSB007	47	ha	ha	linguistic	none	_	_	_	_	_	_
47-7	PSB007	47	funzionato	funzionato	linguistic	none	_	_	_	_	_	_
47-8	PSB007	47	neanche	neanche	linguistic	none	_	_	_	_	_	_
47-9	PSB007	47	e:h	eh	linguistic	none	_	_	0x1	_	_	_
47-10	PSB007	47	m:h	mh	linguistic	none	_	End=210.84	0x1	_	_	_
48-0	PSB007	48	la	la	linguistic	none	_	Begin=212.0	_	_	_	_
48-1	PSB007	48	ferrovia,	ferrovia	linguistic	none	Intonation=weakly_rising	End=213.01	_	_	_	_
49-0	PSB005	49	°mhmh°	mhmh	linguistic	none	Volume=low	Begin=213.01|End=213.3	_	_	_	_
50-0	PSB007	50	noi	noi	linguistic	none	_	Begin=215.01	_	_	_	_
50-1	PSB007	50	non	non	linguistic	none	_	_	_	_	_	_
50-2	PSB007	50	abbiamo	abbiamo	linguistic	none	_	_	_	_	_	_
50-3	PSB007	50	la	la	linguistic	none	_	_	_	_	_	_
50-4	PSB007	50	macchina	macchina	linguistic	none	_	End=216.56	_	_	_	_
51-0	PSB007	51	cioè	cioè	linguistic	none	_	Begin=217.19	_	_	_	_
51-1	PSB007	51	nella	nella	linguistic	none	_	_	_	_	_	_
51-2	PSB007	51	mia	mia	linguistic	none	_	_	_	_	_	_
51-3	PSB007	51	famiglia::	famiglia	linguistic	none	_	End=218.55	7x2	_	_	_
52-0	PSB007	52	sì	sì	linguistic	none	_	Begin=218.87	_	_	_	_
52-1	PSB007	52	lo	lo	linguistic	none	_	_	_	_	_	_
52-2	PSB007	52	so	so	linguistic	none	_	_	_	_	_	_
52-3	PSB007	52	che	che	linguistic	none	_	_	_	_	_	_
52-4	PSB007	52	è	è	linguistic	none	_	_	_	_	_	_
52-5	PSB007	52	molto	molto	linguistic	none	_	_	_	_	_	_
52-6	PSB007	52	stra[no:	strano	linguistic	none	_	_	5x1	_	_	4-6(2)
52-7	PSB007	52	{ride}	{ride}	nonverbalbehavior	none	_	_	_	_	_	0-6(2)
52-8	PSB007	52	a	a	linguistic	none	_	_	_	_	_	0-1(2)
52-9	PSB007	52	sentire	sentire	linguistic	none	_	_	_	_	_	0-7(2)
52-10	PSB007	52	in	in	linguistic	none	_	_	_	_	_	0-2(2)
52-11	PSB007	52	italia:	italia	linguistic	none	_	_	5x1	_	_	0-6(2)
52-12	PSB007	52	ma]	ma	linguistic	none	_	End=222.5	_	_	_	0-2(2)
53-0	PSB005	53	[no	no	linguistic	none	_	Begin=220.31	_	_	_	0-2(2)
53-1	PSB005	53	no	no	linguistic	none	_	_	_	_	_	0-2(2)
53-2	PSB005	53	ma	ma	linguistic	none	_	_	_	_	_	0-2(2)
53-3	PSB005	53	non	non	linguistic	none	_	_	_	_	_	0-3(2)
53-4	PSB005	53	no	no	linguistic	none	_	_	_	_	_	0-2(2)
53-5	PSB005	53	{P}	{P}	shortpause	none	_	_	_	_	_	0-3(2)
53-6	PSB005	53	no]	no	linguistic	none	_	_	_	_	_	0-2(2)
53-7	PSB005	53	no	no	linguistic	none	_	_	_	_	_	_
53-8	PSB005	53	non	non	linguistic	none	_	_	_	_	_	_
53-9	PSB005	53	necessariamente	necessariamente	linguistic	none	_	_	_	_	_	_
53-10	PSB005	53	no	no	linguistic	none	_	End=223.58	_	_	_	_
54-0	PSB007	54	in	in	linguistic	none	_	Begin=223.58	_	_	_	_
54-1	PSB007	54	ucraina	ucraina	linguistic	none	_	_	_	_	_	_
54-2	PSB007	54	non	non	linguistic	none	_	_	_	_	_	_
54-3	PSB007	54	è:	è	linguistic	none	_	_	0x1	_	_	_
54-4	PSB007	54	m:::h	mh	linguistic	none	_	End=226.16	0x3	_	_	_
55-0	PSB007	55	non	non	linguistic	none	_	Begin=227.2	_	_	_	_
55-1	PSB007	55	non	non	linguistic	none	_	_	_	_	_	_
55-2	PSB007	55	è	è	linguistic	none	_	_	_	_	_	_
55-3	PSB007	55	molto::	molto	linguistic	none	_	_	4x2	_	_	_
55-4	PSB007	55	cioè	cioè	linguistic	none	_	_	_	_	_	_
55-5	PSB007	55	non	non	linguistic	none	_	_	_	_	_	_
55-6	PSB007	55	è	è	linguistic	none	_	_	_	_	_	_
55-7	PSB007	55	come	come	linguistic	none	_	_	_	_	_	_
55-8	PSB007	55	qui:,	qui	linguistic	none	Intonation=weakly_rising	_	2x1	_	_	_
55-9	PSB007	55	quando:	quando	linguistic	none	_	_	5x1	_	_	_
55-10	PSB007	55	quasi	quasi	linguistic	none	_	_	_	_	_	_
55-11	PSB007	55	ogni	ogni	linguistic	none	_	_	_	_	_	_
55-12	PSB007	55	famiglia	famiglia	linguistic	none	_	_	_	_	_	_
55-13	PSB007	55	ha	ha	linguistic	none	_	_	_	_	_	_
55-14	PSB007	55	una	una	linguistic	none	_	_	_	_	_	_
55-15	PSB007	55	macchina:	macchina	linguistic	none	_	_	7x1	_	_	_
55-16	PSB007	55	è	è	linguistic	none	_	_	_	_	_	_
55-17	PSB007	55	una	una	linguistic	none	_	_	_	_	_	_
55-18	PSB007	55	cosa	cosa	linguistic	none	_	_	_	_	_	_
55-19	PSB007	55	super	super	linguistic	none	_	_	_	_	_	_
55-20	PSB007	55	[normale:]	normale	linguistic	none	_	_	6x1	_	_	0-7(3)
55-21	PSB007	55	xx	x	unknown	none	_	End=236.76	_	_	_	_
56-0	PSB005	56	[mhmh	mhmh	linguistic	none	_	Begin=235.49	_	_	_	0-4(3)
56-1	PSB005	56	sì	sì	linguistic	none	_	_	_	_	_	0-2(3)
56-2	PSB005	56	sì]	sì	linguistic	none	_	End=236.52	_	_	_	0-2(3)
57-0	PSB007	57	sì	sì	linguistic	none	_	Begin=237.07|End=237.37	_	_	_	_
58-0	PSB007	58	e:h	eh	linguistic	none	_	Begin=237.76	0x1	_	_	_
58-1	PSB007	58	mh	mh	linguistic	none	_	End=238.54	_	_	_	_
59-0	PSB007	59	@nomeluogo	nomeluogo	linguistic	none	_	Begin=238.85	_	_	_	_
59-1	PSB007	59	è	è	linguistic	none	_	_	_	_	_	_
59-2	PSB007	59	una	una	linguistic	none	_	_	_	_	_	_
59-3	PSB007	59	città	città	linguistic	none	_	_	_	_	_	_
59-4	PSB007	59	grande	grande	linguistic	none	_	_	_	_	_	_
59-5	PSB007	59	con	con	linguistic	none	_	_	_	_	_	_
59-6	PSB007	59	tantissimi::	tantissimi	linguistic	none	_	_	9x2	_	_	_
59-7	PSB007	59	autobu:s,	autobus	linguistic	none	Intonation=weakly_rising	_	5x1	_	_	_
59-8	PSB007	59	con	con	linguistic	none	_	_	_	_	_	_
59-9	PSB007	59	metropolitana:,	metropolitana	linguistic	none	Intonation=weakly_rising	End=245.47	12x1	_	_	_
60-0	PSB007	60	e	e	linguistic	none	_	Begin=245.69	_	_	_	_
60-1	PSB007	60	quindi	quindi	linguistic	none	_	_	_	_	_	_
60-2	PSB007	60	non	non	linguistic	none	_	_	_	_	_	_
60-3	PSB007	60	non	non	linguistic	none	_	_	_	_	_	_
60-4	PSB007	60	non	non	linguistic	none	_	_	_	_	_	_
60-5	PSB007	60	non	non	linguistic	none	_	_	_	_	_	_
60-6	PSB007	60	avevo	avevo	linguistic	none	_	_	_	_	_	_
60-7	PSB007	60	bisogno	bisogno	linguistic	none	_	_	_	_	_	_
60-8	PSB007	60	mai	mai	linguistic	none	_	_	_	_	_	_
60-9	PSB007	60	di	di	linguistic	none	_	_	_	_	_	_
60-10	PSB007	60	avere	avere	linguistic	none	_	_	_	_	_	_
60-11	PSB007	60	la	la	linguistic	none	_	_	_	_	_	_
60-12	PSB007	60	macchina	macchina	linguistic	none	_	_	_	_	_	_
60-13	PSB007	60	mia:,	mia	linguistic	none	Intonation=weakly_rising	End=250.65	2x1	_	_	_
61-0	PSB007	61	e::	e	linguistic	none	_	Begin=251.11	0x2	_	_	_
61-1	PSB007	61	m:h	mh	linguistic	none	_	_	0x1	_	_	_
61-2	PSB007	61	l'	l'	linguistic	none	SpaceAfter=No	_	_	_	_	_
61-3	PSB007	61	aereo	aereo	linguistic	none	_	_	_	_	_	_
61-4	PSB007	61	ovviamente	ovviamente	linguistic	none	_	_	_	_	_	_
61-5	PSB007	61	tu	tu	linguistic	none	_	_	_	_	_	_
61-6	PSB007	61	non	non	linguistic	none	_	_	_	_	_	_
61-7	PSB007	61	puoi	puoi	linguistic	none	_	_	_	_	_	_
61-8	PSB007	61	usare	usare	linguistic	none	_	_	_	_	_	_
61-9	PSB007	61	perché	perché	linguistic	none	_	_	_	_	_	_
61-10	PSB007	61	aeroporto	aeroporto	linguistic	none	_	_	_	_	_	_
61-11	PSB007	61	è	è	linguistic	none	_	_	_	_	_	_
61-12	PSB007	61	chiu[so:]	chiuso	linguistic	none	_	End=255.84	5x1	_	_	3-6(4)
62-0	PSB005	62	[mh]mh	mhmh	linguistic	none	_	Begin=255.7|End=256.03	_	_	_	0-2(4)
63-0	PSB007	63	perché	perché	linguistic	none	_	Begin=256.16	_	_	_	_
63-1	PSB007	63	il	il	linguistic	none	_	_	_	_	_	_
63-2	PSB007	63	<cielo>	cielo	linguistic	none	_	_	_	Slow=0-5(0)	_	_
63-3	PSB007	63	è	è	linguistic	none	_	_	_	_	_	_
63-4	PSB007	63	chiuso	chiuso	linguistic	none	_	_	_	_	_	_
63-5	PSB007	63	perché	perché	linguistic	none	_	_	_	_	_	_
63-6	PSB007	63	se	se	linguistic	none	_	_	_	_	_	_
63-7	PSB007	63	qualcosa	qualcosa	linguistic	none	_	_	_	_	_	_
63-8	PSB007	63	{P}	{P}	shortpause	none	_	_	_	_	_	_
63-9	PSB007	63	[può	può	linguistic	none	_	_	_	_	_	0-3(5)
63-10	PSB007	63	cade]re	cadere	linguistic	none	_	_	_	_	_	0-4(5)
63-11	PSB007	63	da	da	linguistic	none	_	_	_	_	_	_
63-12	PSB007	63	dal	dal	linguistic	none	_	_	_	_	_	_
63-13	PSB007	63	cielo	cielo	linguistic	none	_	_	_	_	_	_
63-14	PSB007	63	ovviamente	ovviamente	linguistic	none	_	_	_	_	_	_
63-15	PSB007	63	non	non	linguistic	none	_	_	_	_	_	_
63-16	PSB007	63	puoi	puoi	linguistic	none	_	_	_	_	_	_
63-17	PSB007	63	usare	usare	linguistic	none	_	End=263.4	_	_	_	_
64-0	PSB005	64	[mhmh]	mhmh	linguistic	none	_	Begin=260.36|End=260.77	_	_	_	0-4(5)
65-0	PSB007	65	e::hm:	ehm	linguistic	none	_	Begin=264.02	0x2,2x1	_	_	_
65-1	PSB007	65	quindi::	quindi	linguistic	none	_	_	5x2	_	_	_
65-2	PSB007	65	abbiamo	abbiamo	linguistic	none	_	_	_	_	_	_
65-3	PSB007	65	aspettato:	aspettato	linguistic	none	_	_	8x1	_	_	_
65-4	PSB007	65	due	due	linguistic	none	_	_	_	_	_	_
65-5	PSB007	65	settimane	settimane	linguistic	none	_	_	_	_	_	_
65-6	PSB007	65	mi	mi	linguistic	none	_	_	_	_	_	_
65-7	PSB007	65	sembra	sembra	linguistic	none	_	End=270.47	_	_	_	_
66-0	PSB007	66	forse	forse	linguistic	none	_	Begin=270.92	_	_	_	_
66-1	PSB007	66	tre	tre	linguistic	none	_	_	_	_	_	_
66-2	PSB007	66	non	non	linguistic	none	_	_	_	_	_	_
66-3	PSB007	66	mi	mi	linguistic	none	_	_	_	_	_	_
66-4	PSB007	66	ricordo	ricordo	linguistic	none	_	End=272.4	_	_	_	_
67-0	PSB007	67	e:hm:	ehm	linguistic	none	_	Begin=273.13|End=274.22	0x1,2x1	_	_	_
68-0	PSB007	68	<quando:>	quando	linguistic	none	_	Begin=275.25|End=276.54	5x1	Slow=0-6(0)	_	_
69-0	PSB007	69	c~	c~	linguistic	none	Interrupted=Yes	Begin=277.24	_	_	_	_
69-1	PSB007	69	è	è	linguistic	none	_	_	_	_	_	_
69-2	PSB007	69	arrivata	arrivata	linguistic	none	_	_	_	_	_	_
69-3	PSB007	69	la	la	linguistic	none	_	_	_	_	_	_
69-4	PSB007	69	pos~	pos~	linguistic	none	Interrupted=Yes	_	_	_	_	_
69-5	PSB007	69	possibilità	possibilità	linguistic	none	_	_	_	_	_	_
69-6	PSB007	69	di:	di	linguistic	none	_	_	1x1	_	_	_
69-7	PSB007	69	e::h	eh	linguistic	none	_	_	0x2	_	_	_
69-8	PSB007	69	fuggire	fuggire	linguistic	none	_	_	_	_	_	_
69-9	PSB007	69	e:h	eh	linguistic	none	_	_	0x1	_	_	_
69-10	PSB007	69	in	in	linguistic	none	_	_	_	_	_	_
69-11	PSB007	69	treno:,	treno	linguistic	none	Intonation=weakly_rising	End=282.78	4x1	_	_	_
70-0	PSB005	70	mhmh	mhmh	linguistic	none	_	Begin=283.07|End=283.36	_	_	_	_
71-0	PSB007	71	ma	ma	linguistic	none	_	Begin=283.99	_	_	_	_
71-1	PSB007	71	non	non	linguistic	none	_	_	_	_	_	_
71-2	PSB007	71	era	era	linguistic	none	_	_	_	_	_	_
71-3	PSB007	71	un	un	linguistic	none	_	_	_	_	_	_
71-4	PSB007	71	treno	treno	linguistic	none	_	_	_	_	_	_
71-5	PSB007	71	normale,	normale	linguistic	none	Intonation=weakly_rising	_	_	_	_	_
71-6	PSB007	71	non	non	linguistic	none	_	_	_	_	_	_
71-7	PSB007	71	è	è	linguistic	none	_	_	_	_	_	_
71-8	PSB007	71	la	la	linguistic	none	_	_	_	_	_	_
71-9	PSB007	71	situazione	situazione	linguistic	none	_	_	_	_	_	_
71-10	PSB007	71	quando	quando	linguistic	none	_	_	_	_	_	_
71-11	PSB007	71	tu	tu	linguistic	none	_	_	_	_	_	_
71-12	PSB007	71	puoi	puoi	linguistic	none	_	_	_	_	_	_
71-13	PSB007	71	andare	andare	linguistic	none	_	_	_	_	_	_
71-14	PSB007	71	alla	alla	linguistic	none	_	_	_	_	_	_
71-15	PSB007	71	stazione	stazione	linguistic	none	_	_	_	_	_	_
71-16	PSB007	71	oppur[e:]	oppure	linguistic	none	_	End=289.46	5x1	_	_	5-6(6)
72-0	PSB005	72	[sì	sì	linguistic	none	_	Begin=289.15	_	_	_	0-2(6)
72-1	PSB005	72	sì]	sì	linguistic	none	_	End=289.45	_	_	_	0-2(6)
73-0	PSB007	73	sul	sul	linguistic	none	_	Begin=289.6	_	_	_	_
73-1	PSB007	73	sito	sito	linguistic	none	_	_	_	_	_	_
73-2	PSB007	73	trenitalia:,	trenitalia	linguistic	none	Intonation=weakly_rising	_	9x1	_	_	_
73-3	PSB007	73	comprare	comprare	linguistic	none	_	_	_	_	_	_
73-4	PSB007	73	un	un	linguistic	none	_	_	_	_	_	_
73-5	PSB007	73	biglietto:,	biglietto	linguistic	none	Intonation=weakly_rising	_	8x1	_	_	_
73-6	PSB007	73	e:	e	linguistic	none	_	End=293.07	0x1	_	_	_
74-0	PSB007	74	sai	sai	linguistic	none	_	Begin=293.73	_	_	_	_
74-1	PSB007	74	che	che	linguistic	none	_	_	_	_	_	_
74-2	PSB007	74	domani	domani	linguistic	none	_	_	_	_	_	_
74-3	PSB007	74	alle	alle	linguistic	none	_	_	_	_	_	_
74-4	PSB007	74	tre:,	tre	linguistic	none	Intonation=weakly_rising	_	2x1	_	_	_
74-5	PSB007	74	e:h	eh	linguistic	none	_	_	0x1	_	_	_
74-6	PSB007	74	parte	parte	linguistic	none	_	_	_	_	_	_
74-7	PSB007	74	il	il	linguistic	none	_	_	_	_	_	_
74-8	PSB007	74	tuo	tuo	linguistic	none	_	_	_	_	_	_
74-9	PSB007	74	treno,	treno	linguistic	none	Intonation=weakly_rising	_	_	_	_	_
74-10	PSB007	74	no.	no	linguistic	none	Intonation=falling	End=298.25	_	_	_	_
75-0	PSB007	75	e::h	eh	linguistic	none	_	Begin=298.54|End=299.22	0x2	_	_	_
76-0	PSB007	76	°m:h°	mh	linguistic	none	Volume=low	Begin=299.62	0x1	_	_	_
76-1	PSB007	76	i	i	linguistic	none	_	_	_	_	_	_
76-2	PSB007	76	treni:	treni	linguistic	none	_	_	4x1	_	_	_
76-3	PSB007	76	in	in	linguistic	none	_	_	_	_	_	_
76-4	PSB007	76	quel	quel	linguistic	none	_	_	_	_	_	_
76-5	PSB007	76	periodo	periodo	linguistic	none	_	_	_	_	_	_
76-6	PSB007	76	erano::	erano	linguistic	none	_	_	4x2	_	_	_
76-7	PSB007	76	così::	così	linguistic	none	_	_	3x2	_	_	_
76-8	PSB007	76	quando	quando	linguistic	none	_	_	_	_	_	_
76-9	PSB007	76	viene	viene	linguistic	none	_	_	_	_	_	_
76-10	PSB007	76	viene	viene	linguistic	none	_	End=305.61	_	_	_	_
77-0	PSB007	77	i	i	linguistic	none	_	Begin=306.12	_	_	_	_
77-1	PSB007	77	biglietti	biglietti	linguistic	none	_	_	_	_	_	_
77-2	PSB007	77	non	non	linguistic	none	_	_	_	_	_	_
77-3	PSB007	77	ci	ci	linguistic	none	_	_	_	_	_	_
77-4	PSB007	77	sono,	sono	linguistic	none	Intonation=weakly_rising	End=307.45	_	_	_	_
78-0	PSB005	78	mhmh	mhmh	linguistic	none	_	Begin=307.49|End=307.92	_	_	_	_
79-0	PSB007	79	ciò	ciò	linguistic	none	_	Begin=307.98	_	_	_	_
79-1	PSB007	79	quando	quando	linguistic	none	_	_	_	_	_	_
79-2	PSB007	79	parliamo	parliamo	linguistic	none	_	_	_	_	_	_
79-3	PSB007	79	delle	delle	linguistic	none	_	_	_	_	_	_
79-4	PSB007	79	situazioni	situazioni	linguistic	none	_	_	_	_	_	_
79-5	PSB007	79	dell'	dell'	linguistic	none	SpaceAfter=No	_	_	_	_	_
79-6	PSB007	79	emergenza:,	emergenza	linguistic	none	Intonation=weakly_rising	End=310.97	8x1	_	_	_
80-0	PSB005	80	sì	sì	linguistic	none	_	Begin=310.97	_	_	_	_
80-1	PSB005	80	sì	sì	linguistic	none	_	End=311.47	_	_	_	_
81-0	PSB007	81	non	non	linguistic	none	_	Begin=311.92	_	_	_	_
81-1	PSB007	81	ci	ci	linguistic	none	_	_	_	_	_	_
81-2	PSB007	81	sono	sono	linguistic	none	_	_	_	_	_	_
81-3	PSB007	81	non	non	linguistic	none	_	_	_	_	_	_
81-4	PSB007	81	puoi	puoi	linguistic	none	_	_	_	_	_	_
81-5	PSB007	81	prenotare,	prenotare	linguistic	none	Intonation=weakly_rising	_	_	_	_	_
81-6	PSB007	81	non	non	linguistic	none	_	_	_	_	_	_
81-7	PSB007	81	sai	sai	linguistic	none	_	_	_	_	_	_
81-8	PSB007	81	l'	l'	linguistic	none	SpaceAfter=No	_	_	_	_	_
81-9	PSB007	81	orario:,	orario	linguistic	none	Intonation=weakly_rising	End=314.93	5x1	_	_	_
82-0	PSB007	82	e:h	eh	linguistic	none	_	Begin=315.33	0x1	_	_	_
82-1	PSB007	82	quindi	quindi	linguistic	none	_	_	_	_	_	_
82-2	PSB007	82	siamo	siamo	linguistic	none	_	_	_	_	_	_
82-3	PSB007	82	venuti	venuti	linguistic	none	_	_	_	_	_	_
82-4	PSB007	82	con	con	linguistic	none	_	_	_	_	_	_
82-5	PSB007	82	papà:	papà	linguistic	none	_	_	3x1	_	_	_
82-6	PSB007	82	eh	eh	linguistic	none	_	_	_	_	_	_
82-7	PSB007	82	alla	alla	linguistic	none	_	_	_	_	_	_
82-8	PSB007	82	stazione::	stazione	linguistic	none	_	_	7x2	_	_	_
82-9	PSB007	82	m:h	mh	linguistic	none	_	End=320.8	0x1	_	_	_
83-0	PSB007	83	con	con	linguistic	none	_	Begin=321.1	_	_	_	_
83-1	PSB007	83	u:n	un	linguistic	none	_	_	0x1	_	_	_
83-2	PSB007	83	e:h	eh	linguistic	none	_	End=323.12	0x1	_	_	_
84-0	PSB007	84	diciamo	diciamo	linguistic	none	_	Begin=323.75	_	_	_	_
84-1	PSB007	84	<TAXI>	taxi	linguistic	none	Volume=high	_	_	Slow=0-4(0)	_	_
84-2	PSB007	84	perché	perché	linguistic	none	_	_	_	_	_	_
84-3	PSB007	84	anche	anche	linguistic	none	_	_	_	_	_	_
84-4	PSB007	84	taxi	taxi	linguistic	none	_	_	_	_	_	_
84-5	PSB007	84	non	non	linguistic	none	_	_	_	_	_	_
84-6	PSB007	84	non	non	linguistic	none	_	_	_	_	_	_
84-7	PSB007	84	c'	c'	linguistic	none	SpaceAfter=No	_	_	_	_	_
84-8	PSB007	84	erano::	erano	linguistic	none	_	_	4x2	_	_	_
84-9	PSB007	84	molto	molto	linguistic	none	_	End=328.11	_	_	_	_
85-0	PSB007	85	sì	sì	linguistic	none	_	Begin=332.08	_	_	_	_
85-1	PSB007	85	perché	perché	linguistic	none	_	_	_	_	_	_
85-2	PSB007	85	le	le	linguistic	none	_	_	_	_	_	_
85-3	PSB007	85	persona	persona	linguistic	none	_	_	_	_	_	_
85-4	PSB007	85	avevano	avevano	linguistic	none	_	_	_	_	_	_
85-5	PSB007	85	la	la	linguistic	none	_	_	_	_	_	_
85-6	PSB007	85	paura	paura	linguistic	none	_	_	_	_	_	_
85-7	PSB007	85	di:	di	linguistic	none	_	_	1x1	_	_	_
85-8	PSB007	85	lavorare	lavorare	linguistic	none	_	_	_	_	_	_
85-9	PSB007	85	i~	i~	linguistic	none	Interrupted=Yes	_	_	_	_	_
85-10	PSB007	85	{P}[]	{P}	shortpause	none	_	_	_	_	_	0-3(7)
85-11	PSB007	85	quando	quando	linguistic	none	_	_	_	_	_	_
85-12	PSB007	85	ci	ci	linguistic	none	_	_	_	_	_	_
85-13	PSB007	85	sono	sono	linguistic	none	_	_	_	_	_	_
85-14	PSB007	85	i	i	linguistic	none	_	_	_	_	_	_
85-15	PSB007	85	bombardamenti,	bombardamenti	linguistic	none	Intonation=weakly_rising	_	_	_	_	_
85-16	PSB007	85	ma	ma	linguistic	none	_	_	_	_	_	_
85-17	PSB007	85	ho	ho	linguistic	none	_	_	_	_	_	_
85-18	PSB007	85	trovato	trovato	linguistic	none	_	_	_	_	_	_
85-19	PSB007	85	comunque	comunque	linguistic	none	_	_	_	_	_	_
85-20	PSB007	85	la	la	linguistic	none	_	_	_	_	_	_
85-21	PSB007	85	possibilità,	possibilità	linguistic	none	Intonation=weakly_rising	_	_	_	_	_
85-22	PSB007	85	e::	e	linguistic	none	_	End=340.78	0x2	_	_	_
86-0	PSB005	86	[mhmh]	mhmh	linguistic	none	_	Begin=335.88|End=336.39	_	_	_	0-4(7)
87-0	PSB007	87	alla	alla	linguistic	none	_	Begin=341.43	_	_	_	_
87-1	PSB007	87	stazione	stazione	linguistic	none	_	_	_	_	_	_
87-2	PSB007	87	abbiamo	abbiamo	linguistic	none	_	_	_	_	_	_
87-3	PSB007	87	aspettato	aspettato	linguistic	none	_	_	_	_	_	_
87-4	PSB007	87	con	con	linguistic	none	_	_	_	_	_	_
87-5	PSB007	87	papà,	papà	linguistic	none	Intonation=weakly_rising	_	_	_	_	_
87-6	PSB007	87	mi	mi	linguistic	none	_	_	_	_	_	_
87-7	PSB007	87	sembra	sembra	linguistic	none	_	_	_	_	_	_
87-8	PSB007	87	sei	sei	linguistic	none	_	_	_	_	_	_
87-9	PSB007	87	ore?	ore	linguistic	none	Intonation=rising	End=344.72	_	_	_	_
88-0	PSB007	88	sì	sì	linguistic	none	_	Begin=345.81	_	_	_	_
88-1	PSB007	88	sì	sì	linguistic	none	_	End=346.43	_	_	_	_
89-0	PSB007	89	e::	e	linguistic	none	_	Begin=347.57	0x2	_	_	_
89-1	PSB007	89	m::h	mh	linguistic	none	_	_	0x2	_	_	_
89-2	PSB007	89	e	e	linguistic	none	_	_	_	_	_	_
89-3	PSB007	89	dopo	dopo	linguistic	none	_	_	_	_	_	_
89-4	PSB007	89	c'	c'	linguistic	none	SpaceAfter=No	_	_	_	_	_
89-5	PSB007	89	era	era	linguistic	none	_	_	_	_	_	_
89-6	PSB007	89	un	un	linguistic	none	_	_	_	_	_	_
89-7	PSB007	89	treno	treno	linguistic	none	_	_	_	_	_	_
89-8	PSB007	89	da::	da	linguistic	none	_	_	1x2	_	_	_
89-9	PSB007	89	mh	mh	linguistic	none	_	End=351.91	_	_	_	_
90-0	PSB007	90	@nomeluogo	nomeluogo	linguistic	none	_	Begin=352.28	_	_	_	_
90-1	PSB007	90	fino:	fino	linguistic	none	_	_	3x1	_	_	_
90-2	PSB007	90	leopoli,	leopoli	linguistic	none	Intonation=weakly_rising	End=354.34	_	_	_	_
91-0	PSB007	91	a	a	linguistic	none	_	Begin=355.8	_	_	_	_
91-1	PSB007	91	leopoli	leopoli	linguistic	none	_	_	_	_	_	_
91-2	PSB007	91	ci	ci	linguistic	none	_	_	_	_	_	_
91-3	PSB007	91	siamo	siamo	linguistic	none	_	_	_	_	_	_
91-4	PSB007	91	stati::	stati	linguistic	none	_	_	4x2	_	_	_
91-5	PSB007	91	un	un	linguistic	none	_	_	_	_	_	_
91-6	PSB007	91	paio	paio	linguistic	none	_	_	_	_	_	_
91-7	PSB007	91	di	di	linguistic	none	_	_	_	_	_	_
91-8	PSB007	91	di	di	linguistic	none	_	_	_	_	_	_
91-9	PSB007	91	giorni	giorni	linguistic	none	_	_	_	_	_	_
91-10	PSB007	91	forse	forse	linguistic	none	_	_	_	_	_	_
91-11	PSB007	91	tre,	tre	linguistic	none	Intonation=weakly_rising	_	_	_	_	_
91-12	PSB007	91	non	non	linguistic	none	_	_	_	_	_	_
91-13	PSB007	91	mi	mi	linguistic	none	_	_	_	_	_	_
91-14	PSB007	91	ricordo	ricordo	linguistic	none	_	_	_	_	_	_
91-15	PSB007	91	bene,	bene	linguistic	none	Intonation=weakly_rising	End=362.43	_	_	_	_
92-0	PSB007	92	e:h	eh	linguistic	none	_	Begin=363.26	0x1	_	_	_
92-1	PSB007	92	mh	mh	linguistic	none	_	_	_	_	_	_
92-2	PSB007	92	perché	perché	linguistic	none	_	_	_	_	_	_
92-3	PSB007	92	dovevo	dovevo	linguistic	none	_	_	_	_	_	_
92-4	PSB007	92	trovare	trovare	linguistic	none	_	_	_	_	_	_
92-5	PSB007	92	mh	mh	linguistic	none	_	_	_	_	_	_
92-6	PSB007	92	il	il	linguistic	none	_	_	_	_	_	_
92-7	PSB007	92	modo	modo	linguistic	none	_	_	_	_	_	_
92-8	PSB007	92	come	come	linguistic	none	_	_	_	_	_	_
92-9	PSB007	92	arrivare	arrivare	linguistic	none	_	_	_	_	_	_
92-10	PSB007	92	<da	da	linguistic	none	_	_	_	Slow=0-2(0)	_	_
92-11	PSB007	92	leopoli>	leopoli	linguistic	none	_	_	_	Slow=0-7(0)	_	_
92-12	PSB007	92	fino	fino	linguistic	none	_	_	_	_	_	_
92-13	PSB007	92	alla	alla	linguistic	none	_	_	_	_	_	_
92-14	PSB007	92	confine	confine	linguistic	none	_	_	_	_	_	_
92-15	PSB007	92	con	con	linguistic	none	_	_	_	_	_	_
92-16	PSB007	92	ungheria:	ungheria	linguistic	none	_	End=372.18	7x1	_	_	_
93-0	PSB007	93	e:hm	ehm	linguistic	none	_	Begin=372.89|End=374.15	0x1	_	_	_
94-0	PSB007	94	ho	ho	linguistic	none	_	Begin=374.89	_	_	_	_
94-1	PSB007	94	deciso	deciso	linguistic	none	_	_	_	_	_	_
94-2	PSB007	94	che	che	linguistic	none	_	_	_	_	_	_
94-3	PSB007	94	dobbiamo	dobbiamo	linguistic	none	_	_	_	_	_	_
94-4	PSB007	94	eh	eh	linguistic	none	_	_	_	_	_	_
94-5	PSB007	94	attraversare	attraversare	linguistic	none	_	_	_	_	_	_
94-6	PSB007	94	la	la	linguistic	none	_	_	_	_	_	_
94-7	PSB007	94	confine:	confine	linguistic	none	_	_	6x1	_	_	_
94-8	PSB007	94	con	con	linguistic	none	_	_	_	_	_	_
94-9	PSB007	94	{P}	{P}	shortpause	none	_	_	_	_	_	_
94-10	PSB007	94	ungheria:	ungheria	linguistic	none	_	End=380.85	7x1	_	_	_
95-0	PSB007	95	m:h	mh	linguistic	none	_	Begin=381.01|End=381.34	0x1	_	_	_
96-0	PSB007	96	in	in	linguistic	none	_	Begin=381.94	_	_	_	_
96-1	PSB007	96	città	città	linguistic	none	_	_	_	_	_	_
96-2	PSB007	96	che	che	linguistic	none	_	_	_	_	_	_
96-3	PSB007	96	si	si	linguistic	none	_	_	_	_	_	_
96-4	PSB007	96	trova	trova	linguistic	none	_	_	_	_	_	_
96-5	PSB007	96	b~	b~	linguistic	none	Interrupted=Yes	_	_	_	_	_
96-6	PSB007	96	@nomeluogo	nomeluogo	linguistic	none	_	End=384.08	_	_	_	_
97-0	PSB007	97	e:h	eh	linguistic	none	_	Begin=385.37	0x1	_	_	_
97-1	PSB007	97	perché	perché	linguistic	none	_	_	_	_	_	_
97-2	PSB007	97	non	non	linguistic	none	_	_	_	_	_	_
97-3	PSB007	97	è	è	linguistic	none	_	_	_	_	_	_
97-4	PSB007	97	semplice	semplice	linguistic	none	_	_	_	_	_	_
97-5	PSB007	97	neanche	neanche	linguistic	none	_	_	_	_	_	_
97-6	PSB007	97	attraversare,	attraversare	linguistic	none	Intonation=weakly_rising	_	_	_	_	_
97-7	PSB007	97	ci	ci	linguistic	none	_	_	_	_	_	_
97-8	PSB007	97	sono	sono	linguistic	none	_	_	_	_	_	_
97-9	PSB007	97	sempre	sempre	linguistic	none	_	_	_	_	_	_
97-10	PSB007	97	lunghissime	lunghissime	linguistic	none	_	_	_	_	_	_
97-11	PSB007	97	file:,	file	linguistic	none	Intonation=weakly_rising	_	3x1	_	_	_
97-12	PSB007	97	mh	mh	linguistic	none	_	_	_	_	_	_
97-13	PSB007	97	quindi	quindi	linguistic	none	_	_	_	_	_	_
97-14	PSB007	97	devi	devi	linguistic	none	_	_	_	_	_	_
97-15	PSB007	97	pensare	pensare	linguistic	none	_	_	_	_	_	_
97-16	PSB007	97	proprio	proprio	linguistic	none	_	_	_	_	_	_
97-17	PSB007	97	<DOVE>	dove	linguistic	none	Volume=high	End=392.21	_	Slow=0-4(0)	_	_
98-0	PSB005	98	mhmh	mhmh	linguistic	none	_	Begin=392.65|End=393.14	_	_	_	_
99-0	PSB007	99	avrai	avrai	linguistic	none	_	Begin=393.53	_	_	_	_
99-1	PSB007	99	più:	più	linguistic	none	_	_	2x1	_	_	_
99-2	PSB007	99	e:hm	ehm	linguistic	none	_	_	0x1	_	_	_
99-3	PSB007	99	{P}	{P}	shortpause	none	_	_	_	_	_	_
99-4	PSB007	99	più	più	linguistic	none	_	_	_	_	_	_
99-5	PSB007	99	opportunità,	opportunità	linguistic	none	Intonation=weakly_rising	_	_	_	_	_
99-6	PSB007	99	più	più	linguistic	none	_	_	_	_	_	_
99-7	PSB007	99	possibilità	possibilità	linguistic	none	_	End=398.36	_	_	_	_
100-0	PSB007	100	e:hm::	ehm	linguistic	none	_	Begin=399.31|End=400.61	0x1,2x2	_	_	_
101-0	PSB007	101	e	e	linguistic	none	_	Begin=400.71	_	_	_	_
101-1	PSB007	101	dopo	dopo	linguistic	none	_	_	_	_	_	_
101-2	PSB007	101	da	da	linguistic	none	_	_	_	_	_	_
101-3	PSB007	101	{P}	{P}	shortpause	none	_	_	_	_	_	_
101-4	PSB007	101	eh	eh	linguistic	none	_	_	_	_	_	_
101-5	PSB007	101	ungheria:	ungheria	linguistic	none	_	_	7x1	_	_	_
101-6	PSB007	101	{P}	{P}	shortpause	none	_	_	_	_	_	_
101-7	PSB007	101	in	in	linguistic	none	_	_	_	_	_	_
101-8	PSB007	101	ungheria	ungheria	linguistic	none	_	_	_	_	_	_
101-9	PSB007	101	abbiamo:	abbiamo	linguistic	none	_	_	6x1	_	_	_
101-10	PSB007	101	incontrato	incontrato	linguistic	none	_	_	_	_	_	_
101-11	PSB007	101	i	i	linguistic	none	_	_	_	_	_	_
101-12	PSB007	101	miei	miei	linguistic	none	_	_	_	_	_	_
101-13	PSB007	101	amici	amici	linguistic	none	_	End=407.13	_	_	_	_
102-0	PSB007	102	questa	questa	linguistic	none	_	Begin=407.38	_	_	_	_
102-1	PSB007	102	coppia,	coppia	linguistic	none	Intonation=weakly_rising	End=408.29	_	_	_	_
103-0	PSB007	103	e::	e	linguistic	none	_	Begin=409.06	0x2	_	_	_
103-1	PSB007	103	loro	loro	linguistic	none	_	_	_	_	_	_
103-2	PSB007	103	ci	ci	linguistic	none	_	_	_	_	_	_
103-3	PSB007	103	hanno	hanno	linguistic	none	_	_	_	_	_	_
103-4	PSB007	103	portato	portato	linguistic	none	_	_	_	_	_	_
103-5	PSB007	103	con	con	linguistic	none	_	_	_	_	_	_
103-6	PSB007	103	la	la	linguistic	none	_	_	_	_	_	_
103-7	PSB007	103	macchina,	macchina	linguistic	none	Intonation=weakly_rising	End=411.84	_	_	_	_
104-0	PSB005	104	mhmh	mhmh	linguistic	none	_	Begin=411.96|End=412.31	_	_	_	_
105-0	PSB007	105	e:hm:	ehm	linguistic	none	_	Begin=413.18|End=414.21	0x1,2x1	_	_	_
106-0	PSB007	106	non	non	linguistic	none	_	Begin=414.38	_	_	_	_
106-1	PSB007	106	è	è	linguistic	none	_	_	_	_	_	_
106-2	PSB007	106	semplice	semplice	linguistic	none	_	_	_	_	_	_
106-3	PSB007	106	na~	na~	linguistic	none	Interrupted=Yes	_	_	_	_	_
106-4	PSB007	106	non	non	linguistic	none	_	_	_	_	_	_
106-5	PSB007	106	è	è	linguistic	none	_	_	_	_	_	_
106-6	PSB007	106	stato	stato	linguistic	none	_	_	_	_	_	_
106-7	PSB007	106	semplice	semplice	linguistic	none	_	_	_	_	_	_
106-8	PSB007	106	p~	p~	linguistic	none	Interrupted=Yes	_	_	_	_	_
106-9	PSB007	106	anche	anche	linguistic	none	_	_	_	_	_	_
106-10	PSB007	106	perché	perché	linguistic	none	_	_	_	_	_	_
106-11	PSB007	106	rex	rex	linguistic	none	_	_	_	_	_	_
106-12	PSB007	106	il	il	linguistic	none	_	_	_	_	_	_
106-13	PSB007	106	mio	mio	linguistic	none	_	_	_	_	_	_
106-14	PSB007	106	cane	cane	linguistic	none	_	_	_	_	_	_
106-15	PSB007	106	è	è	linguistic	none	_	_	_	_	_	_
106-16	PSB007	106	un	un	linguistic	none	_	_	_	_	_	_
106-17	PSB007	106	ga~	ga~	linguistic	none	Interrupted=Yes	_	_	_	_	_
106-18	PSB007	106	è	è	linguistic	none	_	_	_	_	_	_
106-19	PSB007	106	un	un	linguistic	none	_	_	_	_	_	_
106-20	PSB007	106	cane	cane	linguistic	none	_	_	_	_	_	_
106-21	PSB007	106	<grande>	grande	linguistic	none	_	_	_	Slow=0-6(0)	_	_
106-22	PSB007	106	quindi	quindi	linguistic	none	_	_	_	_	_	_
106-23	PSB007	106	lo~	lo~	linguistic	none	Interrupted=Yes	_	_	_	_	_
106-24	PSB007	106	non	non	linguistic	none	_	_	_	_	_	_
106-25	PSB007	106	lo	lo	linguistic	none	_	_	_	_	_	_
106-26	PSB007	106	posso	posso	linguistic	none	_	_	_	_	_	_
106-27	PSB007	106	portare	portare	linguistic	none	_	_	_	_	_	_
106-28	PSB007	106	in	in	linguistic	none	_	_	_	_	_	_
106-29	PSB007	106	aereo:	aereo	linguistic	none	_	_	4x1	_	_	_
106-30	PSB007	106	proprio	proprio	linguistic	none	_	_	_	_	_	_
106-31	PSB007	106	con	con	linguistic	none	_	_	_	_	_	_
106-32	PSB007	106	[me:],	me	linguistic	none	Intonation=weakly_rising	End=425.56	1x1	_	_	0-2(8)
107-0	PSB005	107	[sì	sì	linguistic	none	_	Begin=425.03	_	_	_	0-2(8)
107-1	PSB005	107	sì]	sì	linguistic	none	_	_	_	_	_	0-2(8)
107-2	PSB005	107	sì	sì	linguistic	none	_	End=425.69	_	_	_	_
108-0	PSB007	108	ecco	ecco	linguistic	none	_	Begin=426.04|End=426.63	_	_	_	_
109-0	PSB007	109	e:hm:	ehm	linguistic	none	_	Begin=427.05|End=428.28	0x1,2x1	_	_	_
110-0	PSB007	110	comunque	comunque	linguistic	none	_	Begin=428.87	_	_	_	_
110-1	PSB007	110	mh	mh	linguistic	none	_	_	_	_	_	_
110-2	PSB007	110	sì	sì	linguistic	none	_	_	_	_	_	_
110-3	PSB007	110	c'	c'	linguistic	none	SpaceAfter=No	_	_	_	_	_
110-4	PSB007	110	è	è	linguistic	none	_	_	_	_	_	_
110-5	PSB007	110	il	il	linguistic	none	_	_	_	_	_	_
110-6	PSB007	110	problema	problema	linguistic	none	_	_	_	_	_	_
110-7	PSB007	110	anche	anche	linguistic	none	_	_	_	_	_	_
110-8	PSB007	110	mi	mi	linguistic	none	_	_	_	_	_	_
110-9	PSB007	110	ricordo	ricordo	linguistic	none	_	_	_	_	_	_
110-10	PSB007	110	di	di	linguistic	none	_	_	_	_	_	_
110-11	PSB007	110	trovare	trovare	linguistic	none	_	_	_	_	_	_
110-12	PSB007	110	a	a	linguistic	none	_	_	_	_	_	_
110-13	PSB007	110	leopoli:,	leopoli	linguistic	none	Intonation=weakly_rising	_	6x1	_	_	_
110-14	PSB007	110	eh	eh	linguistic	none	_	_	_	_	_	_
110-15	PSB007	110	la	la	linguistic	none	_	_	_	_	_	_
110-16	PSB007	110	casa	casa	linguistic	none	_	_	_	_	_	_
110-17	PSB007	110	dove	dove	linguistic	none	_	_	_	_	_	_
110-18	PSB007	110	posso	posso	linguistic	none	_	_	_	_	_	_
110-19	PSB007	110	stare	stare	linguistic	none	_	_	_	_	_	_
110-20	PSB007	110	<con	con	linguistic	none	_	_	_	Slow=0-3(0)	_	_
110-21	PSB007	110	cane>	cane	linguistic	none	_	_	_	Slow=0-4(0)	_	_
110-22	PSB007	110	anche	anche	linguistic	none	_	_	_	_	_	_
110-23	PSB007	110	se	se	linguistic	none	_	_	_	_	_	_
110-24	PSB007	110	parliamo	parliamo	linguistic	none	_	_	_	_	_	_
110-25	PSB007	110	di	di	linguistic	none	_	_	_	_	_	_
110-26	PSB007	110	tre	tre	linguistic	none	_	_	_	_	_	_
110-27	PSB007	110	giorni	giorni	linguistic	none	_	End=438.58	_	_	_	_
111-0	PSB005	111	sì	sì	linguistic	none	_	Begin=438.89	_	_	_	_
111-1	PSB005	111	sì	sì	linguistic	none	_	End=439.47	_	_	_	_
112-0	PSB005	112	[con	con	linguistic	none	_	Begin=440.0	_	_	_	0-3(9)
112-1	PSB005	112	tutti]	tutti	linguistic	none	_	_	_	_	_	0-5(9)
112-2	PSB005	112	i	i	linguistic	none	_	_	_	_	_	_
112-3	PSB005	112	problemi	problemi	linguistic	none	_	_	_	_	_	_
112-4	PSB005	112	che	che	linguistic	none	_	_	_	_	_	_
112-5	PSB005	112	ci	ci	linguistic	none	_	_	_	_	_	_
112-6	PSB005	112	sono	sono	linguistic	none	_	_	_	_	_	_
112-7	PSB005	112	c'	c'	linguistic	none	SpaceAfter=No	_	_	_	_	_
112-8	PSB005	112	era	era	linguistic	none	_	_	_	_	_	_
112-9	PSB005	112	anche	anche	linguistic	none	_	_	_	_	_	_
112-10	PSB005	112	questo	questo	linguistic	none	_	End=442.49	_	_	_	_
113-0	PSB007	113	[ehm]	ehm	linguistic	none	_	Begin=440.06|End=440.54	_	_	_	0-3(9)
114-0	PSB007	114	sì	sì	linguistic	none	_	Begin=442.57	_	_	_	_
114-1	PSB007	114	sì	sì	linguistic	none	_	_	_	_	_	_
114-2	PSB007	114	sì	sì	linguistic	none	_	_	_	_	_	_
114-3	PSB007	114	sì	sì	linguistic	none	_	_	_	_	_	_
114-4	PSB007	114	eh	eh	linguistic	none	_	_	_	_	_	_
114-5	PSB007	114	leopoli	leopoli	linguistic	none	_	_	_	_	_	_
114-6	PSB007	114	era::	era	linguistic	none	_	_	2x2	_	_	_
114-7	PSB007	114	{P}	{P}	shortpause	none	_	_	_	_	_	_
114-8	PSB007	114	affollata	affollata	linguistic	none	_	End=446.36	_	_	_	_
115-0	PSB005	115	mhmh	mhmh	linguistic	none	_	Begin=446.63|End=447.05	_	_	_	_
116-0	PSB007	116	super	super	linguistic	none	_	Begin=447.05	_	_	_	_
116-1	PSB007	116	extra	extra	linguistic	none	_	End=447.98	_	_	_	_
117-0	PSB007	117	ciò	ciò	linguistic	none	_	Begin=448.11|End=448.92	_	_	_	_
118-0	PSB007	118	c'	c'	linguistic	none	SpaceAfter=No	Begin=449.41	_	_	_	_
118-1	PSB007	118	erano	erano	linguistic	none	_	_	_	_	_	_
118-2	PSB007	118	tantissime	tantissime	linguistic	none	_	_	_	_	_	_
118-3	PSB007	118	persone:,	persone	linguistic	none	Intonation=weakly_rising	_	6x1	_	_	_
118-4	PSB007	118	trasferiti	trasferiti	linguistic	none	_	_	_	_	_	_
118-5	PSB007	118	dal	dal	linguistic	none	_	_	_	_	_	_
118-6	PSB007	118	parte	parte	linguistic	none	_	_	_	_	_	_
118-7	PSB007	118	orientale	orientale	linguistic	none	_	_	_	_	_	_
118-8	PSB007	118	verso	verso	linguistic	none	_	_	_	_	_	_
118-9	PSB007	118	parte	parte	linguistic	none	_	_	_	_	_	_
118-10	PSB007	118	occidentale:,	occidentale	linguistic	none	Intonation=weakly_rising	_	10x1	_	_	_
118-11	PSB007	118	e	e	linguistic	none	_	_	_	_	_	_
118-12	PSB007	118	quindi:	quindi	linguistic	none	_	End=455.37	5x1	_	_	_
119-0	PSB007	119	quando	quando	linguistic	none	_	Begin=456.96	_	_	_	_
119-1	PSB007	119	siamo	siamo	linguistic	none	_	_	_	_	_	_
119-2	PSB007	119	arrivati	arrivati	linguistic	none	_	_	_	_	_	_
119-3	PSB007	119	a	a	linguistic	none	_	_	_	_	_	_
119-4	PSB007	119	leopoli:	leopoli	linguistic	none	_	_	6x1	_	_	_
119-5	PSB007	119	io	io	linguistic	none	_	_	_	_	_	_
119-6	PSB007	119	non	non	linguistic	none	_	_	_	_	_	_
119-7	PSB007	119	avevo:	avevo	linguistic	none	_	_	4x1	_	_	_
119-8	PSB007	119	m::h	mh	linguistic	none	_	_	0x2	_	_	_
119-9	PSB007	119	un	un	linguistic	none	_	_	_	_	_	_
119-10	PSB007	119	piano,	piano	linguistic	none	Intonation=weakly_rising	_	_	_	_	_
119-11	PSB007	119	mh	mh	linguistic	none	_	_	_	_	_	_
119-12	PSB007	119	un	un	linguistic	none	_	_	_	_	_	_
119-13	PSB007	119	progra~	progra~	linguistic	none	Interrupted=Yes	_	_	_	_	_
119-14	PSB007	119	u::n	un	linguistic	none	_	_	0x2	_	_	_
119-15	PSB007	119	appartam~	appartam~	linguistic	none	Interrupted=Yes	End=464.96	_	_	_	_
120-0	PSB007	120	ciò	ciò	linguistic	none	_	Begin=465.16	_	_	_	_
120-1	PSB007	120	non	non	linguistic	none	_	_	_	_	_	_
120-2	PSB007	120	avevo	avevo	linguistic	none	_	_	_	_	_	_
120-3	PSB007	120	le	le	linguistic	none	_	_	_	_	_	_
120-4	PSB007	120	informazione	informazione	linguistic	none	_	_	_	_	_	_
120-5	PSB007	120	di	di	linguistic	none	_	_	_	_	_	_
120-6	PSB007	120	un	un	linguistic	none	_	_	_	_	_	_
120-7	PSB007	120	appartamento	appartamento	linguistic	none	_	_	_	_	_	_
120-8	PSB007	120	dove	dove	linguistic	none	_	_	_	_	_	_
120-9	PSB007	120	posso	posso	linguistic	none	_	_	_	_	_	_
120-10	PSB007	120	stare	stare	linguistic	none	_	_	_	_	_	_
120-11	PSB007	120	per	per	linguistic	none	_	_	_	_	_	_
120-12	PSB007	120	un	un	linguistic	none	_	_	_	_	_	_
120-13	PSB007	120	periodo:,	periodo	linguistic	none	Intonation=weakly_rising	End=469.19	6x1	_	_	_
121-0	PSB007	121	dovevo::	dovevo	linguistic	none	_	Begin=469.74	5x2	_	_	_
121-1	PSB007	121	gestire	gestire	linguistic	none	_	_	_	_	_	_
121-2	PSB007	121	tutto:	tutto	linguistic	none	_	_	4x1	_	_	_
121-3	PSB007	121	[così]	così	linguistic	none	_	_	_	_	_	0-4(10)
121-4	PSB007	121	{P}	{P}	shortpause	none	_	_	_	_	_	_
121-5	PSB007	121	proprio	proprio	linguistic	none	_	_	_	_	_	_
121-6	PSB007	121	{P}	{P}	shortpause	none	_	_	_	_	_	_
121-7	PSB007	121	al	al	linguistic	none	_	_	_	_	_	_
121-8	PSB007	121	volo	volo	linguistic	none	_	_	_	_	_	_
121-9	PSB007	121	{ride}	{ride}	nonverbalbehavior	none	_	End=474.9	_	_	_	_
122-0	PSB005	122	[mhmh]	mhmh	linguistic	none	_	Begin=472.49|End=472.92	_	_	_	0-4(10)
123-0	PSB005	123	sono	sono	linguistic	none	_	Begin=476.08	_	_	_	_
123-1	PSB005	123	delle	delle	linguistic	none	_	_	_	_	_	_
123-2	PSB005	123	cose	cose	linguistic	none	_	_	_	_	_	_
123-3	PSB005	123	veramente	veramente	linguistic	none	_	_	_	_	_	_
123-4	PSB005	123	incredibili	incredibili	linguistic	none	_	_	_	_	_	_
123-5	PSB005	123	se~	se~	linguistic	none	Interrupted=Yes	_	_	_	_	_
123-6	PSB005	123	cioè	cioè	linguistic	none	_	_	_	_	_	_
123-7	PSB005	123	sentite	sentite	linguistic	none	_	_	_	_	_	_
123-8	PSB005	123	da	da	linguistic	none	_	_	_	_	_	_
123-9	PSB005	123	qui	qui	linguistic	none	_	_	_	_	_	_
123-10	PSB005	123	capito	capito	linguistic	none	_	End=480.25	_	_	_	_
124-0	PSB005	124	comunque	comunque	linguistic	none	_	Begin=480.89|End=481.32	_	_	_	_
125-0	PSB007	125	ah	ah	linguistic	none	_	Begin=481.4	_	_	_	_
125-1	PSB007	125	la	la	linguistic	none	_	_	_	_	_	_
125-2	PSB007	125	cosa	cosa	linguistic	none	_	_	_	_	_	_
125-3	PSB007	125	anche	anche	linguistic	none	_	_	_	_	_	_
125-4	PSB007	125	interessante	interessante	linguistic	none	_	_	_	_	_	_
125-5	PSB007	125	è	è	linguistic	none	_	_	_	_	_	_
125-6	PSB007	125	che	che	linguistic	none	_	_	_	_	_	_
125-7	PSB007	125	in	in	linguistic	none	_	_	_	_	_	_
125-8	PSB007	125	<treno>,	treno	linguistic	none	Intonation=weakly_rising	_	_	Slow=0-5(0)	_	_
125-9	PSB007	125	in	in	linguistic	none	_	_	_	_	_	_
125-10	PSB007	125	questo	questo	linguistic	none	_	_	_	_	_	_
125-11	PSB007	125	lungo	lungo	linguistic	none	_	_	_	_	_	_
125-12	PSB007	125	viaggio,	viaggio	linguistic	none	Intonation=weakly_rising	End=485.53	_	_	_	_
126-0	PSB007	126	eh	eh	linguistic	none	_	Begin=485.9	_	_	_	_
126-1	PSB007	126	ciò	ciò	linguistic	none	_	_	_	_	_	_
126-2	PSB007	126	da	da	linguistic	none	_	_	_	_	_	_
126-3	PSB007	126	@nomeluogo	nomeluogo	linguistic	none	_	_	_	_	_	_
126-4	PSB007	126	a	a	linguistic	none	_	_	_	_	_	_
126-5	PSB007	126	leopoli:	leopoli	linguistic	none	_	_	6x1	_	_	_
126-6	PSB007	126	ci	ci	linguistic	none	_	_	_	_	_	_
126-7	PSB007	126	sono	sono	linguistic	none	_	_	_	_	_	_
126-8	PSB007	126	venti::sei	ventisei	linguistic	none	_	_	4x2	_	_	_
126-9	PSB007	126	ore	ore	linguistic	none	_	_	_	_	_	_
126-10	PSB007	126	di	di	linguistic	none	_	_	_	_	_	_
126-11	PSB007	126	viaggio,	viaggio	linguistic	none	Intonation=weakly_rising	End=490.44	_	_	_	_
127-0	PSB005	127	[°a:h	ah	linguistic	none	Volume=low	Begin=491.53	0x1	_	_	0-2(11)
127-1	PSB005	127	okay°]	okay	linguistic	none	Volume=low	End=492.74	_	_	_	0-4(11)
128-0	PSB007	128	[sì	sì	linguistic	none	_	Begin=491.54	_	_	_	0-2(11)
128-1	PSB007	128	sì	sì	linguistic	none	_	_	_	_	_	0-2(11)
128-2	PSB007	128	ucraina]	ucraina	linguistic	none	_	_	_	_	_	0-7(11)
128-3	PSB007	128	è	è	linguistic	none	_	_	_	_	_	_
128-4	PSB007	128	un	un	linguistic	none	_	_	_	_	_	_
128-5	PSB007	128	paes[e	paese	linguistic	none	_	_	_	_	_	4-5(12)
128-6	PSB007	128	super	super	linguistic	none	_	_	_	_	_	0-5(12)
128-7	PSB007	128	grande]	grande	linguistic	none	_	End=493.91	_	_	_	0-6(12)
129-0	PSB005	129	[eh	eh	linguistic	none	_	Begin=492.98	_	_	_	0-2(12)
129-1	PSB005	129	no	no	linguistic	none	_	_	_	_	_	0-2(12)
129-2	PSB005	129	no	no	linguistic	none	_	_	_	_	_	0-2(12)
129-3	PSB005	129	sì]	sì	linguistic	none	_	_	_	_	_	0-2(12)
129-4	PSB005	129	proprio	proprio	linguistic	none	_	_	_	_	_	_
129-5	PSB005	129	non	non	linguistic	none	_	_	_	_	_	_
129-6	PSB005	129	ho	ho	linguistic	none	_	_	_	_	_	_
129-7	PSB005	129	proprio	proprio	linguistic	none	_	_	_	_	_	_
129-8	PSB005	129	idea	idea	linguistic	none	_	_	_	_	_	_
129-9	PSB005	129	sì	sì	linguistic	none	_	End=495.53	_	_	_	_
130-0	PSB007	130	mh	mh	linguistic	none	_	Begin=495.63|End=495.96	_	_	_	_
131-0	PSB007	131	e:h	eh	linguistic	none	_	Begin=496.12	0x1	_	_	_
131-1	PSB007	131	non	non	linguistic	none	_	_	_	_	_	_
131-2	PSB007	131	non	non	linguistic	none	_	_	_	_	_	_
131-3	PSB007	131	lo	lo	linguistic	none	_	_	_	_	_	_
131-4	PSB007	131	so:	so	linguistic	none	_	_	1x1	_	_	_
131-5	PSB007	131	è	è	linguistic	none	_	_	_	_	_	_
131-6	PSB007	131	forse	forse	linguistic	none	_	_	_	_	_	_
131-7	PSB007	131	come	come	linguistic	none	_	_	_	_	_	_
131-8	PSB007	131	andare	andare	linguistic	none	_	_	_	_	_	_
131-9	PSB007	131	da:	da	linguistic	none	_	_	1x1	_	_	_
131-10	PSB007	131	sicilia	sicilia	linguistic	none	_	_	_	_	_	_
131-11	PSB007	131	fino	fino	linguistic	none	_	_	_	_	_	_
131-12	PSB007	131	fino	fino	linguistic	none	_	_	_	_	_	_
131-13	PSB007	131	[$alli	alli	linguistic	none	Orthography=Yes	_	_	_	_	0-5(13)
131-14	PSB007	131	alpi]	alpi	linguistic	none	_	_	_	_	_	0-4(13)
131-15	PSB007	131	quindi	quindi	linguistic	none	_	_	_	_	_	_
131-16	PSB007	131	tu	tu	linguistic	none	_	_	_	_	_	_
131-17	PSB007	131	devi	devi	linguistic	none	_	_	_	_	_	_
131-18	PSB007	131	attraversare	attraversare	linguistic	none	_	_	_	_	_	_
131-19	PSB007	131	proprio	proprio	linguistic	none	_	_	_	_	_	_
131-20	PSB007	131	tutto	tutto	linguistic	none	_	_	_	_	_	_
131-21	PSB007	131	il	il	linguistic	none	_	_	_	_	_	_
131-22	PSB007	131	paese:,	paese	linguistic	none	Intonation=weakly_rising	End=504.76	4x1	_	_	_
132-0	PSB005	132	[sì	sì	linguistic	none	_	Begin=501.555	_	_	_	0-2(13)
132-1	PSB005	132	sì]	sì	linguistic	none	_	End=502.175	_	_	_	0-2(13)
133-0	PSB007	133	e::	e	linguistic	none	_	Begin=505.37	0x2	_	_	_
133-1	PSB007	133	visto	visto	linguistic	none	_	_	_	_	_	_
133-2	PSB007	133	che	che	linguistic	none	_	_	_	_	_	_
133-3	PSB007	133	m:h	mh	linguistic	none	_	_	0x1	_	_	_
133-4	PSB007	133	m:h	mh	linguistic	none	_	_	0x1	_	_	_
133-5	PSB007	133	c'	c'	linguistic	none	SpaceAfter=No	_	_	_	_	_
133-6	PSB007	133	erano:	erano	linguistic	none	_	_	4x1	_	_	_
133-7	PSB007	133	tantissime	tantissime	linguistic	none	_	_	_	_	_	_
133-8	PSB007	133	persone,	persone	linguistic	none	Intonation=weakly_rising	End=509.41	_	_	_	_
134-0	PSB007	134	e::h	eh	linguistic	none	_	Begin=511.14|End=512.24	0x2	_	_	_
135-0	PSB007	135	non	non	linguistic	none	_	Begin=513.21	_	_	_	_
135-1	PSB007	135	c'	c'	linguistic	none	SpaceAfter=No	_	_	_	_	_
135-2	PSB007	135	era	era	linguistic	none	_	_	_	_	_	_
135-3	PSB007	135	il	il	linguistic	none	_	_	_	_	_	_
135-4	PSB007	135	po~	po~	linguistic	none	Interrupted=Yes	End=514.51	_	_	_	_
136-0	PSB007	136	per	per	linguistic	none	_	Begin=515.5	_	_	_	_
136-1	PSB007	136	qualche	qualche	linguistic	none	_	_	_	_	_	_
136-2	PSB007	136	ore	ore	linguistic	none	_	End=517.1	_	_	_	_
137-0	PSB007	137	prime	prime	linguistic	none	_	Begin=517.37	_	_	_	_
137-1	PSB007	137	ore	ore	linguistic	none	_	_	_	_	_	_
137-2	PSB007	137	del	del	linguistic	none	_	_	_	_	_	_
137-3	PSB007	137	viaggio:,	viaggio	linguistic	none	Intonation=weakly_rising	_	6x1	_	_	_
137-4	PSB007	137	non	non	linguistic	none	_	_	_	_	_	_
137-5	PSB007	137	c'	c'	linguistic	none	SpaceAfter=No	_	_	_	_	_
137-6	PSB007	137	era	era	linguistic	none	_	_	_	_	_	_
137-7	PSB007	137	neanche	neanche	linguistic	none	_	_	_	_	_	_
137-8	PSB007	137	posto	posto	linguistic	none	_	_	_	_	_	_
137-9	PSB007	137	per	per	linguistic	none	_	_	_	_	_	_
137-10	PSB007	137	me	me	linguistic	none	_	_	_	_	_	_
137-11	PSB007	137	per	per	linguistic	none	_	_	_	_	_	_
137-12	PSB007	137	sedere:	sedere	linguistic	none	_	End=521.29	5x1	_	_	_
138-0	PSB005	138	mhmh	mhmh	linguistic	none	_	Begin=521.3|End=521.7	_	_	_	_
139-0	PSB007	139	mi	mi	linguistic	none	_	Begin=522.87	_	_	_	_
139-1	PSB007	139	sono	sono	linguistic	none	_	_	_	_	_	_
139-2	PSB007	139	rimaste	rimaste	linguistic	none	_	_	_	_	_	_
139-3	PSB007	139	le	le	linguistic	none	_	_	_	_	_	_
139-4	PSB007	139	foto	foto	linguistic	none	_	_	_	_	_	_
139-5	PSB007	139	dov~	dov~	linguistic	none	Interrupted=Yes	_	_	_	_	_
139-6	PSB007	139	dove	dove	linguistic	none	_	_	_	_	_	_
139-7	PSB007	139	io	io	linguistic	none	_	_	_	_	_	_
139-8	PSB007	139	sto:	sto	linguistic	none	_	_	2x1	_	_	_
139-9	PSB007	139	{P}	{P}	shortpause	none	_	_	_	_	_	_
139-10	PSB007	139	a	a	linguistic	none	_	_	_	_	_	_
139-11	PSB007	139	piedi:,	piedi	linguistic	none	Intonation=weakly_rising	_	4x1	_	_	_
139-12	PSB007	139	{ride}	{ride}	nonverbalbehavior	none	_	_	_	_	_	_
139-13	PSB007	139	{P}	{P}	shortpause	none	_	_	_	_	_	_
139-14	PSB007	139	con	con	linguistic	none	_	_	_	_	_	_
139-15	PSB007	139	rex,	rex	linguistic	none	Intonation=weakly_rising	End=528.8	_	_	_	_
140-0	PSB007	140	ho	ho	linguistic	none	_	Begin=528.96	_	_	_	_
140-1	PSB007	140	trovato	trovato	linguistic	none	_	_	_	_	_	_
140-2	PSB007	140	il	il	linguistic	none	_	_	_	_	_	_
140-3	PSB007	140	posto	posto	linguistic	none	_	_	_	_	_	_
140-4	PSB007	140	per	per	linguistic	none	_	_	_	_	_	_
140-5	PSB007	140	papà:,	papà	linguistic	none	Intonation=weakly_rising	_	3x1	_	_	_
140-6	PSB007	140	papà	papà	linguistic	none	_	_	_	_	_	_
140-7	PSB007	140	ha	ha	linguistic	none	_	_	_	_	_	_
140-8	PSB007	140	settant'	settant'	linguistic	none	SpaceAfter=No	_	_	_	_	_
140-9	PSB007	140	anni	anni	linguistic	none	_	_	_	_	_	_
140-10	PSB007	140	quindi	quindi	linguistic	none	_	_	_	_	_	_
140-11	PSB007	140	per	per	linguistic	none	_	_	_	_	_	_
140-12	PSB007	140	lui	lui	linguistic	none	_	_	_	_	_	_
140-13	PSB007	140	è	è	linguistic	none	_	_	_	_	_	_
140-14	PSB007	140	è	è	linguistic	none	_	_	_	_	_	_
140-15	PSB007	140	impossibile	impossibile	linguistic	none	_	_	_	_	_	_
140-16	PSB007	140	stare	stare	linguistic	none	_	_	_	_	_	_
140-17	PSB007	140	a	a	linguistic	none	_	_	_	_	_	_
140-18	PSB007	140	piedi	piedi	linguistic	none	_	_	_	_	_	_
140-19	PSB007	140	tutto	tutto	linguistic	none	_	_	_	_	_	_
140-20	PSB007	140	il	il	linguistic	none	_	_	_	_	_	_
140-21	PSB007	140	viaggio,	viaggio	linguistic	none	Intonation=weakly_rising	End=535.41	_	_	_	_
141-0	PSB007	141	e::	e	linguistic	none	_	Begin=536.01	0x2	_	_	_
141-1	PSB007	141	e	e	linguistic	none	_	_	_	_	_	_
141-2	PSB007	141	dopo	dopo	linguistic	none	_	_	_	_	_	_
141-3	PSB007	141	<io>	io	linguistic	none	_	_	_	Slow=0-2(0)	_	_
141-4	PSB007	141	e	e	linguistic	none	_	_	_	_	_	_
141-5	PSB007	141	{P}	{P}	shortpause	none	_	_	_	_	_	_
141-6	PSB007	141	<tantissime>	tantissime	linguistic	none	_	_	_	Slow=0-10(1)	_	_
141-7	PSB007	141	persone	persone	linguistic	none	_	_	_	_	_	_
141-8	PSB007	141	c'	c'	linguistic	none	SpaceAfter=No	_	_	_	_	_
141-9	PSB007	141	erano	erano	linguistic	none	_	_	_	_	_	_
141-10	PSB007	141	proprio	proprio	linguistic	none	_	_	_	_	_	_
141-11	PSB007	141	sul	sul	linguistic	none	_	_	_	_	_	_
141-12	PSB007	141	pavimento:	pavimento	linguistic	none	_	_	8x1	_	_	_
141-13	PSB007	141	del	del	linguistic	none	_	_	_	_	_	_
141-14	PSB007	141	treno:,	treno	linguistic	none	Intonation=weakly_rising	End=543.66	4x1	_	_	_
142-0	PSB007	142	così	così	linguistic	none	_	Begin=544.04|End=544.44	_	_	_	_
143-0	PSB005	143	comunque	comunque	linguistic	none	_	Begin=544.76	_	_	_	_
143-1	PSB005	143	voi	voi	linguistic	none	_	_	_	_	_	_
143-2	PSB005	143	non	non	linguistic	none	_	_	_	_	_	_
143-3	PSB005	143	avete	avete	linguistic	none	_	_	_	_	_	_
143-4	PSB005	143	avuto	avuto	linguistic	none	_	_	_	_	_	_
143-5	PSB005	143	dei	dei	linguistic	none	_	_	_	_	_	_
143-6	PSB005	143	dubbi:	dubbi	linguistic	none	_	_	4x1	_	_	_
143-7	PSB005	143	{P}	{P}	shortpause	none	_	_	_	_	_	_
143-8	PSB005	143	di	di	linguistic	none	_	_	_	_	_	_
143-9	PSB005	143	rimanere	rimanere	linguistic	none	_	_	_	_	_	_
143-10	PSB005	143	oppure	oppure	linguistic	none	_	_	_	_	_	_
143-11	PSB005	143	andarvene:,	andarvene	linguistic	none	Intonation=weakly_rising	End=548.88	8x1	_	_	_
144-0	PSB007	144	CERTO	certo	linguistic	none	Volume=high	Begin=549.24	_	_	_	_
144-1	PSB007	144	{ride}	{ride}	nonverbalbehavior	none	_	_	_	_	_	_
144-2	PSB007	144	c'	c'	linguistic	none	SpaceAfter=No	_	_	_	_	_
144-3	PSB007	144	erano	erano	linguistic	none	_	_	_	_	_	_
144-4	PSB007	144	tantissimi	tantissimi	linguistic	none	_	_	_	_	_	_
144-5	PSB007	144	dubbi	dubbi	linguistic	none	_	End=552.29	_	_	_	_
145-0	PSB007	145	sì	sì	linguistic	none	_	Begin=552.49	_	_	_	_
145-1	PSB007	145	sì	sì	linguistic	none	_	_	_	_	_	_
145-2	PSB007	145	{P}	{P}	shortpause	none	_	_	_	_	_	_
145-3	PSB007	145	perché	perché	linguistic	none	_	_	_	_	_	_
145-4	PSB007	145	io	io	linguistic	none	_	_	_	_	_	_
145-5	PSB007	145	non	non	linguistic	none	_	_	_	_	_	_
145-6	PSB007	145	avevo	avevo	linguistic	none	_	_	_	_	_	_
145-7	PSB007	145	nessuna	nessuna	linguistic	none	_	_	_	_	_	_
145-8	PSB007	145	garanzia	garanzia	linguistic	none	_	_	_	_	_	_
145-9	PSB007	145	che	che	linguistic	none	_	_	_	_	_	_
145-10	PSB007	145	neanche	neanche	linguistic	none	_	_	_	_	_	_
145-11	PSB007	145	riusciremo	riusciremo	linguistic	none	_	_	_	_	_	_
145-12	PSB007	145	a	a	linguistic	none	_	_	_	_	_	_
145-13	PSB007	145	prendere:::	prendere	linguistic	none	_	_	7x3	_	_	_
145-14	PSB007	145	{P}	{P}	shortpause	none	_	_	_	_	_	_
145-15	PSB007	145	quel	quel	linguistic	none	_	_	_	_	_	_
145-16	PSB007	145	treno:,	treno	linguistic	none	Intonation=weakly_rising	End=560.14	4x1	_	_	_
146-0	PSB005	146	mhmh	mhmh	linguistic	none	_	Begin=560.15|End=560.57	_	_	_	_
147-0	PSB007	147	ciò	ciò	linguistic	none	_	Begin=561.02	_	_	_	_
147-1	PSB007	147	mh	mh	linguistic	none	_	End=561.83	_	_	_	_
148-0	PSB007	148	ho	ho	linguistic	none	_	Begin=563.4	_	_	_	_
148-1	PSB007	148	capito	capito	linguistic	none	_	_	_	_	_	_
148-2	PSB007	148	che::	che	linguistic	none	_	End=565.04	2x2	_	_	_
149-0	PSB007	149	c'	c'	linguistic	none	SpaceAfter=No	Begin=565.55	_	_	_	_
149-1	PSB007	149	era	era	linguistic	none	_	_	_	_	_	_
149-2	PSB007	149	la	la	linguistic	none	_	_	_	_	_	_
149-3	PSB007	149	possibilità:,	possibilità	linguistic	none	Intonation=weakly_rising	_	10x1	_	_	_
149-4	PSB007	149	di	di	linguistic	none	_	_	_	_	_	_
149-5	PSB007	149	ritorna~	ritorna~	linguistic	none	Interrupted=Yes	_	_	_	_	_
149-6	PSB007	149	cioè	cioè	linguistic	none	_	_	_	_	_	_
149-7	PSB007	149	no	no	linguistic	none	_	End=569.21	_	_	_	_
150-0	PSB007	150	non	non	linguistic	none	_	Begin=569.54	_	_	_	_
150-1	PSB007	150	la	la	linguistic	none	_	_	_	_	_	_
150-2	PSB007	150	possibilità	possibilità	linguistic	none	_	_	_	_	_	_
150-3	PSB007	150	ma	ma	linguistic	none	_	_	_	_	_	_
150-4	PSB007	150	forse:	forse	linguistic	none	_	End=571.75	4x1	_	_	_
151-0	PSB007	151	ah	ah	linguistic	none	_	Begin=575.95	_	_	_	_
151-1	PSB007	151	vedi	vedi	linguistic	none	_	_	_	_	_	_
151-2	PSB007	151	qui	qui	linguistic	none	_	_	_	_	_	_
151-3	PSB007	151	devo	devo	linguistic	none	_	_	_	_	_	_
151-4	PSB007	151	devo	devo	linguistic	none	_	_	_	_	_	_
151-5	PSB007	151	usare:	usare	linguistic	none	_	End=578.62	4x1	_	_	_
152-0	PSB007	152	questo	questo	linguistic	none	_	Begin=579.29	_	_	_	_
152-1	PSB007	152	congiuntivo	congiuntivo	linguistic	none	_	_	_	_	_	_
152-2	PSB007	152	con	con	linguistic	none	_	_	_	_	_	_
152-3	PSB007	152	passato,	passato	linguistic	none	Intonation=weakly_rising	End=581.05	_	_	_	_
153-0	PSB007	153	cioè	cioè	linguistic	none	_	Begin=581.66	_	_	_	_
153-1	PSB007	153	quando	quando	linguistic	none	_	_	_	_	_	_
153-2	PSB007	153	pe~	pe~	linguistic	none	Interrupted=Yes	_	_	_	_	_
153-3	PSB007	153	[eh	eh	linguistic	none	_	_	_	_	_	0-2(14)
153-4	PSB007	153	parlo]	parlo	linguistic	none	_	_	_	_	_	0-5(14)
153-5	PSB007	153	delle::	delle	linguistic	none	_	_	4x2	_	_	_
153-6	PSB007	153	mh	mh	linguistic	none	_	End=584.06	_	_	_	_
154-0	PSB005	154	[dimmi	dimmi	linguistic	none	_	Begin=582.43	_	_	_	0-5(14)
154-1	PSB005	154	dimmi]	dimmi	linguistic	none	_	End=583.14	_	_	_	0-5(14)
155-0	PSB007	155	dei	dei	linguistic	none	_	Begin=584.73	_	_	_	_
155-1	PSB007	155	m:h	mh	linguistic	none	_	_	0x1	_	_	_
155-2	PSB007	155	pensieri,	pensieri	linguistic	none	Intonation=weakly_rising	End=586.59	_	_	_	_
156-0	PSB007	156	quindi	quindi	linguistic	none	_	Begin=587.16	_	_	_	_
156-1	PSB007	156	io	io	linguistic	none	_	_	_	_	_	_
156-2	PSB007	156	<pensavo>	pensavo	linguistic	none	_	_	_	Slow=0-7(0)	_	_
156-3	PSB007	156	io::	io	linguistic	none	_	_	1x2	_	_	_
156-4	PSB007	156	pensavo	pensavo	linguistic	none	_	_	_	_	_	_
156-5	PSB007	156	ho	ho	linguistic	none	_	_	_	_	_	_
156-6	PSB007	156	pensato	pensato	linguistic	none	_	_	_	_	_	_
156-7	PSB007	156	sì	sì	linguistic	none	_	End=591.26	_	_	_	_
157-0	PSB007	157	eh	eh	linguistic	none	_	Begin=592.15	_	_	_	_
157-1	PSB007	157	che	che	linguistic	none	_	_	_	_	_	_
157-2	PSB007	157	<magari>	magari	linguistic	none	_	_	_	Slow=0-6(0)	_	_
157-3	PSB007	157	in	in	linguistic	none	_	_	_	_	_	_
157-4	PSB007	157	passato:	passato	linguistic	none	_	End=594.65	6x1	_	_	_
158-0	PSB005	158	mhmh	mhmh	linguistic	none	_	Begin=594.7|End=595.19	_	_	_	_
159-0	PSB007	159	avrò	avrò	linguistic	none	_	Begin=595.65	_	_	_	_
159-1	PSB007	159	{P}	{P}	shortpause	none	_	_	_	_	_	_
159-2	PSB007	159	la	la	linguistic	none	_	_	_	_	_	_
159-3	PSB007	159	situazione	situazione	linguistic	none	_	_	_	_	_	_
159-4	PSB007	159	quando	quando	linguistic	none	_	_	_	_	_	_
159-5	PSB007	159	<dovrò>	dovrò	linguistic	none	_	_	_	Slow=0-5(0)	_	_
159-6	PSB007	159	ritornare	ritornare	linguistic	none	_	_	_	_	_	_
159-7	PSB007	159	[e:h]	eh	linguistic	none	_	_	0x1	_	_	0-2(15)
159-8	PSB007	159	a	a	linguistic	none	_	_	_	_	_	_
159-9	PSB007	159	casa	casa	linguistic	none	_	_	_	_	_	_
159-10	PSB007	159	mia	mia	linguistic	none	_	_	_	_	_	_
159-11	PSB007	159	in	in	linguistic	none	_	_	_	_	_	_
159-12	PSB007	159	[appartame]nto	appartamento	linguistic	none	_	_	_	_	_	0-9(16)
159-13	PSB007	159	mio	mio	linguistic	none	_	_	_	_	_	_
159-14	PSB007	159	[a	a	linguistic	none	_	_	_	_	_	0-1(17)
159-15	PSB007	159	kh]arkiv	kharkiv	linguistic	none	_	End=603.57	_	_	_	0-2(17)
160-0	PSB005	160	[mhmh]	mhmh	linguistic	none	_	Begin=600.01|End=600.35	_	_	_	0-4(15)
161-0	PSB005	161	[sì]	sì	linguistic	none	_	Begin=601.65|End=601.93	_	_	_	0-2(16)
162-0	PSB005	162	[mhmh]	mhmh	linguistic	none	_	Begin=602.84|End=603.19	_	_	_	0-4(17)
163-0	PSB007	163	perché	perché	linguistic	none	_	Begin=604.04	_	_	_	_
163-1	PSB007	163	semplicemente	semplicemente	linguistic	none	_	_	_	_	_	_
163-2	PSB007	163	{P}	{P}	shortpause	none	_	_	_	_	_	_
163-3	PSB007	163	non	non	linguistic	none	_	_	_	_	_	_
163-4	PSB007	163	avrò	avrò	linguistic	none	_	_	_	_	_	_
163-5	PSB007	163	la	la	linguistic	none	_	_	_	_	_	_
163-6	PSB007	163	possibilità	possibilità	linguistic	none	_	_	_	_	_	_
163-7	PSB007	163	di:	di	linguistic	none	_	End=608.55	1x1	_	_	_
164-0	PSB007	164	mh	mh	linguistic	none	_	Begin=608.93	_	_	_	_
164-1	PSB007	164	continuare	continuare	linguistic	none	_	_	_	_	_	_
164-2	PSB007	164	il	il	linguistic	none	_	_	_	_	_	_
164-3	PSB007	164	viaggio	viaggio	linguistic	none	_	_	_	_	_	_
164-4	PSB007	164	perché	perché	linguistic	none	_	_	_	_	_	_
164-5	PSB007	164	non	non	linguistic	none	_	_	_	_	_	_
164-6	PSB007	164	troverò	troverò	linguistic	none	_	_	_	_	_	_
164-7	PSB007	164	[l'	l'	linguistic	none	SpaceAfter=No	_	_	_	_	0-2(18)
164-8	PSB007	164	alloggio,	alloggio	linguistic	none	Intonation=weakly_rising	_	_	_	_	0-8(18)
164-9	PSB007	164	perché	perché	linguistic	none	_	_	_	_	_	0-6(18)
164-10	PSB007	164	non	non	linguistic	none	_	_	_	_	_	0-3(18)
164-11	PSB007	164	troverò	troverò	linguistic	none	_	_	_	_	_	0-7(18)
164-12	PSB007	164	il	il	linguistic	none	_	_	_	_	_	0-2(18)
164-13	PSB007	164	trasporto],	trasporto	linguistic	none	Intonation=weakly_rising	_	_	_	_	0-9(18)
164-14	PSB007	164	perché	perché	linguistic	none	_	_	_	_	_	_
164-15	PSB007	164	non	non	linguistic	none	_	_	_	_	_	_
164-16	PSB007	164	lo	lo	linguistic	none	_	_	_	_	_	_
164-17	PSB007	164	so	so	linguistic	none	_	_	_	_	_	_
164-18	PSB007	164	qualcuno:	qualcuno	linguistic	none	_	_	7x1	_	_	_
164-19	PSB007	164	e:h	eh	linguistic	none	_	_	0x1	_	_	_
164-20	PSB007	164	può	può	linguistic	none	_	_	_	_	_	_
164-21	PSB007	164	rubare	rubare	linguistic	none	_	_	_	_	_	_
164-22	PSB007	164	tutti	tutti	linguistic	none	_	_	_	_	_	_
164-23	PSB007	164	i	i	linguistic	none	_	_	_	_	_	_
164-24	PSB007	164	soldi	soldi	linguistic	none	_	_	_	_	_	_
164-25	PSB007	164	durante	durante	linguistic	none	_	_	_	_	_	_
164-26	PSB007	164	questo	questo	linguistic	none	_	_	_	_	_	_
164-27	PSB007	164	viaggio	viaggio	linguistic	none	_	_	_	_	_	_
164-28	PSB007	164	oppure::	oppure	linguistic	none	_	End=621.09	5x2	_	_	_
165-0	PSB005	165	[sì	sì	linguistic	none	_	Begin=611.83	_	_	_	0-2(18)
165-1	PSB005	165	sì	sì	linguistic	none	_	_	_	_	_	0-2(18)
165-2	PSB005	165	sì	sì	linguistic	none	_	_	_	_	_	0-2(18)
165-3	PSB005	165	okay]	okay	linguistic	none	_	End=613.51	_	_	_	0-4(18)
166-0	PSB007	166	eh	eh	linguistic	none	_	Begin=621.35	_	_	_	_
166-1	PSB007	166	papà	papà	linguistic	none	_	_	_	_	_	_
166-2	PSB007	166	avrà	avrà	linguistic	none	_	_	_	_	_	_
166-3	PSB007	166	problemi	problemi	linguistic	none	_	_	_	_	_	_
166-4	PSB007	166	con	con	linguistic	none	_	_	_	_	_	_
166-5	PSB007	166	la	la	linguistic	none	_	_	_	_	_	_
166-6	PSB007	166	salute	salute	linguistic	none	_	_	_	_	_	_
166-7	PSB007	166	e	e	linguistic	none	_	_	_	_	_	_
166-8	PSB007	166	dovrò	dovrò	linguistic	none	_	_	_	_	_	_
166-9	PSB007	166	cercare	cercare	linguistic	none	_	_	_	_	_	_
166-10	PSB007	166	subito	subito	linguistic	none	_	_	_	_	_	_
166-11	PSB007	166	l'	l'	linguistic	none	SpaceAfter=No	_	_	_	_	_
166-12	PSB007	166	ospedale	ospedale	linguistic	none	_	_	_	_	_	_
166-13	PSB007	166	[oppure]	oppure	linguistic	none	_	_	_	_	_	0-6(20)
166-14	PSB007	166	c~	c~	linguistic	none	Interrupted=Yes	_	_	_	_	_
166-15	PSB007	166	[qualcos'	qualcos'	linguistic	none	SpaceAfter=No	_	_	_	_	0-8(19)
166-16	PSB007	166	altro]	altro	linguistic	none	_	End=627.699	_	_	_	0-4(19)
167-0	PSB005	167	[mhmh]	mhmh	linguistic	none	_	Begin=625.559|End=626.149	_	_	_	0-4(20)
168-0	PSB005	168	[però	però	linguistic	none	_	Begin=626.9	_	_	_	0-4(19)
168-1	PSB005	168	comunque]	comunque	linguistic	none	_	_	_	_	_	0-8(19)
168-2	PSB005	168	il	il	linguistic	none	_	_	_	_	_	_
168-3	PSB005	168	vostro	vostro	linguistic	none	_	_	_	_	_	_
168-4	PSB005	168	desiderio	desiderio	linguistic	none	_	_	_	_	_	_
168-5	PSB005	168	era	era	linguistic	none	_	_	_	_	_	_
168-6	PSB005	168	di	di	linguistic	none	_	_	_	_	_	_
168-7	PSB005	168	andare	andare	linguistic	none	_	_	_	_	_	_
168-8	PSB005	168	via:	via	linguistic	none	_	_	2x1	_	_	_
168-9	PSB005	168	{P}	{P}	shortpause	none	_	_	_	_	_	_
168-10	PSB005	168	diciamo	diciamo	linguistic	none	_	End=630.53	_	_	_	_
169-0	PSB005	169	se	se	linguistic	none	_	Begin=631.16	_	_	_	_
169-1	PSB005	169	possibile	possibile	linguistic	none	_	End=632.14	_	_	_	_
170-0	PSB007	170	no:	no	linguistic	none	_	Begin=632.14	1x1	_	_	_
170-1	PSB007	170	devo	devo	linguistic	none	_	_	_	_	_	_
170-2	PSB007	170	dire	dire	linguistic	none	_	_	_	_	_	_
170-3	PSB007	170	che:	che	linguistic	none	_	_	2x1	_	_	_
170-4	PSB007	170	il	il	linguistic	none	_	_	_	_	_	_
170-5	PSB007	170	<mio>	mio	linguistic	none	_	_	_	Slow=0-3(0)	_	_
170-6	PSB007	170	desiderio:	desiderio	linguistic	none	_	End=634.747	8x1	_	_	_
171-0	PSB005	171	mhmh	mhmh	linguistic	none	_	Begin=634.77|End=635.14	_	_	_	_
172-0	PSB007	172	cioè	cioè	linguistic	none	_	Begin=635.33	_	_	_	_
172-1	PSB007	172	per	per	linguistic	none	_	_	_	_	_	_
172-2	PSB007	172	papà	papà	linguistic	none	_	_	_	_	_	_
172-3	PSB007	172	è	è	linguistic	none	_	_	_	_	_	_
172-4	PSB007	172	stato:::	stato	linguistic	none	_	_	4x3	_	_	_
172-5	PSB007	172	estremamente	estremamente	linguistic	none	_	_	_	_	_	_
172-6	PSB007	172	complicato:,	complicato	linguistic	none	Intonation=weakly_rising	End=639.08	9x1	_	_	_
173-0	PSB007	173	e:h	eh	linguistic	none	_	Begin=639.8	0x1	_	_	_
173-1	PSB007	173	lui	lui	linguistic	none	_	_	_	_	_	_
173-2	PSB007	173	non	non	linguistic	none	_	_	_	_	_	_
173-3	PSB007	173	voleva	voleva	linguistic	none	_	_	_	_	_	_
173-4	PSB007	173	partire	partire	linguistic	none	_	_	_	_	_	_
173-5	PSB007	173	dall'	dall'	linguistic	none	SpaceAfter=No	_	_	_	_	_
173-6	PSB007	173	ucraina:,	ucraina	linguistic	none	Intonation=weakly_rising	End=642.81	6x1	_	_	_
174-0	PSB007	174	diceva	diceva	linguistic	none	_	Begin=643.19	_	_	_	_
174-1	PSB007	174	che	che	linguistic	none	_	_	_	_	_	_
174-2	PSB007	174	comunque	comunque	linguistic	none	_	_	_	_	_	_
174-3	PSB007	174	io	io	linguistic	none	_	_	_	_	_	_
174-4	PSB007	174	non	non	linguistic	none	_	_	_	_	_	_
174-5	PSB007	174	conosco	conosco	linguistic	none	_	_	_	_	_	_
174-6	PSB007	174	la	la	linguistic	none	_	_	_	_	_	_
174-7	PSB007	174	lingua:,	lingua	linguistic	none	Intonation=weakly_rising	_	5x1	_	_	_
174-8	PSB007	174	e:h	eh	linguistic	none	_	_	0x1	_	_	_
174-9	PSB007	174	io	io	linguistic	none	_	_	_	_	_	_
174-10	PSB007	174	già	già	linguistic	none	_	_	_	_	_	_
174-11	PSB007	174	ho	ho	linguistic	none	_	_	_	_	_	_
174-12	PSB007	174	s~	s~	linguistic	none	Interrupted=Yes	_	_	_	_	_
174-13	PSB007	174	settant'	settant'	linguistic	none	SpaceAfter=No	_	_	_	_	_
174-14	PSB007	174	anni,	anni	linguistic	none	Intonation=weakly_rising	_	_	_	_	_
174-15	PSB007	174	<tu>	tu	linguistic	none	_	_	_	Slow=0-2(0)	_	_
174-16	PSB007	174	hai	hai	linguistic	none	_	_	_	_	_	_
174-17	PSB007	174	gli	gli	linguistic	none	_	_	_	_	_	_
174-18	PSB007	174	amici::	amici	linguistic	none	_	_	4x2	_	_	_
174-19	PSB007	174	lì	lì	linguistic	none	_	_	_	_	_	_
174-20	PSB007	174	ma	ma	linguistic	none	_	_	_	_	_	_
174-21	PSB007	174	sono	sono	linguistic	none	_	_	_	_	_	_
174-22	PSB007	174	i	i	linguistic	none	_	_	_	_	_	_
174-23	PSB007	174	<tuoi>	tuoi	linguistic	none	_	_	_	Slow=0-4(1)	_	_
174-24	PSB007	174	amici	amici	linguistic	none	_	_	_	_	_	_
174-25	PSB007	174	non	non	linguistic	none	_	_	_	_	_	_
174-26	PSB007	174	i	i	linguistic	none	_	_	_	_	_	_
174-27	PSB007	174	>miei<,	miei	linguistic	none	Intonation=weakly_rising	End=653.63	_	Fast=0-4(0)	_	_
175-0	PSB005	175	°mh°	mh	linguistic	none	Volume=low	Begin=653.64|End=653.94	_	_	_	_
176-0	PSB007	176	loro	loro	linguistic	none	_	Begin=654.1	_	_	_	_
176-1	PSB007	176	non	non	linguistic	none	_	_	_	_	_	_
176-2	PSB007	176	mi	mi	linguistic	none	_	_	_	_	_	_
176-3	PSB007	176	conoscono	conoscono	linguistic	none	_	_	_	_	_	_
176-4	PSB007	176	conoscono	conoscono	linguistic	none	_	_	_	_	_	_
176-5	PSB007	176	mh	mh	linguistic	none	_	_	_	_	_	_
176-6	PSB007	176	mi	mi	linguistic	none	_	_	_	_	_	_
176-7	PSB007	176	conoscono	conoscono	linguistic	none	_	_	_	_	_	_
176-8	PSB007	176	solo	solo	linguistic	none	_	_	_	_	_	_
176-9	PSB007	176	come	come	linguistic	none	_	_	_	_	_	_
176-10	PSB007	176	tuo	tuo	linguistic	none	_	_	_	_	_	_
176-11	PSB007	176	papà,	papà	linguistic	none	Intonation=weakly_rising	End=658.06	_	_	_	_
177-0	PSB007	177	quindi::	quindi	linguistic	none	_	Begin=658.46	5x2	_	_	_
177-1	PSB007	177	io	io	linguistic	none	_	_	_	_	_	_
177-2	PSB007	177	non	non	linguistic	none	_	_	_	_	_	_
177-3	PSB007	177	immagino	immagino	linguistic	none	_	_	_	_	_	_
177-4	PSB007	177	la	la	linguistic	none	_	_	_	_	_	_
177-5	PSB007	177	mia	mia	linguistic	none	_	_	_	_	_	_
177-6	PSB007	177	vita	vita	linguistic	none	_	_	_	_	_	_
177-7	PSB007	177	lì:,	lì	linguistic	none	Intonation=weakly_rising	End=661.12	1x1	_	_	_
178-0	PSB007	178	e:hm	ehm	linguistic	none	_	Begin=662.19|End=663.43	0x1	_	_	_
179-0	PSB007	179	io	io	linguistic	none	_	Begin=664.13	_	_	_	_
179-1	PSB007	179	non	non	linguistic	none	_	_	_	_	_	_
179-2	PSB007	179	potevo	potevo	linguistic	none	_	_	_	_	_	_
179-3	PSB007	179	lasciarlo:	lasciarlo	linguistic	none	_	_	8x1	_	_	_
179-4	PSB007	179	in	in	linguistic	none	_	_	_	_	_	_
179-5	PSB007	179	ucraina:,	ucraina	linguistic	none	Intonation=weakly_rising	_	6x1	_	_	_
179-6	PSB007	179	quindi	quindi	linguistic	none	_	_	_	_	_	_
179-7	PSB007	179	sì	sì	linguistic	none	_	_	_	_	_	_
179-8	PSB007	179	c'	c'	linguistic	none	SpaceAfter=No	_	_	_	_	_
179-9	PSB007	179	era	era	linguistic	none	_	_	_	_	_	_
179-10	PSB007	179	un	un	linguistic	none	_	_	_	_	_	_
179-11	PSB007	179	periodo	periodo	linguistic	none	_	_	_	_	_	_
179-12	PSB007	179	quando:	quando	linguistic	none	_	End=669.47	5x1	_	_	_
180-0	PSB007	180	io	io	linguistic	none	_	Begin=669.8	_	_	_	_
180-1	PSB007	180	PIANGEVO	piangevo	linguistic	none	Volume=high	_	_	_	_	_
180-2	PSB007	180	{ride}	{ride}	nonverbalbehavior	none	_	_	_	_	_	_
180-3	PSB007	180	dicendo	dicendo	linguistic	none	_	_	_	_	_	_
180-4	PSB007	180	ma	ma	linguistic	none	_	_	_	_	_	_
180-5	PSB007	180	ma	ma	linguistic	none	_	_	_	_	_	_
180-6	PSB007	180	senti	senti	linguistic	none	_	_	_	_	_	_
180-7	PSB007	180	ma	ma	linguistic	none	_	_	_	_	_	_
180-8	PSB007	180	cosa	cosa	linguistic	none	_	_	_	_	_	_
180-9	PSB007	180	fai	fai	linguistic	none	_	_	_	_	_	_
180-10	PSB007	180	non	non	linguistic	none	_	_	_	_	_	_
180-11	PSB007	180	ti	ti	linguistic	none	_	_	_	_	_	_
180-12	PSB007	180	posso	posso	linguistic	none	_	_	_	_	_	_
180-13	PSB007	180	lasciare	lasciare	linguistic	none	_	_	_	_	_	_
180-14	PSB007	180	non	non	linguistic	none	_	_	_	_	_	_
180-15	PSB007	180	posso	posso	linguistic	none	_	_	_	_	_	_
180-16	PSB007	180	andare	andare	linguistic	none	_	_	_	_	_	_
180-17	PSB007	180	e:	e	linguistic	none	_	_	0x1	_	_	_
180-18	PSB007	180	e	e	linguistic	none	_	_	_	_	_	_
180-19	PSB007	180	come	come	linguistic	none	_	_	_	_	_	_
180-20	PSB007	180	facciamo?	facciamo	linguistic	none	Intonation=rising	End=677.27	_	_	_	_
181-0	PSB007	181	e:	e	linguistic	none	_	Begin=677.88	0x1	_	_	_
181-1	PSB007	181	mh	mh	linguistic	none	_	_	_	_	_	_
181-2	PSB007	181	alla	alla	linguistic	none	_	_	_	_	_	_
181-3	PSB007	181	fine	fine	linguistic	none	_	_	_	_	_	_
181-4	PSB007	181	lui	lui	linguistic	none	_	_	_	_	_	_
181-5	PSB007	181	ha	ha	linguistic	none	_	_	_	_	_	_
181-6	PSB007	181	detto	detto	linguistic	none	_	_	_	_	_	_
181-7	PSB007	181	va	va	linguistic	none	_	_	_	_	_	_
181-8	PSB007	181	bene.	bene	linguistic	none	Intonation=falling	_	_	_	_	_
181-9	PSB007	181	se	se	linguistic	none	_	_	_	_	_	_
181-10	PSB007	181	tu	tu	linguistic	none	_	_	_	_	_	_
181-11	PSB007	181	vuoi	vuoi	linguistic	none	_	_	_	_	_	_
181-12	PSB007	181	provare:	provare	linguistic	none	_	End=683.61	6x1	_	_	_
182-0	PSB007	182	°io	io	linguistic	none	Volume=low	Begin=685.1	_	_	_	_
182-1	PSB007	182	parto°	parto	linguistic	none	Volume=low	End=685.67	_	_	_	_
183-0	PSB005	183	terribile	terribile	linguistic	none	_	Begin=687.49|End=688.12	_	_	_	_
184-0	PSB005	184	ma	ma	linguistic	none	_	Begin=688.62	_	_	_	_
184-1	PSB005	184	[xx	x	unknown	none	_	_	_	_	_	0-2(21)
184-2	PSB005	184	abbasta]nza	abbastanza	linguistic	none	_	_	_	_	_	0-7(21)
184-3	PSB005	184	terribile	terribile	linguistic	none	_	End=690.2	_	_	_	_
185-0	PSB007	185	[sì]	sì	linguistic	none	_	Begin=689.25|End=689.56	_	_	_	0-2(21)
186-0	PSB007	186	sì	sì	linguistic	none	_	Begin=690.24	_	_	_	_
186-1	PSB007	186	quindi	quindi	linguistic	none	_	_	_	_	_	_
186-2	PSB007	186	adesso	adesso	linguistic	none	_	_	_	_	_	_
186-3	PSB007	186	io	io	linguistic	none	_	_	_	_	_	_
186-4	PSB007	186	vivo	vivo	linguistic	none	_	_	_	_	_	_
186-5	PSB007	186	con	con	linguistic	none	_	_	_	_	_	_
186-6	PSB007	186	questa	questa	linguistic	none	_	_	_	_	_	_
186-7	PSB007	186	responsabilità,	responsabilità	linguistic	none	Intonation=weakly_rising	_	_	_	_	_
186-8	PSB007	186	eh	eh	linguistic	none	_	_	_	_	_	_
186-9	PSB007	186	della	della	linguistic	none	_	_	_	_	_	_
186-10	PSB007	186	scelta.	scelta	linguistic	none	Intonation=falling	_	_	_	_	_
186-11	PSB007	186	che	che	linguistic	none	_	_	_	_	_	_
186-12	PSB007	186	ho	ho	linguistic	none	_	_	_	_	_	_
186-13	PSB007	186	fatto	fatto	linguistic	none	_	_	_	_	_	_
186-14	PSB007	186	per	per	linguistic	none	_	_	_	_	_	_
186-15	PSB007	186	lui	lui	linguistic	none	_	End=696.39	_	_	_	_
187-0	PSB005	187	mhmh	mhmh	linguistic	none	_	Begin=696.68|End=697.16	_	_	_	_
188-0	PSB007	188	e:	e	linguistic	none	_	Begin=697.91	0x1	_	_	_
188-1	PSB007	188	quando	quando	linguistic	none	_	_	_	_	_	_
188-2	PSB007	188	qui::	qui	linguistic	none	_	_	2x2	_	_	_
188-3	PSB007	188	trovo::	trovo	linguistic	none	_	_	4x2	_	_	_
188-4	PSB007	188	qualche	qualche	linguistic	none	_	_	_	_	_	_
188-5	PSB007	188	problema::	problema	linguistic	none	_	_	7x2	_	_	_
188-6	PSB007	188	qualche	qualche	linguistic	none	_	_	_	_	_	_
188-7	PSB007	188	ostacolo	ostacolo	linguistic	none	_	_	_	_	_	_
188-8	PSB007	188	nella	nella	linguistic	none	_	_	_	_	_	_
188-9	PSB007	188	sua	sua	linguistic	none	_	_	_	_	_	_
188-10	PSB007	188	vita,	vita	linguistic	none	Intonation=weakly_rising	End=704.45	_	_	_	_
189-0	PSB007	189	io	io	linguistic	none	_	Begin=704.6	_	_	_	_
189-1	PSB007	189	capisco	capisco	linguistic	none	_	_	_	_	_	_
189-2	PSB007	189	che	che	linguistic	none	_	_	_	_	_	_
189-3	PSB007	189	<io>	io	linguistic	none	_	_	_	Slow=0-2(0)	_	_
189-4	PSB007	189	devo	devo	linguistic	none	_	_	_	_	_	_
189-5	PSB007	189	risolvere	risolvere	linguistic	none	_	_	_	_	_	_
189-6	PSB007	189	tutto	tutto	linguistic	none	_	_	_	_	_	_
189-7	PSB007	189	perché	perché	linguistic	none	_	_	_	_	_	_
189-8	PSB007	189	la	la	linguistic	none	_	_	_	_	_	_
189-9	PSB007	189	responsabilità	responsabilità	linguistic	none	_	_	_	_	_	_
189-10	PSB007	189	[è	è	linguistic	none	_	_	_	_	_	0-1(22)
189-11	PSB007	189	mia]	mia	linguistic	none	_	_	_	_	_	0-3(22)
189-12	PSB007	189	lui	lui	linguistic	none	_	_	_	_	_	_
189-13	PSB007	189	°non	non	linguistic	none	Volume=low	_	_	_	_	_
189-14	PSB007	189	voleva	voleva	linguistic	none	Volume=low	_	_	_	_	_
189-15	PSB007	189	partire°	partire	linguistic	none	Volume=low	End=709.533	_	_	_	_
190-0	PSB005	190	[sì	sì	linguistic	none	_	Begin=707.95	_	_	_	0-2(22)
190-1	PSB005	190	sì]	sì	linguistic	none	_	End=708.4	_	_	_	0-2(22)
191-0	PSB005	191	mhmh	mhmh	linguistic	none	_	Begin=709.57|End=709.91	_	_	_	_
192-0	PSB007	192	mi	mi	linguistic	none	_	Begin=710.5	_	_	_	_
192-1	PSB007	192	diceva	diceva	linguistic	none	_	_	_	_	_	_
192-2	PSB007	192	che	che	linguistic	none	_	_	_	_	_	_
192-3	PSB007	192	io	io	linguistic	none	_	_	_	_	_	_
192-4	PSB007	192	voglio	voglio	linguistic	none	_	_	_	_	_	_
192-5	PSB007	192	{ride}	{ride}	nonverbalbehavior	none	_	_	_	_	_	_
192-6	PSB007	192	morire	morire	linguistic	none	_	_	_	_	_	_
192-7	PSB007	192	nella	nella	linguistic	none	_	_	_	_	_	_
192-8	PSB007	192	mia	mia	linguistic	none	_	_	_	_	_	_
192-9	PSB007	192	terra	terra	linguistic	none	_	End=713.26	_	_	_	_
193-0	PSB005	193	povero	povero	linguistic	none	_	Begin=713.285|End=713.835	_	_	_	_
194-0	PSB005	194	eh	eh	linguistic	none	_	Begin=714.46	_	_	_	_
194-1	PSB005	194	beh	beh	linguistic	none	_	End=714.89	_	_	_	_
195-0	PSB005	195	comunque	comunque	linguistic	none	_	Begin=716.15	_	_	_	_
195-1	PSB005	195	{P}	{P}	shortpause	none	_	_	_	_	_	_
195-2	PSB005	195	immagino	immagino	linguistic	none	_	_	_	_	_	_
195-3	PSB005	195	che	che	linguistic	none	_	_	_	_	_	_
195-4	PSB005	195	anche	anche	linguistic	none	_	_	_	_	_	_
195-5	PSB005	195	per	per	linguistic	none	_	_	_	_	_	_
195-6	PSB005	195	risolvere	risolvere	linguistic	none	_	_	_	_	_	_
195-7	PSB005	195	dei	dei	linguistic	none	_	_	_	_	_	_
195-8	PSB005	195	problemi	problemi	linguistic	none	_	_	_	_	_	_
195-9	PSB005	195	così:,	così	linguistic	none	Intonation=weakly_rising	End=720.38	3x1	_	_	_
196-0	PSB005	196	per	per	linguistic	none	_	Begin=720.46	_	_	_	_
196-1	PSB005	196	il	il	linguistic	none	_	_	_	_	_	_
196-2	PSB005	196	fatto	fatto	linguistic	none	_	_	_	_	_	_
196-3	PSB005	196	della	della	linguistic	none	_	_	_	_	_	_
196-4	PSB005	196	lingua	lingua	linguistic	none	_	_	_	_	_	_
196-5	PSB005	196	te	te	linguistic	none	_	_	_	_	_	_
196-6	PSB005	196	ne	ne	linguistic	none	_	_	_	_	_	_
196-7	PSB005	196	devi	devi	linguistic	none	_	_	_	_	_	_
196-8	PSB005	196	occupare::	occupare	linguistic	none	_	_	7x2	_	_	_
196-9	PSB005	196	{P}	{P}	shortpause	none	_	_	_	_	_	_
196-10	PSB005	196	tu.	tu	linguistic	none	Intonation=falling	_	_	_	_	_
196-11	PSB005	196	[di	di	linguistic	none	_	_	_	_	_	0-2(23)
196-12	PSB005	196	tu]tte::	tutte	linguistic	none	_	_	4x2	_	_	0-2(23)
196-13	PSB005	196	burocrazia:,	burocrazia	linguistic	none	Intonation=weakly_rising	_	9x1	_	_	_
196-14	PSB005	196	m:h	mh	linguistic	none	_	End=727.46	0x1	_	_	_
197-0	PSB007	197	[sì]	sì	linguistic	none	_	Begin=724.29|End=724.66	_	_	_	0-2(23)
198-0	PSB005	198	anche	anche	linguistic	none	_	Begin=727.84	_	_	_	_
198-1	PSB005	198	le	le	linguistic	none	_	_	_	_	_	_
198-2	PSB005	198	cose	cose	linguistic	none	_	_	_	_	_	_
198-3	PSB005	198	più	più	linguistic	none	_	_	_	_	_	_
198-4	PSB005	198	quotidiane	quotidiane	linguistic	none	_	_	_	_	_	_
198-5	PSB005	198	forse	forse	linguistic	none	_	End=729.99	_	_	_	_
199-0	PSB007	199	eh	eh	linguistic	none	_	Begin=730.11	_	_	_	_
199-1	PSB007	199	sì	sì	linguistic	none	_	_	_	_	_	_
199-2	PSB007	199	papà::	papà	linguistic	none	_	_	3x2	_	_	_
199-3	PSB007	199	parla	parla	linguistic	none	_	_	_	_	_	_
199-4	PSB007	199	un	un	linguistic	none	_	_	_	_	_	_
199-5	PSB007	199	po'::	po'	linguistic	none	_	_	1x2	_	_	_
199-6	PSB007	199	inglese:,	inglese	linguistic	none	Intonation=weakly_rising	_	6x1	_	_	_
199-7	PSB007	199	ma	ma	linguistic	none	_	_	_	_	_	_
199-8	PSB007	199	eh	eh	linguistic	none	_	_	_	_	_	_
199-9	PSB007	199	comunque	comunque	linguistic	none	_	_	_	_	_	_
199-10	PSB007	199	è	è	linguistic	none	_	_	_	_	_	_
199-11	PSB007	199	un	un	linguistic	none	_	_	_	_	_	_
199-12	PSB007	199	livello	livello	linguistic	none	_	End=735.4	_	_	_	_
200-0	PSB007	200	eh	eh	linguistic	none	_	Begin=736.63	_	_	_	_
200-1	PSB007	200	non	non	linguistic	none	_	_	_	_	_	_
200-2	PSB007	200	non	non	linguistic	none	_	_	_	_	_	_
200-3	PSB007	200	super	super	linguistic	none	_	_	_	_	_	_
200-4	PSB007	200	alto	alto	linguistic	none	_	_	_	_	_	_
200-5	PSB007	200	e:	e	linguistic	none	_	_	0x1	_	_	_
200-6	PSB007	200	in	in	linguistic	none	_	_	_	_	_	_
200-7	PSB007	200	italia::	italia	linguistic	none	_	End=740.4	5x2	_	_	_
201-0	PSB007	201	mh	mh	linguistic	none	_	Begin=740.64	_	_	_	_
201-1	PSB007	201	di	di	linguistic	none	_	_	_	_	_	_
201-2	PSB007	201	solito:	solito	linguistic	none	_	End=741.79	5x1	_	_	_
202-0	PSB007	202	parlano:	parlano	linguistic	none	_	Begin=743.38	6x1	_	_	_
202-1	PSB007	202	italiano,	italiano	linguistic	none	Intonation=weakly_rising	End=745.35	_	_	_	_
203-0	PSB007	203	eh	eh	linguistic	none	_	Begin=745.83	_	_	_	_
203-1	PSB007	203	m::h	mh	linguistic	none	_	_	0x2	_	_	_
203-2	PSB007	203	purtroppo	purtroppo	linguistic	none	_	_	_	_	_	_
203-3	PSB007	203	lui	lui	linguistic	none	_	_	_	_	_	_
203-4	PSB007	203	non	non	linguistic	none	_	_	_	_	_	_
203-5	PSB007	203	riesce	riesce	linguistic	none	_	_	_	_	_	_
203-6	PSB007	203	a:	a	linguistic	none	_	_	0x1	_	_	_
203-7	PSB007	203	imparare	imparare	linguistic	none	_	_	_	_	_	_
203-8	PSB007	203	la	la	linguistic	none	_	_	_	_	_	_
203-9	PSB007	203	lingua	lingua	linguistic	none	_	_	_	_	_	_
203-10	PSB007	203	italiana	italiana	linguistic	none	_	_	_	_	_	_
203-11	PSB007	203	neanche	neanche	linguistic	none	_	_	_	_	_	_
203-12	PSB007	203	a	a	linguistic	none	_	_	_	_	_	_
203-13	PSB007	203	livello	livello	linguistic	none	_	_	_	_	_	_
203-14	PSB007	203	di	di	linguistic	none	_	_	_	_	_	_
203-15	PSB007	203	<a	a	linguistic	none	_	_	_	Slow=0-1(0)	_	_
203-16	PSB007	203	due>	due	linguistic	none	_	_	_	Slow=0-3(0)	_	_
203-17	PSB007	203	quindi	quindi	linguistic	none	_	_	_	_	_	_
203-18	PSB007	203	a	a	linguistic	none	_	_	_	_	_	_
203-19	PSB007	203	livello:	livello	linguistic	none	_	End=753.96	6x1	_	_	_
204-0	PSB007	204	ehm	ehm	linguistic	none	_	Begin=754.27|End=754.85	_	_	_	_
205-0	PSB007	205	di	di	linguistic	none	_	Begin=755.52	_	_	_	_
205-1	PSB007	205	base:	base	linguistic	none	_	End=756.56	3x1	_	_	_
206-0	PSB007	206	e:	e	linguistic	none	_	Begin=756.92	0x1	_	_	_
206-1	PSB007	206	m:::h	mh	linguistic	none	_	_	0x3	_	_	_
206-2	PSB007	206	sì	sì	linguistic	none	_	_	_	_	_	_
206-3	PSB007	206	quando	quando	linguistic	none	_	_	_	_	_	_
206-4	PSB007	206	andiamo	andiamo	linguistic	none	_	_	_	_	_	_
206-5	PSB007	206	dal	dal	linguistic	none	_	_	_	_	_	_
206-6	PSB007	206	dottore,	dottore	linguistic	none	Intonation=weakly_rising	_	_	_	_	_
206-7	PSB007	206	dal	dal	linguistic	none	_	_	_	_	_	_
206-8	PSB007	206	medico:,	medico	linguistic	none	Intonation=weakly_rising	_	5x1	_	_	_
206-9	PSB007	206	non	non	linguistic	none	_	_	_	_	_	_
206-10	PSB007	206	lo	lo	linguistic	none	_	_	_	_	_	_
206-11	PSB007	206	so:,	so	linguistic	none	Intonation=weakly_rising	End=763.87	1x1	_	_	_
207-0	PSB007	207	per	per	linguistic	none	_	Begin=764.69	_	_	_	_
207-1	PSB007	207	esempio	esempio	linguistic	none	_	_	_	_	_	_
207-2	PSB007	207	qualche	qualche	linguistic	none	_	_	_	_	_	_
207-3	PSB007	207	mese	mese	linguistic	none	_	_	_	_	_	_
207-4	PSB007	207	fa	fa	linguistic	none	_	_	_	_	_	_
207-5	PSB007	207	dovevamo::	dovevamo	linguistic	none	_	_	7x2	_	_	_
207-6	PSB007	207	fare	fare	linguistic	none	_	_	_	_	_	_
207-7	PSB007	207	le	le	linguistic	none	_	_	_	_	_	_
207-8	PSB007	207	visite:	visite	linguistic	none	_	_	5x1	_	_	_
207-9	PSB007	207	dal	dal	linguistic	none	_	_	_	_	_	_
207-10	PSB007	207	dentista	dentista	linguistic	none	_	_	_	_	_	_
207-11	PSB007	207	perché	perché	linguistic	none	_	_	_	_	_	_
207-12	PSB007	207	lui	lui	linguistic	none	_	_	_	_	_	_
207-13	PSB007	207	aveva	aveva	linguistic	none	_	_	_	_	_	_
207-14	PSB007	207	ma:l	mal	linguistic	none	_	_	1x1	_	_	_
207-15	PSB007	207	dei	dei	linguistic	none	_	_	_	_	_	_
207-16	PSB007	207	denti,	denti	linguistic	none	Intonation=weakly_rising	End=771.66	_	_	_	_
208-0	PSB007	208	e::	e	linguistic	none	_	Begin=772.1	0x2	_	_	_
208-1	PSB007	208	quindi	quindi	linguistic	none	_	_	_	_	_	_
208-2	PSB007	208	sì	sì	linguistic	none	_	_	_	_	_	_
208-3	PSB007	208	io	io	linguistic	none	_	_	_	_	_	_
208-4	PSB007	208	devo	devo	linguistic	none	_	_	_	_	_	_
208-5	PSB007	208	accampigna~	accampigna~	linguistic	none	Interrupted=Yes	_	_	_	_	_
208-6	PSB007	208	accompne~	accompne~	linguistic	none	Interrupted=Yes	_	_	_	_	_
208-7	PSB007	208	a:ccompagnarlo	accompagnarlo	linguistic	none	_	_	0x1	_	_	_
208-8	PSB007	208	ogni	ogni	linguistic	none	_	_	_	_	_	_
208-9	PSB007	208	volta	volta	linguistic	none	_	_	_	_	_	_
208-10	PSB007	208	e::	e	linguistic	none	_	End=777.82	0x2	_	_	_
209-0	PSB007	209	tradurre	tradurre	linguistic	none	_	Begin=778.18	_	_	_	_
209-1	PSB007	209	tutto	tutto	linguistic	none	_	_	_	_	_	_
209-2	PSB007	209	ciò	ciò	linguistic	none	_	_	_	_	_	_
209-3	PSB007	209	che	che	linguistic	none	_	_	_	_	_	_
209-4	PSB007	209	dice	dice	linguistic	none	_	_	_	_	_	_
209-5	PSB007	209	dottore::	dottore	linguistic	none	_	_	6x2	_	_	_
209-6	PSB007	209	e	e	linguistic	none	_	_	_	_	_	_
209-7	PSB007	209	tutto	tutto	linguistic	none	_	_	_	_	_	_
209-8	PSB007	209	°che°	che	linguistic	none	Volume=low	End=780.9	_	_	_	_
210-0	PSB005	210	mh	mh	linguistic	none	_	Begin=780.98|End=781.39	_	_	_	_
211-0	PSB007	211	e:h	eh	linguistic	none	_	Begin=781.84	0x1	_	_	_
211-1	PSB007	211	risponde	risponde	linguistic	none	_	_	_	_	_	_
211-2	PSB007	211	papà:,	papà	linguistic	none	Intonation=weakly_rising	_	3x1	_	_	_
211-3	PSB007	211	e:	e	linguistic	none	_	End=783.6	0x1	_	_	_
212-0	PSB007	212	e	e	linguistic	none	_	Begin=784.21	_	_	_	_
212-1	PSB007	212	così	così	linguistic	none	_	End=784.85	_	_	_	_
213-0	PSB005	213	mhmh	mhmh	linguistic	none	_	Begin=785.34|End=785.66	_	_	_	_
214-0	PSB005	214	e	e	linguistic	none	_	Begin=787.86	_	_	_	_
214-1	PSB005	214	non	non	linguistic	none	_	_	_	_	_	_
214-2	PSB005	214	mi	mi	linguistic	none	_	_	_	_	_	_
214-3	PSB005	214	hai	hai	linguistic	none	_	_	_	_	_	_
214-4	PSB005	214	detto	detto	linguistic	none	_	_	_	_	_	_
214-5	PSB005	214	come	come	linguistic	none	_	_	_	_	_	_
214-6	PSB005	214	mai	mai	linguistic	none	_	_	_	_	_	_
214-7	PSB005	214	avevi	avevi	linguistic	none	_	_	_	_	_	_
214-8	PSB005	214	degli	degli	linguistic	none	_	_	_	_	_	_
214-9	PSB005	214	amici	amici	linguistic	none	_	_	_	_	_	_
214-10	PSB005	214	in	in	linguistic	none	_	_	_	_	_	_
214-11	PSB005	214	italia::	italia	linguistic	none	_	End=791.51	5x2	_	_	_
215-0	PSB005	215	così	così	linguistic	none	_	Begin=792.01	_	_	_	_
215-1	PSB005	215	cari	cari	linguistic	none	_	End=792.91	_	_	_	_
216-0	PSB005	216	qua~	qua~	linguistic	none	Interrupted=Yes	Begin=793.19	_	_	_	_
216-1	PSB005	216	cioè	cioè	linguistic	none	_	_	_	_	_	_
216-2	PSB005	216	come	come	linguistic	none	_	_	_	_	_	_
216-3	PSB005	216	mai	mai	linguistic	none	_	_	_	_	_	_
216-4	PSB005	216	vi	vi	linguistic	none	_	_	_	_	_	_
216-5	PSB005	216	conoscevate	conoscevate	linguistic	none	_	_	_	_	_	_
216-6	PSB005	216	già:?	già	linguistic	none	Intonation=rising	End=795.37	2x1	_	_	_
217-0	PSB007	217	allora	allora	linguistic	none	_	Begin=796.39	_	_	_	_
217-1	PSB007	217	questa	questa	linguistic	none	_	_	_	_	_	_
217-2	PSB007	217	amicizia:	amicizia	linguistic	none	_	_	7x1	_	_	_
217-3	PSB007	217	co:::n	con	linguistic	none	_	_	1x3	_	_	_
217-4	PSB007	217	mh	mh	linguistic	none	_	End=800.16	_	_	_	_
218-0	PSB007	218	con	con	linguistic	none	_	Begin=800.76	_	_	_	_
218-1	PSB007	218	questa	questa	linguistic	none	_	_	_	_	_	_
218-2	PSB007	218	coppia,	coppia	linguistic	none	Intonation=weakly_rising	_	_	_	_	_
218-3	PSB007	218	ma	ma	linguistic	none	_	_	_	_	_	_
218-4	PSB007	218	anche	anche	linguistic	none	_	_	_	_	_	_
218-5	PSB007	218	con	con	linguistic	none	_	_	_	_	_	_
218-6	PSB007	218	gli	gli	linguistic	none	_	_	_	_	_	_
218-7	PSB007	218	altri::	altri	linguistic	none	_	_	4x2	_	_	_
218-8	PSB007	218	amici	amici	linguistic	none	_	_	_	_	_	_
218-9	PSB007	218	che	che	linguistic	none	_	_	_	_	_	_
218-10	PSB007	218	adesso	adesso	linguistic	none	_	_	_	_	_	_
218-11	PSB007	218	abitano	abitano	linguistic	none	_	_	_	_	_	_
218-12	PSB007	218	a	a	linguistic	none	_	_	_	_	_	_
218-13	PSB007	218	bologna:,	bologna	linguistic	none	Intonation=weakly_rising	End=805.63	6x1	_	_	_
219-0	PSB007	219	e:h	eh	linguistic	none	_	Begin=805.89	0x1	_	_	_
219-1	PSB007	219	questa	questa	linguistic	none	_	_	_	_	_	_
219-2	PSB007	219	amicizia	amicizia	linguistic	none	_	_	_	_	_	_
219-3	PSB007	219	dura	dura	linguistic	none	_	_	_	_	_	_
219-4	PSB007	219	già:	già	linguistic	none	_	_	2x1	_	_	_
219-5	PSB007	219	dieci	dieci	linguistic	none	_	_	_	_	_	_
219-6	PSB007	219	anni	anni	linguistic	none	_	_	_	_	_	_
219-7	PSB007	219	perché	perché	linguistic	none	_	_	_	_	_	_
219-8	PSB007	219	prima	prima	linguistic	none	_	_	_	_	_	_
219-9	PSB007	219	volta	volta	linguistic	none	_	_	_	_	_	_
219-10	PSB007	219	sono	sono	linguistic	none	_	_	_	_	_	_
219-11	PSB007	219	arrivata	arrivata	linguistic	none	_	_	_	_	_	_
219-12	PSB007	219	in	in	linguistic	none	_	_	_	_	_	_
219-13	PSB007	219	italia	italia	linguistic	none	_	_	_	_	_	_
219-14	PSB007	219	nel	nel	linguistic	none	_	_	_	_	_	_
219-15	PSB007	219	duemilatredici,	duemilatredici	linguistic	none	Intonation=weakly_rising	End=812.351	_	_	_	_
220-0	PSB007	220	<quando>	quando	linguistic	none	_	Begin=813.29	_	Slow=0-6(0)	_	_
220-1	PSB007	220	e:h	eh	linguistic	none	_	_	0x1	_	_	_
220-2	PSB007	220	m::h	mh	linguistic	none	_	_	0x2	_	_	_
220-3	PSB007	220	stavo	stavo	linguistic	none	_	_	_	_	_	_
220-4	PSB007	220	facendo	facendo	linguistic	none	_	_	_	_	_	_
220-5	PSB007	220	il	il	linguistic	none	_	_	_	_	_	_
220-6	PSB007	220	mio	mio	linguistic	none	_	_	_	_	_	_
220-7	PSB007	220	corso	corso	linguistic	none	_	_	_	_	_	_
220-8	PSB007	220	del	del	linguistic	none	_	_	_	_	_	_
220-9	PSB007	220	dottorato:,	dottorato	linguistic	none	Intonation=weakly_rising	_	8x1	_	_	_
220-10	PSB007	220	quindi	quindi	linguistic	none	_	_	_	_	_	_
220-11	PSB007	220	l'	l'	linguistic	none	SpaceAfter=No	_	_	_	_	_
220-12	PSB007	220	ultimo	ultimo	linguistic	none	_	_	_	_	_	_
220-13	PSB007	220	anno:	anno	linguistic	none	_	_	3x1	_	_	_
220-14	PSB007	220	e:h	eh	linguistic	none	_	End=823.58	0x1	_	_	_
221-0	PSB007	221	ho	ho	linguistic	none	_	Begin=824.09	_	_	_	_
221-1	PSB007	221	trovato	trovato	linguistic	none	_	_	_	_	_	_
221-2	PSB007	221	la	la	linguistic	none	_	_	_	_	_	_
221-3	PSB007	221	possibilità	possibilità	linguistic	none	_	_	_	_	_	_
221-4	PSB007	221	di	di	linguistic	none	_	_	_	_	_	_
221-5	PSB007	221	passare	passare	linguistic	none	_	_	_	_	_	_
221-6	PSB007	221	quest'	quest'	linguistic	none	SpaceAfter=No	_	_	_	_	_
221-7	PSB007	221	ultimo	ultimo	linguistic	none	_	_	_	_	_	_
221-8	PSB007	221	anno	anno	linguistic	none	_	_	_	_	_	_
221-9	PSB007	221	del	del	linguistic	none	_	_	_	_	_	_
221-10	PSB007	221	dottorato	dottorato	linguistic	none	_	_	_	_	_	_
221-11	PSB007	221	all'	all'	linguistic	none	SpaceAfter=No	_	_	_	_	_
221-12	PSB007	221	estero,	estero	linguistic	none	Intonation=weakly_rising	End=828.53	_	_	_	_
222-0	PSB007	222	e:h	eh	linguistic	none	_	Begin=829.15	0x1	_	_	_
222-1	PSB007	222	perché	perché	linguistic	none	_	_	_	_	_	_
222-2	PSB007	222	ho	ho	linguistic	none	_	_	_	_	_	_
222-3	PSB007	222	scelto	scelto	linguistic	none	_	_	_	_	_	_
222-4	PSB007	222	italia,	italia	linguistic	none	Intonation=weakly_rising	_	_	_	_	_
222-5	PSB007	222	perché	perché	linguistic	none	_	_	_	_	_	_
222-6	PSB007	222	ho	ho	linguistic	none	_	_	_	_	_	_
222-7	PSB007	222	scelto	scelto	linguistic	none	_	_	_	_	_	_
222-8	PSB007	222	bologna:	bologna	linguistic	none	_	_	6x1	_	_	_
222-9	PSB007	222	semplicemente	semplicemente	linguistic	none	_	_	_	_	_	_
222-10	PSB007	222	perché	perché	linguistic	none	_	_	_	_	_	_
222-11	PSB007	222	qui	qui	linguistic	none	_	_	_	_	_	_
222-12	PSB007	222	io	io	linguistic	none	_	_	_	_	_	_
222-13	PSB007	222	ho	ho	linguistic	none	_	_	_	_	_	_
222-14	PSB007	222	trovato:	trovato	linguistic	none	_	_	6x1	_	_	_
222-15	PSB007	222	il	il	linguistic	none	_	_	_	_	_	_
222-16	PSB007	222	professor[e:],	professore	linguistic	none	Intonation=weakly_rising	End=836.77	9x1	_	_	9-10(24)
223-0	PSB005	223	[mh]mh	mhmh	linguistic	none	_	Begin=836.59|End=836.97	_	_	_	0-2(24)
224-0	PSB007	224	e:h	eh	linguistic	none	_	Begin=837.32	0x1	_	_	_
224-1	PSB007	224	mio	mio	linguistic	none	_	_	_	_	_	_
224-2	PSB007	224	tutor	tutor	linguistic	none	_	End=838.74	_	_	_	_
225-0	PSB007	225	che::	che	linguistic	none	_	Begin=839.04	2x2	_	_	_
225-1	PSB007	225	m:h	mh	linguistic	none	_	_	0x1	_	_	_
225-2	PSB007	225	chi	chi	linguistic	none	_	_	_	_	_	_
225-3	PSB007	225	m:h	mh	linguistic	none	_	_	0x1	_	_	_
225-4	PSB007	225	poteva:	poteva	linguistic	none	_	_	5x1	_	_	_
225-5	PSB007	225	aiutarmi	aiutarmi	linguistic	none	_	_	_	_	_	_
225-6	PSB007	225	con	con	linguistic	none	_	_	_	_	_	_
225-7	PSB007	225	il	il	linguistic	none	_	_	_	_	_	_
225-8	PSB007	225	mio	mio	linguistic	none	_	_	_	_	_	_
225-9	PSB007	225	lavoro,	lavoro	linguistic	none	Intonation=weakly_rising	End=844.96	_	_	_	_
226-0	PSB007	226	sono	sono	linguistic	none	_	Begin=845.35	_	_	_	_
226-1	PSB007	226	bizantinista,	bizantinista	linguistic	none	Intonation=weakly_rising	_	_	_	_	_
226-2	PSB007	226	quindi	quindi	linguistic	none	_	_	_	_	_	_
226-3	PSB007	226	in	in	linguistic	none	_	_	_	_	_	_
226-4	PSB007	226	realtà	realtà	linguistic	none	_	_	_	_	_	_
226-5	PSB007	226	non	non	linguistic	none	_	_	_	_	_	_
226-6	PSB007	226	ci	ci	linguistic	none	_	_	_	_	_	_
226-7	PSB007	226	sono	sono	linguistic	none	_	_	_	_	_	_
226-8	PSB007	226	nel	nel	linguistic	none	_	_	_	_	_	_
226-9	PSB007	226	mondo	mondo	linguistic	none	_	_	_	_	_	_
226-10	PSB007	226	tantissimi	tantissimi	linguistic	none	_	_	_	_	_	_
226-11	PSB007	226	posti,	posti	linguistic	none	Intonation=weakly_rising	_	_	_	_	_
226-12	PSB007	226	tantissimi	tantissimi	linguistic	none	_	_	_	_	_	_
226-13	PSB007	226	[centri	centri	linguistic	none	_	_	_	_	_	0-6(25)
226-14	PSB007	226	con	con	linguistic	none	_	_	_	_	_	0-3(25)
226-15	PSB007	226	specialisti::],	specialisti	linguistic	none	Intonation=weakly_rising	_	10x2	_	_	0-11(25)
226-16	PSB007	226	sì	sì	linguistic	none	_	_	_	_	_	_
226-17	PSB007	226	di	di	linguistic	none	_	_	_	_	_	_
226-18	PSB007	226	di	di	linguistic	none	_	_	_	_	_	_
226-19	PSB007	226	di	di	linguistic	none	_	_	_	_	_	_
226-20	PSB007	226	livello:	livello	linguistic	none	_	_	6x1	_	_	_
226-21	PSB007	226	alto,	alto	linguistic	none	Intonation=weakly_rising	End=856.18	_	_	_	_
227-0	PSB005	227	[immagino	immagino	linguistic	none	_	Begin=850.73	_	_	_	0-8(25)
227-1	PSB005	227	sì	sì	linguistic	none	_	_	_	_	_	0-2(25)
227-2	PSB005	227	mhmh]	mhmh	linguistic	none	_	End=852.84	_	_	_	0-4(25)
228-0	PSB007	228	e::	e	linguistic	none	_	Begin=856.7	0x2	_	_	_
228-1	PSB007	228	m::h	mh	linguistic	none	_	_	0x2	_	_	_
228-2	PSB007	228	io::	io	linguistic	none	_	_	1x2	_	_	_
228-3	PSB007	228	ho	ho	linguistic	none	_	_	_	_	_	_
228-4	PSB007	228	trovato:	trovato	linguistic	none	_	_	6x1	_	_	_
228-5	PSB007	228	questo	questo	linguistic	none	_	_	_	_	_	_
228-6	PSB007	228	professore,	professore	linguistic	none	Intonation=weakly_rising	_	_	_	_	_
228-7	PSB007	228	professor	professor	linguistic	none	_	_	_	_	_	_
228-8	PSB007	228	rossi	rossi	linguistic	none	_	_	_	_	_	_
228-9	PSB007	228	anche	anche	linguistic	none	_	_	_	_	_	_
228-10	PSB007	228	adesso	adesso	linguistic	none	_	_	_	_	_	_
228-11	PSB007	228	una	una	linguistic	none	_	_	_	_	_	_
228-12	PSB007	228	persona	persona	linguistic	none	_	_	_	_	_	_
228-13	PSB007	228	molto	molto	linguistic	none	_	_	_	_	_	_
228-14	PSB007	228	cara	cara	linguistic	none	_	_	_	_	_	_
228-15	PSB007	228	per	per	linguistic	none	_	_	_	_	_	_
228-16	PSB007	228	me,	me	linguistic	none	Intonation=weakly_rising	End=865.17	_	_	_	_
229-0	PSB007	229	m::h	mh	linguistic	none	_	Begin=865.94	0x2	_	_	_
229-1	PSB007	229	e::	e	linguistic	none	_	End=867.78	0x2	_	_	_
230-0	PSB007	230	lui	lui	linguistic	none	_	Begin=868.7	_	_	_	_
230-1	PSB007	230	e:h	eh	linguistic	none	_	_	0x1	_	_	_
230-2	PSB007	230	in	in	linguistic	none	_	_	_	_	_	_
230-3	PSB007	230	quel	quel	linguistic	none	_	_	_	_	_	_
230-4	PSB007	230	periodo	periodo	linguistic	none	_	_	_	_	_	_
230-5	PSB007	230	ha	ha	linguistic	none	_	_	_	_	_	_
230-6	PSB007	230	lavorato:	lavorato	linguistic	none	_	_	7x1	_	_	_
230-7	PSB007	230	a	a	linguistic	none	_	_	_	_	_	_
230-8	PSB007	230	ravenna,	ravenna	linguistic	none	Intonation=weakly_rising	_	_	_	_	_
230-9	PSB007	230	e	e	linguistic	none	_	_	_	_	_	_
230-10	PSB007	230	a	a	linguistic	none	_	_	_	_	_	_
230-11	PSB007	230	bologna,	bologna	linguistic	none	Intonation=weakly_rising	End=874.0	_	_	_	_
231-0	PSB007	231	°come	come	linguistic	none	Volume=low	Begin=874.18	_	_	_	_
231-1	PSB007	231	adesso	adesso	linguistic	none	Volume=low	_	_	_	_	_
231-2	PSB007	231	comunque°	comunque	linguistic	none	Volume=low	End=875.5	_	_	_	_
232-0	PSB007	232	e::	e	linguistic	none	_	Begin=876.29	0x2	_	_	_
232-1	PSB007	232	m::h	mh	linguistic	none	_	_	0x2	_	_	_
232-2	PSB007	232	quando::	quando	linguistic	none	_	_	5x2	_	_	_
232-3	PSB007	232	abbiamo	abbiamo	linguistic	none	_	_	_	_	_	_
232-4	PSB007	232	parlato	parlato	linguistic	none	_	_	_	_	_	_
232-5	PSB007	232	con	con	linguistic	none	_	_	_	_	_	_
232-6	PSB007	232	lui	lui	linguistic	none	_	_	_	_	_	_
232-7	PSB007	232	dove	dove	linguistic	none	_	_	_	_	_	_
232-8	PSB007	232	{P}	{P}	shortpause	none	_	_	_	_	_	_
232-9	PSB007	232	io	io	linguistic	none	_	_	_	_	_	_
232-10	PSB007	232	devo	devo	linguistic	none	_	_	_	_	_	_
232-11	PSB007	232	vivere,	vivere	linguistic	none	Intonation=weakly_rising	End=884.31	_	_	_	_
233-0	PSB007	233	se	se	linguistic	none	_	Begin=884.72	_	_	_	_
233-1	PSB007	233	arrivo	arrivo	linguistic	none	_	_	_	_	_	_
233-2	PSB007	233	in	in	linguistic	none	_	_	_	_	_	_
233-3	PSB007	233	italia,	italia	linguistic	none	Intonation=weakly_rising	End=886.24	_	_	_	_
234-0	PSB007	234	io	io	linguistic	none	_	Begin=886.45	_	_	_	_
234-1	PSB007	234	potevo	potevo	linguistic	none	_	_	_	_	_	_
234-2	PSB007	234	scegliere	scegliere	linguistic	none	_	_	_	_	_	_
234-3	PSB007	234	almeno	almeno	linguistic	none	_	_	_	_	_	_
234-4	PSB007	234	bologna,	bologna	linguistic	none	Intonation=weakly_rising	_	_	_	_	_
234-5	PSB007	234	lui	lui	linguistic	none	_	_	_	_	_	_
234-6	PSB007	234	mi	mi	linguistic	none	_	_	_	_	_	_
234-7	PSB007	234	ha	ha	linguistic	none	_	_	_	_	_	_
234-8	PSB007	234	suggerito	suggerito	linguistic	none	_	_	_	_	_	_
234-9	PSB007	234	bologna,	bologna	linguistic	none	Intonation=weakly_rising	_	_	_	_	_
234-10	PSB007	234	e	e	linguistic	none	_	_	_	_	_	_
234-11	PSB007	234	cos[ì::]	così	linguistic	none	_	End=891.09	3x2	_	_	3-4(26)
235-0	PSB005	235	[ok]ay	okay	linguistic	none	_	Begin=890.82|End=891.38	_	_	_	0-2(26)
236-0	PSB005	236	mhmh	mhmh	linguistic	none	_	Begin=891.49|End=891.98	_	_	_	_
237-0	PSB007	237	sono:	sono	linguistic	none	_	Begin=892.01	3x1	_	_	_
237-1	PSB007	237	arrivata	arrivata	linguistic	none	_	_	_	_	_	_
237-2	PSB007	237	a	a	linguistic	none	_	_	_	_	_	_
237-3	PSB007	237	bologna,	bologna	linguistic	none	Intonation=weakly_rising	End=894.27	_	_	_	_
238-0	PSB007	238	e:	e	linguistic	none	_	Begin=894.71	0x1	_	_	_
238-1	PSB007	238	dopo	dopo	linguistic	none	_	_	_	_	_	_
238-2	PSB007	238	ho	ho	linguistic	none	_	_	_	_	_	_
238-3	PSB007	238	conosciuto:	conosciuto	linguistic	none	_	_	9x1	_	_	_
238-4	PSB007	238	prima	prima	linguistic	none	_	_	_	_	_	_
238-5	PSB007	238	ho	ho	linguistic	none	_	_	_	_	_	_
238-6	PSB007	238	conosciuto	conosciuto	linguistic	none	_	_	_	_	_	_
238-7	PSB007	238	filippo,	filippo	linguistic	none	Intonation=weakly_rising	End=898.46	_	_	_	_
239-0	PSB007	239	filippo	filippo	linguistic	none	_	Begin=898.7	_	_	_	_
239-1	PSB007	239	adesso	adesso	linguistic	none	_	_	_	_	_	_
239-2	PSB007	239	è	è	linguistic	none	_	_	_	_	_	_
239-3	PSB007	239	il	il	linguistic	none	_	_	_	_	_	_
239-4	PSB007	239	marito	marito	linguistic	none	_	_	_	_	_	_
239-5	PSB007	239	di	di	linguistic	none	_	_	_	_	_	_
239-6	PSB007	239	megan	megan	linguistic	none	_	_	_	_	_	_
239-7	PSB007	239	mia	mia	linguistic	none	_	_	_	_	_	_
239-8	PSB007	239	amica:,	amica	linguistic	none	Intonation=weakly_rising	End=901.86	4x1	_	_	_
240-0	PSB007	240	m:h	mh	linguistic	none	_	Begin=902.42	0x1	_	_	_
240-1	PSB007	240	è	è	linguistic	none	_	_	_	_	_	_
240-2	PSB007	240	così	così	linguistic	none	_	_	_	_	_	_
240-3	PSB007	240	è	è	linguistic	none	_	_	_	_	_	_
240-4	PSB007	240	nata	nata	linguistic	none	_	_	_	_	_	_
240-5	PSB007	240	questa	questa	linguistic	none	_	_	_	_	_	_
240-6	PSB007	240	amicizia:,	amicizia	linguistic	none	Intonation=weakly_rising	_	7x1	_	_	_
240-7	PSB007	240	che	che	linguistic	none	_	_	_	_	_	_
240-8	PSB007	240	dura	dura	linguistic	none	_	_	_	_	_	_
240-9	PSB007	240	fino	fino	linguistic	none	_	_	_	_	_	_
240-10	PSB007	240	ora:,	ora	linguistic	none	Intonation=weakly_rising	End=905.79	2x1	_	_	_
241-0	PSB005	241	mhmh	mhmh	linguistic	none	_	Begin=905.84	_	_	_	_
241-1	PSB005	241	e	e	linguistic	none	_	_	_	_	_	_
241-2	PSB005	241	loro	loro	linguistic	none	_	_	_	_	_	_
241-3	PSB005	241	sono	sono	linguistic	none	_	_	_	_	_	_
241-4	PSB005	241	di	di	linguistic	none	_	_	_	_	_	_
241-5	PSB005	241	qui?	qui	linguistic	none	Intonation=rising	End=907.3	_	_	_	_
242-0	PSB007	242	sì	sì	linguistic	none	_	Begin=908.0	_	_	_	_
242-1	PSB007	242	sì	sì	linguistic	none	_	_	_	_	_	_
242-2	PSB007	242	filippo	filippo	linguistic	none	_	_	_	_	_	_
242-3	PSB007	242	è:	è	linguistic	none	_	_	0x1	_	_	_
242-4	PSB007	242	proprio	proprio	linguistic	none	_	_	_	_	_	_
242-5	PSB007	242	bolognes[e:],	bolognese	linguistic	none	Intonation=weakly_rising	End=910.41	8x1	_	_	8-9(27)
243-0	PSB005	243	[è	è	linguistic	none	_	Begin=910.17	_	_	_	0-1(27)
243-1	PSB005	243	un]	un	linguistic	none	_	_	_	_	_	0-2(27)
243-2	PSB005	243	nome	nome	linguistic	none	_	_	_	_	_	_
243-3	PSB005	243	molto	molto	linguistic	none	_	_	_	_	_	_
243-4	PSB005	243	tipico	tipico	linguistic	none	_	_	_	_	_	_
243-5	PSB005	243	{P}	{P}	shortpause	none	_	_	_	_	_	_
243-6	PSB005	243	in	in	linguistic	none	_	_	_	_	_	_
243-7	PSB005	243	ital~	ital~	linguistic	none	Interrupted=Yes	_	_	_	_	_
243-8	PSB005	243	in	in	linguistic	none	_	_	_	_	_	_
243-9	PSB005	243	a	a	linguistic	none	_	_	_	_	_	_
243-10	PSB005	243	bologna	bologna	linguistic	none	_	_	_	_	_	_
243-11	PSB005	243	è	è	linguistic	none	_	_	_	_	_	_
243-12	PSB005	243	molto	molto	linguistic	none	_	_	_	_	_	_
243-13	PSB005	243	tipico	tipico	linguistic	none	_	_	_	_	_	_
243-14	PSB005	243	{ride}	{ride}	nonverbalbehavior	none	_	_	_	_	_	_
243-15	PSB005	243	sì	sì	linguistic	none	_	End=914.39	_	_	_	_
244-0	PSB007	244	sì:	sì	linguistic	none	_	Begin=914.4	1x1	_	_	_
244-1	PSB007	244	è	è	linguistic	none	_	_	_	_	_	_
244-2	PSB007	244	un	un	linguistic	none	_	_	_	_	_	_
244-3	PSB007	244	bravo	bravo	linguistic	none	_	_	_	_	_	_
244-4	PSB007	244	ragazzo:	ragazzo	linguistic	none	_	_	6x1	_	_	_
244-5	PSB007	244	lui	lui	linguistic	none	_	_	_	_	_	_
244-6	PSB007	244	è	è	linguistic	none	_	_	_	_	_	_
244-7	PSB007	244	m:h	mh	linguistic	none	_	_	0x1	_	_	_
244-8	PSB007	244	anche	anche	linguistic	none	_	_	_	_	_	_
244-9	PSB007	244	m:h	mh	linguistic	none	_	_	0x1	_	_	_
244-10	PSB007	244	specialista	specialista	linguistic	none	_	_	_	_	_	_
244-11	PSB007	244	di	di	linguistic	none	_	_	_	_	_	_
244-12	PSB007	244	storia	storia	linguistic	none	_	_	_	_	_	_
244-13	PSB007	244	come	come	linguistic	none	_	_	_	_	_	_
244-14	PSB007	244	me:,	me	linguistic	none	Intonation=weakly_rising	End=919.82	1x1	_	_	_
245-0	PSB005	245	mhmh	mhmh	linguistic	none	_	Begin=919.9|End=920.27	_	_	_	_
246-0	PSB007	246	quindi	quindi	linguistic	none	_	Begin=920.32	_	_	_	_
246-1	PSB007	246	ci	ci	linguistic	none	_	_	_	_	_	_
246-2	PSB007	246	siamo	siamo	linguistic	none	_	_	_	_	_	_
246-3	PSB007	246	incontrati	incontrati	linguistic	none	_	_	_	_	_	_
246-4	PSB007	246	al	al	linguistic	none	_	_	_	_	_	_
246-5	PSB007	246	dipartimento:	dipartimento	linguistic	none	_	_	11x1	_	_	_
246-6	PSB007	246	qui:	qui	linguistic	none	_	_	2x1	_	_	_
246-7	PSB007	246	vicino:	vicino	linguistic	none	_	_	5x1	_	_	_
246-8	PSB007	246	in	in	linguistic	none	_	_	_	_	_	_
246-9	PSB007	246	piazza	piazza	linguistic	none	_	_	_	_	_	_
246-10	PSB007	246	@nomeluogo:,	@nomeluogo:,	linguistic	none	_	End=926.19	_	_	_	_
247-0	PSB007	247	e:h	eh	linguistic	none	_	Begin=926.65	0x1	_	_	_
247-1	PSB007	247	anche	anche	linguistic	none	_	_	_	_	_	_
247-2	PSB007	247	<lui:>	lui	linguistic	none	_	_	2x1	Slow=0-3(0)	_	_
247-3	PSB007	247	ha::	ha	linguistic	none	_	_	1x2	_	_	_
247-4	PSB007	247	fatto:	fatto	linguistic	none	_	_	4x1	_	_	_
247-5	PSB007	247	dottorato:,	dottorato	linguistic	none	Intonation=weakly_rising	_	8x1	_	_	_
247-6	PSB007	247	e::	e	linguistic	none	_	_	0x2	_	_	_
247-7	PSB007	247	dopo	dopo	linguistic	none	_	_	_	_	_	_
247-8	PSB007	247	lui	lui	linguistic	none	_	_	_	_	_	_
247-9	PSB007	247	mi	mi	linguistic	none	_	_	_	_	_	_
247-10	PSB007	247	ha	ha	linguistic	none	_	_	_	_	_	_
247-11	PSB007	247	presentato	presentato	linguistic	none	_	_	_	_	_	_
247-12	PSB007	247	la	la	linguistic	none	_	_	_	_	_	_
247-13	PSB007	247	sua	sua	linguistic	none	_	_	_	_	_	_
247-14	PSB007	247	ragazza,	ragazza	linguistic	none	Intonation=weakly_rising	_	_	_	_	_
247-15	PSB007	247	°xxx	x	unknown	none	Volume=low	_	_	_	_	_
247-16	PSB007	247	megan	megan	linguistic	none	Volume=low	_	_	_	_	_
247-17	PSB007	247	era	era	linguistic	none	Volume=low	_	_	_	_	_
247-18	PSB007	247	solo	solo	linguistic	none	Volume=low	_	_	_	_	_
247-19	PSB007	247	la	la	linguistic	none	Volume=low	_	_	_	_	_
247-20	PSB007	247	ragazza,°	ragazza	linguistic	none	Intonation=weakly_rising|Volume=low	_	_	_	_	_
247-21	PSB007	247	e::	e	linguistic	none	_	_	0x2	_	_	_
247-22	PSB007	247	m:h	mh	linguistic	none	_	End=936.96	0x1	_	_	_
248-0	PSB007	248	e:h	eh	linguistic	none	_	Begin=937.36|End=938.11	0x1	_	_	_
249-0	PSB007	249	e:	e	linguistic	none	_	Begin=938.95	0x1	_	_	_
249-1	PSB007	249	quindi:	quindi	linguistic	none	_	End=940.03	5x1	_	_	_
250-0	PSB005	250	oka[y]	okay	linguistic	none	_	Begin=940.46|End=940.89	_	_	_	3-4(28)
251-0	PSB007	251	[x]	x	unknown	none	_	Begin=940.79	_	_	_	0-1(28)
251-1	PSB007	251	co[sì]	così	linguistic	none	_	End=941.25	_	_	_	2-4(29)
252-0	PSB005	252	[sì]	sì	linguistic	none	_	Begin=941.18	_	_	_	0-2(29)
252-1	PSB005	252	sì	sì	linguistic	none	_	End=941.63	_	_	_	_
253-0	PSB007	253	°>quindi<°	quindi	linguistic	none	Volume=low	Begin=941.74	_	Fast=0-6(0)	_	_
253-1	PSB007	253	abbastanza	abbastanza	linguistic	none	_	_	_	_	_	_
253-2	PSB007	253	semplice	semplice	linguistic	none	_	_	_	_	_	_
253-3	PSB007	253	{ride}	{ride}	nonverbalbehavior	none	_	End=943.04	_	_	_	_
254-0	PSB005	254	mhmh	mhmh	linguistic	none	_	Begin=943.05	_	_	_	_
254-1	PSB005	254	no	no	linguistic	none	_	_	_	_	_	_
254-2	PSB005	254	va	va	linguistic	none	_	_	_	_	_	_
254-3	PSB005	254	bene	bene	linguistic	none	_	_	_	_	_	_
254-4	PSB005	254	va	va	linguistic	none	_	_	_	_	_	_
254-5	PSB005	254	bene	bene	linguistic	none	_	_	_	_	_	_
254-6	PSB005	254	e::	e	linguistic	none	_	_	0x2	_	_	_
254-7	PSB005	254	mh	mh	linguistic	none	_	_	_	_	_	_
254-8	PSB005	254	e	e	linguistic	none	_	_	_	_	_	_
254-9	PSB005	254	durante	durante	linguistic	none	_	_	_	_	_	_
254-10	PSB005	254	l'	l'	linguistic	none	SpaceAfter=No	_	_	_	_	_
254-11	PSB005	254	anno	anno	linguistic	none	_	_	_	_	_	_
254-12	PSB005	254	in	in	linguistic	none	_	_	_	_	_	_
254-13	PSB005	254	cui	cui	linguistic	none	_	_	_	_	_	_
254-14	PSB005	254	sei	sei	linguistic	none	_	_	_	_	_	_
254-15	PSB005	254	stata	stata	linguistic	none	_	_	_	_	_	_
254-16	PSB005	254	qui:,	qui	linguistic	none	Intonation=weakly_rising	_	2x1	_	_	_
254-17	PSB005	254	sei	sei	linguistic	none	_	_	_	_	_	_
254-18	PSB005	254	stata	stata	linguistic	none	_	_	_	_	_	_
254-19	PSB005	254	un	un	linguistic	none	_	_	_	_	_	_
254-20	PSB005	254	anno:?	anno	linguistic	none	Intonation=rising	End=948.19	3x1	_	_	_
255-0	PSB007	255	sì	sì	linguistic	none	_	Begin=948.35|End=948.67	_	_	_	_
256-0	PSB005	256	e	e	linguistic	none	_	Begin=948.922	_	_	_	_
256-1	PSB005	256	mh	mh	linguistic	none	_	_	_	_	_	_
256-2	PSB005	256	era	era	linguistic	none	_	_	_	_	_	_
256-3	PSB005	256	stata	stata	linguistic	none	_	_	_	_	_	_
256-4	PSB005	256	una	una	linguistic	none	_	_	_	_	_	_
256-5	PSB005	256	bella	bella	linguistic	none	_	_	_	_	_	_
256-6	PSB005	256	esperienza?	esperienza	linguistic	none	Intonation=rising	_	_	_	_	_
256-7	PSB005	256	ti	ti	linguistic	none	_	_	_	_	_	_
256-8	PSB005	256	era	era	linguistic	none	_	_	_	_	_	_
256-9	PSB005	256	piaciuto:::	piaciuto	linguistic	none	_	_	7x3	_	_	_
256-10	PSB005	256	stare	stare	linguistic	none	_	_	_	_	_	_
256-11	PSB005	256	qui:?	qui	linguistic	none	Intonation=rising	End=953.117	2x1	_	_	_
257-0	PSB007	257	sì:::	sì	linguistic	none	_	Begin=954.058	1x3	_	_	_
257-1	PSB007	257	sono	sono	linguistic	none	_	_	_	_	_	_
257-2	PSB007	257	stata	stata	linguistic	none	_	_	_	_	_	_
257-3	PSB007	257	proprio	proprio	linguistic	none	_	_	_	_	_	_
257-4	PSB007	257	innamorata:::	innamorata	linguistic	none	_	_	9x3	_	_	_
257-5	PSB007	257	con	con	linguistic	none	_	_	_	_	_	_
257-6	PSB007	257	italia::,	italia	linguistic	none	Intonation=weakly_rising	_	5x2	_	_	_
257-7	PSB007	257	con	con	linguistic	none	_	_	_	_	_	_
257-8	PSB007	257	tu~	tu~	linguistic	none	Interrupted=Yes	_	_	_	_	_
257-9	PSB007	257	italiano::,	italiano	linguistic	none	Intonation=weakly_rising	_	7x2	_	_	_
257-10	PSB007	257	ehm	ehm	linguistic	none	_	End=961.247	_	_	_	_
258-0	PSB007	258	con:	con	linguistic	none	_	Begin=961.994|End=962.987	2x1	_	_	_
259-0	PSB005	259	avevi	avevi	linguistic	none	_	Begin=964.097	_	_	_	_
259-1	PSB005	259	già	già	linguistic	none	_	_	_	_	_	_
259-2	PSB005	259	studiato	studiato	linguistic	none	_	_	_	_	_	_
259-3	PSB005	259	italiano	italiano	linguistic	none	_	_	_	_	_	_
259-4	PSB005	259	prima	prima	linguistic	none	_	_	_	_	_	_
259-5	PSB005	259	di	di	linguistic	none	_	_	_	_	_	_
259-6	PSB005	259	venire:	venire	linguistic	none	_	_	5x1	_	_	_
259-7	PSB005	259	in	in	linguistic	none	_	_	_	_	_	_
259-8	PSB005	259	italia?	italia	linguistic	none	Intonation=rising	End=966.942	_	_	_	_
260-0	PSB007	260	no	no	linguistic	none	_	Begin=967.429|End=967.818	_	_	_	_
261-0	PSB007	261	ho	ho	linguistic	none	_	Begin=968.383	_	_	_	_
261-1	PSB007	261	studiato	studiato	linguistic	none	_	_	_	_	_	_
261-2	PSB007	261	italiano	italiano	linguistic	none	_	_	_	_	_	_
261-3	PSB007	261	solo	solo	linguistic	none	_	_	_	_	_	_
261-4	PSB007	261	un	un	linguistic	none	_	_	_	_	_	_
261-5	PSB007	261	mese:	mese	linguistic	none	_	_	3x1	_	_	_
261-6	PSB007	261	prima	prima	linguistic	none	_	_	_	_	_	_
261-7	PSB007	261	di	di	linguistic	none	_	_	_	_	_	_
261-8	PSB007	261	partenz[a:],	partenza	linguistic	none	Intonation=weakly_rising	End=972.0	7x1	_	_	7-8(30)
262-0	PSB005	262	[okay]	okay	linguistic	none	_	Begin=971.695|End=972.052	_	_	_	0-4(30)
263-0	PSB007	263	e	e	linguistic	none	_	Begin=972.39	_	_	_	_
263-1	PSB007	263	quindi	quindi	linguistic	none	_	_	_	_	_	_
263-2	PSB007	263	quando	quando	linguistic	none	_	_	_	_	_	_
263-3	PSB007	263	sono	sono	linguistic	none	_	_	_	_	_	_
263-4	PSB007	263	arrivata	arrivata	linguistic	none	_	_	_	_	_	_
263-5	PSB007	263	qui::	qui	linguistic	none	_	_	2x2	_	_	_
263-6	PSB007	263	mh	mh	linguistic	none	_	End=975.253	_	_	_	_
264-0	PSB007	264	ciò	ciò	linguistic	none	_	Begin=975.474|End=975.799	_	_	_	_
265-0	PSB007	265	sì	sì	linguistic	none	_	Begin=975.916	_	_	_	_
265-1	PSB007	265	io	io	linguistic	none	_	_	_	_	_	_
265-2	PSB007	265	potevo	potevo	linguistic	none	_	_	_	_	_	_
265-3	PSB007	265	dire	dire	linguistic	none	_	_	_	_	_	_
265-4	PSB007	265	qualcosa	qualcosa	linguistic	none	_	_	_	_	_	_
265-5	PSB007	265	tipo	tipo	linguistic	none	_	_	_	_	_	_
265-6	PSB007	265	ciao	ciao	linguistic	none	_	_	_	_	_	_
265-7	PSB007	265	buongiorn[o::],	buongiorno	linguistic	none	Intonation=weakly_rising	_	9x2	_	_	9-10(31)
265-8	PSB007	265	come	come	linguistic	none	_	_	_	_	_	_
265-9	PSB007	265	va:,	va	linguistic	none	Intonation=weakly_rising	_	1x1	_	_	_
265-10	PSB007	265	e:	e	linguistic	none	_	End=980.149	0x1	_	_	_
266-0	PSB005	266	[mhmh]	mhmh	linguistic	none	_	Begin=978.539|End=978.896	_	_	_	0-4(31)
267-0	PSB007	267	e:h	eh	linguistic	none	_	Begin=980.636	0x1	_	_	_
267-1	PSB007	267	mh	mh	linguistic	none	_	End=981.487	_	_	_	_
268-0	PSB007	268	non	non	linguistic	none	_	Begin=982.5	_	_	_	_
268-1	PSB007	268	non	non	linguistic	none	_	_	_	_	_	_
268-2	PSB007	268	tanto	tanto	linguistic	none	_	_	_	_	_	_
268-3	PSB007	268	diciamo,	diciamo	linguistic	none	Intonation=weakly_rising	End=984.169	_	_	_	_
269-0	PSB007	269	e::	e	linguistic	none	_	Begin=984.565	0x2	_	_	_
269-1	PSB007	269	con:	con	linguistic	none	_	_	2x1	_	_	_
269-2	PSB007	269	mio	mio	linguistic	none	_	_	_	_	_	_
269-3	PSB007	269	prof	prof	linguistic	none	_	_	_	_	_	_
269-4	PSB007	269	all'	all'	linguistic	none	SpaceAfter=No	_	_	_	_	_
269-5	PSB007	269	inizio	inizio	linguistic	none	_	_	_	_	_	_
269-6	PSB007	269	abbiamo	abbiamo	linguistic	none	_	_	_	_	_	_
269-7	PSB007	269	parlato	parlato	linguistic	none	_	_	_	_	_	_
269-8	PSB007	269	solo	solo	linguistic	none	_	_	_	_	_	_
269-9	PSB007	269	inglese,	inglese	linguistic	none	Intonation=weakly_rising	End=989.364	_	_	_	_
270-0	PSB007	270	eh	eh	linguistic	none	_	Begin=990.188	_	_	_	_
270-1	PSB007	270	lui	lui	linguistic	none	_	_	_	_	_	_
270-2	PSB007	270	{P}	{P}	shortpause	none	_	_	_	_	_	_
270-3	PSB007	270	super	super	linguistic	none	_	_	_	_	_	_
270-4	PSB007	270	extra	extra	linguistic	none	_	_	_	_	_	_
270-5	PSB007	270	bravo	bravo	linguistic	none	_	_	_	_	_	_
270-6	PSB007	270	{P}	{P}	shortpause	none	_	_	_	_	_	_
270-7	PSB007	270	con	con	linguistic	none	_	_	_	_	_	_
270-8	PSB007	270	inglese,	inglese	linguistic	none	Intonation=weakly_rising	End=993.208	_	_	_	_
271-0	PSB007	271	ciò	ciò	linguistic	none	_	Begin=993.344	_	_	_	_
271-1	PSB007	271	xx	x	unknown	none	_	End=993.922	_	_	_	_
272-0	PSB007	272	e:	e	linguistic	none	_	Begin=994.669	0x1	_	_	_
272-1	PSB007	272	m::h	mh	linguistic	none	_	End=996.409	0x2	_	_	_
273-0	PSB007	273	eh	eh	linguistic	none	_	Begin=996.669	_	_	_	_
273-1	PSB007	273	quando	quando	linguistic	none	_	_	_	_	_	_
273-2	PSB007	273	stavo	stavo	linguistic	none	_	_	_	_	_	_
273-3	PSB007	273	cercando	cercando	linguistic	none	_	_	_	_	_	_
273-4	PSB007	273	appartamento::,	appartamento	linguistic	none	Intonation=weakly_rising	_	11x2	_	_	_
273-5	PSB007	273	ho	ho	linguistic	none	_	_	_	_	_	_
273-6	PSB007	273	ho	ho	linguistic	none	_	_	_	_	_	_
273-7	PSB007	273	prenotato	prenotato	linguistic	none	_	_	_	_	_	_
273-8	PSB007	273	appartamento	appartamento	linguistic	none	_	_	_	_	_	_
273-9	PSB007	273	su	su	linguistic	none	_	_	_	_	_	_
273-10	PSB007	273	air	air	linguistic	none	_	_	_	_	_	_
273-11	PSB007	273	bi	bi	linguistic	none	_	_	_	_	_	_
273-12	PSB007	273	and	and	linguistic	none	_	_	_	_	_	_
273-13	PSB007	273	bi	bi	linguistic	none	_	End=1002.922	_	_	_	_
274-0	PSB007	274	e::	e	linguistic	none	_	Begin=1003.383	0x2	_	_	_
274-1	PSB007	274	m:h	mh	linguistic	none	_	End=1004.494	0x1	_	_	_
275-0	PSB007	275	la	la	linguistic	none	_	Begin=1004.883	_	_	_	_
275-1	PSB007	275	p~	p~	linguistic	none	Interrupted=Yes	_	_	_	_	_
275-2	PSB007	275	{P}	{P}	shortpause	none	_	_	_	_	_	_
275-3	PSB007	275	il	il	linguistic	none	_	_	_	_	_	_
275-4	PSB007	275	proprietario	proprietario	linguistic	none	_	_	_	_	_	_
275-5	PSB007	275	di	di	linguistic	none	_	_	_	_	_	_
275-6	PSB007	275	quell'	quell'	linguistic	none	SpaceAfter=No	_	_	_	_	_
275-7	PSB007	275	appartamento	appartamento	linguistic	none	_	_	_	_	_	_
275-8	PSB007	275	anche	anche	linguistic	none	_	_	_	_	_	_
275-9	PSB007	275	ha	ha	linguistic	none	_	_	_	_	_	_
275-10	PSB007	275	par~	par~	linguistic	none	Interrupted=Yes	_	_	_	_	_
275-11	PSB007	275	ha	ha	linguistic	none	_	_	_	_	_	_
275-12	PSB007	275	parlato	parlato	linguistic	none	_	_	_	_	_	_
275-13	PSB007	275	inglese:,	inglese	linguistic	none	Intonation=weakly_rising	End=1008.753	6x1	_	_	_
276-0	PSB007	276	MA:	ma	linguistic	none	Volume=high	Begin=1009.604	1x1	_	_	_
276-1	PSB007	276	{P}	{P}	shortpause	none	_	_	_	_	_	_
276-2	PSB007	276	<DOPO>	dopo	linguistic	none	Volume=high	_	_	Slow=0-4(0)	_	_
276-3	PSB007	276	quando:	quando	linguistic	none	_	_	5x1	_	_	_
276-4	PSB007	276	ho	ho	linguistic	none	_	_	_	_	_	_
276-5	PSB007	276	cominciato	cominciato	linguistic	none	_	_	_	_	_	_
276-6	PSB007	276	la	la	linguistic	none	_	_	_	_	_	_
276-7	PSB007	276	mia	mia	linguistic	none	_	_	_	_	_	_
276-8	PSB007	276	vita	vita	linguistic	none	_	_	_	_	_	_
276-9	PSB007	276	qui,	qui	linguistic	none	Intonation=weakly_rising	End=1013.961	_	_	_	_
277-0	PSB007	277	proprio	proprio	linguistic	none	_	Begin=1014.532	_	_	_	_
277-1	PSB007	277	la	la	linguistic	none	_	_	_	_	_	_
277-2	PSB007	277	vita	vita	linguistic	none	_	_	_	_	_	_
277-3	PSB007	277	quando:	quando	linguistic	none	_	_	5x1	_	_	_
277-4	PSB007	277	allora	allora	linguistic	none	_	_	_	_	_	_
277-5	PSB007	277	tutti	tutti	linguistic	none	_	_	_	_	_	_
277-6	PSB007	277	i	i	linguistic	none	_	_	_	_	_	_
277-7	PSB007	277	viaggi	viaggi	linguistic	none	_	_	_	_	_	_
277-8	PSB007	277	sono	sono	linguistic	none	_	_	_	_	_	_
277-9	PSB007	277	finiti:,	finiti	linguistic	none	Intonation=weakly_rising	End=1017.883	5x1	_	_	_
278-0	PSB005	278	mh[mh]	mhmh	linguistic	none	_	Begin=1018.37|End=1018.643	_	_	_	2-4(32)
279-0	PSB007	279	[io]	io	linguistic	none	_	Begin=1018.571	_	_	_	0-2(32)
279-1	PSB007	279	abito	abito	linguistic	none	_	_	_	_	_	_
279-2	PSB007	279	già	già	linguistic	none	_	_	_	_	_	_
279-3	PSB007	279	in	in	linguistic	none	_	_	_	_	_	_
279-4	PSB007	279	una	una	linguistic	none	_	_	_	_	_	_
279-5	PSB007	279	città,	città	linguistic	none	Intonation=weakly_rising	_	_	_	_	_
279-6	PSB007	279	io	io	linguistic	none	_	_	_	_	_	_
279-7	PSB007	279	qui	qui	linguistic	none	_	_	_	_	_	_
279-8	PSB007	279	studio:,	studio	linguistic	none	Intonation=weakly_rising	End=1021.227	5x1	_	_	_
280-0	PSB007	280	lavoro	lavoro	linguistic	none	_	Begin=1021.448	_	_	_	_
280-1	PSB007	280	in	in	linguistic	none	_	_	_	_	_	_
280-2	PSB007	280	biblioteca:,	biblioteca	linguistic	none	Intonation=weakly_rising	End=1023.169	9x1	_	_	_
281-0	PSB007	281	e:h	eh	linguistic	none	_	Begin=1023.318	0x1	_	_	_
281-1	PSB007	281	frequento:	frequento	linguistic	none	_	_	8x1	_	_	_
281-2	PSB007	281	lezioni:,	lezioni	linguistic	none	Intonation=weakly_rising	End=1025.857	6x1	_	_	_
282-0	PSB007	282	e::h	eh	linguistic	none	_	Begin=1026.299	0x2	_	_	_
282-1	PSB007	282	ho	ho	linguistic	none	_	_	_	_	_	_
282-2	PSB007	282	capito	capito	linguistic	none	_	_	_	_	_	_
282-3	PSB007	282	quasi	quasi	linguistic	none	_	_	_	_	_	_
282-4	PSB007	282	subito	subito	linguistic	none	_	_	_	_	_	_
282-5	PSB007	282	<che::	che	linguistic	none	_	_	2x2	Slow=0-3(0)	_	_
282-6	PSB007	282	voglio	voglio	linguistic	none	_	_	_	Slow=0-6(0)	_	_
282-7	PSB007	282	{P}	{P}	shortpause	none	_	_	_	Slow=0-3(0)	_	_
282-8	PSB007	282	°approfondire	approfondire	linguistic	none	Volume=low	_	_	Slow=0-12(0)	_	_
282-9	PSB007	282	la	la	linguistic	none	Volume=low	_	_	Slow=0-2(0)	_	_
282-10	PSB007	282	mia	mia	linguistic	none	Volume=low	_	_	Slow=0-3(0)	_	_
282-11	PSB007	282	conoscenza	conoscenza	linguistic	none	Volume=low	_	_	Slow=0-10(0)	_	_
282-12	PSB007	282	della	della	linguistic	none	Volume=low	_	_	Slow=0-5(0)	_	_
282-13	PSB007	282	lingua:,	lingua	linguistic	none	Intonation=weakly_rising|Volume=low	_	5x1	Slow=0-6(0)	_	_
282-14	PSB007	282	perché:>	perché	linguistic	none	Volume=low	_	5x1	Slow=0-6(0)	_	_
282-15	PSB007	282	m:h	mh	linguistic	none	Volume=low	_	0x1	_	_	_
282-16	PSB007	282	comunque	comunque	linguistic	none	Volume=low	_	_	_	_	_
282-17	PSB007	282	voglio°	voglio	linguistic	none	Volume=low	_	_	_	_	_
282-18	PSB007	282	socializzarmi:,	socializzarmi	linguistic	none	Intonation=weakly_rising	End=1035.89	12x1	_	_	_
283-0	PSB007	283	e:h	eh	linguistic	none	_	Begin=1036.175	0x1	_	_	_
283-1	PSB007	283	voglio	voglio	linguistic	none	_	_	_	_	_	_
283-2	PSB007	283	capire	capire	linguistic	none	_	_	_	_	_	_
283-3	PSB007	283	cosa	cosa	linguistic	none	_	_	_	_	_	_
283-4	PSB007	283	dicono	dicono	linguistic	none	_	_	_	_	_	_
283-5	PSB007	283	gli	gli	linguistic	none	_	_	_	_	_	_
283-6	PSB007	283	altri:	altri	linguistic	none	_	_	4x1	_	_	_
283-7	PSB007	283	quando	quando	linguistic	none	_	_	_	_	_	_
283-8	PSB007	283	non	non	linguistic	none	_	_	_	_	_	_
283-9	PSB007	283	parlano	parlano	linguistic	none	_	_	_	_	_	_
283-10	PSB007	283	inglese:,	inglese	linguistic	none	Intonation=weakly_rising	End=1039.818	6x1	_	_	_
284-0	PSB007	284	e::	e	linguistic	none	_	Begin=1040.344	0x2	_	_	_
284-1	PSB007	284	m:h	mh	linguistic	none	_	_	0x1	_	_	_
284-2	PSB007	284	ho	ho	linguistic	none	_	_	_	_	_	_
284-3	PSB007	284	capito	capito	linguistic	none	_	_	_	_	_	_
284-4	PSB007	284	che	che	linguistic	none	_	_	_	_	_	_
284-5	PSB007	284	ci	ci	linguistic	none	_	_	_	_	_	_
284-6	PSB007	284	sono	sono	linguistic	none	_	_	_	_	_	_
284-7	PSB007	284	<tantissime>	tantissime	linguistic	none	_	_	_	Slow=0-10(0)	_	_
284-8	PSB007	284	persone	persone	linguistic	none	_	_	_	_	_	_
284-9	PSB007	284	che	che	linguistic	none	_	_	_	_	_	_
284-10	PSB007	284	°<non>	non	linguistic	none	Volume=low	_	_	Slow=0-3(1)	_	_
284-11	PSB007	284	parlano	parlano	linguistic	none	Volume=low	_	_	_	_	_
284-12	PSB007	284	inglese:,	inglese	linguistic	none	Intonation=weakly_rising|Volume=low	_	6x1	_	_	_
284-13	PSB007	284	proprio°	proprio	linguistic	none	Volume=low	End=1045.234	_	_	_	_
285-0	PSB007	285	e::	e	linguistic	none	_	Begin=1045.987	0x2	_	_	_
285-1	PSB007	285	m:h	mh	linguistic	none	_	End=1046.877	0x1	_	_	_
286-0	PSB007	286	IO	io	linguistic	none	Volume=high	Begin=1047.565	_	_	_	_
286-1	PSB007	286	VOGLIO	voglio	linguistic	none	Volume=high	_	_	_	_	_
286-2	PSB007	286	PARLA:RE	parlare	linguistic	none	Volume=high	_	4x1	_	_	_
286-3	PSB007	286	quindi:	quindi	linguistic	none	_	End=1049.173	5x1	_	_	_
287-0	PSB005	287	certo,	certo	linguistic	none	Intonation=weakly_rising	Begin=1049.201|End=1049.708	_	_	_	_
288-0	PSB007	288	ecc[o:]	ecco	linguistic	none	_	Begin=1049.805	3x1	_	_	3-4(33)
288-1	PSB007	288	quindi	quindi	linguistic	none	_	_	_	_	_	_
288-2	PSB007	288	ho	ho	linguistic	none	_	_	_	_	_	_
288-3	PSB007	288	finito:	finito	linguistic	none	_	_	5x1	_	_	_
288-4	PSB007	288	{P}	{P}	shortpause	none	_	_	_	_	_	_
288-5	PSB007	288	m:h	mh	linguistic	none	_	_	0x1	_	_	_
288-6	PSB007	288	un	un	linguistic	none	_	_	_	_	_	_
288-7	PSB007	288	corso	corso	linguistic	none	_	_	_	_	_	_
288-8	PSB007	288	delle	delle	linguistic	none	_	_	_	_	_	_
288-9	PSB007	288	lingue	lingue	linguistic	none	_	_	_	_	_	_
288-10	PSB007	288	italiana:,	italiana	linguistic	none	Intonation=weakly_rising	End=1055.299	7x1	_	_	_
289-0	PSB005	289	[sì	sì	linguistic	none	_	Begin=1050.13	_	_	_	0-2(33)
289-1	PSB005	289	sì]	sì	linguistic	none	_	End=1050.442	_	_	_	0-2(33)
290-0	PSB007	290	e:h	eh	linguistic	none	_	Begin=1055.682	0x1	_	_	_
290-1	PSB007	290	offerto	offerto	linguistic	none	_	_	_	_	_	_
290-2	PSB007	290	da::	da	linguistic	none	_	_	1x2	_	_	_
290-3	PSB007	290	centro	centro	linguistic	none	_	_	_	_	_	_
290-4	PSB007	290	linguistico	linguistico	linguistic	none	_	_	_	_	_	_
290-5	PSB007	290	di	di	linguistic	none	_	_	_	_	_	_
290-6	PSB007	290	ateneo,	ateneo	linguistic	none	Intonation=weakly_rising	_	_	_	_	_
290-7	PSB007	290	di	di	linguistic	none	_	_	_	_	_	_
290-8	PSB007	290	bologna	bologna	linguistic	none	_	End=1059.513	_	_	_	_
291-0	PSB005	291	mhmh	mhmh	linguistic	none	_	Begin=1059.643|End=1059.89	_	_	_	_
292-0	PSB005	292	e	e	linguistic	none	_	Begin=1060.097|End=1060.396	_	_	_	_
293-0	PSB005	293	era	era	linguistic	none	_	Begin=1060.546	_	_	_	_
293-1	PSB005	293	la~	la~	linguistic	none	Interrupted=Yes	_	_	_	_	_
293-2	PSB005	293	cioè	cioè	linguistic	none	_	_	_	_	_	_
293-3	PSB005	293	era	era	linguistic	none	_	_	_	_	_	_
293-4	PSB005	293	stato	stato	linguistic	none	_	_	_	_	_	_
293-5	PSB005	293	sufficiente	sufficiente	linguistic	none	_	_	_	_	_	_
293-6	PSB005	293	diciam[o:]?	diciamo	linguistic	none	Intonation=rising	End=1063.422	6x1	_	_	6-7(34)
294-0	PSB007	294	[s]ì	sì	linguistic	none	_	Begin=1063.156|End=1063.838	_	_	_	0-1(34)
295-0	PSB007	295	loro	loro	linguistic	none	_	Begin=1063.929	_	_	_	_
295-1	PSB007	295	sono	sono	linguistic	none	_	_	_	_	_	_
295-2	PSB007	295	<proprio	proprio	linguistic	none	_	_	_	Slow=0-7(0)	_	_
295-3	PSB007	295	bravi>	bravi	linguistic	none	_	End=1065.968	_	Slow=0-5(0)	_	_
296-0	PSB007	296	purtroppo	purtroppo	linguistic	none	_	Begin=1066.714	_	_	_	_
296-1	PSB007	296	non	non	linguistic	none	_	_	_	_	_	_
296-2	PSB007	296	mi	mi	linguistic	none	_	_	_	_	_	_
296-3	PSB007	296	ricordo	ricordo	linguistic	none	_	_	_	_	_	_
296-4	PSB007	296	il	il	linguistic	none	_	_	_	_	_	_
296-5	PSB007	296	nome	nome	linguistic	none	_	_	_	_	_	_
296-6	PSB007	296	della:	della	linguistic	none	_	_	4x1	_	_	_
296-7	PSB007	296	professoressa	professoressa	linguistic	none	_	_	_	_	_	_
296-8	PSB007	296	che	che	linguistic	none	_	_	_	_	_	_
296-9	PSB007	296	ha	ha	linguistic	none	_	_	_	_	_	_
296-10	PSB007	296	fatto::	fatto	linguistic	none	_	_	4x2	_	_	_
296-11	PSB007	296	quel	quel	linguistic	none	_	_	_	_	_	_
296-12	PSB007	296	corso:	corso	linguistic	none	_	_	4x1	_	_	_
296-13	PSB007	296	ma::	ma	linguistic	none	_	_	1x2	_	_	_
296-14	PSB007	296	mh	mh	linguistic	none	_	End=1072.597	_	_	_	_
297-0	PSB007	297	eh	eh	linguistic	none	_	Begin=1073.896	_	_	_	_
297-1	PSB007	297	una	una	linguistic	none	_	_	_	_	_	_
297-2	PSB007	297	una	una	linguistic	none	_	_	_	_	_	_
297-3	PSB007	297	professoressa	professoressa	linguistic	none	_	_	_	_	_	_
297-4	PSB007	297	super	super	linguistic	none	_	_	_	_	_	_
297-5	PSB007	297	extra	extra	linguistic	none	_	_	_	_	_	_
297-6	PSB007	297	brava	brava	linguistic	none	_	End=1076.916	_	_	_	_
298-0	PSB007	298	ciò	ciò	linguistic	none	_	Begin=1077.565|End=1077.968	_	_	_	_
299-0	PSB007	299	n~	n~	linguistic	none	Interrupted=Yes	Begin=1078.201	_	_	_	_
299-1	PSB007	299	non	non	linguistic	none	_	_	_	_	_	_
299-2	PSB007	299	posso:	posso	linguistic	none	_	_	4x1	_	_	_
299-3	PSB007	299	anche	anche	linguistic	none	_	_	_	_	_	_
299-4	PSB007	299	adesso	adesso	linguistic	none	_	_	_	_	_	_
299-5	PSB007	299	è	è	linguistic	none	_	_	_	_	_	_
299-6	PSB007	299	molto	molto	linguistic	none	_	_	_	_	_	_
299-7	PSB007	299	difficile	difficile	linguistic	none	_	_	_	_	_	_
299-8	PSB007	299	fare	fare	linguistic	none	_	_	_	_	_	_
299-9	PSB007	299	un	un	linguistic	none	_	_	_	_	_	_
299-10	PSB007	299	paragone	paragone	linguistic	none	_	_	_	_	_	_
299-11	PSB007	299	con:	con	linguistic	none	_	_	2x1	_	_	_
299-12	PSB007	299	un'	un'	linguistic	none	SpaceAfter=No	_	_	_	_	_
299-13	PSB007	299	altra	altra	linguistic	none	_	_	_	_	_	_
299-14	PSB007	299	{P}	{P}	shortpause	none	_	_	_	_	_	_
299-15	PSB007	299	insegnante:	insegnante	linguistic	none	_	_	9x1	_	_	_
299-16	PSB007	299	che	che	linguistic	none	_	_	_	_	_	_
299-17	PSB007	299	conosco	conosco	linguistic	none	_	_	_	_	_	_
299-18	PSB007	299	nella	nella	linguistic	none	_	_	_	_	_	_
299-19	PSB007	299	mia	mia	linguistic	none	_	_	_	_	_	_
299-20	PSB007	299	vita,	vita	linguistic	none	Intonation=weakly_rising	_	_	_	_	_
299-21	PSB007	299	perché	perché	linguistic	none	_	_	_	_	_	_
299-22	PSB007	299	lei	lei	linguistic	none	_	_	_	_	_	_
299-23	PSB007	299	è	è	linguistic	none	_	_	_	_	_	_
299-24	PSB007	299	stata	stata	linguistic	none	_	_	_	_	_	_
299-25	PSB007	299	proprio:	proprio	linguistic	none	_	_	6x1	_	_	_
299-26	PSB007	299	{P}	{P}	shortpause	none	_	_	_	_	_	_
299-27	PSB007	299	super	super	linguistic	none	_	_	_	_	_	_
299-28	PSB007	299	extra	extra	linguistic	none	_	_	_	_	_	_
299-29	PSB007	299	brav[a]	brava	linguistic	none	_	End=1089.812	_	_	_	3-5(35)
300-0	PSB005	300	°[a]:h	ah	linguistic	none	_	Begin=1089.799	0x1	_	_	0-1(35)
300-1	PSB005	300	che	che	linguistic	none	_	_	_	_	_	_
300-2	PSB005	300	be[llo]	bello	linguistic	none	_	End=1090.613	_	_	_	2-5(36)
301-0	PSB007	301	[il	il	linguistic	none	_	Begin=1090.279	_	_	_	_
301-1	PSB007	301	cor]so	corso	linguistic	none	_	_	_	_	_	_
301-2	PSB007	301	du~	du~	linguistic	none	Interrupted=Yes	_	_	_	_	_
301-3	PSB007	301	ha	ha	linguistic	none	_	_	_	_	_	_
301-4	PSB007	301	durato:	durato	linguistic	none	_	_	5x1	_	_	_
301-5	PSB007	301	eh	eh	linguistic	none	_	_	_	_	_	_
301-6	PSB007	301	poco	poco	linguistic	none	_	_	_	_	_	_
301-7	PSB007	301	tempo,	tempo	linguistic	none	Intonation=weakly_rising	_	_	_	_	_
301-8	PSB007	301	tipo	tipo	linguistic	none	_	_	_	_	_	_
301-9	PSB007	301	non	non	linguistic	none	_	_	_	_	_	_
301-10	PSB007	301	più	più	linguistic	none	_	_	_	_	_	_
301-11	PSB007	301	di	di	linguistic	none	_	_	_	_	_	_
301-12	PSB007	301	due	due	linguistic	none	_	_	_	_	_	_
301-13	PSB007	301	mes[[i:]	mesi	linguistic	none	_	End=1095.234	3x1	_	_	_
302-0	PSB005	302	[mh]	mh	linguistic	none	_	Begin=1095.104	_	_	_	0-2(37)
302-1	PSB005	302	mh	mh	linguistic	none	_	End=1095.377	_	_	_	_
303-0	PSB007	303	quindi	quindi	linguistic	none	_	Begin=1095.539	_	_	_	_
303-1	PSB007	303	non	non	linguistic	none	_	_	_	_	_	_
303-2	PSB007	303	non	non	linguistic	none	_	_	_	_	_	_
303-3	PSB007	303	parliamo	parliamo	linguistic	none	_	_	_	_	_	_
303-4	PSB007	303	di	di	linguistic	none	_	_	_	_	_	_
303-5	PSB007	303	un	un	linguistic	none	_	_	_	_	_	_
303-6	PSB007	303	periodo	periodo	linguistic	none	_	_	_	_	_	_
303-7	PSB007	303	quando	quando	linguistic	none	_	_	_	_	_	_
303-8	PSB007	303	io:	io	linguistic	none	_	End=1098.312	1x1	_	_	_
304-0	PSB007	304	eh	eh	linguistic	none	_	Begin=1098.487	_	_	_	_
304-1	PSB007	304	studio	studio	linguistic	none	_	_	_	_	_	_
304-2	PSB007	304	la	la	linguistic	none	_	_	_	_	_	_
304-3	PSB007	304	lingua:,	lingua	linguistic	none	Intonation=weakly_rising	_	5x1	_	_	_
304-4	PSB007	304	tipo	tipo	linguistic	none	_	_	_	_	_	_
304-5	PSB007	304	sei	sei	linguistic	none	_	_	_	_	_	_
304-6	PSB007	304	mesi:,	mesi	linguistic	none	Intonation=weakly_rising	_	3x1	_	_	_
304-7	PSB007	304	oppure	oppure	linguistic	none	_	_	_	_	_	_
304-8	PSB007	304	un	un	linguistic	none	_	_	_	_	_	_
304-9	PSB007	304	anno,	anno	linguistic	none	Intonation=weakly_rising	_	_	_	_	_
304-10	PSB007	304	no.	no	linguistic	none	Intonation=falling	_	_	_	_	_
304-11	PSB007	304	un	un	linguistic	none	_	_	_	_	_	_
304-12	PSB007	304	periodo	periodo	linguistic	none	_	_	_	_	_	_
304-13	PSB007	304	abbastanza	abbastanza	linguistic	none	_	_	_	_	_	_
304-14	PSB007	304	breve,	breve	linguistic	none	Intonation=weakly_rising	End=1103.747	_	_	_	_
305-0	PSB007	305	e:h	eh	linguistic	none	_	Begin=1104.227	0x1	_	_	_
305-1	PSB007	305	MA	ma	linguistic	none	Volume=high	_	_	_	_	_
305-2	PSB007	305	{P}	{P}	shortpause	none	_	_	_	_	_	_
305-3	PSB007	305	m::h	mh	linguistic	none	_	_	0x2	_	_	_
305-4	PSB007	305	mi	mi	linguistic	none	_	_	_	_	_	_
305-5	PSB007	305	ha	ha	linguistic	none	_	_	_	_	_	_
305-6	PSB007	305	dato::	dato	linguistic	none	_	_	3x2	_	_	_
305-7	PSB007	305	e:h	eh	linguistic	none	_	_	0x1	_	_	_
305-8	PSB007	305	°il°	il	linguistic	none	Volume=low	_	_	_	_	_
305-9	PSB007	305	il	il	linguistic	none	_	_	_	_	_	_
305-10	PSB007	305	livello	livello	linguistic	none	_	_	_	_	_	_
305-11	PSB007	305	di:	di	linguistic	none	_	_	1x1	_	_	_
305-12	PSB007	305	[a	a	linguistic	none	_	_	_	_	_	0-1(38)
305-13	PSB007	305	due:],	due	linguistic	none	Intonation=weakly_rising	End=1111.033	2x1	_	_	0-3(38)
306-0	PSB005	306	[°sì	sì	linguistic	none	Volume=low	Begin=1110.36	_	_	_	0-2(38)
306-1	PSB005	306	sì°]	sì	linguistic	none	Volume=low	End=1111.06	_	_	_	0-2(38)
307-0	PSB007	307	quindi	quindi	linguistic	none	_	Begin=1111.188	_	_	_	_
307-1	PSB007	307	ho	ho	linguistic	none	_	_	_	_	_	_
307-2	PSB007	307	ricevuto	ricevuto	linguistic	none	_	_	_	_	_	_
307-3	PSB007	307	il	il	linguistic	none	_	_	_	_	_	_
307-4	PSB007	307	certific[a:to],	certificato	linguistic	none	Intonation=weakly_rising	End=1113.169	8x1	_	_	8-11(39)
308-0	PSB005	308	[mhmh]	mhmh	linguistic	none	_	Begin=1112.643|End=1113.149	_	_	_	0-4(39)
309-0	PSB007	309	e:	e	linguistic	none	_	Begin=1113.688	0x1	_	_	_
309-1	PSB007	309	mh	mh	linguistic	none	_	End=1114.604	_	_	_	_
310-0	PSB007	310	b~	b~	linguistic	none	Interrupted=Yes	Begin=1115.968	_	_	_	_
310-1	PSB007	310	ovviamente	ovviamente	linguistic	none	_	_	_	_	_	_
310-2	PSB007	310	capisco	capisco	linguistic	none	_	_	_	_	_	_
310-3	PSB007	310	che	che	linguistic	none	_	_	_	_	_	_
310-4	PSB007	310	{P}	{P}	shortpause	none	_	_	_	_	_	_
310-5	PSB007	310	i~	i~	linguistic	none	Interrupted=Yes	_	_	_	_	_
310-6	PSB007	310	e:h	eh	linguistic	none	_	End=1118.675	0x1	_	_	_
311-0	PSB007	311	imparare	imparare	linguistic	none	_	Begin=1119.429	_	_	_	_
311-1	PSB007	311	la	la	linguistic	none	_	_	_	_	_	_
311-2	PSB007	311	lingua:,	lingua	linguistic	none	Intonation=weakly_rising	_	5x1	_	_	_
311-3	PSB007	311	eh	eh	linguistic	none	_	_	_	_	_	_
311-4	PSB007	311	nell'	nell'	linguistic	none	SpaceAfter=No	_	_	_	_	_
311-5	PSB007	311	ambiente	ambiente	linguistic	none	_	_	_	_	_	_
311-6	PSB007	311	dove	dove	linguistic	none	_	_	_	_	_	_
311-7	PSB007	311	{P}	{P}	shortpause	none	_	_	_	_	_	_
311-8	PSB007	311	parlano	parlano	linguistic	none	_	_	_	_	_	_
311-9	PSB007	311	{P}	{P}	shortpause	none	_	_	_	_	_	_
311-10	PSB007	311	questa	questa	linguistic	none	_	_	_	_	_	_
311-11	PSB007	311	lingua	lingua	linguistic	none	_	_	_	_	_	_
311-12	PSB007	311	e	e	linguistic	none	_	_	_	_	_	_
311-13	PSB007	311	imparare	imparare	linguistic	none	_	_	_	_	_	_
311-14	PSB007	311	la	la	linguistic	none	_	_	_	_	_	_
311-15	PSB007	311	lingua	lingua	linguistic	none	_	_	_	_	_	_
311-16	PSB007	311	>dove	dove	linguistic	none	_	_	_	Fast=0-4(0)	_	_
311-17	PSB007	311	parli	parli	linguistic	none	_	_	_	Fast=0-5(0)	_	_
311-18	PSB007	311	tu	tu	linguistic	none	_	_	_	Fast=0-2(0)	_	_
311-19	PSB007	311	la	la	linguistic	none	_	_	_	Fast=0-2(0)	_	_
311-20	PSB007	311	tua	tua	linguistic	none	_	_	_	Fast=0-3(0)	_	_
311-21	PSB007	311	lingua,	lingua	linguistic	none	Intonation=weakly_rising	_	_	Fast=0-6(0)	_	_
311-22	PSB007	311	sono<	sono	linguistic	none	_	_	_	Fast=0-4(0)	_	_
311-23	PSB007	311	due	due	linguistic	none	_	_	_	_	_	_
311-24	PSB007	311	situazion[i	situazioni	linguistic	none	_	_	_	_	_	8-10(40)
311-25	PSB007	311	dive]rse:	diverse	linguistic	none	_	End=1127.708	6x1	_	_	0-4(40)
312-0	PSB005	312	[mhmh]	mhmh	linguistic	none	_	Begin=1126.825|End=1127.234	_	_	_	0-4(40)
313-0	PSB007	313	MA	ma	linguistic	none	Volume=high	Begin=1128.546	_	_	_	_
313-1	PSB007	313	anche	anche	linguistic	none	_	_	_	_	_	_
313-2	PSB007	313	<CHI>	chi	linguistic	none	Volume=high	_	_	Slow=0-3(0)	_	_
313-3	PSB007	313	insegna	insegna	linguistic	none	_	_	_	_	_	_
313-4	PSB007	313	è	è	linguistic	none	_	_	_	_	_	_
313-5	PSB007	313	molto	molto	linguistic	none	_	_	_	_	_	_
313-6	PSB007	313	impor[tante	importante	linguistic	none	_	_	_	_	_	5-10(41)
313-7	PSB007	313	quando	quando	linguistic	none	_	_	_	_	_	0-6(41)
313-8	PSB007	313	x	x	unknown	none	_	_	_	_	_	0-1(41)
313-9	PSB007	313	un	un	linguistic	none	_	_	_	_	_	0-2(41)
313-10	PSB007	313	specialista:],	specialista	linguistic	none	Intonation=weakly_rising	End=1134.331	10x1	_	_	0-11(41)
314-0	PSB005	314	[sì	sì	linguistic	none	_	Begin=1131.643	_	_	_	0-2(41)
314-1	PSB005	314	sì	sì	linguistic	none	_	_	_	_	_	0-2(41)
314-2	PSB005	314	{P}	{P}	shortpause	none	_	_	_	_	_	0-3(41)
314-3	PSB005	314	è	è	linguistic	none	_	_	_	_	_	0-1(41)
314-4	PSB005	314	vero	vero	linguistic	none	_	_	_	_	_	0-4(41)
314-5	PSB005	314	certo	certo	linguistic	none	_	_	_	_	_	0-5(41)
314-6	PSB005	314	eh]	eh	linguistic	none	_	_	_	_	_	0-2(41)
314-7	PSB005	314	sì	sì	linguistic	none	_	End=1134.435	_	_	_	_
315-0	PSB007	315	la	la	linguistic	none	_	Begin=1134.701	_	_	_	_
315-1	PSB007	315	persona	persona	linguistic	none	_	_	_	_	_	_
315-2	PSB007	315	proprio	proprio	linguistic	none	_	_	_	_	_	_
315-3	PSB007	315	specializzata:,	specializzata	linguistic	none	Intonation=weakly_rising	_	12x1	_	_	_
315-4	PSB007	315	{P}	{P}	shortpause	none	_	_	_	_	_	_
315-5	PSB007	315	all'	all'	linguistic	none	SpaceAfter=No	_	_	_	_	_
315-6	PSB007	315	insegnamente	insegnamente	linguistic	none	_	_	_	_	_	_
315-7	PSB007	315	al~	al~	linguistic	none	Interrupted=Yes	_	_	_	_	_
315-8	PSB007	315	per	per	linguistic	none	_	_	_	_	_	_
315-9	PSB007	315	gli	gli	linguistic	none	_	_	_	_	_	_
315-10	PSB007	315	<stranieri:>,	stranieri	linguistic	none	Intonation=weakly_rising	End=1139.851	8x1	Slow=0-9(0)	_	_
316-0	PSB005	316	mhmh	mhmh	linguistic	none	_	Begin=1140.305|End=1140.643	_	_	_	_
317-0	PSB007	317	perché	perché	linguistic	none	_	Begin=1140.656	_	_	_	_
317-1	PSB007	317	s~	s~	linguistic	none	Interrupted=Yes	_	_	_	_	_
317-2	PSB007	317	insegnare	insegnare	linguistic	none	_	_	_	_	_	_
317-3	PSB007	317	italiano	italiano	linguistic	none	_	_	_	_	_	_
317-4	PSB007	317	per	per	linguistic	none	_	_	_	_	_	_
317-5	PSB007	317	un	un	linguistic	none	_	_	_	_	_	_
317-6	PSB007	317	straniero	straniero	linguistic	none	_	_	_	_	_	_
317-7	PSB007	317	e	e	linguistic	none	_	_	_	_	_	_
317-8	PSB007	317	insegnare	insegnare	linguistic	none	_	_	_	_	_	_
317-9	PSB007	317	italiano	italiano	linguistic	none	_	_	_	_	_	_
317-10	PSB007	317	per	per	linguistic	none	_	_	_	_	_	_
317-11	PSB007	317	l'	l'	linguistic	none	SpaceAfter=No	_	_	_	_	_
317-12	PSB007	317	italiano	italiano	linguistic	none	_	_	_	_	_	_
317-13	PSB007	317	sono	sono	linguistic	none	_	_	_	_	_	_
317-14	PSB007	317	[d~	d~	linguistic	none	Interrupted=Yes	_	_	_	_	0-2(42)
317-15	PSB007	317	due	due	linguistic	none	_	_	_	_	_	0-3(42)
317-16	PSB007	317	cose	cose	linguistic	none	_	_	_	_	_	0-4(42)
317-17	PSB007	317	diverse	diverse	linguistic	none	_	_	_	_	_	0-7(42)
317-18	PSB007	317	xxx	x	unknown	none	_	_	_	_	_	0-3(42)
317-19	PSB007	317	diversi]	diversi	linguistic	none	_	End=1147.201	_	_	_	0-7(42)
318-0	PSB005	318	[sì	sì	linguistic	none	_	Begin=1144.838	_	_	_	0-2(?)
318-1	PSB005	318	sì	sì	linguistic	none	_	_	_	_	_	0-2(?)
318-2	PSB005	318	sì	sì	linguistic	none	_	_	_	_	_	0-2(?)
318-3	PSB005	318	]{P}	{P}	shortpause	none	_	_	_	_	_	0-3(?)
318-4	PSB005	318	eh	eh	linguistic	none	_	_	_	_	_	_
318-5	PSB005	318	certo	certo	linguistic	none	_	_	_	_	_	_
318-6	PSB005	318	sì	sì	linguistic	none	_	_	_	_	_	_
318-7	PSB005	318	[certa]mente	certamente	linguistic	none	_	_	_	_	_	0-5(?)
318-8	PSB005	318	sì	sì	linguistic	none	_	_	_	_	_	_
318-9	PSB005	318	sì	sì	linguistic	none	_	End=1147.907	_	_	_	_
319-0	PSB007	319	sì	sì	linguistic	none	_	Begin=1147.929	_	_	_	_
319-1	PSB007	319	sì	sì	linguistic	none	_	End=1148.377	_	_	_	_
320-0	PSB005	320	[no	no	linguistic	none	_	Begin=1148.688	_	_	_	0-2(43)
320-1	PSB005	320	è]	è	linguistic	none	_	_	_	_	_	0-1(43)
320-2	PSB005	320	è	è	linguistic	none	_	_	_	_	_	_
320-3	PSB005	320	interessante	interessante	linguistic	none	_	_	_	_	_	_
320-4	PSB005	320	questa	questa	linguistic	none	_	_	_	_	_	_
320-5	PSB005	320	riflessione	riflessione	linguistic	none	_	_	_	_	_	_
320-6	PSB005	320	che:	che	linguistic	none	_	_	2x1	_	_	_
320-7	PSB005	320	che	che	linguistic	none	_	_	_	_	_	_
320-8	PSB005	320	hai	hai	linguistic	none	_	_	_	_	_	_
320-9	PSB005	320	fatto	fatto	linguistic	none	_	_	_	_	_	_
320-10	PSB005	320	perché:	perché	linguistic	none	_	End=1152.286	5x1	_	_	_
321-0	PSB007	321	[xxx]	x	unknown	none	_	Begin=1148.688|End=1149.039	_	_	_	0-3(43)
322-0	PSB005	322	cioè	cioè	linguistic	none	_	Begin=1152.916	_	_	_	_
322-1	PSB005	322	mi	mi	linguistic	none	_	_	_	_	_	_
322-2	PSB005	322	piacerebbe	piacerebbe	linguistic	none	_	_	_	_	_	_
322-3	PSB005	322	capire	capire	linguistic	none	_	_	_	_	_	_
322-4	PSB005	322	se	se	linguistic	none	_	_	_	_	_	_
322-5	PSB005	322	secondo	secondo	linguistic	none	_	_	_	_	_	_
322-6	PSB005	322	te:	te	linguistic	none	_	End=1155.305	1x1	_	_	_
323-0	PSB005	323	è	è	linguistic	none	_	Begin=1155.87	_	_	_	_
323-1	PSB005	323	una	una	linguistic	none	_	_	_	_	_	_
323-2	PSB005	323	questione	questione	linguistic	none	_	_	_	_	_	_
323-3	PSB005	323	di:	di	linguistic	none	_	End=1157.416	1x1	_	_	_
324-0	PSB005	324	perché	perché	linguistic	none	_	Begin=1157.604	_	_	_	_
324-1	PSB005	324	se	se	linguistic	none	_	_	_	_	_	_
324-2	PSB005	324	io	io	linguistic	none	_	_	_	_	_	_
324-3	PSB005	324	vivo	vivo	linguistic	none	_	_	_	_	_	_
324-4	PSB005	324	qui:,	qui	linguistic	none	Intonation=weakly_rising	End=1158.942	2x1	_	_	_
325-0	PSB005	325	ho	ho	linguistic	none	_	Begin=1159.675	_	_	_	_
325-1	PSB005	325	più	più	linguistic	none	_	_	_	_	_	_
325-2	PSB005	325	occasioni	occasioni	linguistic	none	_	_	_	_	_	_
325-3	PSB005	325	di	di	linguistic	none	_	_	_	_	_	_
325-4	PSB005	325	far	far	linguistic	none	_	_	_	_	_	_
325-5	PSB005	325	pratica:	pratica	linguistic	none	_	_	6x1	_	_	_
325-6	PSB005	325	no?	no	linguistic	none	Intonation=rising	End=1161.948	_	_	_	_
326-0	PSB007	326	certo	certo	linguistic	none	_	Begin=1162.357|End=1162.929	_	_	_	_
327-0	PSB005	327	però	però	linguistic	none	_	Begin=1163.573	_	_	_	_
327-1	PSB005	327	secondo	secondo	linguistic	none	_	_	_	_	_	_
327-2	PSB005	327	me	me	linguistic	none	_	_	_	_	_	_
327-3	PSB005	327	più	più	linguistic	none	_	_	_	_	_	_
327-4	PSB005	327	non	non	linguistic	none	_	_	_	_	_	_
327-5	PSB005	327	lo	lo	linguistic	none	_	_	_	_	_	_
327-6	PSB005	327	so	so	linguistic	none	_	_	_	_	_	_
327-7	PSB005	327	potrebbero	potrebbero	linguistic	none	_	_	_	_	_	_
327-8	PSB005	327	esserci	esserci	linguistic	none	_	_	_	_	_	_
327-9	PSB005	327	anche	anche	linguistic	none	_	_	_	_	_	_
327-10	PSB005	327	degli	degli	linguistic	none	_	_	_	_	_	_
327-11	PSB005	327	altri	altri	linguistic	none	_	_	_	_	_	_
327-12	PSB005	327	motivi	motivi	linguistic	none	_	_	_	_	_	_
327-13	PSB005	327	più:::	più	linguistic	none	_	_	2x3	_	_	_
327-14	PSB005	327	di	di	linguistic	none	_	_	_	_	_	_
327-15	PSB005	327	di	di	linguistic	none	_	_	_	_	_	_
327-16	PSB005	327	di	di	linguistic	none	_	_	_	_	_	_
327-17	PSB005	327	motivazione,	motivazione	linguistic	none	Intonation=weakly_rising	_	_	_	_	_
327-18	PSB005	327	di	di	linguistic	none	_	_	_	_	_	_
327-19	PSB005	327	incoraggiamento:	incoraggiamento	linguistic	none	_	_	14x1	_	_	_
327-20	PSB005	327	diciamo	diciamo	linguistic	none	_	_	_	_	_	_
327-21	PSB005	327	di::	di	linguistic	none	_	_	1x2	_	_	_
327-22	PSB005	327	di	di	linguistic	none	_	_	_	_	_	_
327-23	PSB005	327	<immersione>	immersione	linguistic	none	_	_	_	Slow=0-10(0)	_	_
327-24	PSB005	327	nell'	nell'	linguistic	none	SpaceAfter=No	_	_	_	_	_
327-25	PSB005	327	ambiente	ambiente	linguistic	none	_	_	_	_	_	_
327-26	PSB005	327	che	che	linguistic	none	_	_	_	_	_	_
327-27	PSB005	327	magari	magari	linguistic	none	_	_	_	_	_	_
327-28	PSB005	327	ti::	ti	linguistic	none	_	_	1x2	_	_	_
327-29	PSB005	327	ti	ti	linguistic	none	_	_	_	_	_	_
327-30	PSB005	327	aiutano	aiutano	linguistic	none	_	_	_	_	_	_
327-31	PSB005	327	con	con	linguistic	none	_	_	_	_	_	_
327-32	PSB005	327	l'	l'	linguistic	none	SpaceAfter=No	_	_	_	_	_
327-33	PSB005	327	apprendimento	apprendimento	linguistic	none	_	_	_	_	_	_
327-34	PSB005	327	non	non	linguistic	none	_	_	_	_	_	_
327-35	PSB005	327	lo	lo	linguistic	none	_	_	_	_	_	_
327-36	PSB005	327	so,	so	linguistic	none	Intonation=weakly_rising	End=1176.165	_	_	_	_
328-0	PSB005	328	[cosa	cosa	linguistic	none	_	Begin=1177.387	_	_	_	0-4(44)
328-1	PSB005	328	ne	ne	linguistic	none	_	_	_	_	_	0-2(44)
328-2	PSB005	328	pensi]?	pensi	linguistic	none	Intonation=rising	End=1178.237	_	_	_	0-5(44)
329-0	PSB007	329	[e::h]	eh	linguistic	none	_	Begin=1177.407	0x2	_	_	0-2(44)
329-1	PSB007	329	m:h	mh	linguistic	none	_	End=1178.742	0x1	_	_	_
330-0	PSB007	330	allora	allora	linguistic	none	_	Begin=1181.84	_	_	_	_
330-1	PSB007	330	il	il	linguistic	none	_	_	_	_	_	_
330-2	PSB007	330	motivo	motivo	linguistic	none	_	_	_	_	_	_
330-3	PSB007	330	perché	perché	linguistic	none	_	_	_	_	_	_
330-4	PSB007	330	studiamo	studiamo	linguistic	none	_	_	_	_	_	_
330-5	PSB007	330	le	le	linguistic	none	_	_	_	_	_	_
330-6	PSB007	330	lingue	lingue	linguistic	none	_	_	_	_	_	_
330-7	PSB007	330	è	è	linguistic	none	_	_	_	_	_	_
330-8	PSB007	330	sempre	sempre	linguistic	none	_	_	_	_	_	_
330-9	PSB007	330	importante,	importante	linguistic	none	Intonation=weakly_rising	End=1185.124	_	_	_	_
331-0	PSB005	331	mhmh	mhmh	linguistic	none	_	Begin=1185.124|End=1185.66	_	_	_	_
332-0	PSB007	332	e::h	eh	linguistic	none	_	Begin=1185.917|End=1187.031	0x2	_	_	_
333-0	PSB007	333	io	io	linguistic	none	_	Begin=1188.18	_	_	_	_
333-1	PSB007	333	direi	direi	linguistic	none	_	_	_	_	_	_
333-2	PSB007	333	che	che	linguistic	none	_	_	_	_	_	_
333-3	PSB007	333	senza	senza	linguistic	none	_	_	_	_	_	_
333-4	PSB007	333	motivo::,	motivo	linguistic	none	Intonation=weakly_rising	_	5x2	_	_	_
333-5	PSB007	333	giusto	giusto	linguistic	none	_	End=1191.06	_	_	_	_
334-0	PSB007	334	non	non	linguistic	none	_	Begin=1191.4	_	_	_	_
334-1	PSB007	334	si	si	linguistic	none	_	_	_	_	_	_
334-2	PSB007	334	può	può	linguistic	none	_	_	_	_	_	_
334-3	PSB007	334	arrivare	arrivare	linguistic	none	_	_	_	_	_	_
334-4	PSB007	334	al	al	linguistic	none	_	_	_	_	_	_
334-5	PSB007	334	livello::	livello	linguistic	none	_	_	6x2	_	_	_
334-6	PSB007	334	[abbast]anza	abbastanza	linguistic	none	_	_	_	_	_	0-6(45)
334-7	PSB007	334	alto,	alto	linguistic	none	Intonation=weakly_rising	_	_	_	_	_
334-8	PSB007	334	sì	sì	linguistic	none	_	_	_	_	_	_
334-9	PSB007	334	tu	tu	linguistic	none	_	_	_	_	_	_
334-10	PSB007	334	puoi	puoi	linguistic	none	_	_	_	_	_	_
334-11	PSB007	334	imparare	imparare	linguistic	none	_	_	_	_	_	_
334-12	PSB007	334	la	la	linguistic	none	_	_	_	_	_	_
334-13	PSB007	334	lingua:	lingua	linguistic	none	_	_	5x1	_	_	_
334-14	PSB007	334	a	a	linguistic	none	_	_	_	_	_	_
334-15	PSB007	334	livello::	livello	linguistic	none	_	_	6x2	_	_	_
334-16	PSB007	334	°molto°	molto	linguistic	none	Volume=low	_	_	_	_	_
334-17	PSB007	334	{P}	{P}	shortpause	none	_	_	_	_	_	_
334-18	PSB007	334	primitivo,	primitivo	linguistic	none	Intonation=weakly_rising	End=1199.505	_	_	_	_
335-0	PSB005	335	[mhmh]	mhmh	linguistic	none	_	Begin=1193.443|End=1193.835	_	_	_	0-4(45)
336-0	PSB007	336	ciò	ciò	linguistic	none	_	Begin=1200.216	_	_	_	_
336-1	PSB007	336	quindi	quindi	linguistic	none	_	_	_	_	_	_
336-2	PSB007	336	dipende	dipende	linguistic	none	_	_	_	_	_	_
336-3	PSB007	336	perché	perché	linguistic	none	_	_	_	_	_	_
336-4	PSB007	336	vuoi	vuoi	linguistic	none	_	_	_	_	_	_
336-5	PSB007	336	imparare	imparare	linguistic	none	_	End=1202.536	_	_	_	_
337-0	PSB007	337	e:h	eh	linguistic	none	_	Begin=1203.103	0x1	_	_	_
337-1	PSB007	337	se	se	linguistic	none	_	_	_	_	_	_
337-2	PSB007	337	tu	tu	linguistic	none	_	_	_	_	_	_
337-3	PSB007	337	sei	sei	linguistic	none	_	_	_	_	_	_
337-4	PSB007	337	super	super	linguistic	none	_	_	_	_	_	_
337-5	PSB007	337	<immotivata>,	immotivata	linguistic	none	Intonation=weakly_rising	End=1205.856	_	Slow=0-10(0)	_	_
338-0	PSB007	338	<motivata>	motivata	linguistic	none	_	Begin=1205.959|End=1206.835	_	Slow=0-8(0)	_	_
339-0	PSB007	339	e	e	linguistic	none	_	Begin=1208.32	_	_	_	_
339-1	PSB007	339	già	già	linguistic	none	_	_	_	_	_	_
339-2	PSB007	339	abiti,	abiti	linguistic	none	Intonation=weakly_rising	End=1209.258	_	_	_	_
340-0	PSB005	340	mhmh	mhmh	linguistic	none	_	Begin=1209.713|End=1210.144	_	_	_	_
341-0	PSB007	341	dove	dove	linguistic	none	_	Begin=1210.289	_	_	_	_
341-1	PSB007	341	parlano	parlano	linguistic	none	_	_	_	_	_	_
341-2	PSB007	341	solo::	solo	linguistic	none	_	_	3x2	_	_	_
341-3	PSB007	341	in	in	linguistic	none	_	_	_	_	_	_
341-4	PSB007	341	posto	posto	linguistic	none	_	_	_	_	_	_
341-5	PSB007	341	dove	dove	linguistic	none	_	_	_	_	_	_
341-6	PSB007	341	parlano	parlano	linguistic	none	_	_	_	_	_	_
341-7	PSB007	341	solo	solo	linguistic	none	_	_	_	_	_	_
341-8	PSB007	341	questa	questa	linguistic	none	_	_	_	_	_	_
341-9	PSB007	341	lingua:,	lingua	linguistic	none	Intonation=weakly_rising	_	5x1	_	_	_
341-10	PSB007	341	°m:h°	mh	linguistic	none	Volume=low	End=1215.187	0x1	_	_	_
342-0	PSB007	342	sì	sì	linguistic	none	_	Begin=1216.505	_	_	_	_
342-1	PSB007	342	sono	sono	linguistic	none	_	_	_	_	_	_
342-2	PSB007	342	due	due	linguistic	none	_	_	_	_	_	_
342-3	PSB007	342	cose	cose	linguistic	none	_	_	_	_	_	_
342-4	PSB007	342	che	che	linguistic	none	_	_	_	_	_	_
342-5	PSB007	342	{P}	{P}	shortpause	none	_	_	_	_	_	_
342-6	PSB007	342	ti::	ti	linguistic	none	_	End=1219.144	1x2	_	_	_
343-0	PSB007	343	<AIUTANO>	aiutano	linguistic	none	Volume=high	Begin=1220.237	_	Slow=0-7(0)	_	_
343-1	PSB007	343	a	a	linguistic	none	_	_	_	_	_	_
343-2	PSB007	343	impa[rare	imparare	linguistic	none	_	_	_	_	_	4-8(46)
343-3	PSB007	343	que]sta	questa	linguistic	none	_	_	_	_	_	0-3(46)
343-4	PSB007	343	lingua,	lingua	linguistic	none	Intonation=weakly_rising	End=1222.443	_	_	_	_
344-0	PSB005	344	[mhmh]	mhmh	linguistic	none	_	Begin=1221.133|End=1221.84	_	_	_	0-4(46)
345-0	PSB007	345	e:h	eh	linguistic	none	_	Begin=1223.347	0x1	_	_	_
345-1	PSB007	345	perché	perché	linguistic	none	_	_	_	_	_	_
345-2	PSB007	345	ho	ho	linguistic	none	_	_	_	_	_	_
345-3	PSB007	345	detto	detto	linguistic	none	_	_	_	_	_	_
345-4	PSB007	345	che	che	linguistic	none	_	_	_	_	_	_
345-5	PSB007	345	impo~	impo~	linguistic	none	Interrupted=Yes	_	_	_	_	_
345-6	PSB007	345	che	che	linguistic	none	_	_	_	_	_	_
345-7	PSB007	345	è	è	linguistic	none	_	_	_	_	_	_
345-8	PSB007	345	importante	importante	linguistic	none	_	_	_	_	_	_
345-9	PSB007	345	anche	anche	linguistic	none	_	_	_	_	_	_
345-10	PSB007	345	chi	chi	linguistic	none	_	_	_	_	_	_
345-11	PSB007	345	insegna,	insegna	linguistic	none	Intonation=weakly_rising	_	_	_	_	_
345-12	PSB007	345	mi	mi	linguistic	none	_	_	_	_	_	_
345-13	PSB007	345	ricordo	ricordo	linguistic	none	_	_	_	_	_	_
345-14	PSB007	345	che	che	linguistic	none	_	_	_	_	_	_
345-15	PSB007	345	questa	questa	linguistic	none	_	_	_	_	_	_
345-16	PSB007	345	professoressa	professoressa	linguistic	none	_	_	_	_	_	_
345-17	PSB007	345	ha	ha	linguistic	none	_	_	_	_	_	_
345-18	PSB007	345	fatto	fatto	linguistic	none	_	_	_	_	_	_
345-19	PSB007	345	una	una	linguistic	none	_	_	_	_	_	_
345-20	PSB007	345	seria:	seria	linguistic	none	_	_	4x1	_	_	_
345-21	PSB007	345	m:h	mh	linguistic	none	_	_	0x1	_	_	_
345-22	PSB007	345	degli	degli	linguistic	none	_	_	_	_	_	_
345-23	PSB007	345	esercizi,	esercizi	linguistic	none	Intonation=weakly_rising	End=1232.732	_	_	_	_
346-0	PSB007	346	mi	mi	linguistic	none	_	Begin=1233.68	_	_	_	_
346-1	PSB007	346	sono	sono	linguistic	none	_	_	_	_	_	_
346-2	PSB007	346	piaciuti	piaciuti	linguistic	none	_	_	_	_	_	_
346-3	PSB007	346	tantissimo,	tantissimo	linguistic	none	Intonation=weakly_rising	End=1235.289	_	_	_	_
347-0	PSB007	347	e:h	eh	linguistic	none	_	Begin=1235.887	0x1	_	_	_
347-1	PSB007	347	erano	erano	linguistic	none	_	_	_	_	_	_
347-2	PSB007	347	molto	molto	linguistic	none	_	_	_	_	_	_
347-3	PSB007	347	<pratici>	pratici	linguistic	none	_	End=1238.289	_	Slow=0-7(0)	_	_
348-0	PSB007	348	ad	ad	linguistic	none	_	Begin=1238.979	_	_	_	_
348-1	PSB007	348	esempio,	esempio	linguistic	none	Intonation=weakly_rising	_	_	_	_	_
348-2	PSB007	348	l'	l'	linguistic	none	SpaceAfter=No	_	_	_	_	_
348-3	PSB007	348	es~	es~	linguistic	none	Interrupted=Yes	_	_	_	_	_
348-4	PSB007	348	il	il	linguistic	none	_	_	_	_	_	_
348-5	PSB007	348	compito	compito	linguistic	none	_	_	_	_	_	_
348-6	PSB007	348	era:,	era	linguistic	none	Intonation=weakly_rising	_	2x1	_	_	_
348-7	PSB007	348	andare	andare	linguistic	none	_	_	_	_	_	_
348-8	PSB007	348	in	in	linguistic	none	_	_	_	_	_	_
348-9	PSB007	348	una:,	una	linguistic	none	Intonation=weakly_rising	_	2x1	_	_	_
348-10	PSB007	348	e:h	eh	linguistic	none	_	_	0x1	_	_	_
348-11	PSB007	348	gelateria:,	gelateria	linguistic	none	Intonation=weakly_rising	End=1245.113	8x1	_	_	_
349-0	PSB007	349	parlare	parlare	linguistic	none	_	Begin=1246.031	_	_	_	_
349-1	PSB007	349	con:	con	linguistic	none	_	_	2x1	_	_	_
349-2	PSB007	349	la	la	linguistic	none	_	_	_	_	_	_
349-3	PSB007	349	persona	persona	linguistic	none	_	_	_	_	_	_
349-4	PSB007	349	che	che	linguistic	none	_	_	_	_	_	_
349-5	PSB007	349	che	che	linguistic	none	_	_	_	_	_	_
349-6	PSB007	349	che	che	linguistic	none	_	_	_	_	_	_
349-7	PSB007	349	lavora	lavora	linguistic	none	_	_	_	_	_	_
349-8	PSB007	349	lì,	lì	linguistic	none	Intonation=weakly_rising	End=1249.608	_	_	_	_
350-0	PSB007	350	e:h	eh	linguistic	none	_	Begin=1250.093	0x1	_	_	_
350-1	PSB007	350	chiedendo	chiedendo	linguistic	none	_	_	_	_	_	_
350-2	PSB007	350	come	come	linguistic	none	_	_	_	_	_	_
350-3	PSB007	350	loro	loro	linguistic	none	_	_	_	_	_	_
350-4	PSB007	350	fanno	fanno	linguistic	none	_	_	_	_	_	_
350-5	PSB007	350	il	il	linguistic	none	_	_	_	_	_	_
350-6	PSB007	350	gel[ato]:	gelato	linguistic	none	_	End=1253.103	5x1	_	_	3-6(47)
351-0	PSB005	351	[mhmh]	mhmh	linguistic	none	_	Begin=1252.567|End=1252.897	_	_	_	0-4(47)
352-0	PSB007	352	ciò	ciò	linguistic	none	_	Begin=1254.34	_	_	_	_
352-1	PSB007	352	l'	l'	linguistic	none	SpaceAfter=No	_	_	_	_	_
352-2	PSB007	352	idea	idea	linguistic	none	_	_	_	_	_	_
352-3	PSB007	352	era	era	linguistic	none	_	_	_	_	_	_
352-4	PSB007	352	{P}	{P}	shortpause	none	_	_	_	_	_	_
352-5	PSB007	352	<non	non	linguistic	none	_	_	_	Slow=0-3(0)	_	_
352-6	PSB007	352	solo>	solo	linguistic	none	_	_	_	Slow=0-4(0)	_	_
352-7	PSB007	352	parlare	parlare	linguistic	none	_	_	_	_	_	_
352-8	PSB007	352	allora	allora	linguistic	none	_	_	_	_	_	_
352-9	PSB007	352	che	che	linguistic	none	_	_	_	_	_	_
352-10	PSB007	352	tipi	tipi	linguistic	none	_	_	_	_	_	_
352-11	PSB007	352	di	di	linguistic	none	_	_	_	_	_	_
352-12	PSB007	352	gelato	gelato	linguistic	none	_	_	_	_	_	_
352-13	PSB007	352	voi	voi	linguistic	none	_	_	_	_	_	_
352-14	PSB007	352	[avete?	avete	linguistic	none	Intonation=rising	_	_	_	_	0-5(48)
352-15	PSB007	352	noi]	noi	linguistic	none	_	_	_	_	_	0-3(48)
352-16	PSB007	352	abbiamo::	abbiamo	linguistic	none	_	_	6x2	_	_	_
352-17	PSB007	352	fior	fior	linguistic	none	_	_	_	_	_	_
352-18	PSB007	352	di	di	linguistic	none	_	_	_	_	_	_
352-19	PSB007	352	PANNA,	panna	linguistic	none	Intonation=weakly_rising|Volume=high	_	_	_	_	_
352-20	PSB007	352	noi	noi	linguistic	none	_	_	_	_	_	_
352-21	PSB007	352	abbiamo	abbiamo	linguistic	none	_	_	_	_	_	_
352-22	PSB007	352	gelato	gelato	linguistic	none	_	_	_	_	_	_
352-23	PSB007	352	al	al	linguistic	none	_	_	_	_	_	_
352-24	PSB007	352	cioccolato,	cioccolato	linguistic	none	Intonation=weakly_rising	_	_	_	_	_
352-25	PSB007	352	eccetera	eccetera	linguistic	none	_	_	_	_	_	_
352-26	PSB007	352	eccetera	eccetera	linguistic	none	_	End=1263.031	_	_	_	_
353-0	PSB005	353	[sì	sì	linguistic	none	_	Begin=1257.948	_	_	_	0-2(48)
353-1	PSB005	353	sì	sì	linguistic	none	_	_	_	_	_	0-2(48)
353-2	PSB005	353	sì]	sì	linguistic	none	_	End=1258.608	_	_	_	0-2(48)
354-0	PSB007	354	ma	ma	linguistic	none	_	Begin=1263.124	_	_	_	_
354-1	PSB007	354	proprio	proprio	linguistic	none	_	_	_	_	_	_
354-2	PSB007	354	tu	tu	linguistic	none	_	_	_	_	_	_
354-3	PSB007	354	de~	de~	linguistic	none	Interrupted=Yes	_	_	_	_	_
354-4	PSB007	354	io	io	linguistic	none	_	_	_	_	_	_
354-5	PSB007	354	dovevo	dovevo	linguistic	none	_	_	_	_	_	_
354-6	PSB007	354	{P}	{P}	shortpause	none	_	_	_	_	_	_
354-7	PSB007	354	chiedere	chiedere	linguistic	none	_	_	_	_	_	_
354-8	PSB007	354	che	che	linguistic	none	_	_	_	_	_	_
354-9	PSB007	354	ingredienti:?	ingredienti	linguistic	none	Intonation=rising	_	10x1	_	_	_
354-10	PSB007	354	loro	loro	linguistic	none	_	_	_	_	_	_
354-11	PSB007	354	hanno,	hanno	linguistic	none	Intonation=weakly_rising	_	_	_	_	_
354-12	PSB007	354	che	che	linguistic	none	_	_	_	_	_	_
354-13	PSB007	354	storia	storia	linguistic	none	_	_	_	_	_	_
354-14	PSB007	354	ha	ha	linguistic	none	_	_	_	_	_	_
354-15	PSB007	354	questa	questa	linguistic	none	_	_	_	_	_	_
354-16	PSB007	354	gelateria:,	gelateria	linguistic	none	Intonation=weakly_rising	End=1269.732	8x1	_	_	_
355-0	PSB007	355	e:h	eh	linguistic	none	_	Begin=1270.093	0x1	_	_	_
355-1	PSB007	355	m::h	mh	linguistic	none	_	_	0x2	_	_	_
355-2	PSB007	355	come	come	linguistic	none	_	_	_	_	_	_
355-3	PSB007	355	sono	sono	linguistic	none	_	_	_	_	_	_
355-4	PSB007	355	le	le	linguistic	none	_	_	_	_	_	_
355-5	PSB007	355	macchine:,	macchine	linguistic	none	Intonation=weakly_rising	End=1272.887	7x1	_	_	_
356-0	PSB007	356	ciò	ciò	linguistic	none	_	Begin=1273.124	_	_	_	_
356-1	PSB007	356	i	i	linguistic	none	_	_	_	_	_	_
356-2	PSB007	356	macchinari	macchinari	linguistic	none	_	_	_	_	_	_
356-3	PSB007	356	[questi	questi	linguistic	none	_	_	_	_	_	0-6(49)
356-4	PSB007	356	che]	che	linguistic	none	_	_	_	_	_	0-3(49)
356-5	PSB007	356	producano,	producano	linguistic	none	Intonation=weakly_rising	End=1275.464	_	_	_	_
357-0	PSB005	357	[mhmh]	mhmh	linguistic	none	_	Begin=1274.103|End=1274.546	_	_	_	0-4(49)
358-0	PSB007	358	e:h	eh	linguistic	none	_	Begin=1276.0	0x1	_	_	_
358-1	PSB007	358	m:h	mh	linguistic	none	_	_	0x1	_	_	_
358-2	PSB007	358	quindi:	quindi	linguistic	none	_	_	5x1	_	_	_
358-3	PSB007	358	è	è	linguistic	none	_	_	_	_	_	_
358-4	PSB007	358	un	un	linguistic	none	_	_	_	_	_	_
358-5	PSB007	358	discorso:	discorso	linguistic	none	_	_	7x1	_	_	_
358-6	PSB007	358	mh	mh	linguistic	none	_	_	_	_	_	_
358-7	PSB007	358	{P}	{P}	shortpause	none	_	_	_	_	_	_
358-8	PSB007	358	mh	mh	linguistic	none	_	_	_	_	_	_
358-9	PSB007	358	per	per	linguistic	none	_	_	_	_	_	_
358-10	PSB007	358	la	la	linguistic	none	_	_	_	_	_	_
358-11	PSB007	358	persona	persona	linguistic	none	_	_	_	_	_	_
358-12	PSB007	358	che	che	linguistic	none	_	_	_	_	_	_
358-13	PSB007	358	ha	ha	linguistic	none	_	_	_	_	_	_
358-14	PSB007	358	appena	appena	linguistic	none	_	_	_	_	_	_
358-15	PSB007	358	iniziato,	iniziato	linguistic	none	Intonation=weakly_rising	End=1281.907	_	_	_	_
359-0	PSB007	359	°comunque°	comunque	linguistic	none	Volume=low	Begin=1282.165	_	_	_	_
359-1	PSB007	359	eh	eh	linguistic	none	_	_	_	_	_	_
359-2	PSB007	359	studiare	studiare	linguistic	none	_	_	_	_	_	_
359-3	PSB007	359	la	la	linguistic	none	_	_	_	_	_	_
359-4	PSB007	359	lingua	lingua	linguistic	none	_	_	_	_	_	_
359-5	PSB007	359	abbastanza	abbastanza	linguistic	none	_	_	_	_	_	_
359-6	PSB007	359	complicato,	complicato	linguistic	none	Intonation=weakly_rising	End=1285.373	_	_	_	_
360-0	PSB007	360	anche	anche	linguistic	none	_	Begin=1286.041	_	_	_	_
360-1	PSB007	360	psicologicamente,	psicologicamente	linguistic	none	Intonation=weakly_rising	_	_	_	_	_
360-2	PSB007	360	<PARLARE>	parlare	linguistic	none	Volume=high	_	_	Slow=0-7(0)	_	_
360-3	PSB007	360	con	con	linguistic	none	_	_	_	_	_	_
360-4	PSB007	360	un'	un'	linguistic	none	SpaceAfter=No	_	_	_	_	_
360-5	PSB007	360	a~	a~	linguistic	none	Interrupted=Yes	_	_	_	_	_
360-6	PSB007	360	<CHIEDERE>,	chiedere	linguistic	none	Intonation=weakly_rising|Volume=high	_	_	Slow=0-8(1)	_	_
360-7	PSB007	360	FARE,	fare	linguistic	none	Intonation=weakly_rising|Volume=high	_	_	_	_	_
360-8	PSB007	360	queste	queste	linguistic	none	_	_	_	_	_	_
360-9	PSB007	360	domande	domande	linguistic	none	_	_	_	_	_	_
360-10	PSB007	360	a	a	linguistic	none	_	_	_	_	_	_
360-11	PSB007	360	u~	u~	linguistic	none	Interrupted=Yes	_	_	_	_	_
360-12	PSB007	360	a	a	linguistic	none	_	_	_	_	_	_
360-13	PSB007	360	una	una	linguistic	none	_	_	_	_	_	_
360-14	PSB007	360	persona,	persona	linguistic	none	Intonation=weakly_rising	End=1291.474	_	_	_	_
361-0	PSB007	361	che	che	linguistic	none	_	Begin=1291.588	_	_	_	_
361-1	PSB007	361	<PARLA>	parla	linguistic	none	Volume=high	_	_	Slow=0-5(0)	_	_
361-1bis	PSB007	361	{ride}	{ride}	nonverbalbehavior	none	_	_	_	_	_	_
361-2	PSB007	361	ITALIANO	italiano	linguistic	none	Volume=high	_	_	_	_	_
361-3	PSB007	361	SUPER	super	linguistic	none	Volume=high	_	_	_	_	_
361-4	PSB007	361	EXTRA	extra	linguistic	none	Volume=high	_	_	_	_	_
361-5	PSB007	361	BENE	bene	linguistic	none	Volume=high	_	_	_	_	_
361-6	PSB007	361	PERCHÈ	perchè	linguistic	none	Volume=high	_	_	_	_	_
361-7	PSB007	361	È	è	linguistic	none	Volume=high	_	_	_	_	_
361-8	PSB007	361	ITALIANO,	italiano	linguistic	none	Intonation=weakly_rising|Volume=high	_	_	_	_	_
361-9	PSB007	361	per	per	linguistic	none	_	_	_	_	_	_
361-10	PSB007	361	me	me	linguistic	none	_	_	_	_	_	_
361-11	PSB007	361	è	è	linguistic	none	_	_	_	_	_	_
361-12	PSB007	361	stato	stato	linguistic	none	_	_	_	_	_	_
361-13	PSB007	361	molto	molto	linguistic	none	_	_	_	_	_	_
361-14	PSB007	361	complicato	complicato	linguistic	none	_	End=1297.237	_	_	_	_
362-0	PSB005	362	mh	mh	linguistic	none	_	Begin=1297.299|End=1297.649	_	_	_	_
363-0	PSB007	363	MA	ma	linguistic	none	Volume=high	Begin=1297.96	_	_	_	_
363-1	PSB007	363	nello	nello	linguistic	none	_	_	_	_	_	_
363-2	PSB007	363	stesso	stesso	linguistic	none	_	_	_	_	_	_
363-3	PSB007	363	tempo,	tempo	linguistic	none	Intonation=weakly_rising	_	_	_	_	_
363-4	PSB007	363	è	è	linguistic	none	_	_	_	_	_	_
363-5	PSB007	363	molto	molto	linguistic	none	_	_	_	_	_	_
363-6	PSB007	363	<utile>	utile	linguistic	none	_	End=1300.763	_	Slow=0-5(0)	_	_
364-0	PSB007	364	<molto>	molto	linguistic	none	_	Begin=1301.814|End=1302.536	_	Slow=0-5(0)	_	_
365-0	PSB005	365	bisogna	bisogna	linguistic	none	_	Begin=1302.763	_	_	_	_
365-1	PSB005	365	buttarsi	buttarsi	linguistic	none	_	End=1304.124	_	_	_	_
366-0	PSB007	366	per~	per~	linguistic	none	Interrupted=Yes	Begin=1304.381	_	_	_	_
366-1	PSB007	366	[perché]	perché	linguistic	none	_	End=1305.227	_	_	_	0-6(50)
367-0	PSB005	367	[x]	x	unknown	none	_	Begin=1304.732|End=1304.969	_	_	_	0-1(50)
368-0	PSB007	368	io	io	linguistic	none	_	Begin=1305.515	_	_	_	_
368-1	PSB007	368	ricord(o)	ricordo	linguistic	none	_	_	_	_	6-7(0)	_
368-2	PSB007	368	anche	anche	linguistic	none	_	_	_	_	_	_
368-3	PSB007	368	adesso,	adesso	linguistic	none	Intonation=weakly_rising	_	_	_	_	_
368-4	PSB007	368	perché	perché	linguistic	none	_	_	_	_	_	_
368-5	PSB007	368	sono	sono	linguistic	none	_	_	_	_	_	_
368-6	PSB007	368	andata	andata	linguistic	none	_	_	_	_	_	_
368-7	PSB007	368	in	in	linguistic	none	_	_	_	_	_	_
368-8	PSB007	368	gelateria,	gelateria	linguistic	none	Intonation=weakly_rising	_	_	_	_	_
368-9	PSB007	368	in:	in	linguistic	none	_	_	1x1	_	_	_
368-10	PSB007	368	che	che	linguistic	none	_	_	_	_	_	_
368-11	PSB007	368	si	si	linguistic	none	_	_	_	_	_	_
368-12	PSB007	368	trova	trova	linguistic	none	_	_	_	_	_	_
368-13	PSB007	368	in	in	linguistic	none	_	_	_	_	_	_
368-14	PSB007	368	via	via	linguistic	none	_	_	_	_	_	_
368-15	PSB007	368	castiglione:,	castiglione	linguistic	none	Intonation=weakly_rising	End=1310.691	10x1	_	_	_
369-0	PSB007	369	quindi	quindi	linguistic	none	_	Begin=1311.01	_	_	_	_
369-1	PSB007	369	>non	non	linguistic	none	_	_	_	Fast=0-3(0)	_	_
369-2	PSB007	369	lo[ntano	lontano	linguistic	none	_	_	_	Fast=0-7(0)	_	2-7(51)
369-3	PSB007	369	da]	da	linguistic	none	_	_	_	Fast=0-2(0)	_	0-2(51)
369-4	PSB007	369	qui<,	qui	linguistic	none	Intonation=weakly_rising	End=1312.484	_	Fast=0-3(0)	_	_
370-0	PSB005	370	[mhmh]	mhmh	linguistic	none	_	Begin=1311.649|End=1312.0	_	_	_	0-4(51)
371-0	PSB007	371	e::	e	linguistic	none	_	Begin=1313.515	0x2	_	_	_
371-1	PSB007	371	m:h	mh	linguistic	none	_	_	0x1	_	_	_
371-2	PSB007	371	<quando>	quando	linguistic	none	_	_	_	Slow=0-6(0)	_	_
371-3	PSB007	371	ho	ho	linguistic	none	_	_	_	_	_	_
371-4	PSB007	371	cominciato	cominciato	linguistic	none	_	_	_	_	_	_
371-5	PSB007	371	a	a	linguistic	none	_	_	_	_	_	_
371-6	PSB007	371	parlare	parlare	linguistic	none	_	_	_	_	_	_
371-7	PSB007	371	co:n	con	linguistic	none	_	_	1x1	_	_	_
371-8	PSB007	371	col	col	linguistic	none	_	_	_	_	_	_
371-9	PSB007	371	signore	signore	linguistic	none	_	_	_	_	_	_
371-10	PSB007	371	°>che<°	che	linguistic	none	Volume=low	_	_	Fast=0-3(0)	_	_
371-11	PSB007	371	ha	ha	linguistic	none	_	_	_	_	_	_
371-12	PSB007	371	lavorato	lavorato	linguistic	none	_	_	_	_	_	_
371-13	PSB007	371	lì,	lì	linguistic	none	Intonation=weakly_rising	_	_	_	_	_
371-14	PSB007	371	ho	ho	linguistic	none	_	_	_	_	_	_
371-15	PSB007	371	spiegato	spiegato	linguistic	none	_	_	_	_	_	_
371-16	PSB007	371	sono	sono	linguistic	none	_	_	_	_	_	_
371-17	PSB007	371	studen~	studen~	linguistic	none	Interrupted=Yes	_	_	_	_	_
371-18	PSB007	371	sono	sono	linguistic	none	_	_	_	_	_	_
371-19	PSB007	371	dottoranda:,	dottoranda	linguistic	none	Intonation=weakly_rising	_	9x1	_	_	_
371-20	PSB007	371	studio	studio	linguistic	none	_	_	_	_	_	_
371-21	PSB007	371	la	la	linguistic	none	_	_	_	_	_	_
371-22	PSB007	371	lingua:,	lingua	linguistic	none	Intonation=weakly_rising	_	5x1	_	_	_
371-23	PSB007	371	posso	posso	linguistic	none	_	_	_	_	_	_
371-24	PSB007	371	fare	fare	linguistic	none	_	_	_	_	_	_
371-25	PSB007	371	qualche	qualche	linguistic	none	_	_	_	_	_	_
371-26	PSB007	371	domanda:,	domanda	linguistic	none	Intonation=weakly_rising	End=1325.113	6x1	_	_	_
372-0	PSB007	372	e::	e	linguistic	none	_	Begin=1325.412	0x2	_	_	_
372-1	PSB007	372	m:h	mh	linguistic	none	_	_	0x1	_	_	_
372-2	PSB007	372	quando	quando	linguistic	none	_	_	_	_	_	_
372-3	PSB007	372	lui:	lui	linguistic	none	_	_	2x1	_	_	_
372-4	PSB007	372	{P}	{P}	shortpause	none	_	_	_	_	_	_
372-5	PSB007	372	mi	mi	linguistic	none	_	_	_	_	_	_
372-6	PSB007	372	ha	ha	linguistic	none	_	_	_	_	_	_
372-7	PSB007	372	fatto	fatto	linguistic	none	_	_	_	_	_	_
372-8	PSB007	372	questa:	questa	linguistic	none	_	_	5x1	_	_	_
372-9	PSB007	372	mh	mh	linguistic	none	_	End=1329.433	_	_	_	_
373-0	PSB007	373	m:::h	mh	linguistic	none	_	Begin=1330.237	0x3	_	_	_
373-1	PSB007	373	mi	mi	linguistic	none	_	_	_	_	_	_
373-2	PSB007	373	ha	ha	linguistic	none	_	_	_	_	_	_
373-3	PSB007	373	fatto	fatto	linguistic	none	_	_	_	_	_	_
373-4	PSB007	373	vedere	vedere	linguistic	none	_	_	_	_	_	_
373-5	PSB007	373	la	la	linguistic	none	_	_	_	_	_	_
373-6	PSB007	373	sua	sua	linguistic	none	_	_	_	_	_	_
373-7	PSB007	373	<disponibi[lità]>,	disponibilità	linguistic	none	Intonation=weakly_rising	_	_	Slow=0-13(0)	_	9-13(52)
373-8	PSB007	373	a	a	linguistic	none	_	_	_	_	_	_
373-9	PSB007	373	questo	questo	linguistic	none	_	_	_	_	_	_
373-10	PSB007	373	discorso:,	discorso	linguistic	none	Intonation=weakly_rising	End=1335.887	7x1	_	_	_
374-0	PSB005	374	[mhmh]	mhmh	linguistic	none	_	Begin=1334.02|End=1334.407	_	_	_	0-4(52)
375-0	PSB007	375	ho	ho	linguistic	none	_	Begin=1337.866	_	_	_	_
375-1	PSB007	375	sentito	sentito	linguistic	none	_	_	_	_	_	_
375-2	PSB007	375	la	la	linguistic	none	_	_	_	_	_	_
375-3	PSB007	375	<tranquillità>	tranquillità	linguistic	none	_	End=1339.577	_	Slow=0-12(0)	_	_
376-0	PSB007	376	e	e	linguistic	none	_	Begin=1339.969	_	_	_	_
376-1	PSB007	376	quindi	quindi	linguistic	none	_	_	_	_	_	_
376-2	PSB007	376	abbiamo	abbiamo	linguistic	none	_	_	_	_	_	_
376-3	PSB007	376	parlato	parlato	linguistic	none	_	_	_	_	_	_
376-4	PSB007	376	molto::	molto	linguistic	none	_	_	4x2	_	_	_
376-5	PSB007	376	[molto	molto	linguistic	none	_	_	_	_	_	0-5(53)
376-6	PSB007	376	be]ne:,	bene	linguistic	none	Intonation=weakly_rising	_	3x1	_	_	0-2(53)
376-7	PSB007	376	ho	ho	linguistic	none	_	_	_	_	_	_
376-8	PSB007	376	fatto	fatto	linguistic	none	_	_	_	_	_	_
376-9	PSB007	376	tutte	tutte	linguistic	none	_	_	_	_	_	_
376-10	PSB007	376	le	le	linguistic	none	_	_	_	_	_	_
376-11	PSB007	376	domande:	domande	linguistic	none	_	_	6x1	_	_	_
376-12	PSB007	376	che	che	linguistic	none	_	_	_	_	_	_
376-13	PSB007	376	volevo	volevo	linguistic	none	_	_	_	_	_	_
376-14	PSB007	376	fare:,	fare	linguistic	none	Intonation=weakly_rising	End=1345.804	3x1	_	_	_
377-0	PSB005	377	[mhmh]	mhmh	linguistic	none	_	Begin=1342.155|End=1342.392	_	_	_	0-4(53)
378-0	PSB007	378	°e:hm°	ehm	linguistic	none	Volume=low	Begin=1346.286|End=1346.786	0x1	_	_	_
379-0	PSB007	379	mi	mi	linguistic	none	_	Begin=1347.247	_	_	_	_
379-1	PSB007	379	ha	ha	linguistic	none	_	_	_	_	_	_
379-2	PSB007	379	raccontato	raccontato	linguistic	none	_	_	_	_	_	_
379-3	PSB007	379	un	un	linguistic	none	_	_	_	_	_	_
379-4	PSB007	379	sacco	sacco	linguistic	none	_	_	_	_	_	_
379-5	PSB007	379	di	di	linguistic	none	_	_	_	_	_	_
379-6	PSB007	379	<ingredienti>	ingredienti	linguistic	none	_	_	_	Slow=0-11(0)	_	_
379-7	PSB007	379	interessanti,	interessanti	linguistic	none	Intonation=weakly_rising	_	_	_	_	_
379-8	PSB007	379	che	che	linguistic	none	_	_	_	_	_	_
379-9	PSB007	379	vengono	vengono	linguistic	none	_	_	_	_	_	_
379-10	PSB007	379	da	da	linguistic	none	_	_	_	_	_	_
379-11	PSB007	379	sud	sud	linguistic	none	_	_	_	_	_	_
379-12	PSB007	379	america:,	america	linguistic	none	Intonation=weakly_rising	End=1351.515	6x1	_	_	_
380-0	PSB007	380	e:	e	linguistic	none	_	Begin=1351.948	0x1	_	_	_
380-1	PSB007	380	m:h	mh	linguistic	none	_	End=1353.216	0x1	_	_	_
381-0	PSB007	381	°e:hm°	ehm	linguistic	none	Volume=low	Begin=1353.746|End=1354.586	0x1	_	_	_
382-0	PSB007	382	e	e	linguistic	none	_	Begin=1355.649	_	_	_	_
382-1	PSB007	382	sì	sì	linguistic	none	_	_	_	_	_	_
382-2	PSB007	382	importante	importante	linguistic	none	_	_	_	_	_	_
382-3	PSB007	382	>la<	la	linguistic	none	_	_	_	Fast=0-2(0)	_	_
382-4	PSB007	382	pratica	pratica	linguistic	none	_	_	_	_	_	_
382-5	PSB007	382	è	è	linguistic	none	_	_	_	_	_	_
382-6	PSB007	382	sempre	sempre	linguistic	none	_	_	_	_	_	_
382-7	PSB007	382	impor[tante:],	importante	linguistic	none	Intonation=weakly_rising	_	9x1	_	_	5-10(54)
382-8	PSB007	382	solo	solo	linguistic	none	_	_	_	_	_	_
382-9	PSB007	382	che::	che	linguistic	none	_	_	2x2	_	_	_
382-10	PSB007	382	m:h	mh	linguistic	none	_	End=1360.536	0x1	_	_	_
383-0	PSB005	383	[°mhmh°]	mhmh	linguistic	none	Volume=low	Begin=1358.293|End=1358.707	_	_	_	0-4(54)
384-0	PSB007	384	per	per	linguistic	none	_	Begin=1362.186	_	_	_	_
384-1	PSB007	384	esempio	esempio	linguistic	none	_	_	_	_	_	_
384-2	PSB007	384	se	se	linguistic	none	_	_	_	_	_	_
384-3	PSB007	384	studiamo	studiamo	linguistic	none	_	_	_	_	_	_
384-4	PSB007	384	la	la	linguistic	none	_	_	_	_	_	_
384-5	PSB007	384	lingua:,	lingua	linguistic	none	Intonation=weakly_rising	_	5x1	_	_	_
384-6	PSB007	384	<non	non	linguistic	none	_	_	_	Slow=0-3(0)	_	_
384-7	PSB007	384	in	in	linguistic	none	_	_	_	Slow=0-2(0)	_	_
384-8	PSB007	384	paese>	paese	linguistic	none	_	_	_	Slow=0-5(0)	_	_
384-9	PSB007	384	dove	dove	linguistic	none	_	_	_	_	_	_
384-10	PSB007	384	parlano	parlano	linguistic	none	_	_	_	_	_	_
384-11	PSB007	384	questa	questa	linguistic	none	_	_	_	_	_	_
384-12	PSB007	384	lingua,	lingua	linguistic	none	Intonation=weakly_rising	_	_	_	_	_
384-13	PSB007	384	è	è	linguistic	none	_	_	_	_	_	_
384-14	PSB007	384	molto	molto	linguistic	none	_	_	_	_	_	_
384-15	PSB007	384	difficile:	difficile	linguistic	none	_	_	8x1	_	_	_
384-16	PSB007	384	<creare>	creare	linguistic	none	_	_	_	Slow=0-6(1)	_	_
384-17	PSB007	384	questi	questi	linguistic	none	_	_	_	_	_	_
384-18	PSB007	384	e:h	eh	linguistic	none	_	_	0x1	_	_	_
384-19	PSB007	384	situazioni:	situazioni	linguistic	none	_	End=1371.557	9x1	_	_	_
385-0	PSB005	385	mhmh	mhmh	linguistic	none	_	Begin=1371.907|End=1372.309	_	_	_	_
386-0	PSB007	386	un	un	linguistic	none	_	Begin=1372.454	_	_	_	_
386-1	PSB007	386	altro	altro	linguistic	none	_	_	_	_	_	_
386-2	PSB007	386	esercizio	esercizio	linguistic	none	_	_	_	_	_	_
386-3	PSB007	386	era	era	linguistic	none	_	_	_	_	_	_
386-4	PSB007	386	per	per	linguistic	none	_	_	_	_	_	_
386-5	PSB007	386	esempio	esempio	linguistic	none	_	_	_	_	_	_
386-6	PSB007	386	capire:	capire	linguistic	none	_	_	5x1	_	_	_
386-7	PSB007	386	e::h	eh	linguistic	none	_	_	0x2	_	_	_
386-8	PSB007	386	{P}	{P}	shortpause	none	_	_	_	_	_	_
386-9	PSB007	386	i	i	linguistic	none	_	_	_	_	_	_
386-10	PSB007	386	li~	li~	linguistic	none	Interrupted=Yes	_	_	_	_	_
386-11	PSB007	386	i::	i	linguistic	none	_	_	0x2	_	_	_
386-12	PSB007	386	percorsi	percorsi	linguistic	none	_	_	_	_	_	_
386-13	PSB007	386	degli	degli	linguistic	none	_	_	_	_	_	_
386-14	PSB007	386	autobus,	autobus	linguistic	none	Intonation=weakly_rising	End=1379.526	_	_	_	_
387-0	PSB007	387	e:h	eh	linguistic	none	_	Begin=1380.67	0x1	_	_	_
387-1	PSB007	387	nel	nel	linguistic	none	_	_	_	_	_	_
387-2	PSB007	387	duemila	duemila	linguistic	none	_	_	_	_	_	_
387-3	PSB007	387	e	e	linguistic	none	_	_	_	_	_	_
387-4	PSB007	387	tredici	tredici	linguistic	none	_	_	_	_	_	_
387-5	PSB007	387	no~	no~	linguistic	none	Interrupted=Yes	_	_	_	_	_
387-6	PSB007	387	google	google	linguistic	none	_	_	_	_	_	_
387-7	PSB007	387	maps	maps	linguistic	none	_	_	_	_	_	_
387-8	PSB007	387	non	non	linguistic	none	_	_	_	_	_	_
387-9	PSB007	387	non	non	linguistic	none	_	_	_	_	_	_
387-10	PSB007	387	ha	ha	linguistic	none	_	_	_	_	_	_
387-11	PSB007	387	funzionato	funzionato	linguistic	none	_	_	_	_	_	_
387-12	PSB007	387	così	così	linguistic	none	_	_	_	_	_	_
387-13	PSB007	387	bene	bene	linguistic	none	_	_	_	_	_	_
387-14	PSB007	387	come	come	linguistic	none	_	_	_	_	_	_
387-15	PSB007	387	oggi,	oggi	linguistic	none	Intonation=weakly_rising	End=1385.732	_	_	_	_
388-0	PSB007	388	io	io	linguistic	none	_	Begin=1386.155	_	_	_	_
388-1	PSB007	388	non	non	linguistic	none	_	_	_	_	_	_
388-2	PSB007	388	ho	ho	linguistic	none	_	_	_	_	_	_
388-3	PSB007	388	usato	usato	linguistic	none	_	_	_	_	_	_
388-4	PSB007	388	<proprio	proprio	linguistic	none	_	_	_	Slow=0-7(0)	_	_
388-5	PSB007	388	{P}	{P}	shortpause	none	_	_	_	Slow=0-3(0)	_	_
388-6	PSB007	388	zero>	zero	linguistic	none	_	_	_	Slow=0-4(0)	_	_
388-7	PSB007	388	quindi	quindi	linguistic	none	_	_	_	_	_	_
388-8	PSB007	388	io	io	linguistic	none	_	_	_	_	_	_
388-9	PSB007	388	di	di	linguistic	none	_	_	_	_	_	_
388-10	PSB007	388	solito:	solito	linguistic	none	_	_	5x1	_	_	_
388-11	PSB007	388	eh	eh	linguistic	none	_	_	_	_	_	_
388-12	PSB007	388	compravo	compravo	linguistic	none	_	_	_	_	_	_
388-13	PSB007	388	le::	le	linguistic	none	_	_	1x2	_	_	_
388-14	PSB007	388	le	le	linguistic	none	_	_	_	_	_	_
388-15	PSB007	388	mappe	mappe	linguistic	none	_	_	_	_	_	_
388-16	PSB007	388	°tipo	tipo	linguistic	none	Volume=low	_	_	_	_	_
388-17	PSB007	388	questa:	questa	linguistic	none	Volume=low	_	5x1	_	_	_
388-18	PSB007	388	poggiata:	poggiata	linguistic	none	Volume=low	_	7x1	_	_	_
388-19	PSB007	388	col	col	linguistic	none	Volume=low	_	_	_	_	_
388-20	PSB007	388	al	al	linguistic	none	Volume=low	_	_	_	_	_
388-21	PSB007	388	muro:,°	muro	linguistic	none	Intonation=weakly_rising|Volume=low	_	3x1	_	_	_
388-22	PSB007	388	e	e	linguistic	none	_	_	_	_	_	_
388-23	PSB007	388	m:h	mh	linguistic	none	_	End=1397.567	0x1	_	_	_
389-0	PSB007	389	e	e	linguistic	none	_	Begin=1398.608	_	_	_	_
389-1	PSB007	389	quindi	quindi	linguistic	none	_	_	_	_	_	_
389-2	PSB007	389	SÌ:	sì	linguistic	none	Volume=high	_	1x1	_	_	_
389-3	PSB007	389	per	per	linguistic	none	_	_	_	_	_	_
389-4	PSB007	389	capire	capire	linguistic	none	_	_	_	_	_	_
389-5	PSB007	389	che	che	linguistic	none	_	_	_	_	_	_
389-6	PSB007	389	autobus	autobus	linguistic	none	_	_	_	_	_	_
389-7	PSB007	389	devi	devi	linguistic	none	_	_	_	_	_	_
389-8	PSB007	389	<prendere>	prendere	linguistic	none	_	End=1402.505	_	Slow=0-8(0)	_	_
390-0	PSB007	390	eh	eh	linguistic	none	_	Begin=1403.526	_	_	_	_
390-1	PSB007	390	dovevo	dovevo	linguistic	none	_	_	_	_	_	_
390-2	PSB007	390	parlare	parlare	linguistic	none	_	_	_	_	_	_
390-3	PSB007	390	con	con	linguistic	none	_	_	_	_	_	_
390-4	PSB007	390	qualcuno,	qualcuno	linguistic	none	Intonation=weakly_rising	_	_	_	_	_
390-5	PSB007	390	dovevo	dovevo	linguistic	none	_	_	_	_	_	_
390-6	PSB007	390	guardare	guardare	linguistic	none	_	_	_	_	_	_
390-7	PSB007	390	la	la	linguistic	none	_	_	_	_	_	_
390-8	PSB007	390	proprio	proprio	linguistic	none	_	_	_	_	_	_
390-9	PSB007	390	la	la	linguistic	none	_	_	_	_	_	_
390-10	PSB007	390	cartina	cartina	linguistic	none	_	_	_	_	_	_
390-11	PSB007	390	di:	di	linguistic	none	_	_	1x1	_	_	_
390-12	PSB007	390	e:h	eh	linguistic	none	_	_	0x1	_	_	_
390-13	PSB007	390	servizio	servizio	linguistic	none	_	_	_	_	_	_
390-14	PSB007	390	di	di	linguistic	none	_	_	_	_	_	_
390-15	PSB007	390	trasporto:,	trasporto	linguistic	none	Intonation=weakly_rising	End=1410.598	8x1	_	_	_
391-0	PSB007	391	e:	e	linguistic	none	_	Begin=1410.835	0x1	_	_	_
391-1	PSB007	391	m::h	mh	linguistic	none	_	_	0x2	_	_	_
391-2	PSB007	391	mh	mh	linguistic	none	_	_	_	_	_	_
391-3	PSB007	391	complicato	complicato	linguistic	none	_	_	_	_	_	_
391-4	PSB007	391	sì	sì	linguistic	none	_	_	_	_	_	_
391-5	PSB007	391	{P}	{P}	shortpause	none	_	_	_	_	_	_
391-6	PSB007	391	[compli]cato,	complicato	linguistic	none	Intonation=weakly_rising	End=1414.082	_	_	_	0-6(55)
392-0	PSB005	392	[mhmh]	mhmh	linguistic	none	_	Begin=1413.144|End=1413.577	_	_	_	0-4(55)
393-0	PSB007	393	perché	perché	linguistic	none	_	Begin=1414.196	_	_	_	_
393-1	PSB007	393	tutto	tutto	linguistic	none	_	_	_	_	_	_
393-2	PSB007	393	è	è	linguistic	none	_	_	_	_	_	_
393-3	PSB007	393	scritto	scritto	linguistic	none	_	_	_	_	_	_
393-4	PSB007	393	in	in	linguistic	none	_	_	_	_	_	_
393-5	PSB007	393	italiano,	italiano	linguistic	none	Intonation=weakly_rising	_	_	_	_	_
393-6	PSB007	393	quando	quando	linguistic	none	_	_	_	_	_	_
393-7	PSB007	393	parli:	parli	linguistic	none	_	_	4x1	_	_	_
393-8	PSB007	393	del	del	linguistic	none	_	_	_	_	_	_
393-9	PSB007	393	trasporto	trasporto	linguistic	none	_	_	_	_	_	_
393-10	PSB007	393	ti	ti	linguistic	none	_	_	_	_	_	_
393-11	PSB007	393	rispondono	rispondono	linguistic	none	_	_	_	_	_	_
393-12	PSB007	393	con	con	linguistic	none	_	_	_	_	_	_
393-13	PSB007	393	dei	dei	linguistic	none	_	_	_	_	_	_
393-14	PSB007	393	termini	termini	linguistic	none	_	_	_	_	_	_
393-15	PSB007	393	che	che	linguistic	none	_	_	_	_	_	_
393-16	PSB007	393	tu	tu	linguistic	none	_	_	_	_	_	_
393-17	PSB007	393	non	non	linguistic	none	_	_	_	_	_	_
393-18	PSB007	393	conosci,	conosci	linguistic	none	Intonation=weakly_rising	End=1420.134	_	_	_	_
394-0	PSB007	394	MA	ma	linguistic	none	Volume=high	Begin=1420.722	_	_	_	_
394-1	PSB007	394	nello	nello	linguistic	none	_	_	_	_	_	_
394-2	PSB007	394	stesso	stesso	linguistic	none	_	_	_	_	_	_
394-3	PSB007	394	tempo:	tempo	linguistic	none	_	End=1422.412	4x1	_	_	_
395-0	PSB007	395	quando	quando	linguistic	none	_	Begin=1422.948	_	_	_	_
395-1	PSB007	395	capisci	capisci	linguistic	none	_	_	_	_	_	_
395-2	PSB007	395	che	che	linguistic	none	_	_	_	_	_	_
395-3	PSB007	395	sei	sei	linguistic	none	_	_	_	_	_	_
395-4	PSB007	395	arrivata:	arrivata	linguistic	none	_	_	7x1	_	_	_
395-5	PSB007	395	m::h	mh	linguistic	none	_	_	0x2	_	_	_
395-6	PSB007	395	{P}	{P}	shortpause	none	_	_	_	_	_	_
395-7	PSB007	395	alle	alle	linguistic	none	_	_	_	_	_	_
395-8	PSB007	395	risposte:,	risposte	linguistic	none	Intonation=weakly_rising	_	7x1	_	_	_
395-9	PSB007	395	tu	tu	linguistic	none	_	_	_	_	_	_
395-10	PSB007	395	capisci	capisci	linguistic	none	_	_	_	_	_	_
395-11	PSB007	395	queste	queste	linguistic	none	_	_	_	_	_	_
395-12	PSB007	395	risposte	risposte	linguistic	none	_	End=1429.443	_	_	_	_
396-0	PSB007	396	e	e	linguistic	none	_	Begin=1429.711	_	_	_	_
396-1	PSB007	396	puoi	puoi	linguistic	none	_	_	_	_	_	_
396-2	PSB007	396	<USARE>	usare	linguistic	none	Volume=high	_	_	Slow=0-5(0)	_	_
396-3	PSB007	396	per	per	linguistic	none	_	_	_	_	_	_
396-4	PSB007	396	esempio	esempio	linguistic	none	_	_	_	_	_	_
396-5	PSB007	396	questo	questo	linguistic	none	_	_	_	_	_	_
396-6	PSB007	396	percorso:	percorso	linguistic	none	_	_	7x1	_	_	_
396-7	PSB007	396	dell'	dell'	linguistic	none	SpaceAfter=No	_	_	_	_	_
396-8	PSB007	396	autobus	autobus	linguistic	none	_	_	_	_	_	_
396-9	PSB007	396	venti	venti	linguistic	none	_	_	_	_	_	_
396-10	PSB007	396	ventuno,	ventuno	linguistic	none	Intonation=weakly_rising	_	_	_	_	_
396-11	PSB007	396	eh	eh	linguistic	none	_	_	_	_	_	_
396-12	PSB007	396	che	che	linguistic	none	_	_	_	_	_	_
396-13	PSB007	396	ti	ti	linguistic	none	_	_	_	_	_	_
396-14	PSB007	396	hanno	hanno	linguistic	none	_	_	_	_	_	_
396-15	PSB007	396	consigliato:,	consigliato	linguistic	none	Intonation=weakly_rising	End=1437.608	10x1	_	_	_
397-0	PSB007	397	e:h	eh	linguistic	none	_	Begin=1437.814	0x1	_	_	_
397-1	PSB007	397	m:h	mh	linguistic	none	_	_	0x1	_	_	_
397-2	PSB007	397	arriva	arriva	linguistic	none	_	_	_	_	_	_
397-3	PSB007	397	la	la	linguistic	none	_	_	_	_	_	_
397-4	PSB007	397	sensazione	sensazione	linguistic	none	_	_	_	_	_	_
397-5	PSB007	397	dentro:	dentro	linguistic	none	_	_	5x1	_	_	_
397-6	PSB007	397	dentro	dentro	linguistic	none	_	_	_	_	_	_
397-7	PSB007	397	di	di	linguistic	none	_	_	_	_	_	_
397-8	PSB007	397	te	te	linguistic	none	_	_	_	_	_	_
397-9	PSB007	397	che	che	linguistic	none	_	_	_	_	_	_
397-10	PSB007	397	{P}	{P}	shortpause	none	_	_	_	_	_	_
397-11	PSB007	397	che	che	linguistic	none	_	_	_	_	_	_
397-12	PSB007	397	nasce	nasce	linguistic	none	_	_	_	_	_	_
397-13	PSB007	397	una:	una	linguistic	none	_	_	2x1	_	_	_
397-14	PSB007	397	{P}	{P}	shortpause	none	_	_	_	_	_	_
397-15	PSB007	397	una	una	linguistic	none	_	_	_	_	_	_
397-16	PSB007	397	<forza:>,	forza	linguistic	none	Intonation=weakly_rising	_	4x1	Slow=0-5(0)	_	_
397-17	PSB007	397	che	che	linguistic	none	_	_	_	_	_	_
397-18	PSB007	397	tu	tu	linguistic	none	_	_	_	_	_	_
397-19	PSB007	397	sei	sei	linguistic	none	_	_	_	_	_	_
397-20	PSB007	397	<forte>,	forte	linguistic	none	Intonation=weakly_rising	_	_	Slow=0-5(1)	_	_
397-21	PSB007	397	che	che	linguistic	none	_	_	_	_	_	_
397-22	PSB007	397	tu	tu	linguistic	none	_	_	_	_	_	_
397-23	PSB007	397	puoi	puoi	linguistic	none	_	_	_	_	_	_
397-24	PSB007	397	e::h	eh	linguistic	none	_	_	0x2	_	_	_
397-25	PSB007	397	<superare>	superare	linguistic	none	_	_	_	Slow=0-8(2)	_	_
397-26	PSB007	397	queste	queste	linguistic	none	_	_	_	_	_	_
397-27	PSB007	397	diffi~	diffi~	linguistic	none	Interrupted=Yes	_	_	_	_	_
397-28	PSB007	397	difficoltà	difficoltà	linguistic	none	_	End=1450.464	_	_	_	_
398-0	PSB007	398	e:h	eh	linguistic	none	_	Begin=1450.969	0x1	_	_	_
398-1	PSB007	398	mh	mh	linguistic	none	_	End=1451.691	_	_	_	_
399-0	PSB007	399	ciò	ciò	linguistic	none	_	Begin=1452.206|End=1452.557	_	_	_	_
400-0	PSB007	400	ovviamente	ovviamente	linguistic	none	_	Begin=1452.639	_	_	_	_
400-1	PSB007	400	per	per	linguistic	none	_	_	_	_	_	_
400-2	PSB007	400	un	un	linguistic	none	_	_	_	_	_	_
400-3	PSB007	400	italiano	italiano	linguistic	none	_	_	_	_	_	_
400-4	PSB007	400	non	non	linguistic	none	_	_	_	_	_	_
400-5	PSB007	400	è	è	linguistic	none	_	_	_	_	_	_
400-6	PSB007	400	assolutamente	assolutamente	linguistic	none	_	_	_	_	_	_
400-7	PSB007	400	una	una	linguistic	none	_	_	_	_	_	_
400-8	PSB007	400	difficoltà	difficoltà	linguistic	none	_	_	_	_	_	_
400-9	PSB007	400	è	è	linguistic	none	_	_	_	_	_	_
400-10	PSB007	400	per	per	linguistic	none	_	_	_	_	_	_
400-11	PSB007	400	stranieri	stranieri	linguistic	none	_	_	_	_	_	_
400-12	PSB007	400	sì	sì	linguistic	none	_	End=1457.072	_	_	_	_
401-0	PSB005	401	mhmh	mhmh	linguistic	none	_	Begin=1457.175	_	_	_	_
401-1	PSB005	401	beh	beh	linguistic	none	_	_	_	_	_	_
401-2	PSB005	401	certo	certo	linguistic	none	_	_	_	_	_	_
401-3	PSB005	401	sì	sì	linguistic	none	_	_	_	_	_	_
401-4	PSB005	401	certa[me~]	certame~	linguistic	none	Interrupted=Yes	End=1458.856	_	_	_	5-8(56)
402-0	PSB007	402	[s]ì	sì	linguistic	none	_	Begin=1458.794|End=1459.155	_	_	_	0-1(56)
403-0	PSB005	403	e	e	linguistic	none	_	Begin=1459.402	_	_	_	_
403-1	PSB005	403	poi	poi	linguistic	none	_	_	_	_	_	_
403-2	PSB005	403	mh	mh	linguistic	none	_	_	_	_	_	_
403-3	PSB005	403	tu	tu	linguistic	none	_	_	_	_	_	_
403-4	PSB005	403	magari	magari	linguistic	none	_	_	_	_	_	_
403-5	PSB005	403	avevi	avevi	linguistic	none	_	_	_	_	_	_
403-6	PSB005	403	anche	anche	linguistic	none	_	_	_	_	_	_
403-7	PSB005	403	{P}	{P}	shortpause	none	_	_	_	_	_	_
403-8	PSB005	403	occasione	occasione	linguistic	none	_	_	_	_	_	_
403-9	PSB005	403	di	di	linguistic	none	_	_	_	_	_	_
403-10	PSB005	403	parlare	parlare	linguistic	none	_	_	_	_	_	_
403-11	PSB005	403	italiano	italiano	linguistic	none	_	_	_	_	_	_
403-12	PSB005	403	con	con	linguistic	none	_	_	_	_	_	_
403-13	PSB005	403	qualche	qualche	linguistic	none	_	_	_	_	_	_
403-14	PSB005	403	collega::	collega	linguistic	none	_	_	6x2	_	_	_
403-15	PSB005	403	per	per	linguistic	none	_	_	_	_	_	_
403-16	PSB005	403	esempio	esempio	linguistic	none	_	_	_	_	_	_
403-17	PSB005	403	questo	questo	linguistic	none	_	_	_	_	_	_
403-18	PSB005	403	tuo	tuo	linguistic	none	_	_	_	_	_	_
403-19	PSB005	403	amico	amico	linguistic	none	_	_	_	_	_	_
403-20	PSB005	403	che	che	linguistic	none	_	_	_	_	_	_
403-21	PSB005	403	mi	mi	linguistic	none	_	_	_	_	_	_
403-22	PSB005	403	hai	hai	linguistic	none	_	_	_	_	_	_
403-23	PSB005	403	{P}	{P}	shortpause	none	_	_	_	_	_	_
403-24	PSB005	403	già	già	linguistic	none	_	_	_	_	_	_
403-25	PSB005	403	nominato,	nominato	linguistic	none	Intonation=weakly_rising	_	_	_	_	_
403-26	PSB005	403	oppure	oppure	linguistic	none	_	_	_	_	_	_
403-27	PSB005	403	usavate	usavate	linguistic	none	_	_	_	_	_	_
403-28	PSB005	403	l'	l'	linguistic	none	SpaceAfter=No	_	_	_	_	_
403-29	PSB005	403	inglese?	inglese	linguistic	none	Intonation=rising	End=1468.897	_	_	_	_
404-0	PSB007	404	e::h	eh	linguistic	none	_	Begin=1469.392|End=1470.361	0x2	_	_	_
405-0	PSB007	405	usavamo	usavamo	linguistic	none	_	Begin=1470.66	_	_	_	_
405-1	PSB007	405	inglese:,	inglese	linguistic	none	Intonation=weakly_rising	_	6x1	_	_	_
405-2	PSB007	405	perché	perché	linguistic	none	_	_	_	_	_	_
405-3	PSB007	405	ho	ho	linguistic	none	_	_	_	_	_	_
405-4	PSB007	405	eh	eh	linguistic	none	_	_	_	_	_	_
405-5	PSB007	405	ho	ho	linguistic	none	_	_	_	_	_	_
405-6	PSB007	405	anche::	anche	linguistic	none	_	_	4x2	_	_	_
405-7	PSB007	405	un	un	linguistic	none	_	_	_	_	_	_
405-8	PSB007	405	gruppo	gruppo	linguistic	none	_	_	_	_	_	_
405-9	PSB007	405	degli	degli	linguistic	none	_	_	_	_	_	_
405-10	PSB007	405	amici	amici	linguistic	none	_	_	_	_	_	_
405-11	PSB007	405	{P}	{P}	shortpause	none	_	_	_	_	_	_
405-12	PSB007	405	eh	eh	linguistic	none	_	_	_	_	_	_
405-13	PSB007	405	{P}	{P}	shortpause	none	_	_	_	_	_	_
405-14	PSB007	405	astronomi,	astronomi	linguistic	none	Intonation=weakly_rising	End=1479.072	_	_	_	_
406-0	PSB005	406	mhmh	mhmh	linguistic	none	_	Begin=1479.402|End=1479.979	_	_	_	_
407-0	PSB007	407	e::	e	linguistic	none	_	Begin=1480.423	0x2	_	_	_
407-1	PSB007	407	in	in	linguistic	none	_	_	_	_	_	_
407-2	PSB007	407	astronomia	astronomia	linguistic	none	_	_	_	_	_	_
407-3	PSB007	407	mi	mi	linguistic	none	_	_	_	_	_	_
407-4	PSB007	407	sembra	sembra	linguistic	none	_	_	_	_	_	_
407-5	PSB007	407	che	che	linguistic	none	_	_	_	_	_	_
407-6	PSB007	407	tutti	tutti	linguistic	none	_	_	_	_	_	_
407-7	PSB007	407	°parlano	parlano	linguistic	none	Volume=low	_	_	_	_	_
407-8	PSB007	407	inglese°	inglese	linguistic	none	Volume=low	End=1483.856	_	_	_	_
408-0	PSB007	408	e:	e	linguistic	none	_	Begin=1486.144	0x1	_	_	_
408-1	PSB007	408	m:h	mh	linguistic	none	_	End=1487.165	0x1	_	_	_
409-0	PSB007	409	con	con	linguistic	none	_	Begin=1487.474	_	_	_	_
409-1	PSB007	409	chi	chi	linguistic	none	_	_	_	_	_	_
409-2	PSB007	409	dovev~	dovev~	linguistic	none	Interrupted=Yes	_	_	_	_	_
409-3	PSB007	409	A::H	ah	linguistic	none	Volume=high	_	0x2	_	_	_
409-4	PSB007	409	io	io	linguistic	none	_	_	_	_	_	_
409-5	PSB007	409	dovevo	dovevo	linguistic	none	_	_	_	_	_	_
409-6	PSB007	409	parlare	parlare	linguistic	none	_	_	_	_	_	_
409-7	PSB007	409	con:	con	linguistic	none	_	_	2x1	_	_	_
409-8	PSB007	409	<la	la	linguistic	none	_	_	_	Slow=0-2(0)	_	_
409-9	PSB007	409	proprietaria	proprietaria	linguistic	none	_	_	_	Slow=0-12(0)	_	_
409-10	PSB007	409	dell'	dell'	linguistic	none	SpaceAfter=No	_	_	Slow=0-5(0)	_	_
409-11	PSB007	409	appartamento:>,	appartamento	linguistic	none	Intonation=weakly_rising	_	11x1	Slow=0-12(0)	_	_
409-12	PSB007	409	che	che	linguistic	none	_	_	_	_	_	_
409-13	PSB007	409	ho	ho	linguistic	none	_	_	_	_	_	_
409-14	PSB007	409	preso	preso	linguistic	none	_	_	_	_	_	_
409-15	PSB007	409	in	in	linguistic	none	_	_	_	_	_	_
409-16	PSB007	409	affitto:	affitto	linguistic	none	_	End=1495.897	6x1	_	_	_
410-0	PSB007	410	con	con	linguistic	none	_	Begin=1496.68	_	_	_	_
410-1	PSB007	410	questa	questa	linguistic	none	_	_	_	_	_	_
410-2	PSB007	410	signora,	signora	linguistic	none	Intonation=weakly_rising	End=1498.34	_	_	_	_
411-0	PSB007	411	e:	e	linguistic	none	_	Begin=1498.835	0x1	_	_	_
411-1	PSB007	411	m:h	mh	linguistic	none	_	End=1500.309	0x1	_	_	_
412-0	PSB007	412	eh	eh	linguistic	none	_	Begin=1500.629	_	_	_	_
412-1	PSB007	412	<lei>	lei	linguistic	none	_	End=1501.536	_	Slow=0-3(0)	_	_
413-0	PSB007	413	lei	lei	linguistic	none	_	Begin=1502.433	_	_	_	_
413-1	PSB007	413	ha	ha	linguistic	none	_	_	_	_	_	_
413-2	PSB007	413	parlato	parlato	linguistic	none	_	_	_	_	_	_
413-3	PSB007	413	un	un	linguistic	none	_	_	_	_	_	_
413-4	PSB007	413	po'	po'	linguistic	none	_	_	_	_	_	_
413-5	PSB007	413	inglese,	inglese	linguistic	none	Intonation=weakly_rising	End=1504.917	_	_	_	_
414-0	PSB007	414	ma	ma	linguistic	none	_	Begin=1505.289	_	_	_	_
414-1	PSB007	414	veramente	veramente	linguistic	none	_	_	_	_	_	_
414-2	PSB007	414	un	un	linguistic	none	_	_	_	_	_	_
414-3	PSB007	414	po'	po'	linguistic	none	_	End=1506.577	_	_	_	_
415-0	PSB007	415	quindi	quindi	linguistic	none	_	Begin=1506.928	_	_	_	_
415-1	PSB007	415	mi	mi	linguistic	none	_	_	_	_	_	_
415-2	PSB007	415	ricordo	ricordo	linguistic	none	_	_	_	_	_	_
415-3	PSB007	415	che	che	linguistic	none	_	_	_	_	_	_
415-4	PSB007	415	il	il	linguistic	none	_	_	_	_	_	_
415-5	PSB007	415	primo	primo	linguistic	none	_	_	_	_	_	_
415-6	PSB007	415	mese	mese	linguistic	none	_	_	_	_	_	_
415-7	PSB007	415	è	è	linguistic	none	_	_	_	_	_	_
415-8	PSB007	415	stato	stato	linguistic	none	_	_	_	_	_	_
415-9	PSB007	415	molto	molto	linguistic	none	_	_	_	_	_	_
415-10	PSB007	415	difficile	difficile	linguistic	none	_	_	_	_	_	_
415-11	PSB007	415	per	per	linguistic	none	_	_	_	_	_	_
415-12	PSB007	415	me	me	linguistic	none	_	_	_	_	_	_
415-13	PSB007	415	perché	perché	linguistic	none	_	_	_	_	_	_
415-14	PSB007	415	{P}	{P}	shortpause	none	_	_	_	_	_	_
415-15	PSB007	415	io	io	linguistic	none	_	_	_	_	_	_
415-16	PSB007	415	non	non	linguistic	none	_	_	_	_	_	_
415-17	PSB007	415	potevo	potevo	linguistic	none	_	End=1512.051	_	_	_	_
416-0	PSB007	416	dire:	dire	linguistic	none	_	Begin=1513.423	3x1	_	_	_
416-1	PSB007	416	non	non	linguistic	none	_	_	_	_	_	_
416-2	PSB007	416	potevo	potevo	linguistic	none	_	_	_	_	_	_
416-3	PSB007	416	creare	creare	linguistic	none	_	_	_	_	_	_
416-4	PSB007	416	un	un	linguistic	none	_	_	_	_	_	_
416-5	PSB007	416	discorso	discorso	linguistic	none	_	_	_	_	_	_
416-6	PSB007	416	molto:	molto	linguistic	none	_	_	4x1	_	_	_
416-7	PSB007	416	e::h	eh	linguistic	none	_	End=1518.051	0x2	_	_	_
417-0	PSB007	417	°e:hm°	ehm	linguistic	none	Volume=low	Begin=1518.353|End=1519.126	0x1	_	_	_
418-0	PSB007	418	m~	m~	linguistic	none	Interrupted=Yes	Begin=1519.206	_	_	_	_
418-1	PSB007	418	{P}	{P}	shortpause	none	_	_	_	_	_	_
418-2	PSB007	418	molto	molto	linguistic	none	_	_	_	_	_	_
418-3	PSB007	418	<BRAVO>	bravo	linguistic	none	Volume=high	_	_	Slow=0-5(0)	_	_
418-4	PSB007	418	in:	in	linguistic	none	_	_	1x1	_	_	_
418-5	PSB007	418	italiano,	italiano	linguistic	none	Intonation=weakly_rising	_	_	_	_	_
418-6	PSB007	418	lei	lei	linguistic	none	_	_	_	_	_	_
418-7	PSB007	418	aveva	aveva	linguistic	none	_	_	_	_	_	_
418-8	PSB007	418	la	la	linguistic	none	_	_	_	_	_	_
418-9	PSB007	418	il	il	linguistic	none	_	_	_	_	_	_
418-10	PSB007	418	livello	livello	linguistic	none	_	_	_	_	_	_
418-11	PSB007	418	di	di	linguistic	none	_	_	_	_	_	_
418-12	PSB007	418	lingua	lingua	linguistic	none	_	_	_	_	_	_
418-13	PSB007	418	inglese	inglese	linguistic	none	_	_	_	_	_	_
418-14	PSB007	418	molto:	molto	linguistic	none	_	_	4x1	_	_	_
418-15	PSB007	418	{P}	{P}	shortpause	none	_	_	_	_	_	_
418-16	PSB007	418	eh	eh	linguistic	none	_	_	_	_	_	_
418-17	PSB007	418	bassa	bassa	linguistic	none	_	_	_	_	_	_
418-18	PSB007	418	m:h	mh	linguistic	none	_	End=1529.495	0x1	_	_	_
419-0	PSB007	419	ma	ma	linguistic	none	_	Begin=1529.67	_	_	_	_
419-1	PSB007	419	e:h	eh	linguistic	none	_	_	0x1	_	_	_
419-2	PSB007	419	mi	mi	linguistic	none	_	_	_	_	_	_
419-3	PSB007	419	è	è	linguistic	none	_	_	_	_	_	_
419-4	PSB007	419	piaciuta	piaciuta	linguistic	none	_	_	_	_	_	_
419-5	PSB007	419	così	così	linguistic	none	_	_	_	_	_	_
419-6	PSB007	419	tanto	tanto	linguistic	none	_	_	_	_	_	_
419-7	PSB007	419	{P}	{P}	shortpause	none	_	_	_	_	_	_
419-8	PSB007	419	questa	questa	linguistic	none	_	_	_	_	_	_
419-9	PSB007	419	signora	signora	linguistic	none	_	_	_	_	_	_
419-10	PSB007	419	perché	perché	linguistic	none	_	_	_	_	_	_
419-11	PSB007	419	era	era	linguistic	none	_	_	_	_	_	_
419-12	PSB007	419	super	super	linguistic	none	_	_	_	_	_	_
419-13	PSB007	419	extra	extra	linguistic	none	_	_	_	_	_	_
419-14	PSB007	419	<attiva>,	attiva	linguistic	none	Intonation=weakly_rising	_	_	Slow=0-6(0)	_	_
419-15	PSB007	419	sempre	sempre	linguistic	none	_	_	_	_	_	_
419-16	PSB007	419	piena	piena	linguistic	none	_	_	_	_	_	_
419-17	PSB007	419	di	di	linguistic	none	_	_	_	_	_	_
419-18	PSB007	419	energia,	energia	linguistic	none	Intonation=weakly_rising	End=1538.835	_	_	_	_
420-0	PSB007	420	e:h	eh	linguistic	none	_	Begin=1539.124	0x1	_	_	_
420-1	PSB007	420	m:h	mh	linguistic	none	_	End=1540.577	0x1	_	_	_
421-0	PSB007	421	mh	mh	linguistic	none	_	Begin=1541.753	_	_	_	_
421-1	PSB007	421	ha	ha	linguistic	none	_	_	_	_	_	_
421-2	PSB007	421	lavorato	lavorato	linguistic	none	_	_	_	_	_	_
421-3	PSB007	421	in	in	linguistic	none	_	_	_	_	_	_
421-4	PSB007	421	quel	quel	linguistic	none	_	_	_	_	_	_
421-5	PSB007	421	periodo,	periodo	linguistic	none	Intonation=weakly_rising	End=1544.113	_	_	_	_
422-0	PSB007	422	e:h	eh	linguistic	none	_	Begin=1544.33	0x1	_	_	_
422-1	PSB007	422	c'	c'	linguistic	none	SpaceAfter=No	_	_	_	_	_
422-2	PSB007	422	erano	erano	linguistic	none	_	_	_	_	_	_
422-3	PSB007	422	sempre::	sempre	linguistic	none	_	_	5x2	_	_	_
422-4	PSB007	422	mh	mh	linguistic	none	_	_	_	_	_	_
422-5	PSB007	422	amiche:,	amiche	linguistic	none	Intonation=weakly_rising	End=1547.474	5x1	_	_	_
423-0	PSB007	423	per	per	linguistic	none	_	Begin=1547.948	_	_	_	_
423-1	PSB007	423	andare	andare	linguistic	none	_	_	_	_	_	_
423-2	PSB007	423	da	da	linguistic	none	_	_	_	_	_	_
423-3	PSB007	423	qualche	qualche	linguistic	none	_	_	_	_	_	_
423-4	PSB007	423	parte,	parte	linguistic	none	Intonation=weakly_rising	_	_	_	_	_
423-5	PSB007	423	per	per	linguistic	none	_	_	_	_	_	_
423-6	PSB007	423	visitare	visitare	linguistic	none	_	_	_	_	_	_
423-7	PSB007	423	un	un	linguistic	none	_	_	_	_	_	_
423-8	PSB007	423	museo:,	museo	linguistic	none	Intonation=weakly_rising	_	4x1	_	_	_
423-9	PSB007	423	per	per	linguistic	none	_	_	_	_	_	_
423-10	PSB007	423	visitare	visitare	linguistic	none	_	_	_	_	_	_
423-11	PSB007	423	una	una	linguistic	none	_	_	_	_	_	_
423-12	PSB007	423	galleria	galleria	linguistic	none	_	_	_	_	_	_
423-13	PSB007	423	d'	d'	linguistic	none	SpaceAfter=No	_	_	_	_	_
423-14	PSB007	423	arte,	arte	linguistic	none	Intonation=weakly_rising	_	_	_	_	_
423-15	PSB007	423	per	per	linguistic	none	_	End=1552.897	_	_	_	_
424-0	PSB007	424	comunque	comunque	linguistic	none	_	Begin=1553.155	_	_	_	_
424-1	PSB007	424	lei	lei	linguistic	none	_	End=1553.876	_	_	_	_
425-0	PSB007	425	quando	quando	linguistic	none	_	Begin=1554.928	_	_	_	_
425-1	PSB007	425	l'	l'	linguistic	none	SpaceAfter=No	_	_	_	_	_
425-2	PSB007	425	ho	ho	linguistic	none	_	_	_	_	_	_
425-3	PSB007	425	guardat~	guardat~	linguistic	none	Interrupted=Yes	End=1556.567	_	_	_	_
426-0	PSB007	426	in	in	linguistic	none	_	Begin=1556.701	_	_	_	_
426-1	PSB007	426	ucraina::	ucraina	linguistic	none	_	End=1557.835	6x2	_	_	_
427-0	PSB007	427	e:h	eh	linguistic	none	_	Begin=1558.711	0x1	_	_	_
427-1	PSB007	427	m:h	mh	linguistic	none	_	End=1559.474	0x1	_	_	_
428-0	PSB007	428	non	non	linguistic	none	_	Begin=1560.959	_	_	_	_
428-1	PSB007	428	lo	lo	linguistic	none	_	_	_	_	_	_
428-2	PSB007	428	so	so	linguistic	none	_	_	_	_	_	_
428-3	PSB007	428	le	le	linguistic	none	_	_	_	_	_	_
428-4	PSB007	428	nostre	nostre	linguistic	none	_	_	_	_	_	_
428-5	PSB007	428	persone:	persone	linguistic	none	_	_	6x1	_	_	_
428-6	PSB007	428	in	in	linguistic	none	_	_	_	_	_	_
428-7	PSB007	428	età	età	linguistic	none	_	_	_	_	_	_
428-8	PSB007	428	di	di	linguistic	none	_	_	_	_	_	_
428-9	PSB007	428	sessant'	sessant'	linguistic	none	SpaceAfter=No	_	_	_	_	_
428-10	PSB007	428	anni,	anni	linguistic	none	Intonation=weakly_rising	_	_	_	_	_
428-11	PSB007	428	di	di	linguistic	none	_	_	_	_	_	_
428-12	PSB007	428	solito	solito	linguistic	none	_	_	_	_	_	_
428-13	PSB007	428	sono	sono	linguistic	none	_	_	_	_	_	_
428-14	PSB007	428	molto	molto	linguistic	none	_	_	_	_	_	_
428-15	PSB007	428	più	più	linguistic	none	_	_	_	_	_	_
428-16	PSB007	428	e:h	eh	linguistic	none	_	_	0x1	_	_	_
428-17	PSB007	428	{P}	{P}	shortpause	none	_	_	_	_	_	_
428-18	PSB007	428	passivi:	passivi	linguistic	none	_	_	6x1	_	_	_
428-19	PSB007	428	molto	molto	linguistic	none	_	_	_	_	_	_
428-20	PSB007	428	più:	più	linguistic	none	_	_	2x1	_	_	_
428-21	PSB007	428	{P}	{P}	shortpause	none	_	_	_	_	_	_
428-22	PSB007	428	piuttosto	piuttosto	linguistic	none	_	_	_	_	_	_
428-23	PSB007	428	tranquilli	tranquilli	linguistic	none	_	_	_	_	_	_
428-24	PSB007	428	{ride}	{ride}	nonverbalbehavior	none	_	_	_	_	_	_
428-25	PSB007	428	[dicia]mo	diciamo	linguistic	none	_	End=1572.34	_	_	_	0-5(57)
429-0	PSB005	429	[sì	sì	linguistic	none	_	Begin=1571.639	_	_	_	0-2(57)
429-1	PSB005	429	sì]	sì	linguistic	none	_	End=1571.979	_	_	_	0-2(57)
430-0	PSB007	430	e::	e	linguistic	none	_	Begin=1573.206	0x2	_	_	_
430-1	PSB007	430	m:h	mh	linguistic	none	_	_	0x1	_	_	_
430-2	PSB007	430	e	e	linguistic	none	_	_	_	_	_	_
430-3	PSB007	430	quindi	quindi	linguistic	none	_	_	_	_	_	_
430-4	PSB007	430	io:	io	linguistic	none	_	_	1x1	_	_	_
430-5	PSB007	430	io	io	linguistic	none	_	_	_	_	_	_
430-6	PSB007	430	volevo	volevo	linguistic	none	_	_	_	_	_	_
430-7	PSB007	430	parlare	parlare	linguistic	none	_	_	_	_	_	_
430-8	PSB007	430	con	con	linguistic	none	_	_	_	_	_	_
430-9	PSB007	430	lei,	lei	linguistic	none	Intonation=weakly_rising	_	_	_	_	_
430-10	PSB007	430	volevo	volevo	linguistic	none	_	_	_	_	_	_
430-11	PSB007	430	fare	fare	linguistic	none	_	_	_	_	_	_
430-12	PSB007	430	le	le	linguistic	none	_	_	_	_	_	_
430-13	PSB007	430	domande,	domande	linguistic	none	Intonation=weakly_rising	_	_	_	_	_
430-14	PSB007	430	volevo	volevo	linguistic	none	_	_	_	_	_	_
430-15	PSB007	430	capire	capire	linguistic	none	_	_	_	_	_	_
430-16	PSB007	430	{P}	{P}	shortpause	none	_	_	_	_	_	_
430-17	PSB007	430	cosa	cosa	linguistic	none	_	_	_	_	_	_
430-18	PSB007	430	mi	mi	linguistic	none	_	_	_	_	_	_
430-19	PSB007	430	lei	lei	linguistic	none	_	_	_	_	_	_
430-20	PSB007	430	mi	mi	linguistic	none	_	_	_	_	_	_
430-21	PSB007	430	dice	dice	linguistic	none	_	End=1581.134	_	_	_	_
431-0	PSB007	431	e::	e	linguistic	none	_	Begin=1581.856	0x2	_	_	_
431-1	PSB007	431	m::h	mh	linguistic	none	_	End=1582.99	0x2	_	_	_
432-0	PSB007	432	quindi	quindi	linguistic	none	_	Begin=1583.247	_	_	_	_
432-1	PSB007	432	sì	sì	linguistic	none	_	_	_	_	_	_
432-2	PSB007	432	io	io	linguistic	none	_	_	_	_	_	_
432-3	PSB007	432	ho	ho	linguistic	none	_	_	_	_	_	_
432-4	PSB007	432	provato	provato	linguistic	none	_	_	_	_	_	_
432-5	PSB007	432	ovviamente	ovviamente	linguistic	none	_	_	_	_	_	_
432-6	PSB007	432	parlare	parlare	linguistic	none	_	_	_	_	_	_
432-7	PSB007	432	anche	anche	linguistic	none	_	_	_	_	_	_
432-8	PSB007	432	con	con	linguistic	none	_	_	_	_	_	_
432-9	PSB007	432	lei,	lei	linguistic	none	Intonation=weakly_rising	_	_	_	_	_
432-10	PSB007	432	con	con	linguistic	none	_	_	_	_	_	_
432-11	PSB007	432	questo	questo	linguistic	none	_	_	_	_	_	_
432-12	PSB007	432	livello	livello	linguistic	none	_	_	_	_	_	_
432-13	PSB007	432	di	di	linguistic	none	_	_	_	_	_	_
432-14	PSB007	432	lingua:,	lingua	linguistic	none	Intonation=weakly_rising	_	5x1	_	_	_
432-15	PSB007	432	ma	ma	linguistic	none	_	_	_	_	_	_
432-16	PSB007	432	dopo	dopo	linguistic	none	_	_	_	_	_	_
432-17	PSB007	432	io	io	linguistic	none	_	_	_	_	_	_
432-18	PSB007	432	ho	ho	linguistic	none	_	_	_	_	_	_
432-19	PSB007	432	trovato	trovato	linguistic	none	_	End=1589.227	_	_	_	_
433-0	PSB007	433	°questo	questo	linguistic	none	Volume=low	Begin=1589.845	_	_	_	_
433-1	PSB007	433	corso	corso	linguistic	none	Volume=low	_	_	_	_	_
433-2	PSB007	433	di	di	linguistic	none	Volume=low	_	_	_	_	_
433-3	PSB007	433	italiano°	italiano	linguistic	none	Volume=low	End=1591.124	_	_	_	_
434-0	PSB005	434	mhmh	mhmh	linguistic	none	_	Begin=1591.186|End=1591.722	_	_	_	_
435-0	PSB005	435	però	però	linguistic	none	_	Begin=1592.196	_	_	_	_
435-1	PSB005	435	da	da	linguistic	none	_	_	_	_	_	_
435-2	PSB005	435	dal	dal	linguistic	none	_	_	_	_	_	_
435-3	PSB005	435	dal	dal	linguistic	none	_	_	_	_	_	_
435-4	PSB005	435	livello	livello	linguistic	none	_	_	_	_	_	_
435-5	PSB005	435	a	a	linguistic	none	_	_	_	_	_	_
435-6	PSB005	435	due:	due	linguistic	none	_	_	2x1	_	_	_
435-7	PSB005	435	{P}	{P}	shortpause	none	_	_	_	_	_	_
435-8	PSB005	435	del	del	linguistic	none	_	_	_	_	_	_
435-9	PSB005	435	duemilatredici:	duemilatredici	linguistic	none	_	_	13x1	_	_	_
435-10	PSB005	435	ad	ad	linguistic	none	_	_	_	_	_	_
435-11	PSB005	435	adesso:,	adesso	linguistic	none	Intonation=weakly_rising	End=1597.268	5x1	_	_	_
436-0	PSB005	436	hai	hai	linguistic	none	_	Begin=1597.505	_	_	_	_
436-1	PSB005	436	fatto	fatto	linguistic	none	_	_	_	_	_	_
436-2	PSB005	436	dei	dei	linguistic	none	_	_	_	_	_	_
436-3	PSB005	436	dei	dei	linguistic	none	_	_	_	_	_	_
436-4	PSB005	436	progressi	progressi	linguistic	none	_	_	_	_	_	_
436-5	PSB005	436	l~	l~	linguistic	none	Interrupted=Yes	_	_	_	_	_
436-6	PSB005	436	seri	seri	linguistic	none	_	_	_	_	_	_
436-7	PSB005	436	quindi	quindi	linguistic	none	_	End=1600.938	_	_	_	_
437-0	PSB005	437	com~	com~	linguistic	none	Interrupted=Yes	Begin=1601.041	_	_	_	_
437-1	PSB005	437	come	come	linguistic	none	_	_	_	_	_	_
437-2	PSB005	437	hai	hai	linguistic	none	_	_	_	_	_	_
437-3	PSB005	437	fatto?	fatto	linguistic	none	Intonation=rising	End=1602.258	_	_	_	_
438-0	PSB007	438	e:h	eh	linguistic	none	_	Begin=1603.051	0x1	_	_	_
438-1	PSB007	438	è	è	linguistic	none	_	_	_	_	_	_
438-2	PSB007	438	successo	successo	linguistic	none	_	_	_	_	_	_
438-3	PSB007	438	molto	molto	linguistic	none	_	_	_	_	_	_
438-4	PSB007	438	interessante	interessante	linguistic	none	_	_	_	_	_	_
438-5	PSB007	438	perché	perché	linguistic	none	_	_	_	_	_	_
438-6	PSB007	438	sono:::	sono	linguistic	none	_	_	3x3	_	_	_
438-7	PSB007	438	quando	quando	linguistic	none	_	_	_	_	_	_
438-8	PSB007	438	sono	sono	linguistic	none	_	_	_	_	_	_
438-9	PSB007	438	ritornata	ritornata	linguistic	none	_	_	_	_	_	_
438-10	PSB007	438	in	in	linguistic	none	_	_	_	_	_	_
438-11	PSB007	438	ucraina	ucraina	linguistic	none	_	_	_	_	_	_
438-12	PSB007	438	nel	nel	linguistic	none	_	_	_	_	_	_
438-13	PSB007	438	duemila	duemila	linguistic	none	_	_	_	_	_	_
438-14	PSB007	438	e	e	linguistic	none	_	_	_	_	_	_
438-15	PSB007	438	quattordici	quattordici	linguistic	none	_	_	_	_	_	_
438-16	PSB007	438	già	già	linguistic	none	_	End=1610.227	_	_	_	_
439-0	PSB007	439	e::h	eh	linguistic	none	_	Begin=1611.093	0x2	_	_	_
439-1	PSB007	439	m::h	mh	linguistic	none	_	_	0x2	_	_	_
439-2	PSB007	439	ho	ho	linguistic	none	_	_	_	_	_	_
439-3	PSB007	439	finito	finito	linguistic	none	_	_	_	_	_	_
439-4	PSB007	439	il	il	linguistic	none	_	_	_	_	_	_
439-5	PSB007	439	mio	mio	linguistic	none	_	_	_	_	_	_
439-6	PSB007	439	dottorato:,	dottorato	linguistic	none	Intonation=weakly_rising	_	8x1	_	_	_
439-7	PSB007	439	quindi::	quindi	linguistic	none	_	_	5x2	_	_	_
439-8	PSB007	439	ho::	ho	linguistic	none	_	End=1616.495	1x2	_	_	_
440-0	PSB007	440	ho	ho	linguistic	none	_	Begin=1618.124	_	_	_	_
440-1	PSB007	440	passato	passato	linguistic	none	_	_	_	_	_	_
440-2	PSB007	440	anche	anche	linguistic	none	_	_	_	_	_	_
440-3	PSB007	440	la	la	linguistic	none	_	_	_	_	_	_
440-4	PSB007	440	discussione	discussione	linguistic	none	_	_	_	_	_	_
440-5	PSB007	440	della	della	linguistic	none	_	_	_	_	_	_
440-6	PSB007	440	tesi:,	tesi	linguistic	none	Intonation=weakly_rising	End=1620.402	3x1	_	_	_
441-0	PSB007	441	e::	e	linguistic	none	_	Begin=1621.082	0x2	_	_	_
441-1	PSB007	441	stavo	stavo	linguistic	none	_	_	_	_	_	_
441-2	PSB007	441	cercando	cercando	linguistic	none	_	_	_	_	_	_
441-3	PSB007	441	il	il	linguistic	none	_	_	_	_	_	_
441-4	PSB007	441	lavoro,	lavoro	linguistic	none	Intonation=weakly_rising	End=1623.392	_	_	_	_
442-0	PSB007	442	e	e	linguistic	none	_	Begin=1625.299	_	_	_	_
442-1	PSB007	442	ovviamente	ovviamente	linguistic	none	_	_	_	_	_	_
442-2	PSB007	442	ho	ho	linguistic	none	_	_	_	_	_	_
442-3	PSB007	442	parlato	parlato	linguistic	none	_	_	_	_	_	_
442-4	PSB007	442	con	con	linguistic	none	_	_	_	_	_	_
442-5	PSB007	442	tutti	tutti	linguistic	none	_	_	_	_	_	_
442-6	PSB007	442	della	della	linguistic	none	_	_	_	_	_	_
442-7	PSB007	442	mia	mia	linguistic	none	_	_	_	_	_	_
442-8	PSB007	442	esperienza	esperienza	linguistic	none	_	_	_	_	_	_
442-9	PSB007	442	in	in	linguistic	none	_	_	_	_	_	_
442-10	PSB007	442	italia,	italia	linguistic	none	Intonation=weakly_rising	End=1628.753	_	_	_	_
443-0	PSB007	443	e:h	eh	linguistic	none	_	Begin=1629.618	0x1	_	_	_
443-1	PSB007	443	m:h	mh	linguistic	none	_	End=1631.175	0x1	_	_	_
444-0	PSB007	444	questa	questa	linguistic	none	_	Begin=1631.979	_	_	_	_
444-1	PSB007	444	st~	st~	linguistic	none	Interrupted=Yes	_	_	_	_	_
444-2	PSB007	444	mia	mia	linguistic	none	_	_	_	_	_	_
444-3	PSB007	444	storia	storia	linguistic	none	_	_	_	_	_	_
444-4	PSB007	444	italiana:,	italiana	linguistic	none	Intonation=weakly_rising	_	7x1	_	_	_
444-5	PSB007	444	e:h	eh	linguistic	none	_	_	0x1	_	_	_
444-6	PSB007	444	l'	l'	linguistic	none	SpaceAfter=No	_	_	_	_	_
444-7	PSB007	444	ha	ha	linguistic	none	_	_	_	_	_	_
444-8	PSB007	444	sentita::	sentita	linguistic	none	_	_	6x2	_	_	_
444-9	PSB007	444	e:h	eh	linguistic	none	_	_	0x1	_	_	_
444-10	PSB007	444	il	il	linguistic	none	_	_	_	_	_	_
444-11	PSB007	444	mio	mio	linguistic	none	_	_	_	_	_	_
444-12	PSB007	444	rettore	rettore	linguistic	none	_	_	_	_	_	_
444-13	PSB007	444	il	il	linguistic	none	_	_	_	_	_	_
444-14	PSB007	444	rettore	rettore	linguistic	none	_	_	_	_	_	_
444-15	PSB007	444	della	della	linguistic	none	_	_	_	_	_	_
444-16	PSB007	444	mia	mia	linguistic	none	_	_	_	_	_	_
444-17	PSB007	444	università,	università	linguistic	none	Intonation=weakly_rising	End=1639.825	_	_	_	_
445-0	PSB007	445	e::	e	linguistic	none	_	Begin=1640.742	0x2	_	_	_
445-1	PSB007	445	lui	lui	linguistic	none	_	_	_	_	_	_
445-2	PSB007	445	in	in	linguistic	none	_	_	_	_	_	_
445-3	PSB007	445	quel	quel	linguistic	none	_	_	_	_	_	_
445-4	PSB007	445	periodo:	periodo	linguistic	none	_	End=1642.68	6x1	_	_	_
446-0	PSB007	446	aveva	aveva	linguistic	none	_	Begin=1643.557	_	_	_	_
446-1	PSB007	446	in	in	linguistic	none	_	_	_	_	_	_
446-2	PSB007	446	mente	mente	linguistic	none	_	_	_	_	_	_
446-3	PSB007	446	un	un	linguistic	none	_	_	_	_	_	_
446-4	PSB007	446	pensiero:	pensiero	linguistic	none	_	_	7x1	_	_	_
446-5	PSB007	446	di	di	linguistic	none	_	_	_	_	_	_
446-6	PSB007	446	aprire	aprire	linguistic	none	_	_	_	_	_	_
446-7	PSB007	446	un	un	linguistic	none	_	_	_	_	_	_
446-8	PSB007	446	centro	centro	linguistic	none	_	_	_	_	_	_
446-9	PSB007	446	italiano	italiano	linguistic	none	_	_	_	_	_	_
446-10	PSB007	446	universitario:	universitario	linguistic	none	_	End=1648.247	12x1	_	_	_
447-0	PSB007	447	quindi	quindi	linguistic	none	_	Begin=1648.67	_	_	_	_
447-1	PSB007	447	stava	stava	linguistic	none	_	_	_	_	_	_
447-2	PSB007	447	cercando:	cercando	linguistic	none	_	_	7x1	_	_	_
447-3	PSB007	447	proprio	proprio	linguistic	none	_	_	_	_	_	_
447-4	PSB007	447	la	la	linguistic	none	_	_	_	_	_	_
447-5	PSB007	447	persona:	persona	linguistic	none	_	_	6x1	_	_	_
447-6	PSB007	447	che	che	linguistic	none	_	_	_	_	_	_
447-7	PSB007	447	può	può	linguistic	none	_	_	_	_	_	_
447-8	PSB007	447	occuparsi	occuparsi	linguistic	none	_	_	_	_	_	_
447-9	PSB007	447	di:	di	linguistic	none	_	_	1x1	_	_	_
447-10	PSB007	447	m:h	mh	linguistic	none	_	_	0x1	_	_	_
447-11	PSB007	447	gestione:	gestione	linguistic	none	_	_	7x1	_	_	_
447-12	PSB007	447	di	di	linguistic	none	_	_	_	_	_	_
447-13	PSB007	447	creazione:	creazione	linguistic	none	_	_	8x1	_	_	_
447-14	PSB007	447	di	di	linguistic	none	_	_	_	_	_	_
447-15	PSB007	447	questo	questo	linguistic	none	_	_	_	_	_	_
447-16	PSB007	447	centro,	centro	linguistic	none	Intonation=weakly_rising	End=1656.588	_	_	_	_
448-0	PSB007	448	e::	e	linguistic	none	_	Begin=1657.598	0x2	_	_	_
448-1	PSB007	448	quindi	quindi	linguistic	none	_	_	_	_	_	_
448-2	PSB007	448	lui	lui	linguistic	none	_	_	_	_	_	_
448-3	PSB007	448	mi	mi	linguistic	none	_	_	_	_	_	_
448-4	PSB007	448	ha	ha	linguistic	none	_	_	_	_	_	_
448-5	PSB007	448	proposto	proposto	linguistic	none	_	_	_	_	_	_
448-6	PSB007	448	di:	di	linguistic	none	_	End=1660.423	1x1	_	_	_
449-0	PSB007	449	ehm	ehm	linguistic	none	_	Begin=1660.887|End=1661.783	_	_	_	_
450-0	PSB007	450	di	di	linguistic	none	_	Begin=1662.856	_	_	_	_
450-1	PSB007	450	fare	fare	linguistic	none	_	_	_	_	_	_
450-2	PSB007	450	la	la	linguistic	none	_	_	_	_	_	_
450-3	PSB007	450	direttrice	direttrice	linguistic	none	_	_	_	_	_	_
450-4	PSB007	450	del	del	linguistic	none	_	_	_	_	_	_
450-5	PSB007	450	centro	centro	linguistic	none	_	_	_	_	_	_
450-6	PSB007	450	italiano,	italiano	linguistic	none	Intonation=weakly_rising	End=1665.155	_	_	_	_
451-0	PSB005	451	ah	ah	linguistic	none	_	Begin=1665.155	_	_	_	_
451-1	PSB005	451	wow	wow	linguistic	none	_	End=1666.062	_	_	_	_
452-0	PSB005	452	°okay°	okay	linguistic	none	Volume=low	Begin=1666.35|End=1666.99	_	_	_	_
453-0	PSB005	453	ma	ma	linguistic	none	_	Begin=1667.268	_	_	_	_
453-1	PSB005	453	e:	e	linguistic	none	_	End=1668.021	0x1	_	_	_
454-0	PSB005	454	l~	l~	linguistic	none	Interrupted=Yes	Begin=1668.495	_	_	_	_
454-1	PSB005	454	l'	l'	linguistic	none	SpaceAfter=No	_	_	_	_	_
454-2	PSB005	454	università	università	linguistic	none	_	_	_	_	_	_
454-3	PSB005	454	in	in	linguistic	none	_	_	_	_	_	_
454-4	PSB005	454	cui	cui	linguistic	none	_	_	_	_	_	_
454-5	PSB005	454	lavoravi	lavoravi	linguistic	none	_	_	_	_	_	_
454-6	PSB005	454	lì	lì	linguistic	none	_	_	_	_	_	_
454-7	PSB005	454	è	è	linguistic	none	_	_	_	_	_	_
454-8	PSB005	454	a	a	linguistic	none	_	_	_	_	_	_
454-9	PSB005	454	@nomeluogo	nomeluogo	linguistic	none	_	End=1670.938	_	_	_	_
455-0	PSB007	455	sì	sì	linguistic	none	_	Begin=1671.35|End=1671.58	_	_	_	_
456-0	PSB005	456	giusto?	giusto	linguistic	none	Intonation=rising	Begin=1671.598|End=1672.031	_	_	_	_
457-0	PSB007	457	sì	sì	linguistic	none	_	Begin=1672.155|End=1672.505	_	_	_	_
458-0	PSB005	458	e	e	linguistic	none	_	Begin=1673.072	_	_	_	_
458-1	PSB005	458	come	come	linguistic	none	_	_	_	_	_	_
458-2	PSB005	458	mai	mai	linguistic	none	_	_	_	_	_	_
458-3	PSB005	458	il	il	linguistic	none	_	_	_	_	_	_
458-4	PSB005	458	rettore	rettore	linguistic	none	_	_	_	_	_	_
458-5	PSB005	458	voleva	voleva	linguistic	none	_	_	_	_	_	_
458-6	PSB005	458	aprire	aprire	linguistic	none	_	_	_	_	_	_
458-7	PSB005	458	un	un	linguistic	none	_	_	_	_	_	_
458-8	PSB005	458	centro	centro	linguistic	none	_	_	_	_	_	_
458-9	PSB005	458	{ride}	{ride}	nonverbalbehavior	none	_	_	_	_	_	_
458-10	PSB005	458	di	di	linguistic	none	_	_	_	_	_	_
458-11	PSB005	458	studi	studi	linguistic	none	_	_	_	_	_	_
458-12	PSB005	458	italiano?	italiano	linguistic	none	Intonation=rising	End=1677.196	_	_	_	_
459-0	PSB005	459	cioè	cioè	linguistic	none	_	Begin=1677.237	_	_	_	_
459-1	PSB005	459	voglio	voglio	linguistic	none	_	_	_	_	_	_
459-2	PSB005	459	dire	dire	linguistic	none	_	_	_	_	_	_
459-3	PSB005	459	è	è	linguistic	none	_	_	_	_	_	_
459-4	PSB005	459	particolare	particolare	linguistic	none	_	_	_	_	_	_
459-5	PSB005	459	comunque	comunque	linguistic	none	_	_	_	_	_	_
459-6	PSB005	459	no?	no	linguistic	none	Intonation=rising	End=1679.732	_	_	_	_
460-0	PSB007	460	e::h	eh	linguistic	none	_	Begin=1680.082	0x2	_	_	_
460-1	PSB007	460	m:h	mh	linguistic	none	_	End=1681.711	0x1	_	_	_
461-0	PSB007	461	e::h	eh	linguistic	none	_	Begin=1682.825	0x2	_	_	_
461-1	PSB007	461	{P}	{P}	shortpause	none	_	_	_	_	_	_
461-2	PSB007	461	ovviamente	ovviamente	linguistic	none	_	_	_	_	_	_
461-3	PSB007	461	non	non	linguistic	none	_	_	_	_	_	_
461-4	PSB007	461	ogni	ogni	linguistic	none	_	_	_	_	_	_
461-5	PSB007	461	università::	università	linguistic	none	_	_	9x2	_	_	_
461-6	PSB007	461	in	in	linguistic	none	_	_	_	_	_	_
461-7	PSB007	461	ucraina:	ucraina	linguistic	none	_	_	6x1	_	_	_
461-8	PSB007	461	ha	ha	linguistic	none	_	_	_	_	_	_
461-9	PSB007	461	un	un	linguistic	none	_	_	_	_	_	_
461-10	PSB007	461	centro::	centro	linguistic	none	_	_	5x2	_	_	_
461-11	PSB007	461	[ita]liano:,	italiano	linguistic	none	Intonation=weakly_rising	_	7x1	_	_	0-3(58)
461-12	PSB007	461	di	di	linguistic	none	_	_	_	_	_	_
461-13	PSB007	461	solito	solito	linguistic	none	_	_	_	_	_	_
461-14	PSB007	461	c'	c'	linguistic	none	SpaceAfter=No	_	_	_	_	_
461-15	PSB007	461	è	è	linguistic	none	_	_	_	_	_	_
461-16	PSB007	461	un	un	linguistic	none	_	_	_	_	_	_
461-17	PSB007	461	centro	centro	linguistic	none	_	_	_	_	_	_
461-18	PSB007	461	<linguistico:>	linguistico	linguistic	none	_	End=1691.722	10x1	Slow=0-11(0)	_	_
462-0	PSB005	462	[mh]	mh	linguistic	none	_	Begin=1688.021|End=1688.278	_	_	_	0-2(58)
463-0	PSB005	463	s[ì]	sì	linguistic	none	_	Begin=1691.917|End=1692.185	_	_	_	1-2(59)
464-0	PSB007	464	<[pr]esso>	presso	linguistic	none	_	Begin=1692.0	_	Slow=0-6(0)	_	0-2(59)
464-1	PSB007	464	l'	l'	linguistic	none	SpaceAfter=No	_	_	_	_	_
464-2	PSB007	464	universi[tà]	università	linguistic	none	_	_	_	_	_	7-10(60)
464-3	PSB007	464	ti~	ti~	linguistic	none	Interrupted=Yes	_	_	_	_	_
464-4	PSB007	464	tipo	tipo	linguistic	none	_	_	_	_	_	_
464-5	PSB007	464	xx	x	unknown	none	_	_	_	_	_	_
464-6	PSB007	464	centro	centro	linguistic	none	_	_	_	_	_	_
464-7	PSB007	464	[linguistico	linguistico	linguistic	none	_	_	_	_	_	0-11(61)
464-8	PSB007	464	di	di	linguistic	none	_	_	_	_	_	0-2(61)
464-9	PSB007	464	di:]	di	linguistic	none	_	_	1x1	_	_	0-2(61)
464-10	PSB007	464	[sì]	sì	linguistic	none	_	_	_	_	_	0-2(62)
464-11	PSB007	464	di	di	linguistic	none	_	_	_	_	_	_
464-12	PSB007	464	ateneo:	ateneo	linguistic	none	_	_	5x1	_	_	_
464-13	PSB007	464	qui	qui	linguistic	none	_	_	_	_	_	_
464-14	PSB007	464	a	a	linguistic	none	_	_	_	_	_	_
464-15	PSB007	464	bologna,	bologna	linguistic	none	Intonation=weakly_rising	End=1698.031	_	_	_	_
465-0	PSB005	465	[sì]	sì	linguistic	none	_	Begin=1693.309|End=1693.515	_	_	_	0-2(60)
466-0	PSB005	466	[con	con	linguistic	none	_	Begin=1694.825	_	_	_	0-3(61)
466-1	PSB005	466	più	più	linguistic	none	_	_	_	_	_	0-3(61)
466-2	PSB005	466	lingue]	lingue	linguistic	none	_	End=1695.773	_	_	_	0-6(61)
467-0	PSB005	467	[sì]	sì	linguistic	none	_	Begin=1696.051|End=1696.371	_	_	_	0-2(62)
468-0	PSB007	468	e:h	eh	linguistic	none	_	Begin=1698.474	0x1	_	_	_
468-1	PSB007	468	m:h	mh	linguistic	none	_	End=1699.557	0x1	_	_	_
469-0	PSB007	469	e:h	eh	linguistic	none	_	Begin=1700.227	0x1	_	_	_
469-1	PSB007	469	univeristà	univeristà	linguistic	none	_	_	_	_	_	_
469-2	PSB007	469	di	di	linguistic	none	_	_	_	_	_	_
469-3	PSB007	469	eh	eh	linguistic	none	_	End=1702.0	_	_	_	_
470-0	PSB007	470	all'	all'	linguistic	none	SpaceAfter=No	Begin=1703.536	_	_	_	_
470-1	PSB007	470	u~	u~	linguistic	none	Interrupted=Yes	_	_	_	_	_
470-2	PSB007	470	alla	alla	linguistic	none	_	_	_	_	_	_
470-3	PSB007	470	facoltà	facoltà	linguistic	none	_	_	_	_	_	_
470-4	PSB007	470	al	al	linguistic	none	_	_	_	_	_	_
470-5	PSB007	470	dipartimento	dipartimento	linguistic	none	_	_	_	_	_	_
470-6	PSB007	470	e::h	eh	linguistic	none	_	_	0x2	_	_	_
470-7	PSB007	470	dell'	dell'	linguistic	none	SpaceAfter=No	_	_	_	_	_
470-8	PSB007	470	università	università	linguistic	none	_	_	_	_	_	_
470-9	PSB007	470	@nomeluogo	nomeluogo	linguistic	none	_	_	_	_	_	_
470-10	PSB007	470	dove	dove	linguistic	none	_	_	_	_	_	_
470-11	PSB007	470	ho	ho	linguistic	none	_	_	_	_	_	_
470-12	PSB007	470	lavorato	lavorato	linguistic	none	_	_	_	_	_	_
470-13	PSB007	470	dove	dove	linguistic	none	_	_	_	_	_	_
470-14	PSB007	470	ho	ho	linguistic	none	_	_	_	_	_	_
470-15	PSB007	470	studiato,	studiato	linguistic	none	Intonation=weakly_rising	_	_	_	_	_
470-16	PSB007	470	dove	dove	linguistic	none	_	_	_	_	_	_
470-17	PSB007	470	ho	ho	linguistic	none	_	_	_	_	_	_
470-18	PSB007	470	lavorato	lavorato	linguistic	none	_	_	_	_	_	_
470-19	PSB007	470	io,	io	linguistic	none	Intonation=weakly_rising	End=1710.33	_	_	_	_
471-0	PSB007	471	e::h	eh	linguistic	none	_	Begin=1710.783	0x2	_	_	_
471-1	PSB007	471	gli	gli	linguistic	none	_	_	_	_	_	_
471-2	PSB007	471	studenti	studenti	linguistic	none	_	_	_	_	_	_
471-3	PSB007	471	anche	anche	linguistic	none	_	_	_	_	_	_
471-4	PSB007	471	adesso	adesso	linguistic	none	_	_	_	_	_	_
471-5	PSB007	471	studiano	studiano	linguistic	none	_	_	_	_	_	_
471-6	PSB007	471	italiano,	italiano	linguistic	none	Intonation=weakly_rising	End=1714.35	_	_	_	_
472-0	PSB005	472	mh	mh	linguistic	none	_	Begin=1714.536|End=1714.814	_	_	_	_
473-0	PSB007	473	quindi	quindi	linguistic	none	_	Begin=1715.196	_	_	_	_
473-1	PSB007	473	c'	c'	linguistic	none	SpaceAfter=No	_	_	_	_	_
473-2	PSB007	473	era	era	linguistic	none	_	_	_	_	_	_
473-3	PSB007	473	la	la	linguistic	none	_	_	_	_	_	_
473-4	PSB007	473	cattedra:	cattedra	linguistic	none	_	_	7x1	_	_	_
473-5	PSB007	473	e:h	eh	linguistic	none	_	End=1718.484	0x1	_	_	_
474-0	PSB007	474	allora	allora	linguistic	none	_	Begin=1719.113	_	_	_	_
474-1	PSB007	474	non	non	linguistic	none	_	_	_	_	_	_
474-2	PSB007	474	cattedra	cattedra	linguistic	none	_	_	_	_	_	_
474-3	PSB007	474	in	in	linguistic	none	_	_	_	_	_	_
474-4	PSB007	474	italian~	italian~	linguistic	none	Interrupted=Yes	_	_	_	_	_
474-5	PSB007	474	in	in	linguistic	none	_	_	_	_	_	_
474-6	PSB007	474	italia	italia	linguistic	none	_	_	_	_	_	_
474-7	PSB007	474	sarebbe	sarebbe	linguistic	none	_	_	_	_	_	_
474-8	PSB007	474	un	un	linguistic	none	_	_	_	_	_	_
474-9	PSB007	474	dipartimento,	dipartimento	linguistic	none	Intonation=weakly_rising	_	_	_	_	_
474-10	PSB007	474	sì	sì	linguistic	none	_	_	_	_	_	_
474-11	PSB007	474	quando	quando	linguistic	none	_	_	_	_	_	_
474-12	PSB007	474	c'	c'	linguistic	none	SpaceAfter=No	_	_	_	_	_
474-13	PSB007	474	è	è	linguistic	none	_	_	_	_	_	_
474-14	PSB007	474	la	la	linguistic	none	_	_	_	_	_	_
474-15	PSB007	474	facoltà:,	facoltà	linguistic	none	Intonation=weakly_rising	_	6x1	_	_	_
474-16	PSB007	474	e	e	linguistic	none	_	_	_	_	_	_
474-17	PSB007	474	dentro	dentro	linguistic	none	_	_	_	_	_	_
474-18	PSB007	474	ci	ci	linguistic	none	_	_	_	_	_	_
474-19	PSB007	474	[sono	sono	linguistic	none	_	_	_	_	_	0-4(63)
474-20	PSB007	474	i	i	linguistic	none	_	_	_	_	_	0-1(63)
474-21	PSB007	474	di]partimenti	dipartimenti	linguistic	none	_	_	_	_	_	0-2(63)
474-22	PSB007	474	[quindi]	quindi	linguistic	none	_	_	_	_	_	0-6(64)
474-23	PSB007	474	c'	c'	linguistic	none	SpaceAfter=No	_	_	_	_	_
474-24	PSB007	474	era	era	linguistic	none	_	_	_	_	_	_
474-25	PSB007	474	un	un	linguistic	none	_	_	_	_	_	_
474-26	PSB007	474	dipartimento	dipartimento	linguistic	none	_	_	_	_	_	_
474-27	PSB007	474	delle	delle	linguistic	none	_	_	_	_	_	_
474-28	PSB007	474	lingue	lingue	linguistic	none	_	_	_	_	_	_
474-29	PSB007	474	romanz[e:]	romanze	linguistic	none	_	End=1728.691	6x1	_	_	4-7(65)
475-0	PSB005	475	[sì	sì	linguistic	none	_	Begin=1724.629	_	_	_	0-2(63)
475-1	PSB005	475	sì	sì	linguistic	none	_	_	_	_	_	0-2(63)
475-2	PSB005	475	sì]	sì	linguistic	none	_	End=1725.35	_	_	_	0-2(63)
476-0	PSB005	476	[sì]	sì	linguistic	none	_	Begin=1725.948|End=1726.258	_	_	_	0-2(64)
477-0	PSB005	477	[o]kay	okay	linguistic	none	_	Begin=1728.608|End=1729.051	_	_	_	0-1(65)
478-0	PSB007	478	italiano	italiano	linguistic	none	_	Begin=1730.392	_	_	_	_
478-1	PSB007	478	°ovviamente	ovviamente	linguistic	none	Volume=low	_	_	_	_	_
478-2	PSB007	478	è	è	linguistic	none	Volume=low	_	_	_	_	_
478-3	PSB007	478	una	una	linguistic	none	Volume=low	_	_	_	_	_
478-4	PSB007	478	lingua°	lingua	linguistic	none	Volume=low	_	_	_	_	_
478-5	PSB007	478	romanza,	romanza	linguistic	none	Intonation=weakly_rising	End=1732.732	_	_	_	_
479-0	PSB007	479	e::h	eh	linguistic	none	_	Begin=1733.196	0x2	_	_	_
479-1	PSB007	479	m::h	mh	linguistic	none	_	End=1734.536	0x2	_	_	_
480-0	PSB007	480	<quindi>	quindi	linguistic	none	_	Begin=1735.845	_	Slow=0-6(0)	_	_
480-1	PSB007	480	e::h	eh	linguistic	none	_	End=1738.01	0x2	_	_	_
481-0	PSB007	481	voglio	voglio	linguistic	none	_	Begin=1739.691	_	_	_	_
481-1	PSB007	481	dire	dire	linguistic	none	_	_	_	_	_	_
481-2	PSB007	481	che	che	linguistic	none	_	_	_	_	_	_
481-3	PSB007	481	c'	c'	linguistic	none	SpaceAfter=No	_	_	_	_	_
481-4	PSB007	481	erano:	erano	linguistic	none	_	_	4x1	_	_	_
481-5	PSB007	481	i	i	linguistic	none	_	_	_	_	_	_
481-6	PSB007	481	professori:,	professori	linguistic	none	Intonation=weakly_rising	End=1742.433	9x1	_	_	_
482-0	PSB007	482	che	che	linguistic	none	_	Begin=1743.113	_	_	_	_
482-1	PSB007	482	insegnano	insegnano	linguistic	none	_	_	_	_	_	_
482-2	PSB007	482	la	la	linguistic	none	_	_	_	_	_	_
482-3	PSB007	482	lingua	lingua	linguistic	none	_	_	_	_	_	_
482-4	PSB007	482	italiana,	italiana	linguistic	none	Intonation=weakly_rising	_	_	_	_	_
482-5	PSB007	482	c'	c'	linguistic	none	SpaceAfter=No	_	_	_	_	_
482-6	PSB007	482	erano	erano	linguistic	none	_	_	_	_	_	_
482-7	PSB007	482	i	i	linguistic	none	_	_	_	_	_	_
482-8	PSB007	482	studenti	studenti	linguistic	none	_	_	_	_	_	_
482-9	PSB007	482	che	che	linguistic	none	_	_	_	_	_	_
482-10	PSB007	482	studiano	studiano	linguistic	none	_	_	_	_	_	_
482-11	PSB007	482	la	la	linguistic	none	_	_	_	_	_	_
482-12	PSB007	482	lingua	lingua	linguistic	none	_	_	_	_	_	_
482-13	PSB007	482	italiana,	italiana	linguistic	none	Intonation=weakly_rising	End=1747.608	_	_	_	_
483-0	PSB007	483	e	e	linguistic	none	_	Begin=1749.464	_	_	_	_
483-1	PSB007	483	se	se	linguistic	none	_	_	_	_	_	_
483-2	PSB007	483	vogliamo:	vogliamo	linguistic	none	_	_	7x1	_	_	_
483-3	PSB007	483	e:h	eh	linguistic	none	_	End=1751.515	0x1	_	_	_
484-0	PSB007	484	<aprire>	aprire	linguistic	none	_	Begin=1755.928	_	Slow=0-6(0)	_	_
484-1	PSB007	484	per	per	linguistic	none	_	_	_	_	_	_
484-2	PSB007	484	questi	questi	linguistic	none	_	_	_	_	_	_
484-3	PSB007	484	studenti	studenti	linguistic	none	_	_	_	_	_	_
484-4	PSB007	484	la	la	linguistic	none	_	_	_	_	_	_
484-5	PSB007	484	possibilità	possibilità	linguistic	none	_	_	_	_	_	_
484-6	PSB007	484	di	di	linguistic	none	_	_	_	_	_	_
484-7	PSB007	484	andare	andare	linguistic	none	_	_	_	_	_	_
484-8	PSB007	484	in	in	linguistic	none	_	_	_	_	_	_
484-9	PSB007	484	<italia>,	italia	linguistic	none	Intonation=weakly_rising	_	_	Slow=0-6(1)	_	_
484-10	PSB007	484	di	di	linguistic	none	_	_	_	_	_	_
484-11	PSB007	484	studiare	studiare	linguistic	none	_	_	_	_	_	_
484-12	PSB007	484	in	in	linguistic	none	_	_	_	_	_	_
484-13	PSB007	484	<italia>,	italia	linguistic	none	Intonation=weakly_rising	_	_	Slow=0-6(2)	_	_
484-14	PSB007	484	fare	fare	linguistic	none	_	_	_	_	_	_
484-15	PSB007	484	erasmus,	erasmus	linguistic	none	Intonation=weakly_rising	_	_	_	_	_
484-16	PSB007	484	e:h	eh	linguistic	none	_	_	0x1	_	_	_
484-17	PSB007	484	m:h	mh	linguistic	none	_	End=1764.185	0x1	_	_	_
485-0	PSB007	485	e:h	eh	linguistic	none	_	Begin=1764.495	0x1	_	_	_
485-1	PSB007	485	fare	fare	linguistic	none	_	_	_	_	_	_
485-2	PSB007	485	la:	la	linguistic	none	_	_	1x1	_	_	_
485-3	PSB007	485	pratica	pratica	linguistic	none	_	_	_	_	_	_
485-4	PSB007	485	per	per	linguistic	none	_	_	_	_	_	_
485-5	PSB007	485	esempio	esempio	linguistic	none	_	_	_	_	_	_
485-6	PSB007	485	pedagogica	pedagogica	linguistic	none	_	_	_	_	_	_
485-7	PSB007	485	{P}	{P}	shortpause	none	_	_	_	_	_	_
485-8	PSB007	485	[in	in	linguistic	none	_	_	_	_	_	0-2(66)
485-9	PSB007	485	ita]lia,	italia	linguistic	none	Intonation=weakly_rising	End=1769.732	_	_	_	0-3(66)
486-0	PSB005	486	[mhmh]	mhmh	linguistic	none	_	Begin=1768.67|End=1769.134	_	_	_	0-4(66)
487-0	PSB005	487	mhmh	mhmh	linguistic	none	_	Begin=1769.752|End=1770.165	_	_	_	_
488-0	PSB007	488	e:h	eh	linguistic	none	_	Begin=1770.247	0x1	_	_	_
488-1	PSB007	488	perché	perché	linguistic	none	_	_	_	_	_	_
488-2	PSB007	488	si	si	linguistic	none	_	_	_	_	_	_
488-3	PSB007	488	può	può	linguistic	none	_	_	_	_	_	_
488-4	PSB007	488	<creare:>	creare	linguistic	none	_	_	5x1	Slow=0-6(0)	_	_
488-5	PSB007	488	queste	queste	linguistic	none	_	_	_	_	_	_
488-6	PSB007	488	cose	cose	linguistic	none	_	_	_	_	_	_
488-7	PSB007	488	con	con	linguistic	none	_	_	_	_	_	_
488-8	PSB007	488	le	le	linguistic	none	_	_	_	_	_	_
488-9	PSB007	488	scuole	scuole	linguistic	none	_	_	_	_	_	_
488-10	PSB007	488	in	in	linguistic	none	_	_	_	_	_	_
488-11	PSB007	488	italia	italia	linguistic	none	_	_	_	_	_	_
488-12	PSB007	488	°per	per	linguistic	none	Volume=low	_	_	_	_	_
488-13	PSB007	488	esempio°	esempio	linguistic	none	Volume=low	End=1775.711	_	_	_	_
489-0	PSB007	489	e::h	eh	linguistic	none	_	Begin=1776.237	0x2	_	_	_
489-1	PSB007	489	m:h	mh	linguistic	none	_	End=1777.35	0x1	_	_	_
490-0	PSB007	490	tu	tu	linguistic	none	_	Begin=1778.206	_	_	_	_
490-1	PSB007	490	devi	devi	linguistic	none	_	_	_	_	_	_
490-2	PSB007	490	avere	avere	linguistic	none	_	_	_	_	_	_
490-3	PSB007	490	un	un	linguistic	none	_	_	_	_	_	_
490-4	PSB007	490	<centro>,	centro	linguistic	none	Intonation=weakly_rising	End=1779.969	_	Slow=0-6(0)	_	_
491-0	PSB007	491	ciò	ciò	linguistic	none	_	Begin=1780.227	_	_	_	_
491-1	PSB007	491	la	la	linguistic	none	_	_	_	_	_	_
491-2	PSB007	491	univ~	univ~	linguistic	none	Interrupted=Yes	_	_	_	_	_
491-3	PSB007	491	l'	l'	linguistic	none	SpaceAfter=No	_	_	_	_	_
491-4	PSB007	491	università	università	linguistic	none	_	_	_	_	_	_
491-5	PSB007	491	deve	deve	linguistic	none	_	_	_	_	_	_
491-6	PSB007	491	avere	avere	linguistic	none	_	_	_	_	_	_
491-7	PSB007	491	un	un	linguistic	none	_	_	_	_	_	_
491-8	PSB007	491	centro,	centro	linguistic	none	Intonation=weakly_rising	End=1782.907	_	_	_	_
492-0	PSB007	492	che	che	linguistic	none	_	Begin=1783.526	_	_	_	_
492-1	PSB007	492	può	può	linguistic	none	_	_	_	_	_	_
492-2	PSB007	492	<gestire>	gestire	linguistic	none	_	_	_	Slow=0-7(0)	_	_
492-3	PSB007	492	[tutti]	tutti	linguistic	none	_	_	_	_	_	0-5(67)
492-4	PSB007	492	questi::	questi	linguistic	none	_	_	5x2	_	_	_
492-5	PSB007	492	processi,	processi	linguistic	none	Intonation=weakly_rising	_	_	_	_	_
492-6	PSB007	492	procedure::,	procedure	linguistic	none	Intonation=weakly_rising	_	8x2	_	_	_
492-7	PSB007	492	sono	sono	linguistic	none	_	_	_	_	_	_
492-8	PSB007	492	procedure	procedure	linguistic	none	_	_	_	_	_	_
492-9	PSB007	492	burocratici	burocratici	linguistic	none	_	_	_	_	_	_
492-10	PSB007	492	enormi	enormi	linguistic	none	_	End=1790.206	_	_	_	_
493-0	PSB005	493	[mhmh]	mhmh	linguistic	none	_	Begin=1784.845|End=1785.258	_	_	_	0-4(67)
494-0	PSB005	494	mh	mh	linguistic	none	_	Begin=1790.206	_	_	_	_
494-1	PSB005	494	eh	eh	linguistic	none	_	_	_	_	_	_
494-2	PSB005	494	infatti	infatti	linguistic	none	_	End=1791.134	_	_	_	_
495-0	PSB005	495	infatti	infatti	linguistic	none	_	Begin=1791.979|End=1792.639	_	_	_	_
496-0	PSB007	496	ecco	ecco	linguistic	none	_	Begin=1792.887	_	_	_	_
496-1	PSB007	496	{P}	{P}	shortpause	none	_	_	_	_	_	_
496-2	PSB007	496	sì	sì	linguistic	none	_	End=1793.938	_	_	_	_
497-0	PSB007	497	<anche>	anche	linguistic	none	_	Begin=1794.268	_	Slow=0-5(0)	_	_
497-1	PSB007	497	e::h	eh	linguistic	none	_	_	0x2	_	_	_
497-2	PSB007	497	m:h	mh	linguistic	none	_	_	0x1	_	_	_
497-3	PSB007	497	i::	i	linguistic	none	_	_	0x2	_	_	_
497-4	PSB007	497	in	in	linguistic	none	_	_	_	_	_	_
497-5	PSB007	497	ucraina	ucraina	linguistic	none	_	_	_	_	_	_
497-6	PSB007	497	ovviamente	ovviamente	linguistic	none	_	_	_	_	_	_
497-7	PSB007	497	c'	c'	linguistic	none	SpaceAfter=No	_	_	_	_	_
497-8	PSB007	497	è	è	linguistic	none	_	_	_	_	_	_
497-9	PSB007	497	l'	l'	linguistic	none	SpaceAfter=No	_	_	_	_	_
497-10	PSB007	497	ambasciata:,	ambasciata	linguistic	none	Intonation=weakly_rising	_	9x1	_	_	_
497-11	PSB007	497	e:	e	linguistic	none	_	_	0x1	_	_	_
497-12	PSB007	497	c'	c'	linguistic	none	SpaceAfter=No	_	_	_	_	_
497-13	PSB007	497	è	è	linguistic	none	_	_	_	_	_	_
497-14	PSB007	497	e:h	eh	linguistic	none	_	_	0x1	_	_	_
497-15	PSB007	497	l'	l'	linguistic	none	SpaceAfter=No	_	_	_	_	_
497-16	PSB007	497	istituto	istituto	linguistic	none	_	_	_	_	_	_
497-17	PSB007	497	di	di	linguistic	none	_	_	_	_	_	_
497-18	PSB007	497	cultura	cultura	linguistic	none	_	_	_	_	_	_
497-19	PSB007	497	italiana:,	italiana	linguistic	none	Intonation=weakly_rising	End=1802.484	7x1	_	_	_
498-0	PSB005	498	mhmh	mhmh	linguistic	none	_	Begin=1802.495|End=1802.959	_	_	_	_
499-0	PSB007	499	a	a	linguistic	none	_	Begin=1803.227	_	_	_	_
499-1	PSB007	499	kiev,	kiev	linguistic	none	Intonation=weakly_rising	End=1803.856	_	_	_	_
500-0	PSB005	500	mhmh	mhmh	linguistic	none	_	Begin=1804.196|End=1804.577	_	_	_	_
501-0	PSB007	501	e::	e	linguistic	none	_	Begin=1804.866	0x2	_	_	_
501-1	PSB007	501	m:h	mh	linguistic	none	_	End=1805.866	0x1	_	_	_
502-0	PSB007	502	l'	l'	linguistic	none	SpaceAfter=No	Begin=1806.206	_	_	_	_
502-1	PSB007	502	istituto	istituto	linguistic	none	_	_	_	_	_	_
502-2	PSB007	502	italiano	italiano	linguistic	none	_	_	_	_	_	_
502-3	PSB007	502	eh	eh	linguistic	none	_	_	_	_	_	_
502-4	PSB007	502	è	è	linguistic	none	_	_	_	_	_	_
502-5	PSB007	502	una:	una	linguistic	none	_	End=1809.32	2x1	_	_	_
503-0	PSB007	503	struttura	struttura	linguistic	none	_	Begin=1810.763	_	_	_	_
503-1	PSB007	503	che	che	linguistic	none	_	_	_	_	_	_
503-2	PSB007	503	si	si	linguistic	none	_	_	_	_	_	_
503-3	PSB007	503	occupa	occupa	linguistic	none	_	_	_	_	_	_
503-4	PSB007	503	e:h	eh	linguistic	none	_	_	0x1	_	_	_
503-5	PSB007	503	delle	delle	linguistic	none	_	_	_	_	_	_
503-6	PSB007	503	creazion~	creazion~	linguistic	none	Interrupted=Yes	_	_	_	_	_
503-7	PSB007	503	della	della	linguistic	none	_	_	_	_	_	_
503-8	PSB007	503	creazione	creazione	linguistic	none	_	_	_	_	_	_
503-9	PSB007	503	non	non	linguistic	none	_	_	_	_	_	_
503-10	PSB007	503	solo	solo	linguistic	none	_	_	_	_	_	_
503-11	PSB007	503	eh	eh	linguistic	none	_	End=1817.752	_	_	_	_
504-0	PSB007	504	diciamo	diciamo	linguistic	none	_	Begin=1818.804	_	_	_	_
504-1	PSB007	504	la	la	linguistic	none	_	_	_	_	_	_
504-2	PSB007	504	<rete>	rete	linguistic	none	_	_	_	Slow=0-4(0)	_	_
504-3	PSB007	504	{P}	{P}	shortpause	none	_	_	_	_	_	_
504-4	PSB007	504	italiana,	italiana	linguistic	none	Intonation=weakly_rising	End=1821.546	_	_	_	_
505-0	PSB007	505	tra	tra	linguistic	none	_	Begin=1822.35	_	_	_	_
505-1	PSB007	505	{P}	{P}	shortpause	none	_	_	_	_	_	_
505-2	PSB007	505	diversi:	diversi	linguistic	none	_	_	6x1	_	_	_
505-3	PSB007	505	tra	tra	linguistic	none	_	_	_	_	_	_
505-4	PSB007	505	divers(e)	diverse	linguistic	none	_	_	_	_	6-7(0)	_
505-5	PSB007	505	città.	città	linguistic	none	Intonation=falling	_	_	_	_	_
505-6	PSB007	505	che	che	linguistic	none	_	_	_	_	_	_
505-7	PSB007	505	esistano	esistano	linguistic	none	_	_	_	_	_	_
505-8	PSB007	505	nel	nel	linguistic	none	_	_	_	_	_	_
505-9	PSB007	505	mondo	mondo	linguistic	none	_	_	_	_	_	_
505-10	PSB007	505	con	con	linguistic	none	_	_	_	_	_	_
505-11	PSB007	505	italia:,	italia	linguistic	none	Intonation=weakly_rising	End=1827.825	5x1	_	_	_
506-0	PSB007	506	ma	ma	linguistic	none	_	Begin=1828.783	_	_	_	_
506-1	PSB007	506	loro	loro	linguistic	none	_	_	_	_	_	_
506-2	PSB007	506	{P}	{P}	shortpause	none	_	_	_	_	_	_
506-3	PSB007	506	vogliono	vogliono	linguistic	none	_	_	_	_	_	_
506-4	PSB007	506	anche	anche	linguistic	none	_	_	_	_	_	_
506-5	PSB007	506	m:h	mh	linguistic	none	_	End=1832.711	0x1	_	_	_
507-0	PSB007	507	<integrare:>	integrare	linguistic	none	_	Begin=1839.845	8x1	Slow=0-9(0)	_	_
507-1	PSB007	507	forse	forse	linguistic	none	_	_	_	_	_	_
507-2	PSB007	507	in	in	linguistic	none	_	_	_	_	_	_
507-3	PSB007	507	qualche	qualche	linguistic	none	_	_	_	_	_	_
507-4	PSB007	507	modo	modo	linguistic	none	_	_	_	_	_	_
507-5	PSB007	507	la	la	linguistic	none	_	_	_	_	_	_
507-6	PSB007	507	cultura	cultura	linguistic	none	_	_	_	_	_	_
507-7	PSB007	507	italiana:,	italiana	linguistic	none	Intonation=weakly_rising	_	7x1	_	_	_
507-8	PSB007	507	in	in	linguistic	none	_	_	_	_	_	_
507-9	PSB007	507	quel	quel	linguistic	none	_	_	_	_	_	_
507-10	PSB007	507	paese	paese	linguistic	none	_	_	_	_	_	_
507-11	PSB007	507	si	si	linguistic	none	_	_	_	_	_	_
507-12	PSB007	507	trova	trova	linguistic	none	_	_	_	_	_	_
507-13	PSB007	507	l'	l'	linguistic	none	SpaceAfter=No	_	_	_	_	_
507-14	PSB007	507	istituto	istituto	linguistic	none	_	End=1845.742	_	_	_	_
508-0	PSB007	508	e::	e	linguistic	none	_	Begin=1847.309	0x2	_	_	_
508-1	PSB007	508	m:h	mh	linguistic	none	_	End=1848.268	0x1	_	_	_
509-0	PSB007	509	MA	ma	linguistic	none	Volume=high	Begin=1848.907	_	_	_	_
509-1	PSB007	509	{P}	{P}	shortpause	none	_	_	_	_	_	_
509-2	PSB007	509	se	se	linguistic	none	_	_	_	_	_	_
509-3	PSB007	509	parliamo	parliamo	linguistic	none	_	_	_	_	_	_
509-4	PSB007	509	di:	di	linguistic	none	_	_	1x1	_	_	_
509-5	PSB007	509	un	un	linguistic	none	_	_	_	_	_	_
509-6	PSB007	509	evento	evento	linguistic	none	_	_	_	_	_	_
509-7	PSB007	509	che	che	linguistic	none	_	_	_	_	_	_
509-8	PSB007	509	possiamo	possiamo	linguistic	none	_	_	_	_	_	_
509-9	PSB007	509	e:h	eh	linguistic	none	_	End=1853.454	0x1	_	_	_
510-0	PSB007	510	creare	creare	linguistic	none	_	Begin=1854.443	_	_	_	_
510-1	PSB007	510	insieme	insieme	linguistic	none	_	_	_	_	_	_
510-2	PSB007	510	{P}	{P}	shortpause	none	_	_	_	_	_	_
510-3	PSB007	510	con	con	linguistic	none	_	_	_	_	_	_
510-4	PSB007	510	°con	con	linguistic	none	Volume=low	_	_	_	_	_
510-5	PSB007	510	ambasciata	ambasciata	linguistic	none	Volume=low	_	_	_	_	_
510-6	PSB007	510	oppure	oppure	linguistic	none	Volume=low	_	_	_	_	_
510-7	PSB007	510	con	con	linguistic	none	Volume=low	_	_	_	_	_
510-8	PSB007	510	istituto,°	istituto	linguistic	none	Intonation=weakly_rising|Volume=low	End=1858.515	_	_	_	_
511-0	PSB007	511	<CHI>	chi	linguistic	none	Volume=high	Begin=1860.093	_	Slow=0-3(0)	_	_
511-1	PSB007	511	gestisce	gestisce	linguistic	none	_	_	_	_	_	_
511-2	PSB007	511	questo	questo	linguistic	none	_	End=1862.0	_	_	_	_
512-0	PSB005	512	mhmh	mhmh	linguistic	none	_	Begin=1862.526|End=1862.959	_	_	_	_
513-0	PSB007	513	evento	evento	linguistic	none	_	Begin=1862.969|End=1863.577	_	_	_	_
514-0	PSB007	514	chi	chi	linguistic	none	_	Begin=1864.546	_	_	_	_
514-1	PSB007	514	sono	sono	linguistic	none	_	_	_	_	_	_
514-2	PSB007	514	le	le	linguistic	none	_	_	_	_	_	_
514-3	PSB007	514	persone	persone	linguistic	none	_	End=1865.876	_	_	_	_
515-0	PSB007	515	quindi	quindi	linguistic	none	_	Begin=1866.258	_	_	_	_
515-1	PSB007	515	tu	tu	linguistic	none	_	_	_	_	_	_
515-2	PSB007	515	devi	devi	linguistic	none	_	_	_	_	_	_
515-3	PSB007	515	trovare	trovare	linguistic	none	_	_	_	_	_	_
515-4	PSB007	515	un	un	linguistic	none	_	_	_	_	_	_
515-5	PSB007	515	respolsa~	respolsa~	linguistic	none	Interrupted=Yes	_	_	_	_	_
515-6	PSB007	515	un	un	linguistic	none	_	_	_	_	_	_
515-7	PSB007	515	responsabile	responsabile	linguistic	none	_	_	_	_	_	_
515-8	PSB007	515	i::n	in	linguistic	none	_	End=1869.825	0x2	_	_	_
516-0	PSB007	516	non	non	linguistic	none	_	Begin=1870.165	_	_	_	_
516-1	PSB007	516	lo	lo	linguistic	none	_	_	_	_	_	_
516-2	PSB007	516	so	so	linguistic	none	_	_	_	_	_	_
516-3	PSB007	516	ufficio	ufficio	linguistic	none	_	_	_	_	_	_
516-4	PSB007	516	per	per	linguistic	none	_	_	_	_	_	_
516-5	PSB007	516	le	le	linguistic	none	_	_	_	_	_	_
516-6	PSB007	516	relazioni	relazioni	linguistic	none	_	_	_	_	_	_
516-7	PSB007	516	internazionali,	internazionali	linguistic	none	Intonation=weakly_rising	End=1872.423	_	_	_	_
517-0	PSB007	517	e:h	eh	linguistic	none	_	Begin=1874.031|End=1874.763	0x1	_	_	_
518-0	PSB007	518	sì	sì	linguistic	none	_	Begin=1875.082	_	_	_	_
518-1	PSB007	518	si	si	linguistic	none	_	_	_	_	_	_
518-2	PSB007	518	può	può	linguistic	none	_	_	_	_	_	_
518-3	PSB007	518	fare	fare	linguistic	none	_	_	_	_	_	_
518-4	PSB007	518	una	una	linguistic	none	_	_	_	_	_	_
518-5	PSB007	518	volta	volta	linguistic	none	_	_	_	_	_	_
518-6	PSB007	518	due	due	linguistic	none	_	_	_	_	_	_
518-7	PSB007	518	volte,	volte	linguistic	none	Intonation=weakly_rising	_	_	_	_	_
518-8	PSB007	518	ma	ma	linguistic	none	_	_	_	_	_	_
518-9	PSB007	518	se	se	linguistic	none	_	_	_	_	_	_
518-10	PSB007	518	vuoi	vuoi	linguistic	none	_	End=1878.443	_	_	_	_
519-0	PSB007	519	una	una	linguistic	none	_	Begin=1879.227	_	_	_	_
519-1	PSB007	519	cosa	cosa	linguistic	none	_	_	_	_	_	_
519-2	PSB007	519	proprio	proprio	linguistic	none	_	_	_	_	_	_
519-3	PSB007	519	grossa	grossa	linguistic	none	_	_	_	_	_	_
519-4	PSB007	519	<gran[de>]	grande	linguistic	none	_	End=1881.443	_	Slow=0-6(0)	_	4-6(68)
520-0	PSB005	520	[mhmh]	mhmh	linguistic	none	_	Begin=1881.165|End=1881.433	_	_	_	0-4(68)
521-0	PSB007	521	che	che	linguistic	none	_	Begin=1881.825	_	_	_	_
521-1	PSB007	521	funziona	funziona	linguistic	none	_	_	_	_	_	_
521-2	PSB007	521	molto	molto	linguistic	none	_	_	_	_	_	_
521-3	PSB007	521	bene	bene	linguistic	none	_	_	_	_	_	_
521-4	PSB007	521	e:	e	linguistic	none	_	_	0x1	_	_	_
521-5	PSB007	521	non	non	linguistic	none	_	_	_	_	_	_
521-6	PSB007	521	funziona	funziona	linguistic	none	_	_	_	_	_	_
521-7	PSB007	521	ogni	ogni	linguistic	none	_	_	_	_	_	_
521-8	PSB007	521	tanto:,	tanto	linguistic	none	Intonation=weakly_rising	End=1886.093	4x1	_	_	_
522-0	PSB007	522	tipo::	tipo	linguistic	none	_	Begin=1887.237	3x2	_	_	_
522-1	PSB007	522	due	due	linguistic	none	_	_	_	_	_	_
522-2	PSB007	522	due	due	linguistic	none	_	_	_	_	_	_
522-3	PSB007	522	giorni	giorni	linguistic	none	_	_	_	_	_	_
522-4	PSB007	522	all'	all'	linguistic	none	SpaceAfter=No	_	_	_	_	_
522-5	PSB007	522	anno,	anno	linguistic	none	Intonation=weakly_rising	End=1889.598	_	_	_	_
523-0	PSB007	523	e:h	eh	linguistic	none	_	Begin=1890.01	0x1	_	_	_
523-1	PSB007	523	m:h	mh	linguistic	none	_	End=1891.227	0x1	_	_	_
524-0	PSB007	524	dobbiamo	dobbiamo	linguistic	none	_	Begin=1892.268	_	_	_	_
524-1	PSB007	524	avere	avere	linguistic	none	_	_	_	_	_	_
524-2	PSB007	524	il	il	linguistic	none	_	_	_	_	_	_
524-3	PSB007	524	personale,	personale	linguistic	none	Intonation=weakly_rising	End=1893.783	_	_	_	_
525-0	PSB005	525	mhmh	mhmh	linguistic	none	_	Begin=1893.814|End=1894.278	_	_	_	_
526-0	PSB007	526	ecco	ecco	linguistic	none	_	Begin=1895.66|End=1896.237	_	_	_	_
527-0	PSB007	527	quindi:	quindi	linguistic	none	_	Begin=1896.649	5x1	_	_	_
527-1	PSB007	527	e:h	eh	linguistic	none	_	End=1898.031	0x1	_	_	_
528-0	PSB007	528	mh	mh	linguistic	none	_	Begin=1899.629	_	_	_	_
528-1	PSB007	528	sì	sì	linguistic	none	_	_	_	_	_	_
528-2	PSB007	528	è:	è	linguistic	none	_	_	0x1	_	_	_
528-3	PSB007	528	molto	molto	linguistic	none	_	_	_	_	_	_
528-4	PSB007	528	molto	molto	linguistic	none	_	_	_	_	_	_
528-5	PSB007	528	chiaro	chiaro	linguistic	none	_	_	_	_	_	_
528-6	PSB007	528	perché::	perché	linguistic	none	_	_	5x2	_	_	_
528-7	PSB007	528	è	è	linguistic	none	_	_	_	_	_	_
528-8	PSB007	528	arrivata	arrivata	linguistic	none	_	_	_	_	_	_
528-9	PSB007	528	questa	questa	linguistic	none	_	_	_	_	_	_
528-10	PSB007	528	neccesità	neccesità	linguistic	none	_	_	_	_	_	_
528-11	PSB007	528	di:	di	linguistic	none	_	_	1x1	_	_	_
528-12	PSB007	528	aprire	aprire	linguistic	none	_	_	_	_	_	_
528-13	PSB007	528	un	un	linguistic	none	_	_	_	_	_	_
528-14	PSB007	528	centro	centro	linguistic	none	_	_	_	_	_	_
528-15	PSB007	528	italiano:	italiano	linguistic	none	_	End=1906.134	7x1	_	_	_
529-0	PSB007	529	e::h	eh	linguistic	none	_	Begin=1906.639	0x2	_	_	_
529-1	PSB007	529	m:h	mh	linguistic	none	_	End=1908.031	0x1	_	_	_
530-0	PSB007	530	devo	devo	linguistic	none	_	Begin=1909.66	_	_	_	_
530-1	PSB007	530	dire	dire	linguistic	none	_	_	_	_	_	_
530-2	PSB007	530	che	che	linguistic	none	_	_	_	_	_	_
530-3	PSB007	530	<non>	non	linguistic	none	_	_	_	Slow=0-3(0)	_	_
530-4	PSB007	530	era	era	linguistic	none	_	_	_	_	_	_
530-5	PSB007	530	l'	l'	linguistic	none	SpaceAfter=No	_	_	_	_	_
530-6	PSB007	530	unico	unico	linguistic	none	_	_	_	_	_	_
530-7	PSB007	530	centro:	centro	linguistic	none	_	_	5x1	_	_	_
530-8	PSB007	530	e:h	eh	linguistic	none	_	End=1913.454	0x1	_	_	_
531-0	PSB007	531	che	che	linguistic	none	_	Begin=1915.907	_	_	_	_
531-1	PSB007	531	si	si	linguistic	none	_	_	_	_	_	_
531-2	PSB007	531	occupa	occupa	linguistic	none	_	_	_	_	_	_
531-3	PSB007	531	delle	delle	linguistic	none	_	_	_	_	_	_
531-4	PSB007	531	relazioni	relazioni	linguistic	none	_	_	_	_	_	_
531-5	PSB007	531	con	con	linguistic	none	_	_	_	_	_	_
531-6	PSB007	531	qualche	qualche	linguistic	none	_	_	_	_	_	_
531-7	PSB007	531	{P}	{P}	shortpause	none	_	_	_	_	_	_
531-8	PSB007	531	paese	paese	linguistic	none	_	_	_	_	_	_
531-9	PSB007	531	specializzato	specializzato	linguistic	none	_	_	_	_	_	_
531-10	PSB007	531	{P}	{P}	shortpause	none	_	_	_	_	_	_
531-11	PSB007	531	eh	eh	linguistic	none	_	_	_	_	_	_
531-12	PSB007	531	all'	all'	linguistic	none	SpaceAfter=No	_	_	_	_	_
531-13	PSB007	531	università	università	linguistic	none	_	_	_	_	_	_
531-14	PSB007	531	°@nomeluogo°,	@nomeluogo,	linguistic	none	Volume=low	End=1922.185	_	_	_	_
532-0	PSB007	532	eh	eh	linguistic	none	_	Begin=1922.567	_	_	_	_
532-1	PSB007	532	noi	noi	linguistic	none	_	_	_	_	_	_
532-2	PSB007	532	abbiamo	abbiamo	linguistic	none	_	_	_	_	_	_
532-3	PSB007	532	avuto	avuto	linguistic	none	_	_	_	_	_	_
532-4	PSB007	532	anche	anche	linguistic	none	_	_	_	_	_	_
532-5	PSB007	532	centro	centro	linguistic	none	_	_	_	_	_	_
532-6	PSB007	532	tedesco,	tedesco	linguistic	none	Intonation=weakly_rising	_	_	_	_	_
532-7	PSB007	532	centro	centro	linguistic	none	_	_	_	_	_	_
532-8	PSB007	532	polacco,	polacco	linguistic	none	Intonation=weakly_rising	_	_	_	_	_
532-9	PSB007	532	centro	centro	linguistic	none	_	_	_	_	_	_
532-10	PSB007	532	e:h	eh	linguistic	none	_	_	0x1	_	_	_
532-11	PSB007	532	{P}	{P}	shortpause	none	_	_	_	_	_	_
532-12	PSB007	532	israeliano:,	israeliano	linguistic	none	Intonation=weakly_rising	End=1929.783	9x1	_	_	_
533-0	PSB007	533	eh	eh	linguistic	none	_	Begin=1930.021	_	_	_	_
533-1	PSB007	533	quindi	quindi	linguistic	none	_	_	_	_	_	_
533-2	PSB007	533	c'	c'	linguistic	none	SpaceAfter=No	_	_	_	_	_
533-3	PSB007	533	erano:	erano	linguistic	none	_	_	4x1	_	_	_
533-4	PSB007	533	{P}[]	{P}	shortpause	none	_	_	_	_	_	0-3(69)
533-5	PSB007	533	tantissimi	tantissimi	linguistic	none	_	_	_	_	_	_
533-6	PSB007	533	centri	centri	linguistic	none	_	End=1932.639	_	_	_	_
534-0	PSB005	534	[mhmh]	mhmh	linguistic	none	_	Begin=1931.361|End=1931.691	_	_	_	0-4(69)
535-0	PSB007	535	e::	e	linguistic	none	_	Begin=1933.567	0x2	_	_	_
535-1	PSB007	535	m::h	mh	linguistic	none	_	End=1934.711	0x2	_	_	_
536-0	PSB007	536	eh	eh	linguistic	none	_	Begin=1935.34	_	_	_	_
536-1	PSB007	536	sì,	sì	linguistic	none	Intonation=weakly_rising	End=1935.928	_	_	_	_
537-0	PSB007	537	e	e	linguistic	none	_	Begin=1936.567	_	_	_	_
537-1	PSB007	537	quindi	quindi	linguistic	none	_	_	_	_	_	_
537-2	PSB007	537	[e	e	linguistic	none	_	_	_	_	_	0-1(70)
537-3	PSB007	537	così]	così	linguistic	none	_	End=1937.557	_	_	_	0-4(70)
538-0	PSB005	538	[e	e	linguistic	none	_	Begin=1937.185	_	_	_	0-1(70)
538-1	PSB005	538	quindi]	quindi	linguistic	none	_	_	_	_	_	0-6(70)
538-2	PSB005	538	da	da	linguistic	none	_	_	_	_	_	_
538-3	PSB005	538	<zero>	zero	linguistic	none	_	_	_	Slow=0-4(0)	_	_
538-4	PSB005	538	tu	tu	linguistic	none	_	_	_	_	_	_
538-5	PSB005	538	sei	sei	linguistic	none	_	_	_	_	_	_
538-6	PSB005	538	diventata	diventata	linguistic	none	_	_	_	_	_	_
538-7	PSB005	538	la	la	linguistic	none	_	_	_	_	_	_
538-8	PSB005	538	direttrice	direttrice	linguistic	none	_	_	_	_	_	_
538-9	PSB005	538	del:	del	linguistic	none	_	_	2x1	_	_	_
538-10	PSB005	538	del	del	linguistic	none	_	_	_	_	_	_
538-11	PSB005	538	centro	centro	linguistic	none	_	End=1941.258	_	_	_	_
539-0	PSB005	539	perché	perché	linguistic	none	_	Begin=1941.35	_	_	_	_
539-1	PSB005	539	il	il	linguistic	none	_	_	_	_	_	_
539-2	PSB005	539	centro	centro	linguistic	none	_	_	_	_	_	_
539-3	PSB005	539	non	non	linguistic	none	_	_	_	_	_	_
539-4	PSB005	539	esisteva:	esisteva	linguistic	none	_	_	7x1	_	_	_
539-5	PSB005	539	giusto?	giusto	linguistic	none	Intonation=rising	End=1943.35	_	_	_	_
540-0	PSB007	540	no	no	linguistic	none	_	Begin=1943.361	_	_	_	_
540-1	PSB007	540	il	il	linguistic	none	_	_	_	_	_	_
540-2	PSB007	540	centro	centro	linguistic	none	_	_	_	_	_	_
540-3	PSB007	540	[non	non	linguistic	none	_	_	_	_	_	0-3(71)
540-4	PSB007	540	e]sisteva:	esisteva	linguistic	none	_	_	7x1	_	_	0-1(71)
540-5	PSB007	540	e:	e	linguistic	none	_	_	0x1	_	_	_
540-6	PSB007	540	{ride}	{ride}	nonverbalbehavior	none	_	_	_	_	_	_
540-7	PSB007	540	non	non	linguistic	none	_	_	_	_	_	_
540-8	PSB007	540	non	non	linguistic	none	_	_	_	_	_	_
540-9	PSB007	540	c'	c'	linguistic	none	SpaceAfter=No	_	_	_	_	_
540-10	PSB007	540	era	era	linguistic	none	_	_	_	_	_	_
540-11	PSB007	540	ne~	ne~	linguistic	none	Interrupted=Yes	_	_	_	_	_
540-12	PSB007	540	non	non	linguistic	none	_	_	_	_	_	_
540-13	PSB007	540	c'	c'	linguistic	none	SpaceAfter=No	_	_	_	_	_
540-14	PSB007	540	erano	erano	linguistic	none	_	_	_	_	_	_
540-15	PSB007	540	le	le	linguistic	none	_	_	_	_	_	_
540-16	PSB007	540	persone::,	persone	linguistic	none	Intonation=weakly_rising	End=1948.577	6x2	_	_	_
541-0	PSB005	541	[sì]	sì	linguistic	none	_	Begin=1944.216|End=1944.412	_	_	_	0-2(71)
542-0	PSB007	542	e:	e	linguistic	none	_	Begin=1948.907	0x1	_	_	_
542-1	PSB007	542	quindi::	quindi	linguistic	none	_	_	5x2	_	_	_
542-2	PSB007	542	sì::	sì	linguistic	none	_	_	1x2	_	_	_
542-3	PSB007	542	io	io	linguistic	none	_	_	_	_	_	_
542-4	PSB007	542	devo	devo	linguistic	none	_	_	_	_	_	_
542-5	PSB007	542	trovare:	trovare	linguistic	none	_	_	6x1	_	_	_
542-6	PSB007	542	anche	anche	linguistic	none	_	_	_	_	_	_
542-7	PSB007	542	le	le	linguistic	none	_	_	_	_	_	_
542-8	PSB007	542	persone:,	persone	linguistic	none	Intonation=weakly_rising	_	6x1	_	_	_
542-9	PSB007	542	che	che	linguistic	none	_	_	_	_	_	_
542-10	PSB007	542	>vogliono,	vogliono	linguistic	none	Intonation=weakly_rising	_	_	Fast=0-8(0)	_	_
542-11	PSB007	542	che	che	linguistic	none	_	_	_	Fast=0-3(0)	_	_
542-12	PSB007	542	possono<,	possono	linguistic	none	Intonation=weakly_rising	_	_	Fast=0-7(0)	_	_
542-13	PSB007	542	lavorare	lavorare	linguistic	none	_	_	_	_	_	_
542-14	PSB007	542	lì:,	lì	linguistic	none	Intonation=weakly_rising	End=1954.887	1x1	_	_	_
543-0	PSB007	543	e:h	eh	linguistic	none	_	Begin=1955.165	0x1	_	_	_
543-1	PSB007	543	m:h	mh	linguistic	none	_	_	0x1	_	_	_
543-2	PSB007	543	che	che	linguistic	none	_	_	_	_	_	_
543-3	PSB007	543	possono	possono	linguistic	none	_	_	_	_	_	_
543-4	PSB007	543	insegnare	insegnare	linguistic	none	_	_	_	_	_	_
543-5	PSB007	543	la	la	linguistic	none	_	_	_	_	_	_
543-6	PSB007	543	lingua:,	lingua	linguistic	none	Intonation=weakly_rising	_	5x1	_	_	_
543-7	PSB007	543	perché	perché	linguistic	none	_	_	_	_	_	_
543-8	PSB007	543	ovviamente	ovviamente	linguistic	none	_	_	_	_	_	_
543-9	PSB007	543	ogni	ogni	linguistic	none	_	_	_	_	_	_
543-10	PSB007	543	centro	centro	linguistic	none	_	_	_	_	_	_
543-11	PSB007	543	lingui~	lingui~	linguistic	none	Interrupted=Yes	_	_	_	_	_
543-12	PSB007	543	centro:	centro	linguistic	none	_	End=1960.526	5x1	_	_	_
544-0	PSB007	544	anche	anche	linguistic	none	_	Begin=1960.722	_	_	_	_
544-1	PSB007	544	se	se	linguistic	none	_	_	_	_	_	_
544-2	PSB007	544	non	non	linguistic	none	_	_	_	_	_	_
544-3	PSB007	544	è	è	linguistic	none	_	_	_	_	_	_
544-4	PSB007	544	centro	centro	linguistic	none	_	_	_	_	_	_
544-5	PSB007	544	<linguistico>	linguistico	linguistic	none	_	_	_	Slow=0-11(0)	_	_
544-6	PSB007	544	specializzato,	specializzato	linguistic	none	Intonation=weakly_rising	_	_	_	_	_
544-7	PSB007	544	anche	anche	linguistic	none	_	_	_	_	_	_
544-8	PSB007	544	se	se	linguistic	none	_	_	_	_	_	_
544-9	PSB007	544	parliamo	parliamo	linguistic	none	_	_	_	_	_	_
544-10	PSB007	544	dei	dei	linguistic	none	_	_	_	_	_	_
544-11	PSB007	544	cent~	cent~	linguistic	none	Interrupted=Yes	_	_	_	_	_
544-12	PSB007	544	[dei	dei	linguistic	none	_	_	_	_	_	0-3(72)
544-13	PSB007	544	c]entro	centro	linguistic	none	_	_	_	_	_	0-1(72)
544-14	PSB007	544	accademico	accademico	linguistic	none	_	_	_	_	_	_
544-15	PSB007	544	universitario,	universitario	linguistic	none	Intonation=weakly_rising	End=1967.454	_	_	_	_
545-0	PSB005	545	[mhmh]	mhmh	linguistic	none	_	Begin=1965.103|End=1965.361	_	_	_	0-4(72)
546-0	PSB007	546	ma	ma	linguistic	none	_	Begin=1967.773	_	_	_	_
546-1	PSB007	546	un'	un'	linguistic	none	SpaceAfter=No	_	_	_	_	_
546-2	PSB007	546	<opzione>	opzione	linguistic	none	_	_	_	Slow=0-7(0)	_	_
546-3	PSB007	546	che::	che	linguistic	none	_	_	2x2	_	_	_
546-4	PSB007	546	può	può	linguistic	none	_	_	_	_	_	_
546-5	PSB007	546	<fare>	fare	linguistic	none	_	_	_	Slow=0-4(1)	_	_
546-6	PSB007	546	questo	questo	linguistic	none	_	_	_	_	_	_
546-7	PSB007	546	centro	centro	linguistic	none	_	_	_	_	_	_
546-8	PSB007	546	ovviamente	ovviamente	linguistic	none	_	_	_	_	_	_
546-9	PSB007	546	è	è	linguistic	none	_	_	_	_	_	_
546-10	PSB007	546	insegnamento	insegnamento	linguistic	none	_	_	_	_	_	_
546-11	PSB007	546	della	della	linguistic	none	_	_	_	_	_	_
546-12	PSB007	546	lingua:,	lingua	linguistic	none	Intonation=weakly_rising	End=1973.371	5x1	_	_	_
547-0	PSB007	547	quindi::	quindi	linguistic	none	_	Begin=1974.227	5x2	_	_	_
547-1	PSB007	547	{P}	{P}	shortpause	none	_	_	_	_	_	_
547-2	PSB007	547	c'	c'	linguistic	none	SpaceAfter=No	_	_	_	_	_
547-3	PSB007	547	è	è	linguistic	none	_	_	_	_	_	_
547-4	PSB007	547	sempre	sempre	linguistic	none	_	_	_	_	_	_
547-5	PSB007	547	la	la	linguistic	none	_	_	_	_	_	_
547-6	PSB007	547	necessità	necessità	linguistic	none	_	_	_	_	_	_
547-7	PSB007	547	di	di	linguistic	none	_	_	_	_	_	_
547-8	PSB007	547	trovare	trovare	linguistic	none	_	_	_	_	_	_
547-9	PSB007	547	un	un	linguistic	none	_	_	_	_	_	_
547-10	PSB007	547	insegnante,	insegnante	linguistic	none	Intonation=weakly_rising	_	_	_	_	_
547-11	PSB007	547	una	una	linguistic	none	_	_	_	_	_	_
547-12	PSB007	547	brava	brava	linguistic	none	_	_	_	_	_	_
547-13	PSB007	547	professoressa,	professoressa	linguistic	none	Intonation=weakly_rising	End=1980.113	_	_	_	_
548-0	PSB007	548	e:h	eh	linguistic	none	_	Begin=1980.536	0x1	_	_	_
548-1	PSB007	548	di	di	linguistic	none	_	_	_	_	_	_
548-2	PSB007	548	solito	solito	linguistic	none	_	_	_	_	_	_
548-3	PSB007	548	c'	c'	linguistic	none	SpaceAfter=No	_	_	_	_	_
548-4	PSB007	548	è:	è	linguistic	none	_	_	0x1	_	_	_
548-5	PSB007	548	la	la	linguistic	none	_	_	_	_	_	_
548-6	PSB007	548	necessità::	necessità	linguistic	none	_	_	8x2	_	_	_
548-7	PSB007	548	e:h	eh	linguistic	none	_	_	0x1	_	_	_
548-8	PSB007	548	m:h	mh	linguistic	none	_	_	0x1	_	_	_
548-9	PSB007	548	dei::	dei	linguistic	none	_	_	2x2	_	_	_
548-10	PSB007	548	interpreti,	interpreti	linguistic	none	Intonation=weakly_rising	End=1986.412	_	_	_	_
549-0	PSB007	549	traduttori,	traduttori	linguistic	none	Intonation=weakly_rising	Begin=1988.371	_	_	_	_
549-1	PSB007	549	ovviamente	ovviamente	linguistic	none	_	End=1990.051	_	_	_	_
550-0	PSB007	550	e:h	eh	linguistic	none	_	Begin=1990.618	0x1	_	_	_
550-1	PSB007	550	perché	perché	linguistic	none	_	_	_	_	_	_
550-2	PSB007	550	quando::	quando	linguistic	none	_	_	5x2	_	_	_
550-3	PSB007	550	quando	quando	linguistic	none	_	_	_	_	_	_
550-4	PSB007	550	facciamo	facciamo	linguistic	none	_	_	_	_	_	_
550-5	PSB007	550	una	una	linguistic	none	_	_	_	_	_	_
550-6	PSB007	550	conferenza,	conferenza	linguistic	none	Intonation=weakly_rising	_	_	_	_	_
550-7	PSB007	550	un	un	linguistic	none	_	_	_	_	_	_
550-8	PSB007	550	convegno,	convegno	linguistic	none	Intonation=weakly_rising	_	_	_	_	_
550-9	PSB007	550	e:h	eh	linguistic	none	_	_	0x1	_	_	_
550-10	PSB007	550	quando	quando	linguistic	none	_	_	_	_	_	_
550-11	PSB007	550	viene	viene	linguistic	none	_	_	_	_	_	_
550-12	PSB007	550	un	un	linguistic	none	_	_	_	_	_	_
550-13	PSB007	550	professore	professore	linguistic	none	_	_	_	_	_	_
550-14	PSB007	550	italiano,	italiano	linguistic	none	Intonation=weakly_rising	_	_	_	_	_
550-15	PSB007	550	che	che	linguistic	none	_	_	_	_	_	_
550-16	PSB007	550	magari	magari	linguistic	none	_	_	_	_	_	_
550-17	PSB007	550	non	non	linguistic	none	_	_	_	_	_	_
550-18	PSB007	550	parla	parla	linguistic	none	_	_	_	_	_	_
550-19	PSB007	550	sempre	sempre	linguistic	none	_	_	_	_	_	_
550-20	PSB007	550	molto	molto	linguistic	none	_	_	_	_	_	_
550-21	PSB007	550	bene	bene	linguistic	none	_	_	_	_	_	_
550-22	PSB007	550	inglese,	inglese	linguistic	none	Intonation=weakly_rising	End=2001.484	_	_	_	_
551-0	PSB007	551	°dobbiamo	dobbiamo	linguistic	none	Volume=low	Begin=2001.794	_	_	_	_
551-1	PSB007	551	parlare	parlare	linguistic	none	Volume=low	_	_	_	_	_
551-2	PSB007	551	italiano°	italiano	linguistic	none	Volume=low	_	_	_	_	_
551-3	PSB007	551	quindi	quindi	linguistic	none	_	_	_	_	_	_
551-4	PSB007	551	sì	sì	linguistic	none	_	End=2003.856	_	_	_	_
552-0	PSB007	552	deve	deve	linguistic	none	_	Begin=2004.103	_	_	_	_
552-1	PSB007	552	essere	essere	linguistic	none	_	_	_	_	_	_
552-2	PSB007	552	anche:	anche	linguistic	none	_	_	4x1	_	_	_
552-3	PSB007	552	traduttore,	traduttore	linguistic	none	Intonation=weakly_rising	_	_	_	_	_
552-4	PSB007	552	traduttrice:,	traduttrice	linguistic	none	Intonation=weakly_rising	End=2006.763	10x1	_	_	_
553-0	PSB007	553	MA	ma	linguistic	none	Volume=high	Begin=2007.01	_	_	_	_
553-1	PSB007	553	comunque	comunque	linguistic	none	_	_	_	_	_	_
553-2	PSB007	553	parliamo	parliamo	linguistic	none	_	_	_	_	_	_
553-3	PSB007	553	dello	dello	linguistic	none	_	_	_	_	_	_
553-4	PSB007	553	staff	staff	linguistic	none	_	End=2009.268	_	_	_	_
554-0	PSB005	554	mh[mh]	mhmh	linguistic	none	_	Begin=2009.412|End=2009.752	_	_	_	2-4(73)
555-0	PSB007	555	[sì]	sì	linguistic	none	_	Begin=2009.639|End=2009.866	_	_	_	0-2(73)
556-0	PSB005	556	e	e	linguistic	none	_	Begin=2009.887	_	_	_	_
556-1	PSB005	556	che	che	linguistic	none	_	_	_	_	_	_
556-2	PSB005	556	tipo	tipo	linguistic	none	_	_	_	_	_	_
556-3	PSB005	556	di	di	linguistic	none	_	_	_	_	_	_
556-4	PSB005	556	eventi	eventi	linguistic	none	_	_	_	_	_	_
556-5	PSB005	556	organizzavate?	organizzavate	linguistic	none	Intonation=rising	End=2012.35	_	_	_	_
557-0	PSB005	557	cioè	cioè	linguistic	none	_	Begin=2012.66	_	_	_	_
557-1	PSB005	557	non	non	linguistic	none	_	_	_	_	_	_
557-2	PSB005	557	so	so	linguistic	none	_	_	_	_	_	_
557-3	PSB005	557	se	se	linguistic	none	_	_	_	_	_	_
557-4	PSB005	557	te	te	linguistic	none	_	_	_	_	_	_
557-5	PSB005	557	ne	ne	linguistic	none	_	_	_	_	_	_
557-6	PSB005	557	ricordi	ricordi	linguistic	none	_	_	_	_	_	_
557-7	PSB005	557	uno	uno	linguistic	none	_	_	_	_	_	_
557-8	PSB005	557	in	in	linguistic	none	_	_	_	_	_	_
557-9	PSB005	557	particolare	particolare	linguistic	none	_	_	_	_	_	_
557-10	PSB005	557	che	che	linguistic	none	_	_	_	_	_	_
557-11	PSB005	557	{P}	{P}	shortpause	none	_	_	_	_	_	_
557-12	PSB005	557	che	che	linguistic	none	_	_	_	_	_	_
557-13	PSB005	557	è	è	linguistic	none	_	_	_	_	_	_
557-14	PSB005	557	stato	stato	linguistic	none	_	_	_	_	_	_
557-15	PSB005	557	molto	molto	linguistic	none	_	_	_	_	_	_
557-16	PSB005	557	interessante	interessante	linguistic	none	_	_	_	_	_	_
557-17	PSB005	557	per	per	linguistic	none	_	_	_	_	_	_
557-18	PSB005	557	te:,	te	linguistic	none	Intonation=weakly_rising	End=2017.68	1x1	_	_	_
558-0	PSB007	558	e:h	eh	linguistic	none	_	Begin=2017.68	0x1	_	_	_
558-1	PSB007	558	m:h	mh	linguistic	none	_	_	0x1	_	_	_
558-2	PSB007	558	allora	allora	linguistic	none	_	_	_	_	_	_
558-3	PSB007	558	per	per	linguistic	none	_	_	_	_	_	_
558-4	PSB007	558	esempio	esempio	linguistic	none	_	_	_	_	_	_
558-5	PSB007	558	l'	l'	linguistic	none	SpaceAfter=No	_	_	_	_	_
558-6	PSB007	558	ultimo	ultimo	linguistic	none	_	_	_	_	_	_
558-7	PSB007	558	era::	era	linguistic	none	_	End=2021.31	2x2	_	_	_
559-0	PSB007	559	m::h	mh	linguistic	none	_	Begin=2021.91	0x2	_	_	_
559-1	PSB007	559	eh	eh	linguistic	none	_	_	_	_	_	_
559-2	PSB007	559	l'	l'	linguistic	none	SpaceAfter=No	_	_	_	_	_
559-3	PSB007	559	evento	evento	linguistic	none	_	_	_	_	_	_
559-4	PSB007	559	dedicato::	dedicato	linguistic	none	_	_	7x2	_	_	_
559-5	PSB007	559	e::h	eh	linguistic	none	_	End=2025.87	0x2	_	_	_
560-0	PSB007	560	alla	alla	linguistic	none	_	Begin=2026.77	_	_	_	_
560-1	PSB007	560	giornata	giornata	linguistic	none	_	_	_	_	_	_
560-2	PSB007	560	della	della	linguistic	none	_	_	_	_	_	_
560-3	PSB007	560	ricerca:,	ricerca	linguistic	none	Intonation=weakly_rising	End=2029.6	6x1	_	_	_
561-0	PSB007	561	e:h	eh	linguistic	none	_	Begin=2030.44	0x1	_	_	_
561-1	PSB007	561	mondiale,	mondiale	linguistic	none	Intonation=weakly_rising	_	_	_	_	_
561-2	PSB007	561	mi	mi	linguistic	none	_	_	_	_	_	_
561-3	PSB007	561	sembra	sembra	linguistic	none	_	_	_	_	_	_
561-4	PSB007	561	>che	che	linguistic	none	_	_	_	Fast=0-3(0)	_	_
561-5	PSB007	561	così	così	linguistic	none	_	_	_	Fast=0-4(0)	_	_
561-6	PSB007	561	si	si	linguistic	none	_	_	_	Fast=0-2(0)	_	_
561-7	PSB007	561	chiama	chiama	linguistic	none	_	_	_	Fast=0-6(0)	_	_
561-8	PSB007	561	così<	così	linguistic	none	_	_	_	Fast=0-4(0)	_	_
561-9	PSB007	561	giornata	giornata	linguistic	none	_	_	_	_	_	_
561-10	PSB007	561	della	della	linguistic	none	_	_	_	_	_	_
561-11	PSB007	561	ricerca	ricerca	linguistic	none	_	_	_	_	_	_
561-12	PSB007	561	italiana	italiana	linguistic	none	_	_	_	_	_	_
561-13	PSB007	561	mondiale,	mondiale	linguistic	none	Intonation=weakly_rising	_	_	_	_	_
561-14	PSB007	561	oppure	oppure	linguistic	none	_	_	_	_	_	_
561-15	PSB007	561	giornata	giornata	linguistic	none	_	_	_	_	_	_
561-16	PSB007	561	della	della	linguistic	none	_	_	_	_	_	_
561-17	PSB007	561	ricerca::	ricerca	linguistic	none	_	End=2037.55	6x2	_	_	_
562-0	PSB007	562	e:h	eh	linguistic	none	_	Begin=2037.91	0x1	_	_	_
562-1	PSB007	562	sì	sì	linguistic	none	_	_	_	_	_	_
562-2	PSB007	562	italiana	italiana	linguistic	none	_	End=2039.73	_	_	_	_
563-0	PSB005	563	mh	mh	linguistic	none	_	Begin=2040.18|End=2040.65	_	_	_	_
564-0	PSB007	564	e::	e	linguistic	none	_	Begin=2041.34	0x2	_	_	_
564-1	PSB007	564	quindi	quindi	linguistic	none	_	_	_	_	_	_
564-2	PSB007	564	abbiamo	abbiamo	linguistic	none	_	_	_	_	_	_
564-3	PSB007	564	creato	creato	linguistic	none	_	_	_	_	_	_
564-4	PSB007	564	un	un	linguistic	none	_	_	_	_	_	_
564-5	PSB007	564	grande:	grande	linguistic	none	_	End=2045.18	5x1	_	_	_
565-0	PSB007	565	m:h	mh	linguistic	none	_	Begin=2046.25	0x1	_	_	_
565-1	PSB007	565	convegno	convegno	linguistic	none	_	_	_	_	_	_
565-2	PSB007	565	internazionale,	internazionale	linguistic	none	Intonation=weakly_rising	End=2048.57	_	_	_	_
566-0	PSB007	566	e:h	eh	linguistic	none	_	Begin=2050.08	0x1	_	_	_
566-1	PSB007	566	si	si	linguistic	none	_	_	_	_	_	_
566-2	PSB007	566	chiamava	chiamava	linguistic	none	_	_	_	_	_	_
566-3	PSB007	566	leonardo	leonardo	linguistic	none	_	_	_	_	_	_
566-4	PSB007	566	da	da	linguistic	none	_	_	_	_	_	_
566-5	PSB007	566	vinci	vinci	linguistic	none	_	_	_	_	_	_
566-6	PSB007	566	e	e	linguistic	none	_	_	_	_	_	_
566-7	PSB007	566	la	la	linguistic	none	_	_	_	_	_	_
566-8	PSB007	566	luna,	luna	linguistic	none	Intonation=weakly_rising	End=2053.45	_	_	_	_
567-0	PSB005	567	okay	okay	linguistic	none	_	Begin=2053.53|End=2054.06	_	_	_	_
568-0	PSB007	568	{ride}	{ride}	nonverbalbehavior	none	_	Begin=2054.08	_	_	_	_
568-1	PSB007	568	quindi	quindi	linguistic	none	_	_	_	_	_	_
568-2	PSB007	568	abbiamo	abbiamo	linguistic	none	_	_	_	_	_	_
568-3	PSB007	568	unito	unito	linguistic	none	_	_	_	_	_	_
568-4	PSB007	568	due	due	linguistic	none	_	_	_	_	_	_
568-5	PSB007	568	cose	cose	linguistic	none	_	_	_	_	_	_
568-6	PSB007	568	un	un	linguistic	none	_	_	_	_	_	_
568-7	PSB007	568	po'	po'	linguistic	none	_	_	_	_	_	_
568-8	PSB007	568	diverse,	diverse	linguistic	none	Intonation=weakly_rising	End=2057.61	_	_	_	_
569-0	PSB007	569	e::h	eh	linguistic	none	_	Begin=2058.1	0x2	_	_	_
569-1	PSB007	569	m::h	mh	linguistic	none	_	End=2059.37	0x2	_	_	_
570-0	PSB007	570	per~	per~	linguistic	none	Interrupted=Yes	Begin=2060.38|End=2060.81	_	_	_	_
571-0	PSB007	571	perché	perché	linguistic	none	_	Begin=2061.72	_	_	_	_
571-1	PSB007	571	si	si	linguistic	none	_	_	_	_	_	_
571-2	PSB007	571	chiamava	chiamava	linguistic	none	_	_	_	_	_	_
571-3	PSB007	571	così:,	così	linguistic	none	Intonation=weakly_rising	End=2063.14	3x1	_	_	_
572-0	PSB007	572	perché:	perché	linguistic	none	_	Begin=2063.19|End=2064.08	5x1	_	_	_
573-0	PSB007	573	era	era	linguistic	none	_	Begin=2064.71	_	_	_	_
573-1	PSB007	573	dedicato:	dedicato	linguistic	none	_	End=2066.07	7x1	_	_	_
574-0	PSB007	574	alla	alla	linguistic	none	_	Begin=2066.2	_	_	_	_
574-1	PSB007	574	scienza:,	scienza	linguistic	none	Intonation=weakly_rising	_	6x1	_	_	_
574-2	PSB007	574	alla	alla	linguistic	none	_	_	_	_	_	_
574-3	PSB007	574	cultura:,	cultura	linguistic	none	Intonation=weakly_rising	End=2068.24	6x1	_	_	_
575-0	PSB007	575	e:h	eh	linguistic	none	_	Begin=2068.63	0x1	_	_	_
575-1	PSB007	575	alla	alla	linguistic	none	_	_	_	_	_	_
575-2	PSB007	575	arte:,	arte	linguistic	none	Intonation=weakly_rising	End=2070.12	3x1	_	_	_
576-0	PSB007	576	un	un	linguistic	none	_	Begin=2071.29	_	_	_	_
576-1	PSB007	576	po'	po'	linguistic	none	_	_	_	_	_	_
576-2	PSB007	576	di	di	linguistic	none	_	_	_	_	_	_
576-3	PSB007	576	tutto:,	tutto	linguistic	none	Intonation=weakly_rising	End=2072.55	4x1	_	_	_
577-0	PSB007	577	e::	e	linguistic	none	_	Begin=2072.76	0x2	_	_	_
577-1	PSB007	577	sono	sono	linguistic	none	_	_	_	_	_	_
577-2	PSB007	577	venuti::	venuti	linguistic	none	_	_	5x2	_	_	_
577-3	PSB007	577	tanti	tanti	linguistic	none	_	_	_	_	_	_
577-4	PSB007	577	professori	professori	linguistic	none	_	_	_	_	_	_
577-5	PSB007	577	italiani:,	italiani	linguistic	none	Intonation=weakly_rising	_	7x1	_	_	_
577-6	PSB007	577	e:h	eh	linguistic	none	_	_	0x1	_	_	_
577-7	PSB007	577	da::	da	linguistic	none	_	End=2078.21	1x2	_	_	_
578-0	PSB007	578	da	da	linguistic	none	_	Begin=2079.67	_	_	_	_
578-1	PSB007	578	napoli:,	napoli	linguistic	none	Intonation=weakly_rising	_	5x1	_	_	_
578-2	PSB007	578	da	da	linguistic	none	_	_	_	_	_	_
578-3	PSB007	578	roma,	roma	linguistic	none	Intonation=weakly_rising	_	_	_	_	_
578-4	PSB007	578	da	da	linguistic	none	_	_	_	_	_	_
578-5	PSB007	578	milano:,	milano	linguistic	none	Intonation=weakly_rising	End=2082.37	5x1	_	_	_
579-0	PSB007	579	da	da	linguistic	none	_	Begin=2082.66	_	_	_	_
579-1	PSB007	579	diverse	diverse	linguistic	none	_	_	_	_	_	_
579-2	PSB007	579	città::	città	linguistic	none	_	_	4x2	_	_	_
579-3	PSB007	579	italiane:,	italiane	linguistic	none	Intonation=weakly_rising	End=2085.02	7x1	_	_	_
580-0	PSB007	580	e::h	eh	linguistic	none	_	Begin=2085.66	0x2	_	_	_
580-1	PSB007	580	m::h	mh	linguistic	none	_	End=2086.8	0x2	_	_	_
581-0	PSB007	581	c'	c'	linguistic	none	SpaceAfter=No	Begin=2087.8	_	_	_	_
581-1	PSB007	581	erano	erano	linguistic	none	_	_	_	_	_	_
581-2	PSB007	581	anche	anche	linguistic	none	_	_	_	_	_	_
581-3	PSB007	581	professori	professori	linguistic	none	_	_	_	_	_	_
581-4	PSB007	581	<UCRAINI>,	ucraini	linguistic	none	Intonation=weakly_rising|Volume=high	End=2090.16	_	Slow=0-7(0)	_	_
582-0	PSB007	582	e	e	linguistic	none	_	Begin=2090.86	_	_	_	_
582-1	PSB007	582	ogni	ogni	linguistic	none	_	_	_	_	_	_
582-2	PSB007	582	professore	professore	linguistic	none	_	_	_	_	_	_
582-3	PSB007	582	fe~	fe~	linguistic	none	Interrupted=Yes	_	_	_	_	_
582-4	PSB007	582	mh	mh	linguistic	none	_	_	_	_	_	_
582-5	PSB007	582	ha	ha	linguistic	none	_	_	_	_	_	_
582-6	PSB007	582	fatto	fatto	linguistic	none	_	_	_	_	_	_
582-7	PSB007	582	un	un	linguistic	none	_	_	_	_	_	_
582-8	PSB007	582	intervento:,	intervento	linguistic	none	Intonation=weakly_rising	End=2094.58	9x1	_	_	_
583-0	PSB007	583	e:h	eh	linguistic	none	_	Begin=2095.15	0x1	_	_	_
583-1	PSB007	583	parlando	parlando	linguistic	none	_	_	_	_	_	_
583-2	PSB007	583	del:	del	linguistic	none	_	End=2097.21	2x1	_	_	_
584-0	PSB007	584	di	di	linguistic	none	_	Begin=2098.11	_	_	_	_
584-1	PSB007	584	un	un	linguistic	none	_	_	_	_	_	_
584-2	PSB007	584	argomento	argomento	linguistic	none	_	_	_	_	_	_
584-3	PSB007	584	interessante,	interessante	linguistic	none	Intonation=weakly_rising	_	_	_	_	_
584-4	PSB007	584	per	per	linguistic	none	_	_	_	_	_	_
584-5	PSB007	584	esempio::	esempio	linguistic	none	_	End=2100.8	6x2	_	_	_
585-0	PSB007	585	e::h	eh	linguistic	none	_	Begin=2101.0	0x2	_	_	_
585-1	PSB007	585	°quando	quando	linguistic	none	Volume=low	_	_	_	_	_
585-2	PSB007	585	è	è	linguistic	none	Volume=low	_	_	_	_	_
585-3	PSB007	585	venuto	venuto	linguistic	none	Volume=low	_	_	_	_	_
585-4	PSB007	585	un	un	linguistic	none	Volume=low	_	_	_	_	_
585-5	PSB007	585	professore°	professore	linguistic	none	Volume=low	_	_	_	_	_
585-6	PSB007	585	da	da	linguistic	none	_	_	_	_	_	_
585-7	PSB007	585	napoli,	napoli	linguistic	none	Intonation=weakly_rising	_	_	_	_	_
585-8	PSB007	585	lui	lui	linguistic	none	_	_	_	_	_	_
585-9	PSB007	585	ha	ha	linguistic	none	_	_	_	_	_	_
585-10	PSB007	585	parlato	parlato	linguistic	none	_	_	_	_	_	_
585-11	PSB007	585	dei	dei	linguistic	none	_	_	_	_	_	_
585-12	PSB007	585	buchi	buchi	linguistic	none	_	_	_	_	_	_
585-13	PSB007	585	neri:,	neri	linguistic	none	Intonation=weakly_rising	_	3x1	_	_	_
585-14	PSB007	585	che	che	linguistic	none	_	_	_	_	_	_
585-15	PSB007	585	esistono::	esistono	linguistic	none	_	End=2107.69	7x2	_	_	_
586-0	PSB007	586	m::h	mh	linguistic	none	_	Begin=2108.73|End=2109.32	0x2	_	_	_
587-0	PSB007	587	e::h	eh	linguistic	none	_	Begin=2109.62	0x2	_	_	_
587-1	PSB007	587	m::h	mh	linguistic	none	_	End=2111.52	0x2	_	_	_
588-0	PSB007	588	quindi	quindi	linguistic	none	_	Begin=2111.64	_	_	_	_
588-1	PSB007	588	pa~	pa~	linguistic	none	Interrupted=Yes	_	_	_	_	_
588-2	PSB007	588	ha	ha	linguistic	none	_	_	_	_	_	_
588-3	PSB007	588	parlato	parlato	linguistic	none	_	_	_	_	_	_
588-4	PSB007	588	de:l	del	linguistic	none	_	_	1x1	_	_	_
588-5	PSB007	588	di	di	linguistic	none	_	_	_	_	_	_
588-6	PSB007	588	astrofisica:,	astrofisica	linguistic	none	Intonation=weakly_rising	End=2114.78	10x1	_	_	_
589-0	PSB007	589	e::h	eh	linguistic	none	_	Begin=2115.09	0x2	_	_	_
589-1	PSB007	589	un	un	linguistic	none	_	_	_	_	_	_
589-2	PSB007	589	altro	altro	linguistic	none	_	_	_	_	_	_
589-3	PSB007	589	che	che	linguistic	none	_	_	_	_	_	_
589-4	PSB007	589	è	è	linguistic	none	_	_	_	_	_	_
589-5	PSB007	589	venuto	venuto	linguistic	none	_	_	_	_	_	_
589-6	PSB007	589	da:	da	linguistic	none	_	End=2117.43	1x1	_	_	_
590-0	PSB007	590	e::h	eh	linguistic	none	_	Begin=2117.75|End=2118.37	0x2	_	_	_
591-0	PSB007	591	da	da	linguistic	none	_	Begin=2118.65	_	_	_	_
591-1	PSB007	591	pompei:	pompei	linguistic	none	_	_	5x1	_	_	_
591-2	PSB007	591	ha	ha	linguistic	none	_	_	_	_	_	_
591-3	PSB007	591	parlato	parlato	linguistic	none	_	_	_	_	_	_
591-4	PSB007	591	>delle<	delle	linguistic	none	_	_	_	Fast=0-5(0)	_	_
591-5	PSB007	591	archeologie:	archeologie	linguistic	none	_	_	10x1	_	_	_
591-6	PSB007	591	italiana	italiana	linguistic	none	_	_	_	_	_	_
591-7	PSB007	591	del	del	linguistic	none	_	_	_	_	_	_
591-8	PSB007	591	parco:	parco	linguistic	none	_	_	4x1	_	_	_
591-9	PSB007	591	di	di	linguistic	none	_	_	_	_	_	_
591-10	PSB007	591	di	di	linguistic	none	_	_	_	_	_	_
591-11	PSB007	591	pompei:,	pompei	linguistic	none	Intonation=weakly_rising	End=2123.66	5x1	_	_	_
592-0	PSB007	592	e:h	eh	linguistic	none	_	Begin=2124.07	0x1	_	_	_
592-1	PSB007	592	un	un	linguistic	none	_	_	_	_	_	_
592-2	PSB007	592	professore::	professore	linguistic	none	_	End=2125.97	9x2	_	_	_
593-0	PSB007	593	m:h	mh	linguistic	none	_	Begin=2126.23	0x1	_	_	_
593-1	PSB007	593	p~	p~	linguistic	none	Interrupted=Yes	_	_	_	_	_
593-2	PSB007	593	che	che	linguistic	none	_	_	_	_	_	_
593-3	PSB007	593	lavora::	lavora	linguistic	none	_	_	5x2	_	_	_
593-4	PSB007	593	presso::	presso	linguistic	none	_	_	5x2	_	_	_
593-5	PSB007	593	università	università	linguistic	none	_	_	_	_	_	_
593-6	PSB007	593	@nomeluogo,	@nomeluogo,	linguistic	none	_	_	_	_	_	_
593-7	PSB007	593	{P}	{P}	shortpause	none	_	_	_	_	_	_
593-8	PSB007	593	e:h	eh	linguistic	none	_	_	0x1	_	_	_
593-9	PSB007	593	ha	ha	linguistic	none	_	_	_	_	_	_
593-10	PSB007	593	parlato:,	parlato	linguistic	none	Intonation=weakly_rising	_	6x1	_	_	_
593-11	PSB007	593	{P}	{P}	shortpause	none	_	_	_	_	_	_
593-12	PSB007	593	e:h	eh	linguistic	none	_	_	0x1	_	_	_
593-13	PSB007	593	di:	di	linguistic	none	_	_	1x1	_	_	_
593-14	PSB007	593	filosofia:,	filosofia	linguistic	none	Intonation=weakly_rising	_	8x1	_	_	_
593-15	PSB007	593	quindi	quindi	linguistic	none	_	_	_	_	_	_
593-16	PSB007	593	ha	ha	linguistic	none	_	_	_	_	_	_
593-17	PSB007	593	parlato	parlato	linguistic	none	_	_	_	_	_	_
593-18	PSB007	593	di	di	linguistic	none	_	_	_	_	_	_
593-19	PSB007	593	filosofi	filosofi	linguistic	none	_	_	_	_	_	_
593-20	PSB007	593	italiani,	italiani	linguistic	none	Intonation=weakly_rising	End=2136.43	_	_	_	_
594-0	PSB007	594	e::h	eh	linguistic	none	_	Begin=2137.14	0x2	_	_	_
594-1	PSB007	594	m::h	mh	linguistic	none	_	End=2138.63	0x2	_	_	_
595-0	PSB007	595	e:	e	linguistic	none	_	Begin=2138.68	0x1	_	_	_
595-1	PSB007	595	così::	così	linguistic	none	_	_	3x2	_	_	_
595-2	PSB007	595	abbiamo	abbiamo	linguistic	none	_	_	_	_	_	_
595-3	PSB007	595	creato	creato	linguistic	none	_	_	_	_	_	_
595-4	PSB007	595	>veramente<	veramente	linguistic	none	_	_	_	Fast=0-9(0)	_	_
595-5	PSB007	595	un	un	linguistic	none	_	_	_	_	_	_
595-6	PSB007	595	grande	grande	linguistic	none	_	_	_	_	_	_
595-7	PSB007	595	convegno,	convegno	linguistic	none	Intonation=weakly_rising	_	_	_	_	_
595-8	PSB007	595	che	che	linguistic	none	_	_	_	_	_	_
595-9	PSB007	595	ha	ha	linguistic	none	_	_	_	_	_	_
595-10	PSB007	595	durato	durato	linguistic	none	_	_	_	_	_	_
595-11	PSB007	595	da::	da	linguistic	none	_	_	1x2	_	_	_
595-12	PSB007	595	eh	eh	linguistic	none	_	_	_	_	_	_
595-13	PSB007	595	dalla	dalla	linguistic	none	_	_	_	_	_	_
595-14	PSB007	595	mattina:	mattina	linguistic	none	_	_	6x1	_	_	_
595-15	PSB007	595	fino	fino	linguistic	none	_	_	_	_	_	_
595-16	PSB007	595	alla	alla	linguistic	none	_	_	_	_	_	_
595-17	PSB007	595	sera,	sera	linguistic	none	Intonation=weakly_rising	_	_	_	_	_
595-18	PSB007	595	perché	perché	linguistic	none	_	_	_	_	_	_
595-19	PSB007	595	c'	c'	linguistic	none	SpaceAfter=No	_	_	_	_	_
595-20	PSB007	595	erano	erano	linguistic	none	_	_	_	_	_	_
595-21	PSB007	595	tanti::	tanti	linguistic	none	_	_	4x2	_	_	_
595-22	PSB007	595	mh	mh	linguistic	none	_	End=2148.21	_	_	_	_
596-0	PSB007	596	tanti	tanti	linguistic	none	_	Begin=2149.48	_	_	_	_
596-1	PSB007	596	professori,	professori	linguistic	none	Intonation=weakly_rising	End=2150.75	_	_	_	_
597-0	PSB007	597	e:h	eh	linguistic	none	_	Begin=2151.26	0x1	_	_	_
597-1	PSB007	597	m:h	mh	linguistic	none	_	End=2152.33	0x1	_	_	_
598-0	PSB007	598	la	la	linguistic	none	_	Begin=2153.06	_	_	_	_
598-1	PSB007	598	SALA:	sala	linguistic	none	Volume=high	_	3x1	_	_	_
598-2	PSB007	598	eh	eh	linguistic	none	_	End=2154.78	_	_	_	_
599-0	PSB007	599	la	la	linguistic	none	_	Begin=2155.2	_	_	_	_
599-1	PSB007	599	sala	sala	linguistic	none	_	_	_	_	_	_
599-2	PSB007	599	<grande	grande	linguistic	none	_	_	_	Slow=0-6(0)	_	_
599-3	PSB007	599	l'	l'	linguistic	none	SpaceAfter=No	_	_	Slow=0-2(0)	_	_
599-4	PSB007	599	aula	aula	linguistic	none	_	_	_	Slow=0-4(0)	_	_
599-5	PSB007	599	grande>	grande	linguistic	none	_	_	_	Slow=0-6(0)	_	_
599-6	PSB007	599	della	della	linguistic	none	_	_	_	_	_	_
599-7	PSB007	599	nostra	nostra	linguistic	none	_	_	_	_	_	_
599-8	PSB007	599	u~	u~	linguistic	none	Interrupted=Yes	_	_	_	_	_
599-9	PSB007	599	università	università	linguistic	none	_	_	_	_	_	_
599-10	PSB007	599	era	era	linguistic	none	_	_	_	_	_	_
599-11	PSB007	599	piena,	piena	linguistic	none	Intonation=weakly_rising	End=2160.12	_	_	_	_
600-0	PSB007	600	pienissima:	pienissima	linguistic	none	_	Begin=2160.82|End=2161.73	9x1	_	_	_
601-0	PSB007	601	m:h	mh	linguistic	none	_	Begin=2163.64	0x1	_	_	_
601-1	PSB007	601	mi	mi	linguistic	none	_	_	_	_	_	_
601-2	PSB007	601	sembra	sembra	linguistic	none	_	_	_	_	_	_
601-3	PSB007	601	che	che	linguistic	none	_	_	_	_	_	_
601-4	PSB007	601	la	la	linguistic	none	_	_	_	_	_	_
601-5	PSB007	601	quantità:	quantità	linguistic	none	_	End=2166.36	7x1	_	_	_
602-0	PSB007	602	degli	degli	linguistic	none	_	Begin=2166.95	_	_	_	_
602-1	PSB007	602	ascoltatori	ascoltatori	linguistic	none	_	_	_	_	_	_
602-2	PSB007	602	era::	era	linguistic	none	_	_	2x2	_	_	_
602-3	PSB007	602	più	più	linguistic	none	_	_	_	_	_	_
602-4	PSB007	602	o	o	linguistic	none	_	_	_	_	_	_
602-5	PSB007	602	meno:	meno	linguistic	none	_	_	3x1	_	_	_
602-6	PSB007	602	{P}	{P}	shortpause	none	_	_	_	_	_	_
602-7	PSB007	602	di	di	linguistic	none	_	_	_	_	_	_
602-8	PSB007	602	<cinquecento>	cinquecento	linguistic	none	_	End=2171.08	_	Slow=0-11(0)	_	_
603-0	PSB005	603	wow	wow	linguistic	none	_	Begin=2172.71|End=2173.247	_	_	_	_
604-0	PSB007	604	quindi	quindi	linguistic	none	_	Begin=2173.3	_	_	_	_
604-1	PSB007	604	un	un	linguistic	none	_	_	_	_	_	_
604-2	PSB007	604	evento	evento	linguistic	none	_	_	_	_	_	_
604-3	PSB007	604	mol[to	molto	linguistic	none	_	_	_	_	_	3-5(74)
604-4	PSB007	604	grande]	grande	linguistic	none	_	End=2175.06	_	_	_	0-6(74)
605-0	PSB005	605	[mhmh]	mhmh	linguistic	none	_	Begin=2174.42|End=2175.06	_	_	_	0-4(74)
606-0	PSB005	606	e	e	linguistic	none	_	Begin=2175.51	_	_	_	_
606-1	PSB005	606	per	per	linguistic	none	_	_	_	_	_	_
606-2	PSB005	606	quanti	quanti	linguistic	none	_	_	_	_	_	_
606-3	PSB005	606	anni	anni	linguistic	none	_	_	_	_	_	_
606-4	PSB005	606	hai	hai	linguistic	none	_	_	_	_	_	_
606-5	PSB005	606	<fatto>	fatto	linguistic	none	_	_	_	Slow=0-5(0)	_	_
606-6	PSB005	606	{P}	{P}	shortpause	none	_	_	_	_	_	_
606-7	PSB005	606	la	la	linguistic	none	_	_	_	_	_	_
606-8	PSB005	606	direttrice?	direttrice	linguistic	none	Intonation=rising	End=2178.38	_	_	_	_
607-0	PSB007	607	ALLORA	allora	linguistic	none	Volume=high	Begin=2179.66	_	_	_	_
607-1	PSB007	607	HO	ho	linguistic	none	Volume=high	_	_	_	_	_
607-2	PSB007	607	COMINCIATO:	cominciato	linguistic	none	Volume=high	_	9x1	_	_	_
607-3	PSB007	607	EH	eh	linguistic	none	Volume=high	_	_	_	_	_
607-4	PSB007	607	nel	nel	linguistic	none	_	_	_	_	_	_
607-5	PSB007	607	duemila	duemila	linguistic	none	_	_	_	_	_	_
607-6	PSB007	607	e	e	linguistic	none	_	_	_	_	_	_
607-7	PSB007	607	quindici:,	quindici	linguistic	none	Intonation=weakly_rising	_	7x1	_	_	_
607-8	PSB007	607	e:	e	linguistic	none	_	_	0x1	_	_	_
607-9	PSB007	607	°ho	ho	linguistic	none	Volume=low	_	_	_	_	_
607-10	PSB007	607	finito	finito	linguistic	none	Volume=low	_	_	_	_	_
607-11	PSB007	607	duemil~	duemil~	linguistic	none	Interrupted=Yes|Volume=low	_	_	_	_	_
607-12	PSB007	607	nel	nel	linguistic	none	Volume=low	_	_	_	_	_
607-13	PSB007	607	duemilaventidue:,°	duemilaventidue	linguistic	none	Intonation=weakly_rising|Volume=low	End=2186.33	14x1	_	_	_
608-0	PSB005	608	mhmh	mhmh	linguistic	none	_	Begin=2186.34|End=2186.91	_	_	_	_
609-0	PSB005	609	okay	okay	linguistic	none	_	Begin=2186.98	_	_	_	_
609-1	PSB005	609	e	e	linguistic	none	_	_	_	_	_	_
609-2	PSB005	609	quindi	quindi	linguistic	none	_	_	_	_	_	_
609-3	PSB005	609	hai	hai	linguistic	none	_	_	_	_	_	_
609-4	PSB005	609	hai	hai	linguistic	none	_	_	_	_	_	_
609-5	PSB005	609	interrotto	interrotto	linguistic	none	_	_	_	_	_	_
609-6	PSB005	609	{P}	{P}	shortpause	none	_	_	_	_	_	_
609-7	PSB005	609	hai	hai	linguistic	none	_	_	_	_	_	_
609-8	PSB005	609	[interrotto]	interrotto	linguistic	none	_	_	_	_	_	0-10(75)
609-9	PSB005	609	per	per	linguistic	none	_	_	_	_	_	_
609-10	PSB005	609	venire	venire	linguistic	none	_	_	_	_	_	_
609-11	PSB005	609	qui:	qui	linguistic	none	_	End=2191.01	2x1	_	_	_
610-0	PSB007	610	[sette	sette	linguistic	none	_	Begin=2188.326	_	_	_	0-5(75)
610-1	PSB007	610	anni]	anni	linguistic	none	_	End=2189.32	_	_	_	0-4(75)
611-0	PSB007	611	sì	sì	linguistic	none	_	Begin=2191.03|End=2191.5	_	_	_	_
612-0	PSB005	612	praticam[ente]	praticamente	linguistic	none	_	Begin=2191.77|End=2192.54	_	_	_	8-12(76)
613-0	PSB007	613	[sì	sì	linguistic	none	_	Begin=2192.06	_	_	_	0-2(?)
613-1	PSB007	613	sì]	sì	linguistic	none	_	_	_	_	_	0-2(?)
613-2	PSB007	613	ovviame[nte	ovviamente	linguistic	none	_	_	_	_	_	7-10(?)
613-3	PSB007	613	non	non	linguistic	none	_	_	_	_	_	0-3(?)
613-4	PSB007	613	è	è	linguistic	none	_	_	_	_	_	0-1(?)
613-5	PSB007	613	st]ata:	stata	linguistic	none	_	_	4x1	_	_	0-2(?)
613-6	PSB007	613	la	la	linguistic	none	_	_	_	_	_	_
613-7	PSB007	613	scelta	scelta	linguistic	none	_	_	_	_	_	_
613-8	PSB007	613	mia:,	mia	linguistic	none	Intonation=weakly_rising	_	2x1	_	_	_
613-9	PSB007	613	{ride}	{ride}	nonverbalbehavior	none	_	End=2195.38	_	_	_	_
614-0	PSB005	614	[sì	sì	linguistic	none	_	Begin=2192.71	_	_	_	0-2(77)
614-1	PSB005	614	sì]	sì	linguistic	none	_	End=2193.19	_	_	_	0-2(77)
615-0	PSB005	615	sì	sì	linguistic	none	_	Begin=2194.98	_	_	_	_
615-1	PSB005	615	sì	sì	linguistic	none	_	_	_	_	_	_
615-2	PSB005	615	immagino	immagino	linguistic	none	_	_	_	_	_	_
615-3	PSB005	615	sì	sì	linguistic	none	_	End=2195.965	_	_	_	_
616-0	PSB007	616	no	no	linguistic	none	_	Begin=2195.965	_	_	_	_
616-1	PSB007	616	no	no	linguistic	none	_	_	_	_	_	_
616-2	PSB007	616	eh	eh	linguistic	none	_	_	_	_	_	_
616-3	PSB007	616	io::	io	linguistic	none	_	End=2197.71	1x2	_	_	_
617-0	PSB005	617	ma	ma	linguistic	none	_	Begin=2198.95	_	_	_	_
617-1	PSB005	617	il	il	linguistic	none	_	_	_	_	_	_
617-2	PSB005	617	centr[o	centro	linguistic	none	_	_	_	_	_	5-6(79)
617-3	PSB005	617	è	è	linguistic	none	_	_	_	_	_	0-1(79)
617-4	PSB005	617	aperto	aperto	linguistic	none	_	_	_	_	_	0-6(79)
617-5	PSB005	617	ad]esso:	adesso	linguistic	none	_	_	5x1	_	_	0-2(79)
617-6	PSB005	617	o::	o	linguistic	none	_	_	0x2	_	_	_
617-7	PSB005	617	è	è	linguistic	none	_	_	_	_	_	_
617-8	PSB005	617	stato	stato	linguistic	none	_	_	_	_	_	_
617-9	PSB005	617	chiuso	chiuso	linguistic	none	_	_	_	_	_	_
617-10	PSB005	617	t[utto	tutto	linguistic	none	_	_	_	_	_	1-5(80)
617-11	PSB005	617	>cioè<]	cioè	linguistic	none	_	_	_	Fast=0-4(0)	_	0-4(80)
617-12	PSB005	617	io	io	linguistic	none	_	_	_	_	_	_
617-13	PSB005	617	non	non	linguistic	none	_	_	_	_	_	_
617-14	PSB005	617	ho	ho	linguistic	none	_	_	_	_	_	_
617-15	PSB005	617	proprio	proprio	linguistic	none	_	_	_	_	_	_
617-16	PSB005	617	idea,	idea	linguistic	none	Intonation=weakly_rising	End=2203.63	_	_	_	_
618-0	PSB007	618	[io::	io	linguistic	none	_	Begin=2199.41	1x2	_	_	0-2(79)
618-1	PSB007	618	xxx]	x	unknown	none	_	End=2200.25	_	_	_	0-3(79)
619-0	PSB007	619	[°no°]	no	linguistic	none	Volume=low	Begin=2201.92|End=2202.36	_	_	_	0-2(80)
620-0	PSB007	620	no	no	linguistic	none	_	Begin=2203.89	_	_	_	_
620-1	PSB007	620	purtroppo:::	purtroppo	linguistic	none	_	_	8x3	_	_	_
620-2	PSB007	620	l'	l'	linguistic	none	SpaceAfter=No	_	_	_	_	_
620-3	PSB007	620	università:::	università	linguistic	none	_	_	9x3	_	_	_
620-4	PSB007	620	doveva	doveva	linguistic	none	_	_	_	_	_	_
620-5	PSB007	620	chiudere::	chiudere	linguistic	none	_	_	7x2	_	_	_
620-6	PSB007	620	tutti::	tutti	linguistic	none	_	_	4x2	_	_	_
620-7	PSB007	620	i	i	linguistic	none	_	_	_	_	_	_
620-8	PSB007	620	centri	centri	linguistic	none	_	_	_	_	_	_
620-9	PSB007	620	internazionali:,	internazionali	linguistic	none	Intonation=weakly_rising	_	13x1	_	_	_
620-10	PSB007	620	adesso	adesso	linguistic	none	_	_	_	_	_	_
620-11	PSB007	620	funziona	funziona	linguistic	none	_	_	_	_	_	_
620-12	PSB007	620	solo::	solo	linguistic	none	_	End=2211.23	3x2	_	_	_
621-0	PSB007	621	e:h	eh	linguistic	none	_	Begin=2211.62	0x1	_	_	_
621-1	PSB007	621	m:h	mh	linguistic	none	_	_	0x1	_	_	_
621-2	PSB007	621	l'	l'	linguistic	none	SpaceAfter=No	_	_	_	_	_
621-3	PSB007	621	ufficio:	ufficio	linguistic	none	_	_	6x1	_	_	_
621-4	PSB007	621	per	per	linguistic	none	_	_	_	_	_	_
621-5	PSB007	621	le	le	linguistic	none	_	_	_	_	_	_
621-6	PSB007	621	<relazioni>	relazioni	linguistic	none	_	_	_	Slow=0-9(0)	_	_
621-7	PSB007	621	internazionali,	internazionali	linguistic	none	Intonation=weakly_rising	End=2215.89	_	_	_	_
622-0	PSB007	622	m::h	mh	linguistic	none	_	Begin=2216.77	0x2	_	_	_
622-1	PSB007	622	perché:::	perché	linguistic	none	_	_	5x3	_	_	_
622-2	PSB007	622	c'	c'	linguistic	none	SpaceAfter=No	_	_	_	_	_
622-3	PSB007	622	era:::	era	linguistic	none	_	_	2x3	_	_	_
622-4	PSB007	622	e	e	linguistic	none	_	_	_	_	_	_
622-5	PSB007	622	e	e	linguistic	none	_	_	_	_	_	_
622-6	PSB007	622	anche	anche	linguistic	none	_	_	_	_	_	_
622-7	PSB007	622	<c'	c'	linguistic	none	SpaceAfter=No	_	_	Slow=0-2(0)	_	_
622-8	PSB007	622	è>	è	linguistic	none	_	_	_	_	_	_
622-9	PSB007	622	la	la	linguistic	none	_	_	_	_	_	_
622-10	PSB007	622	mancanza	mancanza	linguistic	none	_	_	_	_	_	_
622-11	PSB007	622	{P}	{P}	shortpause	none	_	_	_	_	_	_
622-12	PSB007	622	eh	eh	linguistic	none	_	_	_	_	_	_
622-13	PSB007	622	dello	dello	linguistic	none	_	_	_	_	_	_
622-14	PSB007	622	staff,	staff	linguistic	none	Intonation=weakly_rising	_	_	_	_	_
622-15	PSB007	622	tan~	tan~	linguistic	none	Interrupted=Yes	_	_	_	_	_
622-16	PSB007	622	tante	tante	linguistic	none	_	_	_	_	_	_
622-17	PSB007	622	persone	persone	linguistic	none	_	_	_	_	_	_
622-18	PSB007	622	sono::	sono	linguistic	none	_	_	3x2	_	_	_
622-19	PSB007	622	sono	sono	linguistic	none	_	_	_	_	_	_
622-20	PSB007	622	fuggiti:,	fuggiti	linguistic	none	Intonation=weakly_rising	End=2226.75	6x1	_	_	_
623-0	PSB007	623	e::h	eh	linguistic	none	_	Begin=2227.09	0x2	_	_	_
623-1	PSB007	623	anche	anche	linguistic	none	_	_	_	_	_	_
623-2	PSB007	623	perché:::	perché	linguistic	none	_	_	5x3	_	_	_
623-3	PSB007	623	è	è	linguistic	none	_	_	_	_	_	_
623-4	PSB007	623	molto	molto	linguistic	none	_	_	_	_	_	_
623-5	PSB007	623	difficile:	difficile	linguistic	none	_	End=2230.94	8x1	_	_	_
624-0	PSB007	624	<creare>	creare	linguistic	none	_	Begin=2231.73	_	Slow=0-6(0)	_	_
624-1	PSB007	624	un	un	linguistic	none	_	_	_	_	_	_
624-2	PSB007	624	rapporto	rapporto	linguistic	none	_	_	_	_	_	_
624-3	PSB007	624	internazionale,	internazionale	linguistic	none	Intonation=weakly_rising	_	_	_	_	_
624-4	PSB007	624	per	per	linguistic	none	_	_	_	_	_	_
624-5	PSB007	624	un::	un	linguistic	none	_	_	1x2	_	_	_
624-6	PSB007	624	paese	paese	linguistic	none	_	_	_	_	_	_
624-7	PSB007	624	straniero:,	straniero	linguistic	none	Intonation=weakly_rising	_	8x1	_	_	_
624-8	PSB007	624	{P}	{P}	shortpause	none	_	_	_	_	_	_
624-9	PSB007	624	<quando	quando	linguistic	none	_	_	_	Slow=0-6(1)	_	_
624-10	PSB007	624	sai>	sai	linguistic	none	_	_	_	Slow=0-3(1)	_	_
624-11	PSB007	624	che	che	linguistic	none	_	_	_	_	_	_
624-12	PSB007	624	non	non	linguistic	none	_	_	_	_	_	_
624-13	PSB007	624	c'	c'	linguistic	none	SpaceAfter=No	_	_	_	_	_
624-14	PSB007	624	è	è	linguistic	none	_	_	_	_	_	_
624-15	PSB007	624	la	la	linguistic	none	_	_	_	_	_	_
624-16	PSB007	624	possibilità:	possibilità	linguistic	none	_	_	10x1	_	_	_
624-17	PSB007	624	di	di	linguistic	none	_	_	_	_	_	_
624-18	PSB007	624	ospitare	ospitare	linguistic	none	_	_	_	_	_	_
624-19	PSB007	624	a	a	linguistic	none	_	_	_	_	_	_
624-20	PSB007	624	casa	casa	linguistic	none	_	_	_	_	_	_
624-21	PSB007	624	<TUA>,	tua	linguistic	none	Intonation=weakly_rising|Volume=high	End=2242.19	_	Slow=0-3(2)	_	_
625-0	PSB007	625	nel	nel	linguistic	none	_	Begin=2242.93	_	_	_	_
625-1	PSB007	625	tuo	tuo	linguistic	none	_	_	_	_	_	_
625-2	PSB007	625	paese,	paese	linguistic	none	Intonation=weakly_rising	End=2244.39	_	_	_	_
626-0	PSB007	626	un	un	linguistic	none	_	Begin=2244.5	_	_	_	_
626-1	PSB007	626	<straniero>	straniero	linguistic	none	_	_	_	Slow=0-9(0)	_	_
626-2	PSB007	626	non	non	linguistic	none	_	_	_	_	_	_
626-3	PSB007	626	è	è	linguistic	none	_	_	_	_	_	_
626-4	PSB007	626	importante	importante	linguistic	none	_	_	_	_	_	_
626-5	PSB007	626	adesso	adesso	linguistic	none	_	_	_	_	_	_
626-6	PSB007	626	parliamo	parliamo	linguistic	none	_	_	_	_	_	_
626-7	PSB007	626	di	di	linguistic	none	_	_	_	_	_	_
626-8	PSB007	626	un	un	linguistic	none	_	_	_	_	_	_
626-9	PSB007	626	francese,	francese	linguistic	none	Intonation=weakly_rising	_	_	_	_	_
626-10	PSB007	626	oppure	oppure	linguistic	none	_	_	_	_	_	_
626-11	PSB007	626	di	di	linguistic	none	_	_	_	_	_	_
626-12	PSB007	626	un	un	linguistic	none	_	_	_	_	_	_
626-13	PSB007	626	italiano	italiano	linguistic	none	_	_	_	_	_	_
626-14	PSB007	626	comunque	comunque	linguistic	none	_	_	_	_	_	_
626-15	PSB007	626	<si	si	linguistic	none	_	_	_	Slow=0-2(1)	_	_
626-16	PSB007	626	può>	può	linguistic	none	_	_	_	Slow=0-3(1)	_	_
626-17	PSB007	626	lavorare	lavorare	linguistic	none	_	_	_	_	_	_
626-18	PSB007	626	solo::	solo	linguistic	none	_	_	3x2	_	_	_
626-19	PSB007	626	in	in	linguistic	none	_	_	_	_	_	_
626-20	PSB007	626	distanza	distanza	linguistic	none	_	End=2253.49	_	_	_	_
627-0	PSB005	627	mhmh	mhmh	linguistic	none	_	Begin=2253.72|End=2254.19	_	_	_	_
628-0	PSB007	628	ovviamente	ovviamente	linguistic	none	_	Begin=2254.51	_	_	_	_
628-1	PSB007	628	si	si	linguistic	none	_	_	_	_	_	_
628-2	PSB007	628	può	può	linguistic	none	_	_	_	_	_	_
628-3	PSB007	628	creare	creare	linguistic	none	_	_	_	_	_	_
628-4	PSB007	628	qualche	qualche	linguistic	none	_	_	_	_	_	_
628-5	PSB007	628	accordo	accordo	linguistic	none	_	_	_	_	_	_
628-6	PSB007	628	per	per	linguistic	none	_	End=2257.25	_	_	_	_
629-0	PSB007	629	dare	dare	linguistic	none	_	Begin=2258.07	_	_	_	_
629-1	PSB007	629	la	la	linguistic	none	_	_	_	_	_	_
629-2	PSB007	629	possibilità	possibilità	linguistic	none	_	_	_	_	_	_
629-3	PSB007	629	agli	agli	linguistic	none	_	_	_	_	_	_
629-4	PSB007	629	studenti	studenti	linguistic	none	_	_	_	_	_	_
629-5	PSB007	629	che	che	linguistic	none	_	_	_	_	_	_
629-6	PSB007	629	possono::	possono	linguistic	none	_	_	6x2	_	_	_
629-7	PSB007	629	andare::	andare	linguistic	none	_	_	5x2	_	_	_
629-8	PSB007	629	possono	possono	linguistic	none	_	_	_	_	_	_
629-9	PSB007	629	venire	venire	linguistic	none	_	_	_	_	_	_
629-10	PSB007	629	in	in	linguistic	none	_	_	_	_	_	_
629-11	PSB007	629	italia	italia	linguistic	none	_	_	_	_	_	_
629-12	PSB007	629	da	da	linguistic	none	_	_	_	_	_	_
629-13	PSB007	629	ucraina,	ucraina	linguistic	none	Intonation=weakly_rising	End=2264.82	_	_	_	_
630-0	PSB007	630	eh	eh	linguistic	none	_	Begin=2265.15	_	_	_	_
630-1	PSB007	630	ma:	ma	linguistic	none	_	_	1x1	_	_	_
630-2	PSB007	630	è	è	linguistic	none	_	_	_	_	_	_
630-3	PSB007	630	è	è	linguistic	none	_	_	_	_	_	_
630-4	PSB007	630	sempre	sempre	linguistic	none	_	_	_	_	_	_
630-5	PSB007	630	molto	molto	linguistic	none	_	_	_	_	_	_
630-6	PSB007	630	complicato,	complicato	linguistic	none	Intonation=weakly_rising	End=2268.06	_	_	_	_
631-0	PSB007	631	anche:::	anche	linguistic	none	_	Begin=2268.4	4x3	_	_	_
631-1	PSB007	631	del	del	linguistic	none	_	_	_	_	_	_
631-2	PSB007	631	punto	punto	linguistic	none	_	_	_	_	_	_
631-3	PSB007	631	di	di	linguistic	none	_	_	_	_	_	_
631-4	PSB007	631	visto::	visto	linguistic	none	_	_	4x2	_	_	_
631-5	PSB007	631	logistico:,	logistico	linguistic	none	Intonation=weakly_rising	End=2271.93	8x1	_	_	_
632-0	PSB007	632	ovviamente	ovviamente	linguistic	none	_	Begin=2272.56	_	_	_	_
632-1	PSB007	632	li	li	linguistic	none	_	_	_	_	_	_
632-2	PSB007	632	aerei	aerei	linguistic	none	_	_	_	_	_	_
632-3	PSB007	632	°n~	n~	linguistic	none	Interrupted=Yes|Volume=low	_	_	_	_	_
632-4	PSB007	632	non~	non~	linguistic	none	Interrupted=Yes|Volume=low	_	_	_	_	_
632-5	PSB007	632	non	non	linguistic	none	Volume=low	_	_	_	_	_
632-6	PSB007	632	non	non	linguistic	none	Volume=low	_	_	_	_	_
632-7	PSB007	632	non°	non	linguistic	none	Volume=low	_	_	_	_	_
632-8	PSB007	632	[funzionano	funzionano	linguistic	none	_	_	_	_	_	0-10(81)
632-9	PSB007	632	fino	fino	linguistic	none	_	_	_	_	_	0-4(81)
632-10	PSB007	632	a	a	linguistic	none	_	_	_	_	_	0-1(81)
632-11	PSB007	632	oggi]	oggi	linguistic	none	_	End=2277.06	_	_	_	0-4(81)
633-0	PSB005	633	[sì	sì	linguistic	none	_	Begin=2275.5	_	_	_	0-2(81)
633-1	PSB005	633	sì	sì	linguistic	none	_	_	_	_	_	0-2(81)
633-2	PSB005	633	certo	certo	linguistic	none	_	_	_	_	_	0-5(81)
633-3	PSB005	633	sì	sì	linguistic	none	_	_	_	_	_	0-2(81)
633-4	PSB005	633	sì]	sì	linguistic	none	_	End=2277.06	_	_	_	0-2(81)
634-0	PSB007	634	quindi::	quindi	linguistic	none	_	Begin=2277.4	5x2	_	_	_
634-1	PSB007	634	è	è	linguistic	none	_	_	_	_	_	_
634-2	PSB007	634	sempre	sempre	linguistic	none	_	_	_	_	_	_
634-3	PSB007	634	c'	c'	linguistic	none	SpaceAfter=No	_	_	_	_	_
634-4	PSB007	634	è	è	linguistic	none	_	_	_	_	_	_
634-5	PSB007	634	sempre	sempre	linguistic	none	_	_	_	_	_	_
634-6	PSB007	634	questa::	questa	linguistic	none	_	_	5x2	_	_	_
634-7	PSB007	634	necessità	necessità	linguistic	none	_	_	_	_	_	_
634-8	PSB007	634	di	di	linguistic	none	_	_	_	_	_	_
634-9	PSB007	634	fare	fare	linguistic	none	_	_	_	_	_	_
634-10	PSB007	634	un	un	linguistic	none	_	_	_	_	_	_
634-11	PSB007	634	viaggio	viaggio	linguistic	none	_	_	_	_	_	_
634-12	PSB007	634	da	da	linguistic	none	_	_	_	_	_	_
634-13	PSB007	634	@nomeluogo	nomeluogo	linguistic	none	_	_	_	_	_	_
634-14	PSB007	634	fino::	fino	linguistic	none	_	_	3x2	_	_	_
634-15	PSB007	634	fino	fino	linguistic	none	_	_	_	_	_	_
634-16	PSB007	634	leopoli,	leopoli	linguistic	none	Intonation=weakly_rising	_	_	_	_	_
634-17	PSB007	634	ed	ed	linguistic	none	_	_	_	_	_	_
634-18	PSB007	634	è	è	linguistic	none	_	_	_	_	_	_
634-19	PSB007	634	di::	di	linguistic	none	_	_	1x2	_	_	_
634-20	PSB007	634	dopo	dopo	linguistic	none	_	_	_	_	_	_
634-21	PSB007	634	prendere	prendere	linguistic	none	_	_	_	_	_	_
634-22	PSB007	634	un	un	linguistic	none	_	_	_	_	_	_
634-23	PSB007	634	altro	altro	linguistic	none	_	_	_	_	_	_
634-24	PSB007	634	treno,	treno	linguistic	none	Intonation=weakly_rising	_	_	_	_	_
634-25	PSB007	634	un	un	linguistic	none	_	_	_	_	_	_
634-26	PSB007	634	altro	altro	linguistic	none	_	_	_	_	_	_
634-27	PSB007	634	mezzo	mezzo	linguistic	none	_	_	_	_	_	_
634-28	PSB007	634	di	di	linguistic	none	_	_	_	_	_	_
634-29	PSB007	634	<trasporto>	trasporto	linguistic	none	_	_	_	Slow=0-9(0)	_	_
634-30	PSB007	634	eccetera	eccetera	linguistic	none	_	_	_	_	_	_
634-31	PSB007	634	eccetera	eccetera	linguistic	none	_	End=2289.86	_	_	_	_
635-0	PSB007	635	E::H	eh	linguistic	none	Volume=high	Begin=2290.76	0x2	_	_	_
635-1	PSB007	635	NON	non	linguistic	none	Volume=high	_	_	_	_	_
635-2	PSB007	635	POSSO	posso	linguistic	none	Volume=high	_	_	_	_	_
635-3	PSB007	635	DIRE	dire	linguistic	none	Volume=high	_	_	_	_	_
635-4	PSB007	635	che	che	linguistic	none	_	_	_	_	_	_
635-5	PSB007	635	tu~	tu~	linguistic	none	Interrupted=Yes	_	_	_	_	_
635-6	PSB007	635	tutti	tutti	linguistic	none	_	_	_	_	_	_
635-7	PSB007	635	i	i	linguistic	none	_	_	_	_	_	_
635-8	PSB007	635	rapporti	rapporti	linguistic	none	_	_	_	_	_	_
635-9	PSB007	635	con	con	linguistic	none	_	_	_	_	_	_
635-10	PSB007	635	italia:	italia	linguistic	none	_	_	5x1	_	_	_
635-11	PSB007	635	m:h	mh	linguistic	none	_	End=2296.71	0x1	_	_	_
636-0	PSB007	636	ciò	ciò	linguistic	none	_	Begin=2298.68	_	_	_	_
636-1	PSB007	636	sono:	sono	linguistic	none	_	_	3x1	_	_	_
636-2	PSB007	636	e::h	eh	linguistic	none	_	_	0x2	_	_	_
636-3	PSB007	636	bloccati	bloccati	linguistic	none	_	_	_	_	_	_
636-4	PSB007	636	e	e	linguistic	none	_	_	_	_	_	_
636-5	PSB007	636	sono	sono	linguistic	none	_	_	_	_	_	_
636-6	PSB007	636	finiti:	finiti	linguistic	none	_	_	5x1	_	_	_
636-7	PSB007	636	NO	no	linguistic	none	Volume=high	_	_	_	_	_
636-8	PSB007	636	ci	ci	linguistic	none	_	_	_	_	_	_
636-9	PSB007	636	sono	sono	linguistic	none	_	_	_	_	_	_
636-10	PSB007	636	anche	anche	linguistic	none	_	_	_	_	_	_
636-11	PSB007	636	adesso	adesso	linguistic	none	_	_	_	_	_	_
636-12	PSB007	636	quelli	quelli	linguistic	none	_	_	_	_	_	_
636-13	PSB007	636	che	che	linguistic	none	_	_	_	_	_	_
636-14	PSB007	636	<durano>,	durano	linguistic	none	Intonation=weakly_rising	_	_	Slow=0-6(0)	_	_
636-15	PSB007	636	e:	e	linguistic	none	_	_	0x1	_	_	_
636-16	PSB007	636	c'	c'	linguistic	none	SpaceAfter=No	_	_	_	_	_
636-17	PSB007	636	è:	è	linguistic	none	_	_	0x1	_	_	_
636-18	PSB007	636	°m:h°	mh	linguistic	none	Volume=low	_	0x1	_	_	_
636-19	PSB007	636	l'	l'	linguistic	none	SpaceAfter=No	_	_	_	_	_
636-20	PSB007	636	accordo	accordo	linguistic	none	_	_	_	_	_	_
636-21	PSB007	636	di	di	linguistic	none	_	_	_	_	_	_
636-22	PSB007	636	erasmus,	erasmus	linguistic	none	Intonation=weakly_rising	_	_	_	_	_
636-23	PSB007	636	abbastanza	abbastanza	linguistic	none	_	_	_	_	_	_
636-24	PSB007	636	nuovo	nuovo	linguistic	none	_	_	_	_	_	_
636-25	PSB007	636	che::	che	linguistic	none	_	_	2x2	_	_	_
636-26	PSB007	636	ha	ha	linguistic	none	_	_	_	_	_	_
636-27	PSB007	636	creato	creato	linguistic	none	_	_	_	_	_	_
636-28	PSB007	636	la	la	linguistic	none	_	_	_	_	_	_
636-29	PSB007	636	mia	mia	linguistic	none	_	_	_	_	_	_
636-30	PSB007	636	università	università	linguistic	none	_	_	_	_	_	_
636-31	PSB007	636	con	con	linguistic	none	_	_	_	_	_	_
636-32	PSB007	636	l'	l'	linguistic	none	SpaceAfter=No	_	_	_	_	_
636-33	PSB007	636	università	università	linguistic	none	_	_	_	_	_	_
636-34	PSB007	636	di	di	linguistic	none	_	_	_	_	_	_
636-35	PSB007	636	padova:,	padova	linguistic	none	Intonation=weakly_rising	End=2315.75	5x1	_	_	_
637-0	PSB007	637	e:h	eh	linguistic	none	_	Begin=2316.31	0x1	_	_	_
637-1	PSB007	637	m:h	mh	linguistic	none	_	End=2317.74	0x1	_	_	_
638-0	PSB007	638	eh	eh	linguistic	none	_	Begin=2318.55	_	_	_	_
638-1	PSB007	638	MA	ma	linguistic	none	Volume=high	_	_	_	_	_
638-2	PSB007	638	{P}	{P}	shortpause	none	_	_	_	_	_	_
638-3	PSB007	638	<fare	fare	linguistic	none	_	_	_	Slow=0-4(0)	_	_
638-4	PSB007	638	un	un	linguistic	none	_	_	_	Slow=0-2(0)	_	_
638-5	PSB007	638	lavoro>	lavoro	linguistic	none	_	End=2321.16	_	Slow=0-6(0)	_	_
639-0	PSB007	639	internazionale,	internazionale	linguistic	none	Intonation=weakly_rising	Begin=2322.29	_	_	_	_
639-1	PSB007	639	durante	durante	linguistic	none	_	_	_	_	_	_
639-2	PSB007	639	una	una	linguistic	none	_	_	_	_	_	_
639-3	PSB007	639	guerra	guerra	linguistic	none	_	_	_	_	_	_
639-4	PSB007	639	{P}	{P}	shortpause	none	_	_	_	_	_	_
639-5	PSB007	639	<super	super	linguistic	none	_	_	_	Slow=0-5(0)	_	_
639-6	PSB007	639	{P}	{P}	shortpause	none	_	_	_	Slow=0-3(0)	_	_
639-7	PSB007	639	extra	extra	linguistic	none	_	_	_	Slow=0-5(0)	_	_
639-8	PSB007	639	°diffi[cile>°]	difficile	linguistic	none	Volume=low	End=2327.09	_	Slow=0-9(0)	_	5-9(82)
640-0	PSB005	640	[no	no	linguistic	none	_	Begin=2326.63	_	_	_	0-2(82)
640-1	PSB005	640	cer]to	certo	linguistic	none	_	End=2327.55	_	_	_	0-3(82)
641-0	PSB005	641	però	però	linguistic	none	_	Begin=2327.77	_	_	_	_
641-1	PSB005	641	l'	l'	linguistic	none	SpaceAfter=No	_	_	_	_	_
641-2	PSB005	641	univeristà	univeristà	linguistic	none	_	_	_	_	_	_
641-3	PSB005	641	comunque	comunque	linguistic	none	_	_	_	_	_	_
641-4	PSB005	641	{P}	{P}	shortpause	none	_	_	_	_	_	_
641-5	PSB005	641	è	è	linguistic	none	_	_	_	_	_	_
641-6	PSB005	641	aperta:	aperta	linguistic	none	_	End=2330.27	5x1	_	_	_
642-0	PSB005	642	ci	ci	linguistic	none	_	Begin=2330.5	_	_	_	_
642-1	PSB005	642	[sono	sono	linguistic	none	_	_	_	_	_	0-4(83)
642-2	PSB005	642	delle]	delle	linguistic	none	_	_	_	_	_	0-5(83)
642-3	PSB005	642	attività:	attività	linguistic	none	_	End=2332.0	7x1	_	_	_
643-0	PSB007	643	[<sì>]	sì	linguistic	none	_	Begin=2330.77|End=2331.22	_	Slow=0-2(0)	_	0-2(83)
644-0	PSB007	644	sì	sì	linguistic	none	_	Begin=2332.027	_	_	_	_
644-1	PSB007	644	sì	sì	linguistic	none	_	_	_	_	_	_
644-2	PSB007	644	l'	l'	linguistic	none	SpaceAfter=No	_	_	_	_	_
644-3	PSB007	644	università	università	linguistic	none	_	_	_	_	_	_
644-4	PSB007	644	è	è	linguistic	none	_	_	_	_	_	_
644-5	PSB007	644	ancora	ancora	linguistic	none	_	_	_	_	_	_
644-6	PSB007	644	ap[erta:	aperta	linguistic	none	_	_	5x1	_	_	1-6(84)
644-7	PSB007	644	e::]	e	linguistic	none	_	End=2335.2	0x2	_	_	0-1(84)
645-0	PSB005	645	[fanno	fanno	linguistic	none	_	Begin=2334.08	_	_	_	0-5(84)
645-1	PSB005	645	lezioni	lezioni	linguistic	none	_	_	_	_	_	0-7(84)
645-2	PSB005	645	es]ami:?	esami	linguistic	none	Intonation=rising	End=2335.96	4x1	_	_	0-2(84)
646-0	PSB007	646	<fanno>	fanno	linguistic	none	_	Begin=2336.207	_	Slow=0-5(0)	_	_
646-1	PSB007	646	lezioni::	lezioni	linguistic	none	_	_	6x2	_	_	_
646-2	PSB007	646	quasi	quasi	linguistic	none	_	_	_	_	_	_
646-3	PSB007	646	tutto	tutto	linguistic	none	_	_	_	_	_	_
646-4	PSB007	646	adesso	adesso	linguistic	none	_	_	_	_	_	_
646-5	PSB007	646	online,	online	linguistic	none	Intonation=weakly_rising	End=2339.65	_	_	_	_
647-0	PSB007	647	e:h	eh	linguistic	none	_	Begin=2340.17	0x1	_	_	_
647-1	PSB007	647	mi	mi	linguistic	none	_	_	_	_	_	_
647-2	PSB007	647	sembra	sembra	linguistic	none	_	_	_	_	_	_
647-3	PSB007	647	che	che	linguistic	none	_	_	_	_	_	_
647-4	PSB007	647	la	la	linguistic	none	_	_	_	_	_	_
647-5	PSB007	647	facoltà	facoltà	linguistic	none	_	_	_	_	_	_
647-6	PSB007	647	di	di	linguistic	none	_	_	_	_	_	_
647-7	PSB007	647	<MEDICINA>,	medicina	linguistic	none	Intonation=weakly_rising|Volume=high	End=2344.54	_	Slow=0-8(0)	_	_
648-0	PSB007	648	e	e	linguistic	none	_	Begin=2345.22	_	_	_	_
648-1	PSB007	648	forse	forse	linguistic	none	_	_	_	_	_	_
648-2	PSB007	648	qualche	qualche	linguistic	none	_	_	_	_	_	_
648-3	PSB007	648	altra	altra	linguistic	none	_	_	_	_	_	_
648-4	PSB007	648	facoltà,	facoltà	linguistic	none	Intonation=weakly_rising	_	_	_	_	_
648-5	PSB007	648	>adesso	adesso	linguistic	none	_	_	_	Fast=0-6(0)	_	_
648-6	PSB007	648	forse<	forse	linguistic	none	_	_	_	Fast=0-5(0)	_	_
648-7	PSB007	648	mi	mi	linguistic	none	_	_	_	_	_	_
648-8	PSB007	648	sbaglio	sbaglio	linguistic	none	_	_	_	_	_	_
648-9	PSB007	648	perché	perché	linguistic	none	_	_	_	_	_	_
648-10	PSB007	648	comunque	comunque	linguistic	none	_	_	_	_	_	_
648-11	PSB007	648	da	da	linguistic	none	_	_	_	_	_	_
648-12	PSB007	648	un	un	linguistic	none	_	_	_	_	_	_
648-13	PSB007	648	anno	anno	linguistic	none	_	_	_	_	_	_
648-14	PSB007	648	non	non	linguistic	none	_	_	_	_	_	_
648-15	PSB007	648	s~	s~	linguistic	none	Interrupted=Yes	_	_	_	_	_
648-16	PSB007	648	non	non	linguistic	none	_	_	_	_	_	_
648-17	PSB007	648	seguo	seguo	linguistic	none	_	_	_	_	_	_
648-18	PSB007	648	a:	a	linguistic	none	_	End=2350.6	0x1	_	_	_
649-0	PSB007	649	la:	la	linguistic	none	_	Begin=2351.29	1x1	_	_	_
649-1	PSB007	649	la	la	linguistic	none	_	_	_	_	_	_
649-2	PSB007	649	situazione,	situazione	linguistic	none	Intonation=weakly_rising	End=2352.73	_	_	_	_
650-0	PSB007	650	e:h	eh	linguistic	none	_	Begin=2353.06	0x1	_	_	_
650-1	PSB007	650	m:h	mh	linguistic	none	_	End=2354.36	0x1	_	_	_
651-0	PSB007	651	e:h	eh	linguistic	none	_	Begin=2354.64	0x1	_	_	_
651-1	PSB007	651	loro	loro	linguistic	none	_	_	_	_	_	_
651-2	PSB007	651	lavorano	lavorano	linguistic	none	_	_	_	_	_	_
651-3	PSB007	651	in	in	linguistic	none	_	_	_	_	_	_
651-4	PSB007	651	<presenza>	presenza	linguistic	none	_	End=2356.36	_	Slow=0-8(0)	_	_
652-0	PSB005	652	mhmh	mhmh	linguistic	none	_	Begin=2356.53|End=2356.9	_	_	_	_
653-0	PSB007	653	ma	ma	linguistic	none	_	Begin=2357.84	_	_	_	_
653-1	PSB007	653	è	è	linguistic	none	_	_	_	_	_	_
653-2	PSB007	653	chiaro	chiaro	linguistic	none	_	_	_	_	_	_
653-3	PSB007	653	perché	perché	linguistic	none	_	_	_	_	_	_
653-4	PSB007	653	alcuni	alcuni	linguistic	none	_	_	_	_	_	_
653-5	PSB007	653	aspett[i::	aspetti	linguistic	none	_	_	6x2	_	_	6-7(85)
653-6	PSB007	653	e::]	e	linguistic	none	_	_	0x2	_	_	0-1(85)
653-7	PSB007	653	non	non	linguistic	none	_	_	_	_	_	_
653-8	PSB007	653	è	è	linguistic	none	_	_	_	_	_	_
653-9	PSB007	653	possibile	possibile	linguistic	none	_	_	_	_	_	_
653-10	PSB007	653	imparare	imparare	linguistic	none	_	_	_	_	_	_
653-11	PSB007	653	in	in	linguistic	none	_	_	_	_	_	_
653-12	PSB007	653	distanza,	distanza	linguistic	none	Intonation=weakly_rising	End=2363.08	_	_	_	_
654-0	PSB005	654	[certo]	certo	linguistic	none	_	Begin=2359.87|End=2360.41	_	_	_	0-5(85)
655-0	PSB007	655	e:h	eh	linguistic	none	_	Begin=2363.63	0x1	_	_	_
655-1	PSB007	655	m:h	mh	linguistic	none	_	End=2364.82	0x1	_	_	_
656-0	PSB007	656	MH	mh	linguistic	none	Volume=high	Begin=2364.99	_	_	_	_
656-1	PSB007	656	SÌ	sì	linguistic	none	Volume=high	_	_	_	_	_
656-2	PSB007	656	cercano::	cercano	linguistic	none	_	_	6x2	_	_	_
656-3	PSB007	656	loro	loro	linguistic	none	_	_	_	_	_	_
656-4	PSB007	656	cercano	cercano	linguistic	none	_	_	_	_	_	_
656-5	PSB007	656	di	di	linguistic	none	_	_	_	_	_	_
656-6	PSB007	656	sopravvivere,	sopravvivere	linguistic	none	Intonation=weakly_rising	_	_	_	_	_
656-7	PSB007	656	{P}	{P}	shortpause	none	_	_	_	_	_	_
656-8	PSB007	656	ma	ma	linguistic	none	_	_	_	_	_	_
656-9	PSB007	656	è	è	linguistic	none	_	_	_	_	_	_
656-10	PSB007	656	molto	molto	linguistic	none	_	_	_	_	_	_
656-11	PSB007	656	difficile	difficile	linguistic	none	_	_	_	_	_	_
656-12	PSB007	656	[molto	molto	linguistic	none	_	_	_	_	_	0-5(86)
656-13	PSB007	656	difficile]	difficile	linguistic	none	_	End=2370.33	_	_	_	0-9(86)
657-0	PSB005	657	[ma	ma	linguistic	none	_	Begin=2369.31	_	_	_	0-2(86)
657-1	PSB005	657	e	e	linguistic	none	_	_	_	_	_	0-1(86)
657-2	PSB005	657	le	le	linguistic	none	_	_	_	_	_	0-2(86)
657-3	PSB005	657	scuol]e	scuole	linguistic	none	_	_	_	_	_	0-5(86)
657-4	PSB005	657	funzionano?	funzionano	linguistic	none	Intonation=rising	End=2371.31	_	_	_	_
658-0	PSB007	658	SÌ	sì	linguistic	none	Volume=high	Begin=2372.13	_	_	_	_
658-1	PSB007	658	LE	le	linguistic	none	Volume=high	_	_	_	_	_
658-2	PSB007	658	SCUOLE	scuole	linguistic	none	Volume=high	_	_	_	_	_
658-3	PSB007	658	FUNZIONANO	funzionano	linguistic	none	Volume=high	_	_	_	_	_
658-4	PSB007	658	ANCHE::	anche	linguistic	none	Volume=high	_	4x2	_	_	_
658-5	PSB007	658	ONLINE,	online	linguistic	none	Intonation=weakly_rising|Volume=high	End=2375.12	_	_	_	_
659-0	PSB005	659	<okay>	okay	linguistic	none	_	Begin=2375.15	_	Slow=0-4(0)	_	_
659-1	PSB005	659	ah	ah	linguistic	none	_	_	_	_	_	_
659-2	PSB005	659	online	online	linguistic	none	_	_	_	_	_	_
659-3	PSB005	659	[°okay°]	okay	linguistic	none	Volume=low	End=2376.49	_	_	_	0-4(87)
660-0	PSB007	660	[sì]	sì	linguistic	none	_	Begin=2376.26	_	_	_	0-2(87)
660-1	PSB007	660	{P}	{P}	shortpause	none	_	_	_	_	_	_
660-2	PSB007	660	per	per	linguistic	none	_	_	_	_	_	_
660-3	PSB007	660	esempio	esempio	linguistic	none	_	_	_	_	_	_
660-4	PSB007	660	il	il	linguistic	none	_	_	_	_	_	_
660-5	PSB007	660	<marito::>	marito	linguistic	none	_	_	5x2	Slow=0-6(0)	_	_
660-6	PSB007	660	di	di	linguistic	none	_	_	_	_	_	_
660-7	PSB007	660	mia	mia	linguistic	none	_	_	_	_	_	_
660-8	PSB007	660	amica:,	amica	linguistic	none	Intonation=weakly_rising	End=2380.25	4x1	_	_	_
661-0	PSB007	661	lui	lui	linguistic	none	_	Begin=2380.8	_	_	_	_
661-1	PSB007	661	è:	è	linguistic	none	_	_	0x1	_	_	_
661-2	PSB007	661	{P}	{P}	shortpause	none	_	_	_	_	_	_
661-3	PSB007	661	insegnante:	insegnante	linguistic	none	_	End=2383.22	9x1	_	_	_
662-0	PSB007	662	della	della	linguistic	none	_	Begin=2384.48	_	_	_	_
662-1	PSB007	662	scuola:	scuola	linguistic	none	_	_	5x1	_	_	_
662-2	PSB007	662	in	in	linguistic	none	_	_	_	_	_	_
662-3	PSB007	662	nella	nella	linguistic	none	_	_	_	_	_	_
662-4	PSB007	662	scuola:	scuola	linguistic	none	_	_	5x1	_	_	_
662-5	PSB007	662	superiore,	superiore	linguistic	none	Intonation=weakly_rising	End=2387.36	_	_	_	_
663-0	PSB007	663	e:	e	linguistic	none	_	Begin=2387.91	0x1	_	_	_
663-1	PSB007	663	ogni	ogni	linguistic	none	_	_	_	_	_	_
663-2	PSB007	663	giorno	giorno	linguistic	none	_	_	_	_	_	_
663-3	PSB007	663	lui	lui	linguistic	none	_	_	_	_	_	_
663-4	PSB007	663	lavora	lavora	linguistic	none	_	_	_	_	_	_
663-5	PSB007	663	su	su	linguistic	none	_	_	_	_	_	_
663-6	PSB007	663	zoom	zoom	linguistic	none	_	End=2389.7	_	_	_	_
664-0	PSB005	664	mhmh	mhmh	linguistic	none	_	Begin=2389.7|End=2390.19	_	_	_	_
665-0	PSB005	665	da	da	linguistic	none	_	Begin=2390.89	_	_	_	_
665-1	PSB005	665	due	due	linguistic	none	_	_	_	_	_	_
665-2	PSB005	665	anni:	anni	linguistic	none	_	End=2391.74	3x1	_	_	_
666-0	PSB007	666	sì	sì	linguistic	none	_	Begin=2391.84|End=2392.18	_	_	_	_
667-0	PSB005	667	sì	sì	linguistic	none	_	Begin=2392.63	_	_	_	_
667-1	PSB005	667	sì	sì	linguistic	none	_	End=2393.14	_	_	_	_
668-0	PSB007	668	sì	sì	linguistic	none	_	Begin=2393.44|End=2393.81	_	_	_	_
669-0	PSB007	669	hanno	hanno	linguistic	none	_	Begin=2394.14	_	_	_	_
669-1	PSB007	669	provato	provato	linguistic	none	_	_	_	_	_	_
669-2	PSB007	669	di::	di	linguistic	none	_	_	1x2	_	_	_
669-3	PSB007	669	<cambiare>	cambiare	linguistic	none	_	_	_	Slow=0-8(0)	_	_
669-4	PSB007	669	questa	questa	linguistic	none	_	_	_	_	_	_
669-5	PSB007	669	modalità	modalità	linguistic	none	_	_	_	_	_	_
669-6	PSB007	669	del	del	linguistic	none	_	_	_	_	_	_
669-7	PSB007	669	lavoro:,	lavoro	linguistic	none	Intonation=weakly_rising	_	5x1	_	_	_
669-8	PSB007	669	MA	ma	linguistic	none	Volume=high	_	_	_	_	_
669-9	PSB007	669	non	non	linguistic	none	_	_	_	_	_	_
669-10	PSB007	669	è	è	linguistic	none	_	_	_	_	_	_
669-11	PSB007	669	durato	durato	linguistic	none	_	_	_	_	_	_
669-12	PSB007	669	tanto::	tanto	linguistic	none	_	_	4x2	_	_	_
669-13	PSB007	669	perché	perché	linguistic	none	_	_	_	_	_	_
669-14	PSB007	669	basta	basta	linguistic	none	_	_	_	_	_	_
669-15	PSB007	669	che	che	linguistic	none	_	_	_	_	_	_
669-16	PSB007	669	arriva::	arriva	linguistic	none	_	_	5x2	_	_	_
669-17	PSB007	669	{P}	{P}	shortpause	none	_	_	_	_	_	_
669-18	PSB007	669	eh	eh	linguistic	none	_	_	_	_	_	_
669-19	PSB007	669	qualche	qualche	linguistic	none	_	_	_	_	_	_
669-20	PSB007	669	bombardamento::	bombardamento	linguistic	none	_	_	12x2	_	_	_
669-21	PSB007	669	e:	e	linguistic	none	_	End=2405.65	0x1	_	_	_
670-0	PSB005	670	ed	ed	linguistic	none	_	Begin=2406.07	_	_	_	_
670-1	PSB005	670	è	è	linguistic	none	_	_	_	_	_	_
670-2	PSB005	670	la	la	linguistic	none	_	_	_	_	_	_
670-3	PSB005	670	stessa	stessa	linguistic	none	_	_	_	_	_	_
670-4	PSB005	670	cosa	cosa	linguistic	none	_	_	_	_	_	_
670-5	PSB005	670	in	in	linguistic	none	_	_	_	_	_	_
670-6	PSB005	670	tutta	tutta	linguistic	none	_	_	_	_	_	_
670-7	PSB005	670	in	in	linguistic	none	_	_	_	_	_	_
670-8	PSB005	670	tutto	tutto	linguistic	none	_	_	_	_	_	_
670-9	PSB005	670	il	il	linguistic	none	_	_	_	_	_	_
670-10	PSB005	670	paese:	paese	linguistic	none	_	_	4x1	_	_	_
670-11	PSB005	670	oppure::	oppure	linguistic	none	_	_	5x2	_	_	_
670-12	PSB005	670	{P}	{P}	shortpause	none	_	_	_	_	_	_
670-13	PSB005	670	nella	nella	linguistic	none	_	_	_	_	_	_
670-14	PSB005	670	tua	tua	linguistic	none	_	_	_	_	_	_
670-15	PSB005	670	zona	zona	linguistic	none	_	_	_	_	_	_
670-16	PSB005	670	è:	è	linguistic	none	_	_	0x1	_	_	_
670-17	PSB005	670	[xxx]	x	unknown	none	_	End=2412.75	_	_	_	0-3(88)
671-0	PSB007	671	[nella	nella	linguistic	none	_	Begin=2411.39	_	_	_	0-5(88)
671-1	PSB007	671	mia	mia	linguistic	none	_	_	_	_	_	0-3(88)
671-2	PSB007	671	zona]	zona	linguistic	none	_	End=2412.76	_	_	_	0-4(88)
672-0	PSB007	672	nella	nella	linguistic	none	_	Begin=2413.08	_	_	_	_
672-1	PSB007	672	mia	mia	linguistic	none	_	_	_	_	_	_
672-2	PSB007	672	zona	zona	linguistic	none	_	_	_	_	_	_
672-3	PSB007	672	sicuramente	sicuramente	linguistic	none	_	_	_	_	_	_
672-4	PSB007	672	sì	sì	linguistic	none	_	_	_	_	_	_
672-5	PSB007	672	nella	nella	linguistic	none	_	_	_	_	_	_
672-6	PSB007	672	zo~	zo~	linguistic	none	Interrupted=Yes	_	_	_	_	_
672-7	PSB007	672	nella	nella	linguistic	none	_	_	_	_	_	_
672-8	PSB007	672	parte	parte	linguistic	none	_	_	_	_	_	_
672-9	PSB007	672	orientale	orientale	linguistic	none	_	_	_	_	_	_
672-10	PSB007	672	dell'	dell'	linguistic	none	SpaceAfter=No	_	_	_	_	_
672-11	PSB007	672	ucraina	ucraina	linguistic	none	_	End=2417.2	_	_	_	_
673-0	PSB005	673	sì	sì	linguistic	none	_	Begin=2417.23	_	_	_	_
673-1	PSB005	673	>sì	sì	linguistic	none	_	_	_	Fast=0-2(0)	_	_
673-2	PSB005	673	sì<	sì	linguistic	none	_	End=2418.06	_	Fast=0-2(0)	_	_
674-0	PSB007	674	e:h	eh	linguistic	none	_	Begin=2418.08	0x1	_	_	_
674-1	PSB007	674	m:h	mh	linguistic	none	_	End=2419.3	0x1	_	_	_
675-0	PSB007	675	non	non	linguistic	none	_	Begin=2420.85	_	_	_	_
675-1	PSB007	675	voglio::	voglio	linguistic	none	_	_	5x2	_	_	_
675-2	PSB007	675	dire	dire	linguistic	none	_	_	_	_	_	_
675-3	PSB007	675	le	le	linguistic	none	_	_	_	_	_	_
675-4	PSB007	675	bugie:,	bugie	linguistic	none	Intonation=weakly_rising	_	4x1	_	_	_
675-5	PSB007	675	quindi	quindi	linguistic	none	_	_	_	_	_	_
675-6	PSB007	675	non	non	linguistic	none	_	_	_	_	_	_
675-7	PSB007	675	so.	so	linguistic	none	Intonation=falling	_	_	_	_	_
675-8	PSB007	675	come	come	linguistic	none	_	_	_	_	_	_
675-9	PSB007	675	[funzionano]	funzionano	linguistic	none	_	_	_	_	_	0-10(89)
675-10	PSB007	675	adesso	adesso	linguistic	none	_	_	_	_	_	_
675-11	PSB007	675	per	per	linguistic	none	_	_	_	_	_	_
675-12	PSB007	675	esempio:	esempio	linguistic	none	_	_	6x1	_	_	_
675-13	PSB007	675	le	le	linguistic	none	_	_	_	_	_	_
675-14	PSB007	675	scuole	scuole	linguistic	none	_	_	_	_	_	_
675-15	PSB007	675	a:	a	linguistic	none	_	_	0x1	_	_	_
675-16	PSB007	675	kiev	kiev	linguistic	none	_	_	_	_	_	_
675-17	PSB007	675	oppure	oppure	linguistic	none	_	_	_	_	_	_
675-18	PSB007	675	a	a	linguistic	none	_	_	_	_	_	_
675-19	PSB007	675	leopoli:,	leopoli	linguistic	none	Intonation=weakly_rising	_	6x1	_	_	_
675-20	PSB007	675	oppure	oppure	linguistic	none	_	_	_	_	_	_
675-21	PSB007	675	a	a	linguistic	none	_	_	_	_	_	_
675-22	PSB007	675	ternopil	ternopil	linguistic	none	_	_	_	_	_	_
675-23	PSB007	675	quindi	quindi	linguistic	none	_	_	_	_	_	_
675-24	PSB007	675	nella	nella	linguistic	none	_	_	_	_	_	_
675-25	PSB007	675	parte	parte	linguistic	none	_	_	_	_	_	_
675-26	PSB007	675	occidenta[le],	occidentale	linguistic	none	Intonation=weakly_rising	End=2431.68	_	_	_	9-11(90)
676-0	PSB005	676	[sì	sì	linguistic	none	_	Begin=2424.52	_	_	_	0-2(89)
676-1	PSB005	676	sì	sì	linguistic	none	_	_	_	_	_	0-2(89)
676-2	PSB005	676	sì]	sì	linguistic	none	_	End=2425.21	_	_	_	0-2(89)
677-0	PSB005	677	>[sì	sì	linguistic	none	_	Begin=2431.15	_	Fast=0-2(0)	_	0-2(90)
677-1	PSB005	677	sì]	sì	linguistic	none	_	_	_	Fast=0-2(0)	_	0-2(90)
677-2	PSB005	677	sì<	sì	linguistic	none	_	End=2431.98	_	Fast=0-2(0)	_	_
678-0	PSB007	678	eh	eh	linguistic	none	_	Begin=2432.33|End=2432.98	_	_	_	_
679-0	PSB007	679	boh	boh	linguistic	none	_	Begin=2433.81|End=2434.35	_	_	_	_
680-0	PSB007	680	io	io	linguistic	none	_	Begin=2434.37	_	_	_	_
680-1	PSB007	680	d~	d~	linguistic	none	Interrupted=Yes	_	_	_	_	_
680-2	PSB007	680	a	a	linguistic	none	_	_	_	_	_	_
680-3	PSB007	680	@nomeluogo	nomeluogo	linguistic	none	_	_	_	_	_	_
680-4	PSB007	680	c'	c'	linguistic	none	SpaceAfter=No	_	_	_	_	_
680-5	PSB007	680	è	è	linguistic	none	_	_	_	_	_	_
680-6	PSB007	680	anche::	anche	linguistic	none	_	_	4x2	_	_	_
680-7	PSB007	680	mh	mh	linguistic	none	_	_	_	_	_	_
680-8	PSB007	680	hanno	hanno	linguistic	none	_	_	_	_	_	_
680-9	PSB007	680	costruit(o):	costruito	linguistic	none	_	End=2437.5	8x1	_	7-9(0)	_
681-0	PSB007	681	una	una	linguistic	none	_	Begin=2438.91	_	_	_	_
681-1	PSB007	681	scuola	scuola	linguistic	none	_	_	_	_	_	_
681-2	PSB007	681	interessante,	interessante	linguistic	none	Intonation=weakly_rising	_	_	_	_	_
681-3	PSB007	681	sotto	sotto	linguistic	none	_	_	_	_	_	_
681-4	PSB007	681	sotto::	sotto	linguistic	none	_	End=2442.26	4x2	_	_	_
682-0	PSB005	682	mh[mh]	mhmh	linguistic	none	_	Begin=2442.29|End=2442.67	_	_	_	2-4(91)
683-0	PSB007	683	$[terrani[a:]	terrania	linguistic	none	Orthography=Yes	Begin=2442.51|End=2443.15	7x1	_	_	_
684-0	PSB005	684	[mh]mh	mhmh	linguistic	none	_	Begin=2443.05|End=2443.46	_	_	_	0-2(92)
685-0	PSB007	685	e::h	eh	linguistic	none	_	Begin=2444.11|End=2445.08	0x2	_	_	_
686-0	PSB007	686	m~	m~	linguistic	none	Interrupted=Yes	Begin=2446.57	_	_	_	_
686-1	PSB007	686	si	si	linguistic	none	_	_	_	_	_	_
686-2	PSB007	686	trova	trova	linguistic	none	_	_	_	_	_	_
686-3	PSB007	686	i:n	in	linguistic	none	_	_	0x1	_	_	_
686-4	PSB007	686	nello	nello	linguistic	none	_	_	_	_	_	_
686-5	PSB007	686	spazio:	spazio	linguistic	none	_	_	5x1	_	_	_
686-6	PSB007	686	dove	dove	linguistic	none	_	_	_	_	_	_
686-7	PSB007	686	c'	c'	linguistic	none	SpaceAfter=No	_	_	_	_	_
686-8	PSB007	686	era::	era	linguistic	none	_	End=2450.18	2x2	_	_	_
687-0	PSB007	687	comunque	comunque	linguistic	none	_	Begin=2452.82	_	_	_	_
687-1	PSB007	687	>un	un	linguistic	none	_	_	_	Fast=0-2(0)	_	_
687-2	PSB007	687	un<	un	linguistic	none	_	_	_	Fast=0-2(0)	_	_
687-3	PSB007	687	l:~	l~	linguistic	none	Interrupted=Yes	_	0x1	_	_	_
687-4	PSB007	687	la	la	linguistic	none	_	_	_	_	_	_
687-5	PSB007	687	parte	parte	linguistic	none	_	_	_	_	_	_
687-6	PSB007	687	della	della	linguistic	none	_	_	_	_	_	_
687-7	PSB007	687	metropolitana,	metropolitana	linguistic	none	Intonation=weakly_rising	End=2455.99	_	_	_	_
688-0	PSB007	688	loro	loro	linguistic	none	_	Begin=2456.35	_	_	_	_
688-1	PSB007	688	<lì>	lì	linguistic	none	_	_	_	Slow=0-2(0)	_	_
688-2	PSB007	688	hanno	hanno	linguistic	none	_	_	_	_	_	_
688-3	PSB007	688	creato	creato	linguistic	none	_	_	_	_	_	_
688-4	PSB007	688	questa:	questa	linguistic	none	_	_	5x1	_	_	_
688-5	PSB007	688	eh	eh	linguistic	none	_	_	_	_	_	_
688-6	PSB007	688	{P}	{P}	shortpause	none	_	_	_	_	_	_
688-7	PSB007	688	scuola	scuola	linguistic	none	_	_	_	_	_	_
688-8	PSB007	688	diciamo	diciamo	linguistic	none	_	_	_	_	_	_
688-9	PSB007	688	sì	sì	linguistic	none	_	_	_	_	_	_
688-10	PSB007	688	scuola	scuola	linguistic	none	_	End=2461.64	_	_	_	_
689-0	PSB007	689	ci	ci	linguistic	none	_	Begin=2461.82	_	_	_	_
689-1	PSB007	689	sono	sono	linguistic	none	_	_	_	_	_	_
689-2	PSB007	689	tre:	tre	linguistic	none	_	_	2x1	_	_	_
689-3	PSB007	689	eh	eh	linguistic	none	_	End=2463.77	_	_	_	_
690-0	PSB007	690	tre	tre	linguistic	none	_	Begin=2464.48	_	_	_	_
690-1	PSB007	690	o	o	linguistic	none	_	_	_	_	_	_
690-2	PSB007	690	quattro:	quattro	linguistic	none	_	End=2465.75	6x1	_	_	_
691-0	PSB007	691	aule:,	aule	linguistic	none	Intonation=weakly_rising	Begin=2466.54|End=2467.38	3x1	_	_	_
692-0	PSB007	692	quindi	quindi	linguistic	none	_	Begin=2469.11	_	_	_	_
692-1	PSB007	692	non	non	linguistic	none	_	_	_	_	_	_
692-2	PSB007	692	è	è	linguistic	none	_	_	_	_	_	_
692-3	PSB007	692	un:	un	linguistic	none	_	_	1x1	_	_	_
692-4	PSB007	692	non	non	linguistic	none	_	_	_	_	_	_
692-5	PSB007	692	parliamo	parliamo	linguistic	none	_	_	_	_	_	_
692-6	PSB007	692	di	di	linguistic	none	_	_	_	_	_	_
692-7	PSB007	692	una	una	linguistic	none	_	_	_	_	_	_
692-8	PSB007	692	scuola	scuola	linguistic	none	_	_	_	_	_	_
692-9	PSB007	692	di	di	linguistic	none	_	_	_	_	_	_
692-10	PSB007	692	quattro	quattro	linguistic	none	_	_	_	_	_	_
692-11	PSB007	692	piani	piani	linguistic	none	_	_	_	_	_	_
692-12	PSB007	692	ovviamen[te	ovviamente	linguistic	none	_	_	_	_	_	8-10(93)
692-13	PSB007	692	no]?	no	linguistic	none	Intonation=rising	End=2473.3	_	_	_	0-2(93)
693-0	PSB005	693	[sì	sì	linguistic	none	_	Begin=2472.9	_	_	_	0-2(93)
693-1	PSB005	693	sì]	sì	linguistic	none	_	_	_	_	_	0-2(93)
693-2	PSB005	693	sì	sì	linguistic	none	_	End=2473.59	_	_	_	_
694-0	PSB007	694	E:H	eh	linguistic	none	Volume=high	Begin=2473.91	0x1	_	_	_
694-1	PSB007	694	MA	ma	linguistic	none	Volume=high	_	_	_	_	_
694-2	PSB007	694	LÌ:	lì	linguistic	none	Volume=high	_	1x1	_	_	_
694-3	PSB007	694	si	si	linguistic	none	_	_	_	_	_	_
694-4	PSB007	694	lì	lì	linguistic	none	_	_	_	_	_	_
694-5	PSB007	694	studiano::	studiano	linguistic	none	_	End=2477.08	7x2	_	_	_
695-0	PSB005	695	di	di	linguistic	none	_	Begin=2478.72	_	_	_	_
695-1	PSB005	695	per[sona:	persona	linguistic	none	_	_	6x1	_	_	3-7(94)
695-2	PSB005	695	{P}	{P}	shortpause	none	_	_	_	_	_	0-3(94)
695-3	PSB005	695	sì]	sì	linguistic	none	_	End=2479.99	_	_	_	0-2(94)
696-0	PSB007	696	[<i	i	linguistic	none	_	Begin=2479.01	_	Slow=0-1(0)	_	0-1(94)
696-1	PSB007	696	ba~	ba~	linguistic	none	Interrupted=Yes	_	_	Slow=0-3(0)	_	0-3(94)
696-2	PSB007	696	i	i	linguistic	none	_	_	_	Slow=0-1(0)	_	0-1(94)
696-3	PSB007	696	bam]bini:>,	bambini	linguistic	none	Intonation=weakly_rising	End=2480.59	6x1	Slow=0-7(0)	_	0-3(94)
697-0	PSB007	697	s[ì]	sì	linguistic	none	_	Begin=2480.81|End=2481.29	_	_	_	1-2(95)
698-0	PSB005	698	[mh]mh	mhmh	linguistic	none	_	Begin=2481.18|End=2481.52	_	_	_	0-2(95)
699-0	PSB007	699	in	in	linguistic	none	_	Begin=2482.17	_	_	_	_
699-1	PSB007	699	presenza	presenza	linguistic	none	_	End=2483.1	_	_	_	_
700-0	PSB005	700	sì	sì	linguistic	none	_	Begin=2483.12	_	_	_	_
700-1	PSB005	700	{P}	{P}	shortpause	none	_	_	_	_	_	_
700-2	PSB005	700	sì	sì	linguistic	none	_	_	_	_	_	_
700-3	PSB005	700	sì	sì	linguistic	none	_	_	_	_	_	_
700-4	PSB005	700	ho	ho	linguistic	none	_	_	_	_	_	_
700-5	PSB005	700	capi[to	capito	linguistic	none	_	_	_	_	_	4-6(96)
700-6	PSB005	700	sì]	sì	linguistic	none	_	End=2484.56	_	_	_	0-2(96)
701-0	PSB007	701	[in	in	linguistic	none	_	Begin=2484.0	_	_	_	0-2(96)
701-1	PSB007	701	pres]enza	presenza	linguistic	none	_	_	_	_	_	0-4(96)
701-2	PSB007	701	e	e	linguistic	none	_	_	_	_	_	_
701-3	PSB007	701	quindi:	quindi	linguistic	none	_	End=2485.23	5x1	_	_	_
702-0	PSB007	702	con	con	linguistic	none	_	Begin=2486.03	_	_	_	_
702-1	PSB007	702	quella	quella	linguistic	none	_	_	_	_	_	_
702-2	PSB007	702	scuola:	scuola	linguistic	none	_	_	5x1	_	_	_
702-3	PSB007	702	l'	l'	linguistic	none	SpaceAfter=No	_	_	_	_	_
702-4	PSB007	702	unica	unica	linguistic	none	_	_	_	_	_	_
702-5	PSB007	702	problema	problema	linguistic	none	_	_	_	_	_	_
702-6	PSB007	702	è:	è	linguistic	none	_	End=2488.57	0x1	_	_	_
703-0	PSB007	703	<portar[e:>	portare	linguistic	none	_	Begin=2489.12	6x1	Slow=0-7(0)	_	6-7(97)
703-1	PSB007	703	{P}	{P}	shortpause	none	_	_	_	_	_	0-3(97)
703-2	PSB007	703	il	il	linguistic	none	_	_	_	_	_	0-2(97)
703-3	PSB007	703	bimbo]	bimbo	linguistic	none	_	_	_	_	_	0-5(97)
703-4	PSB007	703	fin	fin	linguistic	none	_	_	_	_	_	_
703-5	PSB007	703	da	da	linguistic	none	_	_	_	_	_	_
703-6	PSB007	703	questa	questa	linguistic	none	_	_	_	_	_	_
703-7	PSB007	703	s[cuo]la,	scuola	linguistic	none	Intonation=weakly_rising	_	_	_	_	1-4(98)
703-8	PSB007	703	e:	e	linguistic	none	_	_	0x1	_	_	_
703-9	PSB007	703	s~	s~	linguistic	none	Interrupted=Yes	End=2492.55	_	_	_	_
704-0	PSB005	704	[certo]	certo	linguistic	none	_	Begin=2489.9|End=2490.59	_	_	_	0-5(97)
705-0	PSB005	705	[mh]	mh	linguistic	none	_	Begin=2491.43|End=2491.73	_	_	_	0-2(98)
706-0	PSB007	706	ciò	ciò	linguistic	none	_	Begin=2493.49	_	_	_	_
706-1	PSB007	706	ovviamente	ovviamente	linguistic	none	_	_	_	_	_	_
706-2	PSB007	706	di	di	linguistic	none	_	_	_	_	_	_
706-3	PSB007	706	solito:	solito	linguistic	none	_	End=2495.42	5x1	_	_	_
707-0	PSB007	707	eh	eh	linguistic	none	_	Begin=2495.67	_	_	_	_
707-1	PSB007	707	le	le	linguistic	none	_	_	_	_	_	_
707-2	PSB007	707	famiglie:,	famiglie	linguistic	none	Intonation=weakly_rising	End=2497.21	7x1	_	_	_
708-0	PSB007	708	>abitano	abitano	linguistic	none	_	Begin=2497.5	_	Fast=0-7(0)	_	_
708-1	PSB007	708	più	più	linguistic	none	_	_	_	Fast=0-3(0)	_	_
708-2	PSB007	708	o	o	linguistic	none	_	_	_	Fast=0-1(0)	_	_
708-3	PSB007	708	meno<	meno	linguistic	none	_	_	_	Fast=0-4(0)	_	_
708-4	PSB007	708	<VIC[INO:>,]	vicino	linguistic	none	Intonation=weakly_rising|Volume=high	_	5x1	Slow=0-6(0)	_	3-6(99)
708-5	PSB007	708	dalla	dalla	linguistic	none	_	_	_	_	_	_
708-6	PSB007	708	scuola	scuola	linguistic	none	_	_	_	_	_	_
708-7	PSB007	708	dove:	dove	linguistic	none	_	End=2500.787	3x1	_	_	_
709-0	PSB005	709	[mhmh]	mhmh	linguistic	none	_	Begin=2499.04|End=2499.43	_	_	_	0-4(99)
710-0	PSB005	710	sì	sì	linguistic	none	_	Begin=2500.81	_	_	_	_
710-1	PSB005	710	sì	sì	linguistic	none	_	End=2501.25	_	_	_	_
711-0	PSB007	711	°studia	studia	linguistic	none	Volume=low	Begin=2501.46	_	_	_	_
711-1	PSB007	711	il	il	linguistic	none	Volume=low	_	_	_	_	_
711-2	PSB007	711	bimbo:	bimbo	linguistic	none	Volume=low	_	4x1	_	_	_
711-3	PSB007	711	a~	a~	linguistic	none	Interrupted=Yes|Volume=low	_	_	_	_	_
711-4	PSB007	711	non	non	linguistic	none	Volume=low	_	_	_	_	_
711-5	PSB007	711	sempre	sempre	linguistic	none	Volume=low	_	_	_	_	_
711-6	PSB007	711	ma	ma	linguistic	none	Volume=low	_	_	_	_	_
711-7	PSB007	711	comunque:°	comunque	linguistic	none	Volume=low	End=2504.83	7x1	_	_	_
712-0	PSB005	712	°mhmh	mhmh	linguistic	none	Volume=low	Begin=2506.17	_	_	_	_
712-1	PSB005	712	okay	okay	linguistic	none	Volume=low	_	_	_	_	_
712-2	PSB005	712	ho	ho	linguistic	none	Volume=low	_	_	_	_	_
712-3	PSB005	712	capito°	capito	linguistic	none	Volume=low	End=2507.72	_	_	_	_
713-0	PSB005	713	E:	e	linguistic	none	Volume=high	Begin=2508.29	0x1	_	_	_
713-1	PSB005	713	ma	ma	linguistic	none	_	_	_	_	_	_
713-2	PSB005	713	invece	invece	linguistic	none	_	_	_	_	_	_
713-3	PSB005	713	in	in	linguistic	none	_	_	_	_	_	_
713-4	PSB005	713	questi	questi	linguistic	none	_	_	_	_	_	_
713-5	PSB005	713	{P}	{P}	shortpause	none	_	_	_	_	_	_
713-6	PSB005	713	due	due	linguistic	none	_	_	_	_	_	_
713-7	PSB005	713	anni	anni	linguistic	none	_	_	_	_	_	_
713-8	PSB005	713	che	che	linguistic	none	_	_	_	_	_	_
713-9	PSB005	713	sei	sei	linguistic	none	_	_	_	_	_	_
713-10	PSB005	713	stata	stata	linguistic	none	_	_	_	_	_	_
713-11	PSB005	713	qui,	qui	linguistic	none	Intonation=weakly_rising	End=2511.63	_	_	_	_
714-0	PSB005	714	che	che	linguistic	none	_	Begin=2512.13	_	_	_	_
714-1	PSB005	714	{P}	{P}	shortpause	none	_	_	_	_	_	_
714-2	PSB005	714	che	che	linguistic	none	_	_	_	_	_	_
714-3	PSB005	714	attività	attività	linguistic	none	_	_	_	_	_	_
714-4	PSB005	714	hai	hai	linguistic	none	_	_	_	_	_	_
714-5	PSB005	714	fatto	fatto	linguistic	none	_	_	_	_	_	_
714-6	PSB005	714	che	che	linguistic	none	_	_	_	_	_	_
714-7	PSB005	714	hai	hai	linguistic	none	_	_	_	_	_	_
714-8	PSB005	714	trovato	trovato	linguistic	none	_	_	_	_	_	_
714-9	PSB005	714	lavoro:?	lavoro	linguistic	none	Intonation=rising	_	5x1	_	_	_
714-10	PSB005	714	c'	c'	linguistic	none	SpaceAfter=No	_	_	_	_	_
714-11	PSB005	714	erano	erano	linguistic	none	_	_	_	_	_	_
714-12	PSB005	714	delle	delle	linguistic	none	_	_	_	_	_	_
714-13	PSB005	714	opportunità:	opportunità	linguistic	none	_	_	10x1	_	_	_
714-14	PSB005	714	dell'	dell'	linguistic	none	SpaceAfter=No	_	_	_	_	_
714-15	PSB005	714	università::?	università	linguistic	none	Intonation=rising	End=2517.73	9x2	_	_	_
715-0	PSB005	715	qui:,	qui	linguistic	none	Intonation=weakly_rising	Begin=2518.96|End=2519.54	2x1	_	_	_
716-0	PSB007	716	e:h	eh	linguistic	none	_	Begin=2520.02	0x1	_	_	_
716-1	PSB007	716	m:h	mh	linguistic	none	_	End=2520.94	0x1	_	_	_
717-0	PSB007	717	ATTUALMENTE	attualmente	linguistic	none	Volume=high	Begin=2522.79	_	_	_	_
717-1	PSB007	717	IO::	io	linguistic	none	Volume=high	_	1x2	_	_	_
717-2	PSB007	717	sono	sono	linguistic	none	_	_	_	_	_	_
717-3	PSB007	717	ricercatrice:,	ricercatrice	linguistic	none	Intonation=weakly_rising	End=2526.18	11x1	_	_	_
718-0	PSB007	718	quindi::	quindi	linguistic	none	_	Begin=2526.26	5x2	_	_	_
718-1	PSB007	718	ho:	ho	linguistic	none	_	_	1x1	_	_	_
718-2	PSB007	718	m:h	mh	linguistic	none	_	_	0x1	_	_	_
718-3	PSB007	718	un	un	linguistic	none	_	_	_	_	_	_
718-4	PSB007	718	contratto	contratto	linguistic	none	_	_	_	_	_	_
718-5	PSB007	718	di	di	linguistic	none	_	_	_	_	_	_
718-6	PSB007	718	visiting	visiting	linguistic	none	_	_	_	_	_	_
718-7	PSB007	718	fellow,	fellow	linguistic	none	Intonation=weakly_rising	_	_	_	_	_
718-8	PSB007	718	[presso]	presso	linguistic	none	_	_	_	_	_	0-6(100)
718-9	PSB007	718	università	università	linguistic	none	_	_	_	_	_	_
718-10	PSB007	718	di	di	linguistic	none	_	_	_	_	_	_
718-11	PSB007	718	@nomeluogo	nomeluogo	linguistic	none	_	End=2533.347	_	_	_	_
719-0	PSB005	719	[mhmh]	mhmh	linguistic	none	_	Begin=2530.85|End=2531.49	_	_	_	0-4(100)
720-0	PSB007	720	e::	e	linguistic	none	_	Begin=2534.43	0x2	_	_	_
720-1	PSB007	720	m::h	mh	linguistic	none	_	_	0x2	_	_	_
720-2	PSB007	720	adesso	adesso	linguistic	none	_	_	_	_	_	_
720-3	PSB007	720	io	io	linguistic	none	_	_	_	_	_	_
720-4	PSB007	720	faccio	faccio	linguistic	none	_	_	_	_	_	_
720-5	PSB007	720	parte:	parte	linguistic	none	_	_	4x1	_	_	_
720-6	PSB007	720	del	del	linguistic	none	_	_	_	_	_	_
720-7	PSB007	720	progetto	progetto	linguistic	none	_	_	_	_	_	_
720-8	PSB007	720	che	che	linguistic	none	_	_	_	_	_	_
720-9	PSB007	720	si	si	linguistic	none	_	_	_	_	_	_
720-10	PSB007	720	chiama	chiama	linguistic	none	_	_	_	_	_	_
720-11	PSB007	720	@nome	nome	linguistic	none	_	End=2540.187	_	_	_	_
721-0	PSB007	721	è	è	linguistic	none	_	Begin=2540.32	_	_	_	_
721-1	PSB007	721	dedicato	dedicato	linguistic	none	_	_	_	_	_	_
721-2	PSB007	721	alla	alla	linguistic	none	_	_	_	_	_	_
721-3	PSB007	721	numismatica	numismatica	linguistic	none	_	_	_	_	_	_
721-4	PSB007	721	biza[ntina]	bizantina	linguistic	none	_	End=2542.69	_	_	_	4-9(101)
722-0	PSB005	722	[mhmh]	mhmh	linguistic	none	_	Begin=2542.14|End=2542.45	_	_	_	0-4(101)
723-0	PSB007	723	e:h	eh	linguistic	none	_	Begin=2543.24	0x1	_	_	_
723-1	PSB007	723	una::	una	linguistic	none	_	_	2x2	_	_	_
723-2	PSB007	723	m:h	mh	linguistic	none	_	End=2545.22	0x1	_	_	_
724-0	PSB007	724	questo	questo	linguistic	none	_	Begin=2545.27	_	_	_	_
724-1	PSB007	724	gruppo:	gruppo	linguistic	none	_	_	5x1	_	_	_
724-2	PSB007	724	e:h	eh	linguistic	none	_	_	0x1	_	_	_
724-3	PSB007	724	di	di	linguistic	none	_	_	_	_	_	_
724-4	PSB007	724	ricercatori,	ricercatori	linguistic	none	Intonation=weakly_rising	_	_	_	_	_
724-5	PSB007	724	de~	de~	linguistic	none	Interrupted=Yes	_	_	_	_	_
724-6	PSB007	724	degli	degli	linguistic	none	_	_	_	_	_	_
724-7	PSB007	724	scienz~	scienz~	linguistic	none	Interrupted=Yes	_	_	_	_	_
724-8	PSB007	724	scienziati,	scienziati	linguistic	none	Intonation=weakly_rising	_	_	_	_	_
724-9	PSB007	724	loro	loro	linguistic	none	_	_	_	_	_	_
724-10	PSB007	724	hanno	hanno	linguistic	none	_	_	_	_	_	_
724-11	PSB007	724	creato	creato	linguistic	none	_	_	_	_	_	_
724-12	PSB007	724	una	una	linguistic	none	_	_	_	_	_	_
724-13	PSB007	724	{P}	{P}	shortpause	none	_	_	_	_	_	_
724-14	PSB007	724	<grande>	grande	linguistic	none	_	_	_	Slow=0-6(0)	_	_
724-15	PSB007	724	banca	banca	linguistic	none	_	_	_	_	_	_
724-16	PSB007	724	dati	dati	linguistic	none	_	_	_	_	_	_
724-17	PSB007	724	elettronica,	elettronica	linguistic	none	Intonation=weakly_rising	End=2554.75	_	_	_	_
725-0	PSB007	725	che	che	linguistic	none	_	Begin=2555.23	_	_	_	_
725-1	PSB007	725	accumula	accumula	linguistic	none	_	_	_	_	_	_
725-2	PSB007	725	tantissime:	tantissime	linguistic	none	_	_	9x1	_	_	_
725-3	PSB007	725	monete	monete	linguistic	none	_	_	_	_	_	_
725-4	PSB007	725	che	che	linguistic	none	_	_	_	_	_	_
725-5	PSB007	725	si	si	linguistic	none	_	_	_	_	_	_
725-6	PSB007	725	può	può	linguistic	none	_	_	_	_	_	_
725-7	PSB007	725	trovare	trovare	linguistic	none	_	End=2558.87	_	_	_	_
726-0	PSB007	726	mh	mh	linguistic	none	_	Begin=2560.03	_	_	_	_
726-1	PSB007	726	nel	nel	linguistic	none	_	_	_	_	_	_
726-2	PSB007	726	xxx	x	unknown	none	_	_	_	_	_	_
726-3	PSB007	726	bizantine,	bizantine	linguistic	none	Intonation=weakly_rising	End=2561.79	_	_	_	_
727-0	PSB007	727	e::	e	linguistic	none	_	Begin=2562.53	0x2	_	_	_
727-1	PSB007	727	il	il	linguistic	none	_	_	_	_	_	_
727-2	PSB007	727	mio	mio	linguistic	none	_	_	_	_	_	_
727-3	PSB007	727	compito:	compito	linguistic	none	_	_	6x1	_	_	_
727-4	PSB007	727	è::	è	linguistic	none	_	_	0x2	_	_	_
727-5	PSB007	727	m:h	mh	linguistic	none	_	End=2564.73	0x1	_	_	_
728-0	PSB007	728	<inserire>	inserire	linguistic	none	_	Begin=2564.79	_	Slow=0-8(0)	_	_
728-1	PSB007	728	in	in	linguistic	none	_	_	_	_	_	_
728-2	PSB007	728	questa	questa	linguistic	none	_	_	_	_	_	_
728-3	PSB007	728	banca	banca	linguistic	none	_	_	_	_	_	_
728-4	PSB007	728	dati:	dati	linguistic	none	_	_	3x1	_	_	_
728-5	PSB007	728	le	le	linguistic	none	_	_	_	_	_	_
728-6	PSB007	728	monete	monete	linguistic	none	_	_	_	_	_	_
728-7	PSB007	728	e::h	eh	linguistic	none	_	_	0x2	_	_	_
728-8	PSB007	728	che	che	linguistic	none	_	_	_	_	_	_
728-9	PSB007	728	sono	sono	linguistic	none	_	_	_	_	_	_
728-10	PSB007	728	sta~	sta~	linguistic	none	Interrupted=Yes	_	_	_	_	_
728-11	PSB007	728	°le	le	linguistic	none	Volume=low	_	_	_	_	_
728-12	PSB007	728	monete,	monete	linguistic	none	Intonation=weakly_rising|Volume=low	_	_	_	_	_
728-13	PSB007	728	che	che	linguistic	none	Volume=low	_	_	_	_	_
728-14	PSB007	728	sono	sono	linguistic	none	Volume=low	_	_	_	_	_
728-15	PSB007	728	state	state	linguistic	none	Volume=low	_	_	_	_	_
728-16	PSB007	728	trovate,°	trovate	linguistic	none	Intonation=weakly_rising|Volume=low	End=2572.4	_	_	_	_
729-0	PSB007	729	e:h	eh	linguistic	none	_	Begin=2572.91	0x1	_	_	_
729-1	PSB007	729	nel	nel	linguistic	none	_	_	_	_	_	_
729-2	PSB007	729	territorio:	territorio	linguistic	none	_	_	9x1	_	_	_
729-3	PSB007	729	e:h	eh	linguistic	none	_	_	0x1	_	_	_
729-4	PSB007	729	di	di	linguistic	none	_	_	_	_	_	_
729-5	PSB007	729	<ex>	ex	linguistic	none	_	_	_	Slow=0-2(0)	_	_
729-6	PSB007	729	unione	unione	linguistic	none	_	_	_	_	_	_
729-7	PSB007	729	sovietico	sovietico	linguistic	none	_	End=2577.21	_	_	_	_
730-0	PSB007	730	sovietica	sovietica	linguistic	none	_	Begin=2578.26|End=2578.85	_	_	_	_
731-0	PSB007	731	e:h	eh	linguistic	none	_	Begin=2579.93	0x1	_	_	_
731-1	PSB007	731	m:h	mh	linguistic	none	_	End=2580.83	0x1	_	_	_
732-0	PSB007	732	TUTTI	tutti	linguistic	none	Volume=high	Begin=2582.26	_	_	_	_
732-1	PSB007	732	i	i	linguistic	none	_	_	_	_	_	_
732-2	PSB007	732	<fonti>	fonti	linguistic	none	_	_	_	Slow=0-5(0)	_	_
732-3	PSB007	732	sono	sono	linguistic	none	_	_	_	_	_	_
732-4	PSB007	732	ovviamente	ovviamente	linguistic	none	_	_	_	_	_	_
732-5	PSB007	732	in	in	linguistic	none	_	_	_	_	_	_
732-6	PSB007	732	lingua	lingua	linguistic	none	_	_	_	_	_	_
732-7	PSB007	732	russa	russa	linguistic	none	_	_	_	_	_	_
732-8	PSB007	732	oppure	oppure	linguistic	none	_	_	_	_	_	_
732-9	PSB007	732	in	in	linguistic	none	_	_	_	_	_	_
732-10	PSB007	732	lingua	lingua	linguistic	none	_	_	_	_	_	_
732-11	PSB007	732	[ucraina,	ucraina	linguistic	none	Intonation=weakly_rising	_	_	_	_	0-7(102)
732-12	PSB007	732	opp]ure	oppure	linguistic	none	_	_	_	_	_	0-3(102)
732-13	PSB007	732	in	in	linguistic	none	_	_	_	_	_	_
732-14	PSB007	732	lingua	lingua	linguistic	none	_	_	_	_	_	_
732-15	PSB007	732	bielorussa:,	bielorussa	linguistic	none	Intonation=weakly_rising	End=2588.57	9x1	_	_	_
733-0	PSB005	733	[mhmh]	mhmh	linguistic	none	_	Begin=2586.61|End=2586.94	_	_	_	0-4(102)
734-0	PSB007	734	E::	e	linguistic	none	Volume=high	Begin=2589.32	0x2	_	_	_
734-1	PSB007	734	m:h	mh	linguistic	none	_	End=2590.34	0x1	_	_	_
735-0	PSB007	735	io	io	linguistic	none	_	Begin=2592.11	_	_	_	_
735-1	PSB007	735	{P}	{P}	shortpause	none	_	_	_	_	_	_
735-2	PSB007	735	mi	mi	linguistic	none	_	_	_	_	_	_
735-3	PSB007	735	occupo:	occupo	linguistic	none	_	End=2593.58	5x1	_	_	_
736-0	PSB007	736	della	della	linguistic	none	_	Begin=2593.98	_	_	_	_
736-1	PSB007	736	ricerca,	ricerca	linguistic	none	Intonation=weakly_rising	End=2595.09	_	_	_	_
737-0	PSB007	737	°su	su	linguistic	none	Volume=low	Begin=2595.45	_	_	_	_
737-1	PSB007	737	questi	questi	linguistic	none	Volume=low	_	_	_	_	_
737-2	PSB007	737	[fonti]	fonti	linguistic	none	Volume=low	_	_	_	_	0-5(103)
737-3	PSB007	737	che	che	linguistic	none	Volume=low	_	_	_	_	_
737-4	PSB007	737	ho	ho	linguistic	none	Volume=low	_	_	_	_	_
737-5	PSB007	737	t~°	t~	linguistic	none	Interrupted=Yes|Volume=low	_	_	_	_	_
737-5bis	PSB007	737	[quindi	quindi	linguistic	none	_	_	_	_	_	0-6(104)
737-6	PSB007	737	io]	io	linguistic	none	_	_	_	_	_	0-2(104)
737-7	PSB007	737	devo	devo	linguistic	none	_	_	_	_	_	_
737-8	PSB007	737	trovare:	trovare	linguistic	none	_	End=2598.02	6x1	_	_	_
738-0	PSB005	738	[mhmh]	mhmh	linguistic	none	_	Begin=2595.96|End=2596.3	_	_	_	0-4(103)
739-0	PSB005	739	[sì	sì	linguistic	none	_	Begin=2596.62	_	_	_	0-2(104)
739-1	PSB005	739	sì	sì	linguistic	none	_	_	_	_	_	0-2(104)
739-2	PSB005	739	sì]	sì	linguistic	none	_	End=2597.17	_	_	_	0-2(104)
740-0	PSB007	740	e:h	eh	linguistic	none	_	Begin=2598.49	0x1	_	_	_
740-1	PSB007	740	e	e	linguistic	none	_	_	_	_	_	_
740-2	PSB007	740	dopo	dopo	linguistic	none	_	_	_	_	_	_
740-3	PSB007	740	lavorare	lavorare	linguistic	none	_	End=2600.2	_	_	_	_
741-0	PSB007	741	e:	e	linguistic	none	_	Begin=2600.62	0x1	_	_	_
741-1	PSB007	741	m:h	mh	linguistic	none	_	End=2601.6	0x1	_	_	_
742-0	PSB007	742	questo	questo	linguistic	none	_	Begin=2603.04	_	_	_	_
742-1	PSB007	742	>lavoro<	lavoro	linguistic	none	_	_	_	Fast=0-6(0)	_	_
742-2	PSB007	742	io	io	linguistic	none	_	_	_	_	_	_
742-3	PSB007	742	io	io	linguistic	none	_	_	_	_	_	_
742-4	PSB007	742	faccio	faccio	linguistic	none	_	_	_	_	_	_
742-5	PSB007	742	da::	da	linguistic	none	_	_	1x2	_	_	_
742-6	PSB007	742	settembre:,	settembre	linguistic	none	Intonation=weakly_rising	End=2606.51	8x1	_	_	_
743-0	PSB007	743	e:h	eh	linguistic	none	_	Begin=2607.28	0x1	_	_	_
743-1	PSB007	743	prima	prima	linguistic	none	_	_	_	_	_	_
743-2	PSB007	743	di	di	linguistic	none	_	_	_	_	_	_
743-3	PSB007	743	@nomeluogo	nomeluogo	linguistic	none	_	_	_	_	_	_
743-4	PSB007	743	ho	ho	linguistic	none	_	_	_	_	_	_
743-5	PSB007	743	lavorato:	lavorato	linguistic	none	_	_	7x1	_	_	_
743-6	PSB007	743	e::h	eh	linguistic	none	_	End=2611.03	0x2	_	_	_
744-0	PSB007	744	per	per	linguistic	none	_	Begin=2611.66	_	_	_	_
744-1	PSB007	744	>università<	università	linguistic	none	_	_	_	Fast=0-10(0)	_	_
744-2	PSB007	744	di	di	linguistic	none	_	_	_	_	_	_
744-3	PSB007	744	@nomeluogo,	@nomeluogo,	linguistic	none	_	End=2613.11	_	_	_	_
745-0	PSB007	745	e:h	eh	linguistic	none	_	Begin=2614.24	0x1	_	_	_
745-1	PSB007	745	lì	lì	linguistic	none	_	_	_	_	_	_
745-2	PSB007	745	c'	c'	linguistic	none	SpaceAfter=No	_	_	_	_	_
745-3	PSB007	745	era	era	linguistic	none	_	_	_	_	_	_
745-4	PSB007	745	un	un	linguistic	none	_	_	_	_	_	_
745-5	PSB007	745	altro	altro	linguistic	none	_	_	_	_	_	_
745-6	PSB007	745	<contratto:>	contratto	linguistic	none	_	End=2617.6	8x1	Slow=0-9(0)	_	_
746-0	PSB007	746	ma	ma	linguistic	none	_	Begin=2618.2	_	_	_	_
746-1	PSB007	746	sempre	sempre	linguistic	none	_	_	_	_	_	_
746-2	PSB007	746	eh	eh	linguistic	none	_	_	_	_	_	_
746-3	PSB007	746	un	un	linguistic	none	_	_	_	_	_	_
746-4	PSB007	746	lavoro:	lavoro	linguistic	none	_	_	5x1	_	_	_
746-5	PSB007	746	di	di	linguistic	none	_	_	_	_	_	_
746-6	PSB007	746	ricercatrice	ricercatrice	linguistic	none	_	_	_	_	_	_
746-7	PSB007	746	{P}	{P}	shortpause	none	_	_	_	_	_	_
746-8	PSB007	746	diciamo	diciamo	linguistic	none	_	End=2622.41	_	_	_	_
747-0	PSB007	747	E:H	eh	linguistic	none	Volume=high	Begin=2623.25	0x1	_	_	_
747-1	PSB007	747	m::h	mh	linguistic	none	_	End=2624.73	0x2	_	_	_
748-0	PSB007	748	e::h	eh	linguistic	none	_	Begin=2626.21	0x2	_	_	_
748-1	PSB007	748	m:h	mh	linguistic	none	_	End=2627.51	0x1	_	_	_
749-0	PSB007	749	lì	lì	linguistic	none	_	Begin=2628.06	_	_	_	_
749-1	PSB007	749	c'	c'	linguistic	none	SpaceAfter=No	_	_	_	_	_
749-2	PSB007	749	era	era	linguistic	none	_	_	_	_	_	_
749-3	PSB007	749	e::h	eh	linguistic	none	_	_	0x2	_	_	_
749-4	PSB007	749	il	il	linguistic	none	_	_	_	_	_	_
749-5	PSB007	749	>tema	tema	linguistic	none	_	_	_	Fast=0-4(0)	_	_
749-6	PSB007	749	l'	l'	linguistic	none	SpaceAfter=No	_	_	Fast=0-2(0)	_	_
749-7	PSB007	749	argomento<	argomento	linguistic	none	_	_	_	Fast=0-8(0)	_	_
749-8	PSB007	749	era::	era	linguistic	none	_	_	2x2	_	_	_
749-9	PSB007	749	diverso	diverso	linguistic	none	_	_	_	_	_	_
749-10	PSB007	749	{P}	{P}	shortpause	none	_	_	_	_	_	_
749-11	PSB007	749	sempre	sempre	linguistic	none	_	_	_	_	_	_
749-12	PSB007	749	parliamo	parliamo	linguistic	none	_	_	_	_	_	_
749-13	PSB007	749	sempre	sempre	linguistic	none	_	_	_	_	_	_
749-14	PSB007	749	di	di	linguistic	none	_	_	_	_	_	_
749-15	PSB007	749	storia	storia	linguistic	none	_	_	_	_	_	_
749-16	PSB007	749	ma:	ma	linguistic	none	_	End=2634.28	1x1	_	_	_
750-0	PSB007	750	e:h	eh	linguistic	none	_	Begin=2634.63	0x1	_	_	_
750-1	PSB007	750	m:h	mh	linguistic	none	_	End=2635.6	0x1	_	_	_
751-0	PSB007	751	lì	lì	linguistic	none	_	Begin=2635.68	_	_	_	_
751-1	PSB007	751	e:h	eh	linguistic	none	_	End=2637.12	0x1	_	_	_
752-0	PSB007	752	dovevo	dovevo	linguistic	none	_	Begin=2638.7	_	_	_	_
752-1	PSB007	752	occuparmi	occuparmi	linguistic	none	_	_	_	_	_	_
752-2	PSB007	752	di:	di	linguistic	none	_	_	1x1	_	_	_
752-3	PSB007	752	{P}	{P}	shortpause	none	_	_	_	_	_	_
752-4	PSB007	752	storia	storia	linguistic	none	_	_	_	_	_	_
752-5	PSB007	752	eh	eh	linguistic	none	_	_	_	_	_	_
752-6	PSB007	752	della	della	linguistic	none	_	_	_	_	_	_
752-7	PSB007	752	rus'	rus'	linguistic	none	Truncated=Yes	_	_	_	_	_
752-8	PSB007	752	di	di	linguistic	none	_	_	_	_	_	_
752-9	PSB007	752	kiev,	kiev	linguistic	none	Intonation=weakly_rising	_	_	_	_	_
752-10	PSB007	752	quindi	quindi	linguistic	none	_	_	_	_	_	_
752-11	PSB007	752	dell'	dell'	linguistic	none	SpaceAfter=No	_	_	_	_	_
752-12	PSB007	752	antica	antica	linguistic	none	_	_	_	_	_	_
752-13	PSB007	752	rus'	rus'	linguistic	none	Truncated=Yes	End=2644.05	_	_	_	_
753-0	PSB007	753	e::	e	linguistic	none	_	Begin=2645.33	0x2	_	_	_
753-1	PSB007	753	m::h	mh	linguistic	none	_	End=2646.91	0x2	_	_	_
754-0	PSB007	754	anche	anche	linguistic	none	_	Begin=2647.6	_	_	_	_
754-1	PSB007	754	dovevo	dovevo	linguistic	none	_	_	_	_	_	_
754-2	PSB007	754	fare:	fare	linguistic	none	_	_	3x1	_	_	_
754-3	PSB007	754	la	la	linguistic	none	_	_	_	_	_	_
754-4	PSB007	754	ricerca	ricerca	linguistic	none	_	_	_	_	_	_
754-5	PSB007	754	sulla	sulla	linguistic	none	_	_	_	_	_	_
754-6	PSB007	754	storia	storia	linguistic	none	_	_	_	_	_	_
754-7	PSB007	754	bizantina:	bizantina	linguistic	none	_	End=2650.99	8x1	_	_	_
755-0	PSB007	755	m:h	mh	linguistic	none	_	Begin=2652.37|End=2653.13	0x1	_	_	_
756-0	PSB007	756	quindi	quindi	linguistic	none	_	Begin=2653.92	_	_	_	_
756-1	PSB007	756	mezzo	mezzo	linguistic	none	_	_	_	_	_	_
756-2	PSB007	756	anno	anno	linguistic	none	_	_	_	_	_	_
756-3	PSB007	756	ho	ho	linguistic	none	_	_	_	_	_	_
756-4	PSB007	756	passato	passato	linguistic	none	_	_	_	_	_	_
756-5	PSB007	756	{P}	{P}	shortpause	none	_	_	_	_	_	_
756-6	PSB007	756	lavorando	lavorando	linguistic	none	_	_	_	_	_	_
756-7	PSB007	756	in	in	linguistic	none	_	_	_	_	_	_
756-8	PSB007	756	questo	questo	linguistic	none	_	_	_	_	_	_
756-9	PSB007	756	modo,	modo	linguistic	none	Intonation=weakly_rising	_	_	_	_	_
756-10	PSB007	756	{P}	{P}	shortpause	none	_	_	_	_	_	_
756-11	PSB007	756	a	a	linguistic	none	_	_	_	_	_	_
756-12	PSB007	756	@nomeluogo,	@nomeluogo,	linguistic	none	_	End=2659.17	_	_	_	_
757-0	PSB007	757	e::	e	linguistic	none	_	Begin=2659.77	0x2	_	_	_
757-1	PSB007	757	m::h	mh	linguistic	none	_	End=2661.18	0x2	_	_	_
758-0	PSB007	758	un	un	linguistic	none	_	Begin=2661.72	_	_	_	_
758-1	PSB007	758	anno	anno	linguistic	none	_	_	_	_	_	_
758-2	PSB007	758	fa:,	fa	linguistic	none	Intonation=weakly_rising	End=2662.88	1x1	_	_	_
759-0	PSB007	759	°forse	forse	linguistic	none	Volume=low	Begin=2662.97	_	_	_	_
759-1	PSB007	759	anche°	anche	linguistic	none	Volume=low	_	_	_	_	_
759-2	PSB007	759	un	un	linguistic	none	_	_	_	_	_	_
759-3	PSB007	759	po	po	linguistic	none	_	_	_	_	_	_
759-4	PSB007	759	di	di	linguistic	none	_	_	_	_	_	_
759-5	PSB007	759	più:,	più	linguistic	none	Intonation=weakly_rising	_	2x1	_	_	_
759-6	PSB007	759	c'	c'	linguistic	none	SpaceAfter=No	_	_	_	_	_
759-7	PSB007	759	era	era	linguistic	none	_	_	_	_	_	_
759-8	PSB007	759	un	un	linguistic	none	_	_	_	_	_	_
759-9	PSB007	759	periodo:	periodo	linguistic	none	_	_	6x1	_	_	_
759-10	PSB007	759	eh	eh	linguistic	none	_	_	_	_	_	_
759-11	PSB007	759	{P}	{P}	shortpause	none	_	_	_	_	_	_
759-12	PSB007	759	che:	che	linguistic	none	_	_	2x1	_	_	_
759-13	PSB007	759	quando:	quando	linguistic	none	_	_	5x1	_	_	_
759-14	PSB007	759	ho	ho	linguistic	none	_	_	_	_	_	_
759-15	PSB007	759	lavorato	lavorato	linguistic	none	_	_	_	_	_	_
759-16	PSB007	759	in	in	linguistic	none	_	_	_	_	_	_
759-17	PSB007	759	sicilia,	sicilia	linguistic	none	Intonation=weakly_rising	End=2670.25	_	_	_	_
760-0	PSB007	760	l'	l'	linguistic	none	SpaceAfter=No	Begin=2670.97	_	_	_	_
760-1	PSB007	760	università	università	linguistic	none	_	_	_	_	_	_
760-2	PSB007	760	di	di	linguistic	none	_	_	_	_	_	_
760-3	PSB007	760	@nomeluogo:,	@nomeluogo:,	linguistic	none	_	_	_	_	_	_
760-4	PSB007	760	all'	all'	linguistic	none	SpaceAfter=No	_	_	_	_	_
760-5	PSB007	760	università	università	linguistic	none	_	_	_	_	_	_
760-6	PSB007	760	di	di	linguistic	none	_	_	_	Slow=1-2(0)	_	_
760-7	PSB007	760	<@nomeluogo>	nomeluogo	linguistic	none	_	End=2673.77	_	Slow=0-9(0)	_	_
761-0	PSB007	761	lì	lì	linguistic	none	_	Begin=2674.6	_	_	_	_
761-1	PSB007	761	c'	c'	linguistic	none	SpaceAfter=No	_	_	_	_	_
761-2	PSB007	761	erano::	erano	linguistic	none	_	_	4x2	_	_	_
761-3	PSB007	761	i	i	linguistic	none	_	_	_	_	_	_
761-4	PSB007	761	lavori	lavori	linguistic	none	_	_	_	_	_	_
761-5	PSB007	761	{P}	{P}	shortpause	none	_	_	_	_	_	_
761-6	PSB007	761	più:	più	linguistic	none	_	_	2x1	_	_	_
761-7	PSB007	761	diciamo	diciamo	linguistic	none	_	_	_	_	_	_
761-8	PSB007	761	amministrativi,	amministrativi	linguistic	none	Intonation=weakly_rising	_	_	_	_	_
761-9	PSB007	761	perché	perché	linguistic	none	_	_	_	_	_	_
761-10	PSB007	761	(ho	ho	linguistic	none	_	_	_	_	0-2(0)	_
761-11	PSB007	761	lavo[rato)	lavorato	linguistic	none	_	_	_	_	0-8(0)	3-8(105)
761-12	PSB007	761	per]	per	linguistic	none	_	_	_	_	_	0-3(105)
761-13	PSB007	761	ho	ho	linguistic	none	_	_	_	_	_	_
761-14	PSB007	761	lavorato	lavorato	linguistic	none	_	_	_	_	_	_
761-15	PSB007	761	presso	presso	linguistic	none	_	_	_	_	_	_
761-16	PSB007	761	ufficio	ufficio	linguistic	none	_	_	_	_	_	_
761-17	PSB007	761	e:h	eh	linguistic	none	_	_	0x1	_	_	_
761-18	PSB007	761	delle	delle	linguistic	none	_	_	_	_	_	_
761-19	PSB007	761	relazioni	relazioni	linguistic	none	_	_	_	_	_	_
761-20	PSB007	761	internazionali,	internazionali	linguistic	none	Intonation=weakly_rising	End=2685.11	_	_	_	_
762-0	PSB005	762	[mhmh]	mhmh	linguistic	none	_	Begin=2680.17|End=2680.63	_	_	_	0-4(105)
763-0	PSB007	763	e::	e	linguistic	none	_	Begin=2685.74	0x2	_	_	_
763-1	PSB007	763	anche	anche	linguistic	none	_	_	_	_	_	_
763-2	PSB007	763	xx	x	unknown	none	_	_	_	_	_	_
763-3	PSB007	763	mh	mh	linguistic	none	_	_	_	_	_	_
763-4	PSB007	763	come	come	linguistic	none	_	_	_	_	_	_
763-5	PSB007	763	assistente::	assistente	linguistic	none	_	_	9x2	_	_	_
763-6	PSB007	763	m:h	mh	linguistic	none	_	_	0x1	_	_	_
763-7	PSB007	763	del	del	linguistic	none	_	_	_	_	_	_
763-8	PSB007	763	professore	professore	linguistic	none	_	_	_	_	_	_
763-9	PSB007	763	e:h	eh	linguistic	none	_	_	0x1	_	_	_
763-10	PSB007	763	della	della	linguistic	none	_	_	_	_	_	_
763-11	PSB007	763	lingua	lingua	linguistic	none	_	_	_	_	_	_
763-12	PSB007	763	russa	russa	linguistic	none	_	End=2692.32	_	_	_	_
764-0	PSB005	764	°okay°	okay	linguistic	none	Volume=low	Begin=2692.32|End=2692.65	_	_	_	_
765-0	PSB005	765	ma	ma	linguistic	none	_	Begin=2693.19	_	_	_	_
765-1	PSB005	765	non	non	linguistic	none	_	_	_	_	_	_
765-2	PSB005	765	vivevi	vivevi	linguistic	none	_	_	_	_	_	_
765-3	PSB005	765	in	in	linguistic	none	_	_	_	_	_	_
765-4	PSB005	765	sicilia	sicilia	linguistic	none	_	_	_	_	_	_
765-5	PSB005	765	{P}	{P}	shortpause	none	_	_	_	_	_	_
765-6	PSB005	765	o	o	linguistic	none	_	_	_	_	_	_
765-7	PSB005	765	sì?	sì	linguistic	none	Intonation=rising	End=2695.2	_	_	_	_
766-0	PSB007	766	sì	sì	linguistic	none	_	Begin=2695.31|End=2695.76	_	_	_	_
767-0	PSB005	767	eh	eh	linguistic	none	_	Begin=2695.79	_	_	_	_
767-1	PSB005	767	okay	okay	linguistic	none	_	End=2696.52	_	_	_	_
768-0	PSB005	768	quindi	quindi	linguistic	none	_	Begin=2696.79	_	_	_	_
768-1	PSB005	768	non	non	linguistic	none	_	_	_	_	_	_
768-2	PSB005	768	hai	hai	linguistic	none	_	_	_	_	_	_
768-3	PSB005	768	abitato	abitato	linguistic	none	_	_	_	_	_	_
768-4	PSB005	768	solo	solo	linguistic	none	_	_	_	_	_	_
768-5	PSB005	768	a	a	linguistic	none	_	_	_	_	_	_
768-6	PSB005	768	bologna,	bologna	linguistic	none	Intonation=weakly_rising	_	_	_	_	_
768-7	PSB005	768	{P}	{P}	shortpause	none	_	_	_	_	_	_
768-8	PSB005	768	in	in	linguistic	none	_	_	_	_	_	_
768-9	PSB005	768	questi	questi	linguistic	none	_	_	_	_	_	_
768-10	PSB005	768	due	due	linguistic	none	_	_	_	_	_	_
768-11	PSB005	768	anni:	anni	linguistic	none	_	End=2700.18	3x1	_	_	_
769-0	PSB007	769	NO	no	linguistic	none	Volume=high	Begin=2700.2	_	_	_	_
769-1	PSB007	769	e:h	eh	linguistic	none	_	_	0x1	_	_	_
769-2	PSB007	769	m:h	mh	linguistic	none	_	End=2702.52	0x1	_	_	_
770-0	PSB007	770	in	in	linguistic	none	_	Begin=2702.98	_	_	_	_
770-1	PSB007	770	sicilia	sicilia	linguistic	none	_	_	_	_	_	_
770-2	PSB007	770	ho	ho	linguistic	none	_	_	_	_	_	_
770-3	PSB007	770	<abitato>	abitato	linguistic	none	_	_	_	Slow=0-7(0)	_	_
770-4	PSB007	770	da:	da	linguistic	none	_	End=2705.54	1x1	_	_	_
771-0	PSB007	771	ma	ma	linguistic	none	_	Begin=2708.41	_	_	_	_
771-1	PSB007	771	sì	sì	linguistic	none	_	_	_	_	_	_
771-2	PSB007	771	da	da	linguistic	none	_	_	_	_	_	_
771-3	PSB007	771	giugno	giugno	linguistic	none	_	_	_	_	_	_
771-4	PSB007	771	fino:	fino	linguistic	none	_	_	3x1	_	_	_
771-5	PSB007	771	fino	fino	linguistic	none	_	_	_	_	_	_
771-6	PSB007	771	agosto,	agosto	linguistic	none	Intonation=weakly_rising	End=2711.1	_	_	_	_
772-0	PSB007	772	e::h	eh	linguistic	none	_	Begin=2711.56|End=2712.54	0x2	_	_	_
773-0	PSB007	773	ovviamente	ovviamente	linguistic	none	_	Begin=2714.72	_	_	_	_
773-1	PSB007	773	ho	ho	linguistic	none	_	_	_	_	_	_
773-2	PSB007	773	fatto	fatto	linguistic	none	_	_	_	_	_	_
773-3	PSB007	773	dei:	dei	linguistic	none	_	_	2x1	_	_	_
773-4	PSB007	773	dei	dei	linguistic	none	_	_	_	_	_	_
773-5	PSB007	773	viaggi:,	viaggi	linguistic	none	Intonation=weakly_rising	_	5x1	_	_	_
773-6	PSB007	773	{P}	{P}	shortpause	none	_	_	_	_	_	_
773-7	PSB007	773	da:	da	linguistic	none	_	_	1x1	_	_	_
773-8	PSB007	773	palermo	palermo	linguistic	none	_	_	_	_	_	_
773-9	PSB007	773	per	per	linguistic	none	_	_	_	_	_	_
773-10	PSB007	773	esempio	esempio	linguistic	none	_	_	_	_	_	_
773-11	PSB007	773	a	a	linguistic	none	_	_	_	_	_	_
773-12	PSB007	773	bologna	bologna	linguistic	none	_	_	_	_	_	_
773-13	PSB007	773	e::	e	linguistic	none	_	End=2720.45	0x2	_	_	_
774-0	PSB007	774	indietro	indietro	linguistic	none	_	Begin=2720.76	_	_	_	_
774-1	PSB007	774	perché::	perché	linguistic	none	_	End=2723.2	5x2	_	_	_
775-0	PSB007	775	qui	qui	linguistic	none	_	Begin=2724.41	_	_	_	_
775-1	PSB007	775	c'	c'	linguistic	none	SpaceAfter=No	_	_	_	_	_
775-2	PSB007	775	era	era	linguistic	none	_	_	_	_	_	_
775-3	PSB007	775	papà,	papà	linguistic	none	Intonation=weakly_rising	End=2725.53	_	_	_	_
776-0	PSB005	776	mhmh	mhmh	linguistic	none	_	Begin=2725.53|End=2725.95	_	_	_	_
777-0	PSB007	777	(<che	che	linguistic	none	_	Begin=2726.09	_	_	0-3(0)	_
777-1	PSB007	777	non<)	non	linguistic	none	_	_	_	_	0-3(0)	_
777-2	PSB007	777	parla	parla	linguistic	none	_	_	_	_	_	_
777-3	PSB007	777	italiano	italiano	linguistic	none	_	_	_	_	_	_
777-4	PSB007	777	{ride}	{ride}	nonverbalbehavior	none	_	End=2728.014	_	_	_	_
778-0	PSB005	778	xxx	x	unknown	none	_	Begin=2727.4|End=2727.99	_	_	_	_
779-0	PSB007	779	e	e	linguistic	none	_	Begin=2728.3	_	_	_	_
779-1	PSB007	779	sì	sì	linguistic	none	_	_	_	_	_	_
779-2	PSB007	779	e	e	linguistic	none	_	_	_	_	_	_
779-3	PSB007	779	quindi	quindi	linguistic	none	_	_	_	_	_	_
779-4	PSB007	779	ogni	ogni	linguistic	none	_	_	_	_	_	_
779-5	PSB007	779	tanto:,	tanto	linguistic	none	Intonation=weakly_rising	End=2729.834	4x1	_	_	_
780-0	PSB007	780	e:h	eh	linguistic	none	_	Begin=2730.39	0x1	_	_	_
780-1	PSB007	780	m:h	mh	linguistic	none	_	End=2731.41	0x1	_	_	_
781-0	PSB007	781	c'	c'	linguistic	none	SpaceAfter=No	Begin=2732.3	_	_	_	_
781-1	PSB007	781	erano	erano	linguistic	none	_	_	_	_	_	_
781-2	PSB007	781	le	le	linguistic	none	_	_	_	_	_	_
781-3	PSB007	781	situazioni	situazioni	linguistic	none	_	_	_	_	_	_
781-4	PSB007	781	quando:	quando	linguistic	none	_	_	5x1	_	_	_
781-5	PSB007	781	°comunque	comunque	linguistic	none	Volume=low	_	_	_	_	_
781-6	PSB007	781	dovevo°	dovevo	linguistic	none	Volume=low	End=2735.49	_	_	_	_
782-0	PSB005	782	mhmh	mhmh	linguistic	none	_	Begin=2735.52	_	_	_	_
782-1	PSB005	782	°cert[o]°	certo	linguistic	none	Volume=low	End=2736.57	_	_	_	4-5(107)
783-0	PSB007	783	[a]iutarli	aiutarli	linguistic	none	_	Begin=2736.42	_	_	_	0-1(107)
783-1	PSB007	783	e:	e	linguistic	none	_	End=2737.79	0x1	_	_	_
784-0	PSB007	784	°eh°	eh	linguistic	none	Volume=low	Begin=2738.35	_	_	_	_
784-1	PSB007	784	no	no	linguistic	none	_	_	_	_	_	_
784-2	PSB007	784	è	è	linguistic	none	_	_	_	_	_	_
784-3	PSB007	784	stato	stato	linguistic	none	_	_	_	_	_	_
784-4	PSB007	784	difficile	difficile	linguistic	none	_	_	_	_	_	_
784-5	PSB007	784	anche	anche	linguistic	none	_	_	_	_	_	_
784-6	PSB007	784	perché::	perché	linguistic	none	_	_	5x2	_	_	_
784-7	PSB007	784	erano	erano	linguistic	none	_	_	_	_	_	_
784-8	PSB007	784	proprio	proprio	linguistic	none	_	_	_	_	_	_
784-9	PSB007	784	<primi	primi	linguistic	none	_	_	_	Slow=0-5(0)	_	_
784-10	PSB007	784	mesi:>	mesi	linguistic	none	_	End=2742.91	3x1	Slow=0-4(0)	_	_
785-0	PSB005	785	mhmh	mhmh	linguistic	none	_	Begin=2743.09|End=2743.32	_	_	_	_
786-0	PSB007	786	quando	quando	linguistic	none	_	Begin=2743.39	_	_	_	_
786-1	PSB007	786	siamo	siamo	linguistic	none	_	_	_	_	_	_
786-2	PSB007	786	$appeno:	appeno	linguistic	none	Orthography=Yes	_	5x1	_	_	_
786-3	PSB007	786	appena:	appena	linguistic	none	_	_	5x1	_	_	_
786-4	PSB007	786	trasferiti	trasferiti	linguistic	none	_	_	_	_	_	_
786-5	PSB007	786	da	da	linguistic	none	_	_	_	_	_	_
786-6	PSB007	786	ucraina:,	ucraina	linguistic	none	Intonation=weakly_rising	End=2746.89	6x1	_	_	_
787-0	PSB007	787	e:	e	linguistic	none	_	Begin=2747.67	0x1	_	_	_
787-1	PSB007	787	m:h	mh	linguistic	none	_	End=2748.65	0x1	_	_	_
788-0	PSB007	788	primi	primi	linguistic	none	_	Begin=2751.2	_	_	_	_
788-1	PSB007	788	mesi	mesi	linguistic	none	_	_	_	_	_	_
788-2	PSB007	788	semp~	semp~	linguistic	none	Interrupted=Yes	_	_	_	_	_
788-3	PSB007	788	sono	sono	linguistic	none	_	_	_	_	_	_
788-4	PSB007	788	sempre	sempre	linguistic	none	_	_	_	_	_	_
788-5	PSB007	788	più	più	linguistic	none	_	_	_	_	_	_
788-6	PSB007	788	difficile	difficile	linguistic	none	_	End=2753.36	_	_	_	_
789-0	PSB007	789	e:	e	linguistic	none	_	Begin=2754.16	0x1	_	_	_
789-1	PSB007	789	m:h	mh	linguistic	none	_	End=2755.03	0x1	_	_	_
790-0	PSB007	790	e	e	linguistic	none	_	Begin=2756.11	_	_	_	_
790-1	PSB007	790	prima	prima	linguistic	none	_	_	_	_	_	_
790-2	PSB007	790	di	di	linguistic	none	_	_	_	_	_	_
790-3	PSB007	790	sicilia	sicilia	linguistic	none	_	_	_	_	_	_
790-4	PSB007	790	ho	ho	linguistic	none	_	_	_	_	_	_
790-5	PSB007	790	lavorato:	lavorato	linguistic	none	_	_	7x1	_	_	_
790-6	PSB007	790	e:h	eh	linguistic	none	_	End=2759.41	0x1	_	_	_
791-0	PSB007	791	per	per	linguistic	none	_	Begin=2760.07	_	_	_	_
791-1	PSB007	791	@nomeazienda	nomeazienda	linguistic	none	_	End=2761.03	_	_	_	_
792-0	PSB007	792	come::	come	linguistic	none	_	Begin=2762.7	3x2	_	_	_
792-1	PSB007	792	m:h	mh	linguistic	none	_	End=2764.76	0x1	_	_	_
793-0	PSB007	793	non	non	linguistic	none	_	Begin=2766.62	_	_	_	_
793-1	PSB007	793	posso	posso	linguistic	none	_	_	_	_	_	_
793-2	PSB007	793	dire	dire	linguistic	none	_	_	_	_	_	_
793-3	PSB007	793	insegnante::	insegnante	linguistic	none	_	End=2768.98	9x2	_	_	_
794-0	PSB007	794	ma	ma	linguistic	none	_	Begin=2770.17	_	_	_	_
794-1	PSB007	794	com~	com~	linguistic	none	Interrupted=Yes	_	_	_	_	_
794-2	PSB007	794	abbiamo	abbiamo	linguistic	none	_	_	_	_	_	_
794-3	PSB007	794	creato	creato	linguistic	none	_	_	_	_	_	_
794-4	PSB007	794	un	un	linguistic	none	_	_	_	_	_	_
794-5	PSB007	794	corso:	corso	linguistic	none	_	_	4x1	_	_	_
794-6	PSB007	794	con	con	linguistic	none	_	_	_	_	_	_
794-7	PSB007	794	un	un	linguistic	none	_	_	_	_	_	_
794-8	PSB007	794	mio	mio	linguistic	none	_	_	_	_	_	_
794-9	PSB007	794	collega:,	collega	linguistic	none	Intonation=weakly_rising	_	6x1	_	_	_
794-10	PSB007	794	italiano,	italiano	linguistic	none	Intonation=weakly_rising	End=2774.96	_	_	_	_
795-0	PSB007	795	eh	eh	linguistic	none	_	Begin=2775.65	_	_	_	_
795-1	PSB007	795	m:h	mh	linguistic	none	_	End=2776.81	0x1	_	_	_
796-0	PSB007	796	durante	durante	linguistic	none	_	Begin=2778.12	_	_	_	_
796-1	PSB007	796	il	il	linguistic	none	_	_	_	_	_	_
796-2	PSB007	796	quale	quale	linguistic	none	_	_	_	_	_	_
796-3	PSB007	796	io	io	linguistic	none	_	_	_	_	_	_
796-4	PSB007	796	dovevo:	dovevo	linguistic	none	_	_	5x1	_	_	_
796-5	PSB007	796	eh	eh	linguistic	none	_	End=2780.79	_	_	_	_
797-0	PSB007	797	<spiegare>	spiegare	linguistic	none	_	Begin=2783.02	_	Slow=0-8(0)	_	_
797-1	PSB007	797	{P}	{P}	shortpause	none	_	_	_	_	_	_
797-2	PSB007	797	alle	alle	linguistic	none	_	_	_	_	_	_
797-3	PSB007	797	persone	persone	linguistic	none	_	_	_	_	_	_
797-4	PSB007	797	{P}	{P}	shortpause	none	_	_	_	_	_	_
797-5	PSB007	797	s~	s~	linguistic	none	Interrupted=Yes	_	_	_	_	_
797-6	PSB007	797	a	a	linguistic	none	_	_	_	_	_	_
797-7	PSB007	797	chi,	chi	linguistic	none	Intonation=weakly_rising	_	_	_	_	_
797-8	PSB007	797	agli	agli	linguistic	none	_	_	_	_	_	_
797-9	PSB007	797	insegnanti	insegnanti	linguistic	none	_	End=2787.39	_	_	_	_
798-0	PSB007	798	ciò	ciò	linguistic	none	_	Begin=2788.06	_	_	_	_
798-1	PSB007	798	n~	n~	linguistic	none	Interrupted=Yes	_	_	_	_	_
798-2	PSB007	798	mh	mh	linguistic	none	_	End=2788.86	_	_	_	_
799-0	PSB007	799	inizio	inizio	linguistic	none	_	Begin=2789.04	_	_	_	_
799-1	PSB007	799	studenti	studenti	linguistic	none	_	_	_	_	_	_
799-2	PSB007	799	erano	erano	linguistic	none	_	_	_	_	_	_
799-3	PSB007	799	insegnanti::	insegnanti	linguistic	none	_	_	9x2	_	_	_
799-4	PSB007	799	della	della	linguistic	none	_	_	_	_	_	_
799-5	PSB007	799	lingua::	lingua	linguistic	none	_	_	5x2	_	_	_
799-6	PSB007	799	eh	eh	linguistic	none	_	_	_	_	_	_
799-7	PSB007	799	italiana:	italiana	linguistic	none	_	_	7x1	_	_	_
799-8	PSB007	799	per	per	linguistic	none	_	_	_	_	_	_
799-9	PSB007	799	{P}	{P}	shortpause	none	_	_	_	_	_	_
799-10	PSB007	799	stranieri:,	stranieri	linguistic	none	Intonation=weakly_rising	End=2794.5	8x1	_	_	_
800-0	PSB007	800	e:h	eh	linguistic	none	_	Begin=2795.17	0x1	_	_	_
800-1	PSB007	800	e	e	linguistic	none	_	_	_	_	_	_
800-2	PSB007	800	quindi	quindi	linguistic	none	_	_	_	_	_	_
800-3	PSB007	800	io	io	linguistic	none	_	_	_	_	_	_
800-4	PSB007	800	dovevo	dovevo	linguistic	none	_	End=2797.42	_	_	_	_
801-0	PSB007	801	mh	mh	linguistic	none	_	Begin=2798.4	_	_	_	_
801-1	PSB007	801	spiegare:,	spiegare	linguistic	none	Intonation=weakly_rising	End=2799.84	7x1	_	_	_
802-0	PSB007	802	chi	chi	linguistic	none	_	Begin=2801.04	_	_	_	_
802-1	PSB007	802	sono	sono	linguistic	none	_	_	_	_	_	_
802-2	PSB007	802	gli	gli	linguistic	none	_	_	_	_	_	_
802-3	PSB007	802	stranieri	stranieri	linguistic	none	_	_	_	_	_	_
802-4	PSB007	802	e	e	linguistic	none	_	_	_	_	_	_
802-5	PSB007	802	ucraini	ucraini	linguistic	none	_	_	_	_	_	_
802-6	PSB007	802	che	che	linguistic	none	_	_	_	_	_	_
802-7	PSB007	802	arrivano	arrivano	linguistic	none	_	_	_	_	_	_
802-8	PSB007	802	[qui:]	qui	linguistic	none	_	_	2x1	_	_	0-3(108)
802-9	PSB007	802	e	e	linguistic	none	_	_	_	_	_	_
802-10	PSB007	802	saranno	saranno	linguistic	none	_	End=2804.93	_	_	_	_
803-0	PSB005	803	[okay]	okay	linguistic	none	_	Begin=2803.73|End=2804.08	_	_	_	0-4(108)
804-0	PSB007	804	I	i	linguistic	none	Volume=high	Begin=2805.27	_	_	_	_
804-1	PSB007	804	LORO	loro	linguistic	none	Volume=high	_	_	_	_	_
804-2	PSB007	804	FUTURI	futuri	linguistic	none	Volume=high	_	_	_	_	_
804-3	PSB007	804	STUD[ENTI],	studenti	linguistic	none	Intonation=weakly_rising|Volume=high	End=2807.04	_	_	_	4-8(109)
805-0	PSB005	805	[mhmh]	mhmh	linguistic	none	_	Begin=2806.53|End=2807.02	_	_	_	0-4(109)
806-0	PSB007	806	che	che	linguistic	none	_	Begin=2807.59	_	_	_	_
806-1	PSB007	806	situazione	situazione	linguistic	none	_	_	_	_	_	_
806-2	PSB007	806	c'	c'	linguistic	none	SpaceAfter=No	_	_	_	_	_
806-3	PSB007	806	è	è	linguistic	none	_	_	_	_	_	_
806-4	PSB007	806	in	in	linguistic	none	_	_	_	_	_	_
806-5	PSB007	806	ucraina:,	ucraina	linguistic	none	Intonation=weakly_rising	End=2810.0	6x1	_	_	_
807-0	PSB007	807	e:h	eh	linguistic	none	_	Begin=2810.23	0x1	_	_	_
807-1	PSB007	807	mh	mh	linguistic	none	_	_	_	_	_	_
807-2	PSB007	807	che	che	linguistic	none	_	_	_	_	_	_
807-3	PSB007	807	situazione	situazione	linguistic	none	_	_	_	_	_	_
807-4	PSB007	807	linguistica	linguistica	linguistic	none	_	_	_	_	_	_
807-5	PSB007	807	abbiamo:,	abbiamo	linguistic	none	Intonation=weakly_rising	_	6x1	_	_	_
807-6	PSB007	807	che	che	linguistic	none	_	_	_	_	_	_
807-7	PSB007	807	livello	livello	linguistic	none	_	_	_	_	_	_
807-8	PSB007	807	di	di	linguistic	none	_	_	_	_	_	_
807-9	PSB007	807	istruzione	istruzione	linguistic	none	_	_	_	_	_	_
807-10	PSB007	807	abbiamo,	abbiamo	linguistic	none	Intonation=weakly_rising	_	_	_	_	_
807-11	PSB007	807	che	che	linguistic	none	_	_	_	_	_	_
807-12	PSB007	807	livello	livello	linguistic	none	_	_	_	_	_	_
807-13	PSB007	807	economico	economico	linguistic	none	_	_	_	_	_	_
807-14	PSB007	807	abbiamo,	abbiamo	linguistic	none	Intonation=weakly_rising	_	_	_	_	_
807-15	PSB007	807	che	che	linguistic	none	_	_	_	_	_	_
807-16	PSB007	807	l~	l~	linguistic	none	Interrupted=Yes	_	_	_	_	_
807-17	PSB007	807	le	le	linguistic	none	_	_	_	_	_	_
807-18	PSB007	807	capacità	capacità	linguistic	none	_	End=2818.68	_	_	_	_
808-0	PSB007	808	anche	anche	linguistic	none	_	Begin=2819.37	_	_	_	_
808-1	PSB007	808	linguistiche	linguistiche	linguistic	none	_	_	_	_	_	_
808-2	PSB007	808	hanno::	hanno	linguistic	none	_	_	4x2	_	_	_
808-3	PSB007	808	queste	queste	linguistic	none	_	_	_	_	_	_
808-4	PSB007	808	persone:,	persone	linguistic	none	Intonation=weakly_rising	End=2822.78	6x1	_	_	_
809-0	PSB007	809	eh	eh	linguistic	none	_	Begin=2823.27	_	_	_	_
809-1	PSB007	809	chi	chi	linguistic	none	_	_	_	_	_	_
809-2	PSB007	809	<sono>,	sono	linguistic	none	Intonation=weakly_rising	End=2824.69	_	Slow=0-4(0)	_	_
810-0	PSB007	810	eh	eh	linguistic	none	_	Begin=2824.94	_	_	_	_
810-1	PSB007	810	mh	mh	linguistic	none	_	_	_	_	_	_
810-2	PSB007	810	ciò	ciò	linguistic	none	_	End=2826.26	_	_	_	_
811-0	PSB007	811	perché::	perché	linguistic	none	_	Begin=2827.04|End=2828.2	5x2	_	_	_
812-0	PSB007	812	di	di	linguistic	none	_	Begin=2829.5	_	_	_	_
812-1	PSB007	812	solito:	solito	linguistic	none	_	_	5x1	_	_	_
812-2	PSB007	812	eh	eh	linguistic	none	_	_	_	_	_	_
812-3	PSB007	812	gli	gli	linguistic	none	_	_	_	_	_	_
812-4	PSB007	812	uomini	uomini	linguistic	none	_	_	_	_	_	_
812-5	PSB007	812	ucraini	ucraini	linguistic	none	_	End=2832.3	_	_	_	_
813-0	PSB007	813	in	in	linguistic	none	_	Begin=2833.0	_	_	_	_
813-1	PSB007	813	italia	italia	linguistic	none	_	_	_	_	_	_
813-2	PSB007	813	in	in	linguistic	none	_	_	_	_	_	_
813-3	PSB007	813	questo	questo	linguistic	none	_	_	_	_	_	_
813-4	PSB007	813	periodo	periodo	linguistic	none	_	_	_	_	_	_
813-5	PSB007	813	>non	non	linguistic	none	_	_	_	Fast=0-3(0)	_	_
813-6	PSB007	813	non<	non	linguistic	none	_	_	_	Fast=0-3(0)	_	_
813-7	PSB007	813	non	non	linguistic	none	_	_	_	_	_	_
813-8	PSB007	813	arrivano	arrivano	linguistic	none	_	_	_	_	_	_
813-9	PSB007	813	perché	perché	linguistic	none	_	_	_	_	_	_
813-10	PSB007	813	{P}	{P}	shortpause	none	_	_	_	_	_	_
813-11	PSB007	813	non	non	linguistic	none	_	_	_	_	_	_
813-12	PSB007	813	>possono<,	possono	linguistic	none	Intonation=weakly_rising	_	_	Fast=0-7(1)	_	_
813-13	PSB007	813	e	e	linguistic	none	_	_	_	_	_	_
813-14	PSB007	813	quindi	quindi	linguistic	none	_	_	_	_	_	_
813-15	PSB007	813	parliamo	parliamo	linguistic	none	_	_	_	_	_	_
813-16	PSB007	813	delle	delle	linguistic	none	_	_	_	_	_	_
813-17	PSB007	813	<donne>	donne	linguistic	none	_	_	_	Slow=0-5(0)	_	_
813-18	PSB007	813	delle	delle	linguistic	none	_	_	_	_	_	_
813-19	PSB007	813	donne	donne	linguistic	none	_	_	_	_	_	_
813-20	PSB007	813	di	di	linguistic	none	_	_	_	_	_	_
813-21	PSB007	813	quale	quale	linguistic	none	_	_	_	_	_	_
813-22	PSB007	813	<età:>,	età	linguistic	none	Intonation=weakly_rising	End=2839.83	2x1	Slow=0-3(1)	_	_
814-0	PSB005	814	okay	okay	linguistic	none	_	Begin=2839.86|End=2840.28	_	_	_	_
815-0	PSB007	815	<PERCHÈ:>	perchè	linguistic	none	Volume=high	Begin=2840.36|End=2841.29	5x1	Slow=0-6(0)	_	_
816-0	PSB007	816	che:	che	linguistic	none	_	Begin=2841.48	2x1	_	_	_
816-1	PSB007	816	m:h	mh	linguistic	none	_	_	0x1	_	_	_
816-2	PSB007	816	difficoltà	difficoltà	linguistic	none	_	_	_	_	_	_
816-3	PSB007	816	possono	possono	linguistic	none	_	_	_	_	_	_
816-4	PSB007	816	avere:,	avere	linguistic	none	Intonation=weakly_rising	End=2844.41	4x1	_	_	_
817-0	PSB007	817	eh	eh	linguistic	none	_	Begin=2844.84	_	_	_	_
817-1	PSB007	817	mh	mh	linguistic	none	_	_	_	_	_	_
817-2	PSB007	817	se	se	linguistic	none	_	_	_	_	_	_
817-3	PSB007	817	studiano	studiano	linguistic	none	_	_	_	_	_	_
817-4	PSB007	817	per	per	linguistic	none	_	_	_	_	_	_
817-5	PSB007	817	esempio::	esempio	linguistic	none	_	_	6x2	_	_	_
817-6	PSB007	817	la	la	linguistic	none	_	_	_	_	_	_
817-7	PSB007	817	lingua,	lingua	linguistic	none	Intonation=weakly_rising	_	_	_	_	_
817-8	PSB007	817	se	se	linguistic	none	_	_	_	_	_	_
817-9	PSB007	817	possono	possono	linguistic	none	_	_	_	_	_	_
817-10	PSB007	817	studiare	studiare	linguistic	none	_	_	_	_	_	_
817-11	PSB007	817	la	la	linguistic	none	_	_	_	_	_	_
817-12	PSB007	817	lingua	lingua	linguistic	none	_	_	_	_	_	_
817-13	PSB007	817	italiana:,	italiana	linguistic	none	Intonation=weakly_rising	_	7x1	_	_	_
817-14	PSB007	817	in	in	linguistic	none	_	_	_	_	_	_
817-15	PSB007	817	ucraina	ucraina	linguistic	none	_	_	_	_	_	_
817-16	PSB007	817	o	o	linguistic	none	_	_	_	_	_	_
817-17	PSB007	817	no,	no	linguistic	none	Intonation=weakly_rising	End=2851.05	_	_	_	_
818-0	PSB007	818	e::h	eh	linguistic	none	_	Begin=2851.47	0x2	_	_	_
818-1	PSB007	818	m::h	mh	linguistic	none	_	_	0x2	_	_	_
818-2	PSB007	818	che	che	linguistic	none	_	_	_	_	_	_
818-3	PSB007	818	tipo	tipo	linguistic	none	_	_	_	_	_	_
818-4	PSB007	818	delle	delle	linguistic	none	_	_	_	_	_	_
818-5	PSB007	818	lezioni,	lezioni	linguistic	none	Intonation=weakly_rising	_	_	_	_	_
818-6	PSB007	818	loro	loro	linguistic	none	_	_	_	_	_	_
818-7	PSB007	818	vorre~	vorre~	linguistic	none	Interrupted=Yes	_	_	_	_	_
818-8	PSB007	818	vorrebbero::	vorrebbero	linguistic	none	_	End=2856.72	9x2	_	_	_
819-0	PSB005	819	[molto	molto	linguistic	none	_	Begin=2857.05	_	_	_	0-5(110)
819-1	PSB005	819	interessante	interessante	linguistic	none	_	_	_	_	_	0-12(110)
819-2	PSB005	819	questa	questa	linguistic	none	_	_	_	_	_	0-6(110)
819-3	PSB005	819	cosa]	cosa	linguistic	none	_	_	_	_	_	0-4(110)
819-4	PSB005	819	sì	sì	linguistic	none	_	End=2859.45	_	_	_	_
820-0	PSB007	820	[di	di	linguistic	none	_	Begin=2857.05	_	_	_	0-2(110)
820-1	PSB007	820	avere	avere	linguistic	none	_	_	_	_	_	0-5(110)
820-2	PSB007	820	da:	da	linguistic	none	_	_	1x1	_	_	0-2(110)
820-3	PSB007	820	un	un	linguistic	none	_	_	_	_	_	0-2(110)
820-4	PSB007	820	italiano:],	italiano	linguistic	none	Intonation=weakly_rising	End=2859.21	7x1	_	_	0-8(110)
821-0	PSB007	821	e:	e	linguistic	none	_	Begin=2859.73	0x1	_	_	_
821-1	PSB007	821	sì	sì	linguistic	none	_	_	_	_	_	_
821-2	PSB007	821	quindi	quindi	linguistic	none	_	_	_	_	_	_
821-3	PSB007	821	c'	c'	linguistic	none	SpaceAfter=No	_	_	_	_	_
821-4	PSB007	821	erano:	erano	linguistic	none	_	End=2861.33	4x1	_	_	_
822-0	PSB007	822	le	le	linguistic	none	_	Begin=2861.87	_	_	_	_
822-1	PSB007	822	lezioni	lezioni	linguistic	none	_	_	_	_	_	_
822-2	PSB007	822	{P}	{P}	shortpause	none	_	_	_	_	_	_
822-3	PSB007	822	u~	u~	linguistic	none	Interrupted=Yes	_	_	_	_	_
822-4	PSB007	822	una	una	linguistic	none	_	_	_	_	_	_
822-5	PSB007	822	z~	z~	linguistic	none	Interrupted=Yes	_	_	_	_	_
822-6	PSB007	822	una	una	linguistic	none	_	_	_	_	_	_
822-7	PSB007	822	lezione	lezione	linguistic	none	_	_	_	_	_	_
822-8	PSB007	822	ho	ho	linguistic	none	_	_	_	_	_	_
822-9	PSB007	822	creato::	creato	linguistic	none	_	_	5x2	_	_	_
822-10	PSB007	822	con	con	linguistic	none	_	_	_	_	_	_
822-11	PSB007	822	aiuto::	aiuto	linguistic	none	_	_	4x2	_	_	_
822-12	PSB007	822	eh	eh	linguistic	none	_	_	_	_	_	_
822-13	PSB007	822	con	con	linguistic	none	_	_	_	_	_	_
822-14	PSB007	822	una	una	linguistic	none	_	_	_	_	_	_
822-15	PSB007	822	mia::	mia	linguistic	none	_	_	2x2	_	_	_
822-16	PSB007	822	cara	cara	linguistic	none	_	_	_	_	_	_
822-17	PSB007	822	amica::	amica	linguistic	none	_	End=2869.56	4x2	_	_	_
823-0	PSB007	823	e:h	eh	linguistic	none	_	Begin=2869.9	0x1	_	_	_
823-1	PSB007	823	m:h	mh	linguistic	none	_	_	0x1	_	_	_
823-2	PSB007	823	eh	eh	linguistic	none	_	_	_	_	_	_
823-3	PSB007	823	quindi	quindi	linguistic	none	_	_	_	_	_	_
823-4	PSB007	823	la	la	linguistic	none	_	_	_	_	_	_
823-5	PSB007	823	la	la	linguistic	none	_	_	_	_	_	_
823-6	PSB007	823	lezione	lezione	linguistic	none	_	_	_	_	_	_
823-7	PSB007	823	era	era	linguistic	none	_	_	_	_	_	_
823-8	PSB007	823	<dedicata:>	dedicata	linguistic	none	_	_	7x1	Slow=0-8(0)	_	_
823-9	PSB007	823	allo	allo	linguistic	none	_	_	_	_	_	_
823-10	PSB007	823	stato	stato	linguistic	none	_	_	_	_	_	_
823-11	PSB007	823	<psicologico:>,	psicologico	linguistic	none	Intonation=weakly_rising	_	10x1	Slow=0-11(1)	_	_
823-12	PSB007	823	[di	di	linguistic	none	_	_	_	_	_	0-2(111)
823-13	PSB007	823	una]:	una	linguistic	none	_	_	2x1	_	_	0-3(111)
823-14	PSB007	823	rifugiato,	rifugiato	linguistic	none	Intonation=weakly_rising	_	_	_	_	_
823-15	PSB007	823	ucraino,	ucraino	linguistic	none	Intonation=weakly_rising	_	_	_	_	_
823-16	PSB007	823	arrivato	arrivato	linguistic	none	_	_	_	_	_	_
823-17	PSB007	823	eh	eh	linguistic	none	_	_	_	_	_	_
823-18	PSB007	823	in	in	linguistic	none	_	_	_	_	_	_
823-19	PSB007	823	italia:,	italia	linguistic	none	Intonation=weakly_rising	_	5x1	_	_	_
823-20	PSB007	823	e:	e	linguistic	none	_	End=2880.47	0x1	_	_	_
824-0	PSB005	824	[mhmh]	mhmh	linguistic	none	_	Begin=2875.21|End=2875.77	_	_	_	0-4(111)
825-0	PSB007	825	mh	mh	linguistic	none	_	Begin=2881.07	_	_	_	_
825-1	PSB007	825	abbiamo	abbiamo	linguistic	none	_	_	_	_	_	_
825-2	PSB007	825	parlato	parlato	linguistic	none	_	_	_	_	_	_
825-3	PSB007	825	<tantissimo::>	tantissimo	linguistic	none	_	_	9x2	Slow=0-10(0)	_	_
825-4	PSB007	825	($delli)	delli	linguistic	none	Orthography=Yes	_	_	_	0-6(0)	_
825-5	PSB007	825	disturbi:,	disturbi	linguistic	none	Intonation=weakly_rising	_	7x1	_	_	_
825-6	PSB007	825	che	che	linguistic	none	_	_	_	_	_	_
825-7	PSB007	825	pos~	pos~	linguistic	none	Interrupted=Yes	_	_	_	_	_
825-8	PSB007	825	può	può	linguistic	none	_	_	_	_	_	_
825-9	PSB007	825	avere	avere	linguistic	none	_	_	_	_	_	_
825-10	PSB007	825	questa	questa	linguistic	none	_	_	_	_	_	_
825-11	PSB007	825	persona:,	persona	linguistic	none	Intonation=weakly_rising	_	6x1	_	_	_
825-12	PSB007	825	disturbi	disturbi	linguistic	none	_	_	_	_	_	_
825-13	PSB007	825	d'	d'	linguistic	none	SpaceAfter=No	_	_	_	_	_
825-14	PSB007	825	ansia,	ansia	linguistic	none	Intonation=weakly_rising	_	_	_	_	_
825-15	PSB007	825	e	e	linguistic	none	_	_	_	_	_	_
825-16	PSB007	825	depressione:,	depressione	linguistic	none	Intonation=weakly_rising	End=2889.09	10x1	_	_	_
826-0	PSB007	826	eh	eh	linguistic	none	_	Begin=2889.28	_	_	_	_
826-1	PSB007	826	disturbo::	disturbo	linguistic	none	_	_	7x2	_	_	_
826-2	PSB007	826	e:h	eh	linguistic	none	_	_	0x1	_	_	_
826-3	PSB007	826	m:h	mh	linguistic	none	_	End=2891.61	0x1	_	_	_
827-0	PSB007	827	dell'	dell'	linguistic	none	SpaceAfter=No	Begin=2893.11	_	_	_	_
827-1	PSB007	827	ansia	ansia	linguistic	none	_	_	_	_	_	_
827-2	PSB007	827	generalizzata:,	generalizzata	linguistic	none	Intonation=weakly_rising	_	12x1	_	_	_
827-3	PSB007	827	attacchi	attacchi	linguistic	none	_	_	_	_	_	_
827-4	PSB007	827	di	di	linguistic	none	_	_	_	_	_	_
827-5	PSB007	827	panico:,	panico	linguistic	none	Intonation=weakly_rising	_	5x1	_	_	_
827-6	PSB007	827	e:h	eh	linguistic	none	_	_	0x1	_	_	_
827-7	PSB007	827	cosa	cosa	linguistic	none	_	_	_	_	_	_
827-8	PSB007	827	si	si	linguistic	none	_	_	_	_	_	_
827-9	PSB007	827	può	può	linguistic	none	_	_	_	_	_	_
827-10	PSB007	827	fare	fare	linguistic	none	_	_	_	_	_	_
827-11	PSB007	827	un'	un'	linguistic	none	SpaceAfter=No	_	_	_	_	_
827-12	PSB007	827	insegnante,	insegnante	linguistic	none	Intonation=weakly_rising	_	_	_	_	_
827-13	PSB007	827	NON	non	linguistic	none	Volume=high	_	_	_	_	_
827-14	PSB007	827	deve	deve	linguistic	none	_	_	_	_	_	_
827-15	PSB007	827	fare	fare	linguistic	none	_	_	_	_	_	_
827-16	PSB007	827	niente,	niente	linguistic	none	Intonation=weakly_rising	_	_	_	_	_
827-17	PSB007	827	oppure	oppure	linguistic	none	_	_	_	_	_	_
827-18	PSB007	827	{P}	{P}	shortpause	none	_	_	_	_	_	_
827-19	PSB007	827	forse	forse	linguistic	none	_	End=2902.07	_	_	_	_
828-0	PSB005	828	può	può	linguistic	none	_	Begin=2902.29|End=2902.71	_	_	_	_
829-0	PSB007	829	QUALCOSA	qualcosa	linguistic	none	Volume=high	Begin=2902.78	_	_	_	_
829-1	PSB007	829	[SI	si	linguistic	none	Volume=high	_	_	_	_	0-2(112)
829-2	PSB007	829	PUÒ	può	linguistic	none	Volume=high	_	_	_	_	0-3(112)
829-3	PSB007	829	FA]RE,	fare	linguistic	none	Intonation=weakly_rising|Volume=high	End=2904.46	_	_	_	0-2(112)
830-0	PSB005	830	[sì	sì	linguistic	none	_	Begin=2903.52	_	_	_	0-2(112)
830-1	PSB005	830	sì]	sì	linguistic	none	_	_	_	_	_	0-2(112)
830-2	PSB005	830	{ride}	{ride}	nonverbalbehavior	none	_	End=2904.71	_	_	_	_
831-0	PSB007	831	COME	come	linguistic	none	Volume=high	Begin=2904.83	_	_	_	_
831-1	PSB007	831	SI	si	linguistic	none	Volume=high	_	_	_	_	_
831-2	PSB007	831	PUÒ	può	linguistic	none	Volume=high	_	_	_	_	_
831-3	PSB007	831	FARE	fare	linguistic	none	Volume=high	_	_	_	_	_
831-4	PSB007	831	PER	per	linguistic	none	Volume=high	_	_	_	_	_
831-5	PSB007	831	NON	non	linguistic	none	Volume=high	_	_	_	_	_
831-6	PSB007	831	DISTURBARE	disturbare	linguistic	none	Volume=high	_	_	_	_	_
831-7	PSB007	831	DI	di	linguistic	none	Volume=high	_	_	_	_	_
831-8	PSB007	831	PIÙ	più	linguistic	none	Volume=high	_	_	_	_	_
831-9	PSB007	831	la	la	linguistic	none	_	_	_	_	_	_
831-10	PSB007	831	la	la	linguistic	none	_	_	_	_	_	_
831-11	PSB007	831	la	la	linguistic	none	_	_	_	_	_	_
831-12	PSB007	831	lo	lo	linguistic	none	_	_	_	_	_	_
831-13	PSB007	831	studente	studente	linguistic	none	_	_	_	_	_	_
831-14	PSB007	831	o	o	linguistic	none	_	_	_	_	_	_
831-15	PSB007	831	studentessa,	studentessa	linguistic	none	Intonation=weakly_rising	End=2910.89	_	_	_	_
832-0	PSB007	832	NO	no	linguistic	none	Volume=high	Begin=2911.61	_	_	_	_
832-1	PSB007	832	È	è	linguistic	none	Volume=high	_	_	_	_	_
832-2	PSB007	832	STATO::	stato	linguistic	none	Volume=high	_	4x2	_	_	_
832-3	PSB007	832	è	è	linguistic	none	_	_	_	_	_	_
832-4	PSB007	832	stato	stato	linguistic	none	_	_	_	_	_	_
832-5	PSB007	832	molto	molto	linguistic	none	_	_	_	_	_	_
832-6	PSB007	832	interessante,	interessante	linguistic	none	Intonation=weakly_rising	End=2914.41	_	_	_	_
833-0	PSB005	833	ma	ma	linguistic	none	_	Begin=2914.6	_	_	_	_
833-1	PSB005	833	tu	tu	linguistic	none	_	_	_	_	_	_
833-2	PSB005	833	hai	hai	linguistic	none	_	_	_	_	_	_
833-3	PSB005	833	fatto	fatto	linguistic	none	_	_	_	_	_	_
833-4	PSB005	833	un	un	linguistic	none	_	End=2915.82	_	_	_	_
834-0	PSB005	834	delle	delle	linguistic	none	_	Begin=2916.13	_	_	_	_
834-1	PSB005	834	registrazioni	registrazioni	linguistic	none	_	_	_	_	_	_
834-2	PSB005	834	tipo	tipo	linguistic	none	_	_	_	_	_	_
834-3	PSB005	834	di	di	linguistic	none	_	_	_	_	_	_
834-4	PSB005	834	dei	dei	linguistic	none	_	_	_	_	_	_
834-5	PSB005	834	video:	video	linguistic	none	_	_	4x1	_	_	_
834-6	PSB005	834	formativi:,	formativi	linguistic	none	Intonation=weakly_rising	_	8x1	_	_	_
834-7	PSB005	834	una	una	linguistic	none	_	_	_	_	_	_
834-8	PSB005	834	cosa	cosa	linguistic	none	_	_	_	_	_	_
834-9	PSB005	834	del	del	linguistic	none	_	_	_	_	_	_
834-10	PSB005	834	genere,	genere	linguistic	none	Intonation=weakly_rising	_	_	_	_	_
834-11	PSB005	834	oppure	oppure	linguistic	none	_	_	_	_	_	_
834-12	PSB005	834	erano	erano	linguistic	none	_	_	_	_	_	_
834-13	PSB005	834	delle	delle	linguistic	none	_	_	_	_	_	_
834-14	PSB005	834	lezioni	lezioni	linguistic	none	_	_	_	_	_	_
834-15	PSB005	834	in	in	linguistic	none	_	_	_	_	_	_
834-16	PSB005	834	presenza	presenza	linguistic	none	_	_	_	_	_	_
834-17	PSB005	834	con	con	linguistic	none	_	_	_	_	_	_
834-18	PSB005	834	gli	gli	linguistic	none	_	_	_	_	_	_
834-19	PSB005	834	insegnanti?	insegnanti	linguistic	none	Intonation=rising	End=2922.49	_	_	_	_
835-0	PSB007	835	e:h	eh	linguistic	none	_	Begin=2922.618	0x1	_	_	_
835-1	PSB007	835	no	no	linguistic	none	_	_	_	_	_	_
835-2	PSB007	835	c'	c'	linguistic	none	SpaceAfter=No	_	_	_	_	_
835-3	PSB007	835	era	era	linguistic	none	_	_	_	_	_	_
835-4	PSB007	835	eh	eh	linguistic	none	_	_	_	_	_	_
835-5	PSB007	835	allora	allora	linguistic	none	_	_	_	_	_	_
835-6	PSB007	835	eh	eh	linguistic	none	_	_	_	_	_	_
835-7	PSB007	835	m:h	mh	linguistic	none	_	End=2925.196	0x1	_	_	_
836-0	PSB007	836	mh	mh	linguistic	none	_	Begin=2926.237	_	_	_	_
836-1	PSB007	836	C'	c'	linguistic	none	SpaceAfter=No|Volume=high	_	_	_	_	_
836-2	PSB007	836	ERANO	erano	linguistic	none	Volume=high	_	_	_	_	_
836-3	PSB007	836	LE	le	linguistic	none	Volume=high	_	_	_	_	_
836-4	PSB007	836	LEZIONI	lezioni	linguistic	none	Volume=high	_	_	_	_	_
836-5	PSB007	836	ONLINE,	online	linguistic	none	Intonation=weakly_rising|Volume=high	End=2927.959	_	_	_	_
837-0	PSB005	837	okay,	okay	linguistic	none	Intonation=weakly_rising	Begin=2927.979|End=2928.629	_	_	_	_
838-0	PSB007	838	quindi:	quindi	linguistic	none	_	Begin=2928.804	5x1	_	_	_
838-1	PSB007	838	dove::	dove	linguistic	none	_	_	3x2	_	_	_
838-2	PSB007	838	c'	c'	linguistic	none	SpaceAfter=No	_	_	_	_	_
838-3	PSB007	838	erano	erano	linguistic	none	_	_	_	_	_	_
838-4	PSB007	838	queste:::	queste	linguistic	none	_	_	5x3	_	_	_
838-5	PSB007	838	questi	questi	linguistic	none	_	_	_	_	_	_
838-6	PSB007	838	mh	mh	linguistic	none	_	_	_	_	_	_
838-7	PSB007	838	studenti	studenti	linguistic	none	_	_	_	_	_	_
838-8	PSB007	838	fisicamente	fisicamente	linguistic	none	_	_	_	_	_	_
838-9	PSB007	838	io	io	linguistic	none	_	_	_	_	_	_
838-10	PSB007	838	non	non	linguistic	none	_	_	_	_	_	_
838-11	PSB007	838	lo	lo	linguistic	none	_	_	_	_	_	_
838-12	PSB007	838	so	so	linguistic	none	_	End=2934.247	_	_	_	_
839-0	PSB005	839	mhmh	mhmh	linguistic	none	_	Begin=2934.691|End=2935.134	_	_	_	_
840-0	PSB005	840	e	e	linguistic	none	_	Begin=2935.175	_	_	_	_
840-1	PSB005	840	{P}	{P}	shortpause	none	_	_	_	_	_	_
840-2	PSB005	840	[però	però	linguistic	none	_	_	_	_	_	0-4(113)
840-3	PSB005	840	erano	erano	linguistic	none	_	_	_	_	_	0-5(113)
840-4	PSB005	840	sincroni]:	sincroni	linguistic	none	_	_	7x1	_	_	0-8(113)
840-5	PSB005	840	diciamo	diciamo	linguistic	none	_	End=2937.505	_	_	_	_
841-0	PSB007	841	[xxx]	x	unknown	none	_	Begin=2935.546|End=2936.732	_	_	_	0-3(113)
842-0	PSB007	842	SÌ	sì	linguistic	none	Volume=high	Begin=2937.526	_	_	_	_
842-1	PSB007	842	S[Ì]	sì	linguistic	none	Volume=high	End=2937.948	_	_	_	1-2(114)
843-0	PSB005	843	[inc]ontri	incontri	linguistic	none	_	Begin=2937.835	_	_	_	0-3(114)
843-1	PSB005	843	[sincroni	sincroni	linguistic	none	_	_	_	_	_	0-8(115)
843-2	PSB005	843	sì]	sì	linguistic	none	_	End=2939.144	_	_	_	0-2(115)
844-0	PSB007	844	[sì	sì	linguistic	none	_	Begin=2938.557	_	_	_	0-2(115)
844-1	PSB007	844	sì]	sì	linguistic	none	_	_	_	_	_	0-2(115)
844-2	PSB007	844	non	non	linguistic	none	_	_	_	_	_	_
844-3	PSB007	844	non	non	linguistic	none	_	_	_	_	_	_
844-4	PSB007	844	era::	era	linguistic	none	_	_	2x2	_	_	_
844-5	PSB007	844	la	la	linguistic	none	_	_	_	_	_	_
844-6	PSB007	844	cosa	cosa	linguistic	none	_	_	_	_	_	_
844-7	PSB007	844	<registra[ta>	registrata	linguistic	none	_	_	_	Slow=0-10(0)	_	8-10(116)
844-8	PSB007	844	che	che	linguistic	none	_	_	_	_	_	0-3(116)
844-9	PSB007	844	dopo]	dopo	linguistic	none	_	_	_	_	_	0-4(116)
844-10	PSB007	844	tu	tu	linguistic	none	_	_	_	_	_	_
844-11	PSB007	844	puoi	puoi	linguistic	none	_	_	_	_	_	_
844-12	PSB007	844	{P}	{P}	shortpause	none	_	_	_	_	_	_
844-13	PSB007	844	[vedere]	vedere	linguistic	none	_	_	_	_	_	0-6(117)
844-14	PSB007	844	da	da	linguistic	none	_	_	_	_	_	_
844-15	PSB007	844	qualche	qualche	linguistic	none	_	_	_	_	_	_
844-16	PSB007	844	par[te	parte	linguistic	none	_	_	_	_	_	3-5(118)
844-17	PSB007	844	no	no	linguistic	none	_	_	_	_	_	0-2(118)
844-18	PSB007	844	è]	è	linguistic	none	_	_	_	_	_	0-1(118)
844-19	PSB007	844	è	è	linguistic	none	_	_	_	_	_	_
844-20	PSB007	844	un	un	linguistic	none	_	_	_	_	_	_
844-21	PSB007	844	{P}	{P}	shortpause	none	_	_	_	_	_	_
844-22	PSB007	844	è	è	linguistic	none	_	_	_	_	_	_
844-23	PSB007	844	tipo	tipo	linguistic	none	_	_	_	_	_	_
844-24	PSB007	844	una	una	linguistic	none	_	_	_	_	_	_
844-25	PSB007	844	lezione	lezione	linguistic	none	_	_	_	_	_	_
844-26	PSB007	844	[online],	online	linguistic	none	Intonation=weakly_rising	End=2947.381	_	_	_	0-6(119)
845-0	PSB005	845	[sì	sì	linguistic	none	_	Begin=2941.649	_	_	_	0-2(116)
845-1	PSB005	845	sì]	sì	linguistic	none	_	End=2942.392	_	_	_	0-2(116)
846-0	PSB005	846	[mhmh]	mhmh	linguistic	none	_	Begin=2943.155|End=2943.722	_	_	_	0-4(117)
847-0	PSB005	847	[mhmh]	mhmh	linguistic	none	_	Begin=2944.392|End=2944.856	_	_	_	0-4(118)
848-0	PSB005	848	[sì	sì	linguistic	none	_	Begin=2946.691	_	_	_	0-2(119)
848-1	PSB005	848	sì]	sì	linguistic	none	_	End=2947.34	_	_	_	0-2(119)
849-0	PSB005	849	certo	certo	linguistic	none	_	Begin=2947.577	_	_	_	_
849-1	PSB005	849	sì	sì	linguistic	none	_	_	_	_	_	_
849-2	PSB005	849	sì	sì	linguistic	none	_	_	_	_	_	_
849-3	PSB005	849	sì	sì	linguistic	none	_	_	_	_	_	_
849-4	PSB005	849	sì	sì	linguistic	none	_	End=2948.722	_	_	_	_
850-0	PSB005	850	ma	ma	linguistic	none	_	Begin=2949.01	_	_	_	_
850-1	PSB005	850	speravo	speravo	linguistic	none	_	_	_	_	_	_
850-2	PSB005	850	di	di	linguistic	none	_	_	_	_	_	_
850-3	PSB005	850	vederli	vederli	linguistic	none	_	_	_	_	_	_
850-4	PSB005	850	{ride}	{ride}	nonverbalbehavior	none	_	_	_	_	_	_
850-5	PSB005	850	le	le	linguistic	none	_	_	_	_	_	_
850-6	PSB005	850	regi[strazioni]	registrazioni	linguistic	none	_	End=2952.526	_	_	_	4-13(120)
851-0	PSB007	851	[E:::H]	eh	linguistic	none	Volume=high	Begin=2951.691	0x3	_	_	0-2(120)
851-1	PSB007	851	SONO	sono	linguistic	none	Volume=high	_	_	_	_	_
851-2	PSB007	851	RIMASTE:::	rimaste	linguistic	none	Volume=high	_	6x3	_	_	_
851-3	PSB007	851	EH	eh	linguistic	none	Volume=high	_	_	_	_	_
851-4	PSB007	851	MH	mh	linguistic	none	Volume=high	_	_	_	_	_
851-5	PSB007	851	nel	nel	linguistic	none	_	_	_	_	_	_
851-6	PSB007	851	sito::	sito	linguistic	none	_	End=2956.722	3x2	_	_	_
852-0	PSB007	852	eh	eh	linguistic	none	_	Begin=2956.99	_	_	_	_
852-1	PSB007	852	nella	nella	linguistic	none	_	_	_	_	_	_
852-2	PSB007	852	banca	banca	linguistic	none	_	_	_	_	_	_
852-3	PSB007	852	dati	dati	linguistic	none	_	_	_	_	_	_
852-4	PSB007	852	[del	del	linguistic	none	_	_	_	_	_	0-3(121)
852-5	PSB007	852	si]to	sito	linguistic	none	_	_	_	_	_	0-2(121)
852-6	PSB007	852	di	di	linguistic	none	_	_	_	_	_	_
852-7	PSB007	852	@nomeazienda,	@nomeazienda,	linguistic	none	_	End=2959.371	_	_	_	_
853-0	PSB005	853	[mhmh]	mhmh	linguistic	none	_	Begin=2958.144|End=2958.598	_	_	_	0-4(121)
854-0	PSB007	854	quindi	quindi	linguistic	none	_	Begin=2959.897	_	_	_	_
854-1	PSB007	854	se	se	linguistic	none	_	_	_	_	_	_
854-2	PSB007	854	tu	tu	linguistic	none	_	_	_	_	_	_
854-3	PSB007	854	hai	hai	linguistic	none	_	_	_	_	_	_
854-4	PSB007	854	l'	l'	linguistic	none	SpaceAfter=No	_	_	_	_	_
854-5	PSB007	854	accesso:	accesso	linguistic	none	_	_	6x1	_	_	_
854-6	PSB007	854	[a::]	a	linguistic	none	_	_	0x2	_	_	0-1(122)
854-7	PSB007	854	ad	ad	linguistic	none	_	_	_	_	_	_
854-8	PSB007	854	@nomeazienda,	@nomeazienda,	linguistic	none	_	End=2962.567	_	_	_	_
855-0	PSB005	855	[xx]	x	unknown	none	_	Begin=2961.557|End=2961.969	_	_	_	0-2(122)
856-0	PSB005	856	intanto	intanto	linguistic	none	_	Begin=2962.639	_	_	_	_
856-1	PSB005	856	mi	mi	linguistic	none	_	_	_	_	_	_
856-2	PSB005	856	scrivo	scrivo	linguistic	none	_	_	_	_	_	_
856-3	PSB005	856	il	il	linguistic	none	_	_	_	_	_	_
856-4	PSB005	856	nome::	nome	linguistic	none	_	_	3x2	_	_	_
856-5	PSB005	856	de:l	del	linguistic	none	_	_	1x1	_	_	_
856-6	PSB005	856	mh	mh	linguistic	none	_	End=2965.093	_	_	_	_
857-0	PSB007	857	@nomeazienda	nomeazienda	linguistic	none	_	Begin=2965.402|End=2966.124	_	_	_	_
858-0	PSB007	858	sì	sì	linguistic	none	_	Begin=2971.134	_	_	_	_
858-1	PSB007	858	loro	loro	linguistic	none	_	_	_	_	_	_
858-2	PSB007	858	sono	sono	linguistic	none	_	_	_	_	_	_
858-3	PSB007	858	state	state	linguistic	none	_	_	_	_	_	_
858-4	PSB007	858	registrate	registrate	linguistic	none	_	_	_	_	_	_
858-5	PSB007	858	alla	alla	linguistic	none	_	_	_	_	_	_
858-6	PSB007	858	fine,	fine	linguistic	none	Intonation=weakly_rising	End=2973.608	_	_	_	_
859-0	PSB007	859	ciò	ciò	linguistic	none	_	Begin=2973.948	_	_	_	_
859-1	PSB007	859	perché	perché	linguistic	none	_	_	_	_	_	_
859-2	PSB007	859	semplicemente	semplicemente	linguistic	none	_	_	_	_	_	_
859-3	PSB007	859	per	per	linguistic	none	_	_	_	_	_	_
859-4	PSB007	859	<dare>	dare	linguistic	none	_	_	_	Slow=0-4(0)	_	_
859-5	PSB007	859	la	la	linguistic	none	_	_	_	_	_	_
859-6	PSB007	859	possibilità:	possibilità	linguistic	none	_	_	10x1	_	_	_
859-7	PSB007	859	agli	agli	linguistic	none	_	_	_	_	_	_
859-8	PSB007	859	studenti	studenti	linguistic	none	_	_	_	_	_	_
859-9	PSB007	859	[di	di	linguistic	none	_	_	_	_	_	0-2(124)
859-10	PSB007	859	<ri]guardarli:,	riguardarli	linguistic	none	Intonation=weakly_rising	_	10x1	Slow=0-11(1)	_	0-2(124)
859-11	PSB007	859	dopo:,	dopo	linguistic	none	Intonation=weakly_rising	_	3x1	Slow=0-4(1)	_	_
859-12	PSB007	859	magari:>	magari	linguistic	none	_	_	5x1	Slow=0-6(1)	_	_
859-13	PSB007	859	[se	se	linguistic	none	_	_	_	_	_	0-2(125)
859-14	PSB007	859	qualc]uno	qualcuno	linguistic	none	_	_	_	_	_	0-5(125)
859-15	PSB007	859	non	non	linguistic	none	_	_	_	_	_	_
859-16	PSB007	859	ha	ha	linguistic	none	_	_	_	_	_	_
859-17	PSB007	859	sentito	sentito	linguistic	none	_	_	_	_	_	_
859-18	PSB007	859	qualco[sa	qualcosa	linguistic	none	_	_	_	_	_	6-8(126)
859-19	PSB007	859	{P}	{P}	shortpause	none	_	_	_	_	_	0-3(126)
859-20	PSB007	859	op]pure	oppure	linguistic	none	_	_	_	_	_	0-2(126)
859-21	PSB007	859	non	non	linguistic	none	_	_	_	_	_	_
859-22	PSB007	859	non	non	linguistic	none	_	_	_	_	_	_
859-23	PSB007	859	non	non	linguistic	none	_	_	_	_	_	_
859-24	PSB007	859	potev[a:]	poteva	linguistic	none	_	_	5x1	_	_	5-6(127)
859-25	PSB007	859	essere	essere	linguistic	none	_	_	_	_	_	_
859-26	PSB007	859	[presente:]	presente	linguistic	none	_	End=2985.763	7x1	_	_	0-8(123)
860-0	PSB005	860	[mhmh]	mhmh	linguistic	none	_	Begin=2977.67|End=2978.124	_	_	_	0-4(124)
861-0	PSB005	861	[mhmh]	mhmh	linguistic	none	_	Begin=2980.093|End=2980.618	_	_	_	0-4(125)
862-0	PSB005	862	[sì	sì	linguistic	none	_	Begin=2981.701	_	_	_	0-2(126)
862-1	PSB005	862	sì	sì	linguistic	none	_	_	_	_	_	0-2(126)
862-2	PSB005	862	sì	sì	linguistic	none	_	_	_	_	_	0-2(126)
862-3	PSB005	862	certo]	certo	linguistic	none	_	End=2982.67	_	_	_	0-5(126)
863-0	PSB005	863	[mhmh]	mhmh	linguistic	none	_	Begin=2984.113|End=2984.505	_	_	_	0-4(127)
864-0	PSB005	864	[molto]	molto	linguistic	none	_	Begin=2984.948	_	_	_	0-5(123)
864-1	PSB005	864	{P}	{P}	shortpause	none	_	_	_	_	_	_
864-2	PSB005	864	molto	molto	linguistic	none	_	_	_	_	_	_
864-3	PSB005	864	molto	molto	linguistic	none	_	_	_	_	_	_
864-4	PSB005	864	interessante	interessante	linguistic	none	_	_	_	_	_	_
864-5	PSB005	864	questa	questa	linguistic	none	_	_	_	_	_	_
864-6	PSB005	864	cosa,	cosa	linguistic	none	Intonation=weakly_rising	End=2987.794	_	_	_	_
865-0	PSB005	865	soprattutto	soprattutto	linguistic	none	_	Begin=2988.453	_	_	_	_
865-1	PSB005	865	se	se	linguistic	none	_	_	_	_	_	_
865-2	PSB005	865	mh	mh	linguistic	none	_	End=2990.412	_	_	_	_
866-0	PSB005	866	se	se	linguistic	none	_	Begin=2991.124	_	_	_	_
866-1	PSB005	866	mi	mi	linguistic	none	_	_	_	_	_	_
866-2	PSB005	866	vuoi	vuoi	linguistic	none	_	_	_	_	_	_
866-3	PSB005	866	dire	dire	linguistic	none	_	_	_	_	_	_
866-4	PSB005	866	qualche	qualche	linguistic	none	_	_	_	_	_	_
866-5	PSB005	866	cosa	cosa	linguistic	none	_	_	_	_	_	_
866-6	PSB005	866	sulla	sulla	linguistic	none	_	_	_	_	_	_
866-7	PSB005	866	situazione	situazione	linguistic	none	_	_	_	_	_	_
866-8	PSB005	866	<linguistica>	linguistica	linguistic	none	_	_	_	Slow=0-11(0)	_	_
866-9	PSB005	866	{P}	{P}	shortpause	none	_	_	_	_	_	_
866-10	PSB005	866	dell'	dell'	linguistic	none	SpaceAfter=No	_	_	_	_	_
866-11	PSB005	866	ucraina	ucraina	linguistic	none	_	End=2995.423	_	_	_	_
867-0	PSB005	867	perché	perché	linguistic	none	_	Begin=2995.546	_	_	_	_
867-1	PSB005	867	secondo	secondo	linguistic	none	_	_	_	_	_	_
867-2	PSB005	867	me:	me	linguistic	none	_	End=2996.691	1x1	_	_	_
868-0	PSB005	868	io	io	linguistic	none	_	Begin=2997.0	_	_	_	_
868-1	PSB005	868	non	non	linguistic	none	_	_	_	_	_	_
868-2	PSB005	868	sono::	sono	linguistic	none	_	_	3x2	_	_	_
868-3	PSB005	868	{P}	{P}	shortpause	none	_	_	_	_	_	_
868-4	PSB005	868	ben	ben	linguistic	none	_	_	_	_	_	_
868-5	PSB005	868	informata	informata	linguistic	none	_	_	_	_	_	_
868-6	PSB005	868	cioè	cioè	linguistic	none	_	_	_	_	_	_
868-7	PSB005	868	non	non	linguistic	none	_	_	_	_	_	_
868-8	PSB005	868	mi	mi	linguistic	none	_	_	_	_	_	_
868-9	PSB005	868	sono	sono	linguistic	none	_	_	_	_	_	_
868-10	PSB005	868	informata	informata	linguistic	none	_	_	_	_	_	_
868-11	PSB005	868	accuratamente,	accuratamente	linguistic	none	Intonation=weakly_rising	_	_	_	_	_
868-12	PSB005	868	quindi	quindi	linguistic	none	_	_	_	_	_	_
868-13	PSB005	868	se	se	linguistic	none	_	End=3002.196	_	_	_	_
869-0	PSB005	869	perché	perché	linguistic	none	_	Begin=3002.783	_	_	_	_
869-1	PSB005	869	so	so	linguistic	none	_	_	_	_	_	_
869-2	PSB005	869	che	che	linguistic	none	_	_	_	_	_	_
869-3	PSB005	869	nella	nella	linguistic	none	_	_	_	_	_	_
869-4	PSB005	869	parte	parte	linguistic	none	_	_	_	_	_	_
869-5	PSB005	869	orien~	orien~	linguistic	none	Interrupted=Yes	_	_	_	_	_
869-6	PSB005	869	occid~	occid~	linguistic	none	Interrupted=Yes	_	_	_	_	_
869-7	PSB005	869	orientale	orientale	linguistic	none	_	_	_	_	_	_
869-8	PSB005	869	sì	sì	linguistic	none	_	_	_	_	_	_
869-9	PSB005	869	nella	nella	linguistic	none	_	_	_	_	_	_
869-10	PSB005	869	parte	parte	linguistic	none	_	_	_	_	_	_
869-11	PSB005	869	orientale	orientale	linguistic	none	_	End=3006.392	_	_	_	_
870-0	PSB005	870	che	che	linguistic	none	_	Begin=3007.062	_	_	_	_
870-1	PSB005	870	è	è	linguistic	none	_	_	_	_	_	_
870-2	PSB005	870	ca~	ca~	linguistic	none	Interrupted=Yes	_	_	_	_	_
870-3	PSB005	870	dove	dove	linguistic	none	_	_	_	_	_	_
870-4	PSB005	870	da	da	linguistic	none	_	_	_	_	_	_
870-5	PSB005	870	dove	dove	linguistic	none	_	_	_	_	_	_
870-6	PSB005	870	vieni	vieni	linguistic	none	_	_	_	_	_	_
870-7	PSB005	870	tu	tu	linguistic	none	_	_	_	_	_	_
870-8	PSB005	870	dov~	dov~	linguistic	none	Interrupted=Yes	_	_	_	_	_
870-9	PSB005	870	mh	mh	linguistic	none	_	End=3009.722	_	_	_	_
871-0	PSB005	871	dovrebbero	dovrebbero	linguistic	none	_	Begin=3010.031	_	_	_	_
871-1	PSB005	871	esserci	esserci	linguistic	none	_	_	_	_	_	_
871-2	PSB005	871	almeno	almeno	linguistic	none	_	_	_	_	_	_
871-3	PSB005	871	delle	delle	linguistic	none	_	_	_	_	_	_
871-4	PSB005	871	zone:	zone	linguistic	none	_	_	3x1	_	_	_
871-5	PSB005	871	{P}	{P}	shortpause	none	_	_	_	_	_	_
871-6	PSB005	871	in	in	linguistic	none	_	_	_	_	_	_
871-7	PSB005	871	cui	cui	linguistic	none	_	_	_	_	_	_
871-8	PSB005	871	si	si	linguistic	none	_	_	_	_	_	_
871-9	PSB005	871	parla	parla	linguistic	none	_	_	_	_	_	_
871-10	PSB005	871	più	più	linguistic	none	_	_	_	_	_	_
871-11	PSB005	871	russo:	russo	linguistic	none	_	_	4x1	_	_	_
871-12	PSB005	871	giusto?	giusto	linguistic	none	Intonation=rising	_	_	_	_	_
871-13	PSB005	871	mh	mh	linguistic	none	_	End=3014.216	_	_	_	_
872-0	PSB005	872	poi	poi	linguistic	none	_	Begin=3014.732	_	_	_	_
872-1	PSB005	872	mi	mi	linguistic	none	_	_	_	_	_	_
872-2	PSB005	872	hai	hai	linguistic	none	_	_	_	_	_	_
872-3	PSB005	872	detto	detto	linguistic	none	_	_	_	_	_	_
872-4	PSB005	872	anche	anche	linguistic	none	_	_	_	_	_	_
872-5	PSB005	872	che	che	linguistic	none	_	_	_	_	_	_
872-6	PSB005	872	tu	tu	linguistic	none	_	_	_	_	_	_
872-7	PSB005	872	{P}	{P}	shortpause	none	_	_	_	_	_	_
872-8	PSB005	872	adesso	adesso	linguistic	none	_	_	_	_	_	_
872-9	PSB005	872	stai	stai	linguistic	none	_	_	_	_	_	_
872-10	PSB005	872	lavorando	lavorando	linguistic	none	_	_	_	_	_	_
872-11	PSB005	872	con	con	linguistic	none	_	_	_	_	_	_
872-12	PSB005	872	fonti	fonti	linguistic	none	_	_	_	_	_	_
872-13	PSB005	872	anche	anche	linguistic	none	_	_	_	_	_	_
872-14	PSB005	872	in	in	linguistic	none	_	_	_	_	_	_
872-15	PSB005	872	varie	varie	linguistic	none	_	_	_	_	_	_
872-16	PSB005	872	lingue:,	lingue	linguistic	none	Intonation=weakly_rising	End=3019.319	5x1	_	_	_
873-0	PSB005	873	quindi	quindi	linguistic	none	_	Begin=3019.402	_	_	_	_
873-1	PSB005	873	immagino	immagino	linguistic	none	_	_	_	_	_	_
873-2	PSB005	873	che	che	linguistic	none	_	_	_	_	_	_
873-3	PSB005	873	{P}	{P}	shortpause	none	_	_	_	_	_	_
873-4	PSB005	873	parli	parli	linguistic	none	_	End=3021.155	_	_	_	_
874-0	PSB005	874	anche	anche	linguistic	none	_	Begin=3021.773	_	_	_	_
874-1	PSB005	874	altre	altre	linguistic	none	_	_	_	_	_	_
874-2	PSB005	874	lingue:	lingue	linguistic	none	_	_	5x1	_	_	_
874-3	PSB005	874	oltre::	oltre	linguistic	none	_	End=3023.928	4x2	_	_	_
875-0	PSB007	875	eh	eh	linguistic	none	_	Begin=3024.722	_	_	_	_
875-1	PSB007	875	sì	sì	linguistic	none	_	_	_	_	_	_
875-2	PSB007	875	riguardo	riguardo	linguistic	none	_	_	_	_	_	_
875-3	PSB007	875	la	la	linguistic	none	_	_	_	_	_	_
875-4	PSB007	875	lingua::	lingua	linguistic	none	_	_	5x2	_	_	_
875-5	PSB007	875	eh	eh	linguistic	none	_	_	_	_	_	_
875-6	PSB007	875	comunque	comunque	linguistic	none	_	_	_	_	_	_
875-7	PSB007	875	questo	questo	linguistic	none	_	_	_	_	_	_
875-8	PSB007	875	discorso	discorso	linguistic	none	_	_	_	_	_	_
875-9	PSB007	875	si	si	linguistic	none	_	_	_	_	_	_
875-10	PSB007	875	può	può	linguistic	none	_	_	_	_	_	_
875-11	PSB007	875	può	può	linguistic	none	_	_	_	_	_	_
875-12	PSB007	875	essere	essere	linguistic	none	_	_	_	_	_	_
875-13	PSB007	875	molto	molto	linguistic	none	_	_	_	_	_	_
875-14	PSB007	875	molto	molto	linguistic	none	_	_	_	_	_	_
875-15	PSB007	875	lungo:::	lungo	linguistic	none	_	End=3032.474	4x3	_	_	_
876-0	PSB005	876	beh	beh	linguistic	none	_	Begin=3032.495	_	_	_	_
876-1	PSB005	876	{P}[	{P}	shortpause	none	_	_	_	_	_	0-3(128)
876-2	PSB005	876	tante	tante	linguistic	none	_	_	_	_	_	0-5(128)
876-3	PSB005	876	cose	cose	linguistic	none	_	_	_	_	_	0-4(128)
876-4	PSB005	876	sì	sì	linguistic	none	_	_	_	_	_	0-2(128)
876-5	PSB005	876	certo	certo	linguistic	none	_	_	_	_	_	0-5(128)
876-6	PSB005	876	sì	sì	linguistic	none	_	_	_	_	_	0-2(128)
876-7	PSB005	876	sì]	sì	linguistic	none	_	End=3034.938	_	_	_	0-2(128)
877-0	PSB007	877	[direi	direi	linguistic	none	_	Begin=3032.701	_	_	_	0-5(128)
877-1	PSB007	877	c'	c'	linguistic	none	SpaceAfter=No	_	_	_	_	0-2(128)
877-2	PSB007	877	è	è	linguistic	none	_	_	_	_	_	0-1(128)
877-3	PSB007	877	tanta	tanta	linguistic	none	_	_	_	_	_	0-5(128)
877-4	PSB007	877	è	è	linguistic	none	_	_	_	_	_	0-1(128)
877-5	PSB007	877	tanta	tanta	linguistic	none	_	_	_	_	_	0-5(128)
877-6	PSB007	877	l'	l'	linguistic	none	SpaceAfter=No	_	_	_	_	0-2(128)
877-7	PSB007	877	informazione]	informazione	linguistic	none	_	_	_	_	_	0-11(128)
877-8	PSB007	877	sì	sì	linguistic	none	_	End=3035.515	_	_	_	_
878-0	PSB007	878	e:h	eh	linguistic	none	_	Begin=3035.907	0x1	_	_	_
878-1	PSB007	878	m:h	mh	linguistic	none	_	End=3037.237	0x1	_	_	_
879-0	PSB007	879	se	se	linguistic	none	_	Begin=3037.608	_	_	_	_
879-1	PSB007	879	devo	devo	linguistic	none	_	_	_	_	_	_
879-2	PSB007	879	spiegare	spiegare	linguistic	none	_	_	_	_	_	_
879-3	PSB007	879	in	in	linguistic	none	_	_	_	_	_	_
879-4	PSB007	879	due	due	linguistic	none	_	_	_	_	_	_
879-5	PSB007	879	parole::	parole	linguistic	none	_	_	5x2	_	_	_
879-6	PSB007	879	eh	eh	linguistic	none	_	_	_	_	_	_
879-7	PSB007	879	la	la	linguistic	none	_	_	_	_	_	_
879-8	PSB007	879	situazione	situazione	linguistic	none	_	_	_	_	_	_
879-9	PSB007	879	linguistica	linguistica	linguistic	none	_	_	_	_	_	_
879-10	PSB007	879	è	è	linguistic	none	_	_	_	_	_	_
879-11	PSB007	879	così:	così	linguistic	none	_	_	3x1	_	_	_
879-12	PSB007	879	<tutti>	tutti	linguistic	none	_	_	_	Slow=0-5(0)	_	_
879-13	PSB007	879	eh	eh	linguistic	none	_	End=3044.0	_	_	_	_
880-0	PSB007	880	<sanno>	sanno	linguistic	none	_	Begin=3044.33	_	Slow=0-5(0)	_	_
880-1	PSB007	880	eh	eh	linguistic	none	_	_	_	_	_	_
880-2	PSB007	880	e	e	linguistic	none	_	_	_	_	_	_
880-3	PSB007	880	parlano::	parlano	linguistic	none	_	End=3047.175	6x2	_	_	_
881-0	PSB007	881	<sanno>	sanno	linguistic	none	_	Begin=3047.392	_	Slow=0-5(0)	_	_
881-1	PSB007	881	parlare	parlare	linguistic	none	_	_	_	_	_	_
881-2	PSB007	881	diciamo:	diciamo	linguistic	none	_	_	6x1	_	_	_
881-3	PSB007	881	la	la	linguistic	none	_	_	_	_	_	_
881-4	PSB007	881	lingua	lingua	linguistic	none	_	_	_	_	_	_
881-5	PSB007	881	ucra~	ucra~	linguistic	none	Interrupted=Yes	_	_	_	_	_
881-6	PSB007	881	ucraina,	ucraina	linguistic	none	Intonation=weakly_rising	End=3051.464	_	_	_	_
882-0	PSB007	882	senza	senza	linguistic	none	_	Begin=3051.536	_	_	_	_
882-1	PSB007	882	dubbi	dubbi	linguistic	none	_	End=3052.464	_	_	_	_
883-0	PSB007	883	perché?	perché	linguistic	none	Intonation=rising	Begin=3053.526	_	_	_	_
883-1	PSB007	883	perché	perché	linguistic	none	_	_	_	_	_	_
883-2	PSB007	883	{P}	{P}	shortpause	none	_	_	_	_	_	_
883-3	PSB007	883	l'	l'	linguistic	none	SpaceAfter=No	_	_	_	_	_
883-4	PSB007	883	abbiamo	abbiamo	linguistic	none	_	_	_	_	_	_
883-5	PSB007	883	studiato	studiato	linguistic	none	_	_	_	_	_	_
883-6	PSB007	883	{P}	{P}	shortpause	none	_	_	_	_	_	_
883-7	PSB007	883	[a	a	linguistic	none	_	_	_	_	_	0-1(129)
883-8	PSB007	883	scuola:],	scuola	linguistic	none	Intonation=weakly_rising	End=3057.021	5x1	_	_	0-6(129)
884-0	PSB005	884	[mhmh]	mhmh	linguistic	none	_	Begin=3056.526|End=3057.01	_	_	_	0-4(129)
885-0	PSB007	885	MA	ma	linguistic	none	Volume=high	Begin=3058.68	_	_	_	_
885-1	PSB007	885	{P}	{P}	shortpause	none	_	_	_	_	_	_
885-2	PSB007	885	visto	visto	linguistic	none	_	_	_	_	_	_
885-3	PSB007	885	che	che	linguistic	none	_	End=3060.464	_	_	_	_
886-0	PSB007	886	tanto	tanto	linguistic	none	_	Begin=3061.247	_	_	_	_
886-1	PSB007	886	tempo	tempo	linguistic	none	_	_	_	_	_	_
886-2	PSB007	886	{P}	{P}	shortpause	none	_	_	_	_	_	_
886-3	PSB007	886	ucraina	ucraina	linguistic	none	_	_	_	_	_	_
886-4	PSB007	886	faceva	faceva	linguistic	none	_	_	_	_	_	_
886-5	PSB007	886	la	la	linguistic	none	_	_	_	_	_	_
886-6	PSB007	886	parte	parte	linguistic	none	_	_	_	_	_	_
886-7	PSB007	886	dell'	dell'	linguistic	none	SpaceAfter=No	_	_	_	_	_
886-8	PSB007	886	unione	unione	linguistic	none	_	_	_	_	_	_
886-9	PSB007	886	sovietica:,	sovietica	linguistic	none	Intonation=weakly_rising	_	8x1	_	_	_
886-10	PSB007	886	{P}	{P}	shortpause	none	_	_	_	_	_	_
886-11	PSB007	886	dove	dove	linguistic	none	_	_	_	_	_	_
886-12	PSB007	886	la	la	linguistic	none	_	_	_	_	_	_
886-13	PSB007	886	<lingua>:	lingua	linguistic	none	_	End=3066.773	5x1	Slow=0-6(0)	_	_
887-0	PSB007	887	<principale>	principale	linguistic	none	_	Begin=3067.165	_	Slow=0-10(0)	_	_
887-1	PSB007	887	°era	era	linguistic	none	Volume=low	_	_	_	_	_
887-2	PSB007	887	russo°	russo	linguistic	none	Volume=low	End=3069.216	_	_	_	_
888-0	PSB005	888	mhmh	mhmh	linguistic	none	_	Begin=3069.33|End=3069.742	_	_	_	_
889-0	PSB007	889	era	era	linguistic	none	_	Begin=3070.773	_	_	_	_
889-1	PSB007	889	la	la	linguistic	none	_	_	_	_	_	_
889-2	PSB007	889	<lingua>	lingua	linguistic	none	_	_	_	Slow=0-6(0)	_	_
889-3	PSB007	889	russa	russa	linguistic	none	_	End=3071.99	_	_	_	_
890-0	PSB007	890	e:h	eh	linguistic	none	_	Begin=3072.845|End=3073.567	0x1	_	_	_
891-0	PSB007	891	ovviamente	ovviamente	linguistic	none	_	Begin=3073.835	_	_	_	_
891-1	PSB007	891	abbiamo	abbiamo	linguistic	none	_	_	_	_	_	_
891-2	PSB007	891	studiato	studiato	linguistic	none	_	_	_	_	_	_
891-3	PSB007	891	{P}	{P}	shortpause	none	_	_	_	_	_	_
891-4	PSB007	891	a	a	linguistic	none	_	_	_	_	_	_
891-5	PSB007	891	scuola,	scuola	linguistic	none	Intonation=weakly_rising	_	_	_	_	_
891-6	PSB007	891	all'	all'	linguistic	none	SpaceAfter=No	_	_	_	_	_
891-7	PSB007	891	università:	università	linguistic	none	_	_	9x1	_	_	_
891-8	PSB007	891	<anche	anche	linguistic	none	_	_	_	Slow=0-5(0)	_	_
891-9	PSB007	891	la	la	linguistic	none	_	_	_	Slow=0-2(0)	_	_
891-10	PSB007	891	lingua	lingua	linguistic	none	_	_	_	Slow=0-6(0)	_	_
891-11	PSB007	891	russa>	russa	linguistic	none	_	End=3079.216	_	Slow=0-5(0)	_	_
892-0	PSB007	892	e::h	eh	linguistic	none	_	Begin=3080.959	0x2	_	_	_
892-1	PSB007	892	la	la	linguistic	none	_	_	_	_	_	_
892-2	PSB007	892	parte	parte	linguistic	none	_	_	_	_	_	_
892-3	PSB007	892	orientale	orientale	linguistic	none	_	_	_	_	_	_
892-4	PSB007	892	dell'	dell'	linguistic	none	SpaceAfter=No	_	_	_	_	_
892-5	PSB007	892	ucraina:	ucraina	linguistic	none	_	_	6x1	_	_	_
892-6	PSB007	892	{P}	{P}	shortpause	none	_	_	_	_	_	_
892-7	PSB007	892	nella	nella	linguistic	none	_	_	_	_	_	_
892-8	PSB007	892	vita	vita	linguistic	none	_	_	_	_	_	_
892-9	PSB007	892	quotidiana	quotidiana	linguistic	none	_	_	_	_	_	_
892-10	PSB007	892	{P}	{P}	shortpause	none	_	_	_	_	_	_
892-11	PSB007	892	di	di	linguistic	none	_	_	_	_	_	_
892-12	PSB007	892	solito	solito	linguistic	none	_	End=3086.794	_	_	_	_
893-0	PSB007	893	dico	dico	linguistic	none	_	Begin=3087.247	_	_	_	_
893-1	PSB007	893	di	di	linguistic	none	_	_	_	_	_	_
893-2	PSB007	893	<soli[to>	solito	linguistic	none	_	_	_	Slow=0-6(0)	_	4-6(130)
893-3	PSB007	893	perché:]	perché	linguistic	none	_	_	5x1	_	_	0-6(130)
893-4	PSB007	893	ci	ci	linguistic	none	_	_	_	_	_	_
893-5	PSB007	893	sono	sono	linguistic	none	_	_	_	_	_	_
893-6	PSB007	893	diverse	diverse	linguistic	none	_	_	_	_	_	_
893-7	PSB007	893	famiglie	famiglie	linguistic	none	_	_	_	_	_	_
893-8	PSB007	893	dive~	dive~	linguistic	none	Interrupted=Yes	_	_	_	_	_
893-9	PSB007	893	non	non	linguistic	none	_	_	_	_	_	_
893-10	PSB007	893	posso	posso	linguistic	none	_	_	_	_	_	_
893-11	PSB007	893	dire	dire	linguistic	none	_	_	_	_	_	_
893-12	PSB007	893	in	in	linguistic	none	_	_	_	_	_	_
893-13	PSB007	893	cento	cento	linguistic	none	_	_	_	_	_	_
893-14	PSB007	893	per	per	linguistic	none	_	_	_	_	_	_
893-15	PSB007	893	cento,	cento	linguistic	none	Intonation=weakly_rising	End=3092.773	_	_	_	_
894-0	PSB005	894	[sì	sì	linguistic	none	_	Begin=3087.969	_	_	_	0-2(130)
894-1	PSB005	894	sì	sì	linguistic	none	_	_	_	_	_	0-2(130)
894-2	PSB005	894	sì]	sì	linguistic	none	_	End=3088.825	_	_	_	0-2(130)
895-0	PSB007	895	e:h	eh	linguistic	none	_	Begin=3093.402|End=3094.268	0x1	_	_	_
896-0	PSB007	896	<usano>	usano	linguistic	none	_	Begin=3094.381	_	Slow=0-5(0)	_	_
896-1	PSB007	896	la	la	linguistic	none	_	_	_	_	_	_
896-2	PSB007	896	lingua	lingua	linguistic	none	_	_	_	_	_	_
896-3	PSB007	896	russa	russa	linguistic	none	_	End=3095.629	_	_	_	_
897-0	PSB005	897	mhmh	mhmh	linguistic	none	_	Begin=3095.639|End=3096.134	_	_	_	_
898-0	PSB007	898	AL	al	linguistic	none	Volume=high	Begin=3097.319	_	_	_	_
898-1	PSB007	898	LAVORO	lavoro	linguistic	none	Volume=high	_	_	_	_	_
898-2	PSB007	898	dal	dal	linguistic	none	_	_	_	_	_	_
898-3	PSB007	898	duemila	duemila	linguistic	none	_	_	_	_	_	_
898-4	PSB007	898	e	e	linguistic	none	_	_	_	_	_	_
898-5	PSB007	898	diciasette	diciasette	linguistic	none	_	_	_	_	_	_
898-6	PSB007	898	eh	eh	linguistic	none	_	_	_	_	_	_
898-7	PSB007	898	usiamo	usiamo	linguistic	none	_	_	_	_	_	_
898-8	PSB007	898	solo	solo	linguistic	none	_	_	_	_	_	_
898-9	PSB007	898	ucraino:,	ucraino	linguistic	none	Intonation=weakly_rising	End=3102.278	6x1	_	_	_
899-0	PSB007	899	perché	perché	linguistic	none	_	Begin=3102.969	_	_	_	_
899-1	PSB007	899	è	è	linguistic	none	_	_	_	_	_	_
899-2	PSB007	899	uscita	uscita	linguistic	none	_	_	_	_	_	_
899-3	PSB007	899	la	la	linguistic	none	_	_	_	_	_	_
899-4	PSB007	899	<regola>	regola	linguistic	none	_	End=3104.825	_	Slow=0-6(0)	_	_
900-0	PSB007	900	quando	quando	linguistic	none	_	Begin=3105.433|End=3106.216	_	_	_	_
901-0	PSB007	901	che	che	linguistic	none	_	Begin=3106.567	_	_	_	_
901-1	PSB007	901	dobbiamo	dobbiamo	linguistic	none	_	_	_	_	_	_
901-2	PSB007	901	<parlare>	parlare	linguistic	none	_	_	_	Slow=0-7(0)	_	_
901-3	PSB007	901	non	non	linguistic	none	_	_	_	_	_	_
901-4	PSB007	901	è	è	linguistic	none	_	_	_	_	_	_
901-5	PSB007	901	importante	importante	linguistic	none	_	_	_	_	_	_
901-6	PSB007	901	se	se	linguistic	none	_	_	_	_	_	_
901-7	PSB007	901	insegnante,	insegnante	linguistic	none	Intonation=weakly_rising	_	_	_	_	_
901-8	PSB007	901	oppure:	oppure	linguistic	none	_	_	5x1	_	_	_
901-9	PSB007	901	e:h	eh	linguistic	none	_	_	0x1	_	_	_
901-10	PSB007	901	se	se	linguistic	none	_	_	_	_	_	_
901-11	PSB007	901	una	una	linguistic	none	_	_	_	_	_	_
901-12	PSB007	901	commessa	commessa	linguistic	none	_	_	_	_	_	_
901-13	PSB007	901	commessa	commessa	linguistic	none	_	_	_	_	_	_
901-14	PSB007	901	in	in	linguistic	none	_	_	_	_	_	_
901-15	PSB007	901	supermercato	supermercato	linguistic	none	_	_	_	_	_	_
901-16	PSB007	901	ma	ma	linguistic	none	_	_	_	_	_	_
901-17	PSB007	901	dobbiamo	dobbiamo	linguistic	none	_	_	_	_	_	_
901-18	PSB007	901	usare	usare	linguistic	none	_	_	_	_	_	_
901-19	PSB007	901	solo	solo	linguistic	none	_	_	_	_	_	_
901-20	PSB007	901	°ucraino°	ucraino	linguistic	none	Volume=low	End=3115.02	_	_	_	_
902-0	PSB005	902	mhmh	mhmh	linguistic	none	_	Begin=3115.051|End=3115.412	_	_	_	_
903-0	PSB007	903	e:h	eh	linguistic	none	_	Begin=3115.959|End=3116.618	0x1	_	_	_
904-0	PSB007	904	q~	q~	linguistic	none	Interrupted=Yes	Begin=3117.68	_	_	_	_
904-1	PSB007	904	m:::h	mh	linguistic	none	_	_	0x3	_	_	_
904-2	PSB007	904	la	la	linguistic	none	_	_	_	_	_	_
904-3	PSB007	904	parte:::	parte	linguistic	none	_	_	4x3	_	_	_
904-4	PSB007	904	occidentale:,	occidentale	linguistic	none	Intonation=weakly_rising	_	10x1	_	_	_
904-5	PSB007	904	quindi	quindi	linguistic	none	_	_	_	_	_	_
904-6	PSB007	904	per	per	linguistic	none	_	_	_	_	_	_
904-7	PSB007	904	quando	quando	linguistic	none	_	_	_	_	_	_
904-8	PSB007	904	parliamo	parliamo	linguistic	none	_	_	_	_	_	_
904-9	PSB007	904	quando	quando	linguistic	none	_	_	_	_	_	_
904-10	PSB007	904	parliamo	parliamo	linguistic	none	_	_	_	_	_	_
904-11	PSB007	904	di	di	linguistic	none	_	_	_	_	_	_
904-12	PSB007	904	ternopil,	ternopil	linguistic	none	Intonation=weakly_rising	_	_	_	_	_
904-13	PSB007	904	di	di	linguistic	none	_	_	_	_	_	_
904-14	PSB007	904	leopoli,	leopoli	linguistic	none	Intonation=weakly_rising	_	_	_	_	_
904-15	PSB007	904	di	di	linguistic	none	_	_	_	_	_	_
904-16	PSB007	904	di	di	linguistic	none	_	_	_	_	_	_
904-17	PSB007	904	quella	quella	linguistic	none	_	_	_	_	_	_
904-18	PSB007	904	zona:,	zona	linguistic	none	Intonation=weakly_rising	End=3125.557	3x1	_	_	_
905-0	PSB007	905	loro	loro	linguistic	none	_	Begin=3126.546	_	_	_	_
905-1	PSB007	905	di	di	linguistic	none	_	_	_	_	_	_
905-2	PSB007	905	solito	solito	linguistic	none	_	_	_	_	_	_
905-3	PSB007	905	usano	usano	linguistic	none	_	_	_	_	_	_
905-4	PSB007	905	solo	solo	linguistic	none	_	_	_	_	_	_
905-5	PSB007	905	la	la	linguistic	none	_	_	_	_	_	_
905-6	PSB007	905	lingua	lingua	linguistic	none	_	_	_	_	_	_
905-7	PSB007	905	ucraina:	ucraina	linguistic	none	_	End=3128.99	6x1	_	_	_
906-0	PSB007	906	e::	e	linguistic	none	_	Begin=3131.093	0x2	_	_	_
906-1	PSB007	906	m:h	mh	linguistic	none	_	End=3132.371	0x1	_	_	_
907-0	PSB007	907	dalle	dalle	linguistic	none	_	Begin=3134.783	_	_	_	_
907-1	PSB007	907	situazione	situazione	linguistic	none	_	_	_	_	_	_
907-2	PSB007	907	storica	storica	linguistic	none	_	_	_	_	_	_
907-3	PSB007	907	vien[e::	viene	linguistic	none	_	_	4x2	_	_	4-5(131)
907-4	PSB007	907	questa::]	questa	linguistic	none	_	End=3138.484	5x2	_	_	0-6(131)
908-0	PSB005	908	[sì	sì	linguistic	none	_	Begin=3137.062	_	_	_	0-2(131)
908-1	PSB005	908	sì	sì	linguistic	none	_	_	_	_	_	0-2(131)
908-2	PSB005	908	sì	sì	linguistic	none	_	_	_	_	_	0-2(131)
908-3	PSB005	908	{P}	{P}	shortpause	none	_	_	_	_	_	0-3(131)
908-4	PSB005	908	sì	sì	linguistic	none	_	_	_	_	_	0-2(131)
908-5	PSB005	908	sì]	sì	linguistic	none	_	End=3138.474	_	_	_	0-2(131)
909-0	PSB007	909	[questa	questa	linguistic	none	_	Begin=3138.649	_	_	_	0-6(132)
909-1	PSB007	909	situazione:,]	situazione	linguistic	none	Intonation=weakly_rising	End=3140.629	9x1	_	_	0-10(132)
910-0	PSB005	910	[comunque	comunque	linguistic	none	_	Begin=3138.67	_	_	_	0-8(132)
910-1	PSB005	910	tu	tu	linguistic	none	_	_	_	_	_	0-2(132)
910-2	PSB005	910	nella	nella	linguistic	none	_	_	_	_	_	0-5(132)
910-3	PSB005	910	tua	tua	linguistic	none	_	_	_	_	_	0-3(132)
910-4	PSB005	910	famiglia:]	famiglia	linguistic	none	_	End=3140.505	7x1	_	_	0-8(132)
911-0	PSB007	911	e	e	linguistic	none	_	Begin=3141.124	_	_	_	_
911-1	PSB007	911	quindi	quindi	linguistic	none	_	_	_	_	_	_
911-2	PSB007	911	io	io	linguistic	none	_	_	_	_	_	_
911-3	PSB007	911	nella	nella	linguistic	none	_	_	_	_	_	_
911-4	PSB007	911	mia	mia	linguistic	none	_	_	_	_	_	_
911-5	PSB007	911	famiglia:	famiglia	linguistic	none	_	_	7x1	_	_	_
911-6	PSB007	911	{P}	{P}	shortpause	none	_	_	_	_	_	_
911-7	PSB007	911	parlo	parlo	linguistic	none	_	_	_	_	_	_
911-8	PSB007	911	russo	russo	linguistic	none	_	End=3144.113	_	_	_	_
912-0	PSB005	912	mh[mh]	mhmh	linguistic	none	_	Begin=3144.124|End=3144.412	_	_	_	2-4(133)
913-0	PSB007	913	[in]vece	invece	linguistic	none	_	Begin=3144.361	_	_	_	0-2(133)
913-1	PSB007	913	e:h	eh	linguistic	none	_	_	0x1	_	_	_
913-2	PSB007	913	al	al	linguistic	none	_	_	_	_	_	_
913-3	PSB007	913	lavoro:	lavoro	linguistic	none	_	End=3147.392	5x1	_	_	_
914-0	PSB007	914	ho	ho	linguistic	none	_	Begin=3148.01	_	_	_	_
914-1	PSB007	914	parlato	parlato	linguistic	none	_	_	_	_	_	_
914-2	PSB007	914	ucraino	ucraino	linguistic	none	_	End=3149.165	_	_	_	_
915-0	PSB005	915	ma	ma	linguistic	none	_	Begin=3149.433	_	_	_	_
915-1	PSB005	915	c'	c'	linguistic	none	SpaceAfter=No	_	_	_	_	_
915-2	PSB005	915	è	è	linguistic	none	_	_	_	_	_	_
915-3	PSB005	915	stato	stato	linguistic	none	_	_	_	_	_	_
915-4	PSB005	915	pro[prio	proprio	linguistic	none	_	_	_	_	_	2-7(134)
915-5	PSB005	915	un	un	linguistic	none	_	_	_	_	_	0-2(134)
915-6	PSB005	915	passaggio]	passaggio	linguistic	none	_	End=3151.453	_	_	_	0-9(134)
916-0	PSB007	916	[la	la	linguistic	none	_	Begin=3150.165	_	_	_	0-2(134)
916-1	PSB007	916	docu~	docu~	linguistic	none	Interrupted=Yes	_	_	_	_	0-5(134)
916-2	PSB007	916	document]azione	documentazione	linguistic	none	_	_	_	_	_	0-8(134)
916-3	PSB007	916	è	è	linguistic	none	_	_	_	_	_	_
916-4	PSB007	916	sempre	sempre	linguistic	none	_	_	_	_	_	_
916-5	PSB007	916	solo	solo	linguistic	none	_	_	_	_	_	_
916-6	PSB007	916	in	in	linguistic	none	_	_	_	_	_	_
916-7	PSB007	916	u[craino]	ucraino	linguistic	none	_	End=3153.134	_	_	_	1-7(135)
917-0	PSB005	917	[okay]	okay	linguistic	none	_	Begin=3152.814	_	_	_	0-4(135)
917-1	PSB005	917	okay	okay	linguistic	none	_	End=3153.722	_	_	_	_
918-0	PSB005	918	ma	ma	linguistic	none	_	Begin=3153.825	_	_	_	_
918-1	PSB005	918	nel	nel	linguistic	none	_	_	_	_	_	_
918-2	PSB005	918	duemiladiciaset~	duemiladiciaset~	linguistic	none	Interrupted=Yes	_	_	_	_	_
918-3	PSB005	918	perché	perché	linguistic	none	_	_	_	_	_	_
918-4	PSB005	918	questa	questa	linguistic	none	_	_	_	_	_	_
918-5	PSB005	918	cosa	cosa	linguistic	none	_	_	_	_	_	_
918-6	PSB005	918	non	non	linguistic	none	_	_	_	_	_	_
918-7	PSB005	918	non	non	linguistic	none	_	End=3156.567	_	_	_	_
919-0	PSB005	919	non	non	linguistic	none	_	Begin=3157.02	_	_	_	_
919-1	PSB005	919	ero	ero	linguistic	none	_	_	_	_	_	_
919-2	PSB005	919	aggiornata	aggiornata	linguistic	none	_	_	_	_	_	_
919-3	PSB005	919	diciamo	diciamo	linguistic	none	_	_	_	_	_	_
919-4	PSB005	919	nel	nel	linguistic	none	_	_	_	_	_	_
919-5	PSB005	919	duemiladiciasette	duemiladiciasette	linguistic	none	_	_	_	_	_	_
919-6	PSB005	919	{P}	{P}	shortpause	none	_	_	_	_	_	_
919-7	PSB005	919	c'	c'	linguistic	none	SpaceAfter=No	_	_	_	_	_
919-8	PSB005	919	è	è	linguistic	none	_	_	_	_	_	_
919-9	PSB005	919	stato	stato	linguistic	none	_	_	_	_	_	_
919-10	PSB005	919	un	un	linguistic	none	_	_	_	_	_	_
919-11	PSB005	919	cambiamento	cambiamento	linguistic	none	_	_	_	_	_	_
919-12	PSB005	919	dalla	dalla	linguistic	none	_	_	_	_	_	_
919-13	PSB005	919	mattina	mattina	linguistic	none	_	_	_	_	_	_
919-14	PSB005	919	alla	alla	linguistic	none	_	_	_	_	_	_
919-15	PSB005	919	sera:?	sera	linguistic	none	Intonation=rising	End=3162.361	3x1	_	_	_
920-0	PSB005	920	prima	prima	linguistic	none	_	Begin=3163.113	_	_	_	_
920-1	PSB005	920	parlavate	parlavate	linguistic	none	_	_	_	_	_	_
920-2	PSB005	920	russo	russo	linguistic	none	_	_	_	_	_	_
920-3	PSB005	920	anche	anche	linguistic	none	_	_	_	_	_	_
920-4	PSB005	920	a	a	linguistic	none	_	_	_	_	_	_
920-5	PSB005	920	lavoro	lavoro	linguistic	none	_	_	_	_	_	_
920-6	PSB005	920	e	e	linguistic	none	_	_	_	_	_	_
920-7	PSB005	920	poi	poi	linguistic	none	_	_	_	_	_	_
920-8	PSB005	920	e:	e	linguistic	none	_	End=3166.278	0x1	_	_	_
921-0	PSB007	921	NO	no	linguistic	none	Volume=high	Begin=3166.289	_	_	_	_
921-1	PSB007	921	OVVIAMENTE	ovviamente	linguistic	none	Volume=high	_	_	_	_	_
921-2	PSB007	921	NON	non	linguistic	none	Volume=high	_	_	_	_	_
921-3	PSB007	921	È	è	linguistic	none	Volume=high	_	_	_	_	_
921-4	PSB007	921	COSÌ	così	linguistic	none	Volume=high	_	_	_	_	_
921-5	PSB007	921	SEMPLICE	semplice	linguistic	none	Volume=high	_	_	_	_	_
921-6	PSB007	921	PERCHÈ	perchè	linguistic	none	Volume=high	_	_	_	_	_
921-7	PSB007	921	SÌ	sì	linguistic	none	Volume=high	_	_	_	_	_
921-8	PSB007	921	QUANDO	quando	linguistic	none	Volume=high	_	_	_	_	_
921-9	PSB007	921	ESCE	esce	linguistic	none	Volume=high	_	_	_	_	_
921-10	PSB007	921	UNA	una	linguistic	none	Volume=high	_	_	_	_	_
921-11	PSB007	921	REGOLA::	regola	linguistic	none	Volume=high	_	5x2	_	_	_
921-12	PSB007	921	UFFICIALMENTE	ufficialmente	linguistic	none	Volume=high	_	_	_	_	_
921-13	PSB007	921	TU	tu	linguistic	none	Volume=high	_	_	_	_	_
921-14	PSB007	921	[<DEVI>]	devi	linguistic	none	Volume=high	_	_	Slow=0-4(0)	_	0-4(136)
921-15	PSB007	921	USARE	usare	linguistic	none	Volume=high	_	_	_	_	_
921-16	PSB007	921	AL	al	linguistic	none	Volume=high	_	_	_	_	_
921-17	PSB007	921	LAVORO	lavoro	linguistic	none	Volume=high	_	_	_	_	_
921-18	PSB007	921	MA	ma	linguistic	none	Volume=high	_	_	_	_	_
921-19	PSB007	921	NON	non	linguistic	none	Volume=high	_	_	_	_	_
921-20	PSB007	921	È	è	linguistic	none	Volume=high	_	_	_	_	_
921-21	PSB007	921	MOLTO	molto	linguistic	none	Volume=high	_	_	_	_	_
921-22	PSB007	921	SEMPLICE	semplice	linguistic	none	Volume=high	_	_	_	_	_
921-23	PSB007	921	QUANDO	quando	linguistic	none	Volume=high	_	_	_	_	_
921-24	PSB007	921	non	non	linguistic	none	_	_	_	_	_	_
921-25	PSB007	921	non	non	linguistic	none	_	_	_	_	_	_
921-26	PSB007	921	NON	non	linguistic	none	Volume=high	_	_	_	_	_
921-27	PSB007	921	HAI	hai	linguistic	none	Volume=high	_	_	_	_	_
921-28	PSB007	921	FATTO	fatto	linguistic	none	Volume=high	_	_	_	_	_
921-29	PSB007	921	[questa::	questa	linguistic	none	_	_	5x2	_	_	0-6(137)
921-30	PSB007	921	espe]rienza	esperienza	linguistic	none	_	_	_	_	_	0-4(137)
921-31	PSB007	921	e	e	linguistic	none	_	_	_	_	_	_
921-32	PSB007	921	[qui]ndi::	quindi	linguistic	none	_	End=3179.0	5x2	_	_	0-3(138)
922-0	PSB005	922	[mhmh]	mhmh	linguistic	none	_	Begin=3172.618|End=3173.093	_	_	_	0-4(136)
923-0	PSB005	923	[e	e	linguistic	none	_	Begin=3176.866	_	_	_	0-1(137)
923-1	PSB005	923	certo	certo	linguistic	none	_	_	_	_	_	0-5(137)
923-2	PSB005	923	sì]	sì	linguistic	none	_	End=3177.783	_	_	_	0-2(137)
924-0	PSB005	924	[eh]	eh	linguistic	none	_	Begin=3178.258|End=3178.557	_	_	_	0-2(138)
925-0	PSB007	925	e:h	eh	linguistic	none	_	Begin=3179.309	0x1	_	_	_
925-1	PSB007	925	quindi::	quindi	linguistic	none	_	_	5x2	_	_	_
925-2	PSB007	925	SÌ	sì	linguistic	none	Volume=high	_	_	_	_	_
925-3	PSB007	925	PRIMI	primi	linguistic	none	Volume=high	_	_	_	_	_
925-4	PSB007	925	MESI::	mesi	linguistic	none	Volume=high	_	3x2	_	_	_
925-5	PSB007	925	ERA	era	linguistic	none	Volume=high	_	_	_	_	_
925-6	PSB007	925	COSÌ	così	linguistic	none	Volume=high	_	_	_	_	_
925-7	PSB007	925	{P}	{P}	shortpause	none	_	_	_	_	_	_
925-8	PSB007	925	{ride}	{ride}	nonverbalbehavior	none	_	_	_	_	_	_
925-9	PSB007	925	ALLORA	allora	linguistic	none	Volume=high	_	_	_	_	_
925-10	PSB007	925	PR~	pr~	linguistic	none	Interrupted=Yes|Volume=high	_	_	_	_	_
925-11	PSB007	925	P~	p~	linguistic	none	Interrupted=Yes|Volume=high	_	_	_	_	_
925-12	PSB007	925	PROVIAMO	proviamo	linguistic	none	Volume=high	_	_	_	_	_
925-13	PSB007	925	PROVIAM~	proviam~	linguistic	none	Interrupted=Yes|Volume=high	_	_	_	_	_
925-14	PSB007	925	PROVIAMO	proviamo	linguistic	none	Volume=high	_	_	_	_	_
925-15	PSB007	925	COME	come	linguistic	none	Volume=high	_	_	_	_	_
925-16	PSB007	925	FUNZIONA	funziona	linguistic	none	Volume=high	End=3187.515	_	_	_	_
926-0	PSB005	926	{ride}	{ride}	nonverbalbehavior	none	_	Begin=3187.01|End=3188.35	_	_	_	_
927-0	PSB007	927	E:H	eh	linguistic	none	Volume=high	Begin=3188.361	0x1	_	_	_
927-1	PSB007	927	M:H	mh	linguistic	none	Volume=high	End=3189.505	0x1	_	_	_
928-0	PSB007	928	DOPO::	dopo	linguistic	none	Volume=high	Begin=3190.134|End=3191.392	3x2	_	_	_
929-0	PSB007	929	ciò	ciò	linguistic	none	_	Begin=3192.093|End=3192.381	_	_	_	_
930-0	PSB007	930	ovviamente	ovviamente	linguistic	none	_	Begin=3192.598	_	_	_	_
930-1	PSB007	930	n~	n~	linguistic	none	Interrupted=Yes	_	_	_	_	_
930-2	PSB007	930	non	non	linguistic	none	_	_	_	_	_	_
930-3	PSB007	930	c'	c'	linguistic	none	SpaceAfter=No	_	_	_	_	_
930-4	PSB007	930	era	era	linguistic	none	_	_	_	_	_	_
930-5	PSB007	930	e:h	eh	linguistic	none	_	End=3195.309	0x1	_	_	_
931-0	PSB007	931	n~	n~	linguistic	none	Interrupted=Yes	Begin=3195.969	_	_	_	_
931-1	PSB007	931	non	non	linguistic	none	_	_	_	_	_	_
931-2	PSB007	931	non	non	linguistic	none	_	_	_	_	_	_
931-3	PSB007	931	non	non	linguistic	none	_	_	_	_	_	_
931-4	PSB007	931	ti	ti	linguistic	none	_	_	_	_	_	_
931-5	PSB007	931	arriva	arriva	linguistic	none	_	_	_	_	_	_
931-6	PSB007	931	al	al	linguistic	none	_	_	_	_	_	_
931-7	PSB007	931	lavoro	lavoro	linguistic	none	_	_	_	_	_	_
931-8	PSB007	931	la	la	linguistic	none	_	_	_	_	_	_
931-9	PSB007	931	polizia	polizia	linguistic	none	_	_	_	_	_	_
931-10	PSB007	931	locale,	locale	linguistic	none	Intonation=weakly_rising	_	_	_	_	_
931-11	PSB007	931	dicendo	dicendo	linguistic	none	_	_	_	_	_	_
931-12	PSB007	931	{ride}	{ride}	nonverbalbehavior	none	_	_	_	_	_	_
931-13	PSB007	931	<allora>	allora	linguistic	none	_	_	_	Slow=0-6(0)	_	_
931-14	PSB007	931	che	che	linguistic	none	_	_	_	_	_	_
931-15	PSB007	931	che	che	linguistic	none	_	_	_	_	_	_
931-16	PSB007	931	parola	parola	linguistic	none	_	_	_	_	_	_
931-17	PSB007	931	hai	hai	linguistic	none	_	_	_	_	_	_
931-18	PSB007	931	usa[to]	usato	linguistic	none	_	End=3202.289	_	_	_	3-5(139)
932-0	PSB005	932	[non	non	linguistic	none	_	Begin=3202.124	_	_	_	0-3(?)
932-1	PSB005	932	si	si	linguistic	none	_	_	_	_	_	0-2(?)
932-2	PSB005	932	sa	sa	linguistic	none	_	_	_	_	_	0-2(?)
932-3	PSB005	932	mai:]	mai	linguistic	none	_	_	2x1	_	_	0-3(?)
932-4	PSB005	932	{ride}	{ride}	nonverbalbehavior	none	_	End=3204.402	_	_	_	_
933-0	PSB007	933	eh	eh	linguistic	none	_	Begin=3203.268	_	_	_	_
933-1	PSB007	933	sì	sì	linguistic	none	_	End=3203.948	_	_	_	_
934-0	PSB007	934	e:	e	linguistic	none	_	Begin=3204.412	0x1	_	_	_
934-1	PSB007	934	NO	no	linguistic	none	Volume=high	_	_	_	_	_
934-2	PSB007	934	eh	eh	linguistic	none	_	End=3206.206	_	_	_	_
935-0	PSB007	935	n:~	n~	linguistic	none	Interrupted=Yes	Begin=3206.691|End=3207.289	0x1	_	_	_
936-0	PSB007	936	c'	c'	linguistic	none	SpaceAfter=No	Begin=3208.01	_	_	_	_
936-1	PSB007	936	erano:	erano	linguistic	none	_	End=3209.02	4x1	_	_	_
937-0	PSB007	937	un	un	linguistic	none	_	Begin=3210.34	_	_	_	_
937-1	PSB007	937	periodo::	periodo	linguistic	none	_	_	6x2	_	_	_
937-2	PSB007	937	sì	sì	linguistic	none	_	_	_	_	_	_
937-3	PSB007	937	quando:	quando	linguistic	none	_	End=3212.783	5x1	_	_	_
938-0	PSB007	938	abbiamo	abbiamo	linguistic	none	_	Begin=3214.041	_	_	_	_
938-1	PSB007	938	provato	provato	linguistic	none	_	_	_	_	_	_
938-2	PSB007	938	di	di	linguistic	none	_	_	_	_	_	_
938-3	PSB007	938	usare	usare	linguistic	none	_	_	_	_	_	_
938-4	PSB007	938	quella	quella	linguistic	none	_	_	_	_	_	_
938-5	PSB007	938	[e	e	linguistic	none	_	_	_	_	_	0-1(141)
938-6	PSB007	938	ques]ta	questa	linguistic	none	_	_	_	_	_	0-4(141)
938-7	PSB007	938	lingua	lingua	linguistic	none	_	_	_	_	_	_
938-8	PSB007	938	insieme:,	insieme	linguistic	none	Intonation=weakly_rising	End=3217.701	6x1	_	_	_
939-0	PSB005	939	[mhmh]	mhmh	linguistic	none	_	Begin=3215.835|End=3216.299	_	_	_	0-4(141)
940-0	PSB007	940	e::	e	linguistic	none	_	Begin=3218.495	0x2	_	_	_
940-1	PSB007	940	m::h	mh	linguistic	none	_	_	0x2	_	_	_
940-2	PSB007	940	la	la	linguistic	none	_	_	_	_	_	_
940-3	PSB007	940	lingua	lingua	linguistic	none	_	_	_	_	_	_
940-4	PSB007	940	scritta	scritta	linguistic	none	_	_	_	_	_	_
940-5	PSB007	940	è	è	linguistic	none	_	_	_	_	_	_
940-6	PSB007	940	sempre	sempre	linguistic	none	_	_	_	_	_	_
940-7	PSB007	940	solo	solo	linguistic	none	_	_	_	_	_	_
940-8	PSB007	940	°ucrain(a)°	ucraina	linguistic	none	Volume=low	End=3221.886	_	_	6-7(0)	_
941-0	PSB005	941	sì	sì	linguistic	none	_	Begin=3221.959	_	_	_	_
941-1	PSB005	941	sì	sì	linguistic	none	_	End=3222.35	_	_	_	_
942-0	PSB007	942	questa	questa	linguistic	none	_	Begin=3222.361	_	_	_	_
942-1	PSB007	942	è::	è	linguistic	none	_	_	0x2	_	_	_
942-2	PSB007	942	sì	sì	linguistic	none	_	_	_	_	_	_
942-3	PSB007	942	su	su	linguistic	none	_	_	_	_	_	_
942-4	PSB007	942	questo	questo	linguistic	none	_	_	_	_	_	_
942-5	PSB007	942	non	non	linguistic	none	_	_	_	_	_	_
942-6	PSB007	942	ho	ho	linguistic	none	_	_	_	_	_	_
942-7	PSB007	942	non	non	linguistic	none	_	_	_	_	_	_
942-8	PSB007	942	ho	ho	linguistic	none	_	_	_	_	_	_
942-9	PSB007	942	nessun	nessun	linguistic	none	_	_	_	_	_	_
942-10	PSB007	942	dubbio:,	dubbio	linguistic	none	Intonation=weakly_rising	_	5x1	_	_	_
942-11	PSB007	942	è	è	linguistic	none	_	_	_	_	_	_
942-12	PSB007	942	così	così	linguistic	none	_	_	_	_	_	_
942-13	PSB007	942	da	da	linguistic	none	_	_	_	_	_	_
942-14	PSB007	942	tanto	tanto	linguistic	none	_	_	_	_	_	_
942-15	PSB007	942	tempo:,	tempo	linguistic	none	Intonation=weakly_rising	End=3227.608	4x1	_	_	_
943-0	PSB007	943	eh	eh	linguistic	none	_	Begin=3227.959	_	_	_	_
943-1	PSB007	943	mh	mh	linguistic	none	_	End=3228.66	_	_	_	_
944-0	PSB007	944	non	non	linguistic	none	_	Begin=3229.093	_	_	_	_
944-1	PSB007	944	lo	lo	linguistic	none	_	_	_	_	_	_
944-2	PSB007	944	so	so	linguistic	none	_	_	_	_	_	_
944-3	PSB007	944	il	il	linguistic	none	_	_	_	_	_	_
944-4	PSB007	944	passaporto:	passaporto	linguistic	none	_	_	9x1	_	_	_
944-5	PSB007	944	per	per	linguistic	none	_	_	_	_	_	_
944-6	PSB007	944	esempio:,	esempio	linguistic	none	Intonation=weakly_rising	_	6x1	_	_	_
944-7	PSB007	944	°oppure°	oppure	linguistic	none	Volume=low	_	_	_	_	_
944-8	PSB007	944	qualche	qualche	linguistic	none	_	_	_	_	_	_
944-9	PSB007	944	altro	altro	linguistic	none	_	_	_	_	_	_
944-10	PSB007	944	documento	documento	linguistic	none	_	_	_	_	_	_
944-11	PSB007	944	(>che	che	linguistic	none	_	_	_	Fast=0-3(0)	0-3(0)	_
944-12	PSB007	944	vuoi<)	vuoi	linguistic	none	_	_	_	Fast=0-4(0)	0-4(0)	_
944-13	PSB007	944	fare:	fare	linguistic	none	_	_	3x1	_	_	_
944-14	PSB007	944	sì	sì	linguistic	none	_	_	_	_	_	_
944-15	PSB007	944	è	è	linguistic	none	_	_	_	_	_	_
944-16	PSB007	944	sempre	sempre	linguistic	none	_	_	_	_	_	_
944-17	PSB007	944	in	in	linguistic	none	_	_	_	_	_	_
944-18	PSB007	944	lingua	lingua	linguistic	none	_	_	_	_	_	_
944-19	PSB007	944	ucraina:,	ucraina	linguistic	none	Intonation=weakly_rising	End=3235.526	6x1	_	_	_
945-0	PSB007	945	e:h	eh	linguistic	none	_	Begin=3236.165|End=3236.876	0x1	_	_	_
946-0	PSB007	946	<NON>	non	linguistic	none	Volume=high	Begin=3239.258	_	Slow=0-3(0)	_	_
946-1	PSB007	946	DIREI	direi	linguistic	none	Volume=high	_	_	_	_	_
946-2	PSB007	946	che	che	linguistic	none	_	_	_	_	_	_
946-3	PSB007	946	la	la	linguistic	none	_	_	_	_	_	_
946-4	PSB007	946	questione	questione	linguistic	none	_	_	_	_	_	_
946-5	PSB007	946	della	della	linguistic	none	_	_	_	_	_	_
946-6	PSB007	946	lingua	lingua	linguistic	none	_	_	_	_	_	_
946-7	PSB007	946	almeno	almeno	linguistic	none	_	_	_	_	_	_
946-8	PSB007	946	per	per	linguistic	none	_	_	_	_	_	_
946-9	PSB007	946	la	la	linguistic	none	_	_	_	_	_	_
946-10	PSB007	946	generazione::	generazione	linguistic	none	_	_	10x2	_	_	_
946-11	PSB007	946	giovane	giovane	linguistic	none	_	_	_	_	_	_
946-12	PSB007	946	che	che	linguistic	none	_	_	_	_	_	_
946-13	PSB007	946	è	è	linguistic	none	_	_	_	_	_	_
946-14	PSB007	946	un	un	linguistic	none	_	_	_	_	_	_
946-15	PSB007	946	problema,	problema	linguistic	none	Intonation=weakly_rising	End=3246.928	_	_	_	_
947-0	PSB007	947	MA:	ma	linguistic	none	Volume=high	Begin=3249.175	1x1	_	_	_
947-1	PSB007	947	comunque	comunque	linguistic	none	_	_	_	_	_	_
947-2	PSB007	947	se	se	linguistic	none	_	_	_	_	_	_
947-3	PSB007	947	tu	tu	linguistic	none	_	_	_	_	_	_
947-4	PSB007	947	tu	tu	linguistic	none	_	_	_	_	_	_
947-5	PSB007	947	tutta	tutta	linguistic	none	_	_	_	_	_	_
947-6	PSB007	947	la	la	linguistic	none	_	_	_	_	_	_
947-7	PSB007	947	tua	tua	linguistic	none	_	_	_	_	_	_
947-8	PSB007	947	vita	vita	linguistic	none	_	_	_	_	_	_
947-9	PSB007	947	parli::	parli	linguistic	none	_	_	4x2	_	_	_
947-10	PSB007	947	in	in	linguistic	none	_	_	_	_	_	_
947-11	PSB007	947	tua	tua	linguistic	none	_	_	_	_	_	_
947-12	PSB007	947	famiglia	famiglia	linguistic	none	_	_	_	_	_	_
947-13	PSB007	947	una	una	linguistic	none	_	_	_	_	_	_
947-14	PSB007	947	lingua	lingua	linguistic	none	_	_	_	_	_	_
947-15	PSB007	947	e	e	linguistic	none	_	_	_	_	_	_
947-16	PSB007	947	dopo	dopo	linguistic	none	_	_	_	_	_	_
947-17	PSB007	947	ti	ti	linguistic	none	_	_	_	_	_	_
947-18	PSB007	947	dicono	dicono	linguistic	none	_	_	_	_	_	_
947-19	PSB007	947	che	che	linguistic	none	_	_	_	_	_	_
947-20	PSB007	947	la	la	linguistic	none	_	_	_	_	_	_
947-21	PSB007	947	devi	devi	linguistic	none	_	_	_	_	_	_
947-22	PSB007	947	cambiare:,	cambiare	linguistic	none	Intonation=weakly_rising	End=3257.093	7x1	_	_	_
948-0	PSB007	948	eh	eh	linguistic	none	_	Begin=3257.34|End=3257.722	_	_	_	_
949-0	PSB005	949	sì	sì	linguistic	none	_	Begin=3259.113	_	_	_	_
949-1	PSB005	949	un	un	linguistic	none	_	_	_	_	_	_
949-2	PSB005	949	po'	po'	linguistic	none	_	_	_	_	_	_
949-3	PSB005	949	difficile	difficile	linguistic	none	_	_	_	_	_	_
949-4	PSB005	949	sì	sì	linguistic	none	_	End=3260.33	_	_	_	_
950-0	PSB005	950	sì	sì	linguistic	none	_	Begin=3260.629	_	_	_	_
950-1	PSB005	950	sì	sì	linguistic	none	_	End=3261.082	_	_	_	_
951-0	PSB005	951	però	però	linguistic	none	_	Begin=3261.526	_	_	_	_
951-1	PSB005	951	{P}	{P}	shortpause	none	_	_	_	_	_	_
951-2	PSB005	951	io	io	linguistic	none	_	_	_	_	_	_
951-3	PSB005	951	non	non	linguistic	none	_	_	_	_	_	_
951-4	PSB005	951	ho	ho	linguistic	none	_	_	_	_	_	_
951-5	PSB005	951	capito	capito	linguistic	none	_	_	_	_	_	_
951-6	PSB005	951	se	se	linguistic	none	_	_	_	_	_	_
951-7	PSB005	951	nelle	nelle	linguistic	none	_	_	_	_	_	_
951-8	PSB005	951	<scuole:>	scuole	linguistic	none	_	_	5x1	Slow=0-6(0)	_	_
951-9	PSB005	951	{P}	{P}	shortpause	none	_	_	_	_	_	_
951-10	PSB005	951	nel	nel	linguistic	none	_	_	_	_	_	_
951-11	PSB005	951	quando	quando	linguistic	none	_	_	_	_	_	_
951-12	PSB005	951	sei	sei	linguistic	none	_	_	_	_	_	_
951-13	PSB005	951	andata	andata	linguistic	none	_	_	_	_	_	_
951-14	PSB005	951	tu	tu	linguistic	none	_	_	_	_	_	_
951-15	PSB005	951	a	a	linguistic	none	_	_	_	_	_	_
951-16	PSB005	951	scuola	scuola	linguistic	none	_	_	_	_	_	_
951-17	PSB005	951	diciamo	diciamo	linguistic	none	_	_	_	_	_	_
951-18	PSB005	951	così	così	linguistic	none	_	End=3267.464	_	_	_	_
952-0	PSB005	952	[LE	le	linguistic	none	Volume=high	Begin=3267.814	_	_	_	0-2(142)
952-1	PSB005	952	MATERIE]	materie	linguistic	none	Volume=high	_	_	_	_	0-7(142)
952-2	PSB005	952	LE	le	linguistic	none	Volume=high	_	_	_	_	_
952-3	PSB005	952	MATERIE	materie	linguistic	none	Volume=high	_	_	_	_	_
952-4	PSB005	952	TIPO	tipo	linguistic	none	Volume=high	_	_	_	_	_
952-5	PSB005	952	MATEMATICA,	matematica	linguistic	none	Intonation=weakly_rising|Volume=high	_	_	_	_	_
952-6	PSB005	952	per	per	linguistic	none	_	_	_	_	_	_
952-7	PSB005	952	[esempio:	esempio	linguistic	none	_	_	6x1	_	_	0-7(143)
952-8	PSB005	952	erano]	erano	linguistic	none	_	_	_	_	_	0-5(143)
952-9	PSB005	952	in	in	linguistic	none	_	_	_	_	_	_
952-10	PSB005	952	russo:?	russo	linguistic	none	Intonation=rising	_	4x1	_	_	_
952-11	PSB005	952	{P}	{P}	shortpause	none	_	_	_	_	_	_
952-12	PSB005	952	[okay]	okay	linguistic	none	_	End=3273.412	_	_	_	0-4(144)
953-0	PSB007	953	[IO	io	linguistic	none	Volume=high	Begin=3267.814	_	_	_	0-2(142)
953-1	PSB007	953	HO	ho	linguistic	none	Volume=high	_	_	_	_	0-2(142)
953-2	PSB007	953	STUDIATO	studiato	linguistic	none	Volume=high	_	_	_	_	0-8(142)
953-3	PSB007	953	IN	in	linguistic	none	Volume=high	_	_	_	_	0-2(142)
953-4	PSB007	953	RUSSO]	russo	linguistic	none	Volume=high	End=3270.557	_	_	_	0-5(142)
954-0	PSB007	954	[russo	russo	linguistic	none	_	Begin=3271.165	_	_	_	0-5(143)
954-1	PSB007	954	in	in	linguistic	none	_	_	_	_	_	0-2(143)
954-2	PSB007	954	russo]	russo	linguistic	none	_	End=3272.196	_	_	_	0-5(143)
955-0	PSB007	955	[per	per	linguistic	none	_	Begin=3272.752	_	_	_	0-3(144)
955-1	PSB007	955	me]	me	linguistic	none	_	_	_	_	_	0-2(144)
955-2	PSB007	955	in	in	linguistic	none	_	_	_	_	_	_
955-3	PSB007	955	russo	russo	linguistic	none	_	_	_	_	_	_
955-4	PSB007	955	[sì]	sì	linguistic	none	_	End=3274.041	_	_	_	0-2(145)
956-0	PSB005	956	[sì]	sì	linguistic	none	_	Begin=3273.66|End=3274.031	_	_	_	0-2(145)
957-0	PSB005	957	e	e	linguistic	none	_	Begin=3274.546	_	_	_	_
957-1	PSB005	957	poi	poi	linguistic	none	_	_	_	_	_	_
957-2	PSB005	957	c'	c'	linguistic	none	SpaceAfter=No	_	_	_	_	_
957-3	PSB005	957	era	era	linguistic	none	_	_	_	_	_	_
957-4	PSB005	957	{P}	{P}	shortpause	none	_	_	_	_	_	_
957-5	PSB005	957	una	una	linguistic	none	_	_	_	_	_	_
957-6	PSB005	957	materia	materia	linguistic	none	_	_	_	_	_	_
957-7	PSB005	957	che	che	linguistic	none	_	_	_	_	_	_
957-8	PSB005	957	si	si	linguistic	none	_	_	_	_	_	_
957-9	PSB005	957	chiamava	chiamava	linguistic	none	_	_	_	_	_	_
957-10	PSB005	957	ucraino:,	ucraino	linguistic	none	Intonation=weakly_rising	_	6x1	_	_	_
957-11	PSB005	957	e	e	linguistic	none	_	_	_	_	_	_
957-12	PSB005	957	[imparavate	imparavate	linguistic	none	_	_	_	_	_	0-10(?)
957-13	PSB005	957	l'	l'	linguistic	none	Truncated=Yes	_	_	_	_	0-2(?)
957-14	PSB005	957	ucr]aino:	ucraino	linguistic	none	_	_	6x1	_	_	0-3(?)
957-15	PSB005	957	[okay]	okay	linguistic	none	_	End=3279.752	_	_	_	0-4(?)
958-0	PSB007	958	[certo]	certo	linguistic	none	_	Begin=3278.134	_	_	_	0-5(?)
958-1	PSB007	958	{P}	{P}	shortpause	none	_	_	_	_	_	_
958-2	PSB007	958	[lingua	lingua	linguistic	none	_	_	_	_	_	0-6(?)
958-3	PSB007	958	u]craina	ucraina	linguistic	none	_	_	_	_	_	0-1(?)
958-4	PSB007	958	[e::]	e	linguistic	none	_	End=3281.433	0x2	_	_	0-1(?)
959-0	PSB005	959	[sì]	sì	linguistic	none	_	Begin=3280.453|End=3280.866	_	_	_	0-2(147)
960-0	PSB007	960	c'	c'	linguistic	none	SpaceAfter=No	Begin=3281.701	_	_	_	_
960-1	PSB007	960	era	era	linguistic	none	_	_	_	_	_	_
960-2	PSB007	960	anche	anche	linguistic	none	_	_	_	_	_	_
960-3	PSB007	960	la	la	linguistic	none	_	_	_	_	_	_
960-4	PSB007	960	materia	materia	linguistic	none	_	_	_	_	_	_
960-5	PSB007	960	lingua	lingua	linguistic	none	_	_	_	_	_	_
960-6	PSB007	960	russa,	russa	linguistic	none	Intonation=weakly_rising	End=3283.68	_	_	_	_
961-0	PSB005	961	mhmh	mhmh	linguistic	none	_	Begin=3284.134	_	_	_	_
961-1	PSB005	961	beh	beh	linguistic	none	_	_	_	_	_	_
961-2	PSB005	961	sì	sì	linguistic	none	_	_	_	_	_	_
961-3	PSB005	961	okay	okay	linguistic	none	_	_	_	_	_	_
961-4	PSB005	961	certo	certo	linguistic	none	_	_	_	_	_	_
961-5	PSB005	961	sì	sì	linguistic	none	_	_	_	_	_	_
961-6	PSB005	961	sì	sì	linguistic	none	_	End=3286.02	_	_	_	_
962-0	PSB005	962	chiaro	chiaro	linguistic	none	_	Begin=3286.515|End=3286.866	_	_	_	_
963-0	PSB007	963	anche	anche	linguistic	none	_	Begin=3286.856	_	_	_	_
963-1	PSB007	963	la	la	linguistic	none	_	_	_	_	_	_
963-2	PSB007	963	letteratura	letteratura	linguistic	none	_	_	_	_	_	_
963-3	PSB007	963	ucra[ina:	ucraina	linguistic	none	_	_	6x1	_	_	4-7(148)
963-4	PSB007	963	e	e	linguistic	none	_	_	_	_	_	0-1(148)
963-5	PSB007	963	la	la	linguistic	none	_	_	_	_	_	0-2(148)
963-6	PSB007	963	letteratura	letteratura	linguistic	none	_	_	_	_	_	0-11(148)
963-7	PSB007	963	russa],	russa	linguistic	none	Intonation=weakly_rising	End=3289.773	_	_	_	0-5(148)
964-0	PSB005	964	[sì	sì	linguistic	none	_	Begin=3288.505	_	_	_	0-2(149)
964-1	PSB005	964	sì	sì	linguistic	none	_	_	_	_	_	0-2(149)
964-2	PSB005	964	sì	sì	linguistic	none	_	_	_	_	_	0-2(149)
964-3	PSB005	964	{P}	{P}	shortpause	none	_	_	_	_	_	0-3(149)
964-4	PSB005	964	sì	sì	linguistic	none	_	_	_	_	_	0-2(149)
964-5	PSB005	964	sì]	sì	linguistic	none	_	_	_	_	_	0-2(149)
964-6	PSB005	964	{P}	{P}	shortpause	none	_	_	_	_	_	_
964-7	PSB005	964	certo	certo	linguistic	none	_	_	_	_	_	_
964-8	PSB005	964	sì	sì	linguistic	none	_	_	_	_	_	_
964-9	PSB005	964	sì	sì	linguistic	none	_	End=3290.938	_	_	_	_
965-0	PSB005	965	e	e	linguistic	none	_	Begin=3292.01	_	_	_	_
965-1	PSB005	965	e	e	linguistic	none	_	_	_	_	_	_
965-2	PSB005	965	inve~	inve~	linguistic	none	Interrupted=Yes	_	_	_	_	_
965-3	PSB005	965	però	però	linguistic	none	_	_	_	_	_	_
965-4	PSB005	965	con	con	linguistic	none	_	_	_	_	_	_
965-5	PSB005	965	tuo	tuo	linguistic	none	_	_	_	_	_	_
965-6	PSB005	965	papà	papà	linguistic	none	_	_	_	_	_	_
965-7	PSB005	965	insomma	insomma	linguistic	none	_	_	_	_	_	_
965-8	PSB005	965	in	in	linguistic	none	_	_	_	_	_	_
965-9	PSB005	965	casa	casa	linguistic	none	_	_	_	_	_	_
965-10	PSB005	965	diciamo	diciamo	linguistic	none	_	_	_	_	_	_
965-11	PSB005	965	avete	avete	linguistic	none	_	_	_	_	_	_
965-12	PSB005	965	sempre	sempre	linguistic	none	_	_	_	_	_	_
965-13	PSB005	965	parlato	parlato	linguistic	none	_	_	_	_	_	_
965-14	PSB005	965	russo,	russo	linguistic	none	Intonation=weakly_rising	_	_	_	_	_
965-15	PSB005	965	e	e	linguistic	none	_	_	_	_	_	_
965-16	PSB005	965	anche	anche	linguistic	none	_	_	_	_	_	_
965-17	PSB005	965	adesso	adesso	linguistic	none	_	_	_	_	_	_
965-18	PSB005	965	parlate	parlate	linguistic	none	_	_	_	_	_	_
965-19	PSB005	965	russo	russo	linguistic	none	_	End=3297.794	_	_	_	_
966-0	PSB005	966	oppure	oppure	linguistic	none	_	Begin=3298.67	_	_	_	_
966-1	PSB005	966	no?	no	linguistic	none	Intonation=rising	_	_	_	_	_
966-2	PSB005	966	oppure	oppure	linguistic	none	_	_	_	_	_	_
966-3	PSB005	966	mescolate	mescolate	linguistic	none	_	_	_	_	_	_
966-4	PSB005	966	le	le	linguistic	none	_	_	_	_	_	_
966-5	PSB005	966	lin~	lin~	linguistic	none	Interrupted=Yes	_	_	_	_	_
966-6	PSB005	966	tutte	tutte	linguistic	none	_	_	_	_	_	_
966-7	PSB005	966	e	e	linguistic	none	_	_	_	_	_	_
966-8	PSB005	966	due::	due	linguistic	none	_	End=3302.598	2x2	_	_	_
967-0	PSB007	967	adesso	adesso	linguistic	none	_	Begin=3302.979	_	_	_	_
967-1	PSB007	967	proviamo	proviamo	linguistic	none	_	_	_	_	_	_
967-2	PSB007	967	a	a	linguistic	none	_	_	_	_	_	_
967-3	PSB007	967	mescolare	mescolare	linguistic	none	_	_	_	_	_	_
967-4	PSB007	967	tutto::	tutto	linguistic	none	_	_	4x2	_	_	_
967-5	PSB007	967	perché::	perché	linguistic	none	_	_	5x2	_	_	_
967-6	PSB007	967	e:h	eh	linguistic	none	_	_	0x1	_	_	_
967-7	PSB007	967	voglio::	voglio	linguistic	none	_	End=3307.608	5x2	_	_	_
968-0	PSB007	968	aggiungere	aggiungere	linguistic	none	_	Begin=3309.258	_	_	_	_
968-1	PSB007	968	anche	anche	linguistic	none	_	_	_	_	_	_
968-2	PSB007	968	la	la	linguistic	none	_	_	_	_	_	_
968-3	PSB007	968	lingua	lingua	linguistic	none	_	_	_	_	_	_
968-4	PSB007	968	italiana,	italiana	linguistic	none	Intonation=weakly_rising	_	_	_	_	_
968-5	PSB007	968	nella	nella	linguistic	none	_	_	_	_	_	_
968-6	PSB007	968	sua	sua	linguistic	none	_	_	_	_	_	_
968-7	PSB007	968	vita	vita	linguistic	none	_	_	_	_	_	_
968-8	PSB007	968	[quotidiana:],	quotidiana	linguistic	none	Intonation=weakly_rising	_	9x1	_	_	0-10(150)
968-9	PSB007	968	quindi::	quindi	linguistic	none	_	End=3313.629	5x2	_	_	_
969-0	PSB005	969	[mhmh]	mhmh	linguistic	none	_	Begin=3311.691|End=3312.381	_	_	_	0-4(150)
970-0	PSB007	970	a	a	linguistic	none	_	Begin=3313.773	_	_	_	_
970-1	PSB007	970	volte	volte	linguistic	none	_	_	_	_	_	_
970-2	PSB007	970	io	io	linguistic	none	_	_	_	_	_	_
970-3	PSB007	970	non	non	linguistic	none	_	_	_	_	_	_
970-4	PSB007	970	traduco	traduco	linguistic	none	_	_	_	_	_	_
970-5	PSB007	970	le	le	linguistic	none	_	_	_	_	_	_
970-6	PSB007	970	parole	parole	linguistic	none	_	_	_	_	_	_
970-7	PSB007	970	che	che	linguistic	none	_	_	_	_	_	_
970-8	PSB007	970	che	che	linguistic	none	_	_	_	_	_	_
970-9	PSB007	970	uso	uso	linguistic	none	_	_	_	_	_	_
970-10	PSB007	970	[perché]	perché	linguistic	none	_	_	_	_	_	0-6(151)
970-11	PSB007	970	quando:	quando	linguistic	none	_	End=3317.732	5x1	_	_	_
971-0	PSB005	971	[mh]	mh	linguistic	none	_	Begin=3316.917|End=3317.227	_	_	_	0-2(151)
972-0	PSB007	972	non	non	linguistic	none	_	Begin=3319.206	_	_	_	_
972-1	PSB007	972	so	so	linguistic	none	_	_	_	_	_	_
972-2	PSB007	972	facciamo	facciamo	linguistic	none	_	_	_	_	_	_
972-3	PSB007	972	un	un	linguistic	none	_	_	_	_	_	_
972-4	PSB007	972	pranzo,	pranzo	linguistic	none	Intonation=weakly_rising	_	_	_	_	_
972-5	PSB007	972	e	e	linguistic	none	_	_	_	_	_	_
972-6	PSB007	972	io::	io	linguistic	none	_	_	1x2	_	_	_
972-7	PSB007	972	gli	gli	linguistic	none	_	_	_	_	_	_
972-8	PSB007	972	posso	posso	linguistic	none	_	_	_	_	_	_
972-9	PSB007	972	dire::	dire	linguistic	none	_	_	3x2	_	_	_
972-10	PSB007	972	papà	papà	linguistic	none	_	_	_	_	_	_
972-11	PSB007	972	e:h	eh	linguistic	none	_	_	0x1	_	_	_
972-12	PSB007	972	mi	mi	linguistic	none	_	_	_	_	_	_
972-13	PSB007	972	passeresti	passeresti	linguistic	none	_	_	_	_	_	_
972-14	PSB007	972	per	per	linguistic	none	_	_	_	_	_	_
972-15	PSB007	972	favore	favore	linguistic	none	_	_	_	_	_	_
972-16	PSB007	972	il	il	linguistic	none	_	_	_	_	_	_
972-17	PSB007	972	sale?	sale	linguistic	none	Intonation=rising	_	_	_	_	_
972-18	PSB007	972	proprio	proprio	linguistic	none	_	_	_	_	_	_
972-19	PSB007	972	una	una	linguistic	none	_	_	_	_	_	_
972-20	PSB007	972	frase	frase	linguistic	none	_	_	_	_	_	_
972-21	PSB007	972	[mi	mi	linguistic	none	_	_	_	_	_	0-2(152)
972-22	PSB007	972	passeresti]	passeresti	linguistic	none	_	_	_	_	_	0-10(152)
972-23	PSB007	972	per	per	linguistic	none	_	_	_	_	_	_
972-24	PSB007	972	favore	favore	linguistic	none	_	_	_	_	_	_
972-25	PSB007	972	il	il	linguistic	none	_	_	_	_	_	_
972-26	PSB007	972	[i<sale>]	isale	linguistic	none	_	End=3329.773	_	Slow=1-5(0)	_	0-5(153)
973-0	PSB005	973	[mhmh]	mhmh	linguistic	none	_	Begin=3328.031|End=3328.577	_	_	_	0-4(152)
974-0	PSB005	974	[mhmh]	mhmh	linguistic	none	_	Begin=3329.35|End=3329.773	_	_	_	0-4(153)
975-0	PSB007	975	e:.	e	linguistic	none	Intonation=falling	Begin=3330.289|End=3331.031	0x1	_	_	_
976-0	PSB007	976	<LUI>	lui	linguistic	none	Volume=high	Begin=3331.175|End=3331.866	_	Slow=0-3(0)	_	_
977-0	PSB007	977	deve	deve	linguistic	none	_	Begin=3332.33	_	_	_	_
977-1	PSB007	977	almeno	almeno	linguistic	none	_	_	_	_	_	_
977-2	PSB007	977	<capire>	capire	linguistic	none	_	_	_	Slow=0-6(0)	_	_
977-3	PSB007	977	cosa	cosa	linguistic	none	_	_	_	_	_	_
977-4	PSB007	977	voglio	voglio	linguistic	none	_	End=3334.309	_	_	_	_
978-0	PSB005	978	sì	sì	linguistic	none	_	Begin=3334.319|End=3334.68	_	_	_	_
979-0	PSB007	979	ecco	ecco	linguistic	none	_	Begin=3335.258	_	_	_	_
979-1	PSB007	979	e:h	eh	linguistic	none	_	_	0x1	_	_	_
979-2	PSB007	979	m:h	mh	linguistic	none	_	End=3336.67	0x1	_	_	_
980-0	PSB005	980	e	e	linguistic	none	_	Begin=3338.907	_	_	_	_
980-1	PSB005	980	la	la	linguistic	none	_	_	_	_	_	_
980-2	PSB005	980	e	e	linguistic	none	_	_	_	_	_	_
980-3	PSB005	980	lui	lui	linguistic	none	_	_	_	_	_	_
980-4	PSB005	980	è	è	linguistic	none	_	_	_	_	_	_
980-5	PSB005	980	contento	contento	linguistic	none	_	_	_	_	_	_
980-6	PSB005	980	di	di	linguistic	none	_	_	_	_	_	_
980-7	PSB005	980	questi	questi	linguistic	none	_	_	_	_	_	_
980-8	PSB005	980	{ride}	{ride}	nonverbalbehavior	none	_	_	_	_	_	_
980-9	PSB005	980	questa	questa	linguistic	none	_	_	_	_	_	_
980-10	PSB005	980	proposta	proposta	linguistic	none	_	_	_	_	_	_
980-11	PSB005	980	che	che	linguistic	none	_	_	_	_	_	_
980-12	PSB005	980	gli	gli	linguistic	none	_	_	_	_	_	_
980-13	PSB005	980	fai:?	fai	linguistic	none	Intonation=rising	_	2x1	_	_	_
980-14	PSB005	980	o	o	linguistic	none	_	_	_	_	_	_
980-15	PSB005	980	non	non	linguistic	none	_	_	_	_	_	_
980-16	PSB005	980	molto?	molto	linguistic	none	Intonation=rising	_	_	_	_	_
980-17	PSB005	980	{ride}	{ride}	nonverbalbehavior	none	_	End=3344.783	_	_	_	_
981-0	PSB007	981	per	per	linguistic	none	_	Begin=3345.691	_	_	_	_
981-1	PSB007	981	lui	lui	linguistic	none	_	_	_	_	_	_
981-2	PSB007	981	è	è	linguistic	none	_	_	_	_	_	_
981-3	PSB007	981	difficile:,	difficile	linguistic	none	Intonation=weakly_rising	_	8x1	_	_	_
981-4	PSB007	981	{P}	{P}	shortpause	none	_	_	_	_	_	_
981-5	PSB007	981	quindi::	quindi	linguistic	none	_	_	5x2	_	_	_
981-6	PSB007	981	quando:	quando	linguistic	none	_	_	5x1	_	_	_
981-7	PSB007	981	è	è	linguistic	none	_	_	_	_	_	_
981-8	PSB007	981	una	una	linguistic	none	_	_	_	_	_	_
981-9	PSB007	981	cosa	cosa	linguistic	none	_	_	_	_	_	_
981-10	PSB007	981	molto	molto	linguistic	none	_	_	_	_	_	_
981-11	PSB007	981	semplice::	semplice	linguistic	none	_	End=3351.722	7x2	_	_	_
982-0	PSB007	982	sì	sì	linguistic	none	_	Begin=3352.206|End=3352.629	_	_	_	_
983-0	PSB007	983	anzi	anzi	linguistic	none	_	Begin=3353.299	_	_	_	_
983-1	PSB007	983	lui	lui	linguistic	none	_	_	_	_	_	_
983-2	PSB007	983	è	è	linguistic	none	_	_	_	_	_	_
983-3	PSB007	983	contento	contento	linguistic	none	_	_	_	_	_	_
983-4	PSB007	983	perché	perché	linguistic	none	_	_	_	_	_	_
983-5	PSB007	983	allora	allora	linguistic	none	_	_	_	_	_	_
983-6	PSB007	983	lui	lui	linguistic	none	_	_	_	_	_	_
983-7	PSB007	983	capisce	capisce	linguistic	none	_	_	_	_	_	_
983-8	PSB007	983	che	che	linguistic	none	_	_	_	_	_	_
983-9	PSB007	983	è	è	linguistic	none	_	_	_	_	_	_
983-10	PSB007	983	una	una	linguistic	none	_	_	_	_	_	_
983-11	PSB007	983	parola	parola	linguistic	none	_	_	_	_	_	_
983-12	PSB007	983	straniera:	straniera	linguistic	none	_	_	8x1	_	_	_
983-13	PSB007	983	e	e	linguistic	none	_	_	_	_	_	_
983-14	PSB007	983	che	che	linguistic	none	_	_	_	_	_	_
983-15	PSB007	983	lui	lui	linguistic	none	_	_	_	_	_	_
983-16	PSB007	983	conosce	conosce	linguistic	none	_	_	_	_	_	_
983-17	PSB007	983	sì	sì	linguistic	none	_	_	_	_	_	_
983-18	PSB007	983	sì	sì	linguistic	none	_	_	_	_	_	_
983-19	PSB007	983	sì	sì	linguistic	none	_	_	_	_	_	_
983-20	PSB007	983	io	io	linguistic	none	_	_	_	_	_	_
983-21	PSB007	983	conosco	conosco	linguistic	none	_	_	_	_	_	_
983-22	PSB007	983	qualcosa	qualcosa	linguistic	none	_	_	_	_	_	_
983-23	PSB007	983	di:	di	linguistic	none	_	_	1x1	_	_	_
983-24	PSB007	983	di	di	linguistic	none	_	_	_	_	_	_
983-25	PSB007	983	italiano,	italiano	linguistic	none	Intonation=weakly_rising	End=3362.0	_	_	_	_
984-0	PSB007	984	E:H	eh	linguistic	none	Volume=high	Begin=3362.536	0x1	_	_	_
984-1	PSB007	984	ma	ma	linguistic	none	_	_	_	_	_	_
984-2	PSB007	984	a	a	linguistic	none	_	_	_	_	_	_
984-3	PSB007	984	volte	volte	linguistic	none	_	_	_	_	_	_
984-4	PSB007	984	ovviamente::	ovviamente	linguistic	none	_	End=3364.845	9x2	_	_	_
985-0	PSB007	985	arrivano:	arrivano	linguistic	none	_	Begin=3365.598	7x1	_	_	_
985-1	PSB007	985	le	le	linguistic	none	_	_	_	_	_	_
985-2	PSB007	985	parole	parole	linguistic	none	_	_	_	_	_	_
985-3	PSB007	985	che	che	linguistic	none	_	_	_	_	_	_
985-4	PSB007	985	lui	lui	linguistic	none	_	_	_	_	_	_
985-5	PSB007	985	non	non	linguistic	none	_	_	_	_	_	_
985-6	PSB007	985	riesce	riesce	linguistic	none	_	_	_	_	_	_
985-7	PSB007	985	a:	a	linguistic	none	_	_	0x1	_	_	_
985-8	PSB007	985	ricordare	ricordare	linguistic	none	_	_	_	_	_	_
985-9	PSB007	985	subito,	subito	linguistic	none	Intonation=weakly_rising	End=3370.959	_	_	_	_
986-0	PSB007	986	e:	e	linguistic	none	_	Begin=3371.536	0x1	_	_	_
986-1	PSB007	986	m:h	mh	linguistic	none	_	End=3372.361	0x1	_	_	_
987-0	PSB007	987	io	io	linguistic	none	_	Begin=3373.35	_	_	_	_
987-1	PSB007	987	per	per	linguistic	none	_	_	_	_	_	_
987-2	PSB007	987	esempio::	esempio	linguistic	none	_	End=3374.866	6x2	_	_	_
988-0	PSB007	988	a	a	linguistic	none	_	Begin=3375.361	_	_	_	_
988-1	PSB007	988	volte	volte	linguistic	none	_	_	_	_	_	_
988-2	PSB007	988	{P}	{P}	shortpause	none	_	_	_	_	_	_
988-3	PSB007	988	comincio	comincio	linguistic	none	_	_	_	_	_	_
988-4	PSB007	988	a	a	linguistic	none	_	_	_	_	_	_
988-5	PSB007	988	dimenticare	dimenticare	linguistic	none	_	_	_	_	_	_
988-6	PSB007	988	le	le	linguistic	none	_	_	_	_	_	_
988-7	PSB007	988	parole	parole	linguistic	none	_	_	_	_	_	_
988-8	PSB007	988	russe:,	russe	linguistic	none	Intonation=weakly_rising	End=3379.165	4x1	_	_	_
989-0	PSB007	989	e	e	linguistic	none	_	Begin=3379.505	_	_	_	_
989-1	PSB007	989	quindi	quindi	linguistic	none	_	_	_	_	_	_
989-2	PSB007	989	per	per	linguistic	none	_	_	_	_	_	_
989-3	PSB007	989	esempio	esempio	linguistic	none	_	_	_	_	_	_
989-4	PSB007	989	posso	posso	linguistic	none	_	_	_	_	_	_
989-5	PSB007	989	dire	dire	linguistic	none	_	_	_	_	_	_
989-6	PSB007	989	<lavatrice:>,	lavatrice	linguistic	none	Intonation=weakly_rising	End=3382.258	8x1	Slow=0-9(0)	_	_
990-0	PSB005	990	mhmh	mhmh	linguistic	none	_	Begin=3382.33|End=3382.835	_	_	_	_
991-0	PSB007	991	e	e	linguistic	none	_	Begin=3383.33	_	_	_	_
991-1	PSB007	991	lui	lui	linguistic	none	_	_	_	_	_	_
991-2	PSB007	991	non	non	linguistic	none	_	_	_	_	_	_
991-3	PSB007	991	capisce,	capisce	linguistic	none	Intonation=weakly_rising	_	_	_	_	_
991-4	PSB007	991	parliamo	parliamo	linguistic	none	_	_	_	_	_	_
991-5	PSB007	991	di	di	linguistic	none	_	_	_	_	_	_
991-6	PSB007	991	lava~	lava~	linguistic	none	Interrupted=Yes	_	_	_	_	_
991-7	PSB007	991	di	di	linguistic	none	_	_	_	_	_	_
991-8	PSB007	991	lavatrice	lavatrice	linguistic	none	_	_	_	_	_	_
991-9	PSB007	991	oppure	oppure	linguistic	none	_	_	_	_	_	_
991-10	PSB007	991	lava[stoviglie],	lavastoviglie	linguistic	none	Intonation=weakly_rising	_	_	_	_	4-13(154)
991-11	PSB007	991	perché	perché	linguistic	none	_	_	_	_	_	_
991-12	PSB007	991	sono	sono	linguistic	none	_	_	_	_	_	_
991-13	PSB007	991	parole	parole	linguistic	none	_	_	_	_	_	_
991-14	PSB007	991	un	un	linguistic	none	_	_	_	_	_	_
991-15	PSB007	991	p[o'	po'	linguistic	none	_	_	_	_	_	1-3(155)
991-16	PSB007	991	simi]le:,	simile	linguistic	none	Intonation=weakly_rising	End=3390.01	5x1	_	_	0-4(155)
992-0	PSB005	992	[mhmh]	mhmh	linguistic	none	_	Begin=3387.526|End=3387.99	_	_	_	0-4(154)
993-0	PSB005	993	[mhmh]	mhmh	linguistic	none	_	Begin=3389.113|End=3389.505	_	_	_	0-4(155)
994-0	PSB007	994	e	e	linguistic	none	_	Begin=3390.66	_	_	_	_
994-1	PSB007	994	quindi::	quindi	linguistic	none	_	End=3391.845	5x2	_	_	_
995-0	PSB007	995	io	io	linguistic	none	_	Begin=3392.103	_	_	_	_
995-1	PSB007	995	dico	dico	linguistic	none	_	_	_	_	_	_
995-2	PSB007	995	che	che	linguistic	none	_	_	_	_	_	_
995-3	PSB007	995	voglio::	voglio	linguistic	none	_	_	5x2	_	_	_
995-4	PSB007	995	non	non	linguistic	none	_	_	_	_	_	_
995-5	PSB007	995	lo	lo	linguistic	none	_	_	_	_	_	_
995-6	PSB007	995	so	so	linguistic	none	_	_	_	_	_	_
995-7	PSB007	995	lavare::	lavare	linguistic	none	_	_	5x2	_	_	_
995-8	PSB007	995	il	il	linguistic	none	_	_	_	_	_	_
995-9	PSB007	995	mio	mio	linguistic	none	_	_	_	_	_	_
995-10	PSB007	995	vestito	vestito	linguistic	none	_	End=3396.371	_	_	_	_
996-0	PSB007	996	in	in	linguistic	none	_	Begin=3396.66	_	_	_	_
996-1	PSB007	996	lav[atri]ce:,	lavatrice	linguistic	none	Intonation=weakly_rising	End=3398.0	8x1	_	_	3-7(156)
997-0	PSB005	997	[mhmh]	mhmh	linguistic	none	_	Begin=3397.278|End=3397.742	_	_	_	0-4(156)
998-0	PSB007	998	dobbiamo::	dobbiamo	linguistic	none	_	Begin=3400.247|End=3401.423	7x2	_	_	_
999-0	PSB007	999	<chiarire>	chiarire	linguistic	none	_	Begin=3402.154	_	Slow=0-8(0)	_	_
999-1	PSB007	999	{P}	{P}	shortpause	none	_	_	_	_	_	_
999-2	PSB007	999	cosa	cosa	linguistic	none	_	_	_	_	_	_
999-3	PSB007	999	intendo	intendo	linguistic	none	_	_	_	_	_	_
999-4	PSB007	999	[dire:]	dire	linguistic	none	_	_	3x1	_	_	0-4(157)
999-5	PSB007	999	eccetera	eccetera	linguistic	none	_	_	_	_	_	_
999-6	PSB007	999	m:h	mh	linguistic	none	_	_	0x1	_	_	_
999-7	PSB007	999	no	no	linguistic	none	_	End=3405.474	_	_	_	_
1000-0	PSB005	1000	[sì	sì	linguistic	none	_	Begin=3403.794	_	_	_	0-2(157)
1000-1	PSB005	1000	sì	sì	linguistic	none	_	_	_	_	_	0-2(157)
1000-2	PSB005	1000	sì]	sì	linguistic	none	_	End=3404.227	_	_	_	0-2(157)
1001-0	PSB007	1001	quindi::	quindi	linguistic	none	_	Begin=3406.216	5x2	_	_	_
1001-1	PSB007	1001	n~	n~	linguistic	none	Interrupted=Yes	_	_	_	_	_
1001-2	PSB007	1001	non	non	linguistic	none	_	_	_	_	_	_
1001-3	PSB007	1001	sempre:	sempre	linguistic	none	_	End=3408.144	5x1	_	_	_
1002-0	PSB007	1002	e:h	eh	linguistic	none	_	Begin=3408.495|End=3409.01	0x1	_	_	_
1003-0	PSB007	1003	FINIAMO	finiamo	linguistic	none	Volume=high	Begin=3409.783	_	_	_	_
1003-1	PSB007	1003	QUESTI	questi	linguistic	none	Volume=high	_	_	_	_	_
1003-2	PSB007	1003	DISCORSI	discorsi	linguistic	none	Volume=high	_	_	_	_	_
1003-3	PSB007	1003	A	a	linguistic	none	Volume=high	_	_	_	_	_
1003-4	PSB007	1003	LIVELLO	livello	linguistic	none	Volume=high	_	_	_	_	_
1003-5	PSB007	1003	MOLTO	molto	linguistic	none	Volume=high	_	_	_	_	_
1003-6	PSB007	1003	{ride}	{ride}	nonverbalbehavior	none	_	_	_	_	_	_
1003-7	PSB007	1003	MOLTO	molto	linguistic	none	Volume=high	_	_	_	_	_
1003-8	PSB007	1003	molto	molto	linguistic	none	_	_	_	_	_	_
1003-9	PSB007	1003	bravo:,	bravo	linguistic	none	Intonation=weakly_rising	End=3415.175	4x1	_	_	_
1004-0	PSB007	1004	MA	ma	linguistic	none	Volume=high	Begin=3415.319|End=3415.763	_	_	_	_
1005-0	PSB007	1005	facciamo	facciamo	linguistic	none	_	Begin=3416.577	_	_	_	_
1005-1	PSB007	1005	i	i	linguistic	none	_	_	_	_	_	_
1005-2	PSB007	1005	tentativi	tentativi	linguistic	none	_	End=3417.691	_	_	_	_
1006-0	PSB005	1006	va	va	linguistic	none	_	Begin=3417.691	_	_	_	_
1006-1	PSB005	1006	bene	bene	linguistic	none	_	_	_	_	_	_
1006-2	PSB005	1006	certo	certo	linguistic	none	_	_	_	_	_	_
1006-3	PSB005	1006	{P}	{P}	shortpause	none	_	_	_	_	_	_
1006-4	PSB005	1006	e	e	linguistic	none	_	_	_	_	_	_
1006-5	PSB005	1006	lui	lui	linguistic	none	_	_	_	_	_	_
1006-6	PSB005	1006	si	si	linguistic	none	_	_	_	_	_	_
1006-7	PSB005	1006	è	è	linguistic	none	_	_	_	_	_	_
1006-8	PSB005	1006	un	un	linguistic	none	_	_	_	_	_	_
1006-9	PSB005	1006	pochino	pochino	linguistic	none	_	_	_	_	_	_
1006-10	PSB005	1006	ambientato?	ambientato	linguistic	none	Intonation=rising	End=3420.618	_	_	_	_
1007-0	PSB005	1007	in	in	linguistic	none	_	Begin=3421.227	_	_	_	_
1007-1	PSB005	1007	questi	questi	linguistic	none	_	_	_	_	_	_
1007-2	PSB005	1007	due	due	linguistic	none	_	_	_	_	_	_
1007-3	PSB005	1007	anni:?	anni	linguistic	none	Intonation=rising	_	3x1	_	_	_
1007-4	PSB005	1007	o::	o	linguistic	none	_	_	0x2	_	_	_
1007-5	PSB005	1007	mh	mh	linguistic	none	_	End=3423.299	_	_	_	_
1008-0	PSB005	1008	fa	fa	linguistic	none	_	Begin=3424.299	_	_	_	_
1008-1	PSB005	1008	ancora	ancora	linguistic	none	_	_	_	_	_	_
1008-2	PSB005	1008	molta	molta	linguistic	none	_	_	_	_	_	_
1008-3	PSB005	1008	fatica?	fatica	linguistic	none	Intonation=rising	End=3425.722	_	_	_	_
1009-0	PSB005	1009	dico	dico	linguistic	none	_	Begin=3425.979	_	_	_	_
1009-1	PSB005	1009	a	a	linguistic	none	_	_	_	_	_	_
1009-2	PSB005	1009	parte	parte	linguistic	none	_	_	_	_	_	_
1009-3	PSB005	1009	la	la	linguistic	none	_	_	_	_	_	_
1009-4	PSB005	1009	lingua	lingua	linguistic	none	_	_	_	_	_	_
1009-5	PSB005	1009	proprio	proprio	linguistic	none	_	End=3427.536	_	_	_	_
1010-0	PSB005	1010	nella	nella	linguistic	none	_	Begin=3427.907	_	_	_	_
1010-1	PSB005	1010	città:,	città	linguistic	none	Intonation=weakly_rising	_	4x1	_	_	_
1010-2	PSB005	1010	così:,	così	linguistic	none	Intonation=weakly_rising	End=3429.227	3x1	_	_	_
1011-0	PSB007	1011	e::h	eh	linguistic	none	_	Begin=3429.794	0x2	_	_	_
1011-1	PSB007	1011	m:h	mh	linguistic	none	_	End=3431.051	0x1	_	_	_
1012-0	PSB007	1012	adesso	adesso	linguistic	none	_	Begin=3431.587	_	_	_	_
1012-1	PSB007	1012	lui	lui	linguistic	none	_	_	_	_	_	_
1012-2	PSB007	1012	sta	sta	linguistic	none	_	_	_	_	_	_
1012-3	PSB007	1012	sicuramente	sicuramente	linguistic	none	_	_	_	_	_	_
1012-4	PSB007	1012	meglio:,	meglio	linguistic	none	Intonation=weakly_rising	_	5x1	_	_	_
1012-5	PSB007	1012	eh	eh	linguistic	none	_	End=3434.783	_	_	_	_
1013-0	PSB007	1013	non	non	linguistic	none	_	Begin=3435.732	_	_	_	_
1013-1	PSB007	1013	direi	direi	linguistic	none	_	_	_	_	_	_
1013-2	PSB007	1013	che:	che	linguistic	none	_	End=3436.814	2x1	_	_	_
1014-0	PSB007	1014	ciò	ciò	linguistic	none	_	Begin=3437.711	_	_	_	_
1014-1	PSB007	1014	si	si	linguistic	none	_	_	_	_	_	_
1014-2	PSB007	1014	sente	sente	linguistic	none	_	_	_	_	_	_
1014-3	PSB007	1014	come	come	linguistic	none	_	_	_	_	_	_
1014-4	PSB007	1014	a	a	linguistic	none	_	_	_	_	_	_
1014-5	PSB007	1014	casa	casa	linguistic	none	_	_	_	_	_	_
1014-6	PSB007	1014	sua:,	sua	linguistic	none	Intonation=weakly_rising	_	2x1	_	_	_
1014-7	PSB007	1014	perché	perché	linguistic	none	_	_	_	_	_	_
1014-8	PSB007	1014	la	la	linguistic	none	_	_	_	_	_	_
1014-9	PSB007	1014	lingua	lingua	linguistic	none	_	_	_	_	_	_
1014-10	PSB007	1014	°è	è	linguistic	none	Volume=low	_	_	_	_	_
1014-11	PSB007	1014	un	un	linguistic	none	Volume=low	_	_	_	_	_
1014-12	PSB007	1014	aspetto	aspetto	linguistic	none	Volume=low	_	_	_	_	_
1014-13	PSB007	1014	molto°	molto	linguistic	none	Volume=low	_	_	_	_	_
1014-14	PSB007	1014	importante,	importante	linguistic	none	Intonation=weakly_rising	End=3444.392	_	_	_	_
1015-0	PSB007	1015	e:h	eh	linguistic	none	_	Begin=3445.35	0x1	_	_	_
1015-1	PSB007	1015	m:h	mh	linguistic	none	_	End=3446.67	0x1	_	_	_
1016-0	PSB007	1016	<ultimo>	ultimo	linguistic	none	_	Begin=3447.309	_	Slow=0-6(0)	_	_
1016-1	PSB007	1016	mezzo	mezzo	linguistic	none	_	_	_	_	_	_
1016-2	PSB007	1016	anno	anno	linguistic	none	_	_	_	_	_	_
1016-3	PSB007	1016	noi	noi	linguistic	none	_	_	_	_	_	_
1016-4	PSB007	1016	abitiamo	abitiamo	linguistic	none	_	_	_	_	_	_
1016-5	PSB007	1016	a	a	linguistic	none	_	_	_	_	_	_
1016-6	PSB007	1016	bologna:,	bologna	linguistic	none	Intonation=weakly_rising	_	6x1	_	_	_
1016-7	PSB007	1016	ma	ma	linguistic	none	_	_	_	_	_	_
1016-8	PSB007	1016	prima	prima	linguistic	none	_	_	_	_	_	_
1016-9	PSB007	1016	c'	c'	linguistic	none	SpaceAfter=No	_	_	_	_	_
1016-10	PSB007	1016	era	era	linguistic	none	_	_	_	_	_	_
1016-11	PSB007	1016	un	un	linguistic	none	_	_	_	_	_	_
1016-12	PSB007	1016	periodo	periodo	linguistic	none	_	_	_	_	_	_
1016-13	PSB007	1016	quando	quando	linguistic	none	_	_	_	_	_	_
1016-14	PSB007	1016	dovevamo	dovevamo	linguistic	none	_	_	_	_	_	_
1016-15	PSB007	1016	cambiare	cambiare	linguistic	none	_	_	_	_	_	_
1016-16	PSB007	1016	le	le	linguistic	none	_	_	_	_	_	_
1016-17	PSB007	1016	case:,	case	linguistic	none	Intonation=weakly_rising	End=3454.691	3x1	_	_	_
1017-0	PSB007	1017	e::	e	linguistic	none	_	Begin=3455.567|End=3456.423	0x2	_	_	_
1018-0	PSB007	1018	per	per	linguistic	none	_	Begin=3457.258	_	_	_	_
1018-1	PSB007	1018	ogni	ogni	linguistic	none	_	_	_	_	_	_
1018-2	PSB007	1018	persona	persona	linguistic	none	_	_	_	_	_	_
1018-3	PSB007	1018	i~	i~	linguistic	none	Interrupted=Yes	_	_	_	_	_
1018-4	PSB007	1018	anziana:,	anziana	linguistic	none	Intonation=weakly_rising	End=3459.629	6x1	_	_	_
1019-0	PSB007	1019	queste	queste	linguistic	none	_	Begin=3460.608	_	_	_	_
1019-1	PSB007	1019	cambia[menti,	cambiamenti	linguistic	none	Intonation=weakly_rising	_	_	_	_	6-11(158)
1019-2	PSB007	1019	<fisici>	fisici	linguistic	none	_	_	_	Slow=0-6(0)	_	0-6(158)
1019-3	PSB007	1019	proprio]	proprio	linguistic	none	_	End=3463.763	_	_	_	0-7(158)
1020-0	PSB005	1020	[certo	certo	linguistic	none	_	Begin=3461.577	_	_	_	0-5(158)
1020-1	PSB005	1020	sì	sì	linguistic	none	_	_	_	_	_	0-2(158)
1020-2	PSB005	1020	sì	sì	linguistic	none	_	_	_	_	_	0-2(158)
1020-3	PSB005	1020	x	x	unknown	none	_	_	_	_	_	0-1(158)
1020-4	PSB005	1020	sì]	sì	linguistic	none	_	End=3463.752	_	_	_	0-2(158)
1021-0	PSB007	1021	perché	perché	linguistic	none	_	Begin=3464.072	_	_	_	_
1021-1	PSB007	1021	lui	lui	linguistic	none	_	_	_	_	_	_
1021-2	PSB007	1021	ha	ha	linguistic	none	_	_	_	_	_	_
1021-3	PSB007	1021	appena	appena	linguistic	none	_	_	_	_	_	_
1021-4	PSB007	1021	imparato	imparato	linguistic	none	_	_	_	_	_	_
1021-5	PSB007	1021	per	per	linguistic	none	_	_	_	_	_	_
1021-6	PSB007	1021	esempio	esempio	linguistic	none	_	_	_	_	_	_
1021-7	PSB007	1021	come	come	linguistic	none	_	_	_	_	_	_
1021-8	PSB007	1021	sono	sono	linguistic	none	_	_	_	_	_	_
1021-9	PSB007	1021	le	le	linguistic	none	_	_	_	_	_	_
1021-10	PSB007	1021	strade,	strade	linguistic	none	Intonation=weakly_rising	_	_	_	_	_
1021-11	PSB007	1021	come	come	linguistic	none	_	_	_	_	_	_
1021-12	PSB007	1021	sono	sono	linguistic	none	_	_	_	_	_	_
1021-13	PSB007	1021	le	le	linguistic	none	_	_	_	_	_	_
1021-14	PSB007	1021	<vie:>,	vie	linguistic	none	Intonation=weakly_rising	_	2x1	Slow=0-3(0)	_	_
1021-15	PSB007	1021	dove	dove	linguistic	none	_	_	_	_	_	_
1021-16	PSB007	1021	devi	devi	linguistic	none	_	_	_	_	_	_
1021-17	PSB007	1021	girare	girare	linguistic	none	_	_	_	_	_	_
1021-18	PSB007	1021	a	a	linguistic	none	_	_	_	_	_	_
1021-19	PSB007	1021	[destra]	destra	linguistic	none	_	_	_	_	_	0-6(159)
1021-20	PSB007	1021	a	a	linguistic	none	_	_	_	_	_	_
1021-21	PSB007	1021	sinistra,	sinistra	linguistic	none	Intonation=weakly_rising	End=3471.484	_	_	_	_
1022-0	PSB005	1022	[mhmh]	mhmh	linguistic	none	_	Begin=3470.02|End=3470.484	_	_	_	0-4(159)
1023-0	PSB007	1023	e::	e	linguistic	none	_	Begin=3472.0|End=3472.886	0x2	_	_	_
1024-0	PSB007	1024	zac	zac	linguistic	none	_	Begin=3473.319	_	_	_	_
1024-1	PSB007	1024	{P}	{P}	shortpause	none	_	_	_	_	_	_
1024-2	PSB007	1024	e	e	linguistic	none	_	_	_	_	_	_
1024-3	PSB007	1024	dobbiamo	dobbiamo	linguistic	none	_	_	_	_	_	_
1024-4	PSB007	1024	trasferirsi	trasferirsi	linguistic	none	_	End=3475.268	_	_	_	_
1025-0	PSB005	1025	sì	sì	linguistic	none	_	Begin=3475.536	_	_	_	_
1025-1	PSB005	1025	sì	sì	linguistic	none	_	_	_	_	_	_
1025-2	PSB005	1025	sì	sì	linguistic	none	_	End=3476.031	_	_	_	_
1026-0	PSB007	1026	e:	e	linguistic	none	_	Begin=3476.227	0x1	_	_	_
1026-1	PSB007	1026	m:h	mh	linguistic	none	_	_	0x1	_	_	_
1026-2	PSB007	1026	adesso	adesso	linguistic	none	_	_	_	_	_	_
1026-3	PSB007	1026	lui:	lui	linguistic	none	_	End=3478.216	2x1	_	_	_
1027-0	PSB007	1027	lui	lui	linguistic	none	_	Begin=3478.474	_	_	_	_
1027-1	PSB007	1027	è	è	linguistic	none	_	End=3479.051	_	_	_	_
1028-0	PSB007	1028	ha	ha	linguistic	none	_	Begin=3480.794	_	_	_	_
1028-1	PSB007	1028	imparato	imparato	linguistic	none	_	_	_	_	_	_
1028-2	PSB007	1028	abbastanza	abbastanza	linguistic	none	_	_	_	_	_	_
1028-3	PSB007	1028	bene	bene	linguistic	none	_	_	_	_	_	_
1028-4	PSB007	1028	la	la	linguistic	none	_	_	_	_	_	_
1028-5	PSB007	1028	la	la	linguistic	none	_	_	_	_	_	_
1028-6	PSB007	1028	nostra	nostra	linguistic	none	_	_	_	_	_	_
1028-7	PSB007	1028	zona,	zona	linguistic	none	Intonation=weakly_rising	_	_	_	_	_
1028-8	PSB007	1028	dove	dove	linguistic	none	_	_	_	_	_	_
1028-9	PSB007	1028	abitiamo,	abitiamo	linguistic	none	Intonation=weakly_rising	_	_	_	_	_
1028-10	PSB007	1028	[dove]	dove	linguistic	none	_	_	_	_	_	0-4(160)
1028-11	PSB007	1028	sei	sei	linguistic	none	_	_	_	_	_	_
1028-12	PSB007	1028	stata	stata	linguistic	none	_	_	_	_	_	_
1028-13	PSB007	1028	tu:,	tu	linguistic	none	Intonation=weakly_rising	_	1x1	_	_	_
1028-14	PSB007	1028	quindi:	quindi	linguistic	none	_	_	5x1	_	_	_
1028-15	PSB007	1028	la	la	linguistic	none	_	_	_	_	_	_
1028-16	PSB007	1028	la	la	linguistic	none	_	_	_	_	_	_
1028-17	PSB007	1028	zona	zona	linguistic	none	_	_	_	_	_	_
1028-18	PSB007	1028	è	è	linguistic	none	_	_	_	_	_	_
1028-19	PSB007	1028	vicino	vicino	linguistic	none	_	_	_	_	_	_
1028-20	PSB007	1028	@nomeluogo	nomeluogo	linguistic	none	_	End=3489.301	_	_	_	_
1029-0	PSB005	1029	[mhmh]	mhmh	linguistic	none	_	Begin=3484.546|End=3485.031	_	_	_	0-4(160)
1030-0	PSB007	1030	eh	eh	linguistic	none	_	Begin=3489.361	_	_	_	_
1030-1	PSB007	1030	non	non	linguistic	none	_	_	_	_	_	_
1030-2	PSB007	1030	ci	ci	linguistic	none	_	_	_	_	_	_
1030-3	PSB007	1030	sono	sono	linguistic	none	_	_	_	_	_	_
1030-4	PSB007	1030	tante	tante	linguistic	none	_	_	_	_	_	_
1030-5	PSB007	1030	strade	strade	linguistic	none	_	_	_	_	_	_
1030-6	PSB007	1030	non	non	linguistic	none	_	_	_	_	_	_
1030-7	PSB007	1030	ci	ci	linguistic	none	_	_	_	_	_	_
1030-8	PSB007	1030	sono	sono	linguistic	none	_	_	_	_	_	_
1030-9	PSB007	1030	tan~	tan~	linguistic	none	Interrupted=Yes	_	_	_	_	_
1030-10	PSB007	1030	tan~	tan~	linguistic	none	Interrupted=Yes	_	_	_	_	_
1030-11	PSB007	1030	tanti	tanti	linguistic	none	_	_	_	_	_	_
1030-12	PSB007	1030	portici:,	portici	linguistic	none	Intonation=weakly_rising	End=3493.67	6x1	_	_	_
1031-0	PSB007	1031	eh	eh	linguistic	none	_	Begin=3494.495	_	_	_	_
1031-1	PSB007	1031	in	in	linguistic	none	_	_	_	_	_	_
1031-2	PSB007	1031	$portice	portice	linguistic	none	Orthography=Yes	_	_	_	_	_
1031-3	PSB007	1031	lui	lui	linguistic	none	_	_	_	_	_	_
1031-4	PSB007	1031	si	si	linguistic	none	_	_	_	_	_	_
1031-5	PSB007	1031	sente::	sente	linguistic	none	_	_	4x2	_	_	_
1031-6	PSB007	1031	mh	mh	linguistic	none	_	End=3496.742	_	_	_	_
1032-0	PSB007	1032	peggio	peggio	linguistic	none	_	Begin=3498.371	_	_	_	_
1032-1	PSB007	1032	°riguarda:	riguarda	linguistic	none	Volume=low	_	7x1	_	_	_
1032-2	PSB007	1032	la°	la	linguistic	none	Volume=low	_	_	_	_	_
1032-3	PSB007	1032	il	il	linguistic	none	_	_	_	_	_	_
1032-4	PSB007	1032	territorio	territorio	linguistic	none	_	_	_	_	_	_
1032-5	PSB007	1032	all'	all'	linguistic	none	SpaceAfter=No	_	_	_	_	_
1032-6	PSB007	1032	aperto	aperto	linguistic	none	_	End=3502.825	_	_	_	_
1033-0	PSB005	1033	mh	mh	linguistic	none	_	Begin=3502.835|End=3503.299	_	_	_	_
1034-0	PSB007	1034	e::h	eh	linguistic	none	_	Begin=3503.856|End=3504.773	0x2	_	_	_
1035-0	PSB007	1035	ma	ma	linguistic	none	_	Begin=3505.051	_	_	_	_
1035-1	PSB007	1035	sì	sì	linguistic	none	_	_	_	_	_	_
1035-2	PSB007	1035	perché	perché	linguistic	none	_	End=3505.67	_	_	_	_
1036-0	PSB007	1036	senza	senza	linguistic	none	_	Begin=3506.474	_	_	_	_
1036-1	PSB007	1036	il	il	linguistic	none	_	_	_	_	_	_
1036-2	PSB007	1036	portico	portico	linguistic	none	_	_	_	_	_	_
1036-3	PSB007	1036	tu	tu	linguistic	none	_	_	_	_	_	_
1036-4	PSB007	1036	{P}	{P}	shortpause	none	_	_	_	_	_	_
1036-5	PSB007	1036	tu	tu	linguistic	none	_	_	_	_	_	_
1036-6	PSB007	1036	riesci	riesci	linguistic	none	_	_	_	_	_	_
1036-7	PSB007	1036	a	a	linguistic	none	_	_	_	_	_	_
1036-8	PSB007	1036	vedere	vedere	linguistic	none	_	_	_	_	_	_
1036-9	PSB007	1036	[dove	dove	linguistic	none	_	_	_	_	_	0-4(161)
1036-10	PSB007	1036	si]	si	linguistic	none	_	_	_	_	_	0-2(161)
1036-11	PSB007	1036	trova	trova	linguistic	none	_	_	_	_	_	_
1036-12	PSB007	1036	questo,	questo	linguistic	none	Intonation=weakly_rising	_	_	_	_	_
1036-13	PSB007	1036	quello:,	quello	linguistic	none	Intonation=weakly_rising	End=3510.804	5x1	_	_	_
1037-0	PSB005	1037	[sì	sì	linguistic	none	_	Begin=3509.0	_	_	_	0-2(161)
1037-1	PSB005	1037	sì]	sì	linguistic	none	_	End=3509.474	_	_	_	0-2(161)
1038-0	PSB005	1038	è	è	linguistic	none	_	Begin=3510.835	_	_	_	_
1038-1	PSB005	1038	un	un	linguistic	none	_	_	_	_	_	_
1038-2	PSB005	1038	po'[:	po'	linguistic	none	_	_	1x1	_	_	_
1038-3	PSB005	1038	{P}	{P}	shortpause	none	_	_	_	_	_	0-3(162)
1038-4	PSB005	1038	un	un	linguistic	none	_	_	_	_	_	0-2(162)
1038-5	PSB005	1038	po'	po'	linguistic	none	_	_	_	_	_	0-3(162)
1038-6	PSB005	1038	confonde	confonde	linguistic	none	_	_	_	_	_	0-8(162)
1038-7	PSB005	1038	un	un	linguistic	none	_	_	_	_	_	0-2(162)
1038-8	PSB005	1038	pochino	pochino	linguistic	none	_	_	_	_	_	0-7(162)
1038-9	PSB005	1038	sì	sì	linguistic	none	_	_	_	_	_	0-2(162)
1038-10	PSB005	1038	°sì	sì	linguistic	none	Volume=low	_	_	_	_	0-2(162)
1038-11	PSB005	1038	sì°]	sì	linguistic	none	Volume=low	End=3514.01	_	_	_	0-2(162)
1039-0	PSB007	1039	[x	x	unknown	none	_	Begin=3511.196	_	_	_	0-1(162)
1039-1	PSB007	1039	invece	invece	linguistic	none	_	_	_	_	_	0-6(162)
1039-2	PSB007	1039	sotto	sotto	linguistic	none	_	_	_	_	_	0-5(162)
1039-3	PSB007	1039	il	il	linguistic	none	_	_	_	_	_	0-2(162)
1039-4	PSB007	1039	PORTICO	portico	linguistic	none	Volume=high	_	_	_	_	0-7(162)
1039-5	PSB007	1039	sì	sì	linguistic	none	_	_	_	_	_	0-2(162)
1039-6	PSB007	1039	sembra	sembra	linguistic	none	_	_	_	_	_	0-6(162)
1039-7	PSB007	1039	che]	che	linguistic	none	_	_	_	_	_	0-3(162)
1039-8	PSB007	1039	tu	tu	linguistic	none	_	_	_	_	_	_
1039-9	PSB007	1039	s~	s~	linguistic	none	Interrupted=Yes	_	_	_	_	_
1039-10	PSB007	1039	in	in	linguistic	none	_	_	_	_	_	_
1039-11	PSB007	1039	un	un	linguistic	none	_	_	_	_	_	_
1039-12	PSB007	1039	tunnel,	tunnel	linguistic	none	Intonation=weakly_rising	_	_	_	_	_
1039-13	PSB007	1039	[che	che	linguistic	none	_	_	_	_	_	0-3(163)
1039-14	PSB007	1039	mh]	mh	linguistic	none	_	_	_	_	_	0-2(163)
1039-15	PSB007	1039	non	non	linguistic	none	_	_	_	_	_	_
1039-16	PSB007	1039	[si	si	linguistic	none	_	_	_	_	_	0-2(164)
1039-17	PSB007	1039	sa	sa	linguistic	none	_	_	_	_	_	0-2(164)
1039-18	PSB007	1039	do]ve	dove	linguistic	none	_	_	_	_	_	0-2(164)
1039-19	PSB007	1039	arriva,	arriva	linguistic	none	Intonation=weakly_rising	End=3518.33	_	_	_	_
1040-0	PSB005	1040	[mhmh]	mhmh	linguistic	none	_	Begin=3516.216|End=3516.701	_	_	_	0-4(163)
1041-0	PSB005	1041	[sì	sì	linguistic	none	_	Begin=3517.103	_	_	_	0-2(164)
1041-1	PSB005	1041	sì]	sì	linguistic	none	_	End=3517.567	_	_	_	0-2(164)
1042-0	PSB007	1042	e::	e	linguistic	none	_	Begin=3519.072	0x2	_	_	_
1042-1	PSB007	1042	m::h	mh	linguistic	none	_	_	0x2	_	_	_
1042-2	PSB007	1042	al	al	linguistic	none	_	_	_	_	_	_
1042-3	PSB007	1042	supermercato:,	supermercato	linguistic	none	Intonation=weakly_rising	_	11x1	_	_	_
1042-4	PSB007	1042	come	come	linguistic	none	_	_	_	_	_	_
1042-5	PSB007	1042	ti	ti	linguistic	none	_	_	_	_	_	_
1042-6	PSB007	1042	ho	ho	linguistic	none	_	_	_	_	_	_
1042-7	PSB007	1042	detto	detto	linguistic	none	_	_	_	_	_	_
1042-8	PSB007	1042	{P}	{P}	shortpause	none	_	_	_	_	_	_
1042-9	PSB007	1042	a	a	linguistic	none	_	_	_	_	_	_
1042-10	PSB007	1042	volte	volte	linguistic	none	_	_	_	_	_	_
1042-11	PSB007	1042	sì:	sì	linguistic	none	_	_	1x1	_	_	_
1042-12	PSB007	1042	troviamo::	troviamo	linguistic	none	_	_	7x2	_	_	_
1042-13	PSB007	1042	papà	papà	linguistic	none	_	_	_	_	_	_
1042-14	PSB007	1042	trova	trova	linguistic	none	_	_	_	_	_	_
1042-15	PSB007	1042	trova	trova	linguistic	none	_	_	_	_	_	_
1042-16	PSB007	1042	situazioni	situazioni	linguistic	none	_	_	_	_	_	_
1042-17	PSB007	1042	quando::	quando	linguistic	none	_	End=3528.247	5x2	_	_	_
1043-0	PSB007	1043	eh	eh	linguistic	none	_	Begin=3528.639|End=3529.062	_	_	_	_
1044-0	PSB007	1044	le	le	linguistic	none	_	Begin=3530.629	_	_	_	_
1044-1	PSB007	1044	persone	persone	linguistic	none	_	_	_	_	_	_
1044-2	PSB007	1044	non	non	linguistic	none	_	_	_	_	_	_
1044-3	PSB007	1044	capiscono	capiscono	linguistic	none	_	_	_	_	_	_
1044-4	PSB007	1044	bene	bene	linguistic	none	_	_	_	_	_	_
1044-5	PSB007	1044	°come::°	come	linguistic	none	Volume=low	_	3x2	_	_	_
1044-6	PSB007	1044	co~	co~	linguistic	none	Interrupted=Yes	_	_	_	_	_
1044-7	PSB007	1044	co~	co~	linguistic	none	Interrupted=Yes	_	_	_	_	_
1044-8	PSB007	1044	cosa	cosa	linguistic	none	_	_	_	_	_	_
1044-9	PSB007	1044	lui	lui	linguistic	none	_	_	_	_	_	_
1044-10	PSB007	1044	vuole:,	vuole	linguistic	none	Intonation=weakly_rising	_	4x1	_	_	_
1044-11	PSB007	1044	quindi	quindi	linguistic	none	_	_	_	_	_	_
1044-12	PSB007	1044	li	li	linguistic	none	_	_	_	_	_	_
1044-13	PSB007	1044	scrivo::	scrivo	linguistic	none	_	End=3536.557	5x2	_	_	_
1045-0	PSB007	1045	eh	eh	linguistic	none	_	Begin=3536.979|End=3537.443	_	_	_	_
1046-0	PSB007	1046	su	su	linguistic	none	_	Begin=3538.515	_	_	_	_
1046-1	PSB007	1046	un	un	linguistic	none	_	_	_	_	_	_
1046-2	PSB007	1046	foglio	foglio	linguistic	none	_	_	_	_	_	_
1046-3	PSB007	1046	di	di	linguistic	none	_	_	_	_	_	_
1046-4	PSB007	1046	carta:,	carta	linguistic	none	Intonation=weakly_rising	_	4x1	_	_	_
1046-5	PSB007	1046	proprio	proprio	linguistic	none	_	_	_	_	_	_
1046-6	PSB007	1046	le	le	linguistic	none	_	_	_	_	_	_
1046-7	PSB007	1046	frasi	frasi	linguistic	none	_	_	_	_	_	_
1046-8	PSB007	1046	che	che	linguistic	none	_	_	_	_	_	_
1046-9	PSB007	1046	lui	lui	linguistic	none	_	_	_	_	_	_
1046-10	PSB007	1046	può	può	linguistic	none	_	_	_	_	_	_
1046-11	PSB007	1046	<usare:>,	usare	linguistic	none	Intonation=weakly_rising	_	4x1	Slow=0-5(0)	_	_
1046-12	PSB007	1046	{P}	{P}	shortpause	none	_	_	_	_	_	_
1046-13	PSB007	1046	durba~	durba~	linguistic	none	Interrupted=Yes	_	_	_	_	_
1046-14	PSB007	1046	durante	durante	linguistic	none	_	_	_	_	_	_
1046-15	PSB007	1046	la	la	linguistic	none	_	_	_	_	_	_
1046-16	PSB007	1046	conversazione	conversazione	linguistic	none	_	_	_	_	_	_
1046-17	PSB007	1046	°con::	con	linguistic	none	Volume=low	_	2x2	_	_	_
1046-18	PSB007	1046	con:°	con	linguistic	none	Volume=low	_	2x1	_	_	_
1046-19	PSB007	1046	{P}	{P}	shortpause	none	_	_	_	_	_	_
1046-20	PSB007	1046	con	con	linguistic	none	_	_	_	_	_	_
1046-21	PSB007	1046	un	un	linguistic	none	_	_	_	_	_	_
1046-22	PSB007	1046	macellaio:	macellaio	linguistic	none	_	_	8x1	_	_	_
1046-23	PSB007	1046	per	per	linguistic	none	_	_	_	_	_	_
1046-24	PSB007	1046	esempio	esempio	linguistic	none	_	End=3548.402	_	_	_	_
1047-0	PSB005	1047	mhmh	mhmh	linguistic	none	_	Begin=3548.412|End=3548.835	_	_	_	_
1048-0	PSB007	1048	m::h	mh	linguistic	none	_	Begin=3549.423|End=3550.392	0x2	_	_	_
1049-0	PSB007	1049	quindi	quindi	linguistic	none	_	Begin=3550.67	_	_	_	_
1049-1	PSB007	1049	sì:	sì	linguistic	none	_	_	1x1	_	_	_
1049-2	PSB007	1049	adesso	adesso	linguistic	none	_	_	_	_	_	_
1049-3	PSB007	1049	lui	lui	linguistic	none	_	_	_	_	_	_
1049-4	PSB007	1049	sicuramente	sicuramente	linguistic	none	_	_	_	_	_	_
1049-5	PSB007	1049	sta	sta	linguistic	none	_	_	_	_	_	_
1049-6	PSB007	1049	meglio	meglio	linguistic	none	_	End=3553.68	_	_	_	_
1050-0	PSB005	1050	la	la	linguistic	none	_	Begin=3553.691	_	_	_	_
1050-1	PSB005	1050	zona	zona	linguistic	none	_	_	_	_	_	_
1050-2	PSB005	1050	vi	vi	linguistic	none	_	_	_	_	_	_
1050-3	PSB005	1050	piace?	piace	linguistic	none	Intonation=rising	End=3554.639	_	_	_	_
1051-0	PSB007	1051	sì	sì	linguistic	none	_	Begin=3555.319|End=3555.68	_	_	_	_
1052-0	PSB005	1052	no	no	linguistic	none	_	Begin=3556.495	_	_	_	_
1052-1	PSB005	1052	ma	ma	linguistic	none	_	_	_	_	_	_
1052-2	PSB005	1052	è	è	linguistic	none	_	_	_	_	_	_
1052-3	PSB005	1052	carina	carina	linguistic	none	_	_	_	_	_	_
1052-4	PSB005	1052	infat[ti]	infatti	linguistic	none	_	End=3557.577	_	_	_	5-7(165)
1053-0	PSB007	1053	[sì]	sì	linguistic	none	_	Begin=3557.515	_	_	_	0-2(165)
1053-1	PSB007	1053	sì	sì	linguistic	none	_	_	_	_	_	_
1053-2	PSB007	1053	sì	sì	linguistic	none	_	_	_	_	_	_
1053-3	PSB007	1053	no	no	linguistic	none	_	_	_	_	_	_
1053-4	PSB007	1053	>è<	è	linguistic	none	_	_	_	Fast=0-1(0)	_	_
1053-5	PSB007	1053	anche::	anche	linguistic	none	_	_	4x2	_	_	_
1053-6	PSB007	1053	mh	mh	linguistic	none	_	End=3560.227	_	_	_	_
1054-0	PSB007	1054	molto	molto	linguistic	none	_	Begin=3561.392	_	_	_	_
1054-1	PSB007	1054	bella:::	bella	linguistic	none	_	_	4x3	_	_	_
1054-2	PSB007	1054	per	per	linguistic	none	_	_	_	_	_	_
1054-3	PSB007	1054	la	la	linguistic	none	_	_	_	_	_	_
1054-4	PSB007	1054	vita	vita	linguistic	none	_	_	_	_	_	_
1054-5	PSB007	1054	con:	con	linguistic	none	_	_	2x1	_	_	_
1054-6	PSB007	1054	con	con	linguistic	none	_	_	_	_	_	_
1054-7	PSB007	1054	cane,	cane	linguistic	none	Intonation=weakly_rising	_	_	_	_	_
1054-8	PSB007	1054	[con	con	linguistic	none	_	_	_	_	_	0-3(166)
1054-9	PSB007	1054	i]l	il	linguistic	none	_	_	_	_	_	0-1(166)
1054-10	PSB007	1054	cane:,	cane	linguistic	none	Intonation=weakly_rising	End=3565.948	3x1	_	_	_
1055-0	PSB005	1055	[mhmh]	mhmh	linguistic	none	_	Begin=3564.814|End=3565.093	_	_	_	0-4(166)
1056-0	PSB007	1056	perché	perché	linguistic	none	_	Begin=3566.072	_	_	_	_
1056-1	PSB007	1056	ci	ci	linguistic	none	_	_	_	_	_	_
1056-2	PSB007	1056	sono::	sono	linguistic	none	_	_	3x2	_	_	_
1056-3	PSB007	1056	tre::	tre	linguistic	none	_	_	2x2	_	_	_
1056-4	PSB007	1056	tre	tre	linguistic	none	_	_	_	_	_	_
1056-5	PSB007	1056	parchi::,	parchi	linguistic	none	Intonation=weakly_rising	End=3569.062	5x2	_	_	_
1057-0	PSB007	1057	e	e	linguistic	none	_	Begin=3569.557	_	_	_	_
1057-1	PSB007	1057	c'	c'	linguistic	none	SpaceAfter=No	_	_	_	_	_
1057-2	PSB007	1057	è	è	linguistic	none	_	_	_	_	_	_
1057-3	PSB007	1057	un	un	linguistic	none	_	_	_	_	_	_
1057-4	PSB007	1057	canale	canale	linguistic	none	_	_	_	_	_	_
1057-5	PSB007	1057	con	con	linguistic	none	_	_	_	_	_	_
1057-6	PSB007	1057	l'	l'	linguistic	none	SpaceAfter=No	_	_	_	_	_
1057-7	PSB007	1057	acqua::,	acqua	linguistic	none	Intonation=weakly_rising	End=3571.577	4x2	_	_	_
1058-0	PSB007	1058	ci	ci	linguistic	none	_	Begin=3572.453	_	_	_	_
1058-1	PSB007	1058	sono	sono	linguistic	none	_	_	_	_	_	_
1058-2	PSB007	1058	sempre	sempre	linguistic	none	_	_	_	_	_	_
1058-3	PSB007	1058	le	le	linguistic	none	_	_	_	_	_	_
1058-4	PSB007	1058	<ANATRE::>,	anatre	linguistic	none	Intonation=weakly_rising|Volume=high	_	5x2	Slow=0-6(0)	_	_
1058-5	PSB007	1058	e:	e	linguistic	none	_	End=3575.381	0x1	_	_	_
1059-0	PSB007	1059	rex	rex	linguistic	none	_	Begin=3576.598	_	_	_	_
1059-1	PSB007	1059	con	con	linguistic	none	_	_	_	_	_	_
1059-2	PSB007	1059	rex	rex	linguistic	none	_	_	_	_	_	_
1059-3	PSB007	1059	facciamo	facciamo	linguistic	none	_	_	_	_	_	_
1059-4	PSB007	1059	le	le	linguistic	none	_	_	_	_	_	_
1059-5	PSB007	1059	passeggiate	passeggiate	linguistic	none	_	_	_	_	_	_
1059-6	PSB007	1059	tre	tre	linguistic	none	_	_	_	_	_	_
1059-7	PSB007	1059	volte	volte	linguistic	none	_	_	_	_	_	_
1059-8	PSB007	1059	al	al	linguistic	none	_	_	_	_	_	_
1059-9	PSB007	1059	giorno:,	giorno	linguistic	none	Intonation=weakly_rising	End=3580.041	5x1	_	_	_
1060-0	PSB007	1060	poi	poi	linguistic	none	_	Begin=3580.495	_	_	_	_
1060-1	PSB007	1060	ovviamente:	ovviamente	linguistic	none	_	End=3581.629	9x1	_	_	_
1061-0	PSB007	1061	più	più	linguistic	none	_	Begin=3582.082	_	_	_	_
1061-1	PSB007	1061	comodo	comodo	linguistic	none	_	_	_	_	_	_
1061-2	PSB007	1061	{P}	{P}	shortpause	none	_	_	_	_	_	_
1061-3	PSB007	1061	fare	fare	linguistic	none	_	_	_	_	_	_
1061-4	PSB007	1061	le	le	linguistic	none	_	_	_	_	_	_
1061-5	PSB007	1061	pas[seggiate	passeggiate	linguistic	none	_	_	_	_	_	_
1061-6	PSB007	1061	in	in	linguistic	none	_	_	_	_	_	_
1061-7	PSB007	1061	un]parco]:,	unparco	linguistic	none	Intonation=weakly_rising	_	6x1	_	_	_
1061-8	PSB007	1061	che	che	linguistic	none	_	_	_	_	_	_
1061-9	PSB007	1061	in	in	linguistic	none	_	_	_	_	_	_
1061-10	PSB007	1061	un	un	linguistic	none	_	_	_	_	_	_
1061-11	PSB007	1061	{P}	{P}	shortpause	none	_	_	_	_	_	_
1061-12	PSB007	1061	una	una	linguistic	none	_	_	_	_	_	_
1061-13	PSB007	1061	zona::	zona	linguistic	none	_	End=3588.154	3x2	_	_	_
1062-0	PSB005	1062	[sì	sì	linguistic	none	_	Begin=3583.577	_	_	_	0-2(167)
1062-1	PSB005	1062	sì	sì	linguistic	none	_	_	_	_	_	0-2(167)
1062-2	PSB005	1062	sì	sì	linguistic	none	_	_	_	_	_	0-2(167)
1062-3	PSB005	1062	°certo°]	certo	linguistic	none	Volume=low	End=3584.526	_	_	_	0-5(167)
1063-0	PSB007	1063	senza	senza	linguistic	none	_	Begin=3588.402	_	_	_	_
1063-1	PSB007	1063	l'	l'	linguistic	none	SpaceAfter=No	_	_	_	_	_
1063-2	PSB007	1063	erba:,	erba	linguistic	none	Intonation=weakly_rising	_	3x1	_	_	_
1063-3	PSB007	1063	senza::	senza	linguistic	none	_	End=3590.206	4x2	_	_	_
1064-0	PSB007	1064	la	la	linguistic	none	_	Begin=3591.979	_	_	_	_
1064-1	PSB007	1064	terra:,	terra	linguistic	none	Intonation=weakly_rising	End=3592.866	4x1	_	_	_
1065-0	PSB005	1065	mhmh	mhmh	linguistic	none	_	Begin=3592.897	_	_	_	_
1065-1	PSB005	1065	{P}	{P}	shortpause	none	_	_	_	_	_	_
1065-2	PSB005	1065	e	e	linguistic	none	_	_	_	_	_	_
1065-3	PSB005	1065	avete	avete	linguistic	none	_	_	_	_	_	_
1065-4	PSB005	1065	fatto	fatto	linguistic	none	_	_	_	_	_	_
1065-5	PSB005	1065	un	un	linguistic	none	_	_	_	_	_	_
1065-6	PSB005	1065	po'	po'	linguistic	none	_	_	_	_	_	_
1065-7	PSB005	1065	di::	di	linguistic	none	_	_	1x2	_	_	_
1065-8	PSB005	1065	cioè	cioè	linguistic	none	_	End=3595.185	_	_	_	_
1066-0	PSB005	1066	e::	e	linguistic	none	_	Begin=3595.804	0x2	_	_	_
1066-1	PSB005	1066	mh	mh	linguistic	none	_	End=3596.309	_	_	_	_
1067-0	PSB005	1067	oltre	oltre	linguistic	none	_	Begin=3596.742	_	_	_	_
1067-1	PSB005	1067	a::	a	linguistic	none	_	_	0x2	_	_	_
1067-2	PSB005	1067	questa:	questa	linguistic	none	_	End=3598.577	5x1	_	_	_
1068-0	PSB005	1068	questa	questa	linguistic	none	_	Begin=3598.783	_	_	_	_
1068-1	PSB005	1068	coppia	coppia	linguistic	none	_	_	_	_	_	_
1068-2	PSB005	1068	che	che	linguistic	none	_	_	_	_	_	_
1068-3	PSB005	1068	conoscevi	conoscevi	linguistic	none	_	_	_	_	_	_
1068-4	PSB005	1068	già	già	linguistic	none	_	_	_	_	_	_
1068-5	PSB005	1068	ma	ma	linguistic	none	_	End=3600.505	_	_	_	_
1069-0	PSB005	1069	hai	hai	linguistic	none	_	Begin=3600.917	_	_	_	_
1069-1	PSB005	1069	creato	creato	linguistic	none	_	_	_	_	_	_
1069-2	PSB005	1069	un	un	linguistic	none	_	_	_	_	_	_
1069-3	PSB005	1069	po'	po'	linguistic	none	_	_	_	_	_	_
1069-4	PSB005	1069	di	di	linguistic	none	_	_	_	_	_	_
1069-5	PSB005	1069	amicizie:	amicizie	linguistic	none	_	_	7x1	_	_	_
1069-6	PSB005	1069	qui:?	qui	linguistic	none	Intonation=rising	End=3602.948	2x1	_	_	_
1070-0	PSB005	1070	e::	e	linguistic	none	_	Begin=3603.453|End=3603.99	0x2	_	_	_
1071-0	PSB005	1071	tuo	tuo	linguistic	none	_	Begin=3604.185	_	_	_	_
1071-1	PSB005	1071	papà	papà	linguistic	none	_	_	_	_	_	_
1071-2	PSB005	1071	è	è	linguistic	none	_	_	_	_	_	_
1071-3	PSB005	1071	riuscito	riuscito	linguistic	none	_	_	_	_	_	_
1071-4	PSB005	1071	a	a	linguistic	none	_	_	_	_	_	_
1071-5	PSB005	1071	creare	creare	linguistic	none	_	_	_	_	_	_
1071-6	PSB005	1071	un	un	linguistic	none	_	_	_	_	_	_
1071-7	PSB005	1071	po'	po'	linguistic	none	_	_	_	_	_	_
1071-8	PSB005	1071	di:	di	linguistic	none	_	_	1x1	_	_	_
1071-9	PSB005	1071	di:	di	linguistic	none	_	End=3606.866	1x1	_	_	_
1072-0	PSB005	1072	di	di	linguistic	none	_	Begin=3607.299	_	_	_	_
1072-1	PSB005	1072	amici:?	amici	linguistic	none	Intonation=rising	_	4x1	_	_	_
1072-2	PSB005	1072	oppure::	oppure	linguistic	none	_	End=3608.773	5x2	_	_	_
1073-0	PSB007	1073	e::h	eh	linguistic	none	_	Begin=3610.484	0x2	_	_	_
1073-1	PSB007	1073	m::h	mh	linguistic	none	_	End=3611.618	0x2	_	_	_
1074-0	PSB007	1074	allora:	allora	linguistic	none	_	Begin=3616.154	5x1	_	_	_
1074-1	PSB007	1074	durante	durante	linguistic	none	_	_	_	_	_	_
1074-2	PSB007	1074	questi	questi	linguistic	none	_	_	_	_	_	_
1074-3	PSB007	1074	due	due	linguistic	none	_	_	_	_	_	_
1074-4	PSB007	1074	anni:::	anni	linguistic	none	_	_	3x3	_	_	_
1074-5	PSB007	1074	m:::h	mh	linguistic	none	_	_	0x3	_	_	_
1074-6	PSB007	1074	sì	sì	linguistic	none	_	_	_	_	_	_
1074-7	PSB007	1074	un	un	linguistic	none	_	_	_	_	_	_
1074-8	PSB007	1074	po'	po'	linguistic	none	_	_	_	_	_	_
1074-9	PSB007	1074	delle	delle	linguistic	none	_	_	_	_	_	_
1074-10	PSB007	1074	persone	persone	linguistic	none	_	_	_	_	_	_
1074-11	PSB007	1074	nuove::,	nuove	linguistic	none	Intonation=weakly_rising	_	4x2	_	_	_
1074-12	PSB007	1074	diciamo::	diciamo	linguistic	none	_	End=3624.206	6x2	_	_	_
1075-0	PSB007	1075	mh	mh	linguistic	none	_	Begin=3626.175	_	_	_	_
1075-1	PSB007	1075	sì	sì	linguistic	none	_	End=3626.649	_	_	_	_
1076-0	PSB007	1076	b~	b~	linguistic	none	Interrupted=Yes	Begin=3627.825	_	_	_	_
1076-1	PSB007	1076	e	e	linguistic	none	_	_	_	_	_	_
1076-2	PSB007	1076	non	non	linguistic	none	_	_	_	_	_	_
1076-3	PSB007	1076	solo::	solo	linguistic	none	_	_	3x2	_	_	_
1076-4	PSB007	1076	e	e	linguistic	none	_	_	_	_	_	_
1076-5	PSB007	1076	non	non	linguistic	none	_	_	_	_	_	_
1076-6	PSB007	1076	sono::	sono	linguistic	none	_	_	3x2	_	_	_
1076-7	PSB007	1076	solo::	solo	linguistic	none	_	_	3x2	_	_	_
1076-8	PSB007	1076	i::~	i~	linguistic	none	Interrupted=Yes	_	0x2	_	_	_
1076-9	PSB007	1076	italiani::	italiani	linguistic	none	_	_	7x2	_	_	_
1076-10	PSB007	1076	italiane,	italiane	linguistic	none	Intonation=weakly_rising	End=3633.33	_	_	_	_
1077-0	PSB007	1077	per	per	linguistic	none	_	Begin=3634.773	_	_	_	_
1077-1	PSB007	1077	esempio::	esempio	linguistic	none	_	_	6x2	_	_	_
1077-2	PSB007	1077	una	una	linguistic	none	_	_	_	_	_	_
1077-3	PSB007	1077	nuova	nuova	linguistic	none	_	_	_	_	_	_
1077-4	PSB007	1077	amica	amica	linguistic	none	_	_	_	_	_	_
1077-5	PSB007	1077	ucraina,	ucraina	linguistic	none	Intonation=weakly_rising	End=3637.763	_	_	_	_
1078-0	PSB005	1078	mhmh	mhmh	linguistic	none	_	Begin=3637.773|End=3638.268	_	_	_	_
1079-0	PSB007	1079	m:h	mh	linguistic	none	_	Begin=3639.072	0x1	_	_	_
1079-1	PSB007	1079	che	che	linguistic	none	_	_	_	_	_	_
1079-2	PSB007	1079	anche	anche	linguistic	none	_	_	_	_	_	_
1079-3	PSB007	1079	è	è	linguistic	none	_	_	_	_	_	_
1079-4	PSB007	1079	arrivata	arrivata	linguistic	none	_	_	_	_	_	_
1079-5	PSB007	1079	qui::	qui	linguistic	none	_	_	2x2	_	_	_
1079-6	PSB007	1079	in	in	linguistic	none	_	_	_	_	_	_
1079-7	PSB007	1079	italia:,	italia	linguistic	none	Intonation=weakly_rising	_	5x1	_	_	_
1079-8	PSB007	1079	durante	durante	linguistic	none	_	_	_	_	_	_
1079-9	PSB007	1079	questo	questo	linguistic	none	_	_	_	_	_	_
1079-10	PSB007	1079	periodo	periodo	linguistic	none	_	_	_	_	_	_
1079-11	PSB007	1079	di	di	linguistic	none	_	_	_	_	_	_
1079-12	PSB007	1079	guerra:,	guerra	linguistic	none	Intonation=weakly_rising	End=3644.474	5x1	_	_	_
1080-0	PSB007	1080	e::	e	linguistic	none	_	Begin=3645.062	0x2	_	_	_
1080-1	PSB007	1080	m:h	mh	linguistic	none	_	End=3646.165	0x1	_	_	_
1081-0	PSB007	1081	mh	mh	linguistic	none	_	Begin=3647.979	_	_	_	_
1081-1	PSB007	1081	non	non	linguistic	none	_	_	_	_	_	_
1081-2	PSB007	1081	è	è	linguistic	none	_	_	_	_	_	_
1081-3	PSB007	1081	semplice	semplice	linguistic	none	_	_	_	_	_	_
1081-4	PSB007	1081	creare	creare	linguistic	none	_	_	_	_	_	_
1081-5	PSB007	1081	l'	l'	linguistic	none	SpaceAfter=No	_	_	_	_	_
1081-6	PSB007	1081	amicizia:	amicizia	linguistic	none	_	_	7x1	_	_	_
1081-7	PSB007	1081	quando	quando	linguistic	none	_	_	_	_	_	_
1081-8	PSB007	1081	tu	tu	linguistic	none	_	_	_	_	_	_
1081-9	PSB007	1081	devi	devi	linguistic	none	_	_	_	_	_	_
1081-10	PSB007	1081	trasferirti::	trasferirti	linguistic	none	_	End=3652.691	10x2	_	_	_
1082-0	PSB007	1082	abbastanza	abbastanza	linguistic	none	_	Begin=3653.814	_	_	_	_
1082-1	PSB007	1082	spesso	spesso	linguistic	none	_	End=3654.732	_	_	_	_
1083-0	PSB005	1083	mhmh	mhmh	linguistic	none	_	Begin=3655.185|End=3655.67	_	_	_	_
1084-0	PSB007	1084	e:h	eh	linguistic	none	_	Begin=3655.763	0x1	_	_	_
1084-1	PSB007	1084	m:h	mh	linguistic	none	_	End=3656.433	0x1	_	_	_
1085-0	PSB005	1085	cioè	cioè	linguistic	none	_	Begin=3659.794	_	_	_	_
1085-1	PSB005	1085	siete	siete	linguistic	none	_	_	_	_	_	_
1085-2	PSB005	1085	in	in	linguistic	none	_	_	_	_	_	_
1085-3	PSB005	1085	contatto	contatto	linguistic	none	_	_	_	_	_	_
1085-4	PSB005	1085	con	con	linguistic	none	_	_	_	_	_	_
1085-5	PSB005	1085	la	la	linguistic	none	_	_	_	_	_	_
1085-6	PSB005	1085	comunità	comunità	linguistic	none	_	_	_	_	_	_
1085-7	PSB005	1085	ucraina:	ucraina	linguistic	none	_	_	6x1	_	_	_
1085-8	PSB005	1085	qui:,	qui	linguistic	none	Intonation=weakly_rising	_	2x1	_	_	_
1085-9	PSB005	1085	eh	eh	linguistic	none	_	End=3663.845	_	_	_	_
1086-0	PSB005	1086	se	se	linguistic	none	_	Begin=3664.495	_	_	_	_
1086-1	PSB005	1086	se	se	linguistic	none	_	_	_	_	_	_
1086-2	PSB005	1086	c'	c'	linguistic	none	SpaceAfter=No	_	_	_	_	_
1086-3	PSB005	1086	è	è	linguistic	none	_	_	_	_	_	_
1086-4	PSB005	1086	una	una	linguistic	none	_	_	_	_	_	_
1086-5	PSB005	1086	comunità	comunità	linguistic	none	_	_	_	_	_	_
1086-6	PSB005	1086	ucraina::,	ucraina	linguistic	none	Intonation=weakly_rising	End=3667.103	6x2	_	_	_
1087-0	PSB007	1087	e:h	eh	linguistic	none	_	Begin=3668.443	0x1	_	_	_
1087-1	PSB007	1087	m:h	mh	linguistic	none	_	End=3669.577	0x1	_	_	_
1088-0	PSB007	1088	c'	c'	linguistic	none	SpaceAfter=No	Begin=3670.031	_	_	_	_
1088-1	PSB007	1088	è	è	linguistic	none	_	_	_	_	_	_
1088-2	PSB007	1088	un	un	linguistic	none	_	_	_	_	_	_
1088-3	PSB007	1088	c'	c'	linguistic	none	SpaceAfter=No	_	_	_	_	_
1088-4	PSB007	1088	è	è	linguistic	none	_	_	_	_	_	_
1088-5	PSB007	1088	un	un	linguistic	none	_	_	_	_	_	_
1088-6	PSB007	1088	gruppo:::	gruppo	linguistic	none	_	_	5x3	_	_	_
1088-7	PSB007	1088	delle	delle	linguistic	none	_	_	_	Slow=4-5(0)	_	_
1088-8	PSB007	1088	<ragazze:>	ragazze	linguistic	none	_	_	6x1	Slow=0-7(0)	_	_
1088-9	PSB007	1088	che	che	linguistic	none	_	_	_	_	_	_
1088-10	PSB007	1088	lavorano:	lavorano	linguistic	none	_	_	7x1	_	_	_
1088-11	PSB007	1088	nelle	nelle	linguistic	none	_	_	_	_	_	_
1088-12	PSB007	1088	diverse	diverse	linguistic	none	_	_	_	_	_	_
1088-13	PSB007	1088	università	università	linguistic	none	_	_	_	_	_	9-10(168)
1088-14	PSB007	1088	[italia]ne:,	italiane	linguistic	none	Intonation=weakly_rising	End=3677.165	7x1	_	_	0-5(168)
1089-0	PSB005	1089	[mhmh]	mhmh	linguistic	none	_	Begin=3676.247|End=3676.701	_	_	_	0-4(168)
1090-0	PSB005	1090	mhmh	mhmh	linguistic	none	_	Begin=3677.175|End=3677.505	_	_	_	_
1091-0	PSB007	1091	e::	e	linguistic	none	_	Begin=3677.866	0x2	_	_	_
1091-1	PSB007	1091	m:h	mh	linguistic	none	_	End=3678.618	0x1	_	_	_
1092-0	PSB007	1092	con	con	linguistic	none	_	Begin=3679.072	_	_	_	_
1092-1	PSB007	1092	cui:	cui	linguistic	none	_	_	2x1	_	_	_
1092-2	PSB007	1092	sì	sì	linguistic	none	_	_	_	_	_	_
1092-3	PSB007	1092	possiamo:	possiamo	linguistic	none	_	_	7x1	_	_	_
1092-4	PSB007	1092	possiamo	possiamo	linguistic	none	_	_	_	_	_	_
1092-5	PSB007	1092	parlare:,	parlare	linguistic	none	Intonation=weakly_rising	End=3682.577	6x1	_	_	_
1093-0	PSB007	1093	una	una	linguistic	none	_	Begin=3683.33	_	_	_	_
1093-1	PSB007	1093	volta:	volta	linguistic	none	_	_	4x1	_	_	_
1093-2	PSB007	1093	una:	una	linguistic	none	_	_	2x1	_	_	_
1093-3	PSB007	1093	è	è	linguistic	none	_	_	_	_	_	_
1093-4	PSB007	1093	venuta	venuta	linguistic	none	_	_	_	_	_	_
1093-5	PSB007	1093	da	da	linguistic	none	_	_	_	_	_	_
1093-6	PSB007	1093	<parma:>	parma	linguistic	none	_	_	4x1	Slow=0-5(0)	_	_
1093-7	PSB007	1093	qui	qui	linguistic	none	_	_	_	_	_	_
1093-8	PSB007	1093	a	a	linguistic	none	_	_	_	_	_	_
1093-9	PSB007	1093	bologna,	bologna	linguistic	none	Intonation=weakly_rising	_	_	_	_	_
1093-10	PSB007	1093	quindi	quindi	linguistic	none	_	_	_	_	_	_
1093-11	PSB007	1093	qui	qui	linguistic	none	_	_	_	_	_	_
1093-12	PSB007	1093	ci	ci	linguistic	none	_	_	_	_	_	_
1093-13	PSB007	1093	siamo	siamo	linguistic	none	_	_	_	_	_	_
1093-14	PSB007	1093	incontrati	incontrati	linguistic	none	_	_	_	_	_	_
1093-15	PSB007	1093	qui	qui	linguistic	none	_	_	_	_	_	_
1093-16	PSB007	1093	a	a	linguistic	none	_	_	_	_	_	_
1093-17	PSB007	1093	bologna:,	bologna	linguistic	none	Intonation=weakly_rising	End=3688.649	6x1	_	_	_
1094-0	PSB007	1094	m::h	mh	linguistic	none	_	Begin=3689.072|End=3689.959	0x2	_	_	_
1095-0	PSB007	1095	quindi	quindi	linguistic	none	_	Begin=3691.103	_	_	_	_
1095-1	PSB007	1095	ci	ci	linguistic	none	_	_	_	_	_	_
1095-2	PSB007	1095	mh	mh	linguistic	none	_	_	_	_	_	_
1095-3	PSB007	1095	le	le	linguistic	none	_	_	_	_	_	_
1095-4	PSB007	1095	conoscenze	conoscenze	linguistic	none	_	_	_	_	_	_
1095-5	PSB007	1095	sì	sì	linguistic	none	_	_	_	_	_	_
1095-6	PSB007	1095	{P}[]	{P}	shortpause	none	_	_	_	_	_	0-3(169)
1095-7	PSB007	1095	ci	ci	linguistic	none	_	_	_	_	_	_
1095-8	PSB007	1095	sono	sono	linguistic	none	_	End=3693.979	_	_	_	_
1096-0	PSB005	1096	[mhmh]	mhmh	linguistic	none	_	Begin=3693.144|End=3693.381	_	_	_	0-4(169)
1097-0	PSB005	1097	mhmh	mhmh	linguistic	none	_	Begin=3694.309|End=3694.711	_	_	_	_
1098-0	PSB007	1098	e:h	eh	linguistic	none	_	Begin=3695.443|End=3696.412	0x1	_	_	_
1099-0	PSB007	1099	ma	ma	linguistic	none	_	Begin=3698.196|End=3698.732	_	_	_	_
1100-0	PSB007	1100	<creare>	creare	linguistic	none	_	Begin=3701.917	_	Slow=0-6(0)	_	_
1100-1	PSB007	1100	una	una	linguistic	none	_	_	_	_	_	_
1100-2	PSB007	1100	{P}	{P}	shortpause	none	_	_	_	_	_	_
1100-3	PSB007	1100	una	una	linguistic	none	_	_	_	_	_	_
1100-4	PSB007	1100	vera	vera	linguistic	none	_	_	_	_	_	_
1100-5	PSB007	1100	amicizia	amicizia	linguistic	none	_	_	_	_	_	_
1100-6	PSB007	1100	non	non	linguistic	none	_	_	_	_	_	_
1100-7	PSB007	1100	è	è	linguistic	none	_	_	_	_	_	_
1100-8	PSB007	1100	non	non	linguistic	none	_	_	_	_	_	_
1100-9	PSB007	1100	è	è	linguistic	none	_	_	_	_	_	_
1100-10	PSB007	1100	facile,	facile	linguistic	none	Intonation=weakly_rising	_	_	_	_	_
1100-11	PSB007	1100	quindi:	quindi	linguistic	none	_	_	5x1	_	_	_
1100-12	PSB007	1100	ci	ci	linguistic	none	_	_	_	_	_	_
1100-13	PSB007	1100	vuole	vuole	linguistic	none	_	_	_	_	_	_
1100-14	PSB007	1100	il	il	linguistic	none	_	_	_	_	_	_
1100-15	PSB007	1100	tempo:,	tempo	linguistic	none	Intonation=weakly_rising	End=3708.371	4x1	_	_	_
1101-0	PSB007	1101	m:h	mh	linguistic	none	_	Begin=3709.33|End=3710.34	0x1	_	_	_
1102-0	PSB007	1102	per	per	linguistic	none	_	Begin=3711.072	_	_	_	_
1102-1	PSB007	1102	me	me	linguistic	none	_	_	_	_	_	_
1102-2	PSB007	1102	di	di	linguistic	none	_	_	_	_	_	_
1102-3	PSB007	1102	solito:	solito	linguistic	none	_	_	5x1	_	_	_
1102-4	PSB007	1102	un'	un'	linguistic	none	SpaceAfter=No	_	_	_	_	_
1102-5	PSB007	1102	amicizia	amicizia	linguistic	none	_	_	_	_	_	_
1102-6	PSB007	1102	è	è	linguistic	none	_	_	_	_	_	_
1102-7	PSB007	1102	una	una	linguistic	none	_	_	_	_	_	_
1102-8	PSB007	1102	cosa:	cosa	linguistic	none	_	_	3x1	_	_	_
1102-9	PSB007	1102	che:	che	linguistic	none	_	_	2x1	_	_	_
1102-10	PSB007	1102	mh	mh	linguistic	none	_	End=3715.093	_	_	_	_
1103-0	PSB007	1103	non	non	linguistic	none	_	Begin=3716.68	_	_	_	_
1103-1	PSB007	1103	<NASCE>	nasce	linguistic	none	Volume=high	_	_	Slow=0-5(0)	_	_
1103-2	PSB007	1103	in	in	linguistic	none	_	_	_	_	_	_
1103-3	PSB007	1103	due	due	linguistic	none	_	_	_	_	_	_
1103-4	PSB007	1103	giorn[i:],	giorni	linguistic	none	Intonation=weakly_rising	End=3718.598	5x1	_	_	5-6(170)
1104-0	PSB005	1104	[sì]	sì	linguistic	none	_	Begin=3718.309	_	_	_	0-2(170)
1104-1	PSB005	1104	sì	sì	linguistic	none	_	End=3718.773	_	_	_	_
1105-0	PSB007	1105	ma	ma	linguistic	none	_	Begin=3719.124	_	_	_	_
1105-1	PSB007	1105	che	che	linguistic	none	_	_	_	_	_	_
1105-2	PSB007	1105	dura	dura	linguistic	none	_	_	_	_	_	_
1105-3	PSB007	1105	tanti	tanti	linguistic	none	_	_	_	_	_	_
1105-4	PSB007	1105	tan[ti	tanti	linguistic	none	_	_	_	_	_	3-5(171)
1105-5	PSB007	1105	anni,	anni	linguistic	none	Intonation=weakly_rising	_	_	_	_	0-4(171)
1105-6	PSB007	1105	ti]	ti	linguistic	none	_	_	_	_	_	0-2(171)
1105-7	PSB007	1105	ho	ho	linguistic	none	_	_	_	_	_	_
1105-8	PSB007	1105	fatto	fatto	linguistic	none	_	_	_	_	_	_
1105-9	PSB007	1105	esam~	esam~	linguistic	none	Interrupted=Yes	_	_	_	_	_
1105-10	PSB007	1105	un	un	linguistic	none	_	_	_	_	_	_
1105-11	PSB007	1105	esempio:	esempio	linguistic	none	_	_	6x1	_	_	_
1105-12	PSB007	1105	della	della	linguistic	none	_	_	_	_	_	_
1105-13	PSB007	1105	mia	mia	linguistic	none	_	_	_	_	_	_
1105-14	PSB007	1105	amica:,	amica	linguistic	none	Intonation=weakly_rising	End=3725.0	4x1	_	_	_
1106-0	PSB005	1106	[mhmh	mhmh	linguistic	none	_	Begin=3720.608	_	_	_	0-4(171)
1106-1	PSB005	1106	{P}	{P}	shortpause	none	_	_	_	_	_	0-3(171)
1106-2	PSB005	1106	mhmh]	mhmh	linguistic	none	_	End=3721.629	_	_	_	0-4(171)
1107-0	PSB007	1107	c'	c'	linguistic	none	SpaceAfter=No	Begin=3726.752	_	_	_	_
1107-1	PSB007	1107	è	è	linguistic	none	_	_	_	_	_	_
1107-2	PSB007	1107	un'	un'	linguistic	none	SpaceAfter=No	_	_	_	_	_
1107-3	PSB007	1107	altra::	altra	linguistic	none	_	_	4x2	_	_	_
1107-4	PSB007	1107	amica:	amica	linguistic	none	_	_	4x1	_	_	_
1107-5	PSB007	1107	qui:	qui	linguistic	none	_	_	2x1	_	_	_
1107-6	PSB007	1107	anche	anche	linguistic	none	_	_	_	_	_	_
1107-7	PSB007	1107	a	a	linguistic	none	_	_	_	_	_	_
1107-8	PSB007	1107	bologna:,	bologna	linguistic	none	Intonation=weakly_rising	End=3730.505	6x1	_	_	_
1108-0	PSB007	1108	eh	eh	linguistic	none	_	Begin=3731.093	_	_	_	_
1108-1	PSB007	1108	mh	mh	linguistic	none	_	End=3731.587	_	_	_	_
1109-0	PSB007	1109	quindi	quindi	linguistic	none	_	Begin=3734.464	_	_	_	_
1109-1	PSB007	1109	adesso	adesso	linguistic	none	_	_	_	_	_	_
1109-2	PSB007	1109	io	io	linguistic	none	_	_	_	_	_	_
1109-3	PSB007	1109	non	non	linguistic	none	_	_	_	_	_	_
1109-4	PSB007	1109	so:,	so	linguistic	none	Intonation=weakly_rising	_	1x1	_	_	_
1109-5	PSB007	1109	magari	magari	linguistic	none	_	_	_	_	_	_
1109-6	PSB007	1109	una	una	linguistic	none	_	_	_	_	_	_
1109-7	PSB007	1109	delle	delle	linguistic	none	_	_	_	_	_	_
1109-8	PSB007	1109	conoscenze	conoscenze	linguistic	none	_	_	_	_	_	_
1109-9	PSB007	1109	che	che	linguistic	none	_	_	_	_	_	_
1109-10	PSB007	1109	ho	ho	linguistic	none	_	_	_	_	_	_
1109-11	PSB007	1109	adesso:,	adesso	linguistic	none	Intonation=weakly_rising	_	5x1	_	_	_
1109-12	PSB007	1109	in	in	linguistic	none	_	_	_	_	_	_
1109-13	PSB007	1109	futu[ro:,	futuro	linguistic	none	Intonation=weakly_rising	_	5x1	_	_	4-6(172)
1109-14	PSB007	1109	diven]terà	diventerà	linguistic	none	_	_	_	_	_	0-5(172)
1109-15	PSB007	1109	[una]	una	linguistic	none	_	_	_	_	_	0-3(173)
1109-16	PSB007	1109	una	una	linguistic	none	_	_	_	_	_	_
1109-17	PSB007	1109	bella	bella	linguistic	none	_	_	_	_	_	_
1109-18	PSB007	1109	nuova	nuova	linguistic	none	_	_	_	_	_	_
1109-19	PSB007	1109	amicizia	amicizia	linguistic	none	_	End=3742.948	_	_	_	_
1110-0	PSB005	1110	[sì	sì	linguistic	none	_	Begin=3739.66	_	_	_	0-2(172)
1110-1	PSB005	1110	sì	sì	linguistic	none	_	_	_	_	_	0-2(172)
1110-2	PSB005	1110	certo]	certo	linguistic	none	_	End=3740.412	_	_	_	0-5(172)
1111-0	PSB005	1111	[mhmh]	mhmh	linguistic	none	_	Begin=3740.825|End=3741.247	_	_	_	0-4(173)
1112-0	PSB007	1112	chissà	chissà	linguistic	none	_	Begin=3743.99|End=3744.536	_	_	_	_
1113-0	PSB007	1113	no	no	linguistic	none	_	Begin=3744.814	_	_	_	_
1113-1	PSB007	1113	{P}	{P}	shortpause	none	_	_	_	_	_	_
1113-2	PSB007	1113	ma	ma	linguistic	none	_	_	_	_	_	_
1113-3	PSB007	1113	io	io	linguistic	none	_	_	_	_	_	_
1113-4	PSB007	1113	posso	posso	linguistic	none	_	_	_	_	_	_
1113-5	PSB007	1113	dire	dire	linguistic	none	_	_	_	_	_	_
1113-6	PSB007	1113	che	che	linguistic	none	_	_	_	_	_	_
1113-7	PSB007	1113	io	io	linguistic	none	_	_	_	_	_	_
1113-8	PSB007	1113	sono	sono	linguistic	none	_	_	_	_	_	_
1113-9	PSB007	1113	la	la	linguistic	none	_	_	_	_	_	_
1113-10	PSB007	1113	persona	persona	linguistic	none	_	_	_	_	_	_
1113-11	PSB007	1113	fortunata:,	fortunata	linguistic	none	Intonation=weakly_rising	_	8x1	_	_	_
1113-12	PSB007	1113	perché	perché	linguistic	none	_	_	_	_	_	_
1113-13	PSB007	1113	nella	nella	linguistic	none	_	_	_	_	_	_
1113-14	PSB007	1113	mia::	mia	linguistic	none	_	_	2x2	_	_	_
1113-15	PSB007	1113	strada	strada	linguistic	none	_	_	_	_	_	_
1113-16	PSB007	1113	di	di	linguistic	none	_	_	_	_	_	_
1113-17	PSB007	1113	vita:,	vita	linguistic	none	Intonation=weakly_rising	_	3x1	_	_	_
1113-18	PSB007	1113	io	io	linguistic	none	_	_	_	_	_	_
1113-19	PSB007	1113	incontro:	incontro	linguistic	none	_	_	7x1	_	_	_
1113-20	PSB007	1113	tantissime	tantissime	linguistic	none	_	_	_	_	_	_
1113-21	PSB007	1113	persone	persone	linguistic	none	_	_	_	_	_	_
1113-22	PSB007	1113	interessanti::	interessanti	linguistic	none	_	_	11x2	_	_	_
1113-23	PSB007	1113	e	e	linguistic	none	_	_	_	_	_	_
1113-24	PSB007	1113	molto	molto	linguistic	none	_	_	_	_	_	_
1113-25	PSB007	1113	brave,	brave	linguistic	none	Intonation=weakly_rising	_	_	_	_	_
1113-26	PSB007	1113	molto	molto	linguistic	none	_	_	_	_	_	_
1113-27	PSB007	1113	buoni:,	buoni	linguistic	none	Intonation=weakly_rising	_	4x1	_	_	_
1113-28	PSB007	1113	e:	e	linguistic	none	_	End=3757.691	0x1	_	_	_
1114-0	PSB007	1114	°non	non	linguistic	none	Volume=low	Begin=3758.371	_	_	_	_
1114-1	PSB007	1114	posso	posso	linguistic	none	Volume=low	_	_	_	_	_
1114-2	PSB007	1114	lamentarmi°	lamentarmi	linguistic	none	Volume=low	End=3759.35	_	_	_	_
1115-0	PSB005	1115	{ride}	{ride}	nonverbalbehavior	none	_	Begin=3759.361|End=3760.175	_	_	_	_
1116-0	PSB005	1116	però	però	linguistic	none	_	Begin=3760.278	_	_	_	_
1116-1	PSB005	1116	nel	nel	linguistic	none	_	_	_	_	_	_
1116-2	PSB005	1116	tuo	tuo	linguistic	none	_	_	_	_	_	_
1116-3	PSB005	1116	tempo	tempo	linguistic	none	_	_	_	_	_	_
1116-4	PSB005	1116	libero:	libero	linguistic	none	_	End=3761.814	5x1	_	_	_
1117-0	PSB005	1117	fai	fai	linguistic	none	_	Begin=3762.124	_	_	_	_
1117-1	PSB005	1117	un	un	linguistic	none	_	_	_	_	_	_
1117-2	PSB005	1117	po'	po'	linguistic	none	_	_	_	_	_	_
1117-3	PSB005	1117	di	di	linguistic	none	_	_	_	_	_	_
1117-4	PSB005	1117	uscite:	uscite	linguistic	none	_	_	5x1	_	_	_
1117-5	PSB005	1117	con	con	linguistic	none	_	_	_	_	_	_
1117-6	PSB005	1117	altri	altri	linguistic	none	_	_	_	_	_	_
1117-7	PSB005	1117	ragazzi	ragazzi	linguistic	none	_	_	_	_	_	_
1117-8	PSB005	1117	{P}	{P}	shortpause	none	_	_	_	_	_	_
1117-9	PSB005	1117	con	con	linguistic	none	_	End=3765.278	_	_	_	_
1118-0	PSB005	1118	più	più	linguistic	none	_	Begin=3765.752	_	_	_	_
1118-1	PSB005	1118	con	con	linguistic	none	_	_	_	_	_	_
1118-2	PSB005	1118	altri	altri	linguistic	none	_	_	_	_	_	_
1118-3	PSB005	1118	ragazzi	ragazzi	linguistic	none	_	_	_	_	_	_
1118-4	PSB005	1118	italiani:,	italiani	linguistic	none	Intonation=weakly_rising	_	7x1	_	_	_
1118-5	PSB005	1118	che	che	linguistic	none	_	_	_	_	_	_
1118-6	PSB005	1118	conosci	conosci	linguistic	none	_	_	_	_	_	_
1118-7	PSB005	1118	tramite	tramite	linguistic	none	_	_	_	_	_	_
1118-8	PSB005	1118	magari	magari	linguistic	none	_	_	_	_	_	_
1118-9	PSB005	1118	questo	questo	linguistic	none	_	_	_	_	_	_
1118-10	PSB005	1118	tuo	tuo	linguistic	none	_	_	_	_	_	_
1118-11	PSB005	1118	ami~	ami~	linguistic	none	Interrupted=Yes	_	_	_	_	_
1118-12	PSB005	1118	questi	questi	linguistic	none	_	_	_	_	_	_
1118-13	PSB005	1118	tuoi	tuoi	linguistic	none	_	_	_	_	_	_
1118-14	PSB005	1118	amici,	amici	linguistic	none	Intonation=weakly_rising	End=3770.938	_	_	_	_
1119-0	PSB005	1119	hai	hai	linguistic	none	_	Begin=3771.134	_	_	_	_
1119-1	PSB005	1119	oppure	oppure	linguistic	none	_	_	_	_	_	_
1119-2	PSB005	1119	vedi	vedi	linguistic	none	_	End=3772.835	_	_	_	_
1120-0	PSB005	1120	persone	persone	linguistic	none	_	Begin=3773.113	_	_	_	_
1120-1	PSB005	1120	con	con	linguistic	none	_	_	_	_	_	_
1120-2	PSB005	1120	cui	cui	linguistic	none	_	_	_	_	_	_
1120-3	PSB005	1120	parli	parli	linguistic	none	_	_	_	_	_	_
1120-4	PSB005	1120	ucraino:,	ucraino	linguistic	none	Intonation=weakly_rising	_	6x1	_	_	_
1120-5	PSB005	1120	mh	mh	linguistic	none	_	_	_	_	_	_
1120-6	PSB005	1120	di	di	linguistic	none	_	_	_	_	_	_
1120-7	PSB005	1120	origine	origine	linguistic	none	_	_	_	_	_	_
1120-8	PSB005	1120	ucraina:	ucraina	linguistic	none	_	End=3776.814	6x1	_	_	_
1121-0	PSB007	1121	m::h	mh	linguistic	none	_	Begin=3776.969	0x2	_	_	_
1121-1	PSB007	1121	n::o	no	linguistic	none	_	_	0x2	_	_	_
1121-2	PSB007	1121	la	la	linguistic	none	_	_	_	_	_	_
1121-3	PSB007	1121	maggior	maggior	linguistic	none	_	_	_	_	_	_
1121-4	PSB007	1121	parte::	parte	linguistic	none	_	End=3781.01	4x2	_	_	_
1122-0	PSB007	1122	sono	sono	linguistic	none	_	Begin=3782.196	_	_	_	_
1122-1	PSB007	1122	italian[i]	italiani	linguistic	none	_	End=3783.618	_	_	_	7-8(174)
1123-0	PSB005	1123	[okay]	okay	linguistic	none	_	Begin=3783.031	_	_	_	0-4(174)
1123-1	PSB005	1123	{P}	{P}	shortpause	none	_	_	_	_	_	_
1123-2	PSB005	1123	okay	okay	linguistic	none	_	End=3783.866	_	_	_	_
1124-0	PSB007	1124	italiane	italiane	linguistic	none	_	Begin=3783.886|End=3784.526	_	_	_	_
1125-0	PSB007	1125	sì	sì	linguistic	none	_	Begin=3784.639	_	_	_	_
1125-1	PSB007	1125	sì	sì	linguistic	none	_	End=3785.103	_	_	_	_
1126-0	PSB007	1126	e:h	eh	linguistic	none	_	Begin=3786.309	0x1	_	_	_
1126-1	PSB007	1126	m:h	mh	linguistic	none	_	End=3787.309	0x1	_	_	_
1127-0	PSB007	1127	ma	ma	linguistic	none	_	Begin=3792.536|End=3793.051	_	_	_	_
1128-0	PSB007	1128	comunque	comunque	linguistic	none	_	Begin=3793.443	_	_	_	_
1128-1	PSB007	1128	io	io	linguistic	none	_	_	_	_	_	_
1128-2	PSB007	1128	posso	posso	linguistic	none	_	_	_	_	_	_
1128-3	PSB007	1128	uscire:	uscire	linguistic	none	_	End=3795.35	5x1	_	_	_
1129-0	PSB007	1129	ovviamente	ovviamente	linguistic	none	_	Begin=3797.845|End=3798.639	_	_	_	_
1130-0	PSB007	1130	posso	posso	linguistic	none	_	Begin=3799.402	_	_	_	_
1130-1	PSB007	1130	andare	andare	linguistic	none	_	_	_	_	_	_
1130-2	PSB007	1130	a	a	linguistic	none	_	_	_	_	_	_
1130-3	PSB007	1130	vedere:,	vedere	linguistic	none	Intonation=weakly_rising	_	5x1	_	_	_
1130-4	PSB007	1130	a	a	linguistic	none	_	_	_	_	_	_
1130-5	PSB007	1130	fare	fare	linguistic	none	_	_	_	_	_	_
1130-6	PSB007	1130	due	due	linguistic	none	_	_	_	_	_	_
1130-7	PSB007	1130	chiacchiere	chiacchiere	linguistic	none	_	_	_	_	_	_
1130-8	PSB007	1130	con	con	linguistic	none	_	_	_	_	_	_
1130-9	PSB007	1130	un'	un'	linguistic	none	SpaceAfter=No	_	_	_	_	_
1130-10	PSB007	1130	amica,	amica	linguistic	none	Intonation=weakly_rising	_	_	_	_	_
1130-11	PSB007	1130	oppure::	oppure	linguistic	none	_	_	5x2	_	_	_
1130-12	PSB007	1130	facciamo	facciamo	linguistic	none	_	_	_	_	_	_
1130-13	PSB007	1130	un	un	linguistic	none	_	_	_	_	_	_
1130-14	PSB007	1130	eh	eh	linguistic	none	_	_	_	_	_	_
1130-15	PSB007	1130	una	una	linguistic	none	_	_	_	_	_	_
1130-16	PSB007	1130	cena,	cena	linguistic	none	Intonation=weakly_rising	_	_	_	_	_
1130-17	PSB007	1130	un	un	linguistic	none	_	_	_	_	_	_
1130-18	PSB007	1130	pranzo,	pranzo	linguistic	none	Intonation=weakly_rising	End=3807.278	_	_	_	_
1131-0	PSB007	1131	per	per	linguistic	none	_	Begin=3807.433	_	_	_	_
1131-1	PSB007	1131	un	un	linguistic	none	_	_	_	_	_	_
1131-2	PSB007	1131	gruppo	gruppo	linguistic	none	_	_	_	_	_	_
1131-3	PSB007	1131	$delli	delli	linguistic	none	Orthography=Yes	_	_	_	_	_
1131-4	PSB007	1131	a[mici],	amici	linguistic	none	Intonation=weakly_rising	_	_	_	_	1-5(175)
1131-5	PSB007	1131	quando:	quando	linguistic	none	_	_	5x1	_	_	_
1131-6	PSB007	1131	io	io	linguistic	none	_	_	_	_	_	_
1131-7	PSB007	1131	vedo	vedo	linguistic	none	_	_	_	_	_	_
1131-8	PSB007	1131	i	i	linguistic	none	_	_	_	_	_	_
1131-9	PSB007	1131	miei	miei	linguistic	none	_	_	_	_	_	_
1131-10	PSB007	1131	amici	amici	linguistic	none	_	_	_	_	_	_
1131-11	PSB007	1131	e	e	linguistic	none	_	_	_	_	_	_
1131-12	PSB007	1131	lì	lì	linguistic	none	_	End=3811.711	_	_	_	_
1132-0	PSB005	1132	[mhmh]	mhmh	linguistic	none	_	Begin=3808.412|End=3808.701	_	_	_	0-4(175)
1133-0	PSB007	1133	vengono	vengono	linguistic	none	_	Begin=3811.81	_	_	_	_
1133-1	PSB007	1133	anche	anche	linguistic	none	_	_	_	_	_	_
1133-2	PSB007	1133	[amici	amici	linguistic	none	_	_	_	_	_	0-5(176)
1133-3	PSB007	1133	degli	degli	linguistic	none	_	_	_	_	_	0-5(176)
1133-4	PSB007	1133	amici,	amici	linguistic	none	Intonation=weakly_rising	_	_	_	_	0-5(176)
1133-5	PSB007	1133	quindi	quindi	linguistic	none	_	_	_	_	_	0-6(176)
1133-6	PSB007	1133	C]OSÌ:	così	linguistic	none	Volume=high	_	3x1	_	_	0-1(176)
1133-7	PSB007	1133	conosc~	conosc~	linguistic	none	Interrupted=Yes	_	_	_	_	_
1133-8	PSB007	1133	[conosciamo:]	conosciamo	linguistic	none	_	_	9x1	_	_	0-10(177)
1133-9	PSB007	1133	un	un	linguistic	none	_	_	_	_	_	_
1133-10	PSB007	1133	gruppo	gruppo	linguistic	none	_	_	_	_	_	_
1133-11	PSB007	1133	più:	più	linguistic	none	_	End=3817.84	2x1	_	_	_
1134-0	PSB005	1134	[ah	ah	linguistic	none	_	Begin=3812.6	_	_	_	0-2(176)
1134-1	PSB005	1134	x	x	unknown	none	_	_	_	_	_	0-1(176)
1134-2	PSB005	1134	loro	loro	linguistic	none	_	_	_	_	_	0-4(176)
1134-3	PSB005	1134	sì	sì	linguistic	none	_	_	_	_	_	0-2(176)
1134-4	PSB005	1134	sì]	sì	linguistic	none	_	End=3814.03	_	_	_	0-2(176)
1135-0	PSB005	1135	[certo	certo	linguistic	none	_	Begin=3815.0	_	_	_	0-5(177)
1135-1	PSB005	1135	sì	sì	linguistic	none	_	_	_	_	_	0-2(177)
1135-2	PSB005	1135	sì	sì	linguistic	none	_	_	_	_	_	0-2(177)
1135-3	PSB005	1135	sì]	sì	linguistic	none	_	End=3816.22	_	_	_	0-2(177)
1136-0	PSB005	1136	mhmh	mhmh	linguistic	none	_	Begin=3818.87|End=3819.41	_	_	_	_
1137-0	PSB007	1137	$°vastu°	vastu	linguistic	none	Orthography=Yes|Volume=low	Begin=3819.76|End=3820.45	_	_	_	_
1138-0	PSB005	1138	vasto	vasto	linguistic	none	_	Begin=3820.62|End=3821.11	_	_	_	_
1139-0	PSB007	1139	vasto	vasto	linguistic	none	_	Begin=3821.12|End=3821.75	_	_	_	_
1140-0	PSB007	1140	sì	sì	linguistic	none	_	Begin=3822.12|End=3822.4	_	_	_	_
1141-0	PSB007	1141	eh	eh	linguistic	none	_	Begin=3822.58	_	_	_	_
1141-1	PSB007	1141	ma	ma	linguistic	none	_	_	_	_	_	_
1141-2	PSB007	1141	{P}	{P}	shortpause	none	_	_	_	_	_	_
1141-3	PSB007	1141	non	non	linguistic	none	_	_	_	_	_	_
1141-4	PSB007	1141	è	è	linguistic	none	_	_	_	_	_	_
1141-5	PSB007	1141	l'	l'	linguistic	none	SpaceAfter=No	_	_	_	_	_
1141-6	PSB007	1141	unica::	unica	linguistic	none	_	_	4x2	_	_	_
1141-7	PSB007	1141	eh	eh	linguistic	none	_	_	_	_	_	_
1141-8	PSB007	1141	{P}	{P}	shortpause	none	_	_	_	_	_	_
1141-9	PSB007	1141	possibilità:	possibilità	linguistic	none	_	_	10x1	_	_	_
1141-10	PSB007	1141	di::	di	linguistic	none	_	End=3827.19	1x2	_	_	_
1142-0	PSB007	1142	avere	avere	linguistic	none	_	Begin=3828.61	_	_	_	_
1142-1	PSB007	1142	xx	x	unknown	none	_	_	_	_	_	_
1142-2	PSB007	1142	contatto	contatto	linguistic	none	_	_	_	_	_	_
1142-3	PSB007	1142	sociale:,	sociale	linguistic	none	Intonation=weakly_rising	_	6x1	_	_	_
1142-4	PSB007	1142	con	con	linguistic	none	_	_	_	_	_	_
1142-5	PSB007	1142	[con	con	linguistic	none	_	_	_	_	_	0-3(178)
1142-6	PSB007	1142	altre]	altre	linguistic	none	_	_	_	_	_	0-5(178)
1142-7	PSB007	1142	persone:,	persone	linguistic	none	Intonation=weakly_rising	_	6x1	_	_	_
1142-8	PSB007	1142	io	io	linguistic	none	_	_	_	_	_	_
1142-9	PSB007	1142	per	per	linguistic	none	_	_	_	_	_	_
1142-10	PSB007	1142	esempio:	esempio	linguistic	none	_	End=3832.91	6x1	_	_	_
1143-0	PSB005	1143	[mhmh]	mhmh	linguistic	none	_	Begin=3830.54|End=3830.99	_	_	_	0-4(178)
1144-0	PSB007	1144	e:h	eh	linguistic	none	_	Begin=3833.1|End=3833.76	0x1	_	_	_
1145-0	PSB007	1145	adesso	adesso	linguistic	none	_	Begin=3834.75	_	_	_	_
1145-1	PSB007	1145	frequento	frequento	linguistic	none	_	_	_	_	_	_
1145-2	PSB007	1145	dei	dei	linguistic	none	_	_	_	_	_	_
1145-3	PSB007	1145	corsi:,	corsi	linguistic	none	Intonation=weakly_rising	_	4x1	_	_	_
1145-4	PSB007	1145	di:	di	linguistic	none	_	End=3837.14	1x1	_	_	_
1146-0	PSB007	1146	e:h	eh	linguistic	none	_	Begin=3837.37	0x1	_	_	_
1146-1	PSB007	1146	m:h	mh	linguistic	none	_	End=3838.39	0x1	_	_	_
1147-0	PSB007	1147	un	un	linguistic	none	_	Begin=3838.81	_	_	_	_
1147-1	PSB007	1147	corso	corso	linguistic	none	_	_	_	_	_	_
1147-2	PSB007	1147	si	si	linguistic	none	_	_	_	_	_	_
1147-3	PSB007	1147	chiama	chiama	linguistic	none	_	_	_	_	_	_
1147-4	PSB007	1147	strength	strength	linguistic	none	_	_	_	_	_	_
1147-5	PSB007	1147	and	and	linguistic	none	_	_	_	_	_	_
1147-6	PSB007	1147	stretch	stretch	linguistic	none	_	End=3840.75	_	_	_	_
1148-0	PSB007	1148	quindi	quindi	linguistic	none	_	Begin=3841.47	_	_	_	_
1148-1	PSB007	1148	un'	un'	linguistic	none	SpaceAfter=No	_	_	_	_	_
1148-2	PSB007	1148	attività	attività	linguistic	none	_	_	_	_	_	_
1148-3	PSB007	1148	fi[sica:],	fisica	linguistic	none	Intonation=weakly_rising	End=3843.38	5x1	_	_	1-6(179)
1149-0	PSB005	1149	[mhmh]	mhmh	linguistic	none	_	Begin=3842.98|End=3843.37	_	_	_	0-4(179)
1150-0	PSB007	1150	e:h	eh	linguistic	none	_	Begin=3843.99|End=3844.7	0x1	_	_	_
1151-0	PSB007	1151	un	un	linguistic	none	_	Begin=3845.56	_	_	_	_
1151-1	PSB007	1151	altro	altro	linguistic	none	_	_	_	_	_	_
1151-2	PSB007	1151	corso:	corso	linguistic	none	_	_	4x1	_	_	_
1151-3	PSB007	1151	di	di	linguistic	none	_	_	_	_	_	_
1151-4	PSB007	1151	pilates,	pilates	linguistic	none	Intonation=weakly_rising	_	_	_	_	_
1151-5	PSB007	1151	e::	e	linguistic	none	_	End=3848.56	0x2	_	_	_
1152-0	PSB007	1152	l'	l'	linguistic	none	SpaceAfter=No	Begin=3849.56	_	_	_	_
1152-1	PSB007	1152	anno	anno	linguistic	none	_	_	_	_	_	_
1152-2	PSB007	1152	scorso	scorso	linguistic	none	_	_	_	_	_	_
1152-3	PSB007	1152	ho	ho	linguistic	none	_	_	_	_	_	_
1152-4	PSB007	1152	$frequ(a)ntato	frequantato	linguistic	none	Orthography=Yes	_	_	_	5-7(0)	_
1152-5	PSB007	1152	la	la	linguistic	none	_	_	_	_	_	_
1152-6	PSB007	1152	piscina:,	piscina	linguistic	none	Intonation=weakly_rising	End=3852.83	6x1	_	_	_
1153-0	PSB007	1153	e::	e	linguistic	none	_	Begin=3853.38	0x2	_	_	_
1153-1	PSB007	1153	mh	mh	linguistic	none	_	End=3854.24	_	_	_	_
1154-0	PSB007	1154	anche	anche	linguistic	none	_	Begin=3855.21	_	_	_	_
1154-1	PSB007	1154	durante	durante	linguistic	none	_	_	_	_	_	_
1154-2	PSB007	1154	questi:	questi	linguistic	none	_	_	5x1	_	_	_
1154-3	PSB007	1154	e:h	eh	linguistic	none	_	End=3857.16	0x1	_	_	_
1155-0	PSB007	1155	questi	questi	linguistic	none	_	Begin=3859.83	_	_	_	_
1155-1	PSB007	1155	esperienze,	esperienze	linguistic	none	Intonation=weakly_rising	End=3860.95	_	_	_	_
1156-0	PSB007	1156	io:	io	linguistic	none	_	Begin=3862.23|End=3862.81	1x1	_	_	_
1157-0	PSB007	1157	devo	devo	linguistic	none	_	Begin=3863.12	_	_	_	_
1157-1	PSB007	1157	comunicare:	comunicare	linguistic	none	_	_	9x1	_	_	_
1157-2	PSB007	1157	con	con	linguistic	none	_	_	_	_	_	_
1157-3	PSB007	1157	altre	altre	linguistic	none	_	_	_	_	_	_
1157-4	PSB007	1157	p[erso]ne:,	persone	linguistic	none	Intonation=weakly_rising	_	6x1	_	_	1-5(180)
1157-5	PSB007	1157	quindi::	quindi	linguistic	none	_	End=3866.36	5x2	_	_	_
1158-0	PSB005	1158	[sì	sì	linguistic	none	_	Begin=3864.51	_	_	_	0-2(180)
1158-1	PSB005	1158	sì]	sì	linguistic	none	_	End=3864.99	_	_	_	0-2(180)
1159-0	PSB007	1159	°una°	una	linguistic	none	Volume=low	Begin=3866.75	_	_	_	_
1159-1	PSB007	1159	forma	forma	linguistic	none	_	_	_	_	_	_
1159-2	PSB007	1159	di	di	linguistic	none	_	End=3867.82	_	_	_	_
1160-0	PSB007	1160	socializzazione,	socializzazione	linguistic	none	Intonation=weakly_rising	Begin=3868.41|End=3869.66	_	_	_	_
1161-0	PSB007	1161	e	e	linguistic	none	_	Begin=3869.97	_	_	_	_
1161-1	PSB007	1161	a	a	linguistic	none	_	_	_	_	_	_
1161-2	PSB007	1161	volte	volte	linguistic	none	_	_	_	_	_	_
1161-3	PSB007	1161	anche	anche	linguistic	none	_	_	_	_	_	_
1161-4	PSB007	1161	molto	molto	linguistic	none	_	_	_	_	_	_
1161-5	PSB007	1161	interessante,	interessante	linguistic	none	Intonation=weakly_rising	End=3872.06	_	_	_	_
1162-0	PSB005	1162	sì	sì	linguistic	none	_	Begin=3873.59	_	_	_	_
1162-1	PSB005	1162	sì	sì	linguistic	none	_	_	_	_	_	_
1162-2	PSB005	1162	sì	sì	linguistic	none	_	_	_	_	_	_
1162-3	PSB005	1162	ho	ho	linguistic	none	_	_	_	_	_	_
1162-4	PSB005	1162	capito	capito	linguistic	none	_	_	_	_	_	_
1162-5	PSB005	1162	sì	sì	linguistic	none	_	_	_	_	_	_
1162-6	PSB005	1162	QUINDI	quindi	linguistic	none	Volume=high	_	_	_	_	_
1162-7	PSB005	1162	hai	hai	linguistic	none	_	_	_	_	_	_
1162-8	PSB005	1162	un	un	linguistic	none	_	_	_	_	_	_
1162-9	PSB005	1162	po'	po'	linguistic	none	_	_	_	_	_	_
1162-10	PSB005	1162	di	di	linguistic	none	_	_	_	_	_	_
1162-11	PSB005	1162	tempo	tempo	linguistic	none	_	_	_	_	_	_
1162-12	PSB005	1162	libero	libero	linguistic	none	_	_	_	_	_	_
1162-13	PSB005	1162	per	per	linguistic	none	_	_	_	_	_	_
1162-14	PSB005	1162	fare	fare	linguistic	none	_	_	_	_	_	_
1162-15	PSB005	1162	qualche	qualche	linguistic	none	_	_	_	_	_	_
1162-16	PSB005	1162	attività::	attività	linguistic	none	_	_	7x2	_	_	_
1162-17	PSB005	1162	oltre	oltre	linguistic	none	_	_	_	_	_	_
1162-18	PSB005	1162	al	al	linguistic	none	_	_	_	_	_	_
1162-19	PSB005	1162	lavoro:,	lavoro	linguistic	none	Intonation=weakly_rising	End=3879.18	5x1	_	_	_
1163-0	PSB005	1163	eh	eh	linguistic	none	_	Begin=3879.49	_	_	_	_
1163-1	PSB005	1163	qualche	qualche	linguistic	none	_	_	_	_	_	_
1163-2	PSB005	1163	attività	attività	linguistic	none	_	_	_	_	_	_
1163-3	PSB005	1163	sportiva::,	sportiva	linguistic	none	Intonation=weakly_rising	_	7x2	_	_	_
1163-4	PSB005	1163	e:	e	linguistic	none	_	_	0x1	_	_	_
1163-5	PSB005	1163	{P}	{P}	shortpause	none	_	_	_	_	_	_
1163-6	PSB005	1163	qualche	qualche	linguistic	none	_	_	_	_	_	_
1163-7	PSB005	1163	gita::,	gita	linguistic	none	Intonation=weakly_rising	_	3x2	_	_	_
1163-8	PSB005	1163	non	non	linguistic	none	_	_	_	_	_	_
1163-9	PSB005	1163	lo	lo	linguistic	none	_	_	_	_	_	_
1163-10	PSB005	1163	so	so	linguistic	none	_	_	_	_	_	_
1163-11	PSB005	1163	nella	nella	linguistic	none	_	_	_	_	_	_
1163-12	PSB005	1163	zona::,	zona	linguistic	none	Intonation=weakly_rising	End=3884.7	3x2	_	_	_
1164-0	PSB007	1164	eh	eh	linguistic	none	_	Begin=3885.08	_	_	_	_
1164-1	PSB007	1164	m:h	mh	linguistic	none	_	End=3886.24	0x1	_	_	_
1165-0	PSB007	1165	cerco::	cerco	linguistic	none	_	Begin=3886.52	4x2	_	_	_
1165-1	PSB007	1165	di	di	linguistic	none	_	_	_	_	_	_
1165-2	PSB007	1165	a~	a~	linguistic	none	Interrupted=Yes	End=3888.66	_	_	_	_
1166-0	PSB007	1166	di	di	linguistic	none	_	Begin=3889.4	_	_	_	_
1166-1	PSB007	1166	avere	avere	linguistic	none	_	_	_	_	_	_
1166-2	PSB007	1166	la	la	linguistic	none	_	_	_	_	_	_
1166-3	PSB007	1166	mia	mia	linguistic	none	_	_	_	_	_	_
1166-4	PSB007	1166	vita::	vita	linguistic	none	_	End=3891.73	3x2	_	_	_
1167-0	PSB007	1167	piena:	piena	linguistic	none	_	Begin=3892.52	4x1	_	_	_
1167-1	PSB007	1167	dei	dei	linguistic	none	_	_	_	_	_	_
1167-2	PSB007	1167	diversi::	diversi	linguistic	none	_	End=3894.25	6x2	_	_	_
1168-0	PSB005	1168	mhmh	mhmh	linguistic	none	_	Begin=3894.26|End=3894.67	_	_	_	_
1169-0	PSB007	1169	componenti	componenti	linguistic	none	_	Begin=3895.12|End=3895.74	_	_	_	_
1170-0	PSB005	1170	sì	sì	linguistic	none	_	Begin=3895.75	_	_	_	_
1170-1	PSB005	1170	sì	sì	linguistic	none	_	End=3896.13	_	_	_	_
1171-0	PSB007	1171	e:h	eh	linguistic	none	_	Begin=3896.63|End=3897.6	0x1	_	_	_
1172-0	PSB007	1172	<non>	non	linguistic	none	_	Begin=3897.94	_	Slow=0-3(0)	_	_
1172-1	PSB007	1172	sempre::	sempre	linguistic	none	_	End=3899.7	5x2	_	_	_
1173-0	PSB007	1173	°alla	alla	linguistic	none	Volume=low	Begin=3901.46	_	_	_	_
1173-1	PSB007	1173	fine°	fine	linguistic	none	Volume=low	End=3902.4	_	_	_	_
1174-0	PSB007	1174	riesco	riesco	linguistic	none	_	Begin=3903.91	_	_	_	_
1174-1	PSB007	1174	a	a	linguistic	none	_	_	_	_	_	_
1174-2	PSB007	1174	creare	creare	linguistic	none	_	_	_	_	_	_
1174-3	PSB007	1174	proprio:	proprio	linguistic	none	_	_	6x1	_	_	_
1174-4	PSB007	1174	e:h	eh	linguistic	none	_	End=3907.01	0x1	_	_	_
1175-0	PSB007	1175	la	la	linguistic	none	_	Begin=3907.27	_	_	_	_
1175-1	PSB007	1175	vita	vita	linguistic	none	_	_	_	_	_	_
1175-2	PSB007	1175	che	che	linguistic	none	_	_	_	_	_	_
1175-3	PSB007	1175	che	che	linguistic	none	_	_	_	_	_	_
1175-4	PSB007	1175	mi	mi	linguistic	none	_	_	_	_	_	_
1175-5	PSB007	1175	piace,	piace	linguistic	none	Intonation=weakly_rising	_	_	_	_	_
1175-6	PSB007	1175	perché	perché	linguistic	none	_	_	_	_	_	_
1175-7	PSB007	1175	comunque	comunque	linguistic	none	_	_	_	_	_	_
1175-8	PSB007	1175	sono	sono	linguistic	none	_	_	_	_	_	_
1175-9	PSB007	1175	impegnata	impegnata	linguistic	none	_	_	_	_	_	_
1175-10	PSB007	1175	al	al	linguistic	none	_	_	_	_	_	_
1175-11	PSB007	1175	lavoro:,	lavoro	linguistic	none	Intonation=weakly_rising	_	5x1	_	_	_
1175-12	PSB007	1175	devo	devo	linguistic	none	_	_	_	_	_	_
1175-13	PSB007	1175	fare	fare	linguistic	none	_	_	_	_	_	_
1175-14	PSB007	1175	anche	anche	linguistic	none	_	_	_	_	_	_
1175-15	PSB007	1175	lavoro::	lavoro	linguistic	none	_	_	5x2	_	_	_
1175-16	PSB007	1175	a	a	linguistic	none	_	_	_	_	_	_
1175-17	PSB007	1175	casa:,	casa	linguistic	none	Intonation=weakly_rising	End=3913.61	3x1	_	_	_
1176-0	PSB007	1176	e::	e	linguistic	none	_	Begin=3913.95	0x2	_	_	_
1176-1	PSB007	1176	mh	mh	linguistic	none	_	End=3914.7	_	_	_	_
1177-0	PSB007	1177	non	non	linguistic	none	_	Begin=3915.73	_	_	_	_
1177-1	PSB007	1177	ho	ho	linguistic	none	_	_	_	_	_	_
1177-2	PSB007	1177	la	la	linguistic	none	_	_	_	_	_	_
1177-3	PSB007	1177	vita	vita	linguistic	none	_	_	_	_	_	_
1177-4	PSB007	1177	solo	solo	linguistic	none	_	_	_	_	_	_
1177-5	PSB007	1177	per	per	linguistic	none	_	_	_	_	_	_
1177-6	PSB007	1177	me,	me	linguistic	none	Intonation=weakly_rising	_	_	_	_	_
1177-7	PSB007	1177	quindi:	quindi	linguistic	none	_	End=3918.06	5x1	_	_	_
1178-0	PSB007	1178	non	non	linguistic	none	_	Begin=3920.06	_	_	_	_
1178-1	PSB007	1178	ogni	ogni	linguistic	none	_	_	_	_	_	_
1178-2	PSB007	1178	me~	me~	linguistic	none	Interrupted=Yes	_	_	_	_	_
1178-3	PSB007	1178	non	non	linguistic	none	_	_	_	_	_	_
1178-4	PSB007	1178	posso	posso	linguistic	none	_	_	_	_	_	_
1178-5	PSB007	1178	dire	dire	linguistic	none	_	_	_	_	_	_
1178-6	PSB007	1178	che	che	linguistic	none	_	_	_	_	_	_
1178-7	PSB007	1178	ogni	ogni	linguistic	none	_	_	_	_	_	_
1178-8	PSB007	1178	mese:	mese	linguistic	none	_	_	3x1	_	_	_
1178-9	PSB007	1178	°è	è	linguistic	none	Volume=low	_	_	_	_	_
1178-10	PSB007	1178	è°	è	linguistic	none	Volume=low	_	_	_	_	_
1178-11	PSB007	1178	è	è	linguistic	none	_	_	_	_	_	_
1178-12	PSB007	1178	così	così	linguistic	none	_	_	_	_	_	_
1178-13	PSB007	1178	quando:	quando	linguistic	none	_	End=3924.37	5x1	_	_	_
1179-0	PSB007	1179	c'	c'	linguistic	none	SpaceAfter=No	Begin=3924.79	_	_	_	_
1179-1	PSB007	1179	è	è	linguistic	none	_	_	_	_	_	_
1179-2	PSB007	1179	tutto:	tutto	linguistic	none	_	_	4x1	_	_	_
1179-3	PSB007	1179	MA	ma	linguistic	none	Volume=high	_	_	_	_	_
1179-4	PSB007	1179	eh	eh	linguistic	none	_	End=3926.47	_	_	_	_
1180-0	PSB007	1180	sì	sì	linguistic	none	_	Begin=3926.77|End=3927.19	_	_	_	_
1181-0	PSB007	1181	cerco	cerco	linguistic	none	_	Begin=3928.76	_	_	_	_
1181-1	PSB007	1181	di	di	linguistic	none	_	_	_	_	_	_
1181-2	PSB007	1181	{P}	{P}	shortpause	none	_	_	_	_	_	_
1181-3	PSB007	1181	di	di	linguistic	none	_	_	_	_	_	_
1181-4	PSB007	1181	averlo	averlo	linguistic	none	_	End=3930.61	_	_	_	_
1182-0	PSB005	1182	mhmh	mhmh	linguistic	none	_	Begin=3930.63	_	_	_	_
1182-1	PSB005	1182	okay	okay	linguistic	none	_	_	_	_	_	_
1182-2	PSB005	1182	okay	okay	linguistic	none	_	End=3931.85	_	_	_	_
1183-0	PSB005	1183	e:	e	linguistic	none	_	Begin=3932.1	0x1	_	_	_
1183-1	PSB005	1183	mh	mh	linguistic	none	_	_	_	_	_	_
1183-2	PSB005	1183	sono	sono	linguistic	none	_	_	_	_	_	_
1183-3	PSB005	1183	curiosa	curiosa	linguistic	none	_	_	_	_	_	_
1183-4	PSB005	1183	di	di	linguistic	none	_	_	_	_	_	_
1183-5	PSB005	1183	chiederti:	chiederti	linguistic	none	_	End=3934.71	8x1	_	_	_
1184-0	PSB005	1184	anche	anche	linguistic	none	_	Begin=3935.02	_	_	_	_
1184-1	PSB005	1184	se	se	linguistic	none	_	_	_	_	_	_
1184-2	PSB005	1184	com'	com'	linguistic	none	SpaceAfter=No	_	_	_	_	_
1184-3	PSB005	1184	è	è	linguistic	none	_	_	_	_	_	_
1184-4	PSB005	1184	stato	stato	linguistic	none	_	_	_	_	_	_
1184-5	PSB005	1184	vivere	vivere	linguistic	none	_	_	_	_	_	_
1184-6	PSB005	1184	in	in	linguistic	none	_	_	_	_	_	_
1184-7	PSB005	1184	sicilia,	sicilia	linguistic	none	Intonation=weakly_rising	_	_	_	_	_
1184-8	PSB005	1184	{P}	{P}	shortpause	none	_	_	_	_	_	_
1184-9	PSB005	1184	cioè	cioè	linguistic	none	_	_	_	_	_	_
1184-10	PSB005	1184	se	se	linguistic	none	_	_	_	_	_	_
1184-11	PSB005	1184	ti	ti	linguistic	none	_	_	_	_	_	_
1184-12	PSB005	1184	è	è	linguistic	none	_	_	_	_	_	_
1184-13	PSB005	1184	piaciuto	piaciuto	linguistic	none	_	_	_	_	_	_
1184-14	PSB005	1184	vivere	vivere	linguistic	none	_	_	_	_	_	_
1184-15	PSB005	1184	in	in	linguistic	none	_	_	_	_	_	_
1184-16	PSB005	1184	sicilia,	sicilia	linguistic	none	Intonation=weakly_rising	_	_	_	_	_
1184-17	PSB005	1184	perché	perché	linguistic	none	_	_	_	_	_	_
1184-18	PSB005	1184	la	la	linguistic	none	_	_	_	_	_	_
1184-19	PSB005	1184	sicilia	sicilia	linguistic	none	_	_	_	_	_	_
1184-20	PSB005	1184	per	per	linguistic	none	_	_	_	_	_	_
1184-21	PSB005	1184	me	me	linguistic	none	_	_	_	_	_	_
1184-22	PSB005	1184	è	è	linguistic	none	_	_	_	_	_	_
1184-23	PSB005	1184	è	è	linguistic	none	_	_	_	_	_	_
1184-24	PSB005	1184	bellissima,	bellissima	linguistic	none	Intonation=weakly_rising	_	_	_	_	_
1184-25	PSB005	1184	però	però	linguistic	none	_	_	_	_	_	_
1184-26	PSB005	1184	non	non	linguistic	none	_	_	_	_	_	_
1184-27	PSB005	1184	ci	ci	linguistic	none	_	_	_	_	_	_
1184-28	PSB005	1184	ho	ho	linguistic	none	_	_	_	_	_	_
1184-29	PSB005	1184	mai	mai	linguistic	none	_	_	_	_	_	_
1184-30	PSB005	1184	vissuto	vissuto	linguistic	none	_	_	_	_	_	_
1184-31	PSB005	1184	dei	dei	linguistic	none	_	_	_	_	_	_
1184-32	PSB005	1184	periodi::	periodi	linguistic	none	_	_	6x2	_	_	_
1184-33	PSB005	1184	sono	sono	linguistic	none	_	_	_	_	_	_
1184-34	PSB005	1184	andata	andata	linguistic	none	_	_	_	_	_	_
1184-35	PSB005	1184	solo	solo	linguistic	none	_	_	_	_	_	_
1184-36	PSB005	1184	per	per	linguistic	none	_	_	_	_	_	_
1184-37	PSB005	1184	vacanze	vacanze	linguistic	none	_	_	_	_	_	_
1184-38	PSB005	1184	insomma	insomma	linguistic	none	_	End=3945.72	_	_	_	_
1185-0	PSB007	1185	{ride}	{ride}	nonverbalbehavior	none	_	Begin=3938.78|End=3939.56	_	_	_	_
1186-0	PSB007	1186	per	per	linguistic	none	_	Begin=3946.18	_	_	_	_
1186-1	PSB007	1186	vacanza:,	vacanza	linguistic	none	Intonation=weakly_rising	_	6x1	_	_	_
1186-2	PSB007	1186	ma	ma	linguistic	none	_	_	_	_	_	_
1186-3	PSB007	1186	per	per	linguistic	none	_	_	_	_	_	_
1186-4	PSB007	1186	una	una	linguistic	none	_	_	_	_	_	_
1186-5	PSB007	1186	vacanza	vacanza	linguistic	none	_	_	_	_	_	_
1186-6	PSB007	1186	lunga:?	lunga	linguistic	none	Intonation=rising	_	4x1	_	_	_
1186-7	PSB007	1186	[o::	o	linguistic	none	_	_	0x2	_	_	0-1(181)
1186-8	PSB007	1186	per	per	linguistic	none	_	_	_	_	_	0-3(181)
1186-9	PSB007	1186	un]	un	linguistic	none	_	_	_	_	_	0-2(181)
1186-10	PSB007	1186	paio	paio	linguistic	none	_	_	_	_	_	_
1186-11	PSB007	1186	di	di	linguistic	none	_	_	_	_	_	_
1186-12	PSB007	1186	gior[ni]?	giorni	linguistic	none	Intonation=rising	End=3950.17	_	_	_	4-6(182)
1187-0	PSB005	1187	[NO	no	linguistic	none	Volume=high	Begin=3948.98	_	_	_	0-2(181)
1187-1	PSB005	1187	NO]	no	linguistic	none	Volume=high	End=3949.52	_	_	_	0-2(181)
1188-0	PSB005	1188	[NO]	no	linguistic	none	Volume=high	Begin=3949.92	_	_	_	0-2(182)
1188-1	PSB005	1188	DUE	due	linguistic	none	Volume=high	_	_	_	_	_
1188-2	PSB005	1188	no	no	linguistic	none	_	_	_	_	_	_
1188-3	PSB005	1188	due	due	linguistic	none	_	_	_	_	_	_
1188-4	PSB005	1188	settimane	settimane	linguistic	none	_	_	_	_	_	_
1188-5	PSB005	1188	sono	sono	linguistic	none	_	_	_	_	_	_
1188-6	PSB005	1188	stata	stata	linguistic	none	_	End=3951.98	_	_	_	_
1189-0	PSB007	1189	ah	ah	linguistic	none	_	Begin=3952.01	_	_	_	_
1189-1	PSB007	1189	[due]	due	linguistic	none	_	_	_	_	_	0-3(183)
1189-2	PSB007	1189	settimane	settimane	linguistic	none	_	_	_	_	_	_
1189-3	PSB007	1189	non	non	linguistic	none	_	_	_	_	_	_
1189-4	PSB007	1189	è	è	linguistic	none	_	_	_	_	_	_
1189-5	PSB007	1189	male:,	male	linguistic	none	Intonation=weakly_rising	End=3953.57	3x1	_	_	_
1190-0	PSB005	1190	[sì]	sì	linguistic	none	_	Begin=3952.23|End=3952.52	_	_	_	0-2(183)
1191-0	PSB005	1191	sì	sì	linguistic	none	_	Begin=3953.58|End=3954.06	_	_	_	_
1192-0	PSB007	1192	EH	eh	linguistic	none	Volume=high	Begin=3954.34	_	_	_	_
1192-1	PSB007	1192	MH	mh	linguistic	none	Volume=high	End=3955.4	_	_	_	_
1193-0	PSB007	1193	sicilia	sicilia	linguistic	none	_	Begin=3955.59	_	_	_	_
1193-1	PSB007	1193	è	è	linguistic	none	_	_	_	_	_	_
1193-2	PSB007	1193	una	una	linguistic	none	_	_	_	_	_	_
1193-3	PSB007	1193	isola	isola	linguistic	none	_	_	_	_	_	_
1193-4	PSB007	1193	bellissima::,	bellissima	linguistic	none	Intonation=weakly_rising	_	9x2	_	_	_
1193-5	PSB007	1193	m:h	mh	linguistic	none	_	End=3958.45	0x1	_	_	_
1194-0	PSB007	1194	io	io	linguistic	none	_	Begin=3960.75	_	_	_	_
1194-1	PSB007	1194	vedo	vedo	linguistic	none	_	_	_	_	_	_
1194-2	PSB007	1194	che::	che	linguistic	none	_	_	2x2	_	_	_
1194-3	PSB007	1194	la	la	linguistic	none	_	_	_	_	_	_
1194-4	PSB007	1194	flora,	flora	linguistic	none	Intonation=weakly_rising	_	_	_	_	_
1194-5	PSB007	1194	comunque	comunque	linguistic	none	_	_	_	_	_	_
1194-6	PSB007	1194	è	è	linguistic	none	_	_	_	_	_	_
1194-7	PSB007	1194	molto	molto	linguistic	none	_	_	_	_	_	_
1194-8	PSB007	1194	diversa	diversa	linguistic	none	_	_	_	_	_	_
1194-9	PSB007	1194	da	da	linguistic	none	_	_	_	_	_	_
1194-10	PSB007	1194	da	da	linguistic	none	_	_	_	_	_	_
1194-11	PSB007	1194	quella	quella	linguistic	none	_	_	_	_	_	_
1194-12	PSB007	1194	che	che	linguistic	none	_	_	_	_	_	_
1194-13	PSB007	1194	possiamo	possiamo	linguistic	none	_	_	_	_	_	_
1194-14	PSB007	1194	trovare	trovare	linguistic	none	_	_	_	_	_	_
1194-15	PSB007	1194	qui	qui	linguistic	none	_	_	_	_	_	_
1194-16	PSB007	1194	in	in	linguistic	none	_	_	_	_	_	_
1194-17	PSB007	1194	emilia	emilia	linguistic	none	_	_	_	_	_	_
1194-18	PSB007	1194	romagna,	romagna	linguistic	none	Intonation=weakly_rising	End=3968.49	_	_	_	_
1195-0	PSB007	1195	m:h	mh	linguistic	none	_	Begin=3969.43|End=3969.98	0x1	_	_	_
1196-0	PSB007	1196	in	in	linguistic	none	_	Begin=3970.22	_	_	_	_
1196-1	PSB007	1196	estate	estate	linguistic	none	_	_	_	_	_	_
1196-2	PSB007	1196	c'	c'	linguistic	none	SpaceAfter=No	_	_	_	_	_
1196-3	PSB007	1196	è	è	linguistic	none	_	_	_	_	_	_
1196-4	PSB007	1196	un	un	linguistic	none	_	_	_	_	_	_
1196-5	PSB007	1196	bellissimo	bellissimo	linguistic	none	_	_	_	_	_	_
1196-6	PSB007	1196	periodo	periodo	linguistic	none	_	_	_	_	_	_
1196-7	PSB007	1196	quando::	quando	linguistic	none	_	_	5x2	_	_	_
1196-8	PSB007	1196	fioriscono::	fioriscono	linguistic	none	_	End=3974.36	9x2	_	_	_
1197-0	PSB007	1197	eh	eh	linguistic	none	_	Begin=3974.75	_	_	_	_
1197-1	PSB007	1197	i	i	linguistic	none	_	_	_	_	_	_
1197-2	PSB007	1197	fichi	fichi	linguistic	none	_	_	_	_	_	_
1197-3	PSB007	1197	d'	d'	linguistic	none	SpaceAfter=No	_	_	_	_	_
1197-4	PSB007	1197	india:,	india	linguistic	none	Intonation=weakly_rising	End=3976.51	4x1	_	_	_
1198-0	PSB007	1198	questo	questo	linguistic	none	_	Begin=3976.81	_	_	_	_
1198-1	PSB007	1198	cac~	cac~	linguistic	none	Interrupted=Yes	_	_	_	_	_
1198-2	PSB007	1198	cactus	cactus	linguistic	none	_	_	_	_	_	_
1198-3	PSB007	1198	di::	di	linguistic	none	_	_	1x2	_	_	_
1198-4	PSB007	1198	opunzia:	opunzia	linguistic	none	_	End=3980.13	6x1	_	_	_
1199-0	PSB007	1199	e::	e	linguistic	none	_	Begin=3981.12	0x2	_	_	_
1199-1	PSB007	1199	m:h	mh	linguistic	none	_	End=3982.37	0x1	_	_	_
1200-0	PSB007	1200	c'	c'	linguistic	none	SpaceAfter=No	Begin=3985.04	_	_	_	_
1200-1	PSB007	1200	è	è	linguistic	none	_	_	_	_	_	_
1200-2	PSB007	1200	il	il	linguistic	none	_	_	_	_	_	_
1200-3	PSB007	1200	mare:,	mare	linguistic	none	Intonation=weakly_rising	End=3986.22	3x1	_	_	_
1201-0	PSB007	1201	sicilia	sicilia	linguistic	none	_	Begin=3986.43	_	_	_	_
1201-1	PSB007	1201	ne	ne	linguistic	none	_	_	_	_	_	_
1201-2	PSB007	1201	ha	ha	linguistic	none	_	_	_	_	_	_
1201-3	PSB007	1201	una	una	linguistic	none	_	_	_	_	_	_
1201-4	PSB007	1201	cucina	cucina	linguistic	none	_	_	_	_	_	_
1201-5	PSB007	1201	suc~	suc~	linguistic	none	Interrupted=Yes	_	_	_	_	_
1201-6	PSB007	1201	siciliana:,	siciliana	linguistic	none	Intonation=weakly_rising	_	8x1	_	_	_
1201-7	PSB007	1201	molto	molto	linguistic	none	_	_	_	_	_	_
1201-8	PSB007	1201	buona:,	buona	linguistic	none	Intonation=weakly_rising	_	4x1	_	_	_
1201-9	PSB007	1201	ricca	ricca	linguistic	none	_	_	_	_	_	_
1201-10	PSB007	1201	di	di	linguistic	none	_	_	_	_	_	_
1201-11	PSB007	1201	<pesce>,	pesce	linguistic	none	Intonation=weakly_rising	_	_	Slow=0-5(0)	_	_
1201-12	PSB007	1201	di:	di	linguistic	none	_	_	1x1	_	_	_
1201-13	PSB007	1201	eh	eh	linguistic	none	_	_	_	_	_	_
1201-14	PSB007	1201	frutti	frutti	linguistic	none	_	_	_	_	_	_
1201-15	PSB007	1201	di	di	linguistic	none	_	_	_	_	_	_
1201-16	PSB007	1201	mare::,	mare	linguistic	none	Intonation=weakly_rising	End=3995.55	3x2	_	_	_
1202-0	PSB007	1202	e:h	eh	linguistic	none	_	Begin=3995.71	0x1	_	_	_
1202-1	PSB007	1202	io	io	linguistic	none	_	_	_	_	_	_
1202-2	PSB007	1202	adoro	adoro	linguistic	none	_	_	_	_	_	_
1202-3	PSB007	1202	ad	ad	linguistic	none	_	_	_	_	_	_
1202-4	PSB007	1202	esempio	esempio	linguistic	none	_	_	_	_	_	_
1202-5	PSB007	1202	pasta	pasta	linguistic	none	_	_	_	_	_	_
1202-6	PSB007	1202	alle	alle	linguistic	none	_	_	_	_	_	_
1202-7	PSB007	1202	vongole::,	vongole	linguistic	none	Intonation=weakly_rising	_	6x2	_	_	_
1202-8	PSB007	1202	e:	e	linguistic	none	_	End=4000.59	0x1	_	_	_
1203-0	PSB007	1203	pasta	pasta	linguistic	none	_	Begin=4001.67	_	_	_	_
1203-1	PSB007	1203	con	con	linguistic	none	_	_	_	_	_	_
1203-2	PSB007	1203	ricci,	ricci	linguistic	none	Intonation=weakly_rising	End=4003.02	_	_	_	_
1204-0	PSB007	1204	e:	e	linguistic	none	_	Begin=4003.97	0x1	_	_	_
1204-1	PSB007	1204	mh	mh	linguistic	none	_	_	_	_	_	_
1204-2	PSB007	1204	non	non	linguistic	none	_	_	_	_	_	_
1204-3	PSB007	1204	ci	ci	linguistic	none	_	_	_	_	_	_
1204-4	PSB007	1204	sono	sono	linguistic	none	_	_	_	_	_	_
1204-5	PSB007	1204	tan	tan	linguistic	none	_	_	_	_	_	_
1204-6	PSB007	1204	tanti	tanti	linguistic	none	_	_	_	_	_	_
1204-7	PSB007	1204	posti:	posti	linguistic	none	_	_	4x1	_	_	_
1204-8	PSB007	1204	ciò	ciò	linguistic	none	_	_	_	_	_	_
1204-9	PSB007	1204	sì	sì	linguistic	none	_	_	_	_	_	_
1204-10	PSB007	1204	si	si	linguistic	none	_	_	_	_	_	_
1204-11	PSB007	1204	può	può	linguistic	none	_	_	_	_	_	_
1204-12	PSB007	1204	andare	andare	linguistic	none	_	_	_	_	_	_
1204-13	PSB007	1204	a	a	linguistic	none	_	_	_	_	_	_
1204-14	PSB007	1204	rimini,	rimini	linguistic	none	Intonation=weakly_rising	_	_	_	_	_
1204-15	PSB007	1204	{P}	{P}	shortpause	none	_	_	_	_	_	_
1204-16	PSB007	1204	forse	forse	linguistic	none	_	_	_	_	_	_
1204-17	PSB007	1204	lì	lì	linguistic	none	_	_	_	_	_	_
1204-18	PSB007	1204	può	può	linguistic	none	_	_	_	_	_	_
1204-19	PSB007	1204	trovare	trovare	linguistic	none	_	_	_	_	_	_
1204-20	PSB007	1204	questa	questa	linguistic	none	_	_	_	_	_	_
1204-21	PSB007	1204	cucina,	cucina	linguistic	none	Intonation=weakly_rising	_	_	_	_	_
1204-22	PSB007	1204	ma	ma	linguistic	none	_	_	_	_	_	_
1204-23	PSB007	1204	comunque	comunque	linguistic	none	_	_	_	_	_	_
1204-24	PSB007	1204	sì	sì	linguistic	none	_	End=4012.58	_	_	_	_
1205-0	PSB007	1205	eh	eh	linguistic	none	_	Begin=4012.93	_	_	_	_
1205-1	PSB007	1205	la	la	linguistic	none	_	_	_	_	_	_
1205-2	PSB007	1205	caponata,	caponata	linguistic	none	Intonation=weakly_rising	End=4014.29	_	_	_	_
1206-0	PSB007	1206	mh	mh	linguistic	none	_	Begin=4014.96	_	_	_	_
1206-1	PSB007	1206	no	no	linguistic	none	_	_	_	_	_	_
1206-2	PSB007	1206	loro:::	loro	linguistic	none	_	_	3x3	_	_	_
1206-3	PSB007	1206	cucinano	cucinano	linguistic	none	_	_	_	_	_	_
1206-4	PSB007	1206	veramente:	veramente	linguistic	none	_	_	8x1	_	_	_
1206-5	PSB007	1206	{P}	{P}	shortpause	none	_	_	_	_	_	_
1206-6	PSB007	1206	buono	buono	linguistic	none	_	_	_	_	_	_
1206-7	PSB007	1206	{P}	{P}	shortpause	none	_	_	_	_	_	_
1206-8	PSB007	1206	molto	molto	linguistic	none	_	_	_	_	_	_
1206-9	PSB007	1206	buono	buono	linguistic	none	_	End=4019.55	_	_	_	_
1207-0	PSB007	1207	e:h	eh	linguistic	none	_	Begin=4020.1	0x1	_	_	_
1207-1	PSB007	1207	m:h	mh	linguistic	none	_	End=4021.26	0x1	_	_	_
1208-0	PSB007	1208	eh	eh	linguistic	none	_	Begin=4024.04	_	_	_	_
1208-1	PSB007	1208	PALERMO	palermo	linguistic	none	Volume=high	_	_	_	_	_
1208-2	PSB007	1208	se	se	linguistic	none	_	_	_	_	_	_
1208-3	PSB007	1208	parliamo	parliamo	linguistic	none	_	_	_	_	_	_
1208-4	PSB007	1208	di	di	linguistic	none	_	_	_	_	_	_
1208-5	PSB007	1208	palermo,	palermo	linguistic	none	Intonation=weakly_rising	_	_	_	_	_
1208-6	PSB007	1208	palermo:	palermo	linguistic	none	_	_	6x1	_	_	_
1208-7	PSB007	1208	ha	ha	linguistic	none	_	_	_	_	_	_
1208-8	PSB007	1208	un'	un'	linguistic	none	SpaceAfter=No	_	_	_	_	_
1208-9	PSB007	1208	architettura	architettura	linguistic	none	_	_	_	_	_	_
1208-10	PSB007	1208	molto::	molto	linguistic	none	_	_	4x2	_	_	_
1208-11	PSB007	1208	particolare,	particolare	linguistic	none	Intonation=weakly_rising	_	_	_	_	_
1208-12	PSB007	1208	molto	molto	linguistic	none	_	_	_	_	_	_
1208-13	PSB007	1208	bella,	bella	linguistic	none	Intonation=weakly_rising	End=4030.97	_	_	_	_
1209-0	PSB007	1209	m:h	mh	linguistic	none	_	Begin=4032.22|End=4032.82	0x1	_	_	_
1210-0	PSB007	1210	vicino	vicino	linguistic	none	_	Begin=4033.05	_	_	_	_
1210-1	PSB007	1210	ci	ci	linguistic	none	_	_	_	_	_	_
1210-2	PSB007	1210	so~	so~	linguistic	none	Interrupted=Yes	End=4034.52	_	_	_	_
1211-0	PSB007	1211	°mh	mh	linguistic	none	Volume=low	Begin=4035.52	_	_	_	_
1211-1	PSB007	1211	vicino	vicino	linguistic	none	Volume=low	_	_	_	_	_
1211-2	PSB007	1211	vicino	vicino	linguistic	none	Volume=low	_	_	_	_	_
1211-3	PSB007	1211	palermo	palermo	linguistic	none	Volume=low	_	_	_	_	_
1211-4	PSB007	1211	cosa	cosa	linguistic	none	Volume=low	_	_	_	_	_
1211-5	PSB007	1211	c'	c'	linguistic	none	SpaceAfter=No|Volume=low	_	_	_	_	_
1211-6	PSB007	1211	è°	è	linguistic	none	Volume=low	_	_	_	_	_
1211-7	PSB007	1211	{P}	{P}	shortpause	none	_	_	_	_	_	_
1211-8	PSB007	1211	monreale:,	monreale	linguistic	none	Intonation=weakly_rising	End=4038.93	7x1	_	_	_
1212-0	PSB005	1212	mhmh	mhmh	linguistic	none	_	Begin=4038.98|End=4039.35	_	_	_	_
1213-0	PSB007	1213	con	con	linguistic	none	_	Begin=4041.17	_	_	_	_
1213-1	PSB007	1213	basilica::	basilica	linguistic	none	_	End=4042.79	7x2	_	_	_
1214-0	PSB007	1214	mh	mh	linguistic	none	_	Begin=4043.66	_	_	_	_
1214-1	PSB007	1214	bizantina	bizantina	linguistic	none	_	_	_	_	_	_
1214-2	PSB007	1214	molto	molto	linguistic	none	_	_	_	_	_	_
1214-3	PSB007	1214	bella:,	bella	linguistic	none	Intonation=weakly_rising	End=4045.84	4x1	_	_	_
1215-0	PSB007	1215	m:h	mh	linguistic	none	_	Begin=4046.45|End=4047.51	0x1	_	_	_
1216-0	PSB007	1216	al	al	linguistic	none	_	Begin=4048.91	_	_	_	_
1216-1	PSB007	1216	sud	sud	linguistic	none	_	_	_	_	_	_
1216-2	PSB007	1216	e::h	eh	linguistic	none	_	End=4050.88	0x2	_	_	_
1217-0	PSB007	1217	il	il	linguistic	none	_	Begin=4051.84	_	_	_	_
1217-1	PSB007	1217	posto	posto	linguistic	none	_	_	_	_	_	_
1217-2	PSB007	1217	da	da	linguistic	none	_	_	_	_	_	_
1217-3	PSB007	1217	visitare	visitare	linguistic	none	_	_	_	_	_	_
1217-4	PSB007	1217	sicuramente	sicuramente	linguistic	none	_	_	_	_	_	_
1217-5	PSB007	1217	noto:,	noto	linguistic	none	Intonation=weakly_rising	End=4054.49	3x1	_	_	_
1218-0	PSB005	1218	eh	eh	linguistic	none	_	Begin=4056.07	_	_	_	_
1218-1	PSB005	1218	sì	sì	linguistic	none	_	End=4056.36	_	_	_	_
1219-0	PSB007	1219	eh	eh	linguistic	none	_	Begin=4056.39	_	_	_	_
1219-1	PSB007	1219	quindi	quindi	linguistic	none	_	_	_	_	_	_
1219-2	PSB007	1219	parco	parco	linguistic	none	_	_	_	_	_	_
1219-3	PSB007	1219	sicil[iano]:,	siciliano	linguistic	none	Intonation=weakly_rising	End=4058.53	8x1	_	_	5-9(184)
1220-0	PSB005	1220	[mhmh]	mhmh	linguistic	none	_	Begin=4057.91|End=4058.37	_	_	_	0-4(184)
1221-0	PSB007	1221	l'	l'	linguistic	none	SpaceAfter=No	Begin=4059.41	_	_	_	_
1221-1	PSB007	1221	architettura	architettura	linguistic	none	_	_	_	_	_	_
1221-2	PSB007	1221	°è°	è	linguistic	none	Volume=low	_	_	_	_	_
1221-3	PSB007	1221	bellissima,	bellissima	linguistic	none	Intonation=weakly_rising	End=4061.02	_	_	_	_
1222-0	PSB007	1222	m:h	mh	linguistic	none	_	Begin=4061.76|End=4062.48	0x1	_	_	_
1223-0	PSB007	1223	siracus(a)	siracusa	linguistic	none	_	Begin=4062.76|End=4064.01	_	_	7-8(0)	_
1224-0	PSB007	1224	sì	sì	linguistic	none	_	Begin=4064.27	_	_	_	_
1224-1	PSB007	1224	è	è	linguistic	none	_	_	_	_	_	_
1224-2	PSB007	1224	una	una	linguistic	none	_	_	_	_	_	_
1224-3	PSB007	1224	città:	città	linguistic	none	_	_	4x1	_	_	_
1224-4	PSB007	1224	molto	molto	linguistic	none	_	_	_	_	_	_
1224-5	PSB007	1224	bella:	bella	linguistic	none	_	End=4066.38	4x1	_	_	_
1225-0	PSB007	1225	architettura	architettura	linguistic	none	_	Begin=4067.67	_	_	_	_
1225-1	PSB007	1225	e	e	linguistic	none	_	_	_	_	_	_
1225-2	PSB007	1225	anche	anche	linguistic	none	_	_	_	_	_	_
1225-3	PSB007	1225	la	la	linguistic	none	_	_	_	_	_	_
1225-4	PSB007	1225	storia:	storia	linguistic	none	_	_	5x1	_	_	_
1225-5	PSB007	1225	è	è	linguistic	none	_	_	_	_	_	_
1225-6	PSB007	1225	un	un	linguistic	none	_	_	_	_	_	_
1225-7	PSB007	1225	po'	po'	linguistic	none	_	_	_	_	_	_
1225-8	PSB007	1225	greca:,	greca	linguistic	none	Intonation=weakly_rising	End=4070.53	4x1	_	_	_
1226-0	PSB007	1226	tu	tu	linguistic	none	_	Begin=4071.85	_	_	_	_
1226-1	PSB007	1226	vedi	vedi	linguistic	none	_	_	_	_	_	_
1226-2	PSB007	1226	un	un	linguistic	none	_	_	_	_	_	_
1226-3	PSB007	1226	altro::	altro	linguistic	none	_	_	4x2	_	_	_
1226-4	PSB007	1226	un	un	linguistic	none	_	_	_	_	_	_
1226-5	PSB007	1226	altro	altro	linguistic	none	_	_	_	_	_	_
1226-6	PSB007	1226	tipo	tipo	linguistic	none	_	_	_	_	_	_
1226-7	PSB007	1226	del	del	linguistic	none	_	_	_	_	_	_
1226-8	PSB007	1226	di	di	linguistic	none	_	_	_	_	_	_
1226-9	PSB007	1226	città,	città	linguistic	none	Intonation=weakly_rising	End=4075.17	_	_	_	_
1227-0	PSB007	1227	e::	e	linguistic	none	_	Begin=4075.87	0x2	_	_	_
1227-1	PSB007	1227	m:h	mh	linguistic	none	_	End=4077.22	0x1	_	_	_
1228-0	PSB007	1228	siciliani	siciliani	linguistic	none	_	Begin=4078.73	_	_	_	_
1228-1	PSB007	1228	parlano::	parlano	linguistic	none	_	_	6x2	_	_	_
1228-2	PSB007	1228	{P}	{P}	shortpause	none	_	_	_	_	_	_
1228-3	PSB007	1228	x	x	unknown	none	_	_	_	_	_	_
1228-4	PSB007	1228	molto	molto	linguistic	none	_	_	_	_	_	_
1228-5	PSB007	1228	dialetto	dialetto	linguistic	none	_	_	_	_	_	_
1228-6	PSB007	1228	molto	molto	linguistic	none	_	_	_	_	_	_
1228-7	PSB007	1228	complicato,	complicato	linguistic	none	Intonation=weakly_rising	End=4084.32	_	_	_	_
1229-0	PSB007	1229	quindi	quindi	linguistic	none	_	Begin=4085.601	_	_	_	_
1229-1	PSB007	1229	puoi	puoi	linguistic	none	_	_	_	_	_	_
1229-2	PSB007	1229	trovare	trovare	linguistic	none	_	_	_	_	_	_
1229-3	PSB007	1229	mercato:	mercato	linguistic	none	_	_	6x1	_	_	_
1229-4	PSB007	1229	{P}	{P}	shortpause	none	_	_	_	_	_	_
1229-5	PSB007	1229	di	di	linguistic	none	_	_	_	_	_	_
1229-6	PSB007	1229	situazioni	situazioni	linguistic	none	_	_	_	_	_	_
1229-7	PSB007	1229	molto	molto	linguistic	none	_	_	_	_	_	_
1229-8	PSB007	1229	curiosi:,	curiosi	linguistic	none	Intonation=weakly_rising	End=4089.55	6x1	_	_	_
1230-0	PSB005	1230	{ride}	{ride}	nonverbalbehavior	none	_	Begin=4089.69|End=4090.1	_	_	_	_
1231-0	PSB007	1231	quando	quando	linguistic	none	_	Begin=4091.39	_	_	_	_
1231-1	PSB007	1231	{P}	{P}	shortpause	none	_	_	_	_	_	_
1231-2	PSB007	1231	fai	fai	linguistic	none	_	_	_	_	_	_
1231-3	PSB007	1231	la	la	linguistic	none	_	_	_	_	_	_
1231-4	PSB007	1231	domanda,	domanda	linguistic	none	Intonation=weakly_rising	_	_	_	_	_
1231-5	PSB007	1231	chiedi	chiedi	linguistic	none	_	_	_	_	_	_
1231-6	PSB007	1231	quanto	quanto	linguistic	none	_	_	_	_	_	_
1231-7	PSB007	1231	costa	costa	linguistic	none	_	_	_	_	_	_
1231-8	PSB007	1231	questo	questo	linguistic	none	_	_	_	_	_	_
1231-9	PSB007	1231	mazzo::	mazzo	linguistic	none	_	_	4x2	_	_	_
1231-10	PSB007	1231	di	di	linguistic	none	_	_	_	_	_	_
1231-11	PSB007	1231	menta:,	menta	linguistic	none	Intonation=weakly_rising	_	4x1	_	_	_
1231-12	PSB007	1231	{P}	{P}	shortpause	none	_	_	_	_	_	_
1231-13	PSB007	1231	eh	eh	linguistic	none	_	End=4098.29	_	_	_	_
1232-0	PSB007	1232	TI	ti	linguistic	none	Volume=high	Begin=4098.92	_	_	_	_
1232-1	PSB007	1232	RISPONDONO	rispondono	linguistic	none	Volume=high	_	_	_	_	_
1232-2	PSB007	1232	{P}	{P}	shortpause	none	_	_	_	_	_	_
1232-3	PSB007	1232	E	e	linguistic	none	Volume=high	_	_	_	_	_
1232-4	PSB007	1232	TU	tu	linguistic	none	Volume=high	_	_	_	_	_
1232-5	PSB007	1232	NON	non	linguistic	none	Volume=high	_	_	_	_	_
1232-6	PSB007	1232	CAPISCI	capisci	linguistic	none	Volume=high	_	_	_	_	_
1232-7	PSB007	1232	NIENTE	niente	linguistic	none	Volume=high	_	_	_	_	_
1232-8	PSB007	1232	proprio	proprio	linguistic	none	_	_	_	_	_	_
1232-9	PSB007	1232	perché	perché	linguistic	none	_	_	_	_	_	_
1232-10	PSB007	1232	vengono::	vengono	linguistic	none	_	_	6x2	_	_	_
1232-11	PSB007	1232	le	le	linguistic	none	_	_	_	_	_	_
1232-12	PSB007	1232	parole::	parole	linguistic	none	_	_	5x2	_	_	_
1232-13	PSB007	1232	{P}	{P}	shortpause	none	_	_	_	_	_	_
1232-14	PSB007	1232	nuove	nuove	linguistic	none	_	End=4105.33	_	_	_	_
1233-0	PSB007	1233	e:	e	linguistic	none	_	Begin=4106.19	0x1	_	_	_
1233-1	PSB007	1233	m::h	mh	linguistic	none	_	End=4107.68	0x2	_	_	_
1234-0	PSB007	1234	MA	ma	linguistic	none	Volume=high	Begin=4108.27	_	_	_	_
1234-1	PSB007	1234	{P}	{P}	shortpause	none	_	_	_	_	_	_
1234-2	PSB007	1234	LORO	loro	linguistic	none	Volume=high	_	_	_	_	_
1234-3	PSB007	1234	sicuramente	sicuramente	linguistic	none	_	_	_	_	_	_
1234-4	PSB007	1234	capiscono::	capiscono	linguistic	none	_	_	8x2	_	_	_
1234-5	PSB007	1234	la	la	linguistic	none	_	_	_	_	_	_
1234-6	PSB007	1234	lingua	lingua	linguistic	none	_	_	_	_	_	_
1234-7	PSB007	1234	italia[na	italiana	linguistic	none	_	_	_	_	_	6-8(185)
1234-8	PSB007	1234	standard	standard	linguistic	none	_	_	_	_	_	0-8(185)
1234-9	PSB007	1234	quindi::]	quindi	linguistic	none	_	_	5x2	_	_	0-6(185)
1234-10	PSB007	1234	sì	sì	linguistic	none	_	End=4115.61	_	_	_	_
1235-0	PSB005	1235	[certo	certo	linguistic	none	_	Begin=4112.85	_	_	_	0-5(185)
1235-1	PSB005	1235	sì	sì	linguistic	none	_	_	_	_	_	0-2(185)
1235-2	PSB005	1235	{P}	{P}	shortpause	none	_	_	_	_	_	0-3(185)
1235-3	PSB005	1235	e	e	linguistic	none	_	_	_	_	_	0-1(185)
1235-4	PSB005	1235	certo]	certo	linguistic	none	_	End=4114.78	_	_	_	0-5(185)
1236-0	PSB007	1236	eh	eh	linguistic	none	_	Begin=4115.75	_	_	_	_
1236-1	PSB007	1236	sì	sì	linguistic	none	_	_	_	_	_	_
1236-2	PSB007	1236	è	è	linguistic	none	_	_	_	_	_	_
1236-3	PSB007	1236	difficile	difficile	linguistic	none	_	_	_	_	_	_
1236-4	PSB007	1236	trovare	trovare	linguistic	none	_	_	_	_	_	_
1236-5	PSB007	1236	proprio	proprio	linguistic	none	_	_	_	_	_	_
1236-6	PSB007	1236	°>un<°	un	linguistic	none	Volume=low	_	_	Fast=0-2(0)	_	_
1236-7	PSB007	1236	problema,	problema	linguistic	none	Intonation=weakly_rising	End=4119.51	_	_	_	_
1237-0	PSB007	1237	°eh	eh	linguistic	none	Volume=low	Begin=4119.93	_	_	_	_
1237-1	PSB007	1237	problema	problema	linguistic	none	Volume=low	_	_	_	_	_
1237-2	PSB007	1237	lì°	lì	linguistic	none	Volume=low	_	_	_	_	_
1237-3	PSB007	1237	eh	eh	linguistic	none	_	_	_	_	_	_
1237-4	PSB007	1237	sicilia	sicilia	linguistic	none	_	_	_	_	_	_
1237-5	PSB007	1237	è	è	linguistic	none	_	_	_	_	_	_
1237-6	PSB007	1237	sempre	sempre	linguistic	none	_	_	_	_	_	_
1237-7	PSB007	1237	piena	piena	linguistic	none	_	_	_	_	_	_
1237-8	PSB007	1237	di	di	linguistic	none	_	_	_	_	_	_
1237-9	PSB007	1237	sole,	sole	linguistic	none	Intonation=weakly_rising	End=4123.34	_	_	_	_
1238-0	PSB007	1238	mh	mh	linguistic	none	_	Begin=4124.45	_	_	_	_
1238-1	PSB007	1238	ciò	ciò	linguistic	none	_	_	_	_	_	_
1238-2	PSB007	1238	almeno	almeno	linguistic	none	_	_	_	_	_	_
1238-3	PSB007	1238	io	io	linguistic	none	_	_	_	_	_	_
1238-4	PSB007	1238	ricord[o::	ricordo	linguistic	none	_	_	6x2	_	_	6-7(188)
1238-5	PSB007	1238	ques]ta	questa	linguistic	none	_	_	_	_	_	0-4(188)
1238-6	PSB007	1238	[ma	ma	linguistic	none	_	_	_	_	_	0-2(186)
1238-7	PSB007	1238	ma	ma	linguistic	none	_	_	_	_	_	0-2(186)
1238-8	PSB007	1238	anche	anche	linguistic	none	_	_	_	_	_	0-5(186)
1238-9	PSB007	1238	perché	perché	linguistic	none	_	_	_	_	_	0-6(186)
1238-10	PSB007	1238	ho	ho	linguistic	none	_	_	_	_	_	0-2(186)
1238-11	PSB007	1238	vissuto	vissuto	linguistic	none	_	_	_	_	_	0-7(186)
1238-12	PSB007	1238	un	un	linguistic	none	_	_	_	_	_	0-2(186)
1238-13	PSB007	1238	pe]riodo	periodo	linguistic	none	_	_	_	_	_	0-2(186)
1238-14	PSB007	1238	estivo:,	estivo	linguistic	none	Intonation=weakly_rising	_	5x1	_	_	_
1238-15	PSB007	1238	{P}[]	{P}	shortpause	none	_	_	_	_	_	0-3(187)
1238-16	PSB007	1238	quindi	quindi	linguistic	none	_	_	_	_	_	_
1238-17	PSB007	1238	sono	sono	linguistic	none	_	_	_	_	_	_
1238-18	PSB007	1238	stata	stata	linguistic	none	_	_	_	_	_	_
1238-19	PSB007	1238	lì::	lì	linguistic	none	_	_	1x2	_	_	_
1238-20	PSB007	1238	nella	nella	linguistic	none	_	_	_	_	_	_
1238-21	PSB007	1238	mia	mia	linguistic	none	_	_	_	_	_	_
1238-22	PSB007	1238	vita	vita	linguistic	none	_	_	_	_	_	_
1238-23	PSB007	1238	sì	sì	linguistic	none	_	End=4134.36	_	_	_	_
1239-0	PSB005	1239	[sì	sì	linguistic	none	_	Begin=4126.16	_	_	_	0-2(188)
1239-1	PSB005	1239	sì]	sì	linguistic	none	_	End=4127.02	_	_	_	0-2(188)
1240-0	PSB005	1240	[xx	x	unknown	none	_	Begin=4127.17	_	_	_	0-2(186)
1240-1	PSB005	1240	sicuramente	sicuramente	linguistic	none	_	_	_	_	_	0-11(186)
1240-2	PSB005	1240	sì	sì	linguistic	none	_	_	_	_	_	0-2(186)
1240-3	PSB005	1240	sì]	sì	linguistic	none	_	End=4129.33	_	_	_	0-2(186)
1241-0	PSB005	1241	[eh	eh	linguistic	none	_	Begin=4131.02	_	_	_	0-2(187)
1241-1	PSB005	1241	sì]	sì	linguistic	none	_	End=4131.44	_	_	_	0-2(187)
1242-0	PSB007	1242	oltre:	oltre	linguistic	none	_	Begin=4134.81|End=4135.36	4x1	_	_	_
1243-0	PSB007	1243	e:	e	linguistic	none	_	Begin=4136.77	0x1	_	_	_
1243-1	PSB007	1243	m::h	mh	linguistic	none	_	_	0x2	_	_	_
1243-2	PSB007	1243	c'	c'	linguistic	none	SpaceAfter=No	_	_	_	_	_
1243-3	PSB007	1243	era	era	linguistic	none	_	_	_	_	_	_
1243-4	PSB007	1243	sempre	sempre	linguistic	none	_	_	_	_	_	_
1243-5	PSB007	1243	qualche	qualche	linguistic	none	_	_	_	_	_	_
1243-6	PSB007	1243	mese	mese	linguistic	none	_	_	_	_	_	_
1243-7	PSB007	1243	tipo:	tipo	linguistic	none	_	_	3x1	_	_	_
1243-8	PSB007	1243	giugno:,	giugno	linguistic	none	Intonation=weakly_rising	_	5x1	_	_	_
1243-9	PSB007	1243	luglio:,	luglio	linguistic	none	Intonation=weakly_rising	End=4141.56	5x1	_	_	_
1244-0	PSB007	1244	ciò	ciò	linguistic	none	_	Begin=4143.48	_	_	_	_
1244-1	PSB007	1244	mi	mi	linguistic	none	_	_	_	_	_	_
1244-2	PSB007	1244	ricordo	ricordo	linguistic	none	_	_	_	_	_	_
1244-3	PSB007	1244	proprio	proprio	linguistic	none	_	_	_	_	_	_
1244-4	PSB007	1244	che	che	linguistic	none	_	_	_	_	_	_
1244-5	PSB007	1244	sempre	sempre	linguistic	none	_	_	_	_	_	_
1244-6	PSB007	1244	eh	eh	linguistic	none	_	_	_	_	_	_
1244-7	PSB007	1244	c~	c~	linguistic	none	Interrupted=Yes	_	_	_	_	_
1244-8	PSB007	1244	fic~	fic~	linguistic	none	Interrupted=Yes	_	_	_	_	_
1244-9	PSB007	1244	FICO	fico	linguistic	none	Volume=high	_	_	_	_	_
1244-10	PSB007	1244	D'	d'	linguistic	none	SpaceAfter=No|Volume=high	_	_	_	_	_
1244-11	PSB007	1244	INDIA	india	linguistic	none	Volume=high	_	_	_	_	_
1244-12	PSB007	1244	SEMPRE	sempre	linguistic	none	Volume=high	_	_	_	_	_
1244-13	PSB007	1244	ERA	era	linguistic	none	Volume=high	_	_	_	_	_
1244-14	PSB007	1244	IN	in	linguistic	none	Volume=high	_	_	_	_	_
1244-15	PSB007	1244	FIORE,	fiore	linguistic	none	Intonation=weakly_rising|Volume=high	_	_	_	_	_
1244-16	PSB007	1244	{ride}	{ride}	nonverbalbehavior	none	_	_	_	_	_	_
1244-17	PSB007	1244	SEMPRE	sempre	linguistic	none	Volume=high	End=4149.73	_	_	_	_
1245-0	PSB007	1245	e:h	eh	linguistic	none	_	Begin=4150.7	0x1	_	_	_
1245-1	PSB007	1245	mh	mh	linguistic	none	_	End=4151.56	_	_	_	_
1246-0	PSB007	1246	no	no	linguistic	none	_	Begin=4152.15	_	_	_	_
1246-1	PSB007	1246	sì	sì	linguistic	none	_	_	_	_	_	_
1246-2	PSB007	1246	anche	anche	linguistic	none	_	_	_	_	_	_
1246-3	PSB007	1246	il	il	linguistic	none	_	_	_	_	_	_
1246-4	PSB007	1246	periodo	periodo	linguistic	none	_	_	_	_	_	_
1246-5	PSB007	1246	di::	di	linguistic	none	_	_	1x2	_	_	_
1246-6	PSB007	1246	°questi	questi	linguistic	none	Volume=low	_	_	_	_	_
1246-7	PSB007	1246	alberi	alberi	linguistic	none	Volume=low	_	_	_	_	_
1246-8	PSB007	1246	in	in	linguistic	none	Volume=low	_	_	_	_	_
1246-9	PSB007	1246	fiore,	fiore	linguistic	none	Intonation=weakly_rising|Volume=low	_	_	_	_	_
1246-10	PSB007	1246	{P}	{P}	shortpause	none	Volume=low	_	_	_	_	_
1246-11	PSB007	1246	color	color	linguistic	none	Volume=low	_	_	_	_	_
1246-12	PSB007	1246	viola,°	viola	linguistic	none	Intonation=weakly_rising|Volume=low	End=4157.31	_	_	_	_
1247-0	PSB007	1247	in	in	linguistic	none	_	Begin=4160.26	_	_	_	_
1247-1	PSB007	1247	ru~	ru~	linguistic	none	Interrupted=Yes	_	_	_	_	_
1247-2	PSB007	1247	in:	in	linguistic	none	_	End=4161.51	1x1	_	_	_
1248-0	PSB005	1248	non	non	linguistic	none	_	Begin=4161.78	_	_	_	_
1248-1	PSB005	1248	lo	lo	linguistic	none	_	_	_	_	_	_
1248-2	PSB005	1248	so	so	linguistic	none	_	End=4162.36	_	_	_	_
1249-0	PSB007	1249	jacaranda	jacaranda	linguistic	none	_	Begin=4162.65|End=4163.63	_	_	_	_
1250-0	PSB005	1250	sì	sì	linguistic	none	_	Begin=4163.69	_	_	_	_
1250-1	PSB005	1250	sì	sì	linguistic	none	_	End=4164.31	_	_	_	_
1251-0	PSB007	1251	mh	mh	linguistic	none	_	Begin=4164.49|End=4164.86	_	_	_	_
1252-0	PSB007	1252	è	è	linguistic	none	_	Begin=4165.39	_	_	_	_
1252-1	PSB007	1252	molto	molto	linguistic	none	_	_	_	_	_	_
1252-2	PSB007	1252	bell[o],	bello	linguistic	none	Intonation=weakly_rising	End=4166.39	_	_	_	4-5(189)
1253-0	PSB005	1253	[sì]	sì	linguistic	none	_	Begin=4166.18	_	_	_	0-2(189)
1253-1	PSB005	1253	sì	sì	linguistic	none	_	End=4166.74	_	_	_	_
1254-0	PSB007	1254	è	è	linguistic	none	_	Begin=4166.76	_	_	_	_
1254-1	PSB007	1254	giugno	giugno	linguistic	none	_	_	_	_	_	_
1254-2	PSB007	1254	{P}[	{P}	shortpause	none	_	_	_	_	_	0-3(191)
1254-3	PSB007	1254	gi]ugno	giugno	linguistic	none	_	_	_	_	_	0-2(191)
1254-4	PSB007	1254	inizio	inizio	linguistic	none	_	_	_	_	_	_
1254-5	PSB007	1254	luglio	luglio	linguistic	none	_	_	_	_	_	_
1254-6	PSB007	1254	°in[izio	inizio	linguistic	none	Volume=low	_	_	_	_	2-6(190)
1254-7	PSB007	1254	di	di	linguistic	none	Volume=low	_	_	_	_	0-2(190)
1254-8	PSB007	1254	lu]glio°	luglio	linguistic	none	Volume=low	End=4170.05	_	_	_	0-2(190)
1255-0	PSB005	1255	[mh]	mh	linguistic	none	_	Begin=4167.47|End=4167.77	_	_	_	0-2(191)
1256-0	PSB005	1256	[mhmh]	mhmh	linguistic	none	_	Begin=4169.22|End=4169.61	_	_	_	0-4(190)
1257-0	PSB007	1257	e:h	eh	linguistic	none	_	Begin=4170.86	0x1	_	_	_
1257-1	PSB007	1257	mh	mh	linguistic	none	_	_	_	_	_	_
1257-2	PSB007	1257	forse::	forse	linguistic	none	_	End=4172.79	4x2	_	_	_
1258-0	PSB007	1258	in	in	linguistic	none	_	Begin=4173.63	_	_	_	_
1258-1	PSB007	1258	fine	fine	linguistic	none	_	_	_	_	_	_
1258-2	PSB007	1258	luglio:,	luglio	linguistic	none	Intonation=weakly_rising	_	5x1	_	_	_
1258-3	PSB007	1258	e	e	linguistic	none	_	_	_	_	_	_
1258-4	PSB007	1258	agosto	agosto	linguistic	none	_	_	_	_	_	_
1258-5	PSB007	1258	è	è	linguistic	none	_	_	_	_	_	_
1258-6	PSB007	1258	molto	molto	linguistic	none	_	_	_	_	_	_
1258-7	PSB007	1258	{P}	{P}	shortpause	none	_	_	_	_	_	_
1258-8	PSB007	1258	molto	molto	linguistic	none	_	_	_	_	_	_
1258-9	PSB007	1258	<caldo>	caldo	linguistic	none	_	End=4178.04	_	Slow=0-5(0)	_	_
1259-0	PSB005	1259	mhmh	mhmh	linguistic	none	_	Begin=4178.05|End=4178.54	_	_	_	_
1260-0	PSB007	1260	anche	anche	linguistic	none	_	Begin=4178.62	_	_	_	_
1260-1	PSB007	1260	troppo	troppo	linguistic	none	_	_	_	_	_	_
1260-2	PSB007	1260	cald[o]	caldo	linguistic	none	_	End=4179.93	_	_	_	4-5(192)
1261-0	PSB005	1261	[sì	sì	linguistic	none	_	Begin=4179.77	_	_	_	0-2(192)
1261-1	PSB005	1261	sì]:	sì	linguistic	none	_	End=4180.16	1x1	_	_	0-2(192)
1262-0	PSB007	1262	e	e	linguistic	none	_	Begin=4180.85	_	_	_	_
1262-1	PSB007	1262	io	io	linguistic	none	_	_	_	_	_	_
1262-2	PSB007	1262	consiglierei	consiglierei	linguistic	none	_	_	_	_	_	_
1262-3	PSB007	1262	a	a	linguistic	none	_	_	_	_	_	_
1262-4	PSB007	1262	visitare	visitare	linguistic	none	_	_	_	_	_	_
1262-5	PSB007	1262	sicilia,	sicilia	linguistic	none	Intonation=weakly_rising	_	_	_	_	_
1262-6	PSB007	1262	i:n	in	linguistic	none	_	_	0x1	_	_	_
1262-7	PSB007	1262	primavera,	primavera	linguistic	none	Intonation=weakly_rising	_	_	_	_	_
1262-8	PSB007	1262	{P}[]	{P}	shortpause	none	_	_	_	_	_	0-3(193)
1262-9	PSB007	1262	quando	quando	linguistic	none	_	_	_	_	_	_
1262-10	PSB007	1262	abbiamo	abbiamo	linguistic	none	_	_	_	_	_	_
1262-11	PSB007	1262	questa	questa	linguistic	none	_	_	_	_	_	_
1262-12	PSB007	1262	temperatura	temperatura	linguistic	none	_	End=4187.28	_	_	_	_
1263-0	PSB005	1263	[mhmh]	mhmh	linguistic	none	_	Begin=4184.99|End=4185.24	_	_	_	0-4(193)
1264-0	PSB007	1264	°temperatura	temperatura	linguistic	none	Volume=low	Begin=4189.07	_	_	_	_
1264-1	PSB007	1264	media°	media	linguistic	none	Volume=low	End=4190.15	_	_	_	_
1265-0	PSB005	1265	sì	sì	linguistic	none	_	Begin=4190.17	_	_	_	_
1265-1	PSB005	1265	sì	sì	linguistic	none	_	End=4190.63	_	_	_	_
1266-0	PSB005	1266	e:	e	linguistic	none	_	Begin=4191.49	0x1	_	_	_
1266-1	PSB005	1266	io	io	linguistic	none	_	_	_	_	_	_
1266-2	PSB005	1266	sono	sono	linguistic	none	_	_	_	_	_	_
1266-3	PSB005	1266	andata	andata	linguistic	none	_	_	_	_	_	_
1266-4	PSB005	1266	in	in	linguistic	none	_	_	_	_	_	_
1266-5	PSB005	1266	settembre:	settembre	linguistic	none	_	End=4193.32	8x1	_	_	_
1267-0	PSB007	1267	ah	ah	linguistic	none	_	Begin=4194.31	_	_	_	_
1267-1	PSB007	1267	[anche	anche	linguistic	none	_	_	_	_	_	0-5(194)
1267-2	PSB007	1267	settembre	settembre	linguistic	none	_	_	_	_	_	0-9(194)
1267-3	PSB007	1267	Sì]	sì	linguistic	none	Volume=high	_	_	_	_	0-2(194)
1267-4	PSB007	1267	anche	anche	linguistic	none	_	_	_	_	_	_
1267-5	PSB007	1267	settembre,	settembre	linguistic	none	Intonation=weakly_rising	_	_	_	_	_
1267-6	PSB007	1267	perché	perché	linguistic	none	_	_	_	_	_	_
1267-7	PSB007	1267	gia	gia	linguistic	none	_	_	_	_	_	_
1267-8	PSB007	1267	abbiamo	abbiamo	linguistic	none	_	_	_	_	_	_
1267-9	PSB007	1267	passato	passato	linguistic	none	_	_	_	_	_	_
1267-10	PSB007	1267	questo	questo	linguistic	none	_	_	_	_	_	_
1267-11	PSB007	1267	[periodo]	periodo	linguistic	none	_	_	_	_	_	0-7(195)
1267-12	PSB007	1267	molto::	molto	linguistic	none	_	End=4199.12	4x2	_	_	_
1268-0	PSB005	1268	[xxx]	x	unknown	none	_	Begin=4194.38|End=4195.74	_	_	_	0-3(194)
1269-0	PSB005	1269	[sì	sì	linguistic	none	_	Begin=4197.98	_	_	_	0-2(195)
1269-1	PSB005	1269	sì]	sì	linguistic	none	_	End=4198.49	_	_	_	0-2(195)
1270-0	PSB007	1270	molto	molto	linguistic	none	_	Begin=4199.55	_	_	_	_
1270-1	PSB007	1270	caldo	caldo	linguistic	none	_	End=4200.4	_	_	_	_
1271-0	PSB007	1271	eh	eh	linguistic	none	_	Begin=4201.06|End=4201.57	_	_	_	_
1272-0	PSB007	1272	°mh	mh	linguistic	none	Volume=low	Begin=4202.77	_	_	_	_
1272-1	PSB007	1272	sì°	sì	linguistic	none	Volume=low	End=4203.2	_	_	_	_
1273-0	PSB007	1273	la	la	linguistic	none	_	Begin=4203.29	_	_	_	_
1273-1	PSB007	1273	la	la	linguistic	none	_	_	_	_	_	_
1273-2	PSB007	1273	isola:	isola	linguistic	none	_	_	4x1	_	_	_
1273-3	PSB007	1273	è:	è	linguistic	none	_	_	0x1	_	_	_
1273-4	PSB007	1273	{P}	{P}	shortpause	none	_	_	_	_	_	_
1273-5	PSB007	1273	super	super	linguistic	none	_	_	_	_	_	_
1273-6	PSB007	1273	bella	bella	linguistic	none	_	End=4206.31	_	_	_	_
1274-0	PSB005	1274	mhmh	mhmh	linguistic	none	_	Begin=4206.39	_	_	_	_
1274-1	PSB005	1274	[xx	x	unknown	none	_	_	_	_	_	0-2(196)
1274-2	PSB005	1274	bene]	bene	linguistic	none	_	End=4207.42	_	_	_	0-4(196)
1275-0	PSB007	1275	[sì]	sì	linguistic	none	_	Begin=4206.85	_	_	_	0-2(196)
1275-1	PSB007	1275	xx	x	unknown	none	_	_	_	_	_	_
1275-2	PSB007	1275	piace	piace	linguistic	none	_	End=4208.32	_	_	_	_
1276-0	PSB005	1276	e:	e	linguistic	none	_	Begin=4208.91	0x1	_	_	_
1276-1	PSB005	1276	m:h	mh	linguistic	none	_	End=4210.12	0x1	_	_	_
1277-0	PSB005	1277	x	x	unknown	none	_	Begin=4212.13	_	_	_	_
1277-1	PSB005	1277	della	della	linguistic	none	_	_	_	_	_	_
1277-2	PSB005	1277	cucina,	cucina	linguistic	none	Intonation=weakly_rising	_	_	_	_	_
1277-3	PSB005	1277	mi	mi	linguistic	none	_	_	_	_	_	_
1277-4	PSB005	1277	hai	hai	linguistic	none	_	_	_	_	_	_
1277-5	PSB005	1277	nominato	nominato	linguistic	none	_	_	_	_	_	_
1277-6	PSB005	1277	la	la	linguistic	none	_	_	_	_	_	_
1277-7	PSB005	1277	cucina	cucina	linguistic	none	_	_	_	_	_	_
1277-8	PSB005	1277	{P}	{P}	shortpause	none	_	_	_	_	_	_
1277-9	PSB005	1277	aspetta	aspetta	linguistic	none	_	_	_	_	_	_
1277-10	PSB005	1277	guardo	guardo	linguistic	none	_	_	_	_	_	_
1277-11	PSB005	1277	solo:,	solo	linguistic	none	Intonation=weakly_rising	End=4215.54	3x1	_	_	_
1278-0	PSB005	1278	sì	sì	linguistic	none	_	Begin=4219.6	_	_	_	_
1278-1	PSB005	1278	stiamo	stiamo	linguistic	none	_	_	_	_	_	_
1278-2	PSB005	1278	parlando	parlando	linguistic	none	_	_	_	_	_	_
1278-3	PSB005	1278	(°tanto°)	tanto	linguistic	none	Volume=low	End=4221.3	_	_	0-5(0)	_
1279-0	PSB005	1279	e::	e	linguistic	none	_	Begin=4221.73	0x2	_	_	_
1279-1	PSB005	1279	tu	tu	linguistic	none	_	_	_	_	_	_
1279-2	PSB005	1279	dev~	dev~	linguistic	none	Interrupted=Yes	_	_	_	_	_
1279-3	PSB005	1279	devi	devi	linguistic	none	_	_	_	_	_	_
1279-4	PSB005	1279	andare:?	andare	linguistic	none	Intonation=rising	_	5x1	_	_	_
1279-5	PSB005	1279	a	a	linguistic	none	_	_	_	_	_	_
1279-6	PSB005	1279	un	un	linguistic	none	_	_	_	_	_	_
1279-7	PSB005	1279	certo	certo	linguistic	none	_	_	_	_	_	_
1279-8	PSB005	1279	punto:,	punto	linguistic	none	Intonation=weakly_rising	_	4x1	_	_	_
1279-9	PSB005	1279	mi	mi	linguistic	none	_	_	_	_	_	_
1279-10	PSB005	1279	puoi	puoi	linguistic	none	_	_	_	_	_	_
1279-11	PSB005	1279	dire::	dire	linguistic	none	_	_	3x2	_	_	_
1279-12	PSB005	1279	{P}	{P}	shortpause	none	_	_	_	_	_	_
1279-13	PSB005	1279	se	se	linguistic	none	_	_	_	_	_	_
1279-14	PSB005	1279	devi	devi	linguistic	none	_	_	_	_	_	_
1279-15	PSB005	1279	se	se	linguistic	none	_	_	_	_	_	_
1279-16	PSB005	1279	devi	devi	linguistic	none	_	_	_	_	_	_
1279-17	PSB005	1279	andare::	andare	linguistic	none	_	_	5x2	_	_	_
1279-18	PSB005	1279	pos~	pos~	linguistic	none	Interrupted=Yes	End=4227.5	_	_	_	_
1280-0	PSB005	1280	[possiamo	possiamo	linguistic	none	_	Begin=4227.67	_	_	_	0-8(197)
1280-1	PSB005	1280	stare	stare	linguistic	none	_	_	_	_	_	0-5(197)
1280-2	PSB005	1280	altri	altri	linguistic	none	_	_	_	_	_	0-5(197)
1280-3	PSB005	1280	dieci	dieci	linguistic	none	_	_	_	_	_	0-5(197)
1280-4	PSB005	1280	minuti]	minuti	linguistic	none	_	_	_	_	_	0-6(197)
1280-5	PSB005	1280	per	per	linguistic	none	_	_	_	_	_	_
1280-6	PSB005	1280	me,	me	linguistic	none	Intonation=weakly_rising	End=4230.18	_	_	_	_
1281-0	PSB007	1281	[NO	no	linguistic	none	Volume=high	Begin=4227.67	_	_	_	0-2(197)
1281-1	PSB007	1281	IO:::]	io	linguistic	none	Volume=high	End=4229.54	1x3	_	_	0-2(197)
1282-0	PSB007	1282	[xxx]	x	unknown	none	_	Begin=4230.62|End=4231.14	_	_	_	0-3(198)
1283-0	PSB005	1283	[una	una	linguistic	none	_	Begin=4230.63	_	_	_	0-3(198)
1283-1	PSB005	1283	cosa]	cosa	linguistic	none	_	_	_	_	_	0-4(198)
1283-2	PSB005	1283	del	del	linguistic	none	_	_	_	_	_	_
1283-3	PSB005	1283	genere:,	genere	linguistic	none	Intonation=weakly_rising	End=4231.8	5x1	_	_	_
1284-0	PSB007	1284	non	non	linguistic	none	_	Begin=4231.8	_	_	_	_
1284-1	PSB007	1284	c'	c'	linguistic	none	SpaceAfter=No	_	_	_	_	_
1284-2	PSB007	1284	è	è	linguistic	none	_	_	_	_	_	_
1284-3	PSB007	1284	[problema]	problema	linguistic	none	_	End=4232.51	_	_	_	0-8(199)
1285-0	PSB005	1285	[mi	mi	linguistic	none	_	Begin=4232.1	_	_	_	0-2(199)
1285-1	PSB005	1285	piace]rebbe	piacerebbe	linguistic	none	_	_	_	_	_	0-5(199)
1285-2	PSB005	1285	chiederti	chiederti	linguistic	none	_	_	_	_	_	_
1285-3	PSB005	1285	della	della	linguistic	none	_	_	_	_	_	_
1285-4	PSB005	1285	cucina::	cucina	linguistic	none	_	End=4234.52	5x2	_	_	_
1286-0	PSB005	1286	italiana	italiana	linguistic	none	_	Begin=4234.73	_	_	_	_
1286-1	PSB005	1286	se::	se	linguistic	none	_	End=4235.95	1x2	_	_	_
1287-0	PSB005	1287	se	se	linguistic	none	_	Begin=4236.55	_	_	_	_
1287-1	PSB005	1287	ti	ti	linguistic	none	_	_	_	_	_	_
1287-2	PSB005	1287	piace:,	piace	linguistic	none	Intonation=weakly_rising	_	4x1	_	_	_
1287-3	PSB005	1287	se	se	linguistic	none	_	_	_	_	_	_
1287-4	PSB005	1287	hai	hai	linguistic	none	_	_	_	_	_	_
1287-5	PSB005	1287	impa[rato	imparato	linguistic	none	_	_	_	_	_	4-8(200)
1287-6	PSB005	1287	delle	delle	linguistic	none	_	_	_	_	_	0-5(200)
1287-7	PSB005	1287	ricette],	ricette	linguistic	none	Intonation=weakly_rising	End=4238.83	_	_	_	0-7(200)
1288-0	PSB007	1288	[un	un	linguistic	none	_	Begin=4237.67	_	_	_	0-2(200)
1288-1	PSB007	1288	attimo	attimo	linguistic	none	_	_	_	_	_	0-6(200)
1288-2	PSB007	1288	adesso	adesso	linguistic	none	_	_	_	_	_	0-6(200)
1288-3	PSB007	1288	ti]	ti	linguistic	none	_	_	_	_	_	0-2(200)
1288-4	PSB007	1288	racconto	racconto	linguistic	none	_	_	_	_	_	_
1288-5	PSB007	1288	una	una	linguistic	none	_	_	_	_	_	_
1288-6	PSB007	1288	stori[a:	storia	linguistic	none	_	_	5x1	_	_	5-6(201)
1288-7	PSB007	1288	meravigliosa]:	meravigliosa	linguistic	none	_	_	11x1	_	_	0-12(201)
1288-8	PSB007	1288	perché	perché	linguistic	none	_	_	_	_	_	_
1288-9	PSB007	1288	abbiamo	abbiamo	linguistic	none	_	_	_	_	_	_
1288-10	PSB007	1288	[parlato	parlato	linguistic	none	_	_	_	_	_	0-7(202)
1288-11	PSB007	1288	della	della	linguistic	none	_	_	_	_	_	0-5(202)
1288-12	PSB007	1288	<LI]NGUA>,	lingua	linguistic	none	Intonation=weakly_rising|Volume=high	_	_	Slow=0-6(0)	_	0-2(202)
1288-13	PSB007	1288	ho	ho	linguistic	none	_	_	_	_	_	_
1288-14	PSB007	1288	detto	detto	linguistic	none	_	_	_	_	_	_
1288-15	PSB007	1288	che	che	linguistic	none	_	_	_	_	_	_
1288-16	PSB007	1288	c'	c'	linguistic	none	SpaceAfter=No	_	_	_	_	_
1288-17	PSB007	1288	è	è	linguistic	none	_	_	_	_	_	_
1288-18	PSB007	1288	il	il	linguistic	none	_	_	_	_	_	_
1288-19	PSB007	1288	dialetto	dialetto	linguistic	none	_	_	_	_	_	_
1288-20	PSB007	1288	siciliano	siciliano	linguistic	none	_	_	_	_	_	_
1288-21	PSB007	1288	e	e	linguistic	none	_	_	_	_	_	_
1288-22	PSB007	1288	ho	ho	linguistic	none	_	_	_	_	_	_
1288-23	PSB007	1288	ricordato	ricordato	linguistic	none	_	_	_	_	_	_
1288-24	PSB007	1288	subito	subito	linguistic	none	_	_	_	_	_	_
1288-25	PSB007	1288	la	la	linguistic	none	_	_	_	_	_	_
1288-26	PSB007	1288	storia:,	storia	linguistic	none	Intonation=weakly_rising	End=4246.73	5x1	_	_	_
1289-0	PSB005	1289	[AH	ah	linguistic	none	Volume=high	Begin=4239.79	_	_	_	0-2(201)
1289-1	PSB005	1289	SÌ]	sì	linguistic	none	Volume=high	End=4240.45	_	_	_	0-2(201)
1290-0	PSB005	1290	[sì	sì	linguistic	none	_	Begin=4240.99	_	_	_	0-2(202)
1290-1	PSB005	1290	sì	sì	linguistic	none	_	_	_	_	_	0-2(202)
1290-2	PSB005	1290	sì]	sì	linguistic	none	_	End=4241.71	_	_	_	0-2(202)
1291-0	PSB007	1291	che	che	linguistic	none	_	Begin=4247.09	_	_	_	_
1291-1	PSB007	1291	è	è	linguistic	none	_	_	_	_	_	_
1291-2	PSB007	1291	successo	successo	linguistic	none	_	_	_	_	_	_
1291-3	PSB007	1291	con	con	linguistic	none	_	_	_	_	_	_
1291-4	PSB007	1291	me:,	me	linguistic	none	Intonation=weakly_rising	End=4248.56	1x1	_	_	_
1292-0	PSB007	1292	proprio	proprio	linguistic	none	_	Begin=4249.23	_	_	_	_
1292-1	PSB007	1292	una	una	linguistic	none	_	_	_	_	_	_
1292-2	PSB007	1292	settimana	settimana	linguistic	none	_	_	_	_	_	_
1292-3	PSB007	1292	fa:	fa	linguistic	none	_	End=4250.82	1x1	_	_	_
1293-0	PSB007	1293	e::h	eh	linguistic	none	_	Begin=4251.44	0x2	_	_	_
1293-1	PSB007	1293	m:h	mh	linguistic	none	_	End=4252.6	0x1	_	_	_
1294-0	PSB007	1294	e::h	eh	linguistic	none	_	Begin=4253.93	0x2	_	_	_
1294-1	PSB007	1294	io	io	linguistic	none	_	_	_	_	_	_
1294-2	PSB007	1294	ho	ho	linguistic	none	_	_	_	_	_	_
1294-3	PSB007	1294	deciso:,	deciso	linguistic	none	Intonation=weakly_rising	_	5x1	_	_	_
1294-4	PSB007	1294	che	che	linguistic	none	_	_	_	_	_	_
1294-5	PSB007	1294	voglio	voglio	linguistic	none	_	_	_	_	_	_
1294-6	PSB007	1294	provare	provare	linguistic	none	_	_	_	_	_	_
1294-7	PSB007	1294	che	che	linguistic	none	_	_	_	_	_	_
1294-8	PSB007	1294	cos'	cos'	linguistic	none	SpaceAfter=No	_	_	_	_	_
1294-9	PSB007	1294	è	è	linguistic	none	_	_	_	_	_	_
1294-10	PSB007	1294	ginnastica	ginnastica	linguistic	none	_	_	_	_	_	_
1294-11	PSB007	1294	femminile:,	femminile	linguistic	none	Intonation=weakly_rising	End=4258.63	8x1	_	_	_
1295-0	PSB005	1295	sì	sì	linguistic	none	_	Begin=4258.99|End=4259.38	_	_	_	_
1296-0	PSB007	1296	visto	visto	linguistic	none	_	Begin=4259.6	_	_	_	_
1296-1	PSB007	1296	che	che	linguistic	none	_	End=4260.24	_	_	_	_
1297-0	PSB007	1297	vado	vado	linguistic	none	_	Begin=4260.79	_	_	_	_
1297-1	PSB007	1297	in	in	linguistic	none	_	_	_	_	_	_
1297-2	PSB007	1297	palestr[a:]:,	palestra	linguistic	none	Intonation=weakly_rising	_	7x2	_	_	7-8(203)
1297-3	PSB007	1297	ogni	ogni	linguistic	none	_	_	_	_	_	_
1297-4	PSB007	1297	settimana:,	settimana	linguistic	none	Intonation=weakly_rising	End=4263.67	8x1	_	_	_
1298-0	PSB005	1298	[mh]	mh	linguistic	none	_	Begin=4262.0|End=4262.29	_	_	_	0-2(203)
1299-0	PSB007	1299	e::	e	linguistic	none	_	Begin=4263.91	0x2	_	_	_
1299-1	PSB007	1299	ho	ho	linguistic	none	_	_	_	_	_	_
1299-2	PSB007	1299	deciso	deciso	linguistic	none	_	_	_	_	_	_
1299-3	PSB007	1299	che	che	linguistic	none	_	_	_	_	_	_
1299-4	PSB007	1299	voglio	voglio	linguistic	none	_	_	_	_	_	_
1299-5	PSB007	1299	provare,	provare	linguistic	none	Intonation=weakly_rising	_	_	_	_	_
1299-6	PSB007	1299	diversa	diversa	linguistic	none	_	_	_	_	_	_
1299-7	PSB007	1299	attività	attività	linguistic	none	_	_	_	_	_	_
1299-8	PSB007	1299	[°fisi]ca°	fisica	linguistic	none	Volume=low	End=4267.14	_	_	_	0-4(204)
1300-0	PSB005	1300	[sì	sì	linguistic	none	_	Begin=4266.59	_	_	_	0-2(204)
1300-1	PSB005	1300	sì]	sì	linguistic	none	_	End=4266.96	_	_	_	0-2(204)
1301-0	PSB007	1301	NON	non	linguistic	none	Volume=high	Begin=4269.13	_	_	_	_
1301-1	PSB007	1301	non	non	linguistic	none	_	_	_	_	_	_
1301-2	PSB007	1301	sapevo	sapevo	linguistic	none	_	_	_	_	_	_
1301-3	PSB007	1301	che	che	linguistic	none	_	_	_	_	_	_
1301-4	PSB007	1301	cos'	cos'	linguistic	none	SpaceAfter=No	_	_	_	_	_
1301-5	PSB007	1301	è,	è	linguistic	none	Intonation=weakly_rising	End=4270.65	_	_	_	_
1302-0	PSB007	1302	quando	quando	linguistic	none	_	Begin=4271.88	_	_	_	_
1302-1	PSB007	1302	ho	ho	linguistic	none	_	_	_	_	_	_
1302-2	PSB007	1302	parlato	parlato	linguistic	none	_	_	_	_	_	_
1302-3	PSB007	1302	con::	con	linguistic	none	_	_	2x2	_	_	_
1302-4	PSB007	1302	la	la	linguistic	none	_	_	_	_	_	_
1302-5	PSB007	1302	ragazza::,	ragazza	linguistic	none	Intonation=weakly_rising	End=4275.08	6x2	_	_	_
1303-0	PSB007	1303	amministratrice::,	amministratrice	linguistic	none	Intonation=weakly_rising	Begin=4275.36	14x2	_	_	_
1303-1	PSB007	1303	lei	lei	linguistic	none	_	_	_	_	_	_
1303-2	PSB007	1303	mi	mi	linguistic	none	_	_	_	_	_	_
1303-3	PSB007	1303	ha::	ha	linguistic	none	_	_	1x2	_	_	_
1303-4	PSB007	1303	detto	detto	linguistic	none	_	_	_	_	_	_
1303-5	PSB007	1303	qualcosa	qualcosa	linguistic	none	_	_	_	_	_	_
1303-6	PSB007	1303	sì	sì	linguistic	none	_	_	_	_	_	_
1303-7	PSB007	1303	sì	sì	linguistic	none	_	_	_	_	_	_
1303-8	PSB007	1303	sì	sì	linguistic	none	_	_	_	_	_	_
1303-9	PSB007	1303	è	è	linguistic	none	_	_	_	_	_	_
1303-10	PSB007	1303	una:	una	linguistic	none	_	End=4280.13	2x1	_	_	_
1304-0	PSB007	1304	è	è	linguistic	none	_	Begin=4280.36	_	_	_	_
1304-1	PSB007	1304	una	una	linguistic	none	_	_	_	_	_	_
1304-2	PSB007	1304	un	un	linguistic	none	_	_	_	_	_	_
1304-3	PSB007	1304	tipo	tipo	linguistic	none	_	_	_	_	_	_
1304-4	PSB007	1304	di	di	linguistic	none	_	_	_	_	_	_
1304-5	PSB007	1304	ginnastica::,	ginnastica	linguistic	none	Intonation=weakly_rising	_	9x2	_	_	_
1304-6	PSB007	1304	abbastanza	abbastanza	linguistic	none	_	_	_	_	_	_
1304-7	PSB007	1304	semplice::,	semplice	linguistic	none	Intonation=weakly_rising	_	7x2	_	_	_
1304-8	PSB007	1304	dove::	dove	linguistic	none	_	End=4284.24	3x2	_	_	_
1305-0	PSB007	1305	e::h	eh	linguistic	none	_	Begin=4284.56	0x2	_	_	_
1305-1	PSB007	1305	vengono::	vengono	linguistic	none	_	_	6x2	_	_	_
1305-2	PSB007	1305	e:::h	eh	linguistic	none	_	_	0x3	_	_	_
1305-3	PSB007	1305	le	le	linguistic	none	_	_	_	_	_	_
1305-4	PSB007	1305	ragazze::,	ragazze	linguistic	none	Intonation=weakly_rising	End=4287.75	6x2	_	_	_
1306-0	PSB007	1306	comunque	comunque	linguistic	none	_	Begin=4288.09	_	_	_	_
1306-1	PSB007	1306	non	non	linguistic	none	_	_	_	_	_	_
1306-2	PSB007	1306	c'	c'	linguistic	none	SpaceAfter=No	_	_	_	_	_
1306-3	PSB007	1306	era:	era	linguistic	none	_	End=4289.16	2x1	_	_	_
1307-0	PSB007	1307	l'	l'	linguistic	none	SpaceAfter=No	Begin=4289.83	_	_	_	_
1307-1	PSB007	1307	informazione	informazione	linguistic	none	_	_	_	_	_	_
1307-2	PSB007	1307	particolare	particolare	linguistic	none	_	_	_	_	_	_
1307-3	PSB007	1307	riguardo	riguardo	linguistic	none	_	_	_	_	_	_
1307-4	PSB007	1307	°questa	questa	linguistic	none	Volume=low	_	_	_	_	_
1307-5	PSB007	1307	cosa°	cosa	linguistic	none	Volume=low	End=4292.41	_	_	_	_
1308-0	PSB007	1308	io	io	linguistic	none	_	Begin=4292.73	_	_	_	_
1308-1	PSB007	1308	dico	dico	linguistic	none	_	_	_	_	_	_
1308-2	PSB007	1308	va	va	linguistic	none	_	_	_	_	_	_
1308-3	PSB007	1308	bene	bene	linguistic	none	_	_	_	_	_	_
1308-4	PSB007	1308	ginnastica	ginnastica	linguistic	none	_	_	_	_	_	_
1308-5	PSB007	1308	femminili,	femminili	linguistic	none	Intonation=weakly_rising	_	_	_	_	_
1308-6	PSB007	1308	quindi	quindi	linguistic	none	_	_	_	_	_	_
1308-7	PSB007	1308	PER	per	linguistic	none	Volume=high	_	_	_	_	_
1308-8	PSB007	1308	LE	le	linguistic	none	Volume=high	_	_	_	_	_
1308-9	PSB007	1308	FEMMINE	femmine	linguistic	none	Volume=high	_	_	_	_	_
1308-10	PSB007	1308	OKAY	okay	linguistic	none	Volume=high	End=4296.92	_	_	_	_
1309-0	PSB007	1309	ARRIVO:,	arrivo	linguistic	none	Intonation=weakly_rising|Volume=high	Begin=4297.85|End=4298.97	5x1	_	_	_
1310-0	PSB007	1310	cominciamo	cominciamo	linguistic	none	_	Begin=4299.16	_	_	_	_
1310-1	PSB007	1310	la	la	linguistic	none	_	_	_	_	_	_
1310-2	PSB007	1310	lezione:,	lezione	linguistic	none	Intonation=weakly_rising	End=4300.87	6x1	_	_	_
1311-0	PSB007	1311	la::	la	linguistic	none	_	Begin=4301.43	1x2	_	_	_
1311-1	PSB007	1311	{P}	{P}	shortpause	none	_	_	_	_	_	_
1311-2	PSB007	1311	m::h	mh	linguistic	none	_	_	0x2	_	_	_
1311-3	PSB007	1311	ragazza::	ragazza	linguistic	none	_	_	6x2	_	_	_
1311-4	PSB007	1311	mh	mh	linguistic	none	_	_	_	_	_	_
1311-5	PSB007	1311	si:	si	linguistic	none	_	_	1x1	_	_	_
1311-6	PSB007	1311	°mh°	mh	linguistic	none	Volume=low	_	_	_	_	_
1311-7	PSB007	1311	<presenta>,	presenta	linguistic	none	Intonation=weakly_rising	_	_	Slow=0-8(0)	_	_
1311-8	PSB007	1311	dicendo	dicendo	linguistic	none	_	_	_	_	_	_
1311-9	PSB007	1311	allora	allora	linguistic	none	_	_	_	_	_	_
1311-10	PSB007	1311	io	io	linguistic	none	_	_	_	_	_	_
1311-11	PSB007	1311	sono	sono	linguistic	none	_	_	_	_	_	_
1311-12	PSB007	1311	(>una<)	una	linguistic	none	_	_	_	Fast=0-3(0)	0-3(0)	_
1311-13	PSB007	1311	fisioterapista,	fisioterapista	linguistic	none	Intonation=weakly_rising	_	_	_	_	_
1311-14	PSB007	1311	oggi	oggi	linguistic	none	_	_	_	_	_	_
1311-15	PSB007	1311	facciamo	facciamo	linguistic	none	_	_	_	_	_	_
1311-16	PSB007	1311	questo	questo	linguistic	none	_	_	_	_	_	_
1311-17	PSB007	1311	quello	quello	linguistic	none	_	_	_	_	_	_
1311-18	PSB007	1311	quello:,	quello	linguistic	none	Intonation=weakly_rising	End=4310.31	5x1	_	_	_
1312-0	PSB007	1312	e::h	eh	linguistic	none	_	Begin=4311.14	0x2	_	_	_
1312-1	PSB007	1312	mh	mh	linguistic	none	_	End=4311.93	_	_	_	_
1313-0	PSB007	1313	dovete	dovete	linguistic	none	_	Begin=4313.5	_	_	_	_
1313-1	PSB007	1313	<sdraiarvi::>	sdraiarvi	linguistic	none	_	End=4315.08	8x2	Slow=0-9(0)	_	_
1314-0	PSB007	1314	sul	sul	linguistic	none	_	Begin=4315.4	_	_	_	_
1314-1	PSB007	1314	tappetino:,	tappetino	linguistic	none	Intonation=weakly_rising	End=4316.67	8x1	_	_	_
1315-0	PSB007	1315	la	la	linguistic	none	_	Begin=4317.14	_	_	_	_
1315-1	PSB007	1315	posizione	posizione	linguistic	none	_	_	_	_	_	_
1315-2	PSB007	1315	pancia	pancia	linguistic	none	_	_	_	_	_	_
1315-3	PSB007	1315	su,	su	linguistic	none	Intonation=weakly_rising	End=4318.72	_	_	_	_
1316-0	PSB007	1316	fino	fino	linguistic	none	_	Begin=4320.35	_	_	_	_
1316-1	PSB007	1316	a	a	linguistic	none	_	_	_	_	_	_
1316-2	PSB007	1316	questo	questo	linguistic	none	_	_	_	_	_	_
1316-3	PSB007	1316	>io<	io	linguistic	none	_	_	_	Fast=0-2(0)	_	_
1316-4	PSB007	1316	avevo	avevo	linguistic	none	_	_	_	_	_	_
1316-5	PSB007	1316	tutto	tutto	linguistic	none	_	_	_	_	_	_
1316-6	PSB007	1316	chiaro:,	chiaro	linguistic	none	Intonation=weakly_rising	_	5x1	_	_	_
1316-7	PSB007	1316	come	come	linguistic	none	_	_	_	_	_	_
1316-8	PSB007	1316	d~	d~	linguistic	none	Interrupted=Yes	_	_	_	_	_
1316-9	PSB007	1316	deve:,	deve	linguistic	none	Intonation=weakly_rising	_	3x1	_	_	_
1316-10	PSB007	1316	cosa	cosa	linguistic	none	_	_	_	_	_	_
1316-11	PSB007	1316	fare:,	fare	linguistic	none	Intonation=weakly_rising	End=4324.58	3x1	_	_	_
1317-0	PSB007	1317	e:h	eh	linguistic	none	_	Begin=4325.87|End=4326.65	0x1	_	_	_
1318-0	PSB007	1318	e	e	linguistic	none	_	Begin=4327.68	_	_	_	_
1318-1	PSB007	1318	dopo:	dopo	linguistic	none	_	_	3x1	_	_	_
1318-2	PSB007	1318	arriv~	arriv~	linguistic	none	Interrupted=Yes	_	_	_	_	_
1318-3	PSB007	1318	sono	sono	linguistic	none	_	_	_	_	_	_
1318-4	PSB007	1318	arrivate	arrivate	linguistic	none	_	_	_	_	_	_
1318-5	PSB007	1318	le	le	linguistic	none	_	_	_	_	_	_
1318-6	PSB007	1318	parole:,	parole	linguistic	none	Intonation=weakly_rising	End=4330.15	5x1	_	_	_
1319-0	PSB007	1319	che	che	linguistic	none	_	Begin=4330.9	_	_	_	_
1319-1	PSB007	1319	io	io	linguistic	none	_	_	_	_	_	_
1319-2	PSB007	1319	non	non	linguistic	none	_	_	_	_	_	_
1319-3	PSB007	1319	ho	ho	linguistic	none	_	_	_	_	_	_
1319-4	PSB007	1319	capito	capito	linguistic	none	_	End=4332.0	_	_	_	_
1320-0	PSB007	1320	e	e	linguistic	none	_	Begin=4333.89	_	_	_	_
1320-1	PSB007	1320	lei	lei	linguistic	none	_	_	_	_	_	_
1320-2	PSB007	1320	dice	dice	linguistic	none	_	End=4334.71	_	_	_	_
1321-0	PSB007	1321	dovete	dovete	linguistic	none	_	Begin=4336.03|End=4336.89	_	_	_	_
1322-0	PSB007	1322	<fermare>	fermare	linguistic	none	_	Begin=4338.32	_	Slow=0-7(0)	_	_
1322-1	PSB007	1322	eh	eh	linguistic	none	_	_	_	_	_	_
1322-2	PSB007	1322	chiudere:,	chiudere	linguistic	none	Intonation=weakly_rising	_	7x1	_	_	_
1322-3	PSB007	1322	chiudere,	chiudere	linguistic	none	Intonation=weakly_rising	_	_	_	_	_
1322-4	PSB007	1322	la	la	linguistic	none	_	_	_	_	_	_
1322-5	PSB007	1322	parola	parola	linguistic	none	_	_	_	_	_	_
1322-6	PSB007	1322	era	era	linguistic	none	_	_	_	_	_	_
1322-7	PSB007	1322	chiudere:,	chiudere	linguistic	none	Intonation=weakly_rising	End=4342.31	7x1	_	_	_
1323-0	PSB007	1323	IO	io	linguistic	none	Volume=high	Begin=4343.27	_	_	_	_
1323-1	PSB007	1323	sento	sento	linguistic	none	_	End=4344.3	_	_	_	_
1324-0	PSB007	1324	<il>	il	linguistic	none	_	Begin=4344.67	_	Slow=0-2(0)	_	_
1324-1	PSB007	1324	pavimento	pavimento	linguistic	none	_	_	_	_	_	_
1324-2	PSB007	1324	termico	termico	linguistic	none	_	End=4346.52	_	_	_	_
1325-0	PSB005	1325	{ride}	{ride}	nonverbalbehavior	none	_	Begin=4346.53|End=4347.32	_	_	_	_
1326-0	PSB005	1326	{ride}	{ride}	nonverbalbehavior	none	_	Begin=4348.18|End=4351.18	_	_	_	_
1327-0	PSB007	1327	ALLORA	allora	linguistic	none	Volume=high	Begin=4351.51	_	_	_	_
1327-1	PSB007	1327	PAVIMENTO	pavimento	linguistic	none	Volume=high	_	_	_	_	_
1327-2	PSB007	1327	TERMICO,	termico	linguistic	none	Intonation=weakly_rising|Volume=high	End=4353.51	_	_	_	_
1328-0	PSB007	1328	io:	io	linguistic	none	_	Begin=4355.13	1x1	_	_	_
1328-1	PSB007	1328	va	va	linguistic	none	_	_	_	_	_	_
1328-2	PSB007	1328	bene,	bene	linguistic	none	Intonation=weakly_rising	_	_	_	_	_
1328-3	PSB007	1328	dove	dove	linguistic	none	_	_	_	_	_	_
1328-4	PSB007	1328	abbiamo	abbiamo	linguistic	none	_	_	_	_	_	_
1328-5	PSB007	1328	pavimento	pavimento	linguistic	none	_	_	_	_	_	_
1328-6	PSB007	1328	pavimento	pavimento	linguistic	none	_	_	_	_	_	_
1328-7	PSB007	1328	è	è	linguistic	none	_	_	_	_	_	_
1328-8	PSB007	1328	qui,	qui	linguistic	none	Intonation=weakly_rising	_	_	_	_	_
1328-9	PSB007	1328	come	come	linguistic	none	_	_	_	_	_	_
1328-10	PSB007	1328	si	si	linguistic	none	_	_	_	_	_	_
1328-11	PSB007	1328	può	può	linguistic	none	_	_	_	_	_	_
1328-12	PSB007	1328	chiudere	chiudere	linguistic	none	_	_	_	_	_	_
1328-13	PSB007	1328	pavimento	pavimento	linguistic	none	_	_	_	_	_	_
1328-14	PSB007	1328	termico,	termico	linguistic	none	Intonation=weakly_rising	End=4360.48	_	_	_	_
1329-0	PSB005	1329	{ride}	{ride}	nonverbalbehavior	none	_	Begin=4359.33|End=4361.34	_	_	_	_
1330-0	PSB007	1330	no	no	linguistic	none	_	Begin=4360.83	_	_	_	_
1330-1	PSB007	1330	non	non	linguistic	none	_	_	_	_	_	_
1330-2	PSB007	1330	funziona	funziona	linguistic	none	_	End=4362.02	_	_	_	_
1331-0	PSB007	1331	abbie~	abbie~	linguistic	none	Interrupted=Yes	Begin=4363.43	_	_	_	_
1331-1	PSB007	1331	siamo	siamo	linguistic	none	_	_	_	_	_	_
1331-2	PSB007	1331	in	in	linguistic	none	_	_	_	_	_	_
1331-3	PSB007	1331	gruppo,	gruppo	linguistic	none	Intonation=weakly_rising	_	_	_	_	_
1331-4	PSB007	1331	quindi	quindi	linguistic	none	_	_	_	_	_	_
1331-5	PSB007	1331	ci	ci	linguistic	none	_	_	_	_	_	_
1331-6	PSB007	1331	sono:::	sono	linguistic	none	_	_	3x3	_	_	_
1331-7	PSB007	1331	tipo:::	tipo	linguistic	none	_	_	3x3	_	_	_
1331-8	PSB007	1331	otto	otto	linguistic	none	_	_	_	_	_	_
1331-9	PSB007	1331	persone:,	persone	linguistic	none	Intonation=weakly_rising	End=4368.26	6x1	_	_	_
1332-0	PSB007	1332	io	io	linguistic	none	_	Begin=4369.13	_	_	_	_
1332-1	PSB007	1332	dal	dal	linguistic	none	_	_	_	_	_	_
1332-2	PSB007	1332	mio	mio	linguistic	none	_	_	_	_	_	_
1332-3	PSB007	1332	tappetino	tappetino	linguistic	none	_	_	_	_	_	_
1332-4	PSB007	1332	faccio	faccio	linguistic	none	_	_	_	_	_	_
1332-5	PSB007	1332	così:,	così	linguistic	none	Intonation=weakly_rising	End=4371.44	3x1	_	_	_
1333-0	PSB007	1333	guardando	guardando	linguistic	none	_	Begin=4371.78	_	_	_	_
1333-1	PSB007	1333	cosa	cosa	linguistic	none	_	_	_	_	_	_
1333-2	PSB007	1333	fanno	fanno	linguistic	none	_	_	_	_	_	_
1333-3	PSB007	1333	gli	gli	linguistic	none	_	_	_	_	_	_
1333-4	PSB007	1333	altri:,	altri	linguistic	none	Intonation=weakly_rising	End=4373.64	4x1	_	_	_
1334-0	PSB007	1334	non	non	linguistic	none	_	Begin=4374.85	_	_	_	_
1334-1	PSB007	1334	c'	c'	linguistic	none	SpaceAfter=No	_	_	_	_	_
1334-2	PSB007	1334	è	è	linguistic	none	_	_	_	_	_	_
1334-3	PSB007	1334	niente,	niente	linguistic	none	Intonation=weakly_rising	End=4375.96	_	_	_	_
1335-0	PSB005	1335	{ride}	{ride}	nonverbalbehavior	none	_	Begin=4375.02|End=4375.95	_	_	_	_
1336-0	PSB007	1336	non	non	linguistic	none	_	Begin=4376.02	_	_	_	_
1336-1	PSB007	1336	c'	c'	linguistic	none	SpaceAfter=No	_	_	_	_	_
1336-2	PSB007	1336	è	è	linguistic	none	_	_	_	_	_	_
1336-3	PSB007	1336	proprio	proprio	linguistic	none	_	_	_	_	_	_
1336-4	PSB007	1336	nessun	nessun	linguistic	none	_	_	_	_	_	_
1336-5	PSB007	1336	movimento,	movimento	linguistic	none	Intonation=weakly_rising	End=4378.05	_	_	_	_
1337-0	PSB007	1337	quindi	quindi	linguistic	none	_	Begin=4378.24	_	_	_	_
1337-1	PSB007	1337	io	io	linguistic	none	_	_	_	_	_	_
1337-2	PSB007	1337	vedo	vedo	linguistic	none	_	_	_	_	_	_
1337-3	PSB007	1337	solo	solo	linguistic	none	_	_	_	_	_	_
1337-4	PSB007	1337	che	che	linguistic	none	_	_	_	_	_	_
1337-5	PSB007	1337	le	le	linguistic	none	_	_	_	_	_	_
1337-6	PSB007	1337	persone	persone	linguistic	none	_	_	_	_	_	_
1337-7	PSB007	1337	$respirono,	respirono	linguistic	none	Intonation=weakly_rising|Orthography=Yes	_	_	_	_	_
1337-8	PSB007	1337	quindi	quindi	linguistic	none	_	_	_	_	_	_
1337-9	PSB007	1337	questa	questa	linguistic	none	_	_	_	_	_	_
1337-10	PSB007	1337	parte	parte	linguistic	none	_	_	_	_	_	_
1337-11	PSB007	1337	dove	dove	linguistic	none	_	_	_	_	_	_
1337-12	PSB007	1337	c'	c'	linguistic	none	SpaceAfter=No	_	_	_	_	_
1337-13	PSB007	1337	è	è	linguistic	none	_	_	_	_	_	_
1337-14	PSB007	1337	la:	la	linguistic	none	_	_	1x1	_	_	_
1337-15	PSB007	1337	tora~	tora~	linguistic	none	Interrupted=Yes	_	_	_	_	_
1337-16	PSB007	1337	torace?	torace	linguistic	none	Intonation=rising	End=4383.54	_	_	_	_
1338-0	PSB005	1338	[mhmh]	mhmh	linguistic	none	_	Begin=4383.54|End=4383.76	_	_	_	0-4(?)
1339-0	PSB007	1339	sì	sì	linguistic	none	_	Begin=4383.77	_	_	_	_
1339-1	PSB007	1339	torace	torace	linguistic	none	_	End=4384.69	_	_	_	_
1340-0	PSB007	1340	si	si	linguistic	none	_	Begin=4384.95	_	_	_	_
1340-1	PSB007	1340	muove	muove	linguistic	none	_	_	_	_	_	_
1340-2	PSB007	1340	{P}	{P}	shortpause	none	_	_	_	_	_	_
1340-3	PSB007	1340	perché	perché	linguistic	none	_	_	_	_	_	_
1340-4	PSB007	1340	la::	la	linguistic	none	_	_	1x2	_	_	_
1340-5	PSB007	1340	eh	eh	linguistic	none	_	_	_	_	_	_
1340-6	PSB007	1340	la	la	linguistic	none	_	_	_	_	_	_
1340-7	PSB007	1340	ragazza	ragazza	linguistic	none	_	_	_	_	_	_
1340-8	PSB007	1340	dice	dice	linguistic	none	_	_	_	_	_	_
1340-9	PSB007	1340	ALLORA,	allora	linguistic	none	Intonation=weakly_rising|Volume=high	_	_	_	_	_
1340-10	PSB007	1340	DOBBIAMO	dobbiamo	linguistic	none	Volume=high	_	_	_	_	_
1340-11	PSB007	1340	FARE	fare	linguistic	none	Volume=high	_	_	_	_	_
1340-12	PSB007	1340	UN	un	linguistic	none	Volume=high	_	_	_	_	_
1340-13	PSB007	1340	RESPIRO	respiro	linguistic	none	Volume=high	_	_	_	_	_
1340-14	PSB007	1340	PROFO:NDO,	profondo	linguistic	none	Intonation=weakly_rising|Volume=high	_	4x1	_	_	_
1340-15	PSB007	1340	adesso::	adesso	linguistic	none	_	_	5x2	_	_	_
1340-16	PSB007	1340	e	e	linguistic	none	_	_	_	_	_	_
1340-17	PSB007	1340	mh	mh	linguistic	none	_	End=4393.43	_	_	_	_
1341-0	PSB007	1341	E	e	linguistic	none	Volume=high	Begin=4394.5	_	_	_	_
1341-1	PSB007	1341	ARRIVA	arriva	linguistic	none	Volume=high	_	_	_	_	_
1341-2	PSB007	1341	ANCORA	ancora	linguistic	none	Volume=high	_	_	_	_	_
1341-3	PSB007	1341	questa	questa	linguistic	none	_	_	_	_	_	_
1341-4	PSB007	1341	{ride}	{ride}	nonverbalbehavior	none	_	_	_	_	_	_
1341-5	PSB007	1341	questa	questa	linguistic	none	_	_	_	_	_	_
1341-6	PSB007	1341	cosa	cosa	linguistic	none	_	_	_	_	_	_
1341-7	PSB007	1341	di	di	linguistic	none	_	_	_	_	_	_
1341-8	PSB007	1341	chiudere	chiudere	linguistic	none	_	_	_	_	_	_
1341-9	PSB007	1341	il	il	linguistic	none	_	_	_	_	_	_
1341-10	PSB007	1341	pavimento	pavimento	linguistic	none	_	_	_	_	_	_
1341-11	PSB007	1341	termico	termico	linguistic	none	_	End=4398.61	_	_	_	_
1342-0	PSB007	1342	ho	ho	linguistic	none	_	Begin=4400.87	_	_	_	_
1342-1	PSB007	1342	deciso	deciso	linguistic	none	_	_	_	_	_	_
1342-2	PSB007	1342	di	di	linguistic	none	_	_	_	_	_	_
1342-3	PSB007	1342	provare:,	provare	linguistic	none	Intonation=weakly_rising	End=4402.3	6x1	_	_	_
1343-0	PSB007	1343	la	la	linguistic	none	_	Begin=4402.88	_	_	_	_
1343-1	PSB007	1343	temperatura	temperatura	linguistic	none	_	_	_	_	_	_
1343-2	PSB007	1343	del	del	linguistic	none	_	_	_	_	_	_
1343-3	PSB007	1343	pavimento	pavimento	linguistic	none	_	End=4404.65	_	_	_	_
1344-0	PSB005	1344	{ride}	{ride}	nonverbalbehavior	none	_	Begin=4403.29|End=4405.15	_	_	_	_
1345-0	PSB007	1345	perché	perché	linguistic	none	_	Begin=4405.88	_	_	_	_
1345-1	PSB007	1345	mi	mi	linguistic	none	_	_	_	_	_	_
1345-2	PSB007	1345	è	è	linguistic	none	_	_	_	_	_	_
1345-3	PSB007	1345	arrivato	arrivato	linguistic	none	_	_	_	_	_	_
1345-4	PSB007	1345	un	un	linguistic	none	_	_	_	_	_	_
1345-5	PSB007	1345	pensiero:,	pensiero	linguistic	none	Intonation=weakly_rising	_	7x1	_	_	_
1345-6	PSB007	1345	magari	magari	linguistic	none	_	_	_	_	_	_
1345-7	PSB007	1345	io	io	linguistic	none	_	_	_	_	_	_
1345-8	PSB007	1345	devo	devo	linguistic	none	_	_	_	_	_	_
1345-9	PSB007	1345	spostarmi	spostarmi	linguistic	none	_	_	_	_	_	_
1345-10	PSB007	1345	in	in	linguistic	none	_	_	_	_	_	_
1345-11	PSB007	1345	qualche	qualche	linguistic	none	_	_	_	_	_	_
1345-12	PSB007	1345	modo,	modo	linguistic	none	Intonation=weakly_rising	_	_	_	_	_
1345-13	PSB007	1345	quando	quando	linguistic	none	_	_	_	_	_	_
1345-14	PSB007	1345	la	la	linguistic	none	_	_	_	_	_	_
1345-15	PSB007	1345	schiena:	schiena	linguistic	none	_	_	6x1	_	_	_
1345-16	PSB007	1345	è	è	linguistic	none	_	_	_	_	_	_
1345-17	PSB007	1345	proprio	proprio	linguistic	none	_	_	_	_	_	_
1345-18	PSB007	1345	tutta	tutta	linguistic	none	_	_	_	_	_	_
1345-19	PSB007	1345	sdraiata	sdraiata	linguistic	none	_	_	_	_	_	_
1345-20	PSB007	1345	sul	sul	linguistic	none	_	_	_	_	_	_
1345-21	PSB007	1345	pavimento	pavimento	linguistic	none	_	_	_	_	_	_
1345-22	PSB007	1345	e	e	linguistic	none	_	_	_	_	_	_
1345-23	PSB007	1345	come	come	linguistic	none	_	_	_	_	_	_
1345-24	PSB007	1345	come	come	linguistic	none	_	_	_	_	_	_
1345-25	PSB007	1345	se	se	linguistic	none	_	_	_	_	_	_
1345-26	PSB007	1345	fossi	fossi	linguistic	none	_	_	_	_	_	_
1345-27	PSB007	1345	{P}	{P}	shortpause	none	_	_	_	_	_	_
1345-28	PSB007	1345	il	il	linguistic	none	_	_	_	_	_	_
1345-29	PSB007	1345	pavimento	pavimento	linguistic	none	_	_	_	_	_	_
1345-30	PSB007	1345	<chiuso>	chiuso	linguistic	none	_	_	_	Slow=0-6(0)	_	_
1345-31	PSB007	1345	da	da	linguistic	none	_	_	_	_	_	_
1345-32	PSB007	1345	da	da	linguistic	none	_	_	_	_	_	_
1345-33	PSB007	1345	>me<	me	linguistic	none	_	End=4417.24	_	Fast=0-2(0)	_	_
1346-0	PSB007	1346	no	no	linguistic	none	_	Begin=4418.6|End=4419.03	_	_	_	_
1347-0	PSB007	1347	FREDDISSIMO	freddissimo	linguistic	none	Volume=high	Begin=4419.11	_	_	_	_
1347-1	PSB007	1347	{ride}	{ride}	nonverbalbehavior	none	_	End=4420.24	_	_	_	_
1348-0	PSB005	1348	{ride}	{ride}	nonverbalbehavior	none	_	Begin=4420.26|End=4420.84	_	_	_	_
1349-0	PSB007	1349	dopo	dopo	linguistic	none	_	Begin=4421.47	_	_	_	_
1349-1	PSB007	1349	terza	terza	linguistic	none	_	_	_	_	_	_
1349-2	PSB007	1349	volta,	volta	linguistic	none	Intonation=weakly_rising	End=4422.83	_	_	_	_
1350-0	PSB007	1350	quando	quando	linguistic	none	_	Begin=4423.45	_	_	_	_
1350-1	PSB007	1350	lei	lei	linguistic	none	_	_	_	_	_	_
1350-2	PSB007	1350	ha	ha	linguistic	none	_	_	_	_	_	_
1350-3	PSB007	1350	ripetuto	ripetuto	linguistic	none	_	_	_	_	_	_
1350-4	PSB007	1350	questa	questa	linguistic	none	_	_	_	_	_	_
1350-5	PSB007	1350	cosa	cosa	linguistic	none	_	_	_	_	_	_
1350-6	PSB007	1350	io	io	linguistic	none	_	_	_	_	_	_
1350-7	PSB007	1350	(°decido°)	decido	linguistic	none	Volume=low	_	_	_	0-6(0)	_
1350-8	PSB007	1350	allora	allora	linguistic	none	_	_	_	_	_	_
1350-9	PSB007	1350	adesso	adesso	linguistic	none	_	_	_	_	_	_
1350-10	PSB007	1350	io	io	linguistic	none	_	_	_	_	_	_
1350-11	PSB007	1350	faccio	faccio	linguistic	none	_	_	_	_	_	_
1350-12	PSB007	1350	la	la	linguistic	none	_	_	_	_	_	_
1350-13	PSB007	1350	domanda,	domanda	linguistic	none	Intonation=weakly_rising	End=4427.48	_	_	_	_
1351-0	PSB007	1351	E	e	linguistic	none	Volume=high	Begin=4428.91	_	_	_	_
1351-1	PSB007	1351	L'	l'	linguistic	none	SpaceAfter=No|Volume=high	_	_	_	_	_
1351-2	PSB007	1351	ALTRO:	altro	linguistic	none	Volume=high	End=4430.15	4x1	_	_	_
1352-0	PSB007	1352	c'	c'	linguistic	none	SpaceAfter=No	Begin=4430.34	_	_	_	_
1352-1	PSB007	1352	era	era	linguistic	none	_	_	_	_	_	_
1352-2	PSB007	1352	anche	anche	linguistic	none	_	_	_	_	_	_
1352-3	PSB007	1352	signore,	signore	linguistic	none	Intonation=weakly_rising	End=4431.63	_	_	_	_
1353-0	PSB007	1353	e	e	linguistic	none	_	Begin=4432.5	_	_	_	_
1353-1	PSB007	1353	lui	lui	linguistic	none	_	_	_	_	_	_
1353-2	PSB007	1353	per	per	linguistic	none	_	_	_	_	_	_
1353-3	PSB007	1353	fortuna	fortuna	linguistic	none	_	_	_	_	_	_
1353-4	PSB007	1353	dice	dice	linguistic	none	_	End=4434.05	_	_	_	_
1354-0	PSB007	1354	<scusi>	scusi	linguistic	none	_	Begin=4434.58	_	Slow=0-5(0)	_	_
1354-1	PSB007	1354	ma	ma	linguistic	none	_	_	_	_	_	_
1354-2	PSB007	1354	parliamo	parliamo	linguistic	none	_	_	_	_	_	_
1354-3	PSB007	1354	degli	degli	linguistic	none	_	_	_	_	_	_
1354-4	PSB007	1354	esercizi	esercizi	linguistic	none	_	_	_	_	_	_
1354-5	PSB007	1354	di	di	linguistic	none	_	_	_	_	_	_
1354-6	PSB007	1354	kegel	kegel	linguistic	none	_	End=4438.52	_	_	_	_
1355-0	PSB007	1355	e	e	linguistic	none	_	Begin=4440.04	_	_	_	_
1355-1	PSB007	1355	kegel	kegel	linguistic	none	_	_	_	_	_	_
1355-2	PSB007	1355	è	è	linguistic	none	_	_	_	_	_	_
1355-3	PSB007	1355	un	un	linguistic	none	_	_	_	_	_	_
1355-4	PSB007	1355	un	un	linguistic	none	_	_	_	_	_	_
1355-5	PSB007	1355	cognome,	cognome	linguistic	none	Intonation=weakly_rising	End=4442.08	_	_	_	_
1356-0	PSB007	1356	anche	anche	linguistic	none	_	Begin=4442.54	_	_	_	_
1356-1	PSB007	1356	nella	nella	linguistic	none	_	_	_	_	_	_
1356-2	PSB007	1356	n~	n~	linguistic	none	Interrupted=Yes	_	_	_	_	_
1356-3	PSB007	1356	[è	è	linguistic	none	_	_	_	_	_	0-1(205)
1356-4	PSB007	1356	uno	uno	linguistic	none	_	_	_	_	_	0-3(205)
1356-5	PSB007	1356	strani]ero,	straniero	linguistic	none	Intonation=weakly_rising	_	_	_	_	0-6(205)
1356-6	PSB007	1356	quindi	quindi	linguistic	none	_	_	_	_	_	_
1356-7	PSB007	1356	anche	anche	linguistic	none	_	_	_	_	_	_
1356-8	PSB007	1356	nella	nella	linguistic	none	_	_	_	_	_	_
1356-9	PSB007	1356	nostra	nostra	linguistic	none	_	_	_	_	_	_
1356-10	PSB007	1356	lingua,	lingua	linguistic	none	Intonation=weakly_rising	_	_	_	_	_
1356-11	PSB007	1356	lui	lui	linguistic	none	_	_	_	_	_	_
1356-12	PSB007	1356	è	è	linguistic	none	_	_	_	_	_	_
1356-13	PSB007	1356	kegel,	kegel	linguistic	none	Intonation=weakly_rising	End=4447.02	_	_	_	_
1357-0	PSB005	1357	[ah	ah	linguistic	none	_	Begin=4443.61	_	_	_	0-2(205)
1357-1	PSB005	1357	okay]	okay	linguistic	none	_	End=4444.19	_	_	_	0-4(205)
1358-0	PSB005	1358	okay	okay	linguistic	none	_	Begin=4447.14	_	_	_	_
1358-1	PSB005	1358	ma	ma	linguistic	none	_	_	_	_	_	_
1358-2	PSB005	1358	io	io	linguistic	none	_	_	_	_	_	_
1358-3	PSB005	1358	non	non	linguistic	none	_	_	_	_	_	_
1358-4	PSB005	1358	so	so	linguistic	none	_	_	_	_	_	_
1358-5	PSB005	1358	chi	chi	linguistic	none	_	_	_	_	_	_
1358-6	PSB005	1358	è	è	linguistic	none	_	_	_	_	_	_
1358-7	PSB005	1358	s~	s~	linguistic	none	Interrupted=Yes	End=4448.9	_	_	_	_
1359-0	PSB007	1359	IO	io	linguistic	none	Volume=high	Begin=4448.91	_	_	_	_
1359-1	PSB007	1359	PER	per	linguistic	none	Volume=high	_	_	_	_	_
1359-2	PSB007	1359	FORTUNA	fortuna	linguistic	none	Volume=high	_	_	_	_	_
1359-3	PSB007	1359	HO	ho	linguistic	none	Volume=high	_	_	_	_	_
1359-4	PSB007	1359	CAPITO	capito	linguistic	none	Volume=high	_	_	_	_	_
1359-5	PSB007	1359	{ride}	{ride}	nonverbalbehavior	none	_	_	_	_	_	_
1359-6	PSB007	1359	DOVE	dove	linguistic	none	Volume=high	_	_	_	_	_
1359-7	PSB007	1359	SI	si	linguistic	none	Volume=high	_	_	_	_	_
1359-8	PSB007	1359	TROVANO	trovano	linguistic	none	Volume=high	_	_	_	_	_
1359-9	PSB007	1359	QUESTI	questi	linguistic	none	Volume=high	_	_	_	_	_
1359-10	PSB007	1359	MUSCOLI	muscoli	linguistic	none	Volume=high	End=4454.09	_	_	_	_
1360-0	PSB005	1360	{ride}	{ride}	nonverbalbehavior	none	_	Begin=4452.81|End=4454.07	_	_	_	_
1361-0	PSB007	1361	PER	per	linguistic	none	Volume=high	Begin=4454.2	_	_	_	_
1361-1	PSB007	1361	FARE	fare	linguistic	none	Volume=high	_	_	_	_	_
1361-2	PSB007	1361	GLI	gli	linguistic	none	Volume=high	_	_	_	_	_
1361-3	PSB007	1361	ESERCIZI	esercizi	linguistic	none	Volume=high	_	_	_	_	_
1361-4	PSB007	1361	DI	di	linguistic	none	Volume=high	_	_	_	_	_
1361-5	PSB007	1361	KEGEL	kegel	linguistic	none	Volume=high	_	_	_	_	_
1361-6	PSB007	1361	{ride}	{ride}	nonverbalbehavior	none	_	End=4456.39	_	_	_	_
1362-0	PSB005	1362	{ride}	{ride}	nonverbalbehavior	none	_	Begin=4456.4|End=4456.72	_	_	_	_
1363-0	PSB007	1363	perché	perché	linguistic	none	_	Begin=4456.67	_	_	_	_
1363-1	PSB007	1363	ovviamente	ovviamente	linguistic	none	_	_	_	_	_	_
1363-2	PSB007	1363	non	non	linguistic	none	_	_	_	_	_	_
1363-3	PSB007	1363	è	è	linguistic	none	_	_	_	_	_	_
1363-4	PSB007	1363	pavimento	pavimento	linguistic	none	_	_	_	_	_	_
1363-5	PSB007	1363	<termico>	termico	linguistic	none	_	_	_	Slow=0-7(0)	_	_
1363-6	PSB007	1363	è	è	linguistic	none	_	_	_	_	_	_
1363-7	PSB007	1363	un	un	linguistic	none	_	_	_	_	_	_
1363-8	PSB007	1363	pavimento	pavimento	linguistic	none	_	_	_	_	_	_
1363-9	PSB007	1363	<PELVIC[O:]>	pelvico	linguistic	none	Volume=high	End=4460.7	6x1	Slow=0-7(1)	_	6-7(206)
1364-0	PSB005	1364	[e]satto	esatto	linguistic	none	_	Begin=4460.63	_	_	_	0-1(?)
1364-1	PSB005	1364	sì	sì	linguistic	none	_	_	_	_	_	_
1364-2	PSB005	1364	{ride}	{ride}	nonverbalbehavior	none	_	End=4463.01	_	_	_	_
1365-0	PSB007	1365	MA	ma	linguistic	none	Volume=high	Begin=4461.67	_	_	_	_
1365-1	PSB007	1365	QUANDO	quando	linguistic	none	Volume=high	_	_	_	_	_
1365-2	PSB007	1365	C'	c'	linguistic	none	SpaceAfter=No|Volume=high	_	_	_	_	_
1365-3	PSB007	1365	È	è	linguistic	none	Volume=high	_	_	_	_	_
1365-4	PSB007	1365	LA	la	linguistic	none	Volume=high	_	_	_	_	_
1365-5	PSB007	1365	PRONUNCIA	pronuncia	linguistic	none	Volume=high	_	_	_	_	_
1365-6	PSB007	1365	NON	non	linguistic	none	Volume=high	_	_	_	_	_
1365-7	PSB007	1365	CHIARA:,	chiara	linguistic	none	Intonation=weakly_rising|Volume=high	_	5x1	_	_	_
1365-8	PSB007	1365	NON	non	linguistic	none	Volume=high	_	_	_	_	_
1365-9	PSB007	1365	S~	s~	linguistic	none	Interrupted=Yes|Volume=high	_	_	_	_	_
1365-10	PSB007	1365	NON	non	linguistic	none	Volume=high	_	_	_	_	_
1365-11	PSB007	1365	È	è	linguistic	none	Volume=high	_	_	_	_	_
1365-12	PSB007	1365	CHIARO	chiaro	linguistic	none	Volume=high	_	_	_	_	_
1365-13	PSB007	1365	DOVE	dove	linguistic	none	Volume=high	_	_	_	_	_
1365-14	PSB007	1365	SI	si	linguistic	none	Volume=high	_	_	_	_	_
1365-15	PSB007	1365	{P}	{P}	shortpause	none	_	_	_	_	_	_
1365-16	PSB007	1365	>CAVOLO<	cavolo	linguistic	none	Volume=high	_	_	Fast=0-6(0)	_	_
1365-17	PSB007	1365	SI	si	linguistic	none	Volume=high	_	_	_	_	_
1365-18	PSB007	1365	TROVA	trova	linguistic	none	Volume=high	_	_	_	_	_
1365-19	PSB007	1365	QUESTO	questo	linguistic	none	Volume=high	_	_	_	_	_
1365-20	PSB007	1365	PAVIMENTO:	pavimento	linguistic	none	Volume=high	End=4468.62	8x1	_	_	_
1366-0	PSB005	1366	{ride}	{ride}	nonverbalbehavior	none	_	Begin=4465.67|End=4469.56	_	_	_	_
1367-0	PSB007	1367	CIOÈ	cioè	linguistic	none	Volume=high	Begin=4469.58	_	_	_	_
1367-1	PSB007	1367	È	è	linguistic	none	Volume=high	_	_	_	_	_
1367-2	PSB007	1367	CHIARO	chiaro	linguistic	none	Volume=high	_	_	_	_	_
1367-3	PSB007	1367	SOLO	solo	linguistic	none	Volume=high	_	_	_	_	_
1367-4	PSB007	1367	CHE	che	linguistic	none	Volume=high	_	_	_	_	_
1367-5	PSB007	1367	È	è	linguistic	none	Volume=high	_	_	_	_	_
1367-6	PSB007	1367	UNA	una	linguistic	none	Volume=high	_	_	_	_	_
1367-7	PSB007	1367	COSA	cosa	linguistic	none	Volume=high	_	_	_	_	_
1367-8	PSB007	1367	{P}	{P}	shortpause	none	_	_	_	_	_	_
1367-9	PSB007	1367	GIÙ,	giù	linguistic	none	Intonation=weakly_rising|Volume=high	_	_	_	_	_
1367-10	PSB007	1367	IN	in	linguistic	none	Volume=high	_	_	_	_	_
1367-11	PSB007	1367	BAS[SO	basso	linguistic	none	Volume=high	_	_	_	_	3-5(208)
1367-12	PSB007	1367	sì	sì	linguistic	none	_	_	_	_	_	0-2(208)
1367-13	PSB007	1367	in]	in	linguistic	none	_	_	_	_	_	0-2(208)
1367-14	PSB007	1367	basso	basso	linguistic	none	_	_	_	_	_	_
1367-15	PSB007	1367	xxx	x	unknown	none	_	_	_	_	_	_
1367-16	PSB007	1367	indie~	indie~	linguistic	none	Interrupted=Yes	_	_	_	_	_
1367-17	PSB007	1367	è	è	linguistic	none	_	_	_	_	_	_
1367-18	PSB007	1367	un	un	linguistic	none	_	_	_	_	_	_
1367-19	PSB007	1367	pavimento,	pavimento	linguistic	none	Intonation=weakly_rising	_	_	_	_	_
1367-20	PSB007	1367	e	e	linguistic	none	_	_	_	_	_	_
1367-21	PSB007	1367	va	va	linguistic	none	_	_	_	_	_	_
1367-22	PSB007	1367	bene	bene	linguistic	none	_	_	_	_	_	_
1367-23	PSB007	1367	quindi	quindi	linguistic	none	_	End=4476.7	_	_	_	_
1368-0	PSB005	1368	[sì	sì	linguistic	none	_	Begin=4472.6	_	_	_	0-2(208)
1368-1	PSB005	1368	sì	sì	linguistic	none	_	_	_	_	_	0-2(208)
1368-2	PSB005	1368	sì]	sì	linguistic	none	_	End=4473.35	_	_	_	0-2(208)
1369-0	PSB005	1369	{ride}	{ride}	nonverbalbehavior	none	_	Begin=4476.98|End=4478.36	_	_	_	_
1370-0	PSB007	1370	{ride}	{ride}	nonverbalbehavior	none	_	Begin=4476.98	_	_	_	_
1370-1	PSB007	1370	per	per	linguistic	none	_	_	_	_	_	_
1370-2	PSB007	1370	questa	questa	linguistic	none	_	_	_	_	_	_
1370-3	PSB007	1370	PARTE::,	parte	linguistic	none	Intonation=weakly_rising|Volume=high	End=4478.36	4x2	_	_	_
1371-0	PSB005	1371	e:	e	linguistic	none	_	Begin=4479.03	0x1	_	_	_
1371-1	PSB005	1371	ci	ci	linguistic	none	_	_	_	_	_	_
1371-2	PSB005	1371	sono	sono	linguistic	none	_	_	_	_	_	_
1371-3	PSB005	1371	stati	stati	linguistic	none	_	_	_	_	_	_
1371-4	PSB005	1371	altri	altri	linguistic	none	_	_	_	_	_	_
1371-5	PSB005	1371	episod[i	episodi	linguistic	none	_	_	_	_	_	6-7(209)
1371-6	PSB005	1371	divertenti]	divertenti	linguistic	none	_	_	_	_	_	0-10(209)
1371-7	PSB005	1371	con	con	linguistic	none	_	_	_	_	_	_
1371-8	PSB005	1371	l'	l'	linguistic	none	SpaceAfter=No	_	_	_	_	_
1371-9	PSB005	1371	italiano?	italiano	linguistic	none	Intonation=rising	End=4482.55	_	_	_	_
1372-0	PSB007	1372	[O::H]	oh	linguistic	none	Volume=high	Begin=4480.57|End=4481.55	0x2	_	_	0-2(209)
1373-0	PSB007	1373	sì:	sì	linguistic	none	_	Begin=4483.59	1x1	_	_	_
1373-1	PSB007	1373	ne	ne	linguistic	none	_	_	_	_	_	_
1373-2	PSB007	1373	sono	sono	linguistic	none	_	_	_	_	_	_
1373-3	PSB007	1373	tanti:::	tanti	linguistic	none	_	_	4x3	_	_	_
1373-4	PSB007	1373	ma	ma	linguistic	none	_	_	_	_	_	_
1373-5	PSB007	1373	m:h	mh	linguistic	none	_	_	0x1	_	_	_
1373-6	PSB007	1373	purtroppo	purtroppo	linguistic	none	_	_	_	_	_	_
1373-7	PSB007	1373	io::eh	ioeh	linguistic	none	_	_	1x2	_	_	_
1373-8	PSB007	1373	sempre	sempre	linguistic	none	_	_	_	_	_	_
1373-9	PSB007	1373	dimentico	dimentico	linguistic	none	_	_	_	_	_	_
1373-10	PSB007	1373	queste	queste	linguistic	none	_	_	_	_	_	_
1373-11	PSB007	1373	cose:,	cose	linguistic	none	Intonation=weakly_rising	End=4490.04	3x1	_	_	_
1374-0	PSB007	1374	EH	eh	linguistic	none	Volume=high	Begin=4490.36	_	_	_	_
1374-1	PSB007	1374	QUESTE	queste	linguistic	none	Volume=high	_	_	_	_	_
1374-2	PSB007	1374	SITUAZIONI	situazioni	linguistic	none	Volume=high	_	_	_	_	_
1374-3	PSB007	1374	in	in	linguistic	none	_	_	_	_	_	_
1374-4	PSB007	1374	palestra	palestra	linguistic	none	_	_	_	_	_	_
1374-5	PSB007	1374	è	è	linguistic	none	_	_	_	_	_	_
1374-6	PSB007	1374	successo	successo	linguistic	none	_	_	_	_	_	_
1374-7	PSB007	1374	xx	x	unknown	none	_	_	_	_	_	_
1374-8	PSB007	1374	solo	solo	linguistic	none	_	_	_	_	_	_
1374-9	PSB007	1374	una	una	linguistic	none	_	_	_	_	_	_
1374-10	PSB007	1374	settimana	settimana	linguistic	none	_	_	_	_	_	_
1374-11	PSB007	1374	°fia°	fia	linguistic	none	Volume=low	_	_	_	_	_
1374-12	PSB007	1374	fa	fa	linguistic	none	_	_	_	_	_	_
1374-13	PSB007	1374	quindi	quindi	linguistic	none	_	_	_	_	_	_
1374-14	PSB007	1374	è	è	linguistic	none	_	_	_	_	_	_
1374-15	PSB007	1374	abbastanza	abbastanza	linguistic	none	_	_	_	_	_	_
1374-16	PSB007	1374	recente:,	recente	linguistic	none	Intonation=weakly_rising	End=4496.21	6x1	_	_	_
1375-0	PSB005	1375	{ride}	{ride}	nonverbalbehavior	none	_	Begin=4495.01|End=4496.46	_	_	_	_
1376-0	PSB007	1376	eh	eh	linguistic	none	_	Begin=4496.76	_	_	_	_
1376-1	PSB007	1376	ma	ma	linguistic	none	_	_	_	_	_	_
1376-2	PSB007	1376	sì	sì	linguistic	none	_	_	_	_	_	_
1376-3	PSB007	1376	sì	sì	linguistic	none	_	_	_	_	_	_
1376-4	PSB007	1376	e::h	eh	linguistic	none	_	_	0x2	_	_	_
1376-5	PSB007	1376	mh	mh	linguistic	none	_	_	_	_	_	_
1376-6	PSB007	1376	io::	io	linguistic	none	_	_	1x2	_	_	_
1376-7	PSB007	1376	m::h	mh	linguistic	none	_	_	0x2	_	_	_
1376-8	PSB007	1376	ovviamente	ovviamente	linguistic	none	_	_	_	_	_	_
1376-9	PSB007	1376	non	non	linguistic	none	_	_	_	_	_	_
1376-10	PSB007	1376	non	non	linguistic	none	_	_	_	_	_	_
1376-11	PSB007	1376	non	non	linguistic	none	_	_	_	_	_	_
1376-12	PSB007	1376	non	non	linguistic	none	_	_	_	_	_	_
1376-13	PSB007	1376	posso	posso	linguistic	none	_	_	_	_	_	_
1376-14	PSB007	1376	capire	capire	linguistic	none	_	_	_	_	_	_
1376-15	PSB007	1376	tutte	tutte	linguistic	none	_	_	_	_	_	_
1376-16	PSB007	1376	le	le	linguistic	none	_	_	_	_	_	_
1376-17	PSB007	1376	parole::	parole	linguistic	none	_	End=4503.18	5x2	_	_	_
1377-0	PSB007	1377	a	a	linguistic	none	_	Begin=4504.69	_	_	_	_
1377-1	PSB007	1377	volte::	volte	linguistic	none	_	_	4x2	_	_	_
1377-2	PSB007	1377	è	è	linguistic	none	_	_	_	_	_	_
1377-3	PSB007	1377	molto	molto	linguistic	none	_	_	_	_	_	_
1377-4	PSB007	1377	difficile::	difficile	linguistic	none	_	_	8x2	_	_	_
1377-5	PSB007	1377	e	e	linguistic	none	_	_	_	_	_	_
1377-6	PSB007	1377	quindi	quindi	linguistic	none	_	_	_	_	_	_
1377-7	PSB007	1377	faccio	faccio	linguistic	none	_	_	_	_	_	_
1377-8	PSB007	1377	questi	questi	linguistic	none	_	_	_	_	_	_
1377-9	PSB007	1377	confusioni,	confusioni	linguistic	none	Intonation=weakly_rising	End=4508.51	_	_	_	_
1378-0	PSB007	1378	UFF	uff	linguistic	none	Volume=high	Begin=4509.88	_	_	_	_
1378-1	PSB007	1378	{ride}	{ride}	nonverbalbehavior	none	_	End=4511.34	_	_	_	_
1379-0	PSB005	1379	{ride}	{ride}	nonverbalbehavior	none	_	Begin=4510.58|End=4511.31	_	_	_	_
1380-0	PSB005	1380	ma	ma	linguistic	none	_	Begin=4512.52	_	_	_	_
1380-1	PSB005	1380	io	io	linguistic	none	_	_	_	_	_	_
1380-2	PSB005	1380	i~	i~	linguistic	none	Interrupted=Yes	_	_	_	_	_
1380-3	PSB005	1380	la	la	linguistic	none	_	_	_	_	_	_
1380-4	PSB005	1380	migliore	migliore	linguistic	none	_	_	_	_	_	_
1380-5	PSB005	1380	che	che	linguistic	none	_	_	_	_	_	_
1380-6	PSB005	1380	è	è	linguistic	none	_	_	_	_	_	_
1380-7	PSB005	1380	successa	successa	linguistic	none	_	_	_	_	_	_
1380-8	PSB005	1380	a	a	linguistic	none	_	_	_	_	_	_
1380-9	PSB005	1380	me:,	me	linguistic	none	Intonation=weakly_rising	End=4514.8	1x1	_	_	_
1381-0	PSB005	1381	ci	ci	linguistic	none	_	Begin=4515.02	_	_	_	_
1381-1	PSB005	1381	stavo	stavo	linguistic	none	_	_	_	_	_	_
1381-2	PSB005	1381	pensando	pensando	linguistic	none	_	_	_	_	_	_
1381-3	PSB005	1381	l'	l'	linguistic	none	SpaceAfter=No	_	_	_	_	_
1381-4	PSB005	1381	altro	altro	linguistic	none	_	_	_	_	_	_
1381-5	PSB005	1381	giorno:	giorno	linguistic	none	_	_	5x1	_	_	_
1381-6	PSB005	1381	perché	perché	linguistic	none	_	_	_	_	_	_
1381-7	PSB005	1381	non::	non	linguistic	none	_	End=4517.69	2x2	_	_	_
1382-0	PSB005	1382	ne	ne	linguistic	none	_	Begin=4518.31	_	_	_	_
1382-1	PSB005	1382	volevo	volevo	linguistic	none	_	_	_	_	_	_
1382-2	PSB005	1382	trovare	trovare	linguistic	none	_	_	_	_	_	_
1382-3	PSB005	1382	una::	una	linguistic	none	_	End=4519.7	2x2	_	_	_
1383-0	PSB005	1383	molto	molto	linguistic	none	_	Begin=4520.53	_	_	_	_
1383-1	PSB005	1383	divertente,	divertente	linguistic	none	Intonation=weakly_rising	End=4521.69	_	_	_	_
1384-0	PSB005	1384	e::	e	linguistic	none	_	Begin=4522.41	0x2	_	_	_
1384-1	PSB005	1384	è	è	linguistic	none	_	_	_	_	_	_
1384-2	PSB005	1384	stato	stato	linguistic	none	_	_	_	_	_	_
1384-3	PSB005	1384	quando	quando	linguistic	none	_	_	_	_	_	_
1384-4	PSB005	1384	ero	ero	linguistic	none	_	_	_	_	_	_
1384-5	PSB005	1384	in	in	linguistic	none	_	_	_	_	_	_
1384-6	PSB005	1384	inghilterra::,	inghilterra	linguistic	none	Intonation=weakly_rising	_	10x2	_	_	_
1384-7	PSB005	1384	avevo	avevo	linguistic	none	_	_	_	_	_	_
1384-8	PSB005	1384	tipo	tipo	linguistic	none	_	_	_	_	_	_
1384-9	PSB005	1384	diciasette	diciasette	linguistic	none	_	_	_	_	_	_
1384-10	PSB005	1384	diciotto	diciotto	linguistic	none	_	_	_	_	_	_
1384-11	PSB005	1384	anni	anni	linguistic	none	_	_	_	_	_	_
1384-12	PSB005	1384	così:,	così	linguistic	none	Intonation=weakly_rising	End=4527.22	3x1	_	_	_
1385-0	PSB005	1385	ho	ho	linguistic	none	_	Begin=4527.98	_	_	_	_
1385-1	PSB005	1385	passato	passato	linguistic	none	_	_	_	_	_	_
1385-2	PSB005	1385	un	un	linguistic	none	_	_	_	_	_	_
1385-3	PSB005	1385	periodo	periodo	linguistic	none	_	_	_	_	_	_
1385-4	PSB005	1385	di	di	linguistic	none	_	_	_	_	_	_
1385-5	PSB005	1385	studi	studi	linguistic	none	_	_	_	_	_	_
1385-6	PSB005	1385	in	in	linguistic	none	_	_	_	_	_	_
1385-7	PSB005	1385	inghilterra:,	inghilterra	linguistic	none	Intonation=weakly_rising	_	10x1	_	_	_
1385-8	PSB005	1385	e	e	linguistic	none	_	_	_	_	_	_
1385-9	PSB005	1385	{P}	{P}	shortpause	none	_	_	_	_	_	_
1385-10	PSB005	1385	volevo	volevo	linguistic	none	_	_	_	_	_	_
1385-11	PSB005	1385	dire	dire	linguistic	none	_	_	_	_	_	_
1385-12	PSB005	1385	<ascella:>,	ascella	linguistic	none	Intonation=weakly_rising	End=4531.99	6x1	Slow=0-7(0)	_	_
1386-0	PSB005	1386	che	che	linguistic	some	_	Begin=4532.3	_	_	_	_
1386-1	PSB005	1386	si	si	linguistic	some	_	_	_	_	_	_
1386-2	PSB005	1386	dice	dice	linguistic	some	_	_	_	_	_	_
1386-3	PSB005	1386	#armpit	armpit	linguistic	some	Language=NO_ISO_CODE	End=4533.63	_	_	_	_
1387-0	PSB007	1387	mhmh	mhmh	linguistic	none	_	Begin=4534.08|End=4534.64	_	_	_	_
1388-0	PSB005	1388	solo	solo	linguistic	none	_	Begin=4534.67	_	_	_	_
1388-1	PSB005	1388	che	che	linguistic	none	_	_	_	_	_	_
1388-2	PSB005	1388	pit	pit	linguistic	none	_	_	_	_	_	_
1388-3	PSB005	1388	vuol	vuol	linguistic	none	_	_	_	_	_	_
1388-4	PSB005	1388	dire::	dire	linguistic	none	_	End=4536.31	3x2	_	_	_
1389-0	PSB005	1389	tipo	tipo	linguistic	none	_	Begin=4536.87	_	_	_	_
1389-1	PSB005	1389	pozzo:,	pozzo	linguistic	none	Intonation=weakly_rising	_	4x1	_	_	_
1389-2	PSB005	1389	buco:,	buco	linguistic	none	Intonation=weakly_rising	End=4538.39	3x1	_	_	_
1390-0	PSB007	1390	mh[mh]	mhmh	linguistic	none	_	Begin=4538.45|End=4539.03	_	_	_	2-4(210)
1391-0	PSB005	1391	[e	e	linguistic	none	_	Begin=4538.78	_	_	_	0-1(210)
1391-1	PSB005	1391	qui]ndi	quindi	linguistic	none	_	_	_	_	_	0-3(210)
1391-2	PSB005	1391	io::	io	linguistic	none	_	End=4539.69	1x2	_	_	_
1392-0	PSB005	1392	non	non	linguistic	some	_	Begin=4540.75	_	_	_	_
1392-1	PSB005	1392	mi	mi	linguistic	some	_	_	_	_	_	_
1392-2	PSB005	1392	ricordavo	ricordavo	linguistic	some	_	_	_	_	_	_
1392-3	PSB005	1392	bene	bene	linguistic	some	_	_	_	_	_	_
1392-4	PSB005	1392	la	la	linguistic	some	_	_	_	_	_	_
1392-5	PSB005	1392	parola	parola	linguistic	some	_	_	_	_	_	_
1392-6	PSB005	1392	e	e	linguistic	some	_	_	_	_	_	_
1392-7	PSB005	1392	ho	ho	linguistic	some	_	_	_	_	_	_
1392-8	PSB005	1392	detto	detto	linguistic	some	_	_	_	_	_	_
1392-9	PSB005	1392	#arm	arm	linguistic	some	Language=NO_ISO_CODE	_	_	_	_	_
1392-10	PSB005	1392	hole	hole	linguistic	some	_	End=4543.22	_	_	_	_
1393-0	PSB005	1393	che	che	linguistic	none	_	Begin=4544.22	_	_	_	_
1393-1	PSB005	1393	vuol	vuol	linguistic	none	_	_	_	_	_	_
1393-2	PSB005	1393	dire	dire	linguistic	none	_	_	_	_	_	_
1393-3	PSB005	1393	buco	buco	linguistic	none	_	_	_	_	_	_
1393-4	PSB005	1393	no?	no	linguistic	none	Intonation=rising	End=4545.62	_	_	_	_
1394-0	PSB005	1394	PERÒ	però	linguistic	none	Volume=high	Begin=4545.73	_	_	_	_
1394-1	PSB005	1394	ero	ero	linguistic	none	_	_	_	_	_	_
1394-2	PSB005	1394	con	con	linguistic	none	_	_	_	_	_	_
1394-3	PSB005	1394	una	una	linguistic	none	_	_	_	_	_	_
1394-4	PSB005	1394	ragazza	ragazza	linguistic	none	_	_	_	_	_	_
1394-5	PSB005	1394	inglese	inglese	linguistic	none	_	_	_	_	_	_
1394-6	PSB005	1394	british	british	linguistic	none	_	End=4549.32	_	_	_	_
1395-0	PSB007	1395	{ride}	{ride}	nonverbalbehavior	none	_	Begin=4546.59|End=4548.94	_	_	_	_
1396-0	PSB005	1396	perché	perché	linguistic	none	_	Begin=4549.54	_	_	_	_
1396-1	PSB005	1396	frequentavo	frequentavo	linguistic	none	_	_	_	_	_	_
1396-2	PSB005	1396	molto	molto	linguistic	none	_	_	_	_	_	_
1396-3	PSB005	1396	spesso	spesso	linguistic	none	_	_	_	_	_	_
1396-4	PSB005	1396	stranieri,	stranieri	linguistic	none	Intonation=weakly_rising	_	_	_	_	_
1396-5	PSB005	1396	però	però	linguistic	none	_	_	_	_	_	_
1396-6	PSB005	1396	avevo	avevo	linguistic	none	_	_	_	_	_	_
1396-7	PSB005	1396	anche	anche	linguistic	none	_	_	_	_	_	_
1396-8	PSB005	1396	qualche	qualche	linguistic	none	_	_	_	_	_	_
1396-9	PSB005	1396	amica	amica	linguistic	none	_	_	_	_	_	_
1396-10	PSB005	1396	proprio	proprio	linguistic	none	_	_	_	_	_	_
1396-11	PSB005	1396	di	di	linguistic	none	_	_	_	_	_	_
1396-12	PSB005	1396	lì	lì	linguistic	none	_	_	_	_	_	_
1396-13	PSB005	1396	e::	e	linguistic	none	_	End=4554.29	0x2	_	_	_
1397-0	PSB005	1397	ha	ha	linguistic	none	_	Begin=4554.61	_	_	_	_
1397-1	PSB005	1397	capito	capito	linguistic	none	_	_	_	_	_	_
1397-2	PSB005	1397	però	però	linguistic	none	_	_	_	_	_	_
1397-3	PSB005	1397	è	è	linguistic	none	_	_	_	_	_	_
1397-4	PSB005	1397	stato	stato	linguistic	none	_	_	_	_	_	_
1397-5	PSB005	1397	divertentissimo::	divertentissimo	linguistic	none	_	_	14x2	_	_	_
1397-6	PSB005	1397	è	è	linguistic	none	_	_	_	_	_	_
1397-7	PSB005	1397	stato	stato	linguistic	none	_	_	_	_	_	_
1397-8	PSB005	1397	molto	molto	linguistic	none	_	_	_	_	_	_
1397-9	PSB005	1397	divertente,	divertente	linguistic	none	Intonation=weakly_rising	_	_	_	_	_
1397-10	PSB005	1397	poi	poi	linguistic	none	_	_	_	_	_	_
1397-11	PSB005	1397	un'	un'	linguistic	none	SpaceAfter=No	_	_	_	_	_
1397-12	PSB005	1397	altra	altra	linguistic	none	_	_	_	_	_	_
1397-13	PSB005	1397	volta	volta	linguistic	none	_	_	_	_	_	_
1397-14	PSB005	1397	secondo	secondo	linguistic	none	_	_	_	_	_	_
1397-15	PSB005	1397	me:	me	linguistic	none	_	End=4560.32	1x1	_	_	_
1398-0	PSB005	1398	al	al	linguistic	some	_	Begin=4560.48	_	_	_	_
1398-1	PSB005	1398	posto	posto	linguistic	some	_	_	_	_	_	_
1398-2	PSB005	1398	di	di	linguistic	some	_	_	_	_	_	_
1398-3	PSB005	1398	dire	dire	linguistic	some	_	_	_	_	_	_
1398-4	PSB005	1398	#branch	branch	linguistic	some	Language=NO_ISO_CODE	End=4562.08	_	_	_	_
1399-0	PSB005	1399	per	per	linguistic	some	_	Begin=4562.25	_	_	_	_
1399-1	PSB005	1399	gli	gli	linguistic	some	_	_	_	_	_	_
1399-2	PSB005	1399	alberi:,	alberi	linguistic	some	Intonation=weakly_rising	_	5x1	_	_	_
1399-3	PSB005	1399	ho	ho	linguistic	some	_	_	_	_	_	_
1399-4	PSB005	1399	detto	detto	linguistic	some	_	_	_	_	_	_
1399-5	PSB005	1399	#arms	arms	linguistic	some	Language=NO_ISO_CODE	End=4564.48	_	_	_	_
1400-0	PSB005	1400	proprio	proprio	linguistic	none	_	Begin=4565.48	_	_	_	_
1400-1	PSB005	1400	le	le	linguistic	none	_	_	_	_	_	_
1400-2	PSB005	1400	braccia	braccia	linguistic	none	_	_	_	_	_	_
1400-3	PSB005	1400	dell'	dell'	linguistic	none	SpaceAfter=No	_	_	_	_	_
1400-4	PSB005	1400	albero	albero	linguistic	none	_	_	_	_	_	_
1400-5	PSB005	1400	{ride}	{ride}	nonverbalbehavior	none	_	End=4567.96	_	_	_	_
1401-0	PSB007	1401	{ride}	{ride}	nonverbalbehavior	none	_	Begin=4565.48|End=4566.93	_	_	_	_
1402-0	PSB005	1402	queste	queste	linguistic	none	_	Begin=4568.05	_	_	_	_
1402-1	PSB005	1402	sono	sono	linguistic	none	_	_	_	_	_	_
1402-2	PSB005	1402	le	le	linguistic	none	_	_	_	_	_	_
1402-3	PSB005	1402	due	due	linguistic	none	_	_	_	_	_	_
1402-4	PSB005	1402	migliori	migliori	linguistic	none	_	_	_	_	_	_
1402-5	PSB005	1402	che::	che	linguistic	none	_	_	2x2	_	_	_
1402-6	PSB005	1402	{ride}	{ride}	nonverbalbehavior	none	_	_	_	_	_	_
1402-7	PSB005	1402	che	che	linguistic	none	_	_	_	_	_	_
1402-8	PSB005	1402	che	che	linguistic	none	_	_	_	_	_	_
1402-9	PSB005	1402	mi	mi	linguistic	none	_	_	_	_	_	_
1402-10	PSB005	1402	sono	sono	linguistic	none	_	_	_	_	_	_
1402-11	PSB005	1402	suc[cesse	successe	linguistic	none	_	_	_	_	_	3-8(211)
1402-12	PSB005	1402	xx]	x	unknown	none	_	End=4571.8	_	_	_	0-2(211)
1403-0	PSB007	1403	[EH	eh	linguistic	none	Volume=high	Begin=4570.99	_	_	_	0-2(211)
1403-1	PSB007	1403	MA	ma	linguistic	none	Volume=high	_	_	_	_	0-2(211)
1403-2	PSB007	1403	VE]di::	vedi	linguistic	none	Volume=high	_	3x2	_	_	0-2(211)
1403-3	PSB007	1403	cioè	cioè	linguistic	none	_	_	_	_	_	_
1403-4	PSB007	1403	quando	quando	linguistic	none	_	_	_	_	_	_
1403-5	PSB007	1403	tu	tu	linguistic	none	_	_	_	_	_	_
1403-6	PSB007	1403	sei	sei	linguistic	none	_	_	_	_	_	_
1403-7	PSB007	1403	e:h	eh	linguistic	none	_	_	0x1	_	_	_
1403-8	PSB007	1403	tu	tu	linguistic	none	_	_	_	_	_	_
1403-9	PSB007	1403	sei	sei	linguistic	none	_	_	_	_	_	_
1403-10	PSB007	1403	straniera:,	straniera	linguistic	none	Intonation=weakly_rising	_	8x1	_	_	_
1403-11	PSB007	1403	per	per	linguistic	none	_	_	_	_	_	_
1403-12	PSB007	1403	te	te	linguistic	none	_	_	_	_	_	_
1403-13	PSB007	1403	sono	sono	linguistic	none	_	_	_	_	_	_
1403-14	PSB007	1403	le	le	linguistic	none	_	_	_	_	_	_
1403-15	PSB007	1403	le	le	linguistic	none	_	_	_	_	_	_
1403-16	PSB007	1403	sono	sono	linguistic	none	_	_	_	_	_	_
1403-17	PSB007	1403	solo	solo	linguistic	none	_	_	_	_	_	_
1403-18	PSB007	1403	le	le	linguistic	none	_	_	_	_	_	_
1403-19	PSB007	1403	parol[e:	parole	linguistic	none	_	_	5x1	_	_	5-6(212)
1403-20	PSB007	1403	quin]di:	quindi	linguistic	none	_	_	5x1	_	_	0-4(212)
1403-21	PSB007	1403	sì::	sì	linguistic	none	_	_	1x2	_	_	_
1403-22	PSB007	1403	una:	una	linguistic	none	_	_	2x1	_	_	_
1403-23	PSB007	1403	questa	questa	linguistic	none	_	_	_	_	_	_
1403-24	PSB007	1403	significato	significato	linguistic	none	_	_	_	_	_	_
1403-25	PSB007	1403	un'	un'	linguistic	none	SpaceAfter=No	_	_	_	_	_
1403-26	PSB007	1403	altra	altra	linguistic	none	_	_	_	_	_	_
1403-27	PSB007	1403	con	con	linguistic	none	_	_	_	_	_	_
1403-28	PSB007	1403	un	un	linguistic	none	_	_	_	_	_	_
1403-29	PSB007	1403	altro	altro	linguistic	none	_	_	_	_	_	_
1403-30	PSB007	1403	consonante	consonante	linguistic	none	_	_	_	_	_	_
1403-31	PSB007	1403	[non	non	linguistic	none	_	_	_	_	_	0-3(213)
1403-32	PSB007	1403	so	so	linguistic	none	_	_	_	_	_	0-2(213)
1403-33	PSB007	1403	ha	ha	linguistic	none	_	_	_	_	_	0-2(213)
1403-34	PSB007	1403	un	un	linguistic	none	_	_	_	_	_	0-2(213)
1403-35	PSB007	1403	altro	altro	linguistic	none	_	_	_	_	_	0-5(213)
1403-36	PSB007	1403	s~	s~	linguistic	none	Interrupted=Yes	_	_	_	_	0-2(213)
1403-37	PSB007	1403	($significale)	significale	linguistic	none	Orthography=Yes	_	_	_	0-12(0)	0-12(213)
1403-38	PSB007	1403	xx]	x	unknown	none	_	_	_	_	_	0-2(213)
1403-39	PSB007	1403	xx	x	unknown	none	_	End=4584.78	_	_	_	_
1404-0	PSB005	1404	{ride}	{ride}	nonverbalbehavior	none	_	Begin=4572.77|End=4573.31	_	_	_	_
1405-0	PSB005	1405	[eh	eh	linguistic	none	_	Begin=4577.32	_	_	_	0-2(212)
1405-1	PSB005	1405	sì]	sì	linguistic	none	_	End=4577.9	_	_	_	0-2(212)
1406-0	PSB005	1406	[sì	sì	linguistic	none	_	Begin=4581.75	_	_	_	0-2(213)
1406-1	PSB005	1406	s~	s~	linguistic	none	Interrupted=Yes	_	_	_	_	0-2(213)
1406-2	PSB005	1406	esatto	esatto	linguistic	none	_	_	_	_	_	0-6(213)
1406-3	PSB005	1406	sì	sì	linguistic	none	_	_	_	_	_	0-2(213)
1406-4	PSB005	1406	{P}	{P}	shortpause	none	_	_	_	_	_	0-3(213)
1406-5	PSB005	1406	sì	sì	linguistic	none	_	_	_	_	_	0-2(213)
1406-6	PSB005	1406	sì	sì	linguistic	none	_	_	_	_	_	0-2(213)
1406-7	PSB005	1406	sì	sì	linguistic	none	_	_	_	_	_	0-2(213)
1406-8	PSB005	1406	infatti]	infatti	linguistic	none	_	End=4584.47	_	_	_	0-7(213)
1407-0	PSB005	1407	{ride}	{ride}	nonverbalbehavior	none	_	Begin=4584.79|End=4585.6	_	_	_	_
1408-0	PSB007	1408	E:H	eh	linguistic	none	Volume=high	Begin=4585.61|End=4586.4	0x1	_	_	_
1409-0	PSB007	1409	capitano	capitano	linguistic	none	_	Begin=4586.69	_	_	_	_
1409-1	PSB007	1409	{ride}	{ride}	nonverbalbehavior	none	_	End=4588.09	_	_	_	_
1410-0	PSB005	1410	però	però	linguistic	none	_	Begin=4588.53	_	_	_	_
1410-1	PSB005	1410	mi	mi	linguistic	none	_	_	_	_	_	_
1410-2	PSB005	1410	sembra	sembra	linguistic	none	_	_	_	_	_	_
1410-3	PSB005	1410	che	che	linguistic	none	_	_	_	_	_	_
1410-4	PSB005	1410	in	in	linguistic	none	_	_	_	_	_	_
1410-5	PSB005	1410	generale	generale	linguistic	none	_	_	_	_	_	_
1410-6	PSB005	1410	non	non	linguistic	none	_	_	_	_	_	_
1410-7	PSB005	1410	hai	hai	linguistic	none	_	_	_	_	_	_
1410-8	PSB005	1410	nessun	nessun	linguistic	none	_	_	_	_	_	_
1410-9	PSB005	1410	problema	problema	linguistic	none	_	_	_	_	_	_
1410-10	PSB005	1410	con	con	linguistic	none	_	_	_	_	_	_
1410-11	PSB005	1410	la	la	linguistic	none	_	_	_	_	_	_
1410-12	PSB005	1410	lingua:	lingua	linguistic	none	_	_	5x1	_	_	_
1410-13	PSB005	1410	comunque	comunque	linguistic	none	_	_	_	_	_	_
1410-14	PSB005	1410	no?	no	linguistic	none	Intonation=rising	End=4592.21	_	_	_	_
1411-0	PSB007	1411	[E::H]	eh	linguistic	none	Volume=high	Begin=4593.44|End=4594.38	0x2	_	_	0-2(214)
1412-0	PSB005	1412	[di	di	linguistic	none	_	Begin=4593.64	_	_	_	0-2(214)
1412-1	PSB005	1412	ada]ttamento	adattamento	linguistic	none	_	_	_	_	_	0-3(214)
1412-2	PSB005	1412	al	al	linguistic	none	_	End=4595.08	_	_	_	_
1413-0	PSB005	1413	alla	alla	linguistic	none	_	Begin=4595.74	_	_	_	_
1413-1	PSB005	1413	vita	vita	linguistic	none	_	_	_	_	_	_
1413-2	PSB005	1413	bolognese	bolognese	linguistic	none	_	_	_	_	_	_
1413-3	PSB005	1413	{ride}	{ride}	nonverbalbehavior	none	_	End=4597.29	_	_	_	_
1414-0	PSB007	1414	e:h	eh	linguistic	none	_	Begin=4597.58	0x1	_	_	_
1414-1	PSB007	1414	m::h	mh	linguistic	none	_	_	0x2	_	_	_
1414-2	PSB007	1414	allora	allora	linguistic	none	_	_	_	_	_	_
1414-3	PSB007	1414	eh	eh	linguistic	none	_	_	_	_	_	_
1414-4	PSB007	1414	se	se	linguistic	none	_	_	_	_	_	_
1414-5	PSB007	1414	parliamo	parliamo	linguistic	none	_	_	_	_	_	_
1414-6	PSB007	1414	dei	dei	linguistic	none	_	_	_	_	_	_
1414-7	PSB007	1414	proprio	proprio	linguistic	none	_	_	_	_	_	_
1414-8	PSB007	1414	problemi:,	problemi	linguistic	none	Intonation=weakly_rising	End=4602.7	7x1	_	_	_
1415-0	PSB007	1415	e::h	eh	linguistic	none	_	Begin=4603.24	0x2	_	_	_
1415-1	PSB007	1415	mh	mh	linguistic	none	_	End=4604.0	_	_	_	_
1416-0	PSB007	1416	magari	magari	linguistic	none	_	Begin=4604.34	_	_	_	_
1416-1	PSB007	1416	mi	mi	linguistic	none	_	_	_	_	_	_
1416-2	PSB007	1416	sento	sento	linguistic	none	_	_	_	_	_	_
1416-3	PSB007	1416	in	in	linguistic	none	_	_	_	_	_	_
1416-4	PSB007	1416	difficoltà	difficoltà	linguistic	none	_	_	_	_	_	_
1416-5	PSB007	1416	quando	quando	linguistic	none	_	_	_	_	_	_
1416-6	PSB007	1416	devo	devo	linguistic	none	_	_	_	_	_	_
1416-7	PSB007	1416	<parlare>	parlare	linguistic	none	_	_	_	Slow=0-7(0)	_	_
1416-8	PSB007	1416	la	la	linguistic	none	_	_	_	_	_	_
1416-9	PSB007	1416	lingua:	lingua	linguistic	none	_	End=4609.56	5x1	_	_	_
1417-0	PSB007	1417	molto	molto	linguistic	none	_	Begin=4610.04	_	_	_	_
1417-1	PSB007	1417	specializzata:,	specializzata	linguistic	none	Intonation=weakly_rising	_	12x1	_	_	_
1417-2	PSB007	1417	di	di	linguistic	none	_	_	_	_	_	_
1417-3	PSB007	1417	qualche	qualche	linguistic	none	_	_	_	_	_	_
1417-4	PSB007	1417	ar[goment]o,	argomento	linguistic	none	Intonation=weakly_rising	End=4612.97	_	_	_	2-8(215)
1418-0	PSB005	1418	[mhmh]	mhmh	linguistic	none	_	Begin=4612.35|End=4612.84	_	_	_	0-4(215)
1419-0	PSB007	1419	tipo::	tipo	linguistic	none	_	Begin=4613.94	3x2	_	_	_
1419-1	PSB007	1419	e:h	eh	linguistic	none	_	End=4615.59	0x1	_	_	_
1420-0	PSB007	1420	ad	ad	linguistic	none	_	Begin=4615.85	_	_	_	_
1420-1	PSB007	1420	esempio:,	esempio	linguistic	none	Intonation=weakly_rising	_	6x1	_	_	_
1420-2	PSB007	1420	e:h	eh	linguistic	none	_	End=4617.5	0x1	_	_	_
1421-0	PSB007	1421	<dovevo	dovevo	linguistic	none	_	Begin=4620.22	_	Slow=0-6(0)	_	_
1421-1	PSB007	1421	andare	andare	linguistic	none	_	_	_	Slow=0-6(0)	_	_
1421-2	PSB007	1421	da::>	da	linguistic	none	_	_	1x2	Slow=0-2(0)	_	_
1421-3	PSB007	1421	un'	un'	linguistic	none	SpaceAfter=No	_	_	_	_	_
1421-4	PSB007	1421	endocrinologa:,	endocrinologa	linguistic	none	Intonation=weakly_rising	End=4624.07	12x1	_	_	_
1422-0	PSB005	1422	mh	mh	linguistic	none	_	Begin=4624.08|End=4624.39	_	_	_	_
1423-0	PSB007	1423	{tossisce}	{tossisce}	nonverbalbehavior	none	_	Begin=4624.32|End=4624.63	_	_	_	_
1424-0	PSB007	1424	non	non	linguistic	none	_	Begin=4626.37	_	_	_	_
1424-1	PSB007	1424	un	un	linguistic	none	_	_	_	_	_	_
1424-2	PSB007	1424	paio	paio	linguistic	none	_	_	_	_	_	_
1424-3	PSB007	1424	{P}	{P}	shortpause	none	_	_	_	_	_	_
1424-4	PSB007	1424	di	di	linguistic	none	_	_	_	_	_	_
1424-5	PSB007	1424	volte,	volte	linguistic	none	Intonation=weakly_rising	_	_	_	_	_
1424-6	PSB007	1424	ma	ma	linguistic	none	_	_	_	_	_	_
1424-7	PSB007	1424	{P}	{P}	shortpause	none	_	_	_	_	_	_
1424-8	PSB007	1424	pro[prio::	proprio	linguistic	none	_	_	6x2	_	_	3-7(216)
1424-9	PSB007	1424	più	più	linguistic	none	_	_	_	_	_	0-3(216)
1424-10	PSB007	1424	più	più	linguistic	none	_	_	_	_	_	0-3(216)
1424-11	PSB007	1424	più]	più	linguistic	none	_	_	_	_	_	0-3(216)
1424-12	PSB007	1424	tan~	tan~	linguistic	none	Interrupted=Yes	_	_	_	_	_
1424-13	PSB007	1424	tante	tante	linguistic	none	_	_	_	_	_	_
1424-14	PSB007	1424	volte,	volte	linguistic	none	Intonation=weakly_rising	End=4631.78	_	_	_	_
1425-0	PSB005	1425	[più	più	linguistic	none	_	Begin=4628.82	_	_	_	0-3(216)
1425-1	PSB005	1425	volte	volte	linguistic	none	_	_	_	_	_	0-5(216)
1425-2	PSB005	1425	{P}	{P}	shortpause	none	_	_	_	_	_	0-3(216)
1425-3	PSB005	1425	sì]	sì	linguistic	none	_	End=4630.12	_	_	_	0-2(216)
1426-0	PSB007	1426	e:h	eh	linguistic	none	_	Begin=4632.7	0x1	_	_	_
1426-1	PSB007	1426	perché	perché	linguistic	none	_	_	_	_	_	_
1426-2	PSB007	1426	purtroppo::	purtroppo	linguistic	none	_	_	8x2	_	_	_
1426-3	PSB007	1426	ho	ho	linguistic	none	_	_	_	_	_	_
1426-4	PSB007	1426	avuto::	avuto	linguistic	none	_	_	4x2	_	_	_
1426-5	PSB007	1426	e::h	eh	linguistic	none	_	End=4635.7	0x2	_	_	_
1427-0	PSB007	1427	{registrazione_interrotta_per_motivi_di_privacy}	{registrazione_interrotta_per_motivi_di_privacy}	nonverbalbehavior	none	_	Begin=4636.875|End=4639.619	_	_	_	_
1428-0	PSB007	1428	per	per	linguistic	none	_	Begin=4639.64	_	_	_	_
1428-1	PSB007	1428	un	un	linguistic	none	_	_	_	_	_	_
1428-2	PSB007	1428	periodo	periodo	linguistic	none	_	_	_	_	_	_
1428-3	PSB007	1428	della	della	linguistic	none	_	_	_	_	_	_
1428-4	PSB007	1428	mia	mia	linguistic	none	_	_	_	_	_	_
1428-5	PSB007	1428	vita::,	vita	linguistic	none	Intonation=weakly_rising	_	3x2	_	_	_
1428-6	PSB007	1428	ho	ho	linguistic	none	_	_	_	_	_	_
1428-7	PSB007	1428	fatto::	fatto	linguistic	none	_	_	4x2	_	_	_
1428-8	PSB007	1428	{P}	{P}	shortpause	none	_	_	_	_	_	_
1428-9	PSB007	1428	una	una	linguistic	none	_	_	_	_	_	_
1428-10	PSB007	1428	certa	certa	linguistic	none	_	_	_	_	_	_
1428-11	PSB007	1428	terapia:,	terapia	linguistic	none	Intonation=weakly_rising	_	6x1	_	_	_
1428-12	PSB007	1428	e	e	linguistic	none	_	_	_	_	_	_
1428-13	PSB007	1428	quando	quando	linguistic	none	_	_	_	_	_	_
1428-14	PSB007	1428	sono	sono	linguistic	none	_	_	_	_	_	_
1428-15	PSB007	1428	arrivata	arrivata	linguistic	none	_	_	_	_	_	_
1428-16	PSB007	1428	qui:	qui	linguistic	none	_	_	2x1	_	_	_
1428-17	PSB007	1428	in	in	linguistic	none	_	_	_	_	_	_
1428-18	PSB007	1428	italia	italia	linguistic	none	_	_	_	_	_	_
1428-19	PSB007	1428	quindi	quindi	linguistic	none	_	_	_	_	_	_
1428-20	PSB007	1428	dovevo	dovevo	linguistic	none	_	_	_	_	_	_
1428-21	PSB007	1428	trova[re	trovare	linguistic	none	_	_	_	_	_	5-7(217)
1428-22	PSB007	1428	qualcuno:	qualcuno	linguistic	none	_	_	7x1	_	_	0-8(217)
1428-23	PSB007	1428	ec]co	ecco	linguistic	none	_	End=4650.27	_	_	_	0-2(217)
1429-0	PSB005	1429	[certo	certo	linguistic	none	_	Begin=4649.05	_	_	_	0-5(217)
1429-1	PSB005	1429	{P}	{P}	shortpause	none	_	_	_	_	_	0-3(217)
1429-2	PSB005	1429	sì	sì	linguistic	none	_	_	_	_	_	0-2(217)
1429-3	PSB005	1429	sì]	sì	linguistic	none	_	End=4650.18	_	_	_	0-2(217)
1430-0	PSB007	1430	e::	e	linguistic	none	_	Begin=4650.92	0x2	_	_	_
1430-1	PSB007	1430	m:h	mh	linguistic	none	_	End=4652.58	0x1	_	_	_
1431-0	PSB007	1431	quando	quando	linguistic	none	_	Begin=4653.71	_	_	_	_
1431-1	PSB007	1431	davanti	davanti	linguistic	none	_	_	_	_	_	_
1431-2	PSB007	1431	di	di	linguistic	none	_	_	_	_	_	_
1431-3	PSB007	1431	te	te	linguistic	none	_	_	_	_	_	_
1431-4	PSB007	1431	c'	c'	linguistic	none	SpaceAfter=No	_	_	_	_	_
1431-5	PSB007	1431	è	è	linguistic	none	_	_	_	_	_	_
1431-6	PSB007	1431	un	un	linguistic	none	_	_	_	_	_	_
1431-7	PSB007	1431	medico,	medico	linguistic	none	Intonation=weakly_rising	_	_	_	_	_
1431-8	PSB007	1431	{P}[]	{P}	shortpause	none	_	_	_	_	_	0-3(218)
1431-9	PSB007	1431	e	e	linguistic	none	_	_	_	_	_	_
1431-10	PSB007	1431	voi	voi	linguistic	none	_	_	_	_	_	_
1431-11	PSB007	1431	parlate	parlate	linguistic	none	_	_	_	_	_	_
1431-12	PSB007	1431	delle	delle	linguistic	none	_	_	_	_	_	_
1431-13	PSB007	1431	cose	cose	linguistic	none	_	_	_	_	_	_
1431-14	PSB007	1431	di	di	linguistic	none	_	_	_	_	_	_
1431-15	PSB007	1431	medicina,	medicina	linguistic	none	Intonation=weakly_rising	End=4658.56	_	_	_	_
1432-0	PSB005	1432	[mh]	mh	linguistic	none	_	Begin=4655.83|End=4656.13	_	_	_	0-2(218)
1433-0	PSB007	1433	dove	dove	linguistic	none	_	Begin=4658.89	_	_	_	_
1433-1	PSB007	1433	ci	ci	linguistic	none	_	_	_	_	_	_
1433-2	PSB007	1433	sono	sono	linguistic	none	_	_	_	_	_	_
1433-3	PSB007	1433	<tantissime	tantissime	linguistic	none	_	_	_	Slow=0-10(0)	_	_
1433-4	PSB007	1433	parole>,	parole	linguistic	none	Intonation=weakly_rising	End=4661.4	_	Slow=0-6(0)	_	_
1434-0	PSB007	1434	che	che	linguistic	none	_	Begin=4661.94	_	_	_	_
1434-1	PSB007	1434	io	io	linguistic	none	_	_	_	_	_	_
1434-2	PSB007	1434	non	non	linguistic	none	_	_	_	_	_	_
1434-3	PSB007	1434	so	so	linguistic	none	_	_	_	_	_	_
1434-4	PSB007	1434	neanche	neanche	linguistic	none	_	_	_	_	_	_
1434-5	PSB007	1434	nella	nella	linguistic	none	_	_	_	_	_	_
1434-6	PSB007	1434	mia	mia	linguistic	none	_	_	_	_	_	_
1434-7	PSB007	1434	lingua:,	lingua	linguistic	none	Intonation=weakly_rising	End=4664.34	5x1	_	_	_
1435-0	PSB005	1435	eh	eh	linguistic	none	_	Begin=4664.41	_	_	_	_
1435-1	PSB005	1435	sì	sì	linguistic	none	_	_	_	_	_	_
1435-2	PSB005	1435	ma	ma	linguistic	none	_	_	_	_	_	_
1435-3	PSB005	1435	infatti,	infatti	linguistic	none	Intonation=weakly_rising	End=4665.51	_	_	_	_
1436-0	PSB005	1436	cioè	cioè	linguistic	none	_	Begin=4666.42	_	_	_	_
1436-1	PSB005	1436	è	è	linguistic	none	_	_	_	_	_	_
1436-2	PSB005	1436	anche	anche	linguistic	none	_	_	_	_	_	_
1436-3	PSB005	1436	difficile	difficile	linguistic	none	_	_	_	_	_	_
1436-4	PSB005	1436	anche	anche	linguistic	none	_	_	_	_	_	_
1436-5	PSB005	1436	per	per	linguistic	none	_	_	_	_	_	_
1436-6	PSB005	1436	noi	noi	linguistic	none	_	_	_	_	_	_
1436-7	PSB005	1436	delle	delle	linguistic	none	_	_	_	_	_	_
1436-8	PSB005	1436	volte	volte	linguistic	none	_	End=4668.93	_	_	_	_
1437-0	PSB007	1437	ecco	ecco	linguistic	none	_	Begin=4668.93	_	_	_	_
1437-1	PSB007	1437	{P}	{P}	shortpause	none	_	_	_	_	_	_
1437-2	PSB007	1437	ecco	ecco	linguistic	none	_	End=4670.36	_	_	_	_
1438-0	PSB007	1438	<quindi	quindi	linguistic	none	_	Begin=4670.49	_	Slow=0-6(0)	_	_
1438-1	PSB007	1438	sì>	sì	linguistic	none	_	_	_	Slow=0-2(0)	_	_
1438-2	PSB007	1438	io:::	io	linguistic	none	_	_	1x3	_	_	_
1438-3	PSB007	1438	i~	i~	linguistic	none	Interrupted=Yes	_	_	_	_	_
1438-4	PSB007	1438	i~	i~	linguistic	none	Interrupted=Yes	_	_	_	_	_
1438-5	PSB007	1438	i~	i~	linguistic	none	Interrupted=Yes	_	_	_	_	_
1438-6	PSB007	1438	in	in	linguistic	none	_	_	_	_	_	_
1438-7	PSB007	1438	in	in	linguistic	none	_	_	_	_	_	_
1438-8	PSB007	1438	in	in	linguistic	none	_	_	_	_	_	_
1438-9	PSB007	1438	quel	quel	linguistic	none	_	_	_	_	_	_
1438-10	PSB007	1438	momento	momento	linguistic	none	_	_	_	_	_	_
1438-11	PSB007	1438	mi	mi	linguistic	none	_	_	_	_	_	_
1438-12	PSB007	1438	ho	ho	linguistic	none	_	_	_	_	_	_
1438-13	PSB007	1438	sentito	sentito	linguistic	none	_	_	_	_	_	_
1438-14	PSB007	1438	in	in	linguistic	none	_	_	_	_	_	_
1438-15	PSB007	1438	difficoltà,	difficoltà	linguistic	none	Intonation=weakly_rising	_	_	_	_	_
1438-16	PSB007	1438	[molto]	molto	linguistic	none	_	End=4678.31	_	_	_	0-5(219)
1439-0	PSB005	1439	[mhmh]	mhmh	linguistic	none	_	Begin=4677.75|End=4678.3	_	_	_	0-4(219)
1440-0	PSB007	1440	eh	eh	linguistic	none	_	Begin=4678.85	_	_	_	_
1440-1	PSB007	1440	anche	anche	linguistic	none	_	_	_	_	_	_
1440-2	PSB007	1440	perché	perché	linguistic	none	_	End=4680.3	_	_	_	_
1441-0	PSB007	1441	mh	mh	linguistic	none	_	Begin=4681.15	_	_	_	_
1441-1	PSB007	1441	di	di	linguistic	none	_	_	_	_	_	_
1441-2	PSB007	1441	solito	solito	linguistic	none	_	_	_	_	_	_
1441-3	PSB007	1441	le	le	linguistic	none	_	_	_	_	_	_
1441-4	PSB007	1441	p~	p~	linguistic	none	Interrupted=Yes	_	_	_	_	_
1441-5	PSB007	1441	le	le	linguistic	none	_	_	_	_	_	_
1441-6	PSB007	1441	perso~	perso~	linguistic	none	Interrupted=Yes	_	_	_	_	_
1441-7	PSB007	1441	DIPENDE	dipende	linguistic	none	Volume=high	_	_	_	_	_
1441-8	PSB007	1441	OVVIAMENTE	ovviamente	linguistic	none	Volume=high	_	_	_	_	_
1441-9	PSB007	1441	MA	ma	linguistic	none	Volume=high	_	_	_	_	_
1441-10	PSB007	1441	DI	di	linguistic	none	Volume=high	_	_	_	_	_
1441-11	PSB007	1441	SOLITO	solito	linguistic	none	Volume=high	_	_	_	_	_
1441-12	PSB007	1441	LE	le	linguistic	none	Volume=high	_	_	_	_	_
1441-13	PSB007	1441	PERSONE:	persone	linguistic	none	Volume=high	End=4686.08	6x1	_	_	_
1442-0	PSB007	1442	PARLANO	parlano	linguistic	none	Volume=high	Begin=4686.45	_	_	_	_
1442-1	PSB007	1442	CON	con	linguistic	none	Volume=high	_	_	_	_	_
1442-2	PSB007	1442	LA	la	linguistic	none	Volume=high	_	_	_	_	_
1442-3	PSB007	1442	VELICI~	velici~	linguistic	none	Interrupted=Yes|Volume=high	_	_	_	_	_
1442-4	PSB007	1442	VELOCITÀ	velocità	linguistic	none	Volume=high	_	_	_	_	_
1442-5	PSB007	1442	CHE	che	linguistic	none	Volume=high	_	_	_	_	_
1442-6	PSB007	1442	USANO	usano	linguistic	none	Volume=high	_	_	_	_	_
1442-7	PSB007	1442	[DI	di	linguistic	none	Volume=high	_	_	_	_	0-2(220)
1442-8	PSB007	1442	SOLITO	solito	linguistic	none	Volume=high	_	_	_	_	0-6(220)
1442-9	PSB007	1442	NELLA	nella	linguistic	none	Volume=high	_	_	_	_	0-5(220)
1442-10	PSB007	1442	LORO:]:	loro	linguistic	none	Volume=high	_	3x2	_	_	0-4(220)
1442-11	PSB007	1442	VITA	vita	linguistic	none	Volume=high	_	_	_	_	_
1442-12	PSB007	1442	NORMALE:,	normale	linguistic	none	Intonation=weakly_rising|Volume=high	_	6x1	_	_	_
1442-13	PSB007	1442	[eh	eh	linguistic	none	_	_	_	_	_	0-2(221)
1442-14	PSB007	1442	ciò]	ciò	linguistic	none	_	End=4692.3	_	_	_	0-3(221)
1443-0	PSB005	1443	[sì	sì	linguistic	none	_	Begin=4689.33	_	_	_	0-2(220)
1443-1	PSB005	1443	sì	sì	linguistic	none	_	_	_	_	_	0-2(220)
1443-2	PSB005	1443	sì]	sì	linguistic	none	_	End=4690.2	_	_	_	0-2(220)
1444-0	PSB005	1444	[eh	eh	linguistic	none	_	Begin=4691.5	_	_	_	0-2(221)
1444-1	PSB005	1444	ma	ma	linguistic	none	_	_	_	_	_	0-2(221)
1444-2	PSB005	1444	anche	anche	linguistic	none	_	_	_	_	_	0-5(221)
1444-3	PSB005	1444	perché]	perché	linguistic	none	_	_	_	_	_	0-6(221)
1444-4	PSB005	1444	poi	poi	linguistic	none	_	_	_	_	_	_
1444-5	PSB005	1444	tu	tu	linguistic	none	_	_	_	_	_	_
1444-6	PSB005	1444	sei	sei	linguistic	none	_	_	_	_	_	_
1444-7	PSB005	1444	bravissima	bravissima	linguistic	none	_	_	_	_	_	_
1444-8	PSB005	1444	quindi	quindi	linguistic	none	_	_	_	_	_	_
1444-9	PSB005	1444	nessuno	nessuno	linguistic	none	_	_	_	_	_	_
1444-10	PSB005	1444	si	si	linguistic	none	_	_	_	_	_	_
1444-11	PSB005	1444	<preoccupa>	preoccupa	linguistic	none	_	_	_	Slow=0-9(0)	_	_
1444-12	PSB005	1444	secondo	secondo	linguistic	none	_	_	_	_	_	_
1444-13	PSB005	1444	me	me	linguistic	none	_	End=4695.42	_	_	_	_
1445-0	PSB007	1445	ma	ma	linguistic	none	_	Begin=4695.98	_	_	_	_
1445-1	PSB007	1445	invece	invece	linguistic	none	_	_	_	_	_	_
1445-2	PSB007	1445	per	per	linguistic	none	_	_	_	_	_	_
1445-3	PSB007	1445	me	me	linguistic	none	_	_	_	_	_	_
1445-4	PSB007	1445	>è<	è	linguistic	none	_	_	_	Fast=0-1(0)	_	_
1445-5	PSB007	1445	<molto>	molto	linguistic	none	_	_	_	Slow=0-5(0)	_	_
1445-6	PSB007	1445	difficile	difficile	linguistic	none	_	_	_	_	_	_
1445-7	PSB007	1445	quando	quando	linguistic	none	_	_	_	_	_	_
1445-8	PSB007	1445	la	la	linguistic	none	_	_	_	_	_	_
1445-9	PSB007	1445	velocità	velocità	linguistic	none	_	_	_	_	_	_
1445-10	PSB007	1445	è	è	linguistic	none	_	_	_	_	_	_
1445-11	PSB007	1445	molto	molto	linguistic	none	_	_	_	_	_	_
1445-12	PSB007	1445	alta:	alta	linguistic	none	_	End=4701.28	3x1	_	_	_
1446-0	PSB005	1446	mhmh	mhmh	linguistic	none	_	Begin=4701.34|End=4701.78	_	_	_	_
1447-0	PSB007	1447	quindi	quindi	linguistic	none	_	Begin=4701.9	_	_	_	_
1447-1	PSB007	1447	se	se	linguistic	none	_	_	_	_	_	_
1447-2	PSB007	1447	parliamo	parliamo	linguistic	none	_	_	_	_	_	_
1447-3	PSB007	1447	per	per	linguistic	none	_	_	_	_	_	_
1447-4	PSB007	1447	esempio	esempio	linguistic	none	_	_	_	_	_	_
1447-5	PSB007	1447	di	di	linguistic	none	_	_	_	_	_	_
1447-6	PSB007	1447	un	un	linguistic	none	_	_	_	_	_	_
1447-7	PSB007	1447	medico,	medico	linguistic	none	Intonation=weakly_rising	_	_	_	_	_
1447-8	PSB007	1447	che	che	linguistic	none	_	_	_	_	_	_
1447-9	PSB007	1447	parla::	parla	linguistic	none	_	_	4x2	_	_	_
1447-10	PSB007	1447	delle	delle	linguistic	none	_	_	_	_	_	_
1447-11	PSB007	1447	cose::	cose	linguistic	none	_	_	3x2	_	_	_
1447-12	PSB007	1447	di::	di	linguistic	none	_	_	1x2	_	_	_
1447-13	PSB007	1447	ipofisi:,	ipofisi	linguistic	none	Intonation=weakly_rising	_	6x1	_	_	_
1447-14	PSB007	1447	cervello:,	cervello	linguistic	none	Intonation=weakly_rising	_	7x1	_	_	_
1447-15	PSB007	1447	e:h	eh	linguistic	none	_	_	0x1	_	_	_
1447-16	PSB007	1447	m:h	mh	linguistic	none	_	End=4710.33	0x1	_	_	_
1448-0	PSB007	1448	non	non	linguistic	none	_	Begin=4710.75	_	_	_	_
1448-1	PSB007	1448	lo	lo	linguistic	none	_	_	_	_	_	_
1448-2	PSB007	1448	so	so	linguistic	none	_	_	_	_	_	_
1448-3	PSB007	1448	<sangue>,	sangue	linguistic	none	Intonation=weakly_rising	_	_	Slow=0-6(0)	_	_
1448-4	PSB007	1448	cellule::	cellule	linguistic	none	_	_	6x2	_	_	_
1448-5	PSB007	1448	sanguinee,	sanguinee	linguistic	none	Intonation=weakly_rising	_	_	_	_	_
1448-6	PSB007	1448	piastirine::,	piastirine	linguistic	none	Intonation=weakly_rising	_	9x2	_	_	_
1448-7	PSB007	1448	leucociti::,	leucociti	linguistic	none	Intonation=weakly_rising	_	8x2	_	_	_
1448-8	PSB007	1448	eccetera	eccetera	linguistic	none	_	_	_	_	_	_
1448-9	PSB007	1448	eccetera	eccetera	linguistic	none	_	End=4717.95	_	_	_	_
1449-0	PSB007	1449	e:h	eh	linguistic	none	_	Begin=4718.22	0x1	_	_	_
1449-1	PSB007	1449	m:h	mh	linguistic	none	_	End=4719.16	0x1	_	_	_
1450-0	PSB007	1450	io	io	linguistic	none	_	Begin=4719.41	_	_	_	_
1450-1	PSB007	1450	devo	devo	linguistic	none	_	End=4720.41	_	_	_	_
1451-0	PSB007	1451	concentrarmi	concentrarmi	linguistic	none	_	Begin=4720.79	_	_	_	_
1451-1	PSB007	1451	non	non	linguistic	none	_	_	_	_	_	_
1451-2	PSB007	1451	solo	solo	linguistic	none	_	_	_	_	_	_
1451-3	PSB007	1451	sulla	sulla	linguistic	none	_	_	_	_	_	_
1451-4	PSB007	1451	lingua	lingua	linguistic	none	_	_	_	_	_	_
1451-5	PSB007	1451	ma	ma	linguistic	none	_	_	_	_	_	_
1451-6	PSB007	1451	anche	anche	linguistic	none	_	_	_	_	_	_
1451-7	PSB007	1451	sull'	sull'	linguistic	none	SpaceAfter=No	_	_	_	_	_
1451-8	PSB007	1451	argomento,	argomento	linguistic	none	Intonation=weakly_rising	_	_	_	_	_
1451-9	PSB007	1451	dico	dico	linguistic	none	_	_	_	_	_	_
1451-10	PSB007	1451	di	di	linguistic	none	_	_	_	_	_	_
1451-11	PSB007	1451	che	che	linguistic	none	_	_	_	_	_	_
1451-12	PSB007	1451	cosa	cosa	linguistic	none	_	_	_	_	_	_
1451-13	PSB007	1451	parli[amo:],	parliamo	linguistic	none	Intonation=weakly_rising	_	7x1	_	_	4-8(222)
1451-14	PSB007	1451	devo::	devo	linguistic	none	_	End=4726.72	3x2	_	_	_
1452-0	PSB005	1452	[mhmh]	mhmh	linguistic	none	_	Begin=4725.34|End=4725.71	_	_	_	0-4(222)
1453-0	PSB007	1453	e:h	eh	linguistic	none	_	Begin=4726.96	0x1	_	_	_
1453-1	PSB007	1453	fare	fare	linguistic	none	_	_	_	_	_	_
1453-2	PSB007	1453	le	le	linguistic	none	_	_	_	_	_	_
1453-3	PSB007	1453	domande	domande	linguistic	none	_	_	_	_	_	_
1453-4	PSB007	1453	che	che	linguistic	none	_	_	_	_	_	_
1453-5	PSB007	1453	mi::	mi	linguistic	none	_	_	1x2	_	_	_
1453-6	PSB007	1453	{P}	{P}	shortpause	none	_	_	_	_	_	_
1453-7	PSB007	1453	perché	perché	linguistic	none	_	_	_	_	_	_
1453-8	PSB007	1453	è	è	linguistic	none	_	_	_	_	_	_
1453-9	PSB007	1453	la	la	linguistic	none	_	_	_	_	_	_
1453-10	PSB007	1453	mia	mia	linguistic	none	_	_	_	_	_	_
1453-11	PSB007	1453	[salute:],	salute	linguistic	none	Intonation=weakly_rising	End=4730.55	5x1	_	_	0-6(223)
1454-0	PSB005	1454	[giusto	giusto	linguistic	none	_	Begin=4729.88	_	_	_	0-6(223)
1454-1	PSB005	1454	sì]	sì	linguistic	none	_	_	_	_	_	0-2(223)
1454-2	PSB005	1454	sì	sì	linguistic	none	_	End=4730.92	_	_	_	_
1455-0	PSB005	1455	certo	certo	linguistic	none	_	Begin=4731.24|End=4731.59	_	_	_	_
1456-0	PSB007	1456	se	se	linguistic	none	_	Begin=4731.658	_	_	_	_
1456-1	PSB007	1456	sbaglio:	sbaglio	linguistic	none	_	End=4732.78	6x1	_	_	_
1457-0	PSB007	1457	qualcosa:,	qualcosa	linguistic	none	Intonation=weakly_rising	Begin=4733.23	7x1	_	_	_
1457-1	PSB007	1457	dopo	dopo	linguistic	none	_	_	_	_	_	_
1457-2	PSB007	1457	non	non	linguistic	none	_	_	_	_	_	_
1457-3	PSB007	1457	si	si	linguistic	none	_	_	_	_	_	_
1457-4	PSB007	1457	può	può	linguistic	none	_	_	_	_	_	_
1457-5	PSB007	1457	come:	come	linguistic	none	_	_	3x1	_	_	_
1457-6	PSB007	1457	si	si	linguistic	none	_	_	_	_	_	_
1457-7	PSB007	1457	può	può	linguistic	none	_	_	_	_	_	_
1457-8	PSB007	1457	[recuper]are:,	recuperare	linguistic	none	Intonation=weakly_rising	End=4736.56	9x1	_	_	0-7(224)
1458-0	PSB005	1458	[mhmh]	mhmh	linguistic	none	_	Begin=4735.75|End=4736.22	_	_	_	0-4(224)
1459-0	PSB005	1459	mhmh	mhmh	linguistic	none	_	Begin=4736.972	_	_	_	_
1459-1	PSB005	1459	no	no	linguistic	none	_	_	_	_	_	_
1459-2	PSB005	1459	no	no	linguistic	none	_	_	_	_	_	_
1459-3	PSB005	1459	no	no	linguistic	none	_	_	_	_	_	_
1459-4	PSB005	1459	infatti	infatti	linguistic	none	_	End=4738.27	_	_	_	_
1460-0	PSB005	1460	[VABBE	vabbe	linguistic	none	Volume=high	Begin=4738.88	_	_	_	0-5(225)
1460-1	PSB005	1460	VABBE	vabbe	linguistic	none	Volume=high	_	_	_	_	0-5(225)
1460-2	PSB005	1460	comunque	comunque	linguistic	none	_	_	_	_	_	0-8(225)
1460-3	PSB005	1460	n~]	n~	linguistic	none	Interrupted=Yes	End=4740.25	_	_	_	0-2(225)
1461-0	PSB007	1461	[a	a	linguistic	none	_	Begin=4738.88	_	_	_	0-1(225)
1461-1	PSB007	1461	volte	volte	linguistic	none	_	_	_	_	_	0-5(225)
1461-2	PSB007	1461	c'	c'	linguistic	none	SpaceAfter=No	_	_	_	_	0-2(225)
1461-3	PSB007	1461	è	è	linguistic	none	_	_	_	_	_	0-1(225)
1461-4	PSB007	1461	la	la	linguistic	none	_	_	_	_	_	0-2(225)
1461-5	PSB007	1461	possibili]tà	possibilità	linguistic	none	_	_	_	_	_	0-9(225)
1461-6	PSB007	1461	di	di	linguistic	none	_	_	_	_	_	_
1461-7	PSB007	1461	scrivere	scrivere	linguistic	none	_	_	_	_	_	_
1461-8	PSB007	1461	una	una	linguistic	none	_	_	_	_	_	_
1461-9	PSB007	1461	mail	mail	linguistic	none	_	_	_	_	_	_
1461-10	PSB007	1461	alla	alla	linguistic	none	_	_	_	_	_	_
1461-11	PSB007	1461	dottoressa	dottoressa	linguistic	none	_	_	_	_	_	_
1461-12	PSB007	1461	dicendo	dicendo	linguistic	none	_	_	_	_	_	_
1461-13	PSB007	1461	ah	ah	linguistic	none	_	_	_	_	_	_
1461-14	PSB007	1461	buongiorno	buongiorno	linguistic	none	_	_	_	_	_	_
1461-15	PSB007	1461	sono	sono	linguistic	none	_	_	_	_	_	_
1461-16	PSB007	1461	stata::	stata	linguistic	none	_	_	4x2	_	_	_
1461-17	PSB007	1461	in	in	linguistic	none	_	_	_	_	_	_
1461-18	PSB007	1461	visita	visita	linguistic	none	_	_	_	_	_	_
1461-19	PSB007	1461	da	da	linguistic	none	_	_	_	_	_	_
1461-20	PSB007	1461	lei:	lei	linguistic	none	_	_	2x1	_	_	_
1461-21	PSB007	1461	una	una	linguistic	none	_	_	_	_	_	_
1461-22	PSB007	1461	settimana	settimana	linguistic	none	_	_	_	_	_	_
1461-23	PSB007	1461	fa:,	fa	linguistic	none	Intonation=weakly_rising	_	1x1	_	_	_
1461-24	PSB007	1461	a	a	linguistic	none	_	_	_	_	_	_
1461-25	PSB007	1461	volte	volte	linguistic	none	_	_	_	_	_	_
1461-26	PSB007	1461	no	no	linguistic	none	_	End=4746.72	_	_	_	_
1462-0	PSB005	1462	sì	sì	linguistic	none	_	Begin=4746.8	_	_	_	_
1462-1	PSB005	1462	no	no	linguistic	none	_	_	_	_	_	_
1462-2	PSB005	1462	certo	certo	linguistic	none	_	_	_	_	_	_
1462-3	PSB005	1462	credo	credo	linguistic	none	_	_	_	_	_	_
1462-4	PSB005	1462	che	che	linguistic	none	_	_	_	_	_	_
1462-5	PSB005	1462	di	di	linguistic	none	_	_	_	_	_	_
1462-6	PSB005	1462	solito	solito	linguistic	none	_	_	_	_	_	_
1462-7	PSB005	1462	no:	no	linguistic	none	_	_	1x1	_	_	_
1462-8	PSB005	1462	{P}	{P}	shortpause	none	_	_	_	_	_	_
1462-9	PSB005	1462	giusto?	giusto	linguistic	none	Intonation=rising	End=4749.77	_	_	_	_
1463-0	PSB007	1463	ecco	ecco	linguistic	none	_	Begin=4749.82	_	_	_	_
1463-1	PSB007	1463	{P}	{P}	shortpause	none	_	_	_	_	_	_
1463-2	PSB007	1463	sì	sì	linguistic	none	_	End=4750.78	_	_	_	_
1464-0	PSB007	1464	e::h	eh	linguistic	none	_	Begin=4751.04|End=4751.82	0x2	_	_	_
1465-0	PSB007	1465	quindi:::	quindi	linguistic	none	_	Begin=4752.14	5x3	_	_	_
1465-1	PSB007	1465	sì	sì	linguistic	none	_	End=4753.87	_	_	_	_
1466-0	PSB007	1466	m::h	mh	linguistic	none	_	Begin=4753.96	0x2	_	_	_
1466-1	PSB007	1466	in	in	linguistic	none	_	_	_	_	_	_
1466-2	PSB007	1466	questi	questi	linguistic	none	_	_	_	_	_	_
1466-3	PSB007	1466	casi:::	casi	linguistic	none	_	_	3x3	_	_	_
1466-4	PSB007	1466	mi	mi	linguistic	none	_	_	_	_	_	_
1466-5	PSB007	1466	sono::	sono	linguistic	none	_	End=4757.18	3x2	_	_	_
1467-0	PSB007	1467	m::~	m~	linguistic	none	Interrupted=Yes	Begin=4758.34	0x2	_	_	_
1467-1	PSB007	1467	mi	mi	linguistic	none	_	_	_	_	_	_
1467-2	PSB007	1467	mi	mi	linguistic	none	_	_	_	_	_	_
1467-3	PSB007	1467	sento	sento	linguistic	none	_	_	_	_	_	_
1467-4	PSB007	1467	in	in	linguistic	none	_	_	_	_	_	_
1467-5	PSB007	1467	difficoltà	difficoltà	linguistic	none	_	End=4760.22	_	_	_	_
1468-0	PSB007	1468	E:H	eh	linguistic	none	Volume=high	Begin=4760.65	0x1	_	_	_
1468-1	PSB007	1468	a	a	linguistic	none	_	_	_	_	_	_
1468-2	PSB007	1468	volte	volte	linguistic	none	_	_	_	_	_	_
1468-3	PSB007	1468	la	la	linguistic	none	_	_	_	_	_	_
1468-4	PSB007	1468	difficoltà	difficoltà	linguistic	none	_	_	_	_	_	_
1468-5	PSB007	1468	viene	viene	linguistic	none	_	_	_	_	_	_
1468-6	PSB007	1468	semplicemente	semplicemente	linguistic	none	_	_	_	_	_	_
1468-7	PSB007	1468	da:	da	linguistic	none	_	End=4764.59	1x1	_	_	_
1469-0	PSB007	1469	mh	mh	linguistic	none	_	Begin=4765.47	_	_	_	_
1469-1	PSB007	1469	dalla	dalla	linguistic	none	_	_	_	_	_	_
1469-2	PSB007	1469	parte	parte	linguistic	none	_	_	_	_	_	_
1469-3	PSB007	1469	psicologica,	psicologica	linguistic	none	Intonation=weakly_rising	End=4767.43	_	_	_	_
1470-0	PSB007	1470	<perché:::>	perché	linguistic	none	_	Begin=4768.48	5x3	Slow=0-6(0)	_	_
1470-1	PSB007	1470	in	in	linguistic	none	_	_	_	_	_	_
1470-2	PSB007	1470	reparto	reparto	linguistic	none	_	_	_	_	_	_
1470-3	PSB007	1470	di::	di	linguistic	none	_	_	1x2	_	_	_
1470-4	PSB007	1470	eh	eh	linguistic	none	_	_	_	_	_	_
1470-5	PSB007	1470	pescheria:,	pescheria	linguistic	none	Intonation=weakly_rising	_	8x1	_	_	_
1470-6	PSB007	1470	eh	eh	linguistic	none	_	End=4773.06	_	_	_	_
1471-0	PSB007	1471	in	in	linguistic	none	_	Begin=4773.6	_	_	_	_
1471-1	PSB007	1471	supermercato	supermercato	linguistic	none	_	_	_	_	_	_
1471-2	PSB007	1471	io	io	linguistic	none	_	_	_	_	_	_
1471-3	PSB007	1471	mi	mi	linguistic	none	_	_	_	_	_	_
1471-4	PSB007	1471	trovo	trovo	linguistic	none	_	_	_	_	_	_
1471-5	PSB007	1471	<molto>	molto	linguistic	none	_	_	_	Slow=0-5(0)	_	_
1471-6	PSB007	1471	spesso	spesso	linguistic	none	_	_	_	_	_	_
1471-7	PSB007	1471	in	in	linguistic	none	_	_	_	_	_	_
1471-8	PSB007	1471	difficoltà:	difficoltà	linguistic	none	_	_	9x1	_	_	_
1471-9	PSB007	1471	quando	quando	linguistic	none	_	_	_	_	_	_
1471-10	PSB007	1471	parliamo	parliamo	linguistic	none	_	_	_	_	_	_
1471-11	PSB007	1471	di	di	linguistic	none	_	_	_	_	_	_
1471-12	PSB007	1471	un	un	linguistic	none	_	_	_	_	_	_
1471-13	PSB007	1471	{ride}	{ride}	nonverbalbehavior	none	_	End=4779.12	_	_	_	_
1472-0	PSB005	1472	{ride}	{ride}	nonverbalbehavior	none	_	Begin=4776.72|End=4777.51	_	_	_	_
1473-0	PSB007	1473	{ride}	{ride}	nonverbalbehavior	none	_	Begin=4779.73	_	_	_	_
1473-1	PSB007	1473	DI	di	linguistic	none	Volume=high	_	_	_	_	_
1473-2	PSB007	1473	UN	un	linguistic	none	Volume=high	_	_	_	_	_
1473-3	PSB007	1473	<PESCE>	pesce	linguistic	none	Volume=high	_	_	Slow=0-5(0)	_	_
1473-4	PSB007	1473	mi	mi	linguistic	none	_	_	_	_	_	_
1473-5	PSB007	1473	chiedono	chiedono	linguistic	none	_	_	_	_	_	_
1473-6	PSB007	1473	co~	co~	linguistic	none	Interrupted=Yes	_	_	_	_	_
1473-7	PSB007	1473	co~	co~	linguistic	none	Interrupted=Yes	_	_	_	_	_
1473-8	PSB007	1473	xx	x	unknown	none	_	_	_	_	_	_
1473-9	PSB007	1473	qualcosa	qualcosa	linguistic	none	_	_	_	_	_	_
1473-10	PSB007	1473	una	una	linguistic	none	_	_	_	_	_	_
1473-11	PSB007	1473	cosa	cosa	linguistic	none	_	_	_	_	_	_
1473-12	PSB007	1473	specifica::	specifica	linguistic	none	_	_	8x2	_	_	_
1473-13	PSB007	1473	tipo	tipo	linguistic	none	_	_	_	_	_	_
1473-14	PSB007	1473	com~	com~	linguistic	none	Interrupted=Yes	End=4786.18	_	_	_	_
1474-0	PSB007	1474	si	si	linguistic	none	_	Begin=4786.85	_	_	_	_
1474-1	PSB007	1474	può	può	linguistic	none	_	_	_	_	_	_
1474-2	PSB007	1474	pulire	pulire	linguistic	none	_	_	_	_	_	_
1474-3	PSB007	1474	un	un	linguistic	none	_	_	_	_	_	_
1474-4	PSB007	1474	pesce	pesce	linguistic	none	_	_	_	_	_	_
1474-5	PSB007	1474	in	in	linguistic	none	_	_	_	_	_	_
1474-6	PSB007	1474	[modi:],	modi	linguistic	none	Intonation=weakly_rising	End=4789.23	3x1	_	_	0-4(226)
1475-0	PSB005	1475	[mhmh]	mhmh	linguistic	none	_	Begin=4788.87	_	_	_	0-4(226)
1475-1	PSB005	1475	okay	okay	linguistic	none	_	_	_	_	_	_
1475-2	PSB005	1475	[sì]	sì	linguistic	none	_	End=4790.29	_	_	_	0-2(227)
1476-0	PSB007	1476	[qui]ndi	quindi	linguistic	none	_	Begin=4790.21	_	_	_	0-3(227)
1476-1	PSB007	1476	a	a	linguistic	none	_	_	_	_	_	_
1476-2	PSB007	1476	volte	volte	linguistic	none	_	_	_	_	_	_
1476-3	PSB007	1476	mi	mi	linguistic	none	_	_	_	_	_	_
1476-4	PSB007	1476	chiedono	chiedono	linguistic	none	_	_	_	_	_	_
1476-5	PSB007	1476	che	che	linguistic	none	_	_	_	_	_	_
1476-6	PSB007	1476	<parte>	parte	linguistic	none	_	_	_	Slow=0-5(0)	_	_
1476-7	PSB007	1476	di	di	linguistic	none	_	_	_	_	_	_
1476-8	PSB007	1476	questo	questo	linguistic	none	_	_	_	_	_	_
1476-9	PSB007	1476	<pesce>,	pesce	linguistic	none	Intonation=weakly_rising	_	_	Slow=0-5(1)	_	_
1476-10	PSB007	1476	deve	deve	linguistic	none	_	_	_	_	_	_
1476-11	PSB007	1476	essere	essere	linguistic	none	_	_	_	_	_	_
1476-12	PSB007	1476	tagliata,	tagliata	linguistic	none	Intonation=weakly_rising	_	_	_	_	_
1476-13	PSB007	1476	deve	deve	linguistic	none	_	_	_	_	_	_
1476-14	PSB007	1476	essere	essere	linguistic	none	_	_	_	_	_	_
1476-15	PSB007	1476	non	non	linguistic	none	_	_	_	_	_	_
1476-16	PSB007	1476	tagliata:,	tagliata	linguistic	none	Intonation=weakly_rising	End=4796.25	7x1	_	_	_
1477-0	PSB007	1477	e:h	eh	linguistic	none	_	Begin=4796.56	0x1	_	_	_
1477-1	PSB007	1477	io	io	linguistic	none	_	_	_	_	_	_
1477-2	PSB007	1477	non	non	linguistic	none	_	_	_	_	_	_
1477-3	PSB007	1477	capisco	capisco	linguistic	none	_	_	_	_	_	_
1477-4	PSB007	1477	dove	dove	linguistic	none	_	_	_	_	_	_
1477-5	PSB007	1477	si	si	linguistic	none	_	_	_	_	_	_
1477-6	PSB007	1477	trova	trova	linguistic	none	_	_	_	_	_	_
1477-7	PSB007	1477	questa	questa	linguistic	none	_	_	_	_	_	_
1477-8	PSB007	1477	parte,	parte	linguistic	none	Intonation=weakly_rising	_	_	_	_	_
1477-9	PSB007	1477	questa	questa	linguistic	none	_	_	_	_	_	_
1477-10	PSB007	1477	parte:	parte	linguistic	none	_	_	4x1	_	_	_
1477-11	PSB007	1477	oppure	oppure	linguistic	none	_	_	_	_	_	_
1477-12	PSB007	1477	quando	quando	linguistic	none	_	_	_	_	_	_
1477-13	PSB007	1477	devo	devo	linguistic	none	_	_	_	_	_	_
1477-14	PSB007	1477	scegliere	scegliere	linguistic	none	_	_	_	_	_	_
1477-15	PSB007	1477	qualche	qualche	linguistic	none	_	_	_	_	_	_
1477-16	PSB007	1477	pesce	pesce	linguistic	none	_	_	_	_	_	_
1477-17	PSB007	1477	io	io	linguistic	none	_	_	_	_	_	_
1477-18	PSB007	1477	non	non	linguistic	none	_	_	_	_	_	_
1477-19	PSB007	1477	capisco	capisco	linguistic	none	_	_	_	_	_	_
1477-20	PSB007	1477	i	i	linguistic	none	_	_	_	_	_	_
1477-21	PSB007	1477	nomi:,	nomi	linguistic	none	Intonation=weakly_rising	End=4803.68	3x1	_	_	_
1478-0	PSB007	1478	quindi	quindi	linguistic	none	_	Begin=4804.22	_	_	_	_
1478-1	PSB007	1478	per	per	linguistic	none	_	_	_	_	_	_
1478-2	PSB007	1478	me	me	linguistic	none	_	_	_	_	_	_
1478-3	PSB007	1478	è	è	linguistic	none	_	_	_	_	_	_
1478-4	PSB007	1478	solo:	solo	linguistic	none	_	End=4805.68	3x1	_	_	_
1479-0	PSB007	1479	io	io	linguistic	none	_	Begin=4806.28	_	_	_	_
1479-1	PSB007	1479	voglio	voglio	linguistic	none	_	_	_	_	_	_
1479-2	PSB007	1479	{P}	{P}	shortpause	none	_	_	_	_	_	_
1479-3	PSB007	1479	[OVVIAMENTE]	ovviamente	linguistic	none	Volume=high	_	_	_	_	0-10(228)
1479-4	PSB007	1479	co~	co~	linguistic	none	Interrupted=Yes	_	_	_	_	_
1479-5	PSB007	1479	co~	co~	linguistic	none	Interrupted=Yes	_	_	_	_	_
1479-6	PSB007	1479	xx	x	unknown	none	_	End=4808.76	_	_	_	_
1480-0	PSB005	1480	quel[lo	quello	linguistic	none	_	Begin=4807.06	_	_	_	4-6(228)
1480-1	PSB005	1480	sì]	sì	linguistic	none	_	End=4807.71	_	_	_	0-2(228)
1481-0	PSB007	1481	di	di	linguistic	none	_	Begin=4808.95	_	_	_	_
1481-1	PSB007	1481	una::	una	linguistic	none	_	_	2x2	_	_	_
1481-2	PSB007	1481	cosa	cosa	linguistic	none	_	_	_	_	_	_
1481-3	PSB007	1481	tipo	tipo	linguistic	none	_	_	_	_	_	_
1481-4	PSB007	1481	$salmono:	salmono	linguistic	none	Orthography=Yes	_	6x1	_	_	_
1481-5	PSB007	1481	oppure	oppure	linguistic	none	_	_	_	_	_	_
1481-6	PSB007	1481	non	non	linguistic	none	_	_	_	_	_	_
1481-7	PSB007	1481	lo	lo	linguistic	none	_	_	_	_	_	_
1481-8	PSB007	1481	so:,	so	linguistic	none	Intonation=weakly_rising	_	1x1	_	_	_
1481-9	PSB007	1481	trota:,	trota	linguistic	none	Intonation=weakly_rising	_	4x1	_	_	_
1481-10	PSB007	1481	molto	molto	linguistic	none	_	_	_	_	_	_
1481-11	PSB007	1481	semplice:	semplice	linguistic	none	_	_	7x1	_	_	_
1481-12	PSB007	1481	ma	ma	linguistic	none	_	_	_	_	_	_
1481-13	PSB007	1481	invece	invece	linguistic	none	_	_	_	_	_	_
1481-14	PSB007	1481	se	se	linguistic	none	_	_	_	_	_	_
1481-15	PSB007	1481	parliamo::	parliamo	linguistic	none	_	End=4816.86	7x2	_	_	_
1482-0	PSB007	1482	de~	de~	linguistic	none	Interrupted=Yes	Begin=4817.24	_	_	_	_
1482-1	PSB007	1482	dei	dei	linguistic	none	_	_	_	_	_	_
1482-2	PSB007	1482	di	di	linguistic	none	_	_	_	_	_	_
1482-3	PSB007	1482	pe~	pe~	linguistic	none	Interrupted=Yes	_	_	_	_	_
1482-4	PSB007	1482	di	di	linguistic	none	_	_	_	_	_	_
1482-5	PSB007	1482	un	un	linguistic	none	_	_	_	_	_	_
1482-6	PSB007	1482	pesce	pesce	linguistic	none	_	_	_	_	_	_
1482-7	PSB007	1482	più::	più	linguistic	none	_	End=4820.19	2x2	_	_	_
1483-0	PSB005	1483	sì	sì	linguistic	none	_	Begin=4821.01	_	_	_	_
1483-1	PSB005	1483	sì	sì	linguistic	none	_	_	_	_	_	_
1483-2	PSB005	1483	ma	ma	linguistic	none	_	_	_	_	_	_
1483-3	PSB005	1483	secondo	secondo	linguistic	none	_	_	_	_	_	_
1483-4	PSB005	1483	me:	me	linguistic	none	_	_	1x1	_	_	_
1483-5	PSB005	1483	s~	s~	linguistic	none	Interrupted=Yes	_	_	_	_	_
1483-6	PSB005	1483	anche	anche	linguistic	none	_	_	_	_	_	_
1483-7	PSB005	1483	io	io	linguistic	none	_	_	_	_	_	_
1483-8	PSB005	1483	non	non	linguistic	none	_	_	_	_	_	_
1483-9	PSB005	1483	capisco	capisco	linguistic	none	_	_	_	_	_	_
1483-10	PSB005	1483	quando	quando	linguistic	none	_	_	_	_	_	_
1483-11	PSB005	1483	mi	mi	linguistic	none	_	_	_	_	_	_
1483-12	PSB005	1483	dicono	dicono	linguistic	none	_	_	_	_	_	_
1483-13	PSB005	1483	{ride}	{ride}	nonverbalbehavior	none	_	_	_	_	_	_
1483-14	PSB005	1483	quale	quale	linguistic	none	_	_	_	_	_	_
1483-15	PSB005	1483	parte	parte	linguistic	none	_	_	_	_	_	_
1483-16	PSB005	1483	devono	devono	linguistic	none	_	_	_	_	_	_
1483-17	PSB005	1483	togliere	togliere	linguistic	none	_	_	_	_	_	_
1483-18	PSB005	1483	di	di	linguistic	none	_	_	_	_	_	_
1483-19	PSB005	1483	quando	quando	linguistic	none	_	_	_	_	_	_
1483-20	PSB005	1483	puliscono	puliscono	linguistic	none	_	_	_	_	_	_
1483-21	PSB005	1483	il	il	linguistic	none	_	_	_	_	_	_
1483-22	PSB005	1483	°pesce°	pesce	linguistic	none	Volume=low	End=4827.35	_	_	_	_
1484-0	PSB005	1484	non	non	linguistic	none	_	Begin=4827.51	_	_	_	_
1484-1	PSB005	1484	ti	ti	linguistic	none	_	_	_	_	_	_
1484-2	PSB005	1484	preoccupare	preoccupare	linguistic	none	_	_	_	_	_	_
1484-3	PSB005	1484	{ride}	{ride}	nonverbalbehavior	none	_	End=4829.28	_	_	_	_
1485-0	PSB005	1485	perché	perché	linguistic	none	_	Begin=4830.27	_	_	_	_
1485-1	PSB005	1485	se	se	linguistic	none	_	_	_	_	_	_
1485-2	PSB005	1485	uno	uno	linguistic	none	_	_	_	_	_	_
1485-3	PSB005	1485	non	non	linguistic	none	_	_	_	_	_	_
1485-4	PSB005	1485	è	è	linguistic	none	_	_	_	_	_	_
1485-5	PSB005	1485	abituato:::	abituato	linguistic	none	_	_	7x3	_	_	_
1485-6	PSB005	1485	ad	ad	linguistic	none	_	_	_	_	_	_
1485-7	PSB005	1485	andare:	andare	linguistic	none	_	_	5x1	_	_	_
1485-8	PSB005	1485	adesso	adesso	linguistic	none	_	_	_	_	_	_
1485-9	PSB005	1485	siamo	siamo	linguistic	none	_	_	_	_	_	_
1485-10	PSB005	1485	abituati	abituati	linguistic	none	_	_	_	_	_	_
1485-11	PSB005	1485	a	a	linguistic	none	_	_	_	_	_	_
1485-12	PSB005	1485	prendere	prendere	linguistic	none	_	_	_	_	_	_
1485-13	PSB005	1485	le	le	linguistic	none	_	_	_	_	_	_
1485-14	PSB005	1485	cose	cose	linguistic	none	_	_	_	_	_	_
1485-15	PSB005	1485	senza	senza	linguistic	none	_	_	_	_	_	_
1485-16	PSB005	1485	chiedere	chiedere	linguistic	none	_	_	_	_	_	_
1485-17	PSB005	1485	no?	no	linguistic	none	Intonation=rising	_	_	_	_	_
1485-18	PSB005	1485	{P}	{P}	shortpause	none	_	_	_	_	_	_
1485-19	PSB005	1485	mol[to	molto	linguistic	none	_	_	_	_	_	3-5(229)
1485-20	PSB005	1485	nei	nei	linguistic	none	_	_	_	_	_	0-3(229)
1485-21	PSB005	1485	super]mercati	supermercati	linguistic	none	_	_	_	_	_	0-5(229)
1485-22	PSB005	1485	quindi	quindi	linguistic	none	_	End=4837.34	_	_	_	_
1486-0	PSB007	1486	[m::h]	mh	linguistic	none	_	Begin=4835.8|End=4836.33	0x2	_	_	0-2(229)
1487-0	PSB005	1487	secondo	secondo	linguistic	none	_	Begin=4838.09	_	_	_	_
1487-1	PSB005	1487	me	me	linguistic	none	_	End=4838.77	_	_	_	_
1488-0	PSB005	1488	sì	sì	linguistic	none	_	Begin=4839.53	_	_	_	_
1488-1	PSB005	1488	[sì	sì	linguistic	none	_	_	_	_	_	0-2(230)
1488-2	PSB005	1488	sì]	sì	linguistic	none	_	End=4840.27	_	_	_	0-2(230)
1489-0	PSB007	1489	[e:h	eh	linguistic	none	_	Begin=4839.73	0x1	_	_	0-2(230)
1489-1	PSB007	1489	sì]	sì	linguistic	none	_	End=4840.28	_	_	_	0-2(230)
1490-0	PSB007	1490	m:h	mh	linguistic	none	_	Begin=4840.49|End=4841.07	0x1	_	_	_
1491-0	PSB007	1491	e::	e	linguistic	none	_	Begin=4841.53	0x2	_	_	_
1491-1	PSB007	1491	sì	sì	linguistic	none	_	End=4842.26	_	_	_	_
1492-0	PSB007	1492	sì	sì	linguistic	none	_	Begin=4842.77	_	_	_	_
1492-1	PSB007	1492	sì	sì	linguistic	none	_	_	_	_	_	_
1492-2	PSB007	1492	comunque	comunque	linguistic	none	_	_	_	_	_	_
1492-3	PSB007	1492	sono	sono	linguistic	none	_	_	_	_	_	_
1492-4	PSB007	1492	xxxx	x	unknown	none	_	End=4844.26	_	_	_	_
1493-0	PSB005	1493	allora	allora	linguistic	none	_	Begin=4845.7	_	_	_	_
1493-1	PSB005	1493	vediamo	vediamo	linguistic	none	_	End=4846.6	_	_	_	_
