token_id	speaker	tu_id	span	form	type	variation	jefferson_feats	align	prolongations	pace	guesses	overlaps
0-0	PSB005	0	okay	okay	linguistic	none	_	Begin=0.85|End=1.31	_	_	_	_
1-0	PSB005	1	{bussano}	{bussano}	nonverbalbehavior	none	_	Begin=1.337|End=1.989	_	_	_	_
2-0	PSB005	2	perfetto	perfetto	linguistic	none	_	Begin=2.29|End=2.92	_	_	_	_
3-0	PSB005	3	qua	qua	linguistic	none	_	Begin=3.92	_	_	_	_
3-1	PSB005	3	c'	c'	linguistic	none	SpaceAfter=No	_	_	_	_	_
3-2	PSB005	3	è	è	linguistic	none	_	_	_	_	_	_
3-3	PSB005	3	molta	molta	linguistic	none	_	_	_	_	_	_
3-4	PSB005	3	pubblicità:	pubblicità	linguistic	none	_	_	9x1	_	_	_
3-5	PSB005	3	ma	ma	linguistic	none	_	End=5.47	_	_	_	_
4-0	PSB005	4	°possiamo	possiamo	linguistic	none	Volume=low	Begin=6.97	_	_	_	_
4-1	PSB005	4	fare	fare	linguistic	none	Volume=low	_	_	_	_	_
4-2	PSB005	4	così,	così	linguistic	none	Intonation=weakly_rising|Volume=low	_	_	_	_	_
4-3	PSB005	4	e	e	linguistic	none	Volume=low	_	_	_	_	_
4-4	PSB005	4	mettere°	mettere	linguistic	none	Volume=low	End=8.95	_	_	_	_
5-0	PSB005	5	°ecco°	ecco	linguistic	none	Volume=low	Begin=9.28|End=9.75	_	_	_	_
6-0	PSB005	6	okay	okay	linguistic	none	_	Begin=10.09|End=10.61	_	_	_	_
7-0	PSB005	7	allora	allora	linguistic	none	_	Begin=11.14|End=11.62	_	_	_	_
8-0	PSB005	8	la	la	linguistic	none	_	Begin=13.37	_	_	_	_
8-1	PSB005	8	prima	prima	linguistic	none	_	_	_	_	_	_
8-2	PSB005	8	cosa	cosa	linguistic	none	_	_	_	_	_	_
8-3	PSB005	8	che	che	linguistic	none	_	_	_	_	_	_
8-4	PSB005	8	ti	ti	linguistic	none	_	_	_	_	_	_
8-5	PSB005	8	posso	posso	linguistic	none	_	_	_	_	_	_
8-6	PSB005	8	chiedere,	chiedere	linguistic	none	Intonation=weakly_rising	_	_	_	_	_
8-7	PSB005	8	è	è	linguistic	none	_	_	_	_	_	_
8-8	PSB005	8	se	se	linguistic	none	_	_	_	_	_	_
8-9	PSB005	8	{P}	{P}	shortpause	none	_	_	_	_	_	_
8-10	PSB005	8	e::hm	ehm	linguistic	none	_	End=17.95	0x2	_	_	_
9-0	PSB005	9	ti	ti	linguistic	none	_	Begin=18.57	_	_	_	_
9-1	PSB005	9	piace	piace	linguistic	none	_	_	_	_	_	_
9-2	PSB005	9	{P}	{P}	shortpause	none	_	_	_	_	_	_
9-3	PSB005	9	dove	dove	linguistic	none	_	_	_	_	_	_
9-4	PSB005	9	vivi	vivi	linguistic	none	_	_	_	_	_	_
9-5	PSB005	9	{P}	{P}	shortpause	none	_	_	_	_	_	_
9-6	PSB005	9	qui	qui	linguistic	none	_	_	_	_	_	_
9-7	PSB005	9	a	a	linguistic	none	_	_	_	_	_	_
9-8	PSB005	9	bologna	bologna	linguistic	none	_	End=21.79	_	_	_	_
10-0	PSB039	10	sì	sì	linguistic	none	_	Begin=22.05	_	_	_	_
10-1	PSB039	10	mi	mi	linguistic	none	_	_	_	_	_	_
10-2	PSB039	10	piace	piace	linguistic	none	_	End=22.89	_	_	_	_
11-0	PSB005	11	dove:	dove	linguistic	none	_	Begin=23.72	3x1	_	_	_
11-1	PSB005	11	stai	stai	linguistic	none	_	_	_	_	_	_
11-2	PSB005	11	{P}	{P}	shortpause	none	_	_	_	_	_	_
11-3	PSB005	11	in	in	linguistic	none	_	_	_	_	_	_
11-4	PSB005	11	questa	questa	linguistic	none	_	_	_	_	_	_
11-5	PSB005	11	zona	zona	linguistic	none	_	_	_	_	_	_
11-6	PSB005	11	o?	o	linguistic	none	Intonation=rising	End=25.812	_	_	_	_
12-0	PSB039	12	sì:	sì	linguistic	none	_	Begin=25.84	1x1	_	_	_
12-1	PSB039	12	in	in	linguistic	none	_	_	_	_	_	_
12-2	PSB039	12	questa	questa	linguistic	none	_	_	_	_	_	_
12-3	PSB039	12	zona	zona	linguistic	none	_	End=26.94	_	_	_	_
13-0	PSB039	13	@nomeluogo	nomeluogo	linguistic	none	_	Begin=27.44	_	_	_	_
13-1	PSB039	13	però	però	linguistic	none	_	End=28.58	_	_	_	_
14-0	PSB005	14	ah	ah	linguistic	none	_	Begin=28.7	_	_	_	_
14-1	PSB005	14	sì	sì	linguistic	none	_	_	_	_	_	_
14-2	PSB005	14	sì	sì	linguistic	none	_	_	_	_	_	_
14-3	PSB005	14	sì	sì	linguistic	none	_	End=29.56	_	_	_	_
15-0	PSB005	15	e::	e	linguistic	none	_	Begin=29.72	0x2	_	_	_
15-1	PSB005	15	ti	ti	linguistic	none	_	_	_	_	_	_
15-2	PSB005	15	piace	piace	linguistic	none	_	_	_	_	_	_
15-3	PSB005	15	la	la	linguistic	none	_	_	_	_	_	_
15-4	PSB005	15	zona:	zona	linguistic	none	_	_	3x1	_	_	_
15-5	PSB005	15	savena?	savena	linguistic	none	Intonation=rising	End=31.83	_	_	_	_
16-0	PSB039	16	sì	sì	linguistic	none	_	Begin=32.09|End=32.53	_	_	_	_
17-0	PSB005	17	m::h	mh	linguistic	none	_	Begin=33.98	0x2	_	_	_
17-1	PSB005	17	come	come	linguistic	none	_	_	_	_	_	_
17-2	PSB005	17	mai	mai	linguistic	none	_	_	_	_	_	_
17-3	PSB005	17	perché?	perché	linguistic	none	Intonation=rising	End=35.6	_	_	_	_
18-0	PSB039	18	è:	è	linguistic	none	_	Begin=36.4	0x1	_	_	_
18-1	PSB039	18	una	una	linguistic	none	_	_	_	_	_	_
18-2	PSB039	18	zona	zona	linguistic	none	_	_	_	_	_	_
18-3	PSB039	18	tranquilla	tranquilla	linguistic	none	_	_	_	_	_	_
18-4	PSB039	18	secondo	secondo	linguistic	none	_	_	_	_	_	_
18-5	PSB039	18	me:	me	linguistic	none	_	End=38.34	1x1	_	_	_
19-0	PSB039	19	questo	questo	linguistic	none	_	Begin=39.14	_	_	_	_
19-1	PSB039	19	de:	de	linguistic	none	_	_	1x1	_	_	_
19-2	PSB039	19	una	una	linguistic	none	_	_	_	_	_	_
19-3	PSB039	19	cosa	cosa	linguistic	none	_	_	_	_	_	_
19-4	PSB039	19	molto	molto	linguistic	none	_	_	_	_	_	_
19-5	PSB039	19	importante	importante	linguistic	none	_	_	_	_	_	_
19-6	PSB039	19	per	per	linguistic	none	_	_	_	_	_	_
19-7	PSB039	19	me	me	linguistic	none	_	End=42.02	_	_	_	_
20-0	PSB039	20	[numero	numero	linguistic	none	_	Begin=42.645	_	_	_	0-6(0)
20-1	PSB039	20	uno]	uno	linguistic	none	_	End=43.21	_	_	_	0-3(0)
21-0	PSB005	21	[certo	certo	linguistic	none	_	Begin=42.645	_	_	_	0-5(0)
21-1	PSB005	21	sì]	sì	linguistic	none	_	End=43.205	_	_	_	0-2(0)
22-0	PSB005	22	perché	perché	linguistic	none	_	Begin=43.72	_	_	_	_
22-1	PSB005	22	puoi	puoi	linguistic	none	_	_	_	_	_	_
22-2	PSB005	22	dormire	dormire	linguistic	none	_	_	_	_	_	_
22-3	PSB005	22	bene	bene	linguistic	none	_	_	_	_	_	_
22-4	PSB005	22	[alla	alla	linguistic	none	_	_	_	_	_	0-4(1)
22-5	PSB005	22	notte:],	notte	linguistic	none	Intonation=weakly_rising	End=45.76	4x1	_	_	0-5(1)
23-0	PSB039	23	[eh	eh	linguistic	none	_	Begin=45.07	_	_	_	0-2(1)
23-1	PSB039	23	sì]	sì	linguistic	none	_	End=45.76	_	_	_	0-2(1)
24-0	PSB005	24	e::hm:	ehm	linguistic	none	_	Begin=46.185|End=47.48	0x2,2x1	_	_	_
25-0	PSB005	25	hai	hai	linguistic	none	_	Begin=48.53	_	_	_	_
25-1	PSB005	25	vissuto	vissuto	linguistic	none	_	_	_	_	_	_
25-2	PSB005	25	in	in	linguistic	none	_	_	_	_	_	_
25-3	PSB005	25	altre	altre	linguistic	none	_	_	_	_	_	_
25-4	PSB005	25	zone?	zone	linguistic	none	Intonation=rising	End=50.07	_	_	_	_
26-0	PSB039	26	sì	sì	linguistic	none	_	Begin=50.35|End=50.68	_	_	_	_
27-0	PSB039	27	a:h	ah	linguistic	none	_	Begin=51.6	0x1	_	_	_
27-1	PSB039	27	{P}	{P}	shortpause	none	_	_	_	_	_	_
27-2	PSB039	27	sono	sono	linguistic	none	_	_	_	_	_	_
27-3	PSB039	27	stato	stato	linguistic	none	_	_	_	_	_	_
27-4	PSB039	27	in	in	linguistic	none	_	_	_	_	_	_
27-5	PSB039	27	centro:	centro	linguistic	none	_	End=53.69	5x1	_	_	_
28-0	PSB039	28	e:hm	ehm	linguistic	none	_	Begin=54.12|End=54.69	0x1	_	_	_
29-0	PSB039	29	qualche	qualche	linguistic	none	_	Begin=54.96	_	_	_	_
29-1	PSB039	29	altro	altro	linguistic	none	_	_	_	_	_	_
29-2	PSB039	29	paese	paese	linguistic	none	_	_	_	_	_	_
29-3	PSB039	29	a	a	linguistic	none	_	_	_	_	_	_
29-4	PSB039	29	bologna	bologna	linguistic	none	_	End=56.55	_	_	_	_
30-0	PSB039	30	a:h	ah	linguistic	none	_	Begin=57.32	0x1	_	_	_
30-1	PSB039	30	sono	sono	linguistic	none	_	_	_	_	_	_
30-2	PSB039	30	stato	stato	linguistic	none	_	_	_	_	_	_
30-3	PSB039	30	anche::	anche	linguistic	none	_	_	4x2	_	_	_
30-4	PSB039	30	{P}	{P}	shortpause	none	_	_	_	_	_	_
30-5	PSB039	30	in	in	linguistic	none	_	_	_	_	_	_
30-6	PSB039	30	venezia	venezia	linguistic	none	_	_	_	_	_	_
30-7	PSB039	30	però	però	linguistic	none	_	_	_	_	_	_
30-8	PSB039	30	non	non	linguistic	none	_	_	_	_	_	_
30-9	PSB039	30	è	è	linguistic	none	_	_	_	_	_	_
30-10	PSB039	30	non	non	linguistic	none	_	_	_	_	_	_
30-11	PSB039	30	c'	c'	linguistic	none	SpaceAfter=No	_	_	_	_	_
30-12	PSB039	30	entra	entra	linguistic	none	_	_	_	_	_	_
30-13	PSB039	30	niente	niente	linguistic	none	_	_	_	_	_	_
30-14	PSB039	30	di	di	linguistic	none	_	_	_	_	_	_
30-15	PSB039	30	bologna	bologna	linguistic	none	_	_	_	_	_	_
30-16	PSB039	30	quindi	quindi	linguistic	none	_	End=62.9	_	_	_	_
31-0	PSB005	31	beh	beh	linguistic	none	_	Begin=63.76	_	_	_	_
31-1	PSB005	31	ma	ma	linguistic	none	_	_	_	_	_	_
31-2	PSB005	31	{P}	{P}	shortpause	none	_	_	_	_	_	_
31-3	PSB005	31	puoi	puoi	linguistic	none	_	_	_	_	_	_
31-4	PSB005	31	fare	fare	linguistic	none	_	_	_	_	_	_
31-5	PSB005	31	un	un	linguistic	none	_	_	_	_	_	_
31-6	PSB005	31	confronto,	confronto	linguistic	none	Intonation=weakly_rising	_	_	_	_	_
31-7	PSB005	31	{P}[	{P}	shortpause	none	_	_	_	_	_	0-3(2)
31-8	PSB005	31	tra]	tra	linguistic	none	_	_	_	_	_	0-3(2)
31-9	PSB005	31	venezia	venezia	linguistic	none	_	_	_	_	_	_
31-10	PSB005	31	e	e	linguistic	none	_	_	_	_	_	_
31-11	PSB005	31	bologna?	bologna	linguistic	none	Intonation=rising	End=67.69	_	_	_	_
32-0	PSB039	32	[sì]	sì	linguistic	none	_	Begin=66.45|End=66.67	_	_	_	0-2(2)
33-0	PSB005	33	quale	quale	linguistic	none	_	Begin=68.37	_	_	_	_
33-1	PSB005	33	ti	ti	linguistic	none	_	_	_	_	_	_
33-2	PSB005	33	piace	piace	linguistic	none	_	_	_	_	_	_
33-3	PSB005	33	di	di	linguistic	none	_	_	_	_	_	_
33-4	PSB005	33	più:?	più	linguistic	none	Intonation=rising	End=69.65	2x1	_	_	_
34-0	PSB039	34	a:h	ah	linguistic	none	_	Begin=70.27	0x1	_	_	_
34-1	PSB039	34	{P}	{P}	shortpause	none	_	_	_	_	_	_
34-2	PSB039	34	da	da	linguistic	none	_	_	_	_	_	_
34-3	PSB039	34	vivere:	vivere	linguistic	none	_	_	5x1	_	_	_
34-4	PSB039	34	eh	eh	linguistic	none	_	_	_	_	_	_
34-5	PSB039	34	cento	cento	linguistic	none	_	_	_	_	_	_
34-6	PSB039	34	per	per	linguistic	none	_	_	_	_	_	_
34-7	PSB039	34	cento	cento	linguistic	none	_	_	_	_	_	_
34-8	PSB039	34	a	a	linguistic	none	_	_	_	_	_	_
34-9	PSB039	34	bologna	bologna	linguistic	none	_	_	_	_	_	_
34-10	PSB039	34	però:	però	linguistic	none	_	_	3x1	_	_	_
34-11	PSB039	34	come:	come	linguistic	none	_	_	3x1	_	_	_
34-12	PSB039	34	come	come	linguistic	none	_	_	_	_	_	_
34-13	PSB039	34	un	un	linguistic	none	_	_	_	_	_	_
34-14	PSB039	34	turista	turista	linguistic	none	_	_	_	_	_	_
34-15	PSB039	34	{P}	{P}	shortpause	none	_	_	_	_	_	_
34-16	PSB039	34	venezia	venezia	linguistic	none	_	_	_	_	_	_
34-17	PSB039	34	è:	è	linguistic	none	_	_	0x1	_	_	_
34-18	PSB039	34	{P}	{P}	shortpause	none	_	_	_	_	_	_
34-19	PSB039	34	una	una	linguistic	none	_	_	_	_	_	_
34-20	PSB039	34	città	città	linguistic	none	_	_	_	_	_	_
34-21	PSB039	34	più	più	linguistic	none	_	_	_	_	_	_
34-22	PSB039	34	bella	bella	linguistic	none	_	_	_	_	_	_
34-23	PSB039	34	del	del	linguistic	none	_	_	_	_	_	_
34-24	PSB039	34	mondo	mondo	linguistic	none	_	End=78.2	_	_	_	_
35-0	PSB005	35	mhmh	mhmh	linguistic	none	_	Begin=78.24	_	_	_	_
35-1	PSB005	35	anche	anche	linguistic	none	_	_	_	_	_	_
35-2	PSB005	35	secondo	secondo	linguistic	none	_	_	_	_	_	_
35-3	PSB005	35	me	me	linguistic	none	_	_	_	_	_	_
35-4	PSB005	35	sì	sì	linguistic	none	_	End=79.91	_	_	_	_
36-0	PSB005	36	ma:	ma	linguistic	none	_	Begin=80.14	1x1	_	_	_
36-1	PSB005	36	{P}	{P}	shortpause	none	_	_	_	_	_	_
36-2	PSB005	36	è	è	linguistic	none	_	_	_	_	_	_
36-3	PSB005	36	abbastanza	abbastanza	linguistic	none	_	_	_	_	_	_
36-4	PSB005	36	particolare,	particolare	linguistic	none	Intonation=weakly_rising	End=82.3	_	_	_	_
37-0	PSB039	37	sì	sì	linguistic	none	_	Begin=82.38|End=82.75	_	_	_	_
38-0	PSB005	38	vivere	vivere	linguistic	none	_	Begin=82.87	_	_	_	_
38-1	PSB005	38	a	a	linguistic	none	_	_	_	_	_	_
38-2	PSB005	38	vene[zia]	venezia	linguistic	none	_	_	_	_	_	4-7(3)
38-3	PSB005	38	no?	no	linguistic	none	Intonation=rising	End=84.16	_	_	_	_
39-0	PSB039	39	[sì]	sì	linguistic	none	_	Begin=83.65|End=83.87	_	_	_	0-2(3)
40-0	PSB005	40	e::	e	linguistic	none	_	Begin=84.5|End=85.2	0x2	_	_	_
41-0	PSB005	41	eh	eh	linguistic	none	_	Begin=87.26	_	_	_	_
41-1	PSB005	41	{P}	{P}	shortpause	none	_	_	_	_	_	_
41-2	PSB005	41	io	io	linguistic	none	_	_	_	_	_	_
41-3	PSB005	41	non	non	linguistic	none	_	_	_	_	_	_
41-4	PSB005	41	riesco	riesco	linguistic	none	_	_	_	_	_	_
41-5	PSB005	41	neanche	neanche	linguistic	none	_	_	_	_	_	_
41-6	PSB005	41	ad	ad	linguistic	none	_	_	_	_	_	_
41-7	PSB005	41	immaginare,	immaginare	linguistic	none	Intonation=weakly_rising	End=89.49	_	_	_	_
42-0	PSB039	42	sì	sì	linguistic	none	_	Begin=89.68|End=90.19	_	_	_	_
43-0	PSB039	43	quasi	quasi	linguistic	none	_	Begin=91.22	_	_	_	_
43-1	PSB039	43	impossibile	impossibile	linguistic	none	_	End=92.2	_	_	_	_
44-0	PSB005	44	perché?	perché	linguistic	none	Intonation=rising	Begin=92.445|End=92.945	_	_	_	_
45-0	PSB039	45	perché	perché	linguistic	none	_	Begin=93.4	_	_	_	_
45-1	PSB039	45	la:	la	linguistic	none	_	_	1x1	_	_	_
45-2	PSB039	45	{P}	{P}	shortpause	none	_	_	_	_	_	_
45-3	PSB039	45	la::	la	linguistic	none	_	End=95.67	1x2	_	_	_
46-0	PSB039	46	rivers	rivers	linguistic	all	Language=NO_ISO_CODE	Begin=96.24|End=96.88	_	_	_	_
48-0	PSB005	48	sì	sì	linguistic	none	_	Begin=97.43	_	_	_	_
48-1	PSB005	48	sì	sì	linguistic	none	_	_	_	_	_	_
48-2	PSB005	48	canali	canali	linguistic	none	_	_	_	_	_	_
48-3	PSB005	48	sì	sì	linguistic	none	_	_	_	_	_	_
48-4	PSB005	48	[sì]	sì	linguistic	none	_	End=98.75	_	_	_	0-2(4)
49-0	PSB039	49	[#yeah]	yeah	linguistic	some	Language=NO_ISO_CODE	Begin=98.57	_	_	_	0-5(4)
49-1	PSB039	49	can~	can~	linguistic	some	Interrupted=Yes	_	_	_	_	_
49-2	PSB039	49	canali	canali	linguistic	some	_	_	_	_	_	_
49-3	PSB039	49	e::h	eh	linguistic	some	_	End=100.7	0x2	_	_	_
50-0	PSB039	50	comunicazione:	comunicazione	linguistic	none	_	Begin=101.565	12x1	_	_	_
50-1	PSB039	50	i~	i~	linguistic	none	Interrupted=Yes	_	_	_	_	_
50-2	PSB039	50	in	in	linguistic	none	_	_	_	_	_	_
50-3	PSB039	50	quella	quella	linguistic	none	_	_	_	_	_	_
50-4	PSB039	50	città	città	linguistic	none	_	_	_	_	_	_
50-5	PSB039	50	è	è	linguistic	none	_	_	_	_	_	_
50-6	PSB039	50	{P}	{P}	shortpause	none	_	_	_	_	_	_
50-7	PSB039	50	m~	m~	linguistic	none	Interrupted=Yes	_	_	_	_	_
50-8	PSB039	50	molto	molto	linguistic	none	_	_	_	_	_	_
50-9	PSB039	50	difficile	difficile	linguistic	none	_	End=105.88	_	_	_	_
51-0	PSB005	51	mhmh	mhmh	linguistic	none	_	Begin=105.922	_	_	_	_
51-1	PSB005	51	quindi	quindi	linguistic	none	_	_	_	_	_	_
51-2	PSB005	51	sei	sei	linguistic	none	_	_	_	_	_	_
51-3	PSB005	51	stato	stato	linguistic	none	_	_	_	_	_	_
51-4	PSB005	51	un	un	linguistic	none	_	_	_	_	_	_
51-5	PSB005	51	po'	po'	linguistic	none	_	_	_	_	_	_
51-6	PSB005	51	di	di	linguistic	none	_	_	_	_	_	_
51-7	PSB005	51	anni	anni	linguistic	none	_	End=107.58	_	_	_	_
52-0	PSB039	52	[e::h]	eh	linguistic	none	_	Begin=108.222|End=108.982	0x2	_	_	0-2(5)
53-0	PSB005	53	[a	a	linguistic	none	_	Begin=108.222	_	_	_	0-1(5)
53-1	PSB005	53	venezia]?	venezia	linguistic	none	Intonation=rising	End=108.982	_	_	_	0-7(5)
54-0	PSB039	54	e:h	eh	linguistic	none	_	Begin=110.08	0x1	_	_	_
54-1	PSB039	54	e:h	eh	linguistic	none	_	_	0x1	_	_	_
54-2	PSB039	54	{P}	{P}	shortpause	none	_	_	_	_	_	_
54-3	PSB039	54	no	no	linguistic	none	_	_	_	_	_	_
54-4	PSB039	54	eh	eh	linguistic	none	_	_	_	_	_	_
54-5	PSB039	54	>solo	solo	linguistic	none	_	_	_	Fast=0-4(0)	_	_
54-6	PSB039	54	un	un	linguistic	none	_	_	_	Fast=0-2(0)	_	_
54-7	PSB039	54	giorno<	giorno	linguistic	none	_	_	_	Fast=0-6(0)	_	_
54-8	PSB039	54	sono	sono	linguistic	none	_	_	_	_	_	_
54-9	PSB039	54	stato	stato	linguistic	none	_	_	_	_	_	_
54-10	PSB039	54	[a	a	linguistic	none	_	_	_	_	_	0-1(6)
54-11	PSB039	54	venezia]	venezia	linguistic	none	_	End=113.16	_	_	_	0-7(6)
55-0	PSB005	55	[°ah	ah	linguistic	none	Volume=low	Begin=112.504	_	_	_	0-2(6)
55-1	PSB005	55	okay°]	okay	linguistic	none	Volume=low	End=113.171	_	_	_	0-4(6)
56-0	PSB039	56	e:hm::	ehm	linguistic	none	_	Begin=114.033	0x1,2x2	_	_	_
56-1	PSB039	56	a	a	linguistic	none	_	_	_	_	_	_
56-2	PSB039	56	bologna:	bologna	linguistic	none	_	_	6x1	_	_	_
56-3	PSB039	56	vivo	vivo	linguistic	none	_	_	_	_	_	_
56-4	PSB039	56	già:	già	linguistic	none	_	_	2x1	_	_	_
56-5	PSB039	56	{P}	{P}	shortpause	none	_	_	_	_	_	_
56-6	PSB039	56	più	più	linguistic	none	_	_	_	_	_	_
56-7	PSB039	56	di	di	linguistic	none	_	_	_	_	_	_
56-8	PSB039	56	due	due	linguistic	none	_	_	_	_	_	_
56-9	PSB039	56	anni	anni	linguistic	none	_	End=118.784	_	_	_	_
57-0	PSB005	57	mhmh	mhmh	linguistic	none	_	Begin=118.82	_	_	_	_
57-1	PSB005	57	okay	okay	linguistic	none	_	End=120.01	_	_	_	_
58-0	PSB005	58	e:	e	linguistic	none	_	Begin=120.25	0x1	_	_	_
58-1	PSB005	58	{P}	{P}	shortpause	none	_	_	_	_	_	_
58-2	PSB005	58	in	in	linguistic	none	_	_	_	_	_	_
58-3	PSB005	58	centro	centro	linguistic	none	_	_	_	_	_	_
58-4	PSB005	58	ti	ti	linguistic	none	_	_	_	_	_	_
58-5	PSB005	58	sei	sei	linguistic	none	_	_	_	_	_	_
58-6	PSB005	58	trovato	trovato	linguistic	none	_	_	_	_	_	_
58-7	PSB005	58	così	così	linguistic	none	_	_	_	_	_	_
58-8	PSB005	58	così	così	linguistic	none	_	_	_	_	_	_
58-9	PSB005	58	perché	perché	linguistic	none	_	_	_	_	_	_
58-10	PSB005	58	là	là	linguistic	none	_	_	_	_	_	_
58-11	PSB005	58	c'	c'	linguistic	none	SpaceAfter=No	_	_	_	_	_
58-12	PSB005	58	era	era	linguistic	none	_	_	_	_	_	_
58-13	PSB005	58	troppo	troppo	linguistic	none	_	_	_	_	_	_
58-14	PSB005	58	rumore?	rumore	linguistic	none	Intonation=rising	End=124.773	_	_	_	_
59-0	PSB039	59	eh	eh	linguistic	none	_	Begin=125.439	_	_	_	_
59-1	PSB039	59	un	un	linguistic	none	_	_	_	_	_	_
59-2	PSB039	59	po'	po'	linguistic	none	_	_	_	_	_	_
59-3	PSB039	59	però:	però	linguistic	none	_	_	3x1	_	_	_
59-4	PSB039	59	{P}	{P}	shortpause	none	_	_	_	_	_	_
59-5	PSB039	59	mi	mi	linguistic	none	_	_	_	_	_	_
59-6	PSB039	59	piace:	piace	linguistic	none	_	_	4x1	_	_	_
59-7	PSB039	59	{P}	{P}	shortpause	none	_	_	_	_	_	_
59-8	PSB039	59	vostra	vostra	linguistic	none	_	_	_	_	_	_
59-9	PSB039	59	architectu~	architectu~	linguistic	none	Interrupted=Yes	_	_	_	_	_
59-10	PSB039	59	{P}[	{P}	shortpause	none	_	_	_	_	_	0-3(7)
59-11	PSB039	59	a]rchittetura	archittetura	linguistic	none	_	End=131.773	_	_	_	0-1(7)
60-0	PSB005	60	[mhmh]	mhmh	linguistic	none	_	Begin=130.68|End=131.1	_	_	_	0-4(7)
61-0	PSB039	61	°quindi°	quindi	linguistic	none	Volume=low	Begin=132.067	_	_	_	_
61-1	PSB039	61	{P}	{P}	shortpause	none	_	_	_	_	_	_
61-2	PSB039	61	non	non	linguistic	none	_	_	_	_	_	_
61-3	PSB039	61	[è]	è	linguistic	none	_	_	_	_	_	0-1(8)
61-4	PSB039	61	un	un	linguistic	none	_	_	_	_	_	_
61-5	PSB039	61	gran	gran	linguistic	none	_	_	_	_	_	_
61-6	PSB039	61	problema	problema	linguistic	none	_	_	_	_	_	_
61-7	PSB039	61	se:	se	linguistic	none	_	_	1x1	_	_	_
61-8	PSB039	61	{P}	{P}	shortpause	none	_	_	_	_	_	_
61-9	PSB039	61	troppa	troppa	linguistic	none	_	_	_	_	_	_
61-10	PSB039	61	gente:	gente	linguistic	none	_	End=136.653	4x1	_	_	_
62-0	PSB005	62	[mh]	mh	linguistic	none	_	Begin=133.349|End=133.676	_	_	_	0-2(8)
63-0	PSB005	63	mhmh	mhmh	linguistic	none	_	Begin=136.693	_	_	_	_
63-1	PSB005	63	mhmh	mhmh	linguistic	none	_	End=137.907	_	_	_	_
64-0	PSB005	64	no	no	linguistic	none	_	Begin=138.08	_	_	_	_
64-1	PSB005	64	io	io	linguistic	none	_	_	_	_	_	_
64-2	PSB005	64	non	non	linguistic	none	_	_	_	_	_	_
64-3	PSB005	64	vorrei	vorrei	linguistic	none	_	_	_	_	_	_
64-4	PSB005	64	vivere	vivere	linguistic	none	_	_	_	_	_	_
64-5	PSB005	64	in	in	linguistic	none	_	_	_	_	_	_
64-6	PSB005	64	centro	centro	linguistic	none	_	_	_	_	_	_
64-7	PSB005	64	no	no	linguistic	none	_	End=139.946	_	_	_	_
65-0	PSB005	65	{ride}	{ride}	nonverbalbehavior	none	_	Begin=140.099|End=140.606	_	_	_	_
66-0	PSB039	66	no	no	linguistic	none	_	Begin=140.133	_	_	_	_
66-1	PSB039	66	vivere	vivere	linguistic	none	_	_	_	_	_	_
66-2	PSB039	66	no	no	linguistic	none	_	_	_	_	_	_
66-3	PSB039	66	però:	però	linguistic	none	_	End=141.4	3x1	_	_	_
67-0	PSB039	67	e:h	eh	linguistic	all	Language=NO_ISO_CODE	Begin=142.813	0x1	_	_	_
67-1	PSB039	67	just	just	linguistic	all	Language=NO_ISO_CODE	_	_	_	_	_
67-2	PSB039	67	walk	walk	linguistic	all	Language=NO_ISO_CODE	_	_	_	_	_
67-3	PSB039	67	around	around	linguistic	all	Language=NO_ISO_CODE	End=144.12	_	_	_	_
69-0	PSB005	69	sì	sì	linguistic	none	_	Begin=144.427	_	_	_	_
69-1	PSB005	69	sì	sì	linguistic	none	_	End=145.08	_	_	_	_
70-0	PSB005	70	certamente	certamente	linguistic	none	_	Begin=145.346|End=146.106	_	_	_	_
71-0	PSB005	71	e	e	linguistic	none	_	Begin=147.053	_	_	_	_
71-1	PSB005	71	la	la	linguistic	none	_	_	_	_	_	_
71-2	PSB005	71	parte	parte	linguistic	none	_	_	_	_	_	_
71-3	PSB005	71	del	del	linguistic	none	_	_	_	_	_	_
71-4	PSB005	71	centro	centro	linguistic	none	_	_	_	_	_	_
71-5	PSB005	71	che	che	linguistic	none	_	_	_	_	_	_
71-6	PSB005	71	ti	ti	linguistic	none	_	_	_	_	_	_
71-7	PSB005	71	piace	piace	linguistic	none	_	_	_	_	_	_
71-8	PSB005	71	di	di	linguistic	none	_	_	_	_	_	_
71-9	PSB005	71	più	più	linguistic	none	_	_	_	_	_	_
71-10	PSB005	71	qual	qual	linguistic	none	_	_	_	_	_	_
71-11	PSB005	71	è?	è	linguistic	none	Intonation=rising	End=149.213	_	_	_	_
72-0	PSB039	72	a::h	ah	linguistic	none	_	Begin=149.833	0x2	_	_	_
72-1	PSB039	72	{P}	{P}	shortpause	none	_	_	_	_	_	_
72-2	PSB039	72	due	due	linguistic	none	_	_	_	_	_	_
72-3	PSB039	72	torre	torre	linguistic	none	_	_	_	_	_	_
72-4	PSB039	72	e:	e	linguistic	none	_	_	0x1	_	_	_
72-5	PSB039	72	statua	statua	linguistic	none	_	_	_	_	_	_
72-6	PSB039	72	di:	di	linguistic	none	_	_	1x1	_	_	_
72-7	PSB039	72	nettuno,	nettuno	linguistic	none	Intonation=weakly_rising	End=153.84	_	_	_	_
73-0	PSB005	73	°mh	mh	linguistic	none	Volume=low	Begin=153.867	_	_	_	_
73-1	PSB005	73	mhmh°	mhmh	linguistic	none	Volume=low	End=154.359	_	_	_	_
74-0	PSB039	74	piace:	piace	linguistic	none	_	Begin=155.306	4x1	_	_	_
74-1	PSB039	74	piacciono	piacciono	linguistic	none	_	_	_	_	_	_
74-2	PSB039	74	di	di	linguistic	none	_	_	_	_	_	_
74-3	PSB039	74	più	più	linguistic	none	_	End=156.946	_	_	_	_
75-0	PSB005	75	sei	sei	linguistic	none	_	Begin=157.346	_	_	_	_
75-1	PSB005	75	andato	andato	linguistic	none	_	_	_	_	_	_
75-2	PSB005	75	sulla	sulla	linguistic	none	_	_	_	_	_	_
75-3	PSB005	75	torre?	torre	linguistic	none	Intonation=rising	End=158.48	_	_	_	_
76-0	PSB039	76	sì	sì	linguistic	none	_	Begin=158.773|End=159.039	_	_	_	_
77-0	PSB005	77	c'	c'	linguistic	none	SpaceAfter=No	Begin=160.146	_	_	_	_
77-1	PSB005	77	era	era	linguistic	none	_	_	_	_	_	_
77-2	PSB005	77	una	una	linguistic	none	_	_	_	_	_	_
77-3	PSB005	77	fila	fila	linguistic	none	_	_	_	_	_	_
77-4	PSB005	77	lunga::	lunga	linguistic	none	_	_	4x2	_	_	_
77-5	PSB005	77	[°m:h°]?	mh	linguistic	none	Intonation=rising|Volume=low	End=161.987	0x1	_	_	0-2(9)
78-0	PSB039	78	[e:h]	eh	linguistic	none	_	Begin=161.613	0x1	_	_	0-2(9)
78-1	PSB039	78	sì	sì	linguistic	none	_	_	_	_	_	_
78-2	PSB039	78	però:	però	linguistic	none	_	End=162.973	3x1	_	_	_
79-0	PSB005	79	come:	come	linguistic	none	_	Begin=164.52	3x1	_	_	_
79-1	PSB005	79	hai	hai	linguistic	none	_	_	_	_	_	_
79-2	PSB005	79	hai	hai	linguistic	none	_	_	_	_	_	_
79-3	PSB005	79	fatto	fatto	linguistic	none	_	_	_	_	_	_
79-4	PSB005	79	un	un	linguistic	none	_	_	_	_	_	_
79-5	PSB005	79	giro	giro	linguistic	none	_	_	_	_	_	_
79-6	PSB005	79	turistico	turistico	linguistic	none	_	_	_	_	_	_
79-7	PSB005	79	quindi	quindi	linguistic	none	_	_	_	_	_	_
79-8	PSB005	79	[a	a	linguistic	none	_	_	_	_	_	0-1(10)
79-9	PSB005	79	bolo]gna	bologna	linguistic	none	_	End=167.193	_	_	_	0-4(10)
80-0	PSB039	80	[mhmh]	mhmh	linguistic	none	_	Begin=166.399|End=167.093	_	_	_	0-4(10)
81-0	PSB039	81	sì	sì	linguistic	none	_	Begin=167.627|End=168.08	_	_	_	_
82-0	PSB005	82	che	che	linguistic	none	_	Begin=168.12	_	_	_	_
82-1	PSB005	82	cosa	cosa	linguistic	none	_	_	_	_	_	_
82-2	PSB005	82	hai	hai	linguistic	none	_	_	_	_	_	_
82-3	PSB005	82	visto:	visto	linguistic	none	_	_	4x1	_	_	_
82-4	PSB005	82	di	di	linguistic	none	_	_	_	_	_	_
82-5	PSB005	82	bello?	bello	linguistic	none	Intonation=rising	End=169.84	_	_	_	_
83-0	PSB039	83	a::h	ah	linguistic	none	_	Begin=170.32|End=171.333	0x2	_	_	_
84-0	PSB039	84	non	non	linguistic	none	_	Begin=172.173	_	_	_	_
84-1	PSB039	84	mi	mi	linguistic	none	_	_	_	_	_	_
84-2	PSB039	84	ricordo	ricordo	linguistic	none	_	_	_	_	_	_
84-3	PSB039	84	come	come	linguistic	none	_	_	_	_	_	_
84-4	PSB039	84	si	si	linguistic	none	_	_	_	_	_	_
84-5	PSB039	84	chiama	chiama	linguistic	none	_	_	_	_	_	_
84-6	PSB039	84	però:	però	linguistic	none	_	_	3x1	_	_	_
84-7	PSB039	84	eh	eh	linguistic	none	_	_	_	_	_	_
84-8	PSB039	84	è	è	linguistic	none	_	_	_	_	_	_
84-9	PSB039	84	una	una	linguistic	none	_	_	_	_	_	_
84-10	PSB039	84	<chiesa>	chiesa	linguistic	none	_	_	_	Slow=0-6(0)	_	_
84-11	PSB039	84	secondo	secondo	linguistic	none	_	_	_	_	_	_
84-12	PSB039	84	me:	me	linguistic	none	_	End=176.567	1x1	_	_	_
85-0	PSB039	85	e:h	eh	linguistic	none	_	Begin=177.1	0x1	_	_	_
85-1	PSB039	85	sul:	sul	linguistic	none	_	_	2x1	_	_	_
85-2	PSB039	85	sulla	sulla	linguistic	none	_	_	_	_	_	_
85-3	PSB039	85	montagna	montagna	linguistic	none	_	_	_	_	_	_
85-4	PSB039	85	eh	eh	linguistic	none	_	_	_	_	_	_
85-5	PSB039	85	a	a	linguistic	none	_	_	_	_	_	_
85-6	PSB039	85	bologna	bologna	linguistic	none	_	_	_	_	_	_
85-7	PSB039	85	[°però°]	però	linguistic	none	Volume=low	_	_	_	_	0-4(11)
85-8	PSB039	85	non	non	linguistic	none	_	_	_	_	_	_
85-9	PSB039	85	non	non	linguistic	none	_	_	_	_	_	_
85-10	PSB039	85	mi	mi	linguistic	none	_	_	_	_	_	_
85-11	PSB039	85	ricordo::	ricordo	linguistic	none	_	_	6x2	_	_	_
85-12	PSB039	85	come	come	linguistic	none	_	_	_	_	_	_
85-13	PSB039	85	si	si	linguistic	none	_	_	_	_	_	_
85-14	PSB039	85	chiama	chiama	linguistic	none	_	End=182.32	_	_	_	_
86-0	PSB005	86	[mhmh]	mhmh	linguistic	none	_	Begin=179.707|End=180.173	_	_	_	0-4(11)
87-0	PSB005	87	forse	forse	linguistic	none	_	Begin=182.72	_	_	_	_
87-1	PSB005	87	san	san	linguistic	none	_	_	_	_	_	_
87-2	PSB005	87	luca,	luca	linguistic	none	Intonation=weakly_rising	End=183.6	_	_	_	_
88-0	PSB039	88	sì	sì	linguistic	none	_	Begin=183.733	_	_	_	_
88-1	PSB039	88	{P}	{P}	shortpause	none	_	_	_	_	_	_
88-2	PSB039	88	sì	sì	linguistic	none	_	End=184.399	_	_	_	_
89-0	PSB005	89	mhmh	mhmh	linguistic	none	_	Begin=184.526|End=185.032	_	_	_	_
90-0	PSB005	90	sei	sei	linguistic	none	_	Begin=185.186	_	_	_	_
90-1	PSB005	90	andato	andato	linguistic	none	_	_	_	_	_	_
90-2	PSB005	90	a	a	linguistic	none	_	_	_	_	_	_
90-3	PSB005	90	piedi	piedi	linguistic	none	_	_	_	_	_	_
90-4	PSB005	90	è	è	linguistic	none	_	_	_	_	_	_
90-5	PSB005	90	stata	stata	linguistic	none	_	_	_	_	_	_
90-6	PSB005	90	una	una	linguistic	none	_	_	_	_	_	_
90-7	PSB005	90	passeggiata	passeggiata	linguistic	none	_	_	_	_	_	_
90-8	PSB005	90	[lunga]?	lunga	linguistic	none	Intonation=rising	End=187.44	_	_	_	0-5(12)
91-0	PSB039	91	[sì	sì	linguistic	none	_	Begin=186.76	_	_	_	0-2(12)
91-1	PSB039	91	sì]	sì	linguistic	none	_	End=187.44	_	_	_	0-2(12)
92-0	PSB005	92	solo	solo	linguistic	none	_	Begin=188.346	_	_	_	_
92-1	PSB005	92	una	una	linguistic	none	_	_	_	_	_	_
92-2	PSB005	92	volta?	volta	linguistic	none	Intonation=rising	End=189.146	_	_	_	_
93-0	PSB039	93	sì	sì	linguistic	none	_	Begin=189.373	_	_	_	_
93-1	PSB039	93	solo	solo	linguistic	none	_	_	_	_	_	_
93-2	PSB039	93	una	una	linguistic	none	_	_	_	_	_	_
93-3	PSB039	93	volta:	volta	linguistic	none	_	_	4x1	_	_	_
93-4	PSB039	93	{P}	{P}	shortpause	none	_	_	_	_	_	_
93-5	PSB039	93	con	con	linguistic	none	_	_	_	_	_	_
93-6	PSB039	93	mia	mia	linguistic	none	_	_	_	_	_	_
93-7	PSB039	93	madre	madre	linguistic	none	_	End=191.72	_	_	_	_
94-0	PSB005	94	okay	okay	linguistic	none	_	Begin=191.826	_	_	_	_
94-1	PSB005	94	e	e	linguistic	none	_	_	_	_	_	_
94-2	PSB005	94	tua	tua	linguistic	none	_	_	_	_	_	_
94-3	PSB005	94	mamma	mamma	linguistic	none	_	_	_	_	_	_
94-4	PSB005	94	non	non	linguistic	none	_	_	_	_	_	_
94-5	PSB005	94	è	è	linguistic	none	_	_	_	_	_	_
94-6	PSB005	94	qui?	qui	linguistic	none	Intonation=rising	End=193.88	_	_	_	_
95-0	PSB039	95	no	no	linguistic	none	_	Begin=194.16	_	_	_	_
95-1	PSB039	95	e::h	eh	linguistic	none	_	_	0x2	_	_	_
95-2	PSB039	95	lei	lei	linguistic	none	_	_	_	_	_	_
95-3	PSB039	95	è	è	linguistic	none	_	_	_	_	_	_
95-4	PSB039	95	qua	qua	linguistic	none	_	End=195.493	_	_	_	_
96-0	PSB005	96	ah	ah	linguistic	none	_	Begin=195.573	_	_	_	_
96-1	PSB005	96	beh	beh	linguistic	none	_	_	_	_	_	_
96-2	PSB005	96	me	me	linguistic	none	_	_	_	_	_	_
96-3	PSB005	96	l'	l'	linguistic	none	SpaceAfter=No	_	_	_	_	_
96-4	PSB005	96	ha	ha	linguistic	none	_	_	_	_	_	_
96-5	PSB005	96	detto	detto	linguistic	none	_	End=196.65	_	_	_	_
97-0	PSB005	97	°è	è	linguistic	none	Volume=low	Begin=197.0	_	_	_	_
97-1	PSB005	97	vero°	vero	linguistic	none	Volume=low	End=197.44	_	_	_	_
98-0	PSB005	98	mi	mi	linguistic	none	_	Begin=197.68	_	_	_	_
98-1	PSB005	98	ha	ha	linguistic	none	_	_	_	_	_	_
98-2	PSB005	98	detto	detto	linguistic	none	_	_	_	_	_	_
98-3	PSB005	98	@laura	laura	linguistic	none	_	_	_	_	_	_
98-4	PSB005	98	[che]	che	linguistic	none	_	End=198.653	_	_	_	0-3(13)
99-0	PSB039	99	°[s]ì°	sì	linguistic	none	Volume=low	Begin=198.466|End=198.839	_	_	_	0-1(13)
100-0	PSB005	100	sì	sì	linguistic	none	_	Begin=198.84	_	_	_	_
100-1	PSB005	100	sì	sì	linguistic	none	_	End=199.4	_	_	_	_
101-0	PSB005	101	e:	e	linguistic	none	_	Begin=200.093	0x1	_	_	_
101-1	PSB005	101	con	con	linguistic	none	_	_	_	_	_	_
101-2	PSB005	101	lei	lei	linguistic	none	_	_	_	_	_	_
101-3	PSB005	101	fai:	fai	linguistic	none	_	_	2x1	_	_	_
101-4	PSB005	101	delle	delle	linguistic	none	_	_	_	_	_	_
101-5	PSB005	101	passeggiate	passeggiate	linguistic	none	_	_	_	_	_	_
101-6	PSB005	101	qualche	qualche	linguistic	none	_	_	_	_	_	_
101-7	PSB005	101	vo:lta::?	volta	linguistic	none	Intonation=rising	End=203.58	1x1,4x2	_	_	_
102-0	PSB039	102	m:h	mh	linguistic	none	_	Begin=204.1	0x1	_	_	_
102-1	PSB039	102	lei::	lei	linguistic	none	_	_	2x2	_	_	_
102-2	PSB039	102	lavora	lavora	linguistic	none	_	_	_	_	_	_
102-3	PSB039	102	sempre	sempre	linguistic	none	_	_	_	_	_	_
102-4	PSB039	102	quindi:	quindi	linguistic	none	_	_	5x1	_	_	_
102-5	PSB039	102	non	non	linguistic	none	_	_	_	_	_	_
102-6	PSB039	102	tanto	tanto	linguistic	none	_	_	_	_	_	_
102-7	PSB039	102	però:	però	linguistic	none	_	_	3x1	_	_	_
102-8	PSB039	102	{P}	{P}	shortpause	none	_	_	_	_	_	_
102-9	PSB039	102	qualche	qualche	linguistic	none	_	_	_	_	_	_
102-10	PSB039	102	volta	volta	linguistic	none	_	_	_	_	_	_
102-11	PSB039	102	[magari	magari	linguistic	none	_	_	_	_	_	0-6(14)
102-12	PSB039	102	sì]	sì	linguistic	none	_	End=209.519	_	_	_	0-2(14)
103-0	PSB005	103	[°mhmh°]	mhmh	linguistic	none	Volume=low	Begin=209.01	_	_	_	0-4(14)
103-1	PSB005	103	mhmh	mhmh	linguistic	none	_	End=209.98	_	_	_	_
104-0	PSB005	104	avete	avete	linguistic	none	_	Begin=210.12	_	_	_	_
104-1	PSB005	104	un	un	linguistic	none	_	_	_	_	_	_
104-2	PSB005	104	po'	po'	linguistic	none	_	_	_	_	_	_
104-3	PSB005	104	di	di	linguistic	none	_	_	_	_	_	_
104-4	PSB005	104	tempo	tempo	linguistic	none	_	_	_	_	_	_
104-5	PSB005	104	libero?	libero	linguistic	none	Intonation=rising	End=211.506	_	_	_	_
105-0	PSB039	105	a::h	ah	linguistic	none	_	Begin=212.595|End=213.415	0x2	_	_	_
106-0	PSB039	106	l'	l'	linguistic	none	SpaceAfter=No	Begin=214.493	_	_	_	_
106-1	PSB039	106	ultimo	ultimo	linguistic	none	_	_	_	_	_	_
106-2	PSB039	106	mese	mese	linguistic	none	_	_	_	_	_	_
106-3	PSB039	106	no,	no	linguistic	none	Intonation=weakly_rising	_	_	_	_	_
106-4	PSB039	106	però:	però	linguistic	none	_	_	3x1	_	_	_
106-5	PSB039	106	{P}	{P}	shortpause	none	_	_	_	_	_	_
106-6	PSB039	106	prima	prima	linguistic	none	_	_	_	_	_	_
106-7	PSB039	106	sì	sì	linguistic	none	_	End=217.6	_	_	_	_
107-0	PSB005	107	mhmh	mhmh	linguistic	none	_	Begin=217.851	_	_	_	_
107-1	PSB005	107	okay	okay	linguistic	none	_	End=218.813	_	_	_	_
108-0	PSB005	108	e	e	linguistic	none	_	Begin=219.239	_	_	_	_
108-1	PSB005	108	nel	nel	linguistic	none	_	_	_	_	_	_
108-2	PSB005	108	tempo	tempo	linguistic	none	_	_	_	_	_	_
108-3	PSB005	108	libero	libero	linguistic	none	_	_	_	_	_	_
108-4	PSB005	108	che	che	linguistic	none	_	_	_	_	_	_
108-5	PSB005	108	cosa	cosa	linguistic	none	_	_	_	_	_	_
108-6	PSB005	108	ti	ti	linguistic	none	_	_	_	_	_	_
108-7	PSB005	108	piace:	piace	linguistic	none	_	_	4x1	_	_	_
108-8	PSB005	108	{P}	{P}	shortpause	none	_	_	_	_	_	_
108-9	PSB005	108	fare?	fare	linguistic	none	Intonation=rising	End=221.657	_	_	_	_
109-0	PSB039	109	m:h	mh	linguistic	none	_	Begin=222.933|End=223.839	0x1	_	_	_
110-0	PSB039	110	(non	non	linguistic	none	_	Begin=224.026	_	_	0-3(0)	_
110-1	PSB039	110	so)	so	linguistic	none	_	_	_	_	0-2(0)	_
110-2	PSB039	110	x	x	unknown	none	_	End=224.666	_	_	_	_
111-0	PSB039	111	c~	c~	linguistic	none	Interrupted=Yes	Begin=225.007	_	_	_	_
111-1	PSB039	111	come	come	linguistic	none	_	_	_	_	_	_
111-2	PSB039	111	come	come	linguistic	none	_	_	_	_	_	_
111-3	PSB039	111	ho	ho	linguistic	none	_	_	_	_	_	_
111-4	PSB039	111	detto	detto	linguistic	none	_	_	_	_	_	_
111-5	PSB039	111	{P}	{P}	shortpause	none	_	_	_	_	_	_
111-6	PSB039	111	eh	eh	linguistic	none	_	_	_	_	_	_
111-7	PSB039	111	mi	mi	linguistic	none	_	_	_	_	_	_
111-8	PSB039	111	piace:	piace	linguistic	none	_	_	4x1	_	_	_
111-9	PSB039	111	molto	molto	linguistic	none	_	_	_	_	_	_
111-10	PSB039	111	vostra	vostra	linguistic	none	_	_	_	_	_	_
111-11	PSB039	111	architettura	architettura	linguistic	none	_	_	_	_	_	_
111-12	PSB039	111	europea	europea	linguistic	none	_	_	_	_	_	_
111-13	PSB039	111	in	in	linguistic	none	_	_	_	_	_	_
111-14	PSB039	111	generale	generale	linguistic	none	_	_	_	_	_	_
111-15	PSB039	111	quindi	quindi	linguistic	none	_	_	_	_	_	_
111-16	PSB039	111	{P}	{P}	shortpause	none	_	_	_	_	_	_
111-17	PSB039	111	mi	mi	linguistic	none	_	_	_	_	_	_
111-18	PSB039	111	piace	piace	linguistic	none	_	_	_	_	_	_
111-19	PSB039	111	guardare	guardare	linguistic	none	_	_	_	_	_	_
111-20	PSB039	111	{P}	{P}	shortpause	none	_	_	_	_	_	_
111-21	PSB039	111	anche	anche	linguistic	none	_	End=233.56	_	_	_	_
112-0	PSB005	112	mhmh	mhmh	linguistic	none	_	Begin=233.786	_	_	_	_
112-1	PSB005	112	mhmh	mhmh	linguistic	none	_	_	_	_	_	_
112-2	PSB005	112	sì	sì	linguistic	none	_	_	_	_	_	_
112-3	PSB005	112	sì	sì	linguistic	none	_	_	_	_	_	_
112-4	PSB005	112	sì	sì	linguistic	none	_	_	_	_	_	_
112-5	PSB005	112	certo	certo	linguistic	none	_	End=235.999	_	_	_	_
113-0	PSB005	113	e::hm	ehm	linguistic	none	_	Begin=236.506|End=237.239	0x2	_	_	_
114-0	PSB005	114	ma	ma	linguistic	none	_	Begin=237.546	_	_	_	_
114-1	PSB005	114	{P}	{P}	shortpause	none	_	_	_	_	_	_
114-2	PSB005	114	tu:	tu	linguistic	none	_	_	1x1	_	_	_
114-3	PSB005	114	che	che	linguistic	none	_	_	_	_	_	_
114-4	PSB005	114	cosa:	cosa	linguistic	none	_	_	3x1	_	_	_
114-5	PSB005	114	fai	fai	linguistic	none	_	_	_	_	_	_
114-6	PSB005	114	qui?	qui	linguistic	none	Intonation=rising	_	_	_	_	_
114-7	PSB005	114	{P}	{P}	shortpause	none	_	_	_	_	_	_
114-8	PSB005	114	e:	e	linguistic	none	_	End=240.827	0x1	_	_	_
115-0	PSB039	115	a:::h	ah	linguistic	some	_	Begin=240.987	0x3	_	_	_
115-1	PSB039	115	ancora	ancora	linguistic	some	_	_	_	_	_	_
115-2	PSB039	115	niente	niente	linguistic	some	_	_	_	_	_	_
115-3	PSB039	115	studio	studio	linguistic	some	_	_	_	_	_	_
115-4	PSB039	115	le	le	linguistic	some	_	_	_	_	_	_
115-5	PSB039	115	lingue	lingue	linguistic	some	_	_	_	_	_	_
115-6	PSB039	115	e::	e	linguistic	some	_	_	0x2	_	_	_
115-7	PSB039	115	ancora	ancora	linguistic	some	_	_	_	_	_	_
115-8	PSB039	115	studio	studio	linguistic	some	_	_	_	_	_	_
115-9	PSB039	115	il	il	linguistic	some	_	_	_	_	_	_
115-10	PSB039	115	mio	mio	linguistic	some	_	_	_	_	_	_
115-11	PSB039	115	{P}	{P}	shortpause	some	_	_	_	_	_	_
115-12	PSB039	115	#college	college	linguistic	some	Language=NO_ISO_CODE	_	_	_	_	_
115-13	PSB039	115	in	in	linguistic	some	_	_	_	_	_	_
115-14	PSB039	115	ucraina	ucraina	linguistic	some	_	End=247.173	_	_	_	_
116-0	PSB005	116	mhmh	mhmh	linguistic	none	_	Begin=247.243|End=247.566	_	_	_	_
117-0	PSB039	117	quindi:	quindi	linguistic	none	_	Begin=248.279	5x1	_	_	_
117-1	PSB039	117	quando	quando	linguistic	none	_	_	_	_	_	_
117-2	PSB039	117	{P}	{P}	shortpause	none	_	_	_	_	_	_
117-3	PSB039	117	e::h	eh	linguistic	none	_	End=251.76	0x2	_	_	_
118-0	PSB039	118	when	when	linguistic	all	Language=NO_ISO_CODE	Begin=252.94	_	_	_	_
118-1	PSB039	118	i	i	linguistic	all	Language=NO_ISO_CODE	_	_	_	_	_
118-2	PSB039	118	will	will	linguistic	all	Language=NO_ISO_CODE	_	_	_	_	_
118-3	PSB039	118	(.)	.	linguistic	all	Language=NO_ISO_CODE	_	_	_	_	_
118-4	PSB039	118	know	know	linguistic	all	Language=NO_ISO_CODE	End=254.306	_	_	_	_
120-0	PSB005	120	mhmh	mhmh	linguistic	none	_	Begin=254.44|End=254.84	_	_	_	_
121-0	PSB039	121	a	a	linguistic	all	Language=NO_ISO_CODE	Begin=255.18	_	_	_	_
121-1	PSB039	121	bit	bit	linguistic	all	Language=NO_ISO_CODE	_	_	_	_	_
121-2	PSB039	121	more	more	linguistic	all	Language=NO_ISO_CODE	End=255.893	_	_	_	_
123-0	PSB005	123	mhmh	mhmh	linguistic	none	_	Begin=255.906|End=256.305	_	_	_	_
124-0	PSB039	124	e:h	eh	linguistic	none	_	Begin=256.773	0x1	_	_	_
124-1	PSB039	124	e:h	eh	linguistic	none	_	_	0x1	_	_	_
124-2	PSB039	124	io:	io	linguistic	none	_	_	1x1	_	_	_
124-3	PSB039	124	proverò	proverò	linguistic	none	_	_	_	_	_	_
124-4	PSB039	124	a:	a	linguistic	none	_	_	0x1	_	_	_
124-5	PSB039	124	trovare	trovare	linguistic	none	_	_	_	_	_	_
124-6	PSB039	124	un:	un	linguistic	none	_	_	1x1	_	_	_
124-7	PSB039	124	un	un	linguistic	none	_	_	_	_	_	_
124-8	PSB039	124	lavoro	lavoro	linguistic	none	_	End=261.279	_	_	_	_
125-0	PSB005	125	mh	mh	linguistic	none	_	Begin=261.447	_	_	_	_
125-1	PSB005	125	che	che	linguistic	none	_	_	_	_	_	_
125-2	PSB005	125	cosa	cosa	linguistic	none	_	_	_	_	_	_
125-3	PSB005	125	studi?	studi	linguistic	none	Intonation=rising	End=262.367	_	_	_	_
126-0	PSB039	126	a:h	ah	linguistic	none	_	Begin=263.552	0x1	_	_	_
126-1	PSB039	126	tipo	tipo	linguistic	none	_	_	_	_	_	_
126-2	PSB039	126	informatica	informatica	linguistic	none	_	_	_	_	_	_
126-3	PSB039	126	però:	però	linguistic	none	_	_	3x1	_	_	_
126-4	PSB039	126	non	non	linguistic	none	_	_	_	_	_	_
126-5	PSB039	126	so:	so	linguistic	none	_	_	1x1	_	_	_
126-6	PSB039	126	qua	qua	linguistic	none	_	_	_	_	_	_
126-7	PSB039	126	in	in	linguistic	none	_	_	_	_	_	_
126-8	PSB039	126	italia	italia	linguistic	none	_	End=267.144	_	_	_	_
127-0	PSB039	127	n~	n~	linguistic	none	Interrupted=Yes	Begin=268.396	_	_	_	_
127-1	PSB039	127	non	non	linguistic	none	_	_	_	_	_	_
127-2	PSB039	127	vorrei:	vorrei	linguistic	none	_	_	5x1	_	_	_
127-3	PSB039	127	eh	eh	linguistic	none	_	_	_	_	_	_
127-4	PSB039	127	studiare:	studiare	linguistic	none	_	_	7x1	_	_	_
127-5	PSB039	127	{P}	{P}	shortpause	none	_	_	_	_	_	_
127-6	PSB039	127	[sempre]	sempre	linguistic	none	_	_	_	_	_	0-6(15)
127-7	PSB039	127	quello	quello	linguistic	none	_	End=272.293	_	_	_	_
128-0	PSB005	128	[°mhmh°]	mhmh	linguistic	none	Volume=low	Begin=271.48|End=271.987	_	_	_	0-4(15)
129-0	PSB005	129	°mhmh°	mhmh	linguistic	none	Volume=low	Begin=272.566|End=273.099	_	_	_	_
130-0	PSB039	130	magari:	magari	linguistic	some	_	Begin=273.772	5x1	_	_	_
130-1	PSB039	130	eh	eh	linguistic	some	_	_	_	_	_	_
130-2	PSB039	130	{P}	{P}	shortpause	some	_	_	_	_	_	_
130-3	PSB039	130	un	un	linguistic	some	_	_	_	_	_	_
130-4	PSB039	130	business	business	linguistic	some	_	_	_	_	_	_
130-5	PSB039	130	o	o	linguistic	some	_	_	_	_	_	_
130-6	PSB039	130	qualcosa	qualcosa	linguistic	some	_	_	_	_	_	_
130-7	PSB039	130	però:	però	linguistic	some	_	_	3x1	_	_	_
130-8	PSB039	130	{P}	{P}	shortpause	some	_	_	_	_	_	_
130-9	PSB039	130	in	in	linguistic	some	_	_	_	_	_	_
130-10	PSB039	130	in	in	linguistic	some	_	_	_	_	_	_
130-11	PSB039	130	europa	europa	linguistic	some	_	_	_	_	_	_
130-12	PSB039	130	mol~	mol~	linguistic	some	Interrupted=Yes	_	_	_	_	_
130-13	PSB039	130	molto:	molto	linguistic	some	_	_	4x1	_	_	_
130-14	PSB039	130	{P}	{P}	shortpause	some	_	_	_	_	_	_
130-15	PSB039	130	#expensive	expensive	linguistic	some	Language=NO_ISO_CODE	_	_	_	_	_
130-16	PSB039	130	come	come	linguistic	some	_	_	_	_	_	_
130-17	PSB039	130	come	come	linguistic	some	_	_	_	_	_	_
130-18	PSB039	130	posso:?	posso	linguistic	some	Intonation=rising	End=282.173	4x1	_	_	_
132-0	PSB005	132	costoso	costoso	linguistic	none	_	Begin=282.192	_	_	_	_
132-1	PSB005	132	sì	sì	linguistic	none	_	End=282.917	_	_	_	_
133-0	PSB039	133	costoso	costoso	linguistic	none	_	Begin=282.933	_	_	_	_
133-1	PSB039	133	[sì]	sì	linguistic	none	_	End=283.546	_	_	_	0-2(16)
134-0	PSB005	134	[mh]mh	mhmh	linguistic	none	_	Begin=283.485|End=284.045	_	_	_	0-2(16)
135-0	PSB005	135	aprire	aprire	linguistic	none	_	Begin=284.813	_	_	_	_
135-1	PSB005	135	un	un	linguistic	none	_	_	_	_	_	_
135-2	PSB005	135	business	business	linguistic	none	_	End=286.04	_	_	_	_
136-0	PSB039	136	sì	sì	linguistic	none	_	Begin=286.173|End=286.76	_	_	_	_
137-0	PSB005	137	°sì	sì	linguistic	none	Volume=low	Begin=286.893	_	_	_	_
137-1	PSB005	137	sì°	sì	linguistic	none	Volume=low	End=287.52	_	_	_	_
138-0	PSB005	138	io	io	linguistic	none	_	Begin=288.653	_	_	_	_
138-1	PSB005	138	non	non	linguistic	none	_	_	_	_	_	_
138-2	PSB005	138	ho	ho	linguistic	none	_	_	_	_	_	_
138-3	PSB005	138	il	il	linguistic	none	_	_	_	_	_	_
138-4	PSB005	138	coraggio	coraggio	linguistic	none	_	End=289.96	_	_	_	_
139-0	PSB039	139	{ride}	{ride}	nonverbalbehavior	none	_	Begin=290.087|End=290.36	_	_	_	_
140-0	PSB005	140	di::	di	linguistic	none	_	Begin=290.72|End=291.586	1x2	_	_	_
141-0	PSB005	141	è	è	linguistic	none	_	Begin=293.026	_	_	_	_
141-1	PSB005	141	troppo	troppo	linguistic	none	_	_	_	_	_	_
141-2	PSB005	141	{P}	{P}	shortpause	none	_	_	_	_	_	_
141-3	PSB005	141	m:h	mh	linguistic	none	_	_	0x1	_	_	_
141-4	PSB005	141	{P}	{P}	shortpause	none	_	_	_	_	_	_
141-5	PSB005	141	rischioso	rischioso	linguistic	none	_	_	_	_	_	_
141-6	PSB005	141	per	per	linguistic	none	_	_	_	_	_	_
141-7	PSB005	141	me	me	linguistic	none	_	End=295.54	_	_	_	_
142-0	PSB005	142	apr[ire	aprire	linguistic	none	_	Begin=296.079	_	_	_	3-6(17)
142-1	PSB005	142	un	un	linguistic	none	_	_	_	_	_	0-2(17)
142-2	PSB005	142	business]	business	linguistic	none	_	End=297.293	_	_	_	0-8(17)
143-0	PSB039	143	[sì	sì	linguistic	none	_	Begin=296.315	_	_	_	0-2(17)
143-1	PSB039	143	sì]	sì	linguistic	none	_	End=297.293	_	_	_	0-2(17)
144-0	PSB005	144	>[però	però	linguistic	none	_	Begin=298.746	_	Fast=0-4(0)	_	0-4(18)
144-1	PSB005	144	tu	tu	linguistic	none	_	_	_	Fast=0-2(0)	_	0-2(18)
144-2	PSB005	144	hai]<	hai	linguistic	none	_	End=299.333	_	Fast=0-3(0)	_	0-3(18)
145-0	PSB039	145	[spe~	spe~	linguistic	none	Interrupted=Yes	Begin=298.76	_	_	_	0-4(18)
145-1	PSB039	145	spe]ciale	speciale	linguistic	none	_	_	_	_	_	0-3(18)
145-2	PSB039	145	in	in	linguistic	none	_	_	_	_	_	_
145-3	PSB039	145	europa	europa	linguistic	none	_	_	_	_	_	_
145-4	PSB039	145	perché:	perché	linguistic	none	_	_	5x1	_	_	_
145-5	PSB039	145	molto	molto	linguistic	none	_	_	_	_	_	_
145-6	PSB039	145	costoso	costoso	linguistic	none	_	_	_	_	_	_
145-7	PSB039	145	e:	e	linguistic	none	_	_	0x1	_	_	_
145-8	PSB039	145	se:	se	linguistic	none	_	End=302.56	1x1	_	_	_
146-0	PSB039	146	if	if	linguistic	all	Language=NO_ISO_CODE	Begin=303.832	_	_	_	_
146-1	PSB039	146	you	you	linguistic	all	Language=NO_ISO_CODE	_	_	_	_	_
146-2	PSB039	146	not	not	linguistic	all	Language=NO_ISO_CODE	_	_	_	_	_
146-3	PSB039	146	success	success	linguistic	all	Language=NO_ISO_CODE	End=305.152	_	_	_	_
148-0	PSB005	148	mhmh	mhmh	linguistic	none	_	Begin=305.347|End=305.773	_	_	_	_
149-0	PSB005	149	sì	sì	linguistic	none	_	Begin=306.493	_	_	_	_
149-1	PSB005	149	sì	sì	linguistic	none	_	End=306.893	_	_	_	_
150-0	PSB005	150	e	e	linguistic	none	_	Begin=308.253	_	_	_	_
150-1	PSB005	150	che	che	linguistic	none	_	_	_	_	_	_
150-2	PSB005	150	tipo	tipo	linguistic	none	_	_	_	_	_	_
150-3	PSB005	150	di:	di	linguistic	none	_	_	1x1	_	_	_
150-4	PSB005	150	business	business	linguistic	none	_	_	_	_	_	_
150-5	PSB005	150	ti	ti	linguistic	none	_	_	_	_	_	_
150-6	PSB005	150	piacerebbe:	piacerebbe	linguistic	none	_	_	9x1	_	_	_
150-7	PSB005	150	aprire?	aprire	linguistic	none	Intonation=rising	End=311.293	_	_	_	_
151-0	PSB039	151	a::h	ah	linguistic	none	_	Begin=312.586|End=313.346	0x2	_	_	_
152-0	PSB039	152	m:h	mh	linguistic	none	_	Begin=313.76|End=314.187	0x1	_	_	_
153-0	PSB039	153	in	in	linguistic	none	_	Begin=314.627	_	_	_	_
153-1	PSB039	153	ucraina:,	ucraina	linguistic	none	Intonation=weakly_rising	_	6x1	_	_	_
153-2	PSB039	153	noi	noi	linguistic	none	_	_	_	_	_	_
153-3	PSB039	153	con	con	linguistic	none	_	_	_	_	_	_
153-4	PSB039	153	mio	mio	linguistic	none	_	_	_	_	_	_
153-5	PSB039	153	padre	padre	linguistic	none	_	_	_	_	_	_
153-6	PSB039	153	a~	a~	linguistic	none	Interrupted=Yes	_	_	_	_	_
153-7	PSB039	153	abbiamo:	abbiamo	linguistic	none	_	End=318.187	6x1	_	_	_
154-0	PSB039	154	a::h	ah	linguistic	none	_	Begin=319.0	0x2	_	_	_
154-1	PSB039	154	tipo	tipo	linguistic	none	_	End=320.187	_	_	_	_
155-0	PSB039	155	a:h	ah	linguistic	all	Language=NO_ISO_CODE	Begin=320.587	0x1	_	_	_
155-1	PSB039	155	wooden	wooden	linguistic	all	Language=NO_ISO_CODE	_	_	_	_	_
155-2	PSB039	155	pellets	pellets	linguistic	all	Language=NO_ISO_CODE	End=322.173	_	_	_	_
157-0	PSB039	157	e:hm	ehm	linguistic	all	Language=NO_ISO_CODE	Begin=322.587	0x1	_	_	_
157-1	PSB039	157	it'	it'	linguistic	all	SpaceAfter=No|Language=NO_ISO_CODE	_	_	_	_	_
157-2	PSB039	157	s	s	linguistic	all	Language=NO_ISO_CODE	_	_	_	_	_
157-3	PSB039	157	like	like	linguistic	all	Language=NO_ISO_CODE	_	_	_	_	_
157-4	PSB039	157	fool	fool	linguistic	all	Language=NO_ISO_CODE	_	_	_	_	_
157-5	PSB039	157	[fuel]	fuel	linguistic	all	Language=NO_ISO_CODE	End=324.84	_	_	_	_
159-0	PSB005	159	[mhmh]	mhmh	linguistic	none	_	Begin=324.519|End=324.839	_	_	_	0-4(19)
160-0	PSB039	160	e::hm	ehm	linguistic	none	_	Begin=325.559|End=326.467	0x2	_	_	_
161-0	PSB039	161	(and)	and	linguistic	none	_	Begin=326.773	_	_	0-3(0)	_
161-1	PSB039	161	s~	s~	linguistic	none	Interrupted=Yes	_	_	_	_	_
161-2	PSB039	161	eh	eh	linguistic	none	_	End=328.107	_	_	_	_
162-0	PSB039	162	VORREI	vorrei	linguistic	none	Volume=high	Begin=328.233	_	_	_	_
162-1	PSB039	162	e:hm	ehm	linguistic	none	_	_	0x1	_	_	_
162-2	PSB039	162	trovare	trovare	linguistic	none	_	_	_	_	_	_
162-3	PSB039	162	qua	qua	linguistic	none	_	_	_	_	_	_
162-4	PSB039	162	{P}	{P}	shortpause	none	_	_	_	_	_	_
162-5	PSB039	162	e:h	eh	linguistic	none	_	_	0x1	_	_	_
162-6	PSB039	162	qualche	qualche	linguistic	none	_	_	_	_	_	_
162-7	PSB039	162	{P}	{P}	shortpause	none	_	_	_	_	_	_
162-8	PSB039	162	persone	persone	linguistic	none	_	_	_	_	_	_
162-9	PSB039	162	che:	che	linguistic	none	_	End=333.013	2x1	_	_	_
163-0	PSB039	163	e:h	eh	linguistic	none	_	Begin=333.773	0x1	_	_	_
163-1	PSB039	163	{bussano}	{bussano}	nonverbalbehavior	none	_	End=335.055	_	_	_	_
164-0	PSB039	164	interested	interested	linguistic	all	Language=NO_ISO_CODE	Begin=335.64|End=336.387	_	_	_	_
166-0	PSB005	166	mhmh	mhmh	linguistic	none	_	Begin=336.533	_	_	_	_
166-1	PSB005	166	sì	sì	linguistic	none	_	_	_	_	_	_
166-2	PSB005	166	sì	sì	linguistic	none	_	_	_	_	_	_
166-3	PSB005	166	interessato	interessato	linguistic	none	_	End=337.93	_	_	_	_
167-0	PSB039	167	[sì:]	sì	linguistic	none	_	Begin=337.955|End=338.213	1x1	_	_	0-2(20)
168-0	PSB005	168	[sì]	sì	linguistic	none	_	Begin=337.97	_	_	_	0-2(20)
168-1	PSB005	168	sì	sì	linguistic	none	_	End=338.51	_	_	_	_
169-0	PSB039	169	°che	che	linguistic	none	Volume=low	Begin=338.54	_	_	_	_
169-1	PSB039	169	è	è	linguistic	none	Volume=low	_	_	_	_	_
169-2	PSB039	169	interessato°	interessato	linguistic	none	Volume=low	End=339.53	_	_	_	_
170-0	PSB005	170	mhmh	mhmh	linguistic	none	_	Begin=339.89|End=340.26	_	_	_	_
171-0	PSB039	171	e:h	eh	linguistic	none	_	Begin=340.51|End=341.14	0x1	_	_	_
172-0	PSB005	172	sei	sei	linguistic	none	_	Begin=341.99	_	_	_	_
172-1	PSB005	172	coraggioso	coraggioso	linguistic	none	_	End=342.86	_	_	_	_
173-0	PSB039	173	sì	sì	linguistic	none	_	Begin=342.86|End=343.22	_	_	_	_
174-0	PSB005	174	sì	sì	linguistic	none	_	Begin=343.23	_	_	_	_
174-1	PSB005	174	ma	ma	linguistic	none	_	_	_	_	_	_
174-2	PSB005	174	tu	tu	linguistic	none	_	_	_	_	_	_
174-3	PSB005	174	sei	sei	linguistic	none	_	_	_	_	_	_
174-4	PSB005	174	GIOVANE,	giovane	linguistic	none	Intonation=weakly_rising|Volume=high	End=344.43	_	_	_	_
175-0	PSB039	175	e:h	eh	linguistic	none	_	Begin=345.055	0x1	_	_	_
175-1	PSB039	175	diciannove	diciannove	linguistic	none	_	_	_	_	_	_
175-2	PSB039	175	anni	anni	linguistic	none	_	End=346.325	_	_	_	_
176-0	PSB005	176	sì	sì	linguistic	none	_	Begin=346.54	_	_	_	_
176-1	PSB005	176	molto	molto	linguistic	none	_	End=347.33	_	_	_	_
177-0	PSB005	177	°sì°	sì	linguistic	none	Volume=low	Begin=347.37	_	_	_	_
177-1	PSB005	177	MA	ma	linguistic	none	Volume=high	_	_	_	_	_
177-2	PSB005	177	hai	hai	linguistic	none	_	_	_	_	_	_
177-3	PSB005	177	iniziato	iniziato	linguistic	none	_	_	_	_	_	_
177-4	PSB005	177	già	già	linguistic	none	_	_	_	_	_	_
177-5	PSB005	177	l'	l'	linguistic	none	SpaceAfter=No	_	_	_	_	_
177-6	PSB005	177	università	università	linguistic	none	_	_	_	_	_	_
177-7	PSB005	177	però	però	linguistic	none	_	End=349.53	_	_	_	_
178-0	PSB039	178	a:h	ah	linguistic	none	_	Begin=350.39	0x1	_	_	_
178-1	PSB039	178	{P}	{P}	shortpause	none	_	_	_	_	_	_
178-2	PSB039	178	e:h	eh	linguistic	none	_	_	0x1	_	_	_
178-3	PSB039	178	qua	qua	linguistic	none	_	_	_	_	_	_
178-4	PSB039	178	o	o	linguistic	none	_	_	_	_	_	_
178-5	PSB039	178	o	o	linguistic	none	_	_	_	_	_	_
178-6	PSB039	178	in	in	linguistic	none	_	_	_	_	_	_
178-7	PSB039	178	ucrain[a]?	ucraina	linguistic	none	Intonation=rising	End=352.77	_	_	_	6-7(21)
179-0	PSB005	179	[sì]	sì	linguistic	none	_	Begin=352.66	_	_	_	0-2(21)
179-1	PSB005	179	{P}	{P}	shortpause	none	_	_	_	_	_	_
179-2	PSB005	179	in	in	linguistic	none	_	_	_	_	_	_
179-3	PSB005	179	ucraina	ucraina	linguistic	none	_	_	_	_	_	_
179-4	PSB005	179	sì	sì	linguistic	none	_	End=354.013	_	_	_	_
180-0	PSB039	180	in	in	linguistic	some	_	Begin=354.38	_	_	_	_
180-1	PSB039	180	ucraina	ucraina	linguistic	some	_	_	_	_	_	_
180-2	PSB039	180	ancora	ancora	linguistic	some	_	_	_	_	_	_
180-3	PSB039	180	no	no	linguistic	some	_	_	_	_	_	_
180-4	PSB039	180	#college	college	linguistic	some	Language=NO_ISO_CODE	End=355.895	_	_	_	_
181-0	PSB039	181	noi	noi	linguistic	none	_	Begin=356.53	_	_	_	_
181-1	PSB039	181	abbiamo:	abbiamo	linguistic	none	_	_	6x1	_	_	_
181-2	PSB039	181	[un	un	linguistic	none	_	_	_	_	_	0-2(22)
181-3	PSB039	181	po'	po'	linguistic	none	_	_	_	_	_	0-3(22)
181-4	PSB039	181	un	un	linguistic	none	_	_	_	_	_	0-2(22)
181-5	PSB039	181	po']	po'	linguistic	none	_	_	_	_	_	0-3(22)
181-6	PSB039	181	diversi	diversi	linguistic	none	_	_	_	_	_	_
181-7	PSB039	181	sistema	sistema	linguistic	none	_	_	_	_	_	_
181-8	PSB039	181	di:	di	linguistic	none	_	End=359.53	1x1	_	_	_
182-0	PSB005	182	[ah	ah	linguistic	none	_	Begin=357.28	_	_	_	0-2(22)
182-1	PSB005	182	no	no	linguistic	none	_	_	_	_	_	0-2(22)
182-2	PSB005	182	ah	ah	linguistic	none	_	_	_	_	_	0-2(22)
182-3	PSB005	182	s~]	s~	linguistic	none	Interrupted=Yes	End=358.094	_	_	_	0-2(22)
183-0	PSB005	183	sì	sì	linguistic	none	_	Begin=359.59	_	_	_	_
183-1	PSB005	183	spiega	spiega	linguistic	none	_	_	_	_	_	_
183-2	PSB005	183	spiega	spiega	linguistic	none	_	End=360.77	_	_	_	_
184-0	PSB039	184	di:	di	linguistic	some	_	Begin=360.98	1x1	_	_	_
184-1	PSB039	184	e::h	eh	linguistic	some	_	_	0x2	_	_	_
184-2	PSB039	184	edu~	edu~	linguistic	some	Interrupted=Yes	_	_	_	_	_
184-3	PSB039	184	#educatio[n]	education	linguistic	some	Language=NO_ISO_CODE	End=363.47	_	_	_	9-10(23)
186-0	PSB005	186	[mh]mh	mhmh	linguistic	none	_	Begin=363.35|End=363.87	_	_	_	0-2(23)
187-0	PSB039	187	e:h	eh	linguistic	none	_	Begin=363.89	0x1	_	_	_
187-1	PSB039	187	quindi::	quindi	linguistic	none	_	End=365.23	5x2	_	_	_
188-0	PSB039	188	e:h	eh	linguistic	none	_	Begin=365.73	0x1	_	_	_
188-1	PSB039	188	quest~	quest~	linguistic	none	Interrupted=Yes	_	_	_	_	_
188-2	PSB039	188	quest'	quest'	linguistic	none	SpaceAfter=No	_	_	_	_	_
188-3	PSB039	188	anno	anno	linguistic	none	_	_	_	_	_	_
188-4	PSB039	188	è	è	linguistic	none	_	_	_	_	_	_
188-5	PSB039	188	ultimo	ultimo	linguistic	none	_	End=368.31	_	_	_	_
189-0	PSB039	189	e:h	eh	linguistic	some	_	Begin=368.507	0x1	_	_	_
189-1	PSB039	189	per	per	linguistic	some	_	_	_	_	_	_
189-2	PSB039	189	e:h	eh	linguistic	some	_	_	0x1	_	_	_
189-3	PSB039	189	il	il	linguistic	some	_	_	_	_	_	_
189-4	PSB039	189	mio	mio	linguistic	some	_	_	_	_	_	_
189-5	PSB039	189	#college	college	linguistic	some	Language=NO_ISO_CODE	_	_	_	_	_
189-6	PSB039	189	in	in	linguistic	some	_	_	_	_	_	_
189-7	PSB039	189	ucraina	ucraina	linguistic	some	_	_	_	_	_	_
189-8	PSB039	189	e:	e	linguistic	some	_	_	0x1	_	_	_
189-9	PSB039	189	dopo	dopo	linguistic	some	_	_	_	_	_	_
189-10	PSB039	189	non	non	linguistic	some	_	_	_	_	_	_
189-11	PSB039	189	so	so	linguistic	some	_	End=372.43	_	_	_	_
190-0	PSB039	190	magari:	magari	linguistic	none	_	Begin=372.8	5x1	_	_	_
190-1	PSB039	190	e:h	eh	linguistic	none	_	_	0x1	_	_	_
190-2	PSB039	190	proverò:	proverò	linguistic	none	_	End=375.08	6x1	_	_	_
191-0	PSB039	191	m:h	mh	linguistic	none	_	Begin=375.54	0x1	_	_	_
191-1	PSB039	191	e:h	eh	linguistic	none	_	_	0x1	_	_	_
191-2	PSB039	191	{P}	{P}	shortpause	none	_	_	_	_	_	_
191-3	PSB039	191	a	a	linguistic	none	_	_	_	_	_	_
191-4	PSB039	191	regis~	regis~	linguistic	none	Interrupted=Yes	_	_	_	_	_
191-5	PSB039	191	a	a	linguistic	none	_	_	_	_	_	_
191-6	PSB039	191	registrare:	registrare	linguistic	none	_	_	9x1	_	_	_
191-7	PSB039	191	[e::hm]	ehm	linguistic	none	_	_	0x2	_	_	0-3(24)
191-8	PSB039	191	{P}	{P}	shortpause	none	_	_	_	_	_	_
191-9	PSB039	191	a	a	linguistic	none	_	_	_	_	_	_
191-10	PSB039	191	una	una	linguistic	none	_	_	_	_	_	_
191-11	PSB039	191	uni~	uni~	linguistic	none	Interrupted=Yes	_	_	_	_	_
191-12	PSB039	191	universi[tà	università	linguistic	none	_	_	_	_	_	8-10(25)
191-13	PSB039	191	in	in	linguistic	none	_	_	_	_	_	0-2(25)
191-14	PSB039	191	u]craina	ucraina	linguistic	none	_	_	_	_	_	0-1(25)
191-15	PSB039	191	però:	però	linguistic	none	_	_	3x1	_	_	_
191-16	PSB039	191	{P}	{P}	shortpause	none	_	_	_	_	_	_
191-17	PSB039	191	online	online	linguistic	none	_	End=382.54	_	_	_	_
192-0	PSB005	192	[mhmh]	mhmh	linguistic	none	_	Begin=378.45|End=378.84	_	_	_	0-4(24)
193-0	PSB005	193	[mhmh]	mhmh	linguistic	none	_	Begin=380.48|End=380.873	_	_	_	0-4(25)
194-0	PSB005	194	°sì	sì	linguistic	none	Volume=low	Begin=382.86	_	_	_	_
194-1	PSB005	194	sì°	sì	linguistic	none	Volume=low	_	_	_	_	_
194-2	PSB005	194	{P}	{P}	shortpause	none	_	_	_	_	_	_
194-3	PSB005	194	okay	okay	linguistic	none	_	End=384.1	_	_	_	_
195-0	PSB005	195	e::	e	linguistic	none	_	Begin=384.99	0x2	_	_	_
195-1	PSB005	195	okay	okay	linguistic	none	_	_	_	_	_	_
195-2	PSB005	195	okay	okay	linguistic	none	_	End=385.82	_	_	_	_
196-0	PSB005	196	E	e	linguistic	none	Volume=high	Begin=386.36	_	_	_	_
196-1	PSB005	196	in	in	linguistic	none	_	_	_	_	_	_
196-2	PSB005	196	quale	quale	linguistic	none	_	_	_	_	_	_
196-3	PSB005	196	di	di	linguistic	none	_	_	_	_	_	_
196-4	PSB005	196	quale	quale	linguistic	none	_	_	_	_	_	_
196-5	PSB005	196	zona	zona	linguistic	none	_	_	_	_	_	_
196-6	PSB005	196	dell'	dell'	linguistic	none	SpaceAfter=No	_	_	_	_	_
196-7	PSB005	196	ucraina::	ucraina	linguistic	none	_	_	6x2	_	_	_
196-8	PSB005	196	sei	sei	linguistic	none	_	_	_	_	_	_
196-9	PSB005	196	°t[u]°?	tu	linguistic	none	Intonation=rising|Volume=low	End=389.51	_	_	_	0-2(26)
197-0	PSB039	197	[eh]:m	ehm	linguistic	none	_	Begin=389.24	1x1	_	_	0-2(26)
197-1	PSB039	197	est	est	linguistic	none	_	End=390.11	_	_	_	_
198-0	PSB005	198	okay	okay	linguistic	none	_	Begin=391.7|End=392.26	_	_	_	_
199-0	PSB005	199	sì	sì	linguistic	none	_	Begin=392.45|End=392.84	_	_	_	_
200-0	PSB005	200	e	e	linguistic	none	_	Begin=393.02	_	_	_	_
200-1	PSB005	200	quindi	quindi	linguistic	none	_	_	_	_	_	_
200-2	PSB005	200	forse,	forse	linguistic	none	Intonation=weakly_rising	_	_	_	_	_
200-3	PSB005	200	{P}	{P}	shortpause	none	_	_	_	_	_	_
200-4	PSB005	200	qual	qual	linguistic	none	_	_	_	_	_	_
200-5	PSB005	200	è	è	linguistic	none	_	_	_	_	_	_
200-6	PSB005	200	la	la	linguistic	none	_	_	_	_	_	_
200-7	PSB005	200	tua	tua	linguistic	none	_	_	_	_	_	_
200-8	PSB005	200	lingua::	lingua	linguistic	none	_	_	5x2	_	_	_
200-9	PSB005	200	madre?	madre	linguistic	none	Intonation=rising	End=395.94	_	_	_	_
201-0	PSB039	201	ah	ah	linguistic	none	_	Begin=396.39	_	_	_	_
201-1	PSB039	201	ucraina	ucraina	linguistic	none	_	End=397.23	_	_	_	_
202-0	PSB005	202	sempre	sempre	linguistic	none	_	Begin=397.3	_	_	_	_
202-1	PSB005	202	u~	u~	linguistic	none	Interrupted=Yes	_	_	_	_	_
202-2	PSB005	202	sì	sì	linguistic	none	_	End=398.24	_	_	_	_
203-0	PSB039	203	°[ehm:]°	ehm	linguistic	none	Volume=low	Begin=398.76|End=399.51	2x1	_	_	0-3(27)
204-0	PSB005	204	[quale	quale	linguistic	none	_	Begin=399.02	_	_	_	0-5(27)
204-1	PSB005	204	lingua	lingua	linguistic	none	_	_	_	_	_	0-6(27)
204-2	PSB005	204	pa]rli	parli	linguistic	none	_	_	_	_	_	0-2(27)
204-3	PSB005	204	con	con	linguistic	none	_	_	_	_	_	_
204-4	PSB005	204	la	la	linguistic	none	_	_	_	_	_	_
204-5	PSB005	204	tua	tua	linguistic	none	_	_	_	_	_	_
204-6	PSB005	204	famiglia:?	famiglia	linguistic	none	Intonation=rising	End=400.7	7x1	_	_	_
205-0	PSB039	205	°ehm:°	ehm	linguistic	none	Volume=low	Begin=400.82|End=401.54	2x1	_	_	_
206-0	PSB005	206	con	con	linguistic	none	_	Begin=401.67	_	_	_	_
206-1	PSB005	206	la	la	linguistic	none	_	_	_	_	_	_
206-2	PSB005	206	mamma?	mamma	linguistic	none	Intonation=rising	End=402.54	_	_	_	_
207-0	PSB039	207	ehm:	ehm	linguistic	all	Language=NO_ISO_CODE	Begin=402.91	2x1	_	_	_
207-1	PSB039	207	ukrainian	ukrainian	linguistic	all	Language=NO_ISO_CODE	End=403.91	_	_	_	_
209-0	PSB005	209	okay	okay	linguistic	none	_	Begin=403.93	_	_	_	_
209-1	PSB005	209	sì	sì	linguistic	none	_	_	_	_	_	_
209-2	PSB005	209	sì	sì	linguistic	none	_	_	_	_	_	_
209-3	PSB005	209	ucraino	ucraino	linguistic	none	_	_	_	_	_	_
209-4	PSB005	209	okay	okay	linguistic	none	_	End=405.29	_	_	_	_
210-0	PSB039	210	°sì°	sì	linguistic	none	Volume=low	Begin=405.49|End=405.9	_	_	_	_
211-0	PSB005	211	e	e	linguistic	none	_	Begin=405.99	_	_	_	_
211-1	PSB005	211	{P}	{P}	shortpause	none	_	_	_	_	_	_
211-2	PSB005	211	l'	l'	linguistic	none	SpaceAfter=No	_	_	_	_	_
211-3	PSB005	211	ho	ho	linguistic	none	_	_	_	_	_	_
211-4	PSB005	211	chiesto	chiesto	linguistic	none	_	_	_	_	_	_
211-5	PSB005	211	perché:	perché	linguistic	none	_	_	5x1	_	_	_
211-6	PSB005	211	alcune	alcune	linguistic	none	_	_	_	_	_	_
211-7	PSB005	211	persone:	persone	linguistic	none	_	_	6x1	_	_	_
211-8	PSB005	211	ucraine	ucraine	linguistic	none	_	_	_	_	_	_
211-9	PSB005	211	mi	mi	linguistic	none	_	_	_	_	_	_
211-10	PSB005	211	hanno	hanno	linguistic	none	_	_	_	_	_	_
211-11	PSB005	211	raccontato	raccontato	linguistic	none	_	_	_	_	_	_
211-12	PSB005	211	che:	che	linguistic	none	_	End=410.95	2x1	_	_	_
212-0	PSB005	212	in	in	linguistic	none	_	Begin=411.41	_	_	_	_
212-1	PSB005	212	famiglia	famiglia	linguistic	none	_	_	_	_	_	_
212-2	PSB005	212	parlano::	parlano	linguistic	none	_	_	6x2	_	_	_
212-3	PSB005	212	certe	certe	linguistic	none	_	_	_	_	_	_
212-4	PSB005	212	volte	volte	linguistic	none	_	_	_	_	_	_
212-5	PSB005	212	dei	dei	linguistic	none	_	_	_	_	_	_
212-6	PSB005	212	diale[tti],	dialetti	linguistic	none	Intonation=weakly_rising	End=414.26	_	_	_	5-8(28)
213-0	PSB039	213	x	x	unknown	none	_	Begin=413.99	_	_	_	_
213-1	PSB039	213	[(di~)]	di~	linguistic	none	Interrupted=Yes	_	_	_	0-3(0)	0-3(28)
213-2	PSB039	213	e:hm	ehm	linguistic	none	_	End=415.11	0x1	_	_	_
214-0	PSB039	214	s~	s~	linguistic	none	Interrupted=Yes	Begin=415.3	_	_	_	_
214-1	PSB039	214	noi	noi	linguistic	none	_	_	_	_	_	_
214-2	PSB039	214	abbiamo	abbiamo	linguistic	none	_	_	_	_	_	_
214-3	PSB039	214	il	il	linguistic	none	_	_	_	_	_	_
214-4	PSB039	214	dialetto	dialetto	linguistic	none	_	_	_	_	_	_
214-5	PSB039	214	però	però	linguistic	none	_	_	_	_	_	_
214-6	PSB039	214	in	in	linguistic	none	_	_	_	_	_	_
214-7	PSB039	214	generale:	generale	linguistic	none	_	End=417.78	7x1	_	_	_
215-0	PSB039	215	i~	i~	linguistic	none	Interrupted=Yes	Begin=417.91	_	_	_	_
215-1	PSB039	215	in	in	linguistic	none	_	_	_	_	_	_
215-2	PSB039	215	[g~]	g~	linguistic	none	Interrupted=Yes	End=418.45	_	_	_	0-2(29)
216-0	???	216	[@cate]rina	caterina	linguistic	none	_	Begin=418.16	_	_	_	0-5(29)
216-1	???	216	scusa	scusa	linguistic	none	_	_	_	_	_	_
216-2	???	216	un	un	linguistic	none	_	_	_	_	_	_
216-3	???	216	attimo.	attimo	linguistic	none	Intonation=falling	End=419.91	_	_	_	_
217-0	PSB005	217	sì:?	sì	linguistic	none	Intonation=rising	Begin=419.93|End=420.3	1x1	_	_	_
218-0	???	218	questo	questo	linguistic	none	_	Begin=420.62	_	_	_	_
218-1	???	218	è	è	linguistic	none	_	_	_	_	_	_
218-2	???	218	il	il	linguistic	none	_	_	_	_	_	_
218-3	???	218	mondo	mondo	linguistic	none	_	_	_	_	_	_
218-4	???	218	sai	sai	linguistic	none	_	_	_	_	_	_
218-5	???	218	qua	qua	linguistic	none	_	_	_	_	_	_
218-6	???	218	{P}	{P}	shortpause	none	_	_	_	_	_	_
218-7	???	218	io	io	linguistic	none	_	End=422.94	_	_	_	_
219-0	???	219	scusate	scusate	linguistic	none	_	Begin=424.12|End=424.95	_	_	_	_
220-0	???	220	{registrazione_interrotta}	{registrazione_interrotta}	nonverbalbehavior	none	_	Begin=425.0|End=425.6	_	_	_	_
221-0	PSB005	221	okay	okay	linguistic	none	_	Begin=425.58	_	_	_	_
221-1	PSB005	221	allora	allora	linguistic	none	_	End=426.5	_	_	_	_
222-0	PSB005	222	mi	mi	linguistic	none	_	Begin=426.74	_	_	_	_
222-1	PSB005	222	mi	mi	linguistic	none	_	_	_	_	_	_
222-2	PSB005	222	hai,	hai	linguistic	none	Intonation=weakly_rising	_	_	_	_	_
222-3	PSB005	222	{P}	{P}	shortpause	none	_	_	_	_	_	_
222-4	PSB005	222	stavi	stavi	linguistic	none	_	_	_	_	_	_
222-5	PSB005	222	dicendo	dicendo	linguistic	none	_	_	_	_	_	_
222-6	PSB005	222	qualche	qualche	linguistic	none	_	_	_	_	_	_
222-7	PSB005	222	cosa:	cosa	linguistic	none	_	_	3x1	_	_	_
222-8	PSB005	222	sui	sui	linguistic	none	_	_	_	_	_	_
222-9	PSB005	222	dialetti	dialetti	linguistic	none	_	End=430.45	_	_	_	_
223-0	PSB039	223	sì:	sì	linguistic	none	_	Begin=430.71	1x1	_	_	_
223-1	PSB039	223	noi	noi	linguistic	none	_	_	_	_	_	_
223-2	PSB039	223	abbiamo:	abbiamo	linguistic	none	_	_	6x1	_	_	_
223-3	PSB039	223	un	un	linguistic	none	_	_	_	_	_	_
223-4	PSB039	223	dialetto	dialetto	linguistic	none	_	_	_	_	_	_
223-5	PSB039	223	però	però	linguistic	none	_	_	_	_	_	_
223-6	PSB039	223	in	in	linguistic	none	_	_	_	_	_	_
223-7	PSB039	223	generale	generale	linguistic	none	_	End=433.51	_	_	_	_
224-0	PSB039	224	tipo:	tipo	linguistic	none	_	Begin=434.19	3x1	_	_	_
224-1	PSB039	224	{P}	{P}	shortpause	none	_	_	_	_	_	_
224-2	PSB039	224	novanta	novanta	linguistic	none	_	_	_	_	_	_
224-3	PSB039	224	percento	percento	linguistic	none	_	_	_	_	_	_
224-4	PSB039	224	di:	di	linguistic	none	_	_	1x1	_	_	_
224-5	PSB039	224	nostra:	nostra	linguistic	none	_	_	5x1	_	_	_
224-6	PSB039	224	{P}	{P}	shortpause	none	_	_	_	_	_	_
224-7	PSB039	224	lingua	lingua	linguistic	none	_	_	_	_	_	_
224-8	PSB039	224	{P}	{P}	shortpause	none	_	_	_	_	_	_
224-9	PSB039	224	è	è	linguistic	none	_	_	_	_	_	_
224-10	PSB039	224	ucrain[o]	ucraino	linguistic	none	_	End=439.93	_	_	_	6-7(30)
225-0	PSB005	225	[mh]mh	mhmh	linguistic	none	_	Begin=439.57	_	_	_	0-2(30)
225-1	PSB005	225	okay	okay	linguistic	none	_	End=440.26	_	_	_	_
226-0	PSB039	226	sì	sì	linguistic	none	_	Begin=440.38	_	_	_	_
226-1	PSB039	226	noi	noi	linguistic	none	_	_	_	_	_	_
226-2	PSB039	226	abbiamo	abbiamo	linguistic	none	_	_	_	_	_	_
226-3	PSB039	226	mh	mh	linguistic	none	_	_	_	_	_	_
226-4	PSB039	226	parola	parola	linguistic	none	_	_	_	_	_	_
226-5	PSB039	226	ta~	ta~	linguistic	none	Interrupted=Yes	_	_	_	_	_
226-6	PSB039	226	parola	parola	linguistic	none	_	_	_	_	_	_
226-7	PSB039	226	tipo	tipo	linguistic	none	_	_	_	_	_	_
226-8	PSB039	226	russo	russo	linguistic	none	_	_	_	_	_	_
226-9	PSB039	226	o::	o	linguistic	none	_	End=444.72	0x2	_	_	_
227-0	PSB039	227	e:hm	ehm	linguistic	none	_	Begin=445.12	0x1	_	_	_
227-1	PSB039	227	o:::	o	linguistic	none	_	_	0x3	_	_	_
227-2	PSB039	227	parole::	parole	linguistic	none	_	_	5x2	_	_	_
227-3	PSB039	227	{P}	{P}	shortpause	none	_	_	_	_	_	_
227-4	PSB039	227	come	come	linguistic	none	_	_	_	_	_	_
227-5	PSB039	227	in	in	linguistic	none	_	_	_	_	_	_
227-6	PSB039	227	polonia	polonia	linguistic	none	_	_	_	_	_	_
227-7	PSB039	227	però	però	linguistic	none	_	_	_	_	_	_
227-8	PSB039	227	in	in	linguistic	none	_	_	_	_	_	_
227-9	PSB039	227	generale	generale	linguistic	none	_	_	_	_	_	_
227-10	PSB039	227	ucrain(e)	ucraine	linguistic	none	_	End=450.76	_	_	6-7(0)	_
228-0	PSB005	228	mhmh	mhmh	linguistic	none	_	Begin=450.78	_	_	_	_
228-1	PSB005	228	okay	okay	linguistic	none	_	_	_	_	_	_
228-2	PSB005	228	okay	okay	linguistic	none	_	End=451.92	_	_	_	_
229-0	PSB005	229	e	e	linguistic	none	_	Begin=451.95	_	_	_	_
229-1	PSB005	229	tu	tu	linguistic	none	_	_	_	_	_	_
229-2	PSB005	229	conosci	conosci	linguistic	none	_	_	_	_	_	_
229-3	PSB005	229	altre	altre	linguistic	none	_	_	_	_	_	_
229-4	PSB005	229	lingue.	lingue	linguistic	none	Intonation=falling	End=453.33	_	_	_	_
230-0	PSB039	230	e::hm	ehm	linguistic	none	_	Begin=453.91	0x2	_	_	_
230-1	PSB039	230	{P}	{P}	shortpause	none	_	_	_	_	_	_
230-2	PSB039	230	e::hm	ehm	linguistic	none	_	_	0x2	_	_	_
230-3	PSB039	230	{P}	{P}	shortpause	none	_	_	_	_	_	_
230-4	PSB039	230	russo	russo	linguistic	none	_	End=456.9	_	_	_	_
231-0	PSB039	231	e:hm	ehm	linguistic	none	_	Begin=457.34	0x1	_	_	_
231-1	PSB039	231	russa:	russa	linguistic	none	_	_	4x1	_	_	_
231-2	PSB039	231	io	io	linguistic	none	_	_	_	_	_	_
231-3	PSB039	231	lo	lo	linguistic	none	_	_	_	_	_	_
231-4	PSB039	231	so	so	linguistic	none	_	_	_	_	_	_
231-5	PSB039	231	m::h	mh	linguistic	none	_	_	0x2	_	_	_
231-6	PSB039	231	perfetto	perfetto	linguistic	none	_	_	_	_	_	_
231-7	PSB039	231	come	come	linguistic	none	_	_	_	_	_	_
231-8	PSB039	231	come	come	linguistic	none	_	_	_	_	_	_
231-9	PSB039	231	ucraino,	ucraino	linguistic	none	Intonation=weakly_rising	End=461.35	_	_	_	_
232-0	PSB039	232	e:hm	ehm	linguistic	none	_	Begin=462.02	0x1	_	_	_
232-1	PSB039	232	{P}	{P}	shortpause	none	_	_	_	_	_	_
232-2	PSB039	232	un	un	linguistic	none	_	_	_	_	_	_
232-3	PSB039	232	po'	po'	linguistic	none	_	_	_	_	_	_
232-4	PSB039	232	di	di	linguistic	none	_	_	_	_	_	_
232-5	PSB039	232	meno	meno	linguistic	none	_	_	_	_	_	_
232-6	PSB039	232	inglese	inglese	linguistic	none	_	_	_	_	_	_
232-7	PSB039	232	e	e	linguistic	none	_	_	_	_	_	_
232-8	PSB039	232	{P}	{P}	shortpause	none	_	_	_	_	_	_
232-9	PSB039	232	studio	studio	linguistic	none	_	_	_	_	_	_
232-10	PSB039	232	italia[no]	italiano	linguistic	none	_	End=466.39	_	_	_	6-8(31)
233-0	PSB005	233	[mh]mh	mhmh	linguistic	none	_	Begin=466.03|End=466.48	_	_	_	0-2(31)
234-0	PSB005	234	e	e	linguistic	none	_	Begin=466.8	_	_	_	_
234-1	PSB005	234	il	il	linguistic	none	_	_	_	_	_	_
234-2	PSB005	234	russo	russo	linguistic	none	_	_	_	_	_	_
234-3	PSB005	234	l'	l'	linguistic	none	SpaceAfter=No	_	_	_	_	_
234-4	PSB005	234	hai	hai	linguistic	none	_	_	_	_	_	_
234-5	PSB005	234	imparato	imparato	linguistic	none	_	_	_	_	_	_
234-6	PSB005	234	a	a	linguistic	none	_	_	_	_	_	_
234-7	PSB005	234	scuola?	scuola	linguistic	none	Intonation=rising	End=468.53	_	_	_	_
235-0	PSB039	235	no	no	linguistic	none	_	Begin=468.75	_	_	_	_
235-1	PSB039	235	no	no	linguistic	none	_	_	_	_	_	_
235-2	PSB039	235	e:hm	ehm	linguistic	none	_	End=470.36	0x1	_	_	_
236-0	PSB039	236	e:hm	ehm	linguistic	none	_	Begin=471.06	0x1	_	_	_
236-1	PSB039	236	io	io	linguistic	none	_	_	_	_	_	_
236-2	PSB039	236	ho	ho	linguistic	none	_	_	_	_	_	_
236-3	PSB039	236	e:hm	ehm	linguistic	none	_	_	0x1	_	_	_
236-4	PSB039	236	{P}	{P}	shortpause	none	_	_	_	_	_	_
236-5	PSB039	236	ho	ho	linguistic	none	_	_	_	_	_	_
236-6	PSB039	236	guardato:	guardato	linguistic	none	_	_	7x1	_	_	_
236-7	PSB039	236	{P}	{P}	shortpause	none	_	_	_	_	_	_
236-8	PSB039	236	molti	molti	linguistic	none	_	_	_	_	_	_
236-9	PSB039	236	video	video	linguistic	none	_	_	_	_	_	_
236-10	PSB039	236	su	su	linguistic	none	_	_	_	_	_	_
236-11	PSB039	236	e:hm	ehm	linguistic	none	_	_	0x1	_	_	_
236-12	PSB039	236	youtube	youtube	linguistic	none	_	End=476.38	_	_	_	_
237-0	PSB039	237	e:hm	ehm	linguistic	some	_	Begin=476.67	0x1	_	_	_
237-1	PSB039	237	{P}	{P}	shortpause	some	_	_	_	_	_	_
237-2	PSB039	237	e	e	linguistic	some	_	_	_	_	_	_
237-3	PSB039	237	anche::	anche	linguistic	some	_	_	4x2	_	_	_
237-4	PSB039	237	{P}	{P}	shortpause	some	_	_	_	_	_	_
237-5	PSB039	237	e:hm	ehm	linguistic	some	_	_	0x1	_	_	_
237-6	PSB039	237	{P}	{P}	shortpause	some	_	_	_	_	_	_
237-7	PSB039	237	#movies	movies	linguistic	some	Language=NO_ISO_CODE	End=481.76	_	_	_	_
239-0	PSB005	239	°mhmh°	mhmh	linguistic	none	Volume=low	Begin=482.16|End=482.58	_	_	_	_
240-0	PSB039	240	#movies	movies	linguistic	some	Language=NO_ISO_CODE	Begin=482.61	_	_	_	_
240-1	PSB039	240	in::	in	linguistic	some	_	_	1x2	_	_	_
240-2	PSB039	240	{P}	{P}	shortpause	some	_	_	_	_	_	_
240-3	PSB039	240	cinema	cinema	linguistic	some	_	End=485.06	_	_	_	_
242-0	PSB005	242	mhmh	mhmh	linguistic	none	_	Begin=485.09|End=485.46	_	_	_	_
243-0	PSB039	243	in	in	linguistic	all	Language=NO_ISO_CODE	Begin=485.49	_	_	_	_
243-1	PSB039	243	the:	the	linguistic	all	Language=NO_ISO_CODE	End=486.077	2x1	_	_	_
245-0	PSB005	245	ma	ma	linguistic	none	_	Begin=486.28	_	_	_	_
245-1	PSB005	245	e	e	linguistic	none	_	_	_	_	_	_
245-2	PSB005	245	sei:	sei	linguistic	none	_	_	2x1	_	_	_
245-3	PSB005	245	appassionato:	appassionato	linguistic	none	_	_	11x1	_	_	_
245-4	PSB005	245	di	di	linguistic	none	_	_	_	_	_	_
245-5	PSB005	245	cinema,	cinema	linguistic	none	Intonation=weakly_rising	_	_	_	_	_
245-6	PSB005	245	ti	ti	linguistic	none	_	_	_	_	_	_
245-7	PSB005	245	piace	piace	linguistic	none	_	_	_	_	_	_
245-8	PSB005	245	il	il	linguistic	none	_	_	_	_	_	_
245-9	PSB005	245	cinema?	cinema	linguistic	none	Intonation=rising	End=489.56	_	_	_	_
246-0	PSB005	246	ti	ti	linguistic	none	_	Begin=490.08	_	_	_	_
246-1	PSB005	246	piaccio[no	piacciono	linguistic	none	_	_	_	_	_	7-9(32)
246-2	PSB005	246	i	i	linguistic	none	_	_	_	_	_	0-1(32)
246-3	PSB005	246	vi]deo:?	video	linguistic	none	Intonation=rising	End=491.37	4x1	_	_	0-2(32)
247-0	PSB039	247	[e:hm]	ehm	linguistic	none	_	Begin=490.45|End=490.82	0x1	_	_	0-3(32)
248-0	PSB039	248	sì,	sì	linguistic	none	Intonation=weakly_rising	Begin=491.92	_	_	_	_
248-1	PSB039	248	{P}	{P}	shortpause	none	_	_	_	_	_	_
248-2	PSB039	248	sì:	sì	linguistic	none	_	End=493.3	1x1	_	_	_
249-0	PSB039	249	e:hm	ehm	linguistic	some	_	Begin=494.71	0x1	_	_	_
249-1	PSB039	249	{P}	{P}	shortpause	some	_	_	_	_	_	_
249-2	PSB039	249	#especially	especially	linguistic	some	Language=NO_ISO_CODE	_	_	_	_	_
249-3	PSB039	249	quando	quando	linguistic	some	_	_	_	_	_	_
249-4	PSB039	249	io	io	linguistic	some	_	_	_	_	_	_
249-5	PSB039	249	ero:	ero	linguistic	some	_	_	2x1	_	_	_
249-6	PSB039	249	{P}	{P}	shortpause	some	_	_	_	_	_	_
249-7	PSB039	249	m:h	mh	linguistic	some	_	_	0x1	_	_	_
249-8	PSB039	249	ero	ero	linguistic	some	_	_	_	_	_	_
249-9	PSB039	249	più	più	linguistic	some	_	_	_	_	_	_
249-10	PSB039	249	piccolo	piccolo	linguistic	some	_	End=498.93	_	_	_	_
251-0	PSB005	251	e:	e	linguistic	none	_	Begin=499.89	0x1	_	_	_
251-1	PSB005	251	{P}	{P}	shortpause	none	_	_	_	_	_	_
251-2	PSB005	251	ti	ti	linguistic	none	_	_	_	_	_	_
251-3	PSB005	251	piacciono	piacciono	linguistic	none	_	_	_	_	_	_
251-4	PSB005	251	anche:	anche	linguistic	none	_	_	4x1	_	_	_
251-5	PSB005	251	non	non	linguistic	none	_	_	_	_	_	_
251-6	PSB005	251	so	so	linguistic	none	_	_	_	_	_	_
251-7	PSB005	251	ti	ti	linguistic	none	_	_	_	_	_	_
251-8	PSB005	251	piace	piace	linguistic	none	_	_	_	_	_	_
251-9	PSB005	251	la	la	linguistic	none	_	_	_	_	_	_
251-10	PSB005	251	musica:::	musica	linguistic	none	_	_	5x3	_	_	_
251-11	PSB005	251	m::h?	mh	linguistic	none	Intonation=rising	End=504.33	0x2	_	_	_
252-0	PSB039	252	no	no	linguistic	none	_	Begin=504.51	_	_	_	_
252-1	PSB039	252	la	la	linguistic	none	_	_	_	_	_	_
252-2	PSB039	252	musica	musica	linguistic	none	_	_	_	_	_	_
252-3	PSB039	252	non	non	linguistic	none	_	_	_	_	_	_
252-4	PSB039	252	mi	mi	linguistic	none	_	_	_	_	_	_
252-5	PSB039	252	piace	piace	linguistic	none	_	_	_	_	_	_
252-6	PSB039	252	neanche	neanche	linguistic	none	_	_	_	_	_	_
252-7	PSB039	252	nostra	nostra	linguistic	none	_	_	_	_	_	_
252-8	PSB039	252	e:::	e	linguistic	none	_	_	0x3	_	_	_
252-9	PSB039	252	neanche:	neanche	linguistic	none	_	_	6x1	_	_	_
252-10	PSB039	252	russa	russa	linguistic	none	_	_	_	_	_	_
252-11	PSB039	252	mi	mi	linguistic	none	_	_	_	_	_	_
252-12	PSB039	252	piace:	piace	linguistic	none	_	_	4x1	_	_	_
252-13	PSB039	252	di	di	linguistic	none	_	_	_	_	_	_
252-14	PSB039	252	più	più	linguistic	none	_	_	_	_	_	_
252-15	PSB039	252	inglese	inglese	linguistic	none	_	End=510.02	_	_	_	_
253-0	PSB005	253	mhmh	mhmh	linguistic	none	_	Begin=510.11|End=510.53	_	_	_	_
254-0	PSB005	254	ma	ma	linguistic	none	_	Begin=510.59	_	_	_	_
254-1	PSB005	254	però	però	linguistic	none	_	_	_	_	_	_
254-2	PSB005	254	c'	c'	linguistic	none	SpaceAfter=No	_	_	_	_	_
254-3	PSB005	254	è	è	linguistic	none	_	_	_	_	_	_
254-4	PSB005	254	un~	un~	linguistic	none	Interrupted=Yes	_	_	_	_	_
254-5	PSB005	254	una	una	linguistic	none	_	_	_	_	_	_
254-6	PSB005	254	ci	ci	linguistic	none	_	_	_	_	_	_
254-7	PSB005	254	[son	son	linguistic	none	_	_	_	_	_	0-3(35)
254-8	PSB005	254	dei	dei	linguistic	none	_	_	_	_	_	0-3(35)
254-9	PSB005	254	can]tanti	cantanti	linguistic	none	_	_	_	_	_	0-3(35)
254-10	PSB005	254	ucra[ini]:,	ucraini	linguistic	none	Intonation=weakly_rising	_	6x1	_	_	4-7(33)
254-11	PSB005	254	°s[ì]°	sì	linguistic	none	Volume=low	End=514.559	_	_	_	0-2(34)
255-0	PSB039	255	[sì]	sì	linguistic	none	_	Begin=512.28|End=512.799	_	_	_	0-2(35)
256-0	PSB039	256	[sì]	sì	linguistic	none	_	Begin=513.429|End=513.727	_	_	_	0-2(33)
257-0	PSB039	257	[s]ì	sì	linguistic	none	_	Begin=514.03|End=514.58	_	_	_	0-1(34)
258-0	PSB005	258	ah	ah	linguistic	none	_	Begin=515.039	_	_	_	_
258-1	PSB005	258	io	io	linguistic	none	_	_	_	_	_	_
258-2	PSB005	258	non	non	linguistic	none	_	_	_	_	_	_
258-3	PSB005	258	conosco	conosco	linguistic	none	_	_	_	_	_	_
258-4	PSB005	258	per	per	linguistic	none	_	_	_	_	_	_
258-5	PSB005	258	niente::	niente	linguistic	none	_	End=516.77	5x2	_	_	_
259-0	PSB039	259	mh	mh	linguistic	none	_	Begin=517.4|End=517.97	_	_	_	_
260-0	PSB039	260	ma:	ma	linguistic	none	_	Begin=518.669	1x1	_	_	_
260-1	PSB039	260	magari:	magari	linguistic	none	_	_	5x1	_	_	_
260-2	PSB039	260	e:h	eh	linguistic	none	_	_	0x1	_	_	_
260-3	PSB039	260	sai	sai	linguistic	none	_	_	_	_	_	_
260-4	PSB039	260	kalush	kalush	linguistic	none	_	_	_	_	_	_
260-5	PSB039	260	tipo:	tipo	linguistic	none	_	_	3x1	_	_	_
260-6	PSB039	260	e:h	eh	linguistic	none	_	_	0x1	_	_	_
260-7	PSB039	260	loro	loro	linguistic	none	_	_	_	_	_	_
260-8	PSB039	260	e:hm	ehm	linguistic	none	_	End=523.78	0x1	_	_	_
261-0	PSB039	261	ehm:	ehm	linguistic	none	_	Begin=524.38|End=524.8	2x1	_	_	_
262-0	PSB039	262	won	won	linguistic	all	Language=NO_ISO_CODE	Begin=524.89	_	_	_	_
262-1	PSB039	262	e:h	eh	linguistic	all	Language=NO_ISO_CODE	_	0x1	_	_	_
262-2	PSB039	262	eurovisio[n]	eurovision	linguistic	all	Language=NO_ISO_CODE	End=526.92	_	_	_	_
264-0	PSB005	264	[ah	ah	linguistic	none	_	Begin=526.65	_	_	_	0-2(36)
264-1	PSB005	264	s]ì	sì	linguistic	none	_	_	_	_	_	0-1(36)
264-2	PSB005	264	sì	sì	linguistic	none	_	End=527.84	_	_	_	_
265-0	PSB005	265	sì	sì	linguistic	none	_	Begin=527.89	_	_	_	_
265-1	PSB005	265	sì	sì	linguistic	none	_	_	_	_	_	_
265-2	PSB005	265	sì	sì	linguistic	none	_	End=528.41	_	_	_	_
266-0	PSB005	266	hai	hai	linguistic	none	_	Begin=528.46	_	_	_	_
266-1	PSB005	266	hai	hai	linguistic	none	_	_	_	_	_	_
266-2	PSB005	266	guardato	guardato	linguistic	none	_	_	_	_	_	_
266-3	PSB005	266	l'	l'	linguistic	none	SpaceAfter=No	_	_	_	_	_
266-4	PSB005	266	eurovision	eurovision	linguistic	none	_	_	_	_	_	_
266-5	PSB005	266	o:?	o	linguistic	none	Intonation=rising	End=530.32	0x1	_	_	_
267-0	PSB039	267	non	non	linguistic	none	_	Begin=530.34	_	_	_	_
267-1	PSB039	267	mi	mi	linguistic	none	_	_	_	_	_	_
267-2	PSB039	267	piace	piace	linguistic	none	_	_	_	_	_	_
267-3	PSB039	267	molto	molto	linguistic	none	_	_	_	_	_	_
267-4	PSB039	267	però:	però	linguistic	none	_	End=531.85	3x1	_	_	_
268-0	PSB039	268	m:h	mh	linguistic	none	_	Begin=532.17|End=532.63	0x1	_	_	_
269-0	PSB039	269	c'	c'	linguistic	none	SpaceAfter=No	Begin=532.75	_	_	_	_
269-1	PSB039	269	è	è	linguistic	none	_	_	_	_	_	_
269-2	PSB039	269	qualche::	qualche	linguistic	none	_	_	6x2	_	_	_
269-3	PSB039	269	qualche	qualche	linguistic	none	_	_	_	_	_	_
269-4	PSB039	269	canzone	canzone	linguistic	none	_	_	_	_	_	_
269-5	PSB039	269	che	che	linguistic	none	_	_	_	_	_	_
269-6	PSB039	269	mi	mi	linguistic	none	_	_	_	_	_	_
269-7	PSB039	269	piace	piace	linguistic	none	_	_	_	_	_	_
269-8	PSB039	269	da:	da	linguistic	none	_	_	1x1	_	_	_
269-9	PSB039	269	da	da	linguistic	none	_	_	_	_	_	_
269-10	PSB039	269	loro	loro	linguistic	none	_	End=536.39	_	_	_	_
270-0	PSB005	270	okay	okay	linguistic	none	_	Begin=536.59|End=536.95	_	_	_	_
271-0	PSB005	271	ehm:	ehm	linguistic	none	_	Begin=537.1|End=537.93	2x1	_	_	_
272-0	PSB005	272	è	è	linguistic	none	_	Begin=538.1	_	_	_	_
272-1	PSB005	272	molto	molto	linguistic	none	_	_	_	_	_	_
272-2	PSB005	272	strano	strano	linguistic	none	_	_	_	_	_	_
272-3	PSB005	272	per	per	linguistic	none	_	_	_	_	_	_
272-4	PSB005	272	me	me	linguistic	none	_	_	_	_	_	_
272-5	PSB005	272	{P}	{P}	shortpause	none	_	_	_	_	_	_
272-6	PSB005	272	perché	perché	linguistic	none	_	_	_	_	_	_
272-7	PSB005	272	l'	l'	linguistic	none	SpaceAfter=No	_	_	_	_	_
272-8	PSB005	272	eurovision	eurovision	linguistic	none	_	_	_	_	_	_
272-9	PSB005	272	in	in	linguistic	none	_	_	_	_	_	_
272-10	PSB005	272	italia,	italia	linguistic	none	Intonation=weakly_rising	End=541.15	_	_	_	_
273-0	PSB039	273	m:h	mh	linguistic	none	_	Begin=541.18|End=541.79	0x1	_	_	_
274-0	PSB005	274	<è	è	linguistic	none	_	Begin=542.1	_	Slow=0-1(0)	_	_
274-1	PSB005	274	famosa	famosa	linguistic	none	_	_	_	Slow=0-6(0)	_	_
274-2	PSB005	274	solo>	solo	linguistic	none	_	_	_	Slow=0-4(0)	_	_
274-2bis	PSB005	274	{P}	{P}	shortpause	none	_	_	_	_	_	_
274-3	PSB005	274	da	da	linguistic	none	_	_	_	_	_	_
274-4	PSB005	274	{P}	{P}	shortpause	none	_	_	_	_	_	_
274-5	PSB005	274	l'	l'	linguistic	none	SpaceAfter=No	_	_	_	_	_
274-6	PSB005	274	anno	anno	linguistic	none	_	_	_	_	_	_
274-7	PSB005	274	scors~	scors~	linguistic	none	Interrupted=Yes	_	_	_	_	_
274-8	PSB005	274	due	due	linguistic	none	_	_	_	_	_	_
274-9	PSB005	274	anni	anni	linguistic	none	_	_	_	_	_	_
274-10	PSB005	274	tr[e	tre	linguistic	none	_	_	_	_	_	1-3(37)
274-11	PSB005	274	anni]	anni	linguistic	none	_	End=546.94	_	_	_	0-4(37)
275-0	PSB039	275	[mhmh]	mhmh	linguistic	none	_	Begin=546.51|End=546.94	_	_	_	0-4(37)
276-0	PSB005	276	poco	poco	linguistic	none	_	Begin=547.01	_	_	_	_
276-1	PSB005	276	da	da	linguistic	none	_	_	_	_	_	_
276-2	PSB005	276	pochi	pochi	linguistic	none	_	_	_	_	_	_
276-3	PSB005	276	anni	anni	linguistic	none	_	_	_	_	_	_
276-4	PSB005	276	in[vece],	invece	linguistic	none	Intonation=weakly_rising	_	_	_	_	2-6(38)
276-5	PSB005	276	quando	quando	linguistic	none	_	_	_	_	_	_
276-6	PSB005	276	io	io	linguistic	none	_	_	_	_	_	_
276-7	PSB005	276	ero:	ero	linguistic	none	_	_	2x1	_	_	_
276-8	PSB005	276	più	più	linguistic	none	_	_	_	_	_	_
276-9	PSB005	276	piccola	piccola	linguistic	none	_	_	_	_	_	_
276-10	PSB005	276	{P}	{P}	shortpause	none	_	_	_	_	_	_
276-11	PSB005	276	non:	non	linguistic	none	_	End=552.11	2x1	_	_	_
277-0	PSB039	277	[mh]	mh	linguistic	none	_	Begin=548.28|End=548.686	_	_	_	0-2(38)
278-0	PSB005	278	non	non	linguistic	none	_	Begin=552.98	_	_	_	_
278-1	PSB005	278	la	la	linguistic	none	_	_	_	_	_	_
278-2	PSB005	278	conoscevo	conoscevo	linguistic	none	_	End=554.02	_	_	_	_
279-0	PSB039	279	anche	anche	linguistic	none	_	Begin=554.35	_	_	_	_
279-1	PSB039	279	da	da	linguistic	none	_	_	_	_	_	_
279-2	PSB039	279	noi	noi	linguistic	none	_	_	_	_	_	_
279-3	PSB039	279	e:h	eh	linguistic	none	_	_	0x1	_	_	_
279-4	PSB039	279	non	non	linguistic	none	_	_	_	_	_	_
279-5	PSB039	279	si::	si	linguistic	none	_	_	1x2	_	_	_
279-6	PSB039	279	guardavano:	guardavano	linguistic	none	_	End=557.97	9x1	_	_	_
280-0	PSB039	280	solo	solo	linguistic	none	_	Begin=558.74	_	_	_	_
280-1	PSB039	280	{P}	{P}	shortpause	none	_	_	_	_	_	_
280-2	PSB039	280	ehm:	ehm	linguistic	none	_	_	2x1	_	_	_
280-3	PSB039	280	l'	l'	linguistic	none	SpaceAfter=No	_	_	_	_	_
280-4	PSB039	280	ultimi	ultimi	linguistic	none	_	_	_	_	_	_
280-5	PSB039	280	anni	anni	linguistic	none	_	_	_	_	_	_
280-6	PSB039	280	che::	che	linguistic	none	_	End=561.0	2x2	_	_	_
281-0	PSB005	281	mh	mh	linguistic	none	_	Begin=561.38	_	_	_	_
281-1	PSB005	281	ok[ay]	okay	linguistic	none	_	End=561.93	_	_	_	2-4(39)
282-0	PSB039	282	[s~	s~	linguistic	some	Interrupted=Yes	Begin=561.82	_	_	_	0-2(39)
282-1	PSB039	282	eh]	eh	linguistic	some	_	_	_	_	_	0-2(39)
282-2	PSB039	282	sono	sono	linguistic	some	_	_	_	_	_	_
282-3	PSB039	282	stati	stati	linguistic	some	_	_	_	_	_	_
282-4	PSB039	282	più:	più	linguistic	some	_	_	2x1	_	_	_
282-5	PSB039	282	{P}	{P}	shortpause	some	_	_	_	_	_	_
282-6	PSB039	282	è	è	linguistic	some	_	_	_	_	_	_
282-7	PSB039	282	stat(o)	stato	linguistic	some	_	_	_	_	4-5(0)	_
282-8	PSB039	282	più	più	linguistic	some	_	_	_	_	_	_
282-9	PSB039	282	{P}	{P}	shortpause	some	_	_	_	_	_	_
282-10	PSB039	282	#popular	popular	linguistic	some	Language=NO_ISO_CODE	End=567.03	_	_	_	_
284-0	PSB005	284	sì	sì	linguistic	none	_	Begin=567.14	_	_	_	_
284-1	PSB005	284	sì	sì	linguistic	none	_	_	_	_	_	_
284-2	PSB005	284	famoso	famoso	linguistic	none	_	_	_	_	_	_
284-3	PSB005	284	sì	sì	linguistic	none	_	_	_	_	_	_
284-4	PSB005	284	[sì	sì	linguistic	none	_	_	_	_	_	0-2(40)
284-5	PSB005	284	sì]	sì	linguistic	none	_	_	_	_	_	0-2(40)
284-6	PSB005	284	sì	sì	linguistic	none	_	End=569.34	_	_	_	_
285-0	PSB039	285	[°più	più	linguistic	none	Volume=low	Begin=568.44	_	_	_	0-3(40)
285-1	PSB039	285	famoso°]	famoso	linguistic	none	Volume=low	End=569.16	_	_	_	0-6(40)
286-0	PSB005	286	ehm::	ehm	linguistic	none	_	Begin=569.55	2x2	_	_	_
286-1	PSB005	286	{P}	{P}	shortpause	none	_	_	_	_	_	_
286-2	PSB005	286	invece	invece	linguistic	none	_	_	_	_	_	_
286-3	PSB005	286	l'	l'	linguistic	none	SpaceAfter=No	_	_	_	_	_
286-4	PSB005	286	italiano	italiano	linguistic	none	_	_	_	_	_	_
286-5	PSB005	286	cosa::	cosa	linguistic	none	_	_	3x2	_	_	_
286-6	PSB005	286	m:h	mh	linguistic	none	_	End=573.207	0x1	_	_	_
287-0	PSB005	287	come	come	linguistic	none	_	Begin=573.353	_	_	_	_
287-1	PSB005	287	fai	fai	linguistic	none	_	_	_	_	_	_
287-2	PSB005	287	a	a	linguistic	none	_	_	_	_	_	_
287-3	PSB005	287	impararlo?	impararlo	linguistic	none	Intonation=rising	End=574.83	_	_	_	_
288-0	PSB039	288	a::h	ah	linguistic	none	_	Begin=575.53	0x2	_	_	_
288-1	PSB039	288	a:h	ah	linguistic	none	_	_	0x1	_	_	_
288-2	PSB039	288	qua	qua	linguistic	none	_	_	_	_	_	_
288-3	PSB039	288	{P}	{P}	shortpause	none	_	_	_	_	_	_
288-4	PSB039	288	ehm:	ehm	linguistic	none	_	_	2x1	_	_	_
288-5	PSB039	288	in	in	linguistic	none	_	_	_	_	_	_
288-6	PSB039	288	scuola	scuola	linguistic	none	_	_	_	_	_	_
288-7	PSB039	288	e:	e	linguistic	none	_	_	0x1	_	_	_
288-8	PSB039	288	un	un	linguistic	none	_	_	_	_	_	_
288-9	PSB039	288	po'::	po'	linguistic	none	_	_	1x2	_	_	_
288-10	PSB039	288	a	a	linguistic	none	_	_	_	_	_	_
288-11	PSB039	288	casa	casa	linguistic	none	_	End=580.84	_	_	_	_
289-0	PSB039	289	quindi	quindi	linguistic	none	_	Begin=581.22	_	_	_	_
289-1	PSB039	289	un~	un~	linguistic	none	Interrupted=Yes	_	_	_	_	_
289-2	PSB039	289	una	una	linguistic	none	_	_	_	_	_	_
289-3	PSB039	289	ora	ora	linguistic	none	_	_	_	_	_	_
289-4	PSB039	289	o	o	linguistic	none	_	_	_	_	_	_
289-5	PSB039	289	una	una	linguistic	none	_	_	_	_	_	_
289-6	PSB039	289	ora	ora	linguistic	none	_	_	_	_	_	_
289-7	PSB039	289	e	e	linguistic	none	_	_	_	_	_	_
289-8	PSB039	289	mezza	mezza	linguistic	none	_	_	_	_	_	_
289-9	PSB039	289	a	a	linguistic	none	_	_	_	_	_	_
289-10	PSB039	289	casa	casa	linguistic	none	_	_	_	_	_	_
289-11	PSB039	289	e	e	linguistic	none	_	_	_	_	_	_
289-12	PSB039	289	due	due	linguistic	none	_	_	_	_	_	_
289-13	PSB039	289	ore	ore	linguistic	none	_	_	_	_	_	_
289-14	PSB039	289	qua	qua	linguistic	none	_	End=585.32	_	_	_	_
290-0	PSB005	290	ma	ma	linguistic	none	_	Begin=585.43	_	_	_	_
290-1	PSB005	290	a	a	linguistic	none	_	_	_	_	_	_
290-2	PSB005	290	casa	casa	linguistic	none	_	_	_	_	_	_
290-3	PSB005	290	fai	fai	linguistic	none	_	_	_	_	_	_
290-4	PSB005	290	da	da	linguistic	none	_	_	_	_	_	_
290-5	PSB005	290	solo:?	solo	linguistic	none	Intonation=rising	End=586.81	3x1	_	_	_
291-0	PSB039	291	sì	sì	linguistic	none	_	Begin=587.09|End=587.536	_	_	_	_
292-0	PSB005	292	co~	co~	linguistic	none	Interrupted=Yes	Begin=587.97	_	_	_	_
292-1	PSB005	292	m:h	mh	linguistic	none	_	_	0x1	_	_	_
292-2	PSB005	292	come	come	linguistic	none	_	_	_	_	_	_
292-3	PSB005	292	ti	ti	linguistic	none	_	_	_	_	_	_
292-4	PSB005	292	sei:	sei	linguistic	none	_	_	2x1	_	_	_
292-5	PSB005	292	organizzato?	organizzato	linguistic	none	Intonation=rising	End=590.57	_	_	_	_
293-0	PSB039	293	m::h	mh	linguistic	none	_	Begin=591.39	0x2	_	_	_
293-1	PSB039	293	tipo:	tipo	linguistic	none	_	End=592.88	3x1	_	_	_
294-0	PSB039	294	ehm:	ehm	linguistic	some	_	Begin=593.2	2x1	_	_	_
294-1	PSB039	294	ho::	ho	linguistic	some	_	_	1x2	_	_	_
294-2	PSB039	294	un	un	linguistic	some	_	_	_	_	_	_
294-3	PSB039	294	#text	text	linguistic	some	Language=NO_ISO_CODE	_	_	_	_	_
294-4	PSB039	294	{P}	{P}	shortpause	some	_	_	_	_	_	_
294-5	PSB039	294	#or	or	linguistic	some	Language=NO_ISO_CODE	_	_	_	_	_
294-6	PSB039	294	ehm:	ehm	linguistic	some	_	_	2x1	_	_	_
294-7	PSB039	294	{P}	{P}	shortpause	some	_	_	_	_	_	_
294-8	PSB039	294	ehm:	ehm	linguistic	some	_	_	2x1	_	_	_
294-9	PSB039	294	#like	like	linguistic	some	Language=NO_ISO_CODE	_	_	_	_	_
294-10	PSB039	294	google	google	linguistic	some	_	_	_	_	_	_
294-11	PSB039	294	translate	translate	linguistic	some	_	End=600.57	_	_	_	_
296-0	PSB005	296	mhmh	mhmh	linguistic	none	_	Begin=600.59|End=601.2	_	_	_	_
297-0	PSB039	297	ehm:	ehm	linguistic	none	_	Begin=601.22	2x1	_	_	_
297-1	PSB039	297	{P}	{P}	shortpause	none	_	_	_	_	_	_
297-2	PSB039	297	funziona	funziona	linguistic	none	_	_	_	_	_	_
297-3	PSB039	297	male	male	linguistic	none	_	_	_	_	_	_
297-4	PSB039	297	però	però	linguistic	none	_	_	_	_	_	_
297-5	PSB039	297	meglio	meglio	linguistic	none	_	_	_	_	_	_
297-6	PSB039	297	di	di	linguistic	none	_	_	_	_	_	_
297-7	PSB039	297	niente	niente	linguistic	none	_	_	_	_	_	_
297-8	PSB039	297	{ride}	{ride}	nonverbalbehavior	none	_	End=603.986	_	_	_	_
298-0	PSB005	298	sì	sì	linguistic	none	_	Begin=603.986	_	_	_	_
298-1	PSB005	298	sì	sì	linguistic	none	_	_	_	_	_	_
298-2	PSB005	298	no	no	linguistic	none	_	_	_	_	_	_
298-3	PSB005	298	ma	ma	linguistic	none	_	_	_	_	_	_
298-4	PSB005	298	non	non	linguistic	none	_	_	_	_	_	_
298-5	PSB005	298	funziona	funziona	linguistic	none	_	_	_	_	_	_
298-6	PSB005	298	così	così	linguistic	none	_	_	_	_	_	_
298-7	PSB005	298	male,	male	linguistic	none	Intonation=weakly_rising	End=606.03	_	_	_	_
299-0	PSB039	299	[sì	sì	linguistic	some	_	Begin=606.51	_	_	_	0-2(41)
299-1	PSB039	299	s~]	s~	linguistic	some	Interrupted=Yes	_	_	_	_	0-2(41)
299-2	PSB039	299	s~	s~	linguistic	some	Interrupted=Yes	_	_	_	_	_
299-3	PSB039	299	se:	se	linguistic	some	_	_	1x1	_	_	_
299-4	PSB039	299	se	se	linguistic	some	_	_	_	_	_	_
299-5	PSB039	299	provi:	provi	linguistic	some	_	_	4x1	_	_	_
299-6	PSB039	299	a:	a	linguistic	some	_	_	0x1	_	_	_
299-7	PSB039	299	{P}	{P}	shortpause	some	_	_	_	_	_	_
299-8	PSB039	299	#to	to	linguistic	some	Language=NO_ISO_CODE	_	_	_	_	_
299-9	PSB039	299	#translate	translate	linguistic	some	Language=NO_ISO_CODE	_	_	_	_	_
299-10	PSB039	299	{P}	{P}	shortpause	some	_	_	_	_	_	_
299-11	PSB039	299	#from	from	linguistic	some	Language=NO_ISO_CODE	_	_	_	_	_
299-12	PSB039	299	#ukrainian	ukrainian	linguistic	some	Language=NO_ISO_CODE	_	_	_	_	_
299-13	PSB039	299	#to	to	linguistic	some	Language=NO_ISO_CODE	_	_	_	_	_
299-14	PSB039	299	#italia[n]	italian	linguistic	some	Language=NO_ISO_CODE	End=612.72	_	_	_	7-8(42)
300-0	PSB005	300	[mh]	mh	linguistic	none	_	Begin=606.51|End=606.95	_	_	_	0-2(41)
302-0	PSB005	302	[mh][mh]	mhmh	linguistic	none	_	Begin=612.64|End=613.11	_	_	_	0-2(42),2-4(43)
303-0	PSB039	303	[i]t'	it'	linguistic	all	SpaceAfter=No|Language=NO_ISO_CODE	Begin=613.01	_	_	_	_
303-1	PSB039	303	s	s	linguistic	all	Language=NO_ISO_CODE	_	_	_	_	_
303-2	PSB039	303	kinda	kinda	linguistic	all	Language=NO_ISO_CODE	_	_	_	_	_
303-3	PSB039	303	bad	bad	linguistic	all	Language=NO_ISO_CODE	End=613.84	_	_	_	_
305-0	PSB005	305	mh[mh]	mhmh	linguistic	none	_	Begin=613.87|End=614.46	_	_	_	2-4(44)
306-0	PSB039	306	[but	but	linguistic	all	Language=NO_ISO_CODE	Begin=614.05	_	_	_	_
306-1	PSB039	306	if	if	linguistic	all	Language=NO_ISO_CODE	_	_	_	_	_
306-2	PSB039	306	you]	you	linguistic	all	Language=NO_ISO_CODE	_	_	_	_	_
306-3	PSB039	306	try	try	linguistic	all	Language=NO_ISO_CODE	_	_	_	_	_
306-4	PSB039	306	to	to	linguistic	all	Language=NO_ISO_CODE	_	_	_	_	_
306-5	PSB039	306	translate	translate	linguistic	all	Language=NO_ISO_CODE	_	_	_	_	_
306-6	PSB039	306	(.)	.	linguistic	all	Language=NO_ISO_CODE	_	_	_	_	_
306-7	PSB039	306	from	from	linguistic	all	Language=NO_ISO_CODE	_	_	_	_	_
306-8	PSB039	306	english	english	linguistic	all	Language=NO_ISO_CODE	_	_	_	_	_
306-9	PSB039	306	to	to	linguistic	all	Language=NO_ISO_CODE	_	_	_	_	_
306-10	PSB039	306	italian	italian	linguistic	all	Language=NO_ISO_CODE	_	_	_	_	_
306-11	PSB039	306	i[s	is	linguistic	all	Language=NO_ISO_CODE	_	_	_	_	_
306-12	PSB039	306	(.)	.	linguistic	all	Language=NO_ISO_CODE	_	_	_	_	_
306-13	PSB039	306	much	much	linguistic	all	Language=NO_ISO_CODE	_	_	_	_	_
306-14	PSB039	306	better]	better	linguistic	all	Language=NO_ISO_CODE	End=617.65	_	_	_	_
308-0	PSB005	308	[mhmh]	mhmh	linguistic	none	_	Begin=616.73|End=617.5	_	_	_	0-4(45)
309-0	PSB005	309	eh	eh	linguistic	none	_	Begin=617.67	_	_	_	_
309-1	PSB005	309	sì	sì	linguistic	none	_	End=618.3	_	_	_	_
310-0	PSB005	310	è	è	linguistic	none	_	Begin=619.16	_	_	_	_
310-1	PSB005	310	una	una	linguistic	none	_	_	_	_	_	_
310-2	PSB005	310	cosa::	cosa	linguistic	none	_	_	3x2	_	_	_
310-3	PSB005	310	{P}	{P}	shortpause	none	_	_	_	_	_	_
310-4	PSB005	310	tipica	tipica	linguistic	none	_	End=621.67	_	_	_	_
311-0	PSB039	311	yeah	yeah	linguistic	all	Language=NO_ISO_CODE	Begin=621.92|End=622.45	_	_	_	_
312-0	PSB005	312	{ride}	{ride}	nonverbalbehavior	none	_	Begin=622.01|End=622.69	_	_	_	_
313-0	PSB005	313	sì	sì	linguistic	none	_	Begin=622.71	_	_	_	_
313-1	PSB005	313	sì	sì	linguistic	none	_	_	_	_	_	_
313-2	PSB005	313	sì	sì	linguistic	none	_	End=623.45	_	_	_	_
314-0	PSB005	314	e:	e	linguistic	none	_	Begin=623.58	0x1	_	_	_
314-1	PSB005	314	hai	hai	linguistic	none	_	_	_	_	_	_
314-2	PSB005	314	provato	provato	linguistic	none	_	_	_	_	_	_
314-3	PSB005	314	mai	mai	linguistic	none	_	_	_	_	_	_
314-4	PSB005	314	a::	a	linguistic	none	_	_	0x2	_	_	_
314-5	PSB005	314	{P}	{P}	shortpause	none	_	_	_	_	_	_
314-6	PSB005	314	tipo	tipo	linguistic	none	_	_	_	_	_	_
314-7	PSB005	314	parlare:	parlare	linguistic	none	_	_	6x1	_	_	_
314-8	PSB005	314	{P}	{P}	shortpause	none	_	_	_	_	_	_
314-9	PSB005	314	con:	con	linguistic	none	_	_	2x1	_	_	_
314-10	PSB005	314	chat	chat	linguistic	none	_	_	_	_	_	_
314-11	PSB005	314	gpt?	gpt	linguistic	none	Intonation=rising	End=630.23	_	_	_	_
315-0	PSB005	315	per	per	linguistic	none	_	Begin=630.37	_	_	_	_
315-1	PSB005	315	esempio	esempio	linguistic	none	_	_	_	_	_	_
315-2	PSB005	315	in	in	linguistic	none	_	_	_	_	_	_
315-3	PSB005	315	italiano	italiano	linguistic	none	_	_	_	_	_	_
315-4	PSB005	315	tu	tu	linguistic	none	_	_	_	_	_	_
315-5	PSB005	315	pa~	pa~	linguistic	none	Interrupted=Yes	_	_	_	_	_
315-6	PSB005	315	provi	provi	linguistic	none	_	_	_	_	_	_
315-7	PSB005	315	a	a	linguistic	none	_	_	_	_	_	_
315-8	PSB005	315	[scrivere:]	scrivere	linguistic	none	_	End=632.972	7x1	_	_	0-8(46)
316-0	PSB039	316	[co~	co~	linguistic	none	Interrupted=Yes	Begin=632.34	_	_	_	0-3(46)
316-1	PSB039	316	con]	con	linguistic	none	_	_	_	_	_	0-3(46)
316-2	PSB039	316	con	con	linguistic	none	_	_	_	_	_	_
316-3	PSB039	316	chat	chat	linguistic	none	_	_	_	_	_	_
316-4	PSB039	316	gpt	gpt	linguistic	none	_	_	_	_	_	_
316-5	PSB039	316	no:	no	linguistic	none	_	_	1x1	_	_	_
316-6	PSB039	316	{P}	{P}	shortpause	none	_	_	_	_	_	_
316-7	PSB039	316	però	però	linguistic	none	_	_	_	_	_	_
316-8	PSB039	316	e::hm	ehm	linguistic	none	_	End=635.917	0x2	_	_	_
317-0	PSB039	317	ho	ho	linguistic	none	_	Begin=636.06	_	_	_	_
317-1	PSB039	317	qualche	qualche	linguistic	none	_	_	_	_	_	_
317-2	PSB039	317	amici,	amici	linguistic	none	Intonation=weakly_rising	_	_	_	_	_
317-3	PSB039	317	{P}	{P}	shortpause	none	_	_	_	_	_	_
317-4	PSB039	317	un'	un'	linguistic	none	SpaceAfter=No	_	_	_	_	_
317-5	PSB039	317	americana	americana	linguistic	none	_	_	_	_	_	_
317-6	PSB039	317	che	che	linguistic	none	_	_	_	_	_	_
317-7	PSB039	317	è:	è	linguistic	none	_	_	0x1	_	_	_
317-8	PSB039	317	in	in	linguistic	none	_	_	_	_	_	_
317-9	PSB039	317	italia	italia	linguistic	none	_	_	_	_	_	_
317-10	PSB039	317	da:	da	linguistic	none	_	_	1x1	_	_	_
317-11	PSB039	317	{P}	{P}	shortpause	none	_	_	_	_	_	_
317-12	PSB039	317	quasi	quasi	linguistic	none	_	_	_	_	_	_
317-13	PSB039	317	venti	venti	linguistic	none	_	_	_	_	_	_
317-14	PSB039	317	anni	anni	linguistic	none	_	_	_	_	_	_
317-15	PSB039	317	secondo	secondo	linguistic	none	_	_	_	_	_	_
317-16	PSB039	317	me:	me	linguistic	none	_	_	1x1	_	_	_
317-17	PSB039	317	e	e	linguistic	none	_	_	_	_	_	_
317-18	PSB039	317	un:	un	linguistic	none	_	_	1x1	_	_	_
317-19	PSB039	317	ragazzo	ragazzo	linguistic	none	_	_	_	_	_	_
317-20	PSB039	317	italiano	italiano	linguistic	none	_	_	_	_	_	_
317-21	PSB039	317	quindi:	quindi	linguistic	none	_	End=643.96	5x1	_	_	_
318-0	PSB039	318	quando:	quando	linguistic	none	_	Begin=644.57	5x1	_	_	_
318-1	PSB039	318	vado	vado	linguistic	none	_	_	_	_	_	_
318-2	PSB039	318	a	a	linguistic	none	_	_	_	_	_	_
318-3	PSB039	318	pa~	pa~	linguistic	none	Interrupted=Yes	_	_	_	_	_
318-4	PSB039	318	in	in	linguistic	none	_	_	_	_	_	_
318-5	PSB039	318	palestra	palestra	linguistic	none	_	_	_	_	_	_
318-6	PSB039	318	per	per	linguistic	none	_	_	_	_	_	_
318-7	PSB039	318	esempio:	esempio	linguistic	none	_	_	6x1	_	_	_
318-8	PSB039	318	{P}	{P}	shortpause	none	_	_	_	_	_	_
318-9	PSB039	318	parliamo	parliamo	linguistic	none	_	_	_	_	_	_
318-10	PSB039	318	sempre	sempre	linguistic	none	_	End=649.36	_	_	_	_
319-0	PSB005	319	mhmh	mhmh	linguistic	none	_	Begin=649.43	_	_	_	_
319-1	PSB005	319	okay	okay	linguistic	none	_	_	_	_	_	_
319-2	PSB005	319	beh	beh	linguistic	none	_	_	_	_	_	_
319-3	PSB005	319	questo	questo	linguistic	none	_	_	_	_	_	_
319-4	PSB005	319	è	è	linguistic	none	_	_	_	_	_	_
319-5	PSB005	319	un	un	linguistic	none	_	_	_	_	_	_
319-6	PSB005	319	buon	buon	linguistic	none	_	_	_	_	_	_
319-7	PSB005	319	sistema	sistema	linguistic	none	_	End=651.46	_	_	_	_
320-0	PSB039	320	s[ì]	sì	linguistic	none	_	Begin=651.51|End=651.9	_	_	_	1-2(47)
321-0	PSB005	321	[sì]	sì	linguistic	none	_	Begin=651.74	_	_	_	0-2(47)
321-1	PSB005	321	credo	credo	linguistic	none	_	End=652.4	_	_	_	_
322-0	PSB005	322	quindi	quindi	linguistic	none	_	Begin=652.65	_	_	_	_
322-1	PSB005	322	vai	vai	linguistic	none	_	_	_	_	_	_
322-2	PSB005	322	in	in	linguistic	none	_	_	_	_	_	_
322-3	PSB005	322	palestra,	palestra	linguistic	none	Intonation=weakly_rising	End=653.64	_	_	_	_
323-0	PSB039	323	sì	sì	linguistic	none	_	Begin=653.72|End=654.02	_	_	_	_
324-0	PSB005	324	e:	e	linguistic	none	_	Begin=654.2	0x1	_	_	_
324-1	PSB005	324	qua	qua	linguistic	none	_	_	_	_	_	_
324-2	PSB005	324	vicino?	vicino	linguistic	none	Intonation=rising	End=655.2	_	_	_	_
325-0	PSB039	325	sì	sì	linguistic	none	_	Begin=655.45	_	_	_	_
325-1	PSB039	325	vicino	vicino	linguistic	none	_	_	_	_	_	_
325-2	PSB039	325	a::	a	linguistic	none	_	End=656.68	0x2	_	_	_
326-0	PSB039	326	a:	a	linguistic	none	_	Begin=658.13	0x1	_	_	_
326-1	PSB039	326	pum	pum	linguistic	none	_	_	_	_	_	_
326-2	PSB039	326	pum	pum	linguistic	none	_	_	_	_	_	_
326-3	PSB039	326	pum	pum	linguistic	none	_	_	_	_	_	_
326-4	PSB039	326	n~	n~	linguistic	none	Interrupted=Yes	_	_	_	_	_
326-5	PSB039	326	no~	no~	linguistic	none	Interrupted=Yes	_	_	_	_	_
326-6	PSB039	326	non	non	linguistic	none	_	_	_	_	_	_
326-7	PSB039	326	mi	mi	linguistic	none	_	_	_	_	_	_
326-8	PSB039	326	ricordo	ricordo	linguistic	none	_	_	_	_	_	_
326-9	PSB039	326	come	come	linguistic	none	_	_	_	_	_	_
326-10	PSB039	326	si	si	linguistic	none	_	_	_	_	_	_
326-11	PSB039	326	chiama:	chiama	linguistic	none	_	_	5x1	_	_	_
326-12	PSB039	326	questa::	questa	linguistic	none	_	End=661.93	5x2	_	_	_
327-0	PSB039	327	questa	questa	linguistic	none	_	Begin=662.45	_	_	_	_
327-1	PSB039	327	via	via	linguistic	none	_	_	_	_	_	_
327-2	PSB039	327	però	però	linguistic	none	_	End=663.92	_	_	_	_
328-0	PSB039	328	e::hm	ehm	linguistic	none	_	Begin=664.27|End=664.88	0x2	_	_	_
329-0	PSB039	329	tipo	tipo	linguistic	none	_	Begin=665.35	_	_	_	_
329-1	PSB039	329	in:	in	linguistic	none	_	End=666.53	1x1	_	_	_
330-0	PSB005	330	è	è	linguistic	none	_	Begin=666.56	_	_	_	_
330-1	PSB005	330	[di	di	linguistic	none	_	_	_	_	_	0-2(48)
330-2	PSB005	330	là]	là	linguistic	none	_	End=667.28	_	_	_	0-2(48)
331-0	PSB039	331	[°sì°]	sì	linguistic	none	Volume=low	Begin=666.79|End=667.29	_	_	_	0-2(48)
332-0	PSB039	332	sì	sì	linguistic	none	_	Begin=667.32|End=667.89	_	_	_	_
333-0	PSB039	333	[°vicino°]	vicino	linguistic	none	Volume=low	Begin=668.47|End=669.36	_	_	_	0-6(49)
334-0	PSB005	334	[mcfit]?	mcfit	linguistic	none	Intonation=rising	Begin=668.48|End=669.34	_	_	_	0-5(49)
335-0	PSB039	335	e:hm	ehm	linguistic	some	_	Begin=669.64	0x1	_	_	_
335-1	PSB039	335	vicino	vicino	linguistic	some	_	_	_	_	_	_
335-2	PSB039	335	a:	a	linguistic	some	_	_	0x1	_	_	_
335-3	PSB039	335	#fuel	fuel	linguistic	some	Language=NO_ISO_CODE	_	_	_	_	_
335-4	PSB039	335	#station	station	linguistic	some	Language=NO_ISO_CODE	End=672.15	_	_	_	_
337-0	PSB005	337	sì	sì	linguistic	none	_	Begin=672.22|End=672.64	_	_	_	_
338-0	PSB039	338	[°mh°]	mh	linguistic	none	Volume=low	Begin=672.98|End=673.39	_	_	_	0-2(50)
339-0	PSB005	339	[ho	ho	linguistic	none	_	Begin=672.98	_	_	_	0-2(50)
339-1	PSB005	339	capi]to	capito	linguistic	none	_	_	_	_	_	0-4(50)
339-2	PSB005	339	s~	s~	linguistic	none	Interrupted=Yes	_	_	_	_	_
339-3	PSB005	339	[a::h]	ah	linguistic	none	_	_	0x2	_	_	0-2(51)
339-4	PSB005	339	sì::	sì	linguistic	none	_	_	1x2	_	_	_
339-5	PSB005	339	allora,	allora	linguistic	none	Intonation=weakly_rising	_	_	_	_	_
339-6	PSB005	339	è	è	linguistic	none	_	_	_	_	_	_
339-7	PSB005	339	di	di	linguistic	none	_	_	_	_	_	_
339-8	PSB005	339	qua:	qua	linguistic	none	_	_	2x1	_	_	_
339-9	PSB005	339	e	e	linguistic	none	_	_	_	_	_	_
339-10	PSB005	339	poi	poi	linguistic	none	_	_	_	_	_	_
339-11	PSB005	339	a	a	linguistic	none	_	_	_	_	_	_
339-12	PSB005	339	sini[stra]	sinistra	linguistic	none	_	End=676.3	_	_	_	4-8(52)
340-0	PSB039	340	[°mh°]	mh	linguistic	none	Volume=low	Begin=673.58|End=674.03	_	_	_	0-2(51)
341-0	PSB039	341	[°sì°]	sì	linguistic	none	Volume=low	Begin=676.03|End=676.36	_	_	_	0-2(52)
342-0	PSB005	342	sotto::	sotto	linguistic	none	_	Begin=677.02	4x2	_	_	_
342-1	PSB005	342	[in	in	linguistic	none	_	_	_	_	_	0-2(53)
342-2	PSB005	342	una	una	linguistic	none	_	_	_	_	_	0-3(53)
342-3	PSB005	342	discesa	discesa	linguistic	none	_	_	_	_	_	0-7(53)
342-4	PSB005	342	sì	sì	linguistic	none	_	_	_	_	_	0-2(53)
342-5	PSB005	342	sì]	sì	linguistic	none	_	End=678.69	_	_	_	0-2(53)
343-0	PSB039	343	[sì	sì	linguistic	none	_	Begin=677.53	_	_	_	0-2(53)
343-1	PSB039	343	sotto	sotto	linguistic	none	_	_	_	_	_	0-5(53)
343-2	PSB039	343	mhmh]	mhmh	linguistic	none	_	End=678.72	_	_	_	0-4(53)
344-0	PSB005	344	eh	eh	linguistic	none	_	Begin=679.06	_	_	_	_
344-1	PSB005	344	io	io	linguistic	none	_	_	_	_	_	_
344-2	PSB005	344	abito:	abito	linguistic	none	_	_	4x1	_	_	_
344-3	PSB005	344	qui	qui	linguistic	none	_	_	_	_	_	_
344-4	PSB005	344	anc[h'	anch'	linguistic	none	SpaceAfter=No	_	_	_	_	3-5(54)
344-5	PSB005	344	io]	io	linguistic	none	_	End=680.87	_	_	_	0-2(54)
345-0	PSB039	345	[ah]	ah	linguistic	none	_	Begin=680.57|End=680.94	_	_	_	0-2(54)
346-0	PSB005	346	conosco	conosco	linguistic	none	_	Begin=681.25	_	_	_	_
346-1	PSB005	346	abbastanza	abbastanza	linguistic	none	_	_	_	_	_	_
346-2	PSB005	346	ques[ta::]	questa	linguistic	none	_	_	5x2	_	_	4-6(55)
346-3	PSB005	346	{P}	{P}	shortpause	none	_	_	_	_	_	_
346-4	PSB005	346	questa	questa	linguistic	none	_	_	_	_	_	_
346-5	PSB005	346	zona	zona	linguistic	none	_	End=684.18	_	_	_	_
347-0	PSB039	347	[mhmh]	mhmh	linguistic	none	_	Begin=682.71|End=683.27	_	_	_	0-4(55)
348-0	PSB005	348	ehm::	ehm	linguistic	none	_	Begin=684.893|End=685.833	2x2	_	_	_
349-0	PSB005	349	e	e	linguistic	none	_	Begin=687.38	_	_	_	_
349-1	PSB005	349	e	e	linguistic	none	_	_	_	_	_	_
349-2	PSB005	349	guardi	guardi	linguistic	none	_	_	_	_	_	_
349-3	PSB005	349	anche	anche	linguistic	none	_	_	_	_	_	_
349-4	PSB005	349	magari	magari	linguistic	none	_	_	_	_	_	_
349-5	PSB005	349	la	la	linguistic	none	_	_	_	_	_	_
349-6	PSB005	349	televisione	televisione	linguistic	none	_	_	_	_	_	_
349-7	PSB005	349	in	in	linguistic	none	_	_	_	_	_	_
349-8	PSB005	349	italiano	italiano	linguistic	none	_	_	_	_	_	_
349-9	PSB005	349	per:	per	linguistic	none	_	_	2x1	_	_	_
349-10	PSB005	349	o	o	linguistic	none	_	_	_	_	_	_
349-11	PSB005	349	i	i	linguistic	none	_	_	_	_	_	_
349-12	PSB005	349	[film	film	linguistic	none	_	_	_	_	_	0-4(56)
349-13	PSB005	349	per:	per	linguistic	none	_	_	2x1	_	_	0-3(56)
349-14	PSB005	349	fare	fare	linguistic	none	_	_	_	_	_	0-4(56)
349-15	PSB005	349	esercizio]?	esercizio	linguistic	none	Intonation=rising	End=693.24	_	_	_	0-9(56)
350-0	PSB039	350	[m:::h	mh	linguistic	none	_	Begin=690.97	0x3	_	_	0-2(56)
350-1	PSB039	350	non	non	linguistic	none	_	_	_	_	_	0-3(56)
350-2	PSB039	350	no~	no~	linguistic	none	Interrupted=Yes	_	_	_	_	0-3(56)
350-3	PSB039	350	non]	non	linguistic	none	_	_	_	_	_	0-3(56)
350-4	PSB039	350	molto	molto	linguistic	none	_	_	_	_	_	_
350-5	PSB039	350	non	non	linguistic	none	_	_	_	_	_	_
350-6	PSB039	350	molto	molto	linguistic	none	_	_	_	_	_	_
350-7	PSB039	350	io:	io	linguistic	none	_	_	1x1	_	_	_
350-8	PSB039	350	quasi	quasi	linguistic	none	_	_	_	_	_	_
350-9	PSB039	350	non	non	linguistic	none	_	_	_	_	_	_
350-10	PSB039	350	guardo	guardo	linguistic	none	_	_	_	_	_	_
350-11	PSB039	350	la	la	linguistic	none	_	_	_	_	_	_
350-12	PSB039	350	tivù	tivù	linguistic	none	_	End=695.54	_	_	_	_
351-0	PSB005	351	mhmh	mhmh	linguistic	none	_	Begin=695.67	_	_	_	_
351-1	PSB005	351	okay	okay	linguistic	none	_	End=696.44	_	_	_	_
352-0	PSB005	352	la	la	linguistic	none	_	Begin=697.09	_	_	_	_
352-1	PSB005	352	mamma?	mamma	linguistic	none	Intonation=rising	End=697.674	_	_	_	_
353-0	PSB039	353	sì	sì	linguistic	none	_	Begin=698.09	_	_	_	_
353-1	PSB039	353	la	la	linguistic	none	_	_	_	_	_	_
353-2	PSB039	353	mamma:	mamma	linguistic	none	_	_	4x1	_	_	_
353-3	PSB039	353	guarda	guarda	linguistic	none	_	_	_	_	_	_
353-4	PSB039	353	di	di	linguistic	none	_	_	_	_	_	_
353-5	PSB039	353	più	più	linguistic	none	_	End=699.79	_	_	_	_
354-0	PSB005	354	quindi,	quindi	linguistic	none	Intonation=weakly_rising	Begin=699.82	_	_	_	_
354-1	PSB005	354	magari	magari	linguistic	none	_	_	_	_	_	_
354-2	PSB005	354	ascolti	ascolti	linguistic	none	_	_	_	_	_	_
354-3	PSB005	354	un	un	linguistic	none	_	_	_	_	_	_
354-4	PSB005	354	po'::	po'	linguistic	none	_	End=701.53	1x2	_	_	_
355-0	PSB039	355	ehm	ehm	linguistic	none	_	Begin=701.79	_	_	_	_
355-1	PSB039	355	{P}	{P}	shortpause	none	_	_	_	_	_	_
355-2	PSB039	355	m::h	mh	linguistic	none	_	_	0x2	_	_	_
355-3	PSB039	355	non	non	linguistic	none	_	_	_	_	_	_
355-4	PSB039	355	tanto	tanto	linguistic	none	_	End=704.16	_	_	_	_
356-0	PSB005	356	okay	okay	linguistic	none	_	Begin=704.46|End=705.13	_	_	_	_
357-0	PSB005	357	ma,	ma	linguistic	none	Intonation=weakly_rising	Begin=705.25	_	_	_	_
357-1	PSB005	357	comunque	comunque	linguistic	none	_	_	_	_	_	_
357-2	PSB005	357	voi	voi	linguistic	none	_	_	_	_	_	_
357-3	PSB005	357	vivete	vivete	linguistic	none	_	_	_	_	_	_
357-4	PSB005	357	insieme,	insieme	linguistic	none	Intonation=weakly_rising	End=706.76	_	_	_	_
358-0	PSB039	358	sì	sì	linguistic	none	_	Begin=706.89|End=707.17	_	_	_	_
359-0	PSB005	359	sì	sì	linguistic	none	_	Begin=707.22	_	_	_	_
359-1	PSB005	359	{P}	{P}	shortpause	none	_	_	_	_	_	_
359-2	PSB005	359	sì	sì	linguistic	none	_	_	_	_	_	_
359-3	PSB005	359	sì	sì	linguistic	none	_	_	_	_	_	_
359-4	PSB005	359	sì	sì	linguistic	none	_	_	_	_	_	_
359-5	PSB005	359	okay	okay	linguistic	none	_	End=708.55	_	_	_	_
360-0	PSB005	360	con	con	linguistic	none	_	Begin=708.81	_	_	_	_
360-1	PSB005	360	la	la	linguistic	none	_	_	_	_	_	_
360-2	PSB005	360	mamma	mamma	linguistic	none	_	_	_	_	_	_
360-3	PSB005	360	ti	ti	linguistic	none	_	_	_	_	_	_
360-4	PSB005	360	capita	capita	linguistic	none	_	_	_	_	_	_
360-5	PSB005	360	di:	di	linguistic	none	_	_	1x1	_	_	_
360-6	PSB005	360	parlare	parlare	linguistic	none	_	_	_	_	_	_
360-7	PSB005	360	un	un	linguistic	none	_	_	_	_	_	_
360-8	PSB005	360	po'	po'	linguistic	none	_	_	_	_	_	_
360-9	PSB005	360	di	di	linguistic	none	_	_	_	_	_	_
360-10	PSB005	360	italiano:	italiano	linguistic	none	_	_	7x1	_	_	_
360-11	PSB005	360	o::	o	linguistic	none	_	_	0x2	_	_	_
360-12	PSB005	360	zero?	zero	linguistic	none	Intonation=rising	End=712.956	_	_	_	_
361-0	PSB039	361	e:hm	ehm	linguistic	none	_	Begin=713.59	0x1	_	_	_
361-1	PSB039	361	(ma)	ma	linguistic	none	_	_	_	_	0-2(0)	_
361-2	PSB039	361	qualche	qualche	linguistic	none	_	_	_	_	_	_
361-3	PSB039	361	volta	volta	linguistic	none	_	_	_	_	_	_
361-4	PSB039	361	sì:	sì	linguistic	none	_	End=715.67	1x1	_	_	_
362-0	PSB039	362	però:	però	linguistic	none	_	Begin=715.7	3x1	_	_	_
362-1	PSB039	362	sai	sai	linguistic	none	_	_	_	_	_	_
362-2	PSB039	362	{P}	{P}	shortpause	none	_	_	_	_	_	_
362-3	PSB039	362	non	non	linguistic	none	_	_	_	_	_	_
362-4	PSB039	362	ha:	ha	linguistic	none	_	_	1x1	_	_	_
362-5	PSB039	362	{P}	{P}	shortpause	none	_	_	_	_	_	_
362-6	PSB039	362	troppo	troppo	linguistic	none	_	_	_	_	_	_
362-7	PSB039	362	tempo	tempo	linguistic	none	_	_	_	_	_	_
362-8	PSB039	362	quindi	quindi	linguistic	none	_	_	_	_	_	_
362-9	PSB039	362	tutta:	tutta	linguistic	none	_	_	4x1	_	_	_
362-10	PSB039	362	tutto	tutto	linguistic	none	_	_	_	_	_	_
362-11	PSB039	362	il	il	linguistic	none	_	_	_	_	_	_
362-12	PSB039	362	giorno	giorno	linguistic	none	_	_	_	_	_	_
362-13	PSB039	362	lavora	lavora	linguistic	none	_	_	_	_	_	_
362-14	PSB039	362	e:	e	linguistic	none	_	End=721.547	0x1	_	_	_
363-0	PSB039	363	magari:	magari	linguistic	none	_	Begin=722.23	5x1	_	_	_
363-1	PSB039	363	un	un	linguistic	none	_	_	_	_	_	_
363-2	PSB039	363	po':	po'	linguistic	none	_	_	1x1	_	_	_
363-3	PSB039	363	la	la	linguistic	none	_	_	_	_	_	_
363-4	PSB039	363	sera	sera	linguistic	none	_	End=724.34	_	_	_	_
364-0	PSB005	364	°mhmh	mhmh	linguistic	none	Volume=low	Begin=725.3	_	_	_	_
364-1	PSB005	364	sì	sì	linguistic	none	Volume=low	_	_	_	_	_
364-2	PSB005	364	sì	sì	linguistic	none	Volume=low	_	_	_	_	_
364-3	PSB005	364	(no)	no	linguistic	none	Volume=low	_	_	_	0-2(0)	_
364-4	PSB005	364	certo	certo	linguistic	none	Volume=low	_	_	_	_	_
364-5	PSB005	364	sì	sì	linguistic	none	Volume=low	_	_	_	_	_
364-6	PSB005	364	sì	sì	linguistic	none	Volume=low	_	_	_	_	_
364-7	PSB005	364	sì	sì	linguistic	none	Volume=low	_	_	_	_	_
364-8	PSB005	364	capisco°	capisco	linguistic	none	Volume=low	End=728.27	_	_	_	_
365-0	PSB005	365	ma	ma	linguistic	none	_	Begin=728.34	_	_	_	_
365-1	PSB005	365	la	la	linguistic	none	_	_	_	_	_	_
365-2	PSB005	365	voi	voi	linguistic	none	_	_	_	_	_	_
365-3	PSB005	365	siete	siete	linguistic	none	_	_	_	_	_	_
365-4	PSB005	365	venuti	venuti	linguistic	none	_	_	_	_	_	_
365-5	PSB005	365	qua	qua	linguistic	none	_	_	_	_	_	_
365-6	PSB005	365	insieme	insieme	linguistic	none	_	_	_	_	_	_
365-7	PSB005	365	o	o	linguistic	none	_	_	_	_	_	_
365-8	PSB005	365	la	la	linguistic	none	_	_	_	_	_	_
365-9	PSB005	365	mamma:	mamma	linguistic	none	_	_	4x1	_	_	_
365-10	PSB005	365	abitava	abitava	linguistic	none	_	_	_	_	_	_
365-11	PSB005	365	già	già	linguistic	none	_	_	_	_	_	_
365-12	PSB005	365	qui?	qui	linguistic	none	Intonation=rising	End=732.07	_	_	_	_
366-0	PSB039	366	e::hm	ehm	linguistic	none	_	Begin=732.88	0x2	_	_	_
366-1	PSB039	366	la	la	linguistic	none	_	_	_	_	_	_
366-2	PSB039	366	la	la	linguistic	none	_	_	_	_	_	_
366-3	PSB039	366	mamma	mamma	linguistic	none	_	_	_	_	_	_
366-4	PSB039	366	sono	sono	linguistic	none	_	_	_	_	_	_
366-5	PSB039	366	stato	stato	linguistic	none	_	_	_	_	_	_
366-6	PSB039	366	in	in	linguistic	none	_	_	_	_	_	_
366-7	PSB039	366	{P}	{P}	shortpause	none	_	_	_	_	_	_
366-8	PSB039	366	in	in	linguistic	none	_	_	_	_	_	_
366-9	PSB039	366	italia	italia	linguistic	none	_	_	_	_	_	_
366-10	PSB039	366	prima	prima	linguistic	none	_	End=737.243	_	_	_	_
367-0	PSB039	367	e:hm	ehm	linguistic	none	_	Begin=737.64	0x1	_	_	_
367-1	PSB039	367	ehm	ehm	linguistic	none	_	_	_	_	_	_
367-2	PSB039	367	già:	già	linguistic	none	_	_	2x1	_	_	_
367-3	PSB039	367	{P}	{P}	shortpause	none	_	_	_	_	_	_
367-4	PSB039	367	m:h	mh	linguistic	none	_	_	0x1	_	_	_
367-5	PSB039	367	già	già	linguistic	none	_	_	_	_	_	_
367-6	PSB039	367	lo	lo	linguistic	none	_	_	_	_	_	_
367-7	PSB039	367	sa	sa	linguistic	none	_	End=741.67	_	_	_	_
368-0	PSB039	368	already	already	linguistic	all	Language=NO_ISO_CODE	Begin=741.99	_	_	_	_
368-1	PSB039	368	(.)	.	linguistic	all	Language=NO_ISO_CODE	_	_	_	_	_
368-2	PSB039	368	already	already	linguistic	all	Language=NO_ISO_CODE	_	_	_	_	_
368-3	PSB039	368	knew	knew	linguistic	all	Language=NO_ISO_CODE	End=744.09	_	_	_	_
370-0	PSB005	370	sì	sì	linguistic	none	_	Begin=744.16	_	_	_	_
370-1	PSB005	370	sì	sì	linguistic	none	_	_	_	_	_	_
370-2	PSB005	370	{P}	{P}	shortpause	none	_	_	_	_	_	_
370-3	PSB005	370	[s~	s~	linguistic	none	Interrupted=Yes	_	_	_	_	0-2(57)
370-4	PSB005	370	gius]to	giusto	linguistic	none	_	_	_	_	_	0-4(57)
370-5	PSB005	370	era	era	linguistic	none	_	_	_	_	_	_
370-6	PSB005	370	giusto	giusto	linguistic	none	_	_	_	_	_	_
370-7	PSB005	370	s[ì]	sì	linguistic	none	_	_	_	_	_	1-2(58)
370-8	PSB005	370	{ride}	{ride}	nonverbalbehavior	none	_	End=747.2	_	_	_	_
371-0	PSB039	371	[la	la	linguistic	none	_	Begin=744.75	_	_	_	0-2(57)
371-1	PSB039	371	lingua]	lingua	linguistic	none	_	End=745.44	_	_	_	0-6(57)
372-0	PSB039	372	[°sì°]	sì	linguistic	none	Volume=low	Begin=746.547	_	_	_	0-2(58)
372-1	PSB039	372	e::hm	ehm	linguistic	none	_	_	0x2	_	_	_
372-2	PSB039	372	la	la	linguistic	none	_	_	_	_	_	_
372-3	PSB039	372	lingua	lingua	linguistic	none	_	_	_	_	_	_
372-4	PSB039	372	e	e	linguistic	none	_	_	_	_	_	_
372-5	PSB039	372	quindi::	quindi	linguistic	none	_	End=749.12	5x2	_	_	_
373-0	PSB039	373	ehm:	ehm	linguistic	none	_	Begin=750.78	2x1	_	_	_
373-1	PSB039	373	(el~)	el~	linguistic	none	Interrupted=Yes	_	_	_	0-3(0)	_
373-2	PSB039	373	ehm	ehm	linguistic	none	_	_	_	_	_	_
373-3	PSB039	373	prima	prima	linguistic	none	_	_	_	_	_	_
373-4	PSB039	373	di	di	linguistic	none	_	_	_	_	_	_
373-5	PSB039	373	guerra:	guerra	linguistic	none	_	_	5x1	_	_	_
373-6	PSB039	373	e:hm	ehm	linguistic	none	_	_	0x1	_	_	_
373-7	PSB039	373	{P}	{P}	shortpause	none	_	_	_	_	_	_
373-8	PSB039	373	lei	lei	linguistic	none	_	_	_	_	_	_
373-9	PSB039	373	e:hm	ehm	linguistic	none	_	_	0x1	_	_	_
373-10	PSB039	373	arrivata	arrivata	linguistic	none	_	_	_	_	_	_
373-11	PSB039	373	in	in	linguistic	none	_	_	_	_	_	_
373-12	PSB039	373	italia	italia	linguistic	none	_	_	_	_	_	_
373-13	PSB039	373	prima	prima	linguistic	none	_	_	_	_	_	_
373-14	PSB039	373	di	di	linguistic	none	_	_	_	_	_	_
373-15	PSB039	373	guerra:	guerra	linguistic	none	_	End=757.07	5x1	_	_	_
374-0	PSB039	374	tipo	tipo	linguistic	none	_	Begin=757.58	_	_	_	_
374-1	PSB039	374	$qualchi	qualchi	linguistic	none	Orthography=Yes	_	_	_	_	_
374-2	PSB039	374	giorni:	giorni	linguistic	none	_	_	5x1	_	_	_
374-3	PSB039	374	prima	prima	linguistic	none	_	End=759.221	_	_	_	_
375-0	PSB039	375	io:::	io	linguistic	none	_	Begin=759.75	1x3	_	_	_
375-1	PSB039	375	{P}	{P}	shortpause	none	_	_	_	_	_	_
375-2	PSB039	375	otto	otto	linguistic	none	_	_	_	_	_	_
375-3	PSB039	375	di:	di	linguistic	none	_	_	1x1	_	_	_
375-4	PSB039	375	di	di	linguistic	none	_	_	_	_	_	_
375-5	PSB039	375	marzo	marzo	linguistic	none	_	End=763.42	_	_	_	_
376-0	PSB005	376	°mh	mh	linguistic	none	Volume=low	Begin=763.72	_	_	_	_
376-1	PSB005	376	mhmh	mhmh	linguistic	none	Volume=low	_	_	_	_	_
376-2	PSB005	376	mhmh	mhmh	linguistic	none	Volume=low	_	_	_	_	_
376-3	PSB005	376	okay°	okay	linguistic	none	Volume=low	End=766.15	_	_	_	_
377-0	PSB005	377	e	e	linguistic	none	_	Begin=766.4	_	_	_	_
377-1	PSB005	377	e	e	linguistic	none	_	_	_	_	_	_
377-2	PSB005	377	ti	ti	linguistic	none	_	_	_	_	_	_
377-3	PSB005	377	piacerebbe	piacerebbe	linguistic	none	_	_	_	_	_	_
377-4	PSB005	377	vivere	vivere	linguistic	none	_	_	_	_	_	_
377-5	PSB005	377	in	in	linguistic	none	_	_	_	_	_	_
377-6	PSB005	377	qualche	qualche	linguistic	none	_	_	_	_	_	_
377-7	PSB005	377	altro	altro	linguistic	none	_	_	_	_	_	_
377-8	PSB005	377	paese:	paese	linguistic	none	_	_	4x1	_	_	_
377-9	PSB005	377	{P}	{P}	shortpause	none	_	_	_	_	_	_
377-10	PSB005	377	dell'	dell'	linguistic	none	SpaceAfter=No	_	_	_	_	_
377-11	PSB005	377	europa	europa	linguistic	none	_	_	_	_	_	_
377-12	PSB005	377	o	o	linguistic	none	_	_	_	_	_	_
377-13	PSB005	377	{P}	{P}	shortpause	none	_	_	_	_	_	_
377-14	PSB005	377	ti	ti	linguistic	none	_	_	_	_	_	_
377-15	PSB005	377	trovi	trovi	linguistic	none	_	_	_	_	_	_
377-16	PSB005	377	bene	bene	linguistic	none	_	_	_	_	_	_
377-17	PSB005	377	qui:	qui	linguistic	none	_	_	2x1	_	_	_
377-18	PSB005	377	ti	ti	linguistic	none	_	_	_	_	_	_
377-19	PSB005	377	sta	sta	linguistic	none	_	_	_	_	_	_
377-20	PSB005	377	piacendo:	piacendo	linguistic	none	_	_	7x1	_	_	_
377-21	PSB005	377	stare	stare	linguistic	none	_	_	_	_	_	_
377-22	PSB005	377	qu[i]?	qui	linguistic	none	Intonation=rising	End=774.38	_	_	_	1-3(59)
378-0	PSB039	378	[mi	mi	linguistic	none	_	Begin=774.11	_	_	_	0-2(59)
378-1	PSB039	378	piace]	piace	linguistic	none	_	_	_	_	_	0-5(59)
378-2	PSB039	378	di	di	linguistic	none	_	_	_	_	_	_
378-3	PSB039	378	più	più	linguistic	none	_	_	_	_	_	_
378-4	PSB039	378	vivere::	vivere	linguistic	none	_	_	5x2	_	_	_
378-5	PSB039	378	a::	a	linguistic	none	_	_	0x2	_	_	_
378-6	PSB039	378	in	in	linguistic	none	_	_	_	_	_	_
378-7	PSB039	378	ucraina	ucraina	linguistic	none	_	End=777.78	_	_	_	_
379-0	PSB005	379	mh	mh	linguistic	none	_	Begin=777.8|End=778.32	_	_	_	_
380-0	PSB039	380	perché:	perché	linguistic	none	_	Begin=778.414	5x1	_	_	_
380-1	PSB039	380	tutto:	tutto	linguistic	none	_	_	4x1	_	_	_
380-2	PSB039	380	{P}	{P}	shortpause	none	_	_	_	_	_	_
380-3	PSB039	380	più:	più	linguistic	none	_	_	2x1	_	_	_
380-4	PSB039	380	{P}	{P}	shortpause	none	_	_	_	_	_	_
380-5	PSB039	380	molto	molto	linguistic	none	_	_	_	_	_	_
380-6	PSB039	380	più	più	linguistic	none	_	_	_	_	_	_
380-7	PSB039	380	semplice:	semplice	linguistic	none	_	End=783.586	7x1	_	_	_
381-0	PSB039	381	che	che	linguistic	none	_	Begin=784.13	_	_	_	_
381-1	PSB039	381	in:	in	linguistic	none	_	_	1x1	_	_	_
381-2	PSB039	381	europa	europa	linguistic	none	_	End=785.57	_	_	_	_
382-0	PSB005	382	non	non	linguistic	none	_	Begin=786.663	_	_	_	_
382-1	PSB005	382	solo	solo	linguistic	none	_	_	_	_	_	_
382-2	PSB005	382	per	per	linguistic	none	_	_	_	_	_	_
382-3	PSB005	382	la	la	linguistic	none	_	_	_	_	_	_
382-4	PSB005	382	lingua,	lingua	linguistic	none	Intonation=weakly_rising	End=787.95	_	_	_	_
383-0	PSB039	383	no	no	linguistic	none	_	Begin=788.33	_	_	_	_
383-1	PSB039	383	non	non	linguistic	none	_	_	_	_	_	_
383-2	PSB039	383	solo	solo	linguistic	none	_	_	_	_	_	_
383-3	PSB039	383	per	per	linguistic	none	_	_	_	_	_	_
383-4	PSB039	383	la	la	linguistic	none	_	_	_	_	_	_
383-5	PSB039	383	lingua	lingua	linguistic	none	_	End=789.75	_	_	_	_
384-0	PSB005	384	e	e	linguistic	none	_	Begin=789.79	_	_	_	_
384-1	PSB005	384	come	come	linguistic	none	_	_	_	_	_	_
384-2	PSB005	384	mai?	mai	linguistic	none	Intonation=rising	_	_	_	_	_
384-3	PSB005	384	{P}	{P}	shortpause	none	_	_	_	_	_	_
384-4	PSB005	384	perché?	perché	linguistic	none	Intonation=rising	End=791.76	_	_	_	_
385-0	PSB039	385	e:hm	ehm	linguistic	none	_	Begin=792.34|End=793.22	0x1	_	_	_
386-0	PSB039	386	in	in	linguistic	none	_	Begin=794.17	_	_	_	_
386-1	PSB039	386	europa	europa	linguistic	none	_	_	_	_	_	_
386-2	PSB039	386	c'	c'	linguistic	none	SpaceAfter=No	_	_	_	_	_
386-3	PSB039	386	è:	è	linguistic	none	_	_	0x1	_	_	_
386-4	PSB039	386	ehm	ehm	linguistic	none	_	_	_	_	_	_
386-5	PSB039	386	un	un	linguistic	none	_	_	_	_	_	_
386-6	PSB039	386	gran	gran	linguistic	none	_	_	_	_	_	_
386-7	PSB039	386	problema:	problema	linguistic	none	_	End=796.9	7x1	_	_	_
387-0	PSB039	387	e:hm	ehm	linguistic	none	_	Begin=797.14|End=797.77	0x1	_	_	_
388-0	PSB039	388	you	you	linguistic	all	Language=NO_ISO_CODE	Begin=798.14	_	_	_	_
388-1	PSB039	388	have	have	linguistic	all	Language=NO_ISO_CODE	_	_	_	_	_
388-2	PSB039	388	to	to	linguistic	all	Language=NO_ISO_CODE	_	_	_	_	_
388-3	PSB039	388	e:hm	ehm	linguistic	all	Language=NO_ISO_CODE	_	0x1	_	_	_
388-4	PSB039	388	(.)	.	linguistic	all	Language=NO_ISO_CODE	_	_	_	_	_
388-5	PSB039	388	have	have	linguistic	all	Language=NO_ISO_CODE	_	_	_	_	_
388-6	PSB039	388	to	to	linguistic	all	Language=NO_ISO_CODE	_	_	_	_	_
388-7	PSB039	388	have	have	linguistic	all	Language=NO_ISO_CODE	_	_	_	_	_
388-8	PSB039	388	like	like	linguistic	all	Language=NO_ISO_CODE	_	_	_	_	_
388-9	PSB039	388	e:hm	ehm	linguistic	all	Language=NO_ISO_CODE	_	0x1	_	_	_
388-10	PSB039	388	tons	tons	linguistic	all	Language=NO_ISO_CODE	_	_	_	_	_
388-11	PSB039	388	of	of	linguistic	all	Language=NO_ISO_CODE	_	_	_	_	_
388-12	PSB039	388	documents	documents	linguistic	all	Language=NO_ISO_CODE	_	_	_	_	_
388-13	PSB039	388	per:	per	linguistic	all	Language=NO_ISO_CODE	_	2x1	_	_	_
388-14	PSB039	388	for	for	linguistic	all	Language=NO_ISO_CODE	_	_	_	_	_
388-15	PSB039	388	everyth[ing]	everything	linguistic	all	Language=NO_ISO_CODE	End=805.746	_	_	_	_
390-0	PSB005	390	[mh]mh	mhmh	linguistic	none	_	Begin=805.65|End=806.3	_	_	_	0-2(60)
391-0	PSB039	391	e:hm	ehm	linguistic	none	_	Begin=806.61	0x1	_	_	_
391-1	PSB039	391	in	in	linguistic	none	_	_	_	_	_	_
391-2	PSB039	391	uk~	uk~	linguistic	none	Interrupted=Yes	_	_	_	_	_
391-3	PSB039	391	in	in	linguistic	none	_	_	_	_	_	_
391-4	PSB039	391	ucraina	ucraina	linguistic	none	_	_	_	_	_	_
391-5	PSB039	391	è:	è	linguistic	none	_	_	0x1	_	_	_
391-6	PSB039	391	{P}	{P}	shortpause	none	_	_	_	_	_	_
391-7	PSB039	391	molto	molto	linguistic	none	_	_	_	_	_	_
391-8	PSB039	391	più	più	linguistic	none	_	_	_	_	_	_
391-9	PSB039	391	semplice:	semplice	linguistic	none	_	End=810.68	7x1	_	_	_
392-0	PSB039	392	e:hm	ehm	linguistic	none	_	Begin=811.08	0x1	_	_	_
392-1	PSB039	392	anche	anche	linguistic	none	_	_	_	_	_	_
392-2	PSB039	392	{P}	{P}	shortpause	none	_	_	_	_	_	_
392-3	PSB039	392	più	più	linguistic	none	_	_	_	_	_	_
392-4	PSB039	392	semplice	semplice	linguistic	none	_	_	_	_	_	_
392-5	PSB039	392	aprire	aprire	linguistic	none	_	_	_	_	_	_
392-6	PSB039	392	un	un	linguistic	none	_	_	_	_	_	_
392-7	PSB039	392	business	business	linguistic	none	_	_	_	_	_	_
392-8	PSB039	392	o	o	linguistic	none	_	_	_	_	_	_
392-9	PSB039	392	qualcosa:	qualcosa	linguistic	none	_	End=815.46	7x1	_	_	_
393-0	PSB039	393	°quindi°	quindi	linguistic	some	Volume=low	Begin=815.65	_	_	_	_
393-1	PSB039	393	noi	noi	linguistic	some	_	_	_	_	_	_
393-2	PSB039	393	abbiamo	abbiamo	linguistic	some	_	_	_	_	_	_
393-3	PSB039	393	problemi	problemi	linguistic	some	_	_	_	_	_	_
393-4	PSB039	393	però:	però	linguistic	some	_	_	3x1	_	_	_
393-5	PSB039	393	noi	noi	linguistic	some	_	_	_	_	_	_
393-6	PSB039	393	abbiamo	abbiamo	linguistic	some	_	_	_	_	_	_
393-7	PSB039	393	anche:	anche	linguistic	some	_	_	4x1	_	_	_
393-8	PSB039	393	{P}	{P}	shortpause	some	_	_	_	_	_	_
393-9	PSB039	393	nostre:	nostre	linguistic	some	_	_	5x1	_	_	_
393-10	PSB039	393	{P}	{P}	shortpause	some	_	_	_	_	_	_
393-11	PSB039	393	#strong	strong	linguistic	some	Language=NO_ISO_CODE	_	_	_	_	_
393-12	PSB039	393	#sides	sides	linguistic	some	Language=NO_ISO_CODE	End=822.077	_	_	_	_
395-0	PSB005	395	sì	sì	linguistic	none	_	Begin=822.12	_	_	_	_
395-1	PSB005	395	sì	sì	linguistic	none	_	_	_	_	_	_
395-2	PSB005	395	sì	sì	linguistic	none	_	_	_	_	_	_
395-3	PSB005	395	sì	sì	linguistic	none	_	_	_	_	_	_
395-4	PSB005	395	sì	sì	linguistic	none	_	_	_	_	_	_
395-5	PSB005	395	no	no	linguistic	none	_	_	_	_	_	_
395-6	PSB005	395	ma	ma	linguistic	none	_	_	_	_	_	_
395-7	PSB005	395	è	è	linguistic	none	_	_	_	_	_	_
395-8	PSB005	395	abbastanza	abbastanza	linguistic	none	_	_	_	_	_	_
395-9	PSB005	395	tipico	tipico	linguistic	none	_	_	_	_	_	_
395-10	PSB005	395	{P}	{P}	shortpause	none	_	_	_	_	_	_
395-11	PSB005	395	[la	la	linguistic	none	_	_	_	_	_	0-2(?)
395-12	PSB005	395	burocra]zia::	burocrazia	linguistic	none	_	_	9x2	_	_	0-7(?)
395-13	PSB005	395	{ride}	{ride}	nonverbalbehavior	none	_	End=827.32	_	_	_	_
396-0	PSB039	396	[mhmh]	mhmh	linguistic	none	_	Begin=825.13|End=825.67	_	_	_	0-4(61)
397-0	PSB039	397	sì	sì	linguistic	none	_	Begin=826.32|End=826.64	_	_	_	_
398-0	PSB005	398	[italiana	italiana	linguistic	none	_	Begin=827.38	_	_	_	0-8(63)
398-1	PSB005	398	soprattutto]	soprattutto	linguistic	none	_	End=829.05	_	_	_	0-11(63)
399-0	PSB039	399	[però	però	linguistic	none	_	Begin=827.39	_	_	_	0-4(63)
399-1	PSB039	399	ehm	ehm	linguistic	none	_	_	_	_	_	0-3(63)
399-2	PSB039	399	però	però	linguistic	none	_	_	_	_	_	0-4(63)
399-3	PSB039	399	ehm	ehm	linguistic	none	_	_	_	_	_	0-3(63)
399-4	PSB039	399	però	però	linguistic	none	_	_	_	_	_	0-4(63)
399-5	PSB039	399	non]	non	linguistic	none	_	_	_	_	_	0-3(63)
399-6	PSB039	399	è:	è	linguistic	none	_	_	0x1	_	_	_
399-7	PSB039	399	problema	problema	linguistic	none	_	_	_	_	_	_
399-8	PSB039	399	di::	di	linguistic	none	_	_	1x2	_	_	_
399-9	PSB039	399	italia	italia	linguistic	none	_	_	_	_	_	_
399-10	PSB039	399	{P}	{P}	shortpause	none	_	_	_	_	_	_
399-11	PSB039	399	problema	problema	linguistic	none	_	_	_	_	_	_
399-12	PSB039	399	di	di	linguistic	none	_	_	_	_	_	_
399-13	PSB039	399	{P}	{P}	shortpause	none	_	_	_	_	_	_
399-14	PSB039	399	quasi:	quasi	linguistic	none	_	_	4x1	_	_	_
399-15	PSB039	399	tutto	tutto	linguistic	none	_	_	_	_	_	_
399-16	PSB039	399	il	il	linguistic	none	_	_	_	_	_	_
399-17	PSB039	399	m[ondo]	mondo	linguistic	none	_	End=835.5	_	_	_	1-5(64)
400-0	PSB005	400	[mhmh]	mhmh	linguistic	none	_	Begin=835.03|End=835.6	_	_	_	0-4(64)
401-0	PSB005	401	e	e	linguistic	none	_	Begin=836.24	_	_	_	_
401-1	PSB005	401	ci	ci	linguistic	none	_	_	_	_	_	_
401-2	PSB005	401	sono	sono	linguistic	none	_	_	_	_	_	_
401-3	PSB005	401	altri	altri	linguistic	none	_	_	_	_	_	_
401-4	PSB005	401	problemi	problemi	linguistic	none	_	_	_	_	_	_
401-5	PSB005	401	qui	qui	linguistic	none	_	_	_	_	_	_
401-6	PSB005	401	secondo	secondo	linguistic	none	_	_	_	_	_	_
401-7	PSB005	401	te?	te	linguistic	none	Intonation=rising	End=838.6	_	_	_	_
402-0	PSB039	402	{sbuffa}	{sbuffa}	nonverbalbehavior	none	_	Begin=839.11|End=840.39	_	_	_	_
403-0	PSB039	403	no	no	linguistic	none	_	Begin=840.84	_	_	_	_
403-1	PSB039	403	secondo	secondo	linguistic	none	_	_	_	_	_	_
403-2	PSB039	403	me	me	linguistic	none	_	_	_	_	_	_
403-3	PSB039	403	no	no	linguistic	none	_	End=841.94	_	_	_	_
404-0	PSB039	404	m~	m~	linguistic	some	Interrupted=Yes	Begin=842.35	_	_	_	_
404-1	PSB039	404	magari:	magari	linguistic	some	_	_	5x1	_	_	_
404-2	PSB039	404	che	che	linguistic	some	_	_	_	_	_	_
404-3	PSB039	404	ehm	ehm	linguistic	some	_	_	_	_	_	_
404-4	PSB039	404	#your	your	linguistic	some	Language=NO_ISO_CODE	_	_	_	_	_
404-5	PSB039	404	#stores	stores	linguistic	some	Language=NO_ISO_CODE	_	_	_	_	_
404-6	PSB039	404	#doesn'	doesn'	linguistic	some	SpaceAfter=No|Language=NO_ISO_CODE	_	_	_	_	_
404-7	PSB039	404	t	t	linguistic	some	_	_	_	_	_	_
404-8	PSB039	404	#work	work	linguistic	some	Language=NO_ISO_CODE	_	_	_	_	_
404-9	PSB039	404	ehm:	ehm	linguistic	some	_	_	2x1	_	_	_
404-10	PSB039	404	#like	like	linguistic	some	Language=NO_ISO_CODE	_	_	_	_	_
404-11	PSB039	404	#after	after	linguistic	some	Language=NO_ISO_CODE	_	_	_	_	_
404-12	PSB039	404	#eleven	eleven	linguistic	some	Language=NO_ISO_CODE	_	_	_	_	_
404-13	PSB039	404	[#pm]	pm	linguistic	some	Language=NO_ISO_CODE	End=848.64	_	_	_	0-3(65)
406-0	PSB005	406	[mhmh]	mhmh	linguistic	none	_	Begin=848.22|End=848.8	_	_	_	0-4(65)
407-0	PSB005	407	mh[mh]	mhmh	linguistic	none	_	Begin=849.16|End=849.62	_	_	_	2-4(66)
408-0	PSB039	408	[e:hm]	ehm	linguistic	none	_	Begin=849.42	0x1	_	_	0-3(66)
408-1	PSB039	408	noi	noi	linguistic	none	_	_	_	_	_	_
408-2	PSB039	408	abbiamo:	abbiamo	linguistic	none	_	_	6x1	_	_	_
408-3	PSB039	408	{P}	{P}	shortpause	none	_	_	_	_	_	_
408-4	PSB039	408	tante::	tante	linguistic	none	_	_	4x2	_	_	_
408-5	PSB039	408	tante	tante	linguistic	none	_	_	_	_	_	_
408-6	PSB039	408	che:	che	linguistic	none	_	_	2x1	_	_	_
408-7	PSB039	408	lavorano:	lavorano	linguistic	none	_	_	7x1	_	_	_
408-8	PSB039	408	ventiquattro	ventiquattro	linguistic	none	_	_	_	_	_	_
408-9	PSB039	408	per	per	linguistic	none	_	_	_	_	_	_
408-10	PSB039	408	se[tte]	sette	linguistic	none	_	End=856.2	_	_	_	2-5(67)
409-0	PSB005	409	[°mhmh°]	mhmh	linguistic	none	Volume=low	Begin=855.98	_	_	_	0-4(67)
409-1	PSB005	409	no	no	linguistic	none	_	_	_	_	_	_
409-2	PSB005	409	no	no	linguistic	none	_	_	_	_	_	_
409-3	PSB005	409	no	no	linguistic	none	_	End=857.11	_	_	_	_
410-0	PSB005	410	<qui:	qui	linguistic	none	_	Begin=857.91	2x1	Slow=0-3(0)	_	_
410-1	PSB005	410	{P}	{P}	shortpause	none	_	_	_	Slow=0-3(0)	_	_
410-2	PSB005	410	io	io	linguistic	none	_	_	_	Slow=0-2(0)	_	_
410-3	PSB005	410	già	già	linguistic	none	_	_	_	Slow=0-3(0)	_	_
410-4	PSB005	410	sono	sono	linguistic	none	_	_	_	Slow=0-4(0)	_	_
410-5	PSB005	410	contenta,	contenta	linguistic	none	Intonation=weakly_rising	_	_	Slow=0-8(0)	_	_
410-6	PSB005	410	{P}	{P}	shortpause	none	_	_	_	Slow=0-3(0)	_	_
410-7	PSB005	410	che	che	linguistic	none	_	_	_	Slow=0-3(0)	_	_
410-8	PSB005	410	il	il	linguistic	none	_	_	_	Slow=0-2(0)	_	_
410-9	PSB005	410	supermercato	supermercato	linguistic	none	_	_	_	Slow=0-12(0)	_	_
410-10	PSB005	410	chiude	chiude	linguistic	none	_	_	_	Slow=0-6(0)	_	_
410-11	PSB005	410	alle	alle	linguistic	none	_	_	_	Slow=0-4(0)	_	_
410-12	PSB005	410	nove>	nove	linguistic	none	_	End=862.32	_	Slow=0-4(0)	_	_
411-0	PSB039	411	{ride}	{ride}	nonverbalbehavior	none	_	Begin=862.5|End=863.26	_	_	_	_
412-0	PSB005	412	già	già	linguistic	none	_	Begin=863.25	_	_	_	_
412-1	PSB005	412	{ride}	{ride}	nonverbalbehavior	none	_	_	_	_	_	_
412-2	PSB005	412	è	è	linguistic	none	_	_	_	_	_	_
412-3	PSB005	412	molto	molto	linguistic	none	_	_	_	_	_	_
412-4	PSB005	412	{ride}	{ride}	nonverbalbehavior	none	_	_	_	_	_	_
412-5	PSB005	412	per	per	linguistic	none	_	_	_	_	_	_
412-6	PSB005	412	me	me	linguistic	none	_	End=866.39	_	_	_	_
413-0	PSB039	413	mhmh	mhmh	linguistic	none	_	Begin=865.06|End=865.53	_	_	_	_
414-0	PSB005	414	ma,	ma	linguistic	none	Intonation=weakly_rising	Begin=867.44	_	_	_	_
414-1	PSB005	414	tu	tu	linguistic	none	_	_	_	_	_	_
414-2	PSB005	414	quindi	quindi	linguistic	none	_	_	_	_	_	_
414-3	PSB005	414	stavi	stavi	linguistic	none	_	_	_	_	_	_
414-4	PSB005	414	in	in	linguistic	none	_	_	_	_	_	_
414-5	PSB005	414	una	una	linguistic	none	_	_	_	_	_	_
414-6	PSB005	414	città	città	linguistic	none	_	_	_	_	_	_
414-7	PSB005	414	grande,	grande	linguistic	none	Intonation=weakly_rising	End=869.635	_	_	_	_
415-0	PSB039	415	e:hm	ehm	linguistic	none	_	Begin=870.48	0x1	_	_	_
415-1	PSB039	415	no	no	linguistic	none	_	_	_	_	_	_
415-2	PSB039	415	io	io	linguistic	none	_	_	_	_	_	_
415-3	PSB039	415	io	io	linguistic	none	_	_	_	_	_	_
415-4	PSB039	415	ho	ho	linguistic	none	_	_	_	_	_	_
415-5	PSB039	415	studia:to	studiato	linguistic	none	_	_	5x1	_	_	_
415-6	PSB039	415	in	in	linguistic	none	_	_	_	_	_	_
415-7	PSB039	415	una	una	linguistic	none	_	_	_	_	_	_
415-8	PSB039	415	[città:]	città	linguistic	none	_	_	4x1	_	_	0-5(69)
415-9	PSB039	415	grande	grande	linguistic	none	_	_	_	_	_	_
415-10	PSB039	415	però::	però	linguistic	none	_	End=875.05	3x2	_	_	_
416-0	PSB005	416	[mhmh]	mhmh	linguistic	none	_	Begin=872.96|End=873.387	_	_	_	0-4(69)
417-0	PSB039	417	ehm	ehm	linguistic	none	_	Begin=875.09|End=875.82	_	_	_	_
418-0	PSB039	418	lived	lived	linguistic	all	Language=NO_ISO_CODE	Begin=876.94	_	_	_	_
418-1	PSB039	418	in	in	linguistic	all	Language=NO_ISO_CODE	_	_	_	_	_
418-2	PSB039	418	a:	a	linguistic	all	Language=NO_ISO_CODE	_	0x1	_	_	_
418-3	PSB039	418	small	small	linguistic	all	Language=NO_ISO_CODE	_	_	_	_	_
418-4	PSB039	418	ci[ty]	city	linguistic	all	Language=NO_ISO_CODE	End=878.84	_	_	_	_
420-0	PSB005	420	[ah	ah	linguistic	none	_	Begin=878.62	_	_	_	0-2(70)
420-1	PSB005	420	okay]	okay	linguistic	none	_	_	_	_	_	0-4(70)
420-2	PSB005	420	e	e	linguistic	none	_	_	_	_	_	_
420-3	PSB005	420	anche	anche	linguistic	none	_	_	_	_	_	_
420-4	PSB005	420	in	in	linguistic	none	_	_	_	_	_	_
420-5	PSB005	420	una	una	linguistic	none	_	_	_	_	_	_
420-6	PSB005	420	città	città	linguistic	none	_	_	_	_	_	_
420-7	PSB005	420	piccola	piccola	linguistic	none	_	_	_	_	_	_
420-8	PSB005	420	ci	ci	linguistic	none	_	_	_	_	_	_
420-9	PSB005	420	sono	sono	linguistic	none	_	_	_	_	_	_
420-10	PSB005	420	i	i	linguistic	none	_	_	_	_	_	_
420-11	PSB005	420	i	i	linguistic	none	_	_	_	_	_	_
420-12	PSB005	420	negozi	negozi	linguistic	none	_	_	_	_	_	_
420-13	PSB005	420	che:	che	linguistic	none	_	End=882.37	2x1	_	_	_
421-0	PSB039	421	sì	sì	linguistic	none	_	Begin=882.97|End=883.23	_	_	_	_
422-0	PSB005	422	apro~	apro~	linguistic	none	Interrupted=Yes	Begin=883.23	_	_	_	_
422-1	PSB005	422	sono	sono	linguistic	none	_	_	_	_	_	_
422-2	PSB005	422	aperti	aperti	linguistic	none	_	_	_	_	_	_
422-3	PSB005	422	fino	fino	linguistic	none	_	_	_	_	_	_
422-4	PSB005	422	a	a	linguistic	none	_	_	_	_	_	_
422-5	PSB005	422	t[ardi]	tardi	linguistic	none	_	End=885.04	_	_	_	1-5(71)
423-0	PSB039	423	[sì]	sì	linguistic	none	_	Begin=884.66|End=885.05	_	_	_	0-2(71)
424-0	PSB005	424	°ah	ah	linguistic	none	Volume=low	Begin=885.28	_	_	_	_
424-1	PSB005	424	vedi	vedi	linguistic	none	Volume=low	_	_	_	_	_
424-2	PSB005	424	(ah)°	ah	linguistic	none	Volume=low	End=886.14	_	_	0-2(0)	_
425-0	PSB005	425	{ride}	{ride}	nonverbalbehavior	none	_	Begin=886.34	_	_	_	_
425-1	PSB005	425	qui	qui	linguistic	none	_	_	_	_	_	_
425-2	PSB005	425	no	no	linguistic	none	_	_	_	_	_	_
425-3	PSB005	425	{P}	{P}	shortpause	none	_	_	_	_	_	_
425-4	PSB005	425	decisamente	decisamente	linguistic	none	_	_	_	_	_	_
425-5	PSB005	425	no	no	linguistic	none	_	End=890.07	_	_	_	_
426-0	PSB005	426	okay	okay	linguistic	none	_	Begin=890.2	_	_	_	_
426-1	PSB005	426	{P}	{P}	shortpause	none	_	_	_	_	_	_
426-2	PSB005	426	okay	okay	linguistic	none	_	_	_	_	_	_
426-3	PSB005	426	okay	okay	linguistic	none	_	End=892.02	_	_	_	_
427-0	PSB005	427	°vediamo°	vediamo	linguistic	none	Volume=low	Begin=894.32|End=895.149	_	_	_	_
428-0	PSB005	428	ah	ah	linguistic	none	_	Begin=897.22	_	_	_	_
428-1	PSB005	428	ma	ma	linguistic	none	_	_	_	_	_	_
428-2	PSB005	428	hai	hai	linguistic	none	_	_	_	_	_	_
428-3	PSB005	428	viaggiato	viaggiato	linguistic	none	_	_	_	_	_	_
428-4	PSB005	428	in	in	linguistic	none	_	_	_	_	_	_
428-5	PSB005	428	italia?	italia	linguistic	none	Intonation=rising	End=899.09	_	_	_	_
429-0	PSB039	429	e::hm	ehm	linguistic	none	_	Begin=900.01	0x2	_	_	_
429-1	PSB039	429	e:hm	ehm	linguistic	none	_	_	0x1	_	_	_
429-2	PSB039	429	mi	mi	linguistic	none	_	_	_	_	_	_
429-3	PSB039	429	sempre	sempre	linguistic	none	_	_	_	_	_	_
429-4	PSB039	429	sbaglio	sbaglio	linguistic	none	_	_	_	_	_	_
429-5	PSB039	429	ravenna	ravenna	linguistic	none	_	_	_	_	_	_
429-6	PSB039	429	secondo	secondo	linguistic	none	_	_	_	_	_	_
429-7	PSB039	429	me	me	linguistic	none	_	_	_	_	_	_
429-8	PSB039	429	dove	dove	linguistic	none	_	_	_	_	_	_
429-9	PSB039	429	dove	dove	linguistic	none	_	_	_	_	_	_
429-10	PSB039	429	c'	c'	linguistic	none	SpaceAfter=No	_	_	_	_	_
429-11	PSB039	429	è	è	linguistic	none	_	_	_	_	_	_
429-12	PSB039	429	montagne	montagne	linguistic	none	_	_	_	_	_	_
429-13	PSB039	429	{P}	{P}	shortpause	none	_	_	_	_	_	_
429-14	PSB039	429	o	o	linguistic	none	_	_	_	_	_	_
429-15	PSB039	429	verona:	verona	linguistic	none	_	End=906.75	5x1	_	_	_
430-0	PSB005	430	vero[na	verona	linguistic	none	_	Begin=906.85	_	_	_	4-6(72)
430-1	PSB005	430	verona	verona	linguistic	none	_	_	_	_	_	0-6(72)
430-2	PSB005	430	sì]	sì	linguistic	none	_	End=908.25	_	_	_	0-2(72)
431-0	PSB039	431	[verona	verona	linguistic	none	_	Begin=907.19	_	_	_	0-6(72)
431-1	PSB039	431	verona	verona	linguistic	none	_	_	_	_	_	0-6(72)
431-2	PSB039	431	mi	mi	linguistic	none	_	_	_	_	_	0-2(72)
431-3	PSB039	431	s]empre	sempre	linguistic	none	_	_	_	_	_	0-1(72)
431-4	PSB039	431	s~	s~	linguistic	none	Interrupted=Yes	_	_	_	_	_
431-5	PSB039	431	mi	mi	linguistic	none	_	_	_	_	_	_
431-6	PSB039	431	sbaglio	sbaglio	linguistic	none	_	_	_	_	_	_
431-7	PSB039	431	sempre	sempre	linguistic	none	_	End=910.0	_	_	_	_
432-0	PSB039	432	venezia::	venezia	linguistic	none	_	Begin=910.58	6x2	_	_	_
432-1	PSB039	432	e:	e	linguistic	none	_	_	0x1	_	_	_
432-2	PSB039	432	{P}	{P}	shortpause	none	_	_	_	_	_	_
432-3	PSB039	432	e	e	linguistic	none	_	_	_	_	_	_
432-4	PSB039	432	bologna	bologna	linguistic	none	_	End=913.15	_	_	_	_
433-0	PSB005	433	mhmh	mhmh	linguistic	none	_	Begin=913.18|End=913.56	_	_	_	_
434-0	PSB005	434	e	e	linguistic	none	_	Begin=913.64	_	_	_	_
434-1	PSB005	434	ti	ti	linguistic	none	_	_	_	_	_	_
434-2	PSB005	434	son	son	linguistic	none	_	_	_	_	_	_
434-3	PSB005	434	piaciute::	piaciute	linguistic	none	_	End=914.947	7x2	_	_	_
435-0	PSB005	435	hai	hai	linguistic	none	_	Begin=914.953	_	_	_	_
435-1	PSB005	435	detto	detto	linguistic	none	_	_	_	_	_	_
435-2	PSB005	435	già	già	linguistic	none	_	_	_	_	_	_
435-3	PSB005	435	venezia	venezia	linguistic	none	_	_	_	_	_	_
435-4	PSB005	435	mi	mi	linguistic	none	_	_	_	_	_	_
435-5	PSB005	435	hai	hai	linguistic	none	_	_	_	_	_	_
435-6	PSB005	435	[detto	detto	linguistic	none	_	_	_	_	_	0-5(73)
435-7	PSB005	435	che	che	linguistic	none	_	_	_	_	_	0-3(73)
435-8	PSB005	435	ti	ti	linguistic	none	_	_	_	_	_	0-2(73)
435-9	PSB005	435	è	è	linguistic	none	_	_	_	_	_	0-1(73)
435-10	PSB005	435	piaciuta:]	piaciuta	linguistic	none	_	End=917.33	7x1	_	_	0-8(73)
436-0	PSB039	436	[venezia	venezia	linguistic	none	_	Begin=915.99	_	_	_	0-7(73)
436-1	PSB039	436	sì::]	sì	linguistic	none	_	End=917.16	1x2	_	_	0-2(73)
437-0	PSB039	437	anche	anche	linguistic	none	_	Begin=917.82	_	_	_	_
437-1	PSB039	437	ravenna	ravenna	linguistic	none	_	_	_	_	_	_
437-2	PSB039	437	è::	è	linguistic	none	_	_	0x2	_	_	_
437-3	PSB039	437	molto	molto	linguistic	none	_	_	_	_	_	_
437-4	PSB039	437	bella	bella	linguistic	none	_	_	_	_	_	_
437-5	PSB039	437	città	città	linguistic	none	_	_	_	_	_	_
437-6	PSB039	437	però:	però	linguistic	none	_	_	3x1	_	_	_
437-7	PSB039	437	sono	sono	linguistic	none	_	_	_	_	_	_
437-8	PSB039	437	stato	stato	linguistic	none	_	_	_	_	_	_
437-9	PSB039	437	solo	solo	linguistic	none	_	_	_	_	_	_
437-10	PSB039	437	in	in	linguistic	none	_	_	_	_	_	_
437-11	PSB039	437	montagna	montagna	linguistic	none	_	_	_	_	_	_
437-12	PSB039	437	quindi:	quindi	linguistic	none	_	End=923.13	5x1	_	_	_
438-0	PSB039	438	non	non	linguistic	none	_	Begin=924.03	_	_	_	_
438-1	PSB039	438	ho	ho	linguistic	none	_	_	_	_	_	_
438-2	PSB039	438	visto	visto	linguistic	none	_	_	_	_	_	_
438-3	PSB039	438	la	la	linguistic	none	_	_	_	_	_	_
438-4	PSB039	438	città	città	linguistic	none	_	End=925.1	_	_	_	_
439-0	PSB005	439	mhmh	mhmh	linguistic	none	_	Begin=925.14	_	_	_	_
439-1	PSB005	439	beh	beh	linguistic	none	_	_	_	_	_	_
439-2	PSB005	439	però	però	linguistic	none	_	_	_	_	_	_
439-3	PSB005	439	le	le	linguistic	none	_	_	_	_	_	_
439-4	PSB005	439	montagne	montagne	linguistic	none	_	_	_	_	_	_
439-5	PSB005	439	[sono	sono	linguistic	none	_	_	_	_	_	0-4(74)
439-6	PSB005	439	belle:]	belle	linguistic	none	_	End=927.36	4x1	_	_	0-5(74)
440-0	PSB039	440	[sì]	sì	linguistic	none	_	Begin=926.75	_	_	_	0-2(74)
440-1	PSB039	440	{P}	{P}	shortpause	none	_	_	_	_	_	_
440-2	PSB039	440	sì	sì	linguistic	none	_	_	_	_	_	_
440-3	PSB039	440	molto	molto	linguistic	none	_	End=928.07	_	_	_	_
441-0	PSB005	441	ti	ti	linguistic	none	_	Begin=928.11	_	_	_	_
441-1	PSB005	441	piace	piace	linguistic	none	_	_	_	_	_	_
441-2	PSB005	441	la	la	linguistic	none	_	_	_	_	_	_
441-3	PSB005	441	montagn[a]?	montagna	linguistic	none	Intonation=rising	End=929.43	_	_	_	7-8(75)
442-0	PSB039	442	[sì]	sì	linguistic	none	_	Begin=929.24|End=929.59	_	_	_	0-2(75)
443-0	PSB005	443	preferisci	preferisci	linguistic	none	_	Begin=930.16	_	_	_	_
443-1	PSB005	443	la	la	linguistic	none	_	_	_	_	_	_
443-2	PSB005	443	spiaggia:	spiaggia	linguistic	none	_	_	7x1	_	_	_
443-3	PSB005	443	o	o	linguistic	none	_	_	_	_	_	_
443-4	PSB005	443	il	il	linguistic	none	_	_	_	_	_	_
443-5	PSB005	443	mare	mare	linguistic	none	_	_	_	_	_	_
443-6	PSB005	443	o	o	linguistic	none	_	_	_	_	_	_
443-7	PSB005	443	la	la	linguistic	none	_	_	_	_	_	_
443-8	PSB005	443	montagna?	montagna	linguistic	none	Intonation=rising	End=933.28	_	_	_	_
444-0	PSB005	444	per	per	linguistic	none	_	Begin=933.36	_	_	_	_
444-1	PSB005	444	vacanza?	vacanza	linguistic	none	Intonation=rising	End=934.28	_	_	_	_
445-0	PSB039	445	m::::h	mh	linguistic	none	_	Begin=934.84|End=935.85	0x4	_	_	_
446-0	PSB039	446	dipende:	dipende	linguistic	some	_	Begin=936.54	6x1	_	_	_
446-1	PSB039	446	#how	how	linguistic	some	Language=NO_ISO_CODE	_	_	_	_	_
446-2	PSB039	446	#many	many	linguistic	some	Language=NO_ISO_CODE	_	_	_	_	_
446-3	PSB039	446	#time	time	linguistic	some	Language=NO_ISO_CODE	_	_	_	_	_
446-4	PSB039	446	{P}	{P}	shortpause	some	_	_	_	_	_	_
446-5	PSB039	446	[#you	you	linguistic	some	Language=NO_ISO_CODE	_	_	_	_	0-4(76)
446-6	PSB039	446	#have	have	linguistic	some	Language=NO_ISO_CODE	_	_	_	_	0-5(76)
446-7	PSB039	446	#t]o	to	linguistic	some	Language=NO_ISO_CODE	_	_	_	_	0-2(76)
446-8	PSB039	446	#spend	spend	linguistic	some	Language=NO_ISO_CODE	End=939.88	_	_	_	_
448-0	PSB005	448	[mh]	mh	linguistic	none	_	Begin=938.82|End=939.34	_	_	_	0-2(76)
449-0	PSB005	449	mhmh	mhmh	linguistic	none	_	Begin=939.92|End=940.34	_	_	_	_
450-0	PSB039	450	e:hm	ehm	linguistic	all	Language=NO_ISO_CODE	Begin=940.89	0x1	_	_	_
450-1	PSB039	450	if	if	linguistic	all	Language=NO_ISO_CODE	_	_	_	_	_
450-2	PSB039	450	it'	it'	linguistic	all	SpaceAfter=No|Language=NO_ISO_CODE	_	_	_	_	_
450-3	PSB039	450	s	s	linguistic	all	Language=NO_ISO_CODE	_	_	_	_	_
450-4	PSB039	450	a	a	linguistic	all	Language=NO_ISO_CODE	_	_	_	_	_
450-5	PSB039	450	bit	bit	linguistic	all	Language=NO_ISO_CODE	_	_	_	_	_
450-6	PSB039	450	e:hm	ehm	linguistic	all	Language=NO_ISO_CODE	_	0x1	_	_	_
450-7	PSB039	450	(.)	.	linguistic	all	Language=NO_ISO_CODE	_	_	_	_	_
450-8	PSB039	450	larger	larger	linguistic	all	Language=NO_ISO_CODE	_	_	_	_	_
450-9	PSB039	450	period(s)	periods	linguistic	all	Language=NO_ISO_CODE	_	_	_	_	_
450-10	PSB039	450	of	of	linguistic	all	Language=NO_ISO_CODE	_	_	_	_	_
450-11	PSB039	450	time	time	linguistic	all	Language=NO_ISO_CODE	End=946.25	_	_	_	_
452-0	PSB039	452	e:hm	ehm	linguistic	none	_	Begin=946.85	0x1	_	_	_
452-1	PSB039	452	montagne	montagne	linguistic	none	_	End=948.23	_	_	_	_
453-0	PSB039	453	se:	se	linguistic	some	_	Begin=948.66	1x1	_	_	_
453-1	PSB039	453	{P}	{P}	shortpause	some	_	_	_	_	_	_
453-2	PSB039	453	#shorter	shorter	linguistic	some	Language=NO_ISO_CODE	_	_	_	_	_
453-3	PSB039	453	{P}[]	{P}	shortpause	some	_	_	_	_	_	0-3(77)
453-4	PSB039	453	e:hm	ehm	linguistic	some	_	_	0x1	_	_	_
453-5	PSB039	453	#then:	then	linguistic	some	Language=NO_ISO_CODE	_	3x1	_	_	_
453-6	PSB039	453	{P}	{P}	shortpause	some	_	_	_	_	_	_
453-7	PSB039	453	e:hm	ehm	linguistic	some	_	_	0x1	_	_	_
453-8	PSB039	453	spiagg(e)	spiagge	linguistic	some	_	End=954.33	_	_	6-7(0)	_
455-0	PSB005	455	[mhmh]	mhmh	linguistic	none	_	Begin=950.46|End=951.09	_	_	_	0-4(77)
456-0	PSB039	456	°[(eh)	eh	linguistic	none	Volume=low	Begin=954.35	_	_	0-2(0)	0-2(78)
456-1	PSB039	456	il	il	linguistic	none	Volume=low	_	_	_	_	0-2(78)
456-2	PSB039	456	mare	mare	linguistic	none	Volume=low	_	_	_	_	0-4(78)
456-3	PSB039	456	s]ì°	sì	linguistic	none	Volume=low	End=955.64	_	_	_	0-1(78)
457-0	PSB005	457	[spiaggia	spiaggia	linguistic	none	_	Begin=954.35	_	_	_	0-8(78)
457-1	PSB005	457	okay]	okay	linguistic	none	_	End=955.4	_	_	_	0-4(78)
458-0	PSB005	458	ah	ah	linguistic	none	_	Begin=956.98	_	_	_	_
458-1	PSB005	458	io	io	linguistic	none	_	_	_	_	_	_
458-2	PSB005	458	non	non	linguistic	none	_	_	_	_	_	_
458-3	PSB005	458	lo	lo	linguistic	none	_	_	_	_	_	_
458-4	PSB005	458	so:	so	linguistic	none	_	End=957.86	1x1	_	_	_
459-0	PSB005	459	e:h	eh	linguistic	none	_	Begin=959.33	0x1	_	_	_
459-1	PSB005	459	non	non	linguistic	none	_	_	_	_	_	_
459-2	PSB005	459	so	so	linguistic	none	_	_	_	_	_	_
459-3	PSB005	459	decidere	decidere	linguistic	none	_	End=961.0	_	_	_	_
460-0	PSB039	460	mh[mh]	mhmh	linguistic	none	_	Begin=961.03|End=961.45	_	_	_	2-4(79)
461-0	PSB005	461	[non	non	linguistic	none	_	Begin=961.23	_	_	_	0-3(79)
461-1	PSB005	461	ries]co	riesco	linguistic	none	_	_	_	_	_	0-4(79)
461-2	PSB005	461	a	a	linguistic	none	_	_	_	_	_	_
461-3	PSB005	461	<decidere>	decidere	linguistic	none	_	_	_	Slow=0-8(0)	_	_
461-4	PSB005	461	le	le	linguistic	none	_	_	_	_	_	_
461-5	PSB005	461	spiagge	spiagge	linguistic	none	_	_	_	_	_	_
461-6	PSB005	461	qui	qui	linguistic	none	_	_	_	_	_	_
461-7	PSB005	461	vicino:	vicino	linguistic	none	_	_	5x1	_	_	_
461-8	PSB005	461	a	a	linguistic	none	_	_	_	_	_	_
461-9	PSB005	461	bologna	bologna	linguistic	none	_	_	_	_	_	_
461-10	PSB005	461	non	non	linguistic	none	_	_	_	_	_	_
461-11	PSB005	461	sono	sono	linguistic	none	_	_	_	_	_	_
461-12	PSB005	461	molto	molto	linguistic	none	_	_	_	_	_	_
461-13	PSB005	461	belle	belle	linguistic	none	_	End=965.28	_	_	_	_
462-0	PSB005	462	non	non	linguistic	none	_	Begin=965.85	_	_	_	_
462-1	PSB005	462	so	so	linguistic	none	_	_	_	_	_	_
462-2	PSB005	462	se	se	linguistic	none	_	_	_	_	_	_
462-3	PSB005	462	ci	ci	linguistic	none	_	_	_	_	_	_
462-4	PSB005	462	sei	sei	linguistic	none	_	_	_	_	_	_
462-5	PSB005	462	stato	stato	linguistic	none	_	_	_	_	_	_
462-6	PSB005	462	a	a	linguistic	none	_	_	_	_	_	_
462-7	PSB005	462	rimin[i:]?	rimini	linguistic	none	Intonation=rising	End=967.56	5x1	_	_	5-6(80)
463-0	PSB039	463	[e::h]m	ehm	linguistic	none	_	Begin=967.46	0x2	_	_	0-2(80)
463-1	PSB039	463	sì	sì	linguistic	none	_	_	_	_	_	_
463-2	PSB039	463	sono	sono	linguistic	none	_	_	_	_	_	_
463-3	PSB039	463	stato	stato	linguistic	none	_	_	_	_	_	_
463-4	PSB039	463	a	a	linguistic	none	_	_	_	_	_	_
463-5	PSB039	463	rimini	rimini	linguistic	none	_	End=969.292	_	_	_	_
464-0	PSB039	464	non	non	linguistic	none	_	Begin=971.15	_	_	_	_
464-1	PSB039	464	so	so	linguistic	none	_	_	_	_	_	_
464-2	PSB039	464	m:h	mh	linguistic	none	_	_	0x1	_	_	_
464-3	PSB039	464	magari	magari	linguistic	none	_	_	_	_	_	_
464-4	PSB039	464	sul:	sul	linguistic	none	_	_	2x1	_	_	_
464-5	PSB039	464	{P}	{P}	shortpause	none	_	_	_	_	_	_
464-6	PSB039	464	sud	sud	linguistic	none	_	_	_	_	_	_
464-7	PSB039	464	{P}	{P}	shortpause	none	_	_	_	_	_	_
464-8	PSB039	464	è	è	linguistic	none	_	_	_	_	_	_
464-9	PSB039	464	più	più	linguistic	none	_	_	_	_	_	_
464-10	PSB039	464	bello	bello	linguistic	none	_	_	_	_	_	_
464-11	PSB039	464	non	non	linguistic	none	_	_	_	_	_	_
464-12	PSB039	464	lo	lo	linguistic	none	_	_	_	_	_	_
464-13	PSB039	464	so	so	linguistic	none	_	_	_	_	_	_
464-14	PSB039	464	{P}	{P}	shortpause	none	_	_	_	_	_	_
464-15	PSB039	464	non	non	linguistic	none	_	_	_	_	_	_
464-16	PSB039	464	[sono	sono	linguistic	none	_	_	_	_	_	0-4(81)
464-17	PSB039	464	sta]to	stato	linguistic	none	_	End=977.7	_	_	_	0-3(81)
465-0	PSB005	465	°[sì]°	sì	linguistic	none	Volume=low	Begin=976.99|End=977.44	_	_	_	0-2(81)
466-0	PSB005	466	sì	sì	linguistic	none	_	Begin=977.77	_	_	_	_
466-1	PSB005	466	sì	sì	linguistic	none	_	End=978.34	_	_	_	_
467-0	PSB005	467	adesso	adesso	linguistic	none	_	Begin=978.9	_	_	_	_
467-1	PSB005	467	magari:	magari	linguistic	none	_	_	5x1	_	_	_
467-2	PSB005	467	{P}	{P}	shortpause	none	_	_	_	_	_	_
467-3	PSB005	467	avrai:	avrai	linguistic	none	_	_	4x1	_	_	_
467-4	PSB005	467	occa[sione	occasione	linguistic	none	_	_	_	_	_	4-9(82)
467-5	PSB005	467	di]	di	linguistic	none	_	_	_	_	_	0-2(82)
467-6	PSB005	467	andarci	andarci	linguistic	none	_	_	_	_	_	_
467-7	PSB005	467	sì	sì	linguistic	none	_	_	_	_	_	_
467-8	PSB005	467	nel	nel	linguistic	none	_	_	_	_	_	_
467-9	PSB005	467	sud	sud	linguistic	none	_	_	_	_	_	_
467-10	PSB005	467	sono	sono	linguistic	none	_	_	_	_	_	_
467-11	PSB005	467	molto	molto	linguistic	none	_	_	_	_	_	_
467-12	PSB005	467	più	più	linguistic	none	_	_	_	_	_	_
467-13	PSB005	467	belle	belle	linguistic	none	_	End=985.04	_	_	_	_
468-0	PSB039	468	[mhmh]	mhmh	linguistic	none	_	Begin=982.266|End=982.84	_	_	_	0-4(82)
469-0	PSB005	469	e	e	linguistic	none	_	Begin=985.48	_	_	_	_
469-1	PSB005	469	qui:	qui	linguistic	none	_	_	2x1	_	_	_
469-2	PSB005	469	sei	sei	linguistic	none	_	_	_	_	_	_
469-3	PSB005	469	stato	stato	linguistic	none	_	_	_	_	_	_
469-4	PSB005	469	anche	anche	linguistic	none	_	_	_	_	_	_
469-5	PSB005	469	l'	l'	linguistic	none	SpaceAfter=No	_	_	_	_	_
469-6	PSB005	469	estate	estate	linguistic	none	_	_	_	_	_	_
469-7	PSB005	469	scorsa	scorsa	linguistic	none	_	_	_	_	_	_
469-8	PSB005	469	eri	eri	linguistic	none	_	_	_	_	_	_
469-9	PSB005	469	qui,	qui	linguistic	none	Intonation=weakly_rising	_	_	_	_	_
469-10	PSB005	469	hai	hai	linguistic	none	_	_	_	_	_	_
469-11	PSB005	469	sofferto	sofferto	linguistic	none	_	_	_	_	_	_
469-12	PSB005	469	molto	molto	linguistic	none	_	_	_	_	_	_
469-13	PSB005	469	il	il	linguistic	none	_	_	_	_	_	_
469-14	PSB005	469	caldo?	caldo	linguistic	none	Intonation=rising	End=990.18	_	_	_	_
470-0	PSB039	470	m::h	mh	linguistic	none	_	Begin=991.29|End=991.98	0x2	_	_	_
471-0	PSB005	471	a	a	linguistic	none	_	Begin=992.0	_	_	_	_
471-1	PSB005	471	bologna	bologna	linguistic	none	_	_	_	_	_	_
471-2	PSB005	471	fa	fa	linguistic	none	_	_	_	_	_	_
471-3	PSB005	471	molto	molto	linguistic	none	_	_	_	_	_	_
471-4	PSB005	471	caldo	caldo	linguistic	none	_	_	_	_	_	_
471-5	PSB005	471	d'	d'	linguistic	none	SpaceAfter=No	_	_	_	_	_
471-6	PSB005	471	estate	estate	linguistic	none	_	End=994.05	_	_	_	_
472-0	PSB039	472	e:hm	ehm	linguistic	none	_	Begin=994.41	0x1	_	_	_
472-1	PSB039	472	{P}	{P}	shortpause	none	_	_	_	_	_	_
472-2	PSB039	472	m:h	mh	linguistic	none	_	_	0x1	_	_	_
472-3	PSB039	472	{P}	{P}	shortpause	none	_	_	_	_	_	_
472-4	PSB039	472	sì	sì	linguistic	none	_	_	_	_	_	_
472-5	PSB039	472	sì	sì	linguistic	none	_	End=997.22	_	_	_	_
473-0	PSB039	473	na~	na~	linguistic	none	Interrupted=Yes	Begin=998.13	_	_	_	_
473-1	PSB039	473	non	non	linguistic	none	_	_	_	_	_	_
473-2	PSB039	473	è	è	linguistic	none	_	_	_	_	_	_
473-3	PSB039	473	e:hm	ehm	linguistic	none	_	_	0x1	_	_	_
473-4	PSB039	473	una	una	linguistic	none	_	_	_	_	_	_
473-5	PSB039	473	grande	grande	linguistic	none	_	_	_	_	_	_
473-6	PSB039	473	$difrezione	difrezione	linguistic	none	Orthography=Yes	_	_	_	_	_
473-7	PSB039	473	però::	però	linguistic	none	_	End=1001.94	3x2	_	_	_
474-0	PSB039	474	però:	però	linguistic	some	_	Begin=1003.05	3x1	_	_	_
474-1	PSB039	474	vostra:	vostra	linguistic	some	_	_	5x1	_	_	_
474-2	PSB039	474	{P}	{P}	shortpause	some	_	_	_	_	_	_
474-3	PSB039	474	#area	area	linguistic	some	Language=NO_ISO_CODE	End=1006.46	_	_	_	_
475-0	PSB005	475	mhmh	mhmh	linguistic	none	_	Begin=1006.48|End=1006.92	_	_	_	_
476-0	PSB039	476	e:hm	ehm	linguistic	none	_	Begin=1007.04	0x1	_	_	_
476-1	PSB039	476	{P}	{P}	shortpause	none	_	_	_	_	_	_
476-2	PSB039	476	è	è	linguistic	none	_	_	_	_	_	_
476-3	PSB039	476	caldo	caldo	linguistic	none	_	_	_	_	_	_
476-4	PSB039	476	nostra	nostra	linguistic	none	_	_	_	_	_	_
476-5	PSB039	476	s~	s~	linguistic	none	Interrupted=Yes	_	_	_	_	_
476-6	PSB039	476	no~	no~	linguistic	none	Interrupted=Yes	_	_	_	_	_
476-7	PSB039	476	anche	anche	linguistic	none	_	_	_	_	_	_
476-8	PSB039	476	se	se	linguistic	none	_	_	_	_	_	_
476-9	PSB039	476	noi	noi	linguistic	none	_	_	_	_	_	_
476-10	PSB039	476	abbiamo:	abbiamo	linguistic	none	_	_	6x1	_	_	_
476-11	PSB039	476	tipo:	tipo	linguistic	none	_	_	3x1	_	_	_
476-12	PSB039	476	trentatré	trentatré	linguistic	none	_	_	_	_	_	_
476-13	PSB039	476	trentaquattro	trentaquattro	linguistic	none	_	_	_	_	_	_
476-14	PSB039	476	gradi	gradi	linguistic	none	_	_	_	_	_	_
476-15	PSB039	476	e:hm	ehm	linguistic	none	_	_	0x1	_	_	_
476-16	PSB039	476	non	non	linguistic	none	_	_	_	_	_	_
476-17	PSB039	476	è	è	linguistic	none	_	_	_	_	_	_
476-18	PSB039	476	così	così	linguistic	none	_	_	_	_	_	_
476-19	PSB039	476	come:	come	linguistic	none	_	_	3x1	_	_	_
476-20	PSB039	476	come	come	linguistic	none	_	_	_	_	_	_
476-21	PSB039	476	qua	qua	linguistic	none	_	End=1015.96	_	_	_	_
477-0	PSB005	477	forse	forse	linguistic	none	_	Begin=1016.01	_	_	_	_
477-1	PSB005	477	è	è	linguistic	none	_	_	_	_	_	_
477-2	PSB005	477	l'	l'	linguistic	none	SpaceAfter=No	_	_	_	_	_
477-3	PSB005	477	umidità	umidità	linguistic	none	_	End=1017.05	_	_	_	_
478-0	PSB039	478	mhmh	mhmh	linguistic	none	_	Begin=1017.19|End=1017.75	_	_	_	_
479-0	PSB005	479	°non	non	linguistic	none	Volume=low	Begin=1017.81	_	_	_	_
479-1	PSB005	479	lo	lo	linguistic	none	Volume=low	_	_	_	_	_
479-2	PSB005	479	so°	so	linguistic	none	Volume=low	End=1018.54	_	_	_	_
480-0	PSB005	480	quindi	quindi	linguistic	none	_	Begin=1018.77	_	_	_	_
480-1	PSB005	480	in	in	linguistic	none	_	_	_	_	_	_
480-2	PSB005	480	ucraina	ucraina	linguistic	none	_	_	_	_	_	_
480-3	PSB005	480	fa	fa	linguistic	none	_	_	_	_	_	_
480-4	PSB005	480	caldo	caldo	linguistic	none	_	_	_	_	_	_
480-5	PSB005	480	d'	d'	linguistic	none	SpaceAfter=No	_	_	_	_	_
480-6	PSB005	480	estate	estate	linguistic	none	_	_	_	_	_	_
480-7	PSB005	480	non	non	linguistic	none	_	_	_	_	_	_
480-8	PSB005	480	è	è	linguistic	none	_	_	_	_	_	_
480-9	PSB005	480	freddo,	freddo	linguistic	none	Intonation=weakly_rising	End=1021.49	_	_	_	_
481-0	PSB039	481	eh	eh	linguistic	none	_	Begin=1021.95	_	_	_	_
481-1	PSB039	481	sì	sì	linguistic	none	_	_	_	_	_	_
481-2	PSB039	481	(è)	è	linguistic	none	_	_	_	_	0-1(0)	_
481-3	PSB039	481	caldo	caldo	linguistic	none	_	End=1022.96	_	_	_	_
482-0	PSB005	482	è	è	linguistic	none	_	Begin=1023.22	_	_	_	_
482-1	PSB005	482	caldo?	caldo	linguistic	none	Intonation=rising	End=1023.93	_	_	_	_
483-0	PSB039	483	sì	sì	linguistic	none	_	Begin=1024.349	_	_	_	_
483-1	PSB039	483	piove	piove	linguistic	none	_	End=1025.329	_	_	_	_
484-0	PSB005	484	mhmh	mhmh	linguistic	none	_	Begin=1025.7|End=1026.04	_	_	_	_
485-0	PSB039	485	quasi	quasi	linguistic	none	_	Begin=1026.119	_	_	_	_
485-1	PSB039	485	sempre	sempre	linguistic	none	_	_	_	_	_	_
485-2	PSB039	485	però:	però	linguistic	none	_	_	3x1	_	_	_
485-3	PSB039	485	{P}	{P}	shortpause	none	_	_	_	_	_	_
485-4	PSB039	485	in	in	linguistic	none	_	_	_	_	_	_
485-5	PSB039	485	generale	generale	linguistic	none	_	_	_	_	_	_
485-6	PSB039	485	cald(o)	caldo	linguistic	none	_	End=1029.06	_	_	4-5(0)	_
486-0	PSB005	486	<mhmhmh>	mhmhmh	linguistic	none	_	Begin=1030.0|End=1030.79	_	Slow=0-6(0)	_	_
487-0	PSB005	487	con:	con	linguistic	none	_	Begin=1030.93	2x1	_	_	_
487-1	PSB005	487	le	le	linguistic	none	_	_	_	_	_	_
487-2	PSB005	487	persone	persone	linguistic	none	_	_	_	_	_	_
487-3	PSB005	487	italiane:	italiane	linguistic	none	_	End=1032.9	7x1	_	_	_
488-0	PSB005	488	ti	ti	linguistic	none	_	Begin=1034.03	_	_	_	_
488-1	PSB005	488	sei	sei	linguistic	none	_	_	_	_	_	_
488-2	PSB005	488	trovato	trovato	linguistic	none	_	_	_	_	_	_
488-3	PSB005	488	bene:	bene	linguistic	none	_	_	3x1	_	_	_
488-4	PSB005	488	o:	o	linguistic	none	_	_	0x1	_	_	_
488-5	PSB005	488	hai	hai	linguistic	none	_	_	_	_	_	_
488-6	PSB005	488	notato	notato	linguistic	none	_	_	_	_	_	_
488-7	PSB005	488	molte	molte	linguistic	none	_	_	_	_	_	_
488-8	PSB005	488	differenze?	differenze	linguistic	none	Intonation=rising	End=1037.47	_	_	_	_
489-0	PSB039	489	sì	sì	linguistic	none	_	Begin=1038.24|End=1038.76	_	_	_	_
490-0	PSB039	490	e:hm	ehm	linguistic	none	_	Begin=1039.24|End=1040.06	0x1	_	_	_
491-0	PSB039	491	e:hm	ehm	linguistic	some	_	Begin=1040.359	0x1	_	_	_
491-1	PSB039	491	{P}	{P}	shortpause	some	_	_	_	_	_	_
491-2	PSB039	491	da	da	linguistic	some	_	_	_	_	_	_
491-3	PSB039	491	voi	voi	linguistic	some	_	_	_	_	_	_
491-4	PSB039	491	piace	piace	linguistic	some	_	_	_	_	_	_
491-5	PSB039	491	parlare:	parlare	linguistic	some	_	_	6x1	_	_	_
491-6	PSB039	491	e:hm	ehm	linguistic	some	_	_	0x1	_	_	_
491-7	PSB039	491	#about	about	linguistic	some	Language=NO_ISO_CODE	_	_	_	_	_
491-8	PSB039	491	#food	food	linguistic	some	Language=NO_ISO_CODE	_	_	_	_	_
491-9	PSB039	491	#how	how	linguistic	some	Language=NO_ISO_CODE	_	_	_	_	_
491-10	PSB039	491	#did	did	linguistic	some	Language=NO_ISO_CODE	_	_	_	_	_
491-12	PSB039	491	#you:	you	linguistic	some	_	_	2x1	_	_	_
491-13	PSB039	491	#how	how	linguistic	some	Language=NO_ISO_CODE	_	_	_	_	_
491-14	PSB039	491	#did	did	linguistic	some	Language=NO_ISO_CODE	_	_	_	_	_
491-15	PSB039	491	#you	you	linguistic	some	Language=NO_ISO_CODE	_	_	_	_	_
491-16	PSB039	491	#eat	eat	linguistic	some	Language=NO_ISO_CODE	_	_	_	_	_
491-17	PSB039	491	#today	today	linguistic	some	Language=NO_ISO_CODE	_	_	_	_	_
491-18	PSB039	491	#and	and	linguistic	some	Language=NO_ISO_CODE	_	_	_	_	_
491-19	PSB039	491	#stuff	stuff	linguistic	some	Language=NO_ISO_CODE	End=1048.06	_	_	_	_
493-0	PSB039	493	noi:	noi	linguistic	some	_	Begin=1048.6	2x1	_	_	_
493-1	PSB039	493	{P}	{P}	shortpause	some	_	_	_	_	_	_
493-2	PSB039	493	m:h	mh	linguistic	some	_	_	0x1	_	_	_
493-3	PSB039	493	non	non	linguistic	some	_	_	_	_	_	_
493-4	PSB039	493	{P}	{P}	shortpause	some	_	_	_	_	_	_
493-5	PSB039	493	#we	we	linguistic	some	Language=NO_ISO_CODE	_	_	_	_	_
493-6	PSB039	493	#we	we	linguistic	some	Language=NO_ISO_CODE	_	_	_	_	_
493-7	PSB039	493	#don'	don'	linguistic	some	SpaceAfter=No|Language=NO_ISO_CODE	_	_	_	_	_
493-8	PSB039	493	t	t	linguistic	some	_	_	_	_	_	_
493-9	PSB039	493	#talk	talk	linguistic	some	Language=NO_ISO_CODE	_	_	_	_	_
493-10	PSB039	493	#about	about	linguistic	some	Language=NO_ISO_CODE	_	_	_	_	_
493-11	PSB039	493	#it	it	linguistic	some	Language=NO_ISO_CODE	_	_	_	_	_
493-12	PSB039	493	#almost	almost	linguistic	some	Language=NO_ISO_CODE	_	_	_	_	_
493-13	PSB039	493	{P}	{P}	shortpause	some	_	_	_	_	_	_
493-14	PSB039	493	#almost	almost	linguistic	some	Language=NO_ISO_CODE	_	_	_	_	_
493-15	PSB039	493	#nothing	nothing	linguistic	some	Language=NO_ISO_CODE	End=1054.55	_	_	_	_
495-0	PSB005	495	{ride}	{ride}	nonverbalbehavior	none	_	Begin=1053.59|End=1055.66	_	_	_	_
496-0	PSB005	496	sai	sai	linguistic	none	_	Begin=1055.92	_	_	_	_
496-1	PSB005	496	perché	perché	linguistic	none	_	_	_	_	_	_
496-2	PSB005	496	rido?	rido	linguistic	none	Intonation=rising	_	_	_	_	_
496-3	PSB005	496	perché	perché	linguistic	none	_	_	_	_	_	_
496-4	PSB005	496	un'	un'	linguistic	none	SpaceAfter=No	_	_	_	_	_
496-5	PSB005	496	altra	altra	linguistic	none	_	_	_	_	_	_
496-6	PSB005	496	ragazza	ragazza	linguistic	none	_	_	_	_	_	_
496-7	PSB005	496	{P}	{P}	shortpause	none	_	_	_	_	_	_
496-8	PSB005	496	mi	mi	linguistic	none	_	_	_	_	_	_
496-9	PSB005	496	ha	ha	linguistic	none	_	_	_	_	_	_
496-10	PSB005	496	detto	detto	linguistic	none	_	_	_	_	_	_
496-11	PSB005	496	la	la	linguistic	none	_	_	_	_	_	_
496-12	PSB005	496	stessa	stessa	linguistic	none	_	_	_	_	_	_
496-13	PSB005	496	cosa	cosa	linguistic	none	_	_	_	_	_	_
496-14	PSB005	496	{ride}	{ride}	nonverbalbehavior	none	_	End=1061.83	_	_	_	_
497-0	PSB039	497	{ride}	{ride}	nonverbalbehavior	none	_	Begin=1059.44|End=1060.26	_	_	_	_
498-0	PSB005	498	ma	ma	linguistic	none	_	Begin=1061.83	_	_	_	_
498-1	PSB005	498	anche	anche	linguistic	none	_	_	_	_	_	_
498-2	PSB005	498	i	i	linguistic	none	_	_	_	_	_	_
498-3	PSB005	498	ragazzi	ragazzi	linguistic	none	_	_	_	_	_	_
498-4	PSB005	498	maschi	maschi	linguistic	none	_	_	_	_	_	_
498-5	PSB005	498	{P}	{P}	shortpause	none	_	_	_	_	_	_
498-6	PSB005	498	in	in	linguistic	none	_	_	_	_	_	_
498-7	PSB005	498	italia	italia	linguistic	none	_	_	_	_	_	_
498-8	PSB005	498	{P}	{P}	shortpause	none	_	_	_	_	_	_
498-9	PSB005	498	gli	gli	linguistic	none	_	_	_	_	_	_
498-10	PSB005	498	uomini	uomini	linguistic	none	_	_	_	_	_	_
498-11	PSB005	498	par[lano	parlano	linguistic	none	_	_	_	_	_	3-7(83)
498-12	PSB005	498	di	di	linguistic	none	_	_	_	_	_	0-2(83)
498-13	PSB005	498	ci]bo?	cibo	linguistic	none	Intonation=rising	End=1066.65	_	_	_	0-2(83)
499-0	PSB039	499	[mh]	mh	linguistic	none	_	Begin=1065.72|End=1066.24	_	_	_	0-2(83)
500-0	PSB005	500	o	o	linguistic	none	_	Begin=1067.15	_	_	_	_
500-1	PSB005	500	solo	solo	linguistic	none	_	_	_	_	_	_
500-2	PSB005	500	le	le	linguistic	none	_	_	_	_	_	_
500-3	PSB005	500	ragazze?	ragazze	linguistic	none	Intonation=rising	End=1068.25	_	_	_	_
501-0	PSB039	501	ah	ah	linguistic	none	_	Begin=1068.83	_	_	_	_
501-1	PSB039	501	io	io	linguistic	none	_	_	_	_	_	_
501-2	PSB039	501	non	non	linguistic	none	_	_	_	_	_	_
501-3	PSB039	501	lo	lo	linguistic	none	_	_	_	_	_	_
501-4	PSB039	501	io	io	linguistic	none	_	_	_	_	_	_
501-5	PSB039	501	non	non	linguistic	none	_	_	_	_	_	_
501-6	PSB039	501	lo	lo	linguistic	none	_	_	_	_	_	_
501-7	PSB039	501	so	so	linguistic	none	_	_	_	_	_	_
501-8	PSB039	501	e:hm	ehm	linguistic	none	_	End=1071.03	0x1	_	_	_
502-0	PSB039	502	so:	so	linguistic	none	_	Begin=1071.26	1x1	_	_	_
502-1	PSB039	502	solo:	solo	linguistic	none	_	_	3x1	_	_	_
502-2	PSB039	502	un	un	linguistic	none	_	_	_	_	_	_
502-3	PSB039	502	ragazzo	ragazzo	linguistic	none	_	_	_	_	_	_
502-4	PSB039	502	che:	che	linguistic	none	_	_	2x1	_	_	_
502-5	PSB039	502	che	che	linguistic	none	_	_	_	_	_	_
502-6	PSB039	502	è	è	linguistic	none	_	_	_	_	_	_
502-7	PSB039	502	italiano	italiano	linguistic	none	_	_	_	_	_	_
502-8	PSB039	502	e:	e	linguistic	none	_	_	0x1	_	_	_
502-9	PSB039	502	seconda	seconda	linguistic	none	_	_	_	_	_	_
502-10	PSB039	502	che	che	linguistic	none	_	_	_	_	_	_
502-11	PSB039	502	è	è	linguistic	none	_	_	_	_	_	_
502-12	PSB039	502	american(a)	americana	linguistic	none	_	_	_	_	8-9(0)	_
502-13	PSB039	502	e:	e	linguistic	none	_	End=1076.04	0x1	_	_	_
503-0	PSB039	503	e	e	linguistic	none	_	Begin=1076.6	_	_	_	_
503-1	PSB039	503	solo	solo	linguistic	none	_	_	_	_	_	_
503-2	PSB039	503	vive:	vive	linguistic	none	_	_	3x1	_	_	_
503-3	PSB039	503	{P}	{P}	shortpause	none	_	_	_	_	_	_
503-4	PSB039	503	e:hm	ehm	linguistic	none	_	_	0x1	_	_	_
503-5	PSB039	503	qua	qua	linguistic	none	_	_	_	_	_	_
503-6	PSB039	503	da	da	linguistic	none	_	_	_	_	_	_
503-7	PSB039	503	venti	venti	linguistic	none	_	_	_	_	_	_
503-8	PSB039	503	anni	anni	linguistic	none	_	End=1079.3	_	_	_	_
504-0	PSB039	504	e	e	linguistic	none	_	Begin=1079.38	_	_	_	_
504-1	PSB039	504	quindi:	quindi	linguistic	none	_	_	5x1	_	_	_
504-2	PSB039	504	quel	quel	linguistic	none	_	_	_	_	_	_
504-3	PSB039	504	ragazzo	ragazzo	linguistic	none	_	_	_	_	_	_
504-4	PSB039	504	no~	no~	linguistic	none	Interrupted=Yes	_	_	_	_	_
504-5	PSB039	504	lui:	lui	linguistic	none	_	_	2x1	_	_	_
504-6	PSB039	504	non	non	linguistic	none	_	_	_	_	_	_
504-7	PSB039	504	parla	parla	linguistic	none	_	_	_	_	_	_
504-8	PSB039	504	circa	circa	linguistic	none	_	_	_	_	_	_
504-9	PSB039	504	di:	di	linguistic	none	_	End=1083.03	1x1	_	_	_
505-0	PSB005	505	okay	okay	linguistic	none	_	Begin=1083.9	_	_	_	_
505-1	PSB005	505	{P}	{P}	shortpause	none	_	_	_	_	_	_
505-2	PSB005	505	okay	okay	linguistic	none	_	End=1085.54	_	_	_	_
506-0	PSB005	506	mi	mi	linguistic	none	_	Begin=1085.63	_	_	_	_
506-1	PSB005	506	ha	ha	linguistic	none	_	_	_	_	_	_
506-2	PSB005	506	f~	f~	linguistic	none	Interrupted=Yes	_	_	_	_	_
506-3	PSB005	506	mi	mi	linguistic	none	_	_	_	_	_	_
506-4	PSB005	506	fa	fa	linguistic	none	_	_	_	_	_	_
506-5	PSB005	506	ridere	ridere	linguistic	none	_	_	_	_	_	_
506-6	PSB005	506	questa	questa	linguistic	none	_	_	_	_	_	_
506-7	PSB005	506	cosa	cosa	linguistic	none	_	_	_	_	_	_
506-8	PSB005	506	gli	gli	linguistic	none	_	_	_	_	_	_
506-9	PSB005	506	italiani	italiani	linguistic	none	_	_	_	_	_	_
506-10	PSB005	506	sono	sono	linguistic	none	_	_	_	_	_	_
506-11	PSB005	506	molto	molto	linguistic	none	_	_	_	_	_	_
506-12	PSB005	506	fissati	fissati	linguistic	none	_	_	_	_	_	_
506-13	PSB005	506	{P}	{P}	shortpause	none	_	_	_	_	_	_
506-14	PSB005	506	ossessionati	ossessionati	linguistic	none	_	_	_	_	_	_
506-15	PSB005	506	con	con	linguistic	none	_	_	_	_	_	_
506-16	PSB005	506	{ride}	{ride}	nonverbalbehavior	none	_	_	_	_	_	_
506-17	PSB005	506	con	con	linguistic	none	_	_	_	_	_	_
506-18	PSB005	506	il	il	linguistic	none	_	_	_	_	_	_
506-19	PSB005	506	cibo	cibo	linguistic	none	_	End=1091.23	_	_	_	_
507-0	PSB005	507	ma	ma	linguistic	none	_	Begin=1091.24	_	_	_	_
507-1	PSB005	507	il	il	linguistic	none	_	_	_	_	_	_
507-2	PSB005	507	cibo	cibo	linguistic	none	_	_	_	_	_	_
507-3	PSB005	507	italiano	italiano	linguistic	none	_	_	_	_	_	_
507-4	PSB005	507	ti	ti	linguistic	none	_	_	_	_	_	_
507-5	PSB005	507	piace	piace	linguistic	none	_	_	_	_	_	_
507-6	PSB005	507	hai	hai	linguistic	none	_	_	_	_	_	_
507-7	PSB005	507	prova[to:]?	provato	linguistic	none	Intonation=rising	End=1093.38	6x1	_	_	5-7(84)
508-0	PSB039	508	[sì]	sì	linguistic	none	_	Begin=1093.16	_	_	_	0-2(84)
508-1	PSB039	508	{P}	{P}	shortpause	none	_	_	_	_	_	_
508-2	PSB039	508	sì	sì	linguistic	none	_	End=1093.94	_	_	_	_
509-0	PSB005	509	cos'	cos'	linguistic	none	SpaceAfter=No	Begin=1094.16	_	_	_	_
509-1	PSB005	509	hai	hai	linguistic	none	_	_	_	_	_	_
509-2	PSB005	509	provato?	provato	linguistic	none	Intonation=rising	End=1095.17	_	_	_	_
510-0	PSB039	510	e:hm	ehm	linguistic	none	_	Begin=1095.46	0x1	_	_	_
510-1	PSB039	510	{P}	{P}	shortpause	none	_	_	_	_	_	_
510-2	PSB039	510	mh	mh	linguistic	none	_	_	_	_	_	_
510-3	PSB039	510	m::h	mh	linguistic	none	_	_	0x2	_	_	_
510-4	PSB039	510	molte:	molte	linguistic	none	_	End=1098.82	4x1	_	_	_
511-0	PSB039	511	kinds	kinds	linguistic	all	Language=NO_ISO_CODE	Begin=1099.37	_	_	_	_
511-1	PSB039	511	of:	of	linguistic	all	Language=NO_ISO_CODE	_	1x1	_	_	_
511-2	PSB039	511	of	of	linguistic	all	Language=NO_ISO_CODE	_	_	_	_	_
511-3	PSB039	511	pasta:	pasta	linguistic	all	Language=NO_ISO_CODE	End=1101.8	4x1	_	_	_
513-0	PSB039	513	e::hm	ehm	linguistic	none	_	Begin=1102.49	0x2	_	_	_
513-1	PSB039	513	come	come	linguistic	none	_	_	_	_	_	_
513-2	PSB039	513	si	si	linguistic	none	_	_	_	_	_	_
513-3	PSB039	513	chiama:	chiama	linguistic	none	_	_	5x1	_	_	_
513-4	PSB039	513	lasagna:	lasagna	linguistic	none	_	End=1105.57	6x1	_	_	_
514-0	PSB039	514	e:hm	ehm	linguistic	none	_	Begin=1105.98	0x1	_	_	_
514-1	PSB039	514	tortellini:	tortellini	linguistic	none	_	End=1108.06	9x1	_	_	_
515-0	PSB039	515	mh	mh	linguistic	none	_	Begin=1108.42|End=1108.78	_	_	_	_
516-0	PSB039	516	quasi	quasi	linguistic	none	_	Begin=1109.15	_	_	_	_
516-1	PSB039	516	tutto	tutto	linguistic	none	_	_	_	_	_	_
516-2	PSB039	516	ce~	ce~	linguistic	none	Interrupted=Yes	_	_	_	_	_
516-3	PSB039	516	{P}	{P}	shortpause	none	_	_	_	_	_	_
516-4	PSB039	516	pizza	pizza	linguistic	none	_	_	_	_	_	_
516-5	PSB039	516	certo	certo	linguistic	none	_	End=1111.36	_	_	_	_
517-0	PSB005	517	mhmh	mhmh	linguistic	none	_	Begin=1111.41	_	_	_	_
517-1	PSB005	517	sì	sì	linguistic	none	_	End=1112.02	_	_	_	_
518-0	PSB005	518	ma	ma	linguistic	none	_	Begin=1112.14	_	_	_	_
518-1	PSB005	518	ci	ci	linguistic	none	_	_	_	_	_	_
518-2	PSB005	518	sono	sono	linguistic	none	_	_	_	_	_	_
518-3	PSB005	518	{P}	{P}	shortpause	none	_	_	_	_	_	_
518-4	PSB005	518	ci	ci	linguistic	none	_	_	_	_	_	_
518-5	PSB005	518	son	son	linguistic	none	_	_	_	_	_	_
518-6	PSB005	518	dei	dei	linguistic	none	_	_	_	_	_	_
518-7	PSB005	518	ristoranti	ristoranti	linguistic	none	_	_	_	_	_	_
518-8	PSB005	518	italiani	italiani	linguistic	none	_	_	_	_	_	_
518-9	PSB005	518	anche	anche	linguistic	none	_	_	_	_	_	_
518-10	PSB005	518	in	in	linguistic	none	_	_	_	_	_	_
518-11	PSB005	518	ucraina	ucraina	linguistic	none	_	_	_	_	_	_
518-12	PSB005	518	forse	forse	linguistic	none	_	End=1115.34	_	_	_	_
519-0	PSB039	519	sì	sì	linguistic	none	_	Begin=1115.92	_	_	_	_
519-1	PSB039	519	ci	ci	linguistic	none	_	_	_	_	_	_
519-2	PSB039	519	sono	sono	linguistic	none	_	_	_	_	_	_
519-3	PSB039	519	però:	però	linguistic	none	_	_	3x1	_	_	_
519-4	PSB039	519	e:hm	ehm	linguistic	none	_	_	0x1	_	_	_
519-5	PSB039	519	non	non	linguistic	none	_	_	_	_	_	_
519-6	PSB039	519	sono	sono	linguistic	none	_	_	_	_	_	_
519-7	PSB039	519	stato	stato	linguistic	none	_	_	_	_	_	_
519-8	PSB039	519	qua	qua	linguistic	none	_	End=1119.4	_	_	_	_
520-0	PSB039	520	perché	perché	linguistic	none	_	Begin=1119.54	_	_	_	_
520-1	PSB039	520	{P}	{P}	shortpause	none	_	_	_	_	_	_
520-2	PSB039	520	mia	mia	linguistic	none	_	_	_	_	_	_
520-3	PSB039	520	nonna:	nonna	linguistic	none	_	_	4x1	_	_	_
520-4	PSB039	520	{P}	{P}	shortpause	none	_	_	_	_	_	_
520-5	PSB039	520	lavorava(no)	lavoravano	linguistic	none	_	_	_	_	8-10(0)	_
520-6	PSB039	520	in	in	linguistic	none	_	_	_	_	_	_
520-7	PSB039	520	italia	italia	linguistic	none	_	_	_	_	_	_
520-8	PSB039	520	e:::	e	linguistic	none	_	_	0x3	_	_	_
520-9	PSB039	520	{P}	{P}	shortpause	none	_	_	_	_	_	_
520-10	PSB039	520	portavano:	portavano	linguistic	none	_	_	8x1	_	_	_
520-11	PSB039	520	{P}	{P}	shortpause	none	_	_	_	_	_	_
520-12	PSB039	520	da	da	linguistic	none	_	_	_	_	_	_
520-13	PSB039	520	noi:	noi	linguistic	none	_	_	2x1	_	_	_
520-14	PSB039	520	tutti:	tutti	linguistic	none	_	_	4x1	_	_	_
520-15	PSB039	520	vostri:	vostri	linguistic	none	_	_	5x1	_	_	_
520-16	PSB039	520	prodott[i:]	prodotti	linguistic	none	_	End=1128.4	7x1	_	_	7-8(85)
521-0	PSB005	521	[mh]mh,	mhmh	linguistic	none	Intonation=weakly_rising	Begin=1128.33|End=1128.8	_	_	_	0-2(85)
522-0	PSB039	522	cibo	cibo	linguistic	none	_	Begin=1129.51	_	_	_	_
522-1	PSB039	522	e::	e	linguistic	none	_	End=1130.5	0x2	_	_	_
523-0	PSB039	523	e	e	linguistic	none	_	Begin=1132.17	_	_	_	_
523-1	PSB039	523	anche:	anche	linguistic	none	_	_	4x1	_	_	_
523-2	PSB039	523	anche	anche	linguistic	none	_	_	_	_	_	_
523-3	PSB039	523	xx	x	unknown	none	_	End=1134.18	_	_	_	_
524-0	PSB005	524	mhmh	mhmh	linguistic	none	_	Begin=1134.77|End=1135.09	_	_	_	_
525-0	PSB039	525	quindi:	quindi	linguistic	none	_	Begin=1135.38|End=1136.0	5x1	_	_	_
526-0	PSB005	526	mhmh	mhmh	linguistic	none	_	Begin=1136.29	_	_	_	_
526-1	PSB005	526	quindi	quindi	linguistic	none	_	_	_	_	_	_
526-2	PSB005	526	già	già	linguistic	none	_	_	_	_	_	_
526-3	PSB005	526	la	la	linguistic	none	_	_	_	_	_	_
526-4	PSB005	526	tua	tua	linguistic	none	_	_	_	_	_	_
526-5	PSB005	526	nonna	nonna	linguistic	none	_	_	_	_	_	_
526-6	PSB005	526	lavorava	lavorava	linguistic	none	_	_	_	_	_	_
526-7	PSB005	526	qui	qui	linguistic	none	_	End=1138.63	_	_	_	_
527-0	PSB039	527	sì	sì	linguistic	none	_	Begin=1138.77|End=1139.16	_	_	_	_
528-0	PSB039	528	anche:	anche	linguistic	none	_	Begin=1139.44	4x1	_	_	_
528-1	PSB039	528	prima	prima	linguistic	none	_	_	_	_	_	_
528-2	PSB039	528	di:	di	linguistic	none	_	_	1x1	_	_	_
528-3	PSB039	528	{P}	{P}	shortpause	none	_	_	_	_	_	_
528-4	PSB039	528	di	di	linguistic	none	_	_	_	_	_	_
528-5	PSB039	528	mia	mia	linguistic	none	_	_	_	_	_	_
528-6	PSB039	528	madre	madre	linguistic	none	_	End=1141.63	_	_	_	_
529-0	PSB005	529	a:h	ah	linguistic	none	_	Begin=1141.66	0x1	_	_	_
529-1	PSB005	529	okay	okay	linguistic	none	_	End=1142.25	_	_	_	_
530-0	PSB005	530	e	e	linguistic	none	_	Begin=1142.42	_	_	_	_
530-1	PSB005	530	adesso	adesso	linguistic	none	_	_	_	_	_	_
530-2	PSB005	530	e:h	eh	linguistic	none	_	_	0x1	_	_	_
530-3	PSB005	530	vabbé	vabbé	linguistic	none	_	_	_	_	_	_
530-4	PSB005	530	non	non	linguistic	none	_	_	_	_	_	_
530-5	PSB005	530	non	non	linguistic	none	_	_	_	_	_	_
530-6	PSB005	530	voglio	voglio	linguistic	none	_	_	_	_	_	_
530-7	PSB005	530	chiedere::	chiedere	linguistic	none	_	_	7x2	_	_	_
530-8	PSB005	530	{P}	{P}	shortpause	none	_	_	_	_	_	_
530-9	PSB005	530	troppo	troppo	linguistic	none	_	_	_	_	_	_
530-10	PSB005	530	{ride}	{ride}	nonverbalbehavior	none	_	_	_	_	_	_
530-11	PSB005	530	[quindi]	quindi	linguistic	none	_	End=1147.327	_	_	_	0-6(86)
531-0	PSB039	531	mh[mh]	mhmh	linguistic	none	_	Begin=1146.81|End=1147.33	_	_	_	2-4(86)
532-0	PSB005	532	°quindi°	quindi	linguistic	none	Volume=low	Begin=1148.43	_	_	_	_
532-1	PSB005	532	c'	c'	linguistic	none	SpaceAfter=No	_	_	_	_	_
532-2	PSB005	532	è	è	linguistic	none	_	_	_	_	_	_
532-3	PSB005	532	una	una	linguistic	none	_	_	_	_	_	_
532-4	PSB005	532	tradizione	tradizione	linguistic	none	_	_	_	_	_	_
532-5	PSB005	532	nella	nella	linguistic	none	_	_	_	_	_	_
532-6	PSB005	532	tua	tua	linguistic	none	_	_	_	_	_	_
532-7	PSB005	532	famiglia	famiglia	linguistic	none	_	End=1150.74	_	_	_	_
533-0	PSB005	533	hai	hai	linguistic	none	_	Begin=1151.03	_	_	_	_
533-1	PSB005	533	g~	g~	linguistic	none	Interrupted=Yes	_	_	_	_	_
533-2	PSB005	533	sentito	sentito	linguistic	none	_	_	_	_	_	_
533-3	PSB005	533	parlare	parlare	linguistic	none	_	_	_	_	_	_
533-4	PSB005	533	dell'	dell'	linguistic	none	Truncated=Yes	_	_	_	_	_
533-5	PSB005	533	italia::	italia	linguistic	none	_	_	5x2	_	_	_
533-6	PSB005	533	{P}	{P}	shortpause	none	_	_	_	_	_	_
533-7	PSB005	533	tante	tante	linguistic	none	_	_	_	_	_	_
533-8	PSB005	533	volte	volte	linguistic	none	_	End=1155.06	_	_	_	_
534-0	PSB005	534	quando	quando	linguistic	none	_	Begin=1155.86	_	_	_	_
534-1	PSB005	534	eri	eri	linguistic	none	_	_	_	_	_	_
534-2	PSB005	534	piccolino	piccolino	linguistic	none	_	End=1157.05	_	_	_	_
535-0	PSB039	535	mh[mh]	mhmh	linguistic	none	_	Begin=1157.09|End=1157.5	_	_	_	2-4(87)
536-0	PSB005	536	[già]	già	linguistic	none	_	Begin=1157.37	_	_	_	0-3(87)
536-1	PSB005	536	sentivi::	sentivi	linguistic	none	_	End=1158.8	6x2	_	_	_
537-0	PSB039	537	no	no	linguistic	none	_	Begin=1159.17	_	_	_	_
537-1	PSB039	537	italiano	italiano	linguistic	none	_	_	_	_	_	_
537-2	PSB039	537	non::	non	linguistic	none	_	_	2x2	_	_	_
537-3	PSB039	537	non	non	linguistic	none	_	_	_	_	_	_
537-4	PSB039	537	[lo	lo	linguistic	none	_	_	_	_	_	0-2(88)
537-5	PSB039	537	sentivo]	sentivo	linguistic	none	_	End=1162.03	_	_	_	0-7(88)
538-0	PSB005	538	[no:	no	linguistic	none	_	Begin=1160.83	1x1	_	_	0-2(88)
538-1	PSB005	538	no]	no	linguistic	none	_	_	_	_	_	0-2(88)
538-2	PSB005	538	non	non	linguistic	none	_	_	_	_	_	_
538-3	PSB005	538	in	in	linguistic	none	_	_	_	_	_	_
538-4	PSB005	538	italiano	italiano	linguistic	none	_	_	_	_	_	_
538-5	PSB005	538	ma	ma	linguistic	none	_	End=1162.87	_	_	_	_
539-0	PSB005	539	racco:nti	racconti	linguistic	none	_	Begin=1163.57	4x1	_	_	_
539-1	PSB005	539	storie	storie	linguistic	none	_	_	_	_	_	_
539-2	PSB005	539	sull'	sull'	linguistic	none	SpaceAfter=No	_	_	_	_	_
539-3	PSB005	539	italia::	italia	linguistic	none	_	End=1166.5	5x2	_	_	_
540-0	PSB039	540	ma:	ma	linguistic	none	_	Begin=1167.13	1x1	_	_	_
540-1	PSB039	540	in	in	linguistic	none	_	_	_	_	_	_
540-2	PSB039	540	realtà:	realtà	linguistic	none	_	_	5x1	_	_	_
540-3	PSB039	540	non:	non	linguistic	none	_	_	2x1	_	_	_
540-4	PSB039	540	non	non	linguistic	none	_	_	_	_	_	_
540-5	PSB039	540	tanto	tanto	linguistic	none	_	_	_	_	_	_
540-6	PSB039	540	però:	però	linguistic	none	_	End=1170.51	3x1	_	_	_
541-0	PSB005	541	okay	okay	linguistic	none	_	Begin=1170.53|End=1170.99	_	_	_	_
542-0	PSB005	542	>°va	va	linguistic	none	Volume=low	Begin=1171.71	_	Fast=0-2(0)	_	_
542-1	PSB005	542	bene	bene	linguistic	none	Volume=low	_	_	Fast=0-4(0)	_	_
542-2	PSB005	542	va	va	linguistic	none	Volume=low	_	_	Fast=0-2(0)	_	_
542-3	PSB005	542	bene°<	bene	linguistic	none	Volume=low	End=1172.48	_	Fast=0-4(0)	_	_
543-0	PSB039	543	(forse	forse	linguistic	none	_	Begin=1172.84	_	_	0-5(0)	_
543-1	PSB039	543	è)	è	linguistic	none	_	_	_	_	0-1(0)	_
543-2	PSB039	543	una:	una	linguistic	none	_	_	2x1	_	_	_
543-3	PSB039	543	e:hm	ehm	linguistic	none	_	_	0x1	_	_	_
543-4	PSB039	543	una	una	linguistic	none	_	_	_	_	_	_
543-5	PSB039	543	storia	storia	linguistic	none	_	_	_	_	_	_
543-6	PSB039	543	quando	quando	linguistic	none	_	_	_	_	_	_
543-7	PSB039	543	sei:	sei	linguistic	none	_	_	2x1	_	_	_
543-8	PSB039	543	{P}	{P}	shortpause	none	_	_	_	_	_	_
543-9	PSB039	543	riposano	riposano	linguistic	none	_	_	_	_	_	_
543-10	PSB039	543	come	come	linguistic	none	_	_	_	_	_	_
543-11	PSB039	543	un	un	linguistic	none	_	_	_	_	_	_
543-12	PSB039	543	turist(o),	turisto	linguistic	none	Intonation=weakly_rising	End=1178.85	_	_	6-7(1)	_
544-0	PSB005	544	mh[mh]	mhmh	linguistic	none	_	Begin=1178.89|End=1179.44	_	_	_	2-4(89)
545-0	PSB039	545	[e:]	e	linguistic	none	_	Begin=1179.1	0x1	_	_	0-1(89)
545-1	PSB039	545	un'	un'	linguistic	none	SpaceAfter=No	_	_	_	_	_
545-2	PSB039	545	altra:	altra	linguistic	none	_	_	4x1	_	_	_
545-3	PSB039	545	quando	quando	linguistic	none	_	_	_	_	_	_
545-4	PSB039	545	s~	s~	linguistic	none	Interrupted=Yes	_	_	_	_	_
545-5	PSB039	545	quanto:	quanto	linguistic	none	_	_	5x1	_	_	_
545-6	PSB039	545	lavori	lavori	linguistic	none	_	End=1182.26	_	_	_	_
546-0	PSB005	546	mhmh	mhmh	linguistic	none	_	Begin=1182.37|End=1182.74	_	_	_	_
547-0	PSB005	547	>quindi	quindi	linguistic	none	_	Begin=1182.9	_	Fast=0-6(0)	_	_
547-1	PSB005	547	tu	tu	linguistic	none	_	_	_	Fast=0-2(0)	_	_
547-2	PSB005	547	qui	qui	linguistic	none	_	_	_	Fast=0-3(0)	_	_
547-3	PSB005	547	non	non	linguistic	none	_	_	_	Fast=0-3(0)	_	_
547-4	PSB005	547	stai	stai	linguistic	none	_	_	_	Fast=0-4(0)	_	_
547-5	PSB005	547	lavorando	lavorando	linguistic	none	_	_	_	Fast=0-9(0)	_	_
547-6	PSB005	547	stai	stai	linguistic	none	_	_	_	Fast=0-4(0)	_	_
547-7	PSB005	547	studiando:<,	studiando	linguistic	none	Intonation=weakly_rising	End=1185.04	8x1	Fast=0-9(0)	_	_
548-0	PSB039	548	no	no	linguistic	none	_	Begin=1185.09	_	_	_	_
548-1	PSB039	548	perché	perché	linguistic	none	_	_	_	_	_	_
548-2	PSB039	548	non:	non	linguistic	none	_	_	2x1	_	_	_
548-3	PSB039	548	non	non	linguistic	none	_	_	_	_	_	_
548-4	PSB039	548	so	so	linguistic	none	_	_	_	_	_	_
548-5	PSB039	548	la	la	linguistic	none	_	_	_	_	_	_
548-6	PSB039	548	lingua	lingua	linguistic	none	_	_	_	_	_	_
548-7	PSB039	548	{ride}	{ride}	nonverbalbehavior	none	_	End=1187.58	_	_	_	_
549-0	PSB005	549	sì	sì	linguistic	none	_	Begin=1187.29	_	_	_	_
549-1	PSB005	549	s~	s~	linguistic	none	Interrupted=Yes	_	_	_	_	_
549-2	PSB005	549	mh	mh	linguistic	none	_	End=1188.43	_	_	_	_
550-0	PSB005	550	io	io	linguistic	none	_	Begin=1190.14	_	_	_	_
550-1	PSB005	550	penso	penso	linguistic	none	_	_	_	_	_	_
550-2	PSB005	550	che:	che	linguistic	none	_	_	2x1	_	_	_
550-3	PSB005	550	un	un	linguistic	none	_	_	_	_	_	_
550-4	PSB005	550	po'	po'	linguistic	none	_	_	_	_	_	_
550-5	PSB005	550	di	di	linguistic	none	_	_	_	_	_	_
550-6	PSB005	550	supporto	supporto	linguistic	none	_	_	_	_	_	_
550-7	PSB005	550	informatico	informatico	linguistic	none	_	_	_	_	_	_
550-8	PSB005	550	se	se	linguistic	none	_	_	_	_	_	_
550-9	PSB005	550	tu	tu	linguistic	none	_	_	_	_	_	_
550-10	PSB005	550	sei	sei	linguistic	none	_	_	_	_	_	_
550-11	PSB005	550	bravo::	bravo	linguistic	none	_	End=1194.45	4x2	_	_	_
551-0	PSB005	551	un	un	linguistic	none	_	Begin=1195.04	_	_	_	_
551-1	PSB005	551	bravo	bravo	linguistic	none	_	_	_	_	_	_
551-2	PSB005	551	informatico,	informatico	linguistic	none	Intonation=weakly_rising	_	_	_	_	_
551-3	PSB005	551	potresti	potresti	linguistic	none	_	_	_	_	_	_
551-4	PSB005	551	trovare:	trovare	linguistic	none	_	_	6x1	_	_	_
551-5	PSB005	551	lo	lo	linguistic	none	_	_	_	_	_	_
551-6	PSB005	551	stesso	stesso	linguistic	none	_	_	_	_	_	_
551-7	PSB005	551	{ride}	{ride}	nonverbalbehavior	none	_	End=1199.06	_	_	_	_
552-0	PSB039	552	{ride}	{ride}	nonverbalbehavior	none	_	Begin=1198.7|End=1199.3	_	_	_	_
553-0	PSB005	553	e:hm	ehm	linguistic	none	_	Begin=1199.57	0x1	_	_	_
553-1	PSB005	553	ma	ma	linguistic	none	_	_	_	_	_	_
553-2	PSB005	553	non	non	linguistic	none	_	_	_	_	_	_
553-3	PSB005	553	hai	hai	linguistic	none	_	_	_	_	_	_
553-4	PSB005	553	provato?	provato	linguistic	none	Intonation=rising	End=1201.05	_	_	_	_
554-0	PSB039	554	no	no	linguistic	none	_	Begin=1201.44	_	_	_	_
554-1	PSB039	554	non	non	linguistic	none	_	_	_	_	_	_
554-2	PSB039	554	ho	ho	linguistic	none	_	_	_	_	_	_
554-3	PSB039	554	provato	provato	linguistic	none	_	_	_	_	_	_
554-4	PSB039	554	ancora	ancora	linguistic	none	_	_	_	_	_	_
554-5	PSB039	554	però:	però	linguistic	none	_	_	3x1	_	_	_
554-6	PSB039	554	perché	perché	linguistic	none	_	_	_	_	_	_
554-7	PSB039	554	e:hm	ehm	linguistic	none	_	_	0x1	_	_	_
554-8	PSB039	554	tutti::	tutti	linguistic	none	_	_	4x2	_	_	_
554-9	PSB039	554	vogliono:	vogliono	linguistic	none	_	_	7x1	_	_	_
554-10	PSB039	554	{P}	{P}	shortpause	none	_	_	_	_	_	_
554-11	PSB039	554	sapere:	sapere	linguistic	none	_	_	5x1	_	_	_
554-12	PSB039	554	sapere	sapere	linguistic	none	_	_	_	_	_	_
554-13	PSB039	554	italiano	italiano	linguistic	none	_	End=1209.05	_	_	_	_
555-0	PSB039	555	[non	non	linguistic	none	_	Begin=1210.21	_	_	_	0-3(91)
555-1	PSB039	555	so~]	so~	linguistic	none	Interrupted=Yes	_	_	_	_	0-3(91)
555-2	PSB039	555	non	non	linguistic	none	_	_	_	_	_	_
555-3	PSB039	555	solo:	solo	linguistic	none	_	_	3x1	_	_	_
555-4	PSB039	555	problema	problema	linguistic	none	_	_	_	_	_	_
555-5	PSB039	555	di	di	linguistic	none	_	_	_	_	_	_
555-6	PSB039	555	italia	italia	linguistic	none	_	_	_	_	_	_
555-7	PSB039	555	quest(o)	questo	linguistic	none	_	_	_	_	5-6(0)	_
555-8	PSB039	555	tu[tta	tutta	linguistic	none	_	_	_	_	_	2-5(92)
555-9	PSB039	555	la	la	linguistic	none	_	_	_	_	_	0-2(92)
555-10	PSB039	555	euro]pa	europa	linguistic	none	_	End=1214.3	_	_	_	0-4(92)
556-0	PSB005	556	[a	a	linguistic	none	_	Begin=1210.21	_	_	_	0-1(91)
556-1	PSB005	556	me]	me	linguistic	none	_	End=1210.5	_	_	_	0-2(91)
557-0	PSB005	557	[mhmh]	mhmh	linguistic	none	_	Begin=1213.38|End=1213.83	_	_	_	0-4(92)
558-0	PSB005	558	a	a	linguistic	none	_	Begin=1214.6	_	_	_	_
558-1	PSB005	558	me	me	linguistic	none	_	_	_	_	_	_
558-2	PSB005	558	sembra	sembra	linguistic	none	_	_	_	_	_	_
558-3	PSB005	558	che	che	linguistic	none	_	_	_	_	_	_
558-4	PSB005	558	{P}	{P}	shortpause	none	_	_	_	_	_	_
558-5	PSB005	558	parli:	parli	linguistic	none	_	_	4x1	_	_	_
558-6	PSB005	558	abbastanza	abbastanza	linguistic	none	_	_	_	_	_	_
558-7	PSB005	558	bene	bene	linguistic	none	_	_	_	_	_	_
558-8	PSB005	558	in	in	linguistic	none	_	_	_	_	_	_
558-9	PSB005	558	verità	verità	linguistic	none	_	_	_	_	_	_
558-10	PSB005	558	però	però	linguistic	none	_	_	_	_	_	_
558-11	PSB005	558	{P}	{P}	shortpause	none	_	_	_	_	_	_
558-12	PSB005	558	non	non	linguistic	none	_	_	_	_	_	_
558-13	PSB005	558	lo	lo	linguistic	none	_	_	_	_	_	_
558-14	PSB005	558	so	so	linguistic	none	_	_	_	_	_	_
558-15	PSB005	558	e:h	eh	linguistic	none	_	End=1219.44	0x1	_	_	_
559-0	PSB005	559	perché:	perché	linguistic	none	_	Begin=1219.65|End=1220.4	5x1	_	_	_
560-0	PSB005	560	<se	se	linguistic	none	_	Begin=1221.15	_	Slow=0-2(0)	_	_
560-1	PSB005	560	studi	studi	linguistic	none	_	_	_	Slow=0-5(0)	_	_
560-2	PSB005	560	informatica>	informatica	linguistic	none	_	End=1222.73	_	Slow=0-11(0)	_	_
561-0	PSB039	561	mh[mh]	mhmh	linguistic	none	_	Begin=1222.9|End=1223.26	_	_	_	2-4(93)
562-0	PSB005	562	[f]orse	forse	linguistic	none	_	Begin=1223.19|End=1223.81	_	_	_	0-1(93)
563-0	PSB005	563	è	è	linguistic	none	_	Begin=1226.46	_	_	_	_
563-1	PSB005	563	più	più	linguistic	none	_	_	_	_	_	_
563-2	PSB005	563	importante::	importante	linguistic	none	_	End=1228.05	9x2	_	_	_
564-0	PSB039	564	più	più	linguistic	none	_	Begin=1229.44	_	_	_	_
564-1	PSB039	564	più	più	linguistic	none	_	_	_	_	_	_
564-2	PSB039	564	importante	importante	linguistic	none	_	_	_	_	_	_
564-3	PSB039	564	sapere	sapere	linguistic	none	_	_	_	_	_	_
564-4	PSB039	564	inglese	inglese	linguistic	none	_	_	_	_	_	_
564-5	PSB039	564	o:	o	linguistic	none	_	End=1231.37	0x1	_	_	_
565-0	PSB005	565	sì::	sì	linguistic	none	_	Begin=1231.38	1x2	_	_	_
565-1	PSB005	565	o	o	linguistic	none	_	_	_	_	_	_
565-2	PSB005	565	il	il	linguistic	none	_	_	_	_	_	_
565-3	PSB005	565	sapere	sapere	linguistic	none	_	_	_	_	_	_
565-4	PSB005	565	usare	usare	linguistic	none	_	_	_	_	_	_
565-5	PSB005	565	il	il	linguistic	none	_	_	_	_	_	_
565-6	PSB005	565	computer	computer	linguistic	none	_	_	_	_	_	_
565-7	PSB005	565	bene:	bene	linguistic	none	_	End=1234.42	3x1	_	_	_
566-0	PSB039	566	m:h	mh	linguistic	none	_	Begin=1234.62	0x1	_	_	_
566-1	PSB039	566	non	non	linguistic	none	_	_	_	_	_	_
566-2	PSB039	566	so	so	linguistic	none	_	_	_	_	_	_
566-3	PSB039	566	non	non	linguistic	none	_	_	_	_	_	_
566-4	PSB039	566	so	so	linguistic	none	_	End=1236.53	_	_	_	_
567-0	PSB005	567	no	no	linguistic	none	_	Begin=1236.57	_	_	_	_
567-1	PSB005	567	no	no	linguistic	none	_	_	_	_	_	_
567-2	PSB005	567	non	non	linguistic	none	_	_	_	_	_	_
567-3	PSB005	567	lo	lo	linguistic	none	_	_	_	_	_	_
567-4	PSB005	567	so	so	linguistic	none	_	_	_	_	_	_
567-5	PSB005	567	infatti	infatti	linguistic	none	_	_	_	_	_	_
567-6	PSB005	567	non	non	linguistic	none	_	_	_	_	_	_
567-7	PSB005	567	lo	lo	linguistic	none	_	_	_	_	_	_
567-8	PSB005	567	so	so	linguistic	none	_	_	_	_	_	_
567-9	PSB005	567	neanch'	neanch'	linguistic	none	SpaceAfter=No	_	_	_	_	_
567-10	PSB005	567	io	io	linguistic	none	_	_	_	_	_	_
567-11	PSB005	567	scusami	scusami	linguistic	none	_	End=1239.4	_	_	_	_
568-0	PSB005	568	e:h[m]	ehm	linguistic	none	_	Begin=1239.84|End=1240.58	0x1	_	_	2-3(94)
569-0	PSB039	569	[i]talia	italia	linguistic	none	_	Begin=1240.46	_	_	_	0-1(94)
569-1	PSB039	569	non	non	linguistic	none	_	_	_	_	_	_
569-2	PSB039	569	è	è	linguistic	none	_	_	_	_	_	_
569-3	PSB039	569	e:hm	ehm	linguistic	none	_	_	0x1	_	_	_
569-4	PSB039	569	non	non	linguistic	none	_	_	_	_	_	_
569-5	PSB039	569	è	è	linguistic	none	_	_	_	_	_	_
569-6	PSB039	569	e:hm	ehm	linguistic	none	_	_	0x1	_	_	_
569-7	PSB039	569	nat~	nat~	linguistic	none	Interrupted=Yes	End=1244.88	_	_	_	_
570-0	PSB039	570	this	this	linguistic	all	Language=NO_ISO_CODE	Begin=1245.29	_	_	_	_
570-1	PSB039	570	country:	country	linguistic	all	Language=NO_ISO_CODE	_	6x1	_	_	_
570-2	PSB039	570	which	which	linguistic	all	Language=NO_ISO_CODE	_	_	_	_	_
570-3	PSB039	570	is:	is	linguistic	all	Language=NO_ISO_CODE	_	1x1	_	_	_
570-4	PSB039	570	(.)	.	linguistic	all	Language=NO_ISO_CODE	_	_	_	_	_
570-5	PSB039	570	like	like	linguistic	all	Language=NO_ISO_CODE	_	_	_	_	_
570-6	PSB039	570	to	to	linguistic	all	Language=NO_ISO_CODE	_	_	_	_	_
570-7	PSB039	570	put	put	linguistic	all	Language=NO_ISO_CODE	_	_	_	_	_
570-8	PSB039	570	a	a	linguistic	all	Language=NO_ISO_CODE	_	_	_	_	_
570-9	PSB039	570	lot	lot	linguistic	all	Language=NO_ISO_CODE	_	_	_	_	_
570-10	PSB039	570	of	of	linguistic	all	Language=NO_ISO_CODE	_	_	_	_	_
570-11	PSB039	570	money	money	linguistic	all	Language=NO_ISO_CODE	_	_	_	_	_
570-12	PSB039	570	to::	to	linguistic	all	Language=NO_ISO_CODE	_	1x2	_	_	_
570-13	PSB039	570	improve	improve	linguistic	all	Language=NO_ISO_CODE	_	_	_	_	_
570-14	PSB039	570	e:hm	ehm	linguistic	all	Language=NO_ISO_CODE	_	0x1	_	_	_
570-15	PSB039	570	like	like	linguistic	all	Language=NO_ISO_CODE	_	_	_	_	_
570-16	PSB039	570	progra~	progra~	linguistic	all	Interrupted=Yes|Language=NO_ISO_CODE	_	_	_	_	_
570-17	PSB039	570	m:h	mh	linguistic	all	Language=NO_ISO_CODE	End=1253.28	0x1	_	_	_
572-0	PSB005	572	mhmh	mhmh	linguistic	none	_	Begin=1253.44|End=1253.95	_	_	_	_
573-0	PSB039	573	pro~	pro~	linguistic	all	Interrupted=Yes|Language=NO_ISO_CODE	Begin=1254.08	_	_	_	_
573-1	PSB039	573	program	program	linguistic	all	Language=NO_ISO_CODE	_	_	_	_	_
573-2	PSB039	573	education	education	linguistic	all	Language=NO_ISO_CODE	_	_	_	_	_
573-3	PSB039	573	and	and	linguistic	all	Language=NO_ISO_CODE	_	_	_	_	_
573-4	PSB039	573	stuff	stuff	linguistic	all	Language=NO_ISO_CODE	_	_	_	_	_
573-5	PSB039	573	it'	it'	linguistic	all	SpaceAfter=No|Language=NO_ISO_CODE	_	_	_	_	_
573-6	PSB039	573	[s	s	linguistic	all	Language=NO_ISO_CODE	_	_	_	_	_
573-7	PSB039	573	n~]	n~	linguistic	all	Interrupted=Yes|Language=NO_ISO_CODE	_	_	_	_	_
573-8	PSB039	573	it'	it'	linguistic	all	SpaceAfter=No|Language=NO_ISO_CODE	_	_	_	_	_
573-9	PSB039	573	s	s	linguistic	all	Language=NO_ISO_CODE	_	_	_	_	_
573-10	PSB039	573	not	not	linguistic	all	Language=NO_ISO_CODE	_	_	_	_	_
573-11	PSB039	573	country	country	linguistic	all	Language=NO_ISO_CODE	_	_	_	_	_
573-12	PSB039	573	for	for	linguistic	all	Language=NO_ISO_CODE	_	_	_	_	_
573-13	PSB039	573	start-up	start-up	linguistic	all	Language=NO_ISO_CODE	_	_	_	_	_
573-14	PSB039	573	or	or	linguistic	all	Language=NO_ISO_CODE	_	_	_	_	_
573-15	PSB039	573	something	something	linguistic	all	Language=NO_ISO_CODE	End=1259.58	_	_	_	_
575-0	PSB005	575	[mh]	mh	linguistic	none	_	Begin=1256.11|End=1256.46	_	_	_	0-2(95)
576-0	PSB005	576	mhmh	mhmh	linguistic	none	_	Begin=1259.74|End=1260.39	_	_	_	_
577-0	PSB039	577	unfortunately	unfortunately	linguistic	all	Language=NO_ISO_CODE	Begin=1260.45	_	_	_	_
577-1	PSB039	577	(th[ough])	though	linguistic	all	Language=NO_ISO_CODE	End=1261.43	_	_	_	_
579-0	PSB005	579	[sì]:	sì	linguistic	none	_	Begin=1261.39	1x1	_	_	0-2(96)
579-1	PSB005	579	sì	sì	linguistic	none	_	_	_	_	_	_
579-2	PSB005	579	è	è	linguistic	none	_	_	_	_	_	_
579-3	PSB005	579	possibile	possibile	linguistic	none	_	_	_	_	_	_
579-4	PSB005	579	sì	sì	linguistic	none	_	End=1263.15	_	_	_	_
580-0	PSB005	580	ehm:	ehm	linguistic	none	_	Begin=1263.79	2x1	_	_	_
580-1	PSB005	580	e	e	linguistic	none	_	_	_	_	_	_
580-2	PSB005	580	in	in	linguistic	none	_	_	_	_	_	_
580-3	PSB005	580	questi	questi	linguistic	none	_	_	_	_	_	_
580-4	PSB005	580	due	due	linguistic	none	_	_	_	_	_	_
580-5	PSB005	580	anni	anni	linguistic	none	_	_	_	_	_	_
580-6	PSB005	580	tu	tu	linguistic	none	_	_	_	_	_	_
580-7	PSB005	580	sei	sei	linguistic	none	_	_	_	_	_	_
580-8	PSB005	580	venuto	venuto	linguistic	none	_	_	_	_	_	_
580-9	PSB005	580	a	a	linguistic	none	_	_	_	_	_	_
580-10	PSB005	580	scuola	scuola	linguistic	none	_	_	_	_	_	_
580-11	PSB005	580	qui,	qui	linguistic	none	Intonation=weakly_rising	End=1266.91	_	_	_	_
581-0	PSB039	581	e:hm	ehm	linguistic	none	_	Begin=1266.98	0x1	_	_	_
581-1	PSB039	581	non	non	linguistic	none	_	_	_	_	_	_
581-2	PSB039	581	tutti::	tutti	linguistic	none	_	_	4x2	_	_	_
581-3	PSB039	581	n~	n~	linguistic	none	Interrupted=Yes	_	_	_	_	_
581-4	PSB039	581	non	non	linguistic	none	_	_	_	_	_	_
581-5	PSB039	581	due	due	linguistic	none	_	_	_	_	_	_
581-6	PSB039	581	anni	anni	linguistic	none	_	_	_	_	_	_
581-7	PSB039	581	i~	i~	linguistic	none	Interrupted=Yes	End=1270.15	_	_	_	_
582-0	PSB039	582	quando:	quando	linguistic	none	_	Begin=1270.24	5x1	_	_	_
582-1	PSB039	582	sono	sono	linguistic	none	_	_	_	_	_	_
582-2	PSB039	582	arrivato	arrivato	linguistic	none	_	_	_	_	_	_
582-3	PSB039	582	io:	io	linguistic	none	_	_	1x1	_	_	_
582-4	PSB039	582	{P}	{P}	shortpause	none	_	_	_	_	_	_
582-5	PSB039	582	ero	ero	linguistic	none	_	_	_	_	_	_
582-6	PSB039	582	qua	qua	linguistic	none	_	_	_	_	_	_
582-7	PSB039	582	da:	da	linguistic	none	_	_	1x1	_	_	_
582-8	PSB039	582	{P}	{P}	shortpause	none	_	_	_	_	_	_
582-9	PSB039	582	sei	sei	linguistic	none	_	_	_	_	_	_
582-10	PSB039	582	mesi	mesi	linguistic	none	_	_	_	_	_	_
582-11	PSB039	582	magari	magari	linguistic	none	_	_	_	_	_	_
582-12	PSB039	582	un	un	linguistic	none	_	_	_	_	_	_
582-13	PSB039	582	po'	po'	linguistic	none	_	_	_	_	_	_
582-14	PSB039	582	di	di	linguistic	none	_	_	_	_	_	_
582-15	PSB039	582	meno.	meno	linguistic	none	Intonation=falling	End=1276.84	_	_	_	_
583-0	PSB039	583	e:hm	ehm	linguistic	some	_	Begin=1277.49	0x1	_	_	_
583-1	PSB039	583	da:	da	linguistic	some	_	_	1x1	_	_	_
583-2	PSB039	583	settembre:	settembre	linguistic	some	_	_	8x1	_	_	_
583-3	PSB039	583	ques~	ques~	linguistic	some	Interrupted=Yes	_	_	_	_	_
583-4	PSB039	583	e:hm	ehm	linguistic	some	_	_	0x1	_	_	_
583-5	PSB039	583	#last	last	linguistic	some	Language=NO_ISO_CODE	_	_	_	_	_
583-6	PSB039	583	#year	year	linguistic	some	Language=NO_ISO_CODE	End=1282.5	_	_	_	_
585-0	PSB005	585	mhmh	mhmh	linguistic	none	_	Begin=1282.51|End=1282.94	_	_	_	_
586-0	PSB039	586	e::hm:::	ehm	linguistic	none	_	Begin=1283.42	0x2,2x3	_	_	_
586-1	PSB039	586	io:	io	linguistic	none	_	_	1x1	_	_	_
586-2	PSB039	586	studio:	studio	linguistic	none	_	_	5x1	_	_	_
586-3	PSB039	586	{P}	{P}	shortpause	none	_	_	_	_	_	_
586-4	PSB039	586	sempre	sempre	linguistic	none	_	_	_	_	_	_
586-5	PSB039	586	va~	va~	linguistic	none	Interrupted=Yes	_	_	_	_	_
586-6	PSB039	586	vado:	vado	linguistic	none	_	_	3x1	_	_	_
586-7	PSB039	586	quasi	quasi	linguistic	none	_	_	_	_	_	_
586-8	PSB039	586	ogni	ogni	linguistic	none	_	_	_	_	_	_
586-9	PSB039	586	giorno	giorno	linguistic	none	_	End=1289.2	_	_	_	_
587-0	PSB005	587	mhmh	mhmh	linguistic	none	_	Begin=1289.22|End=1289.65	_	_	_	_
588-0	PSB005	588	(eh)	eh	linguistic	none	_	Begin=1289.7	_	_	0-2(0)	_
588-1	PSB005	588	sei	sei	linguistic	none	_	_	_	_	_	_
588-2	PSB005	588	bravissimo	bravissimo	linguistic	none	_	_	_	_	_	_
588-3	PSB005	588	{P}	{P}	shortpause	none	_	_	_	_	_	_
588-4	PSB005	588	infatti	infatti	linguistic	none	_	End=1291.56	_	_	_	_
589-0	PSB005	589	ehm:	ehm	linguistic	none	_	Begin=1291.87|End=1292.68	2x1	_	_	_
590-0	PSB005	590	de~	de~	linguistic	none	Interrupted=Yes	Begin=1292.86	_	_	_	_
590-1	PSB005	590	che	che	linguistic	none	_	_	_	_	_	_
590-2	PSB005	590	cosa	cosa	linguistic	none	_	_	_	_	_	_
590-3	PSB005	590	secondo	secondo	linguistic	none	_	_	_	_	_	_
590-4	PSB005	590	te	te	linguistic	none	_	_	_	_	_	_
590-5	PSB005	590	cos'	cos'	linguistic	none	SpaceAfter=No	_	_	_	_	_
590-6	PSB005	590	è:	è	linguistic	none	_	_	0x1	_	_	_
590-7	PSB005	590	{P}	{P}	shortpause	none	_	_	_	_	_	_
590-8	PSB005	590	diff~	diff~	linguistic	none	Interrupted=Yes	_	_	_	_	_
590-9	PSB005	590	secondo	secondo	linguistic	none	_	_	_	_	_	_
590-10	PSB005	590	te	te	linguistic	none	_	_	_	_	_	_
590-11	PSB005	590	l'	l'	linguistic	none	SpaceAfter=No	_	_	_	_	_
590-12	PSB005	590	italiano	italiano	linguistic	none	_	_	_	_	_	_
590-13	PSB005	590	è	è	linguistic	none	_	_	_	_	_	_
590-14	PSB005	590	difficile?	difficile	linguistic	none	Intonation=rising	End=1297.5	_	_	_	_
591-0	PSB039	591	m::h	mh	linguistic	none	_	Begin=1298.54	0x2	_	_	_
591-1	PSB039	591	sì	sì	linguistic	none	_	_	_	_	_	_
591-2	PSB039	591	difficile	difficile	linguistic	none	_	_	_	_	_	_
591-3	PSB039	591	no~	no~	linguistic	none	Interrupted=Yes	_	_	_	_	_
591-4	PSB039	591	non	non	linguistic	none	_	_	_	_	_	_
591-5	PSB039	591	come:	come	linguistic	none	_	_	3x1	_	_	_
591-6	PSB039	591	cinese	cinese	linguistic	none	_	_	_	_	_	_
591-7	PSB039	591	però:	però	linguistic	none	_	_	3x1	_	_	_
591-8	PSB039	591	{P}	{P}	shortpause	none	_	_	_	_	_	_
591-9	PSB039	591	però	però	linguistic	none	_	_	_	_	_	_
591-10	PSB039	591	è	è	linguistic	none	_	_	_	_	_	_
591-11	PSB039	591	difficile	difficile	linguistic	none	_	End=1304.47	_	_	_	_
592-0	PSB039	592	perché:	perché	linguistic	none	_	Begin=1305.33	5x1	_	_	_
592-1	PSB039	592	e:hm	ehm	linguistic	none	_	_	0x1	_	_	_
592-2	PSB039	592	logica	logica	linguistic	none	_	_	_	_	_	_
592-3	PSB039	592	di:	di	linguistic	none	_	_	1x1	_	_	_
592-4	PSB039	592	lingue:	lingue	linguistic	none	_	_	5x1	_	_	_
592-5	PSB039	592	è	è	linguistic	none	_	_	_	_	_	_
592-6	PSB039	592	un	un	linguistic	none	_	_	_	_	_	_
592-7	PSB039	592	po'	po'	linguistic	none	_	_	_	_	_	_
592-8	PSB039	592	diversa	diversa	linguistic	none	_	_	_	_	_	_
592-9	PSB039	592	non	non	linguistic	none	_	_	_	_	_	_
592-10	PSB039	592	[molto]	molto	linguistic	none	_	_	_	_	_	0-5(97)
592-11	PSB039	592	però	però	linguistic	none	_	_	_	_	_	_
592-12	PSB039	592	è	è	linguistic	none	_	_	_	_	_	_
592-13	PSB039	592	un	un	linguistic	none	_	_	_	_	_	_
592-14	PSB039	592	po'	po'	linguistic	none	_	_	_	_	_	_
592-15	PSB039	592	di[versa]	diversa	linguistic	none	_	End=1310.67	_	_	_	2-7(98)
593-0	PSB005	593	[mh]	mh	linguistic	none	_	Begin=1309.15|End=1309.5	_	_	_	0-2(97)
594-0	PSB005	594	[mhmh]	mhmh	linguistic	none	_	Begin=1310.03|End=1310.54	_	_	_	0-4(98)
595-0	PSB005	595	e	e	linguistic	none	_	Begin=1310.88	_	_	_	_
595-1	PSB005	595	tu	tu	linguistic	none	_	_	_	_	_	_
595-2	PSB005	595	ti	ti	linguistic	none	_	_	_	_	_	_
595-3	PSB005	595	appoggi	appoggi	linguistic	none	_	_	_	_	_	_
595-4	PSB005	595	un	un	linguistic	none	_	_	_	_	_	_
595-5	PSB005	595	pochino	pochino	linguistic	none	_	_	_	_	_	_
595-6	PSB005	595	all'	all'	linguistic	none	SpaceAfter=No	_	_	_	_	_
595-7	PSB005	595	inglese:,	inglese	linguistic	none	Intonation=weakly_rising	End=1313.25	6x1	_	_	_
596-0	PSB005	596	per	per	linguistic	none	_	Begin=1314.45	_	_	_	_
596-1	PSB005	596	capire	capire	linguistic	none	_	_	_	_	_	_
596-2	PSB005	596	l'	l'	linguistic	none	SpaceAfter=No	_	_	_	_	_
596-3	PSB005	596	italiano	italiano	linguistic	none	_	_	_	_	_	_
596-4	PSB005	596	come	come	linguistic	none	_	_	_	_	_	_
596-5	PSB005	596	funzi[ona:]	funziona	linguistic	none	_	End=1316.67	7x1	_	_	4-8(99)
597-0	PSB039	597	[mhmh]	mhmh	linguistic	none	_	Begin=1316.36|End=1316.77	_	_	_	0-4(99)
598-0	PSB039	598	mh[mh]	mhmh	linguistic	none	_	Begin=1317.12|End=1317.45	_	_	_	2-4(100)
599-0	PSB005	599	[pe]rché	perché	linguistic	none	_	Begin=1317.35	_	_	_	0-2(100)
599-1	PSB005	599	si	si	linguistic	none	_	_	_	_	_	_
599-2	PSB005	599	assomiglia	assomiglia	linguistic	none	_	_	_	_	_	_
599-3	PSB005	599	un:	un	linguistic	none	_	_	1x1	_	_	_
599-4	PSB005	599	po'	po'	linguistic	none	_	_	_	_	_	_
599-5	PSB005	599	di	di	linguistic	none	_	_	_	_	_	_
599-6	PSB005	599	più:?	più	linguistic	none	Intonation=rising	End=1319.23	2x1	_	_	_
600-0	PSB039	600	sì	sì	linguistic	none	_	Begin=1319.33|End=1319.71	_	_	_	_
601-0	PSB039	601	vo~	vo~	linguistic	none	Interrupted=Yes	Begin=1320.29	_	_	_	_
601-1	PSB039	601	vostri	vostri	linguistic	none	_	_	_	_	_	_
601-2	PSB039	601	verbi	verbi	linguistic	none	_	_	_	_	_	_
601-3	PSB039	601	da	da	linguistic	none	_	_	_	_	_	_
601-4	PSB039	601	noi	noi	linguistic	none	_	_	_	_	_	_
601-5	PSB039	601	ehm	ehm	linguistic	none	_	_	_	_	_	_
601-6	PSB039	601	pe:~	pe~	linguistic	none	Interrupted=Yes	_	1x1	_	_	_
601-7	PSB039	601	per	per	linguistic	none	_	_	_	_	_	_
601-8	PSB039	601	esempio	esempio	linguistic	none	_	End=1323.37	_	_	_	_
602-0	PSB039	602	e:hm	ehm	linguistic	none	_	Begin=1324.01	0x1	_	_	_
602-1	PSB039	602	noi:	noi	linguistic	none	_	_	2x1	_	_	_
602-2	PSB039	602	non	non	linguistic	none	_	_	_	_	_	_
602-3	PSB039	602	usiamo:	usiamo	linguistic	none	_	_	5x1	_	_	_
602-4	PSB039	602	tipo	tipo	linguistic	none	_	_	_	_	_	_
602-5	PSB039	602	essere	essere	linguistic	none	_	End=1327.32	_	_	_	_
603-0	PSB039	603	x	x	unknown	none	_	Begin=1327.962	_	_	_	_
603-1	PSB039	603	e:hm	ehm	linguistic	none	_	_	0x1	_	_	_
603-2	PSB039	603	m:h	mh	linguistic	none	_	_	0x1	_	_	_
603-3	PSB039	603	perché::	perché	linguistic	none	_	End=1330.048	5x2	_	_	_
604-0	PSB039	604	e::hm	ehm	linguistic	none	_	Begin=1331.139|End=1331.851	0x2	_	_	_
605-0	PSB039	605	e:hm	ehm	linguistic	none	_	Begin=1333.111	0x1	_	_	_
605-1	PSB039	605	come	come	linguistic	none	_	End=1334.226	_	_	_	_
606-0	PSB039	606	per	per	linguistic	none	_	Begin=1334.764	_	_	_	_
606-1	PSB039	606	esempio	esempio	linguistic	none	_	End=1335.466	_	_	_	_
607-0	PSB039	607	e:h	eh	linguistic	none	_	Begin=1336.0	0x1	_	_	_
607-1	PSB039	607	la	la	linguistic	none	_	_	_	_	_	_
607-2	PSB039	607	giacca	giacca	linguistic	none	_	_	_	_	_	_
607-3	PSB039	607	è	è	linguistic	none	_	_	_	_	_	_
607-4	PSB039	607	nera	nera	linguistic	none	_	End=1337.63	_	_	_	_
608-0	PSB039	608	[da	da	linguistic	none	_	Begin=1337.635	_	_	_	0-2(101)
608-1	PSB039	608	noi]	noi	linguistic	none	_	_	_	_	_	0-3(101)
608-2	PSB039	608	da	da	linguistic	none	_	_	_	_	_	_
608-3	PSB039	608	noi	noi	linguistic	none	_	_	_	_	_	_
608-4	PSB039	608	{P}	{P}	shortpause	none	_	_	_	_	_	_
608-5	PSB039	608	giacca	giacca	linguistic	none	_	_	_	_	_	_
608-6	PSB039	608	nera	nera	linguistic	none	_	End=1339.519	_	_	_	_
609-0	PSB005	609	[mhmh]	mhmh	linguistic	none	_	Begin=1337.635|End=1338.067	_	_	_	0-4(101)
610-0	PSB005	610	mhmh	mhmh	linguistic	none	_	Begin=1339.615|End=1339.911	_	_	_	_
611-0	PSB039	611	eh	eh	linguistic	none	_	Begin=1339.911	_	_	_	_
611-1	PSB039	611	è	è	linguistic	none	_	_	_	_	_	_
611-2	PSB039	611	tu~	tu~	linguistic	none	Interrupted=Yes	End=1340.784	_	_	_	_
612-0	PSB039	612	è	è	linguistic	none	_	Begin=1341.495	_	_	_	_
612-1	PSB039	612	senza	senza	linguistic	none	_	_	_	_	_	_
612-2	PSB039	612	articoli:	articoli	linguistic	none	_	End=1342.582	7x1	_	_	_
613-0	PSB005	613	sì:	sì	linguistic	none	_	Begin=1342.721	1x1	_	_	_
613-1	PSB005	613	ah	ah	linguistic	none	_	_	_	_	_	_
613-2	PSB005	613	lo	lo	linguistic	none	_	_	_	_	_	_
613-3	PSB005	613	so	so	linguistic	none	_	_	_	_	_	_
613-4	PSB005	613	{ride}	{ride}	nonverbalbehavior	none	_	End=1344.418	_	_	_	_
614-0	PSB005	614	questo	questo	linguistic	none	_	Begin=1344.466	_	_	_	_
614-1	PSB005	614	è	è	linguistic	none	_	_	_	_	_	_
614-2	PSB005	614	il	il	linguistic	none	_	_	_	_	_	_
614-3	PSB005	614	problema	problema	linguistic	none	_	_	_	_	_	_
614-4	PSB005	614	di	di	linguistic	none	_	_	_	_	_	_
614-5	PSB005	614	tutti	tutti	linguistic	none	_	End=1345.952	_	_	_	_
615-0	PSB005	615	{ride}	{ride}	nonverbalbehavior	none	_	Begin=1345.971	_	_	_	_
615-1	PSB005	615	mi	mi	linguistic	none	_	_	_	_	_	_
615-2	PSB005	615	hanno	hanno	linguistic	none	_	_	_	_	_	_
615-3	PSB005	615	detto	detto	linguistic	none	_	_	_	_	_	_
615-4	PSB005	615	tutti	tutti	linguistic	none	_	_	_	_	_	_
615-5	PSB005	615	che	che	linguistic	none	_	_	_	_	_	_
615-6	PSB005	615	c'	c'	linguistic	none	SpaceAfter=No	_	_	_	_	_
615-7	PSB005	615	è	è	linguistic	none	_	_	_	_	_	_
615-8	PSB005	615	questo	questo	linguistic	none	_	_	_	_	_	_
615-9	PSB005	615	proble[ma]	problema	linguistic	none	_	End=1348.649	_	_	_	5-8(102)
616-0	PSB039	616	[mhmh]	mhmh	linguistic	none	_	Begin=1348.365|End=1348.702	_	_	_	0-4(102)
617-0	PSB005	617	e::hm	ehm	linguistic	none	_	Begin=1349.197	0x2	_	_	_
617-1	PSB005	617	{P}	{P}	shortpause	none	_	_	_	_	_	_
617-2	PSB005	617	e	e	linguistic	none	_	_	_	_	_	_
617-3	PSB005	617	e	e	linguistic	none	_	_	_	_	_	_
617-4	PSB005	617	seconde	seconde	linguistic	none	_	_	_	_	_	_
617-5	PSB005	617	te	te	linguistic	none	_	End=1351.764	_	_	_	_
618-0	PSB005	618	è	è	linguistic	none	_	Begin=1352.784	_	_	_	_
618-1	PSB005	618	più::	più	linguistic	none	_	End=1353.567	2x2	_	_	_
619-0	PSB005	619	cioè	cioè	linguistic	none	_	Begin=1353.764	_	_	_	_
619-1	PSB005	619	tu	tu	linguistic	none	_	_	_	_	_	_
619-2	PSB005	619	ti	ti	linguistic	none	_	_	_	_	_	_
619-3	PSB005	619	trovi::	trovi	linguistic	none	_	End=1355.014	4x2	_	_	_
620-0	PSB005	620	aspetta	aspetta	linguistic	none	_	Begin=1355.572	_	_	_	_
620-1	PSB005	620	più	più	linguistic	none	_	_	_	_	_	_
620-2	PSB005	620	semplice	semplice	linguistic	none	_	End=1356.577	_	_	_	_
621-0	PSB005	621	e:hm	ehm	linguistic	none	_	Begin=1356.875	0x1	_	_	_
621-1	PSB005	621	è	è	linguistic	none	_	_	_	_	_	_
621-2	PSB005	621	più	più	linguistic	none	_	_	_	_	_	_
621-3	PSB005	621	difficile	difficile	linguistic	none	_	_	_	_	_	_
621-4	PSB005	621	capire:	capire	linguistic	none	_	End=1359.418	5x1	_	_	_
622-0	PSB005	622	o	o	linguistic	none	_	Begin=1360.062	_	_	_	_
622-1	PSB005	622	{P}	{P}	shortpause	none	_	_	_	_	_	_
622-2	PSB005	622	parlare	parlare	linguistic	none	_	_	_	_	_	_
622-3	PSB005	622	i[taliano]?	italiano	linguistic	none	Intonation=rising	End=1361.861	_	_	_	1-8(103)
623-0	PSB039	623	[parlare]	parlare	linguistic	none	_	Begin=1361.135	_	_	_	0-7(103)
623-1	PSB039	623	{P}	{P}	shortpause	none	_	_	_	_	_	_
623-2	PSB039	623	parlare	parlare	linguistic	none	_	_	_	_	_	_
623-3	PSB039	623	cento	cento	linguistic	none	_	_	_	_	_	_
623-4	PSB039	623	per	per	linguistic	none	_	_	_	_	_	_
623-5	PSB039	623	cento	cento	linguistic	none	_	_	_	_	_	_
623-6	PSB039	623	io	io	linguistic	none	_	_	_	_	_	_
623-7	PSB039	623	capisco::	capisco	linguistic	none	_	_	6x2	_	_	_
623-8	PSB039	623	m::h	mh	linguistic	none	_	_	0x2	_	_	_
623-9	PSB039	623	più	più	linguistic	none	_	_	_	_	_	_
623-10	PSB039	623	di:	di	linguistic	none	_	_	1x1	_	_	_
623-11	PSB039	623	di	di	linguistic	none	_	_	_	_	_	_
623-12	PSB039	623	posso:	posso	linguistic	none	_	_	4x1	_	_	_
623-13	PSB039	623	{P}	{P}	shortpause	none	_	_	_	_	_	_
623-14	PSB039	623	dire	dire	linguistic	none	_	End=1366.385	_	_	_	_
624-0	PSB005	624	mhmh	mhmh	linguistic	none	_	Begin=1366.5	_	_	_	_
624-1	PSB005	624	certo	certo	linguistic	none	_	End=1367.38	_	_	_	_
625-0	PSB005	625	così	così	linguistic	none	_	Begin=1367.976	_	_	_	_
625-1	PSB005	625	è	è	linguistic	none	_	_	_	_	_	_
625-2	PSB005	625	normale:	normale	linguistic	none	_	_	6x1	_	_	_
625-3	PSB005	625	diciamo	diciamo	linguistic	none	_	_	_	_	_	_
625-4	PSB005	625	il	il	linguistic	none	_	_	_	_	_	_
625-5	PSB005	625	modo	modo	linguistic	none	_	_	_	_	_	_
625-6	PSB005	625	normale	normale	linguistic	none	_	_	_	_	_	_
625-7	PSB005	625	{ride}	{ride}	nonverbalbehavior	none	_	End=1370.452	_	_	_	_
626-0	PSB005	626	e	e	linguistic	none	_	Begin=1370.639	_	_	_	_
626-1	PSB005	626	leggere	leggere	linguistic	none	_	_	_	_	_	_
626-2	PSB005	626	come	come	linguistic	none	_	_	_	_	_	_
626-3	PSB005	626	va?	va	linguistic	none	Intonation=rising	End=1371.88	_	_	_	_
627-0	PSB039	627	e:hm	ehm	linguistic	none	_	Begin=1372.437	0x1	_	_	_
627-1	PSB039	627	le~	le~	linguistic	none	Interrupted=Yes	_	_	_	_	_
627-2	PSB039	627	non	non	linguistic	none	_	_	_	_	_	_
627-3	PSB039	627	è	è	linguistic	none	_	_	_	_	_	_
627-4	PSB039	627	problema	problema	linguistic	none	_	_	_	_	_	_
627-5	PSB039	627	per	per	linguistic	none	_	_	_	_	_	_
627-6	PSB039	627	me:	me	linguistic	none	_	End=1374.423	1x1	_	_	_
628-0	PSB039	628	[leggere]	leggere	linguistic	none	_	Begin=1374.505	_	_	_	0-7(104)
628-1	PSB039	628	io:	io	linguistic	none	_	_	1x1	_	_	_
628-2	PSB039	628	io	io	linguistic	none	_	_	_	_	_	_
628-3	PSB039	628	posso	posso	linguistic	none	_	End=1376.096	_	_	_	_
629-0	PSB005	629	[mhmh]	mhmh	linguistic	none	_	Begin=1374.505|End=1374.832	_	_	_	0-4(104)
630-0	PSB039	630	c'	c'	linguistic	none	SpaceAfter=No	Begin=1376.231	_	_	_	_
630-1	PSB039	630	ho	ho	linguistic	none	_	_	_	_	_	_
630-2	PSB039	630	un	un	linguistic	none	_	_	_	_	_	_
630-3	PSB039	630	{P}	{P}	shortpause	none	_	_	_	_	_	_
630-4	PSB039	630	accento	accento	linguistic	none	_	_	_	_	_	_
630-5	PSB039	630	però	però	linguistic	none	_	End=1377.947	_	_	_	_
631-0	PSB039	631	p~	p~	linguistic	none	Interrupted=Yes	Begin=1378.163	_	_	_	_
631-1	PSB039	631	provo:	provo	linguistic	none	_	End=1379.149	4x1	_	_	_
632-0	PSB005	632	ma	ma	linguistic	none	_	Begin=1379.437	_	_	_	_
632-1	PSB005	632	dico	dico	linguistic	none	_	_	_	_	_	_
632-2	PSB005	632	capisci	capisci	linguistic	none	_	_	_	_	_	_
632-3	PSB005	632	però?	però	linguistic	none	Intonation=rising	End=1380.933	_	_	_	_
633-0	PSB005	633	a	a	linguistic	none	_	Begin=1381.562	_	_	_	_
633-1	PSB005	633	[parte	parte	linguistic	none	_	_	_	_	_	0-5(105)
633-2	PSB005	633	la	la	linguistic	none	_	_	_	_	_	0-2(105)
633-3	PSB005	633	lettura	lettura	linguistic	none	_	_	_	_	_	0-7(105)
633-4	PSB005	633	diciamo	diciamo	linguistic	none	_	_	_	_	_	0-7(105)
633-5	PSB005	633	ad	ad	linguistic	none	_	_	_	_	_	0-2(105)
633-6	PSB005	633	alta	alta	linguistic	none	_	_	_	_	_	0-4(105)
633-7	PSB005	633	voce]	voce	linguistic	none	_	End=1383.544	_	_	_	0-4(105)
634-0	PSB039	634	[e:hm	ehm	linguistic	none	_	Begin=1381.639	0x1	_	_	0-3(105)
634-1	PSB039	634	sì	sì	linguistic	none	_	_	_	_	_	0-2(105)
634-2	PSB039	634	e:hm]	ehm	linguistic	none	_	End=1383.544	0x1	_	_	0-3(105)
635-0	PSB039	635	sì:	sì	linguistic	none	_	Begin=1383.644|End=1384.163	1x1	_	_	_
636-0	PSB039	636	m:h	mh	linguistic	all	Language=NO_ISO_CODE	Begin=1384.413	0x1	_	_	_
636-1	PSB039	636	because	because	linguistic	all	Language=NO_ISO_CODE	_	_	_	_	_
636-2	PSB039	636	of	of	linguistic	all	Language=NO_ISO_CODE	_	_	_	_	_
636-3	PSB039	636	e:hm	ehm	linguistic	all	Language=NO_ISO_CODE	_	0x1	_	_	_
636-4	PSB039	636	context	context	linguistic	all	Language=NO_ISO_CODE	End=1386.519	_	_	_	_
638-0	PSB005	638	sì	sì	linguistic	none	_	Begin=1386.808	_	_	_	_
638-1	PSB005	638	sì	sì	linguistic	none	_	End=1387.221	_	_	_	_
639-0	PSB005	639	certamente	certamente	linguistic	none	_	Begin=1387.851|End=1388.548	_	_	_	_
640-0	PSB005	640	certamente	certamente	linguistic	none	_	Begin=1388.99	_	_	_	_
640-1	PSB005	640	e	e	linguistic	none	_	_	_	_	_	_
640-2	PSB005	640	{P}	{P}	shortpause	none	_	_	_	_	_	_
640-3	PSB005	640	in	in	linguistic	none	_	_	_	_	_	_
640-4	PSB005	640	generale	generale	linguistic	none	_	_	_	_	_	_
640-5	PSB005	640	gli	gli	linguistic	none	_	_	_	_	_	_
640-6	PSB005	640	italiani:	italiani	linguistic	none	_	End=1391.875	7x1	_	_	_
641-0	PSB005	641	cioè	cioè	linguistic	none	_	Begin=1392.894|End=1393.38	_	_	_	_
642-0	PSB005	642	m::h	mh	linguistic	none	_	Begin=1393.529|End=1394.192	0x2	_	_	_
643-0	PSB005	643	ti	ti	linguistic	none	_	Begin=1394.716	_	_	_	_
643-1	PSB005	643	aiutano	aiutano	linguistic	none	_	_	_	_	_	_
643-2	PSB005	643	quando	quando	linguistic	none	_	_	_	_	_	_
643-3	PSB005	643	cercano	cercano	linguistic	none	_	_	_	_	_	_
643-4	PSB005	643	di	di	linguistic	none	_	_	_	_	_	_
643-5	PSB005	643	parlare	parlare	linguistic	none	_	_	_	_	_	_
643-6	PSB005	643	con	con	linguistic	none	_	_	_	_	_	_
643-7	PSB005	643	te::	te	linguistic	none	_	End=1397.24	1x2	_	_	_
644-0	PSB005	644	non	non	linguistic	none	_	Begin=1397.269	_	_	_	_
644-1	PSB005	644	so	so	linguistic	none	_	_	_	_	_	_
644-2	PSB005	644	se	se	linguistic	none	_	_	_	_	_	_
644-3	PSB005	644	sei	sei	linguistic	none	_	_	_	_	_	_
644-4	PSB005	644	stato:	stato	linguistic	none	_	_	4x1	_	_	_
644-5	PSB005	644	per	per	linguistic	none	_	_	_	_	_	_
644-6	PSB005	644	esempio	esempio	linguistic	none	_	_	_	_	_	_
644-7	PSB005	644	dal	dal	linguistic	none	_	_	_	_	_	_
644-8	PSB005	644	medico	medico	linguistic	none	_	_	_	_	_	_
644-9	PSB005	644	o	o	linguistic	none	_	_	_	_	_	_
644-10	PSB005	644	in	in	linguistic	none	_	_	_	_	_	_
644-11	PSB005	644	un	un	linguistic	none	_	_	_	_	_	_
644-12	PSB005	644	negozio::	negozio	linguistic	none	_	End=1400.875	6x2	_	_	_
645-0	PSB005	645	cercano	cercano	linguistic	none	_	Begin=1401.341	_	_	_	_
645-1	PSB005	645	di	di	linguistic	none	_	_	_	_	_	_
645-2	PSB005	645	{P}	{P}	shortpause	none	_	_	_	_	_	_
645-3	PSB005	645	aiutarti	aiutarti	linguistic	none	_	_	_	_	_	_
645-4	PSB005	645	a	a	linguistic	none	_	_	_	_	_	_
645-5	PSB005	645	capire,	capire	linguistic	none	Intonation=weakly_rising	End=1403.904	_	_	_	_
646-0	PSB005	646	oppure	oppure	linguistic	none	_	Begin=1404.428	_	_	_	_
646-1	PSB005	646	{P}	{P}	shortpause	none	_	_	_	_	_	_
646-3	PSB005	646	non	non	linguistic	none	_	_	_	_	_	_
646-4	PSB005	646	si	si	linguistic	none	_	_	_	_	_	_
646-5	PSB005	646	sforzano	sforzano	linguistic	none	_	_	_	_	_	_
646-6	PSB005	646	per	per	linguistic	none	_	_	_	_	_	_
646-7	PSB005	646	niente?	niente	linguistic	none	Intonation=rising	End=1407.125	_	_	_	_
647-0	PSB039	647	e:hm	ehm	linguistic	none	_	Begin=1407.659	0x1	_	_	_
647-1	PSB039	647	quando:	quando	linguistic	none	_	_	5x1	_	_	_
647-2	PSB039	647	io	io	linguistic	none	_	_	_	_	_	_
647-3	PSB039	647	c'	c'	linguistic	none	SpaceAfter=No	_	_	_	_	_
647-4	PSB039	647	ho	ho	linguistic	none	_	_	_	_	_	_
647-5	PSB039	647	una	una	linguistic	none	_	_	_	_	_	_
647-6	PSB039	647	visita	visita	linguistic	none	_	_	_	_	_	_
647-7	PSB039	647	io::	io	linguistic	none	_	End=1410.413	1x2	_	_	_
648-0	PSB039	648	visita	visita	linguistic	none	_	Begin=1410.423	_	_	_	_
648-1	PSB039	648	o	o	linguistic	none	_	_	_	_	_	_
648-2	PSB039	648	qualcosa::	qualcosa	linguistic	none	_	_	7x2	_	_	_
648-3	PSB039	648	con::	con	linguistic	none	_	_	2x2	_	_	_
648-4	PSB039	648	con	con	linguistic	none	_	_	_	_	_	_
648-5	PSB039	648	document(i):	documenti	linguistic	none	_	_	8x1	_	8-9(0)	_
648-6	PSB039	648	e:hm	ehm	linguistic	none	_	_	0x1	_	_	_
648-7	PSB039	648	{P}	{P}	shortpause	none	_	_	_	_	_	_
648-8	PSB039	648	io	io	linguistic	none	_	_	_	_	_	_
648-9	PSB039	648	sempre	sempre	linguistic	none	_	_	_	_	_	_
648-10	PSB039	648	vado	vado	linguistic	none	_	_	_	_	_	_
648-11	PSB039	648	con	con	linguistic	none	_	_	_	_	_	_
648-12	PSB039	648	mia	mia	linguistic	none	_	_	_	_	_	_
648-13	PSB039	648	madre	madre	linguistic	none	_	_	_	_	_	_
648-14	PSB039	648	perché:	perché	linguistic	none	_	End=1416.812	5x1	_	_	_
649-0	PSB039	649	mh	mh	linguistic	none	_	Begin=1417.788|End=1418.322	_	_	_	_
650-0	PSB039	650	non	non	linguistic	none	_	Begin=1418.375	_	_	_	_
650-1	PSB039	650	{P}	{P}	shortpause	none	_	_	_	_	_	_
650-2	PSB039	650	non	non	linguistic	none	_	_	_	_	_	_
650-3	PSB039	650	tanto	tanto	linguistic	none	_	End=1420.139	_	_	_	_
651-0	PSB039	651	non	non	linguistic	none	_	Begin=1420.264	_	_	_	_
651-1	PSB039	651	tanti	tanti	linguistic	none	_	_	_	_	_	_
651-2	PSB039	651	italiani	italiani	linguistic	none	_	_	_	_	_	_
651-3	PSB039	651	e:::hm	ehm	linguistic	none	_	_	0x3	_	_	_
651-4	PSB039	651	lo	lo	linguistic	none	_	_	_	_	_	_
651-5	PSB039	651	sanno	sanno	linguistic	none	_	_	_	_	_	_
651-6	PSB039	651	il	il	linguistic	none	_	_	_	_	_	_
651-7	PSB039	651	inglese	inglese	linguistic	none	_	_	_	_	_	_
651-8	PSB039	651	[quindi	quindi	linguistic	none	_	_	_	_	_	0-6(106)
651-9	PSB039	651	°io°]	io	linguistic	none	Volume=low	End=1424.558	_	_	_	0-2(106)
652-0	PSB005	652	[mhmh]	mhmh	linguistic	none	_	Begin=1424.044|End=1424.42	_	_	_	0-4(106)
653-0	PSB039	653	io	io	linguistic	none	_	Begin=1425.221	_	_	_	_
653-1	PSB039	653	posso	posso	linguistic	none	_	_	_	_	_	_
653-2	PSB039	653	dire	dire	linguistic	none	_	_	_	_	_	_
653-3	PSB039	653	qualcosa:	qualcosa	linguistic	none	_	_	7x1	_	_	_
653-4	PSB039	653	semplice	semplice	linguistic	none	_	End=1427.597	_	_	_	_
654-0	PSB039	654	però:	però	linguistic	none	_	Begin=1427.608	3x1	_	_	_
654-1	PSB039	654	quando:	quando	linguistic	none	_	_	5x1	_	_	_
654-2	PSB039	654	è	è	linguistic	none	_	_	_	_	_	_
654-3	PSB039	654	una	una	linguistic	none	_	_	_	_	_	_
654-4	PSB039	654	cosa	cosa	linguistic	none	_	_	_	_	_	_
654-5	PSB039	654	un	un	linguistic	none	_	_	_	_	_	_
654-6	PSB039	654	po':	po'	linguistic	none	_	_	1x1	_	_	_
654-7	PSB039	654	più	più	linguistic	none	_	_	_	_	_	_
654-8	PSB039	654	difficile	difficile	linguistic	none	_	_	_	_	_	_
654-9	PSB039	654	io	io	linguistic	none	_	_	_	_	_	_
654-10	PSB039	654	non	non	linguistic	none	_	_	_	_	_	_
654-11	PSB039	654	{P}	{P}	shortpause	none	_	_	_	_	_	_
654-12	PSB039	654	non	non	linguistic	none	_	_	_	_	_	_
654-13	PSB039	654	riesco	riesco	linguistic	none	_	_	_	_	_	_
654-14	PSB039	654	a:	a	linguistic	none	_	End=1432.337	0x1	_	_	_
655-0	PSB005	655	mhmh	mhmh	linguistic	none	_	Begin=1432.354|End=1432.624	_	_	_	_
656-0	PSB005	656	certo	certo	linguistic	none	_	Begin=1433.619	_	_	_	_
656-1	PSB005	656	sì	sì	linguistic	none	_	_	_	_	_	_
656-2	PSB005	656	sì	sì	linguistic	none	_	_	_	_	_	_
656-3	PSB005	656	ho	ho	linguistic	none	_	_	_	_	_	_
656-4	PSB005	656	capito	capito	linguistic	none	_	_	_	_	_	_
656-5	PSB005	656	sì	sì	linguistic	none	_	_	_	_	_	_
656-6	PSB005	656	sì	sì	linguistic	none	_	End=1435.309	_	_	_	_
657-0	PSB005	657	va	va	linguistic	none	_	Begin=1435.856	_	_	_	_
657-1	PSB005	657	bene	bene	linguistic	none	_	_	_	_	_	_
657-2	PSB005	657	e:hm	ehm	linguistic	none	_	End=1437.326	0x1	_	_	_
658-0	PSB005	658	forse	forse	linguistic	none	_	Begin=1438.89	_	_	_	_
658-1	PSB005	658	possiamo	possiamo	linguistic	none	_	_	_	_	_	_
658-2	PSB005	658	anche	anche	linguistic	none	_	_	_	_	_	_
658-3	PSB005	658	salutarci	salutarci	linguistic	none	_	_	_	_	_	_
658-4	PSB005	658	cioè	cioè	linguistic	none	_	_	_	_	_	_
658-5	PSB005	658	forse	forse	linguistic	none	_	_	_	_	_	_
658-6	PSB005	658	possiamo	possiamo	linguistic	none	_	_	_	_	_	_
658-7	PSB005	658	anche	anche	linguistic	none	_	_	_	_	_	_
658-8	PSB005	658	s~	s~	linguistic	none	Interrupted=Yes	_	_	_	_	_
658-9	PSB005	658	e:hm	ehm	linguistic	none	_	_	0x1	_	_	_
658-10	PSB005	658	chiudere,	chiudere	linguistic	none	Intonation=weakly_rising	_	_	_	_	_
658-11	PSB005	658	un	un	linguistic	none	_	_	_	_	_	_
658-12	PSB005	658	mome:nto	momento	linguistic	none	_	_	3x1	_	_	_
658-13	PSB005	658	solo	solo	linguistic	none	_	_	_	_	_	_
658-14	PSB005	658	che	che	linguistic	none	_	End=1444.354	_	_	_	_
659-0	PSB005	659	°okay	okay	linguistic	none	Volume=low	Begin=1450.182	_	_	_	_
659-1	PSB005	659	vediamo°	vediamo	linguistic	none	Volume=low	End=1450.895	_	_	_	_
660-0	PSB005	660	°sì°	sì	linguistic	none	Volume=low	Begin=1452.829|End=1453.238	_	_	_	_
