token_id	speaker	tu_id	id	span	form	lemma	upos	xpos	feats	deprel	type	meta_label	variation	jefferson_feats	align	prolongations	pace	guesses	overlaps
0-0	PSB005	0	0	e	e	_	_	_	_	_	linguistic	_	none	_	Begin=0.18	_	_	_	_
0-1	PSB005	0	1	se	se	_	_	_	_	_	linguistic	_	none	_	_	_	_	_	_
0-2	PSB005	0	2	ti	ti	_	_	_	_	_	linguistic	_	none	_	_	_	_	_	_
0-3	PSB005	0	3	se	se	_	_	_	_	_	linguistic	_	none	_	_	_	_	_	_
0-4	PSB005	0	4	ti	ti	_	_	_	_	_	linguistic	_	none	_	_	_	_	_	_
0-5	PSB005	0	5	serve	serve	_	_	_	_	_	linguistic	_	none	_	_	_	_	_	_
0-6	PSB005	0	6	di	di	_	_	_	_	_	linguistic	_	none	_	_	_	_	_	_
0-7	PSB005	0	7	dirmi	dirmi	_	_	_	_	_	linguistic	_	none	_	_	_	_	_	_
0-8	PSB005	0	8	una	una	_	_	_	_	_	linguistic	_	none	_	_	_	_	_	_
0-9	PSB005	0	9	parola	parola	_	_	_	_	_	linguistic	_	none	_	_	_	_	_	_
0-10	PSB005	0	10	in	in	_	_	_	_	_	linguistic	_	none	_	_	_	_	_	_
0-11	PSB005	0	11	ingle:se	inglese	_	_	_	_	_	linguistic	_	none	_	_	4x1	_	_	_
0-12	PSB005	0	12	perché	perché	_	_	_	_	_	linguistic	_	none	_	_	_	_	_	_
0-13	PSB005	0	13	non	non	_	_	_	_	_	linguistic	_	none	_	_	_	_	_	_
0-14	PSB005	0	14	non	non	_	_	_	_	_	linguistic	_	none	_	_	_	_	_	_
0-15	PSB005	0	15	s~	s~	_	_	_	_	_	linguistic	_	none	Interrupted=Yes	_	_	_	_	_
0-16	PSB005	0	16	[non	non	_	_	_	_	_	linguistic	_	none	_	_	_	_	_	0-3(0)
0-17	PSB005	0	17	ci	ci	_	_	_	_	_	linguistic	_	none	_	_	_	_	_	0-2(0)
0-18	PSB005	0	18	so]no	sono	_	_	_	_	_	linguistic	_	none	_	_	_	_	_	0-2(0)
0-19	PSB005	0	19	problemi	problemi	_	_	_	_	_	linguistic	_	none	_	_	_	_	_	_
0-20	PSB005	0	20	<assolutamen[te>]	assolutamente	_	_	_	_	_	linguistic	_	none	_	End=6.989	_	Slow=0-13(0)	_	11-13(1)
1-0	PSB018	1	0	[eh	eh	_	_	_	_	_	linguistic	_	none	_	Begin=4.22	_	_	_	0-2(0)
1-1	PSB018	1	1	sì]	sì	_	_	_	_	_	linguistic	_	none	_	End=5.022	_	_	_	0-2(0)
2-0	PSB018	2	0	[sì	sì	_	_	_	_	_	linguistic	_	none	_	Begin=6.717	_	_	_	0-2(1)
2-1	PSB018	2	1	s]ì	sì	_	_	_	_	_	linguistic	_	none	_	_	_	_	_	0-1(1)
2-2	PSB018	2	2	perché:	perché	_	_	_	_	_	linguistic	_	none	_	_	5x1	_	_	_
2-3	PSB018	2	3	[i]l	il	_	_	_	_	_	linguistic	_	none	_	_	_	_	_	0-1(2)
2-4	PSB018	2	4	mio	mio	_	_	_	_	_	linguistic	_	none	_	_	_	_	_	_
2-5	PSB018	2	5	italiano	italiano	_	_	_	_	_	linguistic	_	none	_	_	_	_	_	_
2-6	PSB018	2	6	non	non	_	_	_	_	_	linguistic	_	none	_	_	_	_	_	_
2-7	PSB018	2	7	è	è	_	_	_	_	_	linguistic	_	none	_	_	_	_	_	_
2-8	PSB018	2	8	abbastanza	abbastanza	_	_	_	_	_	linguistic	_	none	_	_	_	_	_	_
2-9	PSB018	2	9	per	per	_	_	_	_	_	linguistic	_	none	_	_	_	_	_	_
2-10	PSB018	2	10	fare	fare	_	_	_	_	_	linguistic	_	none	_	_	_	_	_	_
2-11	PSB018	2	11	qualche	qualche	_	_	_	_	_	linguistic	_	none	_	_	_	_	_	_
2-12	PSB018	2	12	ricerca,	ricerca	_	_	_	_	_	linguistic	_	none	Intonation=WeaklyRising	End=12.13	_	_	_	_
3-0	PSB005	3	0	[sì]	sì	_	_	_	_	_	linguistic	_	none	_	Begin=8.065|End=8.489	_	_	_	0-2(2)
4-0	PSB018	4	0	((ride))	((ride))	_	_	_	_	_	nonverbalbehavior	_	none	_	Begin=12.58	_	_	_	_
4-1	PSB018	4	1	[ma:]	ma	_	_	_	_	_	linguistic	_	none	_	_	1x1	_	_	0-2(3)
4-2	PSB018	4	2	ah	ah	_	_	_	_	_	linguistic	_	none	_	_	_	_	_	_
4-3	PSB018	4	3	io:	io	_	_	_	_	_	linguistic	_	none	_	End=15.935	1x1	_	_	_
5-0	PSB005	5	0	no	no	_	_	_	_	_	linguistic	_	none	_	Begin=13.31	_	_	_	_
5-1	PSB005	5	1	m[a	ma	_	_	_	_	_	linguistic	_	none	_	_	_	_	_	1-2(3)
5-2	PSB005	5	2	(mi	mi	_	_	_	_	_	linguistic	_	none	_	_	_	_	0-2(0)	0-2(3)
5-3	PSB005	5	3	mi)]	mi	_	_	_	_	_	linguistic	_	none	_	End=14.554	_	_	0-2(0)	0-2(3)
6-0	PSB018	6	0	capisco	capisco	_	_	_	_	_	linguistic	_	none	_	Begin=16.17	_	_	_	_
6-1	PSB018	6	1	che	che	_	_	_	_	_	linguistic	_	none	_	_	_	_	_	_
6-2	PSB018	6	2	tipo	tipo	_	_	_	_	_	linguistic	_	none	_	_	_	_	_	_
6-3	PSB018	6	3	d(e)	de	_	_	_	_	_	linguistic	_	none	_	_	_	_	1-2(0)	_
6-4	PSB018	6	4	ricerca	ricerca	_	_	_	_	_	linguistic	_	none	_	_	_	_	_	_
6-5	PSB018	6	5	questo	questo	_	_	_	_	_	linguistic	_	none	_	_	_	_	_	_
6-6	PSB018	6	6	è	è	_	_	_	_	_	linguistic	_	none	PauseAfter=Yes	_	_	_	_	_
6-7	PSB018	6	7	[(.)]	(.)	_	_	_	_	_	shortpause	_	none	_	_	_	_	_	X(4)
6-8	PSB018	6	8	eh	eh	_	_	_	_	_	linguistic	_	none	_	_	_	_	_	_
6-9	PSB018	6	9	forse:	forse	_	_	_	_	_	linguistic	_	none	_	End=21.09	4x1	_	_	_
7-0	PSB005	7	0	[mhmh]	mhmh	_	_	_	_	_	linguistic	_	none	_	Begin=19.304|End=19.641	_	_	_	0-4(4)
8-0	PSB018	8	0	persone	persone	_	_	_	_	_	linguistic	_	none	_	Begin=21.58	_	_	_	_
8-1	PSB018	8	1	come	come	_	_	_	_	_	linguistic	_	none	_	_	_	_	_	_
8-2	PSB018	8	2	io:	io	_	_	_	_	_	linguistic	_	none	_	_	1x1	_	_	_
8-3	PSB018	8	3	eh	eh	_	_	_	_	_	linguistic	_	none	_	_	_	_	_	_
8-4	PSB018	8	4	con	con	_	_	_	_	_	linguistic	_	none	_	_	_	_	_	_
8-5	PSB018	8	5	il:	il	_	_	_	_	_	linguistic	_	none	_	_	1x1	_	_	_
8-6	PSB018	8	6	livello	livello	_	_	_	_	_	linguistic	_	none	_	_	_	_	_	_
8-7	PSB018	8	7	di	di	_	_	_	_	_	linguistic	_	none	_	_	_	_	_	_
8-8	PSB018	8	8	italiano	italiano	_	_	_	_	_	linguistic	_	none	PauseAfter=Yes	_	_	_	_	_
8-9	PSB018	8	9	(.)	(.)	_	_	_	_	_	shortpause	_	none	_	_	_	_	_	_
8-10	PSB018	8	10	basso	basso	_	_	_	_	_	linguistic	_	none	_	End=28.0	_	_	_	_
9-0	PSB018	9	0	eh	eh	_	_	_	_	_	linguistic	_	none	_	Begin=28.4	_	_	_	_
9-1	PSB018	9	1	<forse	forse	_	_	_	_	_	linguistic	_	none	_	_	_	Slow=0-5(0)	_	_
9-2	PSB018	9	2	può	può	_	_	_	_	_	linguistic	_	none	_	_	_	Slow=0-3(0)	_	_
9-3	PSB018	9	3	aiutare>	aiutare	_	_	_	_	_	linguistic	_	none	_	_	_	Slow=0-7(0)	_	_
9-4	PSB018	9	4	eh	eh	_	_	_	_	_	linguistic	_	none	_	_	_	_	_	_
9-5	PSB018	9	5	[st]en~	sten~	_	_	_	_	_	linguistic	_	none	Interrupted=Yes	_	_	_	_	0-2(5)
9-6	PSB018	9	6	straniere	straniere	_	_	_	_	_	linguistic	_	none	_	_	_	_	_	_
9-7	PSB018	9	7	m:h	mh	_	_	_	_	_	linguistic	_	none	_	End=34.5	0x1	_	_	_
10-0	PSB005	10	0	[mh]	mh	_	_	_	_	_	linguistic	_	none	_	Begin=31.902|End=32.25	_	_	_	0-2(5)
11-0	PSB018	11	0	in	in	_	_	_	_	_	linguistic	_	none	_	Begin=34.946	_	_	_	_
11-1	PSB018	11	1	fu~	fu~	_	_	_	_	_	linguistic	_	none	Interrupted=Yes	_	_	_	_	_
11-2	PSB018	11	2	no	no	_	_	_	_	_	linguistic	_	none	_	_	_	_	_	_
11-3	PSB018	11	3	in	in	_	_	_	_	_	linguistic	_	none	_	_	_	_	_	_
11-4	PSB018	11	4	futuro	futuro	_	_	_	_	_	linguistic	_	none	_	_	_	_	_	_
11-5	PSB018	11	5	ma	ma	_	_	_	_	_	linguistic	_	none	_	_	_	_	_	_
11-6	PSB018	11	6	sì	sì	_	_	_	_	_	linguistic	_	none	_	_	_	_	_	_
11-7	PSB018	11	7	sì	sì	_	_	_	_	_	linguistic	_	none	_	_	_	_	_	_
11-8	PSB018	11	8	in	in	_	_	_	_	_	linguistic	_	none	_	_	_	_	_	_
11-9	PSB018	11	9	fu[turo]	futuro	_	_	_	_	_	linguistic	_	none	_	_	_	_	_	2-6(6)
11-10	PSB018	11	10	e:hm	ehm	_	_	_	_	_	linguistic	_	none	_	End=38.67	0x1	_	_	_
12-0	PSB005	12	0	[°sì	sì	_	_	_	_	_	linguistic	_	none	Volume=low	Begin=37.087	_	_	_	0-2(6)
12-1	PSB005	12	1	sì°]	sì	_	_	_	_	_	linguistic	_	none	Volume=low	End=37.515	_	_	_	0-2(6)
13-0	PSB018	13	0	study	study	_	_	_	_	_	linguistic	_	all	Language=NO_ISO_CODE|Variation=Token	Begin=40.39|End=40.81	_	_	_	_
14-0	PSB005	14	0	sì	sì	_	_	_	_	_	linguistic	_	none	_	Begin=41.42|End=41.7	_	_	_	_
15-0	PSB018	15	0	stu~	stu~	_	_	_	_	_	linguistic	_	none	Interrupted=Yes	Begin=41.902	_	_	_	_
15-1	PSB018	15	1	st[udio]	studio	_	_	_	_	_	linguistic	_	none	_	End=42.946	_	_	_	2-6(7)
16-0	PSB005	16	0	[studio]	studio	_	_	_	_	_	linguistic	_	none	_	Begin=42.43	_	_	_	0-6(7)
16-1	PSB005	16	1	studio	studio	_	_	_	_	_	linguistic	_	none	_	_	_	_	_	_
16-2	PSB005	16	2	[sì	sì	_	_	_	_	_	linguistic	_	none	_	_	_	_	_	0-2(8)
16-3	PSB005	16	3	sì]	sì	_	_	_	_	_	linguistic	_	none	_	End=43.793	_	_	_	0-2(8)
17-0	PSB018	17	0	[studio:]	studio	_	_	_	_	_	linguistic	_	none	_	Begin=43.207	5x1	_	_	0-6(8)
17-1	PSB018	17	1	le	le	_	_	_	_	_	linguistic	_	none	_	_	_	_	_	_
17-2	PSB018	17	2	lingue	lingue	_	_	_	_	_	linguistic	_	none	_	_	_	_	_	_
17-3	PSB018	17	3	e:	e	_	_	_	_	_	linguistic	_	none	_	_	0x1	_	_	_
17-4	PSB018	17	4	esa[ttame]nte	esattamente	_	_	_	_	_	linguistic	_	none	_	_	_	_	_	3-8(9)
17-5	PSB018	17	5	la	la	_	_	_	_	_	linguistic	_	none	_	_	_	_	_	_
17-6	PSB018	17	6	studio	studio	_	_	_	_	_	linguistic	_	none	_	_	_	_	_	_
17-7	PSB018	17	7	la	la	_	_	_	_	_	linguistic	_	none	_	_	_	_	_	_
17-8	PSB018	17	8	lingua	lingua	_	_	_	_	_	linguistic	_	none	_	_	_	_	_	_
17-9	PSB018	17	9	i~	i~	_	_	_	_	_	linguistic	_	none	Interrupted=Yes	_	_	_	_	_
17-10	PSB018	17	10	italiana	italiana	_	_	_	_	_	linguistic	_	none	_	End=48.167	_	_	_	_
18-0	PSB005	18	0	[mhmh]	mhmh	_	_	_	_	_	linguistic	_	none	_	Begin=45.064|End=45.371	_	_	_	0-4(9)
19-0	PSB005	19	0	comunque	comunque	_	_	_	_	_	linguistic	_	none	_	Begin=48.389	_	_	_	_
19-1	PSB005	19	1	non:	non	_	_	_	_	_	linguistic	_	none	PauseAfter=Yes	_	2x1	_	_	_
19-2	PSB005	19	2	(.)	(.)	_	_	_	_	_	shortpause	_	none	_	_	_	_	_	_
19-3	PSB005	19	3	il	il	_	_	_	_	_	linguistic	_	none	_	_	_	_	_	_
19-4	PSB005	19	4	tuo	tuo	_	_	_	_	_	linguistic	_	none	_	_	_	_	_	_
19-5	PSB005	19	5	italiano	italiano	_	_	_	_	_	linguistic	_	none	_	_	_	_	_	_
19-6	PSB005	19	6	va	va	_	_	_	_	_	linguistic	_	none	_	_	_	_	_	_
19-7	PSB005	19	7	((ride))	((ride))	_	_	_	_	_	nonverbalbehavior	_	none	_	_	_	_	_	_
19-8	PSB005	19	8	va	va	_	_	_	_	_	linguistic	_	none	_	_	_	_	_	_
19-9	PSB005	19	9	benissimo	benissimo	_	_	_	_	_	linguistic	_	none	_	End=53.056	_	_	_	_
20-0	PSB018	20	0	((ride))	((ride))	_	_	_	_	_	nonverbalbehavior	_	none	_	Begin=51.167|End=52.148	_	_	_	_
21-0	PSB018	21	0	eh	eh	_	_	_	_	_	linguistic	_	none	_	Begin=53.111	_	_	_	_
21-1	PSB018	21	1	gra[zie	grazie	_	_	_	_	_	linguistic	_	none	_	_	_	_	_	3-6(11)
21-2	PSB018	21	2	mi	mi	_	_	_	_	_	linguistic	_	none	_	_	_	_	_	0-2(11)
21-3	PSB018	21	3	è	è	_	_	_	_	_	linguistic	_	none	_	_	_	_	_	0-1(11)
21-4	PSB018	21	4	molto	molto	_	_	_	_	_	linguistic	_	none	_	_	_	_	_	0-5(11)
21-5	PSB018	21	5	di	di	_	_	_	_	_	linguistic	_	none	_	_	_	_	_	0-2(11)
21-6	PSB018	21	6	non	non	_	_	_	_	_	linguistic	_	none	_	_	_	_	_	0-3(11)
21-7	PSB018	21	7	(dire)]	dire	_	_	_	_	_	linguistic	_	none	_	End=55.296	_	_	0-4(0)	0-4(11)
22-0	PSB005	22	0	[sì	sì	_	_	_	_	_	linguistic	_	none	_	Begin=53.611	_	_	_	0-2(11)
22-1	PSB005	22	1	sì	sì	_	_	_	_	_	linguistic	_	none	_	_	_	_	_	0-2(11)
22-2	PSB005	22	2	sì	sì	_	_	_	_	_	linguistic	_	none	_	_	_	_	_	0-2(11)
22-3	PSB005	22	3	sì	sì	_	_	_	_	_	linguistic	_	none	_	_	_	_	_	0-2(11)
22-4	PSB005	22	4	sì]	sì	_	_	_	_	_	linguistic	_	none	_	_	_	_	_	0-2(11)
22-5	PSB005	22	5	no	no	_	_	_	_	_	linguistic	_	none	_	_	_	_	_	_
22-6	PSB005	22	6	non:	non	_	_	_	_	_	linguistic	_	none	PauseAfter=Yes	_	2x1	_	_	_
22-7	PSB005	22	7	(.)	(.)	_	_	_	_	_	shortpause	_	none	_	_	_	_	_	_
22-8	PSB005	22	8	non	non	_	_	_	_	_	linguistic	_	none	_	_	_	_	_	_
22-9	PSB005	22	9	ci	ci	_	_	_	_	_	linguistic	_	none	_	_	_	_	_	_
22-10	PSB005	22	10	sono	sono	_	_	_	_	_	linguistic	_	none	_	_	_	_	_	_
22-11	PSB005	22	11	problemi	problemi	_	_	_	_	_	linguistic	_	none	_	_	_	_	_	_
22-12	PSB005	22	12	anche	anche	_	_	_	_	_	linguistic	_	none	_	_	_	_	_	_
22-13	PSB005	22	13	perché	perché	_	_	_	_	_	linguistic	_	none	_	_	_	_	_	_
22-14	PSB005	22	14	per	per	_	_	_	_	_	linguistic	_	none	_	_	_	_	_	_
22-15	PSB005	22	15	noi	noi	_	_	_	_	_	linguistic	_	none	_	_	_	_	_	_
22-16	PSB005	22	16	il	il	_	_	_	_	_	linguistic	_	none	_	_	_	_	_	_
22-17	PSB005	22	17	livello,	livello	_	_	_	_	_	linguistic	_	none	Intonation=WeaklyRising|PauseAfter=Yes	_	_	_	_	_
22-18	PSB005	22	18	(.)	(.)	_	_	_	_	_	shortpause	_	none	_	_	_	_	_	_
22-19	PSB005	22	19	non	non	_	_	_	_	_	linguistic	_	none	_	_	_	_	_	_
22-20	PSB005	22	20	è	è	_	_	_	_	_	linguistic	_	none	_	_	_	_	_	_
22-21	PSB005	22	21	importa[nte]	importante	_	_	_	_	_	linguistic	_	none	_	End=61.481	_	_	_	7-10(12)
23-0	PSB018	23	0	[eh	eh	_	_	_	_	_	linguistic	_	none	_	Begin=61.0	_	_	_	0-2(12)
23-1	PSB018	23	1	s:]ì	sì	_	_	_	_	_	linguistic	_	none	_	_	0x1	_	_	0-1(12)
23-2	PSB018	23	2	immagin[o]	immagino	_	_	_	_	_	linguistic	_	none	_	End=62.389	_	_	_	7-8(13)
24-0	PSB005	24	0	[a]nche	anche	_	_	_	_	_	linguistic	_	none	_	Begin=62.315	_	_	_	0-1(13)
24-1	PSB005	24	1	e:h	eh	_	_	_	_	_	linguistic	_	none	PauseAfter=Yes	_	0x1	_	_	_
24-2	PSB005	24	2	(.)	(.)	_	_	_	_	_	shortpause	_	none	_	_	_	_	_	_
24-3	PSB005	24	3	io	io	_	_	_	_	_	linguistic	_	none	_	_	_	_	_	_
24-4	PSB005	24	4	ho	ho	_	_	_	_	_	linguistic	_	none	_	_	_	_	_	_
24-5	PSB005	24	5	intervistato	intervistato	_	_	_	_	_	linguistic	_	none	_	_	_	_	_	_
24-6	PSB005	24	6	anche	anche	_	_	_	_	_	linguistic	_	none	_	_	_	_	_	_
24-7	PSB005	24	7	persone:	persone	_	_	_	_	_	linguistic	_	none	PauseAfter=Yes	_	6x1	_	_	_
24-8	PSB005	24	8	(.)	(.)	_	_	_	_	_	shortpause	_	none	_	_	_	_	_	_
24-9	PSB005	24	9	che	che	_	_	_	_	_	linguistic	_	none	_	_	_	_	_	_
24-10	PSB005	24	10	erano	erano	_	_	_	_	_	linguistic	_	none	_	_	_	_	_	_
24-11	PSB005	24	11	nate	nate	_	_	_	_	_	linguistic	_	none	_	_	_	_	_	_
24-12	PSB005	24	12	qui	qui	_	_	_	_	_	linguistic	_	none	_	_	_	_	_	_
24-13	PSB005	24	13	che	che	_	_	_	_	_	linguistic	_	none	_	_	_	_	_	_
24-14	PSB005	24	14	sono	sono	_	_	_	_	_	linguistic	_	none	_	_	_	_	_	_
24-15	PSB005	24	15	nate	nate	_	_	_	_	_	linguistic	_	none	_	_	_	_	_	_
24-16	PSB005	24	16	qui	qui	_	_	_	_	_	linguistic	_	none	PauseAfter=Yes	_	_	_	_	_
24-17	PSB005	24	17	(.)	(.)	_	_	_	_	_	shortpause	_	none	_	_	_	_	_	_
24-18	PSB005	24	18	[quindi	quindi	_	_	_	_	_	linguistic	_	none	_	_	_	_	_	0-6(14)
24-19	PSB005	24	19	ci]	ci	_	_	_	_	_	linguistic	_	none	_	_	_	_	_	0-2(14)
24-20	PSB005	24	20	interessa	interessa	_	_	_	_	_	linguistic	_	none	_	_	_	_	_	_
24-21	PSB005	24	21	più:	più	_	_	_	_	_	linguistic	_	none	PauseAfter=Yes	_	2x1	_	_	_
24-22	PSB005	24	22	(.)	(.)	_	_	_	_	_	shortpause	_	none	_	_	_	_	_	_
24-23	PSB005	24	23	vedere	vedere	_	_	_	_	_	linguistic	_	none	_	_	_	_	_	_
24-24	PSB005	24	24	diversi	diversi	_	_	_	_	_	linguistic	_	none	_	_	_	_	_	_
24-25	PSB005	24	25	modi	modi	_	_	_	_	_	linguistic	_	none	_	_	_	_	_	_
24-26	PSB005	24	26	di	di	_	_	_	_	_	linguistic	_	none	_	_	_	_	_	_
24-27	PSB005	24	27	parlare	parlare	_	_	_	_	_	linguistic	_	none	_	_	_	_	_	_
24-28	PSB005	24	28	italiano	italiano	_	_	_	_	_	linguistic	_	none	_	_	_	_	_	_
24-29	PSB005	24	29	[anche	anche	_	_	_	_	_	linguistic	_	none	_	_	_	_	_	0-5(15)
24-30	PSB005	24	30	se	se	_	_	_	_	_	linguistic	_	none	_	_	_	_	_	0-2(15)
24-31	PSB005	24	31	sì]	sì	_	_	_	_	_	linguistic	_	none	_	_	_	_	_	0-2(15)
24-32	PSB005	24	32	sì	sì	_	_	_	_	_	linguistic	_	none	_	_	_	_	_	_
24-33	PSB005	24	33	anche	anche	_	_	_	_	_	linguistic	_	none	_	_	_	_	_	_
24-34	PSB005	24	34	se	se	_	_	_	_	_	linguistic	_	none	_	_	_	_	_	_
24-35	PSB005	24	35	m:h	mh	_	_	_	_	_	linguistic	_	none	_	End=75.774	0x1	_	_	_
25-0	PSB018	25	0	[mhmh]	mhmh	_	_	_	_	_	linguistic	_	none	_	Begin=67.796|End=68.333	_	_	_	0-4(14)
26-0	PSB018	26	0	[sì	sì	_	_	_	_	_	linguistic	_	none	_	Begin=73.113	_	_	_	0-2(15)
26-1	PSB018	26	1	sì	sì	_	_	_	_	_	linguistic	_	none	_	_	_	_	_	0-2(15)
26-2	PSB018	26	2	e	e	_	_	_	_	_	linguistic	_	none	_	_	_	_	_	0-1(15)
26-3	PSB018	26	3	questo	questo	_	_	_	_	_	linguistic	_	none	_	_	_	_	_	0-6(15)
26-4	PSB018	26	4	è	è	_	_	_	_	_	linguistic	_	none	_	_	_	_	_	0-1(15)
26-5	PSB018	26	5	chiaro]	chiaro	_	_	_	_	_	linguistic	_	none	_	End=74.336	_	_	_	0-6(15)
27-0	PSB005	27	0	sia	sia	_	_	_	_	_	linguistic	_	none	_	Begin=76.37	_	_	_	_
27-1	PSB005	27	1	livello	livello	_	_	_	_	_	linguistic	_	none	_	_	_	_	_	_
27-2	PSB005	27	2	molto	molto	_	_	_	_	_	linguistic	_	none	_	_	_	_	_	_
27-3	PSB005	27	3	basso	basso	_	_	_	_	_	linguistic	_	none	_	_	_	_	_	_
27-4	PSB005	27	4	sia	sia	_	_	_	_	_	linguistic	_	none	_	_	_	_	_	_
27-5	PSB005	27	5	livello	livello	_	_	_	_	_	linguistic	_	none	_	_	_	_	_	_
27-6	PSB005	27	6	molto	molto	_	_	_	_	_	linguistic	_	none	_	_	_	_	_	_
27-7	PSB005	27	7	alto	alto	_	_	_	_	_	linguistic	_	none	_	_	_	_	_	_
27-8	PSB005	27	8	non:	non	_	_	_	_	_	linguistic	_	none	_	_	2x1	_	_	_
27-9	PSB005	27	9	non	non	_	_	_	_	_	linguistic	_	none	_	_	_	_	_	_
27-10	PSB005	27	10	c'	c'	_	_	_	_	_	linguistic	_	none	SpaceAfter=No	_	_	_	_	_
27-11	PSB005	27	11	è	è	_	_	_	_	_	linguistic	_	none	_	_	_	_	_	_
27-12	PSB005	27	12	problema	problema	_	_	_	_	_	linguistic	_	none	_	_	_	_	_	_
27-13	PSB005	27	13	[°sì°]	sì	_	_	_	_	_	linguistic	_	none	Volume=low	End=81.833	_	_	_	0-2(16)
28-0	PSB018	28	0	[non	non	_	_	_	_	_	linguistic	_	none	_	Begin=81.519	_	_	_	0-3(16)
28-1	PSB018	28	1	c'	c'	_	_	_	_	_	linguistic	_	none	SpaceAfter=No	_	_	_	_	0-2(16)
28-2	PSB018	28	2	]è	è	_	_	_	_	_	linguistic	_	none	_	_	_	_	_	_
28-3	PSB018	28	3	problema	problema	_	_	_	_	_	linguistic	_	none	_	_	_	_	_	_
28-4	PSB018	28	4	ma	ma	_	_	_	_	_	linguistic	_	none	_	_	_	_	_	_
28-5	PSB018	28	5	l'	l'	_	_	_	_	_	linguistic	_	none	SpaceAfter=No	_	_	_	_	_
28-6	PSB018	28	6	unica	unica	_	_	_	_	_	linguistic	_	none	_	_	_	_	_	_
28-7	PSB018	28	7	cosa	cosa	_	_	_	_	_	linguistic	_	none	_	_	_	_	_	3-4(17)
28-8	PSB018	28	8	[se:]	se	_	_	_	_	_	linguistic	_	none	_	_	1x1	_	_	0-2(17)
28-9	PSB018	28	9	il	il	_	_	_	_	_	linguistic	_	none	_	_	_	_	_	_
28-10	PSB018	28	10	mio	mio	_	_	_	_	_	linguistic	_	none	_	_	_	_	_	_
28-11	PSB018	28	11	italiano	italiano	_	_	_	_	_	linguistic	_	none	_	_	_	_	_	_
28-12	PSB018	28	12	era	era	_	_	_	_	_	linguistic	_	none	_	_	_	_	_	_
28-13	PSB018	28	13	sarà	sarà	_	_	_	_	_	linguistic	_	none	_	_	_	_	_	_
28-14	PSB018	28	14	ne	ne	_	_	_	_	_	linguistic	_	none	_	_	_	_	_	_
28-15	PSB018	28	15	abbastanza	abbastanza	_	_	_	_	_	linguistic	_	none	_	_	_	_	_	_
28-16	PSB018	28	16	per	per	_	_	_	_	_	linguistic	_	none	_	_	_	_	_	_
28-17	PSB018	28	17	m:h	mh	_	_	_	_	_	linguistic	_	none	_	End=89.222	0x1	_	_	_
29-0	PSB005	29	0	[°mhmh°]	mhmh	_	_	_	_	_	linguistic	_	none	Volume=low	Begin=83.722|End=84.13	_	_	_	0-4(17)
30-0	PSB018	30	0	answer	answer	_	_	_	_	_	linguistic	_	all	Language=NO_ISO_CODE|Variation=Token	Begin=91.185|End=92.092	_	_	_	_
32-0	PSB005	32	0	per	per	_	_	_	_	_	linguistic	_	none	_	Begin=92.389	_	_	_	_
32-1	PSB005	32	1	rispond[ere]?	rispondere	_	_	_	_	_	linguistic	_	none	Intonation=Rising	End=93.185	_	_	_	7-10(18)
33-0	PSB018	33	0	[eh	eh	_	_	_	_	_	linguistic	_	none	_	Begin=92.889	_	_	_	0-2(18)
33-1	PSB018	33	1	ris]pondere	rispondere	_	_	_	_	_	linguistic	_	none	_	_	_	_	_	0-3(18)
33-2	PSB018	33	2	i	i	_	_	_	_	_	linguistic	_	none	_	_	_	_	_	_
33-3	PSB018	33	3	tuoi[:]	tuoi	_	_	_	_	_	linguistic	_	none	_	End=95.333	3x1	_	_	_
34-0	PSB005	34	0	[sì]	sì	_	_	_	_	_	linguistic	_	none	PauseAfter=Yes	Begin=94.944	_	_	_	0-2(19)
34-1	PSB005	34	1	(.)	(.)	_	_	_	_	_	shortpause	_	none	_	_	_	_	_	_
34-2	PSB005	34	2	°sì	sì	_	_	_	_	_	linguistic	_	none	Volume=low	_	_	_	_	_
34-3	PSB005	34	3	sì	sì	_	_	_	_	_	linguistic	_	none	Volume=low	_	_	_	_	_
34-4	PSB005	34	4	sì°	sì	_	_	_	_	_	linguistic	_	none	Volume=low	End=96.833	_	_	_	_
35-0	PSB018	35	0	domande	domande	_	_	_	_	_	linguistic	_	none	_	Begin=96.815|End=97.426	_	_	_	_
36-0	PSB005	36	0	vedrai	vedrai	_	_	_	_	_	linguistic	_	none	_	Begin=97.426|End=98.037	_	_	_	_
37-0	PSB018	37	0	oka[y	okay	_	_	_	_	_	linguistic	_	none	_	Begin=98.204	_	_	_	3-4(21)
37-1	PSB018	37	1	>sì	sì	_	_	_	_	_	linguistic	_	none	_	_	_	Fast=0-2(0)	_	0-2(21)
37-2	PSB018	37	2	sì<	sì	_	_	_	_	_	linguistic	_	none	_	_	_	Fast=0-2(0)	_	0-2(21)
37-3	PSB018	37	3	ma	ma	_	_	_	_	_	linguistic	_	none	_	_	_	_	_	0-2(21)
37-4	PSB018	37	4	proviamo]	proviamo	_	_	_	_	_	linguistic	_	none	_	_	_	_	_	0-8(21)
37-5	PSB018	37	5	((ride))	((ride))	_	_	_	_	_	nonverbalbehavior	_	none	_	End=100.611	_	_	_	_
38-0	PSB005	38	0	[vedrai	vedrai	_	_	_	_	_	linguistic	_	none	_	Begin=98.426	_	_	_	0-6(21)
38-1	PSB005	38	1	che	che	_	_	_	_	_	linguistic	_	none	_	_	_	_	_	0-3(21)
38-2	PSB005	38	2	sono	sono	_	_	_	_	_	linguistic	_	none	PauseAfter=Yes	_	_	_	_	0-4(21)
38-3	PSB005	38	3	(.)	(.)	_	_	_	_	_	shortpause	_	none	_	_	_	_	_	X(21)
38-4	PSB005	38	4	molto	molto	_	_	_	_	_	linguistic	_	none	_	_	_	_	_	0-5(21)
38-5	PSB005	38	5	di	di	_	_	_	_	_	linguistic	_	none	_	_	_	_	_	0-2(21)
38-6	PSB005	38	6	bas]e	base	_	_	_	_	_	linguistic	_	none	_	_	_	_	_	0-3(21)
38-7	PSB005	38	7	allora	allora	_	_	_	_	_	linguistic	_	none	_	_	_	_	_	_
38-8	PSB005	38	8	se	se	_	_	_	_	_	linguistic	_	none	_	_	_	_	_	_
38-9	PSB005	38	9	sei	sei	_	_	_	_	_	linguistic	_	none	_	_	_	_	_	_
38-10	PSB005	38	10	d'	d'	_	_	_	_	_	linguistic	_	none	SpaceAfter=No	_	_	_	_	_
38-11	PSB005	38	11	accordo	accordo	_	_	_	_	_	linguistic	_	none	_	_	_	_	_	_
38-12	PSB005	38	12	eh	eh	_	_	_	_	_	linguistic	_	none	_	_	_	_	_	_
38-13	PSB005	38	13	prima	prima	_	_	_	_	_	linguistic	_	none	_	_	_	_	_	_
38-14	PSB005	38	14	mi	mi	_	_	_	_	_	linguistic	_	none	_	_	_	_	_	_
38-15	PSB005	38	15	stavi	stavi	_	_	_	_	_	linguistic	_	none	_	_	_	_	_	_
38-16	PSB005	38	16	raccontando	raccontando	_	_	_	_	_	linguistic	_	none	_	_	_	_	_	_
38-17	PSB005	38	17	eh	eh	_	_	_	_	_	linguistic	_	none	_	_	_	_	_	_
38-18	PSB005	38	18	dei	dei	_	_	_	_	_	linguistic	_	none	_	_	_	_	_	_
38-19	PSB005	38	19	m:h	mh	_	_	_	_	_	linguistic	_	none	_	_	0x1	_	_	_
38-20	PSB005	38	20	di	di	_	_	_	_	_	linguistic	_	none	_	_	_	_	_	_
38-21	PSB005	38	21	che	che	_	_	_	_	_	linguistic	_	none	_	_	_	_	_	_
38-22	PSB005	38	22	cosa	cosa	_	_	_	_	_	linguistic	_	none	_	_	_	_	_	_
38-23	PSB005	38	23	hai	hai	_	_	_	_	_	linguistic	_	none	_	_	_	_	_	_
38-24	PSB005	38	24	studiato	studiato	_	_	_	_	_	linguistic	_	none	_	End=108.241	_	_	_	_
39-0	PSB005	39	0	mi	mi	_	_	_	_	_	linguistic	_	none	_	Begin=108.49	_	_	_	_
39-1	PSB005	39	1	hai	hai	_	_	_	_	_	linguistic	_	none	_	_	_	_	_	_
39-2	PSB005	39	2	detto	detto	_	_	_	_	_	linguistic	_	none	_	_	_	_	_	_
39-3	PSB005	39	3	che	che	_	_	_	_	_	linguistic	_	none	_	_	_	_	_	_
39-4	PSB005	39	4	ti[:]	ti	_	_	_	_	_	linguistic	_	none	_	_	1x1	_	_	_
39-5	PSB005	39	5	sì	sì	_	_	_	_	_	linguistic	_	none	_	_	_	_	_	_
39-6	PSB005	39	6	volevi	volevi	_	_	_	_	_	linguistic	_	none	_	_	_	_	_	_
39-7	PSB005	39	7	fare	fare	_	_	_	_	_	linguistic	_	none	_	_	_	_	_	_
39-8	PSB005	39	8	la	la	_	_	_	_	_	linguistic	_	none	_	_	_	_	_	_
39-9	PSB005	39	9	traduttrice	traduttrice	_	_	_	_	_	linguistic	_	none	_	_	_	_	_	_
39-10	PSB005	39	10	poi:	poi	_	_	_	_	_	linguistic	_	none	_	_	2x1	_	_	_
39-11	PSB005	39	11	[hai	hai	_	_	_	_	_	linguistic	_	none	_	_	_	_	_	0-3(23)
39-12	PSB005	39	12	camb~	camb~	_	_	_	_	_	linguistic	_	none	Interrupted=Yes|PauseAfter=Yes	_	_	_	_	0-5(23)
39-13	PSB005	39	13	(.)	(.)	_	_	_	_	_	shortpause	_	none	_	_	_	_	_	X(23)
39-14	PSB005	39	14	sì]	sì	_	_	_	_	_	linguistic	_	none	_	End=113.24	_	_	_	0-2(23)
40-0	PSB018	40	0	[io]?	io	_	_	_	_	_	linguistic	_	none	Intonation=Rising	Begin=109.35|End=109.84	_	_	_	0-2(22)
41-0	PSB018	41	0	[eh	eh	_	_	_	_	_	linguistic	_	none	_	Begin=112.13	_	_	_	0-2(23)
41-1	PSB018	41	1	sì]	sì	_	_	_	_	_	linguistic	_	none	_	_	_	_	_	0-2(23)
41-2	PSB018	41	2	sì	sì	_	_	_	_	_	linguistic	_	none	_	_	_	_	_	_
41-3	PSB018	41	3	eh	eh	_	_	_	_	_	linguistic	_	none	_	_	_	_	_	_
41-4	PSB018	41	4	quella	quella	_	_	_	_	_	linguistic	_	none	_	_	_	_	_	_
41-5	PSB018	41	5	quella	quella	_	_	_	_	_	linguistic	_	none	_	_	_	_	_	_
41-6	PSB018	41	6	era:	era	_	_	_	_	_	linguistic	_	none	_	_	2x1	_	_	_
41-7	PSB018	41	7	la	la	_	_	_	_	_	linguistic	_	none	_	_	_	_	_	_
41-8	PSB018	41	8	mia:	mia	_	_	_	_	_	linguistic	_	none	_	_	2x1	_	_	_
41-9	PSB018	41	9	m:h	mh	_	_	_	_	_	linguistic	_	none	PauseAfter=Yes	_	0x1	_	_	_
41-10	PSB018	41	10	(.)	(.)	_	_	_	_	_	shortpause	_	none	_	_	_	_	_	_
41-11	PSB018	41	11	il	il	_	_	_	_	_	linguistic	_	none	_	_	_	_	_	_
41-12	PSB018	41	12	mio	mio	_	_	_	_	_	linguistic	_	none	_	_	_	_	_	_
41-13	PSB018	41	13	sogno	sogno	_	_	_	_	_	linguistic	_	none	_	_	_	_	_	_
41-14	PSB018	41	14	da:	da	_	_	_	_	_	linguistic	_	none	_	_	1x1	_	_	_
41-15	PSB018	41	15	da	da	_	_	_	_	_	linguistic	_	none	_	_	_	_	_	_
41-16	PSB018	41	16	da	da	_	_	_	_	_	linguistic	_	none	_	_	_	_	_	_
41-17	PSB018	41	17	dieci	dieci	_	_	_	_	_	linguistic	_	none	_	_	_	_	_	_
41-18	PSB018	41	18	anni	anni	_	_	_	_	_	linguistic	_	none	_	_	_	_	_	_
41-19	PSB018	41	19	non	non	_	_	_	_	_	linguistic	_	none	_	_	_	_	_	_
41-20	PSB018	41	20	mi	mi	_	_	_	_	_	linguistic	_	none	_	_	_	_	_	_
41-21	PSB018	41	21	ricordo	ricordo	_	_	_	_	_	linguistic	_	none	_	_	_	_	_	_
41-22	PSB018	41	22	perché	perché	_	_	_	_	_	linguistic	_	none	_	_	_	_	_	_
41-23	PSB018	41	23	quello	quello	_	_	_	_	_	linguistic	_	none	_	_	_	_	_	_
41-24	PSB018	41	24	eh	eh	_	_	_	_	_	linguistic	_	none	_	_	_	_	_	_
41-25	PSB018	41	25	era	era	_	_	_	_	_	linguistic	_	none	_	_	_	_	_	_
41-26	PSB018	41	26	un	un	_	_	_	_	_	linguistic	_	none	_	_	_	_	_	_
41-27	PSB018	41	27	tempo	tempo	_	_	_	_	_	linguistic	_	none	PauseAfter=Yes	_	_	_	_	_
41-28	PSB018	41	28	(.)	(.)	_	_	_	_	_	shortpause	_	none	_	_	_	_	_	_
41-29	PSB018	41	29	DOPO	dopo	_	_	_	_	_	linguistic	_	none	Volume=high	_	_	_	_	_
41-30	PSB018	41	30	$uniti	uniti	_	_	_	_	_	linguistic	_	none	Orthography=Yes|Variation=Emerging	_	_	_	_	_
41-31	PSB018	41	31	sovietich[e	sovietiche	_	_	_	_	_	linguistic	_	none	_	_	_	_	_	9-10(24)
41-32	PSB018	41	32	eh	eh	_	_	_	_	_	linguistic	_	none	_	_	_	_	_	0-2(24)
41-33	PSB018	41	33	una:]	una	_	_	_	_	_	linguistic	_	none	_	_	2x1	_	_	0-3(24)
41-34	PSB018	41	34	u~	u~	_	_	_	_	_	linguistic	_	none	Interrupted=Yes	_	_	_	_	_
41-35	PSB018	41	35	i~	i~	_	_	_	_	_	linguistic	_	none	Interrupted=Yes	End=129.518	_	_	_	_
42-0	PSB005	42	0	[mhmh	mhmh	_	_	_	_	_	linguistic	_	none	_	Begin=126.963	_	_	_	0-4(24)
42-1	PSB005	42	1	mhmh]	mhmh	_	_	_	_	_	linguistic	_	none	_	End=127.98	_	_	_	0-4(24)
43-0	PSB018	43	0	no	no	_	_	_	_	_	linguistic	_	none	_	Begin=130.06	_	_	_	_
43-1	PSB018	43	1	età	età	_	_	_	_	_	linguistic	_	none	_	_	_	_	_	_
43-2	PSB018	43	2	e	e	_	_	_	_	_	linguistic	_	none	_	_	_	_	_	_
43-3	PSB018	43	3	il	il	_	_	_	_	_	linguistic	_	none	_	_	_	_	_	_
43-4	PSB018	43	4	tempo	tempo	_	_	_	_	_	linguistic	_	none	_	_	_	_	_	_
43-5	PSB018	43	5	quanto:	quanto	_	_	_	_	_	linguistic	_	none	_	_	5x1	_	_	_
43-6	PSB018	43	6	eh	eh	_	_	_	_	_	linguistic	_	none	_	_	_	_	_	_
43-7	PSB018	43	7	tante	tante	_	_	_	_	_	linguistic	_	none	_	_	_	_	_	_
43-8	PSB018	43	8	canzone	canzone	_	_	_	_	_	linguistic	_	none	_	_	_	_	_	_
43-9	PSB018	43	9	<film	film	_	_	_	_	_	linguistic	_	none	_	_	_	Slow=0-4(0)	_	_
43-10	PSB018	43	10	cartellone:>	cartellone	_	_	_	_	_	linguistic	_	none	_	End=136.917	9x1	Slow=0-10(0)	_	_
44-0	PSB018	44	0	tutto	tutto	_	_	_	_	_	linguistic	_	yes	_	Begin=137.8	_	_	_	_
44-1	PSB018	44	1	e::hm	ehm	_	_	_	_	_	linguistic	_	yes	PauseAfter=Yes	_	0x2	_	_	_
44-2	PSB018	44	2	(.)	(.)	_	_	_	_	_	shortpause	_	yes	_	_	_	_	_	_
44-3	PSB018	44	3	#came	came	_	_	_	_	_	linguistic	_	yes	Language=NO_ISO_CODE|Variation=Token	_	_	_	_	_
44-4	PSB018	44	4	da:	da	_	_	_	_	_	linguistic	_	yes	_	_	1x1	_	_	_
44-5	PSB018	44	5	#west	west	_	_	_	_	_	linguistic	_	yes	Language=NO_ISO_CODE|Variation=Token	_	_	_	_	_
44-6	PSB018	44	6	ovest	ovest	_	_	_	_	_	linguistic	_	yes	_	End=143.347	_	_	_	_
45-0	PSB005	45	0	°ovest°	ovest	_	_	_	_	_	linguistic	_	none	Volume=low	Begin=143.9	_	_	_	_
45-1	PSB005	45	1	sì	sì	_	_	_	_	_	linguistic	_	none	_	_	_	_	_	_
45-2	PSB005	45	2	sì	sì	_	_	_	_	_	linguistic	_	none	_	_	_	_	_	_
45-3	PSB005	45	3	ovest	ovest	_	_	_	_	_	linguistic	_	none	_	_	_	_	_	_
45-4	PSB005	45	4	[sì	sì	_	_	_	_	_	linguistic	_	none	_	_	_	_	_	0-2(25)
45-5	PSB005	45	5	sì]	sì	_	_	_	_	_	linguistic	_	none	_	_	_	_	_	0-2(25)
45-6	PSB005	45	6	sì	sì	_	_	_	_	_	linguistic	_	none	_	_	_	_	_	_
45-7	PSB005	45	7	sì	sì	_	_	_	_	_	linguistic	_	none	_	End=146.12	_	_	_	_
46-0	PSB018	46	0	[ovest]	ovest	_	_	_	_	_	linguistic	_	none	_	Begin=145.42|End=145.791	_	_	_	0-5(25)
47-0	PSB018	47	0	europa	europa	_	_	_	_	_	linguistic	_	none	_	Begin=146.12	_	_	_	_
47-1	PSB018	47	1	e	e	_	_	_	_	_	linguistic	_	none	_	_	_	_	_	_
47-2	PSB018	47	2	americ[a]	america	_	_	_	_	_	linguistic	_	none	_	End=147.611	_	_	_	6-7(26)
48-0	PSB005	48	0	[o]kay	okay	_	_	_	_	_	linguistic	_	none	_	Begin=147.45	_	_	_	0-1(26)
48-1	PSB005	48	1	mhmh	mhmh	_	_	_	_	_	linguistic	_	none	_	End=148.55	_	_	_	_
49-0	PSB018	49	0	e:h	eh	_	_	_	_	_	linguistic	_	none	_	Begin=148.73|End=149.709	0x1	_	_	_
50-0	PSB018	50	0	la	la	_	_	_	_	_	linguistic	_	none	_	Begin=150.23	_	_	_	_
50-1	PSB018	50	1	mia	mia	_	_	_	_	_	linguistic	_	none	_	_	_	_	_	_
50-2	PSB018	50	2	passione	passione	_	_	_	_	_	linguistic	_	none	_	_	_	_	_	_
50-3	PSB018	50	3	era:	era	_	_	_	_	_	linguistic	_	none	_	_	2x1	_	_	_
50-4	PSB018	50	4	le	le	_	_	_	_	_	linguistic	_	none	_	_	_	_	_	_
50-5	PSB018	50	5	canzone:	canzone	_	_	_	_	_	linguistic	_	none	_	End=154.556	6x1	_	_	_
51-0	PSB018	51	0	americ[ane	americane	_	_	_	_	_	linguistic	_	none	_	Begin=155.07	_	_	_	6-9(27)
51-1	PSB018	51	1	<ma]donna>	madonna	_	_	_	_	_	linguistic	_	none	_	_	_	Slow=0-7(0)	_	0-2(27)
51-2	PSB018	51	2	micheal	micheal	_	_	_	_	_	linguistic	_	none	_	_	_	Fast=0-7(0)	_	_
51-3	PSB018	51	3	jackson	jackson	_	_	_	_	_	linguistic	_	none	_	_	_	Fast=0-7(0)	_	_
51-4	PSB018	51	4	no:	no	_	_	_	_	_	linguistic	_	none	_	_	1x1	Fast=0-2(0)	_	_
51-5	PSB018	51	5	mo~	mo~	_	_	_	_	_	linguistic	_	none	Interrupted=Yes	_	_	Fast=0-3(0)	_	_
51-6	PSB018	51	6	più	più	_	_	_	_	_	linguistic	_	none	_	_	_	Fast=0-3(0)	_	_
51-7	PSB018	51	7	tardi	tardi	_	_	_	_	_	linguistic	_	none	_	_	_	Fast=0-5(0)	_	_
51-8	PSB018	51	8	dopo	dopo	_	_	_	_	_	linguistic	_	none	_	_	_	Fast=0-4(0)	_	_
51-9	PSB018	51	9	ma	ma	_	_	_	_	_	linguistic	_	none	_	_	_	Fast=0-2(0)	_	_
51-10	PSB018	51	10	non	non	_	_	_	_	_	linguistic	_	none	_	_	_	Fast=0-3(0)	_	_
51-11	PSB018	51	11	mi	mi	_	_	_	_	_	linguistic	_	none	_	_	_	Fast=0-2(0)	_	_
51-12	PSB018	51	12	ricordo	ricordo	_	_	_	_	_	linguistic	_	none	_	_	_	Fast=0-7(0)	_	_
51-13	PSB018	51	13	chi	chi	_	_	_	_	_	linguistic	_	none	_	_	_	Fast=0-3(0)	_	_
51-14	PSB018	51	14	whitney	whitney	_	_	_	_	_	linguistic	_	none	_	_	_	Fast=0-7(0)	_	_
51-15	PSB018	51	15	<houston>	houston	_	_	_	_	_	linguistic	_	none	_	_	_	Slow=0-7(1)	_	_
51-16	PSB018	51	16	>allora<	allora	_	_	_	_	_	linguistic	_	none	_	_	_	Fast=0-6(1)	_	_
51-17	PSB018	51	17	e:h	eh	_	_	_	_	_	linguistic	_	none	_	_	0x1	_	_	_
51-18	PSB018	51	18	con	con	_	_	_	_	_	linguistic	_	none	_	_	_	_	_	_
51-19	PSB018	51	19	quelli:	quelli	_	_	_	_	_	linguistic	_	none	_	_	5x1	_	_	_
51-20	PSB018	51	20	<canzone	canzone	_	_	_	_	_	linguistic	_	none	_	_	_	Slow=0-7(2)	_	_
51-21	PSB018	51	21	dopo	dopo	_	_	_	_	_	linguistic	_	none	_	_	_	Slow=0-4(2)	_	_
51-22	PSB018	51	22	film>	film	_	_	_	_	_	linguistic	_	none	_	End=171.38	_	Slow=0-4(2)	_	_
52-0	PSB005	52	0	[okay]	okay	_	_	_	_	_	linguistic	_	none	_	Begin=155.648|End=156.259	_	_	_	0-4(27)
53-0	PSB018	53	0	m:h	mh	_	_	_	_	_	linguistic	_	none	_	Begin=171.74	0x1	_	_	_
53-1	PSB018	53	1	vorrei	vorrei	_	_	_	_	_	linguistic	_	none	_	_	_	_	_	_
53-2	PSB018	53	2	eh	eh	_	_	_	_	_	linguistic	_	none	_	_	_	_	_	_
53-3	PSB018	53	3	<conoscere	conoscere	_	_	_	_	_	linguistic	_	none	_	_	_	Slow=0-9(0)	_	_
53-4	PSB018	53	4	e	e	_	_	_	_	_	linguistic	_	none	_	_	_	Slow=0-1(0)	_	_
53-5	PSB018	53	5	capire>	capire	_	_	_	_	_	linguistic	_	none	_	_	_	Slow=0-6(0)	_	_
53-6	PSB018	53	6	e:hm	ehm	_	_	_	_	_	linguistic	_	none	_	End=178.18	0x1	_	_	_
54-0	PSB018	54	0	la:	la	_	_	_	_	_	linguistic	_	none	_	Begin=178.55|End=179.55	1x1	_	_	_
55-0	PSB018	55	0	quella	quella	_	_	_	_	_	linguistic	_	none	_	Begin=181.81	_	_	_	_
55-1	PSB018	55	1	canzone	canzone	_	_	_	_	_	linguistic	_	none	_	_	_	_	_	_
55-2	PSB018	55	2	di	di	_	_	_	_	_	linguistic	_	none	_	_	_	_	_	_
55-3	PSB018	55	3	che	che	_	_	_	_	_	linguistic	_	none	_	_	_	_	_	_
55-4	PSB018	55	4	cosa	cosa	_	_	_	_	_	linguistic	_	none	_	_	_	_	_	_
55-5	PSB018	55	5	è	è	_	_	_	_	_	linguistic	_	none	_	End=184.7	_	_	_	_
56-0	PSB005	56	0	°mhmh°	mhmh	_	_	_	_	_	linguistic	_	none	Volume=low	Begin=184.71|End=185.07	_	_	_	_
57-0	PSB018	57	0	e	e	_	_	_	_	_	linguistic	_	none	_	Begin=185.22	_	_	_	_
57-1	PSB018	57	1	per	per	_	_	_	_	_	linguistic	_	none	_	_	_	_	_	_
57-2	PSB018	57	2	questo	questo	_	_	_	_	_	linguistic	_	none	_	_	_	_	_	_
57-3	PSB018	57	3	motivo	motivo	_	_	_	_	_	linguistic	_	none	_	_	_	_	_	_
57-4	PSB018	57	4	h(o)	ho	_	_	_	_	_	linguistic	_	none	_	_	_	_	1-2(0)	_
57-5	PSB018	57	5	<iniziato:	iniziato	_	_	_	_	_	linguistic	_	none	_	_	7x1	Slow=0-8(0)	_	_
57-6	PSB018	57	6	studiare>	studiare	_	_	_	_	_	linguistic	_	none	_	_	_	Slow=0-8(0)	_	_
57-7	PSB018	57	7	inglese	inglese	_	_	_	_	_	linguistic	_	none	_	_	_	_	_	_
57-8	PSB018	57	8	>allora<	allora	_	_	_	_	_	linguistic	_	none	_	_	_	Fast=0-6(0)	_	_
57-9	PSB018	57	9	noi	noi	_	_	_	_	_	linguistic	_	none	_	_	_	_	_	_
57-10	PSB018	57	10	abbiamo	abbiamo	_	_	_	_	_	linguistic	_	none	_	_	_	_	_	_
57-11	PSB018	57	11	un:	un	_	_	_	_	_	linguistic	_	none	_	_	1x1	_	_	_
57-12	PSB018	57	12	materia	materia	_	_	_	_	_	linguistic	_	none	_	_	_	_	_	_
57-13	PSB018	57	13	a	a	_	_	_	_	_	linguistic	_	none	_	_	_	_	_	_
57-14	PSB018	57	14	scuola	scuola	_	_	_	_	_	linguistic	_	none	_	_	_	_	_	_
57-15	PSB018	57	15	eh	eh	_	_	_	_	_	linguistic	_	none	_	_	_	_	_	_
57-16	PSB018	57	16	qualche	qualche	_	_	_	_	_	linguistic	_	none	_	_	_	_	_	_
57-17	PSB018	57	17	ore:	ore	_	_	_	_	_	linguistic	_	none	_	_	2x1	_	_	_
57-18	PSB018	57	18	a	a	_	_	_	_	_	linguistic	_	none	_	_	_	_	_	_
57-19	PSB018	57	19	settimana:	settimana	_	_	_	_	_	linguistic	_	none	_	_	8x1	_	_	_
57-20	PSB018	57	20	come	come	_	_	_	_	_	linguistic	_	none	_	_	_	_	_	_
57-21	PSB018	57	21	ingles[e]	inglese	_	_	_	_	_	linguistic	_	none	_	End=199.249	_	_	_	6-7(28)
58-0	PSB005	58	0	[mhmh]	mhmh	_	_	_	_	_	linguistic	_	none	_	Begin=199.0|End=199.25	_	_	_	0-4(28)
59-0	PSB018	59	0	e:hm	ehm	_	_	_	_	_	linguistic	_	none	_	Begin=199.77	0x1	_	_	_
59-1	PSB018	59	1	non	non	_	_	_	_	_	linguistic	_	none	_	_	_	_	_	_
59-2	PSB018	59	2	era	era	_	_	_	_	_	linguistic	_	none	_	_	_	_	_	_
59-3	PSB018	59	3	abbastanza	abbastanza	_	_	_	_	_	linguistic	_	none	_	_	_	_	_	_
59-4	PSB018	59	4	per	per	_	_	_	_	_	linguistic	_	none	_	_	_	_	_	_
59-5	PSB018	59	5	parlare	parlare	_	_	_	_	_	linguistic	_	none	_	_	_	_	_	_
59-6	PSB018	59	6	ma:	ma	_	_	_	_	_	linguistic	_	none	_	_	1x1	_	_	_
59-7	PSB018	59	7	qualche	qualche	_	_	_	_	_	linguistic	_	none	_	_	_	_	_	_
59-8	PSB018	59	8	parole:	parole	_	_	_	_	_	linguistic	_	none	_	_	5x1	_	_	_
59-9	PSB018	59	9	m:h	mh	_	_	_	_	_	linguistic	_	none	_	End=206.622	0x1	_	_	_
60-0	PSB018	60	0	fra:se	frase	_	_	_	_	_	linguistic	_	none	PauseAfter=Yes	Begin=207.33	2x1	_	_	_
60-1	PSB018	60	1	(.)	(.)	_	_	_	_	_	shortpause	_	none	_	_	_	_	_	_
60-2	PSB018	60	2	e:hm	ehm	_	_	_	_	_	linguistic	_	none	PauseAfter=Yes	_	0x1	_	_	_
60-3	PSB018	60	3	(.)	(.)	_	_	_	_	_	shortpause	_	none	_	_	_	_	_	_
60-4	PSB018	60	4	<testi>	testi	_	_	_	_	_	linguistic	_	none	_	End=210.848	_	Slow=0-5(0)	_	_
61-0	PSB018	61	0	noi	noi	_	_	_	_	_	linguistic	_	none	_	Begin=211.48	_	_	_	_
61-1	PSB018	61	1	abbiamo:	abbiamo	_	_	_	_	_	linguistic	_	none	_	_	6x1	_	_	_
61-2	PSB018	61	2	mh	mh	_	_	_	_	_	linguistic	_	none	_	End=213.54	_	_	_	_
62-0	PSB018	62	0	parlato	parlato	_	_	_	_	_	linguistic	_	none	_	Begin=214.76	_	_	_	_
62-1	PSB018	62	1	$discutito	discutito	_	_	_	_	_	linguistic	_	none	Orthography=Yes|Variation=Emerging	_	_	_	_	_
62-2	PSB018	62	2	discuto:	discuto	_	_	_	_	_	linguistic	_	none	_	_	6x1	_	_	_
62-3	PSB018	62	3	eh	eh	_	_	_	_	_	linguistic	_	none	_	_	_	_	_	_
62-4	PSB018	62	4	studiato	studiato	_	_	_	_	_	linguistic	_	none	_	_	_	_	_	_
62-5	PSB018	62	5	inglese	inglese	_	_	_	_	_	linguistic	_	none	_	End=220.516	_	_	_	_
63-0	PSB018	63	0	e	e	_	_	_	_	_	linguistic	_	none	_	Begin=221.07	_	_	_	_
63-1	PSB018	63	1	quello:	quello	_	_	_	_	_	linguistic	_	none	_	_	5x1	_	_	_
63-2	PSB018	63	2	era	era	_	_	_	_	_	linguistic	_	none	_	_	_	_	_	_
63-3	PSB018	63	3	il	il	_	_	_	_	_	linguistic	_	none	_	_	_	_	_	_
63-4	PSB018	63	4	l'	l'	_	_	_	_	_	linguistic	_	none	SpaceAfter=No	_	_	_	_	_
63-5	PSB018	63	5	inizio	inizio	_	_	_	_	_	linguistic	_	none	_	_	_	_	_	_
63-6	PSB018	63	6	e	e	_	_	_	_	_	linguistic	_	none	_	_	_	_	_	_
63-7	PSB018	63	7	quello	quello	_	_	_	_	_	linguistic	_	none	_	_	_	_	_	_
63-8	PSB018	63	8	era	era	_	_	_	_	_	linguistic	_	none	_	_	_	_	_	_
63-9	PSB018	63	9	come	come	_	_	_	_	_	linguistic	_	none	_	_	_	_	_	_
63-10	PSB018	63	10	una	una	_	_	_	_	_	linguistic	_	none	_	_	_	_	_	_
63-11	PSB018	63	11	causa	causa	_	_	_	_	_	linguistic	_	none	_	_	_	_	_	_
63-12	PSB018	63	12	per	per	_	_	_	_	_	linguistic	_	none	_	_	_	_	_	_
63-13	PSB018	63	13	iniziare	iniziare	_	_	_	_	_	linguistic	_	none	_	_	_	_	_	_
63-14	PSB018	63	14	a	a	_	_	_	_	_	linguistic	_	none	_	_	_	_	_	_
63-15	PSB018	63	15	studiare	studiare	_	_	_	_	_	linguistic	_	none	_	_	_	_	_	_
63-16	PSB018	63	16	inglese	inglese	_	_	_	_	_	linguistic	_	none	_	End=229.56	_	_	_	_
64-0	PSB005	64	0	°mhmh°	mhmh	_	_	_	_	_	linguistic	_	none	Volume=low	Begin=229.56|End=229.86	_	_	_	_
65-0	PSB018	65	0	e:h	eh	_	_	_	_	_	linguistic	_	none	PauseAfter=Yes	Begin=230.17	0x1	_	_	_
65-1	PSB018	65	1	(.)	(.)	_	_	_	_	_	shortpause	_	none	_	_	_	_	_	_
65-2	PSB018	65	2	sì	sì	_	_	_	_	_	linguistic	_	none	_	_	_	_	_	_
65-3	PSB018	65	3	traduttore	traduttore	_	_	_	_	_	linguistic	_	none	_	End=232.972	_	_	_	_
66-0	PSB018	66	0	traduttrice	traduttrice	_	_	_	_	_	linguistic	_	none	PauseAfter=Yes	Begin=233.54	_	_	_	_
66-1	PSB018	66	1	(.)	(.)	_	_	_	_	_	shortpause	_	none	_	_	_	_	_	_
66-2	PSB018	66	2	>traduttore<	traduttore	_	_	_	_	_	linguistic	_	none	_	_	_	Fast=0-10(0)	_	_
66-3	PSB018	66	3	e	e	_	_	_	_	_	linguistic	_	none	_	_	_	_	_	_
66-4	PSB018	66	4	anche	anche	_	_	_	_	_	linguistic	_	none	_	End=236.88	_	_	_	_
67-0	PSB018	67	0	come	come	_	_	_	_	_	linguistic	_	yes	_	Begin=237.27	_	_	_	_
67-1	PSB018	67	1	si	si	_	_	_	_	_	linguistic	_	yes	_	_	_	_	_	_
67-2	PSB018	67	2	dice	dice	_	_	_	_	_	linguistic	_	yes	_	_	_	_	_	_
67-3	PSB018	67	3	la	la	_	_	_	_	_	linguistic	_	yes	_	_	_	_	_	_
67-4	PSB018	67	4	persona	persona	_	_	_	_	_	linguistic	_	yes	_	_	_	_	_	_
67-5	PSB018	67	5	chi:	chi	_	_	_	_	_	linguistic	_	yes	_	_	2x1	_	_	_
67-6	PSB018	67	6	lavora	lavora	_	_	_	_	_	linguistic	_	yes	_	_	_	_	_	_
67-7	PSB018	67	7	in	in	_	_	_	_	_	linguistic	_	yes	_	_	_	_	_	_
67-8	PSB018	67	8	aereo	aereo	_	_	_	_	_	linguistic	_	yes	_	_	_	_	_	_
67-9	PSB018	67	9	#stjuardessa	stjuardessa	_	_	_	_	_	linguistic	_	yes	Language=NO_ISO_CODE|Variation=Token	End=242.02	_	_	_	_
69-0	PSB005	69	0	sì	sì	_	_	_	_	_	linguistic	_	none	_	Begin=242.04	_	_	_	_
69-1	PSB005	69	1	hostess	hostess	_	_	_	_	_	linguistic	_	none	_	End=243.25	_	_	_	_
70-0	PSB018	70	0	hostes[s	hostess	_	_	_	_	_	linguistic	_	none	_	Begin=243.28	_	_	_	6-7(29)
70-1	PSB018	70	1	an]che	anche	_	_	_	_	_	linguistic	_	none	_	_	_	_	_	0-2(29)
70-2	PSB018	70	2	anche	anche	_	_	_	_	_	linguistic	_	none	_	_	_	_	_	_
70-3	PSB018	70	3	quello	quello	_	_	_	_	_	linguistic	_	none	PauseAfter=Yes	_	_	_	_	_
70-4	PSB018	70	4	(.)	(.)	_	_	_	_	_	shortpause	_	none	_	_	_	_	_	_
70-5	PSB018	70	5	era	era	_	_	_	_	_	linguistic	_	none	_	_	_	_	_	_
70-6	PSB018	70	6	la	la	_	_	_	_	_	linguistic	_	none	_	_	_	_	_	_
70-7	PSB018	70	7	mia:	mia	_	_	_	_	_	linguistic	_	none	_	_	2x1	_	_	_
70-8	PSB018	70	8	mh	mh	_	_	_	_	_	linguistic	_	none	_	End=248.909	_	_	_	_
71-0	PSB005	71	0	[noi	noi	_	_	_	_	_	linguistic	_	none	_	Begin=243.759	_	_	_	0-3(29)
71-1	PSB005	71	1	diciamo	diciamo	_	_	_	_	_	linguistic	_	none	_	_	_	_	_	0-7(29)
71-2	PSB005	71	2	sì]	sì	_	_	_	_	_	linguistic	_	none	_	End=244.597	_	_	_	0-2(29)
72-0	PSB018	72	0	il	il	_	_	_	_	_	linguistic	_	none	_	Begin=250.59	_	_	_	_
72-1	PSB018	72	1	mio	mio	_	_	_	_	_	linguistic	_	none	_	_	_	_	_	_
72-2	PSB018	72	2	sogno	sogno	_	_	_	_	_	linguistic	_	none	_	End=251.556	_	_	_	_
73-0	PSB018	73	0	ma	ma	_	_	_	_	_	linguistic	_	none	_	Begin=252.31	_	_	_	_
73-1	PSB018	73	1	sempre	sempre	_	_	_	_	_	linguistic	_	none	_	_	_	_	_	_
73-2	PSB018	73	2	tutti	tutti	_	_	_	_	_	linguistic	_	none	_	_	_	_	_	_
73-3	PSB018	73	3	e:h	eh	_	_	_	_	_	linguistic	_	none	_	_	0x1	_	_	_
73-4	PSB018	73	4	miei	miei	_	_	_	_	_	linguistic	_	none	_	_	_	_	_	_
73-5	PSB018	73	5	desideri	desideri	_	_	_	_	_	linguistic	_	none	_	_	_	_	_	_
73-6	PSB018	73	6	erano:	erano	_	_	_	_	_	linguistic	_	none	_	_	4x1	_	_	_
73-7	PSB018	73	7	mh	mh	_	_	_	_	_	linguistic	_	none	_	End=257.543	_	_	_	_
74-0	PSB018	74	0	#closely	closely	_	_	_	_	_	linguistic	_	yes	Language=NO_ISO_CODE|Variation=Token	Begin=257.94	_	_	_	_
74-1	PSB018	74	1	#connected	connected	_	_	_	_	_	linguistic	_	yes	Language=NO_ISO_CODE|Variation=Token	_	_	_	_	_
74-2	PSB018	74	2	con	con	_	_	_	_	_	linguistic	_	yes	_	_	_	_	_	_
74-3	PSB018	74	3	inglese	inglese	_	_	_	_	_	linguistic	_	yes	_	End=259.98	_	_	_	_
76-0	PSB005	76	0	mhmh	mhmh	_	_	_	_	_	linguistic	_	none	_	Begin=260.07	_	_	_	_
76-1	PSB005	76	1	okay	okay	_	_	_	_	_	linguistic	_	none	_	End=260.94	_	_	_	_
77-0	PSB018	77	0	sì	sì	_	_	_	_	_	linguistic	_	none	_	Begin=261.01	_	_	_	_
77-1	PSB018	77	1	[e	e	_	_	_	_	_	linguistic	_	none	_	_	_	_	_	0-1(30)
77-2	PSB018	77	2	per]	per	_	_	_	_	_	linguistic	_	none	_	_	_	_	_	0-3(30)
77-3	PSB018	77	3	questo	questo	_	_	_	_	_	linguistic	_	none	_	_	_	_	_	_
77-4	PSB018	77	4	motivo	motivo	_	_	_	_	_	linguistic	_	none	_	_	_	_	_	_
77-5	PSB018	77	5	forse:	forse	_	_	_	_	_	linguistic	_	none	_	_	4x1	_	_	_
77-6	PSB018	77	6	ho	ho	_	_	_	_	_	linguistic	_	none	_	_	_	_	_	_
77-7	PSB018	77	7	studiato:	studiato	_	_	_	_	_	linguistic	_	none	_	End=265.02	7x1	_	_	_
78-0	PSB005	78	0	[°sì°]	sì	_	_	_	_	_	linguistic	_	none	Volume=low	Begin=261.24|End=261.53	_	_	_	0-2(30)
79-0	PSB018	79	0	e:h	eh	_	_	_	_	_	linguistic	_	none	_	Begin=266.15|End=267.17	0x1	_	_	_
80-0	PSB018	80	0	università	università	_	_	_	_	_	linguistic	_	none	_	Begin=268.63	_	_	_	_
80-1	PSB018	80	1	pedagogic[a],	pedagogica	_	_	_	_	_	linguistic	_	none	Intonation=WeaklyRising|PauseAfter=Yes	_	_	_	_	9-10(31)
80-2	PSB018	80	2	(.)	(.)	_	_	_	_	_	shortpause	_	none	_	_	_	_	_	_
80-3	PSB018	80	3	con	con	_	_	_	_	_	linguistic	_	none	_	_	_	_	_	_
80-4	PSB018	80	4	inglese	inglese	_	_	_	_	_	linguistic	_	none	_	_	_	_	_	_
80-5	PSB018	80	5	e	e	_	_	_	_	_	linguistic	_	none	_	_	_	_	_	_
80-6	PSB018	80	6	tedesca	tedesca	_	_	_	_	_	linguistic	_	none	_	End=272.31	_	_	_	_
81-0	PSB005	81	0	[mhmh]	mhmh	_	_	_	_	_	linguistic	_	none	_	Begin=270.3|End=270.66	_	_	_	0-4(31)
82-0	PSB005	82	0	okay	okay	_	_	_	_	_	linguistic	_	none	_	Begin=272.315|End=272.909	_	_	_	_
83-0	PSB018	83	0	sì	sì	_	_	_	_	_	linguistic	_	none	_	Begin=273.241	_	_	_	_
83-1	PSB018	83	1	anche	anche	_	_	_	_	_	linguistic	_	none	_	_	_	_	_	_
83-2	PSB018	83	2	tedesc(o)	tedesco	_	_	_	_	_	linguistic	_	none	_	_	_	_	6-7(0)	_
83-3	PSB018	83	3	ho:	ho	_	_	_	_	_	linguistic	_	none	_	_	1x1	_	_	_
83-4	PSB018	83	4	studiato	studiato	_	_	_	_	_	linguistic	_	none	_	_	_	_	_	_
83-5	PSB018	83	5	ma	ma	_	_	_	_	_	linguistic	_	none	_	_	_	_	_	_
83-6	PSB018	83	6	ho	ho	_	_	_	_	_	linguistic	_	none	_	_	_	_	_	_
83-7	PSB018	83	7	dimenticato	dimenticato	_	_	_	_	_	linguistic	_	none	_	_	_	_	_	_
83-8	PSB018	83	8	TUTTO	tutto	_	_	_	_	_	linguistic	_	none	Volume=high	_	_	_	_	_
83-9	PSB018	83	9	perché	perché	_	_	_	_	_	linguistic	_	none	_	_	_	_	_	_
83-10	PSB018	83	10	non	non	_	_	_	_	_	linguistic	_	none	_	_	_	_	_	_
83-11	PSB018	83	11	ho	ho	_	_	_	_	_	linguistic	_	none	_	_	_	_	_	_
83-12	PSB018	83	12	usato	usato	_	_	_	_	_	linguistic	_	none	_	_	_	_	_	_
83-13	PSB018	83	13	mai	mai	_	_	_	_	_	linguistic	_	none	_	End=279.574	_	_	_	_
84-0	PSB005	84	0	°mhmh	mhmh	_	_	_	_	_	linguistic	_	none	Volume=low	Begin=279.574	_	_	_	_
84-1	PSB005	84	1	mhmh°	mhmh	_	_	_	_	_	linguistic	_	none	Volume=low	_	_	_	_	_
84-2	PSB005	84	2	ma	ma	_	_	_	_	_	linguistic	_	none	_	_	_	_	_	_
84-3	PSB005	84	3	hai	hai	_	_	_	_	_	linguistic	_	none	_	_	_	_	_	_
84-4	PSB005	84	4	eh	eh	_	_	_	_	_	linguistic	_	none	_	_	_	_	_	_
84-5	PSB005	84	5	p~	p~	_	_	_	_	_	linguistic	_	none	Interrupted=Yes	_	_	_	_	_
84-6	PSB005	84	6	pe~	pe~	_	_	_	_	_	linguistic	_	none	Interrupted=Yes	_	_	_	_	_
84-7	PSB005	84	7	trascorso	trascorso	_	_	_	_	_	linguistic	_	none	_	_	_	_	_	_
84-8	PSB005	84	8	dei	dei	_	_	_	_	_	linguistic	_	none	_	_	_	_	_	_
84-9	PSB005	84	9	periodi	periodi	_	_	_	_	_	linguistic	_	none	_	_	_	_	_	_
84-10	PSB005	84	10	in	in	_	_	_	_	_	linguistic	_	none	_	_	_	_	_	_
84-11	PSB005	84	11	germania:	germania	_	_	_	_	_	linguistic	_	none	_	_	7x1	_	_	_
84-12	PSB005	84	12	per	per	_	_	_	_	_	linguistic	_	none	_	_	_	_	_	_
84-13	PSB005	84	13	[studia~]	studia~	_	_	_	_	_	linguistic	_	none	Interrupted=Yes	End=285.815	_	_	_	0-7(32)
85-0	PSB018	85	0	[no	no	_	_	_	_	_	linguistic	_	none	_	Begin=284.593	_	_	_	0-2(32)
85-1	PSB018	85	1	purtroppo	purtroppo	_	_	_	_	_	linguistic	_	none	_	_	_	_	_	0-9(32)
85-2	PSB018	85	2	no]	no	_	_	_	_	_	linguistic	_	none	_	_	_	_	_	0-2(32)
85-3	PSB018	85	3	perché	perché	_	_	_	_	_	linguistic	_	none	_	_	_	_	_	_
85-4	PSB018	85	4	eh	eh	_	_	_	_	_	linguistic	_	none	PauseAfter=Yes	_	_	_	_	_
85-5	PSB018	85	5	(.)	(.)	_	_	_	_	_	shortpause	_	none	_	_	_	_	_	_
85-6	PSB018	85	6	un'	un'	_	_	_	_	_	linguistic	_	none	SpaceAfter=No	_	_	_	_	_
85-7	PSB018	85	7	altra	altra	_	_	_	_	_	linguistic	_	none	_	_	_	_	_	_
85-8	PSB018	85	8	volta	volta	_	_	_	_	_	linguistic	_	none	_	_	_	_	_	_
85-9	PSB018	85	9	era:	era	_	_	_	_	_	linguistic	_	none	_	_	2x1	_	_	_
85-10	PSB018	85	10	<il	il	_	_	_	_	_	linguistic	_	none	_	_	_	Slow=0-2(0)	_	_
85-11	PSB018	85	11	tempo	tempo	_	_	_	_	_	linguistic	_	none	_	_	_	Slow=0-5(0)	_	_
85-12	PSB018	85	12	dopo>	dopo	_	_	_	_	_	linguistic	_	none	_	_	_	Slow=0-4(0)	_	_
85-13	PSB018	85	13	s~	s~	_	_	_	_	_	linguistic	_	none	Interrupted=Yes	_	_	_	_	_
85-14	PSB018	85	14	$uniti	uniti	_	_	_	_	_	linguistic	_	none	Orthography=Yes|Variation=Emerging	_	_	_	_	_
85-15	PSB018	85	15	sovietich[e]	sovietiche	_	_	_	_	_	linguistic	_	none	_	_	_	_	_	8-10(33)
85-16	PSB018	85	16	e:h	eh	_	_	_	_	_	linguistic	_	none	_	End=294.185	0x1	_	_	_
86-0	PSB005	86	0	[°mhmh°]	mhmh	_	_	_	_	_	linguistic	_	none	Volume=low	Begin=292.648|End=293.148	_	_	_	0-4(33)
87-0	PSB018	87	0	quello	quello	_	_	_	_	_	linguistic	_	none	_	Begin=294.63	_	_	_	_
87-1	PSB018	87	1	era	era	_	_	_	_	_	linguistic	_	none	_	_	_	_	_	_
87-2	PSB018	87	2	un::	un	_	_	_	_	_	linguistic	_	none	_	_	1x2	_	_	_
87-3	PSB018	87	3	e:h	eh	_	_	_	_	_	linguistic	_	none	_	_	0x1	_	_	_
87-4	PSB018	87	4	un	un	_	_	_	_	_	linguistic	_	none	_	_	_	_	_	_
87-5	PSB018	87	5	periodo	periodo	_	_	_	_	_	linguistic	_	none	_	_	_	_	_	_
87-6	PSB018	87	6	per	per	_	_	_	_	_	linguistic	_	none	_	_	_	_	_	_
87-7	PSB018	87	7	la	la	_	_	_	_	_	linguistic	_	none	_	_	_	_	_	_
87-8	PSB018	87	8	nostra	nostra	_	_	_	_	_	linguistic	_	none	_	_	_	_	_	_
87-9	PSB018	87	9	pae~	pae~	_	_	_	_	_	linguistic	_	none	Interrupted=Yes	_	_	_	_	_
87-10	PSB018	87	10	per	per	_	_	_	_	_	linguistic	_	none	_	_	_	_	_	_
87-11	PSB018	87	11	il	il	_	_	_	_	_	linguistic	_	none	_	_	_	_	_	_
87-12	PSB018	87	12	nostro	nostro	_	_	_	_	_	linguistic	_	none	_	_	_	_	_	_
87-13	PSB018	87	13	paese	paese	_	_	_	_	_	linguistic	_	none	_	_	_	_	_	_
87-14	PSB018	87	14	m:h	mh	_	_	_	_	_	linguistic	_	none	_	_	0x1	_	_	_
87-15	PSB018	87	15	difficile	difficile	_	_	_	_	_	linguistic	_	none	_	_	_	_	_	_
87-16	PSB018	87	16	e:	e	_	_	_	_	_	linguistic	_	none	_	_	0x1	_	_	_
87-17	PSB018	87	17	tutti	tutti	_	_	_	_	_	linguistic	_	none	_	_	_	_	_	_
87-18	PSB018	87	18	i:	i	_	_	_	_	_	linguistic	_	none	_	End=306.574	0x1	_	_	_
88-0	PSB018	88	0	#f:inancial	financial	_	_	_	_	_	linguistic	_	yes	Language=NO_ISO_CODE|Variation=Token	Begin=307.981	0x1	_	_	_
88-1	PSB018	88	1	m:h	mh	_	_	_	_	_	linguistic	_	yes	_	_	0x1	_	_	_
88-2	PSB018	88	2	da	da	_	_	_	_	_	linguistic	_	yes	_	_	_	_	_	_
88-3	PSB018	88	3	università	università	_	_	_	_	_	linguistic	_	yes	_	_	_	_	_	_
88-4	PSB018	88	4	scuola	scuola	_	_	_	_	_	linguistic	_	yes	_	_	_	_	_	_
88-5	PSB018	88	5	tutti	tutti	_	_	_	_	_	linguistic	_	yes	_	_	_	_	_	_
88-6	PSB018	88	6	organizzazione	organizzazione	_	_	_	_	_	linguistic	_	yes	_	_	_	_	_	_
88-7	PSB018	88	7	era	era	_	_	_	_	_	linguistic	_	yes	_	_	_	_	_	_
88-8	PSB018	88	8	molto	molto	_	_	_	_	_	linguistic	_	yes	_	_	_	_	_	_
88-9	PSB018	88	9	molto	molto	_	_	_	_	_	linguistic	_	yes	_	_	_	_	_	_
88-10	PSB018	88	10	e:h	eh	_	_	_	_	_	linguistic	_	yes	_	_	0x1	_	_	_
88-11	PSB018	88	11	poveri	poveri	_	_	_	_	_	linguistic	_	yes	_	End=317.037	_	_	_	_
89-0	PSB005	89	0	mhmh	mhmh	_	_	_	_	_	linguistic	_	none	_	Begin=317.037|End=317.537	_	_	_	_
90-0	PSB018	90	0	e	e	_	_	_	_	_	linguistic	_	none	_	Begin=317.685	_	_	_	_
90-1	PSB018	90	1	per	per	_	_	_	_	_	linguistic	_	none	_	_	_	_	_	_
90-2	PSB018	90	2	questo	questo	_	_	_	_	_	linguistic	_	none	_	_	_	_	_	_
90-3	PSB018	90	3	motivo	motivo	_	_	_	_	_	linguistic	_	none	_	_	_	_	_	_
90-4	PSB018	90	4	non:	non	_	_	_	_	_	linguistic	_	none	_	_	2x1	_	_	_
90-5	PSB018	90	5	c'	c'	_	_	_	_	_	linguistic	_	none	SpaceAfter=No	_	_	_	_	_
90-6	PSB018	90	6	era	era	_	_	_	_	_	linguistic	_	none	_	_	_	_	_	_
90-7	PSB018	90	7	<tante>	tante	_	_	_	_	_	linguistic	_	none	_	_	_	Slow=0-5(0)|Fast=4-5(0)	_	_
90-8	PSB018	90	8	possibilità	possibilità	_	_	_	_	_	linguistic	_	none	PauseAfter=Yes	_	_	Fast=0-11(0)	_	_
90-9	PSB018	90	9	(.)	(.)	_	_	_	_	_	shortpause	_	none	_	_	_	_	_	_
90-10	PSB018	90	10	per	per	_	_	_	_	_	linguistic	_	none	_	_	_	Fast=0-3(0)	_	_
90-11	PSB018	90	11	andare	andare	_	_	_	_	_	linguistic	_	none	_	_	_	Fast=0-6(0)	_	_
90-12	PSB018	90	12	°andare	andare	_	_	_	_	_	linguistic	_	none	Volume=low	_	_	Fast=0-6(0)	_	_
90-13	PSB018	90	13	in	in	_	_	_	_	_	linguistic	_	none	Volume=low	_	_	Fast=0-2(0)	_	_
90-14	PSB018	90	14	[<es]te~°>	este~	_	_	_	_	_	linguistic	_	none	Interrupted=Yes|Volume=low	End=325.963	_	Slow=0-5(1)	_	0-2(34)
91-0	PSB005	91	0	[°sì	sì	_	_	_	_	_	linguistic	_	none	Volume=low	Begin=324.574	_	_	_	0-2(34)
91-1	PSB005	91	1	sì	sì	_	_	_	_	_	linguistic	_	none	Volume=low	_	_	_	_	0-2(34)
91-2	PSB005	91	2	sì°]	sì	_	_	_	_	_	linguistic	_	none	Volume=low	End=325.37	_	_	_	0-2(34)
92-0	PSB005	92	0	al	al	_	_	_	_	_	linguistic	_	none	_	Begin=326.593	_	_	_	_
92-1	PSB005	92	1	all'	all'	_	_	_	_	_	linguistic	_	none	SpaceAfter=No	_	_	_	_	_
92-2	PSB005	92	2	estero	estero	_	_	_	_	_	linguistic	_	none	_	End=327.422	_	_	_	_
93-0	PSB018	93	0	sì	sì	_	_	_	_	_	linguistic	_	none	_	Begin=327.5	_	_	_	_
93-1	PSB018	93	1	all'	all'	_	_	_	_	_	linguistic	_	none	SpaceAfter=No	_	_	_	_	_
93-2	PSB018	93	2	est[ero]	estero	_	_	_	_	_	linguistic	_	none	_	End=328.519	_	_	_	2-6(35)
94-0	PSB005	94	0	[all'	all'	_	_	_	_	_	linguistic	_	none	SpaceAfter=No	Begin=328.241	_	_	_	0-4(35)
94-1	PSB005	94	1	es]tero	estero	_	_	_	_	_	linguistic	_	none	_	_	_	_	_	0-2(35)
94-2	PSB005	94	2	sì	sì	_	_	_	_	_	linguistic	_	none	_	_	_	_	_	_
94-3	PSB005	94	3	sì	sì	_	_	_	_	_	linguistic	_	none	_	_	_	_	_	_
94-4	PSB005	94	4	okay	okay	_	_	_	_	_	linguistic	_	none	_	_	_	_	_	_
94-5	PSB005	94	5	e	e	_	_	_	_	_	linguistic	_	none	_	_	_	_	_	_
94-6	PSB005	94	6	invece	invece	_	_	_	_	_	linguistic	_	none	_	_	_	_	_	_
94-7	PSB005	94	7	con	con	_	_	_	_	_	linguistic	_	none	_	_	_	_	_	_
94-8	PSB005	94	8	l'	l'	_	_	_	_	_	linguistic	_	none	SpaceAfter=No	_	_	_	_	_
94-9	PSB005	94	9	inglese	inglese	_	_	_	_	_	linguistic	_	none	_	_	_	_	_	_
94-10	PSB005	94	10	hai	hai	_	_	_	_	_	linguistic	_	none	_	_	_	_	_	_
94-11	PSB005	94	11	lavorato,	lavorato	_	_	_	_	_	linguistic	_	none	Intonation=WeaklyRising	End=332.517	_	_	_	_
95-0	PSB018	95	0	sì	sì	_	_	_	_	_	linguistic	_	none	_	Begin=332.778	_	_	_	_
95-1	PSB018	95	1	ma	ma	_	_	_	_	_	linguistic	_	none	PauseAfter=Yes	_	_	_	_	_
95-2	PSB018	95	2	(.)	(.)	_	_	_	_	_	shortpause	_	none	_	_	_	_	_	_
95-3	PSB018	95	3	generalmente	generalmente	_	_	_	_	_	linguistic	_	none	_	_	_	_	_	_
95-4	PSB018	95	4	i	i	_	_	_	_	_	linguistic	_	none	_	_	_	_	_	_
95-5	PSB018	95	5	le	le	_	_	_	_	_	linguistic	_	none	_	_	_	_	_	_
95-6	PSB018	95	6	le	le	_	_	_	_	_	linguistic	_	none	_	_	_	_	_	_
95-7	PSB018	95	7	le	le	_	_	_	_	_	linguistic	_	none	_	_	_	_	_	_
95-8	PSB018	95	8	i	i	_	_	_	_	_	linguistic	_	none	_	_	_	_	_	_
95-9	PSB018	95	9	maestri	maestri	_	_	_	_	_	linguistic	_	none	_	_	_	_	_	_
95-10	PSB018	95	10	<d'	d'	_	_	_	_	_	linguistic	_	none	SpaceAfter=No	_	_	Slow=0-2(0)	_	_
95-11	PSB018	95	11	america>	america	_	_	_	_	_	linguistic	_	none	_	_	_	Slow=0-7(0)|Fast=6-7(0)	_	_
95-12	PSB018	95	12	eh	eh	_	_	_	_	_	linguistic	_	none	_	_	_	Fast=0-2(0)	_	_
95-13	PSB018	95	13	$anchle	anchle	_	_	_	_	_	linguistic	_	none	Orthography=Yes|Variation=Emerging	_	_	Fast=0-7(0)	_	_
95-14	PSB018	95	14	anche	anche	_	_	_	_	_	linguistic	_	none	_	_	_	Fast=0-5(0)	_	_
95-15	PSB018	95	15	in	in	_	_	_	_	_	linguistic	_	none	_	_	_	Fast=0-2(0)	_	_
95-16	PSB018	95	16	i~	i~	_	_	_	_	_	linguistic	_	none	Interrupted=Yes	_	_	Fast=0-2(0)	_	_
95-17	PSB018	95	17	<inghilterra	inghilterra	_	_	_	_	_	linguistic	_	none	_	_	_	Slow=0-11(1)	_	_
95-18	PSB018	95	18	hanno:>	hanno	_	_	_	_	_	linguistic	_	none	_	_	4x1	Slow=0-5(1)	_	_
95-19	PSB018	95	19	sono	sono	_	_	_	_	_	linguistic	_	none	_	_	_	_	_	_
95-20	PSB018	95	20	°sono	sono	_	_	_	_	_	linguistic	_	none	Volume=low	_	_	_	_	_
95-21	PSB018	95	21	venu~	venu~	_	_	_	_	_	linguistic	_	none	Interrupted=Yes|Volume=low	_	_	_	_	_
95-22	PSB018	95	22	venuti?°	venuti	_	_	_	_	_	linguistic	_	none	Intonation=Rising|Volume=low	End=346.852	_	_	_	_
96-0	PSB005	96	0	mhmh	mhmh	_	_	_	_	_	linguistic	_	none	_	Begin=346.87|End=347.333	_	_	_	_
97-0	PSB018	97	0	eh	eh	_	_	_	_	_	linguistic	_	none	_	Begin=347.389	_	_	_	_
97-1	PSB018	97	1	a	a	_	_	_	_	_	linguistic	_	none	_	_	_	_	_	_
97-2	PSB018	97	2	m:h	mh	_	_	_	_	_	linguistic	_	none	_	_	0x1	_	_	_
97-3	PSB018	97	3	paese	paese	_	_	_	_	_	linguistic	_	none	_	_	_	_	_	_
97-4	PSB018	97	4	a	a	_	_	_	_	_	linguistic	_	none	_	_	_	_	_	_
97-5	PSB018	97	5	no~	no~	_	_	_	_	_	linguistic	_	none	Interrupted=Yes	_	_	_	_	_
97-6	PSB018	97	6	in	in	_	_	_	_	_	linguistic	_	none	_	_	_	_	_	_
97-7	PSB018	97	7	nostra	nostra	_	_	_	_	_	linguistic	_	none	_	_	_	_	_	_
97-8	PSB018	97	8	città,	città	_	_	_	_	_	linguistic	_	none	Intonation=WeaklyRising	End=351.815	_	_	_	_
98-0	PSB005	98	0	mhmh	mhmh	_	_	_	_	_	linguistic	_	none	_	Begin=351.833|End=352.296	_	_	_	_
99-0	PSB018	99	0	eh	eh	_	_	_	_	_	linguistic	_	none	_	Begin=353.574	_	_	_	_
99-1	PSB018	99	1	per	per	_	_	_	_	_	linguistic	_	none	_	_	_	_	_	_
99-2	PSB018	99	2	fare	fare	_	_	_	_	_	linguistic	_	none	_	_	_	_	_	_
99-3	PSB018	99	3	lezione	lezione	_	_	_	_	_	linguistic	_	none	_	End=355.63	_	_	_	_
100-0	PSB005	100	0	okay	okay	_	_	_	_	_	linguistic	_	none	_	Begin=355.667|End=356.18	_	_	_	_
101-0	PSB018	101	0	mh	mh	_	_	_	_	_	linguistic	_	none	_	Begin=356.204	_	_	_	_
101-1	PSB018	101	1	eh	eh	_	_	_	_	_	linguistic	_	none	_	_	_	_	_	_
101-2	PSB018	101	2	no	no	_	_	_	_	_	linguistic	_	none	_	_	_	_	_	_
101-3	PSB018	101	3	qualche	qualche	_	_	_	_	_	linguistic	_	none	_	_	_	_	_	_
101-4	PSB018	101	4	ma	ma	_	_	_	_	_	linguistic	_	none	PauseAfter=Yes	_	_	_	_	_
101-5	PSB018	101	5	(.)	(.)	_	_	_	_	_	shortpause	_	none	_	_	_	_	_	_
101-6	PSB018	101	6	mh	mh	_	_	_	_	_	linguistic	_	none	_	_	_	_	_	_
101-7	PSB018	101	7	per	per	_	_	_	_	_	linguistic	_	none	_	_	_	_	_	_
101-8	PSB018	101	8	un	un	_	_	_	_	_	linguistic	_	none	_	_	_	_	_	_
101-9	PSB018	101	9	anno	anno	_	_	_	_	_	linguistic	_	none	_	_	_	_	_	_
101-10	PSB018	101	10	per	per	_	_	_	_	_	linguistic	_	none	_	_	_	_	_	_
101-11	PSB018	101	11	due	due	_	_	_	_	_	linguistic	_	none	_	_	_	_	_	_
101-12	PSB018	101	12	anni	anni	_	_	_	_	_	linguistic	_	none	_	_	_	_	_	_
101-13	PSB018	101	13	eh	eh	_	_	_	_	_	linguistic	_	none	_	_	_	_	_	_
101-14	PSB018	101	14	i	i	_	_	_	_	_	linguistic	_	none	_	_	_	_	_	_
101-15	PSB018	101	15	maestri:	maestri	_	_	_	_	_	linguistic	_	none	_	_	6x1	_	_	_
101-16	PSB018	101	16	hanno	hanno	_	_	_	_	_	linguistic	_	none	_	_	_	_	_	_
101-17	PSB018	101	17	°cambiano°?	cambiano	_	_	_	_	_	linguistic	_	none	Intonation=Rising|Volume=low	End=365.685	_	_	_	_
102-0	PSB005	102	0	mhmh	mhmh	_	_	_	_	_	linguistic	_	none	_	Begin=365.722|End=366.309	_	_	_	_
103-0	PSB018	103	0	e:hm	ehm	_	_	_	_	_	linguistic	_	none	_	Begin=366.463	0x1	_	_	_
103-1	PSB018	103	1	e	e	_	_	_	_	_	linguistic	_	none	_	_	_	_	_	_
103-2	PSB018	103	2	sempre	sempre	_	_	_	_	_	linguistic	_	none	_	_	_	_	_	_
103-3	PSB018	103	3	noi	noi	_	_	_	_	_	linguistic	_	none	_	_	_	_	_	_
103-4	PSB018	103	4	abbiamo:	abbiamo	_	_	_	_	_	linguistic	_	none	_	_	6x1	_	_	_
103-5	PSB018	103	5	tante	tante	_	_	_	_	_	linguistic	_	none	_	_	_	_	_	_
103-6	PSB018	103	6	lezione	lezione	_	_	_	_	_	linguistic	_	none	_	_	_	_	_	_
103-7	PSB018	103	7	con	con	_	_	_	_	_	linguistic	_	none	_	_	_	_	_	_
103-8	PSB018	103	8	le	le	_	_	_	_	_	linguistic	_	none	_	_	_	_	_	_
103-9	PSB018	103	9	persone:	persone	_	_	_	_	_	linguistic	_	none	_	_	6x1	_	_	_
103-10	PSB018	103	10	d~	d~	_	_	_	_	_	linguistic	_	none	Interrupted=Yes	_	_	_	_	_
103-11	PSB018	103	11	dall'	dall'	_	_	_	_	_	linguistic	_	none	SpaceAfter=No	_	_	_	_	_
103-12	PSB018	103	12	ameri[ca	america	_	_	_	_	_	linguistic	_	none	_	_	_	_	_	4-7(36)
103-13	PSB018	103	13	o]:	o	_	_	_	_	_	linguistic	_	none	_	_	0x1	_	_	0-1(36)
103-14	PSB018	103	14	inghilterrra	inghilterrra	_	_	_	_	_	linguistic	_	none	_	End=376.241	_	_	_	_
104-0	PSB005	104	0	[sì	sì	_	_	_	_	_	linguistic	_	none	_	Begin=374.056	_	_	_	0-2(36)
104-1	PSB005	104	1	sì	sì	_	_	_	_	_	linguistic	_	none	_	_	_	_	_	0-2(36)
104-2	PSB005	104	2	sì]	sì	_	_	_	_	_	linguistic	_	none	_	End=374.802	_	_	_	0-2(36)
105-0	PSB005	105	0	mh	mh	_	_	_	_	_	linguistic	_	none	_	Begin=376.259|End=376.692	_	_	_	_
106-0	PSB005	106	0	invece	invece	_	_	_	_	_	linguistic	_	none	_	Begin=377.185	_	_	_	_
106-1	PSB005	106	1	con	con	_	_	_	_	_	linguistic	_	none	_	_	_	_	_	_
106-2	PSB005	106	2	la	la	_	_	_	_	_	linguistic	_	none	_	_	_	_	_	_
106-3	PSB005	106	3	germania,	germania	_	_	_	_	_	linguistic	_	none	Intonation=WeaklyRising	End=378.648	_	_	_	_
107-0	PSB018	107	0	e	e	_	_	_	_	_	linguistic	_	none	_	Begin=379.5	_	_	_	_
107-1	PSB018	107	1	anche	anche	_	_	_	_	_	linguistic	_	none	_	_	_	_	_	_
107-2	PSB018	107	2	germani[a	germania	_	_	_	_	_	linguistic	_	none	_	_	_	_	_	7-8(37)
107-3	PSB018	107	3	e	e	_	_	_	_	_	linguistic	_	none	_	_	_	_	_	0-1(37)
107-4	PSB018	107	4	anche	anche	_	_	_	_	_	linguistic	_	none	_	_	_	_	_	0-5(37)
107-5	PSB018	107	5	germa]nia	germania	_	_	_	_	_	linguistic	_	none	_	_	_	_	_	0-5(37)
107-6	PSB018	107	6	ma	ma	_	_	_	_	_	linguistic	_	none	_	_	_	_	_	_
107-7	PSB018	107	7	e:h	eh	_	_	_	_	_	linguistic	_	none	_	End=382.852	0x1	_	_	_
108-0	PSB005	108	0	[anche	anche	_	_	_	_	_	linguistic	_	none	_	Begin=380.167	_	_	_	0-5(37)
108-1	PSB005	108	1	okay]	okay	_	_	_	_	_	linguistic	_	none	_	End=381.202	_	_	_	0-4(37)
109-0	PSB018	109	0	tedesco	tedesco	_	_	_	_	_	linguistic	_	none	_	Begin=383.333	_	_	_	_
109-1	PSB018	109	1	era	era	_	_	_	_	_	linguistic	_	none	_	_	_	_	_	_
109-2	PSB018	109	2	il	il	_	_	_	_	_	linguistic	_	none	_	_	_	_	_	_
109-3	PSB018	109	3	mio	mio	_	_	_	_	_	linguistic	_	none	_	_	_	_	_	_
109-4	PSB018	109	4	secondo:	secondo	_	_	_	_	_	linguistic	_	none	_	_	6x1	_	_	_
109-5	PSB018	109	5	la	la	_	_	_	_	_	linguistic	_	none	_	_	_	_	_	_
109-6	PSB018	109	6	mia	mia	_	_	_	_	_	linguistic	_	none	_	_	_	_	_	_
109-7	PSB018	109	7	seconda	seconda	_	_	_	_	_	linguistic	_	none	_	_	_	_	_	_
109-8	PSB018	109	8	lingua	lingua	_	_	_	_	_	linguistic	_	none	_	_	_	_	_	_
109-9	PSB018	109	9	e	e	_	_	_	_	_	linguistic	_	none	_	_	_	_	_	_
109-10	PSB018	109	10	normalmente	normalmente	_	_	_	_	_	linguistic	_	none	_	_	_	_	_	_
109-11	PSB018	109	11	<lezione>	lezione	_	_	_	_	_	linguistic	_	none	_	End=391.315	_	Slow=0-7(0)	_	_
110-0	PSB018	110	0	tedeschi	tedeschi	_	_	_	_	_	linguistic	_	none	_	Begin=391.87	_	_	_	_
110-1	PSB018	110	1	erano	erano	_	_	_	_	_	linguistic	_	none	_	_	_	_	_	_
110-2	PSB018	110	2	fatto	fatto	_	_	_	_	_	linguistic	_	none	_	_	_	_	_	_
110-3	PSB018	110	3	per	per	_	_	_	_	_	linguistic	_	none	_	_	_	_	_	_
110-4	PSB018	110	4	i	i	_	_	_	_	_	linguistic	_	none	_	_	_	_	_	_
110-5	PSB018	110	5	studenti:	studenti	_	_	_	_	_	linguistic	_	none	_	End=395.574	7x1	_	_	_
111-0	PSB018	111	0	chi	chi	_	_	_	_	_	linguistic	_	none	_	Begin=396.352	_	_	_	_
111-1	PSB018	111	1	°ha	ha	_	_	_	_	_	linguistic	_	none	Volume=low	_	_	_	_	_
111-2	PSB018	111	2	fa~	fa~	_	_	_	_	_	linguistic	_	none	Interrupted=Yes|Volume=low	_	_	_	_	_
111-3	PSB018	111	3	chi	chi	_	_	_	_	_	linguistic	_	none	Volume=low	_	_	_	_	_
111-4	PSB018	111	4	ha	ha	_	_	_	_	_	linguistic	_	none	Volume=low	_	_	_	_	_
111-5	PSB018	111	5	fa~	fa~	_	_	_	_	_	linguistic	_	none	Interrupted=Yes|Volume=low	_	_	_	_	_
111-6	PSB018	111	6	hanno	hanno	_	_	_	_	_	linguistic	_	none	Volume=low	_	_	_	_	_
111-7	PSB018	111	7	fatto°	fatto	_	_	_	_	_	linguistic	_	none	Volume=low	_	_	_	_	_
111-8	PSB018	111	8	tedesco	tedesco	_	_	_	_	_	linguistic	_	none	_	_	_	_	_	_
111-9	PSB018	111	9	come	come	_	_	_	_	_	linguistic	_	none	_	_	_	_	_	_
111-10	PSB018	111	10	il	il	_	_	_	_	_	linguistic	_	none	_	_	_	_	_	_
111-11	PSB018	111	11	primo	primo	_	_	_	_	_	linguistic	_	none	_	End=401.418	_	_	_	_
112-0	PSB005	112	0	okay	okay	_	_	_	_	_	linguistic	_	none	_	Begin=401.426|End=401.963	_	_	_	_
113-0	PSB018	113	0	la	la	_	_	_	_	_	linguistic	_	none	_	Begin=401.963	_	_	_	_
113-1	PSB018	113	1	prima	prima	_	_	_	_	_	linguistic	_	none	_	_	_	_	_	_
113-2	PSB018	113	2	ling[ua]	lingua	_	_	_	_	_	linguistic	_	none	_	End=402.815	_	_	_	4-6(38)
114-0	PSB005	114	0	[quin]di	quindi	_	_	_	_	_	linguistic	_	none	_	Begin=402.648	_	_	_	0-4(38)
114-1	PSB005	114	1	difficile?	difficile	_	_	_	_	_	linguistic	_	none	Intonation=Rising	End=403.593	_	_	_	_
115-0	PSB018	115	0	eh	eh	_	_	_	_	_	linguistic	_	none	_	Begin=403.593	_	_	_	_
115-1	PSB018	115	1	sì	sì	_	_	_	_	_	linguistic	_	none	_	_	_	_	_	_
115-2	PSB018	115	2	difficile	difficile	_	_	_	_	_	linguistic	_	none	_	_	_	_	_	_
115-3	PSB018	115	3	e:	e	_	_	_	_	_	linguistic	_	none	PauseAfter=Yes	_	0x1	_	_	_
115-4	PSB018	115	4	(.)	(.)	_	_	_	_	_	shortpause	_	none	_	_	_	_	_	_
115-5	PSB018	115	5	abbiamo	abbiamo	_	_	_	_	_	linguistic	_	none	_	_	_	_	_	_
115-6	PSB018	115	6	fatto	fatto	_	_	_	_	_	linguistic	_	none	_	_	_	_	_	_
115-7	PSB018	115	7	qualche	qualche	_	_	_	_	_	linguistic	_	none	_	_	_	_	_	_
115-8	PSB018	115	8	lezione	lezione	_	_	_	_	_	linguistic	_	none	_	_	_	_	_	_
115-9	PSB018	115	9	ma	ma	_	_	_	_	_	linguistic	_	none	_	_	_	_	_	_
115-10	PSB018	115	10	normalmente	normalmente	_	_	_	_	_	linguistic	_	none	_	_	_	_	_	_
115-11	PSB018	115	11	generalm~	generalm~	_	_	_	_	_	linguistic	_	none	Interrupted=Yes	_	_	_	_	_
115-12	PSB018	115	12	eh	eh	_	_	_	_	_	linguistic	_	none	_	_	_	_	_	_
115-13	PSB018	115	13	mente	mente	_	_	_	_	_	linguistic	_	none	PauseAfter=Yes	_	_	_	_	_
115-14	PSB018	115	14	(.)	(.)	_	_	_	_	_	shortpause	_	none	_	_	_	_	_	_
115-15	PSB018	115	15	solo	solo	_	_	_	_	_	linguistic	_	none	_	_	_	_	_	_
115-16	PSB018	115	16	inglese	inglese	_	_	_	_	_	linguistic	_	none	_	End=411.839	_	_	_	_
116-0	PSB018	116	0	per	per	_	_	_	_	_	linguistic	_	none	_	Begin=413.222	_	_	_	_
116-1	PSB018	116	1	noi	noi	_	_	_	_	_	linguistic	_	none	_	_	_	_	_	_
116-2	PSB018	116	2	eh	eh	_	_	_	_	_	linguistic	_	none	_	_	_	_	_	_
116-3	PSB018	116	3	lezioni	lezioni	_	_	_	_	_	linguistic	_	none	_	_	_	_	_	_
116-4	PSB018	116	4	con	con	_	_	_	_	_	linguistic	_	none	_	_	_	_	_	_
116-5	PSB018	116	5	americani	americani	_	_	_	_	_	linguistic	_	none	_	_	_	_	_	_
116-6	PSB018	116	6	e	e	_	_	_	_	_	linguistic	_	none	_	_	_	_	_	_
116-7	PSB018	116	7	i:	i	_	_	_	_	_	linguistic	_	none	_	End=417.111	0x1	_	_	_
117-0	PSB018	117	0	english	english	_	_	_	_	_	linguistic	_	all	Language=NO_ISO_CODE|Variation=Token	Begin=417.593	_	_	_	_
117-1	PSB018	117	1	men	men	_	_	_	_	_	linguistic	_	all	Language=NO_ISO_CODE|Variation=Token	End=418.333	_	_	_	_
118-0	PSB005	118	0	mhmh	mhmh	_	_	_	_	_	linguistic	_	none	_	Begin=418.37|End=418.889	_	_	_	_
119-0	PSB018	119	0	eh	eh	_	_	_	_	_	linguistic	_	none	_	Begin=420.111	_	_	_	_
119-1	PSB018	119	1	tedeschi	tedeschi	_	_	_	_	_	linguistic	_	none	PauseAfter=Yes	_	_	_	_	_
119-2	PSB018	119	2	(.)	(.)	_	_	_	_	_	shortpause	_	none	_	_	_	_	_	_
119-3	PSB018	119	3	con	con	_	_	_	_	_	linguistic	_	none	_	_	_	_	_	_
119-4	PSB018	119	4	il	il	_	_	_	_	_	linguistic	_	none	_	_	_	_	_	_
119-5	PSB018	119	5	livello:	livello	_	_	_	_	_	linguistic	_	none	_	_	6x1	_	_	_
119-6	PSB018	119	6	tedesco	tedesco	_	_	_	_	_	linguistic	_	none	_	_	_	_	_	_
119-7	PSB018	119	7	noi	noi	_	_	_	_	_	linguistic	_	none	_	_	_	_	_	_
119-8	PSB018	119	8	abbiamo	abbiamo	_	_	_	_	_	linguistic	_	none	_	_	_	_	_	_
119-9	PSB018	119	9	fatto	fatto	_	_	_	_	_	linguistic	_	none	_	_	_	_	_	_
119-10	PSB018	119	10	e:h	eh	_	_	_	_	_	linguistic	_	none	_	End=425.833	0x1	_	_	_
120-0	PSB018	120	0	non	non	_	_	_	_	_	linguistic	_	none	_	Begin=426.537|End=427.204	_	_	_	_
121-0	PSB018	121	0	was	was	_	_	_	_	_	linguistic	_	all	Language=NO_ISO_CODE|Variation=Token	Begin=429.852	_	_	_	_
121-1	PSB018	121	1	interested	interested	_	_	_	_	_	linguistic	_	all	Language=NO_ISO_CODE|Variation=Token	End=430.741	_	_	_	_
123-0	PSB005	123	0	mhmh	mhmh	_	_	_	_	_	linguistic	_	none	_	Begin=430.741	_	_	_	_
123-1	PSB005	123	1	no	no	_	_	_	_	_	linguistic	_	none	_	_	_	_	_	_
123-2	PSB005	123	2	sì	sì	_	_	_	_	_	linguistic	_	none	_	_	_	_	_	_
123-3	PSB005	123	3	non	non	_	_	_	_	_	linguistic	_	none	_	_	_	_	_	_
123-4	PSB005	123	4	eri	eri	_	_	_	_	_	linguistic	_	none	_	_	_	_	_	_
123-5	PSB005	123	5	interessata	interessata	_	_	_	_	_	linguistic	_	none	_	_	_	_	_	_
123-6	PSB005	123	6	[sì	sì	_	_	_	_	_	linguistic	_	none	_	_	_	_	_	0-2(39)
123-7	PSB005	123	7	sì]	sì	_	_	_	_	_	linguistic	_	none	_	_	_	_	_	0-2(39)
123-8	PSB005	123	8	sì	sì	_	_	_	_	_	linguistic	_	none	_	_	_	_	_	_
123-9	PSB005	123	9	sì	sì	_	_	_	_	_	linguistic	_	none	_	_	_	_	_	_
123-10	PSB005	123	10	certo	certo	_	_	_	_	_	linguistic	_	none	_	_	_	_	_	_
123-11	PSB005	123	11	okay	okay	_	_	_	_	_	linguistic	_	none	_	_	_	_	_	_
123-12	PSB005	123	12	ah	ah	_	_	_	_	_	linguistic	_	none	_	_	_	_	_	_
123-13	PSB005	123	13	io	io	_	_	_	_	_	linguistic	_	none	_	_	_	_	_	_
123-14	PSB005	123	14	ho	ho	_	_	_	_	_	linguistic	_	none	_	_	_	_	_	_
123-15	PSB005	123	15	studiato:	studiato	_	_	_	_	_	linguistic	_	none	PauseAfter=Yes	_	7x1	_	_	_
123-16	PSB005	123	16	(.)	(.)	_	_	_	_	_	shortpause	_	none	_	_	_	_	_	_
123-17	PSB005	123	17	anche	anche	_	_	_	_	_	linguistic	_	none	_	_	_	_	_	_
123-18	PSB005	123	18	lingue	lingue	_	_	_	_	_	linguistic	_	none	_	_	_	_	_	_
123-19	PSB005	123	19	ho	ho	_	_	_	_	_	linguistic	_	none	_	_	_	_	_	_
123-20	PSB005	123	20	studiato	studiato	_	_	_	_	_	linguistic	_	none	_	_	_	_	_	_
123-21	PSB005	123	21	lingue	lingue	_	_	_	_	_	linguistic	_	none	_	_	_	_	_	_
123-22	PSB005	123	22	e	e	_	_	_	_	_	linguistic	_	none	_	_	_	_	_	_
123-23	PSB005	123	23	traduzione	traduzione	_	_	_	_	_	linguistic	_	none	_	End=439.185	_	_	_	_
124-0	PSB018	124	0	[sì	sì	_	_	_	_	_	linguistic	_	none	_	Begin=432.556	_	_	_	0-2(39)
124-1	PSB018	124	1	sì]	sì	_	_	_	_	_	linguistic	_	none	_	End=433.093	_	_	_	0-2(39)
125-0	PSB018	125	0	mh[mh]	mhmh	_	_	_	_	_	linguistic	_	none	_	Begin=439.167|End=439.741	_	_	_	2-4(41)
126-0	PSB005	126	0	[per]	per	_	_	_	_	_	linguistic	_	none	_	Begin=439.481	_	_	_	0-3(41)
126-1	PSB005	126	1	diventare	diventare	_	_	_	_	_	linguistic	_	none	PauseAfter=Yes	_	_	_	_	_
126-2	PSB005	126	2	(.)	(.)	_	_	_	_	_	shortpause	_	none	_	_	_	_	_	_
126-3	PSB005	126	3	è	è	_	_	_	_	_	linguistic	_	none	_	_	_	_	_	_
126-4	PSB005	126	4	un	un	_	_	_	_	_	linguistic	_	none	_	_	_	_	_	_
126-5	PSB005	126	5	corso:	corso	_	_	_	_	_	linguistic	_	none	_	_	4x1	_	_	_
126-6	PSB005	126	6	specifico	specifico	_	_	_	_	_	linguistic	_	none	_	_	_	_	_	_
126-7	PSB005	126	7	per	per	_	_	_	_	_	linguistic	_	none	_	_	_	_	_	_
126-8	PSB005	126	8	diventare	diventare	_	_	_	_	_	linguistic	_	none	_	_	_	_	_	_
126-9	PSB005	126	9	interprete	interprete	_	_	_	_	_	linguistic	_	none	_	End=445.667	_	_	_	_
127-0	PSB018	127	0	ah	ah	_	_	_	_	_	linguistic	_	none	_	Begin=445.648	_	_	_	_
127-1	PSB018	127	1	sì	sì	_	_	_	_	_	linguistic	_	none	_	_	_	_	_	_
127-2	PSB018	127	2	sì	sì	_	_	_	_	_	linguistic	_	none	_	End=446.259	_	_	_	_
128-0	PSB005	128	0	e	e	_	_	_	_	_	linguistic	_	none	_	Begin=446.241	_	_	_	_
128-1	PSB005	128	1	per	per	_	_	_	_	_	linguistic	_	none	_	_	_	_	_	_
128-2	PSB005	128	2	esempio	esempio	_	_	_	_	_	linguistic	_	none	_	_	_	_	_	_
128-3	PSB005	128	3	a	a	_	_	_	_	_	linguistic	_	none	_	_	_	_	_	_
128-4	PSB005	128	4	bruxelles,	bruxelles	_	_	_	_	_	linguistic	_	none	Intonation=WeaklyRising	_	_	_	_	_
128-5	PSB005	128	5	[unione	unione	_	_	_	_	_	linguistic	_	none	_	_	_	_	_	0-6(44)
128-6	PSB005	128	6	eu]ropea	europea	_	_	_	_	_	linguistic	_	none	_	_	_	_	_	0-2(44)
128-7	PSB005	128	7	però	però	_	_	_	_	_	linguistic	_	none	_	_	_	_	_	_
128-8	PSB005	128	8	dopo:	dopo	_	_	_	_	_	linguistic	_	none	_	_	3x1	_	_	_
128-9	PSB005	128	9	dopo	dopo	_	_	_	_	_	linguistic	_	none	_	_	_	_	_	_
128-10	PSB005	128	10	aver	aver	_	_	_	_	_	linguistic	_	none	_	_	_	_	_	_
128-11	PSB005	128	11	studiato	studiato	_	_	_	_	_	linguistic	_	none	_	_	_	_	_	_
128-12	PSB005	128	12	questo	questo	_	_	_	_	_	linguistic	_	none	_	_	_	_	_	_
128-13	PSB005	128	13	alla	alla	_	_	_	_	_	linguistic	_	none	_	_	_	_	_	_
128-14	PSB005	128	14	magistrale	magistrale	_	_	_	_	_	linguistic	_	none	_	_	_	_	_	_
128-15	PSB005	128	15	al	al	_	_	_	_	_	linguistic	_	none	_	_	_	_	_	_
128-16	PSB005	128	16	master	master	_	_	_	_	_	linguistic	_	none	_	End=454.0	_	_	_	_
129-0	PSB018	129	0	[mhmh]	mhmh	_	_	_	_	_	linguistic	_	none	_	Begin=447.981|End=448.499	_	_	_	0-4(44)
130-0	PSB005	130	0	e:hm	ehm	_	_	_	_	_	linguistic	_	none	_	Begin=454.519	0x1	_	_	_
130-1	PSB005	130	1	mi	mi	_	_	_	_	_	linguistic	_	none	_	_	_	_	_	_
130-2	PSB005	130	2	mi	mi	_	_	_	_	_	linguistic	_	none	_	_	_	_	_	_
130-3	PSB005	130	3	sono	sono	_	_	_	_	_	linguistic	_	none	_	_	_	_	_	_
130-4	PSB005	130	4	appassionata	appassionata	_	_	_	_	_	linguistic	_	none	_	_	_	_	_	_
130-5	PSB005	130	5	più	più	_	_	_	_	_	linguistic	_	none	_	_	_	_	_	_
130-6	PSB005	130	6	della	della	_	_	_	_	_	linguistic	_	none	_	_	_	_	_	_
130-7	PSB005	130	7	ricerca	ricerca	_	_	_	_	_	linguistic	_	none	_	End=457.815	_	_	_	_
131-0	PSB018	131	0	°ah	ah	_	_	_	_	_	linguistic	_	none	Volume=low	Begin=457.981	_	_	_	_
131-1	PSB018	131	1	ok[ay°]	okay	_	_	_	_	_	linguistic	_	none	Volume=low	End=458.741	_	_	_	2-4(45)
132-0	PSB005	132	0	[uni]versitaria	universitaria	_	_	_	_	_	linguistic	_	none	_	Begin=458.444	_	_	_	0-3(45)
132-1	PSB005	132	1	e	e	_	_	_	_	_	linguistic	_	none	_	_	_	_	_	_
132-2	PSB005	132	2	quindi:	quindi	_	_	_	_	_	linguistic	_	none	_	_	5x1	_	_	_
132-3	PSB005	132	3	ho	ho	_	_	_	_	_	linguistic	_	none	_	_	_	_	_	_
132-4	PSB005	132	4	cambiato	cambiato	_	_	_	_	_	linguistic	_	none	_	End=461.19	_	_	_	_
133-0	PSB018	133	0	e?	e	_	_	_	_	_	linguistic	_	none	Intonation=Rising	Begin=461.778|End=462.241	_	_	_	_
134-0	PSB005	134	0	non	non	_	_	_	_	_	linguistic	_	none	_	Begin=462.259	_	_	_	_
134-1	PSB005	134	1	ho	ho	_	_	_	_	_	linguistic	_	none	_	_	_	_	_	_
134-2	PSB005	134	2	fatto	fatto	_	_	_	_	_	linguistic	_	none	_	_	_	_	_	_
134-3	PSB005	134	3	l'	l'	_	_	_	_	_	linguistic	_	none	SpaceAfter=No	_	_	_	_	_
134-4	PSB005	134	4	interprete	interprete	_	_	_	_	_	linguistic	_	none	_	_	_	_	_	_
134-5	PSB005	134	5	quasi	quasi	_	_	_	_	_	linguistic	_	none	_	_	_	_	_	_
134-6	PSB005	134	6	mai	mai	_	_	_	_	_	linguistic	_	none	_	End=464.63	_	_	_	_
135-0	PSB018	135	0	no	no	_	_	_	_	_	linguistic	_	none	_	Begin=465.02	_	_	_	_
135-1	PSB018	135	1	adesso	adesso	_	_	_	_	_	linguistic	_	none	_	_	_	_	_	_
135-2	PSB018	135	2	eh	eh	_	_	_	_	_	linguistic	_	none	_	_	_	_	_	_
135-3	PSB018	135	3	in	in	_	_	_	_	_	linguistic	_	none	_	_	_	_	_	_
135-4	PSB018	135	4	europa	europa	_	_	_	_	_	linguistic	_	none	_	_	_	_	_	_
135-5	PSB018	135	5	quando:	quando	_	_	_	_	_	linguistic	_	none	_	End=468.52	5x1	_	_	_
136-0	PSB018	136	0	io	io	_	_	_	_	_	linguistic	_	none	_	Begin=468.96	_	_	_	_
136-1	PSB018	136	1	vivo	vivo	_	_	_	_	_	linguistic	_	none	_	_	_	_	_	_
136-2	PSB018	136	2	qui	qui	_	_	_	_	_	linguistic	_	none	_	_	_	_	_	_
136-3	PSB018	136	3	in	in	_	_	_	_	_	linguistic	_	none	_	_	_	_	_	_
136-4	PSB018	136	4	italia	italia	_	_	_	_	_	linguistic	_	none	_	_	_	_	_	_
136-5	PSB018	136	5	ahm	ahm	_	_	_	_	_	linguistic	_	none	_	End=472.064	_	_	_	_
137-0	PSB018	137	0	<io	io	_	_	_	_	_	linguistic	_	none	_	Begin=473.52	_	Slow=0-2(0)	_	_
137-1	PSB018	137	1	visto	visto	_	_	_	_	_	linguistic	_	none	_	_	_	Slow=0-5(0)	_	_
137-2	PSB018	137	2	questa	questa	_	_	_	_	_	linguistic	_	none	_	_	_	Slow=0-6(0)	_	_
137-3	PSB018	137	3	situazione	situazione	_	_	_	_	_	linguistic	_	none	_	_	_	Slow=0-10(0)	_	_
137-4	PSB018	137	4	dall'	dall'	_	_	_	_	_	linguistic	_	none	SpaceAfter=No	_	_	Slow=0-5(0)	_	_
137-5	PSB018	137	5	altra	altra	_	_	_	_	_	linguistic	_	none	_	_	_	Slow=0-5(0)	_	_
137-6	PSB018	137	6	parte>	parte	_	_	_	_	_	linguistic	_	none	_	End=478.735	_	Slow=0-5(0)	_	_
138-0	PSB018	138	0	perché	perché	_	_	_	_	_	linguistic	_	none	_	Begin=479.48	_	_	_	_
138-1	PSB018	138	1	qui:	qui	_	_	_	_	_	linguistic	_	none	_	_	2x1	_	_	_
138-2	PSB018	138	2	ehm	ehm	_	_	_	_	_	linguistic	_	none	_	_	_	_	_	_
138-3	PSB018	138	3	<ce	ce	_	_	_	_	_	linguistic	_	none	_	_	_	Slow=0-2(0)	_	_
138-4	PSB018	138	4	sono>	sono	_	_	_	_	_	linguistic	_	none	_	_	_	Slow=0-4(0)	_	_
138-5	PSB018	138	5	eh	eh	_	_	_	_	_	linguistic	_	none	_	_	_	_	_	_
138-6	PSB018	138	6	tante	tante	_	_	_	_	_	linguistic	_	none	_	_	_	_	_	_
138-7	PSB018	138	7	possibilità	possibilità	_	_	_	_	_	linguistic	_	none	_	End=485.611	_	_	_	_
139-0	PSB018	139	0	per:	per	_	_	_	_	_	linguistic	_	none	_	Begin=486.35	2x1	_	_	_
139-1	PSB018	139	1	mh	mh	_	_	_	_	_	linguistic	_	none	_	_	_	_	_	_
139-2	PSB018	139	2	i	i	_	_	_	_	_	linguistic	_	none	_	_	_	_	_	_
139-3	PSB018	139	3	studenti	studenti	_	_	_	_	_	linguistic	_	none	PauseAfter=Yes	_	_	_	_	_
139-4	PSB018	139	4	[(.)]	(.)	_	_	_	_	_	shortpause	_	none	_	_	_	_	_	X(46)
139-5	PSB018	139	5	per	per	_	_	_	_	_	linguistic	_	none	_	_	_	_	_	_
139-6	PSB018	139	6	gli	gli	_	_	_	_	_	linguistic	_	none	_	_	_	_	_	_
139-7	PSB018	139	7	studenti	studenti	_	_	_	_	_	linguistic	_	none	_	End=490.47	_	_	_	_
140-0	PSB005	140	0	[mhmh]	mhmh	_	_	_	_	_	linguistic	_	none	_	Begin=488.87|End=489.28	_	_	_	0-4(46)
141-0	PSB018	141	0	e:h	eh	_	_	_	_	_	linguistic	_	none	_	Begin=491.04	0x1	_	_	_
141-1	PSB018	141	1	invece	invece	_	_	_	_	_	linguistic	_	none	_	_	_	_	_	_
141-2	PSB018	141	2	noi	noi	_	_	_	_	_	linguistic	_	none	_	End=493.026	_	_	_	_
142-0	PSB018	142	0	non	non	_	_	_	_	_	linguistic	_	none	_	Begin=494.38	_	_	_	_
142-1	PSB018	142	1	abbiamo	abbiamo	_	_	_	_	_	linguistic	_	none	_	_	_	_	_	_
142-2	PSB018	142	2	quelli	quelli	_	_	_	_	_	linguistic	_	none	_	_	_	_	_	_
142-3	PSB018	142	3	[possibi]lità,	possibilità	_	_	_	_	_	linguistic	_	none	Intonation=WeaklyRising	End=496.871	_	_	_	0-7(47)
143-0	PSB005	143	0	[mhmh]	mhmh	_	_	_	_	_	linguistic	_	none	_	Begin=496.003|End=496.463	_	_	_	0-4(47)
144-0	PSB018	144	0	ehm	ehm	_	_	_	_	_	linguistic	_	none	_	Begin=498.13	_	_	_	_
144-1	PSB018	144	1	e	e	_	_	_	_	_	linguistic	_	none	_	_	_	_	_	_
144-2	PSB018	144	2	purtroppo	purtroppo	_	_	_	_	_	linguistic	_	none	_	_	_	_	_	_
144-3	PSB018	144	3	hanno	hanno	_	_	_	_	_	linguistic	_	none	_	_	_	_	_	_
144-4	PSB018	144	4	eh	eh	_	_	_	_	_	linguistic	_	none	_	_	_	_	_	_
144-5	PSB018	144	5	ho:	ho	_	_	_	_	_	linguistic	_	none	_	_	1x1	_	_	_
144-6	PSB018	144	6	quarantatré	quarantatré	_	_	_	_	_	linguistic	_	none	_	_	_	_	_	_
144-7	PSB018	144	7	anni	anni	_	_	_	_	_	linguistic	_	none	_	End=504.364	_	_	_	_
145-0	PSB018	145	0	e	e	_	_	_	_	_	linguistic	_	none	_	Begin=504.8	_	_	_	_
145-1	PSB018	145	1	per	per	_	_	_	_	_	linguistic	_	none	_	_	_	_	_	_
145-2	PSB018	145	2	iniziare	iniziare	_	_	_	_	_	linguistic	_	none	_	_	_	_	_	_
145-3	PSB018	145	3	studiare	studiare	_	_	_	_	_	linguistic	_	none	_	End=506.886	_	_	_	_
146-0	PSB018	146	0	da	da	_	_	_	_	_	linguistic	_	none	_	Begin=507.65	_	_	_	_
146-1	PSB018	146	1	nuovo	nuovo	_	_	_	_	_	linguistic	_	none	_	_	_	_	_	_
146-2	PSB018	146	2	tutto	tutto	_	_	_	_	_	linguistic	_	none	_	_	_	_	_	_
146-3	PSB018	146	3	non	non	_	_	_	_	_	linguistic	_	none	_	_	_	_	_	_
146-4	PSB018	146	4	so	so	_	_	_	_	_	linguistic	_	none	_	_	_	_	_	_
146-5	PSB018	146	5	ce	ce	_	_	_	_	_	linguistic	_	none	_	_	_	_	_	_
146-6	PSB018	146	6	se	se	_	_	_	_	_	linguistic	_	none	_	_	_	_	_	_
146-7	PSB018	146	7	io	io	_	_	_	_	_	linguistic	_	none	_	_	_	_	_	_
146-8	PSB018	146	8	voglio	voglio	_	_	_	_	_	linguistic	_	none	_	End=511.359	_	_	_	_
147-0	PSB005	147	0	°mhmh°	mhmh	_	_	_	_	_	linguistic	_	none	Volume=low	Begin=511.78|End=512.08	_	_	_	_
148-0	PSB018	148	0	ma	ma	_	_	_	_	_	linguistic	_	none	_	Begin=512.28	_	_	_	_
148-1	PSB018	148	1	molto	molto	_	_	_	_	_	linguistic	_	none	_	_	_	_	_	_
148-2	PSB018	148	2	interessante	interessante	_	_	_	_	_	linguistic	_	none	_	End=513.667	_	_	_	_
149-0	PSB018	149	0	e	e	_	_	_	_	_	linguistic	_	none	_	Begin=513.98	_	_	_	_
149-1	PSB018	149	1	perché:	perché	_	_	_	_	_	linguistic	_	none	_	End=515.263	5x1	_	_	_
150-0	PSB018	150	0	tutti	tutti	_	_	_	_	_	linguistic	_	none	_	Begin=515.73	_	_	_	_
150-1	PSB018	150	1	li	li	_	_	_	_	_	linguistic	_	none	_	_	_	_	_	_
150-2	PSB018	150	2	paese	paese	_	_	_	_	_	linguistic	_	none	_	_	_	_	_	_
150-3	PSB018	150	3	molto	molto	_	_	_	_	_	linguistic	_	none	_	_	_	_	_	_
150-4	PSB018	150	4	vicini	vicini	_	_	_	_	_	linguistic	_	none	_	_	_	_	_	_
150-5	PSB018	150	5	e	e	_	_	_	_	_	linguistic	_	none	_	_	_	_	_	_
150-6	PSB018	150	6	lo	lo	_	_	_	_	_	linguistic	_	none	_	_	_	_	_	_
150-7	PSB018	150	7	so	so	_	_	_	_	_	linguistic	_	none	_	_	_	_	_	_
150-8	PSB018	150	8	tante	tante	_	_	_	_	_	linguistic	_	none	_	_	_	_	_	_
150-9	PSB018	150	9	eh	eh	_	_	_	_	_	linguistic	_	none	_	_	_	_	_	_
150-10	PSB018	150	10	persone	persone	_	_	_	_	_	linguistic	_	none	_	_	_	_	_	_
150-11	PSB018	150	11	it~	it~	_	_	_	_	_	linguistic	_	none	Interrupted=Yes	_	_	_	_	_
150-12	PSB018	150	12	italiani	italiani	_	_	_	_	_	linguistic	_	none	_	End=521.563	_	_	_	_
151-0	PSB018	151	0	ehm	ehm	_	_	_	_	_	linguistic	_	none	_	Begin=521.86	_	_	_	_
151-1	PSB018	151	1	non	non	_	_	_	_	_	linguistic	_	none	_	_	_	_	_	_
151-2	PSB018	151	2	so	so	_	_	_	_	_	linguistic	_	none	_	_	_	_	_	_
151-3	PSB018	151	3	se	se	_	_	_	_	_	linguistic	_	none	_	_	_	_	_	_
151-4	PSB018	151	4	bolognesi	bolognesi	_	_	_	_	_	linguistic	_	none	_	_	_	_	_	_
151-5	PSB018	151	5	o	o	_	_	_	_	_	linguistic	_	none	_	_	_	_	_	_
151-6	PSB018	151	6	no	no	_	_	_	_	_	linguistic	_	none	_	_	_	_	_	_
151-7	PSB018	151	7	ma	ma	_	_	_	_	_	linguistic	_	none	_	_	_	_	_	_
151-8	PSB018	151	8	italiani	italiani	_	_	_	_	_	linguistic	_	none	_	End=524.257	_	_	_	_
152-0	PSB018	152	0	e:h	eh	_	_	_	_	_	linguistic	_	none	_	Begin=524.65	0x1	_	_	_
152-1	PSB018	152	1	quando	quando	_	_	_	_	_	linguistic	_	none	_	_	_	_	_	_
152-2	PSB018	152	2	loro	loro	_	_	_	_	_	linguistic	_	none	_	_	_	_	_	_
152-3	PSB018	152	3	ahm	ahm	_	_	_	_	_	linguistic	_	none	_	End=527.35	_	_	_	_
153-0	PSB018	153	0	°ahm	ahm	_	_	_	_	_	linguistic	_	none	Volume=low	Begin=528.85	_	_	_	_
153-1	PSB018	153	1	quando	quando	_	_	_	_	_	linguistic	_	none	Volume=low	_	_	_	_	_
153-2	PSB018	153	2	loro	loro	_	_	_	_	_	linguistic	_	none	PauseAfter=Yes|Volume=low	_	_	_	_	_
153-3	PSB018	153	3	(.)	(.)	_	_	_	_	_	shortpause	_	none	_	_	_	_	_	_
153-4	PSB018	153	4	erano?°	erano	_	_	_	_	_	linguistic	_	none	Intonation=Rising|Volume=low	End=531.72	_	_	_	_
154-0	PSB005	154	0	mhmh	mhmh	_	_	_	_	_	linguistic	_	none	_	Begin=531.75|End=532.17	_	_	_	_
155-0	PSB018	155	0	i:	i	_	_	_	_	_	linguistic	_	none	_	Begin=532.37|End=533.657	0x1	_	_	_
156-0	PSB018	156	0	°s~	s~	_	_	_	_	_	linguistic	_	none	Interrupted=Yes|Volume=low	Begin=534.19	_	_	_	_
156-1	PSB018	156	1	no	no	_	_	_	_	_	linguistic	_	none	Volume=low	_	_	_	_	_
156-2	PSB018	156	2	studenti	studenti	_	_	_	_	_	linguistic	_	none	Volume=low	_	_	_	_	_
156-3	PSB018	156	3	questi	questi	_	_	_	_	_	linguistic	_	none	PauseAfter=Yes|Volume=low	_	_	_	_	_
156-4	PSB018	156	4	(.)	(.)	_	_	_	_	_	shortpause	_	none	_	_	_	_	_	_
156-5	PSB018	156	5	bimbi	bimbi	_	_	_	_	_	linguistic	_	none	Volume=low	_	_	_	_	_
156-6	PSB018	156	6	ma	ma	_	_	_	_	_	linguistic	_	none	Volume=low	_	_	_	_	_
156-7	PSB018	156	7	studenti	studenti	_	_	_	_	_	linguistic	_	none	Volume=low	_	_	_	_	_
156-8	PSB018	156	8	de[lla	della	_	_	_	_	_	linguistic	_	none	Volume=low	_	_	_	_	2-5(48)
156-9	PSB018	156	9	scuola]°	scuola	_	_	_	_	_	linguistic	_	none	Volume=low	End=538.257	_	_	_	0-6(48)
157-0	PSB005	157	0	[sì	sì	_	_	_	_	_	linguistic	_	none	_	Begin=537.61	_	_	_	0-2(48)
157-1	PSB005	157	1	sì]	sì	_	_	_	_	_	linguistic	_	none	_	_	_	_	_	0-2(48)
157-2	PSB005	157	2	studenti	studenti	_	_	_	_	_	linguistic	_	none	_	_	_	_	_	_
157-3	PSB005	157	3	sì	sì	_	_	_	_	_	linguistic	_	none	_	_	_	_	_	_
157-4	PSB005	157	4	sì	sì	_	_	_	_	_	linguistic	_	none	_	End=539.32	_	_	_	_
158-0	PSB018	158	0	studenti	studenti	_	_	_	_	_	linguistic	_	none	_	Begin=539.371	_	_	_	_
158-1	PSB018	158	1	della	della	_	_	_	_	_	linguistic	_	none	_	_	_	_	_	_
158-2	PSB018	158	2	scuola	scuola	_	_	_	_	_	linguistic	_	none	_	_	_	_	_	_
158-3	PSB018	158	3	a:h	ah	_	_	_	_	_	linguistic	_	none	_	End=541.867	0x1	_	_	_
159-0	PSB018	159	0	tante	tante	_	_	_	_	_	linguistic	_	none	_	Begin=542.77	_	_	_	_
159-1	PSB018	159	1	persone	persone	_	_	_	_	_	linguistic	_	none	_	_	_	_	_	_
159-2	PSB018	159	2	a:h	ah	_	_	_	_	_	linguistic	_	none	_	_	0x1	_	_	_
159-3	PSB018	159	3	van:-	van-	_	_	_	_	_	linguistic	_	none	Interrupted=Yes	_	2x1	_	_	_
159-4	PSB018	159	4	a	a	_	_	_	_	_	linguistic	_	none	_	_	_	_	_	_
159-5	PSB018	159	5	s~	s~	_	_	_	_	_	linguistic	_	none	Interrupted=Yes	End=546.125	_	_	_	_
160-0	PSB018	160	0	s:ono	sono	_	_	_	_	_	linguistic	_	none	_	Begin=547.01	0x1	_	_	_
160-1	PSB018	160	1	andati	andati	_	_	_	_	_	linguistic	_	none	_	_	_	_	_	_
160-2	PSB018	160	2	all'	all'	_	_	_	_	_	linguistic	_	none	SpaceAfter=No	_	_	_	_	_
160-3	PSB018	160	3	inghilte[rra	inghilterra	_	_	_	_	_	linguistic	_	none	_	_	_	_	_	7-11(49)
160-4	PSB018	160	4	per	per	_	_	_	_	_	linguistic	_	none	_	_	_	_	_	0-3(49)
160-5	PSB018	160	5	es]tat[e:]	estate	_	_	_	_	_	linguistic	_	none	_	_	5x1	_	_	0-2(49),4-6(50)
160-6	PSB018	160	6	per	per	_	_	_	_	_	linguistic	_	none	_	_	_	_	_	_
160-7	PSB018	160	7	studiare:	studiare	_	_	_	_	_	linguistic	_	none	_	_	7x1	_	_	_
160-8	PSB018	160	8	i~	i~	_	_	_	_	_	linguistic	_	none	Interrupted=Yes	End=555.303	_	_	_	_
161-0	PSB005	161	0	[mhmh	mhmh	_	_	_	_	_	linguistic	_	none	_	Begin=550.66	_	_	_	0-4(49)
161-1	PSB005	161	1	sì]	sì	_	_	_	_	_	linguistic	_	none	_	End=551.71	_	_	_	0-2(49)
162-0	PSB005	162	0	[sì	sì	_	_	_	_	_	linguistic	_	none	_	Begin=552.52	_	_	_	0-2(50)
162-1	PSB005	162	1	sì]	sì	_	_	_	_	_	linguistic	_	none	_	End=552.98	_	_	_	0-2(50)
163-0	PSB005	163	0	mhmh	mhmh	_	_	_	_	_	linguistic	_	none	_	Begin=555.33|End=555.73	_	_	_	_
164-0	PSB018	164	0	inglese	inglese	_	_	_	_	_	linguistic	_	none	_	Begin=555.759|End=556.74	_	_	_	_
165-0	PSB018	165	0	in	in	_	_	_	_	_	linguistic	_	none	_	Begin=557.09	_	_	_	_
165-1	PSB018	165	1	francia	francia	_	_	_	_	_	linguistic	_	none	_	_	_	_	_	_
165-2	PSB018	165	2	per	per	_	_	_	_	_	linguistic	_	none	_	_	_	_	_	_
165-3	PSB018	165	3	studiare	studiare	_	_	_	_	_	linguistic	_	none	_	_	_	_	_	_
165-4	PSB018	165	4	fren~	fren~	_	_	_	_	_	linguistic	_	none	Interrupted=Yes	End=559.887	_	_	_	_
166-0	PSB005	166	0	[francese	francese	_	_	_	_	_	linguistic	_	none	_	Begin=560.4	_	_	_	0-8(51)
166-1	PSB005	166	1	sì]	sì	_	_	_	_	_	linguistic	_	none	_	End=561.5	_	_	_	0-2(51)
167-0	PSB018	167	0	[francese]	francese	_	_	_	_	_	linguistic	_	none	_	Begin=560.43	_	_	_	0-8(51)
167-1	PSB018	167	1	eh	eh	_	_	_	_	_	linguistic	_	none	_	_	_	_	_	_
167-2	PSB018	167	2	non	non	_	_	_	_	_	linguistic	_	none	_	_	_	_	_	_
167-3	PSB018	167	3	so:	so	_	_	_	_	_	linguistic	_	none	_	_	1x1	_	_	_
167-4	PSB018	167	4	di	di	_	_	_	_	_	linguistic	_	none	_	_	_	_	_	_
167-5	PSB018	167	5	germania	germania	_	_	_	_	_	linguistic	_	none	_	_	_	_	_	_
167-6	PSB018	167	6	se	se	_	_	_	_	_	linguistic	_	none	_	_	_	_	_	_
167-7	PSB018	167	7	c'	c'	_	_	_	_	_	linguistic	_	none	SpaceAfter=No	_	_	_	_	_
167-8	PSB018	167	8	è	è	_	_	_	_	_	linguistic	_	none	_	_	_	_	_	_
167-9	PSB018	167	9	qualche	qualche	_	_	_	_	_	linguistic	_	none	_	_	_	_	_	_
167-10	PSB018	167	10	programmi	programmi	_	_	_	_	_	linguistic	_	none	_	_	_	_	_	_
167-11	PSB018	167	11	per	per	_	_	_	_	_	linguistic	_	none	_	_	_	_	_	_
167-12	PSB018	167	12	cam[biare]	cambiare	_	_	_	_	_	linguistic	_	none	_	_	_	_	_	2-8(52)
167-13	PSB018	167	13	ma	ma	_	_	_	_	_	linguistic	_	none	_	_	_	_	_	_
167-14	PSB018	167	14	eh	eh	_	_	_	_	_	linguistic	_	none	_	_	_	_	_	_
167-15	PSB018	167	15	in	in	_	_	_	_	_	linguistic	_	none	PauseAfter=Yes	_	_	_	_	_
167-16	PSB018	167	16	(.)	(.)	_	_	_	_	_	shortpause	_	none	_	_	_	_	_	_
167-17	PSB018	167	17	$uniti	uniti	_	_	_	_	_	linguistic	_	none	Orthography=Yes|Variation=Emerging	_	_	_	_	_
167-18	PSB018	167	18	euro°pea?°	europea	_	_	_	_	_	linguistic	_	none	Intonation=Rising|Volume=low	End=570.421	_	_	_	_
168-0	PSB005	168	0	[mhmh]	mhmh	_	_	_	_	_	linguistic	_	none	_	Begin=566.278|End=566.618	_	_	_	0-4(52)
169-0	PSB005	169	0	sì	sì	_	_	_	_	_	linguistic	_	none	_	Begin=570.53|End=570.75	_	_	_	_
170-0	PSB018	170	0	e:hm	ehm	_	_	_	_	_	linguistic	_	none	_	Begin=571.06	0x1	_	_	_
170-1	PSB018	170	1	c'	c'	_	_	_	_	_	linguistic	_	none	SpaceAfter=No	_	_	_	_	_
170-2	PSB018	170	2	è	è	_	_	_	_	_	linguistic	_	none	_	_	_	_	_	_
170-3	PSB018	170	3	quella	quella	_	_	_	_	_	linguistic	_	none	_	_	_	_	_	_
170-4	PSB018	170	4	pro~	pro~	_	_	_	_	_	linguistic	_	none	Interrupted=Yes	_	_	_	_	_
170-5	PSB018	170	5	possibil[ità]	possibilità	_	_	_	_	_	linguistic	_	none	_	_	_	_	_	7-11(53)
170-6	PSB018	170	6	eh	eh	_	_	_	_	_	linguistic	_	none	_	_	_	_	_	_
170-7	PSB018	170	7	per	per	_	_	_	_	_	linguistic	_	none	_	_	_	_	_	_
170-8	PSB018	170	8	e:h	eh	_	_	_	_	_	linguistic	_	none	_	_	0x1	_	_	_
170-9	PSB018	170	9	le	le	_	_	_	_	_	linguistic	_	none	_	_	_	_	_	_
170-10	PSB018	170	10	persone	persone	_	_	_	_	_	linguistic	_	none	_	_	_	_	_	_
170-11	PSB018	170	11	qui	qui	_	_	_	_	_	linguistic	_	none	_	_	_	_	_	_
170-12	PSB018	170	12	per	per	_	_	_	_	_	linguistic	_	none	_	_	_	_	_	_
170-13	PSB018	170	13	sì	sì	_	_	_	_	_	linguistic	_	none	_	_	_	_	_	_
170-14	PSB018	170	14	eh	eh	_	_	_	_	_	linguistic	_	none	_	_	_	_	_	_
170-15	PSB018	170	15	per	per	_	_	_	_	_	linguistic	_	none	_	_	_	_	_	_
170-16	PSB018	170	16	le	le	_	_	_	_	_	linguistic	_	none	_	_	_	_	_	_
170-17	PSB018	170	17	persone	persone	_	_	_	_	_	linguistic	_	none	_	_	_	_	_	_
170-18	PSB018	170	18	qui	qui	_	_	_	_	_	linguistic	_	none	_	_	_	_	_	_
170-19	PSB018	170	19	e:	e	_	_	_	_	_	linguistic	_	none	_	End=579.712	0x1	_	_	_
171-0	PSB005	171	0	[sì	sì	_	_	_	_	_	linguistic	_	none	_	Begin=573.37	_	_	_	0-2(53)
171-1	PSB005	171	1	sì]	sì	_	_	_	_	_	linguistic	_	none	_	End=573.84	_	_	_	0-2(53)
172-0	PSB018	172	0	una	una	_	_	_	_	_	linguistic	_	none	_	Begin=581.66	_	_	_	_
172-1	PSB018	172	1	cosa	cosa	_	_	_	_	_	linguistic	_	none	_	_	_	_	_	_
172-2	PSB018	172	2	normale	normale	_	_	_	_	_	linguistic	_	none	_	End=582.91	_	_	_	_
173-0	PSB018	173	0	ma	ma	_	_	_	_	_	linguistic	_	none	_	Begin=583.27	_	_	_	_
173-1	PSB018	173	1	per	per	_	_	_	_	_	linguistic	_	none	_	_	_	_	_	_
173-2	PSB018	173	2	me	me	_	_	_	_	_	linguistic	_	none	_	_	_	_	_	_
173-3	PSB018	173	3	come	come	_	_	_	_	_	linguistic	_	none	_	_	_	_	_	_
173-4	PSB018	173	4	un:	un	_	_	_	_	_	linguistic	_	none	_	End=584.71	1x1	_	_	_
174-0	PSB005	174	0	[x	x	_	_	_	_	_	unknown	_	none	Syllables=1	Begin=585.68	_	_	_	0-1(54)
174-1	PSB005	174	1	xx]	xx	_	_	_	_	_	unknown	_	none	Syllables=2	End=586.61	_	_	_	0-2(54)
175-0	PSB018	175	0	[grande:]	grande	_	_	_	_	_	linguistic	_	none	_	Begin=585.68	5x1	_	_	0-6(54)
175-1	PSB018	175	1	<occasion[e]>	occasione	_	_	_	_	_	linguistic	_	none	_	_	_	Slow=0-9(0)	_	8-9(55)
175-2	PSB018	175	2	per	per	_	_	_	_	_	linguistic	_	none	_	_	_	_	_	_
175-3	PSB018	175	3	andare	andare	_	_	_	_	_	linguistic	_	none	_	_	_	_	_	_
175-4	PSB018	175	4	lì	lì	_	_	_	_	_	linguistic	_	none	_	_	_	_	_	_
175-5	PSB018	175	5	e	e	_	_	_	_	_	linguistic	_	none	_	_	_	_	_	_
175-6	PSB018	175	6	adesso	adesso	_	_	_	_	_	linguistic	_	none	_	_	_	_	_	_
175-7	PSB018	175	7	è	è	_	_	_	_	_	linguistic	_	none	_	_	_	_	_	_
175-8	PSB018	175	8	il	il	_	_	_	_	_	linguistic	_	none	_	_	_	_	_	_
175-9	PSB018	175	9	mio	mio	_	_	_	_	_	linguistic	_	none	PauseAfter=Yes	_	_	_	_	_
175-10	PSB018	175	10	(.)	(.)	_	_	_	_	_	shortpause	_	none	_	_	_	_	_	_
175-11	PSB018	175	11	ehm	ehm	_	_	_	_	_	linguistic	_	none	_	_	_	_	_	_
175-12	PSB018	175	12	sogno	sogno	_	_	_	_	_	linguistic	_	none	_	End=594.62	_	_	_	_
176-0	PSB005	176	0	[°sì	sì	_	_	_	_	_	linguistic	_	none	Volume=low	Begin=588.64	_	_	_	0-2(55)
176-1	PSB005	176	1	sì	sì	_	_	_	_	_	linguistic	_	none	Volume=low	_	_	_	_	0-2(55)
176-2	PSB005	176	2	sì	sì	_	_	_	_	_	linguistic	_	none	Volume=low	_	_	_	_	0-2(55)
176-3	PSB005	176	3	sì°]	sì	_	_	_	_	_	linguistic	_	none	Volume=low	End=589.33	_	_	_	0-2(55)
177-0	PSB018	177	0	avere	avere	_	_	_	_	_	linguistic	_	none	_	Begin=596.07	_	_	_	_
177-1	PSB018	177	1	una	una	_	_	_	_	_	linguistic	_	none	_	_	_	_	_	_
177-2	PSB018	177	2	possibilità	possibilità	_	_	_	_	_	linguistic	_	none	_	_	_	_	_	_
177-3	PSB018	177	3	non	non	_	_	_	_	_	linguistic	_	none	_	_	_	_	_	_
177-4	PSB018	177	4	per	per	_	_	_	_	_	linguistic	_	none	_	_	_	_	_	_
177-5	PSB018	177	5	me	me	_	_	_	_	_	linguistic	_	none	_	_	_	_	_	_
177-6	PSB018	177	6	ma	ma	_	_	_	_	_	linguistic	_	none	_	_	_	_	_	_
177-7	PSB018	177	7	per	per	_	_	_	_	_	linguistic	_	none	_	_	_	_	_	_
177-8	PSB018	177	8	il	il	_	_	_	_	_	linguistic	_	none	_	_	_	_	_	_
177-9	PSB018	177	9	mio	mio	_	_	_	_	_	linguistic	_	none	_	_	_	_	_	_
177-10	PSB018	177	10	figlio	figlio	_	_	_	_	_	linguistic	_	none	_	_	_	_	_	_
177-11	PSB018	177	11	[per	per	_	_	_	_	_	linguistic	_	none	_	_	_	_	_	0-3(56)
177-12	PSB018	177	12	esempio	esempio	_	_	_	_	_	linguistic	_	none	_	_	_	_	_	0-7(56)
177-13	PSB018	177	13	per]ché	perché	_	_	_	_	_	linguistic	_	none	_	_	_	_	_	0-3(56)
177-14	PSB018	177	14	lui	lui	_	_	_	_	_	linguistic	_	none	_	_	_	_	_	_
177-15	PSB018	177	15	è	è	_	_	_	_	_	linguistic	_	none	_	_	_	_	_	_
177-16	PSB018	177	16	anche	anche	_	_	_	_	_	linguistic	_	none	_	_	_	_	_	_
177-17	PSB018	177	17	bravo	bravo	_	_	_	_	_	linguistic	_	none	_	_	_	_	_	_
177-18	PSB018	177	18	con	con	_	_	_	_	_	linguistic	_	none	_	_	_	_	_	_
177-19	PSB018	177	19	il	il	_	_	_	_	_	linguistic	_	none	_	End=602.301	_	_	_	_
178-0	PSB005	178	0	[°sì	sì	_	_	_	_	_	linguistic	_	none	Volume=low	Begin=599.815	_	_	_	0-2(56)
178-1	PSB005	178	1	sì	sì	_	_	_	_	_	linguistic	_	none	Volume=low	_	_	_	_	0-2(56)
178-2	PSB005	178	2	sì°]	sì	_	_	_	_	_	linguistic	_	none	Volume=low	End=600.47	_	_	_	0-2(56)
179-0	PSB018	179	0	inglese	inglese	_	_	_	_	_	linguistic	_	none	_	Begin=602.9|End=603.79	_	_	_	_
180-0	PSB018	180	0	e:hm	ehm	_	_	_	_	_	linguistic	_	none	_	Begin=604.36	0x1	_	_	_
180-1	PSB018	180	1	e	e	_	_	_	_	_	linguistic	_	none	_	_	_	_	_	_
180-2	PSB018	180	2	forse	forse	_	_	_	_	_	linguistic	_	none	_	_	_	_	_	_
180-3	PSB018	180	3	in	in	_	_	_	_	_	linguistic	_	none	_	_	_	_	_	_
180-4	PSB018	180	4	futuro	futuro	_	_	_	_	_	linguistic	_	none	_	_	_	_	_	_
180-5	PSB018	180	5	c'	c'	_	_	_	_	_	linguistic	_	none	SpaceAfter=No	_	_	_	_	_
180-6	PSB018	180	6	era:	era	_	_	_	_	_	linguistic	_	none	_	_	2x1	_	_	_
180-7	PSB018	180	7	anche	anche	_	_	_	_	_	linguistic	_	none	_	_	_	_	_	_
180-8	PSB018	180	8	più	più	_	_	_	_	_	linguistic	_	none	_	_	_	_	_	_
180-9	PSB018	180	9	belli	belli	_	_	_	_	_	linguistic	_	none	_	_	_	_	_	_
180-10	PSB018	180	10	programmi	programmi	_	_	_	_	_	linguistic	_	none	_	_	_	_	_	_
180-11	PSB018	180	11	per	per	_	_	_	_	_	linguistic	_	none	_	_	_	_	_	_
180-12	PSB018	180	12	cambiare	cambiare	_	_	_	_	_	linguistic	_	none	_	_	_	_	_	_
180-13	PSB018	180	13	studia~	studia~	_	_	_	_	_	linguistic	_	none	Interrupted=Yes	_	_	_	_	_
180-14	PSB018	180	14	studenti	studenti	_	_	_	_	_	linguistic	_	none	_	_	_	_	_	_
180-15	PSB018	180	15	[mh]	mh	_	_	_	_	_	linguistic	_	none	_	End=614.741	_	_	_	0-2(57)
181-0	PSB005	181	0	[mhmh]	mhmh	_	_	_	_	_	linguistic	_	none	_	Begin=614.21|End=614.63	_	_	_	0-4(57)
182-0	PSB018	182	0	di:	di	_	_	_	_	_	linguistic	_	none	_	Begin=615.42|End=616.091	1x1	_	_	_
183-0	PSB018	183	0	del	del	_	_	_	_	_	linguistic	_	none	_	Begin=616.655	_	_	_	_
183-1	PSB018	183	1	dei	dei	_	_	_	_	_	linguistic	_	none	_	_	_	_	_	_
183-2	PSB018	183	2	paesi:	paesi	_	_	_	_	_	linguistic	_	none	_	_	4x1	_	_	_
183-3	PSB018	183	3	europ~	europ~	_	_	_	_	_	linguistic	_	none	Interrupted=Yes	End=619.74	_	_	_	_
184-0	PSB005	184	0	sì	sì	_	_	_	_	_	linguistic	_	none	_	Begin=620.17	_	_	_	_
184-1	PSB005	184	1	sì	sì	_	_	_	_	_	linguistic	_	none	_	_	_	_	_	_
184-2	PSB005	184	2	[europei]	europei	_	_	_	_	_	linguistic	_	none	_	End=621.142	_	_	_	0-7(58)
185-0	PSB018	185	0	[pia]	pia	_	_	_	_	_	linguistic	_	none	_	Begin=620.59	_	_	_	0-3(58)
185-1	PSB018	185	1	euro[pei]	europei	_	_	_	_	_	linguistic	_	none	_	End=621.889	_	_	_	4-7(59)
186-0	PSB005	186	0	[europ]ei	europei	_	_	_	_	_	linguistic	_	none	_	Begin=621.54	_	_	_	0-5(59)
186-1	PSB005	186	1	sì	sì	_	_	_	_	_	linguistic	_	none	_	_	_	_	_	_
186-2	PSB005	186	2	sì	sì	_	_	_	_	_	linguistic	_	none	_	End=622.711	_	_	_	_
187-0	PSB005	187	0	e	e	_	_	_	_	_	linguistic	_	none	_	Begin=623.685	_	_	_	_
187-1	PSB005	187	1	ma	ma	_	_	_	_	_	linguistic	_	none	_	End=624.333	_	_	_	_
188-0	PSB005	188	0	la	la	_	_	_	_	_	linguistic	_	none	_	Begin=625.389	_	_	_	_
188-1	PSB005	188	1	differenza	differenza	_	_	_	_	_	linguistic	_	none	PauseAfter=Yes	_	_	_	_	_
188-2	PSB005	188	2	(.)	(.)	_	_	_	_	_	shortpause	_	none	_	_	_	_	_	_
188-3	PSB005	188	3	perché	perché	_	_	_	_	_	linguistic	_	none	_	_	_	_	_	_
188-4	PSB005	188	4	t~	t~	_	_	_	_	_	linguistic	_	none	Interrupted=Yes	_	_	_	_	_
188-5	PSB005	188	5	tu	tu	_	_	_	_	_	linguistic	_	none	_	_	_	_	_	_
188-6	PSB005	188	6	mi	mi	_	_	_	_	_	linguistic	_	none	_	_	_	_	_	_
188-7	PSB005	188	7	hai	hai	_	_	_	_	_	linguistic	_	none	_	_	_	_	_	_
188-8	PSB005	188	8	detto	detto	_	_	_	_	_	linguistic	_	none	_	_	_	_	_	_
188-9	PSB005	188	9	che	che	_	_	_	_	_	linguistic	_	none	_	_	_	_	_	_
188-10	PSB005	188	10	c'	c'	_	_	_	_	_	linguistic	_	none	SpaceAfter=No	_	_	_	_	_
188-11	PSB005	188	11	è	è	_	_	_	_	_	linguistic	_	none	_	_	_	_	_	_
188-12	PSB005	188	12	una	una	_	_	_	_	_	linguistic	_	none	_	_	_	_	_	_
188-13	PSB005	188	13	differenza	differenza	_	_	_	_	_	linguistic	_	none	_	_	_	_	_	_
188-14	PSB005	188	14	fra	fra	_	_	_	_	_	linguistic	_	none	PauseAfter=Yes	_	_	_	_	_
188-15	PSB005	188	15	(.)	(.)	_	_	_	_	_	shortpause	_	none	_	_	_	_	_	_
188-16	PSB005	188	16	quello	quello	_	_	_	_	_	linguistic	_	none	_	_	_	_	_	_
188-17	PSB005	188	17	che	che	_	_	_	_	_	linguistic	_	none	_	_	_	_	_	_
188-18	PSB005	188	18	hai	hai	_	_	_	_	_	linguistic	_	none	_	_	_	_	_	_
188-19	PSB005	188	19	passato	passato	_	_	_	_	_	linguistic	_	none	_	_	_	_	_	_
188-20	PSB005	188	20	tu	tu	_	_	_	_	_	linguistic	_	none	_	_	_	_	_	_
188-21	PSB005	188	21	e	e	_	_	_	_	_	linguistic	_	none	_	_	_	_	_	_
188-22	PSB005	188	22	adesso	adesso	_	_	_	_	_	linguistic	_	none	PauseAfter=Yes	_	_	_	_	_
188-23	PSB005	188	23	(.)	(.)	_	_	_	_	_	shortpause	_	none	_	_	_	_	_	_
188-24	PSB005	188	24	ma	ma	_	_	_	_	_	linguistic	_	none	_	End=632.907	_	_	_	_
189-0	PSB005	189	0	è	è	_	_	_	_	_	linguistic	_	none	_	Begin=634.222	_	_	_	_
189-1	PSB005	189	1	una	una	_	_	_	_	_	linguistic	_	none	_	_	_	_	_	_
189-2	PSB005	189	2	differenza	differenza	_	_	_	_	_	linguistic	_	none	_	_	_	_	_	_
189-3	PSB005	189	3	di	di	_	_	_	_	_	linguistic	_	none	_	_	_	_	_	_
189-4	PSB005	189	4	e:h	eh	_	_	_	_	_	linguistic	_	none	_	_	0x1	_	_	_
189-5	PSB005	189	5	tempo	tempo	_	_	_	_	_	linguistic	_	none	_	_	_	_	_	_
189-6	PSB005	189	6	quindi	quindi	_	_	_	_	_	linguistic	_	none	_	_	_	_	_	_
189-7	PSB005	189	7	perché	perché	_	_	_	_	_	linguistic	_	none	_	_	_	_	_	_
189-8	PSB005	189	8	le	le	_	_	_	_	_	linguistic	_	none	_	_	_	_	_	_
189-9	PSB005	189	9	cose	cose	_	_	_	_	_	linguistic	_	none	_	_	_	_	_	_
189-10	PSB005	189	10	sono	sono	_	_	_	_	_	linguistic	_	none	_	_	_	_	_	_
189-11	PSB005	189	11	migliorate	migliorate	_	_	_	_	_	linguistic	_	none	_	_	_	_	_	_
189-12	PSB005	189	12	nel	nel	_	_	_	_	_	linguistic	_	none	_	_	_	_	_	_
189-13	PSB005	189	13	tempo	tempo	_	_	_	_	_	linguistic	_	none	_	_	_	_	_	_
189-14	PSB005	189	14	o	o	_	_	_	_	_	linguistic	_	none	_	_	_	_	_	_
189-15	PSB005	189	15	è	è	_	_	_	_	_	linguistic	_	none	_	_	_	_	_	_
189-16	PSB005	189	16	una	una	_	_	_	_	_	linguistic	_	none	_	_	_	_	_	_
189-17	PSB005	189	17	differenza	differenza	_	_	_	_	_	linguistic	_	none	_	_	_	_	_	_
189-18	PSB005	189	18	tra	tra	_	_	_	_	_	linguistic	_	none	_	_	_	_	_	_
189-19	PSB005	189	19	italia	italia	_	_	_	_	_	linguistic	_	none	_	_	_	_	_	_
189-20	PSB005	189	20	e	e	_	_	_	_	_	linguistic	_	none	_	_	_	_	_	_
189-21	PSB005	189	21	ucraina?	ucraina	_	_	_	_	_	linguistic	_	none	Intonation=Rising	End=642.732	_	_	_	_
190-0	PSB018	190	0	tutti	tutti	_	_	_	_	_	linguistic	_	none	_	Begin=642.944	_	_	_	_
190-1	PSB018	190	1	e	e	_	_	_	_	_	linguistic	_	none	_	_	_	_	_	_
190-2	PSB018	190	2	due	due	_	_	_	_	_	linguistic	_	none	_	End=643.759	_	_	_	_
191-0	PSB005	191	0	okay	okay	_	_	_	_	_	linguistic	_	none	_	Begin=643.759|End=644.365	_	_	_	_
192-0	PSB018	192	0	tutti	tutti	_	_	_	_	_	linguistic	_	none	_	Begin=644.685	_	_	_	_
192-1	PSB018	192	1	e	e	_	_	_	_	_	linguistic	_	none	_	_	_	_	_	_
192-2	PSB018	192	2	due	due	_	_	_	_	_	linguistic	_	none	_	_	_	_	_	_
192-3	PSB018	192	3	allora	allora	_	_	_	_	_	linguistic	_	none	_	_	_	_	_	_
192-4	PSB018	192	4	ehm	ehm	_	_	_	_	_	linguistic	_	none	_	_	_	_	_	_
192-5	PSB018	192	5	l'	l'	_	_	_	_	_	linguistic	_	none	SpaceAfter=No	_	_	_	_	_
192-6	PSB018	192	6	unica	unica	_	_	_	_	_	linguistic	_	none	_	_	_	_	_	_
192-7	PSB018	192	7	cosa	cosa	_	_	_	_	_	linguistic	_	none	_	_	_	_	_	_
192-8	PSB018	192	8	per	per	_	_	_	_	_	linguistic	_	none	_	_	_	_	_	_
192-9	PSB018	192	9	ehm	ehm	_	_	_	_	_	linguistic	_	none	_	End=649.296	_	_	_	_
193-0	PSB018	193	0	°spiegare	spiegare	_	_	_	_	_	linguistic	_	none	Volume=low	Begin=650.037	_	_	_	_
193-1	PSB018	193	1	o	o	_	_	_	_	_	linguistic	_	none	Volume=low	_	_	_	_	_
193-2	PSB018	193	2	per	per	_	_	_	_	_	linguistic	_	none	Volume=low	_	_	_	_	_
193-3	PSB018	193	3	m:h	mh	_	_	_	_	_	linguistic	_	none	Volume=low	_	0x1	_	_	_
193-4	PSB018	193	4	farti	farti	_	_	_	_	_	linguistic	_	none	Volume=low	_	_	_	_	_
193-5	PSB018	193	5	sapere	sapere	_	_	_	_	_	linguistic	_	none	Volume=low	_	_	_	_	_
193-6	PSB018	193	6	la	la	_	_	_	_	_	linguistic	_	none	Volume=low	_	_	_	_	_
193-7	PSB018	193	7	situazione	situazione	_	_	_	_	_	linguistic	_	none	Volume=low	_	_	_	_	_
193-8	PSB018	193	8	in	in	_	_	_	_	_	linguistic	_	none	Volume=low	_	_	_	_	_
193-9	PSB018	193	9	ucraina°	ucraina	_	_	_	_	_	linguistic	_	none	Volume=low	End=656.333	_	_	_	_
194-0	PSB018	194	0	e:h	eh	_	_	_	_	_	linguistic	_	none	_	Begin=657.111	0x1	_	_	_
194-1	PSB018	194	1	sì	sì	_	_	_	_	_	linguistic	_	none	_	_	_	_	_	_
194-2	PSB018	194	2	ucraina	ucraina	_	_	_	_	_	linguistic	_	none	_	_	_	_	_	_
194-3	PSB018	194	3	non	non	_	_	_	_	_	linguistic	_	none	_	_	_	_	_	_
194-4	PSB018	194	4	è	è	_	_	_	_	_	linguistic	_	none	_	_	_	_	_	_
194-5	PSB018	194	5	una	una	_	_	_	_	_	linguistic	_	none	_	_	_	_	_	_
194-6	PSB018	194	6	paese	paese	_	_	_	_	_	linguistic	_	none	_	_	_	_	_	_
194-7	PSB018	194	7	di	di	_	_	_	_	_	linguistic	_	none	_	_	_	_	_	_
194-8	PSB018	194	8	e:h	eh	_	_	_	_	_	linguistic	_	none	_	_	0x1	_	_	_
194-9	PSB018	194	9	s~	s~	_	_	_	_	_	linguistic	_	none	Interrupted=Yes	_	_	_	_	_
194-10	PSB018	194	10	u~	u~	_	_	_	_	_	linguistic	_	none	Interrupted=Yes	_	_	_	_	_
194-11	PSB018	194	11	<europei>	europei	_	_	_	_	_	linguistic	_	none	_	_	_	Slow=0-7(0)	_	_
194-12	PSB018	194	12	[uni~]	uni~	_	_	_	_	_	linguistic	_	none	Interrupted=Yes	_	_	_	_	0-4(60)
194-13	PSB018	194	13	>$uniti<	uniti	_	_	_	_	_	linguistic	_	none	Orthography=Yes|Variation=Emerging	End=664.778	_	Fast=0-6(0)	_	_
195-0	PSB005	195	0	[mhmh]	mhmh	_	_	_	_	_	linguistic	_	none	_	Begin=663.833|End=664.185	_	_	_	0-4(60)
196-0	PSB005	196	0	sì	sì	_	_	_	_	_	linguistic	_	none	_	Begin=664.778	_	_	_	_
196-1	PSB005	196	1	sì	sì	_	_	_	_	_	linguistic	_	none	_	_	_	_	_	_
196-2	PSB005	196	2	sì	sì	_	_	_	_	_	linguistic	_	none	_	End=665.333	_	_	_	_
197-0	PSB018	197	0	mh	mh	_	_	_	_	_	linguistic	_	none	_	Begin=665.352|End=665.852	_	_	_	_
198-0	PSB018	198	0	ma:	ma	_	_	_	_	_	linguistic	_	none	_	Begin=666.407|End=667.645	1x1	_	_	_
199-0	PSB018	199	0	molto:	molto	_	_	_	_	_	linguistic	_	none	_	Begin=668.407	4x1	_	_	_
199-1	PSB018	199	1	vicina	vicina	_	_	_	_	_	linguistic	_	none	_	End=670.537	_	_	_	_
200-0	PSB018	200	0	e	e	_	_	_	_	_	linguistic	_	none	_	Begin=671.185	_	_	_	_
200-1	PSB018	200	1	questo	questo	_	_	_	_	_	linguistic	_	none	_	_	_	_	_	_
200-2	PSB018	200	2	è:	è	_	_	_	_	_	linguistic	_	none	_	End=673.278	0x1	_	_	_
201-0	PSB018	201	0	una	una	_	_	_	_	_	linguistic	_	yes	_	Begin=674.333	_	_	_	_
201-1	PSB018	201	1	$advantaggio	advantaggio	_	_	_	_	_	linguistic	_	yes	Orthography=Yes|Variation=Emerging	_	_	_	_	_
201-2	PSB018	201	2	per:	per	_	_	_	_	_	linguistic	_	yes	_	_	2x1	_	_	_
201-3	PSB018	201	3	eh	eh	_	_	_	_	_	linguistic	_	yes	_	_	_	_	_	_
201-4	PSB018	201	4	come	come	_	_	_	_	_	linguistic	_	yes	_	_	_	_	_	_
201-5	PSB018	201	5	una	una	_	_	_	_	_	linguistic	_	yes	_	_	_	_	_	_
201-6	PSB018	201	6	<cosa>	cosa	_	_	_	_	_	linguistic	_	yes	_	_	_	Slow=0-4(0)	_	_
201-7	PSB018	201	7	naturale	naturale	_	_	_	_	_	linguistic	_	yes	_	_	_	_	_	_
201-8	PSB018	201	8	quando	quando	_	_	_	_	_	linguistic	_	yes	_	_	_	_	_	_
201-9	PSB018	201	9	eh	eh	_	_	_	_	_	linguistic	_	yes	_	_	_	_	_	_
201-10	PSB018	201	10	due:	due	_	_	_	_	_	linguistic	_	yes	_	_	2x1	_	_	_
201-11	PSB018	201	11	cose	cose	_	_	_	_	_	linguistic	_	yes	_	_	_	_	_	_
201-12	PSB018	201	12	vicini	vicini	_	_	_	_	_	linguistic	_	yes	_	_	_	_	_	_
201-13	PSB018	201	13	come	come	_	_	_	_	_	linguistic	_	yes	_	_	_	_	_	_
201-14	PSB018	201	14	due	due	_	_	_	_	_	linguistic	_	yes	_	_	_	_	_	_
201-15	PSB018	201	15	paesi	paesi	_	_	_	_	_	linguistic	_	yes	_	_	_	_	_	_
201-16	PSB018	201	16	vicini	vicini	_	_	_	_	_	linguistic	_	yes	_	_	_	_	_	_
201-17	PSB018	201	17	hanno	hanno	_	_	_	_	_	linguistic	_	yes	PauseAfter=Yes	_	_	_	_	_
201-18	PSB018	201	18	(.)	(.)	_	_	_	_	_	shortpause	_	yes	_	_	_	_	_	_
201-19	PSB018	201	19	#influence	influence	_	_	_	_	_	linguistic	_	yes	Language=NO_ISO_CODE|Variation=Token	_	_	_	_	_
201-20	PSB018	201	20	#each	each	_	_	_	_	_	linguistic	_	yes	Language=NO_ISO_CODE|Variation=Token	_	_	_	_	_
201-21	PSB018	201	21	#other	other	_	_	_	_	_	linguistic	_	yes	Language=NO_ISO_CODE|Variation=Token	End=688.204	_	_	_	_
203-0	PSB018	203	0	e	e	_	_	_	_	_	linguistic	_	none	_	Begin=688.722	_	_	_	_
203-1	PSB018	203	1	ucraina	ucraina	_	_	_	_	_	linguistic	_	none	_	_	_	_	_	_
203-2	PSB018	203	2	più	più	_	_	_	_	_	linguistic	_	none	_	_	_	_	_	_
203-3	PSB018	203	3	o	o	_	_	_	_	_	linguistic	_	none	_	_	_	_	_	_
203-4	PSB018	203	4	meno	meno	_	_	_	_	_	linguistic	_	none	_	_	_	_	_	_
203-5	PSB018	203	5	è	è	_	_	_	_	_	linguistic	_	none	_	_	_	_	_	_
203-6	PSB018	203	6	il	il	_	_	_	_	_	linguistic	_	none	_	_	_	_	_	_
203-7	PSB018	203	7	livello	livello	_	_	_	_	_	linguistic	_	none	_	End=692.944	_	_	_	_
204-0	PSB018	204	0	de~	de~	_	_	_	_	_	linguistic	_	none	Interrupted=Yes	Begin=693.815	_	_	_	_
204-1	PSB018	204	1	della	della	_	_	_	_	_	linguistic	_	none	_	_	_	_	_	_
204-2	PSB018	204	2	mia	mia	_	_	_	_	_	linguistic	_	none	_	_	_	_	_	_
204-3	PSB018	204	3	paese	paese	_	_	_	_	_	linguistic	_	none	_	_	_	_	_	_
204-4	PSB018	204	4	è	è	_	_	_	_	_	linguistic	_	none	_	_	_	_	_	_
204-5	PSB018	204	5	molto	molto	_	_	_	_	_	linguistic	_	none	_	_	_	_	_	_
204-6	PSB018	204	6	alta	alta	_	_	_	_	_	linguistic	_	none	_	End=696.611	_	_	_	_
205-0	PSB005	205	0	°mhmh°	mhmh	_	_	_	_	_	linguistic	_	none	Volume=low	Begin=696.815|End=697.204	_	_	_	_
206-0	PSB018	206	0	l'	l'	_	_	_	_	_	linguistic	_	none	SpaceAfter=No	Begin=697.204	_	_	_	_
206-1	PSB018	206	1	unica	unica	_	_	_	_	_	linguistic	_	none	_	_	_	_	_	_
206-2	PSB018	206	2	cosa	cosa	_	_	_	_	_	linguistic	_	none	_	_	_	_	_	_
206-3	PSB018	206	3	sì	sì	_	_	_	_	_	linguistic	_	none	_	_	_	_	_	_
206-4	PSB018	206	4	economia	economia	_	_	_	_	_	linguistic	_	none	_	_	_	_	_	_
206-5	PSB018	206	5	non	non	_	_	_	_	_	linguistic	_	none	_	_	_	_	_	_
206-6	PSB018	206	6	è	è	_	_	_	_	_	linguistic	_	none	_	_	_	_	_	_
206-7	PSB018	206	7	alta	alta	_	_	_	_	_	linguistic	_	none	_	_	_	_	_	_
206-8	PSB018	206	8	come	come	_	_	_	_	_	linguistic	_	none	_	_	_	_	_	_
206-9	PSB018	206	9	l'	l'	_	_	_	_	_	linguistic	_	none	SpaceAfter=No	_	_	_	_	_
206-10	PSB018	206	10	altre	altre	_	_	_	_	_	linguistic	_	none	_	_	_	_	_	_
206-11	PSB018	206	11	eh	eh	_	_	_	_	_	linguistic	_	none	_	_	_	_	_	_
206-12	PSB018	206	12	m:h	mh	_	_	_	_	_	linguistic	_	none	_	_	0x1	_	_	_
206-13	PSB018	206	13	paesi	paesi	_	_	_	_	_	linguistic	_	none	_	_	_	Slow=4-5(0)	_	_
206-14	PSB018	206	14	<europe[e>]	europee	_	_	_	_	_	linguistic	_	none	_	End=704.796	_	Slow=0-6(0)	_	4-7(61)
207-0	PSB005	207	0	[mhmh]	mhmh	_	_	_	_	_	linguistic	_	none	_	Begin=704.407|End=704.842	_	_	_	0-4(61)
208-0	PSB018	208	0	ma	ma	_	_	_	_	_	linguistic	_	none	_	Begin=705.482	_	_	_	_
208-1	PSB018	208	1	la	la	_	_	_	_	_	linguistic	_	none	_	_	_	_	_	_
208-2	PSB018	208	2	mia	mia	_	_	_	_	_	linguistic	_	none	_	_	_	_	_	_
208-3	PSB018	208	3	vita	vita	_	_	_	_	_	linguistic	_	none	_	_	_	_	_	_
208-4	PSB018	208	4	lì	lì	_	_	_	_	_	linguistic	_	none	_	_	_	_	_	_
208-5	PSB018	208	5	era	era	_	_	_	_	_	linguistic	_	none	_	_	_	_	_	_
208-6	PSB018	208	6	la	la	_	_	_	_	_	linguistic	_	none	_	_	_	_	_	_
208-7	PSB018	208	7	stessa	stessa	_	_	_	_	_	linguistic	_	none	_	End=709.1945	_	_	_	_
209-0	PSB005	209	0	okay	okay	_	_	_	_	_	linguistic	_	none	_	Begin=709.1945|End=709.919	_	_	_	_
210-0	PSB018	210	0	o	o	_	_	_	_	_	linguistic	_	none	_	Begin=710.093	_	_	_	_
210-1	PSB018	210	1	tante	tante	_	_	_	_	_	linguistic	_	none	_	_	_	_	_	_
210-2	PSB018	210	2	po~	po~	_	_	_	_	_	linguistic	_	none	Interrupted=Yes	_	_	_	_	_
210-3	PSB018	210	3	io	io	_	_	_	_	_	linguistic	_	none	_	End=712.296	_	_	_	_
211-0	PSB018	211	0	so	so	_	_	_	_	_	linguistic	_	yes	_	Begin=713.982	_	_	_	_
211-1	PSB018	211	1	non	non	_	_	_	_	_	linguistic	_	yes	_	_	_	_	_	_
211-2	PSB018	211	2	so	so	_	_	_	_	_	linguistic	_	yes	_	_	_	_	_	_
211-3	PSB018	211	3	se:	se	_	_	_	_	_	linguistic	_	yes	_	_	1x1	_	_	_
211-4	PSB018	211	4	una	una	_	_	_	_	_	linguistic	_	yes	_	_	_	_	_	_
211-5	PSB018	211	5	#*informazia	informazia	_	_	_	_	_	linguistic	_	yes	Language=NO_ISO_CODE|Variation=Doubtful	_	_	_	_	_
211-6	PSB018	211	6	eh	eh	_	_	_	_	_	linguistic	_	yes	_	_	_	_	_	_
211-7	PSB018	211	7	ma	ma	_	_	_	_	_	linguistic	_	yes	_	_	_	_	_	_
211-8	PSB018	211	8	io	io	_	_	_	_	_	linguistic	_	yes	_	_	_	_	_	_
211-9	PSB018	211	9	sono	sono	_	_	_	_	_	linguistic	_	yes	_	_	_	_	_	_
211-10	PSB018	211	10	una	una	_	_	_	_	_	linguistic	_	yes	_	_	_	_	_	_
211-11	PSB018	211	11	mamma	mamma	_	_	_	_	_	linguistic	_	yes	_	_	_	_	_	_
211-12	PSB018	211	12	da	da	_	_	_	_	_	linguistic	_	yes	_	_	_	_	_	_
211-13	PSB018	211	13	sola,	sola	_	_	_	_	_	linguistic	_	yes	Intonation=WeaklyRising	_	_	_	_	_
211-14	PSB018	211	14	e:	e	_	_	_	_	_	linguistic	_	yes	_	_	0x1	_	_	_
211-15	PSB018	211	15	sono	sono	_	_	_	_	_	linguistic	_	yes	_	_	_	_	_	_
211-16	PSB018	211	16	insegnante	insegnante	_	_	_	_	_	linguistic	_	yes	_	_	_	_	_	_
211-17	PSB018	211	17	non	non	_	_	_	_	_	linguistic	_	yes	_	_	_	_	_	_
211-18	PSB018	211	18	ho	ho	_	_	_	_	_	linguistic	_	yes	_	_	_	_	_	_
211-19	PSB018	211	19	un	un	_	_	_	_	_	linguistic	_	yes	_	_	_	_	_	_
211-20	PSB018	211	20	business	business	_	_	_	_	_	linguistic	_	yes	_	_	_	_	_	_
211-21	PSB018	211	21	o	o	_	_	_	_	_	linguistic	_	yes	_	_	_	_	_	_
211-22	PSB018	211	22	una	una	_	_	_	_	_	linguistic	_	yes	_	_	_	_	_	_
211-23	PSB018	211	23	<#professija>	professija	_	_	_	_	_	linguistic	_	yes	Language=NO_ISO_CODE|Variation=Token	_	_	Slow=0-11(0)	_	_
211-24	PSB018	211	24	con	con	_	_	_	_	_	linguistic	_	yes	_	_	_	_	_	_
211-25	PSB018	211	25	i:	i	_	_	_	_	_	linguistic	_	yes	_	_	0x1	_	_	_
211-26	PSB018	211	26	busta	busta	_	_	_	_	_	linguistic	_	yes	_	_	_	_	_	_
211-27	PSB018	211	27	paga	paga	_	_	_	_	_	linguistic	_	yes	_	_	_	_	_	_
211-28	PSB018	211	28	[alta]	alta	_	_	_	_	_	linguistic	_	yes	_	_	_	_	_	0-4(62)
211-29	PSB018	211	29	no	no	_	_	_	_	_	linguistic	_	yes	_	End=730.725	_	_	_	_
213-0	PSB005	213	0	[mhmh]	mhmh	_	_	_	_	_	linguistic	_	none	_	Begin=730.206|End=730.411	_	_	_	0-4(62)
214-0	PSB018	214	0	ma	ma	_	_	_	_	_	linguistic	_	none	PauseAfter=Yes	Begin=731.074	_	_	_	_
214-1	PSB018	214	1	(.)	(.)	_	_	_	_	_	shortpause	_	none	_	_	_	_	_	_
214-2	PSB018	214	2	sempre	sempre	_	_	_	_	_	linguistic	_	none	_	_	_	_	_	_
214-3	PSB018	214	3	noi	noi	_	_	_	_	_	linguistic	_	none	_	_	_	_	_	_
214-4	PSB018	214	4	hanno	hanno	_	_	_	_	_	linguistic	_	none	_	_	_	_	_	_
214-5	PSB018	214	5	la	la	_	_	_	_	_	linguistic	_	none	_	_	_	_	_	_
214-6	PSB018	214	6	po~	po~	_	_	_	_	_	linguistic	_	none	Interrupted=Yes	_	_	_	_	_
214-7	PSB018	214	7	la	la	_	_	_	_	_	linguistic	_	none	_	_	_	_	_	_
214-8	PSB018	214	8	possibilità	possibilità	_	_	_	_	_	linguistic	_	none	_	_	_	_	_	_
214-9	PSB018	214	9	viaggiare	viaggiare	_	_	_	_	_	linguistic	_	none	_	_	_	_	_	_
214-10	PSB018	214	10	più	più	_	_	_	_	_	linguistic	_	none	_	_	_	_	_	_
214-11	PSB018	214	11	o	o	_	_	_	_	_	linguistic	_	none	_	_	_	_	_	_
214-12	PSB018	214	12	meno	meno	_	_	_	_	_	linguistic	_	none	_	_	_	_	_	_
214-13	PSB018	214	13	due	due	_	_	_	_	_	linguistic	_	none	_	_	_	_	_	_
214-14	PSB018	214	14	volte	volte	_	_	_	_	_	linguistic	_	none	_	_	_	_	_	_
214-15	PSB018	214	15	a	a	_	_	_	_	_	linguistic	_	none	_	_	_	_	_	_
214-16	PSB018	214	16	l'	l'	_	_	_	_	_	linguistic	_	none	SpaceAfter=No	_	_	_	_	_
214-17	PSB018	214	17	anno	anno	_	_	_	_	_	linguistic	_	none	_	End=739.463	_	_	_	_
215-0	PSB018	215	0	no	no	_	_	_	_	_	linguistic	_	none	_	Begin=739.889	_	_	_	_
215-1	PSB018	215	1	$maldivi	maldivi	_	_	_	_	_	linguistic	_	none	Orthography=Yes|Variation=Emerging	_	_	_	_	_
215-2	PSB018	215	2	[ma	ma	_	_	_	_	_	linguistic	_	none	_	_	_	_	_	0-2(63)
215-3	PSB018	215	3	tu]rchia	turchia	_	_	_	_	_	linguistic	_	none	_	_	_	_	_	0-2(63)
215-4	PSB018	215	4	e[gitto]	egitto	_	_	_	_	_	linguistic	_	none	_	_	_	_	_	1-6(64)
215-5	PSB018	215	5	e:hm	ehm	_	_	_	_	_	linguistic	_	none	_	_	0x1	_	_	_
215-6	PSB018	215	6	grecia	grecia	_	_	_	_	_	linguistic	_	none	_	_	_	_	_	_
215-7	PSB018	215	7	anche:	anche	_	_	_	_	_	linguistic	_	none	_	End=750.519	4x1	_	_	_
216-0	PSB005	216	0	[sì	sì	_	_	_	_	_	linguistic	_	none	_	Begin=741.833	_	_	_	0-2(63)
216-1	PSB005	216	1	sì	sì	_	_	_	_	_	linguistic	_	none	_	_	_	_	_	0-2(63)
216-2	PSB005	216	2	sì]	sì	_	_	_	_	_	linguistic	_	none	_	End=742.63	_	_	_	0-2(63)
217-0	PSB005	217	0	[mhmh]	mhmh	_	_	_	_	_	linguistic	_	none	_	Begin=743.952|End=744.454	_	_	_	0-4(64)
218-0	PSB018	218	0	carpazi:	carpazi	_	_	_	_	_	linguistic	_	none	_	Begin=751.574	6x1	_	_	_
218-1	PSB018	218	1	m~	m~	_	_	_	_	_	linguistic	_	none	Interrupted=Yes	_	_	_	_	_
218-2	PSB018	218	2	montagne	montagne	_	_	_	_	_	linguistic	_	none	_	_	_	_	_	_
218-3	PSB018	218	3	carpazi	carpazi	_	_	_	_	_	linguistic	_	none	_	_	_	_	_	_
218-4	PSB018	218	4	>allora<	allora	_	_	_	_	_	linguistic	_	none	_	End=756.13	_	Fast=0-6(0)	_	_
219-0	PSB018	219	0	per	per	_	_	_	_	_	linguistic	_	none	_	Begin=758.296	_	_	_	_
219-1	PSB018	219	1	questo	questo	_	_	_	_	_	linguistic	_	none	_	_	_	_	_	_
219-2	PSB018	219	2	allora	allora	_	_	_	_	_	linguistic	_	none	_	_	_	_	_	_
219-3	PSB018	219	3	per	per	_	_	_	_	_	linguistic	_	none	_	_	_	_	_	_
219-4	PSB018	219	4	iniziare	iniziare	_	_	_	_	_	linguistic	_	none	_	_	_	_	_	_
219-5	PSB018	219	5	c~	c~	_	_	_	_	_	linguistic	_	none	Interrupted=Yes	_	_	_	_	_
219-6	PSB018	219	6	m:h	mh	_	_	_	_	_	linguistic	_	none	_	_	0x1	_	_	_
219-7	PSB018	219	7	fare:	fare	_	_	_	_	_	linguistic	_	none	_	_	3x1	_	_	_
219-8	PSB018	219	8	il	il	_	_	_	_	_	linguistic	_	none	_	_	_	_	_	_
219-9	PSB018	219	9	risp~	risp~	_	_	_	_	_	linguistic	_	none	Interrupted=Yes	_	_	_	_	_
219-10	PSB018	219	10	°rispon~°	rispon~	_	_	_	_	_	linguistic	_	none	Interrupted=Yes|Volume=low	_	_	_	_	_
219-11	PSB018	219	11	[rispondere]	rispondere	_	_	_	_	_	linguistic	_	none	_	_	_	_	_	0-10(65)
219-12	PSB018	219	12	e:h	eh	_	_	_	_	_	linguistic	_	none	_	End=766.593	0x1	_	_	_
220-0	PSB005	220	0	[mhmh	mhmh	_	_	_	_	_	linguistic	_	none	_	Begin=764.278	_	_	_	0-4(65)
220-1	PSB005	220	1	°rispon~°	rispon~	_	_	_	_	_	linguistic	_	none	Interrupted=Yes|Volume=low	_	_	_	_	0-7(65)
220-2	PSB005	220	2	sì	sì	_	_	_	_	_	linguistic	_	none	_	_	_	_	_	0-2(65)
220-3	PSB005	220	3	sì]	sì	_	_	_	_	_	linguistic	_	none	_	End=765.759	_	_	_	0-2(65)
221-0	PSB018	221	0	e:hm	ehm	_	_	_	_	_	linguistic	_	none	_	Begin=767.389	0x1	_	_	_
221-1	PSB018	221	1	il	il	_	_	_	_	_	linguistic	_	none	_	_	_	_	_	_
221-2	PSB018	221	2	livello	livello	_	_	_	_	_	linguistic	_	none	_	_	_	_	_	_
221-3	PSB018	221	3	d~	d~	_	_	_	_	_	linguistic	_	none	Interrupted=Yes	_	_	_	_	_
221-4	PSB018	221	4	della	della	_	_	_	_	_	linguistic	_	none	_	_	_	_	_	_
221-5	PSB018	221	5	mia	mia	_	_	_	_	_	linguistic	_	none	_	_	_	_	_	_
221-6	PSB018	221	6	paese	paese	_	_	_	_	_	linguistic	_	none	_	_	_	_	_	_
221-7	PSB018	221	7	della	della	_	_	_	_	_	linguistic	_	none	_	_	_	_	_	_
221-8	PSB018	221	8	ucraina	ucraina	_	_	_	_	_	linguistic	_	none	_	_	_	_	_	_
221-9	PSB018	221	9	sì	sì	_	_	_	_	_	linguistic	_	none	_	_	_	_	_	_
221-10	PSB018	221	10	un	un	_	_	_	_	_	linguistic	_	none	_	_	_	_	_	_
221-11	PSB018	221	11	po'	po'	_	_	_	_	_	linguistic	_	none	_	_	_	_	_	_
221-12	PSB018	221	12	più	più	_	_	_	_	_	linguistic	_	none	_	_	_	_	_	_
221-13	PSB018	221	13	bassa	bassa	_	_	_	_	_	linguistic	_	none	_	_	_	_	_	_
221-14	PSB018	221	14	[ma]	ma	_	_	_	_	_	linguistic	_	none	_	End=775.097	_	_	_	0-2(66)
222-0	PSB005	222	0	[mhmh]	mhmh	_	_	_	_	_	linguistic	_	none	_	Begin=774.403|End=774.997	_	_	_	0-4(66)
223-0	PSB018	223	0	normale	normale	_	_	_	_	_	linguistic	_	none	_	Begin=776.148	_	_	_	_
223-1	PSB018	223	1	molto	molto	_	_	_	_	_	linguistic	_	none	_	_	_	_	_	_
223-2	PSB018	223	2	normale	normale	_	_	_	_	_	linguistic	_	none	_	_	_	_	_	_
223-3	PSB018	223	3	per	per	_	_	_	_	_	linguistic	_	none	_	_	_	_	_	_
223-4	PSB018	223	4	vivere	vivere	_	_	_	_	_	linguistic	_	none	_	_	_	_	_	_
223-5	PSB018	223	5	la	la	_	_	_	_	_	linguistic	_	none	_	_	_	_	_	_
223-6	PSB018	223	6	<vita>	vita	_	_	_	_	_	linguistic	_	none	_	End=781.148	_	Slow=0-4(0)	_	_
224-0	PSB018	224	0	m:h	mh	_	_	_	_	_	linguistic	_	all	Language=NO_ISO_CODE|Variation=Token	Begin=781.722	0x1	_	_	_
224-1	PSB018	224	1	full	full	_	_	_	_	_	linguistic	_	all	Language=NO_ISO_CODE|Variation=Token	End=782.963	_	_	_	_
225-0	PSB005	225	0	mh[mh]	mhmh	_	_	_	_	_	linguistic	_	none	_	Begin=783.13|End=783.611	_	_	_	2-4(67)
226-0	PSB018	226	0	[#_li]fe	_life	_	_	_	_	_	warning	_	all	Language=NO_ISO_CODE|Variation=Token	Begin=783.444|End=784.148	_	_	_	0-4(67)
227-0	PSB005	227	0	sì	sì	_	_	_	_	_	linguistic	_	none	_	Begin=784.167	_	_	_	_
227-1	PSB005	227	1	sì	sì	_	_	_	_	_	linguistic	_	none	_	_	_	_	_	_
227-2	PSB005	227	2	sì	sì	_	_	_	_	_	linguistic	_	none	_	End=784.958	_	_	_	_
228-0	PSB018	228	0	e	e	_	_	_	_	_	linguistic	_	none	_	Begin=785.019	_	_	_	_
228-1	PSB018	228	1	per	per	_	_	_	_	_	linguistic	_	none	_	_	_	_	_	_
228-2	PSB018	228	2	la	la	_	_	_	_	_	linguistic	_	none	_	_	_	_	_	_
228-3	PSB018	228	3	persona	persona	_	_	_	_	_	linguistic	_	none	_	_	_	_	_	_
228-4	PSB018	228	4	eh	eh	_	_	_	_	_	linguistic	_	none	_	End=787.778	_	_	_	_
229-0	PSB018	229	0	of	of	_	_	_	_	_	linguistic	_	all	Language=NO_ISO_CODE|Variation=Token	Begin=788.556	_	_	_	_
229-1	PSB018	229	1	middle:	middle	_	_	_	_	_	linguistic	_	all	Language=NO_ISO_CODE|Variation=Token	End=789.981	5x1	_	_	_
231-0	PSB018	231	0	middle	middle	_	_	_	_	_	linguistic	_	all	Language=NO_ISO_CODE|Variation=Token	Begin=791.0	_	_	_	_
231-1	PSB018	231	1	econom[y:]	economy	_	_	_	_	_	linguistic	_	all	Language=NO_ISO_CODE|Variation=Token	End=792.982	6x1	_	_	_
233-0	PSB005	233	0	[mhmh]	mhmh	_	_	_	_	_	linguistic	_	none	_	Begin=792.222|End=792.685	_	_	_	0-4(68)
234-0	PSB018	234	0	livello	livello	_	_	_	_	_	linguistic	_	none	_	Begin=793.556|End=794.204	_	_	_	_
235-0	PSB005	235	0	mhmh	mhmh	_	_	_	_	_	linguistic	_	none	_	Begin=794.204|End=794.648	_	_	_	_
236-0	PSB018	236	0	ah	ah	_	_	_	_	_	linguistic	_	none	_	Begin=795.111	_	_	_	_
236-1	PSB018	236	1	allora	allora	_	_	_	_	_	linguistic	_	none	PauseAfter=Yes	_	_	_	_	_
236-2	PSB018	236	2	(.)	(.)	_	_	_	_	_	shortpause	_	none	_	_	_	_	_	_
236-3	PSB018	236	3	e	e	_	_	_	_	_	linguistic	_	none	_	_	_	_	_	_
236-4	PSB018	236	4	per	per	_	_	_	_	_	linguistic	_	none	_	_	_	_	_	_
236-5	PSB018	236	5	questo	questo	_	_	_	_	_	linguistic	_	none	_	_	_	_	_	_
236-6	PSB018	236	6	eh	eh	_	_	_	_	_	linguistic	_	none	_	_	_	_	_	_
236-7	PSB018	236	7	ma	ma	_	_	_	_	_	linguistic	_	none	_	End=799.778	_	_	_	_
237-0	PSB018	237	0	i	i	_	_	_	_	_	linguistic	_	none	_	Begin=800.315	_	_	_	_
237-1	PSB018	237	1	tradiz~	tradiz~	_	_	_	_	_	linguistic	_	none	Interrupted=Yes	_	_	_	_	_
237-2	PSB018	237	2	le	le	_	_	_	_	_	linguistic	_	none	_	_	_	_	_	_
237-3	PSB018	237	3	$tradizi	tradizi	_	_	_	_	_	linguistic	_	none	Orthography=Yes|Variation=Emerging	_	_	_	_	_
237-4	PSB018	237	4	sono	sono	_	_	_	_	_	linguistic	_	none	_	_	_	_	_	_
237-5	PSB018	237	5	diverse	diverse	_	_	_	_	_	linguistic	_	none	_	End=804.185	_	_	_	_
238-0	PSB005	238	0	°mhmh°	mhmh	_	_	_	_	_	linguistic	_	none	Volume=low	Begin=804.204|End=804.796	_	_	_	_
239-0	PSB018	239	0	eh	eh	_	_	_	_	_	linguistic	_	none	_	Begin=804.815	_	_	_	_
239-1	PSB018	239	1	<storia>	storia	_	_	_	_	_	linguistic	_	none	PauseAfter=Yes	_	_	Slow=0-6(0)	_	_
239-2	PSB018	239	2	(.)	(.)	_	_	_	_	_	shortpause	_	none	_	_	_	_	_	_
239-3	PSB018	239	3	è	è	_	_	_	_	_	linguistic	_	none	_	_	_	_	_	_
239-4	PSB018	239	4	anche	anche	_	_	_	_	_	linguistic	_	none	_	_	_	_	_	_
239-5	PSB018	239	5	diversa	diversa	_	_	_	_	_	linguistic	_	none	_	_	_	_	_	_
239-6	PSB018	239	6	e	e	_	_	_	_	_	linguistic	_	none	_	_	_	_	_	_
239-7	PSB018	239	7	tutto	tutto	_	_	_	_	_	linguistic	_	none	_	_	_	_	_	_
239-8	PSB018	239	8	questo	questo	_	_	_	_	_	linguistic	_	none	_	_	_	_	_	_
239-9	PSB018	239	9	e:hm	ehm	_	_	_	_	_	linguistic	_	none	_	End=812.259	0x1	_	_	_
240-0	PSB018	240	0	è	è	_	_	_	_	_	linguistic	_	yes	_	Begin=812.759	_	_	_	_
240-1	PSB018	240	1	un	un	_	_	_	_	_	linguistic	_	yes	PauseAfter=Yes	_	_	_	_	_
240-2	PSB018	240	2	(.)	(.)	_	_	_	_	_	shortpause	_	yes	_	_	_	_	_	_
240-3	PSB018	240	3	#upground	upground	_	_	_	_	_	linguistic	_	yes	Language=NO_ISO_CODE|Variation=Token	_	_	_	_	_
240-4	PSB018	240	4	xx	xx	_	_	_	_	_	unknown	_	yes	Syllables=2	_	_	_	_	_
240-5	PSB018	240	5	per:	per	_	_	_	_	_	linguistic	_	yes	_	_	2x1	_	_	_
240-6	PSB018	240	6	la	la	_	_	_	_	_	linguistic	_	yes	_	_	_	_	_	_
240-7	PSB018	240	7	nostra	nostra	_	_	_	_	_	linguistic	_	yes	_	_	_	_	_	_
240-8	PSB018	240	8	cultura	cultura	_	_	_	_	_	linguistic	_	yes	_	End=819.148	_	_	_	_
241-0	PSB005	241	0	[mhmh]	mhmh	_	_	_	_	_	linguistic	_	none	_	Begin=815.982|End=816.407	_	_	_	0-4(69)
242-0	PSB018	242	0	e:	e	_	_	_	_	_	linguistic	_	none	_	Begin=820.074|End=821.575	0x1	_	_	_
243-0	PSB018	243	0	°ma	ma	_	_	_	_	_	linguistic	_	none	_	Begin=822.833	_	_	_	_
243-1	PSB018	243	1	che	che	_	_	_	_	_	linguistic	_	none	_	_	_	_	_	_
243-2	PSB018	243	2	e:ra	era	_	_	_	_	_	linguistic	_	none	_	_	0x1	_	_	_
243-3	PSB018	243	3	la	la	_	_	_	_	_	linguistic	_	none	_	_	_	_	_	_
243-4	PSB018	243	4	tua	tua	_	_	_	_	_	linguistic	_	none	_	_	_	_	_	_
243-5	PSB018	243	5	domanda	domanda	_	_	_	_	_	linguistic	_	none	_	_	_	_	_	_
243-6	PSB018	243	6	((ride))	((ride))	_	_	_	_	_	nonverbalbehavior	_	none	_	End=826.315	_	_	_	_
244-0	PSB005	244	0	((ride))	((ride))	_	_	_	_	_	nonverbalbehavior	_	none	_	Begin=825.667|End=827.352	_	_	_	_
245-0	PSB018	245	0	no	no	_	_	_	_	_	linguistic	_	none	_	Begin=826.778	_	_	_	_
245-1	PSB018	245	1	io	io	_	_	_	_	_	linguistic	_	none	_	_	_	_	_	_
245-2	PSB018	245	2	io	io	_	_	_	_	_	linguistic	_	none	_	_	_	_	_	_
245-3	PSB018	245	3	io:	io	_	_	_	_	_	linguistic	_	none	_	_	1x1	_	_	_
245-4	PSB018	245	4	mi	mi	_	_	_	_	_	linguistic	_	none	_	_	_	_	_	_
245-5	PSB018	245	5	ricordo	ricordo	_	_	_	_	_	linguistic	_	none	_	_	_	_	_	_
245-6	PSB018	245	6	il	il	_	_	_	_	_	linguistic	_	none	_	_	_	_	_	_
245-7	PSB018	245	7	passo	passo	_	_	_	_	_	linguistic	_	none	_	_	_	_	_	_
245-8	PSB018	245	8	delle	delle	_	_	_	_	_	linguistic	_	none	_	_	_	_	_	_
245-9	PSB018	245	9	mie:	mie	_	_	_	_	_	linguistic	_	none	_	_	2x1	_	_	_
245-10	PSB018	245	10	ehm	ehm	_	_	_	_	_	linguistic	_	none	_	_	_	_	_	_
245-11	PSB018	245	11	ques[ti]:	questi	_	_	_	_	_	linguistic	_	none	_	_	5x1	_	_	4-6(72)
245-12	PSB018	245	12	$pensiere	pensiere	_	_	_	_	_	linguistic	_	none	Orthography=Yes|Variation=Emerging	_	_	_	_	_
245-13	PSB018	245	13	ma	ma	_	_	_	_	_	linguistic	_	none	_	_	_	_	_	_
245-14	PSB018	245	14	non	non	_	_	_	_	_	linguistic	_	none	_	_	_	_	_	_
245-15	PSB018	245	15	lo	lo	_	_	_	_	_	linguistic	_	none	_	End=834.778	_	_	_	_
246-0	PSB005	246	0	[sì	sì	_	_	_	_	_	linguistic	_	none	_	Begin=832.889	_	_	_	0-2(72)
246-1	PSB005	246	1	sì]	sì	_	_	_	_	_	linguistic	_	none	_	End=833.396	_	_	_	0-2(72)
247-0	PSB005	247	0	la	la	_	_	_	_	_	linguistic	_	none	_	Begin=835.037	_	_	_	_
247-1	PSB005	247	1	mia	mia	_	_	_	_	_	linguistic	_	none	_	_	_	_	_	_
247-2	PSB005	247	2	domanda	domanda	_	_	_	_	_	linguistic	_	none	_	_	_	_	_	_
247-3	PSB005	247	3	era	era	_	_	_	_	_	linguistic	_	none	_	_	_	_	_	_
247-4	PSB005	247	4	se	se	_	_	_	_	_	linguistic	_	none	_	_	_	_	_	_
247-5	PSB005	247	5	e:hm	ehm	_	_	_	_	_	linguistic	_	none	_	End=837.611	0x1	_	_	_
248-0	PSB005	248	0	perché	perché	_	_	_	_	_	linguistic	_	none	_	Begin=838.278	_	_	_	_
248-1	PSB005	248	1	tu	tu	_	_	_	_	_	linguistic	_	none	_	_	_	_	_	_
248-2	PSB005	248	2	dicevi	dicevi	_	_	_	_	_	linguistic	_	none	_	_	_	_	_	_
248-3	PSB005	248	3	che	che	_	_	_	_	_	linguistic	_	none	_	_	_	_	_	_
248-4	PSB005	248	4	quando	quando	_	_	_	_	_	linguistic	_	none	_	_	_	_	_	_
248-5	PSB005	248	5	hai	hai	_	_	_	_	_	linguistic	_	none	_	_	_	_	_	_
248-6	PSB005	248	6	studiato	studiato	_	_	_	_	_	linguistic	_	none	_	_	_	_	_	_
248-7	PSB005	248	7	non	non	_	_	_	_	_	linguistic	_	none	_	_	_	_	_	_
248-8	PSB005	248	8	c'	c'	_	_	_	_	_	linguistic	_	none	SpaceAfter=No	_	_	_	_	_
248-9	PSB005	248	9	erano	erano	_	_	_	_	_	linguistic	_	none	_	_	_	_	_	_
248-10	PSB005	248	10	molte	molte	_	_	_	_	_	linguistic	_	none	_	_	_	_	_	_
248-11	PSB005	248	11	possibilità	possibilità	_	_	_	_	_	linguistic	_	none	_	_	_	_	_	_
248-12	PSB005	248	12	di	di	_	_	_	_	_	linguistic	_	none	_	_	_	_	_	_
248-13	PSB005	248	13	andare	andare	_	_	_	_	_	linguistic	_	none	_	_	_	_	_	_
248-14	PSB005	248	14	all'	all'	_	_	_	_	_	linguistic	_	none	SpaceAfter=No	_	_	_	_	_
248-15	PSB005	248	15	estero	estero	_	_	_	_	_	linguistic	_	none	_	End=843.948	_	_	_	_
249-0	PSB005	249	0	e	e	_	_	_	_	_	linguistic	_	none	_	Begin=844.37	_	_	_	_
249-1	PSB005	249	1	volevo	volevo	_	_	_	_	_	linguistic	_	none	_	_	_	_	_	_
249-2	PSB005	249	2	sapere	sapere	_	_	_	_	_	linguistic	_	none	_	_	_	_	_	_
249-3	PSB005	249	3	se	se	_	_	_	_	_	linguistic	_	none	_	End=846.5	_	_	_	_
250-0	PSB005	250	0	adesso	adesso	_	_	_	_	_	linguistic	_	none	_	Begin=847.278	_	_	_	_
250-1	PSB005	250	1	i	i	_	_	_	_	_	linguistic	_	none	_	_	_	_	_	_
250-2	PSB005	250	2	per	per	_	_	_	_	_	linguistic	_	none	_	_	_	_	_	_
250-3	PSB005	250	3	gli	gli	_	_	_	_	_	linguistic	_	none	_	_	_	_	_	_
250-4	PSB005	250	4	studenti	studenti	_	_	_	_	_	linguistic	_	none	_	_	_	_	_	_
250-5	PSB005	250	5	che	che	_	_	_	_	_	linguistic	_	none	_	_	_	_	_	_
250-6	PSB005	250	6	la	la	_	_	_	_	_	linguistic	_	none	_	_	_	_	_	_
250-7	PSB005	250	7	st~	st~	_	_	_	_	_	linguistic	_	none	Interrupted=Yes	_	_	_	_	_
250-8	PSB005	250	8	adesso	adesso	_	_	_	_	_	linguistic	_	none	_	_	_	_	_	_
250-9	PSB005	250	9	insomma	insomma	_	_	_	_	_	linguistic	_	none	_	_	_	_	_	_
250-10	PSB005	250	10	recentemente	recentemente	_	_	_	_	_	linguistic	_	none	PauseAfter=Yes	_	_	_	_	_
250-11	PSB005	250	11	(.)	(.)	_	_	_	_	_	shortpause	_	none	_	_	_	_	_	_
250-12	PSB005	250	12	per	per	_	_	_	_	_	linguistic	_	none	_	_	_	_	_	_
250-13	PSB005	250	13	chi	chi	_	_	_	_	_	linguistic	_	none	_	_	_	_	_	_
250-14	PSB005	250	14	studia	studia	_	_	_	_	_	linguistic	_	none	_	_	_	_	_	_
250-15	PSB005	250	15	in	in	_	_	_	_	_	linguistic	_	none	_	_	_	_	_	_
250-16	PSB005	250	16	ucraina	ucraina	_	_	_	_	_	linguistic	_	none	_	_	_	_	_	_
250-17	PSB005	250	17	ci	ci	_	_	_	_	_	linguistic	_	none	_	_	_	_	_	_
250-18	PSB005	250	18	sono	sono	_	_	_	_	_	linguistic	_	none	_	_	_	_	_	_
250-19	PSB005	250	19	delle	delle	_	_	_	_	_	linguistic	_	none	_	_	_	_	_	_
250-20	PSB005	250	20	possibilità,	possibilità	_	_	_	_	_	linguistic	_	none	Intonation=WeaklyRising	End=855.463	_	_	_	_
251-0	PSB005	251	0	perché	perché	_	_	_	_	_	linguistic	_	none	_	Begin=856.296	_	_	_	_
251-1	PSB005	251	1	i	i	_	_	_	_	_	linguistic	_	none	_	_	_	_	_	_
251-2	PSB005	251	2	tempi	tempi	_	_	_	_	_	linguistic	_	none	_	_	_	_	_	_
251-3	PSB005	251	3	sono	sono	_	_	_	_	_	linguistic	_	none	_	_	_	_	_	_
251-4	PSB005	251	4	diversi	diversi	_	_	_	_	_	linguistic	_	none	_	_	_	_	_	_
251-5	PSB005	251	5	oppure	oppure	_	_	_	_	_	linguistic	_	none	_	_	_	_	_	_
251-6	PSB005	251	6	se	se	_	_	_	_	_	linguistic	_	none	_	_	_	_	_	_
251-7	PSB005	251	7	m:h	mh	_	_	_	_	_	linguistic	_	none	_	_	0x1	_	_	_
251-8	PSB005	251	8	è	è	_	_	_	_	_	linguistic	_	none	_	_	_	_	_	_
251-9	PSB005	251	9	rimasto	rimasto	_	_	_	_	_	linguistic	_	none	_	_	_	_	_	_
251-10	PSB005	251	10	lo	lo	_	_	_	_	_	linguistic	_	none	_	_	_	_	_	_
251-11	PSB005	251	11	stes[so]	stesso	_	_	_	_	_	linguistic	_	none	_	End=862.296	_	_	_	4-6(73)
252-0	PSB018	252	0	>[no]	no	_	_	_	_	_	linguistic	_	none	_	Begin=862.093	_	Fast=0-2(0)	_	0-2(74)
252-1	PSB018	252	1	no	no	_	_	_	_	_	linguistic	_	none	_	_	_	Fast=0-2(0)	_	_
252-2	PSB018	252	2	no<	no	_	_	_	_	_	linguistic	_	none	_	_	_	Fast=0-2(0)	_	_
252-3	PSB018	252	3	di~	di~	_	_	_	_	_	linguistic	_	none	Interrupted=Yes	_	_	_	_	_
252-4	PSB018	252	4	eh	eh	_	_	_	_	_	linguistic	_	none	_	_	_	_	_	_
252-5	PSB018	252	5	e:hm	ehm	_	_	_	_	_	linguistic	_	none	_	_	0x1	_	_	_
252-6	PSB018	252	6	diversi	diversi	_	_	_	_	_	linguistic	_	none	PauseAfter=Yes	_	_	_	_	_
252-7	PSB018	252	7	(.)	(.)	_	_	_	_	_	shortpause	_	none	_	_	_	_	_	_
252-8	PSB018	252	8	e:hm	ehm	_	_	_	_	_	linguistic	_	none	_	_	0x1	_	_	_
252-9	PSB018	252	9	perché	perché	_	_	_	_	_	linguistic	_	none	_	_	_	_	_	_
252-10	PSB018	252	10	noi	noi	_	_	_	_	_	linguistic	_	none	_	_	_	_	_	_
252-11	PSB018	252	11	ahm	ahm	_	_	_	_	_	linguistic	_	none	_	_	_	_	_	_
252-12	PSB018	252	12	a~	a~	_	_	_	_	_	linguistic	_	none	Interrupted=Yes	_	_	_	_	_
252-13	PSB018	252	13	adesso	adesso	_	_	_	_	_	linguistic	_	none	_	_	_	_	_	_
252-14	PSB018	252	14	noi	noi	_	_	_	_	_	linguistic	_	none	_	_	_	_	_	_
252-15	PSB018	252	15	abbiamo	abbiamo	_	_	_	_	_	linguistic	_	none	_	_	_	_	_	_
252-16	PSB018	252	16	la	la	_	_	_	_	_	linguistic	_	none	_	_	_	_	_	_
252-17	PSB018	252	17	possibilità	possibilità	_	_	_	_	_	linguistic	_	none	_	_	_	_	_	_
252-18	PSB018	252	18	viaggiare	viaggiare	_	_	_	_	_	linguistic	_	none	_	_	_	_	_	_
252-19	PSB018	252	19	anche	anche	_	_	_	_	_	linguistic	_	none	_	_	_	_	_	_
252-20	PSB018	252	20	da:	da	_	_	_	_	_	linguistic	_	none	_	_	1x1	_	_	_
252-21	PSB018	252	21	soldi	soldi	_	_	_	_	_	linguistic	_	none	_	_	_	_	_	_
252-22	PSB018	252	22	nostri	nostri	_	_	_	_	_	linguistic	_	none	_	End=875.926	_	_	_	_
253-0	PSB005	253	0	[°mhmh°]	mhmh	_	_	_	_	_	linguistic	_	none	Volume=low	Begin=865.315|End=865.792	_	_	_	0-4(74)
254-0	PSB005	254	0	mhmh	mhmh	_	_	_	_	_	linguistic	_	none	_	Begin=875.944|End=876.333	_	_	_	_
255-0	PSB018	255	0	e	e	_	_	_	_	_	linguistic	_	none	_	Begin=876.685	_	_	_	_
255-1	PSB018	255	1	<più>	più	_	_	_	_	_	linguistic	_	none	_	_	_	Slow=0-3(0)	_	_
255-2	PSB018	255	2	e:h	eh	_	_	_	_	_	linguistic	_	none	_	_	0x1	_	_	_
255-3	PSB018	255	3	ci	ci	_	_	_	_	_	linguistic	_	none	_	_	_	_	_	_
255-4	PSB018	255	4	sono	sono	_	_	_	_	_	linguistic	_	none	_	_	_	_	_	_
255-5	PSB018	255	5	eh	eh	_	_	_	_	_	linguistic	_	none	_	_	_	_	_	_
255-6	PSB018	255	6	tante	tante	_	_	_	_	_	linguistic	_	none	_	End=881.519	_	_	_	_
256-0	PSB018	256	0	m:h	mh	_	_	_	_	_	linguistic	_	none	_	Begin=882.463	0x1	_	_	_
256-1	PSB018	256	1	organizza[zione]	organizzazione	_	_	_	_	_	linguistic	_	none	_	_	_	_	_	9-14(75)
256-2	PSB018	256	2	co~	co~	_	_	_	_	_	linguistic	_	none	Interrupted=Yes	_	_	_	_	_
256-3	PSB018	256	3	come	come	_	_	_	_	_	linguistic	_	none	_	_	_	_	_	_
256-4	PSB018	256	4	si	si	_	_	_	_	_	linguistic	_	none	_	_	_	_	_	_
256-5	PSB018	256	5	dice	dice	_	_	_	_	_	linguistic	_	none	_	_	_	_	_	_
256-6	PSB018	256	6	quand[o	quando	_	_	_	_	_	linguistic	_	none	_	_	_	_	_	5-6(76)
256-7	PSB018	256	7	qualcu]no	qualcuno	_	_	_	_	_	linguistic	_	none	_	_	_	_	_	0-6(76)
256-8	PSB018	256	8	qual~	qual~	_	_	_	_	_	linguistic	_	none	Interrupted=Yes	_	_	_	_	_
256-9	PSB018	256	9	qualche	qualche	_	_	_	_	_	linguistic	_	none	_	_	_	_	_	_
256-10	PSB018	256	10	$arganizzazione	arganizzazione	_	_	_	_	_	linguistic	_	none	Orthography=Yes|Variation=Emerging	_	_	_	_	_
256-11	PSB018	256	11	a:-	a-	_	_	_	_	_	linguistic	_	none	Interrupted=Yes	_	0x1	_	_	_
256-12	PSB018	256	12	aiutano:	aiutano	_	_	_	_	_	linguistic	_	none	_	_	6x1	_	_	_
256-13	PSB018	256	13	università	università	_	_	_	_	_	linguistic	_	none	_	_	_	_	_	_
256-14	PSB018	256	14	istituto	istituto	_	_	_	_	_	linguistic	_	none	_	_	_	_	_	_
256-15	PSB018	256	15	[scuola]	scuola	_	_	_	_	_	linguistic	_	none	_	_	_	_	_	0-6(77)
256-16	PSB018	256	16	e:hm	ehm	_	_	_	_	_	linguistic	_	none	_	End=893.574	0x1	_	_	_
257-0	PSB005	257	0	[mhmh]	mhmh	_	_	_	_	_	linguistic	_	none	_	Begin=883.944|End=884.482	_	_	_	0-4(75)
258-0	PSB005	258	0	[sì	sì	_	_	_	_	_	linguistic	_	none	_	Begin=885.482	_	_	_	0-2(76)
258-1	PSB005	258	1	sì	sì	_	_	_	_	_	linguistic	_	none	_	_	_	_	_	0-2(76)
258-2	PSB005	258	2	sì]	sì	_	_	_	_	_	linguistic	_	none	_	End=886.146	_	_	_	0-2(76)
259-0	PSB005	259	0	[sì	sì	_	_	_	_	_	linguistic	_	none	_	Begin=891.648	_	_	_	0-2(77)
259-1	PSB005	259	1	sì	sì	_	_	_	_	_	linguistic	_	none	_	_	_	_	_	0-2(77)
259-2	PSB005	259	2	sì]	sì	_	_	_	_	_	linguistic	_	none	_	End=892.384	_	_	_	0-2(77)
260-0	PSB005	260	0	eh	eh	_	_	_	_	_	linguistic	_	none	_	Begin=894.37	_	_	_	_
260-1	PSB005	260	1	aiutano	aiutano	_	_	_	_	_	linguistic	_	none	_	_	_	_	_	_
260-2	PSB005	260	2	in	in	_	_	_	_	_	linguistic	_	none	_	_	_	_	_	_
260-3	PSB005	260	3	senso	senso	_	_	_	_	_	linguistic	_	none	_	_	_	_	_	_
260-4	PSB005	260	4	di	di	_	_	_	_	_	linguistic	_	none	_	_	_	_	_	_
260-5	PSB005	260	5	sold[i,	soldi	_	_	_	_	_	linguistic	_	none	Intonation=WeaklyRising|PauseAfter=Yes	_	_	_	_	4-5(78)
260-6	PSB005	260	6	(.)	(.)	_	_	_	_	_	shortpause	_	none	_	_	_	_	_	X(78)
260-7	PSB005	260	7	sì	sì	_	_	_	_	_	linguistic	_	none	_	_	_	_	_	0-2(78)
260-8	PSB005	260	8	sì]	sì	_	_	_	_	_	linguistic	_	none	_	_	_	_	_	0-2(78)
260-9	PSB005	260	9	come	come	_	_	_	_	_	linguistic	_	none	_	_	_	_	_	_
260-10	PSB005	260	10	si	si	_	_	_	_	_	linguistic	_	none	_	_	_	_	_	_
260-11	PSB005	260	11	dice	dice	_	_	_	_	_	linguistic	_	none	_	_	_	_	_	_
260-12	PSB005	260	12	boh	boh	_	_	_	_	_	linguistic	_	none	_	_	_	_	_	_
260-13	PSB005	260	13	ehm	ehm	_	_	_	_	_	linguistic	_	none	_	End=900.444	_	_	_	_
261-0	PSB018	261	0	[soldi	soldi	_	_	_	_	_	linguistic	_	none	_	Begin=896.648	_	_	_	0-5(78)
261-1	PSB018	261	1	soldi	soldi	_	_	_	_	_	linguistic	_	none	_	_	_	_	_	0-5(78)
261-2	PSB018	261	2	soldi]	soldi	_	_	_	_	_	linguistic	_	none	_	End=897.926	_	_	_	0-5(78)
262-0	PSB018	262	0	m:h	mh	_	_	_	_	_	linguistic	_	none	_	Begin=900.463	0x1	_	_	_
262-1	PSB018	262	1	[allora]	allora	_	_	_	_	_	linguistic	_	none	_	End=901.833	_	_	_	0-6(79)
263-0	PSB005	263	0	[c(io)è	cioè	_	_	_	_	_	linguistic	_	none	Reduced=Yes	Begin=901.278	_	_	_	0-4(79)
263-1	PSB005	263	1	danno]	danno	_	_	_	_	_	linguistic	_	none	_	_	_	_	_	0-5(79)
263-2	PSB005	263	2	dei	dei	_	_	_	_	_	linguistic	_	none	_	_	_	_	_	_
263-3	PSB005	263	3	finanziamenti	finanziamenti	_	_	_	_	_	linguistic	_	none	_	_	_	_	_	_
263-4	PSB005	263	4	danno	danno	_	_	_	_	_	linguistic	_	none	_	_	_	_	_	_
263-5	PSB005	263	5	[xx]	xx	_	_	_	_	_	unknown	_	none	Syllables=2	End=903.713	_	_	_	0-2(80)
264-0	PSB018	264	0	[sì	sì	_	_	_	_	_	linguistic	_	none	_	Begin=903.019	_	_	_	0-2(80)
264-1	PSB018	264	1	qualcun]o	qualcuno	_	_	_	_	_	linguistic	_	none	_	_	_	_	_	0-7(80)
264-2	PSB018	264	2	che	che	_	_	_	_	_	linguistic	_	none	_	_	_	_	_	_
264-3	PSB018	264	3	fa	fa	_	_	_	_	_	linguistic	_	none	_	_	_	_	_	_
264-4	PSB018	264	4	fa	fa	_	_	_	_	_	linguistic	_	none	_	_	_	_	_	_
264-5	PSB018	264	5	f:un~	fun~	_	_	_	_	_	linguistic	_	none	Interrupted=Yes	End=906.333	0x1	_	_	_
265-0	PSB005	265	0	funding	funding	_	_	_	_	_	linguistic	_	all	Language=NO_ISO_CODE|Variation=Token	Begin=906.815|End=907.524	_	_	_	_
266-0	PSB018	266	0	#funding	funding	_	_	_	_	_	linguistic	_	yes	Language=NO_ISO_CODE|Variation=Token	Begin=907.574	_	_	_	_
266-1	PSB018	266	1	[sì	sì	_	_	_	_	_	linguistic	_	yes	_	_	_	_	_	0-2(81)
266-2	PSB018	266	2	sì]	sì	_	_	_	_	_	linguistic	_	yes	_	_	_	_	_	0-2(81)
266-3	PSB018	266	3	allora	allora	_	_	_	_	_	linguistic	_	yes	_	End=909.37	_	_	_	_
267-0	PSB005	267	0	[sì	sì	_	_	_	_	_	linguistic	_	none	_	Begin=908.111	_	_	_	0-2(81)
267-1	PSB005	267	1	sì]	sì	_	_	_	_	_	linguistic	_	none	_	End=908.822	_	_	_	0-2(81)
268-0	PSB018	268	0	eh	eh	_	_	_	_	_	linguistic	_	none	_	Begin=910.037	_	_	_	_
268-1	PSB018	268	1	c'	c'	_	_	_	_	_	linguistic	_	none	SpaceAfter=No	_	_	_	_	_
268-2	PSB018	268	2	è:	è	_	_	_	_	_	linguistic	_	none	_	_	0x1	_	_	_
268-3	PSB018	268	3	s~	s~	_	_	_	_	_	linguistic	_	none	Interrupted=Yes	_	_	_	_	_
268-4	PSB018	268	4	ci	ci	_	_	_	_	_	linguistic	_	none	_	_	_	_	_	_
268-5	PSB018	268	5	sono	sono	_	_	_	_	_	linguistic	_	none	_	_	_	_	_	_
268-6	PSB018	268	6	tante	tante	_	_	_	_	_	linguistic	_	none	_	_	_	_	_	_
268-7	PSB018	268	7	>organizzazioni<	organizzazioni	_	_	_	_	_	linguistic	_	none	_	_	_	Fast=0-14(0)	_	_
268-8	PSB018	268	8	che	che	_	_	_	_	_	linguistic	_	none	_	_	_	_	_	_
268-9	PSB018	268	9	<poss(a)no>	possano	_	_	_	_	_	linguistic	_	none	_	_	_	Slow=0-7(0)	3-5(0)	_
268-10	PSB018	268	10	[aiuta	aiuta	_	_	_	_	_	linguistic	_	none	_	_	_	_	_	0-5(82)
268-11	PSB018	268	11	a]iutare	aiutare	_	_	_	_	_	linguistic	_	none	_	_	_	_	_	0-1(82)
268-12	PSB018	268	12	e	e	_	_	_	_	_	linguistic	_	none	_	_	_	_	_	_
268-13	PSB018	268	13	vogliono	vogliono	_	_	_	_	_	linguistic	_	none	_	_	_	_	_	_
268-14	PSB018	268	14	aiutare	aiutare	_	_	_	_	_	linguistic	_	none	_	_	_	_	_	_
268-15	PSB018	268	15	e	e	_	_	_	_	_	linguistic	_	none	_	_	_	_	_	_
268-16	PSB018	268	16	anche	anche	_	_	_	_	_	linguistic	_	none	_	_	_	_	_	_
268-17	PSB018	268	17	le	le	_	_	_	_	_	linguistic	_	none	_	_	_	_	_	_
268-18	PSB018	268	18	studente	studente	_	_	_	_	_	linguistic	_	none	_	_	_	_	_	_
268-19	PSB018	268	19	e	e	_	_	_	_	_	linguistic	_	none	_	_	_	_	_	_
268-20	PSB018	268	20	le	le	_	_	_	_	_	linguistic	_	none	_	_	_	_	_	_
268-21	PSB018	268	21	i	i	_	_	_	_	_	linguistic	_	none	_	_	_	_	_	_
268-22	PSB018	268	22	fami~	fami~	_	_	_	_	_	linguistic	_	none	Interrupted=Yes	_	_	_	_	_
268-23	PSB018	268	23	°la	la	_	_	_	_	_	linguistic	_	none	Volume=low	_	_	_	_	_
268-24	PSB018	268	24	famiglia°	famiglia	_	_	_	_	_	linguistic	_	none	Volume=low	_	_	_	_	_
268-25	PSB018	268	25	le	le	_	_	_	_	_	linguistic	_	none	_	_	_	_	_	_
268-26	PSB018	268	26	famiglie	famiglie	_	_	_	_	_	linguistic	_	none	_	_	_	_	_	_
268-27	PSB018	268	27	e:h	eh	_	_	_	_	_	linguistic	_	none	_	End=926.37	0x1	_	_	_
269-0	PSB005	269	0	[mh	mh	_	_	_	_	_	linguistic	_	none	_	Begin=916.593	_	_	_	0-2(82)
269-1	PSB005	269	1	mhmh]	mhmh	_	_	_	_	_	linguistic	_	none	_	End=917.537	_	_	_	0-4(82)
270-0	PSB018	270	0	mh	mh	_	_	_	_	_	linguistic	_	none	_	Begin=927.648	_	_	_	_
270-1	PSB018	270	1	hanno:	hanno	_	_	_	_	_	linguistic	_	none	_	_	4x1	_	_	_
270-2	PSB018	270	2	tante	tante	_	_	_	_	_	linguistic	_	none	_	_	_	_	_	_
270-3	PSB018	270	3	possibilità	possibilità	_	_	_	_	_	linguistic	_	none	_	_	_	_	_	_
270-4	PSB018	270	4	viaggiare	viaggiare	_	_	_	_	_	linguistic	_	none	_	_	_	_	_	_
270-5	PSB018	270	5	da	da	_	_	_	_	_	linguistic	_	none	_	_	_	_	_	_
270-6	PSB018	270	6	solo	solo	_	_	_	_	_	linguistic	_	none	_	End=931.315	_	_	_	_
271-0	PSB005	271	0	mhmh	mhmh	_	_	_	_	_	linguistic	_	none	_	Begin=931.333|End=931.778	_	_	_	_
272-0	PSB018	272	0	senza:	senza	_	_	_	_	_	linguistic	_	yes	_	Begin=932.093	4x1	_	_	_
272-1	PSB018	272	1	qualche	qualche	_	_	_	_	_	linguistic	_	yes	_	_	_	_	_	_
272-2	PSB018	272	2	#funding	funding	_	_	_	_	_	linguistic	_	yes	PauseAfter=Yes|Language=NO_ISO_CODE|Variation=Token	_	_	_	_	_
272-3	PSB018	272	3	[(.)	(.)	_	_	_	_	_	shortpause	_	yes	_	_	_	_	_	X(83)
272-4	PSB018	272	4	e]	e	_	_	_	_	_	linguistic	_	yes	_	_	_	_	_	0-1(83)
272-5	PSB018	272	5	per	per	_	_	_	_	_	linguistic	_	yes	_	_	_	_	_	_
272-6	PSB018	272	6	questo	questo	_	_	_	_	_	linguistic	_	yes	_	_	_	_	_	_
272-7	PSB018	272	7	motivo	motivo	_	_	_	_	_	linguistic	_	yes	_	_	_	_	_	_
272-8	PSB018	272	8	e	e	_	_	_	_	_	linguistic	_	yes	_	_	_	_	_	_
272-9	PSB018	272	9	anche	anche	_	_	_	_	_	linguistic	_	yes	_	_	_	_	_	_
272-10	PSB018	272	10	internet	internet	_	_	_	_	_	linguistic	_	yes	_	_	_	_	_	_
272-11	PSB018	272	11	quando	quando	_	_	_	_	_	linguistic	_	yes	_	_	_	_	_	_
272-12	PSB018	272	12	io	io	_	_	_	_	_	linguistic	_	yes	_	_	_	_	_	_
272-13	PSB018	272	13	era	era	_	_	_	_	_	linguistic	_	yes	_	_	_	_	_	_
272-14	PSB018	272	14	la	la	_	_	_	_	_	linguistic	_	yes	_	_	_	_	_	_
272-15	PSB018	272	15	studentessa	studentessa	_	_	_	_	_	linguistic	_	yes	_	_	_	_	_	_
272-16	PSB018	272	16	il	il	_	_	_	_	_	linguistic	_	yes	_	_	_	_	_	_
272-17	PSB018	272	17	mio	mio	_	_	_	_	_	linguistic	_	yes	_	_	_	_	_	_
272-18	PSB018	272	18	#source	source	_	_	_	_	_	linguistic	_	yes	Language=NO_ISO_CODE|Variation=Token	_	_	_	_	_
272-19	PSB018	272	19	era	era	_	_	_	_	_	linguistic	_	yes	_	_	_	_	_	_
272-20	PSB018	272	20	solo	solo	_	_	_	_	_	linguistic	_	yes	_	_	_	_	_	_
272-21	PSB018	272	21	traduttore	traduttore	_	_	_	_	_	linguistic	_	yes	_	_	_	_	_	_
272-22	PSB018	272	22	questi	questi	_	_	_	_	_	linguistic	_	yes	_	_	_	_	_	_
272-23	PSB018	272	23	libri	libri	_	_	_	_	_	linguistic	_	yes	_	End=945.222	_	_	_	_
273-0	PSB005	273	0	[sì	sì	_	_	_	_	_	linguistic	_	none	_	Begin=934.537	_	_	_	0-2(83)
273-1	PSB005	273	1	sì	sì	_	_	_	_	_	linguistic	_	none	_	_	_	_	_	0-2(83)
273-2	PSB005	273	2	sì]	sì	_	_	_	_	_	linguistic	_	none	_	End=935.293	_	_	_	0-2(83)
274-0	PSB005	274	0	certo	certo	_	_	_	_	_	linguistic	_	none	_	Begin=945.278	_	_	_	_
274-1	PSB005	274	1	sì	sì	_	_	_	_	_	linguistic	_	none	_	End=946.095	_	_	_	_
275-0	PSB018	275	0	il	il	_	_	_	_	_	linguistic	_	none	_	Begin=946.241	_	_	_	_
275-1	PSB018	275	1	[libro]	libro	_	_	_	_	_	linguistic	_	none	_	_	_	_	_	0-5(84)
275-2	PSB018	275	2	dal	dal	_	_	_	_	_	linguistic	_	none	_	_	_	_	_	_
275-3	PSB018	275	3	oxford	oxford	_	_	_	_	_	linguistic	_	none	_	_	_	_	_	_
275-4	PSB018	275	4	era:	era	_	_	_	_	_	linguistic	_	none	_	_	2x1	_	_	_
275-5	PSB018	275	5	un:	un	_	_	_	_	_	linguistic	_	none	_	_	1x1	_	_	_
275-6	PSB018	275	6	sogno	sogno	_	_	_	_	_	linguistic	_	none	_	End=952.018	_	_	_	_
276-0	PSB005	276	0	[mh]	mh	_	_	_	_	_	linguistic	_	none	_	Begin=946.722|End=947.148	_	_	_	0-2(84)
277-0	PSB005	277	0	((ride))	((ride))	_	_	_	_	_	nonverbalbehavior	_	none	_	Begin=951.518|End=952.648	_	_	_	_
278-0	PSB018	278	0	e	e	_	_	_	_	_	linguistic	_	none	_	Begin=953.018	_	_	_	_
278-1	PSB018	278	1	dopo	dopo	_	_	_	_	_	linguistic	_	none	_	_	_	_	_	_
278-2	PSB018	278	2	quando:	quando	_	_	_	_	_	linguistic	_	none	_	_	5x1	_	_	_
278-3	PSB018	278	3	i:	i	_	_	_	_	_	linguistic	_	none	_	_	0x1	_	_	_
278-4	PSB018	278	4	mhn	mhn	_	_	_	_	_	linguistic	_	none	_	End=956.167	_	_	_	_
279-0	PSB018	279	0	l~	l~	_	_	_	_	_	linguistic	_	none	Interrupted=Yes	Begin=956.926	_	_	_	_
279-1	PSB018	279	1	l'	l'	_	_	_	_	_	linguistic	_	none	SpaceAfter=No	_	_	_	_	_
279-2	PSB018	279	2	ultimi:	ultimi	_	_	_	_	_	linguistic	_	none	_	_	5x1	_	_	_
279-3	PSB018	279	3	corse	corse	_	_	_	_	_	linguistic	_	none	_	_	_	_	_	_
279-4	PSB018	279	4	l'	l'	_	_	_	_	_	linguistic	_	none	SpaceAfter=No	_	_	_	_	_
279-5	PSB018	279	5	ultime:	ultime	_	_	_	_	_	linguistic	_	none	_	_	5x1	_	_	_
279-6	PSB018	279	6	a:nni	anni	_	_	_	_	_	linguistic	_	none	_	_	0x1	_	_	_
279-7	PSB018	279	7	l'	l'	_	_	_	_	_	linguistic	_	none	SpaceAfter=No	_	_	_	_	_
279-8	PSB018	279	8	ultime	ultime	_	_	_	_	_	linguistic	_	none	_	_	_	_	_	_
279-9	PSB018	279	9	anni	anni	_	_	_	_	_	linguistic	_	none	_	_	_	_	_	_
279-10	PSB018	279	10	ahm	ahm	_	_	_	_	_	linguistic	_	none	_	End=963.667	_	_	_	_
280-0	PSB018	280	0	noi	noi	_	_	_	_	_	linguistic	_	none	_	Begin=964.518	_	_	_	_
280-1	PSB018	280	1	abbiamo	abbiamo	_	_	_	_	_	linguistic	_	none	_	_	_	_	_	_
280-2	PSB018	280	2	usato	usato	_	_	_	_	_	linguistic	_	none	_	_	_	_	_	_
280-3	PSB018	280	3	internet	internet	_	_	_	_	_	linguistic	_	none	PauseAfter=Yes	_	_	_	_	_
280-4	PSB018	280	4	(.)	(.)	_	_	_	_	_	shortpause	_	none	_	_	_	_	_	_
280-5	PSB018	280	5	ma:	ma	_	_	_	_	_	linguistic	_	none	_	End=968.833	1x1	_	_	_
281-0	PSB018	281	0	allora	allora	_	_	_	_	_	linguistic	_	yes	_	Begin=970.148	_	_	_	_
281-1	PSB018	281	1	anche	anche	_	_	_	_	_	linguistic	_	yes	_	_	_	_	_	_
281-2	PSB018	281	2	lì	lì	_	_	_	_	_	linguistic	_	yes	_	_	_	_	_	_
281-3	PSB018	281	3	per	per	_	_	_	_	_	linguistic	_	yes	_	_	_	_	_	_
281-4	PSB018	281	4	usare:	usare	_	_	_	_	_	linguistic	_	yes	_	_	4x1	_	_	_
281-5	PSB018	281	5	il	il	_	_	_	_	_	linguistic	_	yes	_	_	_	_	_	_
281-6	PSB018	281	6	$cabinetto	cabinetto	_	_	_	_	_	linguistic	_	yes	Orthography=Yes|Variation=Emerging	_	_	_	_	_
281-7	PSB018	281	7	con	con	_	_	_	_	_	linguistic	_	yes	_	_	_	_	_	_
281-8	PSB018	281	8	internet	internet	_	_	_	_	_	linguistic	_	yes	_	_	_	_	_	_
281-9	PSB018	281	9	e	e	_	_	_	_	_	linguistic	_	yes	_	_	_	_	_	_
281-10	PSB018	281	10	computer	computer	_	_	_	_	_	linguistic	_	yes	_	_	_	_	_	_
281-11	PSB018	281	11	devo	devo	_	_	_	_	_	linguistic	_	yes	_	_	_	_	_	_
281-12	PSB018	281	12	fare	fare	_	_	_	_	_	linguistic	_	yes	_	_	_	_	_	_
281-13	PSB018	281	13	un	un	_	_	_	_	_	linguistic	_	yes	_	_	_	_	_	_
281-14	PSB018	281	14	appunta[me:nto]	appuntamento	_	_	_	_	_	linguistic	_	yes	_	_	8x1	_	_	7-12(86)
281-15	PSB018	281	15	per	per	_	_	_	_	_	linguistic	_	yes	_	_	_	_	_	_
281-16	PSB018	281	16	futu:ro	futuro	_	_	_	_	_	linguistic	_	yes	_	_	3x1	_	_	_
281-17	PSB018	281	17	per	per	_	_	_	_	_	linguistic	_	yes	_	_	_	_	_	_
281-18	PSB018	281	18	usare	usare	_	_	_	_	_	linguistic	_	yes	_	_	_	_	_	_
281-19	PSB018	281	19	perché	perché	_	_	_	_	_	linguistic	_	yes	_	_	_	_	_	_
281-20	PSB018	281	20	tua	tua	_	_	_	_	_	linguistic	_	yes	_	_	_	_	_	_
281-21	PSB018	281	21	tu	tu	_	_	_	_	_	linguistic	_	yes	_	_	_	_	_	_
281-22	PSB018	281	22	sei	sei	_	_	_	_	_	linguistic	_	yes	_	_	_	_	_	_
281-23	PSB018	281	23	ah	ah	_	_	_	_	_	linguistic	_	yes	_	_	_	_	_	_
281-24	PSB018	281	24	uno	uno	_	_	_	_	_	linguistic	_	yes	_	_	_	_	_	_
281-25	PSB018	281	25	$studento	studento	_	_	_	_	_	linguistic	_	yes	Orthography=Yes|Variation=Emerging	_	_	_	_	_
281-26	PSB018	281	26	non	non	_	_	_	_	_	linguistic	_	yes	_	_	_	_	_	_
281-27	PSB018	281	27	#of	of	_	_	_	_	_	linguistic	_	yes	Language=NO_ISO_CODE|Variation=Token	_	_	_	_	_
281-28	PSB018	281	28	#ai	ai	_	_	_	_	_	linguistic	_	yes	Language=NO_ISO_CODE|Variation=Token	_	_	_	_	_
281-29	PSB018	281	29	#ti	ti	_	_	_	_	_	linguistic	_	yes	Language=NO_ISO_CODE|Variation=Token	_	_	_	_	_
281-30	PSB018	281	30	o	o	_	_	_	_	_	linguistic	_	yes	_	_	_	_	_	_
281-31	PSB018	281	31	comp[uter	computer	_	_	_	_	_	linguistic	_	yes	_	_	_	_	_	4-8(87)
281-32	PSB018	281	32	ma]	ma	_	_	_	_	_	linguistic	_	yes	_	_	_	_	_	0-2(87)
281-33	PSB018	281	33	u[n	un	_	_	_	_	_	linguistic	_	yes	_	_	_	_	_	1-2(88)
281-34	PSB018	281	34	eh]	eh	_	_	_	_	_	linguistic	_	yes	_	_	_	_	_	0-2(88)
281-35	PSB018	281	35	eh	eh	_	_	_	_	_	linguistic	_	yes	_	_	_	_	_	_
281-36	PSB018	281	36	$studento	studento	_	_	_	_	_	linguistic	_	yes	Orthography=Yes|Variation=Emerging	_	_	_	_	_
281-37	PSB018	281	37	[di	di	_	_	_	_	_	linguistic	_	yes	_	_	_	_	_	0-2(89)
281-38	PSB018	281	38	ing]lese	inglese	_	_	_	_	_	linguistic	_	yes	_	End=992.493	_	_	_	0-3(89)
283-0	PSB005	283	0	[°mh	mh	_	_	_	_	_	linguistic	_	none	Volume=low	Begin=979.426	_	_	_	0-2(86)
283-1	PSB005	283	1	sì	sì	_	_	_	_	_	linguistic	_	none	Volume=low	_	_	_	_	0-2(86)
283-2	PSB005	283	2	sì	sì	_	_	_	_	_	linguistic	_	none	Volume=low	_	_	_	_	0-2(86)
283-3	PSB005	283	3	sì°]	sì	_	_	_	_	_	linguistic	_	none	Volume=low	End=980.662	_	_	_	0-2(86)
284-0	PSB005	284	0	[certo	certo	_	_	_	_	_	linguistic	_	none	_	Begin=988.63	_	_	_	0-5(87)
284-1	PSB005	284	1	sì]	sì	_	_	_	_	_	linguistic	_	none	_	End=989.697	_	_	_	0-2(87)
285-0	PSB005	285	0	[°certo°]	certo	_	_	_	_	_	linguistic	_	none	Volume=low	Begin=990.093|End=990.518	_	_	_	0-5(88)
286-0	PSB005	286	0	[mhmh]	mhmh	_	_	_	_	_	linguistic	_	none	_	Begin=991.167|End=991.667	_	_	_	0-4(89)
287-0	PSB005	287	0	mhmh	mhmh	_	_	_	_	_	linguistic	_	none	_	Begin=993.167|End=993.63	_	_	_	_
288-0	PSB018	288	0	allora	allora	_	_	_	_	_	linguistic	_	none	_	Begin=993.741|End=994.518	_	_	_	_
289-0	PSB018	289	0	eh	eh	_	_	_	_	_	linguistic	_	none	_	Begin=995.148	_	_	_	_
289-1	PSB018	289	1	anche	anche	_	_	_	_	_	linguistic	_	none	_	_	_	_	_	_
289-2	PSB018	289	2	<questo>	questo	_	_	_	_	_	linguistic	_	none	_	_	_	Slow=0-6(0)	_	_
289-3	PSB018	289	3	è	è	_	_	_	_	_	linguistic	_	none	_	_	_	_	_	_
289-4	PSB018	289	4	una	una	_	_	_	_	_	linguistic	_	none	_	_	_	_	_	_
289-5	PSB018	289	5	differenza	differenza	_	_	_	_	_	linguistic	_	none	_	End=999.352	_	_	_	_
290-0	PSB018	290	0	da	da	_	_	_	_	_	linguistic	_	none	_	Begin=999.815	_	_	_	_
290-1	PSB018	290	1	<quella:>	quella	_	_	_	_	_	linguistic	_	none	_	_	5x1	Slow=0-6(0)	_	_
290-2	PSB018	290	2	da	da	_	_	_	_	_	linguistic	_	none	_	_	_	_	_	_
290-3	PSB018	290	3	quel	quel	_	_	_	_	_	linguistic	_	none	_	_	_	_	_	_
290-4	PSB018	290	4	periodo	periodo	_	_	_	_	_	linguistic	_	none	_	_	_	_	_	_
290-5	PSB018	290	5	e[:]	e	_	_	_	_	_	linguistic	_	none	_	End=1004.093	0x1	_	_	_
291-0	PSB005	291	0	[sì	sì	_	_	_	_	_	linguistic	_	none	_	Begin=1003.648	_	_	_	0-2(90)
291-1	PSB005	291	1	sì]	sì	_	_	_	_	_	linguistic	_	none	_	End=1004.167	_	_	_	0-2(90)
292-0	PSB018	292	0	ehm	ehm	_	_	_	_	_	linguistic	_	none	_	Begin=1004.389	_	_	_	_
292-1	PSB018	292	1	di	di	_	_	_	_	_	linguistic	_	none	_	_	_	_	_	_
292-2	PSB018	292	2	prese~	prese~	_	_	_	_	_	linguistic	_	none	Interrupted=Yes	_	_	_	_	_
292-3	PSB018	292	3	eh	eh	_	_	_	_	_	linguistic	_	none	_	_	_	_	_	_
292-4	PSB018	292	4	°prese~°	prese~	_	_	_	_	_	linguistic	_	none	Interrupted=Yes|Volume=low	End=1006.87	_	_	_	_
293-0	PSB018	293	0	[pre]	pre	_	_	_	_	_	linguistic	_	none	_	Begin=1007.352|End=1007.741	_	_	_	0-3(91)
294-0	PSB005	294	0	[prese]nte	presente	_	_	_	_	_	linguistic	_	none	_	Begin=1007.389|End=1008.019	_	_	_	0-5(91)
295-0	PSB018	295	0	mhmh	mhmh	_	_	_	_	_	linguistic	_	none	_	Begin=1008.148|End=1008.841	_	_	_	_
296-0	PSB005	296	0	ma	ma	_	_	_	_	_	linguistic	_	none	_	Begin=1008.981	_	_	_	_
296-1	PSB005	296	1	mh	mh	_	_	_	_	_	linguistic	_	none	_	_	_	_	_	_
296-2	PSB005	296	2	io	io	_	_	_	_	_	linguistic	_	none	_	_	_	_	_	_
296-3	PSB005	296	3	a	a	_	_	_	_	_	linguistic	_	none	_	_	_	_	_	_
296-4	PSB005	296	4	me	me	_	_	_	_	_	linguistic	_	none	_	_	_	_	_	_
296-5	PSB005	296	5	sembra	sembra	_	_	_	_	_	linguistic	_	none	_	_	_	_	_	_
296-6	PSB005	296	6	che	che	_	_	_	_	_	linguistic	_	none	_	_	_	_	_	_
296-7	PSB005	296	7	mh	mh	_	_	_	_	_	linguistic	_	none	PauseAfter=Yes	_	_	_	_	_
296-8	PSB005	296	8	(.)	(.)	_	_	_	_	_	shortpause	_	none	_	_	_	_	_	_
296-9	PSB005	296	9	anche	anche	_	_	_	_	_	linguistic	_	none	_	_	_	_	_	_
296-10	PSB005	296	10	in	in	_	_	_	_	_	linguistic	_	none	_	_	_	_	_	_
296-11	PSB005	296	11	italia	italia	_	_	_	_	_	linguistic	_	none	_	_	_	_	_	_
296-12	PSB005	296	12	è	è	_	_	_	_	_	linguistic	_	none	_	_	_	_	_	_
296-13	PSB005	296	13	la	la	_	_	_	_	_	linguistic	_	none	_	_	_	_	_	_
296-14	PSB005	296	14	stessa	stessa	_	_	_	_	_	linguistic	_	none	_	_	_	_	_	_
296-15	PSB005	296	15	cosa	cosa	_	_	_	_	_	linguistic	_	none	_	End=1014.296	_	_	_	_
297-0	PSB018	297	0	sì	sì	_	_	_	_	_	linguistic	_	none	_	Begin=1014.63	_	_	_	_
297-1	PSB018	297	1	eh	eh	_	_	_	_	_	linguistic	_	none	_	_	_	_	_	_
297-2	PSB018	297	2	se	se	_	_	_	_	_	linguistic	_	none	_	_	_	_	_	_
297-3	PSB018	297	3	noi	noi	_	_	_	_	_	linguistic	_	none	_	_	_	_	_	_
297-4	PSB018	297	4	e:h	eh	_	_	_	_	_	linguistic	_	none	PauseAfter=Yes	_	0x1	_	_	_
297-5	PSB018	297	5	(.)	(.)	_	_	_	_	_	shortpause	_	none	_	_	_	_	_	_
297-6	PSB018	297	6	viviamo	viviamo	_	_	_	_	_	linguistic	_	none	_	_	_	_	_	_
297-7	PSB018	297	7	in	in	_	_	_	_	_	linguistic	_	none	_	_	_	_	_	_
297-8	PSB018	297	8	tedesca,	tedesca	_	_	_	_	_	linguistic	_	none	Intonation=WeaklyRising	_	_	_	_	_
297-9	PSB018	297	9	troviamo	troviamo	_	_	_	_	_	linguistic	_	none	_	_	_	_	_	_
297-10	PSB018	297	10	qualche	qualche	_	_	_	_	_	linguistic	_	none	_	_	_	_	_	_
297-11	PSB018	297	11	problem[i	problemi	_	_	_	_	_	linguistic	_	none	PauseAfter=Yes	_	_	_	_	7-8(92)
297-12	PSB018	297	12	(.)	(.)	_	_	_	_	_	shortpause	_	none	_	_	_	_	_	X(92)
297-13	PSB018	297	13	in]	in	_	_	_	_	_	linguistic	_	none	_	_	_	_	_	0-2(92)
297-14	PSB018	297	14	norvegia	norvegia	_	_	_	_	_	linguistic	_	none	_	_	_	_	_	_
297-15	PSB018	297	15	anche	anche	_	_	_	_	_	linguistic	_	none	_	_	_	_	_	_
297-16	PSB018	297	16	lì	lì	_	_	_	_	_	linguistic	_	none	_	_	_	_	_	_
297-17	PSB018	297	17	anche	anche	_	_	_	_	_	linguistic	_	none	_	_	_	_	_	_
297-18	PSB018	297	18	qui	qui	_	_	_	_	_	linguistic	_	none	_	_	_	_	_	_
297-19	PSB018	297	19	in	in	_	_	_	_	_	linguistic	_	none	_	_	_	_	_	_
297-20	PSB018	297	20	america	america	_	_	_	_	_	linguistic	_	none	PauseAfter=Yes	_	_	_	_	_
297-21	PSB018	297	21	(.)	(.)	_	_	_	_	_	shortpause	_	none	_	_	_	_	_	_
297-22	PSB018	297	22	eh	eh	_	_	_	_	_	linguistic	_	none	_	_	_	_	_	_
297-23	PSB018	297	23	sì	sì	_	_	_	_	_	linguistic	_	none	_	_	_	_	_	_
297-24	PSB018	297	24	<tutto>	tutto	_	_	_	_	_	linguistic	_	none	_	_	_	Slow=0-5(0)	_	_
297-25	PSB018	297	25	è	è	_	_	_	_	_	linguistic	_	none	_	_	_	_	_	_
297-26	PSB018	297	26	diverso	diverso	_	_	_	_	_	linguistic	_	none	_	End=1027.852	_	_	_	_
298-0	PSB005	298	0	[mhmh]	mhmh	_	_	_	_	_	linguistic	_	none	_	Begin=1020.833|End=1021.521	_	_	_	0-4(92)
299-0	PSB018	299	0	ma:	ma	_	_	_	_	_	linguistic	_	none	_	Begin=1028.5	1x1	_	_	_
299-1	PSB018	299	1	adesso,	adesso	_	_	_	_	_	linguistic	_	none	Intonation=WeaklyRising|PauseAfter=Yes	_	_	_	_	_
299-2	PSB018	299	2	(.)	(.)	_	_	_	_	_	shortpause	_	none	_	_	_	_	_	_
299-3	PSB018	299	3	i	i	_	_	_	_	_	linguistic	_	none	_	_	_	_	_	_
299-4	PSB018	299	4	student~	student~	_	_	_	_	_	linguistic	_	none	Interrupted=Yes	_	_	_	_	_
299-5	PSB018	299	5	gli	gli	_	_	_	_	_	linguistic	_	none	_	_	_	_	_	_
299-6	PSB018	299	6	studenti	studenti	_	_	_	_	_	linguistic	_	none	_	_	_	_	_	_
299-7	PSB018	299	7	<hanno	hanno	_	_	_	_	_	linguistic	_	none	_	_	_	Slow=0-5(0)	_	_
299-8	PSB018	299	8	grande	grande	_	_	_	_	_	linguistic	_	none	_	_	_	Slow=0-6(0)	_	_
299-9	PSB018	299	9	possibili->	possibili-	_	_	_	_	_	linguistic	_	none	Interrupted=Yes	End=1034.981	_	Slow=0-10(0)	_	_
300-0	PSB018	300	0	°tante	tante	_	_	_	_	_	linguistic	_	yes	Volume=low	Begin=1035.741	_	_	_	_
300-1	PSB018	300	1	possibilità	possibilità	_	_	_	_	_	linguistic	_	yes	Volume=low	_	_	_	_	_
300-2	PSB018	300	2	per°	per	_	_	_	_	_	linguistic	_	yes	Volume=low	_	_	_	_	_
300-3	PSB018	300	3	cerca:re	cercare	_	_	_	_	_	linguistic	_	yes	_	_	4x1	_	_	_
300-4	PSB018	300	4	usa:re	usare	_	_	_	_	_	linguistic	_	yes	_	_	2x1	_	_	_
300-5	PSB018	300	5	#*informazia	informazia	_	_	_	_	_	linguistic	_	yes	Language=NO_ISO_CODE|Variation=Doubtful	_	_	_	_	_
300-6	PSB018	300	6	#endless	endless	_	_	_	_	_	linguistic	_	yes	Language=NO_ISO_CODE|Variation=Token	End=1042.185	_	_	_	_
302-0	PSB005	302	0	[mhmh]	mhmh	_	_	_	_	_	linguistic	_	none	_	Begin=1037.13|End=1037.63	_	_	_	0-4(93)
303-0	PSB005	303	0	sì	sì	_	_	_	_	_	linguistic	_	none	_	Begin=1042.426	_	_	_	_
303-1	PSB005	303	1	sì	sì	_	_	_	_	_	linguistic	_	none	_	_	_	_	_	_
303-2	PSB005	303	2	s[ì]	sì	_	_	_	_	_	linguistic	_	none	_	End=1043.148	_	_	_	1-2(94)
304-0	PSB018	304	0	[a]nche	anche	_	_	_	_	_	linguistic	_	none	_	Begin=1043.074	_	_	_	0-1(94)
304-1	PSB018	304	1	eh	eh	_	_	_	_	_	linguistic	_	none	_	_	_	_	_	_
304-2	PSB018	304	2	immagino	immagino	_	_	_	_	_	linguistic	_	none	_	_	_	_	_	_
304-3	PSB018	304	3	e:hm	ehm	_	_	_	_	_	linguistic	_	none	PauseAfter=Yes	_	0x1	_	_	_
304-4	PSB018	304	4	(.)	(.)	_	_	_	_	_	shortpause	_	none	_	_	_	_	_	_
304-5	PSB018	304	5	io	io	_	_	_	_	_	linguistic	_	none	_	_	_	_	_	_
304-6	PSB018	304	6	era	era	_	_	_	_	_	linguistic	_	none	_	_	_	_	_	_
304-7	PSB018	304	7	e~	e~	_	_	_	_	_	linguistic	_	none	Interrupted=Yes	_	_	_	_	_
304-8	PSB018	304	8	eh	eh	_	_	_	_	_	linguistic	_	none	_	_	_	_	_	_
304-9	PSB018	304	9	s:ono	sono	_	_	_	_	_	linguistic	_	none	_	_	0x1	_	_	_
304-10	PSB018	304	10	appassionata	appassionata	_	_	_	_	_	linguistic	_	none	_	_	_	_	_	_
304-11	PSB018	304	11	con:	con	_	_	_	_	_	linguistic	_	none	_	_	2x1	_	_	_
304-12	PSB018	304	12	e:hm	ehm	_	_	_	_	_	linguistic	_	none	_	_	0x1	_	_	_
304-13	PSB018	304	13	con:	con	_	_	_	_	_	linguistic	_	none	_	_	2x1	_	_	_
304-14	PSB018	304	14	jane	jane	_	_	_	_	_	linguistic	_	none	_	_	_	_	_	_
304-15	PSB018	304	15	austen	austen	_	_	_	_	_	linguistic	_	none	_	End=1053.037	_	_	_	_
305-0	PSB005	305	0	mhmh	mhmh	_	_	_	_	_	linguistic	_	none	_	Begin=1053.037|End=1053.444	_	_	_	_
306-0	PSB018	306	0	e	e	_	_	_	_	_	linguistic	_	none	_	Begin=1053.815	_	_	_	_
306-1	PSB018	306	1	per	per	_	_	_	_	_	linguistic	_	none	_	_	_	_	_	_
306-2	PSB018	306	2	leggere	leggere	_	_	_	_	_	linguistic	_	none	_	_	_	_	_	_
306-3	PSB018	306	3	i	i	_	_	_	_	_	linguistic	_	none	_	_	_	_	_	_
306-4	PSB018	306	4	suoi:	suoi	_	_	_	_	_	linguistic	_	none	_	End=1057.259	3x1	_	_	_
307-0	PSB018	307	0	lavori	lavori	_	_	_	_	_	linguistic	_	none	_	Begin=1058.204|End=1059.296	_	_	_	_
308-0	PSB018	308	0	in	in	_	_	_	_	_	linguistic	_	none	_	Begin=1060.074	_	_	_	_
308-1	PSB018	308	1	originale	originale	_	_	_	_	_	linguistic	_	none	_	_	_	_	_	_
308-2	PSB018	308	2	per	per	_	_	_	_	_	linguistic	_	none	_	_	_	_	_	_
308-3	PSB018	308	3	trovare	trovare	_	_	_	_	_	linguistic	_	none	_	_	_	_	_	_
308-4	PSB018	308	4	qualcosa	qualcosa	_	_	_	_	_	linguistic	_	none	_	_	_	_	_	_
308-5	PSB018	308	5	no	no	_	_	_	_	_	linguistic	_	none	_	_	_	_	_	_
308-6	PSB018	308	6	adattare	adattare	_	_	_	_	_	linguistic	_	none	_	End=1063.278	_	_	_	_
309-0	PSB005	309	0	mhmh	mhmh	_	_	_	_	_	linguistic	_	none	_	Begin=1063.278|End=1063.759	_	_	_	_
310-0	PSB018	310	0	erano	erano	_	_	_	_	_	linguistic	_	none	_	Begin=1064.222|End=1064.821	_	_	_	_
311-0	PSB018	311	0	non	non	_	_	_	_	_	linguistic	_	none	_	Begin=1066.111	_	_	_	_
311-1	PSB018	311	1	possibile	possibile	_	_	_	_	_	linguistic	_	none	_	End=1067.093	_	_	_	_
312-0	PSB005	312	0	sì	sì	_	_	_	_	_	linguistic	_	none	_	Begin=1067.111	_	_	_	_
312-1	PSB005	312	1	sì	sì	_	_	_	_	_	linguistic	_	none	_	_	_	_	_	_
312-2	PSB005	312	2	sì	sì	_	_	_	_	_	linguistic	_	none	_	End=1067.741	_	_	_	_
313-0	PSB018	313	0	ma	ma	_	_	_	_	_	linguistic	_	none	_	Begin=1068.204	_	_	_	_
313-1	PSB018	313	1	adesso	adesso	_	_	_	_	_	linguistic	_	none	_	End=1069.33	_	_	_	_
314-0	PSB018	314	0	tu	tu	_	_	_	_	_	linguistic	_	yes	_	Begin=1070.056	_	_	_	_
314-1	PSB018	314	1	puoi	puoi	_	_	_	_	_	linguistic	_	yes	_	_	_	_	_	_
314-2	PSB018	314	2	compra:re	comprare	_	_	_	_	_	linguistic	_	yes	_	_	5x1	_	_	_
314-3	PSB018	314	3	eh	eh	_	_	_	_	_	linguistic	_	yes	_	_	_	_	_	_
314-4	PSB018	314	4	trova:re	trovare	_	_	_	_	_	linguistic	_	yes	_	_	4x1	_	_	_
314-5	PSB018	314	5	libro	libro	_	_	_	_	_	linguistic	_	yes	_	_	_	_	_	_
314-6	PSB018	314	6	e:h	eh	_	_	_	_	_	linguistic	_	yes	_	_	0x1	_	_	_
314-7	PSB018	314	7	online	online	_	_	_	_	_	linguistic	_	yes	_	_	_	_	_	_
314-8	PSB018	314	8	e:h	eh	_	_	_	_	_	linguistic	_	yes	_	_	0x1	_	_	_
314-9	PSB018	314	9	o	o	_	_	_	_	_	linguistic	_	yes	_	_	_	_	_	_
314-10	PSB018	314	10	#audio	audio	_	_	_	_	_	linguistic	_	yes	Language=NO_ISO_CODE|Variation=Token	_	_	_	_	_
314-11	PSB018	314	11	libro	libro	_	_	_	_	_	linguistic	_	yes	_	_	_	_	_	_
314-12	PSB018	314	12	audiolibro	audiolibro	_	_	_	_	_	linguistic	_	yes	_	End=1080.852	_	_	_	_
315-0	PSB018	315	0	ci	ci	_	_	_	_	_	linguistic	_	none	_	Begin=1081.556	_	_	_	_
315-1	PSB018	315	1	sono	sono	_	_	_	_	_	linguistic	_	none	_	_	_	_	_	_
315-2	PSB018	315	2	tante	tante	_	_	_	_	_	linguistic	_	none	_	_	_	_	_	_
315-3	PSB018	315	3	possibilità	possibilità	_	_	_	_	_	linguistic	_	none	_	_	_	_	_	_
315-4	PSB018	315	4	l'	l'	_	_	_	_	_	linguistic	_	none	SpaceAfter=No	_	_	_	_	_
315-5	PSB018	315	5	unica	unica	_	_	_	_	_	linguistic	_	none	_	_	_	_	_	_
315-6	PSB018	315	6	cosa	cosa	_	_	_	_	_	linguistic	_	none	_	_	_	_	_	_
315-7	PSB018	315	7	tu:	tu	_	_	_	_	_	linguistic	_	none	_	_	1x1	_	_	_
315-8	PSB018	315	8	devo:	devo	_	_	_	_	_	linguistic	_	none	_	End=1086.352	3x1	_	_	_
316-0	PSB018	316	0	avere	avere	_	_	_	_	_	linguistic	_	none	_	Begin=1086.685	_	_	_	_
316-1	PSB018	316	1	e:h	eh	_	_	_	_	_	linguistic	_	none	_	_	0x1	_	_	_
316-2	PSB018	316	2	un	un	_	_	_	_	_	linguistic	_	none	_	_	_	_	_	_
316-3	PSB018	316	3	grande	grande	_	_	_	_	_	linguistic	_	none	_	_	_	_	_	_
316-4	PSB018	316	4	desideri[o	desiderio	_	_	_	_	_	linguistic	_	none	_	_	_	_	_	8-9(95)
316-5	PSB018	316	5	°per	per	_	_	_	_	_	linguistic	_	none	Volume=low	_	_	_	_	0-3(95)
316-6	PSB018	316	6	fare	fare	_	_	_	_	_	linguistic	_	none	Volume=low	_	_	_	_	0-4(95)
316-7	PSB018	316	7	quello°]	quello	_	_	_	_	_	linguistic	_	none	Volume=low	End=1091.167	_	_	_	0-6(95)
317-0	PSB005	317	0	[sì	sì	_	_	_	_	_	linguistic	_	none	_	Begin=1089.759	_	_	_	0-2(95)
317-1	PSB005	317	1	sì]	sì	_	_	_	_	_	linguistic	_	none	PauseAfter=Yes	_	_	_	_	0-2(95)
317-2	PSB005	317	2	(.)	(.)	_	_	_	_	_	shortpause	_	none	_	_	_	_	_	_
317-3	PSB005	317	3	certo	certo	_	_	_	_	_	linguistic	_	none	_	_	_	_	_	_
317-4	PSB005	317	4	sì	sì	_	_	_	_	_	linguistic	_	none	_	_	_	_	_	_
317-5	PSB005	317	5	ma	ma	_	_	_	_	_	linguistic	_	none	_	_	_	_	_	_
317-6	PSB005	317	6	io	io	_	_	_	_	_	linguistic	_	none	_	_	_	_	_	_
317-7	PSB005	317	7	l'	l'	_	_	_	_	_	linguistic	_	none	SpaceAfter=No	_	_	_	_	_
317-8	PSB005	317	8	ho	ho	_	_	_	_	_	linguistic	_	none	_	_	_	_	_	_
317-9	PSB005	317	9	visto	visto	_	_	_	_	_	linguistic	_	none	_	_	_	_	_	_
317-10	PSB005	317	10	con	con	_	_	_	_	_	linguistic	_	none	_	_	_	_	_	_
317-11	PSB005	317	11	m:h	mh	_	_	_	_	_	linguistic	_	none	_	_	0x1	_	_	_
317-12	PSB005	317	12	mia	mia	_	_	_	_	_	linguistic	_	none	_	_	_	_	_	_
317-13	PSB005	317	13	s~	s~	_	_	_	_	_	linguistic	_	none	Interrupted=Yes	_	_	_	_	_
317-14	PSB005	317	14	io	io	_	_	_	_	_	linguistic	_	none	_	_	_	_	_	_
317-15	PSB005	317	15	ho	ho	_	_	_	_	_	linguistic	_	none	_	_	_	_	_	_
317-16	PSB005	317	16	una	una	_	_	_	_	_	linguistic	_	none	_	_	_	_	_	_
317-17	PSB005	317	17	sorella	sorella	_	_	_	_	_	linguistic	_	none	PauseAfter=Yes	_	_	_	_	_
317-18	PSB005	317	18	(.)	(.)	_	_	_	_	_	shortpause	_	none	_	_	_	_	_	_
317-19	PSB005	317	19	di	di	_	_	_	_	_	linguistic	_	none	_	_	_	_	_	_
317-20	PSB005	317	20	dieci	dieci	_	_	_	_	_	linguistic	_	none	_	_	_	_	_	_
317-21	PSB005	317	21	anni	anni	_	_	_	_	_	linguistic	_	none	_	_	_	_	_	_
317-22	PSB005	317	22	più	più	_	_	_	_	_	linguistic	_	none	_	_	_	_	_	_
317-23	PSB005	317	23	picc~	picc~	_	_	_	_	_	linguistic	_	none	Interrupted=Yes	_	_	_	_	_
317-24	PSB005	317	24	che	che	_	_	_	_	_	linguistic	_	none	_	_	_	_	_	_
317-25	PSB005	317	25	ha	ha	_	_	_	_	_	linguistic	_	none	_	_	_	_	_	_
317-26	PSB005	317	26	dieci	dieci	_	_	_	_	_	linguistic	_	none	_	_	_	_	_	_
317-27	PSB005	317	27	anni	anni	_	_	_	_	_	linguistic	_	none	_	_	_	_	_	_
317-28	PSB005	317	28	meno	meno	_	_	_	_	_	linguistic	_	none	_	_	_	_	_	_
317-29	PSB005	317	29	di	di	_	_	_	_	_	linguistic	_	none	_	_	_	_	_	_
317-30	PSB005	317	30	me	me	_	_	_	_	_	linguistic	_	none	_	End=1099.463	_	_	_	_
318-0	PSB018	318	0	mhmh	mhmh	_	_	_	_	_	linguistic	_	none	_	Begin=1099.502|End=1099.926	_	_	_	_
319-0	PSB005	319	0	e	e	_	_	_	_	_	linguistic	_	none	_	Begin=1100.63	_	_	_	_
319-1	PSB005	319	1	mh	mh	_	_	_	_	_	linguistic	_	none	_	End=1101.259	_	_	_	_
320-0	PSB005	320	0	le~	le~	_	_	_	_	_	linguistic	_	none	Interrupted=Yes	Begin=1102.63	_	_	_	_
320-1	PSB005	320	1	lei	lei	_	_	_	_	_	linguistic	_	none	_	_	_	_	_	_
320-2	PSB005	320	2	ha	ha	_	_	_	_	_	linguistic	_	none	_	_	_	_	_	_
320-3	PSB005	320	3	imparato	imparato	_	_	_	_	_	linguistic	_	none	_	_	_	_	_	_
320-4	PSB005	320	4	l'	l'	_	_	_	_	_	linguistic	_	none	SpaceAfter=No	_	_	_	_	_
320-5	PSB005	320	5	inglese:	inglese	_	_	_	_	_	linguistic	_	none	_	_	6x1	_	_	_
320-6	PSB005	320	6	così	così	_	_	_	_	_	linguistic	_	none	_	End=1105.352	_	_	_	_
321-0	PSB018	321	0	sì	sì	_	_	_	_	_	linguistic	_	yes	_	Begin=1105.611	_	_	_	_
321-1	PSB018	321	1	esatto	esatto	_	_	_	_	_	linguistic	_	yes	_	_	_	_	_	_
321-2	PSB018	321	2	[esatto]	esatto	_	_	_	_	_	linguistic	_	yes	_	_	_	_	_	0-6(96)
321-3	PSB018	321	3	perché	perché	_	_	_	_	_	linguistic	_	yes	_	_	_	_	_	_
321-4	PSB018	321	4	tante	tante	_	_	_	_	_	linguistic	_	yes	_	_	_	_	_	_
321-5	PSB018	321	5	#source	source	_	_	_	_	_	linguistic	_	yes	Language=NO_ISO_CODE|Variation=Token	End=1109.148	_	_	_	_
323-0	PSB005	323	0	((ride))	((ride))	_	_	_	_	_	nonverbalbehavior	_	none	_	Begin=1106.018	_	_	_	_
323-1	PSB005	323	1	[sì]	sì	_	_	_	_	_	linguistic	_	none	_	End=1107.463	_	_	_	0-2(96)
324-0	PSB005	324	0	sì	sì	_	_	_	_	_	linguistic	_	none	_	Begin=1109.259	_	_	_	_
324-1	PSB005	324	1	esatto	esatto	_	_	_	_	_	linguistic	_	none	_	_	_	_	_	_
324-2	PSB005	324	2	soprattutto	soprattutto	_	_	_	_	_	linguistic	_	none	_	_	_	_	_	_
324-3	PSB005	324	3	mi	mi	_	_	_	_	_	linguistic	_	none	_	_	_	_	_	_
324-4	PSB005	324	4	accorgo	accorgo	_	_	_	_	_	linguistic	_	none	_	_	_	_	_	_
324-5	PSB005	324	5	che	che	_	_	_	_	_	linguistic	_	none	_	_	_	_	_	_
324-6	PSB005	324	6	c'	c'	_	_	_	_	_	linguistic	_	none	SpaceAfter=No	_	_	_	_	_
324-7	PSB005	324	7	è	è	_	_	_	_	_	linguistic	_	none	_	_	_	_	_	_
324-8	PSB005	324	8	una	una	_	_	_	_	_	linguistic	_	none	_	_	_	_	_	_
324-9	PSB005	324	9	differenza	differenza	_	_	_	_	_	linguistic	_	none	_	_	_	_	_	_
324-10	PSB005	324	10	di:	di	_	_	_	_	_	linguistic	_	none	_	End=1113.87	1x1	_	_	_
325-0	PSB005	325	0	perché	perché	_	_	_	_	_	linguistic	_	none	_	Begin=1114.296	_	_	_	_
325-1	PSB005	325	1	io	io	_	_	_	_	_	linguistic	_	none	_	_	_	_	_	_
325-2	PSB005	325	2	parlavo	parlavo	_	_	_	_	_	linguistic	_	none	_	_	_	_	_	_
325-3	PSB005	325	3	abbastanza	abbastanza	_	_	_	_	_	linguistic	_	none	_	_	_	_	_	_
325-4	PSB005	325	4	bene	bene	_	_	_	_	_	linguistic	_	none	_	_	_	_	_	_
325-5	PSB005	325	5	ma	ma	_	_	_	_	_	linguistic	_	none	_	_	_	_	_	_
325-6	PSB005	325	6	non	non	_	_	_	_	_	linguistic	_	none	_	_	_	_	_	_
325-7	PSB005	325	7	capivo	capivo	_	_	_	_	_	linguistic	_	none	_	_	_	_	_	_
325-8	PSB005	325	8	niente	niente	_	_	_	_	_	linguistic	_	none	_	End=1117.444	_	_	_	_
326-0	PSB018	326	0	°ma	ma	_	_	_	_	_	linguistic	_	none	Volume=low	Begin=1118.259	_	_	_	_
326-1	PSB018	326	1	pe~	pe~	_	_	_	_	_	linguistic	_	none	Interrupted=Yes|Volume=low	_	_	_	_	_
326-2	PSB018	326	2	eh	eh	_	_	_	_	_	linguistic	_	none	Volume=low	_	_	_	_	_
326-3	PSB018	326	3	che	che	_	_	_	_	_	linguistic	_	none	Volume=low	_	_	_	_	_
326-4	PSB018	326	4	>capiv(a)	capiva	_	_	_	_	_	linguistic	_	none	Volume=low	_	_	Fast=0-6(0)	5-6(0)	_
326-5	PSB018	326	5	niente<	niente	_	_	_	_	_	linguistic	_	none	Volume=low	_	_	Fast=0-6(0)	_	_
326-6	PSB018	326	6	che	che	_	_	_	_	_	linguistic	_	none	Volume=low	_	_	_	_	_
326-7	PSB018	326	7	ingl[ese?°	inglese	_	_	_	_	_	linguistic	_	none	Intonation=Rising|Volume=low	_	_	_	_	4-7(98)
326-8	PSB018	326	8	AH	ah	_	_	_	_	_	linguistic	_	none	Volume=high	_	_	_	_	0-2(98)
326-9	PSB018	326	9	in]	in	_	_	_	_	_	linguistic	_	none	_	_	_	_	_	0-2(98)
326-10	PSB018	326	10	in	in	_	_	_	_	_	linguistic	_	none	_	_	_	_	_	_
326-11	PSB018	326	11	f~	f~	_	_	_	_	_	linguistic	_	none	Interrupted=Yes	_	_	_	_	_
326-12	PSB018	326	12	in	in	_	_	_	_	_	linguistic	_	none	_	_	_	_	_	_
326-13	PSB018	326	13	passa~	passa~	_	_	_	_	_	linguistic	_	none	Interrupted=Yes	_	_	_	_	_
326-14	PSB018	326	14	[passato]	passato	_	_	_	_	_	linguistic	_	none	_	End=1123.185	_	_	_	0-7(97)
327-0	PSB005	327	0	[in	in	_	_	_	_	_	linguistic	_	none	_	Begin=1120.296	_	_	_	0-2(98)
327-1	PSB005	327	1	inglese	inglese	_	_	_	_	_	linguistic	_	none	_	_	_	_	_	0-7(98)
327-2	PSB005	327	2	sì]	sì	_	_	_	_	_	linguistic	_	none	_	End=1121.5	_	_	_	0-2(98)
328-0	PSB005	328	0	[in	in	_	_	_	_	_	linguistic	_	none	_	Begin=1122.5	_	_	_	0-2(97)
328-1	PSB005	328	1	s]ì	sì	_	_	_	_	_	linguistic	_	none	_	_	_	_	_	0-1(97)
328-2	PSB005	328	2	perché	perché	_	_	_	_	_	linguistic	_	none	_	_	_	_	_	_
328-3	PSB005	328	3	quando:	quando	_	_	_	_	_	linguistic	_	none	_	_	5x1	_	_	_
328-4	PSB005	328	4	m:h	mh	_	_	_	_	_	linguistic	_	none	PauseAfter=Yes	_	0x1	_	_	_
328-5	PSB005	328	5	(.)	(.)	_	_	_	_	_	shortpause	_	none	_	_	_	_	_	_
328-6	PSB005	328	6	quando	quando	_	_	_	_	_	linguistic	_	none	_	_	_	_	_	_
328-7	PSB005	328	7	non	non	_	_	_	_	_	linguistic	_	none	_	_	_	_	_	_
328-8	PSB005	328	8	e~	e~	_	_	_	_	_	linguistic	_	none	Interrupted=Yes	_	_	_	_	_
328-9	PSB005	328	9	non	non	_	_	_	_	_	linguistic	_	none	_	_	_	_	_	_
328-10	PSB005	328	10	facevo	facevo	_	_	_	_	_	linguistic	_	none	_	_	_	_	_	_
328-11	PSB005	328	11	esercizio	esercizio	_	_	_	_	_	linguistic	_	none	_	_	_	_	_	_
328-12	PSB005	328	12	di:	di	_	_	_	_	_	linguistic	_	none	_	_	1x1	_	_	_
328-13	PSB005	328	13	ascolto	ascolto	_	_	_	_	_	linguistic	_	none	_	End=1128.055	_	_	_	_
329-0	PSB018	329	0	a:h	ah	_	_	_	_	_	linguistic	_	none	_	Begin=1128.185	0x1	_	_	_
329-1	PSB018	329	1	[okay]	okay	_	_	_	_	_	linguistic	_	none	_	End=1129.241	_	_	_	0-4(99)
330-0	PSB005	330	0	[era	era	_	_	_	_	_	linguistic	_	none	_	Begin=1128.5	_	_	_	0-3(99)
330-1	PSB005	330	1	difficile]	difficile	_	_	_	_	_	linguistic	_	none	_	_	_	_	_	0-9(99)
330-2	PSB005	330	2	fare	fare	_	_	_	_	_	linguistic	_	none	_	_	_	_	_	_
330-3	PSB005	330	3	esercizio	esercizio	_	_	_	_	_	linguistic	_	none	_	_	_	_	_	_
330-4	PSB005	330	4	[di	di	_	_	_	_	_	linguistic	_	none	_	_	_	_	_	0-2(100)
330-5	PSB005	330	5	ascol~]	ascol~	_	_	_	_	_	linguistic	_	none	Interrupted=Yes	End=1130.574	_	_	_	0-6(100)
331-0	PSB018	331	0	[e:h	eh	_	_	_	_	_	linguistic	_	yes	_	Begin=1129.944	0x1	_	_	0-2(100)
331-1	PSB018	331	1	sì]	sì	_	_	_	_	_	linguistic	_	yes	_	_	_	_	_	0-2(100)
331-2	PSB018	331	2	vero	vero	_	_	_	_	_	linguistic	_	yes	_	_	_	_	_	_
331-3	PSB018	331	3	eh	eh	_	_	_	_	_	linguistic	_	yes	_	_	_	_	_	_
331-4	PSB018	331	4	ascol~	ascol~	_	_	_	_	_	linguistic	_	yes	Interrupted=Yes	_	_	_	_	_
331-5	PSB018	331	5	perché:	perché	_	_	_	_	_	linguistic	_	yes	_	_	5x1	_	_	_
331-6	PSB018	331	6	come:	come	_	_	_	_	_	linguistic	_	yes	_	_	3x1	_	_	_
331-7	PSB018	331	7	noi:	noi	_	_	_	_	_	linguistic	_	yes	_	_	2x1	_	_	_
331-8	PSB018	331	8	sappiamo:	sappiamo	_	_	_	_	_	linguistic	_	yes	_	_	7x1	_	_	_
331-9	PSB018	331	9	ci	ci	_	_	_	_	_	linguistic	_	yes	_	_	_	_	_	_
331-10	PSB018	331	10	sono	sono	_	_	_	_	_	linguistic	_	yes	_	_	_	_	_	_
331-11	PSB018	331	11	quattro:	quattro	_	_	_	_	_	linguistic	_	yes	_	_	6x1	_	_	_
331-12	PSB018	331	12	#main	main	_	_	_	_	_	linguistic	_	yes	Language=NO_ISO_CODE|Variation=Token	_	_	_	_	_
331-13	PSB018	331	13	e:h	eh	_	_	_	_	_	linguistic	_	yes	_	_	0x1	_	_	_
331-14	PSB018	331	14	cose	cose	_	_	_	_	_	linguistic	_	yes	_	_	_	_	_	_
331-15	PSB018	331	15	[scri]vere	scrivere	_	_	_	_	_	linguistic	_	yes	_	_	_	_	_	0-4(101)
331-16	PSB018	331	16	eh	eh	_	_	_	_	_	linguistic	_	yes	_	_	_	_	_	_
331-17	PSB018	331	17	parlare	parlare	_	_	_	_	_	linguistic	_	yes	_	_	_	_	_	_
331-18	PSB018	331	18	e:h	eh	_	_	_	_	_	linguistic	_	yes	_	_	0x1	_	_	_
331-19	PSB018	331	19	ascoltare	ascoltare	_	_	_	_	_	linguistic	_	yes	_	_	_	_	_	_
331-20	PSB018	331	20	e?	e	_	_	_	_	_	linguistic	_	yes	Intonation=Rising	End=1145.034	_	_	_	_
333-0	PSB005	333	0	[mhmh]	mhmh	_	_	_	_	_	linguistic	_	none	_	Begin=1139.981|End=1140.426	_	_	_	0-4(101)
334-0	PSB018	334	0	e	e	_	_	_	_	_	linguistic	_	none	_	Begin=1145.593	_	_	_	_
334-1	PSB018	334	1	e	e	_	_	_	_	_	linguistic	_	none	_	_	_	_	_	_
334-2	PSB018	334	2	e	e	_	_	_	_	_	linguistic	_	none	_	End=1146.419	_	_	_	_
335-0	PSB005	335	0	leggere	leggere	_	_	_	_	_	linguistic	_	none	_	Begin=1146.444|End=1147.093	_	_	_	_
336-0	PSB018	336	0	leggere	leggere	_	_	_	_	_	linguistic	_	none	_	Begin=1147.315	_	_	_	_
336-1	PSB018	336	1	[sì	sì	_	_	_	_	_	linguistic	_	none	_	_	_	_	_	0-2(102)
336-2	PSB018	336	2	esa]tto	esatto	_	_	_	_	_	linguistic	_	none	_	_	_	_	_	0-3(102)
336-3	PSB018	336	3	e	e	_	_	_	_	_	linguistic	_	none	_	_	_	_	_	_
336-4	PSB018	336	4	leggere	leggere	_	_	_	_	_	linguistic	_	none	_	_	_	_	_	_
336-5	PSB018	336	5	e	e	_	_	_	_	_	linguistic	_	none	_	_	_	_	_	_
336-6	PSB018	336	6	ascoltare	ascoltare	_	_	_	_	_	linguistic	_	none	_	_	_	_	_	_
336-7	PSB018	336	7	è	è	_	_	_	_	_	linguistic	_	none	_	_	_	_	_	_
336-8	PSB018	336	8	una	una	_	_	_	_	_	linguistic	_	none	PauseAfter=Yes	_	_	_	_	_
336-9	PSB018	336	9	(.)	(.)	_	_	_	_	_	shortpause	_	none	_	_	_	_	_	_
336-10	PSB018	336	10	un	un	_	_	_	_	_	linguistic	_	none	_	_	_	_	_	_
336-11	PSB018	336	11	livello	livello	_	_	_	_	_	linguistic	_	none	_	End=1153.13	_	_	_	_
337-0	PSB005	337	0	[sì]	sì	_	_	_	_	_	linguistic	_	none	_	Begin=1147.778|End=1148.148	_	_	_	0-2(102)
338-0	PSB018	338	0	m:h	mh	_	_	_	_	_	linguistic	_	none	_	Begin=1153.981	0x1	_	_	_
338-1	PSB018	338	1	specifico	specifico	_	_	_	_	_	linguistic	_	none	_	End=1156.0835000000002	_	_	_	_
339-0	PSB005	339	0	sì	sì	_	_	_	_	_	linguistic	_	none	_	Begin=1156.0835000000002|End=1156.481	_	_	_	_
340-0	PSB018	340	0	a:h	ah	_	_	_	_	_	linguistic	_	none	_	Begin=1157.5	0x1	_	_	_
340-1	PSB018	340	1	perché	perché	_	_	_	_	_	linguistic	_	none	_	_	_	_	_	_
340-2	PSB018	340	2	il	il	_	_	_	_	_	linguistic	_	none	_	_	_	_	_	_
340-3	PSB018	340	3	tuo	tuo	_	_	_	_	_	linguistic	_	none	_	_	_	_	_	_
340-4	PSB018	340	4	orecchio:	orecchio	_	_	_	_	_	linguistic	_	none	_	End=1160.352	7x1	_	_	_
341-0	PSB018	341	0	#far	far	_	_	_	_	_	linguistic	_	yes	Language=NO_ISO_CODE|Variation=Token	Begin=1161.018	_	_	_	_
341-1	PSB018	341	1	#away	away	_	_	_	_	_	linguistic	_	yes	Language=NO_ISO_CODE|Variation=Token	_	_	_	_	_
341-2	PSB018	341	2	di:	di	_	_	_	_	_	linguistic	_	yes	_	_	1x1	_	_	_
341-3	PSB018	341	3	mh	mh	_	_	_	_	_	linguistic	_	yes	_	_	_	_	_	_
341-4	PSB018	341	4	della	della	_	_	_	_	_	linguistic	_	yes	_	_	_	_	_	_
341-5	PSB018	341	5	lingua	lingua	_	_	_	_	_	linguistic	_	yes	_	_	_	_	_	_
341-6	PSB018	341	6	straniera	straniera	_	_	_	_	_	linguistic	_	yes	_	End=1166.648	_	_	_	_
343-0	PSB018	343	0	ma	ma	_	_	_	_	_	linguistic	_	none	_	Begin=1167.667	_	_	_	_
343-1	PSB018	343	1	per	per	_	_	_	_	_	linguistic	_	none	_	_	_	_	_	_
343-2	PSB018	343	2	me	me	_	_	_	_	_	linguistic	_	none	_	_	_	_	_	_
343-3	PSB018	343	3	adesso	adesso	_	_	_	_	_	linguistic	_	none	_	_	_	_	_	_
343-4	PSB018	343	4	quando	quando	_	_	_	_	_	linguistic	_	none	_	_	_	_	_	_
343-5	PSB018	343	5	io	io	_	_	_	_	_	linguistic	_	none	_	_	_	_	_	_
343-6	PSB018	343	6	studio	studio	_	_	_	_	_	linguistic	_	none	_	End=1170.87	_	_	_	_
344-0	PSB018	344	0	italiano	italiano	_	_	_	_	_	linguistic	_	none	_	Begin=1171.87|End=1172.889	_	_	_	_
345-0	PSB018	345	0	forse	forse	_	_	_	_	_	linguistic	_	none	_	Begin=1173.981	_	_	_	_
345-1	PSB018	345	1	la	la	_	_	_	_	_	linguistic	_	none	_	_	_	_	_	_
345-2	PSB018	345	2	differenza	differenza	_	_	_	_	_	linguistic	_	none	_	_	_	_	_	_
345-3	PSB018	345	3	sì	sì	_	_	_	_	_	linguistic	_	none	_	_	_	_	_	_
345-4	PSB018	345	4	è	è	_	_	_	_	_	linguistic	_	none	_	_	_	_	_	_
345-5	PSB018	345	5	questo	questo	_	_	_	_	_	linguistic	_	none	_	_	_	_	_	_
345-6	PSB018	345	6	[no	no	_	_	_	_	_	linguistic	_	none	_	_	_	_	_	0-2(103)
345-7	PSB018	345	7	fo]rse	forse	_	_	_	_	_	linguistic	_	none	_	_	_	_	_	0-2(103)
345-8	PSB018	345	8	ma:	ma	_	_	_	_	_	linguistic	_	none	_	_	1x1	_	_	_
345-9	PSB018	345	9	e	e	_	_	_	_	_	linguistic	_	none	_	_	_	_	_	_
345-10	PSB018	345	10	questo	questo	_	_	_	_	_	linguistic	_	none	_	_	_	_	_	_
345-11	PSB018	345	11	[è:]	è	_	_	_	_	_	linguistic	_	none	_	_	0x1	_	_	0-1(104)
345-12	PSB018	345	12	eh	eh	_	_	_	_	_	linguistic	_	none	_	_	_	_	_	_
345-13	PSB018	345	13	realtà	realtà	_	_	_	_	_	linguistic	_	none	_	End=1179.963	_	_	_	_
346-0	PSB005	346	0	[°mhmh°]	mhmh	_	_	_	_	_	linguistic	_	none	Volume=low	Begin=1176.074|End=1176.537	_	_	_	0-4(103)
347-0	PSB005	347	0	[°sì°]	sì	_	_	_	_	_	linguistic	_	none	Volume=low	Begin=1178.278|End=1178.722	_	_	_	0-2(104)
348-0	PSB018	348	0	per	per	_	_	_	_	_	linguistic	_	none	_	Begin=1180.963	_	_	_	_
348-1	PSB018	348	1	vivere	vivere	_	_	_	_	_	linguistic	_	none	_	_	_	_	_	_
348-2	PSB018	348	2	in:	in	_	_	_	_	_	linguistic	_	none	_	_	1x1	_	_	_
348-3	PSB018	348	3	luogo	luogo	_	_	_	_	_	linguistic	_	none	_	_	_	_	_	_
348-4	PSB018	348	4	dove	dove	_	_	_	_	_	linguistic	_	none	_	_	_	_	_	_
348-5	PSB018	348	5	tutte:	tutte	_	_	_	_	_	linguistic	_	none	_	_	4x1	_	_	_
348-6	PSB018	348	6	tutte	tutte	_	_	_	_	_	linguistic	_	none	_	_	_	_	_	_
348-7	PSB018	348	7	le	le	_	_	_	_	_	linguistic	_	none	_	_	_	_	_	_
348-8	PSB018	348	8	persone	persone	_	_	_	_	_	linguistic	_	none	_	_	_	_	_	_
348-9	PSB018	348	9	parlano	parlano	_	_	_	_	_	linguistic	_	none	_	_	_	_	_	_
348-10	PSB018	348	10	questa	questa	_	_	_	_	_	linguistic	_	none	_	_	_	_	_	_
348-11	PSB018	348	11	lingua	lingua	_	_	_	_	_	linguistic	_	none	_	_	_	_	_	_
348-12	PSB018	348	12	tua	tua	_	_	_	_	_	linguistic	_	none	_	_	_	_	_	_
348-13	PSB018	348	13	tu	tu	_	_	_	_	_	linguistic	_	none	_	_	_	_	_	_
348-14	PSB018	348	14	sta	sta	_	_	_	_	_	linguistic	_	none	_	End=1189.963	_	_	_	_
349-0	PSB018	349	0	°stai	stai	_	_	_	_	_	linguistic	_	none	Volume=low	Begin=1190.815	_	_	_	_
349-1	PSB018	349	1	parla~	parla~	_	_	_	_	_	linguistic	_	none	Interrupted=Yes|Volume=low	_	_	_	_	_
349-2	PSB018	349	2	eh	eh	_	_	_	_	_	linguistic	_	none	Volume=low	_	_	_	_	_
349-3	PSB018	349	3	stai	stai	_	_	_	_	_	linguistic	_	none	Volume=low	_	_	_	_	_
349-4	PSB018	349	4	studi[ando°]	studiando	_	_	_	_	_	linguistic	_	none	Volume=low	End=1192.967	_	_	_	5-9(105)
350-0	PSB005	350	0	[sì	sì	_	_	_	_	_	linguistic	_	none	_	Begin=1192.518	_	_	_	0-2(105)
350-1	PSB005	350	1	sì]	sì	_	_	_	_	_	linguistic	_	none	_	End=1193.093	_	_	_	0-2(105)
351-0	PSB018	351	0	m:h	mh	_	_	_	_	_	linguistic	_	none	_	Begin=1193.481|End=1194.444	0x1	_	_	_
352-0	PSB018	352	0	prima	prima	_	_	_	_	_	linguistic	_	yes	_	Begin=1195.055	_	_	_	_
352-1	PSB018	352	1	cosa	cosa	_	_	_	_	_	linguistic	_	yes	_	_	_	_	_	_
352-2	PSB018	352	2	tu:	tu	_	_	_	_	_	linguistic	_	yes	_	_	1x1	_	_	_
352-3	PSB018	352	3	e:h	eh	_	_	_	_	_	linguistic	_	yes	_	_	0x1	_	_	_
352-4	PSB018	352	4	#develop	develop	_	_	_	_	_	linguistic	_	yes	Language=NO_ISO_CODE|Variation=Token	End=1199.296	_	_	_	_
354-0	PSB005	354	0	mhmh	mhmh	_	_	_	_	_	linguistic	_	none	_	Begin=1199.333|End=1199.778	_	_	_	_
355-0	PSB018	355	0	è	è	_	_	_	_	_	linguistic	_	none	_	Begin=1199.907	_	_	_	_
355-1	PSB018	355	1	ascol[tare]	ascoltare	_	_	_	_	_	linguistic	_	none	_	End=1201.06	_	_	_	5-9(106)
356-0	PSB005	356	0	[eh	eh	_	_	_	_	_	linguistic	_	none	_	Begin=1200.407	_	_	_	0-2(106)
356-1	PSB005	356	1	sì]	sì	_	_	_	_	_	linguistic	_	none	_	_	_	_	_	0-2(106)
356-2	PSB005	356	2	perché	perché	_	_	_	_	_	linguistic	_	none	_	_	_	_	_	_
356-3	PSB005	356	3	vivi	vivi	_	_	_	_	_	linguistic	_	none	_	_	_	_	_	_
356-4	PSB005	356	4	[qui]	qui	_	_	_	_	_	linguistic	_	none	_	End=1202.241	_	_	_	0-3(107)
357-0	PSB018	357	0	[ma]	ma	_	_	_	_	_	linguistic	_	none	_	Begin=1201.963	_	_	_	0-2(107)
357-1	PSB018	357	1	in	in	_	_	_	_	_	linguistic	_	none	_	_	_	_	_	_
357-2	PSB018	357	2	universit[à	università	_	_	_	_	_	linguistic	_	none	_	_	_	_	_	9-10(108)
357-3	PSB018	357	3	è	è	_	_	_	_	_	linguistic	_	none	_	_	_	_	_	0-1(108)
357-4	PSB018	357	4	u]na:	una	_	_	_	_	_	linguistic	_	none	_	_	2x1	_	_	0-1(108)
357-5	PSB018	357	5	eh	eh	_	_	_	_	_	linguistic	_	none	_	_	_	_	_	_
357-6	PSB018	357	6	atmosphe~	atmosphe~	_	_	_	_	_	linguistic	_	none	Interrupted=Yes	_	_	_	_	_
357-7	PSB018	357	7	atmosfera	atmosfera	_	_	_	_	_	linguistic	_	none	_	_	_	_	_	_
357-8	PSB018	357	8	e:h	eh	_	_	_	_	_	linguistic	_	none	_	_	0x1	_	_	_
357-9	PSB018	357	9	m:h	mh	_	_	_	_	_	linguistic	_	none	_	End=1208.685	0x1	_	_	_
358-0	PSB005	358	0	[mh]	mh	_	_	_	_	_	linguistic	_	none	_	Begin=1203.296|End=1203.778	_	_	_	0-2(108)
359-0	PSB018	359	0	artifici[ale]	artificiale	_	_	_	_	_	linguistic	_	none	_	Begin=1209.259|End=1210.5	_	_	_	8-11(109)
360-0	PSB005	360	0	[sì]	sì	_	_	_	_	_	linguistic	_	none	_	Begin=1210.222	_	_	_	0-2(109)
360-1	PSB005	360	1	eh	eh	_	_	_	_	_	linguistic	_	none	_	_	_	_	_	_
360-2	PSB005	360	2	sì	sì	_	_	_	_	_	linguistic	_	none	_	End=1211.185	_	_	_	_
361-0	PSB018	361	0	ma	ma	_	_	_	_	_	linguistic	_	none	_	Begin=1211.222	_	_	_	_
361-1	PSB018	361	1	qui	qui	_	_	_	_	_	linguistic	_	none	_	_	_	_	_	_
361-2	PSB018	361	2	in	in	_	_	_	_	_	linguistic	_	none	_	_	_	_	_	_
361-3	PSB018	361	3	italia	italia	_	_	_	_	_	linguistic	_	none	_	_	_	_	_	_
361-4	PSB018	361	4	è	è	_	_	_	_	_	linguistic	_	none	_	_	_	_	_	_
361-5	PSB018	361	5	un:	un	_	_	_	_	_	linguistic	_	none	_	_	1x1	_	_	_
361-6	PSB018	361	6	m:h	mh	_	_	_	_	_	linguistic	_	none	_	_	0x1	_	_	_
361-7	PSB018	361	7	situazione	situazione	_	_	_	_	_	linguistic	_	none	_	_	_	_	_	_
361-8	PSB018	361	8	e:h	eh	_	_	_	_	_	linguistic	_	none	_	End=1217.333	0x1	_	_	_
362-0	PSB018	362	0	#xx	xx	_	_	_	_	_	linguistic	_	yes	Language=NO_ISO_CODE|Variation=Token	Begin=1217.889	_	_	_	_
362-1	PSB018	362	1	e:hm	ehm	_	_	_	_	_	linguistic	_	yes	_	End=1219.518	0x1	_	_	_
363-0	PSB018	363	0	non	non	_	_	_	_	_	linguistic	_	none	_	Begin=1220.518	_	_	_	_
363-1	PSB018	363	1	artifi~	artifi~	_	_	_	_	_	linguistic	_	none	Interrupted=Yes	_	_	_	_	_
363-2	PSB018	363	2	eh	eh	_	_	_	_	_	linguistic	_	none	_	_	_	_	_	_
363-3	PSB018	363	3	artificiale	artificiale	_	_	_	_	_	linguistic	_	none	_	_	_	_	_	_
363-4	PSB018	363	4	ma:	ma	_	_	_	_	_	linguistic	_	none	_	_	1x1	_	_	_
363-5	PSB018	363	5	[l'	l'	_	_	_	_	_	linguistic	_	none	SpaceAfter=No	_	_	_	_	0-2(110)
363-6	PSB018	363	6	alt~]	alt~	_	_	_	_	_	linguistic	_	none	Interrupted=Yes	End=1223.407	_	_	_	0-4(110)
364-0	PSB005	364	0	[il	il	_	_	_	_	_	linguistic	_	none	_	Begin=1222.944	_	_	_	0-2(110)
364-1	PSB005	364	1	contra]rio	contrario	_	_	_	_	_	linguistic	_	none	_	_	_	_	_	0-6(110)
364-2	PSB005	364	2	[sì]	sì	_	_	_	_	_	linguistic	_	none	_	End=1224.146	_	_	_	0-2(111)
365-0	PSB018	365	0	[il	il	_	_	_	_	_	linguistic	_	none	_	Begin=1223.704	_	_	_	0-2(111)
365-1	PSB018	365	1	con]trario	contrario	_	_	_	_	_	linguistic	_	none	_	_	_	_	_	0-3(111)
365-2	PSB018	365	2	come	come	_	_	_	_	_	linguistic	_	none	_	End=1224.852	_	_	_	_
366-0	PSB005	366	0	eh	eh	_	_	_	_	_	linguistic	_	none	_	Begin=1224.833	_	_	_	_
366-1	PSB005	366	1	[si	si	_	_	_	_	_	linguistic	_	none	_	_	_	_	_	0-2(114)
366-2	PSB005	366	2	può]	può	_	_	_	_	_	linguistic	_	none	_	_	_	_	_	0-3(114)
366-3	PSB005	366	3	dire	dire	_	_	_	_	_	linguistic	_	none	_	_	_	_	_	_
366-4	PSB005	366	4	natur[ale	naturale	_	_	_	_	_	linguistic	_	none	_	_	_	_	_	5-8(113)
366-5	PSB005	366	5	forse	forse	_	_	_	_	_	linguistic	_	none	_	_	_	_	_	0-5(113)
366-6	PSB005	366	6	sì]	sì	_	_	_	_	_	linguistic	_	none	_	End=1227.995	_	_	_	0-2(113)
367-0	PSB018	367	0	[mh]	mh	_	_	_	_	_	linguistic	_	none	_	Begin=1225.222|End=1225.593	_	_	_	0-2(114)
368-0	PSB018	368	0	[naturale	naturale	_	_	_	_	_	linguistic	_	none	_	Begin=1226.566	_	_	_	0-8(113)
368-1	PSB018	368	1	esatto	esatto	_	_	_	_	_	linguistic	_	none	_	_	_	_	_	0-6(113)
368-2	PSB018	368	2	na]turale	naturale	_	_	_	_	_	linguistic	_	none	_	End=1228.673	_	_	_	0-2(113)
369-0	PSB018	369	0	ma	ma	_	_	_	_	_	linguistic	_	none	_	Begin=1229.227	_	_	_	_
369-1	PSB018	369	1	quando	quando	_	_	_	_	_	linguistic	_	none	_	_	_	_	_	_
369-2	PSB018	369	2	a:h	ah	_	_	_	_	_	linguistic	_	none	_	_	0x1	_	_	_
369-3	PSB018	369	3	o	o	_	_	_	_	_	linguistic	_	none	_	_	_	_	_	_
369-4	PSB018	369	4	io	io	_	_	_	_	_	linguistic	_	none	_	_	_	_	_	_
369-5	PSB018	369	5	a:h	ah	_	_	_	_	_	linguistic	_	none	_	_	0x1	_	_	_
369-6	PSB018	369	6	o	o	_	_	_	_	_	linguistic	_	none	_	_	_	_	_	_
369-7	PSB018	369	7	o	o	_	_	_	_	_	linguistic	_	none	_	_	_	_	_	_
369-8	PSB018	369	8	o	o	_	_	_	_	_	linguistic	_	none	_	_	_	_	_	_
369-9	PSB018	369	9	sono	sono	_	_	_	_	_	linguistic	_	none	_	_	_	_	_	_
369-10	PSB018	369	10	stata	stata	_	_	_	_	_	linguistic	_	none	_	_	_	_	_	_
369-11	PSB018	369	11	l~	l~	_	_	_	_	_	linguistic	_	none	Interrupted=Yes	_	_	_	_	_
369-12	PSB018	369	12	studentessa	studentessa	_	_	_	_	_	linguistic	_	none	_	_	_	_	_	_
369-13	PSB018	369	13	sì	sì	_	_	_	_	_	linguistic	_	none	_	_	_	_	_	_
369-14	PSB018	369	14	grammatica	grammatica	_	_	_	_	_	linguistic	_	none	_	_	_	_	_	_
369-15	PSB018	369	15	>non	non	_	_	_	_	_	linguistic	_	none	_	_	_	Fast=0-3(0)	_	_
369-16	PSB018	369	16	c'	c'	_	_	_	_	_	linguistic	_	none	SpaceAfter=No	_	_	Fast=0-2(0)	_	_
369-17	PSB018	369	17	è	è	_	_	_	_	_	linguistic	_	none	_	_	_	Fast=0-1(0)	_	_
369-18	PSB018	369	18	grande	grande	_	_	_	_	_	linguistic	_	none	_	_	_	Fast=0-6(0)	_	_
369-19	PSB018	369	19	problema<	problema	_	_	_	_	_	linguistic	_	none	_	_	_	Fast=0-8(0)	_	_
369-20	PSB018	369	20	leggere	leggere	_	_	_	_	_	linguistic	_	none	_	_	_	_	_	_
369-21	PSB018	369	21	[scrivere]	scrivere	_	_	_	_	_	linguistic	_	none	_	_	_	_	_	0-8(115)
369-22	PSB018	369	22	mh	mh	_	_	_	_	_	linguistic	_	none	_	_	_	_	_	_
369-23	PSB018	369	23	mh	mh	_	_	_	_	_	linguistic	_	none	_	End=1239.507	_	_	_	_
370-0	PSB005	370	0	[mhmh]	mhmh	_	_	_	_	_	linguistic	_	none	_	Begin=1238.936|End=1239.525	_	_	_	0-4(115)
371-0	PSB018	371	0	ma	ma	_	_	_	_	_	linguistic	_	none	_	Begin=1240.386	_	_	_	_
371-1	PSB018	371	1	ascoltare	ascoltare	_	_	_	_	_	linguistic	_	none	_	_	_	_	_	_
371-2	PSB018	371	2	quando	quando	_	_	_	_	_	linguistic	_	none	_	_	_	_	_	_
371-3	PSB018	371	3	noi	noi	_	_	_	_	_	linguistic	_	none	_	_	_	_	_	_
371-4	PSB018	371	4	abbiamo	abbiamo	_	_	_	_	_	linguistic	_	none	_	_	_	_	_	_
371-5	PSB018	371	5	quelli	quelli	_	_	_	_	_	linguistic	_	none	_	_	_	_	_	_
371-6	PSB018	371	6	in	in	_	_	_	_	_	linguistic	_	none	_	_	_	_	_	_
371-7	PSB018	371	7	m:h	mh	_	_	_	_	_	linguistic	_	none	_	_	0x1	_	_	_
371-8	PSB018	371	8	ese~	ese~	_	_	_	_	_	linguistic	_	none	Interrupted=Yes	End=1244.834	_	_	_	_
372-0	PSB018	372	0	eserci[zi]:	esercizi	_	_	_	_	_	linguistic	_	none	_	Begin=1245.352	7x1	_	_	6-8(116)
372-1	PSB018	372	1	o	o	_	_	_	_	_	linguistic	_	none	_	_	_	_	_	_
372-2	PSB018	372	2	testi:	testi	_	_	_	_	_	linguistic	_	none	_	_	4x1	_	_	_
372-3	PSB018	372	3	e	e	_	_	_	_	_	linguistic	_	none	_	_	_	_	_	_
372-4	PSB018	372	4	eh	eh	_	_	_	_	_	linguistic	_	none	_	End=1248.901	_	_	_	_
373-0	PSB005	373	0	[mh]	mh	_	_	_	_	_	linguistic	_	none	_	Begin=1246.055|End=1246.537	_	_	_	0-2(116)
374-0	PSB018	374	0	mh	mh	_	_	_	_	_	linguistic	_	none	_	Begin=1249.537	_	_	_	_
374-1	PSB018	374	1	testo	testo	_	_	_	_	_	linguistic	_	none	_	_	_	_	_	_
374-2	PSB018	374	2	testo	testo	_	_	_	_	_	linguistic	_	none	_	End=1250.815	_	_	_	_
375-0	PSB005	375	0	sì	sì	_	_	_	_	_	linguistic	_	none	_	Begin=1250.815|End=1251.259	_	_	_	_
376-0	PSB018	376	0	>testo<	testo	_	_	_	_	_	linguistic	_	none	_	Begin=1251.296	_	Fast=0-5(0)	_	_
376-1	PSB018	376	1	eh	eh	_	_	_	_	_	linguistic	_	none	_	_	_	_	_	_
376-2	PSB018	376	2	ascoltare	ascoltare	_	_	_	_	_	linguistic	_	none	PauseAfter=Yes	_	_	_	_	_
376-3	PSB018	376	3	(.)	(.)	_	_	_	_	_	shortpause	_	none	_	_	_	_	_	_
376-4	PSB018	376	4	era	era	_	_	_	_	_	linguistic	_	none	_	_	_	_	_	_
376-5	PSB018	376	5	grande	grande	_	_	_	_	_	linguistic	_	none	_	_	_	_	_	_
376-6	PSB018	376	6	pro~	pro~	_	_	_	_	_	linguistic	_	none	Interrupted=Yes	_	_	_	_	_
376-7	PSB018	376	7	[no	no	_	_	_	_	_	linguistic	_	none	_	_	_	_	_	0-2(117)
376-8	PSB018	376	8	proble]ma	problema	_	_	_	_	_	linguistic	_	none	_	_	_	_	_	0-6(117)
376-9	PSB018	376	9	ma	ma	_	_	_	_	_	linguistic	_	none	_	_	_	_	_	_
376-10	PSB018	376	10	anche	anche	_	_	_	_	_	linguistic	_	none	_	_	_	_	_	_
376-11	PSB018	376	11	come	come	_	_	_	_	_	linguistic	_	none	_	_	_	_	_	_
376-12	PSB018	376	12	un	un	_	_	_	_	_	linguistic	_	none	_	_	_	_	_	_
376-13	PSB018	376	13	grande	grande	_	_	_	_	_	linguistic	_	none	_	_	_	_	_	_
376-14	PSB018	376	14	stress	stress	_	_	_	_	_	linguistic	_	none	_	End=1257.431	_	_	_	_
377-0	PSB005	377	0	[mh]	mh	_	_	_	_	_	linguistic	_	none	_	Begin=1254.685|End=1255.161	_	_	_	0-2(117)
378-0	PSB005	378	0	sì	sì	_	_	_	_	_	linguistic	_	none	_	Begin=1257.5	_	_	_	_
378-1	PSB005	378	1	sì	sì	_	_	_	_	_	linguistic	_	none	_	_	_	_	_	_
378-2	PSB005	378	2	sì	sì	_	_	_	_	_	linguistic	_	none	_	End=1258.069	_	_	_	_
379-0	PSB018	379	0	ma	ma	_	_	_	_	_	linguistic	_	yes	_	Begin=1258.586	_	_	_	_
379-1	PSB018	379	1	adesso	adesso	_	_	_	_	_	linguistic	_	yes	_	_	_	_	_	_
379-2	PSB018	379	2	eh	eh	_	_	_	_	_	linguistic	_	yes	PauseAfter=Yes	_	_	_	_	_
379-3	PSB018	379	3	(.)	(.)	_	_	_	_	_	shortpause	_	yes	_	_	_	_	_	_
379-4	PSB018	379	4	tutte	tutte	_	_	_	_	_	linguistic	_	yes	_	_	_	_	_	_
379-5	PSB018	379	5	le	le	_	_	_	_	_	linguistic	_	yes	_	_	_	_	_	_
379-6	PSB018	379	6	#s:ource	source	_	_	_	_	_	linguistic	_	yes	Language=NO_ISO_CODE|Variation=Token	_	0x1	_	_	_
379-7	PSB018	379	7	questi	questi	_	_	_	_	_	linguistic	_	yes	_	_	_	_	_	_
379-8	PSB018	379	8	fo~	fo~	_	_	_	_	_	linguistic	_	yes	Interrupted=Yes	_	_	_	_	_
379-9	PSB018	379	9	non	non	_	_	_	_	_	linguistic	_	yes	_	_	_	_	_	_
379-10	PSB018	379	10	so	so	_	_	_	_	_	linguistic	_	yes	_	_	_	_	_	_
379-11	PSB018	379	11	come	come	_	_	_	_	_	linguistic	_	yes	_	_	_	_	_	_
379-12	PSB018	379	12	si	si	_	_	_	_	_	linguistic	_	yes	_	_	_	_	_	_
379-13	PSB018	379	13	f[o~]	fo~	_	_	_	_	_	linguistic	_	yes	Interrupted=Yes	End=1265.241	_	_	_	1-3(118)
381-0	PSB005	381	0	[si]	si	_	_	_	_	_	linguistic	_	none	_	Begin=1264.966	_	_	_	0-2(118)
381-1	PSB005	381	1	di~	di~	_	_	_	_	_	linguistic	_	none	Interrupted=Yes	_	_	_	_	_
381-2	PSB005	381	2	si	si	_	_	_	_	_	linguistic	_	none	_	_	_	_	_	_
381-3	PSB005	381	3	di[ce]:	dice	_	_	_	_	_	linguistic	_	none	_	_	3x1	_	_	2-4(119)
381-4	PSB005	381	4	fonti	fonti	_	_	_	_	_	linguistic	_	none	_	_	_	_	_	_
381-5	PSB005	381	5	[forse	forse	_	_	_	_	_	linguistic	_	none	_	_	_	_	_	0-5(120)
381-6	PSB005	381	6	sì	sì	_	_	_	_	_	linguistic	_	none	_	_	_	_	_	0-2(120)
381-7	PSB005	381	7	sì]	sì	_	_	_	_	_	linguistic	_	none	_	End=1268.535	_	_	_	0-2(120)
382-0	PSB018	382	0	[e]	e	_	_	_	_	_	linguistic	_	none	_	Begin=1265.862|End=1266.207	_	_	_	0-1(119)
383-0	PSB018	383	0	[fonti	fonti	_	_	_	_	_	linguistic	_	none	_	Begin=1267.172	_	_	_	0-5(120)
383-1	PSB018	383	1	fonti	fonti	_	_	_	_	_	linguistic	_	none	_	_	_	_	_	0-5(120)
383-2	PSB018	383	2	fonti	fonti	_	_	_	_	_	linguistic	_	none	_	_	_	_	_	0-5(120)
383-3	PSB018	383	3	fon]ti	fonti	_	_	_	_	_	linguistic	_	none	_	_	_	_	_	0-3(120)
383-4	PSB018	383	4	e:h	eh	_	_	_	_	_	linguistic	_	none	_	_	0x1	_	_	_
383-5	PSB018	383	5	la	la	_	_	_	_	_	linguistic	_	none	_	_	_	_	_	_
383-6	PSB018	383	6	tivù	tivù	_	_	_	_	_	linguistic	_	none	PauseAfter=Yes	_	_	_	_	_
383-7	PSB018	383	7	(.)	(.)	_	_	_	_	_	shortpause	_	none	_	_	_	_	_	_
383-8	PSB018	383	8	[int]ernet	internet	_	_	_	_	_	linguistic	_	none	_	_	_	_	_	0-3(121)
383-9	PSB018	383	9	canzone	canzone	_	_	_	_	_	linguistic	_	none	_	_	_	_	_	_
383-10	PSB018	383	10	e:hm	ehm	_	_	_	_	_	linguistic	_	none	_	End=1273.483	0x1	_	_	_
384-0	PSB005	384	0	[mhmh]	mhmh	_	_	_	_	_	linguistic	_	none	_	Begin=1270.414|End=1270.948	_	_	_	0-4(121)
385-0	PSB018	385	0	anche	anche	_	_	_	_	_	linguistic	_	yes	_	Begin=1273.879	_	_	_	_
385-1	PSB018	385	1	turisti	turisti	_	_	_	_	_	linguistic	_	yes	PauseAfter=Yes	_	_	_	_	_
385-2	PSB018	385	2	[(.)	(.)	_	_	_	_	_	shortpause	_	yes	_	_	_	_	_	X(122)
385-3	PSB018	385	3	tutt]o	tutto	_	_	_	_	_	linguistic	_	yes	_	_	_	_	_	0-4(122)
385-4	PSB018	385	4	#sound	sound	_	_	_	_	_	linguistic	_	yes	Language=NO_ISO_CODE|Variation=Token	_	_	_	_	_
385-5	PSB018	385	5	#you	you	_	_	_	_	_	linguistic	_	yes	Language=NO_ISO_CODE|Variation=Token	_	_	_	_	_
385-6	PSB018	385	6	e:h	eh	_	_	_	_	_	linguistic	_	yes	_	End=1278.621	0x1	_	_	_
387-0	PSB005	387	0	[mhmh	mhmh	_	_	_	_	_	linguistic	_	none	_	Begin=1275.207	_	_	_	0-4(122)
387-1	PSB005	387	1	eh	eh	_	_	_	_	_	linguistic	_	none	_	_	_	_	_	0-2(122)
387-2	PSB005	387	2	sì]	sì	_	_	_	_	_	linguistic	_	none	_	End=1276.241	_	_	_	0-2(122)
388-0	PSB005	388	0	[mhmh]	mhmh	_	_	_	_	_	linguistic	_	none	_	Begin=1277.448|End=1277.793	_	_	_	0-4(123)
389-0	PSB018	389	0	come:	come	_	_	_	_	_	linguistic	_	yes	_	Begin=1279.207	3x1	_	_	_
389-1	PSB018	389	1	#english	english	_	_	_	_	_	linguistic	_	yes	Language=NO_ISO_CODE|Variation=Token	_	_	_	_	_
389-2	PSB018	389	2	#speaking	speaking	_	_	_	_	_	linguistic	_	yes	Language=NO_ISO_CODE|Variation=Token	End=1281.362	_	_	_	_
391-0	PSB005	391	0	mhmh	mhmh	_	_	_	_	_	linguistic	_	none	_	Begin=1281.362|End=1281.776	_	_	_	_
392-0	PSB018	392	0	[ma	ma	_	_	_	_	_	linguistic	_	none	_	Begin=1282.741	_	_	_	0-2(124)
392-1	PSB018	392	1	per]	per	_	_	_	_	_	linguistic	_	none	_	_	_	_	_	0-3(124)
392-2	PSB018	392	2	noi	noi	_	_	_	_	_	linguistic	_	none	_	_	_	_	_	_
392-3	PSB018	392	3	anche	anche	_	_	_	_	_	linguistic	_	none	_	_	_	_	_	_
392-4	PSB018	392	4	ah	ah	_	_	_	_	_	linguistic	_	none	_	_	_	_	_	_
392-5	PSB018	392	5	ma	ma	_	_	_	_	_	linguistic	_	none	_	_	_	_	_	_
392-6	PSB018	392	6	per	per	_	_	_	_	_	linguistic	_	none	_	_	_	_	_	_
392-7	PSB018	392	7	me:	me	_	_	_	_	_	linguistic	_	none	_	End=1286.172	1x1	_	_	_
393-0	PSB005	393	0	[sì	sì	_	_	_	_	_	linguistic	_	none	_	Begin=1282.776	_	_	_	0-2(124)
393-1	PSB005	393	1	sì	sì	_	_	_	_	_	linguistic	_	none	_	_	_	_	_	0-2(124)
393-2	PSB005	393	2	sì]	sì	_	_	_	_	_	linguistic	_	none	_	End=1283.412	_	_	_	0-2(124)
394-0	PSB005	394	0	mhmh	mhmh	_	_	_	_	_	linguistic	_	none	_	Begin=1286.362	_	_	_	_
394-1	PSB005	394	1	ma	ma	_	_	_	_	_	linguistic	_	none	_	_	_	_	_	_
394-2	PSB005	394	2	l'	l'	_	_	_	_	_	linguistic	_	none	SpaceAfter=No	_	_	_	_	_
394-3	PSB005	394	3	italiano,	italiano	_	_	_	_	_	linguistic	_	none	Intonation=WeaklyRising|PauseAfter=Yes	_	_	_	_	_
394-4	PSB005	394	4	(.)	(.)	_	_	_	_	_	shortpause	_	none	_	_	_	_	_	_
394-5	PSB005	394	5	stai	stai	_	_	_	_	_	linguistic	_	none	_	_	_	_	_	_
394-6	PSB005	394	6	lo	lo	_	_	_	_	_	linguistic	_	none	_	_	_	_	_	_
394-7	PSB005	394	7	stai	stai	_	_	_	_	_	linguistic	_	none	_	_	_	_	_	_
394-8	PSB005	394	8	studiando,	studiando	_	_	_	_	_	linguistic	_	none	Intonation=WeaklyRising	End=1290.397	_	_	_	_
395-0	PSB018	395	0	purtroppo	purtroppo	_	_	_	_	_	linguistic	_	none	_	Begin=1291.052	_	_	_	_
395-1	PSB018	395	1	e:h	eh	_	_	_	_	_	linguistic	_	none	_	_	0x1	_	_	_
395-2	PSB018	395	2	non	non	_	_	_	_	_	linguistic	_	none	_	_	_	_	_	_
395-3	PSB018	395	3	c'	c'	_	_	_	_	_	linguistic	_	none	SpaceAfter=No	_	_	_	_	_
395-4	PSB018	395	4	è	è	_	_	_	_	_	linguistic	_	none	_	End=1294.431	_	_	_	_
396-0	PSB018	396	0	e:h	eh	_	_	_	_	_	linguistic	_	none	_	Begin=1295.259	0x1	_	_	_
396-1	PSB018	396	1	la	la	_	_	_	_	_	linguistic	_	none	_	_	_	_	_	_
396-2	PSB018	396	2	progra:mma	programma	_	_	_	_	_	linguistic	_	none	_	End=1297.379	5x1	_	_	_
397-0	PSB018	397	0	eh	eh	_	_	_	_	_	linguistic	_	none	_	Begin=1298.466|End=1299.185	_	_	_	_
398-0	PSB018	398	0	c'	c'	_	_	_	_	_	linguistic	_	none	SpaceAfter=No	Begin=1299.724	_	_	_	_
398-1	PSB018	398	1	è	è	_	_	_	_	_	linguistic	_	none	PauseAfter=Yes	_	_	_	_	_
398-2	PSB018	398	2	(.)	(.)	_	_	_	_	_	shortpause	_	none	_	_	_	_	_	_
398-3	PSB018	398	3	ma	ma	_	_	_	_	_	linguistic	_	none	_	_	_	_	_	_
398-4	PSB018	398	4	non	non	_	_	_	_	_	linguistic	_	none	_	_	_	_	_	_
398-5	PSB018	398	5	posso	posso	_	_	_	_	_	linguistic	_	none	_	_	_	_	_	_
398-6	PSB018	398	6	usare	usare	_	_	_	_	_	linguistic	_	none	_	_	_	_	_	_
398-7	PSB018	398	7	perché	perché	_	_	_	_	_	linguistic	_	none	_	_	_	_	_	_
398-8	PSB018	398	8	<qualcosa>	qualcosa	_	_	_	_	_	linguistic	_	none	PauseAfter=Yes	_	_	Slow=0-8(0)	_	_
398-9	PSB018	398	9	(.)	(.)	_	_	_	_	_	shortpause	_	none	_	_	_	_	_	_
398-10	PSB018	398	10	e:h	eh	_	_	_	_	_	linguistic	_	none	_	End=1306.069	0x1	_	_	_
399-0	PSB018	399	0	in	in	_	_	_	_	_	linguistic	_	none	_	Begin=1306.448	_	_	_	_
399-1	PSB018	399	1	realtà	realtà	_	_	_	_	_	linguistic	_	none	_	_	_	_	_	_
399-2	PSB018	399	2	utile	utile	_	_	_	_	_	linguistic	_	none	_	End=1308.535	_	_	_	_
400-0	PSB018	400	0	non	non	_	_	_	_	_	linguistic	_	none	_	Begin=1309.776	_	_	_	_
400-1	PSB018	400	1	c'	c'	_	_	_	_	_	linguistic	_	none	SpaceAfter=No	_	_	_	_	_
400-2	PSB018	400	2	è	è	_	_	_	_	_	linguistic	_	none	_	_	_	_	_	_
400-3	PSB018	400	3	per	per	_	_	_	_	_	linguistic	_	none	_	_	_	_	_	_
400-4	PSB018	400	4	eh	eh	_	_	_	_	_	linguistic	_	none	_	_	_	_	_	_
400-5	PSB018	400	5	per	per	_	_	_	_	_	linguistic	_	none	_	_	_	_	_	_
400-6	PSB018	400	6	stranie:re	straniere	_	_	_	_	_	linguistic	_	none	_	End=1312.638	6x1	_	_	_
401-0	PSB018	401	0	scusa	scusa	_	_	_	_	_	linguistic	_	none	_	Begin=1314.155	_	_	_	_
401-1	PSB018	401	1	ma	ma	_	_	_	_	_	linguistic	_	none	_	_	_	_	_	_
401-2	PSB018	401	2	gratis	gratis	_	_	_	_	_	linguistic	_	none	_	End=1315.362	_	_	_	_
402-0	PSB005	402	0	[sì	sì	_	_	_	_	_	linguistic	_	none	_	Begin=1315.586	_	_	_	0-2(125)
402-1	PSB005	402	1	sì:	sì	_	_	_	_	_	linguistic	_	none	_	_	1x1	_	_	0-2(125)
402-2	PSB005	402	2	non	non	_	_	_	_	_	linguistic	_	none	_	_	_	_	_	0-3(125)
402-3	PSB005	402	3	ti	ti	_	_	_	_	_	linguistic	_	none	_	_	_	_	_	0-2(125)
402-4	PSB005	402	4	preoccupare]	preoccupare	_	_	_	_	_	linguistic	_	none	_	End=1317.448	_	_	_	0-11(125)
403-0	PSB018	403	0	[perché	perché	_	_	_	_	_	linguistic	_	none	_	Begin=1315.638	_	_	_	0-6(125)
403-1	PSB018	403	1	ah	ah	_	_	_	_	_	linguistic	_	none	_	_	_	_	_	0-2(125)
403-2	PSB018	403	2	per	per	_	_	_	_	_	linguistic	_	none	_	_	_	_	_	0-3(125)
403-3	PSB018	403	3	pa]g~	pag~	_	_	_	_	_	linguistic	_	none	Interrupted=Yes	_	_	_	_	0-2(125)
403-4	PSB018	403	4	per	per	_	_	_	_	_	linguistic	_	none	_	_	_	_	_	_
403-5	PSB018	403	5	pa~	pa~	_	_	_	_	_	linguistic	_	none	Interrupted=Yes	_	_	_	_	_
403-6	PSB018	403	6	per	per	_	_	_	_	_	linguistic	_	none	_	_	_	_	_	_
403-7	PSB018	403	7	°pagare	pagare	_	_	_	_	_	linguistic	_	none	Volume=low	_	_	_	_	_
403-8	PSB018	403	8	pagare°	pagare	_	_	_	_	_	linguistic	_	none	Volume=low	_	_	_	_	_
403-9	PSB018	403	9	[sì]	sì	_	_	_	_	_	linguistic	_	none	_	_	_	_	_	0-2(126)
403-10	PSB018	403	10	m:h	mh	_	_	_	_	_	linguistic	_	none	PauseAfter=Yes	_	0x1	_	_	_
403-11	PSB018	403	11	(.)	(.)	_	_	_	_	_	shortpause	_	none	_	_	_	_	_	_
403-12	PSB018	403	12	e:h	eh	_	_	_	_	_	linguistic	_	none	_	End=1322.517	0x1	_	_	_
404-0	PSB005	404	0	[mhmh]	mhmh	_	_	_	_	_	linguistic	_	none	_	Begin=1319.362|End=1319.793	_	_	_	0-4(126)
405-0	PSB018	405	0	per	per	_	_	_	_	_	linguistic	_	none	_	Begin=1322.983	_	_	_	_
405-1	PSB018	405	1	un	un	_	_	_	_	_	linguistic	_	none	_	_	_	_	_	_
405-2	PSB018	405	2	corso:	corso	_	_	_	_	_	linguistic	_	none	_	_	4x1	_	_	_
405-3	PSB018	405	3	e:h	eh	_	_	_	_	_	linguistic	_	none	_	_	0x1	_	_	_
405-4	PSB018	405	4	abbastanza	abbastanza	_	_	_	_	_	linguistic	_	none	_	_	_	_	_	_
405-5	PSB018	405	5	buono	buono	_	_	_	_	_	linguistic	_	none	_	End=1327.0	_	_	_	_
406-0	PSB005	406	0	mhmh	mhmh	_	_	_	_	_	linguistic	_	none	_	Begin=1327.035|End=1327.362	_	_	_	_
407-0	PSB018	407	0	eh	eh	_	_	_	_	_	linguistic	_	none	_	Begin=1327.724	_	_	_	_
407-1	PSB018	407	1	e	e	_	_	_	_	_	linguistic	_	none	_	_	_	_	_	_
407-2	PSB018	407	2	cost~	cost~	_	_	_	_	_	linguistic	_	none	Interrupted=Yes	_	_	_	_	_
407-3	PSB018	407	3	mh	mh	_	_	_	_	_	linguistic	_	none	_	_	_	_	_	_
407-4	PSB018	407	4	costano	costano	_	_	_	_	_	linguistic	_	none	_	_	_	_	_	_
407-5	PSB018	407	5	i	i	_	_	_	_	_	linguistic	_	none	_	_	_	_	_	_
407-6	PSB018	407	6	co~	co~	_	_	_	_	_	linguistic	_	none	Interrupted=Yes	_	_	_	_	_
407-7	PSB018	407	7	corsi	corsi	_	_	_	_	_	linguistic	_	none	_	_	_	_	_	_
407-8	PSB018	407	8	costano	costano	_	_	_	_	_	linguistic	_	none	PauseAfter=Yes	_	_	_	_	_
407-9	PSB018	407	9	(.)	(.)	_	_	_	_	_	shortpause	_	none	_	_	_	_	_	_
407-10	PSB018	407	10	un	un	_	_	_	_	_	linguistic	_	none	_	_	_	_	_	_
407-11	PSB018	407	11	po'	po'	_	_	_	_	_	linguistic	_	none	_	_	_	_	_	_
407-12	PSB018	407	12	più	più	_	_	_	_	_	linguistic	_	none	_	_	_	_	_	_
407-13	PSB018	407	13	mh	mh	_	_	_	_	_	linguistic	_	none	_	End=1334.879	_	_	_	_
408-0	PSB005	408	0	sì	sì	_	_	_	_	_	linguistic	_	none	_	Begin=1335.5	_	_	_	_
408-1	PSB005	408	1	sì	sì	_	_	_	_	_	linguistic	_	none	_	End=1335.948	_	_	_	_
409-0	PSB018	409	0	m:h	mh	_	_	_	_	_	linguistic	_	none	_	Begin=1336.035	0x1	_	_	_
409-1	PSB018	409	1	eh	eh	_	_	_	_	_	linguistic	_	none	_	_	_	_	_	_
409-2	PSB018	409	2	eh	eh	_	_	_	_	_	linguistic	_	none	_	_	_	_	_	_
409-3	PSB018	409	3	prezzi	prezzi	_	_	_	_	_	linguistic	_	none	_	_	_	_	_	_
409-4	PSB018	409	4	alti	alti	_	_	_	_	_	linguistic	_	none	_	End=1339.526	_	_	_	_
410-0	PSB005	410	0	mhmh	mhmh	_	_	_	_	_	linguistic	_	none	_	Begin=1339.526|End=1340.103	_	_	_	_
411-0	PSB018	411	0	per	per	_	_	_	_	_	linguistic	_	none	_	Begin=1340.259	_	_	_	_
411-1	PSB018	411	1	me	me	_	_	_	_	_	linguistic	_	none	_	_	_	_	_	_
411-2	PSB018	411	2	adesso	adesso	_	_	_	_	_	linguistic	_	none	_	End=1341.275	_	_	_	_
412-0	PSB018	412	0	e	e	_	_	_	_	_	linguistic	_	none	_	Begin=1341.724	_	_	_	_
412-1	PSB018	412	1	non	non	_	_	_	_	_	linguistic	_	none	_	_	_	_	_	_
412-2	PSB018	412	2	c'	c'	_	_	_	_	_	linguistic	_	none	SpaceAfter=No	_	_	_	_	_
412-3	PSB018	412	3	è	è	_	_	_	_	_	linguistic	_	none	_	_	_	_	_	_
412-4	PSB018	412	4	una	una	_	_	_	_	_	linguistic	_	none	_	_	_	_	_	_
412-5	PSB018	412	5	m:h	mh	_	_	_	_	_	linguistic	_	none	PauseAfter=Yes	_	0x1	_	_	_
412-6	PSB018	412	6	(.)	(.)	_	_	_	_	_	shortpause	_	none	_	_	_	_	_	_
412-7	PSB018	412	7	qualcosa	qualcosa	_	_	_	_	_	linguistic	_	none	_	_	_	_	_	_
412-8	PSB018	412	8	regolare	regolare	_	_	_	_	_	linguistic	_	none	_	End=1347.466	_	_	_	_
413-0	PSB018	413	0	f:-	f-	_	_	_	_	_	linguistic	_	none	Interrupted=Yes	Begin=1348.241	0x1	_	_	_
413-1	PSB018	413	1	io	io	_	_	_	_	_	linguistic	_	none	_	_	_	_	_	_
413-2	PSB018	413	2	fa:ccio	faccio	_	_	_	_	_	linguistic	_	none	_	_	1x1	_	_	_
413-3	PSB018	413	3	sempre	sempre	_	_	_	_	_	linguistic	_	none	_	_	_	_	_	_
413-4	PSB018	413	4	un	un	_	_	_	_	_	linguistic	_	none	_	_	_	_	_	_
413-5	PSB018	413	5	tipo	tipo	_	_	_	_	_	linguistic	_	none	_	_	_	_	_	_
413-6	PSB018	413	6	di	di	_	_	_	_	_	linguistic	_	none	_	_	_	_	_	_
413-7	PSB018	413	7	questi	questi	_	_	_	_	_	linguistic	_	none	_	_	_	_	_	_
413-8	PSB018	413	8	corsi	corsi	_	_	_	_	_	linguistic	_	none	_	_	_	_	_	_
413-9	PSB018	413	9	online	online	_	_	_	_	_	linguistic	_	none	_	_	_	_	_	_
413-10	PSB018	413	10	da	da	_	_	_	_	_	linguistic	_	none	_	_	_	_	_	_
413-11	PSB018	413	11	sola	sola	_	_	_	_	_	linguistic	_	none	_	_	_	_	_	_
413-12	PSB018	413	12	dopo	dopo	_	_	_	_	_	linguistic	_	none	_	_	_	_	_	_
413-13	PSB018	413	13	e:h	eh	_	_	_	_	_	linguistic	_	none	_	_	0x1	_	_	_
413-14	PSB018	413	14	c'	c'	_	_	_	_	_	linguistic	_	none	SpaceAfter=No	_	_	_	_	_
413-15	PSB018	413	15	è	è	_	_	_	_	_	linguistic	_	none	_	_	_	_	_	_
413-16	PSB018	413	16	una	una	_	_	_	_	_	linguistic	_	none	_	_	_	_	_	_
413-17	PSB018	413	17	soci~	soci~	_	_	_	_	_	linguistic	_	none	Interrupted=Yes	_	_	_	_	_
413-18	PSB018	413	18	associazione	associazione	_	_	_	_	_	linguistic	_	none	_	_	_	_	_	_
413-19	PSB018	413	19	statale	statale	_	_	_	_	_	linguistic	_	none	_	_	_	_	_	_
413-20	PSB018	413	20	ci	ci	_	_	_	_	_	linguistic	_	none	_	_	_	_	_	_
413-21	PSB018	413	21	pi	pi	_	_	_	_	_	linguistic	_	none	_	_	_	_	_	_
413-22	PSB018	413	22	a	a	_	_	_	_	_	linguistic	_	none	_	End=1361.532	_	_	_	_
414-0	PSB005	414	0	mhmh	mhmh	_	_	_	_	_	linguistic	_	none	_	Begin=1361.535|End=1361.948	_	_	_	_
415-0	PSB018	415	0	per	per	_	_	_	_	_	linguistic	_	none	_	Begin=1361.974	_	_	_	_
415-1	PSB018	415	1	stranieri	stranieri	_	_	_	_	_	linguistic	_	none	_	End=1362.69	_	_	_	_
416-0	PSB005	416	0	sì	sì	_	_	_	_	_	linguistic	_	none	_	Begin=1362.707|End=1363.052	_	_	_	_
417-0	PSB018	417	0	e	e	_	_	_	_	_	linguistic	_	none	_	Begin=1363.155	_	_	_	_
417-1	PSB018	417	1	loro	loro	_	_	_	_	_	linguistic	_	none	_	_	_	_	_	_
417-2	PSB018	417	2	aiutano	aiutano	_	_	_	_	_	linguistic	_	none	_	_	_	_	_	_
417-3	PSB018	417	3	gr~	gr~	_	_	_	_	_	linguistic	_	none	Interrupted=Yes	_	_	_	_	_
417-4	PSB018	417	4	tanto	tanto	_	_	_	_	_	linguistic	_	none	PauseAfter=Yes	_	_	_	_	_
417-5	PSB018	417	5	(.)	(.)	_	_	_	_	_	shortpause	_	none	_	_	_	_	_	_
417-6	PSB018	417	6	ma	ma	_	_	_	_	_	linguistic	_	none	_	End=1365.672	_	_	_	_
418-0	PSB018	418	0	per	per	_	_	_	_	_	linguistic	_	none	_	Begin=1367.138	_	_	_	_
418-1	PSB018	418	1	esempio	esempio	_	_	_	_	_	linguistic	_	none	_	_	_	_	_	_
418-2	PSB018	418	2	abbiamo	abbiamo	_	_	_	_	_	linguistic	_	none	_	_	_	_	_	_
418-3	PSB018	418	3	iniziato	iniziato	_	_	_	_	_	linguistic	_	none	_	_	_	_	_	_
418-4	PSB018	418	4	bi	bi	_	_	_	_	_	linguistic	_	none	_	_	_	_	_	_
418-5	PSB018	418	5	uno	uno	_	_	_	_	_	linguistic	_	none	_	_	_	_	_	_
418-6	PSB018	418	6	°bi	bi	_	_	_	_	_	linguistic	_	none	Volume=low	_	_	_	_	_
418-7	PSB018	418	7	due°	due	_	_	_	_	_	linguistic	_	none	Volume=low	_	_	_	_	_
418-8	PSB018	418	8	bi	bi	_	_	_	_	_	linguistic	_	none	_	_	_	_	_	_
418-9	PSB018	418	9	uno	uno	_	_	_	_	_	linguistic	_	none	_	_	_	_	_	_
418-10	PSB018	418	10	bi	bi	_	_	_	_	_	linguistic	_	none	_	_	_	_	_	_
418-11	PSB018	418	11	uno	uno	_	_	_	_	_	linguistic	_	none	_	End=1371.79	_	_	_	_
419-0	PSB018	419	0	e:h	eh	_	_	_	_	_	linguistic	_	none	_	Begin=1373.569	0x1	_	_	_
419-1	PSB018	419	1	l'	l'	_	_	_	_	_	linguistic	_	none	SpaceAfter=No	_	_	_	_	_
419-2	PSB018	419	2	estate	estate	_	_	_	_	_	linguistic	_	none	PauseAfter=Yes	_	_	_	_	_
419-3	PSB018	419	3	(.)	(.)	_	_	_	_	_	shortpause	_	none	_	_	_	_	_	_
419-4	PSB018	419	4	scorso,	scorso	_	_	_	_	_	linguistic	_	none	Intonation=WeaklyRising|PauseAfter=Yes	_	_	_	_	_
419-5	PSB018	419	5	(.)	(.)	_	_	_	_	_	shortpause	_	none	_	_	_	_	_	_
419-6	PSB018	419	6	e	e	_	_	_	_	_	linguistic	_	none	_	_	_	_	_	_
419-7	PSB018	419	7	abbiamo	abbiamo	_	_	_	_	_	linguistic	_	none	_	_	_	_	_	_
419-8	PSB018	419	8	fatto	fatto	_	_	_	_	_	linguistic	_	none	_	_	_	_	_	_
419-9	PSB018	419	9	una	una	_	_	_	_	_	linguistic	_	none	_	_	_	_	_	_
419-10	PSB018	419	10	terza	terza	_	_	_	_	_	linguistic	_	none	_	End=1379.224	_	_	_	_
420-0	PSB005	420	0	mhmh	mhmh	_	_	_	_	_	linguistic	_	none	_	Begin=1379.328|End=1379.81	_	_	_	_
421-0	PSB018	421	0	ma	ma	_	_	_	_	_	linguistic	_	yes	_	Begin=1380.431	_	_	_	_
421-1	PSB018	421	1	dopo	dopo	_	_	_	_	_	linguistic	_	yes	_	_	_	_	_	_
421-2	PSB018	421	2	il	il	_	_	_	_	_	linguistic	_	yes	_	_	_	_	_	_
421-3	PSB018	421	3	#funding	funding	_	_	_	_	_	linguistic	_	yes	Language=NO_ISO_CODE|Variation=Token	End=1382.552	_	_	_	_
422-0	PSB005	422	0	è	è	_	_	_	_	_	linguistic	_	none	_	Begin=1382.983	_	_	_	_
422-1	PSB005	422	1	finito	finito	_	_	_	_	_	linguistic	_	none	_	End=1383.651	_	_	_	_
423-0	PSB018	423	0	finito	finito	_	_	_	_	_	linguistic	_	none	PauseAfter=Yes	Begin=1383.655	_	_	_	_
423-1	PSB018	423	1	(.)	(.)	_	_	_	_	_	shortpause	_	none	_	_	_	_	_	_
423-2	PSB018	423	2	e	e	_	_	_	_	_	linguistic	_	none	_	End=1384.948	_	_	_	_
424-0	PSB005	424	0	mhmh	mhmh	_	_	_	_	_	linguistic	_	none	_	Begin=1385.776|End=1386.222	_	_	_	_
425-0	PSB018	425	0	e	e	_	_	_	_	_	linguistic	_	none	_	Begin=1386.241	_	_	_	_
425-1	PSB018	425	1	adesso	adesso	_	_	_	_	_	linguistic	_	none	_	_	_	_	_	_
425-2	PSB018	425	2	il	il	_	_	_	_	_	linguistic	_	none	_	_	_	_	_	_
425-3	PSB018	425	3	mio	mio	_	_	_	_	_	linguistic	_	none	_	_	_	_	_	_
425-4	PSB018	425	4	livello	livello	_	_	_	_	_	linguistic	_	none	_	_	_	_	_	_
425-5	PSB018	425	5	bi	bi	_	_	_	_	_	linguistic	_	none	_	_	_	_	_	_
425-6	PSB018	425	6	uno	uno	_	_	_	_	_	linguistic	_	none	_	_	_	_	_	_
425-7	PSB018	425	7	sparito:	sparito	_	_	_	_	_	linguistic	_	none	PauseAfter=Yes	_	6x1	_	_	_
425-8	PSB018	425	8	(.)	(.)	_	_	_	_	_	shortpause	_	none	_	_	_	_	_	_
425-9	PSB018	425	9	allora	allora	_	_	_	_	_	linguistic	_	none	_	_	_	_	_	_
425-10	PSB018	425	10	[eh]	eh	_	_	_	_	_	linguistic	_	none	_	_	_	_	_	0-2(127)
425-11	PSB018	425	11	vivere	vivere	_	_	_	_	_	linguistic	_	none	_	_	_	_	_	_
425-12	PSB018	425	12	qui	qui	_	_	_	_	_	linguistic	_	none	_	_	_	_	_	_
425-13	PSB018	425	13	e:h	eh	_	_	_	_	_	linguistic	_	none	_	_	0x1	_	_	_
425-14	PSB018	425	14	ascoltare	ascoltare	_	_	_	_	_	linguistic	_	none	_	_	_	_	_	_
425-15	PSB018	425	15	la	la	_	_	_	_	_	linguistic	_	none	_	_	_	_	_	_
425-16	PSB018	425	16	lingua	lingua	_	_	_	_	_	linguistic	_	none	_	_	_	_	_	_
425-17	PSB018	425	17	<parole>	parole	_	_	_	_	_	linguistic	_	none	_	_	_	Slow=0-6(0)	_	_
425-18	PSB018	425	18	qualche	qualche	_	_	_	_	_	linguistic	_	none	_	_	_	_	_	_
425-19	PSB018	425	19	frase	frase	_	_	_	_	_	linguistic	_	none	_	_	_	_	_	_
425-20	PSB018	425	20	con	con	_	_	_	_	_	linguistic	_	none	_	_	_	_	_	_
425-21	PSB018	425	21	e:hm:	ehm	_	_	_	_	_	linguistic	_	none	_	_	0x1,2x1	_	_	_
425-22	PSB018	425	22	anche	anche	_	_	_	_	_	linguistic	_	none	_	_	_	_	_	_
425-23	PSB018	425	23	frasi	frasi	_	_	_	_	_	linguistic	_	none	_	_	_	_	_	_
425-24	PSB018	425	24	con	con	_	_	_	_	_	linguistic	_	none	_	_	_	_	_	_
425-25	PSB018	425	25	gramma~	gramma~	_	_	_	_	_	linguistic	_	none	Interrupted=Yes	_	_	_	_	_
425-26	PSB018	425	26	eh	eh	_	_	_	_	_	linguistic	_	none	_	_	_	_	_	_
425-27	PSB018	425	27	grammatica	grammatica	_	_	_	_	_	linguistic	_	none	_	End=1404.431	_	_	_	_
426-0	PSB005	426	0	[mh]	mh	_	_	_	_	_	linguistic	_	none	_	Begin=1391.5|End=1391.845	_	_	_	0-2(127)
427-0	PSB018	427	0	o:	o	_	_	_	_	_	linguistic	_	none	_	Begin=1405.276	0x1	_	_	_
427-1	PSB018	427	1	mh	mh	_	_	_	_	_	linguistic	_	none	_	_	_	_	_	_
427-2	PSB018	427	2	memor~	memor~	_	_	_	_	_	linguistic	_	none	Interrupted=Yes	_	_	_	_	_
427-3	PSB018	427	3	memorizzo	memorizzo	_	_	_	_	_	linguistic	_	none	_	End=1408.345	_	_	_	_
428-0	PSB005	428	0	mhmh	mhmh	_	_	_	_	_	linguistic	_	none	_	Begin=1408.466|End=1408.947	_	_	_	_
429-0	PSB018	429	0	ma	ma	_	_	_	_	_	linguistic	_	none	_	Begin=1409.569	_	_	_	_
429-1	PSB018	429	1	non	non	_	_	_	_	_	linguistic	_	none	_	_	_	_	_	_
429-2	PSB018	429	2	c'	c'	_	_	_	_	_	linguistic	_	none	SpaceAfter=No	_	_	_	_	_
429-3	PSB018	429	3	è	è	_	_	_	_	_	linguistic	_	none	_	_	_	_	_	_
429-4	PSB018	429	4	la:	la	_	_	_	_	_	linguistic	_	none	_	_	1x1	_	_	_
429-5	PSB018	429	5	sistema	sistema	_	_	_	_	_	linguistic	_	none	_	End=1412.207	_	_	_	_
430-0	PSB005	430	0	ho	ho	_	_	_	_	_	linguistic	_	none	_	Begin=1412.224	_	_	_	_
430-1	PSB005	430	1	capito	capito	_	_	_	_	_	linguistic	_	none	_	_	_	_	_	_
430-2	PSB005	430	2	s[ì]	sì	_	_	_	_	_	linguistic	_	none	_	End=1413.224	_	_	_	1-2(128)
431-0	PSB018	431	0	[ma]:	ma	_	_	_	_	_	linguistic	_	none	_	Begin=1412.983	1x1	_	_	0-2(128)
431-1	PSB018	431	1	io	io	_	_	_	_	_	linguistic	_	none	_	_	_	_	_	_
431-2	PSB018	431	2	sono	sono	_	_	_	_	_	linguistic	_	none	_	_	_	_	_	_
431-3	PSB018	431	3	i~	i~	_	_	_	_	_	linguistic	_	none	Interrupted=Yes	_	_	_	_	_
431-4	PSB018	431	4	l'	l'	_	_	_	_	_	linguistic	_	none	SpaceAfter=No	_	_	_	_	_
431-5	PSB018	431	5	insegnante	insegnante	_	_	_	_	_	linguistic	_	none	_	_	_	_	_	_
431-6	PSB018	431	6	e	e	_	_	_	_	_	linguistic	_	none	_	_	_	_	_	_
431-7	PSB018	431	7	sistema	sistema	_	_	_	_	_	linguistic	_	none	_	_	_	_	_	_
431-8	PSB018	431	8	per	per	_	_	_	_	_	linguistic	_	none	_	_	_	_	_	_
431-9	PSB018	431	9	me	me	_	_	_	_	_	linguistic	_	none	_	_	_	_	_	_
431-10	PSB018	431	10	molto	molto	_	_	_	_	_	linguistic	_	none	_	_	_	_	_	_
431-11	PSB018	431	11	molto	molto	_	_	_	_	_	linguistic	_	none	_	_	_	_	_	_
431-12	PSB018	431	12	importante	importante	_	_	_	_	_	linguistic	_	none	_	End=1419.919	_	_	_	_
432-0	PSB018	432	0	e:	e	_	_	_	_	_	linguistic	_	none	_	Begin=1420.552	0x1	_	_	_
432-1	PSB018	432	1	parlare	parlare	_	_	_	_	_	linguistic	_	none	_	_	_	_	_	_
432-2	PSB018	432	2	ma	ma	_	_	_	_	_	linguistic	_	none	_	_	_	_	_	_
432-3	PSB018	432	3	noi	noi	_	_	_	_	_	linguistic	_	none	_	_	_	_	_	_
432-4	PSB018	432	4	a:-	a-	_	_	_	_	_	linguistic	_	none	Interrupted=Yes	_	0x1	_	_	_
432-5	PSB018	432	5	abbiamo	abbiamo	_	_	_	_	_	linguistic	_	none	_	_	_	_	_	_
432-6	PSB018	432	6	ahm	ahm	_	_	_	_	_	linguistic	_	none	_	_	_	_	_	_
432-7	PSB018	432	7	ehm	ehm	_	_	_	_	_	linguistic	_	none	_	_	_	_	_	_
432-8	PSB018	432	8	ad~	ad~	_	_	_	_	_	linguistic	_	none	Interrupted=Yes	_	_	_	_	_
432-9	PSB018	432	9	adesso	adesso	_	_	_	_	_	linguistic	_	none	_	_	_	_	_	_
432-10	PSB018	432	10	stiamo	stiamo	_	_	_	_	_	linguistic	_	none	_	_	_	_	_	_
432-11	PSB018	432	11	parlando	parlando	_	_	_	_	_	linguistic	_	none	_	_	_	_	_	_
432-12	PSB018	432	12	di:	di	_	_	_	_	_	linguistic	_	none	_	_	1x1	_	_	_
432-13	PSB018	432	13	della	della	_	_	_	_	_	linguistic	_	none	_	_	_	_	_	_
432-14	PSB018	432	14	lingua	lingua	_	_	_	_	_	linguistic	_	none	PauseAfter=Yes	_	_	_	_	_
432-15	PSB018	432	15	(.)	(.)	_	_	_	_	_	shortpause	_	none	_	_	_	_	_	_
432-16	PSB018	432	16	par:~	par~	_	_	_	_	_	linguistic	_	none	Interrupted=Yes	End=1428.914	2x1	_	_	_
433-0	PSB005	433	0	parlat[a]	parlata	_	_	_	_	_	linguistic	_	none	_	Begin=1429.724|End=1430.387	_	_	_	6-7(129)
434-0	PSB018	434	0	[pa]rlata	parlata	_	_	_	_	_	linguistic	_	none	_	Begin=1430.31|End=1431.069	_	_	_	0-2(129)
435-0	PSB005	435	0	mhmh	mhmh	_	_	_	_	_	linguistic	_	none	_	Begin=1431.103|End=1431.466	_	_	_	_
436-0	PSB018	436	0	e:	e	_	_	_	_	_	linguistic	_	none	_	Begin=1431.914	0x1	_	_	_
436-1	PSB018	436	1	parlata	parlata	_	_	_	_	_	linguistic	_	none	_	_	_	_	_	_
436-2	PSB018	436	2	e:	e	_	_	_	_	_	linguistic	_	none	_	End=1434.293	0x1	_	_	_
437-0	PSB018	437	0	m:h	mh	_	_	_	_	_	linguistic	_	none	_	Begin=1435.052|End=1435.862	0x1	_	_	_
438-0	PSB018	438	0	è	è	_	_	_	_	_	linguistic	_	none	_	Begin=1437.655	_	_	_	_
438-1	PSB018	438	1	possibile:	possibile	_	_	_	_	_	linguistic	_	none	_	_	8x1	_	_	_
438-2	PSB018	438	2	studiare	studiare	_	_	_	_	_	linguistic	_	none	_	_	_	_	_	_
438-3	PSB018	438	3	solo	solo	_	_	_	_	_	linguistic	_	none	_	_	_	_	_	_
438-4	PSB018	438	4	vivere	vivere	_	_	_	_	_	linguistic	_	none	_	_	_	_	_	_
438-5	PSB018	438	5	in	in	_	_	_	_	_	linguistic	_	none	_	_	_	_	_	_
438-6	PSB018	438	6	italia	italia	_	_	_	_	_	linguistic	_	none	_	End=1442.326	_	_	_	_
439-0	PSB018	439	0	ma:	ma	_	_	_	_	_	linguistic	_	none	_	Begin=1442.966	1x1	_	_	_
439-1	PSB018	439	1	io	io	_	_	_	_	_	linguistic	_	none	_	_	_	_	_	_
439-2	PSB018	439	2	preferisco	preferisco	_	_	_	_	_	linguistic	_	none	_	_	_	_	_	_
439-3	PSB018	439	3	<capire>	capire	_	_	_	_	_	linguistic	_	none	_	End=1446.828	_	Slow=0-6(0)	_	_
440-0	PSB018	440	0	per	per	_	_	_	_	_	linguistic	_	none	_	Begin=1447.345	_	_	_	_
440-1	PSB018	440	1	esempio	esempio	_	_	_	_	_	linguistic	_	none	_	_	_	_	_	_
440-2	PSB018	440	2	questi	questi	_	_	_	_	_	linguistic	_	none	_	_	_	_	_	_
440-3	PSB018	440	3	<ne	ne	_	_	_	_	_	linguistic	_	none	_	_	_	Slow=0-2(0)	_	_
440-4	PSB018	440	4	ho>	ho	_	_	_	_	_	linguistic	_	none	_	_	_	Slow=0-2(0)	_	_
440-5	PSB018	440	5	preso	preso	_	_	_	_	_	linguistic	_	none	_	_	_	_	_	_
440-6	PSB018	440	6	due	due	_	_	_	_	_	linguistic	_	none	_	_	_	_	_	_
440-7	PSB018	440	7	che	che	_	_	_	_	_	linguistic	_	none	_	_	_	_	_	_
440-8	PSB018	440	8	cosa	cosa	_	_	_	_	_	linguistic	_	none	_	_	_	_	_	_
440-9	PSB018	440	9	questo	questo	_	_	_	_	_	linguistic	_	none	_	_	_	_	_	_
440-10	PSB018	440	10	ne	ne	_	_	_	_	_	linguistic	_	none	_	End=1453.293	_	_	_	_
441-0	PSB005	441	0	((ride))	((ride))	_	_	_	_	_	nonverbalbehavior	_	none	_	Begin=1452.845	_	_	_	_
441-1	PSB005	441	1	okay	okay	_	_	_	_	_	linguistic	_	none	_	_	_	_	_	_
441-2	PSB005	441	2	è	è	_	_	_	_	_	linguistic	_	none	_	_	_	_	_	_
441-3	PSB005	441	3	chiaro	chiaro	_	_	_	_	_	linguistic	_	none	_	_	_	_	_	_
441-4	PSB005	441	4	sì	sì	_	_	_	_	_	linguistic	_	none	_	_	_	_	_	_
441-5	PSB005	441	5	((ride))	((ride))	_	_	_	_	_	nonverbalbehavior	_	none	_	End=1457.983	_	_	_	_
442-0	PSB018	442	0	perché	perché	_	_	_	_	_	linguistic	_	none	_	Begin=1458.138	_	_	_	_
442-1	PSB018	442	1	ne	ne	_	_	_	_	_	linguistic	_	none	_	_	_	_	_	_
442-2	PSB018	442	2	perché	perché	_	_	_	_	_	linguistic	_	none	_	_	_	_	_	_
442-3	PSB018	442	3	no:	no	_	_	_	_	_	linguistic	_	none	_	_	1x1	_	_	_
442-4	PSB018	442	4	qual	qual	_	_	_	_	_	linguistic	_	none	_	_	_	_	_	_
442-5	PSB018	442	5	que~	que~	_	_	_	_	_	linguistic	_	none	Interrupted=Yes	_	_	_	_	_
442-6	PSB018	442	6	quale	quale	_	_	_	_	_	linguistic	_	none	_	_	_	_	_	_
442-7	PSB018	442	7	mh	mh	_	_	_	_	_	linguistic	_	none	_	_	_	_	_	_
442-8	PSB018	442	8	cose	cose	_	_	_	_	_	linguistic	_	none	PauseAfter=Yes	_	_	_	_	_
442-9	PSB018	442	9	(.)	(.)	_	_	_	_	_	shortpause	_	none	_	_	_	_	_	_
442-10	PSB018	442	10	>allora<	allora	_	_	_	_	_	linguistic	_	none	_	_	_	Fast=0-6(0)	_	_
442-11	PSB018	442	11	eh	eh	_	_	_	_	_	linguistic	_	none	_	_	_	_	_	_
442-12	PSB018	442	12	quando	quando	_	_	_	_	_	linguistic	_	none	_	_	_	_	_	_
442-13	PSB018	442	13	io	io	_	_	_	_	_	linguistic	_	none	_	_	_	_	_	_
442-14	PSB018	442	14	capisco,	capisco	_	_	_	_	_	linguistic	_	none	Intonation=WeaklyRising	_	_	_	_	_
442-15	PSB018	442	15	per	per	_	_	_	_	_	linguistic	_	none	_	_	_	_	_	_
442-16	PSB018	442	16	me	me	_	_	_	_	_	linguistic	_	none	_	_	_	_	_	_
442-17	PSB018	442	17	è:	è	_	_	_	_	_	linguistic	_	none	_	_	0x1	_	_	_
442-18	PSB018	442	18	facile	facile	_	_	_	_	_	linguistic	_	none	_	_	_	_	_	_
442-19	PSB018	442	19	usare	usare	_	_	_	_	_	linguistic	_	none	_	End=1469.535	_	_	_	_
443-0	PSB005	443	0	mh[mh]	mhmh	_	_	_	_	_	linguistic	_	none	_	Begin=1469.897|End=1470.293	_	_	_	2-4(131)
444-0	PSB018	444	0	[ma]	ma	_	_	_	_	_	linguistic	_	none	_	Begin=1470.121	_	_	_	0-2(131)
444-1	PSB018	444	1	quando	quando	_	_	_	_	_	linguistic	_	none	_	_	_	_	_	_
444-2	PSB018	444	2	i[o	io	_	_	_	_	_	linguistic	_	none	_	_	_	_	_	1-2(132)
444-3	PSB018	444	3	memoro~]	memoro~	_	_	_	_	_	linguistic	_	none	Interrupted=Yes	_	_	_	_	0-7(132)
444-4	PSB018	444	4	<memorizzo>	memorizzo	_	_	_	_	_	linguistic	_	none	_	_	_	Slow=0-9(0)	_	_
444-5	PSB018	444	5	solo	solo	_	_	_	_	_	linguistic	_	none	_	_	_	Fast=0-4(0)	_	_
444-6	PSB018	444	6	come	come	_	_	_	_	_	linguistic	_	none	_	_	_	Fast=0-4(0)	_	_
444-7	PSB018	444	7	una	una	_	_	_	_	_	linguistic	_	none	_	_	_	Fast=0-3(0)	_	_
444-8	PSB018	444	8	<poesia>	poesia	_	_	_	_	_	linguistic	_	none	_	_	_	Slow=0-6(1)	_	_
444-9	PSB018	444	9	senza:	senza	_	_	_	_	_	linguistic	_	none	_	End=1476.776	4x1	_	_	_
445-0	PSB005	445	0	[okay]	okay	_	_	_	_	_	linguistic	_	none	_	Begin=1470.879|End=1471.43	_	_	_	0-4(132)
446-0	PSB005	446	0	sì	sì	_	_	_	_	_	linguistic	_	none	_	Begin=1476.983	_	_	_	_
446-1	PSB005	446	1	sì	sì	_	_	_	_	_	linguistic	_	none	_	_	_	_	_	_
446-2	PSB005	446	2	((ride))	((ride))	_	_	_	_	_	nonverbalbehavior	_	none	_	_	_	_	_	_
446-3	PSB005	446	3	è	è	_	_	_	_	_	linguistic	_	none	_	_	_	_	_	_
446-4	PSB005	446	4	chiaro	chiaro	_	_	_	_	_	linguistic	_	none	_	_	_	_	_	_
446-5	PSB005	446	5	puo~	puo~	_	_	_	_	_	linguistic	_	none	Interrupted=Yes	_	_	_	_	_
446-6	PSB005	446	6	puoi	puoi	_	_	_	_	_	linguistic	_	none	_	_	_	_	_	_
446-7	PSB005	446	7	fare	fare	_	_	_	_	_	linguistic	_	none	_	_	_	_	_	_
446-8	PSB005	446	8	così	così	_	_	_	_	_	linguistic	_	none	_	_	_	_	_	_
446-9	PSB005	446	9	quando	quando	_	_	_	_	_	linguistic	_	none	_	_	_	_	_	_
446-10	PSB005	446	10	hai	hai	_	_	_	_	_	linguistic	_	none	_	_	_	_	_	_
446-11	PSB005	446	11	un	un	_	_	_	_	_	linguistic	_	none	_	_	_	_	_	_
446-12	PSB005	446	12	dubbio	dubbio	_	_	_	_	_	linguistic	_	none	_	_	_	_	_	_
446-13	PSB005	446	13	mi	mi	_	_	_	_	_	linguistic	_	none	_	_	_	_	_	_
446-14	PSB005	446	14	mandi	mandi	_	_	_	_	_	linguistic	_	none	_	_	_	_	_	_
446-15	PSB005	446	15	un	un	_	_	_	_	_	linguistic	_	none	_	_	_	_	_	_
446-16	PSB005	446	16	messaggio	messaggio	_	_	_	_	_	linguistic	_	none	_	_	_	_	_	_
446-17	PSB005	446	17	[e	e	_	_	_	_	_	linguistic	_	none	_	_	_	_	_	0-1(133)
446-18	PSB005	446	18	io	io	_	_	_	_	_	linguistic	_	none	_	_	_	_	_	0-2(133)
446-19	PSB005	446	19	ti	ti	_	_	_	_	_	linguistic	_	none	_	_	_	_	_	0-2(133)
446-20	PSB005	446	20	spiego	spiego	_	_	_	_	_	linguistic	_	none	_	_	_	_	_	0-6(133)
446-21	PSB005	446	21	sì]	sì	_	_	_	_	_	linguistic	_	none	_	End=1484.293	_	_	_	0-2(133)
447-0	PSB018	447	0	((ride))	((ride))	_	_	_	_	_	nonverbalbehavior	_	none	_	Begin=1482.483	_	_	_	_
447-1	PSB018	447	1	[sì	sì	_	_	_	_	_	linguistic	_	none	_	_	_	_	_	0-2(133)
447-2	PSB018	447	2	ma]	ma	_	_	_	_	_	linguistic	_	none	_	_	_	_	_	0-2(133)
447-3	PSB018	447	3	no	no	_	_	_	_	_	linguistic	_	none	_	_	_	_	_	_
447-4	PSB018	447	4	un	un	_	_	_	_	_	linguistic	_	none	_	_	_	_	_	_
447-5	PSB018	447	5	dubbio	dubbio	_	_	_	_	_	linguistic	_	none	_	_	_	_	_	_
447-6	PSB018	447	6	è	è	_	_	_	_	_	linguistic	_	none	_	_	_	_	_	_
447-7	PSB018	447	7	questo	questo	_	_	_	_	_	linguistic	_	none	_	_	_	_	_	_
447-8	PSB018	447	8	è	è	_	_	_	_	_	linguistic	_	none	_	_	_	_	_	_
447-9	PSB018	447	9	un	un	_	_	_	_	_	linguistic	_	none	_	_	_	_	_	_
447-10	PSB018	447	10	grande	grande	_	_	_	_	_	linguistic	_	none	_	_	_	_	_	_
447-11	PSB018	447	11	grammat~	grammat~	_	_	_	_	_	linguistic	_	none	Interrupted=Yes	_	_	_	_	_
447-12	PSB018	447	12	eh	eh	_	_	_	_	_	linguistic	_	none	_	_	_	_	_	_
447-13	PSB018	447	13	t~	t~	_	_	_	_	_	linguistic	_	none	Interrupted=Yes	_	_	_	_	_
447-14	PSB018	447	14	m:h	mh	_	_	_	_	_	linguistic	_	none	PauseAfter=Yes	_	0x1	_	_	_
447-15	PSB018	447	15	(.)	(.)	_	_	_	_	_	shortpause	_	none	_	_	_	_	_	_
447-16	PSB018	447	16	pezzo	pezzo	_	_	_	_	_	linguistic	_	none	_	_	_	_	_	_
447-17	PSB018	447	17	di	di	_	_	_	_	_	linguistic	_	none	_	_	_	_	_	_
447-18	PSB018	447	18	gramma[tica	grammatica	_	_	_	_	_	linguistic	_	none	_	_	_	_	_	6-10(134)
447-19	PSB018	447	19	que]lli:	quelli	_	_	_	_	_	linguistic	_	none	_	_	5x1	_	_	0-3(134)
447-20	PSB018	447	20	pro~	pro~	_	_	_	_	_	linguistic	_	none	Interrupted=Yes	_	_	_	_	_
447-21	PSB018	447	21	m:h	mh	_	_	_	_	_	linguistic	_	none	_	End=1494.5	0x1	_	_	_
448-0	PSB005	448	0	[°mhmh°]	mhmh	_	_	_	_	_	linguistic	_	none	Volume=low	Begin=1490.948|End=1491.603	_	_	_	0-4(134)
449-0	PSB018	449	0	pronouns	pronouns	_	_	_	_	_	linguistic	_	all	Language=NO_ISO_CODE|Variation=Token	Begin=1494.948|End=1495.724	_	_	_	_
450-0	PSB005	450	0	sì	sì	_	_	_	_	_	linguistic	_	none	_	Begin=1495.744	_	_	_	_
450-1	PSB005	450	1	pronomi	pronomi	_	_	_	_	_	linguistic	_	none	_	End=1496.669	_	_	_	_
451-0	PSB018	451	0	pronomi	pronomi	_	_	_	_	_	linguistic	_	none	_	Begin=1496.707|End=1497.2845	_	_	_	_
452-0	PSB005	452	0	mhmh	mhmh	_	_	_	_	_	linguistic	_	none	_	Begin=1497.2845|End=1497.694	_	_	_	_
453-0	PSB005	453	0	beh	beh	_	_	_	_	_	linguistic	_	none	_	Begin=1498.484	_	_	_	_
453-1	PSB005	453	1	ma	ma	_	_	_	_	_	linguistic	_	none	_	_	_	_	_	_
453-2	PSB005	453	2	io	io	_	_	_	_	_	linguistic	_	none	_	_	_	_	_	_
453-3	PSB005	453	3	ti	ti	_	_	_	_	_	linguistic	_	none	_	_	_	_	_	_
453-4	PSB005	453	4	posso	posso	_	_	_	_	_	linguistic	_	none	_	_	_	_	_	_
453-5	PSB005	453	5	spiegare	spiegare	_	_	_	_	_	linguistic	_	none	_	_	_	_	_	_
453-6	PSB005	453	6	quello	quello	_	_	_	_	_	linguistic	_	none	_	_	_	_	_	_
453-7	PSB005	453	7	che	che	_	_	_	_	_	linguistic	_	none	_	_	_	_	_	_
453-8	PSB005	453	8	vuoi	vuoi	_	_	_	_	_	linguistic	_	none	_	_	_	_	_	_
453-9	PSB005	453	9	((ride))	((ride))	_	_	_	_	_	nonverbalbehavior	_	none	_	End=1500.153	_	_	_	_
454-0	PSB005	454	0	se	se	_	_	_	_	_	linguistic	_	none	_	Begin=1501.56	_	_	_	_
454-1	PSB005	454	1	e:h	eh	_	_	_	_	_	linguistic	_	none	_	_	0x1	_	_	_
454-2	PSB005	454	2	se	se	_	_	_	_	_	linguistic	_	none	_	_	_	_	_	_
454-3	PSB005	454	3	se	se	_	_	_	_	_	linguistic	_	none	_	_	_	_	_	_
454-4	PSB005	454	4	vuoi	vuoi	_	_	_	_	_	linguistic	_	none	_	_	_	_	_	_
454-5	PSB005	454	5	posso:	posso	_	_	_	_	_	linguistic	_	none	_	_	4x1	_	_	_
454-6	PSB005	454	6	mh	mh	_	_	_	_	_	linguistic	_	none	_	_	_	_	_	_
454-7	PSB005	454	7	posso	posso	_	_	_	_	_	linguistic	_	none	_	_	_	_	_	_
454-8	PSB005	454	8	dirti	dirti	_	_	_	_	_	linguistic	_	none	PauseAfter=Yes	_	_	_	_	_
454-9	PSB005	454	9	(.)	(.)	_	_	_	_	_	shortpause	_	none	_	_	_	_	_	_
454-10	PSB005	454	10	°allora°	allora	_	_	_	_	_	linguistic	_	none	Volume=low	_	_	_	_	_
454-11	PSB005	454	11	non	non	_	_	_	_	_	linguistic	_	none	_	_	_	_	_	_
454-12	PSB005	454	12	sono	sono	_	_	_	_	_	linguistic	_	none	_	_	_	_	_	_
454-13	PSB005	454	13	sicura	sicura	_	_	_	_	_	linguistic	_	none	_	_	_	_	_	_
454-14	PSB005	454	14	che	che	_	_	_	_	_	linguistic	_	none	PauseAfter=Yes	_	_	_	_	_
454-15	PSB005	454	15	(.)	(.)	_	_	_	_	_	shortpause	_	none	_	_	_	_	_	_
454-16	PSB005	454	16	vada	vada	_	_	_	_	_	linguistic	_	none	_	_	_	_	_	_
454-17	PSB005	454	17	bene	bene	_	_	_	_	_	linguistic	_	none	_	_	_	_	_	_
454-18	PSB005	454	18	però	però	_	_	_	_	_	linguistic	_	none	PauseAfter=Yes	_	_	_	_	_
454-19	PSB005	454	19	(.)	(.)	_	_	_	_	_	shortpause	_	none	_	_	_	_	_	_
454-20	PSB005	454	20	eh	eh	_	_	_	_	_	linguistic	_	none	_	_	_	_	_	_
454-21	PSB005	454	21	ieri	ieri	_	_	_	_	_	linguistic	_	none	_	_	_	_	_	_
454-22	PSB005	454	22	una	una	_	_	_	_	_	linguistic	_	none	_	_	_	_	_	_
454-23	PSB005	454	23	professoressa	professoressa	_	_	_	_	_	linguistic	_	none	_	_	_	_	_	_
454-24	PSB005	454	24	ci	ci	_	_	_	_	_	linguistic	_	none	_	_	_	_	_	_
454-25	PSB005	454	25	ha:	ha	_	_	_	_	_	linguistic	_	none	_	_	1x1	_	_	_
454-26	PSB005	454	26	mh	mh	_	_	_	_	_	linguistic	_	none	_	_	_	_	_	_
454-27	PSB005	454	27	spiegato	spiegato	_	_	_	_	_	linguistic	_	none	_	_	_	_	_	_
454-28	PSB005	454	28	un:	un	_	_	_	_	_	linguistic	_	none	_	End=1514.914	1x1	_	_	_
455-0	PSB005	455	0	un	un	_	_	_	_	_	linguistic	_	none	_	Begin=1515.397	_	_	_	_
455-1	PSB005	455	1	corso	corso	_	_	_	_	_	linguistic	_	none	_	_	_	_	_	_
455-2	PSB005	455	2	online	online	_	_	_	_	_	linguistic	_	none	_	_	_	_	_	_
455-3	PSB005	455	3	gratuito	gratuito	_	_	_	_	_	linguistic	_	none	_	_	_	_	_	_
455-4	PSB005	455	4	che	che	_	_	_	_	_	linguistic	_	none	_	_	_	_	_	_
455-5	PSB005	455	5	ha:	ha	_	_	_	_	_	linguistic	_	none	_	_	1x1	_	_	_
455-6	PSB005	455	6	progettato	progettato	_	_	_	_	_	linguistic	_	none	_	End=1518.138	_	_	_	_
456-0	PSB018	456	0	mhmh	mhmh	_	_	_	_	_	linguistic	_	none	_	Begin=1518.155|End=1518.67	_	_	_	_
457-0	PSB005	457	0	non	non	_	_	_	_	_	linguistic	_	none	_	Begin=1519.466	_	_	_	_
457-1	PSB005	457	1	so	so	_	_	_	_	_	linguistic	_	none	_	_	_	_	_	_
457-2	PSB005	457	2	se	se	_	_	_	_	_	linguistic	_	none	_	_	_	_	_	_
457-3	PSB005	457	3	il	il	_	_	_	_	_	linguistic	_	none	_	_	_	_	_	_
457-4	PSB005	457	4	livello	livello	_	_	_	_	_	linguistic	_	none	_	_	_	_	_	_
457-5	PSB005	457	5	è	è	_	_	_	_	_	linguistic	_	none	_	_	_	_	_	_
457-6	PSB005	457	6	giusto	giusto	_	_	_	_	_	linguistic	_	none	PauseAfter=Yes	_	_	_	_	_
457-7	PSB005	457	7	(.)	(.)	_	_	_	_	_	shortpause	_	none	_	_	_	_	_	_
457-8	PSB005	457	8	forse	forse	_	_	_	_	_	linguistic	_	none	_	_	_	_	_	_
457-9	PSB005	457	9	è	è	_	_	_	_	_	linguistic	_	none	_	_	_	_	_	_
457-10	PSB005	457	10	troppo	troppo	_	_	_	_	_	linguistic	_	none	_	_	_	_	_	_
457-11	PSB005	457	11	facile	facile	_	_	_	_	_	linguistic	_	none	_	_	_	_	_	_
457-12	PSB005	457	12	per	per	_	_	_	_	_	linguistic	_	none	_	_	_	_	_	_
457-13	PSB005	457	13	te	te	_	_	_	_	_	linguistic	_	none	_	End=1523.055	_	_	_	_
458-0	PSB018	458	0	[eh	eh	_	_	_	_	_	linguistic	_	none	_	Begin=1523.517	_	_	_	0-2(135)
458-1	PSB018	458	1	anche	anche	_	_	_	_	_	linguistic	_	none	_	_	_	_	_	0-5(135)
458-2	PSB018	458	2	facile]:	facile	_	_	_	_	_	linguistic	_	none	_	_	5x1	_	_	0-6(135)
458-3	PSB018	458	3	se:	se	_	_	_	_	_	linguistic	_	none	_	_	1x1	_	_	_
458-4	PSB018	458	4	non	non	_	_	_	_	_	linguistic	_	none	_	_	_	_	_	_
458-5	PSB018	458	5	c'	c'	_	_	_	_	_	linguistic	_	none	SpaceAfter=No	_	_	_	_	_
458-6	PSB018	458	6	è	è	_	_	_	_	_	linguistic	_	none	_	_	_	_	_	_
458-7	PSB018	458	7	a:hm	ahm	_	_	_	_	_	linguistic	_	none	_	End=1527.897	0x1	_	_	_
459-0	PSB005	459	0	[ma	ma	_	_	_	_	_	linguistic	_	none	_	Begin=1523.552	_	_	_	0-2(135)
459-1	PSB005	459	1	forse	forse	_	_	_	_	_	linguistic	_	none	_	_	_	_	_	0-5(135)
459-2	PSB005	459	2	ti]	ti	_	_	_	_	_	linguistic	_	none	_	End=1524.69	_	_	_	0-2(135)
460-0	PSB018	460	0	#obviously	obviously	_	_	_	_	_	linguistic	_	yes	Language=NO_ISO_CODE|Variation=Token	Begin=1529.052	_	_	_	_
460-1	PSB018	460	1	[no	no	_	_	_	_	_	linguistic	_	yes	_	_	_	_	_	0-2(136)
460-2	PSB018	460	2	#o]bviously	obviously	_	_	_	_	_	linguistic	_	yes	Language=NO_ISO_CODE|Variation=Token	_	_	_	_	0-2(136)
460-3	PSB018	460	3	come	come	_	_	_	_	_	linguistic	_	yes	_	_	_	_	_	_
460-4	PSB018	460	4	e:h	eh	_	_	_	_	_	linguistic	_	yes	_	_	0x1	_	_	_
460-5	PSB018	460	5	se	se	_	_	_	_	_	linguistic	_	yes	_	_	_	_	_	_
460-6	PSB018	460	6	io	io	_	_	_	_	_	linguistic	_	yes	_	_	_	_	_	_
460-7	PSB018	460	7	non	non	_	_	_	_	_	linguistic	_	yes	_	_	_	_	_	_
460-8	PSB018	460	8	devo:	devo	_	_	_	_	_	linguistic	_	yes	_	_	3x1	_	_	_
460-9	PSB018	460	9	eh	eh	_	_	_	_	_	linguistic	_	yes	_	_	_	_	_	_
460-10	PSB018	460	10	fare	fare	_	_	_	_	_	linguistic	_	yes	_	_	_	_	_	_
460-11	PSB018	460	11	qualche	qualche	_	_	_	_	_	linguistic	_	yes	_	_	_	_	_	_
460-12	PSB018	460	12	progetti::	progetti	_	_	_	_	_	linguistic	_	yes	_	_	7x2	_	_	_
460-13	PSB018	460	13	e:h	eh	_	_	_	_	_	linguistic	_	yes	_	_	0x1	_	_	_
460-14	PSB018	460	14	e	e	_	_	_	_	_	linguistic	_	yes	_	_	_	_	_	_
460-15	PSB018	460	15	<testi>	testi	_	_	_	_	_	linguistic	_	yes	_	_	_	Slow=0-5(0)	_	_
460-16	PSB018	460	16	e	e	_	_	_	_	_	linguistic	_	yes	_	_	_	_	_	_
460-17	PSB018	460	17	dopo	dopo	_	_	_	_	_	linguistic	_	yes	_	_	_	_	_	_
460-18	PSB018	460	18	esami	esami	_	_	_	_	_	linguistic	_	yes	_	_	_	_	_	_
460-19	PSB018	460	19	ma	ma	_	_	_	_	_	linguistic	_	yes	_	_	_	_	_	_
460-20	PSB018	460	20	solo	solo	_	_	_	_	_	linguistic	_	yes	_	_	_	_	_	_
460-21	PSB018	460	21	ascoltare	ascoltare	_	_	_	_	_	linguistic	_	yes	_	_	_	_	_	_
460-22	PSB018	460	22	e	e	_	_	_	_	_	linguistic	_	yes	_	_	_	_	_	_
460-23	PSB018	460	23	lavorare,	lavorare	_	_	_	_	_	linguistic	_	yes	Intonation=WeaklyRising	End=1543.207	_	_	_	_
461-0	PSB005	461	0	[mhmh]	mhmh	_	_	_	_	_	linguistic	_	none	_	Begin=1530.145|End=1530.484	_	_	_	0-4(136)
462-0	PSB018	462	0	anche	anche	_	_	_	_	_	linguistic	_	none	_	Begin=1546.31	_	_	_	_
462-1	PSB018	462	1	questo	questo	_	_	_	_	_	linguistic	_	none	_	_	_	_	_	_
462-2	PSB018	462	2	utile	utile	_	_	_	_	_	linguistic	_	none	_	End=1547.995	_	_	_	_
463-0	PSB018	463	0	perché	perché	_	_	_	_	_	linguistic	_	none	PauseAfter=Yes	Begin=1548.328	_	_	_	_
463-1	PSB018	463	1	(.)	(.)	_	_	_	_	_	shortpause	_	none	_	_	_	_	_	_
463-2	PSB018	463	2	adesso	adesso	_	_	_	_	_	linguistic	_	none	_	_	_	_	_	_
463-3	PSB018	463	3	ho	ho	_	_	_	_	_	linguistic	_	none	_	_	_	_	_	_
463-4	PSB018	463	4	una	una	_	_	_	_	_	linguistic	_	none	_	_	_	_	_	_
463-5	PSB018	463	5	grande	grande	_	_	_	_	_	linguistic	_	none	_	_	_	_	_	_
463-6	PSB018	463	6	base	base	_	_	_	_	_	linguistic	_	none	_	End=1552.488	_	_	_	_
464-0	PSB005	464	0	mhmh	mhmh	_	_	_	_	_	linguistic	_	none	_	Begin=1552.5|End=1552.983	_	_	_	_
465-0	PSB018	465	0	ma	ma	_	_	_	_	_	linguistic	_	none	_	Begin=1554.707	_	_	_	_
465-1	PSB018	465	1	c'	c'	_	_	_	_	_	linguistic	_	none	SpaceAfter=No	_	_	_	_	_
465-2	PSB018	465	2	è	è	_	_	_	_	_	linguistic	_	none	PauseAfter=Yes	_	_	_	_	_
465-3	PSB018	465	3	(.)	(.)	_	_	_	_	_	shortpause	_	none	_	_	_	_	_	_
465-4	PSB018	465	4	in	in	_	_	_	_	_	linguistic	_	none	PauseAfter=Yes	_	_	_	_	_
465-5	PSB018	465	5	(.)	(.)	_	_	_	_	_	shortpause	_	none	_	_	_	_	_	_
465-6	PSB018	465	6	nel	nel	_	_	_	_	_	linguistic	_	none	_	_	_	_	_	_
465-7	PSB018	465	7	questo	questo	_	_	_	_	_	linguistic	_	none	_	_	_	_	_	_
465-8	PSB018	465	8	base	base	_	_	_	_	_	linguistic	_	none	_	_	_	_	_	_
465-9	PSB018	465	9	c'	c'	_	_	_	_	_	linguistic	_	none	SpaceAfter=No	_	_	_	_	_
465-10	PSB018	465	10	è	è	_	_	_	_	_	linguistic	_	none	_	_	_	_	_	_
465-11	PSB018	465	11	e:h	eh	_	_	_	_	_	linguistic	_	none	_	_	0x1	_	_	_
465-12	PSB018	465	12	grande	grande	_	_	_	_	_	linguistic	_	none	_	_	_	_	_	_
465-13	PSB018	465	13	buche	buche	_	_	_	_	_	linguistic	_	none	_	End=1561.086	_	_	_	_
466-0	PSB005	466	0	ho	ho	_	_	_	_	_	linguistic	_	none	_	Begin=1561.103	_	_	_	_
466-1	PSB005	466	1	capito	capito	_	_	_	_	_	linguistic	_	none	_	_	_	_	_	_
466-2	PSB005	466	2	sì	sì	_	_	_	_	_	linguistic	_	none	_	End=1561.879	_	_	_	_
467-0	PSB018	467	0	e	e	_	_	_	_	_	linguistic	_	none	_	Begin=1561.914	_	_	_	_
467-1	PSB018	467	1	normalme~	normalme~	_	_	_	_	_	linguistic	_	none	Interrupted=Yes	_	_	_	_	_
467-2	PSB018	467	2	[eh	eh	_	_	_	_	_	linguistic	_	none	_	_	_	_	_	0-2(137)
467-3	PSB018	467	3	g]eneralmente	generalmente	_	_	_	_	_	linguistic	_	none	_	_	_	_	_	0-1(137)
467-4	PSB018	467	4	le	le	_	_	_	_	_	linguistic	_	none	_	_	_	_	_	_
467-5	PSB018	467	5	buche	buche	_	_	_	_	_	linguistic	_	none	_	_	_	_	_	_
467-6	PSB018	467	6	grammaticale	grammaticale	_	_	_	_	_	linguistic	_	none	_	End=1565.517	_	_	_	_
468-0	PSB005	468	0	[°sì°]	sì	_	_	_	_	_	linguistic	_	none	Volume=low	Begin=1562.613|End=1563.051	_	_	_	0-2(137)
469-0	PSB005	469	0	mhmh	mhmh	_	_	_	_	_	linguistic	_	none	_	Begin=1565.517|End=1566.076	_	_	_	_
470-0	PSB018	470	0	e	e	_	_	_	_	_	linguistic	_	none	_	Begin=1566.362	_	_	_	_
470-1	PSB018	470	1	le	le	_	_	_	_	_	linguistic	_	none	_	_	_	_	_	_
470-2	PSB018	470	2	parole	parole	_	_	_	_	_	linguistic	_	none	_	_	_	_	_	_
470-3	PSB018	470	3	mancano	mancano	_	_	_	_	_	linguistic	_	none	_	_	_	_	_	_
470-4	PSB018	470	4	parole	parole	_	_	_	_	_	linguistic	_	none	_	_	_	_	_	_
470-5	PSB018	470	5	questo	questo	_	_	_	_	_	linguistic	_	none	_	_	_	_	_	_
470-6	PSB018	470	6	è	è	_	_	_	_	_	linguistic	_	none	_	_	_	_	_	_
470-7	PSB018	470	7	chiaro	chiaro	_	_	_	_	_	linguistic	_	none	_	_	_	_	_	_
470-8	PSB018	470	8	ma	ma	_	_	_	_	_	linguistic	_	none	_	_	_	_	_	_
470-9	PSB018	470	9	le	le	_	_	_	_	_	linguistic	_	none	_	_	_	_	_	_
470-10	PSB018	470	10	parole	parole	_	_	_	_	_	linguistic	_	none	_	_	_	_	_	_
470-11	PSB018	470	11	non	non	_	_	_	_	_	linguistic	_	none	_	_	_	_	_	_
470-12	PSB018	470	12	eh	eh	_	_	_	_	_	linguistic	_	none	PauseAfter=Yes	_	_	_	_	_
470-13	PSB018	470	13	(.)	(.)	_	_	_	_	_	shortpause	_	none	_	_	_	_	_	_
470-14	PSB018	470	14	la	la	_	_	_	_	_	linguistic	_	none	_	_	_	_	_	_
470-15	PSB018	470	15	persona	persona	_	_	_	_	_	linguistic	_	none	_	_	_	_	_	_
470-16	PSB018	470	16	non	non	_	_	_	_	_	linguistic	_	none	_	End=1573.828	_	_	_	_
471-0	PSB018	471	0	eh	eh	_	_	_	_	_	linguistic	_	none	_	Begin=1574.552	_	_	_	_
471-1	PSB018	471	1	ha	ha	_	_	_	_	_	linguistic	_	none	_	_	_	_	_	_
471-2	PSB018	471	2	bisogno	bisogno	_	_	_	_	_	linguistic	_	none	_	_	_	_	_	_
471-3	PSB018	471	3	della	della	_	_	_	_	_	linguistic	_	none	_	_	_	_	_	_
471-4	PSB018	471	4	professoressa	professoressa	_	_	_	_	_	linguistic	_	none	_	_	_	_	_	_
471-5	PSB018	471	5	per	per	_	_	_	_	_	linguistic	_	none	_	_	_	_	_	_
471-6	PSB018	471	6	spiegare	spiegare	_	_	_	_	_	linguistic	_	none	PauseAfter=Yes	_	_	_	_	_
471-7	PSB018	471	7	(.)	(.)	_	_	_	_	_	shortpause	_	none	_	_	_	_	_	_
471-8	PSB018	471	8	[solo	solo	_	_	_	_	_	linguistic	_	none	_	_	_	_	_	0-4(138)
471-9	PSB018	471	9	m]emorizz[are]	memorizzare	_	_	_	_	_	linguistic	_	none	PauseAfter=Yes	_	_	_	_	0-1(138),8-11(139)
471-10	PSB018	471	10	(.)	(.)	_	_	_	_	_	shortpause	_	none	_	_	_	_	_	_
471-11	PSB018	471	11	e	e	_	_	_	_	_	linguistic	_	none	_	_	_	_	_	_
471-12	PSB018	471	12	basta	basta	_	_	_	_	_	linguistic	_	none	_	_	_	_	_	_
471-13	PSB018	471	13	e:h	eh	_	_	_	_	_	linguistic	_	none	_	_	0x1	_	_	_
471-14	PSB018	471	14	parlare	parlare	_	_	_	_	_	linguistic	_	none	_	_	_	_	_	_
471-15	PSB018	471	15	con	con	_	_	_	_	_	linguistic	_	none	_	_	_	_	_	_
471-16	PSB018	471	16	italiani,	italiani	_	_	_	_	_	linguistic	_	none	Intonation=WeaklyRising	_	_	_	_	_
471-17	PSB018	471	17	asc~	asc~	_	_	_	_	_	linguistic	_	none	Interrupted=Yes	_	_	_	_	_
471-18	PSB018	471	18	a:h	ah	_	_	_	_	_	linguistic	_	none	_	_	0x1	_	_	_
471-19	PSB018	471	19	usare:	usare	_	_	_	_	_	linguistic	_	none	_	_	4x1	_	_	_
471-20	PSB018	471	20	l'	l'	_	_	_	_	_	linguistic	_	none	SpaceAfter=No	_	_	_	_	_
471-21	PSB018	471	21	autobus	autobus	_	_	_	_	_	linguistic	_	none	_	_	_	_	_	_
471-22	PSB018	471	22	usa~	usa~	_	_	_	_	_	linguistic	_	none	Interrupted=Yes	_	_	_	_	_
471-23	PSB018	471	23	e:h	eh	_	_	_	_	_	linguistic	_	none	_	_	0x1	_	_	_
471-24	PSB018	471	24	andare	andare	_	_	_	_	_	linguistic	_	none	_	_	_	_	_	_
471-25	PSB018	471	25	al	al	_	_	_	_	_	linguistic	_	none	_	_	_	_	_	_
471-26	PSB018	471	26	supermercato	supermercato	_	_	_	_	_	linguistic	_	none	_	End=1589.655	_	_	_	_
472-0	PSB005	472	0	[mhmh]	mhmh	_	_	_	_	_	linguistic	_	none	_	Begin=1578.431|End=1578.961	_	_	_	0-4(138)
473-0	PSB005	473	0	[sì	sì	_	_	_	_	_	linguistic	_	none	_	Begin=1579.5	_	_	_	0-2(139)
473-1	PSB005	473	1	sì]	sì	_	_	_	_	_	linguistic	_	none	_	End=1580.143	_	_	_	0-2(139)
474-0	PSB018	474	0	sempre	sempre	_	_	_	_	_	linguistic	_	none	_	Begin=1590.138	_	_	_	_
474-1	PSB018	474	1	tu	tu	_	_	_	_	_	linguistic	_	none	_	_	_	_	_	_
474-2	PSB018	474	2	e:h	eh	_	_	_	_	_	linguistic	_	none	_	_	0x1	_	_	_
474-3	PSB018	474	3	senti	senti	_	_	_	_	_	linguistic	_	none	_	End=1593.172	_	_	_	_
475-0	PSB018	475	0	le	le	_	_	_	_	_	linguistic	_	none	_	Begin=1593.828	_	_	_	_
475-1	PSB018	475	1	parole	parole	_	_	_	_	_	linguistic	_	none	_	End=1594.362	_	_	_	_
476-0	PSB005	476	0	mhmh	mhmh	_	_	_	_	_	linguistic	_	none	_	Begin=1594.448|End=1594.854	_	_	_	_
477-0	PSB018	477	0	ma	ma	_	_	_	_	_	linguistic	_	none	_	Begin=1595.155	_	_	_	_
477-1	PSB018	477	1	come	come	_	_	_	_	_	linguistic	_	none	_	_	_	_	_	_
477-2	PSB018	477	2	usare	usare	_	_	_	_	_	linguistic	_	none	_	_	_	_	_	_
477-3	PSB018	477	3	quelli	quelli	_	_	_	_	_	linguistic	_	none	_	_	_	_	_	_
477-4	PSB018	477	4	parole::	parole	_	_	_	_	_	linguistic	_	none	_	_	5x2	_	_	_
477-5	PSB018	477	5	m:h	mh	_	_	_	_	_	linguistic	_	none	_	_	0x1	_	_	_
477-6	PSB018	477	6	giu~	giu~	_	_	_	_	_	linguistic	_	none	Interrupted=Yes	End=1600.19	_	_	_	_
478-0	PSB018	478	0	giusti	giusti	_	_	_	_	_	linguistic	_	none	_	Begin=1601.069|End=1601.845	_	_	_	_
479-0	PSB005	479	0	sì	sì	_	_	_	_	_	linguistic	_	none	_	Begin=1601.879|End=1602.207	_	_	_	_
480-0	PSB018	480	0	°co~°	co~	_	_	_	_	_	linguistic	_	none	Interrupted=Yes|Volume=low	Begin=1602.293|End=1602.638	_	_	_	_
481-0	PSB005	481	0	bene?	bene	_	_	_	_	_	linguistic	_	none	Intonation=Rising	Begin=1603.466|End=1603.909	_	_	_	_
482-0	PSB018	482	0	bene	bene	_	_	_	_	_	linguistic	_	none	_	Begin=1603.931	_	_	_	_
482-1	PSB018	482	1	de~	de~	_	_	_	_	_	linguistic	_	none	Interrupted=Yes	_	_	_	_	_
482-2	PSB018	482	2	sì	sì	_	_	_	_	_	linguistic	_	none	_	_	_	_	_	_
482-3	PSB018	482	3	ma	ma	_	_	_	_	_	linguistic	_	none	_	_	_	_	_	_
482-4	PSB018	482	4	bene	bene	_	_	_	_	_	linguistic	_	none	_	_	_	_	_	_
482-5	PSB018	482	5	e:h	eh	_	_	_	_	_	linguistic	_	none	_	_	0x1	_	_	_
482-6	PSB018	482	6	devo	devo	_	_	_	_	_	linguistic	_	none	_	_	_	_	_	_
482-7	PSB018	482	7	capire	capire	_	_	_	_	_	linguistic	_	none	_	_	_	_	_	_
482-8	PSB018	482	8	devo:	devo	_	_	_	_	_	linguistic	_	none	_	_	3x1	_	_	_
482-9	PSB018	482	9	e:h	eh	_	_	_	_	_	linguistic	_	none	_	_	0x1	_	_	_
482-10	PSB018	482	10	conoscere	conoscere	_	_	_	_	_	linguistic	_	none	_	_	_	_	_	_
482-11	PSB018	482	11	°>devo<°	devo	_	_	_	_	_	linguistic	_	none	Volume=low	_	_	Fast=0-4(0)	_	_
482-12	PSB018	482	12	sapere?	sapere	_	_	_	_	_	linguistic	_	none	Intonation=Rising	End=1611.81	_	_	_	_
483-0	PSB005	483	0	sì	sì	_	_	_	_	_	linguistic	_	none	_	Begin=1611.828|End=1612.241	_	_	_	_
484-0	PSB018	484	0	anche	anche	_	_	_	_	_	linguistic	_	none	_	Begin=1612.448	_	_	_	_
484-1	PSB018	484	1	quelli	quelli	_	_	_	_	_	linguistic	_	none	_	_	_	_	_	_
484-2	PSB018	484	2	due:	due	_	_	_	_	_	linguistic	_	none	_	_	2x1	_	_	_
484-3	PSB018	484	3	verbi:	verbi	_	_	_	_	_	linguistic	_	none	_	End=1615.483	4x1	_	_	_
485-0	PSB018	485	0	la	la	_	_	_	_	_	linguistic	_	none	_	Begin=1616.397	_	_	_	_
485-1	PSB018	485	1	>grammatica<	grammatica	_	_	_	_	_	linguistic	_	none	_	End=1617.476	_	Fast=0-10(0)	_	_
486-0	PSB005	486	0	ho	ho	_	_	_	_	_	linguistic	_	none	_	Begin=1617.793	_	_	_	_
486-1	PSB005	486	1	capito	capito	_	_	_	_	_	linguistic	_	none	_	_	_	_	_	_
486-2	PSB005	486	2	quindi	quindi	_	_	_	_	_	linguistic	_	none	_	_	_	_	_	_
486-3	PSB005	486	3	il	il	_	_	_	_	_	linguistic	_	none	_	_	_	_	_	_
486-4	PSB005	486	4	problema	problema	_	_	_	_	_	linguistic	_	none	_	_	_	_	_	_
486-5	PSB005	486	5	principale	principale	_	_	_	_	_	linguistic	_	none	_	_	_	_	_	_
486-6	PSB005	486	6	è	è	_	_	_	_	_	linguistic	_	none	_	_	_	_	_	_
486-7	PSB005	486	7	la	la	_	_	_	_	_	linguistic	_	none	_	_	_	_	_	_
486-8	PSB005	486	8	gramm[atica	grammatica	_	_	_	_	_	linguistic	_	none	PauseAfter=Yes	_	_	_	_	5-10(140)
486-9	PSB005	486	9	(.)	(.)	_	_	_	_	_	shortpause	_	none	_	_	_	_	_	X(140)
486-10	PSB005	486	10	in	in	_	_	_	_	_	linguistic	_	none	_	_	_	_	_	0-2(140)
486-11	PSB005	486	11	questo	questo	_	_	_	_	_	linguistic	_	none	_	_	_	_	_	0-6(140)
486-12	PSB005	486	12	momento]	momento	_	_	_	_	_	linguistic	_	none	_	End=1622.0	_	_	_	0-7(140)
487-0	PSB018	487	0	[sì	sì	_	_	_	_	_	linguistic	_	none	_	Begin=1620.052	_	_	_	0-2(140)
487-1	PSB018	487	1	per	per	_	_	_	_	_	linguistic	_	none	_	_	_	_	_	0-3(140)
487-2	PSB018	487	2	me	me	_	_	_	_	_	linguistic	_	none	_	_	_	_	_	0-2(140)
487-3	PSB018	487	3	sì	sì	_	_	_	_	_	linguistic	_	none	_	_	_	_	_	0-2(140)
487-4	PSB018	487	4	no	no	_	_	_	_	_	linguistic	_	none	_	_	_	_	_	0-2(140)
487-5	PSB018	487	5	per	per	_	_	_	_	_	linguistic	_	none	_	_	_	_	_	0-3(140)
487-6	PSB018	487	6	tu]tte	tutte	_	_	_	_	_	linguistic	_	none	_	_	_	_	_	0-2(140)
487-7	PSB018	487	7	le	le	_	_	_	_	_	linguistic	_	none	_	_	_	_	_	_
487-8	PSB018	487	8	eh	eh	_	_	_	_	_	linguistic	_	none	_	End=1622.707	_	_	_	_
488-0	PSB018	488	0	p~	p~	_	_	_	_	_	linguistic	_	none	Interrupted=Yes	Begin=1623.121	_	_	_	_
488-1	PSB018	488	1	s~	s~	_	_	_	_	_	linguistic	_	none	Interrupted=Yes	_	_	_	_	_
488-2	PSB018	488	2	per	per	_	_	_	_	_	linguistic	_	none	_	_	_	_	_	_
488-3	PSB018	488	3	me	me	_	_	_	_	_	linguistic	_	none	PauseAfter=Yes	_	_	_	_	_
488-4	PSB018	488	4	(.)	(.)	_	_	_	_	_	shortpause	_	none	_	_	_	_	_	_
488-5	PSB018	488	5	personalm[ente]	personalmente	_	_	_	_	_	linguistic	_	none	_	End=1626.292	_	_	_	9-13(141)
489-0	PSB005	489	0	[sì	sì	_	_	_	_	_	linguistic	_	none	_	Begin=1625.707	_	_	_	0-2(141)
489-1	PSB005	489	1	sì]	sì	_	_	_	_	_	linguistic	_	none	_	End=1626.276	_	_	_	0-2(141)
490-0	PSB018	490	0	perché	perché	_	_	_	_	_	linguistic	_	none	_	Begin=1627.0	_	_	_	_
490-1	PSB018	490	1	eh	eh	_	_	_	_	_	linguistic	_	none	_	_	_	_	_	_
490-2	PSB018	490	2	quando	quando	_	_	_	_	_	linguistic	_	none	_	_	_	_	_	_
490-3	PSB018	490	3	l~	l~	_	_	_	_	_	linguistic	_	none	Interrupted=Yes	_	_	_	_	_
490-4	PSB018	490	4	una	una	_	_	_	_	_	linguistic	_	none	_	_	_	_	_	_
490-5	PSB018	490	5	persona	persona	_	_	_	_	_	linguistic	_	none	_	_	_	_	_	_
490-6	PSB018	490	6	come	come	_	_	_	_	_	linguistic	_	none	_	_	_	_	_	_
490-7	PSB018	490	7	tu	tu	_	_	_	_	_	linguistic	_	none	_	_	_	_	_	_
490-8	PSB018	490	8	e	e	_	_	_	_	_	linguistic	_	none	_	_	_	_	_	_
490-9	PSB018	490	9	io	io	_	_	_	_	_	linguistic	_	none	_	_	_	_	_	_
490-10	PSB018	490	10	e:h	eh	_	_	_	_	_	linguistic	_	none	_	_	0x1	_	_	_
490-11	PSB018	490	11	ha	ha	_	_	_	_	_	linguistic	_	none	_	_	_	_	_	_
490-12	PSB018	490	12	<studiato::	studiato	_	_	_	_	_	linguistic	_	none	_	_	7x2	_	_	_
490-13	PSB018	490	13	la	la	_	_	_	_	_	linguistic	_	none	_	_	_	_	_	_
490-14	PSB018	490	14	lingua	lingua	_	_	_	_	_	linguistic	_	none	_	_	_	_	_	_
490-15	PSB018	490	15	straniere	straniere	_	_	_	_	_	linguistic	_	none	_	_	_	_	_	_
490-16	PSB018	490	16	prima	prima	_	_	_	_	_	linguistic	_	none	_	End=1637.897	_	_	_	_
491-0	PSB018	491	0	tu	tu	_	_	_	_	_	linguistic	_	none	_	Begin=1638.759	_	_	_	_
491-1	PSB018	491	1	hai	hai	_	_	_	_	_	linguistic	_	none	_	_	_	_	_	_
491-2	PSB018	491	2	m:h	mh	_	_	_	_	_	linguistic	_	none	_	_	0x1	_	_	_
491-3	PSB018	491	3	un:	un	_	_	_	_	_	linguistic	_	none	_	_	1x1	_	_	_
491-4	PSB018	491	4	eh	eh	_	_	_	_	_	linguistic	_	none	_	_	_	_	_	_
491-5	PSB018	491	5	<immagino>?	immagino	_	_	_	_	_	linguistic	_	none	Intonation=Rising|PauseAfter=Yes	_	_	Slow=0-8(0)	_	_
491-6	PSB018	491	6	[(.)]	(.)	_	_	_	_	_	shortpause	_	none	_	_	_	_	_	X(142)
491-7	PSB018	491	7	della	della	_	_	_	_	_	linguistic	_	none	_	_	_	_	_	_
491-8	PSB018	491	8	struttura	struttura	_	_	_	_	_	linguistic	_	none	_	_	_	_	_	_
491-9	PSB018	491	9	nella	nella	_	_	_	_	_	linguistic	_	none	_	_	_	_	_	_
491-10	PSB018	491	10	tua	tua	_	_	_	_	_	linguistic	_	none	_	_	_	_	_	_
491-11	PSB018	491	11	testa	testa	_	_	_	_	_	linguistic	_	none	_	End=1645.862	_	_	_	_
492-0	PSB005	492	0	[mhmh	mhmh	_	_	_	_	_	linguistic	_	none	_	Begin=1643.034|End=1643.451	_	_	_	_
493-0	PSB018	493	0	e	e	_	_	_	_	_	linguistic	_	none	_	Begin=1646.983	_	_	_	_
493-1	PSB018	493	1	dopo	dopo	_	_	_	_	_	linguistic	_	none	_	_	_	_	_	_
493-2	PSB018	493	2	solo	solo	_	_	_	_	_	linguistic	_	none	_	_	_	_	_	_
493-3	PSB018	493	3	ca:mbia	cambia	_	_	_	_	_	linguistic	_	none	_	_	1x1	_	_	_
493-4	PSB018	493	4	eh	eh	_	_	_	_	_	linguistic	_	none	_	_	_	_	_	_
493-5	PSB018	493	5	per	per	_	_	_	_	_	linguistic	_	none	_	_	_	_	_	_
493-6	PSB018	493	6	esempio	esempio	_	_	_	_	_	linguistic	_	none	_	_	_	_	_	_
493-7	PSB018	493	7	la	la	_	_	_	_	_	linguistic	_	none	_	_	_	_	_	_
493-8	PSB018	493	8	struttura	struttura	_	_	_	_	_	linguistic	_	none	PauseAfter=Yes	_	_	_	_	_
493-9	PSB018	493	9	(.)	(.)	_	_	_	_	_	shortpause	_	none	_	_	_	_	_	_
493-10	PSB018	493	10	lo	lo	_	_	_	_	_	linguistic	_	none	_	_	_	_	_	_
493-11	PSB018	493	11	stessa	stessa	_	_	_	_	_	linguistic	_	none	_	_	_	_	_	_
493-12	PSB018	493	12	solo	solo	_	_	_	_	_	linguistic	_	none	_	_	_	_	_	_
493-13	PSB018	493	13	questi	questi	_	_	_	_	_	linguistic	_	none	_	_	_	_	_	_
493-14	PSB018	493	14	pezzi	pezzi	_	_	_	_	_	linguistic	_	none	_	_	_	_	_	_
493-15	PSB018	493	15	inglese	inglese	_	_	_	_	_	linguistic	_	none	_	_	_	_	_	_
493-16	PSB018	493	16	cambia	cambia	_	_	_	_	_	linguistic	_	none	_	_	_	_	_	_
493-17	PSB018	493	17	per	per	_	_	_	_	_	linguistic	_	none	_	_	_	_	_	_
493-18	PSB018	493	18	pezzi	pezzi	_	_	_	_	_	linguistic	_	none	_	_	_	_	_	_
493-19	PSB018	493	19	italiani	italiani	_	_	_	_	_	linguistic	_	none	_	_	_	_	_	_
493-20	PSB018	493	20	s~	s~	_	_	_	_	_	linguistic	_	none	Interrupted=Yes	_	_	_	_	_
493-21	PSB018	493	21	ma	ma	_	_	_	_	_	linguistic	_	none	_	End=1658.931	_	_	_	_
494-0	PSB018	494	0	c'	c'	_	_	_	_	_	linguistic	_	none	SpaceAfter=No	Begin=1659.655	_	_	_	_
494-1	PSB018	494	1	è	è	_	_	_	_	_	linguistic	_	none	_	_	_	_	_	_
494-2	PSB018	494	2	qualcosa	qualcosa	_	_	_	_	_	linguistic	_	none	_	End=1661.196	_	_	_	_
495-0	PSB018	495	0	m:h	mh	_	_	_	_	_	linguistic	_	none	_	Begin=1662.103	0x1	_	_	_
495-1	PSB018	495	1	lo	lo	_	_	_	_	_	linguistic	_	none	_	_	_	_	_	_
495-2	PSB018	495	2	stesso	stesso	_	_	_	_	_	linguistic	_	none	PauseAfter=Yes	_	_	_	_	_
495-3	PSB018	495	3	(.)	(.)	_	_	_	_	_	shortpause	_	none	_	_	_	_	_	_
495-4	PSB018	495	4	ma	ma	_	_	_	_	_	linguistic	_	none	_	End=1664.345	_	_	_	_
496-0	PSB018	496	0	e	e	_	_	_	_	_	linguistic	_	none	_	Begin=1665.483	_	_	_	_
496-1	PSB018	496	1	anche	anche	_	_	_	_	_	linguistic	_	none	_	_	_	_	_	_
496-2	PSB018	496	2	quello	quello	_	_	_	_	_	linguistic	_	none	PauseAfter=Yes	_	_	_	_	_
496-3	PSB018	496	3	(.)	(.)	_	_	_	_	_	shortpause	_	none	_	_	_	_	_	_
496-4	PSB018	496	4	perché	perché	_	_	_	_	_	linguistic	_	none	_	_	_	_	_	_
496-5	PSB018	496	5	italiano	italiano	_	_	_	_	_	linguistic	_	none	_	_	_	_	_	_
496-6	PSB018	496	6	è:	è	_	_	_	_	_	linguistic	_	none	_	End=1669.224	0x1	_	_	_
497-0	PSB018	497	0	una	una	_	_	_	_	_	linguistic	_	none	_	Begin=1669.862	_	_	_	_
497-1	PSB018	497	1	lingua	lingua	_	_	_	_	_	linguistic	_	none	_	_	_	_	_	_
497-2	PSB018	497	2	>perché<	perché	_	_	_	_	_	linguistic	_	none	_	_	_	Fast=0-6(0)	_	_
497-3	PSB018	497	3	la	la	_	_	_	_	_	linguistic	_	none	_	_	_	_	_	_
497-4	PSB018	497	4	mia	mia	_	_	_	_	_	linguistic	_	none	_	_	_	_	_	_
497-5	PSB018	497	5	lingua	lingua	_	_	_	_	_	linguistic	_	none	_	_	_	_	_	_
497-6	PSB018	497	6	madre	madre	_	_	_	_	_	linguistic	_	none	_	_	_	_	_	_
497-7	PSB018	497	7	è	è	_	_	_	_	_	linguistic	_	none	_	_	_	_	_	_
497-8	PSB018	497	8	ucraino	ucraino	_	_	_	_	_	linguistic	_	none	_	_	_	_	_	_
497-9	PSB018	497	9	e	e	_	_	_	_	_	linguistic	_	none	_	_	_	_	_	_
497-10	PSB018	497	10	russo	russo	_	_	_	_	_	linguistic	_	none	_	End=1676.0	_	_	_	_
498-0	PSB005	498	0	okay	okay	_	_	_	_	_	linguistic	_	none	_	Begin=1676.017|End=1676.504	_	_	_	_
499-0	PSB018	499	0	eh	eh	_	_	_	_	_	linguistic	_	none	_	Begin=1676.638	_	_	_	_
499-1	PSB018	499	1	questo	questo	_	_	_	_	_	linguistic	_	none	_	_	_	_	_	_
499-2	PSB018	499	2	è	è	_	_	_	_	_	linguistic	_	none	_	_	_	_	_	_
499-3	PSB018	499	3	la	la	_	_	_	_	_	linguistic	_	none	_	_	_	_	_	_
499-4	PSB018	499	4	famiglia	famiglia	_	_	_	_	_	linguistic	_	none	_	_	_	_	_	_
499-5	PSB018	499	5	s:lavi	slavi	_	_	_	_	_	linguistic	_	none	_	End=1679.793	0x1	_	_	_
500-0	PSB005	500	0	mhmh	mhmh	_	_	_	_	_	linguistic	_	none	_	Begin=1679.793|End=1680.207	_	_	_	_
501-0	PSB018	501	0	$caslavia	caslavia	_	_	_	_	_	linguistic	_	none	Orthography=Yes|Variation=Emerging	Begin=1680.241|End=1681.155	_	_	_	_
502-0	PSB005	502	0	slava	slava	_	_	_	_	_	linguistic	_	none	_	Begin=1681.19|End=1681.655	_	_	_	_
503-0	PSB018	503	0	slava	slava	_	_	_	_	_	linguistic	_	none	_	Begin=1681.69	_	_	_	_
503-1	PSB018	503	1	slava	slava	_	_	_	_	_	linguistic	_	none	_	End=1682.775	_	_	_	_
504-0	PSB018	504	0	e:h	eh	_	_	_	_	_	linguistic	_	none	_	Begin=1683.397	0x1	_	_	_
504-1	PSB018	504	1	inglese	inglese	_	_	_	_	_	linguistic	_	none	_	_	_	_	_	_
504-2	PSB018	504	2	tedesco	tedesco	_	_	_	_	_	linguistic	_	none	_	_	_	_	_	_
504-3	PSB018	504	3	è	è	_	_	_	_	_	linguistic	_	none	_	_	_	_	_	_
504-4	PSB018	504	4	la	la	_	_	_	_	_	linguistic	_	none	_	_	_	_	_	_
504-5	PSB018	504	5	famiglia	famiglia	_	_	_	_	_	linguistic	_	none	_	_	_	_	_	_
504-6	PSB018	504	6	tedesca	tedesca	_	_	_	_	_	linguistic	_	none	_	End=1687.241	_	_	_	_
505-0	PSB005	505	0	mhmh	mhmh	_	_	_	_	_	linguistic	_	none	_	Begin=1687.241|End=1687.823	_	_	_	_
506-0	PSB018	506	0	italiano	italiano	_	_	_	_	_	linguistic	_	none	_	Begin=1687.879	_	_	_	_
506-1	PSB018	506	1	la	la	_	_	_	_	_	linguistic	_	none	_	_	_	_	_	_
506-2	PSB018	506	2	famiglia:	famiglia	_	_	_	_	_	linguistic	_	none	_	_	7x1	_	_	_
506-3	PSB018	506	3	romana	romana	_	_	_	_	_	linguistic	_	none	_	_	_	_	_	_
506-4	PSB018	506	4	[roma]na	romana	_	_	_	_	_	linguistic	_	none	_	_	_	_	_	0-4(143)
506-5	PSB018	506	5	allora	allora	_	_	_	_	_	linguistic	_	none	PauseAfter=Yes	_	_	_	_	_
506-6	PSB018	506	6	(.)	(.)	_	_	_	_	_	shortpause	_	none	_	_	_	_	_	_
506-7	PSB018	506	7	tre:::	tre	_	_	_	_	_	linguistic	_	none	_	_	2x3	_	_	_
506-8	PSB018	506	8	famiglie	famiglie	_	_	_	_	_	linguistic	_	none	_	_	_	_	_	_
506-9	PSB018	506	9	diverse	diverse	_	_	_	_	_	linguistic	_	none	_	_	_	_	_	_
506-10	PSB018	506	10	ma	ma	_	_	_	_	_	linguistic	_	none	_	_	_	_	_	_
506-11	PSB018	506	11	anche	anche	_	_	_	_	_	linguistic	_	none	_	_	_	_	_	_
506-12	PSB018	506	12	questo	questo	_	_	_	_	_	linguistic	_	none	_	_	_	_	_	_
506-13	PSB018	506	13	non	non	_	_	_	_	_	linguistic	_	none	_	_	_	_	_	_
506-14	PSB018	506	14	c'	c'	_	_	_	_	_	linguistic	_	none	SpaceAfter=No	_	_	_	_	_
506-15	PSB018	506	15	è	è	_	_	_	_	_	linguistic	_	none	_	_	_	_	_	_
506-16	PSB018	506	16	grande	grande	_	_	_	_	_	linguistic	_	none	_	_	_	_	_	_
506-17	PSB018	506	17	problema	problema	_	_	_	_	_	linguistic	_	none	_	_	_	_	_	_
506-18	PSB018	506	18	perché	perché	_	_	_	_	_	linguistic	_	none	_	_	_	_	_	_
506-19	PSB018	506	19	c'	c'	_	_	_	_	_	linguistic	_	none	SpaceAfter=No	_	_	_	_	_
506-20	PSB018	506	20	è	è	_	_	_	_	_	linguistic	_	none	_	_	_	_	_	_
506-21	PSB018	506	21	qualcosa	qualcosa	_	_	_	_	_	linguistic	_	none	_	_	_	_	_	_
506-22	PSB018	506	22	ehm	ehm	_	_	_	_	_	linguistic	_	none	_	End=1698.966	_	_	_	_
507-0	PSB005	507	0	[sì]	sì	_	_	_	_	_	linguistic	_	none	_	Begin=1690.172|End=1690.571	_	_	_	0-2(143)
508-0	PSB018	508	0	simile	simile	_	_	_	_	_	linguistic	_	none	_	Begin=1699.862	_	_	_	_
508-1	PSB018	508	1	con	con	_	_	_	_	_	linguistic	_	none	_	_	_	_	_	_
508-2	PSB018	508	2	inglese	inglese	_	_	_	_	_	linguistic	_	none	_	End=1702.189	_	_	_	_
509-0	PSB018	509	0	°c'	c'	_	_	_	_	_	linguistic	_	none	SpaceAfter=No|Volume=low	Begin=1702.983	_	_	_	_
509-1	PSB018	509	1	è	è	_	_	_	_	_	linguistic	_	none	Volume=low	_	_	_	_	_
509-2	PSB018	509	2	qualcosa	qualcosa	_	_	_	_	_	linguistic	_	none	Volume=low	_	_	_	_	_
509-3	PSB018	509	3	simile°	simile	_	_	_	_	_	linguistic	_	none	Volume=low	_	_	_	_	_
509-4	PSB018	509	4	con:	con	_	_	_	_	_	linguistic	_	none	_	_	2x1	_	_	_
509-5	PSB018	509	5	russo	russo	_	_	_	_	_	linguistic	_	none	_	_	_	_	_	_
509-6	PSB018	509	6	e	e	_	_	_	_	_	linguistic	_	none	_	_	_	_	_	_
509-7	PSB018	509	7	ucraino	ucraino	_	_	_	_	_	linguistic	_	none	_	_	_	_	_	_
509-8	PSB018	509	8	[no]	no	_	_	_	_	_	linguistic	_	none	_	_	_	_	_	0-2(144)
509-9	PSB018	509	9	come	come	_	_	_	_	_	linguistic	_	none	_	_	_	_	_	_
509-10	PSB018	509	10	e:h	eh	_	_	_	_	_	linguistic	_	none	_	_	0x1	_	_	_
509-11	PSB018	509	11	simile	simile	_	_	_	_	_	linguistic	_	none	_	_	_	_	_	_
509-12	PSB018	509	12	simile	simile	_	_	_	_	_	linguistic	_	none	_	_	_	_	_	_
509-13	PSB018	509	13	ma	ma	_	_	_	_	_	linguistic	_	none	_	_	_	_	_	_
509-14	PSB018	509	14	qualche	qualche	_	_	_	_	_	linguistic	_	none	_	_	_	_	_	_
509-15	PSB018	509	15	tipi	tipi	_	_	_	_	_	linguistic	_	none	PauseAfter=Yes	_	_	_	_	_
509-16	PSB018	509	16	(.)	(.)	_	_	_	_	_	shortpause	_	none	_	_	_	_	_	_
509-17	PSB018	509	17	è	è	_	_	_	_	_	linguistic	_	none	_	_	_	_	_	_
509-18	PSB018	509	18	molto	molto	_	_	_	_	_	linguistic	_	none	_	_	_	_	_	_
509-19	PSB018	509	19	facile	facile	_	_	_	_	_	linguistic	_	none	_	_	_	_	_	_
509-20	PSB018	509	20	<adesso>	adesso	_	_	_	_	_	linguistic	_	none	_	_	_	Slow=0-6(0)	_	_
509-21	PSB018	509	21	ah	ah	_	_	_	_	_	linguistic	_	none	_	End=1715.517	_	_	_	_
510-0	PSB005	510	0	[mh]	mh	_	_	_	_	_	linguistic	_	none	_	Begin=1706.776|End=1707.224	_	_	_	0-2(144)
511-0	PSB018	511	0	i:	i	_	_	_	_	_	linguistic	_	none	_	Begin=1717.276	0x1	_	_	_
511-1	PSB018	511	1	le	le	_	_	_	_	_	linguistic	_	none	_	_	_	_	_	_
511-2	PSB018	511	2	p~	p~	_	_	_	_	_	linguistic	_	none	Interrupted=Yes	_	_	_	_	_
511-3	PSB018	511	3	l:e	le	_	_	_	_	_	linguistic	_	none	_	_	0x1	_	_	_
511-4	PSB018	511	4	persone:	persone	_	_	_	_	_	linguistic	_	none	_	End=1721.103	6x1	_	_	_
512-0	PSB018	512	0	come	come	_	_	_	_	_	linguistic	_	none	_	Begin=1721.69	_	_	_	_
512-1	PSB018	512	1	<professore>	professore	_	_	_	_	_	linguistic	_	none	_	_	_	Slow=0-10(0)	_	_
512-2	PSB018	512	2	di	di	_	_	_	_	_	linguistic	_	none	_	_	_	_	_	_
512-3	PSB018	512	3	delle:	delle	_	_	_	_	_	linguistic	_	none	_	_	4x1	_	_	_
512-4	PSB018	512	4	lingue:	lingue	_	_	_	_	_	linguistic	_	none	_	_	5x1	_	_	_
512-5	PSB018	512	5	psicologia	psicologia	_	_	_	_	_	linguistic	_	none	_	_	_	_	_	_
512-6	PSB018	512	6	anche	anche	_	_	_	_	_	linguistic	_	none	_	_	_	_	_	_
512-7	PSB018	512	7	a:h	ah	_	_	_	_	_	linguistic	_	none	_	End=1729.138	0x1	_	_	_
513-0	PSB018	513	0	loro	loro	_	_	_	_	_	linguistic	_	none	_	Begin=1730.052	_	_	_	_
513-1	PSB018	513	1	parlano	parlano	_	_	_	_	_	linguistic	_	none	_	_	_	_	_	_
513-2	PSB018	513	2	se	se	_	_	_	_	_	linguistic	_	none	PauseAfter=Yes	_	_	_	_	_
513-3	PSB018	513	3	(.)	(.)	_	_	_	_	_	shortpause	_	none	_	_	_	_	_	_
513-4	PSB018	513	4	l'	l'	_	_	_	_	_	linguistic	_	none	SpaceAfter=No	_	_	_	_	_
513-5	PSB018	513	5	altra	altra	_	_	_	_	_	linguistic	_	none	_	_	_	_	_	_
513-6	PSB018	513	6	nuova	nuova	_	_	_	_	_	linguistic	_	none	_	_	_	_	_	_
513-7	PSB018	513	7	lingua	lingua	_	_	_	_	_	linguistic	_	none	_	_	_	_	_	_
513-8	PSB018	513	8	è:	è	_	_	_	_	_	linguistic	_	none	_	End=1736.086	0x1	_	_	_
514-0	PSB018	514	0	più	più	_	_	_	_	_	linguistic	_	none	_	Begin=1736.897	_	_	_	_
514-1	PSB018	514	1	facile	facile	_	_	_	_	_	linguistic	_	none	_	End=1737.828	_	_	_	_
515-0	PSB018	515	0	eh	eh	_	_	_	_	_	linguistic	_	none	_	Begin=1739.431	_	_	_	_
515-1	PSB018	515	1	la	la	_	_	_	_	_	linguistic	_	none	_	_	_	_	_	_
515-2	PSB018	515	2	prima	prima	_	_	_	_	_	linguistic	_	none	_	_	_	_	_	_
515-3	PSB018	515	3	lingua	lingua	_	_	_	_	_	linguistic	_	none	_	_	_	_	_	_
515-4	PSB018	515	4	[sempre]	sempre	_	_	_	_	_	linguistic	_	none	_	_	_	_	_	0-6(145)
515-5	PSB018	515	5	molto	molto	_	_	_	_	_	linguistic	_	none	_	_	_	_	_	_
515-6	PSB018	515	6	diff[icile	difficile	_	_	_	_	_	linguistic	_	none	_	_	_	_	_	4-9(146)
515-7	PSB018	515	7	ma	ma	_	_	_	_	_	linguistic	_	none	_	_	_	_	_	0-2(146)
515-8	PSB018	515	8	l'	l'	_	_	_	_	_	linguistic	_	none	SpaceAfter=No	_	_	_	_	0-2(146)
515-9	PSB018	515	9	altr]a	altra	_	_	_	_	_	linguistic	_	none	_	_	_	_	_	0-4(146)
515-10	PSB018	515	10	è	è	_	_	_	_	_	linguistic	_	none	_	_	_	_	_	_
515-11	PSB018	515	11	[sempre]	sempre	_	_	_	_	_	linguistic	_	none	_	_	_	_	_	0-6(147)
515-12	PSB018	515	12	facile	facile	_	_	_	_	_	linguistic	_	none	_	_	_	_	_	_
515-13	PSB018	515	13	perché	perché	_	_	_	_	_	linguistic	_	none	_	_	_	_	_	_
515-14	PSB018	515	14	tu	tu	_	_	_	_	_	linguistic	_	none	_	_	_	_	_	_
515-15	PSB018	515	15	hai	hai	_	_	_	_	_	linguistic	_	none	_	_	_	_	_	_
515-16	PSB018	515	16	qualche	qualche	_	_	_	_	_	linguistic	_	none	_	_	_	_	_	_
515-17	PSB018	515	17	qualche	qualche	_	_	_	_	_	linguistic	_	none	_	_	_	_	_	_
515-18	PSB018	515	18	°immagi[no°]?	immagino	_	_	_	_	_	linguistic	_	none	Intonation=Rising|Volume=low	End=1749.621	_	_	_	5-8(148)
516-0	PSB005	516	0	[mhmh]	mhmh	_	_	_	_	_	linguistic	_	none	_	Begin=1740.862|End=1741.397	_	_	_	0-4(145)
517-0	PSB005	517	0	[sì	sì	_	_	_	_	_	linguistic	_	none	_	Begin=1742.362	_	_	_	0-2(146)
517-1	PSB005	517	1	sì	sì	_	_	_	_	_	linguistic	_	none	_	_	_	_	_	0-2(146)
517-2	PSB005	517	2	è	è	_	_	_	_	_	linguistic	_	none	_	_	_	_	_	0-1(146)
517-3	PSB005	517	3	chiaro	chiaro	_	_	_	_	_	linguistic	_	none	_	_	_	_	_	0-6(146)
517-4	PSB005	517	4	sì]	sì	_	_	_	_	_	linguistic	_	none	_	End=1743.852	_	_	_	0-2(146)
518-0	PSB005	518	0	[mhmh]	mhmh	_	_	_	_	_	linguistic	_	none	_	Begin=1744.397|End=1744.793	_	_	_	0-4(147)
519-0	PSB005	519	0	[mh]mh	mhmh	_	_	_	_	_	linguistic	_	none	_	Begin=1749.345|End=1749.888	_	_	_	0-2(148)
520-0	PSB018	520	0	°della	della	_	_	_	_	_	linguistic	_	none	Volume=low	Begin=1750.259	_	_	_	_
520-1	PSB018	520	1	struttura	struttura	_	_	_	_	_	linguistic	_	none	Volume=low	_	_	_	_	_
520-2	PSB018	520	2	come	come	_	_	_	_	_	linguistic	_	none	Volume=low	_	_	_	_	_
520-3	PSB018	520	3	eh:°	eh	_	_	_	_	_	linguistic	_	none	PauseAfter=Yes|Volume=low	_	1x1	_	_	_
520-4	PSB018	520	4	(.)	(.)	_	_	_	_	_	shortpause	_	none	_	_	_	_	_	_
520-5	PSB018	520	5	e	e	_	_	_	_	_	linguistic	_	none	_	_	_	_	_	_
520-6	PSB018	520	6	per	per	_	_	_	_	_	linguistic	_	none	_	_	_	_	_	_
520-7	PSB018	520	7	te	te	_	_	_	_	_	linguistic	_	none	_	_	_	_	_	_
520-8	PSB018	520	8	perf~	perf~	_	_	_	_	_	linguistic	_	none	Interrupted=Yes	_	_	_	_	_
520-9	PSB018	520	9	eh	eh	_	_	_	_	_	linguistic	_	none	_	_	_	_	_	_
520-10	PSB018	520	10	sonalmente	sonalmente	_	_	_	_	_	linguistic	_	none	_	_	_	_	_	_
520-11	PSB018	520	11	che:	che	_	_	_	_	_	linguistic	_	none	_	_	2x1	_	_	_
520-12	PSB018	520	12	m:h	mh	_	_	_	_	_	linguistic	_	none	_	End=1758.086	0x1	_	_	_
521-0	PSB018	521	0	che	che	_	_	_	_	_	linguistic	_	none	_	Begin=1759.138	_	_	_	_
521-1	PSB018	521	1	cosa	cosa	_	_	_	_	_	linguistic	_	none	_	_	_	_	_	_
521-2	PSB018	521	2	devo	devo	_	_	_	_	_	linguistic	_	none	_	_	_	_	_	_
521-3	PSB018	521	3	studiare	studiare	_	_	_	_	_	linguistic	_	none	_	_	_	_	_	_
521-4	PSB018	521	4	per	per	_	_	_	_	_	linguistic	_	none	_	_	_	_	_	_
521-5	PSB018	521	5	iniziare	iniziare	_	_	_	_	_	linguistic	_	none	_	_	_	_	_	_
521-6	PSB018	521	6	parlare	parlare	_	_	_	_	_	linguistic	_	none	_	_	_	_	_	_
521-7	PSB018	521	7	>perché<	perché	_	_	_	_	_	linguistic	_	none	_	End=1763.052	_	Fast=0-6(0)	_	_
522-0	PSB018	522	0	ah	ah	_	_	_	_	_	linguistic	_	none	_	Begin=1763.603	_	_	_	_
522-1	PSB018	522	1	una	una	_	_	_	_	_	linguistic	_	none	_	_	_	_	_	_
522-2	PSB018	522	2	persona	persona	_	_	_	_	_	linguistic	_	none	_	_	_	_	_	_
522-3	PSB018	522	3	eh	eh	_	_	_	_	_	linguistic	_	none	_	_	_	_	_	_
522-4	PSB018	522	4	ha:	ha	_	_	_	_	_	linguistic	_	none	_	End=1766.776	1x1	_	_	_
523-0	PSB018	523	0	tutto	tutto	_	_	_	_	_	linguistic	_	none	_	Begin=1767.621	_	_	_	_
523-1	PSB018	523	1	per	per	_	_	_	_	_	linguistic	_	none	_	_	_	_	_	_
523-2	PSB018	523	2	parlare	parlare	_	_	_	_	_	linguistic	_	none	_	_	_	_	_	_
523-3	PSB018	523	3	grammatica	grammatica	_	_	_	_	_	linguistic	_	none	_	_	_	_	_	_
523-4	PSB018	523	4	p~	p~	_	_	_	_	_	linguistic	_	none	Interrupted=Yes	_	_	_	_	_
523-5	PSB018	523	5	le	le	_	_	_	_	_	linguistic	_	none	_	_	_	_	_	_
523-6	PSB018	523	6	parole	parole	_	_	_	_	_	linguistic	_	none	_	_	_	_	_	_
523-7	PSB018	523	7	e:h	eh	_	_	_	_	_	linguistic	_	none	_	_	0x1	_	_	_
523-8	PSB018	523	8	ese~	ese~	_	_	_	_	_	linguistic	_	none	Interrupted=Yes	_	_	_	_	_
523-9	PSB018	523	9	ehm	ehm	_	_	_	_	_	linguistic	_	none	_	_	_	_	_	_
523-10	PSB018	523	10	tutto	tutto	_	_	_	_	_	linguistic	_	none	_	_	_	_	_	_
523-11	PSB018	523	11	tutta	tutta	_	_	_	_	_	linguistic	_	none	_	_	_	_	_	_
523-12	PSB018	523	12	ma	ma	_	_	_	_	_	linguistic	_	none	_	_	_	_	_	_
523-13	PSB018	523	13	questo	questo	_	_	_	_	_	linguistic	_	none	_	_	_	_	_	_
523-14	PSB018	523	14	mh	mh	_	_	_	_	_	linguistic	_	none	_	_	_	_	_	_
523-15	PSB018	523	15	b:arrier~	barrier~	_	_	_	_	_	linguistic	_	none	Interrupted=Yes	_	0x1	_	_	_
523-16	PSB018	523	16	barri~	barri~	_	_	_	_	_	linguistic	_	none	Interrupted=Yes	_	_	_	_	_
523-17	PSB018	523	17	bri~	bri~	_	_	_	_	_	linguistic	_	none	Interrupted=Yes	_	_	_	_	_
523-18	PSB018	523	18	brie	brie	_	_	_	_	_	linguistic	_	none	_	End=1779.828	_	_	_	_
524-0	PSB018	524	0	a:h	ah	_	_	_	_	_	linguistic	_	none	_	Begin=1780.069	0x1	_	_	_
524-1	PSB018	524	1	per	per	_	_	_	_	_	linguistic	_	none	_	_	_	_	_	_
524-2	PSB018	524	2	iniziare	iniziare	_	_	_	_	_	linguistic	_	none	_	_	_	_	_	_
524-3	PSB018	524	3	parlare	parlare	_	_	_	_	_	linguistic	_	none	_	End=1782.293	_	_	_	_
525-0	PSB018	525	0	come	come	_	_	_	_	_	linguistic	_	yes	_	Begin=1782.776	_	_	_	_
525-1	PSB018	525	1	#psycholog[ic]	psychologic	_	_	_	_	_	linguistic	_	yes	Language=NO_ISO_CODE|Variation=Token	End=1783.887	_	_	_	10-12(149)
526-0	PSB005	526	0	[sì	sì	_	_	_	_	_	linguistic	_	none	_	Begin=1783.586	_	_	_	0-2(149)
526-1	PSB005	526	1	s]ì	sì	_	_	_	_	_	linguistic	_	none	_	_	_	_	_	0-1(149)
526-2	PSB005	526	2	sì	sì	_	_	_	_	_	linguistic	_	none	_	End=1784.323	_	_	_	_
527-0	PSB018	527	0	barrie~	barrie~	_	_	_	_	_	linguistic	_	none	Interrupted=Yes	Begin=1784.379|End=1785.017	_	_	_	_
528-0	PSB005	528	0	filtro	filtro	_	_	_	_	_	linguistic	_	none	_	Begin=1785.032	_	_	_	_
528-1	PSB005	528	1	diciamo	diciamo	_	_	_	_	_	linguistic	_	none	_	_	_	_	_	_
528-2	PSB005	528	2	noi	noi	_	_	_	_	_	linguistic	_	none	_	_	_	_	_	_
528-3	PSB005	528	3	sì	sì	_	_	_	_	_	linguistic	_	none	_	_	_	_	_	_
528-4	PSB005	528	4	[un	un	_	_	_	_	_	linguistic	_	none	_	_	_	_	_	0-2(150)
528-5	PSB005	528	5	filtro	filtro	_	_	_	_	_	linguistic	_	none	_	_	_	_	_	0-6(150)
528-6	PSB005	528	6	sì]	sì	_	_	_	_	_	linguistic	_	none	_	End=1787.419	_	_	_	0-2(150)
529-0	PSB018	529	0	[ah	ah	_	_	_	_	_	linguistic	_	none	_	Begin=1786.5	_	_	_	0-2(150)
529-1	PSB018	529	1	filtro	filtro	_	_	_	_	_	linguistic	_	none	_	_	_	_	_	0-6(150)
529-2	PSB018	529	2	u]n	un	_	_	_	_	_	linguistic	_	none	_	_	_	_	_	0-1(150)
529-3	PSB018	529	3	filtro	filtro	_	_	_	_	_	linguistic	_	none	_	_	_	_	_	_
529-4	PSB018	529	4	è	è	_	_	_	_	_	linguistic	_	none	_	_	_	_	_	_
529-5	PSB018	529	5	allora	allora	_	_	_	_	_	linguistic	_	none	_	_	_	_	_	_
529-6	PSB018	529	6	così	così	_	_	_	_	_	linguistic	_	none	_	End=1789.887	_	_	_	_
530-0	PSB005	530	0	sì	sì	_	_	_	_	_	linguistic	_	none	_	Begin=1789.887	_	_	_	_
530-1	PSB005	530	1	sì	sì	_	_	_	_	_	linguistic	_	none	_	_	_	_	_	_
530-2	PSB005	530	2	sì	sì	_	_	_	_	_	linguistic	_	none	_	_	_	_	_	_
530-3	PSB005	530	3	è	è	_	_	_	_	_	linguistic	_	none	_	_	_	_	_	_
530-4	PSB005	530	4	chiaro	chiaro	_	_	_	_	_	linguistic	_	none	_	_	_	_	_	_
530-5	PSB005	530	5	e	e	_	_	_	_	_	linguistic	_	none	_	_	_	_	_	_
530-6	PSB005	530	6	e	e	_	_	_	_	_	linguistic	_	none	_	_	_	_	_	_
530-7	PSB005	530	7	quindi	quindi	_	_	_	_	_	linguistic	_	none	_	End=1792.2	_	_	_	_
531-0	PSB005	531	0	tu	tu	_	_	_	_	_	linguistic	_	none	_	Begin=1792.71	_	_	_	_
531-1	PSB005	531	1	s~	s~	_	_	_	_	_	linguistic	_	none	Interrupted=Yes	_	_	_	_	_
531-2	PSB005	531	2	conosci	conosci	_	_	_	_	_	linguistic	_	none	_	_	_	_	_	_
531-3	PSB005	531	3	l'	l'	_	_	_	_	_	linguistic	_	none	SpaceAfter=No	_	_	_	_	_
531-4	PSB005	531	4	ucraino	ucraino	_	_	_	_	_	linguistic	_	none	_	_	_	_	_	_
531-5	PSB005	531	5	e	e	_	_	_	_	_	linguistic	_	none	_	_	_	_	_	_
531-6	PSB005	531	6	russo	russo	_	_	_	_	_	linguistic	_	none	PauseAfter=Yes	_	_	_	_	_
531-7	PSB005	531	7	(.)	(.)	_	_	_	_	_	shortpause	_	none	_	_	_	_	_	_
531-8	PSB005	531	8	[da	da	_	_	_	_	_	linguistic	_	none	_	_	_	_	_	0-2(151)
531-9	PSB005	531	9	quando]	quando	_	_	_	_	_	linguistic	_	none	_	_	_	_	_	0-6(151)
531-10	PSB005	531	10	sei	sei	_	_	_	_	_	linguistic	_	none	_	_	_	_	_	_
531-11	PSB005	531	11	piccola,	piccola	_	_	_	_	_	linguistic	_	none	Intonation=WeaklyRising	End=1797.0	_	_	_	_
532-0	PSB018	532	0	[eh]	eh	_	_	_	_	_	linguistic	_	none	_	Begin=1795.581|End=1796.129	_	_	_	0-2(151)
533-0	PSB018	533	0	mh	mh	_	_	_	_	_	linguistic	_	none	_	Begin=1797.307	_	_	_	_
533-1	PSB018	533	1	sì	sì	_	_	_	_	_	linguistic	_	none	_	End=1797.977	_	_	_	_
534-0	PSB005	534	0	perché	perché	_	_	_	_	_	linguistic	_	none	_	Begin=1798.113	_	_	_	_
534-1	PSB005	534	1	nella	nella	_	_	_	_	_	linguistic	_	none	_	_	_	_	_	_
534-2	PSB005	534	2	tua	tua	_	_	_	_	_	linguistic	_	none	_	_	_	_	_	_
534-3	PSB005	534	3	famiglia	famiglia	_	_	_	_	_	linguistic	_	none	_	_	_	_	_	_
534-4	PSB005	534	4	che	che	_	_	_	_	_	linguistic	_	none	_	_	_	_	_	_
534-5	PSB005	534	5	cosa:	cosa	_	_	_	_	_	linguistic	_	none	_	_	3x1	_	_	_
534-6	PSB005	534	6	parlavate	parlavate	_	_	_	_	_	linguistic	_	none	_	_	_	_	_	_
534-7	PSB005	534	7	con	con	_	_	_	_	_	linguistic	_	none	_	_	_	_	_	_
534-8	PSB005	534	8	i	i	_	_	_	_	_	linguistic	_	none	_	_	_	_	_	_
534-9	PSB005	534	9	tuoi	tuoi	_	_	_	_	_	linguistic	_	none	_	_	_	_	_	_
534-10	PSB005	534	10	genitori	genitori	_	_	_	_	_	linguistic	_	none	_	End=1802.113	_	_	_	_
535-0	PSB018	535	0	allora	allora	_	_	_	_	_	linguistic	_	none	_	Begin=1802.597|End=1803.274	_	_	_	_
536-0	PSB018	536	0	inizi(o)	inizio	_	_	_	_	_	linguistic	_	none	_	Begin=1804.919	_	_	5-6(0)	_
536-1	PSB018	536	1	inizi	inizi	_	_	_	_	_	linguistic	_	none	_	_	_	_	_	_
536-2	PSB018	536	2	ehm	ehm	_	_	_	_	_	linguistic	_	none	_	_	_	_	_	_
536-3	PSB018	536	3	la	la	_	_	_	_	_	linguistic	_	none	_	_	_	_	_	_
536-4	PSB018	536	4	mia	mia	_	_	_	_	_	linguistic	_	none	_	_	_	_	_	_
536-5	PSB018	536	5	famiglia	famiglia	_	_	_	_	_	linguistic	_	none	_	_	_	_	_	_
536-6	PSB018	536	6	è:	è	_	_	_	_	_	linguistic	_	none	_	_	0x1	_	_	_
536-7	PSB018	536	7	un	un	_	_	_	_	_	linguistic	_	none	_	_	_	_	_	_
536-8	PSB018	536	8	mix	mix	_	_	_	_	_	linguistic	_	none	_	_	_	_	_	_
536-9	PSB018	536	9	di	di	_	_	_	_	_	linguistic	_	none	_	_	_	_	_	_
536-10	PSB018	536	10	europa,	europa	_	_	_	_	_	linguistic	_	none	Intonation=WeaklyRising	_	_	_	_	_
536-11	PSB018	536	11	eh	eh	_	_	_	_	_	linguistic	_	none	PauseAfter=Yes	_	_	_	_	_
536-12	PSB018	536	12	(.)	(.)	_	_	_	_	_	shortpause	_	none	_	_	_	_	_	_
536-13	PSB018	536	13	s:-	s-	_	_	_	_	_	linguistic	_	none	Interrupted=Yes	_	0x1	_	_	_
536-14	PSB018	536	14	$uniti	uniti	_	_	_	_	_	linguistic	_	none	Orthography=Yes|Variation=Emerging	_	_	_	_	_
536-15	PSB018	536	15	sovieti[che]	sovietiche	_	_	_	_	_	linguistic	_	none	_	End=1813.903	_	_	_	7-10(152)
537-0	PSB005	537	0	[mhmh[	mhmh	_	_	_	_	_	linguistic	_	none	_	Begin=1813.597|End=1814.097	_	_	_	_
538-0	PSB018	538	0	mio	mio	_	_	_	_	_	linguistic	_	none	_	Begin=1814.565	_	_	_	_
538-1	PSB018	538	1	ba~	ba~	_	_	_	_	_	linguistic	_	none	Interrupted=Yes	_	_	_	_	_
538-2	PSB018	538	2	eh	eh	_	_	_	_	_	linguistic	_	none	_	_	_	_	_	_
538-3	PSB018	538	3	mio	mio	_	_	_	_	_	linguistic	_	none	_	_	_	_	_	_
538-4	PSB018	538	4	pappa	pappa	_	_	_	_	_	linguistic	_	none	_	_	_	_	_	_
538-5	PSB018	538	5	è:	è	_	_	_	_	_	linguistic	_	none	PauseAfter=Yes	_	0x1	_	_	_
538-6	PSB018	538	6	(.)	(.)	_	_	_	_	_	shortpause	_	none	_	_	_	_	_	_
538-7	PSB018	538	7	moldava	moldava	_	_	_	_	_	linguistic	_	none	_	End=1818.645	_	_	_	_
539-0	PSB005	539	0	okay	okay	_	_	_	_	_	linguistic	_	none	_	Begin=1818.855|End=1819.484	_	_	_	_
540-0	PSB018	540	0	mamma	mamma	_	_	_	_	_	linguistic	_	none	_	Begin=1819.968	_	_	_	_
540-1	PSB018	540	1	è:	è	_	_	_	_	_	linguistic	_	none	_	_	0x1	_	_	_
540-2	PSB018	540	2	russa	russa	_	_	_	_	_	linguistic	_	none	_	_	_	_	_	_
540-3	PSB018	540	3	ucraina	ucraina	_	_	_	_	_	linguistic	_	none	_	_	_	_	_	_
540-4	PSB018	540	4	metà	metà	_	_	_	_	_	linguistic	_	none	_	_	_	_	_	_
540-5	PSB018	540	5	metà	metà	_	_	_	_	_	linguistic	_	none	_	_	_	_	_	_
540-6	PSB018	540	6	[°metà]	metà	_	_	_	_	_	linguistic	_	none	Volume=low	_	_	_	_	0-4(153)
540-7	PSB018	540	7	metà°	metà	_	_	_	_	_	linguistic	_	none	Volume=low	_	_	_	_	_
540-8	PSB018	540	8	ma:	ma	_	_	_	_	_	linguistic	_	none	_	End=1825.613	1x1	_	_	_
541-0	PSB005	541	0	[mhmh]	mhmh	_	_	_	_	_	linguistic	_	none	_	Begin=1823.597|End=1824.048	_	_	_	0-4(153)
542-0	PSB018	542	0	è:	è	_	_	_	_	_	linguistic	_	none	_	Begin=1827.226	0x1	_	_	_
542-1	PSB018	542	1	la	la	_	_	_	_	_	linguistic	_	none	_	_	_	_	_	_
542-2	PSB018	542	2	$territoria	territoria	_	_	_	_	_	linguistic	_	none	Orthography=Yes|Variation=Emerging	_	_	_	_	_
542-3	PSB018	542	3	dove	dove	_	_	_	_	_	linguistic	_	none	_	_	_	_	_	_
542-4	PSB018	542	4	loro	loro	_	_	_	_	_	linguistic	_	none	_	End=1830.71	_	_	_	_
543-0	PSB018	543	0	a:h	ah	_	_	_	_	_	linguistic	_	none	_	Begin=1831.742	0x1	_	_	_
543-1	PSB018	543	1	<so:no>	sono	_	_	_	_	_	linguistic	_	none	_	_	1x1	Slow=0-4(0)	_	_
543-2	PSB018	543	2	nati	nati	_	_	_	_	_	linguistic	_	none	_	End=1834.694	_	_	_	_
544-0	PSB005	544	0	mhmh	mhmh	_	_	_	_	_	linguistic	_	none	_	Begin=1834.726|End=1835.149	_	_	_	_
545-0	PSB018	545	0	era	era	_	_	_	_	_	linguistic	_	none	_	Begin=1836.0	_	_	_	_
545-1	PSB018	545	1	moldavia	moldavia	_	_	_	_	_	linguistic	_	none	_	End=1837.054	_	_	_	_
546-0	PSB005	546	0	oka[y]	okay	_	_	_	_	_	linguistic	_	none	_	Begin=1837.403|End=1837.758	_	_	_	3-4(154)
547-0	PSB018	547	0	[tu]tti	tutti	_	_	_	_	_	linguistic	_	none	_	Begin=1837.677	_	_	_	0-2(154)
547-1	PSB018	547	1	due	due	_	_	_	_	_	linguistic	_	none	_	End=1838.516	_	_	_	_
548-0	PSB005	548	0	sì	sì	_	_	_	_	_	linguistic	_	none	_	Begin=1838.532|End=1838.839	_	_	_	_
549-0	PSB018	549	0	ma:	ma	_	_	_	_	_	linguistic	_	none	_	Begin=1839.016	1x1	_	_	_
549-1	PSB018	549	1	la	la	_	_	_	_	_	linguistic	_	none	_	_	_	_	_	_
549-2	PSB018	549	2	zona	zona	_	_	_	_	_	linguistic	_	none	_	_	_	_	_	_
549-3	PSB018	549	3	de~	de~	_	_	_	_	_	linguistic	_	none	Interrupted=Yes	_	_	_	_	_
549-4	PSB018	549	4	dove	dove	_	_	_	_	_	linguistic	_	none	_	_	_	_	_	_
549-5	PSB018	549	5	la	la	_	_	_	_	_	linguistic	_	none	_	_	_	_	_	_
549-6	PSB018	549	6	mia	mia	_	_	_	_	_	linguistic	_	none	_	_	_	_	_	_
549-7	PSB018	549	7	mamma	mamma	_	_	_	_	_	linguistic	_	none	_	_	_	_	_	_
549-8	PSB018	549	8	era	era	_	_	_	_	_	linguistic	_	none	_	_	_	_	_	_
549-9	PSB018	549	9	piccola	piccola	_	_	_	_	_	linguistic	_	none	_	End=1842.984	_	_	_	_
550-0	PSB018	550	0	è	è	_	_	_	_	_	linguistic	_	none	_	Begin=1843.968	_	_	_	_
550-1	PSB018	550	1	vicino	vicino	_	_	_	_	_	linguistic	_	none	_	_	_	_	_	_
550-2	PSB018	550	2	a:	a	_	_	_	_	_	linguistic	_	none	_	_	0x1	_	_	_
550-3	PSB018	550	3	ucraina	ucraina	_	_	_	_	_	linguistic	_	none	_	End=1845.936	_	_	_	_
551-0	PSB018	551	0	e:h	eh	_	_	_	_	_	linguistic	_	none	_	Begin=1846.484	0x1	_	_	_
551-1	PSB018	551	1	quella	quella	_	_	_	_	_	linguistic	_	none	_	_	_	_	_	_
551-2	PSB018	551	2	zona:	zona	_	_	_	_	_	linguistic	_	none	_	End=1848.597	3x1	_	_	_
552-0	PSB018	552	0	tutte	tutte	_	_	_	_	_	linguistic	_	none	_	Begin=1850.032	_	_	_	_
552-1	PSB018	552	1	le	le	_	_	_	_	_	linguistic	_	none	_	_	_	_	_	_
552-2	PSB018	552	2	pro~	pro~	_	_	_	_	_	linguistic	_	none	Interrupted=Yes	_	_	_	_	_
552-3	PSB018	552	3	po~	po~	_	_	_	_	_	linguistic	_	none	Interrupted=Yes	_	_	_	_	_
552-4	PSB018	552	4	persone	persone	_	_	_	_	_	linguistic	_	none	_	_	_	_	_	_
552-5	PSB018	552	5	parlano	parlano	_	_	_	_	_	linguistic	_	none	_	_	_	_	_	_
552-6	PSB018	552	6	ucraino	ucraino	_	_	_	_	_	linguistic	_	none	_	End=1852.871	_	_	_	_
553-0	PSB005	553	0	mhmh	mhmh	_	_	_	_	_	linguistic	_	none	_	Begin=1852.887|End=1853.339	_	_	_	_
554-0	PSB018	554	0	ma	ma	_	_	_	_	_	linguistic	_	none	_	Begin=1853.565	_	_	_	_
554-1	PSB018	554	1	ucraino	ucraino	_	_	_	_	_	linguistic	_	none	_	_	_	_	_	_
554-2	PSB018	554	2	come	come	_	_	_	_	_	linguistic	_	none	_	_	_	_	_	_
554-3	PSB018	554	3	siciliani	siciliani	_	_	_	_	_	linguistic	_	none	_	_	_	_	_	_
554-4	PSB018	554	4	parlano	parlano	_	_	_	_	_	linguistic	_	none	_	_	_	_	_	_
554-5	PSB018	554	5	italian[o	italiano	_	_	_	_	_	linguistic	_	none	_	_	_	_	_	7-8(155)
554-6	PSB018	554	6	con:	con	_	_	_	_	_	linguistic	_	none	_	_	2x1	_	_	0-3(155)
554-7	PSB018	554	7	l]a:	la	_	_	_	_	_	linguistic	_	none	_	_	1x1	_	_	0-1(155)
554-8	PSB018	554	8	specifica	specifica	_	_	_	_	_	linguistic	_	none	_	_	_	_	_	_
554-9	PSB018	554	9	un	un	_	_	_	_	_	linguistic	_	none	_	_	_	_	_	_
554-10	PSB018	554	10	un:	un	_	_	_	_	_	linguistic	_	none	_	End=1863.226	1x1	_	_	_
555-0	PSB005	555	0	[okay	okay	_	_	_	_	_	linguistic	_	none	_	Begin=1857.532	_	_	_	0-4(155)
555-1	PSB005	555	1	capito]	capito	_	_	_	_	_	linguistic	_	none	_	End=1858.858	_	_	_	0-6(155)
556-0	PSB018	556	0	tipo	tipo	_	_	_	_	_	linguistic	_	none	_	Begin=1864.0	_	_	_	_
556-1	PSB018	556	1	°questi:°	questi	_	_	_	_	_	linguistic	_	none	PauseAfter=Yes|Volume=low	_	5x1	_	_	_
556-2	PSB018	556	2	(.)	(.)	_	_	_	_	_	shortpause	_	none	_	_	_	_	_	_
556-3	PSB018	556	3	dialetto	dialetto	_	_	_	_	_	linguistic	_	none	_	End=1867.177	_	_	_	_
557-0	PSB005	557	0	okay	okay	_	_	_	_	_	linguistic	_	none	_	Begin=1867.21	_	_	_	_
557-1	PSB005	557	1	[un	un	_	_	_	_	_	linguistic	_	none	_	_	_	_	_	0-2(156)
557-2	PSB005	557	2	diale]tto	dialetto	_	_	_	_	_	linguistic	_	none	_	_	_	_	_	0-5(156)
557-3	PSB005	557	3	ucrai[no]	ucraino	_	_	_	_	_	linguistic	_	none	_	End=1869.29	_	_	_	5-7(157)
558-0	PSB018	558	0	[xx]	xx	_	_	_	_	_	unknown	_	none	Syllables=2	Begin=1867.871|End=1868.306	_	_	_	0-2(156)
559-0	PSB018	559	0	[ucra]in[o	ucraino	_	_	_	_	_	linguistic	_	none	_	Begin=1868.887	_	_	_	0-4(157),6-7(158)
559-1	PSB018	559	1	esatto	esatto	_	_	_	_	_	linguistic	_	none	_	_	_	_	_	0-6(158)
559-2	PSB018	559	2	m]a	ma	_	_	_	_	_	linguistic	_	none	_	_	_	_	_	0-1(158)
559-3	PSB018	559	3	con	con	_	_	_	_	_	linguistic	_	none	_	_	_	_	_	_
559-4	PSB018	559	4	influenza	influenza	_	_	_	_	_	linguistic	_	none	_	_	_	_	_	_
559-5	PSB018	559	5	della	della	_	_	_	_	_	linguistic	_	none	_	_	_	_	_	_
559-6	PSB018	559	6	lingua	lingua	_	_	_	_	_	linguistic	_	none	_	_	_	_	_	_
559-7	PSB018	559	7	<moldava	moldava	_	_	_	_	_	linguistic	_	none	_	_	_	Slow=0-7(0)	_	_
559-8	PSB018	559	8	e	e	_	_	_	_	_	linguistic	_	none	_	_	_	Slow=0-1(0)	_	_
559-9	PSB018	559	9	russa>	russa	_	_	_	_	_	linguistic	_	none	_	End=1876.442	_	Slow=0-5(0)	_	_
560-0	PSB005	560	0	[okay	okay	_	_	_	_	_	linguistic	_	none	_	Begin=1869.645	_	_	_	0-4(158)
560-1	PSB005	560	1	okay]	okay	_	_	_	_	_	linguistic	_	none	_	End=1870.759	_	_	_	0-4(158)
561-0	PSB018	561	0	perché	perché	_	_	_	_	_	linguistic	_	none	_	Begin=1877.145	_	_	_	_
561-1	PSB018	561	1	$[uni]ti	uniti	_	_	_	_	_	linguistic	_	none	Orthography=Yes|Variation=Emerging	_	_	_	_	1-4(159)
561-2	PSB018	561	2	sovietiche	sovietiche	_	_	_	_	_	linguistic	_	none	_	_	_	_	_	_
561-3	PSB018	561	3	è	è	_	_	_	_	_	linguistic	_	none	_	_	_	_	_	_
561-4	PSB018	561	4	un	un	_	_	_	_	_	linguistic	_	none	_	_	_	_	_	_
561-5	PSB018	561	5	grande	grande	_	_	_	_	_	linguistic	_	none	_	_	_	_	_	_
561-6	PSB018	561	6	mix	mix	_	_	_	_	_	linguistic	_	none	_	End=1880.952	_	_	_	_
562-0	PSB005	562	0	[wow]	wow	_	_	_	_	_	linguistic	_	none	_	Begin=1877.839	_	_	_	0-3(159)
562-1	PSB005	562	1	((ride))	((ride))	_	_	_	_	_	nonverbalbehavior	_	none	_	End=1879.045	_	_	_	_
563-0	PSB018	563	0	per	per	_	_	_	_	_	linguistic	_	none	_	Begin=1881.468	_	_	_	_
563-1	PSB018	563	1	tutte	tutte	_	_	_	_	_	linguistic	_	none	_	_	_	_	_	_
563-2	PSB018	563	2	le	le	_	_	_	_	_	linguistic	_	none	_	_	_	_	_	_
563-3	PSB018	563	3	perché	perché	_	_	_	_	_	linguistic	_	none	_	_	_	_	_	_
563-4	PSB018	563	4	e:h	eh	_	_	_	_	_	linguistic	_	none	_	End=1883.806	0x1	_	_	_
564-0	PSB018	564	0	m:h	mh	_	_	_	_	_	linguistic	_	none	_	Begin=1887.129	0x1	_	_	_
564-1	PSB018	564	1	c'	c'	_	_	_	_	_	linguistic	_	none	SpaceAfter=No	_	_	_	_	_
564-2	PSB018	564	2	era~	era~	_	_	_	_	_	linguistic	_	none	Interrupted=Yes	_	_	_	_	_
564-3	PSB018	564	3	<c'	c'	_	_	_	_	_	linguistic	_	none	SpaceAfter=No	_	_	Slow=0-2(0)	_	_
564-4	PSB018	564	4	erano>	erano	_	_	_	_	_	linguistic	_	none	_	_	_	Slow=0-4(0)	_	_
564-5	PSB018	564	5	quindici:	quindici	_	_	_	_	_	linguistic	_	none	_	_	7x1	_	_	_
564-6	PSB018	564	6	repubbliche	repubbliche	_	_	_	_	_	linguistic	_	none	_	End=1892.645	_	_	_	_
565-0	PSB005	565	0	mhmh	mhmh	_	_	_	_	_	linguistic	_	none	_	Begin=1892.887|End=1893.492	_	_	_	_
566-0	PSB018	566	0	in	in	_	_	_	_	_	linguistic	_	none	_	Begin=1893.532	_	_	_	_
566-1	PSB018	566	1	$uniti	uniti	_	_	_	_	_	linguistic	_	none	Orthography=Yes|Variation=Emerging	_	_	_	_	_
566-2	PSB018	566	2	[sovietiche]	sovietiche	_	_	_	_	_	linguistic	_	none	_	End=1894.903	_	_	_	0-10(160)
567-0	PSB005	567	0	[mhmh	mhmh	_	_	_	_	_	linguistic	_	none	_	Begin=1894.323	_	_	_	0-4(160)
567-1	PSB005	567	1	mh]	mh	_	_	_	_	_	linguistic	_	none	_	End=1894.855	_	_	_	0-2(160)
568-0	PSB018	568	0	e:::	e	_	_	_	_	_	linguistic	_	none	PauseAfter=Yes	Begin=1896.21	0x3	_	_	_
568-1	PSB018	568	1	(.)	(.)	_	_	_	_	_	shortpause	_	none	_	_	_	_	_	_
568-2	PSB018	568	2	tutte	tutte	_	_	_	_	_	linguistic	_	none	_	_	_	_	_	_
568-3	PSB018	568	3	le	le	_	_	_	_	_	linguistic	_	none	_	_	_	_	_	_
568-4	PSB018	568	4	repubbliche	repubbliche	_	_	_	_	_	linguistic	_	none	_	End=1899.726	_	_	_	_
569-0	PSB018	569	0	parlano	parlano	_	_	_	_	_	linguistic	_	none	_	Begin=1900.403	_	_	_	_
569-1	PSB018	569	1	in	in	_	_	_	_	_	linguistic	_	none	_	_	_	_	_	_
569-2	PSB018	569	2	passato	passato	_	_	_	_	_	linguistic	_	none	_	_	_	_	_	_
569-3	PSB018	569	3	no	no	_	_	_	_	_	linguistic	_	none	_	_	_	_	_	_
569-4	PSB018	569	4	hanno	hanno	_	_	_	_	_	linguistic	_	none	_	_	_	_	_	_
569-5	PSB018	569	5	parl~	parl~	_	_	_	_	_	linguistic	_	none	Interrupted=Yes	_	_	_	_	_
569-6	PSB018	569	6	hanno	hanno	_	_	_	_	_	linguistic	_	none	_	End=1903.79	_	_	_	_
570-0	PSB005	570	0	parl~	parl~	_	_	_	_	_	linguistic	_	none	Interrupted=Yes	Begin=1903.806	_	_	_	_
570-1	PSB005	570	1	parlavano	parlavano	_	_	_	_	_	linguistic	_	none	_	_	_	_	_	_
570-2	PSB005	570	2	[sì	sì	_	_	_	_	_	linguistic	_	none	_	_	_	_	_	0-2(161)
570-3	PSB005	570	3	(usavano)	usavano	_	_	_	_	_	linguistic	_	none	_	_	_	_	0-7(0)	0-7(161)
570-4	PSB005	570	4	sì]	sì	_	_	_	_	_	linguistic	_	none	_	End=1906.032	_	_	_	0-2(161)
571-0	PSB018	571	0	[parlavano	parlavano	_	_	_	_	_	linguistic	_	none	_	Begin=1904.984	_	_	_	0-9(161)
571-1	PSB018	571	1	parla]vano	parlavano	_	_	_	_	_	linguistic	_	none	_	_	_	_	_	0-5(161)
571-2	PSB018	571	2	sempre	sempre	_	_	_	_	_	linguistic	_	none	_	_	_	_	_	_
571-3	PSB018	571	3	due	due	_	_	_	_	_	linguistic	_	none	_	_	_	_	_	_
571-4	PSB018	571	4	lingue	lingue	_	_	_	_	_	linguistic	_	none	_	_	_	_	_	_
571-5	PSB018	571	5	[tutte]	tutte	_	_	_	_	_	linguistic	_	none	_	_	_	_	_	0-5(162)
571-6	PSB018	571	6	le	le	_	_	_	_	_	linguistic	_	none	_	_	_	_	_	_
571-7	PSB018	571	7	famigli[e	famiglie	_	_	_	_	_	linguistic	_	none	_	_	_	_	_	7-8(163)
571-8	PSB018	571	8	parlan]o	parlano	_	_	_	_	_	linguistic	_	none	_	_	_	_	_	0-6(163)
571-9	PSB018	571	9	due	due	_	_	_	_	_	linguistic	_	none	_	_	_	_	_	_
571-10	PSB018	571	10	lingue	lingue	_	_	_	_	_	linguistic	_	none	_	_	_	_	_	_
571-11	PSB018	571	11	e:h	eh	_	_	_	_	_	linguistic	_	none	_	_	0x1	_	_	_
571-12	PSB018	571	12	russo,	russo	_	_	_	_	_	linguistic	_	none	Intonation=WeaklyRising	End=1912.597	_	_	_	_
572-0	PSB005	572	0	[mhmh]	mhmh	_	_	_	_	_	linguistic	_	none	_	Begin=1908.274|End=1908.758	_	_	_	0-4(162)
573-0	PSB005	573	0	[(wow)]	wow	_	_	_	_	_	linguistic	_	none	_	Begin=1909.306|End=1910.032	_	_	0-3(0)	0-3(163)
574-0	PSB018	574	0	e:	e	_	_	_	_	_	linguistic	_	none	_	Begin=1913.46	0x1	_	_	_
574-1	PSB018	574	1	l~	l~	_	_	_	_	_	linguistic	_	none	Interrupted=Yes	_	_	_	_	_
574-2	PSB018	574	2	la	la	_	_	_	_	_	linguistic	_	none	_	_	_	_	_	_
574-3	PSB018	574	3	lingua:	lingua	_	_	_	_	_	linguistic	_	none	_	_	5x1	_	_	_
574-4	PSB018	574	4	madre	madre	_	_	_	_	_	linguistic	_	none	_	_	_	_	_	_
574-5	PSB018	574	5	[molda]va	moldava	_	_	_	_	_	linguistic	_	none	_	_	_	_	_	0-5(166)
574-6	PSB018	574	6	per	per	_	_	_	_	_	linguistic	_	none	_	_	_	_	_	_
574-7	PSB018	574	7	[esempio	esempio	_	_	_	_	_	linguistic	_	none	_	_	_	_	_	0-7(164)
574-8	PSB018	574	8	in	in	_	_	_	_	_	linguistic	_	none	_	_	_	_	_	0-2(164)
574-9	PSB018	574	9	molda]via,	moldavia	_	_	_	_	_	linguistic	_	none	Intonation=WeaklyRising	_	_	_	_	0-5(164)
574-10	PSB018	574	10	[ka]zakistan	kazakistan	_	_	_	_	_	linguistic	_	none	_	_	_	_	_	0-2(165)
574-11	PSB018	574	11	in:	in	_	_	_	_	_	linguistic	_	none	_	End=1920.288	1x1	_	_	_
575-0	PSB005	575	0	[mhmh]	mhmh	_	_	_	_	_	linguistic	_	none	_	Begin=1916.468|End=1916.936	_	_	_	0-4(166)
576-0	PSB005	576	0	[sì	sì	_	_	_	_	_	linguistic	_	none	_	Begin=1917.29	_	_	_	0-2(164)
576-1	PSB005	576	1	sì	sì	_	_	_	_	_	linguistic	_	none	_	_	_	_	_	0-2(164)
576-2	PSB005	576	2	sì]	sì	_	_	_	_	_	linguistic	_	none	_	End=1918.194	_	_	_	0-2(164)
577-0	PSB005	577	0	[°mhmh°]	mhmh	_	_	_	_	_	linguistic	_	none	Volume=low	Begin=1918.594|End=1919.132	_	_	_	0-4(165)
578-0	PSB005	578	0	[mhmh]	mhmh	_	_	_	_	_	linguistic	_	none	_	Begin=1920.548|End=1920.903	_	_	_	0-4(167)
579-0	PSB018	579	0	[k]azaco	kazaco	_	_	_	_	_	linguistic	_	none	_	Begin=1920.8	_	_	_	0-1(167)
579-1	PSB018	579	1	no	no	_	_	_	_	_	linguistic	_	none	_	_	_	_	_	_
579-2	PSB018	579	2	eh	eh	_	_	_	_	_	linguistic	_	none	_	_	_	_	_	_
579-3	PSB018	579	3	[si	si	_	_	_	_	_	linguistic	_	none	_	_	_	_	_	0-2(168)
579-4	PSB018	579	4	in	in	_	_	_	_	_	linguistic	_	none	_	_	_	_	_	0-2(168)
579-5	PSB018	579	5	kaza]kistan	kazakistan	_	_	_	_	_	linguistic	_	none	_	_	_	_	_	0-4(168)
579-6	PSB018	579	6	ucraini	ucraini	_	_	_	_	_	linguistic	_	none	_	_	_	_	_	_
579-7	PSB018	579	7	tutti	tutti	_	_	_	_	_	linguistic	_	none	_	_	_	_	_	_
579-8	PSB018	579	8	ucraini	ucraini	_	_	_	_	_	linguistic	_	none	_	_	_	_	_	_
579-9	PSB018	579	9	parlano	parlano	_	_	_	_	_	linguistic	_	none	_	_	_	_	_	_
579-10	PSB018	579	10	due	due	_	_	_	_	_	linguistic	_	none	PauseAfter=Yes	_	_	_	_	_
579-11	PSB018	579	11	(.)	(.)	_	_	_	_	_	shortpause	_	none	_	_	_	_	_	_
579-12	PSB018	579	12	russo	russo	_	_	_	_	_	linguistic	_	none	_	_	_	_	_	_
579-13	PSB018	579	13	e	e	_	_	_	_	_	linguistic	_	none	_	_	_	_	_	_
579-14	PSB018	579	14	l'	l'	_	_	_	_	_	linguistic	_	none	SpaceAfter=No	_	_	_	_	_
579-15	PSB018	579	15	unica:	unica	_	_	_	_	_	linguistic	_	none	_	_	4x1	_	_	_
579-16	PSB018	579	16	paese	paese	_	_	_	_	_	linguistic	_	none	_	_	_	_	_	_
579-17	PSB018	579	17	russia	russia	_	_	_	_	_	linguistic	_	none	_	_	_	_	_	_
579-18	PSB018	579	18	loro	loro	_	_	_	_	_	linguistic	_	none	_	_	_	_	_	_
579-19	PSB018	579	19	parlano	parlano	_	_	_	_	_	linguistic	_	none	_	_	_	_	_	_
579-20	PSB018	579	20	solo	solo	_	_	_	_	_	linguistic	_	none	_	_	_	_	_	_
579-21	PSB018	579	21	rus[so]	russo	_	_	_	_	_	linguistic	_	none	_	End=1932.492	_	_	_	2-5(169)
580-0	PSB005	580	0	[kazaco	kazaco	_	_	_	_	_	linguistic	_	none	_	Begin=1921.806	_	_	_	0-6(168)
580-1	PSB005	580	1	penso	penso	_	_	_	_	_	linguistic	_	none	_	_	_	_	_	0-5(168)
580-2	PSB005	580	2	sì]	sì	_	_	_	_	_	linguistic	_	none	_	End=1923.016	_	_	_	0-2(168)
581-0	PSB005	581	0	[sì	sì	_	_	_	_	_	linguistic	_	none	_	Begin=1932.092	_	_	_	0-2(169)
581-1	PSB005	581	1	sì]	sì	_	_	_	_	_	linguistic	_	none	_	End=1932.589	_	_	_	0-2(169)
582-0	PSB018	582	0	loro	loro	_	_	_	_	_	linguistic	_	none	_	Begin=1932.877	_	_	_	_
582-1	PSB018	582	1	non:	non	_	_	_	_	_	linguistic	_	none	_	_	2x1	_	_	_
582-2	PSB018	582	2	parlavano	parlavano	_	_	_	_	_	linguistic	_	none	_	End=1934.892	_	_	_	_
583-0	PSB005	583	0	mhmh	mhmh	_	_	_	_	_	linguistic	_	none	_	Begin=1934.892|End=1935.384	_	_	_	_
584-0	PSB018	584	0	s~	s~	_	_	_	_	_	linguistic	_	none	Interrupted=Yes	Begin=1935.523	_	_	_	_
584-1	PSB018	584	1	allora	allora	_	_	_	_	_	linguistic	_	none	_	_	_	_	_	_
584-2	PSB018	584	2	s~	s~	_	_	_	_	_	linguistic	_	none	Interrupted=Yes|PauseAfter=Yes	_	_	_	_	_
584-3	PSB018	584	3	(.)	(.)	_	_	_	_	_	shortpause	_	none	_	_	_	_	_	_
584-4	PSB018	584	4	[anche	anche	_	_	_	_	_	linguistic	_	none	_	_	_	_	_	0-5(170)
584-5	PSB018	584	5	adesso]	adesso	_	_	_	_	_	linguistic	_	none	_	_	_	_	_	0-6(170)
584-6	PSB018	584	6	e	e	_	_	_	_	_	linguistic	_	none	_	_	_	_	_	_
584-7	PSB018	584	7	per	per	_	_	_	_	_	linguistic	_	none	_	_	_	_	_	_
584-8	PSB018	584	8	questo	questo	_	_	_	_	_	linguistic	_	none	_	_	_	_	_	_
584-9	PSB018	584	9	e:hm	ehm	_	_	_	_	_	linguistic	_	none	_	End=1940.754	0x1	_	_	_
585-0	PSB005	585	0	[anche	anche	_	_	_	_	_	linguistic	_	none	_	Begin=1936.369	_	_	_	0-5(170)
585-1	PSB005	585	1	adesso	adesso	_	_	_	_	_	linguistic	_	none	_	_	_	_	_	0-6(170)
585-2	PSB005	585	2	sì	sì	_	_	_	_	_	linguistic	_	none	_	_	_	_	_	0-2(170)
585-3	PSB005	585	3	xx]	xx	_	_	_	_	_	unknown	_	none	Syllables=2	End=1938.231	_	_	_	0-2(170)
586-0	PSB018	586	0	tutti	tutti	_	_	_	_	_	linguistic	_	none	_	Begin=1941.339	_	_	_	_
586-1	PSB018	586	1	le	le	_	_	_	_	_	linguistic	_	none	_	_	_	_	_	_
586-2	PSB018	586	2	paese	paese	_	_	_	_	_	linguistic	_	none	_	_	_	_	_	_
586-3	PSB018	586	3	parlano	parlano	_	_	_	_	_	linguistic	_	none	_	_	_	_	_	_
586-4	PSB018	586	4	adesso	adesso	_	_	_	_	_	linguistic	_	none	_	_	_	_	_	_
586-5	PSB018	586	5	due	due	_	_	_	_	_	linguistic	_	none	_	_	_	_	_	_
586-6	PSB018	586	6	lingue	lingue	_	_	_	_	_	linguistic	_	none	_	_	_	_	_	_
586-7	PSB018	586	7	sì	sì	_	_	_	_	_	linguistic	_	none	_	_	_	_	_	_
586-8	PSB018	586	8	gen~	gen~	_	_	_	_	_	linguistic	_	none	Interrupted=Yes	_	_	_	_	_
586-9	PSB018	586	9	generazione?	generazione	_	_	_	_	_	linguistic	_	none	Intonation=Rising	End=1947.354	_	_	_	_
587-0	PSB005	587	0	mhmh	mhmh	_	_	_	_	_	linguistic	_	none	_	Begin=1947.354|End=1947.846	_	_	_	_
588-0	PSB018	588	0	eh	eh	_	_	_	_	_	linguistic	_	none	_	Begin=1947.862	_	_	_	_
588-1	PSB018	588	1	nuovo,	nuovo	_	_	_	_	_	linguistic	_	none	Intonation=WeaklyRising	End=1948.8	_	_	_	_
589-0	PSB005	589	0	mhmh	mhmh	_	_	_	_	_	linguistic	_	none	_	Begin=1948.8|End=1949.218	_	_	_	_
590-0	PSB018	590	0	e:hm	ehm	_	_	_	_	_	linguistic	_	none	_	Begin=1949.677|End=1951.108	0x1	_	_	_
591-0	PSB018	591	0	#mainly	mainly	_	_	_	_	_	linguistic	_	yes	PauseAfter=Yes|Language=NO_ISO_CODE|Variation=Token	Begin=1953.4	_	_	_	_
591-1	PSB018	591	1	(.)	(.)	_	_	_	_	_	shortpause	_	yes	_	_	_	_	_	_
591-2	PSB018	591	2	[genera]lmen[te]	generalmente	_	_	_	_	_	linguistic	_	yes	_	_	_	_	_	0-6(171),10-12(172)
591-3	PSB018	591	3	parlano	parlano	_	_	_	_	_	linguistic	_	yes	PauseAfter=Yes	_	_	_	_	_
591-4	PSB018	591	4	(.)	(.)	_	_	_	_	_	shortpause	_	yes	_	_	_	_	_	_
591-5	PSB018	591	5	la	la	_	_	_	_	_	linguistic	_	yes	_	_	_	_	_	_
591-6	PSB018	591	6	lingua:	lingua	_	_	_	_	_	linguistic	_	yes	_	_	5x1	_	_	_
591-7	PSB018	591	7	madre	madre	_	_	_	_	_	linguistic	_	yes	PauseAfter=Yes	_	_	_	_	_
591-8	PSB018	591	8	[(.)	(.)	_	_	_	_	_	shortpause	_	yes	_	_	_	_	_	X(173)
591-9	PSB018	591	9	e]	e	_	_	_	_	_	linguistic	_	yes	_	_	_	_	_	0-1(173)
591-10	PSB018	591	10	russo	russo	_	_	_	_	_	linguistic	_	yes	_	_	_	_	_	_
591-11	PSB018	591	11	un	un	_	_	_	_	_	linguistic	_	yes	_	_	_	_	_	_
591-12	PSB018	591	12	po'	po'	_	_	_	_	_	linguistic	_	yes	_	End=1960.523	_	_	_	_
592-0	PSB005	592	0	[°sì°]	sì	_	_	_	_	_	linguistic	_	none	Volume=low	Begin=1954.446|End=1954.816	_	_	_	0-2(171)
593-0	PSB005	593	0	[sì]	sì	_	_	_	_	_	linguistic	_	none	_	Begin=1955.169|End=1955.554	_	_	_	0-2(172)
594-0	PSB005	594	0	[sì]	sì	_	_	_	_	_	linguistic	_	none	_	Begin=1958.8|End=1959.245	_	_	_	0-2(173)
595-0	PSB005	595	0	sì	sì	_	_	_	_	_	linguistic	_	none	_	Begin=1960.539	_	_	_	_
595-1	PSB005	595	1	perché	perché	_	_	_	_	_	linguistic	_	none	_	End=1961.369	_	_	_	_
596-0	PSB018	596	0	ma	ma	_	_	_	_	_	linguistic	_	none	_	Begin=1961.404	_	_	_	_
596-1	PSB018	596	1	le	le	_	_	_	_	_	linguistic	_	none	_	_	_	_	_	_
596-2	PSB018	596	2	pers~	pers~	_	_	_	_	_	linguistic	_	none	Interrupted=Yes	_	_	_	_	_
596-3	PSB018	596	3	b~	b~	_	_	_	_	_	linguistic	_	none	Interrupted=Yes	_	_	_	_	_
596-4	PSB018	596	4	sì	sì	_	_	_	_	_	linguistic	_	none	_	_	_	_	_	_
596-5	PSB018	596	5	sì	sì	_	_	_	_	_	linguistic	_	none	_	_	_	_	_	_
596-6	PSB018	596	6	perché	perché	_	_	_	_	_	linguistic	_	none	_	_	_	_	_	_
596-7	PSB018	596	7	tutto	tutto	_	_	_	_	_	linguistic	_	none	_	_	_	_	_	_
596-8	PSB018	596	8	cambiano	cambiano	_	_	_	_	_	linguistic	_	none	_	_	_	_	_	_
596-9	PSB018	596	9	tutti	tutti	_	_	_	_	_	linguistic	_	none	_	_	_	_	_	_
596-10	PSB018	596	10	e:h	eh	_	_	_	_	_	linguistic	_	none	_	_	0x1	_	_	_
596-11	PSB018	596	11	questa	questa	_	_	_	_	_	linguistic	_	none	_	_	_	_	_	_
596-12	PSB018	596	12	e:h	eh	_	_	_	_	_	linguistic	_	none	_	_	0x1	_	_	_
596-13	PSB018	596	13	politica:	politica	_	_	_	_	_	linguistic	_	none	_	End=1967.373	7x1	_	_	_
597-0	PSB018	597	0	per	per	_	_	_	_	_	linguistic	_	none	_	Begin=1968.02	_	_	_	_
597-1	PSB018	597	1	ah	ah	_	_	_	_	_	linguistic	_	none	_	_	_	_	_	_
597-2	PSB018	597	2	essere	essere	_	_	_	_	_	linguistic	_	none	_	_	_	_	_	_
597-3	PSB018	597	3	indipendente	indipendente	_	_	_	_	_	linguistic	_	none	_	_	_	_	_	_
597-4	PSB018	597	4	per	per	_	_	_	_	_	linguistic	_	none	_	_	_	_	_	_
597-5	PSB018	597	5	e:h	eh	_	_	_	_	_	linguistic	_	none	_	_	0x1	_	_	_
597-6	PSB018	597	6	esse~	esse~	_	_	_	_	_	linguistic	_	none	Interrupted=Yes	_	_	_	_	_
597-7	PSB018	597	7	eh	eh	_	_	_	_	_	linguistic	_	none	_	_	_	_	_	_
597-8	PSB018	597	8	per	per	_	_	_	_	_	linguistic	_	none	_	_	_	_	_	_
597-9	PSB018	597	9	>avere<	avere	_	_	_	_	_	linguistic	_	none	_	_	_	Fast=0-5(0)	_	_
597-10	PSB018	597	10	ah	ah	_	_	_	_	_	linguistic	_	none	_	_	_	_	_	_
597-11	PSB018	597	11	indip~	indip~	_	_	_	_	_	linguistic	_	none	Interrupted=Yes	_	_	_	_	_
597-12	PSB018	597	12	avere	avere	_	_	_	_	_	linguistic	_	none	_	_	_	_	_	_
597-13	PSB018	597	13	la	la	_	_	_	_	_	linguistic	_	none	_	_	_	_	_	_
597-14	PSB018	597	14	cultura:	cultura	_	_	_	_	_	linguistic	_	none	_	_	6x1	_	_	_
597-15	PSB018	597	15	eh	eh	_	_	_	_	_	linguistic	_	none	_	_	_	_	_	_
597-16	PSB018	597	16	sua	sua	_	_	_	_	_	linguistic	_	none	_	_	_	_	_	_
597-17	PSB018	597	17	solo	solo	_	_	_	_	_	linguistic	_	none	_	_	_	_	_	_
597-18	PSB018	597	18	senza	senza	_	_	_	_	_	linguistic	_	none	_	_	_	_	_	_
597-19	PSB018	597	19	e:h	eh	_	_	_	_	_	linguistic	_	none	_	_	0x1	_	_	_
597-20	PSB018	597	20	niente	niente	_	_	_	_	_	linguistic	_	none	_	_	_	_	_	_
597-21	PSB018	597	21	influenza	influenza	_	_	_	_	_	linguistic	_	none	_	_	_	_	_	_
597-22	PSB018	597	22	da	da	_	_	_	_	_	linguistic	_	none	_	_	_	_	_	_
597-23	PSB018	597	23	russia	russia	_	_	_	_	_	linguistic	_	none	PauseAfter=Yes	_	_	_	_	_
597-24	PSB018	597	24	(.)	(.)	_	_	_	_	_	shortpause	_	none	_	_	_	_	_	_
597-25	PSB018	597	25	a:hm	ahm	_	_	_	_	_	linguistic	_	none	_	End=1983.49	0x1	_	_	_
598-0	PSB018	598	0	e	e	_	_	_	_	_	linguistic	_	none	_	Begin=1984.157	_	_	_	_
598-1	PSB018	598	1	per	per	_	_	_	_	_	linguistic	_	none	_	_	_	_	_	_
598-2	PSB018	598	2	questo	questo	_	_	_	_	_	linguistic	_	none	_	_	_	_	_	_
598-3	PSB018	598	3	motivo:	motivo	_	_	_	_	_	linguistic	_	none	_	_	5x1	_	_	_
598-4	PSB018	598	4	la:	la	_	_	_	_	_	linguistic	_	none	_	End=1986.784	1x1	_	_	_
599-0	PSB018	599	0	il	il	_	_	_	_	_	linguistic	_	none	_	Begin=1987.834	_	_	_	_
599-1	PSB018	599	1	generazione	generazione	_	_	_	_	_	linguistic	_	none	_	_	_	_	_	_
599-2	PSB018	599	2	nuovo	nuovo	_	_	_	_	_	linguistic	_	none	_	_	_	_	_	_
599-3	PSB018	599	3	parlano	parlano	_	_	_	_	_	linguistic	_	none	_	_	_	_	_	_
599-4	PSB018	599	4	meno	meno	_	_	_	_	_	linguistic	_	none	_	_	_	_	_	_
599-5	PSB018	599	5	russo	russo	_	_	_	_	_	linguistic	_	none	_	_	_	_	_	_
599-6	PSB018	599	6	ma	ma	_	_	_	_	_	linguistic	_	none	_	_	_	_	_	_
599-7	PSB018	599	7	parlano	parlano	_	_	_	_	_	linguistic	_	none	_	End=1992.432	_	_	_	_
600-0	PSB005	600	0	mhmh	mhmh	_	_	_	_	_	linguistic	_	none	_	Begin=1992.706|End=1993.185	_	_	_	_
601-0	PSB018	601	0	ma:	ma	_	_	_	_	_	linguistic	_	none	_	Begin=1993.223	1x1	_	_	_
601-1	PSB018	601	1	l'	l'	_	_	_	_	_	linguistic	_	none	SpaceAfter=No	_	_	_	_	_
601-2	PSB018	601	2	altra:	altra	_	_	_	_	_	linguistic	_	none	_	_	4x1	_	_	_
601-3	PSB018	601	3	faccia	faccia	_	_	_	_	_	linguistic	_	none	_	_	_	_	_	_
601-4	PSB018	601	4	della	della	_	_	_	_	_	linguistic	_	none	_	_	_	_	_	_
601-5	PSB018	601	5	medaglia	medaglia	_	_	_	_	_	linguistic	_	none	_	_	_	_	_	_
601-6	PSB018	601	6	a:h	ah	_	_	_	_	_	linguistic	_	none	_	_	0x1	_	_	_
601-7	PSB018	601	7	la	la	_	_	_	_	_	linguistic	_	none	_	_	_	_	_	_
601-8	PSB018	601	8	generazione	generazione	_	_	_	_	_	linguistic	_	none	_	_	_	_	_	_
601-9	PSB018	601	9	nuova	nuova	_	_	_	_	_	linguistic	_	none	_	_	_	_	_	_
601-10	PSB018	601	10	hanno	hanno	_	_	_	_	_	linguistic	_	none	_	_	_	_	_	_
601-11	PSB018	601	11	possibilità	possibilità	_	_	_	_	_	linguistic	_	none	_	_	_	_	_	_
601-12	PSB018	601	12	ah	ah	_	_	_	_	_	linguistic	_	none	_	_	_	_	_	_
601-13	PSB018	601	13	studiare	studiare	_	_	_	_	_	linguistic	_	none	_	_	_	_	_	_
601-14	PSB018	601	14	e	e	_	_	_	_	_	linguistic	_	none	_	_	_	_	_	_
601-15	PSB018	601	15	parlare	parlare	_	_	_	_	_	linguistic	_	none	_	_	_	_	_	_
601-16	PSB018	601	16	lingue:	lingue	_	_	_	_	_	linguistic	_	none	_	_	5x1	_	_	_
601-17	PSB018	601	17	e:h	eh	_	_	_	_	_	linguistic	_	none	_	_	0x1	_	_	_
601-18	PSB018	601	18	[europee	europee	_	_	_	_	_	linguistic	_	none	_	_	_	_	_	0-7(174)
601-19	PSB018	601	19	sì	sì	_	_	_	_	_	linguistic	_	none	_	_	_	_	_	0-2(174)
601-20	PSB018	601	20	sì	sì	_	_	_	_	_	linguistic	_	none	_	_	_	_	_	0-2(174)
601-21	PSB018	601	21	sì]	sì	_	_	_	_	_	linguistic	_	none	_	End=2007.961	_	_	_	0-2(174)
602-0	PSB005	602	0	[inglese	inglese	_	_	_	_	_	linguistic	_	none	_	Begin=2005.843	_	_	_	0-7(174)
602-1	PSB005	602	1	sì	sì	_	_	_	_	_	linguistic	_	none	_	_	_	_	_	0-2(174)
602-2	PSB005	602	2	mhmh]	mhmh	_	_	_	_	_	linguistic	_	none	_	End=2007.941	_	_	_	0-4(174)
603-0	PSB018	603	0	mh	mh	_	_	_	_	_	linguistic	_	none	_	Begin=2009.647	_	_	_	_
603-1	PSB018	603	1	per	per	_	_	_	_	_	linguistic	_	none	_	_	_	_	_	_
603-2	PSB018	603	2	<ques:to:>	questo	_	_	_	_	_	linguistic	_	none	_	_	3x1,5x1	Slow=0-6(0)	_	_
603-3	PSB018	603	3	la	la	_	_	_	_	_	linguistic	_	none	_	_	_	_	_	_
603-4	PSB018	603	4	mia	mia	_	_	_	_	_	linguistic	_	none	_	_	_	_	_	_
603-5	PSB018	603	5	famiglia	famiglia	_	_	_	_	_	linguistic	_	none	PauseAfter=Yes	_	_	_	_	_
603-6	PSB018	603	6	(.)	(.)	_	_	_	_	_	shortpause	_	none	_	_	_	_	_	_
603-7	PSB018	603	7	mamma	mamma	_	_	_	_	_	linguistic	_	none	_	_	_	_	_	_
603-8	PSB018	603	8	parlano	parlano	_	_	_	_	_	linguistic	_	none	_	_	_	_	_	_
603-9	PSB018	603	9	russo	russo	_	_	_	_	_	linguistic	_	none	_	_	_	_	_	_
603-10	PSB018	603	10	ucraino	ucraino	_	_	_	_	_	linguistic	_	none	_	_	_	_	_	_
603-11	PSB018	603	11	ba~	ba~	_	_	_	_	_	linguistic	_	none	Interrupted=Yes	_	_	_	_	_
603-12	PSB018	603	12	eh	eh	_	_	_	_	_	linguistic	_	none	_	_	_	_	_	_
603-13	PSB018	603	13	pa~	pa~	_	_	_	_	_	linguistic	_	none	Interrupted=Yes	_	_	_	_	_
603-14	PSB018	603	14	pa~	pa~	_	_	_	_	_	linguistic	_	none	Interrupted=Yes	_	_	_	_	_
603-15	PSB018	603	15	parlano	parlano	_	_	_	_	_	linguistic	_	none	_	_	_	_	_	_
603-16	PSB018	603	16	eh	eh	_	_	_	_	_	linguistic	_	none	_	_	_	_	_	_
603-17	PSB018	603	17	no	no	_	_	_	_	_	linguistic	_	none	_	_	_	_	_	_
603-18	PSB018	603	18	parlano	parlano	_	_	_	_	_	linguistic	_	none	_	_	_	_	_	_
603-19	PSB018	603	19	parlava	parlava	_	_	_	_	_	linguistic	_	none	_	_	_	_	_	_
603-20	PSB018	603	20	e	e	_	_	_	_	_	linguistic	_	none	_	_	_	_	_	_
603-21	PSB018	603	21	parla	parla	_	_	_	_	_	linguistic	_	none	_	_	_	_	_	_
603-22	PSB018	603	22	e:hm	ehm	_	_	_	_	_	linguistic	_	none	_	_	0x1	_	_	_
603-23	PSB018	603	23	moldava	moldava	_	_	_	_	_	linguistic	_	none	_	_	_	_	_	_
603-24	PSB018	603	24	e	e	_	_	_	_	_	linguistic	_	none	_	_	_	_	_	_
603-25	PSB018	603	25	russo	russo	_	_	_	_	_	linguistic	_	none	_	_	_	_	_	_
603-26	PSB018	603	26	e	e	_	_	_	_	_	linguistic	_	none	_	_	_	_	_	_
603-27	PSB018	603	27	ucraino	ucraino	_	_	_	_	_	linguistic	_	none	_	_	_	_	_	_
603-28	PSB018	603	28	anche	anche	_	_	_	_	_	linguistic	_	none	_	End=2026.294	_	_	_	_
604-0	PSB018	604	0	e	e	_	_	_	_	_	linguistic	_	none	_	Begin=2026.882	_	_	_	_
604-1	PSB018	604	1	no	no	_	_	_	_	_	linguistic	_	none	_	_	_	_	_	_
604-2	PSB018	604	2	ma	ma	_	_	_	_	_	linguistic	_	none	_	_	_	_	_	_
604-3	PSB018	604	3	in	in	_	_	_	_	_	linguistic	_	none	_	_	_	_	_	_
604-4	PSB018	604	4	ehm	ehm	_	_	_	_	_	linguistic	_	none	_	_	_	_	_	_
604-5	PSB018	604	5	nella	nella	_	_	_	_	_	linguistic	_	none	_	_	_	_	_	_
604-6	PSB018	604	6	nostra	nostra	_	_	_	_	_	linguistic	_	none	_	_	_	_	_	_
604-7	PSB018	604	7	famiglia	famiglia	_	_	_	_	_	linguistic	_	none	_	_	_	_	_	_
604-8	PSB018	604	8	<generalmente>	generalmente	_	_	_	_	_	linguistic	_	none	_	_	_	Slow=0-12(0)	_	_
604-9	PSB018	604	9	e	e	_	_	_	_	_	linguistic	_	none	_	_	_	_	_	_
604-10	PSB018	604	10	quello	quello	_	_	_	_	_	linguistic	_	none	_	_	_	_	_	_
604-11	PSB018	604	11	era	era	_	_	_	_	_	linguistic	_	none	_	_	_	_	_	_
604-12	PSB018	604	12	al	al	_	_	_	_	_	linguistic	_	none	_	_	_	_	_	_
604-13	PSB018	604	13	l'	l'	_	_	_	_	_	linguistic	_	none	SpaceAfter=No	_	_	_	_	_
604-14	PSB018	604	14	influenza	influenza	_	_	_	_	_	linguistic	_	none	_	_	_	_	_	_
604-15	PSB018	604	15	della	della	_	_	_	_	_	linguistic	_	none	_	_	_	_	_	_
604-16	PSB018	604	16	s~	s~	_	_	_	_	_	linguistic	_	none	Interrupted=Yes	_	_	_	_	_
604-17	PSB018	604	17	$uniti	uniti	_	_	_	_	_	linguistic	_	none	Orthography=Yes|Variation=Emerging	_	_	_	_	_
604-18	PSB018	604	18	>sovietica<	sovietica	_	_	_	_	_	linguistic	_	none	_	End=2035.647	_	Fast=0-9(0)	_	_
605-0	PSB018	605	0	parl~	parl~	_	_	_	_	_	linguistic	_	none	Interrupted=Yes	Begin=2036.569	_	_	_	_
605-1	PSB018	605	1	noi	noi	_	_	_	_	_	linguistic	_	none	_	_	_	_	_	_
605-2	PSB018	605	2	<°parlava°>	parlava	_	_	_	_	_	linguistic	_	none	Volume=low	End=2038.961	_	Slow=0-7(0)	_	_
606-0	PSB005	606	0	mhmh	mhmh	_	_	_	_	_	linguistic	_	none	_	Begin=2039.412|End=2039.863	_	_	_	_
607-0	PSB018	607	0	sempre	sempre	_	_	_	_	_	linguistic	_	none	_	Begin=2040.177	_	_	_	_
607-1	PSB018	607	1	russo	russo	_	_	_	_	_	linguistic	_	none	_	End=2041.78	_	_	_	_
608-0	PSB005	608	0	anche	anche	_	_	_	_	_	linguistic	_	none	_	Begin=2042.53	_	_	_	_
608-1	PSB005	608	1	in	in	_	_	_	_	_	linguistic	_	none	PauseAfter=Yes	_	_	_	_	_
608-2	PSB005	608	2	(.)	(.)	_	_	_	_	_	shortpause	_	none	_	_	_	_	_	_
608-3	PSB005	608	3	in	in	_	_	_	_	_	linguistic	_	none	_	_	_	_	_	_
608-4	PSB005	608	4	situazioni	situazioni	_	_	_	_	_	linguistic	_	none	_	_	_	_	_	_
608-5	PSB005	608	5	familiari?	familiari	_	_	_	_	_	linguistic	_	none	Intonation=Rising|PauseAfter=Yes	_	_	_	_	_
608-6	PSB005	608	6	[(.)]	(.)	_	_	_	_	_	shortpause	_	none	_	_	_	_	_	X(175)
608-7	PSB005	608	7	okay	okay	_	_	_	_	_	linguistic	_	none	_	End=2045.882	_	_	_	_
609-0	PSB018	609	0	[sì]	sì	_	_	_	_	_	linguistic	_	none	_	Begin=2044.902|End=2045.442	_	_	_	0-2(175)
610-0	PSB018	610	0	ma	ma	_	_	_	_	_	linguistic	_	none	_	Begin=2046.177	_	_	_	_
610-1	PSB018	610	1	con	con	_	_	_	_	_	linguistic	_	none	PauseAfter=Yes	_	_	_	_	_
610-2	PSB018	610	2	(.)	(.)	_	_	_	_	_	shortpause	_	none	_	_	_	_	_	_
610-3	PSB018	610	3	la	la	_	_	_	_	_	linguistic	_	none	_	_	_	_	_	_
610-4	PSB018	610	4	mia:	mia	_	_	_	_	_	linguistic	_	none	_	_	2x1	_	_	_
610-5	PSB018	610	5	nonna	nonna	_	_	_	_	_	linguistic	_	none	PauseAfter=Yes	_	_	_	_	_
610-6	PSB018	610	6	(.)	(.)	_	_	_	_	_	shortpause	_	none	_	_	_	_	_	_
610-7	PSB018	610	7	da	da	_	_	_	_	_	linguistic	_	none	_	_	_	_	_	_
610-8	PSB018	610	8	della	della	_	_	_	_	_	linguistic	_	none	_	_	_	_	_	_
610-9	PSB018	610	9	<parte:>	parte	_	_	_	_	_	linguistic	_	none	_	_	4x1	Slow=0-5(0)	_	_
610-10	PSB018	610	10	di	di	_	_	_	_	_	linguistic	_	none	_	_	_	_	_	_
610-11	PSB018	610	11	mio	mio	_	_	_	_	_	linguistic	_	none	_	_	_	_	_	_
610-12	PSB018	610	12	°babbo?°	babbo	_	_	_	_	_	linguistic	_	none	Intonation=Rising|Volume=low	End=2054.216	_	_	_	_
611-0	PSB005	611	0	mhmh	mhmh	_	_	_	_	_	linguistic	_	none	_	Begin=2054.216|End=2054.647	_	_	_	_
612-0	PSB018	612	0	moldava	moldava	_	_	_	_	_	linguistic	_	none	_	Begin=2056.118|End=2056.941	_	_	_	_
613-0	PSB005	613	0	okay	okay	_	_	_	_	_	linguistic	_	none	_	Begin=2057.137	_	_	_	_
613-1	PSB005	613	1	wow	wow	_	_	_	_	_	linguistic	_	none	_	End=2058.471	_	_	_	_
614-0	PSB018	614	0	ma:	ma	_	_	_	_	_	linguistic	_	none	_	Begin=2058.882	1x1	_	_	_
614-1	PSB018	614	1	s:olo	solo	_	_	_	_	_	linguistic	_	none	_	_	0x1	_	_	_
614-2	PSB018	614	2	quando	quando	_	_	_	_	_	linguistic	_	none	_	_	_	_	_	_
614-3	PSB018	614	3	era	era	_	_	_	_	_	linguistic	_	none	_	_	_	_	_	_
614-4	PSB018	614	4	molto	molto	_	_	_	_	_	linguistic	_	none	_	_	_	_	_	_
614-5	PSB018	614	5	piccol[a	piccola	_	_	_	_	_	linguistic	_	none	_	_	_	_	_	6-7(?)
614-6	PSB018	614	6	eh]	eh	_	_	_	_	_	linguistic	_	none	_	_	_	_	_	0-2(?)
614-7	PSB018	614	7	perché	perché	_	_	_	_	_	linguistic	_	none	_	_	_	_	_	_
614-8	PSB018	614	8	per	per	_	_	_	_	_	linguistic	_	none	_	_	_	_	_	_
614-9	PSB018	614	9	i	i	_	_	_	_	_	linguistic	_	none	_	_	_	_	_	_
614-10	PSB018	614	10	bimbi	bimbi	_	_	_	_	_	linguistic	_	none	_	_	_	_	_	_
614-11	PSB018	614	11	iniziare	iniziare	_	_	_	_	_	linguistic	_	none	_	_	_	_	_	_
614-12	PSB018	614	12	parlare	parlare	_	_	_	_	_	linguistic	_	none	_	_	_	_	_	_
614-13	PSB018	614	13	la:	la	_	_	_	_	_	linguistic	_	none	_	_	1x1	_	_	_
614-14	PSB018	614	14	lingua	lingua	_	_	_	_	_	linguistic	_	none	_	_	_	_	_	_
614-15	PSB018	614	15	nuova	nuova	_	_	_	_	_	linguistic	_	none	_	_	_	_	_	_
614-16	PSB018	614	16	non	non	_	_	_	_	_	linguistic	_	none	_	_	_	_	_	_
614-17	PSB018	614	17	c'	c'	_	_	_	_	_	linguistic	_	none	SpaceAfter=No	_	_	_	_	_
614-18	PSB018	614	18	è	è	_	_	_	_	_	linguistic	_	none	_	_	_	_	_	_
614-19	PSB018	614	19	problema	problema	_	_	_	_	_	linguistic	_	none	_	_	_	_	_	_
614-20	PSB018	614	20	due	due	_	_	_	_	_	linguistic	_	none	_	_	_	_	_	_
614-21	PSB018	614	21	settimane	settimane	_	_	_	_	_	linguistic	_	none	_	_	_	_	_	_
614-22	PSB018	614	22	hanno	hanno	_	_	_	_	_	linguistic	_	none	_	_	_	_	_	_
614-23	PSB018	614	23	abbastanza	abbastanza	_	_	_	_	_	linguistic	_	none	_	_	_	_	_	_
614-24	PSB018	614	24	eh	eh	_	_	_	_	_	linguistic	_	none	_	_	_	_	_	_
614-25	PSB018	614	25	sono	sono	_	_	_	_	_	linguistic	_	none	_	_	_	_	_	_
614-26	PSB018	614	26	abbastanza	abbastanza	_	_	_	_	_	linguistic	_	none	_	_	_	_	_	_
614-27	PSB018	614	27	per	per	_	_	_	_	_	linguistic	_	none	_	_	_	_	_	_
614-28	PSB018	614	28	iniziare	iniziare	_	_	_	_	_	linguistic	_	none	_	_	_	_	_	_
614-29	PSB018	614	29	a	a	_	_	_	_	_	linguistic	_	none	_	_	_	_	_	_
614-30	PSB018	614	30	parlare	parlare	_	_	_	_	_	linguistic	_	none	_	End=2074.765	_	_	_	_
615-0	PSB005	615	0	[ah	ah	_	_	_	_	_	linguistic	_	none	_	Begin=2062.392	_	_	_	_
615-1	PSB005	615	1	ah[	ah	_	_	_	_	_	linguistic	_	none	_	End=2062.961	_	_	_	_
616-0	PSB005	616	0	[mh	mh	_	_	_	_	_	linguistic	_	none	_	Begin=2073.98	_	_	_	0-2(176)
616-1	PSB005	616	1	mhmh]	mhmh	_	_	_	_	_	linguistic	_	none	_	End=2074.963	_	_	_	0-4(176)
617-0	PSB018	617	0	e	e	_	_	_	_	_	linguistic	_	none	_	Begin=2075.647	_	_	_	_
617-1	PSB018	617	1	l'	l'	_	_	_	_	_	linguistic	_	none	SpaceAfter=No	_	_	_	_	_
617-2	PSB018	617	2	altra:	altra	_	_	_	_	_	linguistic	_	none	_	_	4x1	_	_	_
617-3	PSB018	617	3	nonna	nonna	_	_	_	_	_	linguistic	_	none	_	_	_	_	_	_
617-4	PSB018	617	4	>da	da	_	_	_	_	_	linguistic	_	none	_	_	_	Fast=0-2(0)	_	_
617-5	PSB018	617	5	la<	la	_	_	_	_	_	linguistic	_	none	_	_	_	Fast=0-2(0)	_	_
617-6	PSB018	617	6	parte	parte	_	_	_	_	_	linguistic	_	none	_	_	_	_	_	_
617-7	PSB018	617	7	[della	della	_	_	_	_	_	linguistic	_	none	_	_	_	_	_	0-5(178)
617-8	PSB018	617	8	mia	mia	_	_	_	_	_	linguistic	_	none	_	_	_	_	_	0-3(178)
617-9	PSB018	617	9	mamma]	mamma	_	_	_	_	_	linguistic	_	none	_	_	_	_	_	0-5(178)
617-10	PSB018	617	10	m:h	mh	_	_	_	_	_	linguistic	_	none	_	_	0x1	_	_	_
617-11	PSB018	617	11	sempre	sempre	_	_	_	_	_	linguistic	_	none	_	_	_	_	_	_
617-12	PSB018	617	12	parla:va	parlava	_	_	_	_	_	linguistic	_	none	_	End=2084.177	4x1	_	_	_
618-0	PSB005	618	0	[x	x	_	_	_	_	_	unknown	_	none	Syllables=1	Begin=2079.49	_	_	_	0-1(178)
618-1	PSB005	618	1	x	x	_	_	_	_	_	unknown	_	none	Syllables=1	_	_	_	_	0-1(178)
618-2	PSB005	618	2	xx]	xx	_	_	_	_	_	unknown	_	none	Syllables=2	End=2080.844	_	_	_	0-2(178)
619-0	PSB018	619	0	lei	lei	_	_	_	_	_	linguistic	_	none	_	Begin=2084.824	_	_	_	_
619-1	PSB018	619	1	e	e	_	_	_	_	_	linguistic	_	none	_	_	_	_	_	_
619-2	PSB018	619	2	anche	anche	_	_	_	_	_	linguistic	_	none	_	_	_	_	_	_
619-3	PSB018	619	3	noi	noi	_	_	_	_	_	linguistic	_	none	_	_	_	_	_	_
619-4	PSB018	619	4	e:h	eh	_	_	_	_	_	linguistic	_	none	_	_	0x1	_	_	_
619-5	PSB018	619	5	ucraino	ucraino	_	_	_	_	_	linguistic	_	none	_	End=2087.804	_	_	_	_
620-0	PSB005	620	0	okay	okay	_	_	_	_	_	linguistic	_	none	_	Begin=2088.941	_	_	_	_
620-1	PSB005	620	1	wow	wow	_	_	_	_	_	linguistic	_	none	_	End=2089.804	_	_	_	_
621-0	PSB018	621	0	sì	sì	_	_	_	_	_	linguistic	_	none	_	Begin=2089.922	_	_	_	_
621-1	PSB018	621	1	sì	sì	_	_	_	_	_	linguistic	_	none	_	_	_	_	_	_
621-2	PSB018	621	2	ecc~	ecc~	_	_	_	_	_	linguistic	_	none	Interrupted=Yes	_	_	_	_	_
621-3	PSB018	621	3	[eh	eh	_	_	_	_	_	linguistic	_	none	_	_	_	_	_	0-2(179)
621-4	PSB018	621	4	quel	quel	_	_	_	_	_	linguistic	_	none	_	_	_	_	_	0-4(179)
621-5	PSB018	621	5	grande	grande	_	_	_	_	_	linguistic	_	none	_	_	_	_	_	0-6(179)
621-6	PSB018	621	6	mix]	mix	_	_	_	_	_	linguistic	_	none	_	_	_	_	_	0-3(179)
621-7	PSB018	621	7	è	è	_	_	_	_	_	linguistic	_	none	_	_	_	_	_	_
621-8	PSB018	621	8	un	un	_	_	_	_	_	linguistic	_	none	_	_	_	_	_	_
621-9	PSB018	621	9	$advantaggio	advantaggio	_	_	_	_	_	linguistic	_	none	Orthography=Yes|Variation=Emerging	_	_	_	_	_
621-10	PSB018	621	10	secondo	secondo	_	_	_	_	_	linguistic	_	none	_	_	_	_	_	_
621-11	PSB018	621	11	m[e	me	_	_	_	_	_	linguistic	_	none	_	_	_	_	_	1-2(180)
621-12	PSB018	621	12	è	è	_	_	_	_	_	linguistic	_	none	_	_	_	_	_	0-1(180)
621-13	PSB018	621	13	gra]nde:	grande	_	_	_	_	_	linguistic	_	none	_	End=2095.941	5x1	_	_	0-3(180)
622-0	PSB005	622	0	[perciò	perciò	_	_	_	_	_	linguistic	_	none	_	Begin=2090.628	_	_	_	0-6(179)
622-1	PSB005	622	1	è	è	_	_	_	_	_	linguistic	_	none	_	_	_	_	_	0-1(179)
622-2	PSB005	622	2	complesso]	complesso	_	_	_	_	_	linguistic	_	none	_	End=2092.198	_	_	_	0-9(179)
623-0	PSB005	623	0	[mhmh	mhmh	_	_	_	_	_	linguistic	_	none	_	Begin=2094.02	_	_	_	0-4(180)
623-1	PSB005	623	1	sì	sì	_	_	_	_	_	linguistic	_	none	_	_	_	_	_	0-2(180)
623-2	PSB005	623	2	sì]	sì	_	_	_	_	_	linguistic	_	none	_	End=2095.095	_	_	_	0-2(180)
624-0	PSB018	624	0	[non	non	_	_	_	_	_	linguistic	_	none	_	Begin=2097.059	_	_	_	0-3(181)
624-1	PSB018	624	1	s]o	so	_	_	_	_	_	linguistic	_	none	_	_	_	_	_	0-1(181)
624-2	PSB018	624	2	se	se	_	_	_	_	_	linguistic	_	none	_	_	_	_	_	_
624-3	PSB018	624	3	e	e	_	_	_	_	_	linguistic	_	none	_	_	_	_	_	_
624-4	PSB018	624	4	nor[ma~]	norma~	_	_	_	_	_	linguistic	_	none	Interrupted=Yes	End=2098.294	_	_	_	3-6(182)
625-0	PSB005	625	0	[sì]	sì	_	_	_	_	_	linguistic	_	none	_	Begin=2097.092|End=2097.432	_	_	_	0-2(181)
626-0	PSB005	626	0	[sì	sì	_	_	_	_	_	linguistic	_	none	_	Begin=2098.093	_	_	_	0-2(183)
626-1	PSB005	626	1	sì]	sì	_	_	_	_	_	linguistic	_	none	_	_	_	_	_	0-2(183)
626-2	PSB005	626	2	sì	sì	_	_	_	_	_	linguistic	_	none	_	_	_	_	_	_
626-3	PSB005	626	3	dì	dì	_	_	_	_	_	linguistic	_	none	_	_	_	_	_	_
626-4	PSB005	626	4	puoi	puoi	_	_	_	_	_	linguistic	_	none	_	_	_	_	_	_
626-5	PSB005	626	5	dire	dire	_	_	_	_	_	linguistic	_	none	_	_	_	_	_	_
626-6	PSB005	626	6	quello	quello	_	_	_	_	_	linguistic	_	none	_	_	_	_	_	_
626-7	PSB005	626	7	che	che	_	_	_	_	_	linguistic	_	none	_	_	_	_	_	_
626-8	PSB005	626	8	vuoi	vuoi	_	_	_	_	_	linguistic	_	none	_	_	_	_	_	_
626-9	PSB005	626	9	((ride))	((ride))	_	_	_	_	_	nonverbalbehavior	_	none	_	End=2100.824	_	_	_	_
627-0	PSB018	627	0	eh	eh	_	_	_	_	_	linguistic	_	none	_	Begin=2099.932	_	_	_	_
627-1	PSB018	627	1	per	per	_	_	_	_	_	linguistic	_	none	_	_	_	_	_	_
627-2	PSB018	627	2	politica	politica	_	_	_	_	_	linguistic	_	none	_	End=2101.864	_	_	_	_
628-0	PSB005	628	0	eh	eh	_	_	_	_	_	linguistic	_	none	_	Begin=2101.901	_	_	_	_
628-1	PSB005	628	1	sì	sì	_	_	_	_	_	linguistic	_	none	_	End=2102.673	_	_	_	_
629-0	PSB018	629	0	purtroppo	purtroppo	_	_	_	_	_	linguistic	_	none	_	Begin=2102.932	_	_	_	_
629-1	PSB018	629	1	ma	ma	_	_	_	_	_	linguistic	_	none	_	_	_	_	_	_
629-2	PSB018	629	2	per	per	_	_	_	_	_	linguistic	_	none	PauseAfter=Yes	_	_	_	_	_
629-3	PSB018	629	3	(.)	(.)	_	_	_	_	_	shortpause	_	none	_	_	_	_	_	_
629-4	PSB018	629	4	e:h	eh	_	_	_	_	_	linguistic	_	none	_	End=2106.318	0x1	_	_	_
630-0	PSB018	630	0	#development	development	_	_	_	_	_	linguistic	_	yes	PauseAfter=Yes|Language=NO_ISO_CODE|Variation=Token	Begin=2107.614	_	_	_	_
630-1	PSB018	630	1	(.)	(.)	_	_	_	_	_	shortpause	_	yes	_	_	_	_	_	_
630-2	PSB018	630	2	[eh]	eh	_	_	_	_	_	linguistic	_	yes	_	_	_	_	_	0-2(184)
630-3	PSB018	630	3	della:	della	_	_	_	_	_	linguistic	_	yes	_	_	4x1	_	_	_
630-4	PSB018	630	4	personalità	personalità	_	_	_	_	_	linguistic	_	yes	_	End=2110.682	_	_	_	_
632-0	PSB005	632	0	[mhmh]	mhmh	_	_	_	_	_	linguistic	_	none	_	Begin=2108.568|End=2109.116	_	_	_	0-4(184)
633-0	PSB005	633	0	mhmh	mhmh	_	_	_	_	_	linguistic	_	none	_	Begin=2111.023|End=2111.523	_	_	_	_
634-0	PSB018	634	0	[eh	eh	_	_	_	_	_	linguistic	_	none	_	Begin=2112.023	_	_	_	0-2(185)
634-1	PSB018	634	1	per	per	_	_	_	_	_	linguistic	_	none	_	_	_	_	_	0-3(185)
634-2	PSB018	634	2	il	il	_	_	_	_	_	linguistic	_	none	_	_	_	_	_	0-2(185)
634-3	PSB018	634	3	cervello]	cervello	_	_	_	_	_	linguistic	_	none	_	End=2113.682	_	_	_	0-8(185)
635-0	PSB005	635	0	[sono	sono	_	_	_	_	_	linguistic	_	none	_	Begin=2112.078	_	_	_	0-4(185)
635-1	PSB005	635	1	d'	d'	_	_	_	_	_	linguistic	_	none	SpaceAfter=No	_	_	_	_	0-2(185)
635-2	PSB005	635	2	accordo]	accordo	_	_	_	_	_	linguistic	_	none	_	_	_	_	_	0-7(185)
635-3	PSB005	635	3	sì	sì	_	_	_	_	_	linguistic	_	none	_	_	_	_	_	_
635-4	PSB005	635	4	sì	sì	_	_	_	_	_	linguistic	_	none	_	End=2114.258	_	_	_	_
636-0	PSB018	636	0	è	è	_	_	_	_	_	linguistic	_	none	_	Begin=2114.258	_	_	_	_
636-1	PSB018	636	1	molto	molto	_	_	_	_	_	linguistic	_	none	_	_	_	_	_	_
636-2	PSB018	636	2	molto	molto	_	_	_	_	_	linguistic	_	none	_	_	_	_	_	_
636-3	PSB018	636	3	utile	utile	_	_	_	_	_	linguistic	_	none	_	_	_	_	_	_
636-4	PSB018	636	4	e	e	_	_	_	_	_	linguistic	_	none	_	_	_	_	_	_
636-5	PSB018	636	5	[s:ono	sono	_	_	_	_	_	linguistic	_	none	_	_	0x1	_	_	0-4(186)
636-6	PSB018	636	6	molto	molto	_	_	_	_	_	linguistic	_	none	_	_	_	_	_	0-5(186)
636-7	PSB018	636	7	contenta]	contenta	_	_	_	_	_	linguistic	_	none	_	_	_	_	_	0-8(186)
636-8	PSB018	636	8	eh	eh	_	_	_	_	_	linguistic	_	none	_	_	_	_	_	_
636-9	PSB018	636	9	con	con	_	_	_	_	_	linguistic	_	none	_	_	_	_	_	_
636-10	PSB018	636	10	questo	questo	_	_	_	_	_	linguistic	_	none	_	_	_	_	_	_
636-11	PSB018	636	11	mix	mix	_	_	_	_	_	linguistic	_	none	_	_	_	_	_	_
636-12	PSB018	636	12	adesso	adesso	_	_	_	_	_	linguistic	_	none	_	_	_	_	_	_
636-13	PSB018	636	13	per	per	_	_	_	_	_	linguistic	_	none	_	_	_	_	_	_
636-14	PSB018	636	14	mio	mio	_	_	_	_	_	linguistic	_	none	_	_	_	_	_	_
636-15	PSB018	636	15	bimbo	bimbo	_	_	_	_	_	linguistic	_	none	PauseAfter=Yes	_	_	_	_	_
636-16	PSB018	636	16	[(.)]	(.)	_	_	_	_	_	shortpause	_	none	_	_	_	_	_	X(187)
636-17	PSB018	636	17	perché	perché	_	_	_	_	_	linguistic	_	none	_	_	_	_	_	_
636-18	PSB018	636	18	lui	lui	_	_	_	_	_	linguistic	_	none	_	_	_	_	_	_
636-19	PSB018	636	19	fa	fa	_	_	_	_	_	linguistic	_	none	PauseAfter=Yes	_	_	_	_	_
636-20	PSB018	636	20	(.)	(.)	_	_	_	_	_	shortpause	_	none	_	_	_	_	_	_
636-21	PSB018	636	21	scuola	scuola	_	_	_	_	_	linguistic	_	none	PauseAfter=Yes	_	_	_	_	_
636-22	PSB018	636	22	(.)	(.)	_	_	_	_	_	shortpause	_	none	_	_	_	_	_	_
636-23	PSB018	636	23	ucraina	ucraina	_	_	_	_	_	linguistic	_	none	PauseAfter=Yes	_	_	_	_	_
636-24	PSB018	636	24	(.)	(.)	_	_	_	_	_	shortpause	_	none	_	_	_	_	_	_
636-25	PSB018	636	25	online	online	_	_	_	_	_	linguistic	_	none	_	_	_	_	_	_
636-26	PSB018	636	26	sì	sì	_	_	_	_	_	linguistic	_	none	_	End=2126.432	_	_	_	_
637-0	PSB005	637	0	[sì	sì	_	_	_	_	_	linguistic	_	none	_	Begin=2116.296	_	_	_	0-2(186)
637-1	PSB005	637	1	sì	sì	_	_	_	_	_	linguistic	_	none	_	_	_	_	_	0-2(186)
637-2	PSB005	637	2	sono	sono	_	_	_	_	_	linguistic	_	none	_	_	_	_	_	0-4(186)
637-3	PSB005	637	3	d'	d'	_	_	_	_	_	linguistic	_	none	SpaceAfter=No	_	_	_	_	0-2(186)
637-4	PSB005	637	4	accordo	accordo	_	_	_	_	_	linguistic	_	none	_	_	_	_	_	0-7(186)
637-5	PSB005	637	5	sì]	sì	_	_	_	_	_	linguistic	_	none	_	End=2118.507	_	_	_	0-2(186)
638-0	PSB005	638	0	[mhmh]	mhmh	_	_	_	_	_	linguistic	_	none	_	Begin=2121.432|End=2121.932	_	_	_	0-4(187)
639-0	PSB005	639	0	ah	ah	_	_	_	_	_	linguistic	_	none	_	Begin=2126.432	_	_	_	_
639-1	PSB005	639	1	ok[ay]	okay	_	_	_	_	_	linguistic	_	none	_	End=2127.557	_	_	_	2-4(188)
640-0	PSB018	640	0	[sì]	sì	_	_	_	_	_	linguistic	_	none	_	Begin=2126.932|End=2127.54	_	_	_	0-2(188)
641-0	PSB018	641	0	russa	russa	_	_	_	_	_	linguistic	_	none	PauseAfter=Yes	Begin=2128.432	_	_	_	_
641-1	PSB018	641	1	(.)	(.)	_	_	_	_	_	shortpause	_	none	_	_	_	_	_	_
641-2	PSB018	641	2	perché:	perché	_	_	_	_	_	linguistic	_	none	_	_	5x1	_	_	_
641-3	PSB018	641	3	ehm	ehm	_	_	_	_	_	linguistic	_	none	_	_	_	_	_	_
641-4	PSB018	641	4	online	online	_	_	_	_	_	linguistic	_	none	_	End=2132.614	_	_	_	_
642-0	PSB018	642	0	perché	perché	_	_	_	_	_	linguistic	_	none	_	Begin=2133.773	_	_	_	_
642-1	PSB018	642	1	noi	noi	_	_	_	_	_	linguistic	_	none	_	_	_	_	_	_
642-2	PSB018	642	2	eh	eh	_	_	_	_	_	linguistic	_	none	_	_	_	_	_	_
642-3	PSB018	642	3	noi	noi	_	_	_	_	_	linguistic	_	none	_	_	_	_	_	_
642-4	PSB018	642	4	parliamo	parliamo	_	_	_	_	_	linguistic	_	none	_	_	_	_	_	_
642-5	PSB018	642	5	con	con	_	_	_	_	_	linguistic	_	none	_	_	_	_	_	_
642-6	PSB018	642	6	lui	lui	_	_	_	_	_	linguistic	_	none	PauseAfter=Yes	_	_	_	_	_
642-7	PSB018	642	7	(.)	(.)	_	_	_	_	_	shortpause	_	none	_	_	_	_	_	_
642-8	PSB018	642	8	russo	russo	_	_	_	_	_	linguistic	_	none	_	End=2137.296	_	_	_	_
643-0	PSB005	643	0	mhmh	mhmh	_	_	_	_	_	linguistic	_	none	_	Begin=2137.296	_	_	_	_
643-1	PSB005	643	1	okay	okay	_	_	_	_	_	linguistic	_	none	_	_	_	_	_	_
643-2	PSB005	643	2	[capisco]	capisco	_	_	_	_	_	linguistic	_	none	_	End=2139.364	_	_	_	0-7(189)
644-0	PSB018	644	0	[ma	ma	_	_	_	_	_	linguistic	_	none	_	Begin=2138.523	_	_	_	0-2(189)
644-1	PSB018	644	1	<tu]tto	tutto	_	_	_	_	_	linguistic	_	none	_	_	_	Slow=0-5(0)	_	0-2(189)
644-2	PSB018	644	2	che:>	che	_	_	_	_	_	linguistic	_	none	_	End=2141.114	2x1	Slow=0-3(0)	_	_
645-0	PSB018	645	0	m:h	mh	_	_	_	_	_	linguistic	_	yes	_	Begin=2141.909	0x1	_	_	_
645-1	PSB018	645	1	#connected	connected	_	_	_	_	_	linguistic	_	yes	Language=NO_ISO_CODE|Variation=Token	_	_	_	_	_
645-2	PSB018	645	2	con:	con	_	_	_	_	_	linguistic	_	yes	_	_	2x1	_	_	_
645-3	PSB018	645	3	le	le	_	_	_	_	_	linguistic	_	yes	_	_	_	_	_	_
645-4	PSB018	645	4	scuole,	scuole	_	_	_	_	_	linguistic	_	yes	Intonation=WeaklyRising	_	_	_	_	_
645-5	PSB018	645	5	con	con	_	_	_	_	_	linguistic	_	yes	_	_	_	_	_	_
645-6	PSB018	645	6	la	la	_	_	_	_	_	linguistic	_	yes	_	_	_	_	_	_
645-7	PSB018	645	7	scuola	scuola	_	_	_	_	_	linguistic	_	yes	_	_	_	_	_	_
645-8	PSB018	645	8	sua	sua	_	_	_	_	_	linguistic	_	yes	_	End=2146.35	_	_	_	_
646-0	PSB005	646	0	mhmh	mhmh	_	_	_	_	_	linguistic	_	none	_	Begin=2146.467|End=2146.775	_	_	_	_
647-0	PSB018	647	0	solo	solo	_	_	_	_	_	linguistic	_	none	_	Begin=2146.808	_	_	_	_
647-1	PSB018	647	1	ucraino	ucraino	_	_	_	_	_	linguistic	_	none	PauseAfter=Yes	_	_	_	_	_
647-2	PSB018	647	2	(.)	(.)	_	_	_	_	_	shortpause	_	none	_	_	_	_	_	_
647-3	PSB018	647	3	quando	quando	_	_	_	_	_	linguistic	_	none	_	_	_	_	_	_
647-4	PSB018	647	4	io	io	_	_	_	_	_	linguistic	_	none	_	_	_	_	_	_
647-5	PSB018	647	5	lavoro	lavoro	_	_	_	_	_	linguistic	_	none	_	_	_	_	_	_
647-6	PSB018	647	6	online	online	_	_	_	_	_	linguistic	_	none	_	_	_	_	_	_
647-7	PSB018	647	7	con	con	_	_	_	_	_	linguistic	_	none	_	_	_	_	_	_
647-8	PSB018	647	8	i	i	_	_	_	_	_	linguistic	_	none	_	_	_	_	_	_
647-9	PSB018	647	9	i	i	_	_	_	_	_	linguistic	_	none	_	_	_	_	_	_
647-10	PSB018	647	10	eh	eh	_	_	_	_	_	linguistic	_	none	_	_	_	_	_	_
647-11	PSB018	647	11	con	con	_	_	_	_	_	linguistic	_	none	_	_	_	_	_	_
647-12	PSB018	647	12	i	i	_	_	_	_	_	linguistic	_	none	_	_	_	_	_	_
647-13	PSB018	647	13	miei	miei	_	_	_	_	_	linguistic	_	none	_	_	_	_	_	_
647-14	PSB018	647	14	studenti	studenti	_	_	_	_	_	linguistic	_	none	_	_	_	_	_	_
647-15	PSB018	647	15	solo	solo	_	_	_	_	_	linguistic	_	none	_	_	_	_	_	_
647-16	PSB018	647	16	ucraino	ucraino	_	_	_	_	_	linguistic	_	none	_	_	_	_	_	_
647-17	PSB018	647	17	ucraino	ucraino	_	_	_	_	_	linguistic	_	none	_	_	_	_	_	_
647-18	PSB018	647	18	ingle[se]	inglese	_	_	_	_	_	linguistic	_	none	_	End=2153.44	_	_	_	5-7(190)
648-0	PSB005	648	0	[mh]mh	mhmh	_	_	_	_	_	linguistic	_	none	_	Begin=2153.24|End=2153.717	_	_	_	0-2(190)
649-0	PSB018	649	0	normalmente	normalmente	_	_	_	_	_	linguistic	_	none	_	Begin=2153.735	_	_	_	_
649-1	PSB018	649	1	inglese	inglese	_	_	_	_	_	linguistic	_	none	_	_	_	_	_	_
649-2	PSB018	649	2	ma	ma	_	_	_	_	_	linguistic	_	none	_	_	_	_	_	_
649-3	PSB018	649	3	quando	quando	_	_	_	_	_	linguistic	_	none	_	_	_	_	_	_
649-4	PSB018	649	4	<spiego>	spiego	_	_	_	_	_	linguistic	_	none	_	_	_	Slow=0-6(0)	_	_
649-5	PSB018	649	5	qualcos[a	qualcosa	_	_	_	_	_	linguistic	_	none	_	_	_	_	_	7-8(191)
649-6	PSB018	649	6	eh]	eh	_	_	_	_	_	linguistic	_	none	_	_	_	_	_	0-2(191)
649-7	PSB018	649	7	ucrain[o	ucraino	_	_	_	_	_	linguistic	_	none	_	_	_	_	_	6-7(192)
649-8	PSB018	649	8	no]	no	_	_	_	_	_	linguistic	_	none	_	_	_	_	_	0-2(192)
649-9	PSB018	649	9	russo	russo	_	_	_	_	_	linguistic	_	none	_	End=2159.57	_	_	_	_
650-0	PSB005	650	0	[certo]	certo	_	_	_	_	_	linguistic	_	none	_	Begin=2157.568|End=2158.3	_	_	_	0-5(191)
651-0	PSB005	651	0	[°sì°]	sì	_	_	_	_	_	linguistic	_	none	Volume=low	Begin=2158.773|End=2159.386	_	_	_	0-2(192)
652-0	PSB018	652	0	ma	ma	_	_	_	_	_	linguistic	_	yes	_	Begin=2159.99	_	_	_	_
652-1	PSB018	652	1	#everyday	everyday	_	_	_	_	_	linguistic	_	yes	Language=NO_ISO_CODE|Variation=Token	_	_	_	_	_
652-2	PSB018	652	2	#life	life	_	_	_	_	_	linguistic	_	yes	PauseAfter=Yes|Language=NO_ISO_CODE|Variation=Token	_	_	_	_	_
652-3	PSB018	652	3	(.)	(.)	_	_	_	_	_	shortpause	_	yes	_	_	_	_	_	_
652-4	PSB018	652	4	[è]	è	_	_	_	_	_	linguistic	_	yes	_	_	_	_	_	0-1(193)
652-5	PSB018	652	5	russ[o]	russo	_	_	_	_	_	linguistic	_	yes	_	End=2162.973	_	_	_	4-5(194)
653-0	PSB005	653	0	[mhmh]	mhmh	_	_	_	_	_	linguistic	_	none	_	Begin=2161.455|End=2162.074	_	_	_	0-4(193)
654-0	PSB005	654	0	[o]kay	okay	_	_	_	_	_	linguistic	_	none	_	Begin=2162.614	_	_	_	0-1(194)
654-1	PSB005	654	1	oka[y]	okay	_	_	_	_	_	linguistic	_	none	_	End=2163.682	_	_	_	3-4(195)
655-0	PSB018	655	0	[s]ì	sì	_	_	_	_	_	linguistic	_	none	_	Begin=2163.477|End=2164.091	_	_	_	0-1(195)
656-0	PSB018	656	0	e:	e	_	_	_	_	_	linguistic	_	none	_	Begin=2164.909|End=2165.65	0x1	_	_	_
657-0	PSB018	657	0	per	per	_	_	_	_	_	linguistic	_	none	_	Begin=2166.75	_	_	_	_
657-1	PSB018	657	1	questo	questo	_	_	_	_	_	linguistic	_	none	_	_	_	_	_	_
657-2	PSB018	657	2	noi:	noi	_	_	_	_	_	linguistic	_	none	_	_	2x1	_	_	_
657-3	PSB018	657	3	siamo	siamo	_	_	_	_	_	linguistic	_	none	_	End=2169.818	_	_	_	_
658-0	PSB018	658	0	°questi°	questi	_	_	_	_	_	linguistic	_	none	Volume=low	Begin=2170.682|End=2171.453	_	_	_	_
659-0	PSB018	659	0	mu~	mu~	_	_	_	_	_	linguistic	_	yes	Interrupted=Yes	Begin=2172.318	_	_	_	_
659-1	PSB018	659	1	mh	mh	_	_	_	_	_	linguistic	_	yes	_	_	_	_	_	_
659-2	PSB018	659	2	multi~	multi~	_	_	_	_	_	linguistic	_	yes	Interrupted=Yes	_	_	_	_	_
659-3	PSB018	659	3	#multi:langua[ge]	multilanguage	_	_	_	_	_	linguistic	_	yes	Language=NO_ISO_CODE|Variation=Token	End=2177.364	4x1	_	_	12-14(196)
660-0	PSB005	660	0	[mhmh]	mhmh	_	_	_	_	_	linguistic	_	none	_	Begin=2176.818|End=2177.364	_	_	_	0-4(196)
661-0	PSB005	661	0	una	una	_	_	_	_	_	linguistic	_	none	_	Begin=2178.205	_	_	_	_
661-1	PSB005	661	1	famigli[a	famiglia	_	_	_	_	_	linguistic	_	none	PauseAfter=Yes	_	_	_	_	7-8(197)
661-2	PSB005	661	2	(.)	(.)	_	_	_	_	_	shortpause	_	none	_	_	_	_	_	X(197)
661-3	PSB005	661	3	p]lurilingue	plurilingue	_	_	_	_	_	linguistic	_	none	_	End=2180.318	_	_	_	0-1(197)
662-0	PSB018	662	0	[sì]	sì	_	_	_	_	_	linguistic	_	none	_	Begin=2179.046|End=2179.604	_	_	_	0-2(197)
663-0	PSB018	663	0	sì	sì	_	_	_	_	_	linguistic	_	none	_	Begin=2180.477	_	_	_	_
663-1	PSB018	663	1	e	e	_	_	_	_	_	linguistic	_	none	_	_	_	_	_	_
663-2	PSB018	663	2	questo	questo	_	_	_	_	_	linguistic	_	none	_	_	_	_	_	_
663-3	PSB018	663	3	no	no	_	_	_	_	_	linguistic	_	none	_	_	_	_	_	_
663-4	PSB018	663	4	solo	solo	_	_	_	_	_	linguistic	_	none	_	_	_	_	_	_
663-5	PSB018	663	5	nostra	nostra	_	_	_	_	_	linguistic	_	none	_	_	_	_	_	_
663-6	PSB018	663	6	famiglia	famiglia	_	_	_	_	_	linguistic	_	none	_	_	_	_	_	_
663-7	PSB018	663	7	e:	e	_	_	_	_	_	linguistic	_	none	_	End=2183.932	0x1	_	_	_
664-0	PSB018	664	0	questa:	questa	_	_	_	_	_	linguistic	_	yes	_	Begin=2184.364	5x1	_	_	_
664-1	PSB018	664	1	eh	eh	_	_	_	_	_	linguistic	_	yes	_	_	_	_	_	_
664-2	PSB018	664	2	quello	quello	_	_	_	_	_	linguistic	_	yes	_	_	_	_	_	_
664-3	PSB018	664	3	è:	è	_	_	_	_	_	linguistic	_	yes	_	_	0x1	_	_	_
664-4	PSB018	664	4	norma~	norma~	_	_	_	_	_	linguistic	_	yes	Interrupted=Yes	_	_	_	_	_
664-5	PSB018	664	5	eh	eh	_	_	_	_	_	linguistic	_	yes	_	_	_	_	_	_
664-6	PSB018	664	6	la	la	_	_	_	_	_	linguistic	_	yes	_	_	_	_	_	_
664-7	PSB018	664	7	#*situacija	situacija	_	_	_	_	_	linguistic	_	yes	Language=NO_ISO_CODE|Variation=Doubtful	_	_	_	_	_
664-8	PSB018	664	8	eh	eh	_	_	_	_	_	linguistic	_	yes	_	_	_	_	_	_
664-9	PSB018	664	9	la	la	_	_	_	_	_	linguistic	_	yes	_	_	_	_	_	_
664-10	PSB018	664	10	situazione	situazione	_	_	_	_	_	linguistic	_	yes	_	_	_	_	_	_
664-11	PSB018	664	11	è	è	_	_	_	_	_	linguistic	_	yes	_	_	_	_	_	_
664-12	PSB018	664	12	per	per	_	_	_	_	_	linguistic	_	yes	_	_	_	_	_	_
664-13	PSB018	664	13	tutte	tutte	_	_	_	_	_	linguistic	_	yes	_	_	_	_	_	_
664-14	PSB018	664	14	le	le	_	_	_	_	_	linguistic	_	yes	_	_	_	_	_	_
664-15	PSB018	664	15	famiglie	famiglie	_	_	_	_	_	linguistic	_	yes	PauseAfter=Yes	_	_	_	_	_
664-16	PSB018	664	16	(.)	(.)	_	_	_	_	_	shortpause	_	yes	_	_	_	_	_	_
664-17	PSB018	664	17	[lì]	lì	_	_	_	_	_	linguistic	_	yes	_	End=2193.023	_	_	_	0-2(198)
665-0	PSB005	665	0	[mhmh]	mhmh	_	_	_	_	_	linguistic	_	none	_	Begin=2192.227|End=2192.721	_	_	_	0-4(198)
666-0	PSB005	666	0	mhmh	mhmh	_	_	_	_	_	linguistic	_	none	_	Begin=2193.091	_	_	_	_
666-1	PSB005	666	1	sì	sì	_	_	_	_	_	linguistic	_	none	_	_	_	_	_	_
666-2	PSB005	666	2	sì	sì	_	_	_	_	_	linguistic	_	none	_	_	_	_	_	_
666-3	PSB005	666	3	sì	sì	_	_	_	_	_	linguistic	_	none	_	_	_	_	_	_
666-4	PSB005	666	4	ho	ho	_	_	_	_	_	linguistic	_	none	_	_	_	_	_	_
666-5	PSB005	666	5	capito	capito	_	_	_	_	_	linguistic	_	none	PauseAfter=Yes	_	_	_	_	_
666-6	PSB005	666	6	(.)	(.)	_	_	_	_	_	shortpause	_	none	_	_	_	_	_	_
666-7	PSB005	666	7	e	e	_	_	_	_	_	linguistic	_	none	PauseAfter=Yes	_	_	_	_	_
666-8	PSB005	666	8	(.)	(.)	_	_	_	_	_	shortpause	_	none	_	_	_	_	_	_
666-9	PSB005	666	9	ma	ma	_	_	_	_	_	linguistic	_	none	_	_	_	_	_	_
666-10	PSB005	666	10	c'	c'	_	_	_	_	_	linguistic	_	none	SpaceAfter=No	_	_	_	_	_
666-11	PSB005	666	11	è	è	_	_	_	_	_	linguistic	_	none	_	_	_	_	_	_
666-12	PSB005	666	12	molta	molta	_	_	_	_	_	linguistic	_	none	_	_	_	_	_	_
666-13	PSB005	666	13	differenza	differenza	_	_	_	_	_	linguistic	_	none	_	_	_	_	_	_
666-14	PSB005	666	14	tra	tra	_	_	_	_	_	linguistic	_	none	_	_	_	_	_	_
666-15	PSB005	666	15	russo	russo	_	_	_	_	_	linguistic	_	none	_	_	_	_	_	_
666-16	PSB005	666	16	e	e	_	_	_	_	_	linguistic	_	none	_	_	_	_	_	_
666-17	PSB005	666	17	ucraino?	ucraino	_	_	_	_	_	linguistic	_	none	Intonation=Rising	End=2198.761	_	_	_	_
667-0	PSB018	667	0	e:h	eh	_	_	_	_	_	linguistic	_	none	_	Begin=2199.318	0x1	_	_	_
667-1	PSB018	667	1	per	per	_	_	_	_	_	linguistic	_	none	_	_	_	_	_	_
667-2	PSB018	667	2	me	me	_	_	_	_	_	linguistic	_	none	_	_	_	_	_	_
667-3	PSB018	667	3	no	no	_	_	_	_	_	linguistic	_	none	_	End=2201.364	_	_	_	_
668-0	PSB018	668	0	ma	ma	_	_	_	_	_	linguistic	_	none	_	Begin=2202.068	_	_	_	_
668-1	PSB018	668	1	per	per	_	_	_	_	_	linguistic	_	none	_	_	_	_	_	_
668-2	PSB018	668	2	i	i	_	_	_	_	_	linguistic	_	none	_	_	_	_	_	_
668-3	PSB018	668	3	russi	russi	_	_	_	_	_	linguistic	_	none	_	_	_	_	_	_
668-4	PSB018	668	4	sì	sì	_	_	_	_	_	linguistic	_	none	_	End=2203.205	_	_	_	_
669-0	PSB005	669	0	okay	okay	_	_	_	_	_	linguistic	_	none	_	Begin=2203.227	_	_	_	_
669-1	PSB005	669	1	((ride))	((ride))	_	_	_	_	_	nonverbalbehavior	_	none	_	_	_	_	_	_
669-2	PSB005	669	2	okay	okay	_	_	_	_	_	linguistic	_	none	_	End=2205.159	_	_	_	_
670-0	PSB018	670	0	e:	e	_	_	_	_	_	linguistic	_	none	_	Begin=2205.341	0x1	_	_	_
670-1	PSB018	670	1	secondo	secondo	_	_	_	_	_	linguistic	_	none	_	_	_	_	_	_
670-2	PSB018	670	2	me	me	_	_	_	_	_	linguistic	_	none	_	_	_	_	_	_
670-3	PSB018	670	3	è	è	_	_	_	_	_	linguistic	_	none	_	_	_	_	_	_
670-4	PSB018	670	4	l~	l~	_	_	_	_	_	linguistic	_	none	Interrupted=Yes	_	_	_	_	_
670-5	PSB018	670	5	molto	molto	_	_	_	_	_	linguistic	_	none	_	_	_	_	_	_
670-6	PSB018	670	6	molto	molto	_	_	_	_	_	linguistic	_	none	_	_	_	_	_	_
670-7	PSB018	670	7	vicino	vicino	_	_	_	_	_	linguistic	_	none	_	_	_	_	_	_
670-8	PSB018	670	8	da	da	_	_	_	_	_	linguistic	_	none	_	_	_	_	_	_
670-9	PSB018	670	9	le	le	_	_	_	_	_	linguistic	_	none	_	_	_	_	_	_
670-10	PSB018	670	10	differenza	differenza	_	_	_	_	_	linguistic	_	none	_	_	_	_	_	_
670-11	PSB018	670	11	tra	tra	_	_	_	_	_	linguistic	_	none	_	_	_	_	_	_
670-12	PSB018	670	12	italiano	italiano	_	_	_	_	_	linguistic	_	none	_	_	_	_	_	_
670-13	PSB018	670	13	e	e	_	_	_	_	_	linguistic	_	none	_	_	_	_	_	_
670-14	PSB018	670	14	spagno[lo]	spagnolo	_	_	_	_	_	linguistic	_	none	_	End=2213.523	_	_	_	6-8(199)
671-0	PSB005	671	0	[oka]y	okay	_	_	_	_	_	linguistic	_	none	_	Begin=2213.136	_	_	_	0-3(199)
671-1	PSB005	671	1	sì	sì	_	_	_	_	_	linguistic	_	none	_	_	_	_	_	_
671-2	PSB005	671	2	è	è	_	_	_	_	_	linguistic	_	none	_	_	_	_	_	_
671-3	PSB005	671	3	possibile	possibile	_	_	_	_	_	linguistic	_	none	_	_	_	_	_	_
671-4	PSB005	671	4	[sì	sì	_	_	_	_	_	linguistic	_	none	_	_	_	_	_	0-2(200)
671-5	PSB005	671	5	sì]	sì	_	_	_	_	_	linguistic	_	none	_	End=2215.43	_	_	_	0-2(200)
672-0	PSB018	672	0	[per	per	_	_	_	_	_	linguistic	_	none	_	Begin=2214.705	_	_	_	0-3(200)
672-1	PSB018	672	1	esempio]	esempio	_	_	_	_	_	linguistic	_	none	_	_	_	_	_	0-7(200)
672-2	PSB018	672	2	quando	quando	_	_	_	_	_	linguistic	_	none	_	_	_	_	_	_
672-3	PSB018	672	3	anch'	anch'	_	_	_	_	_	linguistic	_	none	SpaceAfter=No	_	_	_	_	_
672-4	PSB018	672	4	io	io	_	_	_	_	_	linguistic	_	none	_	_	_	_	_	_
672-5	PSB018	672	5	quando	quando	_	_	_	_	_	linguistic	_	none	_	_	_	_	_	_
672-6	PSB018	672	6	e:h	eh	_	_	_	_	_	linguistic	_	none	_	End=2218.841	0x1	_	_	_
673-0	PSB018	673	0	<ascolto>	ascolto	_	_	_	_	_	linguistic	_	none	_	Begin=2219.436	_	Slow=0-7(0)	_	_
673-1	PSB018	673	1	qualcuno	qualcuno	_	_	_	_	_	linguistic	_	none	_	_	_	_	_	_
673-2	PSB018	673	2	parla	parla	_	_	_	_	_	linguistic	_	none	_	_	_	_	_	_
673-3	PSB018	673	3	chi	chi	_	_	_	_	_	linguistic	_	none	_	_	_	_	_	_
673-4	PSB018	673	4	parlano	parlano	_	_	_	_	_	linguistic	_	none	_	_	_	_	_	_
673-5	PSB018	673	5	chi	chi	_	_	_	_	_	linguistic	_	none	_	_	_	_	_	_
673-6	PSB018	673	6	parla	parla	_	_	_	_	_	linguistic	_	none	_	End=2224.194	_	_	_	_
674-0	PSB018	674	0	eh	eh	_	_	_	_	_	linguistic	_	none	_	Begin=2225.194	_	_	_	_
674-1	PSB018	674	1	spagnolo	spagnolo	_	_	_	_	_	linguistic	_	none	_	End=2226.271	_	_	_	_
675-0	PSB005	675	0	capisci	capisci	_	_	_	_	_	linguistic	_	none	_	Begin=2227.161|End=2227.742	_	_	_	_
676-0	PSB018	676	0	capisce	capisce	_	_	_	_	_	linguistic	_	none	_	Begin=2227.726	_	_	_	_
676-1	PSB018	676	1	[e:]	e	_	_	_	_	_	linguistic	_	none	PauseAfter=Yes	_	0x1	_	_	0-1(202)
676-2	PSB018	676	2	(.)	(.)	_	_	_	_	_	shortpause	_	none	_	_	_	_	_	_
676-3	PSB018	676	3	quando:	quando	_	_	_	_	_	linguistic	_	none	_	End=2230.85	5x1	_	_	_
677-0	PSB005	677	0	[eh	eh	_	_	_	_	_	linguistic	_	none	_	Begin=2228.194	_	_	_	0-2(202)
677-1	PSB005	677	1	sì	sì	_	_	_	_	_	linguistic	_	none	_	_	_	_	_	0-2(202)
677-2	PSB005	677	2	sì]	sì	_	_	_	_	_	linguistic	_	none	_	End=2228.855	_	_	_	0-2(202)
678-0	PSB018	678	0	eh	eh	_	_	_	_	_	linguistic	_	none	_	Begin=2231.468	_	_	_	_
678-1	PSB018	678	1	la:	la	_	_	_	_	_	linguistic	_	none	_	_	1x1	_	_	_
678-2	PSB018	678	2	mh	mh	_	_	_	_	_	linguistic	_	none	_	_	_	_	_	_
678-3	PSB018	678	3	lingua	lingua	_	_	_	_	_	linguistic	_	none	_	_	_	_	_	_
678-4	PSB018	678	4	no	no	_	_	_	_	_	linguistic	_	none	_	_	_	_	_	_
678-5	PSB018	678	5	lingua	lingua	_	_	_	_	_	linguistic	_	none	_	_	_	_	_	_
678-6	PSB018	678	6	eh	eh	_	_	_	_	_	linguistic	_	none	_	_	_	_	_	_
678-7	PSB018	678	7	sì	sì	_	_	_	_	_	linguistic	_	none	_	_	_	_	_	_
678-8	PSB018	678	8	la	la	_	_	_	_	_	linguistic	_	none	_	_	_	_	_	_
678-9	PSB018	678	9	lingua	lingua	_	_	_	_	_	linguistic	_	none	_	_	_	_	_	_
678-10	PSB018	678	10	è	è	_	_	_	_	_	linguistic	_	none	_	_	_	_	_	_
678-11	PSB018	678	11	scritta	scritta	_	_	_	_	_	linguistic	_	none	_	End=2236.129	_	_	_	_
679-0	PSB005	679	0	mhmh	mhmh	_	_	_	_	_	linguistic	_	none	_	Begin=2236.145|End=2236.532	_	_	_	_
680-0	PSB018	680	0	è	è	_	_	_	_	_	linguistic	_	none	_	Begin=2237.161	_	_	_	_
680-1	PSB018	680	1	più	più	_	_	_	_	_	linguistic	_	none	_	_	_	_	_	_
680-2	PSB018	680	2	f[acile]	facile	_	_	_	_	_	linguistic	_	none	_	End=2238.581	_	_	_	1-6(203)
681-0	PSB005	681	0	[eh	eh	_	_	_	_	_	linguistic	_	none	_	Begin=2237.919	_	_	_	0-2(203)
681-1	PSB005	681	1	cert]o	certo	_	_	_	_	_	linguistic	_	none	_	_	_	_	_	0-4(203)
681-2	PSB005	681	2	sì	sì	_	_	_	_	_	linguistic	_	none	_	_	_	_	_	_
681-3	PSB005	681	3	sì	sì	_	_	_	_	_	linguistic	_	none	_	_	_	_	_	_
681-4	PSB005	681	4	[sì	sì	_	_	_	_	_	linguistic	_	none	_	_	_	_	_	0-2(204)
681-5	PSB005	681	5	certamente]	certamente	_	_	_	_	_	linguistic	_	none	_	End=2240.548	_	_	_	0-10(204)
682-0	PSB018	682	0	[e:h	eh	_	_	_	_	_	linguistic	_	none	_	Begin=2239.5	0x1	_	_	0-2(204)
682-1	PSB018	682	1	adess]o	adesso	_	_	_	_	_	linguistic	_	none	_	_	_	_	_	0-5(204)
682-2	PSB018	682	2	io	io	_	_	_	_	_	linguistic	_	none	_	_	_	_	_	_
682-3	PSB018	682	3	parlo	parlo	_	_	_	_	_	linguistic	_	none	_	_	_	_	_	_
682-4	PSB018	682	4	da:	da	_	_	_	_	_	linguistic	_	none	_	_	1x1	_	_	_
682-5	PSB018	682	5	spagnolo	spagnolo	_	_	_	_	_	linguistic	_	none	PauseAfter=Yes	_	_	_	_	_
682-6	PSB018	682	6	(.)	(.)	_	_	_	_	_	shortpause	_	none	_	_	_	_	_	_
682-7	PSB018	682	7	[quan]do	quando	_	_	_	_	_	linguistic	_	none	_	_	_	_	_	0-4(205)
682-8	PSB018	682	8	leggo	leggo	_	_	_	_	_	linguistic	_	none	_	_	_	_	_	_
682-9	PSB018	682	9	qualcosa:	qualcosa	_	_	_	_	_	linguistic	_	none	_	_	7x1	_	_	_
682-10	PSB018	682	10	o:	o	_	_	_	_	_	linguistic	_	none	_	_	0x1	_	_	_
682-11	PSB018	682	11	ascolto	ascolto	_	_	_	_	_	linguistic	_	none	_	End=2246.952	_	_	_	_
683-0	PSB005	683	0	[mhmh]	mhmh	_	_	_	_	_	linguistic	_	none	_	Begin=2242.581|End=2243.016	_	_	_	0-4(205)
684-0	PSB018	684	0	sì	sì	_	_	_	_	_	linguistic	_	none	_	Begin=2247.532	_	_	_	_
684-1	PSB018	684	1	sì	sì	_	_	_	_	_	linguistic	_	none	_	End=2248.032	_	_	_	_
685-0	PSB005	685	0	mhmh	mhmh	_	_	_	_	_	linguistic	_	none	_	Begin=2248.032	_	_	_	_
685-1	PSB005	685	1	certo	certo	_	_	_	_	_	linguistic	_	none	_	_	_	_	_	_
685-2	PSB005	685	2	[sì]	sì	_	_	_	_	_	linguistic	_	none	_	End=2249.161	_	_	_	0-2(206)
686-0	PSB018	686	0	[tant]issime	tantissime	_	_	_	_	_	linguistic	_	none	_	Begin=2248.774	_	_	_	0-4(206)
686-1	PSB018	686	1	parole	parole	_	_	_	_	_	linguistic	_	none	_	_	_	_	_	_
686-2	PSB018	686	2	non	non	_	_	_	_	_	linguistic	_	none	_	_	_	_	_	_
686-3	PSB018	686	3	so	so	_	_	_	_	_	linguistic	_	none	_	End=2251.129	_	_	_	_
687-0	PSB018	687	0	quanto	quanto	_	_	_	_	_	linguistic	_	none	_	Begin=2251.839	_	_	_	_
687-1	PSB018	687	1	pro~	pro~	_	_	_	_	_	linguistic	_	none	Interrupted=Yes	_	_	_	_	_
687-2	PSB018	687	2	per	per	_	_	_	_	_	linguistic	_	none	_	_	_	_	_	_
687-3	PSB018	687	3	centi?	centi	_	_	_	_	_	linguistic	_	none	Intonation=Rising	End=2253.387	_	_	_	_
688-0	PSB005	688	0	mhmh	mhmh	_	_	_	_	_	linguistic	_	none	_	Begin=2253.403|End=2253.824	_	_	_	_
689-0	PSB018	689	0	ma:	ma	_	_	_	_	_	linguistic	_	none	_	Begin=2253.984	1x1	_	_	_
689-1	PSB018	689	1	°è	è	_	_	_	_	_	linguistic	_	none	Volume=low	_	_	_	_	_
689-2	PSB018	689	2	è	è	_	_	_	_	_	linguistic	_	none	Volume=low	_	_	_	_	_
689-3	PSB018	689	3	è°	è	_	_	_	_	_	linguistic	_	none	Volume=low	_	_	_	_	_
689-4	PSB018	689	4	è	è	_	_	_	_	_	linguistic	_	none	_	_	_	_	_	_
689-5	PSB018	689	5	grande	grande	_	_	_	_	_	linguistic	_	none	_	End=2256.807	_	_	_	_
690-0	PSB018	690	0	°questo°	questo	_	_	_	_	_	linguistic	_	none	Volume=low	Begin=2258.419|End=2259.032	_	_	_	_
691-0	PSB005	691	0	mhmh	mhmh	_	_	_	_	_	linguistic	_	none	_	Begin=2259.919	_	_	_	_
691-1	PSB005	691	1	è	è	_	_	_	_	_	linguistic	_	none	_	_	_	_	_	_
691-2	PSB005	691	2	chiaro	chiaro	_	_	_	_	_	linguistic	_	none	_	_	_	_	_	_
691-3	PSB005	691	3	sì	sì	_	_	_	_	_	linguistic	_	none	_	_	_	_	_	_
691-4	PSB005	691	4	sì	sì	_	_	_	_	_	linguistic	_	none	_	_	_	_	_	_
691-5	PSB005	691	5	io	io	_	_	_	_	_	linguistic	_	none	_	_	_	_	_	_
691-6	PSB005	691	6	ho	ho	_	_	_	_	_	linguistic	_	none	_	_	_	_	_	_
691-7	PSB005	691	7	capito	capito	_	_	_	_	_	linguistic	_	none	_	_	_	_	_	_
691-8	PSB005	691	8	perfettamente	perfettamente	_	_	_	_	_	linguistic	_	none	_	_	_	_	_	_
691-9	PSB005	691	9	che	che	_	_	_	_	_	linguistic	_	none	_	_	_	_	_	_
691-10	PSB005	691	10	cosa	cosa	_	_	_	_	_	linguistic	_	none	_	_	_	_	_	_
691-11	PSB005	691	11	vuoi	vuoi	_	_	_	_	_	linguistic	_	none	_	_	_	_	_	_
691-12	PSB005	691	12	dire	dire	_	_	_	_	_	linguistic	_	none	_	_	_	_	_	_
691-13	PSB005	691	13	e	e	_	_	_	_	_	linguistic	_	none	_	_	_	_	_	_
691-14	PSB005	691	14	il	il	_	_	_	_	_	linguistic	_	none	_	_	_	_	_	_
691-15	PSB005	691	15	tuo	tuo	_	_	_	_	_	linguistic	_	none	_	_	_	_	_	_
691-16	PSB005	691	16	bimbo	bimbo	_	_	_	_	_	linguistic	_	none	_	_	_	_	_	_
691-17	PSB005	691	17	pia~	pia~	_	_	_	_	_	linguistic	_	none	Interrupted=Yes	_	_	_	_	_
691-18	PSB005	691	18	al	al	_	_	_	_	_	linguistic	_	none	_	_	_	_	_	_
691-19	PSB005	691	19	tuo	tuo	_	_	_	_	_	linguistic	_	none	_	_	_	_	_	_
691-20	PSB005	691	20	bimbo	bimbo	_	_	_	_	_	linguistic	_	none	_	_	_	_	_	_
691-21	PSB005	691	21	piace	piace	_	_	_	_	_	linguistic	_	none	_	_	_	_	_	_
691-22	PSB005	691	22	parlare	parlare	_	_	_	_	_	linguistic	_	none	_	_	_	_	_	_
691-23	PSB005	691	23	diverse	diverse	_	_	_	_	_	linguistic	_	none	_	_	_	_	_	_
691-24	PSB005	691	24	lingue:	lingue	_	_	_	_	_	linguistic	_	none	_	End=2267.742	5x1	_	_	_
692-0	PSB018	692	0	non	non	_	_	_	_	_	linguistic	_	none	_	Begin=2268.581	_	_	_	_
692-1	PSB018	692	1	so	so	_	_	_	_	_	linguistic	_	none	_	_	_	_	_	_
692-2	PSB018	692	2	se	se	_	_	_	_	_	linguistic	_	none	_	_	_	_	_	_
692-3	PSB018	692	3	piace	piace	_	_	_	_	_	linguistic	_	none	_	_	_	_	_	_
692-4	PSB018	692	4	ma	ma	_	_	_	_	_	linguistic	_	none	_	_	_	_	_	_
692-5	PSB018	692	5	non:	non	_	_	_	_	_	linguistic	_	none	_	_	2x1	_	_	_
692-6	PSB018	692	6	abbiamo	abbiamo	_	_	_	_	_	linguistic	_	none	_	_	_	_	_	_
692-7	PSB018	692	7	la	la	_	_	_	_	_	linguistic	_	none	_	_	_	_	_	_
692-8	PSB018	692	8	la	la	_	_	_	_	_	linguistic	_	none	_	_	_	_	_	_
692-9	PSB018	692	9	la:	la	_	_	_	_	_	linguistic	_	none	_	_	1x1	_	_	_
692-10	PSB018	692	10	mh	mh	_	_	_	_	_	linguistic	_	none	_	End=2273.887	_	_	_	_
693-0	PSB018	693	0	scelta	scelta	_	_	_	_	_	linguistic	_	none	_	Begin=2274.887|End=2275.613	_	_	_	_
694-0	PSB005	694	0	mhmh	mhmh	_	_	_	_	_	linguistic	_	none	_	Begin=2275.613|End=2275.952	_	_	_	_
695-0	PSB018	695	0	sì	sì	_	_	_	_	_	linguistic	_	none	_	Begin=2275.952|End=2276.258	_	_	_	_
696-0	PSB018	696	0	ma:	ma	_	_	_	_	_	linguistic	_	none	_	Begin=2278.081	1x1	_	_	_
696-1	PSB018	696	1	sono	sono	_	_	_	_	_	linguistic	_	none	_	_	_	_	_	_
696-2	PSB018	696	2	contenta	contenta	_	_	_	_	_	linguistic	_	none	_	_	_	_	_	_
696-3	PSB018	696	3	>con	con	_	_	_	_	_	linguistic	_	none	_	_	_	Fast=0-3(0)	_	_
696-4	PSB018	696	4	quell(o)<	quello	_	_	_	_	_	linguistic	_	none	_	End=2279.712	_	Fast=0-6(0)	5-6(0)	_
697-0	PSB018	697	0	e:	e	_	_	_	_	_	linguistic	_	none	_	Begin=2281.129|End=2281.968	0x1	_	_	_
698-0	PSB018	698	0	<della	della	_	_	_	_	_	linguistic	_	none	_	Begin=2282.661	_	Slow=0-5(0)	_	_
698-1	PSB018	698	1	sua	sua	_	_	_	_	_	linguistic	_	none	_	_	_	Slow=0-3(0)	_	_
698-2	PSB018	698	2	età	età	_	_	_	_	_	linguistic	_	none	_	_	_	Slow=0-3(0)	_	_
698-3	PSB018	698	3	non>	non	_	_	_	_	_	linguistic	_	none	_	_	_	Slow=0-3(0)	_	_
698-4	PSB018	698	4	c'	c'	_	_	_	_	_	linguistic	_	none	SpaceAfter=No	_	_	_	_	_
698-5	PSB018	698	5	è:	è	_	_	_	_	_	linguistic	_	none	_	_	0x1	_	_	_
698-6	PSB018	698	6	grande	grande	_	_	_	_	_	linguistic	_	none	_	_	_	_	_	_
698-7	PSB018	698	7	problema	problema	_	_	_	_	_	linguistic	_	none	_	End=2287.178	_	_	_	_
699-0	PSB018	699	0	per	per	_	_	_	_	_	linguistic	_	yes	_	Begin=2287.919	_	_	_	_
699-1	PSB018	699	1	studiare	studiare	_	_	_	_	_	linguistic	_	yes	_	_	_	_	_	_
699-2	PSB018	699	2	la	la	_	_	_	_	_	linguistic	_	yes	_	_	_	_	_	_
699-3	PSB018	699	3	lingua	lingua	_	_	_	_	_	linguistic	_	yes	_	_	_	_	_	_
699-4	PSB018	699	4	nuova	nuova	_	_	_	_	_	linguistic	_	yes	_	_	_	_	_	_
699-5	PSB018	699	5	so~	so~	_	_	_	_	_	linguistic	_	yes	Interrupted=Yes	_	_	_	_	_
699-6	PSB018	699	6	l'	l'	_	_	_	_	_	linguistic	_	yes	SpaceAfter=No	_	_	_	_	_
699-7	PSB018	699	7	unica	unica	_	_	_	_	_	linguistic	_	yes	_	_	_	_	_	_
699-8	PSB018	699	8	cosa	cosa	_	_	_	_	_	linguistic	_	yes	_	_	_	_	_	_
699-9	PSB018	699	9	è	è	_	_	_	_	_	linguistic	_	yes	_	_	_	_	_	_
699-10	PSB018	699	10	questa	questa	_	_	_	_	_	linguistic	_	yes	_	_	_	_	_	_
699-11	PSB018	699	11	m:h	mh	_	_	_	_	_	linguistic	_	yes	_	_	0x1	_	_	_
699-12	PSB018	699	12	#psychcologically	psychcologically	_	_	_	_	_	linguistic	_	yes	Language=NO_ISO_CODE|Variation=Token	_	_	_	_	_
699-13	PSB018	699	13	e:h	eh	_	_	_	_	_	linguistic	_	yes	_	_	0x1	_	_	_
699-14	PSB018	699	14	quando	quando	_	_	_	_	_	linguistic	_	yes	_	_	_	_	_	_
699-15	PSB018	699	15	tu	tu	_	_	_	_	_	linguistic	_	yes	_	_	_	_	_	_
699-16	PSB018	699	16	devi	devi	_	_	_	_	_	linguistic	_	yes	_	_	_	_	_	_
699-17	PSB018	699	17	lasciare:	lasciare	_	_	_	_	_	linguistic	_	yes	_	_	7x1	_	_	_
699-18	PSB018	699	18	<la	la	_	_	_	_	_	linguistic	_	yes	_	_	_	Slow=0-2(0)	_	_
699-19	PSB018	699	19	sua	sua	_	_	_	_	_	linguistic	_	yes	_	_	_	Slow=0-3(0)	_	_
699-20	PSB018	699	20	vita	vita	_	_	_	_	_	linguistic	_	yes	_	_	_	Slow=0-4(0)	_	_
699-21	PSB018	699	21	tutto>	tutto	_	_	_	_	_	linguistic	_	yes	_	_	_	Slow=0-5(0)	_	_
699-22	PSB018	699	22	in	in	_	_	_	_	_	linguistic	_	yes	_	_	_	_	_	_
699-23	PSB018	699	23	passato	passato	_	_	_	_	_	linguistic	_	yes	_	_	_	_	_	_
699-24	PSB018	699	24	e	e	_	_	_	_	_	linguistic	_	yes	_	_	_	_	_	_
699-25	PSB018	699	25	inziare	inziare	_	_	_	_	_	linguistic	_	yes	_	_	_	_	_	_
699-26	PSB018	699	26	qualcosa	qualcosa	_	_	_	_	_	linguistic	_	yes	_	_	_	_	_	_
699-27	PSB018	699	27	nuovo	nuovo	_	_	_	_	_	linguistic	_	yes	_	_	_	_	_	_
699-28	PSB018	699	28	è	è	_	_	_	_	_	linguistic	_	yes	_	_	_	_	_	_
699-29	PSB018	699	29	sempre	sempre	_	_	_	_	_	linguistic	_	yes	_	End=2305.161	_	_	_	_
700-0	PSB018	700	0	a:h	ah	_	_	_	_	_	linguistic	_	none	_	Begin=2305.855	0x1	_	_	_
700-1	PSB018	700	1	difficile	difficile	_	_	_	_	_	linguistic	_	none	_	_	_	_	_	_
700-2	PSB018	700	2	perché	perché	_	_	_	_	_	linguistic	_	none	_	_	_	_	_	_
700-3	PSB018	700	3	deve	deve	_	_	_	_	_	linguistic	_	none	_	_	_	_	_	_
700-4	PSB018	700	4	dobbiamo	dobbiamo	_	_	_	_	_	linguistic	_	none	_	_	_	_	_	_
700-5	PSB018	700	5	fare	fare	_	_	_	_	_	linguistic	_	none	_	_	_	_	_	_
700-6	PSB018	700	6	quel	quel	_	_	_	_	_	linguistic	_	none	_	_	_	_	_	_
700-7	PSB018	700	7	questo	questo	_	_	_	_	_	linguistic	_	none	_	_	_	_	_	_
700-8	PSB018	700	8	ma:	ma	_	_	_	_	_	linguistic	_	none	_	End=2311.436	1x1	_	_	_
701-0	PSB018	701	0	tra	tra	_	_	_	_	_	linguistic	_	none	_	Begin=2311.919	_	_	_	_
701-1	PSB018	701	1	un	un	_	_	_	_	_	linguistic	_	none	_	_	_	_	_	_
701-2	PSB018	701	2	po'	po'	_	_	_	_	_	linguistic	_	none	_	End=2313.048	_	_	_	_
702-0	PSB018	702	0	co~	co~	_	_	_	_	_	linguistic	_	none	Interrupted=Yes	Begin=2314.274	_	_	_	_
702-1	PSB018	702	1	mh	mh	_	_	_	_	_	linguistic	_	none	_	_	_	_	_	_
702-2	PSB018	702	2	forse	forse	_	_	_	_	_	linguistic	_	none	_	_	_	_	_	_
702-3	PSB018	702	3	anche:	anche	_	_	_	_	_	linguistic	_	none	_	_	4x1	_	_	_
702-4	PSB018	702	4	mh	mh	_	_	_	_	_	linguistic	_	none	_	_	_	_	_	_
702-5	PSB018	702	5	<sei	sei	_	_	_	_	_	linguistic	_	none	_	_	_	Slow=0-3(0)	_	_
702-6	PSB018	702	6	sette>	sette	_	_	_	_	_	linguistic	_	none	_	_	_	Slow=0-5(0)	_	_
702-7	PSB018	702	7	mesi	mesi	_	_	_	_	_	linguistic	_	none	_	_	_	_	_	_
702-8	PSB018	702	8	sono	sono	_	_	_	_	_	linguistic	_	none	_	_	_	_	_	_
702-9	PSB018	702	9	$abbastanze	abbastanze	_	_	_	_	_	linguistic	_	none	Orthography=Yes|Variation=Emerging	_	_	_	_	_
702-10	PSB018	702	10	per:	per	_	_	_	_	_	linguistic	_	none	_	_	2x1	_	_	_
702-11	PSB018	702	11	m:h	mh	_	_	_	_	_	linguistic	_	none	_	End=2323.839	0x1	_	_	_
703-0	PSB018	703	0	°come°	come	_	_	_	_	_	linguistic	_	none	Volume=low	Begin=2324.565|End=2325.097	_	_	_	_
704-0	PSB018	704	0	<cam[biar]e>	cambiare	_	_	_	_	_	linguistic	_	none	_	Begin=2326.145	_	Slow=0-8(0)	_	3-7(207)
704-1	PSB018	704	1	e:hm	ehm	_	_	_	_	_	linguistic	_	none	_	_	0x1	_	_	_
704-2	PSB018	704	2	la	la	_	_	_	_	_	linguistic	_	none	_	_	_	_	_	_
704-3	PSB018	704	3	sua	sua	_	_	_	_	_	linguistic	_	none	_	_	_	_	_	_
704-4	PSB018	704	4	idea	idea	_	_	_	_	_	linguistic	_	none	_	_	_	_	_	_
704-5	PSB018	704	5	in	in	_	_	_	_	_	linguistic	_	none	_	_	_	_	_	_
704-6	PSB018	704	6	tuo	tuo	_	_	_	_	_	linguistic	_	none	_	_	_	_	_	_
704-7	PSB018	704	7	cervello	cervello	_	_	_	_	_	linguistic	_	none	_	End=2333.016	_	_	_	_
705-0	PSB005	705	0	[xx]	xx	_	_	_	_	_	unknown	_	none	Syllables=2	Begin=2326.678|End=2327.25	_	_	_	0-2(207)
706-0	PSB018	706	0	se	se	_	_	_	_	_	linguistic	_	none	_	Begin=2333.742	_	_	_	_
706-1	PSB018	706	1	questo	questo	_	_	_	_	_	linguistic	_	none	_	_	_	_	_	_
706-2	PSB018	706	2	adesso	adesso	_	_	_	_	_	linguistic	_	none	_	_	_	_	_	_
706-3	PSB018	706	3	no	no	_	_	_	_	_	linguistic	_	none	_	_	_	_	_	_
706-4	PSB018	706	4	qualcosa	qualcosa	_	_	_	_	_	linguistic	_	none	_	_	_	_	_	_
706-5	PSB018	706	5	eh	eh	_	_	_	_	_	linguistic	_	none	_	_	_	_	_	_
706-6	PSB018	706	6	nuovo	nuovo	_	_	_	_	_	linguistic	_	none	_	End=2336.936	_	_	_	_
707-0	PSB005	707	0	mhmh	mhmh	_	_	_	_	_	linguistic	_	none	_	Begin=2338.807	_	_	_	_
707-1	PSB005	707	1	ho	ho	_	_	_	_	_	linguistic	_	none	_	_	_	_	_	_
707-2	PSB005	707	2	capito	capito	_	_	_	_	_	linguistic	_	none	_	_	_	_	_	_
707-3	PSB005	707	3	sì	sì	_	_	_	_	_	linguistic	_	none	_	_	_	_	_	_
707-4	PSB005	707	4	certo	certo	_	_	_	_	_	linguistic	_	none	_	_	_	_	_	_
707-5	PSB005	707	5	ma	ma	_	_	_	_	_	linguistic	_	none	_	_	_	_	_	_
707-6	PSB005	707	6	voi	voi	_	_	_	_	_	linguistic	_	none	_	_	_	_	_	_
707-7	PSB005	707	7	siete	siete	_	_	_	_	_	linguistic	_	none	_	_	_	_	_	_
707-8	PSB005	707	8	in	in	_	_	_	_	_	linguistic	_	none	_	_	_	_	_	_
707-9	PSB005	707	9	italia	italia	_	_	_	_	_	linguistic	_	none	_	_	_	_	_	_
707-10	PSB005	707	10	[da]	da	_	_	_	_	_	linguistic	_	none	_	_	_	_	_	0-2(208)
707-11	PSB005	707	11	da:	da	_	_	_	_	_	linguistic	_	none	_	_	1x1	_	_	_
707-12	PSB005	707	12	okay	okay	_	_	_	_	_	linguistic	_	none	_	End=2343.823	_	_	_	_
708-0	PSB018	708	0	[da	da	_	_	_	_	_	linguistic	_	none	_	Begin=2342.548	_	_	_	0-2(208)
708-1	PSB018	708	1	due	due	_	_	_	_	_	linguistic	_	none	_	_	_	_	_	0-3(208)
708-2	PSB018	708	2	anni]	anni	_	_	_	_	_	linguistic	_	none	_	End=2343.307	_	_	_	0-4(208)
709-0	PSB005	709	0	°okay°	okay	_	_	_	_	_	linguistic	_	none	Volume=low	Begin=2344.194	_	_	_	_
709-1	PSB005	709	1	e	e	_	_	_	_	_	linguistic	_	none	PauseAfter=Yes	_	_	_	_	_
709-2	PSB005	709	2	(.)	(.)	_	_	_	_	_	shortpause	_	none	_	_	_	_	_	_
709-3	PSB005	709	3	quindi	quindi	_	_	_	_	_	linguistic	_	none	_	_	_	_	_	_
709-4	PSB005	709	4	il	il	_	_	_	_	_	linguistic	_	none	_	_	_	_	_	_
709-5	PSB005	709	5	tuo	tuo	_	_	_	_	_	linguistic	_	none	_	_	_	_	_	_
709-6	PSB005	709	6	bimbo	bimbo	_	_	_	_	_	linguistic	_	none	_	_	_	_	_	_
709-7	PSB005	709	7	ha	ha	_	_	_	_	_	linguistic	_	none	_	_	_	_	_	_
709-8	PSB005	709	8	fatto	fatto	_	_	_	_	_	linguistic	_	none	_	_	_	_	_	_
709-9	PSB005	709	9	un	un	_	_	_	_	_	linguistic	_	none	_	_	_	_	_	_
709-10	PSB005	709	10	po'	po'	_	_	_	_	_	linguistic	_	none	_	_	_	_	_	_
709-11	PSB005	709	11	di	di	_	_	_	_	_	linguistic	_	none	_	_	_	_	_	_
709-12	PSB005	709	12	scuola	scuola	_	_	_	_	_	linguistic	_	none	_	_	_	_	_	_
709-13	PSB005	709	13	in	in	_	_	_	_	_	linguistic	_	none	_	_	_	_	_	_
709-14	PSB005	709	14	ucraina	ucraina	_	_	_	_	_	linguistic	_	none	_	_	_	_	_	_
709-15	PSB005	709	15	e	e	_	_	_	_	_	linguistic	_	none	_	_	_	_	_	_
709-16	PSB005	709	16	poi	poi	_	_	_	_	_	linguistic	_	none	_	_	_	_	_	_
709-17	PSB005	709	17	è	è	_	_	_	_	_	linguistic	_	none	_	_	_	_	_	_
709-18	PSB005	709	18	è	è	_	_	_	_	_	linguistic	_	none	_	_	_	_	_	_
709-19	PSB005	709	19	venuto	venuto	_	_	_	_	_	linguistic	_	none	_	_	_	_	_	_
709-20	PSB005	709	20	qui	qui	_	_	_	_	_	linguistic	_	none	_	_	_	_	_	_
709-21	PSB005	709	21	dopo	dopo	_	_	_	_	_	linguistic	_	none	_	_	_	_	_	_
709-22	PSB005	709	22	siete	siete	_	_	_	_	_	linguistic	_	none	_	_	_	_	_	_
709-23	PSB005	709	23	venuti	venuti	_	_	_	_	_	linguistic	_	none	_	_	_	_	_	_
709-24	PSB005	709	24	qui	qui	_	_	_	_	_	linguistic	_	none	_	End=2352.952	_	_	_	_
710-0	PSB018	710	0	e:h	eh	_	_	_	_	_	linguistic	_	none	_	Begin=2354.178|End=2354.919	0x1	_	_	_
711-0	PSB018	711	0	quando	quando	_	_	_	_	_	linguistic	_	none	_	Begin=2355.516	_	_	_	_
711-1	PSB018	711	1	siamo:	siamo	_	_	_	_	_	linguistic	_	none	_	End=2357.788	4x1	_	_	_
712-0	PSB018	712	0	venuti	venuti	_	_	_	_	_	linguistic	_	none	_	Begin=2358.839	_	_	_	_
712-1	PSB018	712	1	qui:	qui	_	_	_	_	_	linguistic	_	none	_	End=2360.113	2x1	_	_	_
713-0	PSB018	713	0	tra	tra	_	_	_	_	_	linguistic	_	none	_	Begin=2360.871	_	_	_	_
713-1	PSB018	713	1	un	un	_	_	_	_	_	linguistic	_	none	_	_	_	_	_	_
713-2	PSB018	713	2	po'	po'	_	_	_	_	_	linguistic	_	none	_	_	_	_	_	_
713-3	PSB018	713	3	perché:	perché	_	_	_	_	_	linguistic	_	none	_	_	5x1	_	_	_
713-4	PSB018	713	4	e:h	eh	_	_	_	_	_	linguistic	_	none	_	_	0x1	_	_	_
713-5	PSB018	713	5	siamo	siamo	_	_	_	_	_	linguistic	_	none	_	_	_	_	_	_
713-6	PSB018	713	6	trasferiti	trasferiti	_	_	_	_	_	linguistic	_	none	_	End=2364.339	_	_	_	_
714-0	PSB005	714	0	mhmh	mhmh	_	_	_	_	_	linguistic	_	none	_	Begin=2364.436|End=2364.887	_	_	_	_
715-0	PSB018	715	0	in	in	_	_	_	_	_	linguistic	_	none	_	Begin=2365.613	_	_	_	_
715-1	PSB018	715	1	marzo	marzo	_	_	_	_	_	linguistic	_	none	_	End=2366.468	_	_	_	_
716-0	PSB005	716	0	okay	okay	_	_	_	_	_	linguistic	_	none	_	Begin=2366.484|End=2367.032	_	_	_	_
717-0	PSB018	717	0	e	e	_	_	_	_	_	linguistic	_	none	_	Begin=2367.774	_	_	_	_
717-1	PSB018	717	1	da	da	_	_	_	_	_	linguistic	_	none	_	_	_	_	_	_
717-2	PSB018	717	2	pra~	pra~	_	_	_	_	_	linguistic	_	none	Interrupted=Yes	_	_	_	_	_
717-3	PSB018	717	3	eh	eh	_	_	_	_	_	linguistic	_	none	_	_	_	_	_	_
717-4	PSB018	717	4	in	in	_	_	_	_	_	linguistic	_	none	_	_	_	_	_	_
717-5	PSB018	717	5	aprile	aprile	_	_	_	_	_	linguistic	_	none	_	_	_	_	_	_
717-6	PSB018	717	6	[lu]i	lui	_	_	_	_	_	linguistic	_	none	_	_	_	_	_	0-2(?)
717-7	PSB018	717	7	ha	ha	_	_	_	_	_	linguistic	_	none	_	_	_	_	_	_
717-8	PSB018	717	8	<iniziato:>	iniziato	_	_	_	_	_	linguistic	_	none	_	End=2373.419	7x1	Slow=0-8(0)	_	_
718-0	PSB005	718	0	[xx]	xx	_	_	_	_	_	unknown	_	none	Syllables=2	Begin=2367.903|End=2368.46	_	_	_	0-2(209)
719-0	PSB005	719	0	[mhmh]	mhmh	_	_	_	_	_	linguistic	_	none	_	Begin=2369.339|End=2369.694	_	_	_	0-4(210)
720-0	PSB018	720	0	andare	andare	_	_	_	_	_	linguistic	_	none	_	Begin=2374.129	_	_	_	_
720-1	PSB018	720	1	a	a	_	_	_	_	_	linguistic	_	none	_	_	_	_	_	_
720-2	PSB018	720	2	scuola	scuola	_	_	_	_	_	linguistic	_	none	_	_	_	_	_	_
720-3	PSB018	720	3	italia[na]	italiana	_	_	_	_	_	linguistic	_	none	_	End=2375.839	_	_	_	6-8(211)
721-0	PSB005	721	0	[ok]ay	okay	_	_	_	_	_	linguistic	_	none	_	Begin=2375.726	_	_	_	0-2(211)
721-1	PSB005	721	1	vabbè	vabbè	_	_	_	_	_	linguistic	_	none	_	_	_	_	_	_
721-2	PSB005	721	2	sì	sì	_	_	_	_	_	linguistic	_	none	_	_	_	_	_	_
721-3	PSB005	721	3	subito	subito	_	_	_	_	_	linguistic	_	none	_	End=2377.242	_	_	_	_
722-0	PSB018	722	0	subito	subito	_	_	_	_	_	linguistic	_	none	_	Begin=2377.242	_	_	_	_
722-1	PSB018	722	1	mh[mh]	mhmh	_	_	_	_	_	linguistic	_	none	_	End=2378.194	_	_	_	2-4(212)
723-0	PSB005	723	0	[sì	sì	_	_	_	_	_	linguistic	_	none	_	Begin=2378.0	_	_	_	0-2(212)
723-1	PSB005	723	1	s]ì	sì	_	_	_	_	_	linguistic	_	none	_	_	_	_	_	0-1(212)
723-2	PSB005	723	2	sì	sì	_	_	_	_	_	linguistic	_	none	_	_	_	_	_	_
723-3	PSB005	723	3	e:hm:	ehm	_	_	_	_	_	linguistic	_	none	_	_	0x1,2x1	_	_	_
723-4	PSB005	723	4	ma	ma	_	_	_	_	_	linguistic	_	none	PauseAfter=Yes	_	_	_	_	_
723-5	PSB005	723	5	(.)	(.)	_	_	_	_	_	shortpause	_	none	_	_	_	_	_	_
723-6	PSB005	723	6	siete	siete	_	_	_	_	_	linguistic	_	none	_	_	_	_	_	_
723-7	PSB005	723	7	venuti	venuti	_	_	_	_	_	linguistic	_	none	_	_	_	_	_	_
723-8	PSB005	723	8	dall'	dall'	_	_	_	_	_	linguistic	_	none	SpaceAfter=No	_	_	_	_	_
723-9	PSB005	723	9	ucraina	ucraina	_	_	_	_	_	linguistic	_	none	_	_	_	_	_	_
723-10	PSB005	723	10	qui	qui	_	_	_	_	_	linguistic	_	none	_	_	_	_	_	_
723-11	PSB005	723	11	direttame[nte]	direttamente	_	_	_	_	_	linguistic	_	none	_	End=2383.716	_	_	_	8-12(213)
724-0	PSB018	724	0	[dire]ttamente	direttamente	_	_	_	_	_	linguistic	_	none	_	Begin=2383.419	_	_	_	0-4(213)
724-1	PSB018	724	1	bologna	bologna	_	_	_	_	_	linguistic	_	none	_	End=2384.936	_	_	_	_
725-0	PSB005	725	0	sì	sì	_	_	_	_	_	linguistic	_	none	_	Begin=2384.919	_	_	_	_
725-1	PSB005	725	1	com~	com~	_	_	_	_	_	linguistic	_	none	Interrupted=Yes	_	_	_	_	_
725-2	PSB005	725	2	come	come	_	_	_	_	_	linguistic	_	none	_	_	_	_	_	_
725-3	PSB005	725	3	mai	mai	_	_	_	_	_	linguistic	_	none	_	_	_	_	_	_
725-4	PSB005	725	4	avete	avete	_	_	_	_	_	linguistic	_	none	_	_	_	_	_	_
725-5	PSB005	725	5	scelto	scelto	_	_	_	_	_	linguistic	_	none	_	_	_	_	_	_
725-6	PSB005	725	6	bologna?	bologna	_	_	_	_	_	linguistic	_	none	Intonation=Rising	End=2387.274	_	_	_	_
726-0	PSB018	726	0	allora	allora	_	_	_	_	_	linguistic	_	none	_	Begin=2387.548	_	_	_	_
726-1	PSB018	726	1	m:h	mh	_	_	_	_	_	linguistic	_	none	_	End=2389.887	0x1	_	_	_
727-0	PSB018	727	0	<tutta:	tutta	_	_	_	_	_	linguistic	_	none	_	Begin=2390.661	4x1	Slow=0-5(0)	_	_
727-1	PSB018	727	1	l'	l'	_	_	_	_	_	linguistic	_	none	SpaceAfter=No	_	_	Slow=0-2(0)	_	_
727-2	PSB018	727	2	europea>	europea	_	_	_	_	_	linguistic	_	none	_	_	_	Slow=0-7(0)	_	_
727-3	PSB018	727	3	era	era	_	_	_	_	_	linguistic	_	none	_	_	_	_	_	_
727-4	PSB018	727	4	aperta	aperta	_	_	_	_	_	linguistic	_	none	_	_	_	_	_	_
727-5	PSB018	727	5	non	non	_	_	_	_	_	linguistic	_	none	_	_	_	_	_	_
727-6	PSB018	727	6	tutta	tutta	_	_	_	_	_	linguistic	_	none	_	_	_	_	_	_
727-7	PSB018	727	7	ma	ma	_	_	_	_	_	linguistic	_	none	_	End=2396.307	_	_	_	_
728-0	PSB018	728	0	e:h	eh	_	_	_	_	_	linguistic	_	none	_	Begin=2397.161	0x1	_	_	_
728-1	PSB018	728	1	sì	sì	_	_	_	_	_	linguistic	_	none	_	_	_	_	_	_
728-2	PSB018	728	2	a:h	ah	_	_	_	_	_	linguistic	_	none	_	_	0x1	_	_	_
728-3	PSB018	728	3	italia	italia	_	_	_	_	_	linguistic	_	none	_	_	_	_	_	_
728-4	PSB018	728	4	non	non	_	_	_	_	_	linguistic	_	none	_	_	_	_	_	_
728-5	PSB018	728	5	è:	è	_	_	_	_	_	linguistic	_	none	_	_	0x1	_	_	_
728-6	PSB018	728	6	una	una	_	_	_	_	_	linguistic	_	none	_	_	_	_	_	_
728-7	PSB018	728	7	paese	paese	_	_	_	_	_	linguistic	_	none	_	_	_	_	_	_
728-8	PSB018	728	8	molto	molto	_	_	_	_	_	linguistic	_	none	_	_	_	_	_	_
728-9	PSB018	728	9	vicina	vicina	_	_	_	_	_	linguistic	_	none	_	_	_	_	_	_
728-10	PSB018	728	10	da:	da	_	_	_	_	_	linguistic	_	none	_	_	1x1	_	_	_
728-11	PSB018	728	11	ucraina	ucraina	_	_	_	_	_	linguistic	_	none	_	End=2403.246	_	_	_	_
729-0	PSB018	729	0	ma	ma	_	_	_	_	_	linguistic	_	none	_	Begin=2404.597|End=2405.257	_	_	_	_
730-0	PSB018	730	0	quel	quel	_	_	_	_	_	linguistic	_	none	_	Begin=2406.29	_	_	_	_
730-1	PSB018	730	1	tempo	tempo	_	_	_	_	_	linguistic	_	none	_	End=2407.226	_	_	_	_
731-0	PSB018	731	0	c'	c'	_	_	_	_	_	linguistic	_	none	SpaceAfter=No	Begin=2408.452	_	_	_	_
731-1	PSB018	731	1	era	era	_	_	_	_	_	linguistic	_	none	_	_	_	_	_	_
731-2	PSB018	731	2	la	la	_	_	_	_	_	linguistic	_	none	_	_	_	_	_	_
731-3	PSB018	731	3	mia	mia	_	_	_	_	_	linguistic	_	none	_	_	_	_	_	_
731-4	PSB018	731	4	cugina	cugina	_	_	_	_	_	linguistic	_	none	_	End=2409.952	_	_	_	_
732-0	PSB005	732	0	mhmh	mhmh	_	_	_	_	_	linguistic	_	none	_	Begin=2409.968|End=2410.403	_	_	_	_
733-0	PSB018	733	0	da	da	_	_	_	_	_	linguistic	_	none	_	Begin=2410.484	_	_	_	_
733-1	PSB018	733	1	moldava	moldava	_	_	_	_	_	linguistic	_	none	_	End=2411.258	_	_	_	_
734-0	PSB005	734	0	mhmh	mhmh	_	_	_	_	_	linguistic	_	none	_	Begin=2411.29|End=2411.726	_	_	_	_
735-0	PSB018	735	0	da	da	_	_	_	_	_	linguistic	_	none	_	Begin=2411.726	_	_	_	_
735-1	PSB018	735	1	moldavia	moldavia	_	_	_	_	_	linguistic	_	none	_	End=2412.516	_	_	_	_
736-0	PSB005	736	0	°mhmh	mhmh	_	_	_	_	_	linguistic	_	none	_	Begin=2412.532|End=2412.839	_	_	_	_
737-0	PSB018	737	0	chi:	chi	_	_	_	_	_	linguistic	_	none	_	Begin=2413.194|End=2414.089	2x1	_	_	_
738-0	PSB018	738	0	lavora	lavora	_	_	_	_	_	linguistic	_	none	_	Begin=2415.194	_	_	_	_
738-1	PSB018	738	1	qui	qui	_	_	_	_	_	linguistic	_	none	_	End=2416.274	_	_	_	_
739-0	PSB018	739	0	e:	e	_	_	_	_	_	linguistic	_	none	_	Begin=2417.678	0x1	_	_	_
739-1	PSB018	739	1	quando	quando	_	_	_	_	_	linguistic	_	none	_	_	_	_	_	_
739-2	PSB018	739	2	tu	tu	_	_	_	_	_	linguistic	_	none	_	_	_	_	_	_
739-3	PSB018	739	3	devi	devi	_	_	_	_	_	linguistic	_	none	_	_	_	_	_	_
739-4	PSB018	739	4	scegliere	scegliere	_	_	_	_	_	linguistic	_	none	_	_	_	_	_	_
739-5	PSB018	739	5	qualcosa	qualcosa	_	_	_	_	_	linguistic	_	none	_	_	_	_	_	_
739-6	PSB018	739	6	nuovo	nuovo	_	_	_	_	_	linguistic	_	none	PauseAfter=Yes	_	_	_	_	_
739-7	PSB018	739	7	(.)	(.)	_	_	_	_	_	shortpause	_	none	_	_	_	_	_	_
739-8	PSB018	739	8	almeno	almeno	_	_	_	_	_	linguistic	_	none	_	_	_	_	_	_
739-9	PSB018	739	9	una	una	_	_	_	_	_	linguistic	_	none	_	_	_	_	_	_
739-10	PSB018	739	10	persona	persona	_	_	_	_	_	linguistic	_	none	_	_	_	_	_	_
739-11	PSB018	739	11	[chi	chi	_	_	_	_	_	linguistic	_	none	_	_	_	_	_	0-3(215)
739-12	PSB018	739	12	po]sso	posso	_	_	_	_	_	linguistic	_	none	_	_	_	_	_	0-2(215)
739-13	PSB018	739	13	poss:-	poss-	_	_	_	_	_	linguistic	_	none	Interrupted=Yes	_	3x1	_	_	_
739-14	PSB018	739	14	può	può	_	_	_	_	_	linguistic	_	none	_	_	_	_	_	_
739-15	PSB018	739	15	aiutarti	aiutarti	_	_	_	_	_	linguistic	_	none	_	End=2427.936	_	_	_	_
740-0	PSB005	740	0	[certo]	certo	_	_	_	_	_	linguistic	_	none	_	Begin=2423.79|End=2424.569	_	_	_	0-5(215)
741-0	PSB005	741	0	ce[rto	certo	_	_	_	_	_	linguistic	_	none	_	Begin=2428.694	_	_	_	2-5(216)
741-1	PSB005	741	1	sì	sì	_	_	_	_	_	linguistic	_	none	_	_	_	_	_	0-2(216)
741-2	PSB005	741	2	eh	eh	_	_	_	_	_	linguistic	_	none	_	_	_	_	_	0-2(216)
741-3	PSB005	741	3	certo]	certo	_	_	_	_	_	linguistic	_	none	_	End=2430.613	_	_	_	0-5(216)
742-0	PSB018	742	0	[è	è	_	_	_	_	_	linguistic	_	none	_	Begin=2429.0	_	_	_	0-1(216)
742-1	PSB018	742	1	utile	utile	_	_	_	_	_	linguistic	_	none	PauseAfter=Yes	_	_	_	_	0-5(216)
742-2	PSB018	742	2	(.)	(.)	_	_	_	_	_	shortpause	_	none	_	_	_	_	_	X(216)
742-3	PSB018	742	3	e	e	_	_	_	_	_	linguistic	_	none	_	_	_	_	_	0-1(216)
742-4	PSB018	742	4	f]orse	forse	_	_	_	_	_	linguistic	_	none	_	_	_	_	_	0-1(216)
742-5	PSB018	742	5	quello	quello	_	_	_	_	_	linguistic	_	none	_	_	_	_	_	_
742-6	PSB018	742	6	era:	era	_	_	_	_	_	linguistic	_	none	_	_	2x1	_	_	_
742-7	PSB018	742	7	e:hm	ehm	_	_	_	_	_	linguistic	_	none	_	_	0x1	_	_	_
742-8	PSB018	742	8	la	la	_	_	_	_	_	linguistic	_	none	_	_	_	_	_	_
742-9	PSB018	742	9	causa	causa	_	_	_	_	_	linguistic	_	none	_	_	_	_	_	_
742-10	PSB018	742	10	princip[ale]	principale	_	_	_	_	_	linguistic	_	none	_	_	_	_	_	7-10(218)
742-11	PSB018	742	11	per	per	_	_	_	_	_	linguistic	_	none	_	_	_	_	_	_
742-12	PSB018	742	12	scegliere	scegliere	_	_	_	_	_	linguistic	_	none	_	_	_	_	_	_
742-13	PSB018	742	13	italia	italia	_	_	_	_	_	linguistic	_	none	_	End=2437.597	_	_	_	_
743-0	PSB005	743	0	[mhmh]	mhmh	_	_	_	_	_	linguistic	_	none	_	Begin=2435.355|End=2435.839	_	_	_	0-4(218)
744-0	PSB005	744	0	mhmh	mhmh	_	_	_	_	_	linguistic	_	none	_	Begin=2437.581|End=2438.048	_	_	_	_
745-0	PSB018	745	0	e	e	_	_	_	_	_	linguistic	_	none	_	Begin=2438.387	_	_	_	_
745-1	PSB018	745	1	<italia	italia	_	_	_	_	_	linguistic	_	none	_	_	_	Slow=0-6(0)	_	_
745-2	PSB018	745	2	per	per	_	_	_	_	_	linguistic	_	none	_	_	_	Slow=0-3(0)	_	_
745-3	PSB018	745	3	tutto	tutto	_	_	_	_	_	linguistic	_	none	_	_	_	Slow=0-5(0)	_	_
745-4	PSB018	745	4	il	il	_	_	_	_	_	linguistic	_	none	_	_	_	Slow=0-2(0)	_	_
745-5	PSB018	745	5	mondo>	mondo	_	_	_	_	_	linguistic	_	none	_	_	_	Slow=0-5(0)	_	_
745-6	PSB018	745	6	quando	quando	_	_	_	_	_	linguistic	_	none	_	_	_	_	_	_
745-7	PSB018	745	7	tu	tu	_	_	_	_	_	linguistic	_	none	_	_	_	_	_	_
745-8	PSB018	745	8	e:h	eh	_	_	_	_	_	linguistic	_	none	_	End=2444.613	0x1	_	_	_
746-0	PSB018	746	0	senti	senti	_	_	_	_	_	linguistic	_	none	_	Begin=2445.226	_	_	_	_
746-1	PSB018	746	1	la	la	_	_	_	_	_	linguistic	_	none	_	_	_	_	_	_
746-2	PSB018	746	2	parola	parola	_	_	_	_	_	linguistic	_	none	_	_	_	_	_	_
746-3	PSB018	746	3	italia	italia	_	_	_	_	_	linguistic	_	none	_	_	_	_	_	_
746-4	PSB018	746	4	è	è	_	_	_	_	_	linguistic	_	none	_	_	_	_	_	_
746-5	PSB018	746	5	sempre	sempre	_	_	_	_	_	linguistic	_	none	_	_	_	_	_	_
746-6	PSB018	746	6	qualcosa	qualcosa	_	_	_	_	_	linguistic	_	none	_	_	_	_	_	_
746-7	PSB018	746	7	romantiche:	romantiche	_	_	_	_	_	linguistic	_	none	_	_	9x1	_	_	_
746-8	PSB018	746	8	bello:	bello	_	_	_	_	_	linguistic	_	none	_	End=2454.0	4x1	_	_	_
747-0	PSB018	747	0	e:h	eh	_	_	_	_	_	linguistic	_	none	_	Begin=2454.694	0x1	_	_	_
747-1	PSB018	747	1	non	non	_	_	_	_	_	linguistic	_	none	_	_	_	_	_	_
747-2	PSB018	747	2	so	so	_	_	_	_	_	linguistic	_	none	_	_	_	_	_	_
747-3	PSB018	747	3	come	come	_	_	_	_	_	linguistic	_	none	_	_	_	_	_	_
747-4	PSB018	747	4	una	una	_	_	_	_	_	linguistic	_	none	_	_	_	_	_	_
747-5	PSB018	747	5	luna	luna	_	_	_	_	_	linguistic	_	none	_	End=2457.71	_	_	_	_
748-0	PSB005	748	0	((ride))	((ride))	_	_	_	_	_	nonverbalbehavior	_	none	_	Begin=2457.726	_	_	_	_
748-1	PSB005	748	1	che	che	_	_	_	_	_	linguistic	_	none	_	_	_	_	_	_
748-2	PSB005	748	2	bello	bello	_	_	_	_	_	linguistic	_	none	_	End=2459.903	_	_	_	_
749-0	PSB018	749	0	sì	sì	_	_	_	_	_	linguistic	_	none	_	Begin=2459.952	_	_	_	_
749-1	PSB018	749	1	sì	sì	_	_	_	_	_	linguistic	_	none	_	End=2460.535	_	_	_	_
750-0	PSB005	750	0	ma	ma	_	_	_	_	_	linguistic	_	none	_	Begin=2460.871	_	_	_	_
750-1	PSB005	750	1	ef~	ef~	_	_	_	_	_	linguistic	_	none	Interrupted=Yes	_	_	_	_	_
750-2	PSB005	750	2	effettivamente	effettivamente	_	_	_	_	_	linguistic	_	none	_	End=2462.581	_	_	_	_
751-0	PSB005	751	0	ti	ti	_	_	_	_	_	linguistic	_	none	_	Begin=2462.952	_	_	_	_
751-1	PSB005	751	1	sei	sei	_	_	_	_	_	linguistic	_	none	_	_	_	_	_	_
751-2	PSB005	751	2	trovata	trovata	_	_	_	_	_	linguistic	_	none	_	_	_	_	_	_
751-3	PSB005	751	3	bene	bene	_	_	_	_	_	linguistic	_	none	_	_	_	_	_	_
751-4	PSB005	751	4	qui?	qui	_	_	_	_	_	linguistic	_	none	Intonation=Rising	End=2464.516	_	_	_	_
752-0	PSB018	752	0	molto	molto	_	_	_	_	_	linguistic	_	none	_	Begin=2464.726	_	_	_	_
752-1	PSB018	752	1	bene	bene	_	_	_	_	_	linguistic	_	none	_	_	_	_	_	_
752-2	PSB018	752	2	ma:	ma	_	_	_	_	_	linguistic	_	none	_	_	1x1	_	_	_
752-3	PSB018	752	3	eh	eh	_	_	_	_	_	linguistic	_	none	_	End=2466.839	_	_	_	_
753-0	PSB018	753	0	questa	questa	_	_	_	_	_	linguistic	_	none	_	Begin=2467.597	_	_	_	_
753-1	PSB018	753	1	la	la	_	_	_	_	_	linguistic	_	none	_	_	_	_	_	_
753-2	PSB018	753	2	mia	mia	_	_	_	_	_	linguistic	_	none	_	_	_	_	_	_
753-3	PSB018	753	3	idee	idee	_	_	_	_	_	linguistic	_	none	_	_	_	_	_	_
753-4	PSB018	753	4	personale	personale	_	_	_	_	_	linguistic	_	none	_	End=2469.29	_	_	_	_
754-0	PSB018	754	0	italia	italia	_	_	_	_	_	linguistic	_	none	_	Begin=2470.0	_	_	_	_
754-1	PSB018	754	1	è	è	_	_	_	_	_	linguistic	_	none	_	_	_	_	_	_
754-2	PSB018	754	2	mol~	mol~	_	_	_	_	_	linguistic	_	none	Interrupted=Yes	_	_	_	_	_
754-3	PSB018	754	3	°italia	italia	_	_	_	_	_	linguistic	_	none	Volume=low	_	_	_	_	_
754-4	PSB018	754	4	e	e	_	_	_	_	_	linguistic	_	none	Volume=low	_	_	_	_	_
754-5	PSB018	754	5	anche	anche	_	_	_	_	_	linguistic	_	none	Volume=low	_	_	_	_	_
754-6	PSB018	754	6	bologna°	bologna	_	_	_	_	_	linguistic	_	none	Volume=low	_	_	_	_	_
754-7	PSB018	754	7	>perché<	perché	_	_	_	_	_	linguistic	_	none	_	_	_	Fast=0-6(0)	_	_
754-8	PSB018	754	8	adesso	adesso	_	_	_	_	_	linguistic	_	none	_	_	_	_	_	_
754-9	PSB018	754	9	non	non	_	_	_	_	_	linguistic	_	none	_	_	_	_	_	_
754-10	PSB018	754	10	è	è	_	_	_	_	_	linguistic	_	none	_	_	_	_	_	_
754-11	PSB018	754	11	un	un	_	_	_	_	_	linguistic	_	none	_	_	_	_	_	_
754-12	PSB018	754	12	grande	grande	_	_	_	_	_	linguistic	_	none	_	_	_	_	_	_
754-13	PSB018	754	13	m:h	mh	_	_	_	_	_	linguistic	_	none	_	_	0x1	_	_	_
754-14	PSB018	754	14	specialista?	specialista	_	_	_	_	_	linguistic	_	none	Intonation=Rising	End=2478.629	_	_	_	_
755-0	PSB018	755	0	eh	eh	_	_	_	_	_	linguistic	_	none	_	Begin=2479.226	_	_	_	_
755-1	PSB018	755	1	per:	per	_	_	_	_	_	linguistic	_	none	_	_	2x1	_	_	_
755-2	PSB018	755	2	eh	eh	_	_	_	_	_	linguistic	_	none	_	_	_	_	_	_
755-3	PSB018	755	3	conoscere	conoscere	_	_	_	_	_	linguistic	_	none	_	_	_	_	_	_
755-4	PSB018	755	4	la	la	_	_	_	_	_	linguistic	_	none	_	_	_	_	_	_
755-5	PSB018	755	5	differenza	differenza	_	_	_	_	_	linguistic	_	none	_	_	_	_	_	_
755-6	PSB018	755	6	per	per	_	_	_	_	_	linguistic	_	none	_	_	_	_	_	_
755-7	PSB018	755	7	tutti	tutti	_	_	_	_	_	linguistic	_	none	_	_	_	_	_	_
755-8	PSB018	755	8	le	le	_	_	_	_	_	linguistic	_	none	_	_	_	_	_	_
755-9	PSB018	755	9	regioni	regioni	_	_	_	_	_	linguistic	_	none	_	_	_	_	_	_
755-10	PSB018	755	10	della	della	_	_	_	_	_	linguistic	_	none	_	_	_	_	_	_
755-11	PSB018	755	11	[italia]	italia	_	_	_	_	_	linguistic	_	none	_	End=2485.65	_	_	_	0-6(219)
756-0	PSB005	756	0	[ah	ah	_	_	_	_	_	linguistic	_	none	_	Begin=2484.887	_	_	_	0-2(219)
756-1	PSB005	756	1	certo]	certo	_	_	_	_	_	linguistic	_	none	_	_	_	_	_	0-5(219)
756-2	PSB005	756	2	no	no	_	_	_	_	_	linguistic	_	none	_	End=2486.016	_	_	_	_
757-0	PSB018	757	0	ma:	ma	_	_	_	_	_	linguistic	_	none	_	Begin=2486.048	1x1	_	_	_
757-1	PSB018	757	1	<vivo	vivo	_	_	_	_	_	linguistic	_	none	_	_	_	Slow=0-4(0)	_	_
757-2	PSB018	757	2	qui>ah	quiah	_	_	_	_	_	linguistic	_	none	_	_	_	Slow=0-3(0)	_	_
757-3	PSB018	757	3	in	in	_	_	_	_	_	linguistic	_	none	_	_	_	_	_	_
757-4	PSB018	757	4	bologna	bologna	_	_	_	_	_	linguistic	_	none	_	_	_	_	_	_
757-5	PSB018	757	5	in	in	_	_	_	_	_	linguistic	_	none	_	_	_	_	_	_
757-6	PSB018	757	6	$nordìvo	nordìvo	_	_	_	_	_	linguistic	_	none	Orthography=Yes|Variation=Emerging	_	_	_	_	_
757-7	PSB018	757	7	in:	in	_	_	_	_	_	linguistic	_	none	_	_	1x1	_	_	_
757-8	PSB018	757	8	nord:	nord	_	_	_	_	_	linguistic	_	none	_	_	3x1	_	_	_
757-9	PSB018	757	9	eh	eh	_	_	_	_	_	linguistic	_	none	_	_	_	_	_	_
757-10	PSB018	757	10	italia	italia	_	_	_	_	_	linguistic	_	none	_	End=2493.178	_	_	_	_
758-0	PSB018	758	0	e	e	_	_	_	_	_	linguistic	_	none	_	Begin=2494.307	_	_	_	_
758-1	PSB018	758	1	le	le	_	_	_	_	_	linguistic	_	none	_	_	_	_	_	_
758-2	PSB018	758	2	persone	persone	_	_	_	_	_	linguistic	_	none	_	End=2495.548	_	_	_	_
759-0	PSB018	759	0	sono	sono	_	_	_	_	_	linguistic	_	none	_	Begin=2496.581	_	_	_	_
759-1	PSB018	759	1	molto	molto	_	_	_	_	_	linguistic	_	none	_	_	_	_	_	_
759-2	PSB018	759	2	no~	no~	_	_	_	_	_	linguistic	_	none	Interrupted=Yes	_	_	_	_	_
759-3	PSB018	759	3	normalmente	normalmente	_	_	_	_	_	linguistic	_	none	_	_	_	_	_	_
759-4	PSB018	759	4	generalmente	generalmente	_	_	_	_	_	linguistic	_	none	_	_	_	_	_	_
759-5	PSB018	759	5	gentile	gentile	_	_	_	_	_	linguistic	_	none	_	End=2501.813	_	_	_	_
760-0	PSB018	760	0	attivo	attivo	_	_	_	_	_	linguistic	_	none	_	Begin=2502.452	_	_	_	_
760-1	PSB018	760	1	atti[ve]	attive	_	_	_	_	_	linguistic	_	none	_	End=2504.194	_	_	_	4-6(220)
761-0	PSB005	761	0	[mh]mh	mhmh	_	_	_	_	_	linguistic	_	none	_	Begin=2503.887|End=2504.467	_	_	_	0-2(220)
762-0	PSB018	762	0	°sì	sì	_	_	_	_	_	linguistic	_	none	Volume=low	Begin=2504.661	_	_	_	_
762-1	PSB018	762	1	attive°	attive	_	_	_	_	_	linguistic	_	none	Volume=low	_	_	_	_	_
762-2	PSB018	762	2	e	e	_	_	_	_	_	linguistic	_	none	_	_	_	_	_	_
762-3	PSB018	762	3	se	se	_	_	_	_	_	linguistic	_	none	_	_	_	_	_	_
762-4	PSB018	762	4	tu	tu	_	_	_	_	_	linguistic	_	none	_	_	_	_	_	_
762-5	PSB018	762	5	fa	fa	_	_	_	_	_	linguistic	_	none	_	_	_	_	_	_
762-6	PSB018	762	6	una	una	_	_	_	_	_	linguistic	_	none	_	_	_	_	_	_
762-7	PSB018	762	7	domanda	domanda	_	_	_	_	_	linguistic	_	none	_	End=2508.532	_	_	_	_
763-0	PSB018	763	0	ce	ce	_	_	_	_	_	linguistic	_	none	_	Begin=2510.597	_	_	_	_
763-1	PSB018	763	1	sono	sono	_	_	_	_	_	linguistic	_	none	_	_	_	_	_	_
763-2	PSB018	763	2	sempre	sempre	_	_	_	_	_	linguistic	_	none	_	_	_	_	_	_
763-3	PSB018	763	3	qualche	qualche	_	_	_	_	_	linguistic	_	none	_	_	_	_	_	_
763-4	PSB018	763	4	persone	persone	_	_	_	_	_	linguistic	_	none	_	_	_	_	_	_
763-5	PSB018	763	5	che	che	_	_	_	_	_	linguistic	_	none	_	_	_	_	_	_
763-6	PSB018	763	6	aiutano	aiutano	_	_	_	_	_	linguistic	_	none	_	End=2513.823	_	_	_	_
764-0	PSB005	764	0	mhmh	mhmh	_	_	_	_	_	linguistic	_	none	_	Begin=2513.855|End=2514.258	_	_	_	_
765-0	PSB018	765	0	ah	ah	_	_	_	_	_	linguistic	_	yes	_	Begin=2515.129	_	_	_	_
765-1	PSB018	765	1	co:n:	con	_	_	_	_	_	linguistic	_	yes	_	_	1x1,2x1	_	_	_
765-2	PSB018	765	2	l'	l'	_	_	_	_	_	linguistic	_	yes	SpaceAfter=No	_	_	_	_	_
765-3	PSB018	765	3	#*informazia	informazia	_	_	_	_	_	linguistic	_	yes	PauseAfter=Yes|Language=NO_ISO_CODE|Variation=Doubtful	_	_	_	_	_
765-4	PSB018	765	4	(.)	(.)	_	_	_	_	_	shortpause	_	yes	_	_	_	_	_	_
765-5	PSB018	765	5	con	con	_	_	_	_	_	linguistic	_	yes	_	End=2519.484	_	_	_	_
766-0	PSB005	766	0	se	se	_	_	_	_	_	linguistic	_	none	_	Begin=2520.21	_	_	_	_
766-1	PSB005	766	1	vuoi?	vuoi	_	_	_	_	_	linguistic	_	none	Intonation=Rising	End=2521.006	_	_	_	_
767-0	PSB018	767	0	((squilla_il_telefono))	((squilla_il_telefono))	_	_	_	_	_	nonverbalbehavior	_	none	_	Begin=2520.21|End=2521.006	_	_	_	_
768-0	PSB018	768	0	>no	no	_	_	_	_	_	linguistic	_	none	_	Begin=2521.113	_	Fast=0-2(0)	_	_
768-1	PSB018	768	1	no	no	_	_	_	_	_	linguistic	_	none	_	_	_	Fast=0-2(0)	_	_
768-2	PSB018	768	2	no	no	_	_	_	_	_	linguistic	_	none	_	_	_	Fast=0-2(0)	_	_
768-3	PSB018	768	3	no<	no	_	_	_	_	_	linguistic	_	none	_	End=2521.919	_	Fast=0-2(0)	_	_
769-0	PSB005	769	0	okay	okay	_	_	_	_	_	linguistic	_	none	_	Begin=2521.936|End=2522.613	_	_	_	_
770-0	PSB018	770	0	con	con	_	_	_	_	_	linguistic	_	yes	_	Begin=2522.887	_	_	_	_
770-1	PSB018	770	1	qualche	qualche	_	_	_	_	_	linguistic	_	yes	_	_	_	_	_	_
770-2	PSB018	770	2	#actio~	actio~	_	_	_	_	_	linguistic	_	yes	Interrupted=Yes|Language=NO_ISO_CODE|Variation=Token	_	_	_	_	_
770-3	PSB018	770	3	no	no	_	_	_	_	_	linguistic	_	yes	_	_	_	_	_	_
770-4	PSB018	770	4	#action	action	_	_	_	_	_	linguistic	_	yes	Language=NO_ISO_CODE|Variation=Token	_	_	_	_	_
770-5	PSB018	770	5	sì	sì	_	_	_	_	_	linguistic	_	yes	_	_	_	_	_	_
770-6	PSB018	770	6	a[z~	az~	_	_	_	_	_	linguistic	_	yes	Interrupted=Yes	_	_	_	_	1-3(222)
770-7	PSB018	770	7	azione	azione	_	_	_	_	_	linguistic	_	yes	_	_	_	_	_	0-6(222)
770-8	PSB018	770	8	pe]r	per	_	_	_	_	_	linguistic	_	yes	_	_	_	_	_	0-2(222)
770-9	PSB018	770	9	m:h	mh	_	_	_	_	_	linguistic	_	yes	_	_	0x1	_	_	_
770-10	PSB018	770	10	farti	farti	_	_	_	_	_	linguistic	_	yes	_	_	_	_	_	_
770-11	PSB018	770	11	sapere	sapere	_	_	_	_	_	linguistic	_	yes	_	_	_	_	_	_
770-12	PSB018	770	12	farti	farti	_	_	_	_	_	linguistic	_	yes	_	_	_	_	_	_
770-13	PSB018	770	13	vedere	vedere	_	_	_	_	_	linguistic	_	yes	_	_	_	_	_	_
770-14	PSB018	770	14	e:h	eh	_	_	_	_	_	linguistic	_	yes	_	_	0x1	_	_	_
770-15	PSB018	770	15	dare	dare	_	_	_	_	_	linguistic	_	yes	_	_	_	_	_	_
770-16	PSB018	770	16	ti	ti	_	_	_	_	_	linguistic	_	yes	_	_	_	_	_	_
770-17	PSB018	770	17	un:	un	_	_	_	_	_	linguistic	_	yes	_	_	1x1	_	_	_
770-18	PSB018	770	18	m:h	mh	_	_	_	_	_	linguistic	_	yes	_	_	0x1	_	_	_
770-19	PSB018	770	19	numero	numero	_	_	_	_	_	linguistic	_	yes	_	_	_	_	_	_
770-20	PSB018	770	20	di	di	_	_	_	_	_	linguistic	_	yes	_	_	_	_	_	_
770-21	PSB018	770	21	telefono:	telefono	_	_	_	_	_	linguistic	_	yes	_	_	7x1	_	_	_
770-22	PSB018	770	22	di:	di	_	_	_	_	_	linguistic	_	yes	_	_	1x1	_	_	_
770-23	PSB018	770	23	della	della	_	_	_	_	_	linguistic	_	yes	_	_	_	_	_	_
770-24	PSB018	770	24	persona	persona	_	_	_	_	_	linguistic	_	yes	_	_	_	_	_	_
770-25	PSB018	770	25	che	che	_	_	_	_	_	linguistic	_	yes	_	_	_	_	_	_
770-26	PSB018	770	26	pos:so	posso	_	_	_	_	_	linguistic	_	yes	_	_	2x1	_	_	_
770-27	PSB018	770	27	aiuta	aiuta	_	_	_	_	_	linguistic	_	yes	_	_	_	_	_	_
770-28	PSB018	770	28	te	te	_	_	_	_	_	linguistic	_	yes	_	_	_	_	_	_
770-29	PSB018	770	29	[>allora<]	allora	_	_	_	_	_	linguistic	_	yes	_	End=2541.339	_	Fast=0-6(0)	_	0-6(223)
771-0	PSB005	771	0	[sì	sì	_	_	_	_	_	linguistic	_	none	_	Begin=2525.758	_	_	_	0-2(222)
771-1	PSB005	771	1	sì	sì	_	_	_	_	_	linguistic	_	none	_	_	_	_	_	0-2(222)
771-2	PSB005	771	2	sì	sì	_	_	_	_	_	linguistic	_	none	_	_	_	_	_	0-2(222)
771-3	PSB005	771	3	azione	azione	_	_	_	_	_	linguistic	_	none	_	_	_	_	_	0-6(222)
771-4	PSB005	771	4	sì]	sì	_	_	_	_	_	linguistic	_	none	_	End=2527.274	_	_	_	0-2(222)
772-0	PSB005	772	0	[mhmh]	mhmh	_	_	_	_	_	linguistic	_	none	_	Begin=2540.839|End=2541.323	_	_	_	0-4(223)
773-0	PSB018	773	0	e	e	_	_	_	_	_	linguistic	_	none	_	Begin=2541.823	_	_	_	_
773-1	PSB018	773	1	questo	questo	_	_	_	_	_	linguistic	_	none	_	_	_	_	_	_
773-2	PSB018	773	2	è	è	_	_	_	_	_	linguistic	_	none	_	_	_	_	_	_
773-3	PSB018	773	3	molto	molto	_	_	_	_	_	linguistic	_	none	_	_	_	_	_	_
773-4	PSB018	773	4	molto	molto	_	_	_	_	_	linguistic	_	none	_	_	_	_	_	_
773-5	PSB018	773	5	vicino	vicino	_	_	_	_	_	linguistic	_	none	_	_	_	_	_	_
773-6	PSB018	773	6	da:	da	_	_	_	_	_	linguistic	_	none	_	End=2545.645	1x1	_	_	_
774-0	PSB018	774	0	m:h	mh	_	_	_	_	_	linguistic	_	none	_	Begin=2546.274	0x1	_	_	_
774-1	PSB018	774	1	caratteristica	caratteristica	_	_	_	_	_	linguistic	_	none	_	_	_	_	_	_
774-2	PSB018	774	2	delle	delle	_	_	_	_	_	linguistic	_	none	_	_	_	_	_	_
774-3	PSB018	774	3	persone	persone	_	_	_	_	_	linguistic	_	none	_	_	_	_	_	_
774-4	PSB018	774	4	di	di	_	_	_	_	_	linguistic	_	none	_	_	_	_	_	_
774-5	PSB018	774	5	mi:	mi	_	_	_	_	_	linguistic	_	none	_	_	1x1	_	_	_
774-6	PSB018	774	6	del	del	_	_	_	_	_	linguistic	_	none	_	_	_	_	_	_
774-7	PSB018	774	7	mio	mio	_	_	_	_	_	linguistic	_	none	_	_	_	_	_	_
774-8	PSB018	774	8	della	della	_	_	_	_	_	linguistic	_	none	_	_	_	_	_	_
774-9	PSB018	774	9	mia	mia	_	_	_	_	_	linguistic	_	none	_	_	_	_	_	_
774-10	PSB018	774	10	città	città	_	_	_	_	_	linguistic	_	none	PauseAfter=Yes	_	_	_	_	_
774-11	PSB018	774	11	(.)	(.)	_	_	_	_	_	shortpause	_	none	_	_	_	_	_	_
774-12	PSB018	774	12	[no	no	_	_	_	_	_	linguistic	_	none	_	_	_	_	_	0-2(225)
774-13	PSB018	774	13	uc]rain[a:	ucraina	_	_	_	_	_	linguistic	_	none	_	_	6x1	_	_	0-2(225),6-7(224)
774-14	PSB018	774	14	t]utta	tutta	_	_	_	_	_	linguistic	_	none	_	_	_	_	_	0-1(224)
774-15	PSB018	774	15	perché	perché	_	_	_	_	_	linguistic	_	none	_	_	_	_	_	_
774-16	PSB018	774	16	ucraina	ucraina	_	_	_	_	_	linguistic	_	none	_	_	_	_	_	_
774-17	PSB018	774	17	è	è	_	_	_	_	_	linguistic	_	none	_	_	_	_	_	_
774-18	PSB018	774	18	grande	grande	_	_	_	_	_	linguistic	_	none	_	_	_	_	_	_
774-19	PSB018	774	19	grandissima	grandissima	_	_	_	_	_	linguistic	_	none	_	_	_	_	_	_
774-20	PSB018	774	20	eh	eh	_	_	_	_	_	linguistic	_	none	_	_	_	_	_	_
774-21	PSB018	774	21	paese	paese	_	_	_	_	_	linguistic	_	none	_	End=2557.484	_	_	_	_
775-0	PSB005	775	0	[mhmh]	mhmh	_	_	_	_	_	linguistic	_	none	_	Begin=2552.242|End=2552.774	_	_	_	0-4(225)
776-0	PSB005	776	0	[°mhmh°]	mhmh	_	_	_	_	_	linguistic	_	none	Volume=low	Begin=2553.323|End=2553.863	_	_	_	0-4(224)
777-0	PSB018	777	0	ma	ma	_	_	_	_	_	linguistic	_	none	_	Begin=2558.871	_	_	_	_
777-1	PSB018	777	1	la	la	_	_	_	_	_	linguistic	_	none	_	_	_	_	_	_
777-2	PSB018	777	2	mia	mia	_	_	_	_	_	linguistic	_	none	_	_	_	_	_	_
777-3	PSB018	777	3	città	città	_	_	_	_	_	linguistic	_	none	_	_	_	_	_	_
777-4	PSB018	777	4	è	è	_	_	_	_	_	linguistic	_	none	_	_	_	_	_	_
777-5	PSB018	777	5	specifica	specifica	_	_	_	_	_	linguistic	_	none	_	_	_	_	_	_
777-6	PSB018	777	6	e	e	_	_	_	_	_	linguistic	_	none	_	_	_	_	_	_
777-7	PSB018	777	7	tutte	tutte	_	_	_	_	_	linguistic	_	none	_	_	_	_	_	_
777-8	PSB018	777	8	le:	le	_	_	_	_	_	linguistic	_	none	_	_	1x1	_	_	_
777-9	PSB018	777	9	persone	persone	_	_	_	_	_	linguistic	_	none	_	_	_	_	_	_
777-10	PSB018	777	10	dal:	dal	_	_	_	_	_	linguistic	_	none	_	_	2x1	_	_	_
777-11	PSB018	777	11	sov~	sov~	_	_	_	_	_	linguistic	_	none	Interrupted=Yes	_	_	_	_	_
777-12	PSB018	777	12	$uniti	uniti	_	_	_	_	_	linguistic	_	none	Orthography=Yes|Variation=Emerging	_	_	_	_	_
777-13	PSB018	777	13	sovietiche	sovietiche	_	_	_	_	_	linguistic	_	none	_	_	_	_	_	_
777-14	PSB018	777	14	ah	ah	_	_	_	_	_	linguistic	_	none	_	_	_	_	_	_
777-15	PSB018	777	15	<conoscono>	conoscono	_	_	_	_	_	linguistic	_	none	_	_	_	Slow=0-9(0)	_	_
777-16	PSB018	777	16	l~	l~	_	_	_	_	_	linguistic	_	none	Interrupted=Yes	_	_	_	_	_
777-17	PSB018	777	17	eh	eh	_	_	_	_	_	linguistic	_	none	_	_	_	_	_	_
777-18	PSB018	777	18	odessa	odessa	_	_	_	_	_	linguistic	_	none	_	End=2572.307	_	_	_	_
778-0	PSB005	778	0	okay	okay	_	_	_	_	_	linguistic	_	none	_	Begin=2572.323|End=2572.855	_	_	_	_
779-0	PSB018	779	0	come	come	_	_	_	_	_	linguistic	_	none	_	Begin=2572.871	_	_	_	_
779-1	PSB018	779	1	un:	un	_	_	_	_	_	linguistic	_	none	_	_	1x1	_	_	_
779-2	PSB018	779	2	città	città	_	_	_	_	_	linguistic	_	none	_	_	_	_	_	_
779-3	PSB018	779	3	specifica	specifica	_	_	_	_	_	linguistic	_	none	_	_	_	_	_	_
779-4	PSB018	779	4	[mo:lt]o	molto	_	_	_	_	_	linguistic	_	none	_	_	1x1	_	_	0-4(226)
779-5	PSB018	779	5	specifica	specifica	_	_	_	_	_	linguistic	_	none	_	_	_	_	_	_
779-6	PSB018	779	6	e	e	_	_	_	_	_	linguistic	_	none	_	_	_	_	_	_
779-7	PSB018	779	7	questo	questo	_	_	_	_	_	linguistic	_	none	_	_	_	_	_	_
779-8	PSB018	779	8	l'	l'	_	_	_	_	_	linguistic	_	none	SpaceAfter=No	_	_	_	_	_
779-9	PSB018	779	9	altro	altro	_	_	_	_	_	linguistic	_	none	_	_	_	_	_	_
779-10	PSB018	779	10	lezione	lezione	_	_	_	_	_	linguistic	_	none	_	_	_	_	_	_
779-11	PSB018	779	11	con	con	_	_	_	_	_	linguistic	_	none	_	_	_	_	_	_
779-12	PSB018	779	12	tu	tu	_	_	_	_	_	linguistic	_	none	_	_	_	_	_	_
779-13	PSB018	779	13	e	e	_	_	_	_	_	linguistic	_	none	_	_	_	_	_	_
779-14	PSB018	779	14	e	e	_	_	_	_	_	linguistic	_	none	_	_	_	_	_	_
779-15	PSB018	779	15	me	me	_	_	_	_	_	linguistic	_	none	_	_	_	_	_	_
779-16	PSB018	779	16	per	per	_	_	_	_	_	linguistic	_	none	_	_	_	_	_	_
779-17	PSB018	779	17	parlare	parlare	_	_	_	_	_	linguistic	_	none	_	_	_	_	_	_
779-18	PSB018	779	18	perché	perché	_	_	_	_	_	linguistic	_	none	_	_	_	_	_	_
779-19	PSB018	779	19	anche	anche	_	_	_	_	_	linguistic	_	none	_	_	_	_	_	_
779-20	PSB018	779	20	lingua	lingua	_	_	_	_	_	linguistic	_	none	_	_	_	_	_	_
779-21	PSB018	779	21	lì	lì	_	_	_	_	_	linguistic	_	none	_	_	_	_	_	_
779-22	PSB018	779	22	è	è	_	_	_	_	_	linguistic	_	none	_	_	_	_	_	_
779-23	PSB018	779	23	specifi[ca]	specifica	_	_	_	_	_	linguistic	_	none	_	End=2584.823	_	_	_	6-9(227)
780-0	PSB005	780	0	[mh]	mh	_	_	_	_	_	linguistic	_	none	_	Begin=2575.952|End=2576.455	_	_	_	0-2(226)
781-0	PSB005	781	0	[ah]	ah	_	_	_	_	_	linguistic	_	none	_	Begin=2584.613	_	_	_	0-2(227)
781-1	PSB005	781	1	okay	okay	_	_	_	_	_	linguistic	_	none	_	_	_	_	_	_
781-2	PSB005	781	2	eh	eh	_	_	_	_	_	linguistic	_	none	_	_	_	_	_	_
781-3	PSB005	781	3	va	va	_	_	_	_	_	linguistic	_	none	_	_	_	_	_	_
781-4	PSB005	781	4	be[ne	bene	_	_	_	_	_	linguistic	_	none	_	_	_	_	_	2-4(228)
781-5	PSB005	781	5	sì]	sì	_	_	_	_	_	linguistic	_	none	_	_	_	_	_	0-2(228)
781-6	PSB005	781	6	((ride))	((ride))	_	_	_	_	_	nonverbalbehavior	_	none	_	End=2587.785	_	_	_	_
782-0	PSB018	782	0	[eh	eh	_	_	_	_	_	linguistic	_	none	_	Begin=2585.645	_	_	_	0-2(228)
782-1	PSB018	782	1	sì	sì	_	_	_	_	_	linguistic	_	none	_	_	_	_	_	0-2(228)
782-2	PSB018	782	2	sì	sì	_	_	_	_	_	linguistic	_	none	_	_	_	_	_	0-2(228)
782-3	PSB018	782	3	ma]	ma	_	_	_	_	_	linguistic	_	none	_	_	_	_	_	0-2(228)
782-4	PSB018	782	4	adesso	adesso	_	_	_	_	_	linguistic	_	none	_	_	_	_	_	_
782-5	PSB018	782	5	parliamo	parliamo	_	_	_	_	_	linguistic	_	none	_	_	_	_	_	_
782-6	PSB018	782	6	di:	di	_	_	_	_	_	linguistic	_	none	_	_	1x1	_	_	_
782-7	PSB018	782	7	ucraino	ucraino	_	_	_	_	_	linguistic	_	none	_	_	_	_	_	_
782-8	PSB018	782	8	i:taliano	italiano	_	_	_	_	_	linguistic	_	none	_	_	0x1	_	_	_
782-9	PSB018	782	9	perché	perché	_	_	_	_	_	linguistic	_	none	_	_	_	_	_	_
782-10	PSB018	782	10	mh	mh	_	_	_	_	_	linguistic	_	none	_	_	_	_	_	_
782-11	PSB018	782	11	tanto	tanto	_	_	_	_	_	linguistic	_	none	_	_	_	_	_	_
782-12	PSB018	782	12	tempo	tempo	_	_	_	_	_	linguistic	_	none	_	_	_	_	_	_
782-13	PSB018	782	13	ma	ma	_	_	_	_	_	linguistic	_	none	_	_	_	_	_	_
782-14	PSB018	782	14	molto	molto	_	_	_	_	_	linguistic	_	none	_	_	_	_	_	_
782-15	PSB018	782	15	interessante	interessante	_	_	_	_	_	linguistic	_	none	_	_	_	_	_	_
782-16	PSB018	782	16	se	se	_	_	_	_	_	linguistic	_	none	_	_	_	_	_	_
782-17	PSB018	782	17	in	in	_	_	_	_	_	linguistic	_	none	_	_	_	_	_	_
782-18	PSB018	782	18	futuro	futuro	_	_	_	_	_	linguistic	_	none	_	_	_	_	_	_
782-19	PSB018	782	19	e:	e	_	_	_	_	_	linguistic	_	none	_	_	0x1	_	_	_
782-20	PSB018	782	20	ehm	ehm	_	_	_	_	_	linguistic	_	none	_	End=2596.226	_	_	_	_
783-0	PSB018	783	0	tu	tu	_	_	_	_	_	linguistic	_	none	_	Begin=2596.71	_	_	_	_
783-1	PSB018	783	1	sei	sei	_	_	_	_	_	linguistic	_	none	_	End=2597.355	_	_	_	_
784-0	PSB018	784	0	°hai	hai	_	_	_	_	_	linguistic	_	none	Volume=low	Begin=2597.855	_	_	_	_
784-1	PSB018	784	1	interess[e°]	interesse	_	_	_	_	_	linguistic	_	none	Volume=low	End=2599.048	_	_	_	8-9(229)
785-0	PSB005	785	0	[mh]mh	mhmh	_	_	_	_	_	linguistic	_	none	_	Begin=2598.887|End=2599.4	_	_	_	0-2(229)
786-0	PSB018	786	0	eh	eh	_	_	_	_	_	linguistic	_	none	_	Begin=2599.968	_	_	_	_
786-1	PSB018	786	1	posso	posso	_	_	_	_	_	linguistic	_	none	_	_	_	_	_	_
786-2	PSB018	786	2	anche	anche	_	_	_	_	_	linguistic	_	none	_	_	_	_	_	_
786-3	PSB018	786	3	questo	questo	_	_	_	_	_	linguistic	_	none	_	_	_	_	_	_
786-4	PSB018	786	4	$discutire	discutire	_	_	_	_	_	linguistic	_	none	Orthography=Yes|Variation=Emerging	_	_	_	_	_
786-5	PSB018	786	5	ma	ma	_	_	_	_	_	linguistic	_	none	_	_	_	_	_	_
786-6	PSB018	786	6	m:h	mh	_	_	_	_	_	linguistic	_	none	_	_	0x1	_	_	_
786-7	PSB018	786	7	la	la	_	_	_	_	_	linguistic	_	none	_	_	_	_	_	_
786-8	PSB018	786	8	mia	mia	_	_	_	_	_	linguistic	_	none	_	_	_	_	_	_
786-9	PSB018	786	9	idea	idea	_	_	_	_	_	linguistic	_	none	_	_	_	_	_	_
786-10	PSB018	786	10	se	se	_	_	_	_	_	linguistic	_	none	_	_	_	_	_	_
786-11	PSB018	786	11	le	le	_	_	_	_	_	linguistic	_	none	_	_	_	_	_	_
786-12	PSB018	786	12	persone	persone	_	_	_	_	_	linguistic	_	none	_	_	_	_	_	_
786-13	PSB018	786	13	lì	lì	_	_	_	_	_	linguistic	_	none	_	_	_	_	_	_
786-14	PSB018	786	14	sono	sono	_	_	_	_	_	linguistic	_	none	_	_	_	_	_	_
786-15	PSB018	786	15	molto	molto	_	_	_	_	_	linguistic	_	none	_	_	_	_	_	_
786-16	PSB018	786	16	molto	molto	_	_	_	_	_	linguistic	_	none	_	_	_	_	_	_
786-17	PSB018	786	17	aperti	aperti	_	_	_	_	_	linguistic	_	none	_	End=2607.774	_	_	_	_
787-0	PSB005	787	0	mhmh	mhmh	_	_	_	_	_	linguistic	_	none	_	Begin=2607.968|End=2608.4365	_	_	_	_
788-0	PSB018	788	0	sì	sì	_	_	_	_	_	linguistic	_	none	_	Begin=2608.4365	_	_	_	_
788-1	PSB018	788	1	certo	certo	_	_	_	_	_	linguistic	_	none	_	_	_	_	_	_
788-2	PSB018	788	2	è	è	_	_	_	_	_	linguistic	_	none	_	_	_	_	_	_
788-3	PSB018	788	3	mol~	mol~	_	_	_	_	_	linguistic	_	none	Interrupted=Yes	_	_	_	_	_
788-4	PSB018	788	4	eh	eh	_	_	_	_	_	linguistic	_	none	_	_	_	_	_	_
788-5	PSB018	788	5	qualche	qualche	_	_	_	_	_	linguistic	_	none	_	_	_	_	_	_
788-6	PSB018	788	6	persone	persone	_	_	_	_	_	linguistic	_	none	_	_	_	_	_	_
788-7	PSB018	788	7	<brutte	brutte	_	_	_	_	_	linguistic	_	none	_	_	_	Slow=0-6(0)	_	_
788-8	PSB018	788	8	chi	chi	_	_	_	_	_	linguistic	_	none	_	_	_	Slow=0-3(0)	_	_
788-9	PSB018	788	9	posso>	posso	_	_	_	_	_	linguistic	_	none	_	_	_	Slow=0-5(0)	_	_
788-10	PSB018	788	10	eh	eh	_	_	_	_	_	linguistic	_	none	_	_	_	Fast=0-2(0)	_	_
788-11	PSB018	788	11	con	con	_	_	_	_	_	linguistic	_	none	_	_	_	Fast=0-3(0)	_	_
788-12	PSB018	788	12	il	il	_	_	_	_	_	linguistic	_	none	_	_	_	Fast=0-2(0)	_	_
788-13	PSB018	788	13	<brutto	brutto	_	_	_	_	_	linguistic	_	none	_	_	_	Slow=0-6(1)	_	_
788-14	PSB018	788	14	umore	umore	_	_	_	_	_	linguistic	_	none	_	_	_	Slow=0-5(1)	_	_
788-15	PSB018	788	15	oggi>	oggi	_	_	_	_	_	linguistic	_	none	_	_	_	Slow=0-4(1)	_	_
788-16	PSB018	788	16	eh	eh	_	_	_	_	_	linguistic	_	none	_	_	_	_	_	_
788-17	PSB018	788	17	posso	posso	_	_	_	_	_	linguistic	_	none	_	_	_	_	_	_
788-18	PSB018	788	18	dire	dire	_	_	_	_	_	linguistic	_	none	_	_	_	_	_	_
788-19	PSB018	788	19	qualcosa	qualcosa	_	_	_	_	_	linguistic	_	none	_	_	_	_	_	_
788-20	PSB018	788	20	brutta	brutta	_	_	_	_	_	linguistic	_	none	_	_	_	_	_	_
788-21	PSB018	788	21	da	da	_	_	_	_	_	linguistic	_	none	_	_	_	_	_	_
788-22	PSB018	788	22	te	te	_	_	_	_	_	linguistic	_	none	_	_	_	_	_	_
788-23	PSB018	788	23	ma	ma	_	_	_	_	_	linguistic	_	none	_	_	_	_	_	_
788-24	PSB018	788	24	normalmente	normalmente	_	_	_	_	_	linguistic	_	none	_	_	_	_	_	_
788-25	PSB018	788	25	se	se	_	_	_	_	_	linguistic	_	none	_	_	_	_	_	_
788-26	PSB018	788	26	tu	tu	_	_	_	_	_	linguistic	_	none	_	_	_	_	_	_
788-27	PSB018	788	27	fai	fai	_	_	_	_	_	linguistic	_	none	_	_	_	_	_	_
788-28	PSB018	788	28	la	la	_	_	_	_	_	linguistic	_	none	_	_	_	_	_	_
788-29	PSB018	788	29	domanda,	domanda	_	_	_	_	_	linguistic	_	none	Intonation=WeaklyRising	_	_	_	_	_
788-30	PSB018	788	30	poss~	poss~	_	_	_	_	_	linguistic	_	none	Interrupted=Yes	_	_	_	_	_
788-31	PSB018	788	31	per	per	_	_	_	_	_	linguistic	_	none	_	_	_	_	_	_
788-32	PSB018	788	32	esempio	esempio	_	_	_	_	_	linguistic	_	none	_	_	_	_	_	_
788-33	PSB018	788	33	come	come	_	_	_	_	_	linguistic	_	none	_	_	_	_	_	_
788-34	PSB018	788	34	è	è	_	_	_	_	_	linguistic	_	none	_	_	_	_	_	_
788-35	PSB018	788	35	possibile	possibile	_	_	_	_	_	linguistic	_	none	_	_	_	_	_	_
788-36	PSB018	788	36	m:h	mh	_	_	_	_	_	linguistic	_	none	_	End=2628.5	0x1	_	_	_
789-0	PSB018	789	0	andare	andare	_	_	_	_	_	linguistic	_	none	_	Begin=2629.097	_	_	_	_
789-1	PSB018	789	1	o	o	_	_	_	_	_	linguistic	_	none	_	_	_	_	_	_
789-2	PSB018	789	2	trovare	trovare	_	_	_	_	_	linguistic	_	none	_	_	_	_	_	_
789-3	PSB018	789	3	l~	l~	_	_	_	_	_	linguistic	_	none	Interrupted=Yes	_	_	_	_	_
789-4	PSB018	789	4	il	il	_	_	_	_	_	linguistic	_	none	_	_	_	_	_	_
789-5	PSB018	789	5	luogo	luogo	_	_	_	_	_	linguistic	_	none	_	_	_	_	_	_
789-6	PSB018	789	6	in	in	_	_	_	_	_	linguistic	_	none	_	_	_	_	_	_
789-7	PSB018	789	7	odessa	odessa	_	_	_	_	_	linguistic	_	none	_	_	_	_	_	_
789-8	PSB018	789	8	lì	lì	_	_	_	_	_	linguistic	_	none	_	_	_	_	_	_
789-9	PSB018	789	9	o	o	_	_	_	_	_	linguistic	_	none	_	_	_	_	_	_
789-10	PSB018	789	10	o	o	_	_	_	_	_	linguistic	_	none	_	_	_	_	_	_
789-11	PSB018	789	11	qui	qui	_	_	_	_	_	linguistic	_	none	_	End=2633.081	_	_	_	_
790-0	PSB018	790	0	senza	senza	_	_	_	_	_	linguistic	_	none	_	Begin=2633.726	_	_	_	_
790-1	PSB018	790	1	problemi	problemi	_	_	_	_	_	linguistic	_	none	_	_	_	_	_	_
790-2	PSB018	790	2	loro	loro	_	_	_	_	_	linguistic	_	none	_	_	_	_	_	_
790-3	PSB018	790	3	ti	ti	_	_	_	_	_	linguistic	_	none	_	_	_	_	_	_
790-4	PSB018	790	4	spiego	spiego	_	_	_	_	_	linguistic	_	none	_	_	_	_	_	_
790-5	PSB018	790	5	e:h	eh	_	_	_	_	_	linguistic	_	none	_	_	0x1	_	_	_
790-6	PSB018	790	6	farti	farti	_	_	_	_	_	linguistic	_	none	_	_	_	_	_	_
790-7	PSB018	790	7	vedere	vedere	_	_	_	_	_	linguistic	_	none	_	_	_	_	_	_
790-8	PSB018	790	8	sul	sul	_	_	_	_	_	linguistic	_	none	_	_	_	_	_	_
790-9	PSB018	790	9	cellulare	cellulare	_	_	_	_	_	linguistic	_	none	_	_	_	_	_	_
790-10	PSB018	790	10	google	google	_	_	_	_	_	linguistic	_	none	_	_	_	_	_	_
790-11	PSB018	790	11	map	map	_	_	_	_	_	linguistic	_	none	_	_	_	_	_	_
790-12	PSB018	790	12	o	o	_	_	_	_	_	linguistic	_	none	_	_	_	_	_	_
790-13	PSB018	790	13	se	se	_	_	_	_	_	linguistic	_	none	_	_	_	_	_	_
790-14	PSB018	790	14	la	la	_	_	_	_	_	linguistic	_	none	_	_	_	_	_	_
790-15	PSB018	790	15	persona	persona	_	_	_	_	_	linguistic	_	none	_	_	_	_	_	_
790-16	PSB018	790	16	ha	ha	_	_	_	_	_	linguistic	_	none	_	_	_	_	_	_
790-17	PSB018	790	17	il	il	_	_	_	_	_	linguistic	_	none	_	_	_	_	_	_
790-18	PSB018	790	18	tempo	tempo	_	_	_	_	_	linguistic	_	none	_	_	_	_	_	_
790-19	PSB018	790	19	libero	libero	_	_	_	_	_	linguistic	_	none	_	_	_	_	_	_
790-20	PSB018	790	20	a:nche:	anche	_	_	_	_	_	linguistic	_	none	_	End=2646.29	0x1,4x1	_	_	_
791-0	PSB018	791	0	ti	ti	_	_	_	_	_	linguistic	_	none	_	Begin=2648.484	_	_	_	_
791-1	PSB018	791	1	va:	va	_	_	_	_	_	linguistic	_	none	_	_	1x1	_	_	_
791-2	PSB018	791	2	mh	mh	_	_	_	_	_	linguistic	_	none	_	_	_	_	_	_
791-3	PSB018	791	3	ah	ah	_	_	_	_	_	linguistic	_	none	PauseAfter=Yes	_	_	_	_	_
791-4	PSB018	791	4	(.)	(.)	_	_	_	_	_	shortpause	_	none	_	_	_	_	_	_
791-5	PSB018	791	5	va	va	_	_	_	_	_	linguistic	_	none	_	_	_	_	_	_
791-6	PSB018	791	6	con	con	_	_	_	_	_	linguistic	_	none	_	_	_	_	_	_
791-7	PSB018	791	7	[te	te	_	_	_	_	_	linguistic	_	none	_	_	_	_	_	0-2(230)
791-8	PSB018	791	8	l]ì	lì	_	_	_	_	_	linguistic	_	none	_	_	_	_	_	0-1(230)
791-9	PSB018	791	9	allora	allora	_	_	_	_	_	linguistic	_	none	_	_	_	_	_	_
791-10	PSB018	791	10	e	e	_	_	_	_	_	linguistic	_	none	_	_	_	_	_	_
791-11	PSB018	791	11	qui	qui	_	_	_	_	_	linguistic	_	none	_	_	_	_	_	_
791-12	PSB018	791	12	lo	lo	_	_	_	_	_	linguistic	_	none	_	_	_	_	_	_
791-13	PSB018	791	13	stesso	stesso	_	_	_	_	_	linguistic	_	none	_	End=2655.145	_	_	_	_
792-0	PSB005	792	0	[sì]	sì	_	_	_	_	_	linguistic	_	none	_	Begin=2651.436|End=2651.887	_	_	_	0-2(230)
793-0	PSB005	793	0	[mhmh]	mhmh	_	_	_	_	_	linguistic	_	none	_	Begin=2652.355|End=2652.729	_	_	_	0-4(231)
794-0	PSB018	794	0	e	e	_	_	_	_	_	linguistic	_	none	_	Begin=2655.678	_	_	_	_
794-1	PSB018	794	1	sì	sì	_	_	_	_	_	linguistic	_	none	_	_	_	_	_	_
794-2	PSB018	794	2	per	per	_	_	_	_	_	linguistic	_	none	_	_	_	_	_	_
794-3	PSB018	794	3	questo	questo	_	_	_	_	_	linguistic	_	none	_	_	_	_	_	_
794-4	PSB018	794	4	motivo	motivo	_	_	_	_	_	linguistic	_	none	_	_	_	_	_	_
794-5	PSB018	794	5	noi	noi	_	_	_	_	_	linguistic	_	none	_	_	_	_	_	_
794-6	PSB018	794	6	e:h	eh	_	_	_	_	_	linguistic	_	none	_	End=2659.016	0x1	_	_	_
795-0	PSB018	795	0	vi	vi	_	_	_	_	_	linguistic	_	none	_	Begin=2660.548	_	_	_	_
795-1	PSB018	795	1	ehm	ehm	_	_	_	_	_	linguistic	_	none	_	End=2661.436	_	_	_	_
796-0	PSB018	796	0	#feel	feel	_	_	_	_	_	linguistic	_	yes	Language=NO_ISO_CODE|Variation=Token	Begin=2662.339	_	_	_	_
796-1	PSB018	796	1	#ourselves,	ourselves	_	_	_	_	_	linguistic	_	yes	Intonation=WeaklyRising|Language=NO_ISO_CODE|Variation=Token	_	_	_	_	_
796-2	PSB018	796	2	eh	eh	_	_	_	_	_	linguistic	_	yes	_	_	_	_	_	_
796-3	PSB018	796	3	[be]ne	bene	_	_	_	_	_	linguistic	_	yes	_	_	_	_	_	0-2(232)
796-4	PSB018	796	4	qui	qui	_	_	_	_	_	linguistic	_	yes	_	_	_	_	_	_
796-5	PSB018	796	5	[i]	i	_	_	_	_	_	linguistic	_	yes	_	End=2665.274	_	_	_	0-1(233)
798-0	PSB005	798	0	[mh]	mh	_	_	_	_	_	linguistic	_	none	_	Begin=2664.274|End=2664.597	_	_	_	0-2(232)
799-0	PSB005	799	0	[vi	vi	_	_	_	_	_	linguistic	_	none	_	Begin=2665.048	_	_	_	0-2(233)
799-1	PSB005	799	1	s]entite	sentite	_	_	_	_	_	linguistic	_	none	_	_	_	_	_	0-1(233)
799-2	PSB005	799	2	bene	bene	_	_	_	_	_	linguistic	_	none	_	End=2665.952	_	_	_	_
800-0	PSB018	800	0	s:e	se	_	_	_	_	_	linguistic	_	none	_	Begin=2665.936	0x1	_	_	_
800-1	PSB018	800	1	[sì]	sì	_	_	_	_	_	linguistic	_	none	_	_	_	_	_	0-2(235)
800-2	PSB018	800	2	noi	noi	_	_	_	_	_	linguistic	_	none	_	_	_	_	_	_
800-3	PSB018	800	3	s[entia]mo	sentiamo	_	_	_	_	_	linguistic	_	none	_	_	_	_	_	1-6(236)
800-4	PSB018	800	4	bene	bene	_	_	_	_	_	linguistic	_	none	_	_	_	_	_	_
800-5	PSB018	800	5	[qui	qui	_	_	_	_	_	linguistic	_	none	_	_	_	_	_	0-3(237)
800-6	PSB018	800	6	eh]	eh	_	_	_	_	_	linguistic	_	none	_	_	_	_	_	0-2(237)
800-7	PSB018	800	7	in	in	_	_	_	_	_	linguistic	_	none	_	_	_	_	_	_
800-8	PSB018	800	8	italia	italia	_	_	_	_	_	linguistic	_	none	_	_	_	_	_	_
800-9	PSB018	800	9	a	a	_	_	_	_	_	linguistic	_	none	_	_	_	_	_	_
800-10	PSB018	800	10	bologna	bologna	_	_	_	_	_	linguistic	_	none	_	End=2671.016	_	_	_	_
801-0	PSB005	801	0	[qui]	qui	_	_	_	_	_	linguistic	_	none	_	Begin=2666.145|End=2666.452	_	_	_	0-3(235)
802-0	PSB005	802	0	[°sì	sì	_	_	_	_	_	linguistic	_	none	Volume=low	Begin=2667.129	_	_	_	0-2(236)
802-1	PSB005	802	1	sì°]	sì	_	_	_	_	_	linguistic	_	none	Volume=low	End=2667.5	_	_	_	0-2(236)
803-0	PSB005	803	0	[eh	eh	_	_	_	_	_	linguistic	_	none	_	Begin=2668.258	_	_	_	0-2(237)
803-1	PSB005	803	1	bene]	bene	_	_	_	_	_	linguistic	_	none	_	End=2668.936	_	_	_	0-4(237)
804-0	PSB005	804	0	e	e	_	_	_	_	_	linguistic	_	none	_	Begin=2671.21	_	_	_	_
804-1	PSB005	804	1	mi	mi	_	_	_	_	_	linguistic	_	none	_	_	_	_	_	_
804-2	PSB005	804	2	fa	fa	_	_	_	_	_	linguistic	_	none	_	_	_	_	_	_
804-3	PSB005	804	3	piacere	piacere	_	_	_	_	_	linguistic	_	none	_	End=2672.316	_	_	_	_
805-0	PSB018	805	0	sì	sì	_	_	_	_	_	linguistic	_	none	_	Begin=2672.355	_	_	_	_
805-1	PSB018	805	1	e	e	_	_	_	_	_	linguistic	_	none	_	_	_	_	_	_
805-2	PSB018	805	2	que[sto	questo	_	_	_	_	_	linguistic	_	none	_	_	_	_	_	3-6(240)
805-3	PSB018	805	3	no]n	non	_	_	_	_	_	linguistic	_	none	_	_	_	_	_	0-2(240)
805-4	PSB018	805	4	è	è	_	_	_	_	_	linguistic	_	none	_	_	_	_	_	_
805-5	PSB018	805	5	come	come	_	_	_	_	_	linguistic	_	none	_	_	_	_	_	_
805-6	PSB018	805	6	un:	un	_	_	_	_	_	linguistic	_	none	_	_	1x1	_	_	_
805-7	PSB018	805	7	e:hm	ehm	_	_	_	_	_	linguistic	_	none	_	_	0x1	_	_	_
805-8	PSB018	805	8	complimento	complimento	_	_	_	_	_	linguistic	_	none	_	_	_	_	_	_
805-9	PSB018	805	9	per	per	_	_	_	_	_	linguistic	_	none	_	_	_	_	_	_
805-10	PSB018	805	10	farti:	farti	_	_	_	_	_	linguistic	_	none	_	_	4x1	_	_	_
805-11	PSB018	805	11	e[:h	eh	_	_	_	_	_	linguistic	_	none	_	_	0x1	_	_	1-2(241)
805-12	PSB018	805	12	ma	ma	_	_	_	_	_	linguistic	_	none	_	_	_	_	_	0-2(241)
805-13	PSB018	805	13	que]sto	questo	_	_	_	_	_	linguistic	_	none	_	_	_	_	_	0-3(241)
805-14	PSB018	805	14	è	è	_	_	_	_	_	linguistic	_	none	_	_	_	_	_	_
805-15	PSB018	805	15	re~	re~	_	_	_	_	_	linguistic	_	none	Interrupted=Yes	_	_	_	_	_
805-16	PSB018	805	16	re~	re~	_	_	_	_	_	linguistic	_	none	Interrupted=Yes	_	_	_	_	_
805-17	PSB018	805	17	[realtà]	realtà	_	_	_	_	_	linguistic	_	none	_	_	_	_	_	0-6(238)
805-18	PSB018	805	18	la	la	_	_	_	_	_	linguistic	_	none	_	_	_	_	_	_
805-19	PSB018	805	19	mia	mia	_	_	_	_	_	linguistic	_	none	_	_	_	_	_	_
805-20	PSB018	805	20	real[tà	realtà	_	_	_	_	_	linguistic	_	none	_	_	_	_	_	4-6(239)
805-21	PSB018	805	21	la	la	_	_	_	_	_	linguistic	_	none	_	_	_	_	_	0-2(239)
805-22	PSB018	805	22	mi]a:	mia	_	_	_	_	_	linguistic	_	none	_	_	2x1	_	_	0-2(239)
805-23	PSB018	805	23	m:h	mh	_	_	_	_	_	linguistic	_	none	_	End=2686.258	0x1	_	_	_
806-0	PSB005	806	0	[°molto°*	molto*	_	_	_	_	_	error	_	none	Volume=low	Begin=2673.178|End=2673.769	_	_	_	_
807-0	PSB005	807	0	[certo	certo	_	_	_	_	_	linguistic	_	none	_	Begin=2680.742	_	_	_	0-5(241)
807-1	PSB005	807	1	sì	sì	_	_	_	_	_	linguistic	_	none	_	_	_	_	_	0-2(241)
807-2	PSB005	807	2	sì]	sì	_	_	_	_	_	linguistic	_	none	_	End=2681.871	_	_	_	0-2(241)
808-0	PSB005	808	0	[sì	sì	_	_	_	_	_	linguistic	_	none	_	Begin=2682.452	_	_	_	0-2(238)
808-1	PSB005	808	1	sì	sì	_	_	_	_	_	linguistic	_	none	_	_	_	_	_	0-2(238)
808-2	PSB005	808	2	sì]	sì	_	_	_	_	_	linguistic	_	none	_	End=2683.155	_	_	_	0-2(238)
809-0	PSB005	809	0	[°mhmh°]	mhmh	_	_	_	_	_	linguistic	_	none	Volume=low	Begin=2684.339|End=2684.767	_	_	_	0-4(239)
810-0	PSB005	810	0	mhmh	mhmh	_	_	_	_	_	linguistic	_	none	_	Begin=2686.484|End=2686.823	_	_	_	_
811-0	PSB005	811	0	mhmh	mhmh	_	_	_	_	_	linguistic	_	none	_	Begin=2687.532	_	_	_	_
811-1	PSB005	811	1	certo	certo	_	_	_	_	_	linguistic	_	none	_	_	_	_	_	_
811-2	PSB005	811	2	e	e	_	_	_	_	_	linguistic	_	none	_	End=2688.826	_	_	_	_
812-0	PSB005	812	0	ci	ci	_	_	_	_	_	linguistic	_	none	_	Begin=2689.984	_	_	_	_
812-1	PSB005	812	1	sono	sono	_	_	_	_	_	linguistic	_	none	_	_	_	_	_	_
812-2	PSB005	812	2	stati	stati	_	_	_	_	_	linguistic	_	none	_	_	_	_	_	_
812-3	PSB005	812	3	dei	dei	_	_	_	_	_	linguistic	_	none	_	_	_	_	_	_
812-4	PSB005	812	4	m:h	mh	_	_	_	_	_	linguistic	_	none	_	End=2691.774	0x1	_	_	_
813-0	PSB005	813	0	degli	degli	_	_	_	_	_	linguistic	_	none	_	Begin=2692.274	_	_	_	_
813-1	PSB005	813	1	episodi:	episodi	_	_	_	_	_	linguistic	_	none	_	End=2693.775	6x1	_	_	_
814-0	PSB005	814	0	diciamo	diciamo	_	_	_	_	_	linguistic	_	none	_	Begin=2695.581	_	_	_	_
814-1	PSB005	814	1	che	che	_	_	_	_	_	linguistic	_	none	_	_	_	_	_	_
814-2	PSB005	814	2	che	che	_	_	_	_	_	linguistic	_	none	_	_	_	_	_	_
814-3	PSB005	814	3	ti	ti	_	_	_	_	_	linguistic	_	none	_	_	_	_	_	_
814-4	PSB005	814	4	hanno	hanno	_	_	_	_	_	linguistic	_	none	_	_	_	_	_	_
814-5	PSB005	814	5	colpito:	colpito	_	_	_	_	_	linguistic	_	none	_	_	6x1	_	_	_
814-6	PSB005	814	6	magari	magari	_	_	_	_	_	linguistic	_	none	_	_	_	_	_	_
814-7	PSB005	814	7	e	e	_	_	_	_	_	linguistic	_	none	_	_	_	_	_	_
814-8	PSB005	814	8	su~	su~	_	_	_	_	_	linguistic	_	none	Interrupted=Yes	_	_	_	_	_
814-9	PSB005	814	9	[mh]	mh	_	_	_	_	_	linguistic	_	none	_	End=2699.284	_	_	_	0-2(242)
815-0	PSB018	815	0	[e	e	_	_	_	_	_	linguistic	_	none	_	Begin=2698.984	_	_	_	0-1(242)
815-1	PSB018	815	1	col]pito	colpito	_	_	_	_	_	linguistic	_	none	_	_	_	_	_	0-3(242)
815-2	PSB018	815	2	che:	che	_	_	_	_	_	linguistic	_	none	_	_	2x1	_	_	_
815-3	PSB018	815	3	[signi]fica	significa	_	_	_	_	_	linguistic	_	none	_	_	_	_	_	0-5(243)
815-4	PSB018	815	4	colpito	colpito	_	_	_	_	_	linguistic	_	none	_	_	_	_	_	_
815-5	PSB018	815	5	eh	eh	_	_	_	_	_	linguistic	_	none	_	_	_	_	_	_
815-6	PSB018	815	6	qualcosa	qualcosa	_	_	_	_	_	linguistic	_	none	_	_	_	_	_	_
815-7	PSB018	815	7	positiva	positiva	_	_	_	_	_	linguistic	_	none	_	_	_	_	_	_
815-8	PSB018	815	8	[di]	di	_	_	_	_	_	linguistic	_	none	_	End=2703.161	_	_	_	0-2(244)
816-0	PSB005	816	0	[EH]	eh	_	_	_	_	_	linguistic	_	none	Volume=high	Begin=2700.097|End=2700.629	_	_	_	0-2(243)
817-0	PSB005	817	0	[posi]tivo	positivo	_	_	_	_	_	linguistic	_	none	_	Begin=2702.855	_	_	_	0-4(244)
817-1	PSB005	817	1	sì	sì	_	_	_	_	_	linguistic	_	none	_	_	_	_	_	_
817-2	PSB005	817	2	che	che	_	_	_	_	_	linguistic	_	none	_	_	_	_	_	_
817-3	PSB005	817	3	ti	ti	_	_	_	_	_	linguistic	_	none	_	_	_	_	_	_
817-4	PSB005	817	4	ha	ha	_	_	_	_	_	linguistic	_	none	_	_	_	_	_	_
817-5	PSB005	817	5	col~	col~	_	_	_	_	_	linguistic	_	none	Interrupted=Yes	_	_	_	_	_
817-6	PSB005	817	6	m:h	mh	_	_	_	_	_	linguistic	_	none	_	_	0x1	_	_	_
817-7	PSB005	817	7	non	non	_	_	_	_	_	linguistic	_	none	_	_	_	_	_	_
817-8	PSB005	817	8	lo	lo	_	_	_	_	_	linguistic	_	none	_	_	_	_	_	_
817-9	PSB005	817	9	so	so	_	_	_	_	_	linguistic	_	none	_	_	_	_	_	_
817-10	PSB005	817	10	un	un	_	_	_	_	_	linguistic	_	none	_	_	_	_	_	_
817-11	PSB005	817	11	episodio	episodio	_	_	_	_	_	linguistic	_	none	_	_	_	_	_	_
817-12	PSB005	817	12	una	una	_	_	_	_	_	linguistic	_	none	_	_	_	_	_	_
817-13	PSB005	817	13	cosa	cosa	_	_	_	_	_	linguistic	_	none	_	_	_	_	_	_
817-14	PSB005	817	14	che	che	_	_	_	_	_	linguistic	_	none	_	_	_	_	_	_
817-15	PSB005	817	15	è	è	_	_	_	_	_	linguistic	_	none	_	_	_	_	_	_
817-16	PSB005	817	16	successa	successa	_	_	_	_	_	linguistic	_	none	PauseAfter=Yes	_	_	_	_	_
817-17	PSB005	817	17	(.)	(.)	_	_	_	_	_	shortpause	_	none	_	_	_	_	_	_
817-18	PSB005	817	18	per	per	_	_	_	_	_	linguistic	_	none	_	_	_	_	_	_
817-19	PSB005	817	19	esempio	esempio	_	_	_	_	_	linguistic	_	none	_	_	_	_	_	_
817-20	PSB005	817	20	all'	all'	_	_	_	_	_	linguistic	_	none	SpaceAfter=No	_	_	_	_	_
817-21	PSB005	817	21	inizio	inizio	_	_	_	_	_	linguistic	_	none	_	_	_	_	_	_
817-22	PSB005	817	22	quando	quando	_	_	_	_	_	linguistic	_	none	_	_	_	_	_	_
817-23	PSB005	817	23	eri	eri	_	_	_	_	_	linguistic	_	none	_	_	_	_	_	_
817-24	PSB005	817	24	qui	qui	_	_	_	_	_	linguistic	_	none	_	_	_	_	_	_
817-25	PSB005	817	25	da	da	_	_	_	_	_	linguistic	_	none	_	_	_	_	_	_
817-26	PSB005	817	26	poco	poco	_	_	_	_	_	linguistic	_	none	_	_	_	_	_	_
817-27	PSB005	817	27	che	che	_	_	_	_	_	linguistic	_	none	_	_	_	_	_	_
817-28	PSB005	817	28	ti	ti	_	_	_	_	_	linguistic	_	none	_	_	_	_	_	_
817-29	PSB005	817	29	ha:	ha	_	_	_	_	_	linguistic	_	none	_	_	1x1	_	_	_
817-30	PSB005	817	30	sorpreso	sorpreso	_	_	_	_	_	linguistic	_	none	_	_	_	_	_	_
817-31	PSB005	817	31	positivamente	positivamente	_	_	_	_	_	linguistic	_	none	_	_	_	_	_	_
817-32	PSB005	817	32	[di:]	di	_	_	_	_	_	linguistic	_	none	_	End=2715.065	1x1	_	_	0-2(245)
818-0	PSB018	818	0	[e:h	eh	_	_	_	_	_	linguistic	_	none	_	Begin=2714.452	0x1	_	_	0-2(245)
818-1	PSB018	818	1	sì]	sì	_	_	_	_	_	linguistic	_	none	_	_	_	_	_	0-2(245)
818-2	PSB018	818	2	<tutte>	tutte	_	_	_	_	_	linguistic	_	none	_	_	_	Slow=0-5(0)	_	_
818-3	PSB018	818	3	allora	allora	_	_	_	_	_	linguistic	_	none	_	_	_	_	_	_
818-4	PSB018	818	4	l'	l'	_	_	_	_	_	linguistic	_	none	SpaceAfter=No	_	_	_	_	_
818-5	PSB018	818	5	inizio	inizio	_	_	_	_	_	linguistic	_	none	_	_	_	_	_	_
818-6	PSB018	818	6	della	della	_	_	_	_	_	linguistic	_	none	_	_	_	_	_	_
818-7	PSB018	818	7	storia:	storia	_	_	_	_	_	linguistic	_	none	_	_	5x1	_	_	_
818-8	PSB018	818	8	ucraini	ucraini	_	_	_	_	_	linguistic	_	none	_	_	_	_	_	_
818-9	PSB018	818	9	in	in	_	_	_	_	_	linguistic	_	none	_	_	_	_	_	_
818-10	PSB018	818	10	italia	italia	_	_	_	_	_	linguistic	_	none	_	_	_	_	_	_
818-11	PSB018	818	11	(e)	e	_	_	_	_	_	linguistic	_	none	_	_	_	_	0-1(0)	_
818-12	PSB018	818	12	in	in	_	_	_	_	_	linguistic	_	none	_	_	_	_	_	_
818-13	PSB018	818	13	europa	europa	_	_	_	_	_	linguistic	_	none	_	_	_	_	_	_
818-14	PSB018	818	14	è	è	_	_	_	_	_	linguistic	_	none	_	_	_	_	_	_
818-15	PSB018	818	15	molto	molto	_	_	_	_	_	linguistic	_	none	_	_	_	_	_	_
818-16	PSB018	818	16	triste	triste	_	_	_	_	_	linguistic	_	none	_	End=2724.065	_	_	_	_
819-0	PSB018	819	0	e:	e	_	_	_	_	_	linguistic	_	none	_	Begin=2724.516	0x1	_	_	_
819-1	PSB018	819	1	specifiche	specifiche	_	_	_	_	_	linguistic	_	none	_	_	_	_	_	_
819-2	PSB018	819	2	perché	perché	_	_	_	_	_	linguistic	_	none	_	End=2727.371	_	_	_	_
820-0	PSB018	820	0	se	se	_	_	_	_	_	linguistic	_	none	_	Begin=2727.903	_	_	_	_
820-1	PSB018	820	1	tu	tu	_	_	_	_	_	linguistic	_	none	_	_	_	_	_	_
820-2	PSB018	820	2	sei	sei	_	_	_	_	_	linguistic	_	none	_	_	_	_	_	_
820-3	PSB018	820	3	una	una	_	_	_	_	_	linguistic	_	none	_	_	_	_	_	_
820-4	PSB018	820	4	persona	persona	_	_	_	_	_	linguistic	_	none	_	_	_	_	_	_
820-5	PSB018	820	5	non	non	_	_	_	_	_	linguistic	_	none	_	_	_	_	_	_
820-6	PSB018	820	6	gentilissima	gentilissima	_	_	_	_	_	linguistic	_	none	_	_	_	_	_	_
820-7	PSB018	820	7	ma	ma	_	_	_	_	_	linguistic	_	none	_	_	_	_	_	_
820-8	PSB018	820	8	normale	normale	_	_	_	_	_	linguistic	_	none	_	_	_	_	_	_
820-9	PSB018	820	9	e	e	_	_	_	_	_	linguistic	_	none	_	_	_	_	_	_
820-10	PSB018	820	10	quando	quando	_	_	_	_	_	linguistic	_	none	_	_	_	_	_	_
820-11	PSB018	820	11	tu	tu	_	_	_	_	_	linguistic	_	none	_	_	_	_	_	_
820-12	PSB018	820	12	lo	lo	_	_	_	_	_	linguistic	_	none	_	_	_	_	_	_
820-13	PSB018	820	13	sai	sai	_	_	_	_	_	linguistic	_	none	_	_	_	_	_	_
820-14	PSB018	820	14	se	se	_	_	_	_	_	linguistic	_	none	_	_	_	_	_	_
820-15	PSB018	820	15	eh	eh	_	_	_	_	_	linguistic	_	none	_	_	_	_	_	_
820-16	PSB018	820	16	°tutte	tutte	_	_	_	_	_	linguistic	_	none	Volume=low	_	_	_	_	_
820-17	PSB018	820	17	le	le	_	_	_	_	_	linguistic	_	none	Volume=low	_	_	_	_	_
820-18	PSB018	820	18	mamme	mamme	_	_	_	_	_	linguistic	_	none	Volume=low	_	_	_	_	_
820-19	PSB018	820	19	con	con	_	_	_	_	_	linguistic	_	none	Volume=low	_	_	_	_	_
820-20	PSB018	820	20	i	i	_	_	_	_	_	linguistic	_	none	Volume=low	_	_	_	_	_
820-21	PSB018	820	21	bimbi°	bimbi	_	_	_	_	_	linguistic	_	none	Volume=low	End=2737.581	_	_	_	_
821-0	PSB018	821	0	cambiano	cambiano	_	_	_	_	_	linguistic	_	none	_	Begin=2740.145	_	_	_	_
821-1	PSB018	821	1	[la	la	_	_	_	_	_	linguistic	_	none	_	_	_	_	_	0-2(246)
821-2	PSB018	821	2	sua	sua	_	_	_	_	_	linguistic	_	none	_	_	_	_	_	0-3(246)
821-3	PSB018	821	3	NO	no	_	_	_	_	_	linguistic	_	none	Volume=high	_	_	_	_	0-2(246)
821-4	PSB018	821	4	no	no	_	_	_	_	_	linguistic	_	none	_	_	_	_	_	0-2(246)
821-5	PSB018	821	5	xx]	xx	_	_	_	_	_	unknown	_	none	Syllables=2	End=2743.371	_	_	_	0-2(246)
822-0	PSB005	822	0	[scusami	scusami	_	_	_	_	_	linguistic	_	none	_	Begin=2741.065	_	_	_	0-7(246)
822-1	PSB005	822	1	non	non	_	_	_	_	_	linguistic	_	none	_	_	_	_	_	0-3(246)
822-2	PSB005	822	2	no	no	_	_	_	_	_	linguistic	_	none	_	_	_	_	_	0-2(246)
822-3	PSB005	822	3	mi	mi	_	_	_	_	_	linguistic	_	none	_	_	_	_	_	0-2(246)
822-4	PSB005	822	4	dispiace]	dispiace	_	_	_	_	_	linguistic	_	none	_	_	_	_	_	0-8(246)
822-5	PSB005	822	5	non	non	_	_	_	_	_	linguistic	_	none	_	_	_	_	_	_
822-6	PSB005	822	6	per	per	_	_	_	_	_	linguistic	_	none	_	_	_	_	_	_
822-7	PSB005	822	7	non	non	_	_	_	_	_	linguistic	_	none	_	_	_	_	_	_
822-8	PSB005	822	8	volevo	volevo	_	_	_	_	_	linguistic	_	none	_	End=2745.016	_	_	_	_
823-0	PSB018	823	0	eh	eh	_	_	_	_	_	linguistic	_	none	_	Begin=2745.016	_	_	_	_
823-1	PSB018	823	1	cambiano	cambiano	_	_	_	_	_	linguistic	_	none	_	_	_	_	_	_
823-2	PSB018	823	2	la	la	_	_	_	_	_	linguistic	_	none	_	_	_	_	_	_
823-3	PSB018	823	3	sua	sua	_	_	_	_	_	linguistic	_	none	_	_	_	_	_	_
823-4	PSB018	823	4	<vita>	vita	_	_	_	_	_	linguistic	_	none	_	_	_	Slow=0-4(0)	_	_
823-5	PSB018	823	5	con	con	_	_	_	_	_	linguistic	_	none	_	_	_	_	_	_
823-6	PSB018	823	6	la	la	_	_	_	_	_	linguistic	_	none	_	_	_	_	_	_
823-7	PSB018	823	7	causa	causa	_	_	_	_	_	linguistic	_	none	_	_	_	_	_	_
823-8	PSB018	823	8	brutta	brutta	_	_	_	_	_	linguistic	_	none	_	_	_	_	_	_
823-9	PSB018	823	9	come	come	_	_	_	_	_	linguistic	_	none	_	_	_	_	_	_
823-10	PSB018	823	10	[guerra]	guerra	_	_	_	_	_	linguistic	_	none	_	End=2750.081	_	_	_	0-6(247)
824-0	PSB005	824	0	[mhmh	mhmh	_	_	_	_	_	linguistic	_	none	_	Begin=2749.194	_	_	_	0-4(247)
824-1	PSB005	824	1	mh]mh	mhmh	_	_	_	_	_	linguistic	_	none	_	End=2750.352	_	_	_	0-2(247)
825-0	PSB018	825	0	e:h	eh	_	_	_	_	_	linguistic	_	none	_	Begin=2750.694	0x1	_	_	_
825-1	PSB018	825	1	secondo	secondo	_	_	_	_	_	linguistic	_	none	_	_	_	_	_	_
825-2	PSB018	825	2	me	me	_	_	_	_	_	linguistic	_	none	_	_	_	_	_	_
825-3	PSB018	825	3	tutte	tutte	_	_	_	_	_	linguistic	_	none	_	_	_	_	_	_
825-4	PSB018	825	4	le	le	_	_	_	_	_	linguistic	_	none	_	_	_	_	_	_
825-5	PSB018	825	5	persone	persone	_	_	_	_	_	linguistic	_	none	_	_	_	_	_	_
825-6	PSB018	825	6	mo:lto	molto	_	_	_	_	_	linguistic	_	none	_	_	1x1	_	_	_
825-7	PSB018	825	7	gentile	gentile	_	_	_	_	_	linguistic	_	none	_	_	_	_	_	_
825-8	PSB018	825	8	o:	o	_	_	_	_	_	linguistic	_	none	_	_	0x1	_	_	_
825-9	PSB018	825	9	un	un	_	_	_	_	_	linguistic	_	none	_	_	_	_	_	_
825-10	PSB018	825	10	po'	po'	_	_	_	_	_	linguistic	_	none	_	_	_	_	_	_
825-11	PSB018	825	11	gentile	gentile	_	_	_	_	_	linguistic	_	none	_	End=2757.161	_	_	_	_
826-0	PSB018	826	0	e:h	eh	_	_	_	_	_	linguistic	_	none	_	Begin=2757.661|End=2758.454	0x1	_	_	_
827-0	PSB018	827	0	inizia	inizia	_	_	_	_	_	linguistic	_	none	_	Begin=2759.242	_	_	_	_
827-1	PSB018	827	1	essere	essere	_	_	_	_	_	linguistic	_	none	_	_	_	_	_	_
827-2	PSB018	827	2	molto	molto	_	_	_	_	_	linguistic	_	none	_	_	_	_	_	_
827-3	PSB018	827	3	gentile	gentile	_	_	_	_	_	linguistic	_	none	_	_	_	_	_	_
827-4	PSB018	827	4	eh	eh	_	_	_	_	_	linguistic	_	none	PauseAfter=Yes	_	_	_	_	_
827-5	PSB018	827	5	(.)	(.)	_	_	_	_	_	shortpause	_	none	_	_	_	_	_	_
827-6	PSB018	827	6	[tutte	tutte	_	_	_	_	_	linguistic	_	none	_	_	_	_	_	0-5(248)
827-7	PSB018	827	7	com]e	come	_	_	_	_	_	linguistic	_	none	_	_	_	_	_	0-3(248)
827-8	PSB018	827	8	una	una	_	_	_	_	_	linguistic	_	none	_	_	_	_	_	_
827-9	PSB018	827	9	persona	persona	_	_	_	_	_	linguistic	_	none	_	_	_	_	_	_
827-10	PSB018	827	10	e	e	_	_	_	_	_	linguistic	_	none	_	_	_	_	_	_
827-11	PSB018	827	11	quando	quando	_	_	_	_	_	linguistic	_	none	_	_	_	_	_	_
827-12	PSB018	827	12	noi	noi	_	_	_	_	_	linguistic	_	none	_	_	_	_	_	_
827-13	PSB018	827	13	ci	ci	_	_	_	_	_	linguistic	_	none	_	_	_	_	_	_
827-14	PSB018	827	14	siamo	siamo	_	_	_	_	_	linguistic	_	none	_	_	_	_	_	_
827-15	PSB018	827	15	trasferiti	trasferiti	_	_	_	_	_	linguistic	_	none	_	_	_	_	_	_
827-16	PSB018	827	16	qui	qui	_	_	_	_	_	linguistic	_	none	_	_	_	_	_	_
827-17	PSB018	827	17	a	a	_	_	_	_	_	linguistic	_	none	_	_	_	_	_	_
827-18	PSB018	827	18	bologna	bologna	_	_	_	_	_	linguistic	_	none	_	_	_	_	_	_
827-19	PSB018	827	19	ce	ce	_	_	_	_	_	linguistic	_	none	_	_	_	_	_	_
827-20	PSB018	827	20	sono	sono	_	_	_	_	_	linguistic	_	none	_	_	_	_	_	_
827-21	PSB018	827	21	tante	tante	_	_	_	_	_	linguistic	_	none	_	_	_	_	_	_
827-22	PSB018	827	22	e:h	eh	_	_	_	_	_	linguistic	_	none	_	_	0x1	_	_	_
827-23	PSB018	827	23	episodi	episodi	_	_	_	_	_	linguistic	_	none	_	_	_	_	_	_
827-24	PSB018	827	24	per	per	_	_	_	_	_	linguistic	_	none	_	_	_	_	_	_
827-25	PSB018	827	25	esempio	esempio	_	_	_	_	_	linguistic	_	none	_	_	_	_	_	_
827-26	PSB018	827	26	a:	a	_	_	_	_	_	linguistic	_	none	_	End=2775.726	0x1	_	_	_
828-0	PSB005	828	0	[è	è	_	_	_	_	_	linguistic	_	none	_	Begin=2763.823	_	_	_	0-1(248)
828-1	PSB005	828	1	chiaro	chiaro	_	_	_	_	_	linguistic	_	none	_	_	_	_	_	0-6(248)
828-2	PSB005	828	2	sì]	sì	_	_	_	_	_	linguistic	_	none	_	End=2764.829	_	_	_	0-2(248)
829-0	PSB018	829	0	le	le	_	_	_	_	_	linguistic	_	none	_	Begin=2776.484	_	_	_	_
829-1	PSB018	829	1	prime	prime	_	_	_	_	_	linguistic	_	none	_	End=2777.351	_	_	_	_
830-0	PSB018	830	0	ah	ah	_	_	_	_	_	linguistic	_	none	_	Begin=2778.823	_	_	_	_
830-1	PSB018	830	1	no	no	_	_	_	_	_	linguistic	_	none	_	_	_	_	_	_
830-2	PSB018	830	2	no	no	_	_	_	_	_	linguistic	_	none	_	_	_	_	_	_
830-3	PSB018	830	3	tutto	tutto	_	_	_	_	_	linguistic	_	none	_	_	_	_	_	_
830-4	PSB018	830	4	tutto	tutto	_	_	_	_	_	linguistic	_	none	_	_	_	_	_	_
830-5	PSB018	830	5	è	è	_	_	_	_	_	linguistic	_	none	_	_	_	_	_	_
830-6	PSB018	830	6	normale	normale	_	_	_	_	_	linguistic	_	none	_	_	_	_	_	_
830-7	PSB018	830	7	[eh]	eh	_	_	_	_	_	linguistic	_	none	_	_	_	_	_	0-2(249)
830-8	PSB018	830	8	s:-	s-	_	_	_	_	_	linguistic	_	none	Interrupted=Yes	_	0x1	_	_	_
830-9	PSB018	830	9	e:h	eh	_	_	_	_	_	linguistic	_	none	_	_	0x1	_	_	_
830-10	PSB018	830	10	so	so	_	_	_	_	_	linguistic	_	none	_	_	_	_	_	_
830-11	PSB018	830	11	sta	sta	_	_	_	_	_	linguistic	_	none	_	_	_	_	_	_
830-12	PSB018	830	12	pens~	pens~	_	_	_	_	_	linguistic	_	none	Interrupted=Yes	_	_	_	_	_
830-13	PSB018	830	13	sto	sto	_	_	_	_	_	linguistic	_	none	_	_	_	_	_	_
830-14	PSB018	830	14	pensando	pensando	_	_	_	_	_	linguistic	_	none	_	End=2785.716	_	_	_	_
831-0	PSB005	831	0	[okay]	okay	_	_	_	_	_	linguistic	_	none	_	Begin=2781.065|End=2781.629	_	_	_	0-4(249)
832-0	PSB018	832	0	le	le	_	_	_	_	_	linguistic	_	none	_	Begin=2786.371	_	_	_	_
832-1	PSB018	832	1	prime	prime	_	_	_	_	_	linguistic	_	none	_	_	_	_	_	_
832-2	PSB018	832	2	e:h	eh	_	_	_	_	_	linguistic	_	none	_	_	0x1	_	_	_
832-3	PSB018	832	3	persone	persone	_	_	_	_	_	linguistic	_	none	_	_	_	_	_	_
832-4	PSB018	832	4	chi	chi	_	_	_	_	_	linguistic	_	none	_	_	_	_	_	_
832-5	PSB018	832	5	stanno	stanno	_	_	_	_	_	linguistic	_	none	_	End=2790.355	_	_	_	_
833-0	PSB018	833	0	in	in	_	_	_	_	_	linguistic	_	none	_	Begin=2790.871	_	_	_	_
833-1	PSB018	833	1	fu~	fu~	_	_	_	_	_	linguistic	_	none	Interrupted=Yes	_	_	_	_	_
833-2	PSB018	833	2	in	in	_	_	_	_	_	linguistic	_	none	_	_	_	_	_	_
833-3	PSB018	833	3	futuro	futuro	_	_	_	_	_	linguistic	_	none	_	_	_	_	_	_
833-4	PSB018	833	4	aiutano	aiutano	_	_	_	_	_	linguistic	_	none	_	_	_	_	_	_
833-5	PSB018	833	5	noi	noi	_	_	_	_	_	linguistic	_	none	_	End=2794.178	_	_	_	_
834-0	PSB005	834	0	mhmh	mhmh	_	_	_	_	_	linguistic	_	none	_	Begin=2794.178|End=2794.72	_	_	_	_
835-0	PSB018	835	0	online	online	_	_	_	_	_	linguistic	_	none	_	Begin=2794.936	_	_	_	_
835-1	PSB018	835	1	sul	sul	_	_	_	_	_	linguistic	_	none	_	_	_	_	_	_
835-2	PSB018	835	2	faceboo[k	facebook	_	_	_	_	_	linguistic	_	none	_	_	_	_	_	7-8(250)
835-3	PSB018	835	3	era]	era	_	_	_	_	_	linguistic	_	none	_	_	_	_	_	0-3(250)
835-4	PSB018	835	4	erano	erano	_	_	_	_	_	linguistic	_	none	_	_	_	_	_	_
835-5	PSB018	835	5	gli	gli	_	_	_	_	_	linguistic	_	none	_	_	_	_	_	_
835-6	PSB018	835	6	studenti	studenti	_	_	_	_	_	linguistic	_	none	_	_	_	_	_	_
835-7	PSB018	835	7	americani	americani	_	_	_	_	_	linguistic	_	none	_	_	_	_	_	_
835-8	PSB018	835	8	eh	eh	_	_	_	_	_	linguistic	_	none	_	_	_	_	_	_
835-9	PSB018	835	9	di:	di	_	_	_	_	_	linguistic	_	none	_	_	1x1	_	_	_
835-10	PSB018	835	10	università	università	_	_	_	_	_	linguistic	_	none	_	_	_	_	_	_
835-11	PSB018	835	11	di	di	_	_	_	_	_	linguistic	_	none	_	_	_	_	_	_
835-12	PSB018	835	12	[hopkins	hopkins	_	_	_	_	_	linguistic	_	none	_	_	_	_	_	0-7(251)
835-13	PSB018	835	13	john	john	_	_	_	_	_	linguistic	_	none	_	_	_	_	_	0-4(251)
835-14	PSB018	835	14	hopkins]?	hopkins	_	_	_	_	_	linguistic	_	none	Intonation=Rising	End=2805.21	_	_	_	0-7(251)
836-0	PSB005	836	0	[okay]	okay	_	_	_	_	_	linguistic	_	none	_	Begin=2796.855|End=2797.412	_	_	_	0-4(250)
837-0	PSB005	837	0	[ah	ah	_	_	_	_	_	linguistic	_	none	_	Begin=2802.5	_	_	_	0-2(251)
837-1	PSB005	837	1	sì	sì	_	_	_	_	_	linguistic	_	none	_	_	_	_	_	0-2(251)
837-2	PSB005	837	2	ah	ah	_	_	_	_	_	linguistic	_	none	_	_	_	_	_	0-2(251)
837-3	PSB005	837	3	sì	sì	_	_	_	_	_	linguistic	_	none	_	_	_	_	_	0-2(251)
837-4	PSB005	837	4	sì	sì	_	_	_	_	_	linguistic	_	none	_	_	_	_	_	0-2(251)
837-5	PSB005	837	5	sì	sì	_	_	_	_	_	linguistic	_	none	PauseAfter=Yes	_	_	_	_	0-2(251)
837-6	PSB005	837	6	(.)	(.)	_	_	_	_	_	shortpause	_	none	_	_	_	_	_	X(251)
837-7	PSB005	837	7	sì	sì	_	_	_	_	_	linguistic	_	none	_	_	_	_	_	0-2(251)
837-8	PSB005	837	8	gius]to	giusto	_	_	_	_	_	linguistic	_	none	_	_	_	_	_	0-4(251)
837-9	PSB005	837	9	sì	sì	_	_	_	_	_	linguistic	_	none	_	_	_	_	_	_
837-10	PSB005	837	10	sì	sì	_	_	_	_	_	linguistic	_	none	_	End=2805.916	_	_	_	_
838-0	PSB018	838	0	perché	perché	_	_	_	_	_	linguistic	_	none	PauseAfter=Yes	Begin=2806.097	_	_	_	_
838-1	PSB018	838	1	(.)	(.)	_	_	_	_	_	shortpause	_	none	_	_	_	_	_	_
838-2	PSB018	838	2	e:h	eh	_	_	_	_	_	linguistic	_	none	_	_	0x1	_	_	_
838-3	PSB018	838	3	s~	s~	_	_	_	_	_	linguistic	_	none	Interrupted=Yes	_	_	_	_	_
838-4	PSB018	838	4	io	io	_	_	_	_	_	linguistic	_	none	_	_	_	_	_	_
838-5	PSB018	838	5	era	era	_	_	_	_	_	linguistic	_	none	_	End=2809.887	_	_	_	_
839-0	PSB018	839	0	no	no	_	_	_	_	_	linguistic	_	none	_	Begin=2811.161	_	_	_	_
839-1	PSB018	839	1	un	un	_	_	_	_	_	linguistic	_	none	_	_	_	_	_	_
839-2	PSB018	839	2	po'	po'	_	_	_	_	_	linguistic	_	none	_	_	_	_	_	_
839-3	PSB018	839	3	ma	ma	_	_	_	_	_	linguistic	_	none	_	_	_	_	_	_
839-4	PSB018	839	4	tanto	tanto	_	_	_	_	_	linguistic	_	none	_	_	_	_	_	_
839-5	PSB018	839	5	<preoccupato>	preoccupato	_	_	_	_	_	linguistic	_	none	_	End=2814.661	_	Slow=0-11(0)	_	_
840-0	PSB005	840	0	mhmh	mhmh	_	_	_	_	_	linguistic	_	none	_	Begin=2814.742|End=2815.254	_	_	_	_
841-0	PSB018	841	0	dove	dove	_	_	_	_	_	linguistic	_	none	_	Begin=2815.516	_	_	_	_
841-1	PSB018	841	1	dormire	dormire	_	_	_	_	_	linguistic	_	none	_	End=2816.5	_	_	_	_
842-0	PSB005	842	0	mhmh	mhmh	_	_	_	_	_	linguistic	_	none	_	Begin=2816.548|End=2817.012	_	_	_	_
843-0	PSB018	843	0	e:h	eh	_	_	_	_	_	linguistic	_	none	_	Begin=2817.823	0x1	_	_	_
843-1	PSB018	843	1	perché	perché	_	_	_	_	_	linguistic	_	none	_	_	_	_	_	_
843-2	PSB018	843	2	in	in	_	_	_	_	_	linguistic	_	none	_	_	_	_	_	_
843-3	PSB018	843	3	realtà	realtà	_	_	_	_	_	linguistic	_	none	_	_	_	_	_	_
843-4	PSB018	843	4	non	non	_	_	_	_	_	linguistic	_	none	_	_	_	_	_	_
843-5	PSB018	843	5	c'	c'	_	_	_	_	_	linguistic	_	none	SpaceAfter=No	_	_	_	_	_
843-6	PSB018	843	6	era	era	_	_	_	_	_	linguistic	_	none	_	_	_	_	_	_
843-7	PSB018	843	7	per	per	_	_	_	_	_	linguistic	_	none	_	_	_	_	_	_
843-8	PSB018	843	8	tutte	tutte	_	_	_	_	_	linguistic	_	none	_	_	_	_	_	_
843-9	PSB018	843	9	le	le	_	_	_	_	_	linguistic	_	none	_	_	_	_	_	_
843-10	PSB018	843	10	paesi	paesi	_	_	_	_	_	linguistic	_	none	_	_	_	_	_	_
843-11	PSB018	843	11	europee	europee	_	_	_	_	_	linguistic	_	none	_	_	_	_	_	_
843-12	PSB018	843	12	era:	era	_	_	_	_	_	linguistic	_	none	_	_	2x1	_	_	_
843-13	PSB018	843	13	>lo	lo	_	_	_	_	_	linguistic	_	none	_	_	_	Fast=0-2(0)	_	_
843-14	PSB018	843	14	so<	so	_	_	_	_	_	linguistic	_	none	_	End=2824.403	_	Fast=0-2(0)	_	_
844-0	PSB018	844	0	e	e	_	_	_	_	_	linguistic	_	none	_	Begin=2825.323	_	_	_	_
844-1	PSB018	844	1	come	come	_	_	_	_	_	linguistic	_	none	_	_	_	_	_	_
844-2	PSB018	844	2	un	un	_	_	_	_	_	linguistic	_	none	_	_	_	_	_	_
844-3	PSB018	844	3	grande	grande	_	_	_	_	_	linguistic	_	none	_	_	_	_	_	_
844-4	PSB018	844	4	shock	shock	_	_	_	_	_	linguistic	_	none	_	End=2827.29	_	_	_	_
845-0	PSB018	845	0	tante	tante	_	_	_	_	_	linguistic	_	yes	_	Begin=2827.758	_	_	_	_
845-1	PSB018	845	1	persone	persone	_	_	_	_	_	linguistic	_	yes	_	_	_	_	_	_
845-2	PSB018	845	2	[e:h]	eh	_	_	_	_	_	linguistic	_	yes	_	_	0x1	_	_	0-2(253)
845-3	PSB018	845	3	che	che	_	_	_	_	_	linguistic	_	yes	_	_	_	_	_	_
845-4	PSB018	845	4	cosa	cosa	_	_	_	_	_	linguistic	_	yes	_	_	_	_	_	_
845-5	PSB018	845	5	possibile	possibile	_	_	_	_	_	linguistic	_	yes	PauseAfter=Yes	_	_	_	_	_
845-6	PSB018	845	6	(.)	(.)	_	_	_	_	_	shortpause	_	yes	_	_	_	_	_	_
845-7	PSB018	845	7	e	e	_	_	_	_	_	linguistic	_	yes	_	_	_	_	_	_
845-8	PSB018	845	8	tutte	tutte	_	_	_	_	_	linguistic	_	yes	_	_	_	_	_	_
845-9	PSB018	845	9	devo	devo	_	_	_	_	_	linguistic	_	yes	_	_	_	_	_	_
845-10	PSB018	845	10	e:hm:	ehm	_	_	_	_	_	linguistic	_	yes	_	_	0x1,2x1	_	_	_
845-11	PSB018	845	11	eh	eh	_	_	_	_	_	linguistic	_	yes	_	_	_	_	_	_
845-12	PSB018	845	12	tutte	tutte	_	_	_	_	_	linguistic	_	yes	_	_	_	_	_	_
845-13	PSB018	845	13	le	le	_	_	_	_	_	linguistic	_	yes	_	_	_	_	_	_
845-14	PSB018	845	14	problemi	problemi	_	_	_	_	_	linguistic	_	yes	_	_	_	_	_	_
845-15	PSB018	845	15	devono	devono	_	_	_	_	_	linguistic	_	yes	_	_	_	_	_	_
845-16	PSB018	845	16	essere	essere	_	_	_	_	_	linguistic	_	yes	_	_	_	_	_	_
845-17	PSB018	845	17	#s:olve[d]	solved	_	_	_	_	_	linguistic	_	yes	Language=NO_ISO_CODE|Variation=Token	End=2839.387	0x1	_	_	6-7(252)
847-0	PSB005	847	0	[sì	sì	_	_	_	_	_	linguistic	_	none	_	Begin=2829.048	_	_	_	0-2(253)
847-1	PSB005	847	1	sì]	sì	_	_	_	_	_	linguistic	_	none	_	End=2829.79	_	_	_	0-2(253)
848-0	PSB005	848	0	[sì]	sì	_	_	_	_	_	linguistic	_	none	_	Begin=2839.161	_	_	_	0-2(252)
848-1	PSB005	848	1	mh	mh	_	_	_	_	_	linguistic	_	none	_	End=2839.968	_	_	_	_
849-0	PSB018	849	0	subito	subito	_	_	_	_	_	linguistic	_	none	_	Begin=2840.194|End=2840.903	_	_	_	_
850-0	PSB005	850	0	sì	sì	_	_	_	_	_	linguistic	_	none	_	Begin=2841.178	_	_	_	_
850-1	PSB005	850	1	sì	sì	_	_	_	_	_	linguistic	_	none	_	End=2841.855	_	_	_	_
851-0	PSB018	851	0	ma	ma	_	_	_	_	_	linguistic	_	none	_	Begin=2842.048	_	_	_	_
851-1	PSB018	851	1	la	la	_	_	_	_	_	linguistic	_	none	_	_	_	_	_	_
851-2	PSB018	851	2	sistema	sistema	_	_	_	_	_	linguistic	_	none	_	_	_	_	_	_
851-3	PSB018	851	3	non	non	_	_	_	_	_	linguistic	_	none	_	_	_	_	_	_
851-4	PSB018	851	4	è	è	_	_	_	_	_	linguistic	_	none	_	_	_	_	_	_
851-5	PSB018	851	5	pronta	pronta	_	_	_	_	_	linguistic	_	none	PauseAfter=Yes	_	_	_	_	_
851-6	PSB018	851	6	(.)	(.)	_	_	_	_	_	shortpause	_	none	_	_	_	_	_	_
851-7	PSB018	851	7	perché	perché	_	_	_	_	_	linguistic	_	none	_	_	_	_	_	_
851-8	PSB018	851	8	[non	non	_	_	_	_	_	linguistic	_	none	_	_	_	_	_	0-3(254)
851-9	PSB018	851	9	ave]te	avete	_	_	_	_	_	linguistic	_	none	_	_	_	_	_	0-3(254)
851-10	PSB018	851	10	un	un	_	_	_	_	_	linguistic	_	none	_	_	_	_	_	_
851-11	PSB018	851	11	a:nno	anno	_	_	_	_	_	linguistic	_	none	_	_	0x1	_	_	_
851-12	PSB018	851	12	con	con	_	_	_	_	_	linguistic	_	none	_	_	_	_	_	_
851-13	PSB018	851	13	i	i	_	_	_	_	_	linguistic	_	none	_	_	_	_	_	_
851-14	PSB018	851	14	progetti	progetti	_	_	_	_	_	linguistic	_	none	_	_	_	_	_	_
851-15	PSB018	851	15	come	come	_	_	_	_	_	linguistic	_	none	_	_	_	_	_	_
851-16	PSB018	851	16	possibile	possibile	_	_	_	_	_	linguistic	_	none	_	_	_	_	_	_
851-17	PSB018	851	17	aiutare	aiutare	_	_	_	_	_	linguistic	_	none	_	_	_	_	_	_
851-18	PSB018	851	18	no	no	_	_	_	_	_	linguistic	_	none	_	_	_	_	_	_
851-19	PSB018	851	19	<una	una	_	_	_	_	_	linguistic	_	none	_	_	_	Slow=0-3(0)	_	_
851-20	PSB018	851	20	notte>	notte	_	_	_	_	_	linguistic	_	none	_	End=2853.678	_	Slow=0-5(0)	_	_
852-0	PSB005	852	0	[x	x	_	_	_	_	_	unknown	_	none	Syllables=1	Begin=2845.565	_	_	_	0-1(254)
852-1	PSB005	852	1	xx]	xx	_	_	_	_	_	unknown	_	none	Syllables=2	End=2846.392	_	_	_	0-2(254)
853-0	PSB005	853	0	°mh[mh°]	mhmh	_	_	_	_	_	linguistic	_	none	Volume=low	Begin=2854.016|End=2854.452	_	_	_	2-4(255)
854-0	PSB018	854	0	[so]lo	solo	_	_	_	_	_	linguistic	_	none	_	Begin=2854.355	_	_	_	0-2(255)
854-1	PSB018	854	1	e	e	_	_	_	_	_	linguistic	_	none	_	_	_	_	_	_
854-2	PSB018	854	2	tutto	tutto	_	_	_	_	_	linguistic	_	none	_	_	_	_	_	_
854-3	PSB018	854	3	cambiano	cambiano	_	_	_	_	_	linguistic	_	none	_	_	_	_	_	_
854-4	PSB018	854	4	per	per	_	_	_	_	_	linguistic	_	none	_	End=2857.226	_	_	_	_
855-0	PSB018	855	0	tutte	tutte	_	_	_	_	_	linguistic	_	none	_	Begin=2857.758	_	_	_	_
855-1	PSB018	855	1	le:	le	_	_	_	_	_	linguistic	_	none	_	_	1x1	_	_	_
855-2	PSB018	855	2	paese	paese	_	_	_	_	_	linguistic	_	none	_	End=2859.345	_	_	_	_
856-0	PSB018	856	0	e:	e	_	_	_	_	_	linguistic	_	none	_	Begin=2860.178	0x1	_	_	_
856-1	PSB018	856	1	per	per	_	_	_	_	_	linguistic	_	none	_	_	_	_	_	_
856-2	PSB018	856	2	questo	questo	_	_	_	_	_	linguistic	_	none	_	_	_	_	_	_
856-3	PSB018	856	3	motivo	motivo	_	_	_	_	_	linguistic	_	none	_	_	_	_	_	_
856-4	PSB018	856	4	quando	quando	_	_	_	_	_	linguistic	_	none	_	_	_	_	_	_
856-5	PSB018	856	5	tu	tu	_	_	_	_	_	linguistic	_	none	_	_	_	_	_	_
856-6	PSB018	856	6	non	non	_	_	_	_	_	linguistic	_	none	_	_	_	_	_	_
856-7	PSB018	856	7	so	so	_	_	_	_	_	linguistic	_	none	_	_	_	_	_	_
856-8	PSB018	856	8	dove	dove	_	_	_	_	_	linguistic	_	none	_	_	_	_	_	_
856-9	PSB018	856	9	tu:	tu	_	_	_	_	_	linguistic	_	none	_	_	1x1	_	_	_
856-10	PSB018	856	10	cerchi	cerchi	_	_	_	_	_	linguistic	_	none	_	_	_	_	_	_
856-11	PSB018	856	11	il	il	_	_	_	_	_	linguistic	_	none	_	_	_	_	_	_
856-12	PSB018	856	12	posto	posto	_	_	_	_	_	linguistic	_	none	_	_	_	_	_	_
856-13	PSB018	856	13	per	per	_	_	_	_	_	linguistic	_	none	_	_	_	_	_	_
856-14	PSB018	856	14	dormire	dormire	_	_	_	_	_	linguistic	_	none	_	_	_	_	_	_
856-15	PSB018	856	15	ma~	ma~	_	_	_	_	_	linguistic	_	none	Interrupted=Yes	_	_	_	_	_
856-16	PSB018	856	16	mangiare	mangiare	_	_	_	_	_	linguistic	_	none	_	_	_	_	_	_
856-17	PSB018	856	17	e	e	_	_	_	_	_	linguistic	_	none	_	_	_	_	_	_
856-18	PSB018	856	18	fa:re	fare	_	_	_	_	_	linguistic	_	none	_	_	1x1	_	_	_
856-19	PSB018	856	19	la	la	_	_	_	_	_	linguistic	_	none	_	_	_	_	_	_
856-20	PSB018	856	20	doccia	doccia	_	_	_	_	_	linguistic	_	none	_	_	_	_	_	_
856-21	PSB018	856	21	e	e	_	_	_	_	_	linguistic	_	none	_	_	_	_	_	_
856-22	PSB018	856	22	non	non	_	_	_	_	_	linguistic	_	none	_	_	_	_	_	_
856-23	PSB018	856	23	c'	c'	_	_	_	_	_	linguistic	_	none	SpaceAfter=No	_	_	_	_	_
856-24	PSB018	856	24	è	è	_	_	_	_	_	linguistic	_	none	_	_	_	_	_	_
856-25	PSB018	856	25	problema	problema	_	_	_	_	_	linguistic	_	none	_	_	_	_	_	_
856-26	PSB018	856	26	ma	ma	_	_	_	_	_	linguistic	_	none	_	_	_	_	_	_
856-27	PSB018	856	27	dormire	dormire	_	_	_	_	_	linguistic	_	none	_	_	_	_	_	_
856-28	PSB018	856	28	con	con	_	_	_	_	_	linguistic	_	none	_	_	_	_	_	_
856-29	PSB018	856	29	il	il	_	_	_	_	_	linguistic	_	none	_	_	_	_	_	_
856-30	PSB018	856	30	bimbo	bimbo	_	_	_	_	_	linguistic	_	none	_	End=2874.323	_	_	_	_
857-0	PSB018	857	0	e	e	_	_	_	_	_	linguistic	_	yes	_	Begin=2875.887	_	_	_	_
857-1	PSB018	857	1	ho	ho	_	_	_	_	_	linguistic	_	yes	_	_	_	_	_	_
857-2	PSB018	857	2	iniziato	iniziato	_	_	_	_	_	linguistic	_	yes	_	_	_	_	_	_
857-3	PSB018	857	3	trovare	trovare	_	_	_	_	_	linguistic	_	yes	_	_	_	_	_	_
857-4	PSB018	857	4	qualche	qualche	_	_	_	_	_	linguistic	_	yes	_	_	_	_	_	_
857-5	PSB018	857	5	#*informazia	informazia	_	_	_	_	_	linguistic	_	yes	Language=NO_ISO_CODE|Variation=Doubtful	_	_	_	_	_
857-6	PSB018	857	6	e	e	_	_	_	_	_	linguistic	_	yes	_	_	_	_	_	_
857-7	PSB018	857	7	ho	ho	_	_	_	_	_	linguistic	_	yes	_	_	_	_	_	_
857-8	PSB018	857	8	trovato	trovato	_	_	_	_	_	linguistic	_	yes	_	_	_	_	_	_
857-9	PSB018	857	9	quelli	quelli	_	_	_	_	_	linguistic	_	yes	PauseAfter=Yes	_	_	_	_	_
857-10	PSB018	857	10	(.)	(.)	_	_	_	_	_	shortpause	_	yes	_	_	_	_	_	_
857-11	PSB018	857	11	studenti	studenti	_	_	_	_	_	linguistic	_	yes	_	End=2881.581	_	_	_	_
858-0	PSB018	858	0	in	in	_	_	_	_	_	linguistic	_	none	PauseAfter=Yes	Begin=2882.081	_	_	_	_
858-1	PSB018	858	1	(.)	(.)	_	_	_	_	_	shortpause	_	none	_	_	_	_	_	_
858-2	PSB018	858	2	<non	non	_	_	_	_	_	linguistic	_	none	_	_	_	Slow=0-3(0)	_	_
858-3	PSB018	858	3	s:o	so	_	_	_	_	_	linguistic	_	none	_	_	0x1	Slow=0-2(0)	_	_
858-4	PSB018	858	4	perché>	perché	_	_	_	_	_	linguistic	_	none	_	_	_	Slow=0-6(0)	_	_
858-5	PSB018	858	5	ma	ma	_	_	_	_	_	linguistic	_	none	_	_	_	_	_	_
858-6	PSB018	858	6	in	in	_	_	_	_	_	linguistic	_	none	_	_	_	_	_	_
858-7	PSB018	858	7	maggio	maggio	_	_	_	_	_	linguistic	_	none	_	_	_	_	_	_
858-8	PSB018	858	8	loro	loro	_	_	_	_	_	linguistic	_	none	_	_	_	_	_	_
858-9	PSB018	858	9	hanno	hanno	_	_	_	_	_	linguistic	_	none	_	_	_	_	_	_
858-10	PSB018	858	10	i	i	_	_	_	_	_	linguistic	_	none	_	_	_	_	_	_
858-11	PSB018	858	11	gli	gli	_	_	_	_	_	linguistic	_	none	_	_	_	_	_	_
858-12	PSB018	858	12	studenti	studenti	_	_	_	_	_	linguistic	_	none	_	_	_	_	_	_
858-13	PSB018	858	13	americani	americani	_	_	_	_	_	linguistic	_	none	_	_	_	_	_	_
858-14	PSB018	858	14	e:h	eh	_	_	_	_	_	linguistic	_	none	_	_	0x1	_	_	_
858-15	PSB018	858	15	s~	s~	_	_	_	_	_	linguistic	_	none	Interrupted=Yes	_	_	_	_	_
858-16	PSB018	858	16	qualche	qualche	_	_	_	_	_	linguistic	_	none	_	_	_	_	_	_
858-17	PSB018	858	17	festa	festa	_	_	_	_	_	linguistic	_	none	_	_	_	_	_	_
858-18	PSB018	858	18	e	e	_	_	_	_	_	linguistic	_	none	_	_	_	_	_	_
858-19	PSB018	858	19	per	per	_	_	_	_	_	linguistic	_	none	_	_	_	_	_	_
858-20	PSB018	858	20	cinque	cinque	_	_	_	_	_	linguistic	_	none	_	_	_	_	_	_
858-21	PSB018	858	21	o	o	_	_	_	_	_	linguistic	_	none	_	_	_	_	_	_
858-22	PSB018	858	22	dieci	dieci	_	_	_	_	_	linguistic	_	none	_	_	_	_	_	_
858-23	PSB018	858	23	giorni	giorni	_	_	_	_	_	linguistic	_	none	_	_	_	_	_	_
858-24	PSB018	858	24	loro	loro	_	_	_	_	_	linguistic	_	none	_	_	_	_	_	_
858-25	PSB018	858	25	hanno	hanno	_	_	_	_	_	linguistic	_	none	_	_	_	_	_	_
858-26	PSB018	858	26	eh	eh	_	_	_	_	_	linguistic	_	none	_	_	_	_	_	_
858-27	PSB018	858	27	la	la	_	_	_	_	_	linguistic	_	none	_	_	_	_	_	_
858-28	PSB018	858	28	festa	festa	_	_	_	_	_	linguistic	_	none	_	_	_	_	_	_
858-29	PSB018	858	29	e:	e	_	_	_	_	_	linguistic	_	none	PauseAfter=Yes	_	0x1	_	_	_
858-30	PSB018	858	30	(.)	(.)	_	_	_	_	_	shortpause	_	none	_	_	_	_	_	_
858-31	PSB018	858	31	hanno	hanno	_	_	_	_	_	linguistic	_	none	_	_	_	_	_	_
858-32	PSB018	858	32	tornato	tornato	_	_	_	_	_	linguistic	_	none	_	_	_	_	_	_
858-33	PSB018	858	33	a	a	_	_	_	_	_	linguistic	_	none	_	_	_	_	_	_
858-34	PSB018	858	34	[ca:sa	casa	_	_	_	_	_	linguistic	_	none	_	_	1x1	_	_	0-4(256)
858-35	PSB018	858	35	o]	o	_	_	_	_	_	linguistic	_	none	_	_	_	_	_	0-1(256)
858-36	PSB018	858	36	allora	allora	_	_	_	_	_	linguistic	_	none	_	End=2902.129	_	_	_	_
859-0	PSB005	859	0	[xx	xx	_	_	_	_	_	unknown	_	none	Syllables=2	Begin=2900.645	_	_	_	0-2(256)
859-1	PSB005	859	1	sì]	sì	_	_	_	_	_	linguistic	_	none	_	End=2901.839	_	_	_	0-2(256)
860-0	PSB018	860	0	e	e	_	_	_	_	_	linguistic	_	none	_	Begin=2902.468	_	_	_	_
860-1	PSB018	860	1	i	i	_	_	_	_	_	linguistic	_	none	_	_	_	_	_	_
860-2	PSB018	860	2	suoi	suoi	_	_	_	_	_	linguistic	_	none	_	_	_	_	_	_
860-3	PSB018	860	3	$ca:meri	cameri	_	_	_	_	_	linguistic	_	none	Orthography=Yes|Variation=Emerging	End=2904.258	1x1	_	_	_
861-0	PSB005	861	0	mhmh	mhmh	_	_	_	_	_	linguistic	_	none	_	Begin=2904.258|End=2904.6695	_	_	_	_
862-0	PSB018	862	0	camere?	camere	_	_	_	_	_	linguistic	_	none	Intonation=Rising	Begin=2904.6695|End=2905.359	_	_	_	_
863-0	PSB005	863	0	mhmh	mhmh	_	_	_	_	_	linguistic	_	none	_	Begin=2905.484|End=2905.87	_	_	_	_
864-0	PSB018	864	0	>le	le	_	_	_	_	_	linguistic	_	none	_	Begin=2905.871	_	Fast=0-2(0)	_	_
864-1	PSB018	864	1	camere<	camere	_	_	_	_	_	linguistic	_	none	PauseAfter=Yes	_	_	Fast=0-6(0)	_	_
864-2	PSB018	864	2	(.)	(.)	_	_	_	_	_	shortpause	_	none	_	_	_	_	_	_
864-3	PSB018	864	3	loro	loro	_	_	_	_	_	linguistic	_	none	_	_	_	_	_	_
864-4	PSB018	864	4	hanno	hanno	_	_	_	_	_	linguistic	_	none	_	_	_	_	_	_
864-5	PSB018	864	5	dato	dato	_	_	_	_	_	linguistic	_	none	_	End=2908.984	_	_	_	_
865-0	PSB018	865	0	da:	da	_	_	_	_	_	linguistic	_	none	_	Begin=2910.242	1x1	_	_	_
865-1	PSB018	865	1	ucrai[ni]	ucraini	_	_	_	_	_	linguistic	_	none	_	End=2911.871	_	_	_	5-7(257)
866-0	PSB005	866	0	[sì	sì	_	_	_	_	_	linguistic	_	none	_	Begin=2911.484	_	_	_	0-2(257)
866-1	PSB005	866	1	s]ì	sì	_	_	_	_	_	linguistic	_	none	_	_	_	_	_	0-1(257)
866-2	PSB005	866	2	okay	okay	_	_	_	_	_	linguistic	_	none	_	_	_	_	_	_
866-3	PSB005	866	3	°eh	eh	_	_	_	_	_	linguistic	_	none	PauseAfter=Yes|Volume=low	_	_	_	_	_
866-4	PSB005	866	4	[(.)	(.)	_	_	_	_	_	shortpause	_	none	_	_	_	_	_	X(258)
866-5	PSB005	866	5	wow°]	wow	_	_	_	_	_	linguistic	_	none	Volume=low	End=2914.419	_	_	_	0-3(258)
867-0	PSB018	867	0	[e	e	_	_	_	_	_	linguistic	_	none	_	Begin=2913.081	_	_	_	0-1(258)
867-1	PSB018	867	1	loro	loro	_	_	_	_	_	linguistic	_	none	_	_	_	_	_	0-4(258)
867-2	PSB018	867	2	eh]	eh	_	_	_	_	_	linguistic	_	none	_	_	_	_	_	0-2(258)
867-3	PSB018	867	3	sì	sì	_	_	_	_	_	linguistic	_	none	_	_	_	_	_	_
867-4	PSB018	867	4	gratis	gratis	_	_	_	_	_	linguistic	_	none	_	_	_	_	_	_
867-5	PSB018	867	5	senza	senza	_	_	_	_	_	linguistic	_	none	_	_	_	_	_	_
867-6	PSB018	867	6	niente	niente	_	_	_	_	_	linguistic	_	none	_	End=2917.097	_	_	_	_
868-0	PSB005	868	0	mhmh	mhmh	_	_	_	_	_	linguistic	_	none	_	Begin=2917.113|End=2917.5	_	_	_	_
869-0	PSB018	869	0	e:h	eh	_	_	_	_	_	linguistic	_	none	_	Begin=2918.968|End=2919.581	0x1	_	_	_
870-0	PSB018	870	0	ma:	ma	_	_	_	_	_	linguistic	_	none	PauseAfter=Yes	Begin=2920.419	1x1	_	_	_
870-1	PSB018	870	1	(.)	(.)	_	_	_	_	_	shortpause	_	none	_	_	_	_	_	_
870-2	PSB018	870	2	e	e	_	_	_	_	_	linguistic	_	none	_	_	_	_	_	_
870-3	PSB018	870	3	anche	anche	_	_	_	_	_	linguistic	_	none	_	_	_	_	_	_
870-4	PSB018	870	4	loro	loro	_	_	_	_	_	linguistic	_	none	_	_	_	_	_	_
870-5	PSB018	870	5	paga~	paga~	_	_	_	_	_	linguistic	_	none	Interrupted=Yes	_	_	_	_	_
870-6	PSB018	870	6	hanno	hanno	_	_	_	_	_	linguistic	_	none	_	_	_	_	_	_
870-7	PSB018	870	7	pagato	pagato	_	_	_	_	_	linguistic	_	none	_	End=2924.79	_	_	_	_
871-0	PSB018	871	0	eh	eh	_	_	_	_	_	linguistic	_	none	_	Begin=2925.629	_	_	_	_
871-1	PSB018	871	1	anche:	anche	_	_	_	_	_	linguistic	_	none	_	_	4x1	_	_	_
871-2	PSB018	871	2	l'	l'	_	_	_	_	_	linguistic	_	none	SpaceAfter=No	_	_	_	_	_
871-3	PSB018	871	3	a~	a~	_	_	_	_	_	linguistic	_	none	Interrupted=Yes	_	_	_	_	_
871-4	PSB018	871	4	m:h	mh	_	_	_	_	_	linguistic	_	none	_	_	0x1	_	_	_
871-5	PSB018	871	5	l'	l'	_	_	_	_	_	linguistic	_	none	SpaceAfter=No	_	_	_	_	_
871-6	PSB018	871	6	albergo	albergo	_	_	_	_	_	linguistic	_	none	_	_	_	_	_	_
871-7	PSB018	871	7	per	per	_	_	_	_	_	linguistic	_	none	_	_	_	_	_	_
871-8	PSB018	871	8	noi	noi	_	_	_	_	_	linguistic	_	none	_	_	_	_	_	_
871-9	PSB018	871	9	perché	perché	_	_	_	_	_	linguistic	_	none	_	_	_	_	_	_
871-10	PSB018	871	10	uno	uno	_	_	_	_	_	linguistic	_	none	_	_	_	_	_	_
871-11	PSB018	871	11	due	due	_	_	_	_	_	linguistic	_	none	_	_	_	_	_	_
871-12	PSB018	871	12	notte:	notte	_	_	_	_	_	linguistic	_	none	_	_	4x1	_	_	_
871-13	PSB018	871	13	l'	l'	_	_	_	_	_	linguistic	_	none	SpaceAfter=No	_	_	_	_	_
871-14	PSB018	871	14	appartamento	appartamento	_	_	_	_	_	linguistic	_	none	_	_	_	_	_	_
871-15	PSB018	871	15	non	non	_	_	_	_	_	linguistic	_	none	_	_	_	_	_	_
871-16	PSB018	871	16	c'	c'	_	_	_	_	_	linguistic	_	none	SpaceAfter=No	_	_	_	_	_
871-17	PSB018	871	17	era:	era	_	_	_	_	_	linguistic	_	none	_	_	2x1	_	_	_
871-18	PSB018	871	18	libero	libero	_	_	_	_	_	linguistic	_	none	_	End=2935.178	_	_	_	_
872-0	PSB005	872	0	mhmh	mhmh	_	_	_	_	_	linguistic	_	none	_	Begin=2935.21|End=2935.71	_	_	_	_
873-0	PSB018	873	0	e	e	_	_	_	_	_	linguistic	_	none	_	Begin=2935.855	_	_	_	_
873-1	PSB018	873	1	dopo	dopo	_	_	_	_	_	linguistic	_	none	_	_	_	_	_	_
873-2	PSB018	873	2	tre	tre	_	_	_	_	_	linguistic	_	none	_	_	_	_	_	_
873-3	PSB018	873	3	o	o	_	_	_	_	_	linguistic	_	none	_	_	_	_	_	_
873-4	PSB018	873	4	cinque	cinque	_	_	_	_	_	linguistic	_	none	_	_	_	_	_	_
873-5	PSB018	873	5	notte	notte	_	_	_	_	_	linguistic	_	none	_	_	_	_	_	_
873-6	PSB018	873	6	eh	eh	_	_	_	_	_	linguistic	_	none	_	_	_	_	_	_
873-7	PSB018	873	7	lì:	lì	_	_	_	_	_	linguistic	_	none	_	_	1x1	_	_	_
873-8	PSB018	873	8	in	in	_	_	_	_	_	linguistic	_	none	_	_	_	_	_	_
873-9	PSB018	873	9	appartamento	appartamento	_	_	_	_	_	linguistic	_	none	_	_	_	_	_	_
873-10	PSB018	873	10	della	della	_	_	_	_	_	linguistic	_	none	_	_	_	_	_	_
873-11	PSB018	873	11	studentessa	studentessa	_	_	_	_	_	linguistic	_	none	_	_	_	_	_	_
873-12	PSB018	873	12	da:	da	_	_	_	_	_	linguistic	_	none	_	_	1x1	_	_	_
873-13	PSB018	873	13	e:hm	ehm	_	_	_	_	_	linguistic	_	none	_	_	0x1	_	_	_
873-14	PSB018	873	14	america	america	_	_	_	_	_	linguistic	_	none	_	End=2945.151	_	_	_	_
874-0	PSB018	874	0	e	e	_	_	_	_	_	linguistic	_	none	_	Begin=2945.968	_	_	_	_
874-1	PSB018	874	1	dopo	dopo	_	_	_	_	_	linguistic	_	none	_	_	_	_	_	_
874-2	PSB018	874	2	italiani	italiani	_	_	_	_	_	linguistic	_	none	_	End=2948.468	_	_	_	_
875-0	PSB018	875	0	e:h	eh	_	_	_	_	_	linguistic	_	none	_	Begin=2949.194	0x1	_	_	_
875-1	PSB018	875	1	hanno	hanno	_	_	_	_	_	linguistic	_	none	_	_	_	_	_	_
875-2	PSB018	875	2	trovato	trovato	_	_	_	_	_	linguistic	_	none	_	_	_	_	_	_
875-3	PSB018	875	3	un	un	_	_	_	_	_	linguistic	_	none	_	_	_	_	_	_
875-4	PSB018	875	4	posto	posto	_	_	_	_	_	linguistic	_	none	_	_	_	_	_	_
875-5	PSB018	875	5	per	per	_	_	_	_	_	linguistic	_	none	_	_	_	_	_	_
875-6	PSB018	875	6	noi	noi	_	_	_	_	_	linguistic	_	none	_	End=2953.178	_	_	_	_
876-0	PSB005	876	0	mhmh	mhmh	_	_	_	_	_	linguistic	_	none	_	Begin=2953.178|End=2953.661	_	_	_	_
877-0	PSB018	877	0	ma	ma	_	_	_	_	_	linguistic	_	none	PauseAfter=Yes	Begin=2953.855	_	_	_	_
877-1	PSB018	877	1	(.)	(.)	_	_	_	_	_	shortpause	_	none	_	_	_	_	_	_
877-2	PSB018	877	2	l'	l'	_	_	_	_	_	linguistic	_	none	SpaceAfter=No	_	_	_	_	_
877-3	PSB018	877	3	altra	altra	_	_	_	_	_	linguistic	_	none	_	_	_	_	_	_
877-4	PSB018	877	4	eh	eh	_	_	_	_	_	linguistic	_	none	_	_	_	_	_	_
877-5	PSB018	877	5	situazione	situazione	_	_	_	_	_	linguistic	_	none	_	_	_	_	_	_
877-6	PSB018	877	6	come	come	_	_	_	_	_	linguistic	_	none	_	_	_	_	_	_
877-7	PSB018	877	7	tu	tu	_	_	_	_	_	linguistic	_	none	_	_	_	_	_	_
877-8	PSB018	877	8	questa	questa	_	_	_	_	_	linguistic	_	none	_	_	_	_	_	_
877-9	PSB018	877	9	parola	parola	_	_	_	_	_	linguistic	_	none	_	_	_	_	_	_
877-10	PSB018	877	10	non	non	_	_	_	_	_	linguistic	_	none	_	_	_	_	_	_
877-11	PSB018	877	11	mi	mi	_	_	_	_	_	linguistic	_	none	_	_	_	_	_	_
877-12	PSB018	877	12	ricordo	ricordo	_	_	_	_	_	linguistic	_	none	_	End=2960.161	_	_	_	_
878-0	PSB005	878	0	di~	di~	_	_	_	_	_	linguistic	_	none	Interrupted=Yes	Begin=2960.145	_	_	_	_
878-1	PSB005	878	1	sentire?	sentire	_	_	_	_	_	linguistic	_	none	Intonation=Rising	_	_	_	_	_
878-2	PSB005	878	2	[°no	no	_	_	_	_	_	linguistic	_	none	Volume=low	_	_	_	_	0-2(260)
878-3	PSB005	878	3	okay°]	okay	_	_	_	_	_	linguistic	_	none	Volume=low	End=2962.226	_	_	_	0-4(260)
879-0	PSB018	879	0	[no	no	_	_	_	_	_	linguistic	_	none	_	Begin=2961.161	_	_	_	_
879-1	PSB018	879	1	di	di	_	_	_	_	_	linguistic	_	none	_	_	_	_	_	_
879-2	PSB018	879	2	sentire]	sentire	_	_	_	_	_	linguistic	_	none	_	_	_	_	_	_
879-3	PSB018	879	3	in	in	_	_	_	_	_	linguistic	_	none	_	_	_	_	_	_
879-4	PSB018	879	4	eh	eh	_	_	_	_	_	linguistic	_	none	_	_	_	_	_	_
879-5	PSB018	879	5	nella	nella	_	_	_	_	_	linguistic	_	none	_	_	_	_	_	_
879-6	PSB018	879	6	tua	tua	_	_	_	_	_	linguistic	_	none	_	_	_	_	_	_
879-7	PSB018	879	7	domanda	domanda	_	_	_	_	_	linguistic	_	none	_	_	_	_	_	_
879-8	PSB018	879	8	era	era	_	_	_	_	_	linguistic	_	none	_	_	_	_	_	_
879-9	PSB018	879	9	che	che	_	_	_	_	_	linguistic	_	none	_	_	_	_	_	_
879-10	PSB018	879	10	cosa[:	cosa	_	_	_	_	_	linguistic	_	none	_	End=2965.645	3x1	_	_	_
880-0	PSB005	880	0	[e]ra	era	_	_	_	_	_	linguistic	_	none	_	Begin=2965.452	_	_	_	0-1(261)
880-1	PSB005	880	1	un	un	_	_	_	_	_	linguistic	_	none	_	_	_	_	_	_
880-2	PSB005	880	2	ho	ho	_	_	_	_	_	linguistic	_	none	_	_	_	_	_	_
880-3	PSB005	880	3	detto	detto	_	_	_	_	_	linguistic	_	none	_	_	_	_	_	_
880-4	PSB005	880	4	un	un	_	_	_	_	_	linguistic	_	none	_	_	_	_	_	_
880-5	PSB005	880	5	episodio	episodio	_	_	_	_	_	linguistic	_	none	_	_	_	_	_	_
880-6	PSB005	880	6	for[se	forse	_	_	_	_	_	linguistic	_	none	_	_	_	_	_	3-5(262)
880-7	PSB005	880	7	sì]	sì	_	_	_	_	_	linguistic	_	none	_	End=2968.065	_	_	_	0-2(262)
881-0	PSB018	881	0	[sì	sì	_	_	_	_	_	linguistic	_	none	_	Begin=2967.419	_	_	_	0-2(262)
881-1	PSB018	881	1	epi]sodio	episodio	_	_	_	_	_	linguistic	_	none	PauseAfter=Yes	_	_	_	_	0-3(262)
881-2	PSB018	881	2	(.)	(.)	_	_	_	_	_	shortpause	_	none	_	_	_	_	_	_
881-3	PSB018	881	3	eh	eh	_	_	_	_	_	linguistic	_	none	_	_	_	_	_	_
881-4	PSB018	881	4	e:	e	_	_	_	_	_	linguistic	_	none	_	_	0x1	_	_	_
881-5	PSB018	881	5	descrizione	descrizione	_	_	_	_	_	linguistic	_	none	_	_	_	_	_	_
881-6	PSB018	881	6	di	di	_	_	_	_	_	linguistic	_	none	_	_	_	_	_	_
881-7	PSB018	881	7	quello	quello	_	_	_	_	_	linguistic	_	none	_	_	_	_	_	_
881-8	PSB018	881	8	episodio	episodio	_	_	_	_	_	linguistic	_	none	_	End=2972.038	_	_	_	_
882-0	PSB005	882	0	di	di	_	_	_	_	_	linguistic	_	none	_	Begin=2972.403	_	_	_	_
882-1	PSB005	882	1	racco~	racco~	_	_	_	_	_	linguistic	_	none	Interrupted=Yes	_	_	_	_	_
882-2	PSB005	882	2	raccontare	raccontare	_	_	_	_	_	linguistic	_	none	_	_	_	_	_	_
882-3	PSB005	882	3	ehm	ehm	_	_	_	_	_	linguistic	_	none	_	_	_	_	_	_
882-4	PSB005	882	4	no	no	_	_	_	_	_	linguistic	_	none	_	_	_	_	_	_
882-5	PSB005	882	5	non	non	_	_	_	_	_	linguistic	_	none	_	_	_	_	_	_
882-6	PSB005	882	6	mi	mi	_	_	_	_	_	linguistic	_	none	_	_	_	_	_	_
882-7	PSB005	882	7	rico[rdo]	ricordo	_	_	_	_	_	linguistic	_	none	_	End=2975.532	_	_	_	4-7(263)
883-0	PSB018	883	0	[allor]a	allora	_	_	_	_	_	linguistic	_	none	_	Begin=2975.129	_	_	_	0-5(263)
883-1	PSB018	883	1	non	non	_	_	_	_	_	linguistic	_	none	_	_	_	_	_	_
883-2	PSB018	883	2	[(non	non	_	_	_	_	_	linguistic	_	none	_	_	_	_	0-3(0)	0-3(264)
883-3	PSB018	883	3	è	è	_	_	_	_	_	linguistic	_	none	_	_	_	_	0-1(0)	0-1(264)
883-4	PSB018	883	4	un	un	_	_	_	_	_	linguistic	_	none	_	_	_	_	0-2(0)	0-2(264)
883-5	PSB018	883	5	problema)	problema	_	_	_	_	_	linguistic	_	none	_	_	_	_	0-8(0)	0-8(264)
883-6	PSB018	883	6	l'	l'	_	_	_	_	_	linguistic	_	none	SpaceAfter=No	_	_	_	_	0-2(264)
883-7	PSB018	883	7	altra]	altra	_	_	_	_	_	linguistic	_	none	_	_	_	_	_	0-5(264)
883-8	PSB018	883	8	l'	l'	_	_	_	_	_	linguistic	_	none	SpaceAfter=No	_	_	_	_	_
883-9	PSB018	883	9	altra	altra	_	_	_	_	_	linguistic	_	none	_	_	_	_	_	_
883-10	PSB018	883	10	situazione	situazione	_	_	_	_	_	linguistic	_	none	PauseAfter=Yes	_	_	_	_	_
883-11	PSB018	883	11	(.)	(.)	_	_	_	_	_	shortpause	_	none	_	_	_	_	_	_
883-12	PSB018	883	12	e:h	eh	_	_	_	_	_	linguistic	_	none	_	_	0x1	_	_	_
883-13	PSB018	883	13	vivere	vivere	_	_	_	_	_	linguistic	_	none	_	_	_	_	_	_
883-14	PSB018	883	14	lì	lì	_	_	_	_	_	linguistic	_	none	_	_	_	_	_	_
883-15	PSB018	883	15	in	in	_	_	_	_	_	linguistic	_	none	_	_	_	_	_	_
883-16	PSB018	883	16	ne~	ne~	_	_	_	_	_	linguistic	_	none	Interrupted=Yes	_	_	_	_	_
883-17	PSB018	883	17	nella	nella	_	_	_	_	_	linguistic	_	none	_	_	_	_	_	_
883-18	PSB018	883	18	camera	camera	_	_	_	_	_	linguistic	_	none	_	_	_	_	_	_
883-19	PSB018	883	19	degli	degli	_	_	_	_	_	linguistic	_	none	_	_	_	_	_	_
883-20	PSB018	883	20	stude[nti	studenti	_	_	_	_	_	linguistic	_	none	_	_	_	_	_	3-8(265)
883-21	PSB018	883	21	am]erica:ni	americani	_	_	_	_	_	linguistic	_	none	_	_	6x1	_	_	0-1(265)
883-22	PSB018	883	22	e:hm	ehm	_	_	_	_	_	linguistic	_	none	_	End=2988.516	0x1	_	_	_
884-0	PSB005	884	0	[sì	sì	_	_	_	_	_	linguistic	_	none	_	Begin=2975.968	_	_	_	0-2(264)
884-1	PSB005	884	1	sì	sì	_	_	_	_	_	linguistic	_	none	_	_	_	_	_	0-2(264)
884-2	PSB005	884	2	non	non	_	_	_	_	_	linguistic	_	none	_	_	_	_	_	0-3(264)
884-3	PSB005	884	3	c'	c'	_	_	_	_	_	linguistic	_	none	SpaceAfter=No	_	_	_	_	0-2(264)
884-4	PSB005	884	4	è	è	_	_	_	_	_	linguistic	_	none	_	_	_	_	_	0-1(264)
884-5	PSB005	884	5	problema	problema	_	_	_	_	_	linguistic	_	none	_	_	_	_	_	0-8(264)
884-6	PSB005	884	6	sì]	sì	_	_	_	_	_	linguistic	_	none	_	End=2977.71	_	_	_	0-2(264)
885-0	PSB005	885	0	[mhmh]	mhmh	_	_	_	_	_	linguistic	_	none	_	Begin=2985.694|End=2986.245	_	_	_	0-4(265)
886-0	PSB018	886	0	eh	eh	_	_	_	_	_	linguistic	_	none	_	Begin=2989.161	_	_	_	_
886-1	PSB018	886	1	s~	s~	_	_	_	_	_	linguistic	_	none	Interrupted=Yes	_	_	_	_	_
886-2	PSB018	886	2	era:	era	_	_	_	_	_	linguistic	_	none	_	_	2x1	_	_	_
886-3	PSB018	886	3	molto	molto	_	_	_	_	_	linguistic	_	none	_	_	_	_	_	_
886-4	PSB018	886	4	<preoccupata:>	preoccupata	_	_	_	_	_	linguistic	_	none	_	_	10x1	Slow=0-11(0)	_	_
886-5	PSB018	886	5	della	della	_	_	_	_	_	linguistic	_	none	_	_	_	_	_	_
886-6	PSB018	886	6	mia	mia	_	_	_	_	_	linguistic	_	none	_	_	_	_	_	_
886-7	PSB018	886	7	del~	del~	_	_	_	_	_	linguistic	_	none	Interrupted=Yes	_	_	_	_	_
886-8	PSB018	886	8	del	del	_	_	_	_	_	linguistic	_	none	_	_	_	_	_	_
886-9	PSB018	886	9	futuro	futuro	_	_	_	_	_	linguistic	_	none	_	_	_	_	_	_
886-10	PSB018	886	10	[io	io	_	_	_	_	_	linguistic	_	none	_	_	_	_	_	0-2(266)
886-11	PSB018	886	11	e:]	e	_	_	_	_	_	linguistic	_	none	_	_	0x1	_	_	0-1(266)
886-12	PSB018	886	12	il	il	_	_	_	_	_	linguistic	_	none	_	_	_	_	_	_
886-13	PSB018	886	13	mio	mio	_	_	_	_	_	linguistic	_	none	_	_	_	_	_	_
886-14	PSB018	886	14	bimbo	bimbo	_	_	_	_	_	linguistic	_	none	PauseAfter=Yes	_	_	_	_	_
886-15	PSB018	886	15	(.)	(.)	_	_	_	_	_	shortpause	_	none	_	_	_	_	_	_
886-16	PSB018	886	16	e	e	_	_	_	_	_	linguistic	_	none	_	_	_	_	_	_
886-17	PSB018	886	17	sempre	sempre	_	_	_	_	_	linguistic	_	none	_	_	_	_	_	_
886-18	PSB018	886	18	to~	to~	_	_	_	_	_	linguistic	_	none	Interrupted=Yes	_	_	_	_	_
886-19	PSB018	886	19	ah	ah	_	_	_	_	_	linguistic	_	none	_	_	_	_	_	_
886-20	PSB018	886	20	tornava?	tornava	_	_	_	_	_	linguistic	_	none	Intonation=Rising	End=3001.984	_	_	_	_
887-0	PSB005	887	0	[mhmh]	mhmh	_	_	_	_	_	linguistic	_	none	_	Begin=2996.048|End=2996.613	_	_	_	0-4(266)
888-0	PSB005	888	0	mhmh	mhmh	_	_	_	_	_	linguistic	_	none	_	Begin=3001.984|End=3002.455	_	_	_	_
889-0	PSB018	889	0	e:h	eh	_	_	_	_	_	linguistic	_	none	_	Begin=3002.5	0x1	_	_	_
889-1	PSB018	889	1	del	del	_	_	_	_	_	linguistic	_	none	_	_	_	_	_	_
889-2	PSB018	889	2	luogo	luogo	_	_	_	_	_	linguistic	_	none	_	_	_	_	_	_
889-3	PSB018	889	3	dove:	dove	_	_	_	_	_	linguistic	_	none	_	_	3x1	_	_	_
889-4	PSB018	889	4	ucraini	ucraini	_	_	_	_	_	linguistic	_	none	_	_	_	_	_	_
889-5	PSB018	889	5	ah	ah	_	_	_	_	_	linguistic	_	none	_	_	_	_	_	_
889-6	PSB018	889	6	erano	erano	_	_	_	_	_	linguistic	_	none	_	_	_	_	_	_
889-7	PSB018	889	7	registra[ti]	registrati	_	_	_	_	_	linguistic	_	none	_	End=3007.403	_	_	_	8-10(267)
890-0	PSB005	890	0	[sì]	sì	_	_	_	_	_	linguistic	_	none	_	Begin=3007.21|End=3007.645	_	_	_	0-2(267)
891-0	PSB018	891	0	e	e	_	_	_	_	_	linguistic	_	none	_	Begin=3009.484	_	_	_	_
891-1	PSB018	891	1	ho	ho	_	_	_	_	_	linguistic	_	none	_	_	_	_	_	_
891-2	PSB018	891	2	trovata	trovata	_	_	_	_	_	linguistic	_	none	_	End=3010.661	_	_	_	_
892-0	PSB018	892	0	una	una	_	_	_	_	_	linguistic	_	none	_	Begin=3011.307	_	_	_	_
892-1	PSB018	892	1	persona	persona	_	_	_	_	_	linguistic	_	none	_	_	_	_	_	_
892-2	PSB018	892	2	si	si	_	_	_	_	_	linguistic	_	none	_	_	_	_	_	_
892-3	PSB018	892	3	chiama	chiama	_	_	_	_	_	linguistic	_	none	_	_	_	_	_	_
892-4	PSB018	892	4	@federica	@federica	_	_	_	_	_	anonymized	_	none	_	_	_	_	_	_
892-5	PSB018	892	5	lei	lei	_	_	_	_	_	linguistic	_	none	_	_	_	_	_	_
892-6	PSB018	892	6	non	non	_	_	_	_	_	linguistic	_	none	_	_	_	_	_	_
892-7	PSB018	892	7	è	è	_	_	_	_	_	linguistic	_	none	_	_	_	_	_	_
892-8	PSB018	892	8	una:	una	_	_	_	_	_	linguistic	_	none	_	End=3017.581	2x1	_	_	_
893-0	PSB018	893	0	m:h	mh	_	_	_	_	_	linguistic	_	none	_	Begin=3018.339	0x1	_	_	_
893-1	PSB018	893	1	s~	s~	_	_	_	_	_	linguistic	_	none	Interrupted=Yes	_	_	_	_	_
893-2	PSB018	893	2	e:h	eh	_	_	_	_	_	linguistic	_	none	_	_	0x1	_	_	_
893-3	PSB018	893	3	chi	chi	_	_	_	_	_	linguistic	_	none	_	_	_	_	_	_
893-4	PSB018	893	4	lavora	lavora	_	_	_	_	_	linguistic	_	none	_	_	_	_	_	_
893-5	PSB018	893	5	lì	lì	_	_	_	_	_	linguistic	_	none	_	End=3021.984	_	_	_	_
894-0	PSB005	894	0	mhmh	mhmh	_	_	_	_	_	linguistic	_	none	_	Begin=3022.145|End=3022.548	_	_	_	_
895-0	PSB018	895	0	[e:h	eh	_	_	_	_	_	linguistic	_	none	_	Begin=3022.919	0x1	_	_	0-2(268)
895-1	PSB018	895	1	ah]	ah	_	_	_	_	_	linguistic	_	none	_	_	_	_	_	0-2(268)
895-2	PSB018	895	2	ma	ma	_	_	_	_	_	linguistic	_	none	_	_	_	_	_	_
895-3	PSB018	895	3	m:h	mh	_	_	_	_	_	linguistic	_	none	_	_	0x1	_	_	_
895-4	PSB018	895	4	gratis	gratis	_	_	_	_	_	linguistic	_	none	_	_	_	_	_	_
895-5	PSB018	895	5	[eh	eh	_	_	_	_	_	linguistic	_	none	_	_	_	_	_	0-2(269)
895-6	PSB018	895	6	volo]ntaria	volontaria	_	_	_	_	_	linguistic	_	none	_	_	_	_	_	0-4(269)
895-7	PSB018	895	7	sì	sì	_	_	_	_	_	linguistic	_	none	_	_	_	_	_	_
895-8	PSB018	895	8	sì	sì	_	_	_	_	_	linguistic	_	none	_	_	_	_	_	_
895-9	PSB018	895	9	sì	sì	_	_	_	_	_	linguistic	_	none	_	_	_	_	_	_
895-10	PSB018	895	10	lei	lei	_	_	_	_	_	linguistic	_	none	_	_	_	_	_	_
895-11	PSB018	895	11	era	era	_	_	_	_	_	linguistic	_	none	_	_	_	_	_	_
895-12	PSB018	895	12	una	una	_	_	_	_	_	linguistic	_	none	_	_	_	_	_	_
895-13	PSB018	895	13	volon~	volon~	_	_	_	_	_	linguistic	_	none	Interrupted=Yes	_	_	_	_	_
895-14	PSB018	895	14	volontaria	volontaria	_	_	_	_	_	linguistic	_	none	_	End=3030.194	_	_	_	_
896-0	PSB005	896	0	[okay	okay	_	_	_	_	_	linguistic	_	none	_	Begin=3022.936	_	_	_	0-4(268)
896-1	PSB005	896	1	sì]	sì	_	_	_	_	_	linguistic	_	none	_	End=3023.673	_	_	_	0-2(268)
897-0	PSB005	897	0	[volontaria]	volontaria	_	_	_	_	_	linguistic	_	none	_	Begin=3026.274|End=3027.093	_	_	_	0-10(269)
898-0	PSB018	898	0	e	e	_	_	_	_	_	linguistic	_	none	_	Begin=3030.758	_	_	_	_
898-1	PSB018	898	1	quando	quando	_	_	_	_	_	linguistic	_	none	_	_	_	_	_	_
898-2	PSB018	898	2	lei	lei	_	_	_	_	_	linguistic	_	none	_	End=3031.823	_	_	_	_
899-0	PSB018	899	0	mh	mh	_	_	_	_	_	linguistic	_	none	PauseAfter=Yes	Begin=3032.629	_	_	_	_
899-1	PSB018	899	1	(.)	(.)	_	_	_	_	_	shortpause	_	none	_	_	_	_	_	_
899-2	PSB018	899	2	ha	ha	_	_	_	_	_	linguistic	_	none	_	End=3034.618	_	_	_	_
900-0	PSB018	900	0	ehm	ehm	_	_	_	_	_	linguistic	_	none	_	Begin=3036.113	_	_	_	_
900-1	PSB018	900	1	eh	eh	_	_	_	_	_	linguistic	_	none	_	End=3037.387	_	_	_	_
901-0	PSB018	901	0	saw	saw	_	_	_	_	_	linguistic	_	all	Language=NO_ISO_CODE|Variation=Token	Begin=3038.645	_	_	_	_
901-1	PSB018	901	1	(.)	(.)	_	_	_	_	_	linguistic	_	all	Language=NO_ISO_CODE|Variation=Token	_	_	_	_	_
901-2	PSB018	901	2	pass	pass	_	_	_	_	_	linguistic	_	all	Language=NO_ISO_CODE|Variation=Token	End=3040.203	_	_	_	_
903-0	PSB005	903	0	visto	visto	_	_	_	_	_	linguistic	_	none	_	Begin=3040.613|End=3041.274	_	_	_	_
904-0	PSB018	904	0	visto	visto	_	_	_	_	_	linguistic	_	none	_	Begin=3041.307	_	_	_	_
904-1	PSB018	904	1	s~	s~	_	_	_	_	_	linguistic	_	none	Interrupted=Yes	_	_	_	_	_
904-2	PSB018	904	2	sì	sì	_	_	_	_	_	linguistic	_	none	_	_	_	_	_	_
904-3	PSB018	904	3	sì	sì	_	_	_	_	_	linguistic	_	none	_	_	_	_	_	_
904-4	PSB018	904	4	visto	visto	_	_	_	_	_	linguistic	_	none	_	End=3043.161	_	_	_	_
905-0	PSB018	905	0	lei	lei	_	_	_	_	_	linguistic	_	none	_	Begin=3044.048	_	_	_	_
905-1	PSB018	905	1	mi	mi	_	_	_	_	_	linguistic	_	none	_	_	_	_	_	_
905-2	PSB018	905	2	ha	ha	_	_	_	_	_	linguistic	_	none	_	_	_	_	_	_
905-3	PSB018	905	3	chiesto	chiesto	_	_	_	_	_	linguistic	_	none	_	_	_	_	_	_
905-4	PSB018	905	4	se	se	_	_	_	_	_	linguistic	_	none	_	_	_	_	_	_
905-5	PSB018	905	5	noi	noi	_	_	_	_	_	linguistic	_	none	_	_	_	_	_	_
905-6	PSB018	905	6	abbiamo	abbiamo	_	_	_	_	_	linguistic	_	none	_	_	_	_	_	_
905-7	PSB018	905	7	un	un	_	_	_	_	_	linguistic	_	none	_	_	_	_	_	_
905-8	PSB018	905	8	luogo	luogo	_	_	_	_	_	linguistic	_	none	_	_	_	_	_	_
905-9	PSB018	905	9	per	per	_	_	_	_	_	linguistic	_	none	_	_	_	_	_	_
905-10	PSB018	905	10	vivere	vivere	_	_	_	_	_	linguistic	_	none	_	End=3048.29	_	_	_	_
906-0	PSB018	906	0	no	no	_	_	_	_	_	linguistic	_	none	_	Begin=3049.0	_	_	_	_
906-1	PSB018	906	1	stiamo:	stiamo	_	_	_	_	_	linguistic	_	none	_	_	5x1	_	_	_
906-2	PSB018	906	2	aspettando	aspettando	_	_	_	_	_	linguistic	_	none	_	_	_	_	_	_
906-3	PSB018	906	3	quando	quando	_	_	_	_	_	linguistic	_	none	_	_	_	_	_	_
906-4	PSB018	906	4	il	il	_	_	_	_	_	linguistic	_	none	_	_	_	_	_	_
906-5	PSB018	906	5	st~	st~	_	_	_	_	_	linguistic	_	none	Interrupted=Yes	_	_	_	_	_
906-6	PSB018	906	6	e:h	eh	_	_	_	_	_	linguistic	_	none	_	_	0x1	_	_	_
906-7	PSB018	906	7	il	il	_	_	_	_	_	linguistic	_	none	_	_	_	_	_	_
906-8	PSB018	906	8	stato	stato	_	_	_	_	_	linguistic	_	none	_	_	_	_	_	_
906-9	PSB018	906	9	[xx]	xx	_	_	_	_	_	unknown	_	none	Syllables=2	_	_	_	_	0-2(270)
906-10	PSB018	906	10	i	i	_	_	_	_	_	linguistic	_	none	_	_	_	_	_	_
906-11	PSB018	906	11	eh	eh	_	_	_	_	_	linguistic	_	none	_	_	_	_	_	_
906-12	PSB018	906	12	quella	quella	_	_	_	_	_	linguistic	_	none	_	_	_	_	_	_
906-13	PSB018	906	13	organizzazione	organizzazione	_	_	_	_	_	linguistic	_	none	_	_	_	_	_	_
906-14	PSB018	906	14	e:h	eh	_	_	_	_	_	linguistic	_	none	PauseAfter=Yes	_	0x1	_	_	_
906-15	PSB018	906	15	(.)	(.)	_	_	_	_	_	shortpause	_	none	_	_	_	_	_	_
906-16	PSB018	906	16	troverà	troverà	_	_	_	_	_	linguistic	_	none	_	_	_	_	_	_
906-17	PSB018	906	17	qualcosa	qualcosa	_	_	_	_	_	linguistic	_	none	_	_	_	_	_	_
906-18	PSB018	906	18	per	per	_	_	_	_	_	linguistic	_	none	_	_	_	_	_	_
906-19	PSB018	906	19	noi	noi	_	_	_	_	_	linguistic	_	none	_	End=3060.739	_	_	_	_
907-0	PSB005	907	0	[mhmh]	mhmh	_	_	_	_	_	linguistic	_	none	_	Begin=3054.097|End=3054.661	_	_	_	0-4(270)
908-0	PSB018	908	0	e:h	eh	_	_	_	_	_	linguistic	_	none	_	Begin=3061.29	0x1	_	_	_
908-1	PSB018	908	1	io	io	_	_	_	_	_	linguistic	_	none	_	_	_	_	_	_
908-2	PSB018	908	2	ho	ho	_	_	_	_	_	linguistic	_	none	_	_	_	_	_	_
908-3	PSB018	908	3	una	una	_	_	_	_	_	linguistic	_	none	_	_	_	_	_	_
908-4	PSB018	908	4	lei	lei	_	_	_	_	_	linguistic	_	none	_	_	_	_	_	_
908-5	PSB018	908	5	mi	mi	_	_	_	_	_	linguistic	_	none	_	_	_	_	_	_
908-6	PSB018	908	6	ha	ha	_	_	_	_	_	linguistic	_	none	_	_	_	_	_	_
908-7	PSB018	908	7	detto	detto	_	_	_	_	_	linguistic	_	none	_	_	_	_	_	_
908-8	PSB018	908	8	ho:	ho	_	_	_	_	_	linguistic	_	none	_	_	1x1	_	_	_
908-9	PSB018	908	9	un'	un'	_	_	_	_	_	linguistic	_	none	SpaceAfter=No	_	_	_	_	_
908-10	PSB018	908	10	amica	amica	_	_	_	_	_	linguistic	_	none	_	End=3066.065	_	_	_	_
909-0	PSB018	909	0	e:h	eh	_	_	_	_	_	linguistic	_	none	_	Begin=3066.661	0x1	_	_	_
909-1	PSB018	909	1	con	con	_	_	_	_	_	linguistic	_	none	_	_	_	_	_	_
909-2	PSB018	909	2	una	una	_	_	_	_	_	linguistic	_	none	_	_	_	_	_	_
909-3	PSB018	909	3	pren~	pren~	_	_	_	_	_	linguistic	_	none	Interrupted=Yes	_	_	_	_	_
909-4	PSB018	909	4	un	un	_	_	_	_	_	linguistic	_	none	_	_	_	_	_	_
909-5	PSB018	909	5	appartamento	appartamento	_	_	_	_	_	linguistic	_	none	_	_	_	_	_	_
909-6	PSB018	909	6	grande	grande	_	_	_	_	_	linguistic	_	none	_	End=3071.032	_	_	_	_
910-0	PSB005	910	0	mhmh	mhmh	_	_	_	_	_	linguistic	_	none	_	Begin=3071.065|End=3071.589	_	_	_	_
911-0	PSB018	911	0	e	e	_	_	_	_	_	linguistic	_	none	_	Begin=3072.161	_	_	_	_
911-1	PSB018	911	1	lei	lei	_	_	_	_	_	linguistic	_	none	_	_	_	_	_	_
911-2	PSB018	911	2	eh	eh	_	_	_	_	_	linguistic	_	none	_	_	_	_	_	_
911-3	PSB018	911	3	preferisce	preferisce	_	_	_	_	_	linguistic	_	none	_	_	_	_	_	_
911-4	PSB018	911	4	aiutare	aiutare	_	_	_	_	_	linguistic	_	none	_	_	_	_	_	_
911-5	PSB018	911	5	qualche	qualche	_	_	_	_	_	linguistic	_	none	_	_	_	_	_	_
911-6	PSB018	911	6	[famiglie]	famiglie	_	_	_	_	_	linguistic	_	none	_	_	_	_	_	0-8(271)
911-7	PSB018	911	7	ucraina	ucraina	_	_	_	_	_	linguistic	_	none	_	End=3077.581	_	_	_	_
912-0	PSB005	912	0	[beh	beh	_	_	_	_	_	linguistic	_	none	_	Begin=3076.145	_	_	_	0-3(271)
912-1	PSB005	912	1	sì]	sì	_	_	_	_	_	linguistic	_	none	_	End=3076.713	_	_	_	0-2(271)
913-0	PSB005	913	0	mhmh	mhmh	_	_	_	_	_	linguistic	_	none	_	Begin=3077.581|End=3077.968	_	_	_	_
914-0	PSB018	914	0	e:	e	_	_	_	_	_	linguistic	_	none	_	Begin=3078.048	0x1	_	_	_
914-1	PSB018	914	1	mh	mh	_	_	_	_	_	linguistic	_	none	_	End=3079.145	_	_	_	_
915-0	PSB018	915	0	tu:	tu	_	_	_	_	_	linguistic	_	none	PauseAfter=Yes	Begin=3080.387	1x1	_	_	_
915-1	PSB018	915	1	(.)	(.)	_	_	_	_	_	shortpause	_	none	_	_	_	_	_	_
915-2	PSB018	915	2	voglia?	voglia	_	_	_	_	_	linguistic	_	none	Intonation=Rising	End=3082.936	_	_	_	_
916-0	PSB005	916	0	mhmh	mhmh	_	_	_	_	_	linguistic	_	none	_	Begin=3083.065|End=3083.573	_	_	_	_
917-0	PSB018	917	0	eh	eh	_	_	_	_	_	linguistic	_	none	_	Begin=3083.871	_	_	_	_
917-1	PSB018	917	1	andare	andare	_	_	_	_	_	linguistic	_	none	_	_	_	_	_	_
917-2	PSB018	917	2	lì	lì	_	_	_	_	_	linguistic	_	none	_	End=3085.516	_	_	_	_
918-0	PSB018	918	0	eh	eh	_	_	_	_	_	linguistic	_	none	_	Begin=3086.258	_	_	_	_
918-1	PSB018	918	1	sì	sì	_	_	_	_	_	linguistic	_	none	_	_	_	_	_	_
918-2	PSB018	918	2	[se	se	_	_	_	_	_	linguistic	_	none	_	_	_	_	_	0-2(272)
918-3	PSB018	918	3	è	è	_	_	_	_	_	linguistic	_	none	_	_	_	_	_	0-1(272)
918-4	PSB018	918	4	possibile]	possibile	_	_	_	_	_	linguistic	_	none	_	End=3088.323	_	_	_	0-9(272)
919-0	PSB005	919	0	[eh	eh	_	_	_	_	_	linguistic	_	none	_	Begin=3086.887	_	_	_	0-2(272)
919-1	PSB005	919	1	beh	beh	_	_	_	_	_	linguistic	_	none	_	_	_	_	_	0-3(272)
919-2	PSB005	919	2	eh	eh	_	_	_	_	_	linguistic	_	none	_	_	_	_	_	0-2(272)
919-3	PSB005	919	3	cert]o	certo	_	_	_	_	_	linguistic	_	none	_	End=3088.629	_	_	_	0-4(272)
920-0	PSB018	920	0	e:	e	_	_	_	_	_	linguistic	_	none	_	Begin=3089.371	0x1	_	_	_
920-1	PSB018	920	1	l~	l~	_	_	_	_	_	linguistic	_	none	Interrupted=Yes	_	_	_	_	_
920-2	PSB018	920	2	lei	lei	_	_	_	_	_	linguistic	_	none	_	_	_	_	_	_
920-3	PSB018	920	3	ha:	ha	_	_	_	_	_	linguistic	_	none	_	_	1x1	_	_	_
920-4	PSB018	920	4	ha	ha	_	_	_	_	_	linguistic	_	none	_	_	_	_	_	_
920-5	PSB018	920	5	organizzato	organizzato	_	_	_	_	_	linguistic	_	none	_	_	_	_	_	_
920-6	PSB018	920	6	tutto	tutto	_	_	_	_	_	linguistic	_	none	_	_	_	_	_	_
920-7	PSB018	920	7	con	con	_	_	_	_	_	linguistic	_	none	_	_	_	_	_	_
920-8	PSB018	920	8	il	il	_	_	_	_	_	linguistic	_	none	_	_	_	_	_	_
920-9	PSB018	920	9	la	la	_	_	_	_	_	linguistic	_	none	_	_	_	_	_	_
920-10	PSB018	920	10	struttur[a	struttura	_	_	_	_	_	linguistic	_	none	_	_	_	_	_	8-9(273)
920-11	PSB018	920	11	sta]tale	statale	_	_	_	_	_	linguistic	_	none	_	End=3096.242	_	_	_	0-3(273)
921-0	PSB005	921	0	[mh	mh	_	_	_	_	_	linguistic	_	none	_	Begin=3095.242	_	_	_	0-2(273)
921-1	PSB005	921	1	o]kay	okay	_	_	_	_	_	linguistic	_	none	_	End=3096.726	_	_	_	0-1(273)
922-0	PSB018	922	0	perché	perché	_	_	_	_	_	linguistic	_	none	_	Begin=3096.984	_	_	_	_
922-1	PSB018	922	1	con	con	_	_	_	_	_	linguistic	_	none	_	_	_	_	_	_
922-2	PSB018	922	2	il	il	_	_	_	_	_	linguistic	_	none	_	_	_	_	_	_
922-3	PSB018	922	3	bimbo	bimbo	_	_	_	_	_	linguistic	_	none	_	_	_	_	_	_
922-4	PSB018	922	4	andare:	andare	_	_	_	_	_	linguistic	_	none	_	_	5x1	_	_	_
922-5	PSB018	922	5	[in	in	_	_	_	_	_	linguistic	_	none	_	_	_	_	_	0-2(274)
922-6	PSB018	922	6	x]x	xx	_	_	_	_	_	unknown	_	none	Syllables=2	_	_	_	_	0-1(274)
922-7	PSB018	922	7	per	per	_	_	_	_	_	linguistic	_	none	_	_	_	_	_	_
922-8	PSB018	922	8	me	me	_	_	_	_	_	linguistic	_	none	_	_	_	_	_	_
922-9	PSB018	922	9	[era	era	_	_	_	_	_	linguistic	_	none	_	_	_	_	_	0-3(275)
922-10	PSB018	922	10	un	un	_	_	_	_	_	linguistic	_	none	_	_	_	_	_	0-2(275)
922-11	PSB018	922	11	po']	po'	_	_	_	_	_	linguistic	_	none	_	_	_	_	_	0-3(275)
922-12	PSB018	922	12	più	più	_	_	_	_	_	linguistic	_	none	_	_	_	_	_	_
922-13	PSB018	922	13	faticos[o]	faticoso	_	_	_	_	_	linguistic	_	none	_	End=3103.5	_	_	_	7-8(276)
923-0	PSB005	923	0	[certo	certo	_	_	_	_	_	linguistic	_	none	_	Begin=3099.339	_	_	_	0-5(274)
923-1	PSB005	923	1	sì]	sì	_	_	_	_	_	linguistic	_	none	_	End=3100.455	_	_	_	0-2(274)
924-0	PSB005	924	0	[no	no	_	_	_	_	_	linguistic	_	none	_	Begin=3101.419	_	_	_	0-2(275)
924-1	PSB005	924	1	no]	no	_	_	_	_	_	linguistic	_	none	_	End=3102.12	_	_	_	0-2(275)
925-0	PSB005	925	0	[eh]	eh	_	_	_	_	_	linguistic	_	none	_	Begin=3103.323	_	_	_	0-2(276)
925-1	PSB005	925	1	certo	certo	_	_	_	_	_	linguistic	_	none	_	_	_	_	_	_
925-2	PSB005	925	2	[sì	sì	_	_	_	_	_	linguistic	_	none	_	_	_	_	_	0-2(277)
925-3	PSB005	925	3	s]ì	sì	_	_	_	_	_	linguistic	_	none	_	End=3104.527	_	_	_	0-1(277)
926-0	PSB018	926	0	[allora]	allora	_	_	_	_	_	linguistic	_	none	_	Begin=3103.903|End=3104.451	_	_	_	0-6(277)
927-0	PSB018	927	0	eh	eh	_	_	_	_	_	linguistic	_	none	_	Begin=3104.855	_	_	_	_
927-1	PSB018	927	1	ma:	ma	_	_	_	_	_	linguistic	_	none	_	_	1x1	_	_	_
927-2	PSB018	927	2	le	le	_	_	_	_	_	linguistic	_	none	_	_	_	_	_	_
927-3	PSB018	927	3	persone	persone	_	_	_	_	_	linguistic	_	none	_	_	_	_	_	_
927-4	PSB018	927	4	della	della	_	_	_	_	_	linguistic	_	none	_	_	_	_	_	_
927-5	PSB018	927	5	struttura	struttura	_	_	_	_	_	linguistic	_	none	_	_	_	_	_	_
927-6	PSB018	927	6	s~	s~	_	_	_	_	_	linguistic	_	none	Interrupted=Yes	_	_	_	_	_
927-7	PSB018	927	7	a:h	ah	_	_	_	_	_	linguistic	_	none	_	_	0x1	_	_	_
927-8	PSB018	927	8	mi	mi	_	_	_	_	_	linguistic	_	none	_	_	_	_	_	_
927-9	PSB018	927	9	ha	ha	_	_	_	_	_	linguistic	_	none	_	_	_	_	_	_
927-10	PSB018	927	10	hanno	hanno	_	_	_	_	_	linguistic	_	none	_	_	_	_	_	_
927-11	PSB018	927	11	detto	detto	_	_	_	_	_	linguistic	_	none	_	_	_	_	_	_
927-12	PSB018	927	12	se	se	_	_	_	_	_	linguistic	_	none	_	_	_	_	_	_
927-13	PSB018	927	13	lei	lei	_	_	_	_	_	linguistic	_	none	_	_	_	_	_	_
927-14	PSB018	927	14	è	è	_	_	_	_	_	linguistic	_	none	_	_	_	_	_	_
927-15	PSB018	927	15	un	un	_	_	_	_	_	linguistic	_	none	_	_	_	_	_	_
927-16	PSB018	927	16	volontario	volontario	_	_	_	_	_	linguistic	_	none	_	_	_	_	_	_
927-17	PSB018	927	17	chi	chi	_	_	_	_	_	linguistic	_	none	_	_	_	_	_	_
927-18	PSB018	927	18	lavora	lavora	_	_	_	_	_	linguistic	_	none	_	_	_	_	_	_
927-19	PSB018	927	19	con	con	_	_	_	_	_	linguistic	_	none	_	_	_	_	_	_
927-20	PSB018	927	20	loro	loro	_	_	_	_	_	linguistic	_	none	_	_	_	_	_	_
927-21	PSB018	927	21	[chi	chi	_	_	_	_	_	linguistic	_	none	_	_	_	_	_	0-3(278)
927-22	PSB018	927	22	a]iutano	aiutano	_	_	_	_	_	linguistic	_	none	_	_	_	_	_	0-1(278)
927-23	PSB018	927	23	loro	loro	_	_	_	_	_	linguistic	_	none	_	_	_	_	_	_
927-24	PSB018	927	24	perché	perché	_	_	_	_	_	linguistic	_	none	_	_	_	_	_	_
927-25	PSB018	927	25	qua~	qua~	_	_	_	_	_	linguistic	_	none	Interrupted=Yes	_	_	_	_	_
927-26	PSB018	927	26	qu~	qu~	_	_	_	_	_	linguistic	_	none	Interrupted=Yes	_	_	_	_	_
927-27	PSB018	927	27	persone	persone	_	_	_	_	_	linguistic	_	none	_	_	_	_	_	_
927-28	PSB018	927	28	come	come	_	_	_	_	_	linguistic	_	none	_	_	_	_	_	_
927-29	PSB018	927	29	@federica	@federica	_	_	_	_	_	anonymized	_	none	_	_	_	_	_	_
927-30	PSB018	927	30	aiutano	aiutano	_	_	_	_	_	linguistic	_	none	_	_	_	_	_	_
927-31	PSB018	927	31	tanto	tanto	_	_	_	_	_	linguistic	_	none	_	_	_	_	_	_
927-32	PSB018	927	32	per	per	_	_	_	_	_	linguistic	_	none	_	_	_	_	_	_
927-33	PSB018	927	33	m:h	mh	_	_	_	_	_	linguistic	_	none	_	_	0x1	_	_	_
927-34	PSB018	927	34	per	per	_	_	_	_	_	linguistic	_	none	_	End=3124.178	_	_	_	_
928-0	PSB005	928	0	[°mhmh°]	mhmh	_	_	_	_	_	linguistic	_	none	Volume=low	Begin=3113.178|End=3113.742	_	_	_	0-4(278)
929-0	PSB018	929	0	fare	fare	_	_	_	_	_	linguistic	_	none	_	Begin=3125.79	_	_	_	_
929-1	PSB018	929	1	la	la	_	_	_	_	_	linguistic	_	none	_	_	_	_	_	_
929-2	PSB018	929	2	situazione	situazione	_	_	_	_	_	linguistic	_	none	_	_	_	_	_	_
929-3	PSB018	929	3	un	un	_	_	_	_	_	linguistic	_	none	_	_	_	_	_	_
929-4	PSB018	929	4	po'	po'	_	_	_	_	_	linguistic	_	none	_	_	_	_	_	_
929-5	PSB018	929	5	più:	più	_	_	_	_	_	linguistic	_	none	_	_	2x1	_	_	_
929-6	PSB018	929	6	legg~	legg~	_	_	_	_	_	linguistic	_	none	Interrupted=Yes	End=3129.468	_	_	_	_
930-0	PSB005	930	0	leggera	leggera	_	_	_	_	_	linguistic	_	none	_	Begin=3129.694|End=3130.268	_	_	_	_
931-0	PSB018	931	0	legger[a	leggera	_	_	_	_	_	linguistic	_	none	_	Begin=3130.32	_	_	_	6-7(279)
931-1	PSB018	931	1	sì	sì	_	_	_	_	_	linguistic	_	none	_	_	_	_	_	0-2(279)
931-2	PSB018	931	2	sì]	sì	_	_	_	_	_	linguistic	_	none	_	End=3131.5	_	_	_	0-2(279)
932-0	PSB005	932	0	[°leggera	leggera	_	_	_	_	_	linguistic	_	none	Volume=low	Begin=3130.79	_	_	_	0-7(279)
932-1	PSB005	932	1	sì]	sì	_	_	_	_	_	linguistic	_	none	Volume=low	_	_	_	_	0-2(279)
932-2	PSB005	932	2	sì°	sì	_	_	_	_	_	linguistic	_	none	Volume=low	End=3131.661	_	_	_	_
933-0	PSB018	933	0	e:	e	_	_	_	_	_	linguistic	_	none	_	Begin=3132.032	0x1	_	_	_
933-1	PSB018	933	1	quella	quella	_	_	_	_	_	linguistic	_	none	_	_	_	_	_	_
933-2	PSB018	933	2	era	era	_	_	_	_	_	linguistic	_	none	_	_	_	_	_	_
933-3	PSB018	933	3	inizi~	inizi~	_	_	_	_	_	linguistic	_	none	Interrupted=Yes	_	_	_	_	_
933-4	PSB018	933	4	eh	eh	_	_	_	_	_	linguistic	_	none	_	_	_	_	_	_
933-5	PSB018	933	5	eh	eh	_	_	_	_	_	linguistic	_	none	_	_	_	_	_	_
933-6	PSB018	933	6	il	il	_	_	_	_	_	linguistic	_	none	_	_	_	_	_	_
933-7	PSB018	933	7	de~	de~	_	_	_	_	_	linguistic	_	none	Interrupted=Yes	_	_	_	_	_
933-8	PSB018	933	8	un	un	_	_	_	_	_	linguistic	_	none	_	_	_	_	_	_
933-9	PSB018	933	9	inzio	inzio	_	_	_	_	_	linguistic	_	none	_	_	_	_	_	_
933-10	PSB018	933	10	per	per	_	_	_	_	_	linguistic	_	none	_	_	_	_	_	_
933-11	PSB018	933	11	noi	noi	_	_	_	_	_	linguistic	_	none	_	_	_	_	_	_
933-12	PSB018	933	12	e:h	eh	_	_	_	_	_	linguistic	_	none	_	End=3138.081	0x1	_	_	_
934-0	PSB018	934	0	m:eraviglioso	meraviglioso	_	_	_	_	_	linguistic	_	none	_	Begin=3138.661	0x1	_	_	_
934-1	PSB018	934	1	perché	perché	_	_	_	_	_	linguistic	_	none	PauseAfter=Yes	_	_	_	_	_
934-2	PSB018	934	2	(.)	(.)	_	_	_	_	_	shortpause	_	none	_	_	_	_	_	_
934-3	PSB018	934	3	un	un	_	_	_	_	_	linguistic	_	none	_	_	_	_	_	_
934-4	PSB018	934	4	appartamento	appartamento	_	_	_	_	_	linguistic	_	none	_	_	_	_	_	_
934-5	PSB018	934	5	nel	nel	_	_	_	_	_	linguistic	_	none	_	_	_	_	_	_
934-6	PSB018	934	6	cuore	cuore	_	_	_	_	_	linguistic	_	none	_	_	_	_	_	_
934-7	PSB018	934	7	del:	del	_	_	_	_	_	linguistic	_	none	_	_	2x1	_	_	_
934-8	PSB018	934	8	bolo[gna]	bologna	_	_	_	_	_	linguistic	_	none	_	_	_	_	_	4-7(282)
934-9	PSB018	934	9	eh	eh	_	_	_	_	_	linguistic	_	none	_	_	_	_	_	_
934-10	PSB018	934	10	in	in	_	_	_	_	_	linguistic	_	none	_	_	_	_	_	_
934-11	PSB018	934	11	santo	santo	_	_	_	_	_	linguistic	_	none	_	_	_	_	_	_
934-12	PSB018	934	12	st[efano	stefano	_	_	_	_	_	linguistic	_	none	_	_	_	_	_	2-7(280)
934-13	PSB018	934	13	vicin]o	vicino	_	_	_	_	_	linguistic	_	none	_	_	_	_	_	0-5(280)
934-14	PSB018	934	14	a:	a	_	_	_	_	_	linguistic	_	none	_	_	0x1	_	_	_
934-15	PSB018	934	15	[@nomescuola]	@nomescuola	_	_	_	_	_	anonymized	_	none	_	End=3152.758	_	_	_	0-11(281)
935-0	PSB005	935	0	[°mhmh°]	mhmh	_	_	_	_	_	linguistic	_	none	Volume=low	Begin=3147.161|End=3147.813	_	_	_	0-4(282)
936-0	PSB005	936	0	[eh	eh	_	_	_	_	_	linguistic	_	none	_	Begin=3149.548	_	_	_	0-2(280)
936-1	PSB005	936	1	sì	sì	_	_	_	_	_	linguistic	_	none	_	_	_	_	_	0-2(280)
936-2	PSB005	936	2	mhmh	mhmh	_	_	_	_	_	linguistic	_	none	_	_	_	_	_	0-4(280)
936-3	PSB005	936	3	°beh	beh	_	_	_	_	_	linguistic	_	none	Volume=low	_	_	_	_	0-3(280)
936-4	PSB005	936	4	s~°]	s~	_	_	_	_	_	linguistic	_	none	Interrupted=Yes|Volume=low	End=3150.79	_	_	_	0-2(280)
937-0	PSB005	937	0	[°lo	lo	_	_	_	_	_	linguistic	_	none	Volume=low	Begin=3151.613	_	_	_	0-2(281)
937-1	PSB005	937	1	so°	so	_	_	_	_	_	linguistic	_	none	Volume=low	_	_	_	_	0-2(281)
937-2	PSB005	937	2	mhmh	mhmh	_	_	_	_	_	linguistic	_	none	_	_	_	_	_	0-4(281)
937-3	PSB005	937	3	c]erto	certo	_	_	_	_	_	linguistic	_	none	_	End=3153.178	_	_	_	0-1(281)
938-0	PSB018	938	0	@nomescuola	@nomescuola	_	_	_	_	_	anonymized	_	none	_	Begin=3153.194	_	_	_	_
938-1	PSB018	938	1	e	e	_	_	_	_	_	linguistic	_	none	_	_	_	_	_	_
938-2	PSB018	938	2	tutto	tutto	_	_	_	_	_	linguistic	_	none	_	_	_	_	_	_
938-3	PSB018	938	3	era	era	_	_	_	_	_	linguistic	_	none	_	_	_	_	_	_
938-4	PSB018	938	4	organizzano	organizzano	_	_	_	_	_	linguistic	_	none	_	_	_	_	_	_
938-5	PSB018	938	5	con	con	_	_	_	_	_	linguistic	_	none	_	_	_	_	_	_
938-6	PSB018	938	6	questa	questa	_	_	_	_	_	linguistic	_	none	_	_	_	_	_	_
938-7	PSB018	938	7	@federica	@federica	_	_	_	_	_	anonymized	_	none	_	_	_	_	_	_
938-8	PSB018	938	8	<e	e	_	_	_	_	_	linguistic	_	none	_	_	_	Slow=0-1(0)	_	_
938-9	PSB018	938	9	le	le	_	_	_	_	_	linguistic	_	none	_	_	_	Slow=0-2(0)	_	_
938-10	PSB018	938	10	sue>	sue	_	_	_	_	_	linguistic	_	none	_	_	_	Slow=0-3(0)	_	_
938-11	PSB018	938	11	amiche	amiche	_	_	_	_	_	linguistic	_	none	_	End=3159.855	_	_	_	_
939-0	PSB005	939	0	mhmh	mhmh	_	_	_	_	_	linguistic	_	none	_	Begin=3159.903|End=3160.415	_	_	_	_
940-0	PSB018	940	0	<amiche>	amiche	_	_	_	_	_	linguistic	_	none	_	Begin=3160.468	_	Slow=0-6(0)	_	_
940-1	PSB018	940	1	[perch]é	perché	_	_	_	_	_	linguistic	_	none	_	_	_	_	_	0-5(283)
940-2	PSB018	940	2	e	e	_	_	_	_	_	linguistic	_	none	_	_	_	_	_	_
940-3	PSB018	940	3	le:	le	_	_	_	_	_	linguistic	_	none	_	_	1x1	_	_	_
940-4	PSB018	940	4	m:h	mh	_	_	_	_	_	linguistic	_	none	_	_	0x1	_	_	_
940-5	PSB018	940	5	e:h	eh	_	_	_	_	_	linguistic	_	none	_	End=3165.242	0x1	_	_	_
941-0	PSB005	941	0	[mhmh]	mhmh	_	_	_	_	_	linguistic	_	none	_	Begin=3161.484|End=3161.958	_	_	_	0-4(283)
942-0	PSB018	942	0	lei	lei	_	_	_	_	_	linguistic	_	none	_	Begin=3166.726	_	_	_	_
942-1	PSB018	942	1	è	è	_	_	_	_	_	linguistic	_	none	_	_	_	_	_	_
942-2	PSB018	942	2	moglie	moglie	_	_	_	_	_	linguistic	_	none	_	_	_	_	_	_
942-3	PSB018	942	3	e	e	_	_	_	_	_	linguistic	_	none	_	_	_	_	_	_
942-4	PSB018	942	4	lui	lui	_	_	_	_	_	linguistic	_	none	_	_	_	_	_	_
942-5	PSB018	942	5	è?	è	_	_	_	_	_	linguistic	_	none	Intonation=Rising	End=3168.323	_	_	_	_
943-0	PSB005	943	0	marit[o]	marito	_	_	_	_	_	linguistic	_	none	_	Begin=3168.323|End=3168.905	_	_	_	5-6(284)
944-0	PSB018	944	0	[m]arito	marito	_	_	_	_	_	linguistic	_	none	_	Begin=3168.823	_	_	_	0-1(284)
944-1	PSB018	944	1	con	con	_	_	_	_	_	linguistic	_	none	_	_	_	_	_	_
944-2	PSB018	944	2	i	i	_	_	_	_	_	linguistic	_	none	_	_	_	_	_	_
944-3	PSB018	944	3	su~	su~	_	_	_	_	_	linguistic	_	none	Interrupted=Yes	_	_	_	_	_
944-4	PSB018	944	4	i	i	_	_	_	_	_	linguistic	_	none	_	_	_	_	_	_
944-5	PSB018	944	5	suoi	suoi	_	_	_	_	_	linguistic	_	none	_	_	_	_	_	_
944-6	PSB018	944	6	mariti	mariti	_	_	_	_	_	linguistic	_	none	_	_	_	_	_	_
944-7	PSB018	944	7	loro	loro	_	_	_	_	_	linguistic	_	none	_	_	_	_	_	_
944-8	PSB018	944	8	hanno	hanno	_	_	_	_	_	linguistic	_	none	_	_	_	_	_	_
944-9	PSB018	944	9	i	i	_	_	_	_	_	linguistic	_	none	_	_	_	_	_	_
944-10	PSB018	944	10	suoi	suoi	_	_	_	_	_	linguistic	_	none	_	_	_	_	_	_
944-11	PSB018	944	11	business	business	_	_	_	_	_	linguistic	_	none	_	_	_	_	_	_
944-12	PSB018	944	12	lavori	lavori	_	_	_	_	_	linguistic	_	none	_	_	_	_	_	_
944-13	PSB018	944	13	ma	ma	_	_	_	_	_	linguistic	_	none	_	_	_	_	_	_
944-14	PSB018	944	14	le	le	_	_	_	_	_	linguistic	_	none	_	_	_	_	_	_
944-15	PSB018	944	15	co~	co~	_	_	_	_	_	linguistic	_	none	Interrupted=Yes	_	_	_	_	_
944-16	PSB018	944	16	quelle	quelle	_	_	_	_	_	linguistic	_	none	_	_	_	_	_	_
944-17	PSB018	944	17	donne	donne	_	_	_	_	_	linguistic	_	none	_	_	_	_	_	_
944-18	PSB018	944	18	aiutano	aiutano	_	_	_	_	_	linguistic	_	none	_	_	_	_	_	_
944-19	PSB018	944	19	noi	noi	_	_	_	_	_	linguistic	_	none	_	_	_	_	_	_
944-20	PSB018	944	20	tanto	tanto	_	_	_	_	_	linguistic	_	none	_	_	_	_	_	_
944-21	PSB018	944	21	[no]n	non	_	_	_	_	_	linguistic	_	none	_	_	_	_	_	0-2(285)
944-22	PSB018	944	22	noi	noi	_	_	_	_	_	linguistic	_	none	_	_	_	_	_	_
944-23	PSB018	944	23	mh	mh	_	_	_	_	_	linguistic	_	none	_	_	_	_	_	_
944-24	PSB018	944	24	me	me	_	_	_	_	_	linguistic	_	none	_	_	_	_	_	_
944-25	PSB018	944	25	e	e	_	_	_	_	_	linguistic	_	none	_	_	_	_	_	_
944-26	PSB018	944	26	mio	mio	_	_	_	_	_	linguistic	_	none	_	_	_	_	_	_
944-27	PSB018	944	27	eh	eh	_	_	_	_	_	linguistic	_	none	_	_	_	_	_	_
944-28	PSB018	944	28	figli[o	figlio	_	_	_	_	_	linguistic	_	none	PauseAfter=Yes	_	_	_	_	5-6(286)
944-29	PSB018	944	29	(.)	(.)	_	_	_	_	_	shortpause	_	none	_	_	_	_	_	X(286)
944-30	PSB018	944	30	ma]	ma	_	_	_	_	_	linguistic	_	none	_	_	_	_	_	0-2(286)
944-31	PSB018	944	31	tante:	tante	_	_	_	_	_	linguistic	_	none	_	_	4x1	_	_	_
944-32	PSB018	944	32	famiglie	famiglie	_	_	_	_	_	linguistic	_	none	_	_	_	_	_	_
944-33	PSB018	944	33	ucraine	ucraine	_	_	_	_	_	linguistic	_	none	_	End=3185.645	_	_	_	_
945-0	PSB005	945	0	[mh]	mh	_	_	_	_	_	linguistic	_	none	_	Begin=3178.613|End=3179.016	_	_	_	0-2(285)
946-0	PSB005	946	0	[mhmh]	mhmh	_	_	_	_	_	linguistic	_	none	_	Begin=3182.5|End=3183.033	_	_	_	0-4(286)
947-0	PSB018	947	0	e	e	_	_	_	_	_	linguistic	_	none	_	Begin=3186.726	_	_	_	_
947-1	PSB018	947	1	tutto	tutto	_	_	_	_	_	linguistic	_	none	_	_	_	_	_	_
947-2	PSB018	947	2	era	era	_	_	_	_	_	linguistic	_	none	_	_	_	_	_	_
947-3	PSB018	947	3	organizzano	organizzano	_	_	_	_	_	linguistic	_	none	_	_	_	_	_	_
947-4	PSB018	947	4	con	con	_	_	_	_	_	linguistic	_	none	_	_	_	_	_	_
947-5	PSB018	947	5	la	la	_	_	_	_	_	linguistic	_	none	_	_	_	_	_	_
947-6	PSB018	947	6	scuola	scuola	_	_	_	_	_	linguistic	_	none	_	_	_	_	_	_
947-7	PSB018	947	7	per	per	_	_	_	_	_	linguistic	_	none	_	_	_	_	_	_
947-8	PSB018	947	8	il	il	_	_	_	_	_	linguistic	_	none	_	_	_	_	_	_
947-9	PSB018	947	9	mio	mio	_	_	_	_	_	linguistic	_	none	_	_	_	_	_	_
947-10	PSB018	947	10	bimbo:	bimbo	_	_	_	_	_	linguistic	_	none	_	_	4x1	_	_	_
947-11	PSB018	947	11	mh	mh	_	_	_	_	_	linguistic	_	none	_	_	_	_	_	_
947-12	PSB018	947	12	appartamento,	appartamento	_	_	_	_	_	linguistic	_	none	Intonation=WeaklyRising	_	_	_	_	_
947-13	PSB018	947	13	qualche	qualche	_	_	_	_	_	linguistic	_	none	_	_	_	_	_	_
947-14	PSB018	947	14	soldi	soldi	_	_	_	_	_	linguistic	_	none	_	_	_	_	_	_
947-15	PSB018	947	15	per	per	_	_	_	_	_	linguistic	_	none	_	_	_	_	_	_
947-16	PSB018	947	16	vivere:,	vivere	_	_	_	_	_	linguistic	_	none	Intonation=WeaklyRising	_	5x1	_	_	_
947-17	PSB018	947	17	an~	an~	_	_	_	_	_	linguistic	_	none	Interrupted=Yes	_	_	_	_	_
947-18	PSB018	947	18	allora	allora	_	_	_	_	_	linguistic	_	none	_	End=3196.113	_	_	_	_
948-0	PSB018	948	0	e:h	eh	_	_	_	_	_	linguistic	_	none	_	Begin=3196.678	0x1	_	_	_
948-1	PSB018	948	1	se	se	_	_	_	_	_	linguistic	_	none	_	_	_	_	_	_
948-2	PSB018	948	2	noi	noi	_	_	_	_	_	linguistic	_	none	_	_	_	_	_	_
948-3	PSB018	948	3	parliamo	parliamo	_	_	_	_	_	linguistic	_	none	_	_	_	_	_	_
948-4	PSB018	948	4	possiamo:	possiamo	_	_	_	_	_	linguistic	_	none	_	_	7x1	_	_	_
948-5	PSB018	948	5	continuare	continuare	_	_	_	_	_	linguistic	_	none	_	_	_	_	_	_
948-6	PSB018	948	6	eh	eh	_	_	_	_	_	linguistic	_	none	_	_	_	_	_	_
948-7	PSB018	948	7	fino	fino	_	_	_	_	_	linguistic	_	none	_	_	_	_	_	_
948-8	PSB018	948	8	al	al	_	_	_	_	_	linguistic	_	none	_	_	_	_	_	_
948-9	PSB018	948	9	se~	se~	_	_	_	_	_	linguistic	_	none	Interrupted=Yes	_	_	_	_	_
948-10	PSB018	948	10	la	la	_	_	_	_	_	linguistic	_	none	_	_	_	_	_	_
948-11	PSB018	948	11	sera	sera	_	_	_	_	_	linguistic	_	none	_	_	_	_	_	_
948-12	PSB018	948	12	per	per	_	_	_	_	_	linguistic	_	none	_	_	_	_	_	_
948-13	PSB018	948	13	questi	questi	_	_	_	_	_	linguistic	_	none	_	_	_	_	_	_
948-14	PSB018	948	14	momenti	momenti	_	_	_	_	_	linguistic	_	none	_	End=3205.726	_	_	_	_
949-0	PSB018	949	0	eh	eh	_	_	_	_	_	linguistic	_	none	_	Begin=3206.258	_	_	_	_
949-1	PSB018	949	1	$meravigli	meravigli	_	_	_	_	_	linguistic	_	none	Orthography=Yes|Variation=Emerging	_	_	_	_	_
949-2	PSB018	949	2	per	per	_	_	_	_	_	linguistic	_	none	_	_	_	_	_	_
949-3	PSB018	949	3	la	la	_	_	_	_	_	linguistic	_	none	_	_	_	_	_	_
949-4	PSB018	949	4	mia	mia	_	_	_	_	_	linguistic	_	none	_	_	_	_	_	_
949-5	PSB018	949	5	famiglia	famiglia	_	_	_	_	_	linguistic	_	none	_	End=3209.216	_	_	_	_
950-0	PSB005	950	0	che	che	_	_	_	_	_	linguistic	_	none	_	Begin=3210.339	_	_	_	_
950-1	PSB005	950	1	bello	bello	_	_	_	_	_	linguistic	_	none	_	_	_	_	_	_
950-2	PSB005	950	2	sono	sono	_	_	_	_	_	linguistic	_	none	_	_	_	_	_	_
950-3	PSB005	950	3	contenta	contenta	_	_	_	_	_	linguistic	_	none	_	_	_	_	_	_
950-4	PSB005	950	4	[io	io	_	_	_	_	_	linguistic	_	none	_	_	_	_	_	0-2(288)
950-5	PSB005	950	5	eh	eh	_	_	_	_	_	linguistic	_	none	_	_	_	_	_	0-2(288)
950-6	PSB005	950	6	no]n	non	_	_	_	_	_	linguistic	_	none	_	_	_	_	_	0-2(288)
950-7	PSB005	950	7	volevo	volevo	_	_	_	_	_	linguistic	_	none	_	_	_	_	_	_
950-8	PSB005	950	8	fare	fare	_	_	_	_	_	linguistic	_	none	_	_	_	_	_	_
950-9	PSB005	950	9	una	una	_	_	_	_	_	linguistic	_	none	_	_	_	_	_	_
950-10	PSB005	950	10	domanda:	domanda	_	_	_	_	_	linguistic	_	none	_	_	6x1	_	_	_
950-11	PSB005	950	11	mh	mh	_	_	_	_	_	linguistic	_	none	_	_	_	_	_	_
950-12	PSB005	950	12	spiacevole	spiacevole	_	_	_	_	_	linguistic	_	none	_	_	_	_	_	_
950-13	PSB005	950	13	eh	eh	_	_	_	_	_	linguistic	_	none	_	_	_	_	_	_
950-14	PSB005	950	14	mi	mi	_	_	_	_	_	linguistic	_	none	_	_	_	_	_	_
950-15	PSB005	950	15	dispiace	dispiace	_	_	_	_	_	linguistic	_	none	_	_	_	_	_	_
950-16	PSB005	950	16	che	che	_	_	_	_	_	linguistic	_	none	_	_	_	_	_	_
950-17	PSB005	950	17	ti	ti	_	_	_	_	_	linguistic	_	none	_	_	_	_	_	_
950-18	PSB005	950	18	ho	ho	_	_	_	_	_	linguistic	_	none	_	_	_	_	_	_
950-19	PSB005	950	19	me[sso	messo	_	_	_	_	_	linguistic	_	none	_	_	_	_	_	2-5(287)
950-20	PSB005	950	20	in	in	_	_	_	_	_	linguistic	_	none	_	_	_	_	_	0-2(287)
950-21	PSB005	950	21	difficoltà]	difficoltà	_	_	_	_	_	linguistic	_	none	_	End=3218.952	_	_	_	0-10(287)
951-0	PSB018	951	0	[sì	sì	_	_	_	_	_	linguistic	_	none	_	Begin=3211.387	_	_	_	0-2(288)
951-1	PSB018	951	1	sì	sì	_	_	_	_	_	linguistic	_	none	_	_	_	_	_	0-2(288)
951-2	PSB018	951	2	anche	anche	_	_	_	_	_	linguistic	_	none	_	_	_	_	_	0-5(288)
951-3	PSB018	951	3	io]	io	_	_	_	_	_	linguistic	_	none	_	End=3212.871	_	_	_	0-2(288)
952-0	PSB018	952	0	[>no	no	_	_	_	_	_	linguistic	_	none	_	Begin=3217.839	_	Fast=0-2(0)	_	0-2(287)
952-1	PSB018	952	1	no	no	_	_	_	_	_	linguistic	_	none	_	_	_	Fast=0-2(0)	_	0-2(287)
952-2	PSB018	952	2	no	no	_	_	_	_	_	linguistic	_	none	_	_	_	Fast=0-2(0)	_	0-2(287)
952-3	PSB018	952	3	no<]	no	_	_	_	_	_	linguistic	_	none	_	_	_	Fast=0-2(0)	_	0-2(287)
952-4	PSB018	952	4	no	no	_	_	_	_	_	linguistic	_	none	_	_	_	_	_	_
952-5	PSB018	952	5	e	e	_	_	_	_	_	linguistic	_	none	_	_	_	_	_	_
952-6	PSB018	952	6	questo	questo	_	_	_	_	_	linguistic	_	none	_	_	_	_	_	_
952-7	PSB018	952	7	è	è	_	_	_	_	_	linguistic	_	none	_	_	_	_	_	_
952-8	PSB018	952	8	la	la	_	_	_	_	_	linguistic	_	none	_	_	_	_	_	_
952-9	PSB018	952	9	mia	mia	_	_	_	_	_	linguistic	_	none	_	_	_	_	_	_
952-10	PSB018	952	10	emozione	emozione	_	_	_	_	_	linguistic	_	none	_	_	_	_	_	_
952-11	PSB018	952	11	ma	ma	_	_	_	_	_	linguistic	_	none	_	_	_	_	_	_
952-12	PSB018	952	12	secondo	secondo	_	_	_	_	_	linguistic	_	none	_	_	_	_	_	_
952-13	PSB018	952	13	me	me	_	_	_	_	_	linguistic	_	none	_	_	_	_	_	_
952-14	PSB018	952	14	è:	è	_	_	_	_	_	linguistic	_	none	_	_	0x1	_	_	_
952-15	PSB018	952	15	la	la	_	_	_	_	_	linguistic	_	none	_	_	_	_	_	_
952-16	PSB018	952	16	nostra	nostra	_	_	_	_	_	linguistic	_	none	_	_	_	_	_	_
952-17	PSB018	952	17	vita	vita	_	_	_	_	_	linguistic	_	none	_	_	_	_	_	_
952-18	PSB018	952	18	e	e	_	_	_	_	_	linguistic	_	none	_	_	_	_	_	_
952-19	PSB018	952	19	noi	noi	_	_	_	_	_	linguistic	_	none	_	_	_	_	_	_
952-20	PSB018	952	20	dobbiamo	dobbiamo	_	_	_	_	_	linguistic	_	none	PauseAfter=Yes	_	_	_	_	_
952-21	PSB018	952	21	(.)	(.)	_	_	_	_	_	shortpause	_	none	_	_	_	_	_	_
952-22	PSB018	952	22	e:h	eh	_	_	_	_	_	linguistic	_	none	_	End=3227.387	0x1	_	_	_
953-0	PSB018	953	0	memo~	memo~	_	_	_	_	_	linguistic	_	none	Interrupted=Yes	Begin=3227.839	_	_	_	_
953-1	PSB018	953	1	no	no	_	_	_	_	_	linguistic	_	none	_	_	_	_	_	_
953-2	PSB018	953	2	memorizzare	memorizzare	_	_	_	_	_	linguistic	_	none	_	_	_	_	_	_
953-3	PSB018	953	3	ma	ma	_	_	_	_	_	linguistic	_	none	_	_	_	_	_	_
953-4	PSB018	953	4	e[:h	eh	_	_	_	_	_	linguistic	_	none	_	_	0x1	_	_	1-2(289)
953-5	PSB018	953	5	rico]rdare	ricordare	_	_	_	_	_	linguistic	_	none	_	_	_	_	_	0-4(289)
953-6	PSB018	953	6	ricordare	ricordare	_	_	_	_	_	linguistic	_	none	_	_	_	_	_	_
953-7	PSB018	953	7	bene	bene	_	_	_	_	_	linguistic	_	none	_	_	_	_	_	_
953-8	PSB018	953	8	e	e	_	_	_	_	_	linguistic	_	none	_	_	_	_	_	_
953-9	PSB018	953	9	brutte	brutte	_	_	_	_	_	linguistic	_	none	_	_	_	_	_	_
953-10	PSB018	953	10	per	per	_	_	_	_	_	linguistic	_	none	_	_	_	_	_	_
953-11	PSB018	953	11	fare	fare	_	_	_	_	_	linguistic	_	none	_	_	_	_	_	_
953-12	PSB018	953	12	lezione	lezione	_	_	_	_	_	linguistic	_	none	_	_	_	_	_	_
953-13	PSB018	953	13	<gius[te>	giuste	_	_	_	_	_	linguistic	_	none	_	_	_	Slow=0-6(0)	_	4-6(290)
953-14	PSB018	953	14	pe]r	per	_	_	_	_	_	linguistic	_	none	_	_	_	Fast=0-3(0)	_	0-2(290)
953-15	PSB018	953	15	f~	f~	_	_	_	_	_	linguistic	_	none	Interrupted=Yes	_	_	Fast=0-2(0)	_	_
953-16	PSB018	953	16	vivere:	vivere	_	_	_	_	_	linguistic	_	none	_	_	5x1	Fast=0-6(0)	_	_
953-17	PSB018	953	17	per	per	_	_	_	_	_	linguistic	_	none	_	_	_	Fast=0-3(0)	_	_
953-18	PSB018	953	18	f~	f~	_	_	_	_	_	linguistic	_	none	Interrupted=Yes	_	_	Fast=0-2(0)	_	_
953-19	PSB018	953	19	scegliere	scegliere	_	_	_	_	_	linguistic	_	none	_	_	_	Fast=0-9(0)	_	_
953-20	PSB018	953	20	le:	le	_	_	_	_	_	linguistic	_	none	_	_	1x1	Fast=0-2(0)	_	_
953-21	PSB018	953	21	corsi	corsi	_	_	_	_	_	linguistic	_	none	_	_	_	Fast=0-5(0)	_	_
953-22	PSB018	953	22	v[eri]	veri	_	_	_	_	_	linguistic	_	none	_	_	_	Fast=0-4(0)	_	1-4(291)
953-23	PSB018	953	23	e	e	_	_	_	_	_	linguistic	_	none	_	_	_	Fast=0-1(0)	_	_
953-24	PSB018	953	24	<giusti>	giusti	_	_	_	_	_	linguistic	_	none	_	End=3244.419	_	Slow=0-6(1)	_	_
954-0	PSB005	954	0	[ricordare]	ricordare	_	_	_	_	_	linguistic	_	none	_	Begin=3229.79|End=3230.506	_	_	_	0-9(289)
955-0	PSB005	955	0	[mh	mh	_	_	_	_	_	linguistic	_	none	_	Begin=3235.823	_	_	_	0-2(290)
955-1	PSB005	955	1	mhmh]	mhmh	_	_	_	_	_	linguistic	_	none	_	End=3236.904	_	_	_	0-4(290)
956-0	PSB005	956	0	[mhmh]	mhmh	_	_	_	_	_	linguistic	_	none	_	Begin=3242.048|End=3242.468	_	_	_	0-4(291)
957-0	PSB005	957	0	°sì°	sì	_	_	_	_	_	linguistic	_	none	Volume=low	Begin=3244.436	_	_	_	_
957-1	PSB005	957	1	sì	sì	_	_	_	_	_	linguistic	_	none	_	_	_	_	_	_
957-2	PSB005	957	2	sì	sì	_	_	_	_	_	linguistic	_	none	_	_	_	_	_	_
957-3	PSB005	957	3	eh	eh	_	_	_	_	_	linguistic	_	none	_	_	_	_	_	_
957-4	PSB005	957	4	grazie	grazie	_	_	_	_	_	linguistic	_	none	_	_	_	_	_	_
957-5	PSB005	957	5	molte	molte	_	_	_	_	_	linguistic	_	none	_	_	_	_	_	_
957-6	PSB005	957	6	del	del	_	_	_	_	_	linguistic	_	none	_	_	_	_	_	_
957-7	PSB005	957	7	in	in	_	_	_	_	_	linguistic	_	none	_	_	_	_	_	_
957-8	PSB005	957	8	realtà	realtà	_	_	_	_	_	linguistic	_	none	_	_	_	_	_	_
957-9	PSB005	957	9	io	io	_	_	_	_	_	linguistic	_	none	_	_	_	_	_	_
957-10	PSB005	957	10	m:h	mh	_	_	_	_	_	linguistic	_	none	_	_	0x1	_	_	_
957-11	PSB005	957	11	possiamo	possiamo	_	_	_	_	_	linguistic	_	none	_	_	_	_	_	_
957-12	PSB005	957	12	anche	anche	_	_	_	_	_	linguistic	_	none	_	End=3250.16	_	_	_	_
958-0	PSB005	958	0	c'	c'	_	_	_	_	_	linguistic	_	none	SpaceAfter=No	Begin=3250.974	_	_	_	_
958-1	PSB005	958	1	è	è	_	_	_	_	_	linguistic	_	none	_	_	_	_	_	_
958-2	PSB005	958	2	ancora	ancora	_	_	_	_	_	linguistic	_	none	_	_	_	_	_	_
958-3	PSB005	958	3	un	un	_	_	_	_	_	linguistic	_	none	_	_	_	_	_	_
958-4	PSB005	958	4	po'	po'	_	_	_	_	_	linguistic	_	none	_	_	_	_	_	_
958-5	PSB005	958	5	di	di	_	_	_	_	_	linguistic	_	none	_	_	_	_	_	_
958-6	PSB005	958	6	tempo	tempo	_	_	_	_	_	linguistic	_	none	_	_	_	_	_	_
958-7	PSB005	958	7	giusto	giusto	_	_	_	_	_	linguistic	_	none	_	_	_	_	_	_
958-8	PSB005	958	8	hai	hai	_	_	_	_	_	linguistic	_	none	_	_	_	_	_	_
958-9	PSB005	958	9	ancora	ancora	_	_	_	_	_	linguistic	_	none	_	_	_	_	_	_
958-10	PSB005	958	10	un	un	_	_	_	_	_	linguistic	_	none	_	_	_	_	_	_
958-11	PSB005	958	11	pochino	pochino	_	_	_	_	_	linguistic	_	none	_	_	_	_	_	_
958-12	PSB005	958	12	[(di	di	_	_	_	_	_	linguistic	_	none	_	_	_	_	0-2(0)	0-2(293)
958-13	PSB005	958	13	tempo)	tempo	_	_	_	_	_	linguistic	_	none	_	_	_	_	0-5(0)	0-5(293)
958-14	PSB005	958	14	sì]	sì	_	_	_	_	_	linguistic	_	none	_	_	_	_	_	0-2(293)
958-15	PSB005	958	15	sì	sì	_	_	_	_	_	linguistic	_	none	_	_	_	_	_	_
958-16	PSB005	958	16	io::	io	_	_	_	_	_	linguistic	_	none	_	_	1x2	_	_	_
958-17	PSB005	958	17	io	io	_	_	_	_	_	linguistic	_	none	_	_	_	_	_	_
958-18	PSB005	958	18	ho	ho	_	_	_	_	_	linguistic	_	none	_	_	_	_	_	_
958-19	PSB005	958	19	tutto	tutto	_	_	_	_	_	linguistic	_	none	_	_	_	_	_	_
958-20	PSB005	958	20	il	il	_	_	_	_	_	linguistic	_	none	_	_	_	_	_	_
958-21	PSB005	958	21	tem[po]	tempo	_	_	_	_	_	linguistic	_	none	_	End=3256.453	_	_	_	2-5(292)
959-0	PSB018	959	0	[io?	io	_	_	_	_	_	linguistic	_	none	Intonation=Rising	Begin=3252.968	_	_	_	0-2(293)
959-1	PSB018	959	1	sì]	sì	_	_	_	_	_	linguistic	_	none	_	End=3253.968	_	_	_	0-2(293)
960-0	PSB018	960	0	[>sì	sì	_	_	_	_	_	linguistic	_	none	_	Begin=3255.936	_	Fast=0-2(0)	_	0-2(292)
960-1	PSB018	960	1	sì	sì	_	_	_	_	_	linguistic	_	none	_	_	_	Fast=0-2(0)	_	0-2(292)
960-2	PSB018	960	2	sì<]	sì	_	_	_	_	_	linguistic	_	none	_	_	_	Fast=0-2(0)	_	0-2(292)
960-3	PSB018	960	3	i[o	io	_	_	_	_	_	linguistic	_	none	_	_	_	_	_	1-2(294)
960-4	PSB018	960	4	ho]:	ho	_	_	_	_	_	linguistic	_	none	_	_	1x1	_	_	0-2(294)
960-5	PSB018	960	5	il	il	_	_	_	_	_	linguistic	_	none	_	_	_	_	_	_
960-6	PSB018	960	6	tempo	tempo	_	_	_	_	_	linguistic	_	none	_	_	_	_	_	_
960-7	PSB018	960	7	[come:]	come	_	_	_	_	_	linguistic	_	none	_	_	3x1	_	_	0-4(295)
960-8	PSB018	960	8	l'	l'	_	_	_	_	_	linguistic	_	none	SpaceAfter=No	_	_	_	_	_
960-9	PSB018	960	9	altre	altre	_	_	_	_	_	linguistic	_	none	_	_	_	_	_	_
960-10	PSB018	960	10	venti	venti	_	_	_	_	_	linguistic	_	none	_	_	_	_	_	_
960-11	PSB018	960	11	trenta	trenta	_	_	_	_	_	linguistic	_	none	_	_	_	_	_	_
960-12	PSB018	960	12	quarant[a	quaranta	_	_	_	_	_	linguistic	_	none	_	_	_	_	_	6-8(296)
960-13	PSB018	960	13	dipende	dipende	_	_	_	_	_	linguistic	_	none	_	_	_	_	_	0-7(296)
960-14	PSB018	960	14	d~	d~	_	_	_	_	_	linguistic	_	none	Interrupted=Yes	_	_	_	_	0-2(296)
960-15	PSB018	960	15	de~]	de~	_	_	_	_	_	linguistic	_	none	Interrupted=Yes	End=3262.145	_	_	_	0-3(296)
961-0	PSB005	961	0	[sì]	sì	_	_	_	_	_	linguistic	_	none	_	Begin=3256.855|End=3257.361	_	_	_	0-2(294)
962-0	PSB005	962	0	[mhmh]	mhmh	_	_	_	_	_	linguistic	_	none	_	Begin=3258.265|End=3258.795	_	_	_	0-4(295)
963-0	PSB005	963	0	[va	va	_	_	_	_	_	linguistic	_	none	_	Begin=3260.581	_	_	_	0-2(296)
963-1	PSB005	963	1	bene	bene	_	_	_	_	_	linguistic	_	none	_	_	_	_	_	0-4(296)
963-2	PSB005	963	2	sì	sì	_	_	_	_	_	linguistic	_	none	_	_	_	_	_	0-2(296)
963-3	PSB005	963	3	boh]	boh	_	_	_	_	_	linguistic	_	none	_	_	_	_	_	0-3(296)
963-4	PSB005	963	4	forse	forse	_	_	_	_	_	linguistic	_	none	_	_	_	_	_	_
963-5	PSB005	963	5	vent~	vent~	_	_	_	_	_	linguistic	_	none	Interrupted=Yes	_	_	_	_	_
963-6	PSB005	963	6	quindici	quindici	_	_	_	_	_	linguistic	_	none	_	_	_	_	_	_
963-7	PSB005	963	7	venti	venti	_	_	_	_	_	linguistic	_	none	_	_	_	_	_	_
963-8	PSB005	963	8	così	così	_	_	_	_	_	linguistic	_	none	_	_	_	_	_	_
963-9	PSB005	963	9	[li	li	_	_	_	_	_	linguistic	_	none	_	_	_	_	_	0-2(297)
963-10	PSB005	963	10	possiamo]	possiamo	_	_	_	_	_	linguistic	_	none	_	_	_	_	_	0-8(297)
963-11	PSB005	963	11	fare	fare	_	_	_	_	_	linguistic	_	none	_	_	_	_	_	_
963-12	PSB005	963	12	ancora	ancora	_	_	_	_	_	linguistic	_	none	_	_	_	_	_	_
963-13	PSB005	963	13	perché	perché	_	_	_	_	_	linguistic	_	none	_	_	_	_	_	_
963-14	PSB005	963	14	magari	magari	_	_	_	_	_	linguistic	_	none	_	_	_	_	_	_
963-15	PSB005	963	15	parliamo	parliamo	_	_	_	_	_	linguistic	_	none	_	_	_	_	_	_
963-16	PSB005	963	16	di	di	_	_	_	_	_	linguistic	_	none	_	_	_	_	_	_
963-17	PSB005	963	17	qualche	qualche	_	_	_	_	_	linguistic	_	none	_	_	_	_	_	_
963-18	PSB005	963	18	cosa	cosa	_	_	_	_	_	linguistic	_	none	_	_	_	_	_	_
963-19	PSB005	963	19	di	di	_	_	_	_	_	linguistic	_	none	_	_	_	_	_	_
963-20	PSB005	963	20	più:	più	_	_	_	_	_	linguistic	_	none	_	End=3268.936	2x1	_	_	_
964-0	PSB018	964	0	[sì]	sì	_	_	_	_	_	linguistic	_	none	_	Begin=3264.673|End=3265.393	_	_	_	0-2(297)
965-0	PSB005	965	0	più	più	_	_	_	_	_	linguistic	_	none	_	Begin=3269.581	_	_	_	_
965-1	PSB005	965	1	divertente	divertente	_	_	_	_	_	linguistic	_	none	_	_	_	_	_	_
965-2	PSB005	965	2	più:	più	_	_	_	_	_	linguistic	_	none	_	_	2x1	_	_	_
965-3	PSB005	965	3	più	più	_	_	_	_	_	linguistic	_	none	_	_	_	_	_	_
965-4	PSB005	965	4	piacevole	piacevole	_	_	_	_	_	linguistic	_	none	_	_	_	_	_	_
965-5	PSB005	965	5	per	per	_	_	_	_	_	linguistic	_	none	_	_	_	_	_	_
965-6	PSB005	965	6	cambiare	cambiare	_	_	_	_	_	linguistic	_	none	_	_	_	_	_	_
965-7	PSB005	965	7	un	un	_	_	_	_	_	linguistic	_	none	_	_	_	_	_	_
965-8	PSB005	965	8	po'	po'	_	_	_	_	_	linguistic	_	none	_	_	_	_	_	_
965-9	PSB005	965	9	magari	magari	_	_	_	_	_	linguistic	_	none	_	_	_	_	_	_
965-10	PSB005	965	10	e:hm	ehm	_	_	_	_	_	linguistic	_	none	_	End=3275.55	0x1	_	_	_
966-0	PSB005	966	0	per	per	_	_	_	_	_	linguistic	_	none	_	Begin=3276.16	_	_	_	_
966-1	PSB005	966	1	esempio	esempio	_	_	_	_	_	linguistic	_	none	_	_	_	_	_	_
966-2	PSB005	966	2	ho	ho	_	_	_	_	_	linguistic	_	none	_	_	_	_	_	_
966-3	PSB005	966	3	visto	visto	_	_	_	_	_	linguistic	_	none	_	_	_	_	_	_
966-4	PSB005	966	4	che	che	_	_	_	_	_	linguistic	_	none	_	_	_	_	_	_
966-5	PSB005	966	5	molte	molte	_	_	_	_	_	linguistic	_	none	_	_	_	_	_	_
966-6	PSB005	966	6	persone	persone	_	_	_	_	_	linguistic	_	none	PauseAfter=Yes	_	_	_	_	_
966-7	PSB005	966	7	(.)	(.)	_	_	_	_	_	shortpause	_	none	_	_	_	_	_	_
966-8	PSB005	966	8	eh	eh	_	_	_	_	_	linguistic	_	none	_	_	_	_	_	_
966-9	PSB005	966	9	a	a	_	_	_	_	_	linguistic	_	none	_	_	_	_	_	_
966-10	PSB005	966	10	molte	molte	_	_	_	_	_	linguistic	_	none	_	_	_	_	_	_
966-11	PSB005	966	11	persone	persone	_	_	_	_	_	linguistic	_	none	_	_	_	_	_	_
966-12	PSB005	966	12	piace	piace	_	_	_	_	_	linguistic	_	none	_	_	_	_	_	_
966-13	PSB005	966	13	la	la	_	_	_	_	_	linguistic	_	none	_	_	_	_	_	_
966-14	PSB005	966	14	cucina	cucina	_	_	_	_	_	linguistic	_	none	_	_	_	_	_	_
966-15	PSB005	966	15	bolognese	bolognese	_	_	_	_	_	linguistic	_	none	_	_	_	_	_	_
966-16	PSB005	966	16	e:hm	ehm	_	_	_	_	_	linguistic	_	none	_	End=3282.96	0x1	_	_	_
967-0	PSB005	967	0	oppure	oppure	_	_	_	_	_	linguistic	_	none	_	Begin=3283.226|End=3283.855	_	_	_	_
968-0	PSB005	968	0	certe	certe	_	_	_	_	_	linguistic	_	none	_	Begin=3284.968	_	_	_	_
968-1	PSB005	968	1	abitudini	abitudini	_	_	_	_	_	linguistic	_	none	_	_	_	_	_	_
968-2	PSB005	968	2	italiane:	italiane	_	_	_	_	_	linguistic	_	none	_	_	7x1	_	_	_
968-3	PSB005	968	3	non	non	_	_	_	_	_	linguistic	_	none	_	_	_	_	_	_
968-4	PSB005	968	4	so	so	_	_	_	_	_	linguistic	_	none	_	_	_	_	_	_
968-5	PSB005	968	5	se	se	_	_	_	_	_	linguistic	_	none	_	_	_	_	_	_
968-6	PSB005	968	6	tu	tu	_	_	_	_	_	linguistic	_	none	_	_	_	_	_	_
968-7	PSB005	968	7	ti	ti	_	_	_	_	_	linguistic	_	none	_	_	_	_	_	_
968-8	PSB005	968	8	sei	sei	_	_	_	_	_	linguistic	_	none	_	_	_	_	_	_
968-9	PSB005	968	9	trovata	trovata	_	_	_	_	_	linguistic	_	none	_	_	_	_	_	_
968-10	PSB005	968	10	bene	bene	_	_	_	_	_	linguistic	_	none	_	_	_	_	_	_
968-11	PSB005	968	11	anche	anche	_	_	_	_	_	linguistic	_	none	_	_	_	_	_	_
968-12	PSB005	968	12	con	con	_	_	_	_	_	linguistic	_	none	_	_	_	_	_	_
968-13	PSB005	968	13	il	il	_	_	_	_	_	linguistic	_	none	_	_	_	_	_	_
968-14	PSB005	968	14	cibo	cibo	_	_	_	_	_	linguistic	_	none	_	_	_	_	_	_
968-15	PSB005	968	15	qui:	qui	_	_	_	_	_	linguistic	_	none	_	End=3290.307	2x1	_	_	_
969-0	PSB018	969	0	[allor]a	allora	_	_	_	_	_	linguistic	_	none	_	Begin=3290.807|End=3291.436	_	_	_	0-5(298)
970-0	PSB005	970	0	[e]	e	_	_	_	_	_	linguistic	_	none	_	Begin=3290.871|End=3291.194	_	_	_	0-1(298)
971-0	PSB018	971	0	iniziamo	iniziamo	_	_	_	_	_	linguistic	_	none	_	Begin=3292.403	_	_	_	_
971-1	PSB018	971	1	dalla	dalla	_	_	_	_	_	linguistic	_	none	_	_	_	_	_	_
971-2	PSB018	971	2	mia	mia	_	_	_	_	_	linguistic	_	none	_	_	_	_	_	_
971-3	PSB018	971	3	paes[e]	paese	_	_	_	_	_	linguistic	_	none	_	End=3295.016	_	_	_	4-5(299)
972-0	PSB005	972	0	[c]ert[o]	certo	_	_	_	_	_	linguistic	_	none	_	Begin=3294.919|End=3295.439	_	_	_	0-1(299),4-5(300)
973-0	PSB018	973	0	[a]nche	anche	_	_	_	_	_	linguistic	_	none	_	Begin=3295.355	_	_	_	0-1(300)
973-1	PSB018	973	1	la	la	_	_	_	_	_	linguistic	_	none	_	_	_	_	_	_
973-2	PSB018	973	2	cucina	cucina	_	_	_	_	_	linguistic	_	none	_	_	_	_	_	_
973-3	PSB018	973	3	ucraina	ucraina	_	_	_	_	_	linguistic	_	none	_	_	_	_	_	_
973-4	PSB018	973	4	è	è	_	_	_	_	_	linguistic	_	none	_	_	_	_	_	_
973-5	PSB018	973	5	molto	molto	_	_	_	_	_	linguistic	_	none	_	_	_	_	_	_
973-6	PSB018	973	6	molto	molto	_	_	_	_	_	linguistic	_	none	_	_	_	_	_	_
973-7	PSB018	973	7	ricca	ricca	_	_	_	_	_	linguistic	_	none	_	End=3299.041	_	_	_	_
974-0	PSB005	974	0	[mhmh]	mhmh	_	_	_	_	_	linguistic	_	none	_	Begin=3299.436|End=3300.035	_	_	_	0-4(301)
975-0	PSB018	975	0	[molto]	molto	_	_	_	_	_	linguistic	_	none	_	Begin=3299.452	_	_	_	0-5(301)
975-1	PSB018	975	1	ricca	ricca	_	_	_	_	_	linguistic	_	none	_	End=3300.678	_	_	_	_
976-0	PSB018	976	0	ma	ma	_	_	_	_	_	linguistic	_	none	_	Begin=3302.21|End=3302.855	_	_	_	_
977-0	PSB018	977	0	e:h	eh	_	_	_	_	_	linguistic	_	none	_	Begin=3303.855	0x1	_	_	_
977-1	PSB018	977	1	anche	anche	_	_	_	_	_	linguistic	_	none	_	_	_	_	_	_
977-2	PSB018	977	2	ucraini	ucraini	_	_	_	_	_	linguistic	_	none	_	_	_	_	_	_
977-3	PSB018	977	3	s:-	s-	_	_	_	_	_	linguistic	_	none	Interrupted=Yes	_	0x1	_	_	_
977-4	PSB018	977	4	è	è	_	_	_	_	_	linguistic	_	none	_	_	_	_	_	_
977-5	PSB018	977	5	<una	una	_	_	_	_	_	linguistic	_	none	_	_	_	Slow=0-3(0)	_	_
977-6	PSB018	977	6	popol(o)>	popolo	_	_	_	_	_	linguistic	_	none	_	_	_	Slow=0-6(0)	5-6(0)	_
977-7	PSB018	977	7	[eh]	eh	_	_	_	_	_	linguistic	_	none	_	_	_	_	_	0-2(302)
977-8	PSB018	977	8	son~	son~	_	_	_	_	_	linguistic	_	none	Interrupted=Yes	_	_	_	_	_
977-9	PSB018	977	9	s[ì]?	sì	_	_	_	_	_	linguistic	_	none	Intonation=Rising	End=3310.678	_	_	_	1-2(303)
978-0	PSB005	978	0	[mhmh[	mhmh	_	_	_	_	_	linguistic	_	none	_	Begin=3308.903|End=3309.242	_	_	_	_
979-0	PSB005	979	0	[è]	è	_	_	_	_	_	linguistic	_	none	_	Begin=3310.516	_	_	_	0-1(303)
979-1	PSB005	979	1	giusto	giusto	_	_	_	_	_	linguistic	_	none	_	_	_	_	_	_
979-2	PSB005	979	2	è	è	_	_	_	_	_	linguistic	_	none	_	_	_	_	_	_
979-3	PSB005	979	3	un	un	_	_	_	_	_	linguistic	_	none	_	_	_	_	_	_
979-4	PSB005	979	4	popolo	popolo	_	_	_	_	_	linguistic	_	none	_	End=3312.21	_	_	_	_
980-0	PSB018	980	0	è	è	_	_	_	_	_	linguistic	_	none	_	Begin=3312.242	_	_	_	_
980-1	PSB018	980	1	un	un	_	_	_	_	_	linguistic	_	none	_	_	_	_	_	_
980-2	PSB018	980	2	popolo	popolo	_	_	_	_	_	linguistic	_	none	_	_	_	_	_	_
980-3	PSB018	980	3	eh	eh	_	_	_	_	_	linguistic	_	none	_	_	_	_	_	_
980-4	PSB018	980	4	e:spressivo	espressivo	_	_	_	_	_	linguistic	_	none	_	_	0x1	_	_	_
980-5	PSB018	980	5	ma	ma	_	_	_	_	_	linguistic	_	none	_	_	_	_	_	_
980-6	PSB018	980	6	non	non	_	_	_	_	_	linguistic	_	none	_	_	_	_	_	_
980-7	PSB018	980	7	espressivo	espressivo	_	_	_	_	_	linguistic	_	none	_	_	_	_	_	_
980-8	PSB018	980	8	come	come	_	_	_	_	_	linguistic	_	none	_	_	_	_	_	_
980-9	PSB018	980	9	i[taliani]	italiani	_	_	_	_	_	linguistic	_	none	_	_	_	_	_	1-8(304)
980-10	PSB018	980	10	perché	perché	_	_	_	_	_	linguistic	_	none	_	_	_	_	_	_
980-11	PSB018	980	11	io	io	_	_	_	_	_	linguistic	_	none	_	_	_	_	_	_
980-12	PSB018	980	12	parlo	parlo	_	_	_	_	_	linguistic	_	none	_	_	_	_	_	_
980-13	PSB018	980	13	di	di	_	_	_	_	_	linguistic	_	none	_	_	_	_	_	_
980-14	PSB018	980	14	<espressività>	espressività	_	_	_	_	_	linguistic	_	none	_	_	_	Slow=0-12(0)	_	_
980-15	PSB018	980	15	[non	non	_	_	_	_	_	linguistic	_	none	_	_	_	_	_	0-3(305)
980-16	PSB018	980	16	so]	so	_	_	_	_	_	linguistic	_	none	_	End=3322.774	_	_	_	0-2(305)
981-0	PSB005	981	0	[okay]	okay	_	_	_	_	_	linguistic	_	none	_	Begin=3317.855|End=3318.682	_	_	_	0-4(304)
982-0	PSB005	982	0	[mhmh]	mhmh	_	_	_	_	_	linguistic	_	none	_	Begin=3322.097	_	_	_	0-4(305)
982-1	PSB005	982	1	sì	sì	_	_	_	_	_	linguistic	_	none	_	End=3323.161	_	_	_	_
983-0	PSB018	983	0	perché	perché	_	_	_	_	_	linguistic	_	none	_	Begin=3323.29|End=3324.016	_	_	_	_
984-0	PSB018	984	0	anche	anche	_	_	_	_	_	linguistic	_	none	_	Begin=3324.613	_	_	_	_
984-1	PSB018	984	1	se	se	_	_	_	_	_	linguistic	_	none	_	_	_	_	_	_
984-2	PSB018	984	2	noi	noi	_	_	_	_	_	linguistic	_	none	_	_	_	_	_	_
984-3	PSB018	984	3	parliamo	parliamo	_	_	_	_	_	linguistic	_	none	_	_	_	_	_	_
984-4	PSB018	984	4	di	di	_	_	_	_	_	linguistic	_	none	_	_	_	_	_	_
984-5	PSB018	984	5	bologna	bologna	_	_	_	_	_	linguistic	_	none	_	_	_	_	_	_
984-6	PSB018	984	6	e	e	_	_	_	_	_	linguistic	_	none	_	_	_	_	_	_
984-7	PSB018	984	7	per	per	_	_	_	_	_	linguistic	_	none	_	_	_	_	_	_
984-8	PSB018	984	8	esempio	esempio	_	_	_	_	_	linguistic	_	none	_	_	_	_	_	_
984-9	PSB018	984	9	e:h	eh	_	_	_	_	_	linguistic	_	none	_	End=3329.742	0x1	_	_	_
985-0	PSB018	985	0	l'	l'	_	_	_	_	_	linguistic	_	none	SpaceAfter=No	Begin=3332.436	_	_	_	_
985-1	PSB018	985	1	altra	altra	_	_	_	_	_	linguistic	_	none	_	_	_	_	_	_
985-2	PSB018	985	2	pae~	pae~	_	_	_	_	_	linguistic	_	none	Interrupted=Yes	_	_	_	_	_
985-3	PSB018	985	3	eh	eh	_	_	_	_	_	linguistic	_	none	_	_	_	_	_	_
985-4	PSB018	985	4	l'	l'	_	_	_	_	_	linguistic	_	none	SpaceAfter=No	_	_	_	_	_
985-5	PSB018	985	5	altra:	altra	_	_	_	_	_	linguistic	_	none	_	_	4x1	_	_	_
985-6	PSB018	985	6	città	città	_	_	_	_	_	linguistic	_	none	_	_	_	_	_	_
985-7	PSB018	985	7	vicino	vicino	_	_	_	_	_	linguistic	_	none	_	_	_	_	_	_
985-8	PSB018	985	8	con	con	_	_	_	_	_	linguistic	_	none	_	_	_	_	_	_
985-9	PSB018	985	9	questi	questi	_	_	_	_	_	linguistic	_	none	_	_	_	_	_	_
985-10	PSB018	985	10	$tigitelli	tigitelli	_	_	_	_	_	linguistic	_	none	Orthography=Yes|Variation=Emerging	_	_	_	_	_
985-11	PSB018	985	11	oppure[:]	oppure	_	_	_	_	_	linguistic	_	none	_	End=3340.29	5x1	_	_	4-6(306)
986-0	PSB005	986	0	[mh]mh	mhmh	_	_	_	_	_	linguistic	_	none	_	Begin=3340.0|End=3340.557	_	_	_	0-2(306)
987-0	PSB018	987	0	modena	modena	_	_	_	_	_	linguistic	_	none	_	Begin=3340.984|End=3341.388	_	_	_	_
988-0	PSB005	988	0	modena	modena	_	_	_	_	_	linguistic	_	none	_	Begin=3341.387	_	_	_	_
988-1	PSB005	988	1	[ah	ah	_	_	_	_	_	linguistic	_	none	_	_	_	_	_	0-2(308)
988-2	PSB005	988	2	okay	okay	_	_	_	_	_	linguistic	_	none	_	_	_	_	_	0-4(308)
988-3	PSB005	988	3	okay	okay	_	_	_	_	_	linguistic	_	none	_	_	_	_	_	0-4(308)
988-4	PSB005	988	4	allora]	allora	_	_	_	_	_	linguistic	_	none	_	_	_	_	_	0-6(308)
988-5	PSB005	988	5	mhmh	mhmh	_	_	_	_	_	linguistic	_	none	_	End=3344.548	_	_	_	_
989-0	PSB018	989	0	[modena	modena	_	_	_	_	_	linguistic	_	none	_	Begin=3341.903	_	_	_	0-6(308)
989-1	PSB018	989	1	se	se	_	_	_	_	_	linguistic	_	none	_	_	_	_	_	0-2(308)
989-2	PSB018	989	2	noi	noi	_	_	_	_	_	linguistic	_	none	_	_	_	_	_	0-3(308)
989-3	PSB018	989	3	parliamo	parliamo	_	_	_	_	_	linguistic	_	none	_	_	_	_	_	0-8(308)
989-4	PSB018	989	4	di	di	_	_	_	_	_	linguistic	_	none	_	_	_	_	_	0-2(308)
989-5	PSB018	989	5	quest~]	quest~	_	_	_	_	_	linguistic	_	none	Interrupted=Yes	End=3343.871	_	_	_	0-6(308)
990-0	PSB018	990	0	<sempre	sempre	_	_	_	_	_	linguistic	_	none	_	Begin=3344.548	_	Slow=0-6(0)	_	_
990-1	PSB018	990	1	qualche	qualche	_	_	_	_	_	linguistic	_	none	_	_	_	Slow=0-7(0)	_	_
990-2	PSB018	990	2	compiti	compiti	_	_	_	_	_	linguistic	_	none	_	_	_	Slow=0-7(0)	_	_
990-3	PSB018	990	3	con>	con	_	_	_	_	_	linguistic	_	none	_	_	_	Slow=0-3(0)	_	_
990-4	PSB018	990	4	qualche	qualche	_	_	_	_	_	linguistic	_	none	_	_	_	Fast=0-7(0)	_	_
990-5	PSB018	990	5	tipo	tipo	_	_	_	_	_	linguistic	_	none	_	_	_	Fast=0-4(0)	_	_
990-6	PSB018	990	6	di	di	_	_	_	_	_	linguistic	_	none	_	_	_	Fast=0-2(0)	_	_
990-7	PSB018	990	7	cibo	cibo	_	_	_	_	_	linguistic	_	none	_	_	_	Fast=0-4(0)	_	_
990-8	PSB018	990	8	<come	come	_	_	_	_	_	linguistic	_	none	_	_	_	Slow=0-4(1)	_	_
990-9	PSB018	990	9	si	si	_	_	_	_	_	linguistic	_	none	_	_	_	Slow=0-2(1)	_	_
990-10	PSB018	990	10	chiama>	chiama	_	_	_	_	_	linguistic	_	none	_	_	_	Slow=0-6(1)	_	_
990-11	PSB018	990	11	come	come	_	_	_	_	_	linguistic	_	none	_	_	_	_	_	_
990-12	PSB018	990	12	deve	deve	_	_	_	_	_	linguistic	_	none	_	_	_	_	_	_
990-13	PSB018	990	13	essere	essere	_	_	_	_	_	linguistic	_	none	_	_	_	_	_	_
990-14	PSB018	990	14	cucin~	cucin~	_	_	_	_	_	linguistic	_	none	Interrupted=Yes	_	_	_	_	_
990-15	PSB018	990	15	[deve]	deve	_	_	_	_	_	linguistic	_	none	_	_	_	_	_	0-4(311)
990-16	PSB018	990	16	essere	essere	_	_	_	_	_	linguistic	_	none	_	_	_	_	_	_
990-17	PSB018	990	17	[cucin]are	cucinare	_	_	_	_	_	linguistic	_	none	_	_	_	_	_	0-5(309)
990-18	PSB018	990	18	gi[usto]	giusto	_	_	_	_	_	linguistic	_	none	_	End=3357.565	_	_	_	2-6(310)
991-0	PSB005	991	0	[mhmh]	mhmh	_	_	_	_	_	linguistic	_	none	_	Begin=3354.629|End=3355.152	_	_	_	0-4(311)
992-0	PSB005	992	0	[mh]	mh	_	_	_	_	_	linguistic	_	none	_	Begin=3355.774|End=3356.116	_	_	_	0-2(309)
993-0	PSB005	993	0	[mhmh]	mhmh	_	_	_	_	_	linguistic	_	none	_	Begin=3356.903|End=3357.418	_	_	_	0-4(310)
994-0	PSB018	994	0	e:h	eh	_	_	_	_	_	linguistic	_	none	_	Begin=3358.194	0x1	_	_	_
994-1	PSB018	994	1	bla	bla	_	_	_	_	_	linguistic	_	none	_	_	_	_	_	_
994-2	PSB018	994	2	bla	bla	_	_	_	_	_	linguistic	_	none	_	_	_	_	_	_
994-3	PSB018	994	3	bla	bla	_	_	_	_	_	linguistic	_	none	_	_	_	_	_	_
994-4	PSB018	994	4	non	non	_	_	_	_	_	linguistic	_	none	_	_	_	_	_	_
994-5	PSB018	994	5	non	non	_	_	_	_	_	linguistic	_	none	_	_	_	_	_	_
994-6	PSB018	994	6	posso	posso	_	_	_	_	_	linguistic	_	none	_	_	_	_	_	_
994-7	PSB018	994	7	<spiego>	spiego	_	_	_	_	_	linguistic	_	none	_	_	_	Slow=0-6(0)	_	_
994-8	PSB018	994	8	perché	perché	_	_	_	_	_	linguistic	_	none	_	_	_	Fast=0-6(0)	_	_
994-9	PSB018	994	9	non	non	_	_	_	_	_	linguistic	_	none	_	_	_	Fast=0-3(0)	_	_
994-10	PSB018	994	10	s:o	so	_	_	_	_	_	linguistic	_	none	_	_	0x1	Fast=0-2(0)	_	_
994-11	PSB018	994	11	eh	eh	_	_	_	_	_	linguistic	_	none	_	_	_	Fast=0-2(0)	_	_
994-12	PSB018	994	12	tutti	tutti	_	_	_	_	_	linguistic	_	none	_	_	_	Fast=0-5(0)	_	_
994-13	PSB018	994	13	la	la	_	_	_	_	_	linguistic	_	none	_	_	_	Fast=0-2(0)	_	_
994-14	PSB018	994	14	<peculi[arità>	peculiarità	_	_	_	_	_	linguistic	_	none	_	_	_	Slow=0-11(1)	_	6-11(312)
994-15	PSB018	994	15	di	di	_	_	_	_	_	linguistic	_	none	_	_	_	_	_	0-2(312)
994-16	PSB018	994	16	quella	quella	_	_	_	_	_	linguistic	_	none	_	_	_	_	_	0-6(312)
994-17	PSB018	994	17	ma]	ma	_	_	_	_	_	linguistic	_	none	_	_	_	_	_	0-2(312)
994-18	PSB018	994	18	e	e	_	_	_	_	_	linguistic	_	none	_	_	_	_	_	_
994-19	PSB018	994	19	questo	questo	_	_	_	_	_	linguistic	_	none	_	_	_	_	_	_
994-20	PSB018	994	20	mi	mi	_	_	_	_	_	linguistic	_	none	_	_	_	_	_	_
994-21	PSB018	994	21	piace	piace	_	_	_	_	_	linguistic	_	none	_	_	_	_	_	_
994-22	PSB018	994	22	molto	molto	_	_	_	_	_	linguistic	_	none	_	End=3369.871	_	_	_	_
995-0	PSB005	995	0	[sì	sì	_	_	_	_	_	linguistic	_	none	_	Begin=3365.79	_	_	_	0-2(312)
995-1	PSB005	995	1	sì	sì	_	_	_	_	_	linguistic	_	none	_	_	_	_	_	0-2(312)
995-2	PSB005	995	2	sì	sì	_	_	_	_	_	linguistic	_	none	_	_	_	_	_	0-2(312)
995-3	PSB005	995	3	sì	sì	_	_	_	_	_	linguistic	_	none	_	_	_	_	_	0-2(312)
995-4	PSB005	995	4	°sì	sì	_	_	_	_	_	linguistic	_	none	Volume=low	_	_	_	_	0-2(312)
995-5	PSB005	995	5	sì°]	sì	_	_	_	_	_	linguistic	_	none	Volume=low	End=3367.462	_	_	_	0-2(312)
996-0	PSB018	996	0	perché	perché	_	_	_	_	_	linguistic	_	none	_	Begin=3370.242	_	_	_	_
996-1	PSB018	996	1	noi	noi	_	_	_	_	_	linguistic	_	none	_	_	_	_	_	_
996-2	PSB018	996	2	abbiamo	abbiamo	_	_	_	_	_	linguistic	_	none	_	_	_	_	_	_
996-3	PSB018	996	3	in	in	_	_	_	_	_	linguistic	_	none	_	_	_	_	_	_
996-4	PSB018	996	4	ucraina	ucraina	_	_	_	_	_	linguistic	_	none	_	_	_	_	_	_
996-5	PSB018	996	5	tante	tante	_	_	_	_	_	linguistic	_	none	_	_	_	_	_	_
996-6	PSB018	996	6	cose	cose	_	_	_	_	_	linguistic	_	none	_	_	_	_	_	_
996-7	PSB018	996	7	non	non	_	_	_	_	_	linguistic	_	none	_	_	_	_	_	_
996-8	PSB018	996	8	l(o)	lo	_	_	_	_	_	linguistic	_	none	_	_	_	_	1-2(0)	_
996-9	PSB018	996	9	stesse	stesse	_	_	_	_	_	linguistic	_	none	_	_	_	_	_	_
996-10	PSB018	996	10	ma	ma	_	_	_	_	_	linguistic	_	none	_	_	_	_	_	_
996-11	PSB018	996	11	simile	simile	_	_	_	_	_	linguistic	_	none	_	_	_	_	_	_
996-12	PSB018	996	12	eh	eh	_	_	_	_	_	linguistic	_	none	_	_	_	_	_	_
996-13	PSB018	996	13	con	con	_	_	_	_	_	linguistic	_	none	_	_	_	_	_	_
996-14	PSB018	996	14	eh	eh	_	_	_	_	_	linguistic	_	none	_	_	_	_	_	_
996-15	PSB018	996	15	il	il	_	_	_	_	_	linguistic	_	none	_	_	_	_	_	_
996-16	PSB018	996	16	pane	pane	_	_	_	_	_	linguistic	_	none	_	_	_	_	_	_
996-17	PSB018	996	17	dive:rse	diverse	_	_	_	_	_	linguistic	_	none	_	_	3x1	_	_	_
996-18	PSB018	996	18	con:	con	_	_	_	_	_	linguistic	_	none	_	_	2x1	_	_	_
996-19	PSB018	996	19	forse	forse	_	_	_	_	_	linguistic	_	none	_	_	_	_	_	_
996-20	PSB018	996	20	pasta	pasta	_	_	_	_	_	linguistic	_	none	_	_	_	_	_	_
996-21	PSB018	996	21	no	no	_	_	_	_	_	linguistic	_	none	_	_	_	_	_	_
996-22	PSB018	996	22	tutti	tutti	_	_	_	_	_	linguistic	_	none	_	_	_	_	_	_
996-23	PSB018	996	23	i	i	_	_	_	_	_	linguistic	_	none	_	_	_	_	_	_
996-24	PSB018	996	24	tipi	tipi	_	_	_	_	_	linguistic	_	none	_	_	_	_	_	_
996-25	PSB018	996	25	di	di	_	_	_	_	_	linguistic	_	none	_	_	_	_	_	_
996-26	PSB018	996	26	past~	past~	_	_	_	_	_	linguistic	_	none	Interrupted=Yes	_	_	_	_	_
996-27	PSB018	996	27	della	della	_	_	_	_	_	linguistic	_	none	_	_	_	_	_	_
996-28	PSB018	996	28	pasta	pasta	_	_	_	_	_	linguistic	_	none	_	_	_	_	_	_
996-29	PSB018	996	29	ma	ma	_	_	_	_	_	linguistic	_	none	_	_	_	_	_	_
996-30	PSB018	996	30	noi	noi	_	_	_	_	_	linguistic	_	none	_	_	_	_	_	_
996-31	PSB018	996	31	abbiamo	abbiamo	_	_	_	_	_	linguistic	_	none	_	_	_	_	_	_
996-32	PSB018	996	32	altre	altre	_	_	_	_	_	linguistic	_	none	_	_	_	_	_	_
996-33	PSB018	996	33	tipi	tipi	_	_	_	_	_	linguistic	_	none	_	_	_	_	_	_
996-34	PSB018	996	34	de':	de':	_	_	_	_	_	error	_	none	_	_	_	_	_	_
996-35	PSB018	996	35	di	di	_	_	_	_	_	linguistic	_	none	_	_	_	_	_	_
996-36	PSB018	996	36	cibi	cibi	_	_	_	_	_	linguistic	_	none	_	End=3387.065	_	_	_	_
997-0	PSB018	997	0	ma	ma	_	_	_	_	_	linguistic	_	none	_	Begin=3387.629	_	_	_	_
997-1	PSB018	997	1	<presenta:re	presentare	_	_	_	_	_	linguistic	_	none	_	_	7x1	Slow=0-10(0)	_	_
997-2	PSB018	997	2	la	la	_	_	_	_	_	linguistic	_	none	_	_	_	Slow=0-2(0)	_	_
997-3	PSB018	997	3	ricetta	ricetta	_	_	_	_	_	linguistic	_	none	_	_	_	Slow=0-7(0)	_	_
997-4	PSB018	997	4	il	il	_	_	_	_	_	linguistic	_	none	_	_	_	Slow=0-2(0)	_	_
997-5	PSB018	997	5	prodotto>	prodotto	_	_	_	_	_	linguistic	_	none	_	_	_	Slow=0-8(0)	_	_
997-6	PSB018	997	6	come	come	_	_	_	_	_	linguistic	_	none	_	_	_	_	_	_
997-7	PSB018	997	7	italiani	italiani	_	_	_	_	_	linguistic	_	none	_	_	_	_	_	_
997-8	PSB018	997	8	possono	possono	_	_	_	_	_	linguistic	_	none	_	_	_	_	_	_
997-9	PSB018	997	9	e	e	_	_	_	_	_	linguistic	_	none	_	_	_	_	_	_
997-10	PSB018	997	10	e:h	eh	_	_	_	_	_	linguistic	_	none	_	End=3398.661	0x1	_	_	_
998-0	PSB018	998	0	fare	fare	_	_	_	_	_	linguistic	_	none	_	Begin=3399.726	_	_	_	_
998-1	PSB018	998	1	un	un	_	_	_	_	_	linguistic	_	none	_	_	_	_	_	_
998-2	PSB018	998	2	compiti:	compiti	_	_	_	_	_	linguistic	_	none	_	_	6x1	_	_	_
998-3	PSB018	998	3	come	come	_	_	_	_	_	linguistic	_	none	_	_	_	_	_	_
998-4	PSB018	998	4	italiani	italiani	_	_	_	_	_	linguistic	_	none	_	_	_	_	_	_
998-5	PSB018	998	5	fa:	fa	_	_	_	_	_	linguistic	_	none	_	End=3404.048	1x1	_	_	_
999-0	PSB018	999	0	fanno	fanno	_	_	_	_	_	linguistic	_	yes	_	Begin=3404.678	_	_	_	_
999-1	PSB018	999	1	è	è	_	_	_	_	_	linguistic	_	yes	_	_	_	_	_	_
999-2	PSB018	999	2	una	una	_	_	_	_	_	linguistic	_	yes	_	_	_	_	_	_
999-3	PSB018	999	3	#tradicija	tradicija	_	_	_	_	_	linguistic	_	yes	Language=NO_ISO_CODE|Variation=Token	_	_	_	_	_
999-4	PSB018	999	4	è	è	_	_	_	_	_	linguistic	_	yes	_	_	_	_	_	_
999-5	PSB018	999	5	un	un	_	_	_	_	_	linguistic	_	yes	_	_	_	_	_	_
999-6	PSB018	999	6	non	non	_	_	_	_	_	linguistic	_	yes	_	_	_	_	_	_
999-7	PSB018	999	7	so	so	_	_	_	_	_	linguistic	_	yes	_	_	_	_	_	_
999-8	PSB018	999	8	<s:angue>	sangue	_	_	_	_	_	linguistic	_	yes	_	_	0x1	Slow=0-6(0)	_	_
999-9	PSB018	999	9	della:	della	_	_	_	_	_	linguistic	_	yes	_	_	4x1	_	_	_
999-10	PSB018	999	10	paes[e	paese	_	_	_	_	_	linguistic	_	yes	_	_	_	_	_	4-5(313)
999-11	PSB018	999	11	e	e	_	_	_	_	_	linguistic	_	yes	_	_	_	_	_	0-1(313)
999-12	PSB018	999	12	a	a	_	_	_	_	_	linguistic	_	yes	_	_	_	_	_	0-1(313)
999-13	PSB018	999	13	me	me	_	_	_	_	_	linguistic	_	yes	_	_	_	_	_	0-2(313)
999-14	PSB018	999	14	pia]ce	piace	_	_	_	_	_	linguistic	_	yes	_	_	_	_	_	0-3(313)
999-15	PSB018	999	15	MOLTO	molto	_	_	_	_	_	linguistic	_	yes	Volume=high	End=3414.936	_	_	_	_
1000-0	PSB005	1000	0	[sì	sì	_	_	_	_	_	linguistic	_	none	_	Begin=3412.758	_	_	_	0-2(313)
1000-1	PSB005	1000	1	c'	c'	_	_	_	_	_	linguistic	_	none	SpaceAfter=No	_	_	_	_	0-2(313)
1000-2	PSB005	1000	2	è	è	_	_	_	_	_	linguistic	_	none	_	_	_	_	_	0-1(313)
1000-3	PSB005	1000	3	questo]	questo	_	_	_	_	_	linguistic	_	none	_	End=3413.654	_	_	_	0-6(313)
1001-0	PSB005	1001	0	questo	questo	_	_	_	_	_	linguistic	_	none	_	Begin=3414.919	_	_	_	_
1001-1	PSB005	1001	1	orgoglio	orgoglio	_	_	_	_	_	linguistic	_	none	_	_	_	_	_	_
1001-2	PSB005	1001	2	[s]ì	sì	_	_	_	_	_	linguistic	_	none	_	_	_	_	_	0-1(315)
1001-3	PSB005	1001	3	molto	molto	_	_	_	_	_	linguistic	_	none	_	_	_	_	_	_
1001-4	PSB005	1001	4	forte	forte	_	_	_	_	_	linguistic	_	none	_	_	_	_	_	_
1001-5	PSB005	1001	5	sì	sì	_	_	_	_	_	linguistic	_	none	_	_	_	_	_	_
1001-6	PSB005	1001	6	sì	sì	_	_	_	_	_	linguistic	_	none	_	_	_	_	_	_
1001-7	PSB005	1001	7	certo	certo	_	_	_	_	_	linguistic	_	none	_	_	_	_	_	_
1001-8	PSB005	1001	8	anche	anche	_	_	_	_	_	linguistic	_	none	_	_	_	_	_	_
1001-9	PSB005	1001	9	secondo	secondo	_	_	_	_	_	linguistic	_	none	_	_	_	_	_	_
1001-10	PSB005	1001	10	me	me	_	_	_	_	_	linguistic	_	none	_	_	_	_	_	_
1001-11	PSB005	1001	11	è	è	_	_	_	_	_	linguistic	_	none	_	_	_	_	_	_
1001-12	PSB005	1001	12	es~	es~	_	_	_	_	_	linguistic	_	none	Interrupted=Yes	_	_	_	_	_
1001-13	PSB005	1001	13	un	un	_	_	_	_	_	linguistic	_	none	_	_	_	_	_	_
1001-14	PSB005	1001	14	po'	po'	_	_	_	_	_	linguistic	_	none	_	_	_	_	_	_
1001-15	PSB005	1001	15	esagerato	esagerato	_	_	_	_	_	linguistic	_	none	_	_	_	_	_	_
1001-16	PSB005	1001	16	certe	certe	_	_	_	_	_	linguistic	_	none	_	_	_	_	_	_
1001-17	PSB005	1001	17	volte	volte	_	_	_	_	_	linguistic	_	none	_	End=3422.113	_	_	_	_
1002-0	PSB018	1002	0	[vero]	vero	_	_	_	_	_	linguistic	_	none	_	Begin=3416.129|End=3416.533	_	_	_	0-4(315)
1003-0	PSB018	1003	0	vero	vero	_	_	_	_	_	linguistic	_	none	_	Begin=3422.129	_	_	_	_
1003-1	PSB018	1003	1	vero	vero	_	_	_	_	_	linguistic	_	none	_	_	_	_	_	_
1003-2	PSB018	1003	2	>no	no	_	_	_	_	_	linguistic	_	none	_	_	_	Fast=0-2(0)	_	_
1003-3	PSB018	1003	3	a	a	_	_	_	_	_	linguistic	_	none	_	_	_	Fast=0-1(0)	_	_
1003-4	PSB018	1003	4	me<	me	_	_	_	_	_	linguistic	_	none	_	_	_	Fast=0-2(0)	_	_
1003-5	PSB018	1003	5	pia]ce	piace	_	_	_	_	_	linguistic	_	none	_	_	_	_	_	_
1003-6	PSB018	1003	6	molto	molto	_	_	_	_	_	linguistic	_	none	_	_	_	_	_	_
1003-7	PSB018	1003	7	e	e	_	_	_	_	_	linguistic	_	none	_	_	_	_	_	_
1003-8	PSB018	1003	8	se	se	_	_	_	_	_	linguistic	_	none	_	End=3424.71	_	_	_	_
1004-0	PSB005	1004	0	[sì	sì	_	_	_	_	_	linguistic	_	none	_	Begin=3422.597	_	_	_	0-2(316)
1004-1	PSB005	1004	1	sì]	sì	_	_	_	_	_	linguistic	_	none	_	End=3423.307	_	_	_	0-2(316)
1005-0	PSB018	1005	0	ta~	ta~	_	_	_	_	_	linguistic	_	none	Interrupted=Yes	Begin=3425.258	_	_	_	_
1005-1	PSB018	1005	1	e	e	_	_	_	_	_	linguistic	_	none	_	_	_	_	_	_
1005-2	PSB018	1005	2	se	se	_	_	_	_	_	linguistic	_	none	_	_	_	_	_	_
1005-3	PSB018	1005	3	noi	noi	_	_	_	_	_	linguistic	_	none	_	_	_	_	_	_
1005-4	PSB018	1005	4	parliamo	parliamo	_	_	_	_	_	linguistic	_	none	_	_	_	_	_	_
1005-5	PSB018	1005	5	di	di	_	_	_	_	_	linguistic	_	none	_	_	_	_	_	_
1005-6	PSB018	1005	6	della	della	_	_	_	_	_	linguistic	_	none	_	_	_	_	_	_
1005-7	PSB018	1005	7	cucina	cucina	_	_	_	_	_	linguistic	_	none	_	End=3428.5	_	_	_	_
1006-0	PSB018	1006	0	allora	allora	_	_	_	_	_	linguistic	_	none	_	Begin=3429.081	_	_	_	_
1006-1	PSB018	1006	1	lingua	lingua	_	_	_	_	_	linguistic	_	none	_	_	_	_	_	_
1006-2	PSB018	1006	2	italian	italian	_	_	_	_	_	linguistic	_	none	_	_	_	_	_	_
1006-3	PSB018	1006	3	è	è	_	_	_	_	_	linguistic	_	none	_	_	_	_	_	_
1006-4	PSB018	1006	4	livello	livello	_	_	_	_	_	linguistic	_	none	_	_	_	_	_	_
1006-5	PSB018	1006	5	numero	numero	_	_	_	_	_	linguistic	_	none	_	_	_	_	_	_
1006-6	PSB018	1006	6	uno	uno	_	_	_	_	_	linguistic	_	none	_	End=3432.726	_	_	_	_
1007-0	PSB018	1007	0	e	e	_	_	_	_	_	linguistic	_	none	_	Begin=3433.839	_	_	_	_
1007-1	PSB018	1007	1	cibo	cibo	_	_	_	_	_	linguistic	_	none	_	_	_	_	_	_
1007-2	PSB018	1007	2	cibi	cibi	_	_	_	_	_	linguistic	_	none	_	_	_	_	_	_
1007-3	PSB018	1007	3	italiani	italiani	_	_	_	_	_	linguistic	_	none	_	_	_	_	_	_
1007-4	PSB018	1007	4	livello	livello	_	_	_	_	_	linguistic	_	none	_	_	_	_	_	_
1007-5	PSB018	1007	5	numero	numero	_	_	_	_	_	linguistic	_	none	_	_	_	_	_	_
1007-6	PSB018	1007	6	due	due	_	_	_	_	_	linguistic	_	none	_	End=3437.661	_	_	_	_
1008-0	PSB005	1008	0	mh	mh	_	_	_	_	_	linguistic	_	none	_	Begin=3437.661|End=3437.968	_	_	_	_
1009-0	PSB018	1009	0	di	di	_	_	_	_	_	linguistic	_	none	_	Begin=3438.21	_	_	_	_
1009-1	PSB018	1009	1	italiani	italiani	_	_	_	_	_	linguistic	_	none	_	_	_	_	_	_
1009-2	PSB018	1009	2	il	il	_	_	_	_	_	linguistic	_	none	_	_	_	_	_	_
1009-3	PSB018	1009	3	[livello	livello	_	_	_	_	_	linguistic	_	none	_	_	_	_	_	0-7(317)
1009-4	PSB018	1009	4	numero]	numero	_	_	_	_	_	linguistic	_	none	_	End=3440.532	_	_	_	0-6(317)
1010-0	PSB005	1010	0	[xx	xx	_	_	_	_	_	unknown	_	none	Syllables=2	Begin=3439.274	_	_	_	0-2(317)
1010-1	PSB005	1010	1	xx]	xx	_	_	_	_	_	unknown	_	none	Syllables=2	_	_	_	_	0-2(317)
1010-2	PSB005	1010	2	((ride))	((ride))	_	_	_	_	_	nonverbalbehavior	_	none	_	End=3441.194	_	_	_	_
1011-0	PSB018	1011	0	è:	è	_	_	_	_	_	linguistic	_	none	_	Begin=3441.339	0x1	_	_	_
1011-1	PSB018	1011	1	formaggio	formaggio	_	_	_	_	_	linguistic	_	none	_	_	_	_	_	_
1011-2	PSB018	1011	2	il	il	_	_	_	_	_	linguistic	_	none	_	_	_	_	_	_
1011-3	PSB018	1011	3	ivello.	ivello	_	_	_	_	_	linguistic	_	none	Intonation=Falling	_	_	_	_	_
1011-4	PSB018	1011	4	perché	perché	_	_	_	_	_	linguistic	_	none	_	_	_	_	_	_
1011-5	PSB018	1011	5	per	per	_	_	_	_	_	linguistic	_	none	_	_	_	_	_	_
1011-6	PSB018	1011	6	me	me	_	_	_	_	_	linguistic	_	none	_	_	_	_	_	_
1011-7	PSB018	1011	7	vino	vino	_	_	_	_	_	linguistic	_	none	_	_	_	_	_	_
1011-8	PSB018	1011	8	rosso	rosso	_	_	_	_	_	linguistic	_	none	_	_	_	_	_	_
1011-9	PSB018	1011	9	vino	vino	_	_	_	_	_	linguistic	_	none	_	_	_	_	_	_
1011-10	PSB018	1011	10	bianco	bianco	_	_	_	_	_	linguistic	_	none	_	_	_	_	_	_
1011-11	PSB018	1011	11	eh	eh	_	_	_	_	_	linguistic	_	none	_	_	_	_	_	_
1011-12	PSB018	1011	12	non	non	_	_	_	_	_	linguistic	_	none	_	_	_	_	_	_
1011-13	PSB018	1011	13	so	so	_	_	_	_	_	linguistic	_	none	_	_	_	_	_	_
1011-14	PSB018	1011	14	e:hm	ehm	_	_	_	_	_	linguistic	_	none	_	End=3452.065	0x1	_	_	_
1012-0	PSB005	1012	0	((ride))	((ride))	_	_	_	_	_	nonverbalbehavior	_	none	_	Begin=3442.678|End=3443.781	_	_	_	_
1013-0	PSB018	1013	0	spumante	spumante	_	_	_	_	_	linguistic	_	none	_	Begin=3452.5	_	_	_	_
1013-1	PSB018	1013	1	non	non	_	_	_	_	_	linguistic	_	none	_	_	_	_	_	_
1013-2	PSB018	1013	2	spumante	spumante	_	_	_	_	_	linguistic	_	none	_	_	_	_	_	_
1013-3	PSB018	1013	3	secco	secco	_	_	_	_	_	linguistic	_	none	_	_	_	_	_	_
1013-4	PSB018	1013	4	non	non	_	_	_	_	_	linguistic	_	none	_	_	_	_	_	_
1013-5	PSB018	1013	5	[secco]	secco	_	_	_	_	_	linguistic	_	none	_	_	_	_	_	0-5(319)
1013-6	PSB018	1013	6	e:	e	_	_	_	_	_	linguistic	_	none	_	_	0x1	_	_	_
1013-7	PSB018	1013	7	$fru:cco	frucco	_	_	_	_	_	linguistic	_	none	Orthography=Yes|Variation=Emerging	_	2x1	_	_	_
1013-8	PSB018	1013	8	frutt[a]?	frutta	_	_	_	_	_	linguistic	_	none	Intonation=Rising	End=3459.307	_	_	_	5-6(320)
1014-0	PSB005	1014	0	[mhmh]	mhmh	_	_	_	_	_	linguistic	_	none	_	Begin=3454.855|End=3455.403	_	_	_	0-4(319)
1015-0	PSB005	1015	0	[~at]o	~ato	_	_	_	_	_	linguistic	_	none	Interrupted=Yes	Begin=3459.065|End=3459.484	_	_	_	0-3(320)
1016-0	PSB018	1016	0	frutta[to]	fruttato	_	_	_	_	_	linguistic	_	none	_	Begin=3459.645	_	_	_	6-8(321)
1016-1	PSB018	1016	1	o:	o	_	_	_	_	_	linguistic	_	none	_	End=3461.358	0x1	_	_	_
1017-0	PSB005	1017	0	[~ato]	~ato	_	_	_	_	_	linguistic	_	none	Interrupted=Yes	Begin=3459.984|End=3460.449	_	_	_	0-4(321)
1018-0	PSB018	1018	0	l'	l'	_	_	_	_	_	linguistic	_	none	SpaceAfter=No	Begin=3461.79	_	_	_	_
1018-1	PSB018	1018	1	altro	altro	_	_	_	_	_	linguistic	_	none	_	End=3462.484	_	_	_	_
1019-0	PSB005	1019	0	eh	eh	_	_	_	_	_	linguistic	_	none	_	Begin=3462.484	_	_	_	_
1019-1	PSB005	1019	1	non	non	_	_	_	_	_	linguistic	_	none	_	_	_	_	_	_
1019-2	PSB005	1019	2	lo	lo	_	_	_	_	_	linguistic	_	none	_	_	_	_	_	_
1019-3	PSB005	1019	3	[so]	so	_	_	_	_	_	linguistic	_	none	_	End=3463.194	_	_	_	0-2(322)
1020-0	PSB018	1020	0	[no	no	_	_	_	_	_	linguistic	_	none	_	Begin=3462.936	_	_	_	0-2(322)
1020-1	PSB018	1020	1	no]n	non	_	_	_	_	_	linguistic	_	none	_	_	_	_	_	0-2(322)
1020-2	PSB018	1020	2	mi	mi	_	_	_	_	_	linguistic	_	none	_	_	_	_	_	_
1020-3	PSB018	1020	3	ricordo	ricordo	_	_	_	_	_	linguistic	_	none	_	_	_	_	_	_
1020-4	PSB018	1020	4	come	come	_	_	_	_	_	linguistic	_	none	_	End=3464.129	_	_	_	_
1021-0	PSB005	1021	0	non	non	_	_	_	_	_	linguistic	_	none	_	Begin=3464.113	_	_	_	_
1021-1	PSB005	1021	1	lo	lo	_	_	_	_	_	linguistic	_	none	_	_	_	_	_	_
1021-2	PSB005	1021	2	so	so	_	_	_	_	_	linguistic	_	none	_	_	_	_	_	_
1021-3	PSB005	1021	3	neanche	neanche	_	_	_	_	_	linguistic	_	none	_	_	_	_	_	_
1021-4	PSB005	1021	4	io	io	_	_	_	_	_	linguistic	_	none	_	_	_	_	_	_
1021-5	PSB005	1021	5	((ride)	ride	_	_	_	_	_	linguistic	_	none	_	End=3465.765	_	_	_	_
1022-0	PSB018	1022	0	e	e	_	_	_	_	_	linguistic	_	none	_	Begin=3466.0	_	_	_	_
1022-1	PSB018	1022	1	BASTA	basta	_	_	_	_	_	linguistic	_	none	Volume=high	_	_	_	_	_
1022-2	PSB018	1022	2	ma	ma	_	_	_	_	_	linguistic	_	none	_	_	_	_	_	_
1022-3	PSB018	1022	3	tutti	tutti	_	_	_	_	_	linguistic	_	none	_	_	_	_	_	_
1022-4	PSB018	1022	4	questi:	questi	_	_	_	_	_	linguistic	_	none	_	_	5x1	_	_	_
1022-5	PSB018	1022	5	nomi	nomi	_	_	_	_	_	linguistic	_	none	_	_	_	_	_	_
1022-6	PSB018	1022	6	lo	lo	_	_	_	_	_	linguistic	_	none	_	_	_	_	_	_
1022-7	PSB018	1022	7	stess~	stess~	_	_	_	_	_	linguistic	_	none	Interrupted=Yes	_	_	_	_	_
1022-8	PSB018	1022	8	eh	eh	_	_	_	_	_	linguistic	_	none	_	_	_	_	_	_
1022-9	PSB018	1022	9	un	un	_	_	_	_	_	linguistic	_	none	_	_	_	_	_	_
1022-10	PSB018	1022	10	tipo	tipo	_	_	_	_	_	linguistic	_	none	_	_	_	_	_	_
1022-11	PSB018	1022	11	di	di	_	_	_	_	_	linguistic	_	none	_	_	_	_	_	_
1022-12	PSB018	1022	12	vino	vino	_	_	_	_	_	linguistic	_	none	_	_	_	_	_	_
1022-13	PSB018	1022	13	ma:	ma	_	_	_	_	_	linguistic	_	none	_	_	1x1	_	_	_
1022-14	PSB018	1022	14	e	e	_	_	_	_	_	linguistic	_	none	_	_	_	_	_	_
1022-15	PSB018	1022	15	se	se	_	_	_	_	_	linguistic	_	none	_	_	_	_	_	_
1022-16	PSB018	1022	16	eh	eh	_	_	_	_	_	linguistic	_	none	_	_	_	_	_	_
1022-17	PSB018	1022	17	ma	ma	_	_	_	_	_	linguistic	_	none	_	_	_	_	_	_
1022-18	PSB018	1022	18	pro~	pro~	_	_	_	_	_	linguistic	_	none	Interrupted=Yes	_	_	_	_	_
1022-19	PSB018	1022	19	è	è	_	_	_	_	_	linguistic	_	none	_	_	_	_	_	_
1022-20	PSB018	1022	20	prodotto	prodotto	_	_	_	_	_	linguistic	_	none	_	_	_	_	_	_
1022-21	PSB018	1022	21	[produ~]?	produ~	_	_	_	_	_	linguistic	_	none	Intonation=Rising|Interrupted=Yes	End=3475.29	_	_	_	0-6(324)
1023-0	PSB005	1023	0	[mhmh]	mhmh	_	_	_	_	_	linguistic	_	none	_	Begin=3474.807|End=3475.258	_	_	_	0-4(324)
1024-0	PSB018	1024	0	qui	qui	_	_	_	_	_	linguistic	_	none	_	Begin=3476.21	_	_	_	_
1024-1	PSB018	1024	1	o	o	_	_	_	_	_	linguistic	_	none	_	_	_	_	_	_
1024-2	PSB018	1024	2	lì	lì	_	_	_	_	_	linguistic	_	none	_	_	_	_	_	_
1024-3	PSB018	1024	3	o:	o	_	_	_	_	_	linguistic	_	none	_	_	0x1	_	_	_
1024-4	PSB018	1024	4	puglia	puglia	_	_	_	_	_	linguistic	_	none	_	_	_	_	_	_
1024-5	PSB018	1024	5	io	io	_	_	_	_	_	linguistic	_	none	_	_	_	_	_	_
1024-6	PSB018	1024	6	o	o	_	_	_	_	_	linguistic	_	none	_	_	_	_	_	_
1024-7	PSB018	1024	7	bologna	bologna	_	_	_	_	_	linguistic	_	none	_	_	_	_	_	_
1024-8	PSB018	1024	8	o	o	_	_	_	_	_	linguistic	_	none	_	_	_	_	_	_
1024-9	PSB018	1024	9	non	non	_	_	_	_	_	linguistic	_	none	_	_	_	_	_	_
1024-10	PSB018	1024	10	so	so	_	_	_	_	_	linguistic	_	none	_	_	_	_	_	_
1024-11	PSB018	1024	11	da	da	_	_	_	_	_	linguistic	_	none	_	_	_	_	_	_
1024-12	PSB018	1024	12	dove	dove	_	_	_	_	_	linguistic	_	none	_	_	_	_	_	_
1024-13	PSB018	1024	13	sicilia	sicilia	_	_	_	_	_	linguistic	_	none	_	End=3483.548	_	_	_	_
1025-0	PSB018	1025	0	tutte	tutte	_	_	_	_	_	linguistic	_	none	_	Begin=3484.194	_	_	_	_
1025-1	PSB018	1025	1	è	è	_	_	_	_	_	linguistic	_	none	_	_	_	_	_	_
1025-2	PSB018	1025	2	diverso	diverso	_	_	_	_	_	linguistic	_	none	_	_	_	_	_	_
1025-3	PSB018	1025	3	anche	anche	_	_	_	_	_	linguistic	_	none	_	_	_	_	_	_
1025-4	PSB018	1025	4	formaggio	formaggio	_	_	_	_	_	linguistic	_	none	_	End=3486.807	_	_	_	_
1026-0	PSB018	1026	0	parmigiano	parmigiano	_	_	_	_	_	linguistic	_	none	_	Begin=3487.29	_	_	_	_
1026-1	PSB018	1026	1	è	è	_	_	_	_	_	linguistic	_	none	_	_	_	_	_	_
1026-2	PSB018	1026	2	parmigia[no	parmigiano	_	_	_	_	_	linguistic	_	none	_	_	_	_	_	8-10(325)
1026-3	PSB018	1026	3	ma	ma	_	_	_	_	_	linguistic	_	none	_	_	_	_	_	0-2(325)
1026-4	PSB018	1026	4	no]	no	_	_	_	_	_	linguistic	_	none	_	_	_	_	_	0-2(325)
1026-5	PSB018	1026	5	((ride))	((ride))	_	_	_	_	_	nonverbalbehavior	_	none	_	End=3490.613	_	_	_	_
1027-0	PSB005	1027	0	[eh	eh	_	_	_	_	_	linguistic	_	none	_	Begin=3488.678	_	_	_	0-2(325)
1027-1	PSB005	1027	1	no	no	_	_	_	_	_	linguistic	_	none	PauseAfter=Yes	_	_	_	_	0-2(325)
1027-2	PSB005	1027	2	(.)	(.)	_	_	_	_	_	shortpause	_	none	_	_	_	_	_	X(325)
1027-3	PSB005	1027	3	no]	no	_	_	_	_	_	linguistic	_	none	_	_	_	_	_	0-2(325)
1027-4	PSB005	1027	4	no	no	_	_	_	_	_	linguistic	_	none	_	_	_	_	_	_
1027-5	PSB005	1027	5	no	no	_	_	_	_	_	linguistic	_	none	_	_	_	_	_	_
1027-6	PSB005	1027	6	xx	xx	_	_	_	_	_	unknown	_	none	Syllables=2	_	_	_	_	_
1027-7	PSB005	1027	7	per	per	_	_	_	_	_	linguistic	_	none	_	_	_	_	_	_
1027-8	PSB005	1027	8	me	me	_	_	_	_	_	linguistic	_	none	_	_	_	_	_	_
1027-9	PSB005	1027	9	è	è	_	_	_	_	_	linguistic	_	none	_	_	_	_	_	_
1027-10	PSB005	1027	10	un	un	_	_	_	_	_	linguistic	_	none	_	_	_	_	_	_
1027-11	PSB005	1027	11	pochino	pochino	_	_	_	_	_	linguistic	_	none	_	_	_	_	_	_
1027-12	PSB005	1027	12	esagerato	esagerato	_	_	_	_	_	linguistic	_	none	PauseAfter=Yes	_	_	_	_	_
1027-13	PSB005	1027	13	(.)	(.)	_	_	_	_	_	shortpause	_	none	_	_	_	_	_	_
1027-14	PSB005	1027	14	[poi	poi	_	_	_	_	_	linguistic	_	none	_	_	_	_	_	0-3(326)
1027-15	PSB005	1027	15	s~]	s~	_	_	_	_	_	linguistic	_	none	Interrupted=Yes	End=3494.242	_	_	_	0-2(326)
1028-0	PSB018	1028	0	[eh	eh	_	_	_	_	_	linguistic	_	none	_	Begin=3493.839	_	_	_	0-2(326)
1028-1	PSB018	1028	1	s~]	s~	_	_	_	_	_	linguistic	_	none	Interrupted=Yes	End=3494.331	_	_	_	0-2(326)
1029-0	PSB005	1029	0	e	e	_	_	_	_	_	linguistic	_	none	_	Begin=3494.565	_	_	_	_
1029-1	PSB005	1029	1	ultimamente	ultimamente	_	_	_	_	_	linguistic	_	none	_	_	_	_	_	_
1029-2	PSB005	1029	2	proprio	proprio	_	_	_	_	_	linguistic	_	none	_	End=3496.226	_	_	_	_
1030-0	PSB018	1030	0	ma	ma	_	_	_	_	_	linguistic	_	none	_	Begin=3496.774	_	_	_	_
1030-1	PSB018	1030	1	molto	molto	_	_	_	_	_	linguistic	_	none	_	_	_	_	_	_
1030-2	PSB018	1030	2	interess~	interess~	_	_	_	_	_	linguistic	_	none	Interrupted=Yes	_	_	_	_	_
1030-3	PSB018	1030	3	eh	eh	_	_	_	_	_	linguistic	_	none	_	_	_	_	_	_
1030-4	PSB018	1030	4	ma	ma	_	_	_	_	_	linguistic	_	none	_	End=3498.307	_	_	_	_
1031-0	PSB018	1031	0	qualcosa	qualcosa	_	_	_	_	_	linguistic	_	none	_	Begin=3499.194	_	_	_	_
1031-1	PSB018	1031	1	nuovo	nuovo	_	_	_	_	_	linguistic	_	none	_	_	_	_	_	_
1031-2	PSB018	1031	2	per	per	_	_	_	_	_	linguistic	_	none	_	_	_	_	_	_
1031-3	PSB018	1031	3	conoscere	conoscere	_	_	_	_	_	linguistic	_	none	_	_	_	_	_	_
1031-4	PSB018	1031	4	per	per	_	_	_	_	_	linguistic	_	none	_	_	_	_	_	_
1031-5	PSB018	1031	5	studia:re	studiare	_	_	_	_	_	linguistic	_	none	_	_	5x1	_	_	_
1031-6	PSB018	1031	6	è	è	_	_	_	_	_	linguistic	_	none	_	End=3505.565	_	_	_	_
1032-0	PSB018	1032	0	ma	ma	_	_	_	_	_	linguistic	_	none	_	Begin=3506.161	_	_	_	_
1032-1	PSB018	1032	1	secondo	secondo	_	_	_	_	_	linguistic	_	none	_	_	_	_	_	_
1032-2	PSB018	1032	2	me	me	_	_	_	_	_	linguistic	_	none	_	_	_	_	_	_
1032-3	PSB018	1032	3	la	la	_	_	_	_	_	linguistic	_	none	_	_	_	_	_	_
1032-4	PSB018	1032	4	nostra	nostra	_	_	_	_	_	linguistic	_	none	_	_	_	_	_	_
1032-5	PSB018	1032	5	vita	vita	_	_	_	_	_	linguistic	_	none	_	_	_	_	_	_
1032-6	PSB018	1032	6	deve	deve	_	_	_	_	_	linguistic	_	none	_	_	_	_	_	_
1032-7	PSB018	1032	7	essere	essere	_	_	_	_	_	linguistic	_	none	_	_	_	_	_	_
1032-8	PSB018	1032	8	come	come	_	_	_	_	_	linguistic	_	none	_	_	_	_	_	_
1032-9	PSB018	1032	9	questo	questo	_	_	_	_	_	linguistic	_	none	_	_	_	_	_	_
1032-10	PSB018	1032	10	eh	eh	_	_	_	_	_	linguistic	_	none	_	_	_	_	_	_
1032-11	PSB018	1032	11	sempre	sempre	_	_	_	_	_	linguistic	_	none	_	_	_	_	_	_
1032-12	PSB018	1032	12	e:h	eh	_	_	_	_	_	linguistic	_	none	_	End=3512.147	0x1	_	_	_
1033-0	PSB018	1033	0	no	no	_	_	_	_	_	linguistic	_	none	_	Begin=3512.661	_	_	_	_
1033-1	PSB018	1033	1	inventare	inventare	_	_	_	_	_	linguistic	_	none	_	_	_	_	_	_
1033-2	PSB018	1033	2	ma:	ma	_	_	_	_	_	linguistic	_	none	_	_	1x1	_	_	_
1033-3	PSB018	1033	3	[trova	trova	_	_	_	_	_	linguistic	_	none	_	_	_	_	_	0-5(327)
1033-4	PSB018	1033	4	cre]are	creare	_	_	_	_	_	linguistic	_	none	_	_	_	_	_	0-3(327)
1033-5	PSB018	1033	5	o	o	_	_	_	_	_	linguistic	_	none	_	_	_	_	_	_
1033-6	PSB018	1033	6	in	in	_	_	_	_	_	linguistic	_	none	_	_	_	_	_	_
1033-7	PSB018	1033	7	e:h	eh	_	_	_	_	_	linguistic	_	none	_	_	0x1	_	_	_
1033-8	PSB018	1033	8	trovare	trovare	_	_	_	_	_	linguistic	_	none	_	_	_	_	_	_
1033-9	PSB018	1033	9	qualcosa	qualcosa	_	_	_	_	_	linguistic	_	none	_	_	_	_	_	_
1033-10	PSB018	1033	10	nuovo	nuovo	_	_	_	_	_	linguistic	_	none	_	End=3518.21	_	_	_	_
1034-0	PSB005	1034	0	[sì	sì	_	_	_	_	_	linguistic	_	none	_	Begin=3514.161	_	_	_	0-2(327)
1034-1	PSB005	1034	1	creare]	creare	_	_	_	_	_	linguistic	_	none	_	End=3515.144	_	_	_	0-6(327)
1035-0	PSB018	1035	0	per	per	_	_	_	_	_	linguistic	_	none	_	Begin=3519.129	_	_	_	_
1035-1	PSB018	1035	1	e:hm	ehm	_	_	_	_	_	linguistic	_	none	_	End=3521.286	0x1	_	_	_
1036-0	PSB018	1036	0	develop	develop	_	_	_	_	_	linguistic	_	all	Language=NO_ISO_CODE|Variation=Token	Begin=3522.516	_	_	_	_
1036-1	PSB018	1036	1	[(.)]	(.)	_	_	_	_	_	linguistic	_	all	Language=NO_ISO_CODE|Variation=Token	_	_	_	_	_
1036-2	PSB018	1036	2	xx	xx	_	_	_	_	_	linguistic	_	all	Language=NO_ISO_CODE|Variation=Token|Syllables=2	_	_	_	_	_
1036-3	PSB018	1036	3	in	in	_	_	_	_	_	linguistic	_	all	Language=NO_ISO_CODE|Variation=Token	_	_	_	_	_
1036-4	PSB018	1036	4	world	world	_	_	_	_	_	linguistic	_	all	Language=NO_ISO_CODE|Variation=Token	End=3525.69	_	_	_	_
1038-0	PSB005	1038	0	[mhmh]	mhmh	_	_	_	_	_	linguistic	_	none	_	Begin=3523.516|End=3523.888	_	_	_	0-4(328)
1039-0	PSB005	1039	0	mhmh	mhmh	_	_	_	_	_	linguistic	_	none	_	Begin=3525.839	_	_	_	_
1039-1	PSB005	1039	1	okay	okay	_	_	_	_	_	linguistic	_	none	_	End=3527.1859999999997	_	_	_	_
1040-0	PSB018	1040	0	perché	perché	_	_	_	_	_	linguistic	_	none	_	Begin=3527.1859999999997	_	_	_	_
1040-1	PSB018	1040	1	la	la	_	_	_	_	_	linguistic	_	none	_	_	_	_	_	_
1040-2	PSB018	1040	2	età	età	_	_	_	_	_	linguistic	_	none	_	_	_	_	_	_
1040-3	PSB018	1040	3	quaranta,	quaranta	_	_	_	_	_	linguistic	_	none	Intonation=WeaklyRising	End=3529.436	_	_	_	_
1041-0	PSB018	1041	0	con	con	_	_	_	_	_	linguistic	_	none	_	Begin=3530.29	_	_	_	_
1041-1	PSB018	1041	1	i	i	_	_	_	_	_	linguistic	_	none	_	_	_	_	_	_
1041-2	PSB018	1041	2	bimbi,	bimbi	_	_	_	_	_	linguistic	_	none	Intonation=WeaklyRising	End=3531.57	_	_	_	_
1042-0	PSB018	1042	0	e	e	_	_	_	_	_	linguistic	_	none	_	Begin=3532.081	_	_	_	_
1042-1	PSB018	1042	1	dopo	dopo	_	_	_	_	_	linguistic	_	none	_	_	_	_	_	_
1042-2	PSB018	1042	2	nipoti,	nipoti	_	_	_	_	_	linguistic	_	none	Intonation=WeaklyRising|PauseAfter=Yes	_	_	_	_	_
1042-3	PSB018	1042	3	(.)	(.)	_	_	_	_	_	shortpause	_	none	_	_	_	_	_	_
1042-4	PSB018	1042	4	la	la	_	_	_	_	_	linguistic	_	none	_	_	_	_	_	_
1042-5	PSB018	1042	5	tua	tua	_	_	_	_	_	linguistic	_	none	_	_	_	_	_	_
1042-6	PSB018	1042	6	vita	vita	_	_	_	_	_	linguistic	_	none	_	End=3535.419	_	_	_	_
1043-0	PSB018	1043	0	sta	sta	_	_	_	_	_	linguistic	_	none	_	Begin=3536.387	_	_	_	_
1043-1	PSB018	1043	1	mh	mh	_	_	_	_	_	linguistic	_	none	_	_	_	_	_	_
1043-2	PSB018	1043	2	scon~	scon~	_	_	_	_	_	linguistic	_	none	Interrupted=Yes	_	_	_	_	_
1043-3	PSB018	1043	3	la	la	_	_	_	_	_	linguistic	_	none	_	_	_	_	_	_
1043-4	PSB018	1043	4	pausa	pausa	_	_	_	_	_	linguistic	_	none	_	End=3539.065	_	_	_	_
1044-0	PSB005	1044	0	mhmh	mhmh	_	_	_	_	_	linguistic	_	none	_	Begin=3539.048	_	_	_	_
1044-1	PSB005	1044	1	okay	okay	_	_	_	_	_	linguistic	_	none	_	_	_	_	_	_
1044-2	PSB005	1044	2	[ho	ho	_	_	_	_	_	linguistic	_	none	_	_	_	_	_	0-2(330)
1044-3	PSB005	1044	3	capito	capito	_	_	_	_	_	linguistic	_	none	_	_	_	_	_	0-6(330)
1044-4	PSB005	1044	4	sì	sì	_	_	_	_	_	linguistic	_	none	_	_	_	_	_	0-2(330)
1044-5	PSB005	1044	5	s]ì	sì	_	_	_	_	_	linguistic	_	none	_	_	_	_	_	0-1(330)
1044-6	PSB005	1044	6	sì	sì	_	_	_	_	_	linguistic	_	none	_	_	_	_	_	_
1044-7	PSB005	1044	7	s[ì]	sì	_	_	_	_	_	linguistic	_	none	_	End=3542.0	_	_	_	1-2(331)
1045-0	PSB018	1045	0	o:	o	_	_	_	_	_	linguistic	_	yes	_	Begin=3540.032	0x1	_	_	_
1045-1	PSB018	1045	1	[#full	full	_	_	_	_	_	linguistic	_	yes	Language=NO_ISO_CODE|Variation=Token	_	_	_	_	0-5(330)
1045-2	PSB018	1045	2	#stop]	stop	_	_	_	_	_	linguistic	_	yes	Language=NO_ISO_CODE|Variation=Token	End=3541.387	_	_	_	0-5(330)
1047-0	PSB018	1047	0	[pu]rtroppo	purtroppo	_	_	_	_	_	linguistic	_	none	_	Begin=3541.855	_	_	_	0-2(331)
1047-1	PSB018	1047	1	[no]	no	_	_	_	_	_	linguistic	_	none	_	_	_	_	_	0-2(332)
1047-2	PSB018	1047	2	no	no	_	_	_	_	_	linguistic	_	none	_	_	_	_	_	_
1047-3	PSB018	1047	3	il	il	_	_	_	_	_	linguistic	_	none	_	_	_	_	_	_
1047-4	PSB018	1047	4	nostro	nostro	_	_	_	_	_	linguistic	_	none	_	_	_	_	_	_
1047-5	PSB018	1047	5	mo~	mo~	_	_	_	_	_	linguistic	_	none	Interrupted=Yes	End=3545.516	_	_	_	_
1048-0	PSB005	1048	0	[mhmh]	mhmh	_	_	_	_	_	linguistic	_	none	_	Begin=3542.694|End=3543.178	_	_	_	0-4(332)
1049-0	PSB018	1049	0	il	il	_	_	_	_	_	linguistic	_	none	_	Begin=3546.29	_	_	_	_
1049-1	PSB018	1049	1	mondo	mondo	_	_	_	_	_	linguistic	_	none	_	_	_	_	_	_
1049-2	PSB018	1049	2	°[nostro	nostro	_	_	_	_	_	linguistic	_	none	Volume=low	_	_	_	_	0-6(333)
1049-3	PSB018	1049	3	mon]do°	mondo	_	_	_	_	_	linguistic	_	none	PauseAfter=Yes|Volume=low	_	_	_	_	0-3(333)
1049-4	PSB018	1049	4	(.)	(.)	_	_	_	_	_	shortpause	_	none	_	_	_	_	_	_
1049-5	PSB018	1049	5	è	è	_	_	_	_	_	linguistic	_	none	_	_	_	_	_	_
1049-6	PSB018	1049	6	diverso	diverso	_	_	_	_	_	linguistic	_	none	_	_	_	_	_	_
1049-7	PSB018	1049	7	è	è	_	_	_	_	_	linguistic	_	none	_	_	_	_	_	_
1049-8	PSB018	1049	8	in~	in~	_	_	_	_	_	linguistic	_	none	Interrupted=Yes	_	_	_	_	_
1049-9	PSB018	1049	9	molto	molto	_	_	_	_	_	linguistic	_	none	_	_	_	_	_	_
1049-10	PSB018	1049	10	interess~	interess~	_	_	_	_	_	linguistic	_	none	Interrupted=Yes	_	_	_	_	_
1049-11	PSB018	1049	11	purtroppo	purtroppo	_	_	_	_	_	linguistic	_	none	_	_	_	_	_	_
1049-12	PSB018	1049	12	la	la	_	_	_	_	_	linguistic	_	none	_	_	_	_	_	_
1049-13	PSB018	1049	13	causa	causa	_	_	_	_	_	linguistic	_	none	_	_	_	_	_	_
1049-14	PSB018	1049	14	per	per	_	_	_	_	_	linguistic	_	none	_	End=3553.984	_	_	_	_
1050-0	PSB005	1050	0	[mhmh]	mhmh	_	_	_	_	_	linguistic	_	none	_	Begin=3547.161|End=3547.604	_	_	_	0-4(333)
1051-0	PSB018	1051	0	questo	questo	_	_	_	_	_	linguistic	_	none	_	Begin=3555.178	_	_	_	_
1051-1	PSB018	1051	1	per	per	_	_	_	_	_	linguistic	_	none	_	_	_	_	_	_
1051-2	PSB018	1051	2	me	me	_	_	_	_	_	linguistic	_	none	_	_	_	_	_	_
1051-3	PSB018	1051	3	è:	è	_	_	_	_	_	linguistic	_	none	_	_	0x1	_	_	_
1051-4	PSB018	1051	4	molto	molto	_	_	_	_	_	linguistic	_	none	_	_	_	_	_	_
1051-5	PSB018	1051	5	brutta	brutta	_	_	_	_	_	linguistic	_	none	_	End=3558.194	_	_	_	_
1052-0	PSB018	1052	0	ma:	ma	_	_	_	_	_	linguistic	_	none	_	Begin=3559.113	1x1	_	_	_
1052-1	PSB018	1052	1	è	è	_	_	_	_	_	linguistic	_	none	_	_	_	_	_	_
1052-2	PSB018	1052	2	la	la	_	_	_	_	_	linguistic	_	none	_	_	_	_	_	_
1052-3	PSB018	1052	3	una	una	_	_	_	_	_	linguistic	_	none	_	_	_	_	_	_
1052-4	PSB018	1052	4	possibilità	possibilità	_	_	_	_	_	linguistic	_	none	_	End=3561.742	_	_	_	_
1053-0	PSB018	1053	0	meravigliosa	meravigliosa	_	_	_	_	_	linguistic	_	none	_	Begin=3562.371|End=3563.678	_	_	_	_
1054-0	PSB005	1054	0	°sono:	sono	_	_	_	_	_	linguistic	_	none	Volume=low	Begin=3565.29	3x1	_	_	_
1054-1	PSB005	1054	1	sono	sono	_	_	_	_	_	linguistic	_	none	Volume=low	_	_	_	_	_
1054-2	PSB005	1054	2	contenta	contenta	_	_	_	_	_	linguistic	_	none	Volume=low	_	_	_	_	_
1054-3	PSB005	1054	3	di	di	_	_	_	_	_	linguistic	_	none	Volume=low	_	_	_	_	_
1054-4	PSB005	1054	4	sentire°	sentire	_	_	_	_	_	linguistic	_	none	Volume=low	_	_	_	_	_
1054-5	PSB005	1054	5	mi	mi	_	_	_	_	_	linguistic	_	none	_	_	_	_	_	_
1054-6	PSB005	1054	6	sembra	sembra	_	_	_	_	_	linguistic	_	none	_	_	_	_	_	_
1054-7	PSB005	1054	7	comunque	comunque	_	_	_	_	_	linguistic	_	none	_	_	_	_	_	_
1054-8	PSB005	1054	8	che:	che	_	_	_	_	_	linguistic	_	none	_	_	2x1	_	_	_
1054-9	PSB005	1054	9	mh	mh	_	_	_	_	_	linguistic	_	none	_	End=3569.758	_	_	_	_
1055-0	PSB005	1055	0	che	che	_	_	_	_	_	linguistic	_	none	_	Begin=3570.387	_	_	_	_
1055-1	PSB005	1055	1	vi	vi	_	_	_	_	_	linguistic	_	none	_	_	_	_	_	_
1055-2	PSB005	1055	2	siete	siete	_	_	_	_	_	linguistic	_	none	_	_	_	_	_	_
1055-3	PSB005	1055	3	trovati	trovati	_	_	_	_	_	linguistic	_	none	_	_	_	_	_	_
1055-4	PSB005	1055	4	bene	bene	_	_	_	_	_	linguistic	_	none	_	_	_	_	_	_
1055-5	PSB005	1055	5	qui	qui	_	_	_	_	_	linguistic	_	none	_	End=3572.105	_	_	_	_
1056-0	PSB018	1056	0	sì	sì	_	_	_	_	_	linguistic	_	none	_	Begin=3572.105	_	_	_	_
1056-1	PSB018	1056	1	anche	anche	_	_	_	_	_	linguistic	_	none	_	_	_	_	_	_
1056-2	PSB018	1056	2	ques~	ques~	_	_	_	_	_	linguistic	_	none	Interrupted=Yes	End=3573.006	_	_	_	_
1057-0	PSB005	1057	0	[s]ì	sì	_	_	_	_	_	linguistic	_	none	_	Begin=3572.613|End=3573.126	_	_	_	0-1(334)
1058-0	PSB018	1058	0	forse	forse	_	_	_	_	_	linguistic	_	none	_	Begin=3573.71	_	_	_	_
1058-1	PSB018	1058	1	è	è	_	_	_	_	_	linguistic	_	none	_	_	_	_	_	_
1058-2	PSB018	1058	2	qeusta	qeusta	_	_	_	_	_	linguistic	_	none	_	_	_	_	_	_
1058-3	PSB018	1058	3	la	la	_	_	_	_	_	linguistic	_	none	_	_	_	_	_	_
1058-4	PSB018	1058	4	mia	mia	_	_	_	_	_	linguistic	_	none	_	_	_	_	_	_
1058-5	PSB018	1058	5	e:hm	ehm	_	_	_	_	_	linguistic	_	none	_	_	0x1	_	_	_
1058-6	PSB018	1058	6	non	non	_	_	_	_	_	linguistic	_	none	_	_	_	_	_	_
1058-7	PSB018	1058	7	tutti	tutti	_	_	_	_	_	linguistic	_	none	_	_	_	_	_	_
1058-8	PSB018	1058	8	le	le	_	_	_	_	_	linguistic	_	none	_	_	_	_	_	_
1058-9	PSB018	1058	9	eh	eh	_	_	_	_	_	linguistic	_	none	_	_	_	_	_	_
1058-10	PSB018	1058	10	i	i	_	_	_	_	_	linguistic	_	none	_	_	_	_	_	_
1058-11	PSB018	1058	11	tutti	tutti	_	_	_	_	_	linguistic	_	none	_	_	_	_	_	_
1058-12	PSB018	1058	12	ucraini	ucraini	_	_	_	_	_	linguistic	_	none	_	_	_	_	_	_
1058-13	PSB018	1058	13	ma	ma	_	_	_	_	_	linguistic	_	none	_	_	_	_	_	_
1058-14	PSB018	1058	14	la	la	_	_	_	_	_	linguistic	_	none	_	_	_	_	_	_
1058-15	PSB018	1058	15	mia:	mia	_	_	_	_	_	linguistic	_	none	_	_	2x1	_	_	_
1058-16	PSB018	1058	16	mia:	mia	_	_	_	_	_	linguistic	_	none	_	End=3580.661	2x1	_	_	_
1059-0	PSB018	1059	0	esperi[enza]	esperienza	_	_	_	_	_	linguistic	_	none	_	Begin=3582.145	_	_	_	6-10(335)
1059-1	PSB018	1059	1	pers~	pers~	_	_	_	_	_	linguistic	_	none	Interrupted=Yes	_	_	_	_	_
1059-2	PSB018	1059	2	e[:h]	eh	_	_	_	_	_	linguistic	_	none	_	_	0x1	_	_	1-2(336)
1059-3	PSB018	1059	3	personale?	personale	_	_	_	_	_	linguistic	_	none	Intonation=Rising	End=3585.274	_	_	_	_
1060-0	PSB005	1060	0	[mhmh]	mhmh	_	_	_	_	_	linguistic	_	none	_	Begin=3582.726|End=3583.145	_	_	_	0-4(335)
1061-0	PSB005	1061	0	[mhmh]	mhmh	_	_	_	_	_	linguistic	_	none	_	Begin=3584.307|End=3584.665	_	_	_	0-4(336)
1062-0	PSB005	1062	0	sì	sì	_	_	_	_	_	linguistic	_	none	_	Begin=3585.258|End=3585.653	_	_	_	_
1063-0	PSB018	1063	0	personale	personale	_	_	_	_	_	linguistic	_	none	_	Begin=3585.661|End=3586.406	_	_	_	_
1064-0	PSB018	1064	0	e:hm	ehm	_	_	_	_	_	linguistic	_	none	_	Begin=3587.0|End=3588.453	0x1	_	_	_
1065-0	PSB018	1065	0	italia	italia	_	_	_	_	_	linguistic	_	none	_	Begin=3589.065	_	_	_	_
1065-1	PSB018	1065	1	con	con	_	_	_	_	_	linguistic	_	none	_	_	_	_	_	_
1065-2	PSB018	1065	2	perché:	perché	_	_	_	_	_	linguistic	_	none	PauseAfter=Yes	_	5x1	_	_	_
1065-3	PSB018	1065	3	(.)	(.)	_	_	_	_	_	shortpause	_	none	_	_	_	_	_	_
1065-4	PSB018	1065	4	pe:r	per	_	_	_	_	_	linguistic	_	none	_	_	1x1	_	_	_
1065-5	PSB018	1065	5	per	per	_	_	_	_	_	linguistic	_	none	_	_	_	_	_	_
1065-6	PSB018	1065	6	esempio	esempio	_	_	_	_	_	linguistic	_	none	_	_	_	_	_	_
1065-7	PSB018	1065	7	l'	l'	_	_	_	_	_	linguistic	_	none	SpaceAfter=No	_	_	_	_	_
1065-8	PSB018	1065	8	altra	altra	_	_	_	_	_	linguistic	_	none	_	_	_	_	_	_
1065-9	PSB018	1065	9	persona	persona	_	_	_	_	_	linguistic	_	none	_	_	_	_	_	_
1065-10	PSB018	1065	10	preferisce	preferisce	_	_	_	_	_	linguistic	_	none	_	_	_	_	_	_
1065-11	PSB018	1065	11	e:h	eh	_	_	_	_	_	linguistic	_	none	_	End=3595.5	0x1	_	_	_
1066-0	PSB018	1066	0	regole	regole	_	_	_	_	_	linguistic	_	none	_	Begin=3596.161	_	_	_	_
1066-1	PSB018	1066	1	quando	quando	_	_	_	_	_	linguistic	_	none	_	_	_	_	_	_
1066-2	PSB018	1066	2	tu	tu	_	_	_	_	_	linguistic	_	none	_	_	_	_	_	_
1066-3	PSB018	1066	3	capisci	capisci	_	_	_	_	_	linguistic	_	none	_	_	_	_	_	_
1066-4	PSB018	1066	4	tutti	tutti	_	_	_	_	_	linguistic	_	none	_	_	_	_	_	_
1066-5	PSB018	1066	5	chiaro	chiaro	_	_	_	_	_	linguistic	_	none	_	_	_	_	_	_
1066-6	PSB018	1066	6	come	come	_	_	_	_	_	linguistic	_	none	_	_	_	_	_	_
1066-7	PSB018	1066	7	tedeschi	tedeschi	_	_	_	_	_	linguistic	_	none	_	_	_	_	_	_
1066-8	PSB018	1066	8	o:::	o	_	_	_	_	_	linguistic	_	none	_	_	0x3	_	_	_
1066-9	PSB018	1066	9	scandin[avia	scandinavia	_	_	_	_	_	linguistic	_	none	_	_	_	_	_	7-11(338)
1066-10	PSB018	1066	10	fa]	fa	_	_	_	_	_	linguistic	_	none	_	End=3603.339	_	_	_	0-2(338)
1067-0	PSB005	1067	0	[mhmh	mhmh	_	_	_	_	_	linguistic	_	none	_	Begin=3602.194	_	_	_	0-4(338)
1067-1	PSB005	1067	1	mh]	mh	_	_	_	_	_	linguistic	_	none	_	End=3603.131	_	_	_	0-2(338)
1068-0	PSB018	1068	0	sì	sì	_	_	_	_	_	linguistic	_	none	_	Begin=3604.581	_	_	_	_
1068-1	PSB018	1068	1	molto	molto	_	_	_	_	_	linguistic	_	none	_	_	_	_	_	_
1068-2	PSB018	1068	2	comodo	comodo	_	_	_	_	_	linguistic	_	none	_	End=3605.726	_	_	_	_
1069-0	PSB005	1069	0	mhmh	mhmh	_	_	_	_	_	linguistic	_	none	_	Begin=3606.0|End=3606.468	_	_	_	_
1070-0	PSB018	1070	0	mamma	mamma	_	_	_	_	_	linguistic	_	none	_	Begin=3606.532	_	_	_	_
1070-1	PSB018	1070	1	mia	mia	_	_	_	_	_	linguistic	_	none	_	_	_	_	_	_
1070-2	PSB018	1070	2	ma:	ma	_	_	_	_	_	linguistic	_	none	_	_	1x1	_	_	_
1070-3	PSB018	1070	3	eh	eh	_	_	_	_	_	linguistic	_	none	_	_	_	_	_	_
1070-4	PSB018	1070	4	questo	questo	_	_	_	_	_	linguistic	_	none	_	_	_	_	_	_
1070-5	PSB018	1070	5	è	è	_	_	_	_	_	linguistic	_	none	_	_	_	_	_	_
1070-6	PSB018	1070	6	noioso	noioso	_	_	_	_	_	linguistic	_	none	_	_	_	_	_	_
1070-7	PSB018	1070	7	da	da	_	_	_	_	_	linguistic	_	none	_	_	_	_	_	_
1070-8	PSB018	1070	8	morire	morire	_	_	_	_	_	linguistic	_	none	_	End=3610.081	_	_	_	_
1071-0	PSB005	1071	0	((ride))	((ride))	_	_	_	_	_	nonverbalbehavior	_	none	_	Begin=3609.807	_	_	_	_
1071-1	PSB005	1071	1	e	e	_	_	_	_	_	linguistic	_	none	_	_	_	_	_	_
1071-2	PSB005	1071	2	in	in	_	_	_	_	_	linguistic	_	none	_	_	_	_	_	_
1071-3	PSB005	1071	3	italia	italia	_	_	_	_	_	linguistic	_	none	_	_	_	_	_	_
1071-4	PSB005	1071	4	non	non	_	_	_	_	_	linguistic	_	none	_	_	_	_	_	_
1071-5	PSB005	1071	5	è	è	_	_	_	_	_	linguistic	_	none	_	_	_	_	_	_
1071-6	PSB005	1071	6	[noioso]	noioso	_	_	_	_	_	linguistic	_	none	_	_	_	_	_	0-6(340)
1071-7	PSB005	1071	7	((ride))	((ride))	_	_	_	_	_	nonverbalbehavior	_	none	_	End=3615.054	_	_	_	_
1072-0	PSB018	1072	0	[NO	no	_	_	_	_	_	linguistic	_	none	Volume=high	Begin=3612.403	_	_	_	0-2(340)
1072-1	PSB018	1072	1	no	no	_	_	_	_	_	linguistic	_	none	_	_	_	_	_	0-2(340)
1072-2	PSB018	1072	2	no	no	_	_	_	_	_	linguistic	_	none	_	_	_	_	_	0-2(340)
1072-3	PSB018	1072	3	sem]pre	sempre	_	_	_	_	_	linguistic	_	none	_	_	_	_	_	0-3(340)
1072-4	PSB018	1072	4	eh	eh	_	_	_	_	_	linguistic	_	none	_	_	_	_	_	_
1072-5	PSB018	1072	5	è	è	_	_	_	_	_	linguistic	_	none	_	_	_	_	_	_
1072-6	PSB018	1072	6	sempre:	sempre	_	_	_	_	_	linguistic	_	none	_	End=3615.871	5x1	_	_	_
1073-0	PSB018	1073	0	fun	fun	_	_	_	_	_	linguistic	_	all	Language=NO_ISO_CODE|Variation=Token	Begin=3617.161|End=3617.901	_	_	_	_
1075-0	PSB005	1075	0	((ride))	((ride))	_	_	_	_	_	nonverbalbehavior	_	none	_	Begin=3617.903|End=3619.771	_	_	_	_
1076-0	PSB018	1076	0	come	come	_	_	_	_	_	linguistic	_	none	_	Begin=3619.081	_	_	_	_
1076-1	PSB018	1076	1	un	un	_	_	_	_	_	linguistic	_	none	_	_	_	_	_	_
1076-2	PSB018	1076	2	sorpres[a	sorpresa	_	_	_	_	_	linguistic	_	none	_	_	_	_	_	7-8(342)
1076-3	PSB018	1076	3	l'	l'	_	_	_	_	_	linguistic	_	none	SpaceAfter=No	_	_	_	_	0-2(342)
1076-4	PSB018	1076	4	al]tra	altra	_	_	_	_	_	linguistic	_	none	_	_	_	_	_	0-2(342)
1076-5	PSB018	1076	5	g~	g~	_	_	_	_	_	linguistic	_	none	Interrupted=Yes	_	_	_	_	_
1076-6	PSB018	1076	6	l'	l'	_	_	_	_	_	linguistic	_	none	SpaceAfter=No	_	_	_	_	_
1076-7	PSB018	1076	7	altro	altro	_	_	_	_	_	linguistic	_	none	_	_	_	_	_	_
1076-8	PSB018	1076	8	girono	girono	_	_	_	_	_	linguistic	_	none	_	_	_	_	_	_
1076-9	PSB018	1076	9	l'	l'	_	_	_	_	_	linguistic	_	none	SpaceAfter=No	_	_	_	_	_
1076-10	PSB018	1076	10	altro	altro	_	_	_	_	_	linguistic	_	none	_	_	_	_	_	_
1076-11	PSB018	1076	11	luogo	luogo	_	_	_	_	_	linguistic	_	none	_	_	_	_	_	_
1076-12	PSB018	1076	12	l'	l'	_	_	_	_	_	linguistic	_	none	SpaceAfter=No	_	_	_	_	_
1076-13	PSB018	1076	13	altro::	altro	_	_	_	_	_	linguistic	_	none	_	_	4x2	_	_	_
1076-14	PSB018	1076	14	angolo	angolo	_	_	_	_	_	linguistic	_	none	_	End=3626.613	_	_	_	_
1077-0	PSB005	1077	0	[sì	sì	_	_	_	_	_	linguistic	_	none	_	Begin=3620.403	_	_	_	0-2(342)
1077-1	PSB005	1077	1	sì	sì	_	_	_	_	_	linguistic	_	none	_	_	_	_	_	0-2(342)
1077-2	PSB005	1077	2	sì]	sì	_	_	_	_	_	linguistic	_	none	_	End=3621.258	_	_	_	0-2(342)
1078-0	PSB018	1078	0	e	e	_	_	_	_	_	linguistic	_	none	_	Begin=3627.113	_	_	_	_
1078-1	PSB018	1078	1	può	può	_	_	_	_	_	linguistic	_	none	_	_	_	_	_	_
1078-2	PSB018	1078	2	essere	essere	_	_	_	_	_	linguistic	_	none	_	_	_	_	_	_
1078-3	PSB018	1078	3	un	un	_	_	_	_	_	linguistic	_	none	_	_	_	_	_	_
1078-4	PSB018	1078	4	sorpres[a]	sorpresa	_	_	_	_	_	linguistic	_	none	_	End=3629.577	_	_	_	7-8(343)
1079-0	PSB005	1079	0	[°ah]	ah	_	_	_	_	_	linguistic	_	none	Volume=low	Begin=3629.307	_	_	_	0-2(343)
1079-1	PSB005	1079	1	che	che	_	_	_	_	_	linguistic	_	none	Volume=low	_	_	_	_	_
1079-2	PSB005	1079	2	bello°	bello	_	_	_	_	_	linguistic	_	none	Volume=low	_	_	_	_	_
1079-3	PSB005	1079	3	anche	anche	_	_	_	_	_	linguistic	_	none	_	_	_	_	_	_
1079-4	PSB005	1079	4	io	io	_	_	_	_	_	linguistic	_	none	_	_	_	_	_	_
1079-5	PSB005	1079	5	sono	sono	_	_	_	_	_	linguistic	_	none	_	_	_	_	_	_
1079-6	PSB005	1079	6	contenta	contenta	_	_	_	_	_	linguistic	_	none	_	_	_	_	_	_
1079-7	PSB005	1079	7	così	così	_	_	_	_	_	linguistic	_	none	_	_	_	_	_	_
1079-8	PSB005	1079	8	mi	mi	_	_	_	_	_	linguistic	_	none	_	_	_	_	_	_
1079-9	PSB005	1079	9	piace	piace	_	_	_	_	_	linguistic	_	none	_	_	_	_	_	_
1079-10	PSB005	1079	10	così	così	_	_	_	_	_	linguistic	_	none	_	_	_	_	_	_
1079-11	PSB005	1079	11	[eh	eh	_	_	_	_	_	linguistic	_	none	_	_	_	_	_	0-2(344)
1079-12	PSB005	1079	12	sì]	sì	_	_	_	_	_	linguistic	_	none	_	End=3634.0	_	_	_	0-2(344)
1080-0	PSB018	1080	0	[eh	eh	_	_	_	_	_	linguistic	_	none	_	Begin=3633.129	_	_	_	0-2(344)
1080-1	PSB018	1080	1	sì	sì	_	_	_	_	_	linguistic	_	none	_	_	_	_	_	0-2(344)
1080-2	PSB018	1080	2	sì]	sì	_	_	_	_	_	linguistic	_	none	_	End=3633.93	_	_	_	0-2(344)
1081-0	PSB005	1081	0	e:hm	ehm	_	_	_	_	_	linguistic	_	none	_	Begin=3634.387	0x1	_	_	_
1081-1	PSB005	1081	1	ma	ma	_	_	_	_	_	linguistic	_	none	_	_	_	_	_	_
1081-2	PSB005	1081	2	m:h	mh	_	_	_	_	_	linguistic	_	none	PauseAfter=Yes	_	0x1	_	_	_
1081-3	PSB005	1081	3	(.)	(.)	_	_	_	_	_	shortpause	_	none	_	_	_	_	_	_
1081-4	PSB005	1081	4	io	io	_	_	_	_	_	linguistic	_	none	_	_	_	_	_	_
1081-5	PSB005	1081	5	ho	ho	_	_	_	_	_	linguistic	_	none	_	_	_	_	_	_
1081-6	PSB005	1081	6	vissuto	vissuto	_	_	_	_	_	linguistic	_	none	_	_	_	_	_	_
1081-7	PSB005	1081	7	mh	mh	_	_	_	_	_	linguistic	_	none	_	_	_	_	_	_
1081-8	PSB005	1081	8	un	un	_	_	_	_	_	linguistic	_	none	_	_	_	_	_	_
1081-9	PSB005	1081	9	pochino	pochino	_	_	_	_	_	linguistic	_	none	_	_	_	_	_	_
1081-10	PSB005	1081	10	in	in	_	_	_	_	_	linguistic	_	none	_	_	_	_	_	_
1081-11	PSB005	1081	11	altri	altri	_	_	_	_	_	linguistic	_	none	_	_	_	_	_	_
1081-12	PSB005	1081	12	paesi	paesi	_	_	_	_	_	linguistic	_	none	_	_	_	_	_	_
1081-13	PSB005	1081	13	sempre	sempre	_	_	_	_	_	linguistic	_	none	_	_	_	_	_	_
1081-14	PSB005	1081	14	per	per	_	_	_	_	_	linguistic	_	none	_	_	_	_	_	_
1081-15	PSB005	1081	15	dei	dei	_	_	_	_	_	linguistic	_	none	_	_	_	_	_	_
1081-16	PSB005	1081	16	periodi	periodi	_	_	_	_	_	linguistic	_	none	_	_	_	_	_	_
1081-17	PSB005	1081	17	abbastanza	abbastanza	_	_	_	_	_	linguistic	_	none	_	_	_	_	_	_
1081-18	PSB005	1081	18	brevi	brevi	_	_	_	_	_	linguistic	_	none	_	_	_	_	_	_
1081-19	PSB005	1081	19	però	però	_	_	_	_	_	linguistic	_	none	_	_	_	_	_	_
1081-20	PSB005	1081	20	una	una	_	_	_	_	_	linguistic	_	none	_	_	_	_	_	_
1081-21	PSB005	1081	21	cosa	cosa	_	_	_	_	_	linguistic	_	none	_	_	_	_	_	_
1081-22	PSB005	1081	22	che	che	_	_	_	_	_	linguistic	_	none	_	_	_	_	_	_
1081-23	PSB005	1081	23	mi	mi	_	_	_	_	_	linguistic	_	none	_	_	_	_	_	_
1081-24	PSB005	1081	24	f~	f~	_	_	_	_	_	linguistic	_	none	Interrupted=Yes	End=3643.387	_	_	_	_
1082-0	PSB005	1082	0	faceva	faceva	_	_	_	_	_	linguistic	_	none	_	Begin=3644.145	_	_	_	_
1082-1	PSB005	1082	1	soffrire	soffrire	_	_	_	_	_	linguistic	_	none	_	_	_	_	_	_
1082-2	PSB005	1082	2	un	un	_	_	_	_	_	linguistic	_	none	_	_	_	_	_	_
1082-3	PSB005	1082	3	pochino	pochino	_	_	_	_	_	linguistic	_	none	_	_	_	_	_	_
1082-4	PSB005	1082	4	era	era	_	_	_	_	_	linguistic	_	none	_	_	_	_	_	_
1082-5	PSB005	1082	5	che	che	_	_	_	_	_	linguistic	_	none	_	_	_	_	_	_
1082-6	PSB005	1082	6	non	non	_	_	_	_	_	linguistic	_	none	_	_	_	_	_	_
1082-7	PSB005	1082	7	trovavo:	trovavo	_	_	_	_	_	linguistic	_	none	_	_	6x1	_	_	_
1082-8	PSB005	1082	8	gli	gli	_	_	_	_	_	linguistic	_	none	_	_	_	_	_	_
1082-9	PSB005	1082	9	stessi	stessi	_	_	_	_	_	linguistic	_	none	_	_	_	_	_	_
1082-10	PSB005	1082	10	prodotti	prodotti	_	_	_	_	_	linguistic	_	none	_	_	_	_	_	_
1082-11	PSB005	1082	11	[nei	nei	_	_	_	_	_	linguistic	_	none	_	_	_	_	_	0-3(345)
1082-12	PSB005	1082	12	superme]rcati	supermercati	_	_	_	_	_	linguistic	_	none	_	End=3650.436	_	_	_	0-7(345)
1083-0	PSB018	1083	0	[eh	eh	_	_	_	_	_	linguistic	_	none	_	Begin=3648.742	_	_	_	0-2(345)
1083-1	PSB018	1083	1	ve~]	ve~	_	_	_	_	_	linguistic	_	none	Interrupted=Yes	End=3649.71	_	_	_	0-3(345)
1084-0	PSB005	1084	0	per	per	_	_	_	_	_	linguistic	_	none	_	Begin=3651.323	_	_	_	_
1084-1	PSB005	1084	1	cucinare	cucinare	_	_	_	_	_	linguistic	_	none	_	_	_	_	_	_
1084-2	PSB005	1084	2	le	le	_	_	_	_	_	linguistic	_	none	_	_	_	_	_	_
1084-3	PSB005	1084	3	cose	cose	_	_	_	_	_	linguistic	_	none	_	_	_	_	_	_
1084-4	PSB005	1084	4	che	che	_	_	_	_	_	linguistic	_	none	_	_	_	_	_	_
1084-5	PSB005	1084	5	cucino	cucino	_	_	_	_	_	linguistic	_	none	_	_	_	_	_	_
1084-6	PSB005	1084	6	solitamente	solitamente	_	_	_	_	_	linguistic	_	none	_	_	_	_	_	_
1084-7	PSB005	1084	7	invece	invece	_	_	_	_	_	linguistic	_	none	_	_	_	_	_	_
1084-8	PSB005	1084	8	per	per	_	_	_	_	_	linguistic	_	none	_	_	_	_	_	_
1084-9	PSB005	1084	9	te	te	_	_	_	_	_	linguistic	_	none	_	_	_	_	_	_
1084-10	PSB005	1084	10	qui	qui	_	_	_	_	_	linguistic	_	none	_	_	_	_	_	_
1084-11	PSB005	1084	11	e:h	eh	_	_	_	_	_	linguistic	_	none	_	_	0x1	_	_	_
1084-12	PSB005	1084	12	è	è	_	_	_	_	_	linguistic	_	none	_	_	_	_	_	_
1084-13	PSB005	1084	13	difficile	difficile	_	_	_	_	_	linguistic	_	none	_	_	_	_	_	_
1084-14	PSB005	1084	14	hai	hai	_	_	_	_	_	linguistic	_	none	_	_	_	_	_	_
1084-15	PSB005	1084	15	dovuto	dovuto	_	_	_	_	_	linguistic	_	none	_	_	_	_	_	_
1084-16	PSB005	1084	16	cambiare	cambiare	_	_	_	_	_	linguistic	_	none	_	_	_	_	_	_
1084-17	PSB005	1084	17	un	un	_	_	_	_	_	linguistic	_	none	_	_	_	_	_	_
1084-18	PSB005	1084	18	po'	po'	_	_	_	_	_	linguistic	_	none	_	_	_	_	_	_
1084-19	PSB005	1084	19	di	di	_	_	_	_	_	linguistic	_	none	_	_	_	_	_	_
1084-20	PSB005	1084	20	abitudi[ni]?	abitudini	_	_	_	_	_	linguistic	_	none	Intonation=Rising	End=3660.065	_	_	_	7-9(346)
1085-0	PSB018	1085	0	[n]o	no	_	_	_	_	_	linguistic	_	none	_	Begin=3659.94|End=3660.24	_	_	_	0-1(346)
1086-0	PSB018	1086	0	non	non	_	_	_	_	_	linguistic	_	none	_	Begin=3660.565	_	_	_	_
1086-1	PSB018	1086	1	è	è	_	_	_	_	_	linguistic	_	none	_	_	_	_	_	_
1086-2	PSB018	1086	2	difficile	difficile	_	_	_	_	_	linguistic	_	none	_	_	_	_	_	_
1086-3	PSB018	1086	3	perché	perché	_	_	_	_	_	linguistic	_	none	_	End=3662.403	_	_	_	_
1087-0	PSB018	1087	0	e:h	eh	_	_	_	_	_	linguistic	_	none	_	Begin=3663.5	0x1	_	_	_
1087-1	PSB018	1087	1	le:	le	_	_	_	_	_	linguistic	_	none	_	_	1x1	_	_	_
1087-2	PSB018	1087	2	le	le	_	_	_	_	_	linguistic	_	none	_	_	_	_	_	_
1087-3	PSB018	1087	3	le	le	_	_	_	_	_	linguistic	_	none	_	End=3666.71	_	_	_	_
1088-0	PSB018	1088	0	fondazione	fondazione	_	_	_	_	_	linguistic	_	none	_	Begin=3667.5	_	_	_	_
1088-1	PSB018	1088	1	°fo[nda]°?	fonda	_	_	_	_	_	linguistic	_	none	Intonation=Rising|Volume=low	End=3669.178	_	_	_	2-5(347)
1089-0	PSB005	1089	0	[sì]	sì	_	_	_	_	_	linguistic	_	none	_	Begin=3668.694|End=3669.081	_	_	_	0-2(347)
1090-0	PSB018	1090	0	e:h	eh	_	_	_	_	_	linguistic	_	yes	_	Begin=3669.694	0x1	_	_	_
1090-1	PSB018	1090	1	[#source	source	_	_	_	_	_	linguistic	_	yes	PauseAfter=Yes|Language=NO_ISO_CODE|Variation=Token	_	_	_	_	0-7(348)
1090-2	PSB018	1090	2	(.)	(.)	_	_	_	_	_	shortpause	_	yes	_	_	_	_	_	X(348)
1090-3	PSB018	1090	3	#source	source	_	_	_	_	_	linguistic	_	yes	Language=NO_ISO_CODE|Variation=Token	_	_	_	_	0-7(348)
1090-4	PSB018	1090	4	fondi	fondi	_	_	_	_	_	linguistic	_	yes	_	_	_	_	_	0-5(348)
1090-5	PSB018	1090	5	fond]i	fondi	_	_	_	_	_	linguistic	_	yes	_	_	_	_	_	0-4(348)
1090-6	PSB018	1090	6	e:h	eh	_	_	_	_	_	linguistic	_	yes	_	End=3673.645	0x1	_	_	_
1091-0	PSB005	1091	0	[x	x	_	_	_	_	_	unknown	_	none	Syllables=1	Begin=3670.0	_	_	_	0-1(348)
1091-1	PSB005	1091	1	xx	xx	_	_	_	_	_	unknown	_	none	Syllables=2	_	_	_	_	0-2(348)
1091-2	PSB005	1091	2	fonti	fonti	_	_	_	_	_	linguistic	_	none	_	_	_	_	_	0-5(348)
1091-3	PSB005	1091	3	fondi	fondi	_	_	_	_	_	linguistic	_	none	_	_	_	_	_	0-5(348)
1091-4	PSB005	1091	4	okay]	okay	_	_	_	_	_	linguistic	_	none	_	End=3672.99	_	_	_	0-4(348)
1092-0	PSB018	1092	0	son	son	_	_	_	_	_	linguistic	_	none	_	Begin=3674.29	_	_	_	_
1092-1	PSB018	1092	1	diversi	diversi	_	_	_	_	_	linguistic	_	none	_	End=3675.226	_	_	_	_
1093-0	PSB018	1093	0	da:	da	_	_	_	_	_	linguistic	_	none	_	Begin=3676.178	1x1	_	_	_
1093-1	PSB018	1093	1	la	la	_	_	_	_	_	linguistic	_	none	_	_	_	_	_	_
1093-2	PSB018	1093	2	una	una	_	_	_	_	_	linguistic	_	none	_	End=3678.629	_	_	_	_
1094-0	PSB018	1094	0	#for	for	_	_	_	_	_	linguistic	_	yes	Language=NO_ISO_CODE|Variation=Token	Begin=3680.145	_	_	_	_
1094-1	PSB018	1094	1	#one	one	_	_	_	_	_	linguistic	_	yes	Language=NO_ISO_CODE|Variation=Token	_	_	_	_	_
1094-2	PSB018	1094	2	#side	side	_	_	_	_	_	linguistic	_	yes	Language=NO_ISO_CODE|Variation=Token	_	_	_	_	_
1094-3	PSB018	1094	3	[(cambiat]e)	cambiate	_	_	_	_	_	linguistic	_	yes	_	End=3681.956	_	_	0-8(0)	0-7(349)
1096-0	PSB005	1096	0	[mhmh]	mhmh	_	_	_	_	_	linguistic	_	none	_	Begin=3681.113|End=3681.758	_	_	_	0-4(349)
1097-0	PSB018	1097	0	e	e	_	_	_	_	_	linguistic	_	none	_	Begin=3684.436	_	_	_	_
1097-1	PSB018	1097	1	questo	questo	_	_	_	_	_	linguistic	_	none	_	_	_	_	_	_
1097-2	PSB018	1097	2	e	e	_	_	_	_	_	linguistic	_	none	_	_	_	_	_	_
1097-3	PSB018	1097	3	naturalmente	naturalmente	_	_	_	_	_	linguistic	_	none	_	_	_	_	_	_
1097-4	PSB018	1097	4	in	in	_	_	_	_	_	linguistic	_	none	_	_	_	_	_	_
1097-5	PSB018	1097	5	italia	italia	_	_	_	_	_	linguistic	_	none	_	_	_	_	_	_
1097-6	PSB018	1097	6	ce	ce	_	_	_	_	_	linguistic	_	none	_	_	_	_	_	_
1097-7	PSB018	1097	7	sono:	sono	_	_	_	_	_	linguistic	_	none	_	End=3688.387	3x1	_	_	_
1098-0	PSB018	1098	0	tante	tante	_	_	_	_	_	linguistic	_	none	_	Begin=3688.936	_	_	_	_
1098-1	PSB018	1098	1	verdura	verdura	_	_	_	_	_	linguistic	_	none	_	_	_	_	_	_
1098-2	PSB018	1098	2	frutta:	frutta	_	_	_	_	_	linguistic	_	none	_	_	5x1	_	_	_
1098-3	PSB018	1098	3	eh	eh	_	_	_	_	_	linguistic	_	none	_	_	_	_	_	_
1098-4	PSB018	1098	4	erbe:	erbe	_	_	_	_	_	linguistic	_	none	_	_	3x1	_	_	_
1098-5	PSB018	1098	5	eh	eh	_	_	_	_	_	linguistic	_	none	_	_	_	_	_	_
1098-6	PSB018	1098	6	questi	questi	_	_	_	_	_	linguistic	_	none	_	_	_	_	_	_
1098-7	PSB018	1098	7	verde:	verde	_	_	_	_	_	linguistic	_	none	_	_	4x1	_	_	_
1098-8	PSB018	1098	8	foglie	foglie	_	_	_	_	_	linguistic	_	none	_	End=3696.73	_	_	_	_
1099-0	PSB018	1099	0	chi	chi	_	_	_	_	_	linguistic	_	none	_	Begin=3697.871	_	_	_	_
1099-1	PSB018	1099	1	io	io	_	_	_	_	_	linguistic	_	none	_	_	_	_	_	_
1099-2	PSB018	1099	2	non	non	_	_	_	_	_	linguistic	_	none	_	End=3698.939	_	_	_	_
1100-0	PSB018	1100	0	ha	ha	_	_	_	_	_	linguistic	_	none	_	Begin=3699.323	_	_	_	_
1100-1	PSB018	1100	1	ho	ho	_	_	_	_	_	linguistic	_	none	_	_	_	_	_	_
1100-2	PSB018	1100	2	usato	usato	_	_	_	_	_	linguistic	_	none	_	_	_	_	_	_
1100-3	PSB018	1100	3	pr~	pr~	_	_	_	_	_	linguistic	_	none	Interrupted=Yes|PauseAfter=Yes	_	_	_	_	_
1100-4	PSB018	1100	4	[(.)]	(.)	_	_	_	_	_	shortpause	_	none	_	_	_	_	_	X(350)
1100-5	PSB018	1100	5	prima	prima	_	_	_	_	_	linguistic	_	none	_	_	_	_	_	_
1100-6	PSB018	1100	6	mai	mai	_	_	_	_	_	linguistic	_	none	_	End=3703.065	_	_	_	_
1101-0	PSB005	1101	0	[mhmh]	mhmh	_	_	_	_	_	linguistic	_	none	_	Begin=3701.403|End=3701.892	_	_	_	0-4(350)
1102-0	PSB005	1102	0	mhmh	mhmh	_	_	_	_	_	linguistic	_	none	_	Begin=3703.258|End=3703.669	_	_	_	_
1103-0	PSB018	1103	0	anche	anche	_	_	_	_	_	linguistic	_	none	_	Begin=3704.032	_	_	_	_
1103-1	PSB018	1103	1	non	non	_	_	_	_	_	linguistic	_	none	_	_	_	_	_	_
1103-2	PSB018	1103	2	mi:	mi	_	_	_	_	_	linguistic	_	none	_	_	1x1	_	_	_
1103-3	PSB018	1103	3	sento	sento	_	_	_	_	_	linguistic	_	none	_	_	_	_	_	_
1103-4	PSB018	1103	4	se	se	_	_	_	_	_	linguistic	_	none	_	_	_	_	_	_
1103-5	PSB018	1103	5	quello	quello	_	_	_	_	_	linguistic	_	none	_	_	_	_	_	_
1103-6	PSB018	1103	6	è	è	_	_	_	_	_	linguistic	_	none	_	_	_	_	_	_
1103-7	PSB018	1103	7	possibile	possibile	_	_	_	_	_	linguistic	_	none	_	_	_	_	_	_
1103-8	PSB018	1103	8	mangiare	mangiare	_	_	_	_	_	linguistic	_	none	_	End=3708.823	_	_	_	_
1104-0	PSB005	1104	0	mhmh	mhmh	_	_	_	_	_	linguistic	_	none	_	Begin=3708.855|End=3709.334	_	_	_	_
1105-0	PSB018	1105	0	e:	e	_	_	_	_	_	linguistic	_	none	_	Begin=3711.194	0x1	_	_	_
1105-1	PSB018	1105	1	mh	mh	_	_	_	_	_	linguistic	_	none	_	End=3712.436	_	_	_	_
1106-0	PSB018	1106	0	e	e	_	_	_	_	_	linguistic	_	none	_	Begin=3713.29	_	_	_	_
1106-1	PSB018	1106	1	qui	qui	_	_	_	_	_	linguistic	_	none	_	_	_	_	_	_
1106-2	PSB018	1106	2	è	è	_	_	_	_	_	linguistic	_	none	_	_	_	_	_	_
1106-3	PSB018	1106	3	possibile	possibile	_	_	_	_	_	linguistic	_	none	_	_	_	_	_	_
1106-4	PSB018	1106	4	trovare	trovare	_	_	_	_	_	linguistic	_	none	_	End=3715.755	_	_	_	_
1107-0	PSB018	1107	0	e:h	eh	_	_	_	_	_	linguistic	_	none	_	Begin=3716.355|End=3717.118	0x1	_	_	_
1108-0	PSB018	1108	0	tutti	tutti	_	_	_	_	_	linguistic	_	none	_	Begin=3717.968	_	_	_	_
1108-1	PSB018	1108	1	i	i	_	_	_	_	_	linguistic	_	none	_	_	_	_	_	_
1108-2	PSB018	1108	2	tipi:	tipi	_	_	_	_	_	linguistic	_	none	_	_	3x1	_	_	_
1108-3	PSB018	1108	3	dei	dei	_	_	_	_	_	linguistic	_	none	_	_	_	_	_	_
1108-4	PSB018	1108	4	prodotti	prodotti	_	_	_	_	_	linguistic	_	none	_	End=3721.242	_	_	_	_
1109-0	PSB018	1109	0	con	con	_	_	_	_	_	linguistic	_	none	_	Begin=3721.871	_	_	_	_
1109-1	PSB018	1109	1	i	i	_	_	_	_	_	linguistic	_	none	_	_	_	_	_	_
1109-2	PSB018	1109	2	prezzi	prezzi	_	_	_	_	_	linguistic	_	none	_	_	_	_	_	_
1109-3	PSB018	1109	3	vers~	vers~	_	_	_	_	_	linguistic	_	none	Interrupted=Yes	_	_	_	_	_
1109-4	PSB018	1109	4	di[versi]	diversi	_	_	_	_	_	linguistic	_	none	_	_	_	_	_	2-7(351)
1109-5	PSB018	1109	5	con	con	_	_	_	_	_	linguistic	_	none	_	_	_	_	_	_
1109-6	PSB018	1109	6	la	la	_	_	_	_	_	linguistic	_	none	_	_	_	_	_	_
1109-7	PSB018	1109	7	qualità	qualità	_	_	_	_	_	linguistic	_	none	_	_	_	_	_	_
1109-8	PSB018	1109	8	diversa	diversa	_	_	_	_	_	linguistic	_	none	_	_	_	_	_	_
1109-9	PSB018	1109	9	e	e	_	_	_	_	_	linguistic	_	none	_	_	_	_	_	_
1109-10	PSB018	1109	10	con:	con	_	_	_	_	_	linguistic	_	none	_	End=3729.887	2x1	_	_	_
1110-0	PSB005	1110	0	[mhmh]	mhmh	_	_	_	_	_	linguistic	_	none	_	Begin=3724.307|End=3724.849	_	_	_	0-4(351)
1111-0	PSB018	1111	0	con	con	_	_	_	_	_	linguistic	_	none	_	Begin=3731.629	_	_	_	_
1111-1	PSB018	1111	1	con	con	_	_	_	_	_	linguistic	_	none	_	End=3732.565	_	_	_	_
1112-0	PSB018	1112	0	perché	perché	_	_	_	_	_	linguistic	_	none	_	Begin=3734.0	_	_	_	_
1112-1	PSB018	1112	1	cosa	cosa	_	_	_	_	_	linguistic	_	none	_	_	_	_	_	_
1112-2	PSB018	1112	2	quello	quello	_	_	_	_	_	linguistic	_	none	_	_	_	_	_	_
1112-3	PSB018	1112	3	prodotto	prodotto	_	_	_	_	_	linguistic	_	none	_	_	_	_	_	_
1112-4	PSB018	1112	4	è	è	_	_	_	_	_	linguistic	_	none	_	End=3736.015	_	_	_	_
1113-0	PSB005	1113	0	cert[o]	certo	_	_	_	_	_	linguistic	_	none	_	Begin=3736.613|End=3737.097	_	_	_	4-5(352)
1114-0	PSB018	1114	0	[t]u	tu	_	_	_	_	_	linguistic	_	none	_	Begin=3736.952	_	_	_	0-1(352)
1114-1	PSB018	1114	1	puoi	puoi	_	_	_	_	_	linguistic	_	none	_	_	_	_	_	_
1114-2	PSB018	1114	2	cerca~	cerca~	_	_	_	_	_	linguistic	_	none	Interrupted=Yes	_	_	_	_	_
1114-3	PSB018	1114	3	trovare	trovare	_	_	_	_	_	linguistic	_	none	_	_	_	_	_	_
1114-4	PSB018	1114	4	tutto	tutto	_	_	_	_	_	linguistic	_	none	_	End=3739.887	_	_	_	_
1115-0	PSB018	1115	0	in	in	_	_	_	_	_	linguistic	_	none	_	Begin=3740.903	_	_	_	_
1115-1	PSB018	1115	1	itali[a]	italia	_	_	_	_	_	linguistic	_	none	_	End=3741.79	_	_	_	5-6(353)
1116-0	PSB005	1116	0	[mh]mh	mhmh	_	_	_	_	_	linguistic	_	none	_	Begin=3741.629|End=3742.067	_	_	_	0-2(353)
1117-0	PSB018	1117	0	ma:	ma	_	_	_	_	_	linguistic	_	none	_	Begin=3742.694	1x1	_	_	_
1117-1	PSB018	1117	1	<l'	l'	_	_	_	_	_	linguistic	_	none	SpaceAfter=No	_	_	Slow=0-2(0)	_	_
1117-2	PSB018	1117	2	altra>	altra	_	_	_	_	_	linguistic	_	none	_	_	_	Slow=0-5(0)	_	_
1117-3	PSB018	1117	3	parte	parte	_	_	_	_	_	linguistic	_	none	_	_	_	_	_	_
1117-4	PSB018	1117	4	della[:	della	_	_	_	_	_	linguistic	_	none	_	_	4x1	_	_	4-5(354)
1117-5	PSB018	1117	5	mh]	mh	_	_	_	_	_	linguistic	_	none	_	_	_	_	_	0-2(354)
1117-6	PSB018	1117	6	cosa	cosa	_	_	_	_	_	linguistic	_	none	_	_	_	_	_	_
1117-7	PSB018	1117	7	della	della	_	_	_	_	_	linguistic	_	none	_	_	_	_	_	_
1117-8	PSB018	1117	8	domanda	domanda	_	_	_	_	_	linguistic	_	none	_	End=3748.597	_	_	_	_
1118-0	PSB005	1118	0	[sì]	sì	_	_	_	_	_	linguistic	_	none	_	Begin=3746.774|End=3747.242	_	_	_	0-2(354)
1119-0	PSB018	1119	0	è	è	_	_	_	_	_	linguistic	_	none	_	Begin=3750.145	_	_	_	_
1119-1	PSB018	1119	1	eh	eh	_	_	_	_	_	linguistic	_	none	_	_	_	_	_	_
1119-2	PSB018	1119	2	tradizion[e]	tradizione	_	_	_	_	_	linguistic	_	none	_	End=3752.307	_	_	_	9-10(355)
1120-0	PSB005	1120	0	[mh]mh	mhmh	_	_	_	_	_	linguistic	_	none	_	Begin=3752.129|End=3752.668	_	_	_	0-2(355)
1121-0	PSB018	1121	0	c~	c~	_	_	_	_	_	linguistic	_	none	Interrupted=Yes	Begin=3753.694	_	_	_	_
1121-1	PSB018	1121	1	sì	sì	_	_	_	_	_	linguistic	_	none	_	End=3754.331	_	_	_	_
1122-0	PSB018	1122	0	tan~	tan~	_	_	_	_	_	linguistic	_	none	Interrupted=Yes	Begin=3756.807	_	_	_	_
1122-1	PSB018	1122	1	no	no	_	_	_	_	_	linguistic	_	none	_	_	_	_	_	_
1122-2	PSB018	1122	2	tante	tante	_	_	_	_	_	linguistic	_	none	_	_	_	_	_	_
1122-3	PSB018	1122	3	ma:	ma	_	_	_	_	_	linguistic	_	none	_	_	1x1	_	_	_
1122-4	PSB018	1122	4	un	un	_	_	_	_	_	linguistic	_	none	_	_	_	_	_	_
1122-5	PSB018	1122	5	grande	grande	_	_	_	_	_	linguistic	_	none	_	_	_	_	_	_
1122-6	PSB018	1122	6	pezzo	pezzo	_	_	_	_	_	linguistic	_	none	_	_	_	_	_	_
1122-7	PSB018	1122	7	<delle>	delle	_	_	_	_	_	linguistic	_	none	_	_	_	Slow=0-5(0)	_	_
1122-8	PSB018	1122	8	prodotti	prodotti	_	_	_	_	_	linguistic	_	none	_	End=3762.645	_	_	_	_
1123-0	PSB018	1123	0	sono	sono	_	_	_	_	_	linguistic	_	none	_	Begin=3763.145	_	_	_	_
1123-1	PSB018	1123	1	specifiche	specifiche	_	_	_	_	_	linguistic	_	none	_	_	_	_	_	_
1123-2	PSB018	1123	2	per	per	_	_	_	_	_	linguistic	_	none	_	_	_	_	_	_
1123-3	PSB018	1123	3	la	la	_	_	_	_	_	linguistic	_	none	_	_	_	_	_	_
1123-4	PSB018	1123	4	nostra	nostra	_	_	_	_	_	linguistic	_	none	_	_	_	_	_	_
1123-5	PSB018	1123	5	<tradizione>	tradizione	_	_	_	_	_	linguistic	_	none	_	_	_	Slow=0-10(0)	_	_
1123-6	PSB018	1123	6	cucina	cucina	_	_	_	_	_	linguistic	_	none	_	_	_	_	_	_
1123-7	PSB018	1123	7	c:ibi	cibi	_	_	_	_	_	linguistic	_	none	_	_	0x1	_	_	_
1123-8	PSB018	1123	8	[ec]cetera	eccetera	_	_	_	_	_	linguistic	_	none	_	End=3769.719	_	_	_	0-2(356)
1124-0	PSB005	1124	0	[mhmh]	mhmh	_	_	_	_	_	linguistic	_	none	_	Begin=3768.468|End=3768.988	_	_	_	0-4(356)
1125-0	PSB018	1125	0	ma	ma	_	_	_	_	_	linguistic	_	none	PauseAfter=Yes	Begin=3771.0	_	_	_	_
1125-1	PSB018	1125	1	(.)	(.)	_	_	_	_	_	shortpause	_	none	_	_	_	_	_	_
1125-2	PSB018	1125	2	noi	noi	_	_	_	_	_	linguistic	_	none	PauseAfter=Yes	_	_	_	_	_
1125-3	PSB018	1125	3	(.)	(.)	_	_	_	_	_	shortpause	_	none	_	_	_	_	_	_
1125-4	PSB018	1125	4	viviamo	viviamo	_	_	_	_	_	linguistic	_	none	PauseAfter=Yes	_	_	_	_	_
1125-5	PSB018	1125	5	(.)	(.)	_	_	_	_	_	shortpause	_	none	_	_	_	_	_	_
1125-6	PSB018	1125	6	eh	eh	_	_	_	_	_	linguistic	_	none	_	_	_	_	_	_
1125-7	PSB018	1125	7	in	in	_	_	_	_	_	linguistic	_	none	PauseAfter=Yes	_	_	_	_	_
1125-8	PSB018	1125	8	(.)	(.)	_	_	_	_	_	shortpause	_	none	_	_	_	_	_	_
1125-9	PSB018	1125	9	nel	nel	_	_	_	_	_	linguistic	_	none	_	_	_	_	_	_
1125-10	PSB018	1125	10	tempo:	tempo	_	_	_	_	_	linguistic	_	none	_	_	4x1	_	_	_
1125-11	PSB018	1125	11	nel	nel	_	_	_	_	_	linguistic	_	none	_	_	_	_	_	_
1125-12	PSB018	1125	12	periodo	periodo	_	_	_	_	_	linguistic	_	none	_	_	_	_	_	_
1125-13	PSB018	1125	13	quando	quando	_	_	_	_	_	linguistic	_	none	_	_	_	_	_	_
1125-14	PSB018	1125	14	tutto	tutto	_	_	_	_	_	linguistic	_	none	_	_	_	_	_	_
1125-15	PSB018	1125	15	è	è	_	_	_	_	_	linguistic	_	none	_	_	_	_	_	_
1125-16	PSB018	1125	16	possibile	possibile	_	_	_	_	_	linguistic	_	none	_	_	_	_	_	_
1125-17	PSB018	1125	17	tra:	tra	_	_	_	_	_	linguistic	_	none	_	_	2x1	_	_	_
1125-18	PSB018	1125	18	m:h	mh	_	_	_	_	_	linguistic	_	none	_	_	0x1	_	_	_
1125-19	PSB018	1125	19	[s~]	s~	_	_	_	_	_	linguistic	_	none	Interrupted=Yes	End=3784.113	_	_	_	0-2(357)
1126-0	PSB005	1126	0	[x]	x	_	_	_	_	_	unknown	_	none	Syllables=1	Begin=3783.726	_	_	_	0-1(357)
1126-1	PSB005	1126	1	sì	sì	_	_	_	_	_	linguistic	_	none	_	_	_	_	_	_
1126-2	PSB005	1126	2	sì	sì	_	_	_	_	_	linguistic	_	none	_	End=3784.79	_	_	_	_
1127-0	PSB018	1127	0	come	come	_	_	_	_	_	linguistic	_	none	_	Begin=3784.79|End=3785.387	_	_	_	_
1128-0	PSB005	1128	0	ho	ho	_	_	_	_	_	linguistic	_	none	_	Begin=3785.601	_	_	_	_
1128-1	PSB005	1128	1	capito	capito	_	_	_	_	_	linguistic	_	none	PauseAfter=Yes	_	_	_	_	_
1128-2	PSB005	1128	2	(.)	(.)	_	_	_	_	_	shortpause	_	none	_	_	_	_	_	_
1128-3	PSB005	1128	3	trasf~	trasf~	_	_	_	_	_	linguistic	_	none	Interrupted=Yes	_	_	_	_	_
1128-4	PSB005	1128	4	trasferire	trasferire	_	_	_	_	_	linguistic	_	none	_	_	_	_	_	_
1128-5	PSB005	1128	5	for[se?	forse	_	_	_	_	_	linguistic	_	none	Intonation=Rising	_	_	_	_	3-5(358)
1128-6	PSB005	1128	6	mhmh]	mhmh	_	_	_	_	_	linguistic	_	none	_	End=3788.711	_	_	_	0-4(358)
1129-0	PSB018	1129	0	[trasferir]e	trasferire	_	_	_	_	_	linguistic	_	none	_	Begin=3787.984	_	_	_	0-9(358)
1129-1	PSB018	1129	1	sì	sì	_	_	_	_	_	linguistic	_	none	_	_	_	_	_	_
1129-2	PSB018	1129	2	e:h	eh	_	_	_	_	_	linguistic	_	none	_	End=3789.952	0x1	_	_	_
1130-0	PSB018	1130	0	#export	export	_	_	_	_	_	linguistic	_	yes	Language=NO_ISO_CODE|Variation=Token	Begin=3790.581	_	_	_	_
1130-1	PSB018	1130	1	#import	import	_	_	_	_	_	linguistic	_	yes	Language=NO_ISO_CODE|Variation=Token	_	_	_	_	_
1130-2	PSB018	1130	2	[#export	export	_	_	_	_	_	linguistic	_	yes	Language=NO_ISO_CODE|Variation=Token	_	_	_	_	0-7(359)
1130-3	PSB018	1130	3	fare	fare	_	_	_	_	_	linguistic	_	yes	_	_	_	_	_	0-4(359)
1130-4	PSB018	1130	4	quello]	quello	_	_	_	_	_	linguistic	_	yes	_	_	_	_	_	0-6(359)
1130-5	PSB018	1130	5	e:h	eh	_	_	_	_	_	linguistic	_	yes	_	_	0x1	_	_	_
1130-6	PSB018	1130	6	da:	da	_	_	_	_	_	linguistic	_	yes	_	_	1x1	_	_	_
1130-7	PSB018	1130	7	tutti	tutti	_	_	_	_	_	linguistic	_	yes	_	_	_	_	_	_
1130-8	PSB018	1130	8	pae~	pae~	_	_	_	_	_	linguistic	_	yes	Interrupted=Yes	_	_	_	_	_
1130-9	PSB018	1130	9	tutte	tutte	_	_	_	_	_	linguistic	_	yes	_	_	_	_	_	_
1130-10	PSB018	1130	10	le	le	_	_	_	_	_	linguistic	_	yes	_	_	_	_	_	_
1130-11	PSB018	1130	11	paese	paese	_	_	_	_	_	linguistic	_	yes	_	_	_	_	_	_
1130-12	PSB018	1130	12	del	del	_	_	_	_	_	linguistic	_	yes	_	_	_	_	_	_
1130-13	PSB018	1130	13	mon[do]	mondo	_	_	_	_	_	linguistic	_	yes	_	End=3798.769	_	_	_	3-5(360)
1131-0	PSB005	1131	0	[sì	sì	_	_	_	_	_	linguistic	_	none	_	Begin=3791.645	_	_	_	0-2(359)
1131-1	PSB005	1131	1	sì	sì	_	_	_	_	_	linguistic	_	none	_	_	_	_	_	0-2(359)
1131-2	PSB005	1131	2	sì	sì	_	_	_	_	_	linguistic	_	none	_	_	_	_	_	0-2(359)
1131-3	PSB005	1131	3	mhmh]	mhmh	_	_	_	_	_	linguistic	_	none	_	End=3793.303	_	_	_	0-4(359)
1132-0	PSB005	1132	0	[mhmh]	mhmh	_	_	_	_	_	linguistic	_	none	_	Begin=3798.452|End=3798.807	_	_	_	0-4(360)
1133-0	PSB018	1133	0	e	e	_	_	_	_	_	linguistic	_	none	_	Begin=3799.307	_	_	_	_
1133-1	PSB018	1133	1	ci	ci	_	_	_	_	_	linguistic	_	none	_	_	_	_	_	_
1133-2	PSB018	1133	2	sono	sono	_	_	_	_	_	linguistic	_	none	_	End=3800.307	_	_	_	_
1134-0	PSB018	1134	0	e:h	eh	_	_	_	_	_	linguistic	_	none	_	Begin=3801.403	0x1	_	_	_
1134-1	PSB018	1134	1	supermercati:	supermercati	_	_	_	_	_	linguistic	_	none	_	End=3803.597	11x1	_	_	_
1135-0	PSB018	1135	0	no	no	_	_	_	_	_	linguistic	_	none	_	Begin=3804.29	_	_	_	_
1135-1	PSB018	1135	1	ucraini	ucraini	_	_	_	_	_	linguistic	_	none	_	End=3805.484	_	_	_	_
1136-0	PSB005	1136	0	mhmh	mhmh	_	_	_	_	_	linguistic	_	none	_	Begin=3805.484|End=3805.979	_	_	_	_
1137-0	PSB018	1137	0	ma	ma	_	_	_	_	_	linguistic	_	none	_	Begin=3806.145	_	_	_	_
1137-1	PSB018	1137	1	<dell'	dell'	_	_	_	_	_	linguistic	_	none	SpaceAfter=No	_	_	Slow=0-5(0)	_	_
1137-2	PSB018	1137	2	es->	es-	_	_	_	_	_	linguistic	_	none	Interrupted=Yes	_	_	Slow=0-3(0)	_	_
1137-3	PSB018	1137	3	eh	eh	_	_	_	_	_	linguistic	_	none	_	_	_	_	_	_
1137-4	PSB018	1137	4	est	est	_	_	_	_	_	linguistic	_	none	_	End=3809.589	_	_	_	_
1138-0	PSB005	1138	0	mhmh	mhmh	_	_	_	_	_	linguistic	_	none	_	Begin=3809.589|End=3810.129	_	_	_	_
1139-0	PSB018	1139	0	dell'	dell'	_	_	_	_	_	linguistic	_	none	SpaceAfter=No	Begin=3810.145	_	_	_	_
1139-1	PSB018	1139	1	est?	est	_	_	_	_	_	linguistic	_	none	Intonation=Rising	End=3810.832	_	_	_	_
1140-0	PSB005	1140	0	sì	sì	_	_	_	_	_	linguistic	_	none	_	Begin=3810.984|End=3811.406	_	_	_	_
1141-0	PSB018	1141	0	$polacchia	polacchia	_	_	_	_	_	linguistic	_	none	Orthography=Yes|Variation=Emerging	Begin=3811.71	_	_	_	_
1141-1	PSB018	1141	1	[°o	o	_	_	_	_	_	linguistic	_	none	Volume=low	_	_	_	_	0-1(361)
1141-2	PSB018	1141	2	come	come	_	_	_	_	_	linguistic	_	none	Volume=low	_	_	_	_	0-4(361)
1141-3	PSB018	1141	3	s]i	si	_	_	_	_	_	linguistic	_	none	Volume=low	_	_	_	_	0-1(361)
1141-4	PSB018	1141	4	dice°	dice	_	_	_	_	_	linguistic	_	none	Volume=low	End=3813.825	_	_	_	_
1142-0	PSB005	1142	0	[mh]	mh	_	_	_	_	_	linguistic	_	none	_	Begin=3812.758|End=3813.18	_	_	_	0-2(361)
1143-0	PSB005	1143	0	polonia	polonia	_	_	_	_	_	linguistic	_	none	_	Begin=3813.952|End=3814.548	_	_	_	_
1144-0	PSB018	1144	0	polonia	polonia	_	_	_	_	_	linguistic	_	none	_	Begin=3814.565	_	_	_	_
1144-1	PSB018	1144	1	ucraina	ucraina	_	_	_	_	_	linguistic	_	none	_	_	_	_	_	_
1144-2	PSB018	1144	2	romani[a]	romania	_	_	_	_	_	linguistic	_	none	_	_	_	_	_	6-7(362)
1144-3	PSB018	1144	3	e:h	eh	_	_	_	_	_	linguistic	_	none	_	_	0x1	_	_	_
1144-4	PSB018	1144	4	<russia>	russia	_	_	_	_	_	linguistic	_	none	_	End=3819.258	_	Slow=0-6(0)	_	_
1145-0	PSB005	1145	0	[mhmh]	mhmh	_	_	_	_	_	linguistic	_	none	_	Begin=3816.613|End=3817.167	_	_	_	0-4(362)
1146-0	PSB018	1146	0	i	i	_	_	_	_	_	linguistic	_	none	_	Begin=3819.823	_	_	_	_
1146-1	PSB018	1146	1	prodotti	prodotti	_	_	_	_	_	linguistic	_	none	_	End=3821.039	_	_	_	_
1147-0	PSB018	1147	0	tutti	tutti	_	_	_	_	_	linguistic	_	none	_	Begin=3821.855	_	_	_	_
1147-1	PSB018	1147	1	che	che	_	_	_	_	_	linguistic	_	none	_	_	_	_	_	_
1147-2	PSB018	1147	2	io	io	_	_	_	_	_	linguistic	_	none	_	_	_	_	_	_
1147-3	PSB018	1147	3	ho	ho	_	_	_	_	_	linguistic	_	none	_	_	_	_	_	_
1147-4	PSB018	1147	4	comprato	comprato	_	_	_	_	_	linguistic	_	none	_	_	_	_	_	_
1147-5	PSB018	1147	5	prima	prima	_	_	_	_	_	linguistic	_	none	_	End=3825.129	_	_	_	_
1148-0	PSB005	1148	0	gli	gli	_	_	_	_	_	linguistic	_	none	_	Begin=3825.145	_	_	_	_
1148-1	PSB005	1148	1	stessi	stessi	_	_	_	_	_	linguistic	_	none	_	End=3825.95	_	_	_	_
1149-0	PSB018	1149	0	le	le	_	_	_	_	_	linguistic	_	none	_	Begin=3825.952	_	_	_	_
1149-1	PSB018	1149	1	stessi	stessi	_	_	_	_	_	linguistic	_	none	_	_	_	_	_	_
1149-2	PSB018	1149	2	prodo~	prodo~	_	_	_	_	_	linguistic	_	none	Interrupted=Yes	_	_	_	_	_
1149-3	PSB018	1149	3	eh	eh	_	_	_	_	_	linguistic	_	none	_	_	_	_	_	_
1149-4	PSB018	1149	4	il	il	_	_	_	_	_	linguistic	_	none	_	_	_	_	_	_
1149-5	PSB018	1149	5	e:hm	ehm	_	_	_	_	_	linguistic	_	none	_	_	0x1	_	_	_
1149-6	PSB018	1149	6	eh	eh	_	_	_	_	_	linguistic	_	none	_	_	_	_	_	_
1149-7	PSB018	1149	7	l'	l'	_	_	_	_	_	linguistic	_	none	SpaceAfter=No	_	_	_	_	_
1149-8	PSB018	1149	8	azienda	azienda	_	_	_	_	_	linguistic	_	none	_	_	_	_	_	_
1149-9	PSB018	1149	9	la	la	_	_	_	_	_	linguistic	_	none	_	_	_	_	_	_
1149-10	PSB018	1149	10	st[essa	stessa	_	_	_	_	_	linguistic	_	none	_	_	_	_	_	1-6(363)
1149-11	PSB018	1149	11	anche	anche	_	_	_	_	_	linguistic	_	none	_	_	_	_	_	0-5(363)
1149-12	PSB018	1149	12	uc]raina	ucraina	_	_	_	_	_	linguistic	_	none	_	_	_	_	_	0-2(363)
1149-13	PSB018	1149	13	per	per	_	_	_	_	_	linguistic	_	none	_	_	_	_	_	_
1149-14	PSB018	1149	14	esempio	esempio	_	_	_	_	_	linguistic	_	none	_	End=3833.099	_	_	_	_
1150-0	PSB005	1150	0	[mh	mh	_	_	_	_	_	linguistic	_	none	_	Begin=3830.629	_	_	_	0-2(363)
1150-1	PSB005	1150	1	sì	sì	_	_	_	_	_	linguistic	_	none	_	_	_	_	_	0-2(363)
1150-2	PSB005	1150	2	sì	sì	_	_	_	_	_	linguistic	_	none	_	_	_	_	_	0-2(363)
1150-3	PSB005	1150	3	sì]	sì	_	_	_	_	_	linguistic	_	none	_	End=3831.893	_	_	_	0-2(363)
1151-0	PSB018	1151	0	ma	ma	_	_	_	_	_	linguistic	_	none	_	Begin=3833.903	_	_	_	_
1151-1	PSB018	1151	1	a	a	_	_	_	_	_	linguistic	_	none	_	_	_	_	_	_
1151-2	PSB018	1151	2	me	me	_	_	_	_	_	linguistic	_	none	_	_	_	_	_	_
1151-3	PSB018	1151	3	piace	piace	_	_	_	_	_	linguistic	_	none	_	_	_	_	_	_
1151-4	PSB018	1151	4	molto	molto	_	_	_	_	_	linguistic	_	none	_	_	_	_	_	_
1151-5	PSB018	1151	5	il	il	_	_	_	_	_	linguistic	_	none	_	_	_	_	_	_
1151-6	PSB018	1151	6	prodotti:	prodotti	_	_	_	_	_	linguistic	_	none	_	_	7x1	_	_	_
1151-7	PSB018	1151	7	italiani	italiani	_	_	_	_	_	linguistic	_	none	_	_	_	_	_	_
1151-8	PSB018	1151	8	ma	ma	_	_	_	_	_	linguistic	_	none	_	_	_	_	_	_
1151-9	PSB018	1151	9	io	io	_	_	_	_	_	linguistic	_	none	_	_	_	_	_	_
1151-10	PSB018	1151	10	conosco	conosco	_	_	_	_	_	linguistic	_	none	_	_	_	_	_	_
1151-11	PSB018	1151	11	tante	tante	_	_	_	_	_	linguistic	_	none	_	_	_	_	_	_
1151-12	PSB018	1151	12	famiglie	famiglie	_	_	_	_	_	linguistic	_	none	_	_	_	_	_	_
1151-13	PSB018	1151	13	u~	u~	_	_	_	_	_	linguistic	_	none	Interrupted=Yes	_	_	_	_	_
1151-14	PSB018	1151	14	ucraini	ucraini	_	_	_	_	_	linguistic	_	none	_	_	_	_	_	_
1151-15	PSB018	1151	15	che	che	_	_	_	_	_	linguistic	_	none	_	_	_	_	_	_
1151-16	PSB018	1151	16	pre~	pre~	_	_	_	_	_	linguistic	_	none	Interrupted=Yes	End=3843.371	_	_	_	_
1152-0	PSB018	1152	0	chi	chi	_	_	_	_	_	linguistic	_	none	_	Begin=3844.065	_	_	_	_
1152-1	PSB018	1152	1	che	che	_	_	_	_	_	linguistic	_	none	_	_	_	_	_	_
1152-2	PSB018	1152	2	preferiscono	preferiscono	_	_	_	_	_	linguistic	_	none	_	_	_	_	_	_
1152-3	PSB018	1152	3	comprare	comprare	_	_	_	_	_	linguistic	_	none	PauseAfter=Yes	_	_	_	_	_
1152-4	PSB018	1152	4	(.)	(.)	_	_	_	_	_	shortpause	_	none	_	_	_	_	_	_
1152-5	PSB018	1152	5	eh	eh	_	_	_	_	_	linguistic	_	none	_	_	_	_	_	_
1152-6	PSB018	1152	6	i	i	_	_	_	_	_	linguistic	_	none	_	_	_	_	_	_
1152-7	PSB018	1152	7	prodotti	prodotti	_	_	_	_	_	linguistic	_	none	_	_	_	_	_	_
1152-8	PSB018	1152	8	ucra[ini]	ucraini	_	_	_	_	_	linguistic	_	none	_	_	_	_	_	4-7(365)
1152-9	PSB018	1152	9	o:	o	_	_	_	_	_	linguistic	_	none	_	_	0x1	_	_	_
1152-10	PSB018	1152	10	<molda[via>	moldavia	_	_	_	_	_	linguistic	_	none	_	_	_	Slow=0-8(0)	_	5-8(366)
1152-11	PSB018	1152	11	o]	o	_	_	_	_	_	linguistic	_	none	_	_	_	_	_	0-1(366)
1152-12	PSB018	1152	12	russi	russi	_	_	_	_	_	linguistic	_	none	_	End=3854.387	_	_	_	_
1153-0	PSB005	1153	0	[°sì°]	sì	_	_	_	_	_	linguistic	_	none	Volume=low	Begin=3849.016|End=3849.438	_	_	_	0-2(364)
1154-0	PSB005	1154	0	[mhmh]	mhmh	_	_	_	_	_	linguistic	_	none	_	Begin=3851.661|End=3852.113	_	_	_	0-4(365)
1155-0	PSB005	1155	0	[mhmh]	mhmh	_	_	_	_	_	linguistic	_	none	_	Begin=3852.823|End=3853.332	_	_	_	0-4(366)
1156-0	PSB018	1156	0	per	per	_	_	_	_	_	linguistic	_	none	_	Begin=3855.403	_	_	_	_
1156-1	PSB018	1156	1	esempio	esempio	_	_	_	_	_	linguistic	_	none	_	_	_	_	_	_
1156-2	PSB018	1156	2	io	io	_	_	_	_	_	linguistic	_	none	_	_	_	_	_	_
1156-3	PSB018	1156	3	ho	ho	_	_	_	_	_	linguistic	_	none	_	_	_	_	_	_
1156-4	PSB018	1156	4	cambiato	cambiato	_	_	_	_	_	linguistic	_	none	_	_	_	_	_	_
1156-5	PSB018	1156	5	e:h	eh	_	_	_	_	_	linguistic	_	none	_	_	0x1	_	_	_
1156-6	PSB018	1156	6	e:hm	ehm	_	_	_	_	_	linguistic	_	none	_	End=3860.039	0x1	_	_	_
1157-0	PSB018	1157	0	cento	cento	_	_	_	_	_	linguistic	_	none	_	Begin=3861.226	_	_	_	_
1157-1	PSB018	1157	1	per	per	_	_	_	_	_	linguistic	_	none	_	_	_	_	_	_
1157-2	PSB018	1157	2	centi	centi	_	_	_	_	_	linguistic	_	none	_	_	_	_	_	_
1157-3	PSB018	1157	3	come:	come	_	_	_	_	_	linguistic	_	none	_	_	3x1	_	_	_
1157-4	PSB018	1157	4	total[e	totale	_	_	_	_	_	linguistic	_	none	_	_	_	_	_	5-6(367)
1157-5	PSB018	1157	5	sì]	sì	_	_	_	_	_	linguistic	_	none	_	_	_	_	_	0-2(367)
1157-6	PSB018	1157	6	totale?	totale	_	_	_	_	_	linguistic	_	none	Intonation=Rising	End=3864.581	_	_	_	_
1158-0	PSB005	1158	0	[mhmh]	mhmh	_	_	_	_	_	linguistic	_	none	_	Begin=3863.645|End=3864.129	_	_	_	0-4(367)
1159-0	PSB005	1159	0	sì	sì	_	_	_	_	_	linguistic	_	none	_	Begin=3864.565|End=3864.984	_	_	_	_
1160-0	PSB018	1160	0	<tutte>	tutte	_	_	_	_	_	linguistic	_	yes	_	Begin=3866.968	_	Slow=0-5(0)	_	_
1160-1	PSB018	1160	1	le:	le	_	_	_	_	_	linguistic	_	yes	_	_	1x1	_	_	_
1160-2	PSB018	1160	2	°non	non	_	_	_	_	_	linguistic	_	yes	Volume=low	_	_	_	_	_
1160-3	PSB018	1160	3	so	so	_	_	_	_	_	linguistic	_	yes	Volume=low	_	_	_	_	_
1160-4	PSB018	1160	4	le	le	_	_	_	_	_	linguistic	_	yes	Volume=low	_	_	_	_	_
1160-5	PSB018	1160	5	no	no	_	_	_	_	_	linguistic	_	yes	Volume=low	_	_	_	_	_
1160-6	PSB018	1160	6	li	li	_	_	_	_	_	linguistic	_	yes	Volume=low	_	_	_	_	_
1160-7	PSB018	1160	7	eh	eh	_	_	_	_	_	linguistic	_	yes	Volume=low	_	_	_	_	_
1160-8	PSB018	1160	8	questi°	questi	_	_	_	_	_	linguistic	_	yes	Volume=low	_	_	_	_	_
1160-9	PSB018	1160	9	mortadella[:,	mortadella	_	_	_	_	_	linguistic	_	yes	Intonation=WeaklyRising	_	9x1	_	_	_
1160-10	PSB018	1160	10	wu]rstel,	wurstel	_	_	_	_	_	linguistic	_	yes	Intonation=WeaklyRising	_	_	_	_	0-2(369)
1160-11	PSB018	1160	11	#sausages	sausages	_	_	_	_	_	linguistic	_	yes	Language=NO_ISO_CODE|Variation=Token	_	_	_	_	_
1160-12	PSB018	1160	12	tutti	tutti	_	_	_	_	_	linguistic	_	yes	_	_	_	_	_	_
1160-13	PSB018	1160	13	i	i	_	_	_	_	_	linguistic	_	yes	_	_	_	_	_	_
1160-14	PSB018	1160	14	ti[pi]	tipi	_	_	_	_	_	linguistic	_	yes	_	_	_	_	_	2-4(370)
1160-15	PSB018	1160	15	e:hm	ehm	_	_	_	_	_	linguistic	_	yes	_	End=3877.21	0x1	_	_	_
1162-0	PSB005	1162	0	[°mhmh°]	mhmh	_	_	_	_	_	linguistic	_	none	Volume=low	Begin=3872.79|End=3873.221	_	_	_	0-4(369)
1163-0	PSB005	1163	0	[mhmh]	mhmh	_	_	_	_	_	linguistic	_	none	_	Begin=3875.387|End=3875.978	_	_	_	0-4(370)
1164-0	PSB018	1164	0	queste	queste	_	_	_	_	_	linguistic	_	none	_	Begin=3877.742	_	_	_	_
1164-1	PSB018	1164	1	[così	così	_	_	_	_	_	linguistic	_	none	_	_	_	_	_	0-4(371)
1164-2	PSB018	1164	2	x]	x	_	_	_	_	_	unknown	_	none	Syllables=1	End=3879.113	_	_	_	0-1(371)
1165-0	PSB005	1165	0	[sì	sì	_	_	_	_	_	linguistic	_	none	_	Begin=3878.307	_	_	_	0-2(371)
1165-1	PSB005	1165	1	ca]rne	carne	_	_	_	_	_	linguistic	_	none	_	_	_	_	_	0-2(371)
1165-2	PSB005	1165	2	s[ì]	sì	_	_	_	_	_	linguistic	_	none	_	End=3879.694	_	_	_	1-2(372)
1166-0	PSB018	1166	0	[c]arne	carne	_	_	_	_	_	linguistic	_	yes	_	Begin=3879.613	_	_	_	0-1(372)
1166-1	PSB018	1166	1	[mo~	mo~	_	_	_	_	_	linguistic	_	yes	Interrupted=Yes	_	_	_	_	0-3(374)
1166-2	PSB018	1166	2	tu]tta	tutta	_	_	_	_	_	linguistic	_	yes	_	_	_	_	_	0-2(374)
1166-3	PSB018	1166	3	a	a	_	_	_	_	_	linguistic	_	yes	_	_	_	_	_	_
1166-4	PSB018	1166	4	#*produzia	produzia	_	_	_	_	_	linguistic	_	yes	Language=NO_ISO_CODE|Variation=Doubtful	_	_	_	_	_
1166-5	PSB018	1166	5	[di	di	_	_	_	_	_	linguistic	_	yes	_	_	_	_	_	0-2(373)
1166-6	PSB018	1166	6	carn]e	carne	_	_	_	_	_	linguistic	_	yes	_	End=3882.087	_	_	_	0-4(373)
1167-0	PSB005	1167	0	[sì]	sì	_	_	_	_	_	linguistic	_	none	_	Begin=3880.097|End=3880.468	_	_	_	0-2(374)
1168-0	PSB005	1168	0	[mhmh]	mhmh	_	_	_	_	_	linguistic	_	none	_	Begin=3881.226|End=3881.751	_	_	_	0-4(373)
1169-0	PSB018	1169	0	e:h	eh	_	_	_	_	_	linguistic	_	none	PauseAfter=Yes	Begin=3882.597	0x1	_	_	_
1169-1	PSB018	1169	1	(.)	(.)	_	_	_	_	_	shortpause	_	none	_	_	_	_	_	_
1169-2	PSB018	1169	2	per	per	_	_	_	_	_	linguistic	_	none	_	_	_	_	_	_
1169-3	PSB018	1169	3	italiano	italiano	_	_	_	_	_	linguistic	_	none	_	End=3885.016	_	_	_	_
1170-0	PSB005	1170	0	mhmh	mhmh	_	_	_	_	_	linguistic	_	none	_	Begin=3885.016	_	_	_	_
1170-1	PSB005	1170	1	[okay]	okay	_	_	_	_	_	linguistic	_	none	_	End=3886.081	_	_	_	0-4(375)
1171-0	PSB018	1171	0	[e	e	_	_	_	_	_	linguistic	_	none	_	Begin=3885.581	_	_	_	0-1(375)
1171-1	PSB018	1171	1	io]	io	_	_	_	_	_	linguistic	_	none	_	_	_	_	_	0-2(375)
1171-2	PSB018	1171	2	ti	ti	_	_	_	_	_	linguistic	_	none	_	_	_	_	_	_
1171-3	PSB018	1171	3	spiego	spiego	_	_	_	_	_	linguistic	_	none	_	_	_	_	_	_
1171-4	PSB018	1171	4	perché	perché	_	_	_	_	_	linguistic	_	none	_	End=3887.097	_	_	_	_
1172-0	PSB018	1172	0	a:h	ah	_	_	_	_	_	linguistic	_	none	_	Begin=3888.081	0x1	_	_	_
1172-1	PSB018	1172	1	perché	perché	_	_	_	_	_	linguistic	_	none	_	_	_	_	_	_
1172-2	PSB018	1172	2	la	la	_	_	_	_	_	linguistic	_	none	_	_	_	_	_	_
1172-3	PSB018	1172	3	lista	lista	_	_	_	_	_	linguistic	_	none	_	_	_	_	_	_
1172-4	PSB018	1172	4	dei	dei	_	_	_	_	_	linguistic	_	none	_	_	_	_	_	_
1172-5	PSB018	1172	5	ingredienti	ingredienti	_	_	_	_	_	linguistic	_	none	_	End=3892.403	_	_	_	_
1173-0	PSB018	1173	0	è	è	_	_	_	_	_	linguistic	_	none	_	Begin=3892.839	_	_	_	_
1173-1	PSB018	1173	1	più	più	_	_	_	_	_	linguistic	_	none	_	_	_	_	_	_
1173-2	PSB018	1173	2	chiara	chiara	_	_	_	_	_	linguistic	_	none	_	End=3893.887	_	_	_	_
1174-0	PSB005	1174	0	ok[ay]	okay	_	_	_	_	_	linguistic	_	none	_	Begin=3894.145|End=3894.831	_	_	_	2-4(376)
1175-0	PSB018	1175	0	[è	è	_	_	_	_	_	linguistic	_	none	_	Begin=3894.436	_	_	_	0-1(376)
1175-1	PSB018	1175	1	più]	più	_	_	_	_	_	linguistic	_	none	_	_	_	_	_	0-3(376)
1175-2	PSB018	1175	2	buona	buona	_	_	_	_	_	linguistic	_	none	_	End=3895.467	_	_	_	_
1176-0	PSB005	1176	0	okay	okay	_	_	_	_	_	linguistic	_	none	_	Begin=3895.467|End=3896.019	_	_	_	_
1177-0	PSB018	1177	0	eh	eh	_	_	_	_	_	linguistic	_	all	Language=NO_ISO_CODE|Variation=Token	Begin=3896.226	_	_	_	_
1177-1	PSB018	1177	1	as	as	_	_	_	_	_	linguistic	_	all	Language=NO_ISO_CODE|Variation=Token	_	_	_	_	_
1177-2	PSB018	1177	2	far	far	_	_	_	_	_	linguistic	_	all	Language=NO_ISO_CODE|Variation=Token	_	_	_	_	_
1177-3	PSB018	1177	3	as	as	_	_	_	_	_	linguistic	_	all	Language=NO_ISO_CODE|Variation=Token	_	_	_	_	_
1177-4	PSB018	1177	4	i	i	_	_	_	_	_	linguistic	_	all	Language=NO_ISO_CODE|Variation=Token	_	_	_	_	_
1177-5	PSB018	1177	5	know	know	_	_	_	_	_	linguistic	_	all	Language=NO_ISO_CODE|Variation=Token	End=3898.355	_	_	_	_
1179-0	PSB005	1179	0	mhmh	mhmh	_	_	_	_	_	linguistic	_	none	_	Begin=3898.371	_	_	_	_
1179-1	PSB005	1179	1	[eh	eh	_	_	_	_	_	linguistic	_	none	_	_	_	_	_	0-2(377)
1179-2	PSB005	1179	2	sì]	sì	_	_	_	_	_	linguistic	_	none	_	End=3899.678	_	_	_	0-2(377)
1180-0	PSB018	1180	0	[e:]hm	ehm	_	_	_	_	_	linguistic	_	none	_	Begin=3899.048|End=3900.452	0x1	_	_	0-1(377)
1181-0	PSB018	1181	0	la	la	_	_	_	_	_	linguistic	_	none	_	Begin=3901.242	_	_	_	_
1181-1	PSB018	1181	1	la	la	_	_	_	_	_	linguistic	_	none	_	_	_	_	_	_
1181-2	PSB018	1181	2	la	la	_	_	_	_	_	linguistic	_	none	_	End=3902.629	_	_	_	_
1182-0	PSB018	1182	0	e:hm	ehm	_	_	_	_	_	linguistic	_	none	_	Begin=3905.145|End=3906.044	0x1	_	_	_
1183-0	PSB018	1183	0	un'	un'	_	_	_	_	_	linguistic	_	none	SpaceAfter=No	Begin=3906.807	_	_	_	_
1183-1	PSB018	1183	1	organizzazione	organizzazione	_	_	_	_	_	linguistic	_	none	_	_	_	_	_	_
1183-2	PSB018	1183	2	chi:	chi	_	_	_	_	_	linguistic	_	none	_	_	2x1	_	_	_
1183-3	PSB018	1183	3	chi:	chi	_	_	_	_	_	linguistic	_	none	_	End=3909.742	2x1	_	_	_
1184-0	PSB018	1184	0	#follow	follow	_	_	_	_	_	linguistic	_	yes	Language=NO_ISO_CODE|Variation=Token	Begin=3910.387	_	_	_	_
1184-1	PSB018	1184	1	[e:hm]	ehm	_	_	_	_	_	linguistic	_	yes	_	_	0x1	_	_	0-3(378)
1184-2	PSB018	1184	2	della	della	_	_	_	_	_	linguistic	_	yes	_	_	_	_	_	_
1184-3	PSB018	1184	3	qualità	qualità	_	_	_	_	_	linguistic	_	yes	_	End=3913.226	_	_	_	_
1186-0	PSB005	1186	0	[mhmh]	mhmh	_	_	_	_	_	linguistic	_	none	_	Begin=3911.468|End=3912.009	_	_	_	0-4(378)
1187-0	PSB005	1187	0	sì	sì	_	_	_	_	_	linguistic	_	none	_	Begin=3913.226	_	_	_	_
1187-1	PSB005	1187	1	sì	sì	_	_	_	_	_	linguistic	_	none	_	_	_	_	_	_
1187-2	PSB005	1187	2	okay	okay	_	_	_	_	_	linguistic	_	none	_	_	_	_	_	_
1187-3	PSB005	1187	3	ho	ho	_	_	_	_	_	linguistic	_	none	_	_	_	_	_	_
1187-4	PSB005	1187	4	capito	capito	_	_	_	_	_	linguistic	_	none	_	_	_	_	_	_
1187-5	PSB005	1187	5	[no	no	_	_	_	_	_	linguistic	_	none	_	_	_	_	_	0-2(379)
1187-6	PSB005	1187	6	okay]	okay	_	_	_	_	_	linguistic	_	none	_	End=3915.608	_	_	_	0-4(379)
1188-0	PSB018	1188	0	[e	e	_	_	_	_	_	linguistic	_	none	_	Begin=3914.984	_	_	_	0-1(379)
1188-1	PSB018	1188	1	in]	in	_	_	_	_	_	linguistic	_	none	_	_	_	_	_	0-2(379)
1188-2	PSB018	1188	2	in	in	_	_	_	_	_	linguistic	_	none	_	_	_	_	_	_
1188-3	PSB018	1188	3	m:h	mh	_	_	_	_	_	linguistic	_	none	_	End=3917.839	0x1	_	_	_
1189-0	PSB018	1189	0	alto:	alto	_	_	_	_	_	linguistic	_	none	_	Begin=3918.694	3x1	_	_	_
1189-1	PSB018	1189	1	mh	mh	_	_	_	_	_	linguistic	_	none	_	End=3920.597	_	_	_	_
1190-0	PSB018	1190	0	°alto	alto	_	_	_	_	_	linguistic	_	none	Volume=low	Begin=3921.032	_	_	_	_
1190-1	PSB018	1190	1	alto	alto	_	_	_	_	_	linguistic	_	none	Volume=low	_	_	_	_	_
1190-2	PSB018	1190	2	non	non	_	_	_	_	_	linguistic	_	none	Volume=low	_	_	_	_	_
1190-3	PSB018	1190	3	so	so	_	_	_	_	_	linguistic	_	none	Volume=low	_	_	_	_	_
1190-4	PSB018	1190	4	come°	come	_	_	_	_	_	linguistic	_	none	Volume=low	End=3922.661	_	_	_	_
1191-0	PSB018	1191	0	allora	allora	_	_	_	_	_	linguistic	_	none	_	Begin=3923.274	_	_	_	_
1191-1	PSB018	1191	1	se	se	_	_	_	_	_	linguistic	_	none	_	_	_	_	_	_
1191-2	PSB018	1191	2	tu	tu	_	_	_	_	_	linguistic	_	none	_	_	_	_	_	_
1191-3	PSB018	1191	3	leggi	leggi	_	_	_	_	_	linguistic	_	none	_	_	_	_	_	_
1191-4	PSB018	1191	4	il	il	_	_	_	_	_	linguistic	_	none	_	_	_	_	_	_
1191-5	PSB018	1191	5	la	la	_	_	_	_	_	linguistic	_	none	_	_	_	_	_	_
1191-6	PSB018	1191	6	lista	lista	_	_	_	_	_	linguistic	_	none	_	_	_	_	_	_
1191-7	PSB018	1191	7	delle	delle	_	_	_	_	_	linguistic	_	none	_	_	_	_	_	_
1191-8	PSB018	1191	8	ingredienti	ingredienti	_	_	_	_	_	linguistic	_	none	_	_	_	_	_	_
1191-9	PSB018	1191	9	questo	questo	_	_	_	_	_	linguistic	_	none	_	_	_	_	_	_
1191-10	PSB018	1191	10	$elenchio,	elenchio	_	_	_	_	_	linguistic	_	none	Intonation=WeaklyRising|PauseAfter=Yes|Orthography=Yes|Variation=Emerging	_	_	_	_	_
1191-11	PSB018	1191	11	(.)	(.)	_	_	_	_	_	shortpause	_	none	_	_	_	_	_	_
1191-12	PSB018	1191	12	è	è	_	_	_	_	_	linguistic	_	none	_	_	_	_	_	_
1191-13	PSB018	1191	13	vero	vero	_	_	_	_	_	linguistic	_	none	_	End=3929.016	_	_	_	_
1192-0	PSB005	1192	0	mhmh	mhmh	_	_	_	_	_	linguistic	_	none	_	Begin=3929.016	_	_	_	_
1192-1	PSB005	1192	1	okay	okay	_	_	_	_	_	linguistic	_	none	_	_	_	_	_	_
1192-2	PSB005	1192	2	sì	sì	_	_	_	_	_	linguistic	_	none	_	End=3930.678	_	_	_	_
1193-0	PSB018	1193	0	è	è	_	_	_	_	_	linguistic	_	none	_	Begin=3930.742	_	_	_	_
1193-1	PSB018	1193	1	molto	molto	_	_	_	_	_	linguistic	_	none	_	_	_	_	_	_
1193-2	PSB018	1193	2	chiaro	chiaro	_	_	_	_	_	linguistic	_	none	_	End=3931.71	_	_	_	_
1194-0	PSB005	1194	0	c'	c'	_	_	_	_	_	linguistic	_	none	SpaceAfter=No	Begin=3931.726	_	_	_	_
1194-1	PSB005	1194	1	è	è	_	_	_	_	_	linguistic	_	none	_	_	_	_	_	_
1194-2	PSB005	1194	2	un	un	_	_	_	_	_	linguistic	_	none	_	_	_	_	_	_
1194-3	PSB005	1194	3	controllo	controllo	_	_	_	_	_	linguistic	_	none	_	End=3932.741	_	_	_	_
1195-0	PSB018	1195	0	eh	eh	_	_	_	_	_	linguistic	_	none	_	Begin=3932.839	_	_	_	_
1195-1	PSB018	1195	1	s[ì	sì	_	_	_	_	_	linguistic	_	none	_	_	_	_	_	1-2(380)
1195-2	PSB018	1195	2	ver]o	vero	_	_	_	_	_	linguistic	_	none	_	_	_	_	_	0-3(380)
1195-3	PSB018	1195	3	con[trollo	controllo	_	_	_	_	_	linguistic	_	none	_	_	_	_	_	3-9(381)
1195-4	PSB018	1195	4	u]n	un	_	_	_	_	_	linguistic	_	none	_	_	_	_	_	0-1(381)
1195-5	PSB018	1195	5	controllo	controllo	_	_	_	_	_	linguistic	_	none	PauseAfter=Yes	_	_	_	_	_
1195-6	PSB018	1195	6	(.)	(.)	_	_	_	_	_	shortpause	_	none	_	_	_	_	_	_
1195-7	PSB018	1195	7	forse	forse	_	_	_	_	_	linguistic	_	none	_	_	_	_	_	_
1195-8	PSB018	1195	8	no	no	_	_	_	_	_	linguistic	_	none	_	_	_	_	_	_
1195-9	PSB018	1195	9	vero	vero	_	_	_	_	_	linguistic	_	none	_	_	_	_	_	_
1195-10	PSB018	1195	10	verissimo	verissimo	_	_	_	_	_	linguistic	_	none	_	_	_	_	_	_
1195-11	PSB018	1195	11	[ma],	ma	_	_	_	_	_	linguistic	_	none	Intonation=WeaklyRising	End=3939.081	_	_	_	0-2(382)
1196-0	PSB005	1196	0	[sì]	sì	_	_	_	_	_	linguistic	_	none	_	Begin=3933.307|End=3933.65	_	_	_	0-2(380)
1197-0	PSB005	1197	0	[sì	sì	_	_	_	_	_	linguistic	_	none	_	Begin=3934.113	_	_	_	0-2(381)
1197-1	PSB005	1197	1	sì]	sì	_	_	_	_	_	linguistic	_	none	_	End=3934.813	_	_	_	0-2(381)
1198-0	PSB005	1198	0	[°mhmh°]	mhmh	_	_	_	_	_	linguistic	_	none	Volume=low	Begin=3938.242|End=3938.85	_	_	_	0-4(382)
1199-0	PSB005	1199	0	sì	sì	_	_	_	_	_	linguistic	_	none	_	Begin=3939.242	_	_	_	_
1199-1	PSB005	1199	1	sì	sì	_	_	_	_	_	linguistic	_	none	_	End=3939.947	_	_	_	_
1200-0	PSB018	1200	0	normalmente	normalmente	_	_	_	_	_	linguistic	_	none	_	Begin=3939.968	_	_	_	_
1200-1	PSB018	1200	1	se	se	_	_	_	_	_	linguistic	_	none	_	_	_	_	_	_
1200-2	PSB018	1200	2	tu	tu	_	_	_	_	_	linguistic	_	none	_	_	_	_	_	_
1200-3	PSB018	1200	3	leggi	leggi	_	_	_	_	_	linguistic	_	none	_	_	_	_	_	_
1200-4	PSB018	1200	4	e	e	_	_	_	_	_	linguistic	_	none	_	_	_	_	_	_
1200-5	PSB018	1200	5	qualche	qualche	_	_	_	_	_	linguistic	_	none	_	_	_	_	_	_
1200-6	PSB018	1200	6	prodotti	prodotti	_	_	_	_	_	linguistic	_	none	_	_	_	_	_	_
1200-7	PSB018	1200	7	a	a	_	_	_	_	_	linguistic	_	none	_	_	_	_	_	_
1200-8	PSB018	1200	8	te	te	_	_	_	_	_	linguistic	_	none	_	_	_	_	_	_
1200-9	PSB018	1200	9	non	non	_	_	_	_	_	linguistic	_	none	_	_	_	_	_	_
1200-10	PSB018	1200	10	piace	piace	_	_	_	_	_	linguistic	_	none	_	End=3944.887	_	_	_	_
1201-0	PSB018	1201	0	ma:	ma	_	_	_	_	_	linguistic	_	none	_	Begin=3946.29	1x1	_	_	_
1201-1	PSB018	1201	1	il	il	_	_	_	_	_	linguistic	_	none	_	_	_	_	_	_
1201-2	PSB018	1201	2	pro~	pro~	_	_	_	_	_	linguistic	_	none	Interrupted=Yes	_	_	_	_	_
1201-3	PSB018	1201	3	eh	eh	_	_	_	_	_	linguistic	_	none	_	_	_	_	_	_
1201-4	PSB018	1201	4	i	i	_	_	_	_	_	linguistic	_	none	_	_	_	_	_	_
1201-5	PSB018	1201	5	prodotti	prodotti	_	_	_	_	_	linguistic	_	none	_	End=3949.21	_	_	_	_
1202-0	PSB018	1202	0	da:	da	_	_	_	_	_	linguistic	_	none	_	Begin=3950.742|End=3951.79	1x1	_	_	_
1203-0	PSB018	1203	0	quelli	quelli	_	_	_	_	_	linguistic	_	none	_	Begin=3952.468	_	_	_	_
1203-1	PSB018	1203	1	eh	eh	_	_	_	_	_	linguistic	_	none	_	_	_	_	_	_
1203-2	PSB018	1203	2	eh	eh	_	_	_	_	_	linguistic	_	none	_	_	_	_	_	_
1203-3	PSB018	1203	3	e	e	_	_	_	_	_	linguistic	_	none	_	_	_	_	_	_
1203-4	PSB018	1203	4	e	e	_	_	_	_	_	linguistic	_	none	_	_	_	_	_	_
1203-5	PSB018	1203	5	eh	eh	_	_	_	_	_	linguistic	_	none	_	_	_	_	_	_
1203-6	PSB018	1203	6	paese	paese	_	_	_	_	_	linguistic	_	none	_	_	_	_	_	_
1203-7	PSB018	1203	7	°est°	est	_	_	_	_	_	linguistic	_	none	Volume=low	_	_	_	_	_
1203-8	PSB018	1203	8	eh	eh	_	_	_	_	_	linguistic	_	none	_	End=3958.065	_	_	_	_
1204-0	PSB005	1204	0	est	est	_	_	_	_	_	linguistic	_	none	_	Begin=3958.081|End=3958.492	_	_	_	_
1205-0	PSB018	1205	0	est	est	_	_	_	_	_	linguistic	_	none	_	Begin=3958.565	_	_	_	_
1205-1	PSB018	1205	1	dello	dello	_	_	_	_	_	linguistic	_	none	_	_	_	_	_	_
1205-2	PSB018	1205	2	dell'	dell'	_	_	_	_	_	linguistic	_	none	SpaceAfter=No	_	_	_	_	_
1205-3	PSB018	1205	3	est	est	_	_	_	_	_	linguistic	_	none	_	End=3960.058	_	_	_	_
1206-0	PSB005	1206	0	mhmh	mhmh	_	_	_	_	_	linguistic	_	none	_	Begin=3960.113|End=3960.648	_	_	_	_
1207-0	PSB018	1207	0	è	è	_	_	_	_	_	linguistic	_	none	_	Begin=3961.419	_	_	_	_
1207-1	PSB018	1207	1	un	un	_	_	_	_	_	linguistic	_	none	_	_	_	_	_	_
1207-2	PSB018	1207	2	po'	po'	_	_	_	_	_	linguistic	_	none	_	_	_	_	_	_
1207-3	PSB018	1207	3	più	più	_	_	_	_	_	linguistic	_	none	_	End=3963.026	_	_	_	_
1208-0	PSB018	1208	0	non	non	_	_	_	_	_	linguistic	_	none	_	Begin=3963.661	_	_	_	_
1208-1	PSB018	1208	1	chiaro	chiaro	_	_	_	_	_	linguistic	_	none	_	_	_	_	_	_
1208-2	PSB018	1208	2	qualche	qualche	_	_	_	_	_	linguistic	_	none	_	_	_	_	_	_
1208-3	PSB018	1208	3	parole	parole	_	_	_	_	_	linguistic	_	none	_	_	_	_	_	_
1208-4	PSB018	1208	4	come	come	_	_	_	_	_	linguistic	_	none	_	_	_	_	_	_
1208-5	PSB018	1208	5	e:hm:	ehm	_	_	_	_	_	linguistic	_	none	_	_	0x1,2x1	_	_	_
1208-6	PSB018	1208	6	molto:	molto	_	_	_	_	_	linguistic	_	none	_	_	4x1	_	_	_
1208-7	PSB018	1208	7	misteri[:]	misteri	_	_	_	_	_	linguistic	_	none	_	_	6x1	_	_	_
1208-8	PSB018	1208	8	che	che	_	_	_	_	_	linguistic	_	none	_	_	_	_	_	_
1208-9	PSB018	1208	9	cos'	cos'	_	_	_	_	_	linguistic	_	none	SpaceAfter=No	_	_	_	_	_
1208-10	PSB018	1208	10	è:	è	_	_	_	_	_	linguistic	_	none	_	_	0x1	_	_	_
1208-11	PSB018	1208	11	°no°	no	_	_	_	_	_	linguistic	_	none	Volume=low	End=3973.71	_	_	_	_
1209-0	PSB005	1209	0	[okay]	okay	_	_	_	_	_	linguistic	_	none	_	Begin=3971.242|End=3971.919	_	_	_	0-4(383)
1210-0	PSB005	1210	0	mhmh	mhmh	_	_	_	_	_	linguistic	_	none	_	Begin=3974.048|End=3974.54	_	_	_	_
1211-0	PSB018	1211	0	e	e	_	_	_	_	_	linguistic	_	none	_	Begin=3974.548	_	_	_	_
1211-1	PSB018	1211	1	la	la	_	_	_	_	_	linguistic	_	none	_	_	_	_	_	_
1211-2	PSB018	1211	2	lista	lista	_	_	_	_	_	linguistic	_	none	_	_	_	_	_	_
1211-3	PSB018	1211	3	è:	è	_	_	_	_	_	linguistic	_	none	_	End=3976.355	0x1	_	_	_
1212-0	PSB018	1212	0	lunga	lunga	_	_	_	_	_	linguistic	_	none	_	Begin=3977.452	_	_	_	_
1212-1	PSB018	1212	1	lunghiss[ima	lunghissima	_	_	_	_	_	linguistic	_	none	_	_	_	_	_	8-11(384)
1212-2	PSB018	1212	2	e]	e	_	_	_	_	_	linguistic	_	none	_	_	_	_	_	0-1(384)
1212-3	PSB018	1212	3	quest~	quest~	_	_	_	_	_	linguistic	_	none	Interrupted=Yes	_	_	_	_	_
1212-4	PSB018	1212	4	e	e	_	_	_	_	_	linguistic	_	none	_	_	_	_	_	_
1212-5	PSB018	1212	5	quello	quello	_	_	_	_	_	linguistic	_	none	_	_	_	_	_	_
1212-6	PSB018	1212	6	non	non	_	_	_	_	_	linguistic	_	none	_	_	_	_	_	_
1212-7	PSB018	1212	7	mi	mi	_	_	_	_	_	linguistic	_	none	_	_	_	_	_	_
1212-8	PSB018	1212	8	pi[ace	piace	_	_	_	_	_	linguistic	_	none	_	_	_	_	_	2-5(385)
1212-9	PSB018	1212	9	mh]mh	mhmh	_	_	_	_	_	linguistic	_	none	_	End=3981.339	_	_	_	0-2(385)
1213-0	PSB005	1213	0	[°okay°]	okay	_	_	_	_	_	linguistic	_	none	Volume=low	Begin=3978.5|End=3979.001	_	_	_	0-4(384)
1214-0	PSB005	1214	0	[okay]	okay	_	_	_	_	_	linguistic	_	none	_	Begin=3980.355|End=3981.028	_	_	_	0-4(385)
1215-0	PSB005	1215	0	°(però)°	però	_	_	_	_	_	linguistic	_	none	Volume=low	Begin=3981.581|End=3982.113	_	_	0-4(0)	_
1216-0	PSB018	1216	0	e:h	eh	_	_	_	_	_	linguistic	_	none	_	Begin=3982.129|End=3982.909	0x1	_	_	_
1217-0	PSB018	1217	0	la	la	_	_	_	_	_	linguistic	_	none	_	Begin=3983.855	_	_	_	_
1217-1	PSB018	1217	1	qualità	qualità	_	_	_	_	_	linguistic	_	none	PauseAfter=Yes	_	_	_	_	_
1217-2	PSB018	1217	2	(.)	(.)	_	_	_	_	_	shortpause	_	none	_	_	_	_	_	_
1217-3	PSB018	1217	3	[è]	è	_	_	_	_	_	linguistic	_	none	_	_	_	_	_	0-1(386)
1217-4	PSB018	1217	4	diversa	diversa	_	_	_	_	_	linguistic	_	none	_	End=3986.048	_	_	_	_
1218-0	PSB005	1218	0	[mh]	mh	_	_	_	_	_	linguistic	_	none	_	Begin=3984.919|End=3985.339	_	_	_	0-2(386)
1219-0	PSB018	1219	0	e	e	_	_	_	_	_	linguistic	_	none	_	Begin=3987.048	_	_	_	_
1219-1	PSB018	1219	1	con	con	_	_	_	_	_	linguistic	_	none	_	_	_	_	_	_
1219-2	PSB018	1219	2	il	il	_	_	_	_	_	linguistic	_	none	_	_	_	_	_	_
1219-3	PSB018	1219	3	mio	mio	_	_	_	_	_	linguistic	_	none	_	_	_	_	_	_
1219-4	PSB018	1219	4	giusto	giusto	_	_	_	_	_	linguistic	_	none	_	_	_	_	_	_
1219-5	PSB018	1219	5	è:	è	_	_	_	_	_	linguistic	_	none	_	_	0x1	_	_	_
1219-6	PSB018	1219	6	più	più	_	_	_	_	_	linguistic	_	none	_	_	_	_	_	_
1219-7	PSB018	1219	7	buono	buono	_	_	_	_	_	linguistic	_	none	_	End=3990.71	_	_	_	_
1220-0	PSB005	1220	0	mhmh	mhmh	_	_	_	_	_	linguistic	_	none	_	Begin=3990.71	_	_	_	_
1220-1	PSB005	1220	1	okay	okay	_	_	_	_	_	linguistic	_	none	_	End=3991.694	_	_	_	_
1221-0	PSB018	1221	0	e	e	_	_	_	_	_	linguistic	_	none	_	Begin=3991.839	_	_	_	_
1221-1	PSB018	1221	1	per	per	_	_	_	_	_	linguistic	_	none	_	_	_	_	_	_
1221-2	PSB018	1221	2	questo	questo	_	_	_	_	_	linguistic	_	none	_	_	_	_	_	_
1221-3	PSB018	1221	3	motivo	motivo	_	_	_	_	_	linguistic	_	none	_	_	_	_	_	_
1221-4	PSB018	1221	4	e:h	eh	_	_	_	_	_	linguistic	_	none	_	_	0x1	_	_	_
1221-5	PSB018	1221	5	sì	sì	_	_	_	_	_	linguistic	_	none	_	End=3994.194	_	_	_	_
1222-0	PSB018	1222	0	c'	c'	_	_	_	_	_	linguistic	_	none	SpaceAfter=No	Begin=3995.371	_	_	_	_
1222-1	PSB018	1222	1	è	è	_	_	_	_	_	linguistic	_	none	_	End=3995.952	_	_	_	_
1223-0	PSB018	1223	0	eh	eh	_	_	_	_	_	linguistic	_	none	_	Begin=3996.371	_	_	_	_
1223-1	PSB018	1223	1	la	la	_	_	_	_	_	linguistic	_	none	_	_	_	_	_	_
1223-2	PSB018	1223	2	eh	eh	_	_	_	_	_	linguistic	_	none	_	_	_	_	_	_
1223-3	PSB018	1223	3	è	è	_	_	_	_	_	linguistic	_	none	_	_	_	_	_	_
1223-4	PSB018	1223	4	è	è	_	_	_	_	_	linguistic	_	none	_	_	_	_	_	_
1223-5	PSB018	1223	5	diverso	diverso	_	_	_	_	_	linguistic	_	none	_	End=3998.613	_	_	_	_
1224-0	PSB018	1224	0	ma:	ma	_	_	_	_	_	linguistic	_	none	_	Begin=3999.839	1x1	_	_	_
1224-1	PSB018	1224	1	a	a	_	_	_	_	_	linguistic	_	none	_	_	_	_	_	_
1224-2	PSB018	1224	2	me	me	_	_	_	_	_	linguistic	_	none	_	_	_	_	_	_
1224-3	PSB018	1224	3	piace	piace	_	_	_	_	_	linguistic	_	none	_	_	_	_	_	_
1224-4	PSB018	1224	4	se	se	_	_	_	_	_	linguistic	_	none	_	_	_	_	_	_
1224-5	PSB018	1224	5	c'	c'	_	_	_	_	_	linguistic	_	none	SpaceAfter=No	_	_	_	_	_
1224-6	PSB018	1224	6	è	è	_	_	_	_	_	linguistic	_	none	_	_	_	_	_	_
1224-7	PSB018	1224	7	eh	eh	_	_	_	_	_	linguistic	_	none	_	_	_	_	_	_
1224-8	PSB018	1224	8	un	un	_	_	_	_	_	linguistic	_	none	_	_	_	_	_	_
1224-9	PSB018	1224	9	grande:	grande	_	_	_	_	_	linguistic	_	none	_	End=4004.726	5x1	_	_	_
1225-0	PSB018	1225	0	la	la	_	_	_	_	_	linguistic	_	none	_	Begin=4005.919	_	_	_	_
1225-1	PSB018	1225	1	poss~	poss~	_	_	_	_	_	linguistic	_	none	Interrupted=Yes	_	_	_	_	_
1225-2	PSB018	1225	2	una	una	_	_	_	_	_	linguistic	_	none	_	_	_	_	_	_
1225-3	PSB018	1225	3	grande	grande	_	_	_	_	_	linguistic	_	none	_	_	_	_	_	_
1225-4	PSB018	1225	4	possibilità	possibilità	_	_	_	_	_	linguistic	_	none	_	_	_	_	_	_
1225-5	PSB018	1225	5	per	per	_	_	_	_	_	linguistic	_	none	_	_	_	_	_	_
1225-6	PSB018	1225	6	sceglier[e]	scegliere	_	_	_	_	_	linguistic	_	none	_	End=4008.5	_	_	_	8-9(387)
1226-0	PSB005	1226	0	[s]ì	sì	_	_	_	_	_	linguistic	_	none	_	Begin=4008.355	_	_	_	0-1(387)
1226-1	PSB005	1226	1	sì	sì	_	_	_	_	_	linguistic	_	none	_	_	_	_	_	_
1226-2	PSB005	1226	2	sì	sì	_	_	_	_	_	linguistic	_	none	_	End=4009.129	_	_	_	_
1227-0	PSB018	1227	0	e	e	_	_	_	_	_	linguistic	_	none	_	Begin=4009.548	_	_	_	_
1227-1	PSB018	1227	1	anche	anche	_	_	_	_	_	linguistic	_	none	_	_	_	_	_	_
1227-2	PSB018	1227	2	i	i	_	_	_	_	_	linguistic	_	none	_	_	_	_	_	_
1227-3	PSB018	1227	3	mercati:	mercati	_	_	_	_	_	linguistic	_	none	_	_	6x1	_	_	_
1227-4	PSB018	1227	4	mh	mh	_	_	_	_	_	linguistic	_	none	_	_	_	_	_	_
1227-5	PSB018	1227	5	di	di	_	_	_	_	_	linguistic	_	none	_	_	_	_	_	_
1227-6	PSB018	1227	6	questi	questi	_	_	_	_	_	linguistic	_	none	_	_	_	_	_	_
1227-7	PSB018	1227	7	ah	ah	_	_	_	_	_	linguistic	_	none	_	End=4013.807	_	_	_	_
1228-0	PSB018	1228	0	e:h	eh	_	_	_	_	_	linguistic	_	none	_	Begin=4014.403|End=4015.387	0x1	_	_	_
1229-0	PSB018	1229	0	bangladesh	bangladesh	_	_	_	_	_	linguistic	_	none	_	Begin=4016.339	_	_	_	_
1229-1	PSB018	1229	1	[a:fri]ca	africa	_	_	_	_	_	linguistic	_	none	_	_	0x1	_	_	0-4(391)
1229-2	PSB018	1229	2	anche	anche	_	_	_	_	_	linguistic	_	none	_	_	_	_	_	_
1229-3	PSB018	1229	3	ce	ce	_	_	_	_	_	linguistic	_	none	_	_	_	_	_	_
1229-4	PSB018	1229	4	sono	sono	_	_	_	_	_	linguistic	_	none	_	_	_	_	_	_
1229-5	PSB018	1229	5	tante	tante	_	_	_	_	_	linguistic	_	none	_	_	_	_	_	_
1229-6	PSB018	1229	6	$mercate:	mercate	_	_	_	_	_	linguistic	_	none	Orthography=Yes|Variation=Emerging	_	6x1	_	_	_
1229-7	PSB018	1229	7	e:h	eh	_	_	_	_	_	linguistic	_	none	_	_	0x1	_	_	_
1229-8	PSB018	1229	8	tradizionali	tradizionali	_	_	_	_	_	linguistic	_	none	_	_	_	_	_	_
1229-9	PSB018	1229	9	delle	delle	_	_	_	_	_	linguistic	_	none	_	_	_	_	_	_
1229-10	PSB018	1229	10	paese	paese	_	_	_	_	_	linguistic	_	none	_	_	_	_	_	_
1229-11	PSB018	1229	11	diverse	diverse	_	_	_	_	_	linguistic	_	none	PauseAfter=Yes	_	_	_	_	_
1229-12	PSB018	1229	12	[(.)]	(.)	_	_	_	_	_	shortpause	_	none	_	_	_	_	_	X(388)
1229-13	PSB018	1229	13	ma	ma	_	_	_	_	_	linguistic	_	none	_	_	_	_	_	_
1229-14	PSB018	1229	14	io	io	_	_	_	_	_	linguistic	_	none	_	_	_	_	_	_
1229-15	PSB018	1229	15	preferisco:	preferisco	_	_	_	_	_	linguistic	_	none	_	_	9x1	_	_	_
1229-16	PSB018	1229	16	la	la	_	_	_	_	_	linguistic	_	none	_	_	_	_	_	_
1229-17	PSB018	1229	17	cucina	cucina	_	_	_	_	_	linguistic	_	none	_	_	_	_	_	_
1229-18	PSB018	1229	18	e	e	_	_	_	_	_	linguistic	_	none	_	_	_	_	_	_
1229-19	PSB018	1229	19	prodotti	prodotti	_	_	_	_	_	linguistic	_	none	_	_	_	_	_	_
1229-20	PSB018	1229	20	italiani	italiani	_	_	_	_	_	linguistic	_	none	PauseAfter=Yes	_	_	_	_	_
1229-21	PSB018	1229	21	[(.)]	(.)	_	_	_	_	_	shortpause	_	none	_	_	_	_	_	X(389)
1229-22	PSB018	1229	22	EH	eh	_	_	_	_	_	linguistic	_	none	Volume=high	_	_	_	_	_
1229-23	PSB018	1229	23	sì	sì	_	_	_	_	_	linguistic	_	none	_	_	_	_	_	_
1229-24	PSB018	1229	24	perché	perché	_	_	_	_	_	linguistic	_	none	_	_	_	_	_	_
1229-25	PSB018	1229	25	tutto	tutto	_	_	_	_	_	linguistic	_	none	_	_	_	_	_	_
1229-26	PSB018	1229	26	è	è	_	_	_	_	_	linguistic	_	none	_	End=4033.581	_	_	_	_
1230-0	PSB005	1230	0	[mhmh]	mhmh	_	_	_	_	_	linguistic	_	none	_	Begin=4017.661|End=4018.208	_	_	_	0-4(390)
1231-0	PSB005	1231	0	[sì	sì	_	_	_	_	_	linguistic	_	none	_	Begin=4020.823	_	_	_	0-2(391)
1231-1	PSB005	1231	1	sì]	sì	_	_	_	_	_	linguistic	_	none	_	End=4021.436	_	_	_	0-2(391)
1232-0	PSB005	1232	0	[mhmh]	mhmh	_	_	_	_	_	linguistic	_	none	_	Begin=4025.742|End=4026.314	_	_	_	0-4(388)
1233-0	PSB005	1233	0	[°ah	ah	_	_	_	_	_	linguistic	_	none	Volume=low	Begin=4030.936	_	_	_	0-2(389)
1233-1	PSB005	1233	1	bene°]	bene	_	_	_	_	_	linguistic	_	none	Volume=low	End=4031.613	_	_	_	0-4(389)
1234-0	PSB018	1234	0	$produciono?	produciono	_	_	_	_	_	linguistic	_	none	Intonation=Rising|Orthography=Yes|Variation=Emerging	Begin=4034.145|End=4035.081	_	_	_	_
1235-0	PSB005	1235	0	mhmh	mhmh	_	_	_	_	_	linguistic	_	none	_	Begin=4035.081|End=4035.588	_	_	_	_
1236-0	PSB018	1236	0	qui	qui	_	_	_	_	_	linguistic	_	none	_	Begin=4035.742	_	_	_	_
1236-1	PSB018	1236	1	in	in	_	_	_	_	_	linguistic	_	none	_	_	_	_	_	_
1236-2	PSB018	1236	2	ita[lia]	italia	_	_	_	_	_	linguistic	_	none	_	End=4037.145	_	_	_	3-6(392)
1237-0	PSB005	1237	0	[eh	eh	_	_	_	_	_	linguistic	_	none	_	Begin=4036.645	_	_	_	0-2(392)
1237-1	PSB005	1237	1	s]ì	sì	_	_	_	_	_	linguistic	_	none	_	End=4037.274	_	_	_	0-1(392)
1238-0	PSB005	1238	0	quasi	quasi	_	_	_	_	_	linguistic	_	none	_	Begin=4038.097	_	_	_	_
1238-1	PSB005	1238	1	tutto	tutto	_	_	_	_	_	linguistic	_	none	_	_	_	_	_	_
1238-2	PSB005	1238	2	[sì	sì	_	_	_	_	_	linguistic	_	none	_	_	_	_	_	0-2(393)
1238-3	PSB005	1238	3	sì	sì	_	_	_	_	_	linguistic	_	none	_	_	_	_	_	0-2(393)
1238-4	PSB005	1238	4	sì]	sì	_	_	_	_	_	linguistic	_	none	_	End=4040.258	_	_	_	0-2(393)
1239-0	PSB018	1239	0	[quasi	quasi	_	_	_	_	_	linguistic	_	none	_	Begin=4039.161	_	_	_	0-5(393)
1239-1	PSB018	1239	1	tutto	tutto	_	_	_	_	_	linguistic	_	none	_	_	_	_	_	0-5(393)
1239-2	PSB018	1239	2	sì	sì	_	_	_	_	_	linguistic	_	none	_	_	_	_	_	0-2(393)
1239-3	PSB018	1239	3	sì]	sì	_	_	_	_	_	linguistic	_	none	_	_	_	_	_	0-2(393)
1239-4	PSB018	1239	4	sì	sì	_	_	_	_	_	linguistic	_	none	_	_	_	_	_	_
1239-5	PSB018	1239	5	ma	ma	_	_	_	_	_	linguistic	_	none	_	_	_	_	_	_
1239-6	PSB018	1239	6	normalmente	normalmente	_	_	_	_	_	linguistic	_	none	_	_	_	_	_	_
1239-7	PSB018	1239	7	c'	c'	_	_	_	_	_	linguistic	_	none	SpaceAfter=No	_	_	_	_	_
1239-8	PSB018	1239	8	è	è	_	_	_	_	_	linguistic	_	none	_	_	_	_	_	_
1239-9	PSB018	1239	9	qualcosa	qualcosa	_	_	_	_	_	linguistic	_	none	_	_	_	_	_	_
1239-10	PSB018	1239	10	da	da	_	_	_	_	_	linguistic	_	none	_	_	_	_	_	_
1239-11	PSB018	1239	11	spagna:	spagna	_	_	_	_	_	linguistic	_	none	_	_	5x1	_	_	_
1239-12	PSB018	1239	12	da	da	_	_	_	_	_	linguistic	_	none	_	_	_	_	_	_
1239-13	PSB018	1239	13	marocco	marocco	_	_	_	_	_	linguistic	_	none	_	_	_	_	_	_
1239-14	PSB018	1239	14	da	da	_	_	_	_	_	linguistic	_	none	_	_	_	_	_	_
1239-15	PSB018	1239	15	come	come	_	_	_	_	_	linguistic	_	none	_	_	_	_	_	_
1239-16	PSB018	1239	16	a~	a~	_	_	_	_	_	linguistic	_	none	Interrupted=Yes	_	_	_	_	_
1239-17	PSB018	1239	17	ananas	ananas	_	_	_	_	_	linguistic	_	none	_	_	_	_	_	_
1239-18	PSB018	1239	18	[no]	no	_	_	_	_	_	linguistic	_	none	_	_	_	_	_	0-2(394)
1239-19	PSB018	1239	19	ananas	ananas	_	_	_	_	_	linguistic	_	none	_	_	_	_	_	_
1239-20	PSB018	1239	20	ananas?	ananas	_	_	_	_	_	linguistic	_	none	Intonation=Rising	End=4049.484	_	_	_	_
1240-0	PSB005	1240	0	[sì]	sì	_	_	_	_	_	linguistic	_	none	_	Begin=4048.081|End=4048.474	_	_	_	0-2(394)
1241-0	PSB005	1241	0	sì	sì	_	_	_	_	_	linguistic	_	none	_	Begin=4049.516	_	_	_	_
1241-1	PSB005	1241	1	sì	sì	_	_	_	_	_	linguistic	_	none	_	End=4050.035	_	_	_	_
1242-0	PSB018	1242	0	pineapple	pineapple	_	_	_	_	_	linguistic	_	all	Language=NO_ISO_CODE|Variation=Token	Begin=4050.274|End=4050.998	_	_	_	_
1244-0	PSB005	1244	0	sì	sì	_	_	_	_	_	linguistic	_	none	_	Begin=4051.048	_	_	_	_
1244-1	PSB005	1244	1	giusto	giusto	_	_	_	_	_	linguistic	_	none	_	_	_	_	_	_
1244-2	PSB005	1244	2	[giusto]	giusto	_	_	_	_	_	linguistic	_	none	_	End=4052.165	_	_	_	0-6(395)
1245-0	PSB018	1245	0	[o:]	o	_	_	_	_	_	linguistic	_	none	_	Begin=4051.645	0x1	_	_	0-1(395)
1245-1	PSB018	1245	1	in	in	_	_	_	_	_	linguistic	_	none	_	_	_	_	_	_
1245-2	PSB018	1245	2	questi	questi	_	_	_	_	_	linguistic	_	none	_	_	_	_	_	_
1245-3	PSB018	1245	3	[avocado	avocado	_	_	_	_	_	linguistic	_	none	_	_	_	_	_	0-7(396)
1245-4	PSB018	1245	4	ma	ma	_	_	_	_	_	linguistic	_	none	_	_	_	_	_	0-2(396)
1245-5	PSB018	1245	5	normalmente	normalmente	_	_	_	_	_	linguistic	_	none	_	_	_	_	_	0-11(396)
1245-6	PSB018	1245	6	e:]h	eh	_	_	_	_	_	linguistic	_	none	_	_	0x1	_	_	0-1(396)
1245-7	PSB018	1245	7	a	a	_	_	_	_	_	linguistic	_	none	_	_	_	_	_	_
1245-8	PSB018	1245	8	me	me	_	_	_	_	_	linguistic	_	none	_	_	_	_	_	_
1245-9	PSB018	1245	9	piace	piace	_	_	_	_	_	linguistic	_	none	_	_	_	_	_	_
1245-10	PSB018	1245	10	molto	molto	_	_	_	_	_	linguistic	_	none	_	_	_	_	_	_
1245-11	PSB018	1245	11	se	se	_	_	_	_	_	linguistic	_	none	_	_	_	_	_	_
1245-12	PSB018	1245	12	tutto	tutto	_	_	_	_	_	linguistic	_	none	_	_	_	_	_	_
1245-13	PSB018	1245	13	l'	l'	_	_	_	_	_	linguistic	_	none	SpaceAfter=No	_	_	_	_	_
1245-14	PSB018	1245	14	anno	anno	_	_	_	_	_	linguistic	_	none	_	_	_	_	_	_
1245-15	PSB018	1245	15	è	è	_	_	_	_	_	linguistic	_	none	_	_	_	_	_	_
1245-16	PSB018	1245	16	possibile	possibile	_	_	_	_	_	linguistic	_	none	_	_	_	_	_	_
1245-17	PSB018	1245	17	trovare	trovare	_	_	_	_	_	linguistic	_	none	_	_	_	_	_	_
1245-18	PSB018	1245	18	cetrio:li	cetrioli	_	_	_	_	_	linguistic	_	none	_	_	5x1	_	_	_
1245-19	PSB018	1245	19	pomodo:ri	pomodori	_	_	_	_	_	linguistic	_	none	_	_	5x1	_	_	_
1245-20	PSB018	1245	20	e	e	_	_	_	_	_	linguistic	_	none	_	_	_	_	_	_
1245-21	PSB018	1245	21	questi	questi	_	_	_	_	_	linguistic	_	none	_	_	_	_	_	_
1245-22	PSB018	1245	22	tutti	tutti	_	_	_	_	_	linguistic	_	none	_	_	_	_	_	_
1245-23	PSB018	1245	23	ver~	ver~	_	_	_	_	_	linguistic	_	none	Interrupted=Yes	_	_	_	_	_
1245-24	PSB018	1245	24	ehm	ehm	_	_	_	_	_	linguistic	_	none	_	End=4066.097	_	_	_	_
1246-0	PSB005	1246	0	[sì	sì	_	_	_	_	_	linguistic	_	none	_	Begin=4053.468	_	_	_	0-2(396)
1246-1	PSB005	1246	1	alcune	alcune	_	_	_	_	_	linguistic	_	none	_	_	_	_	_	0-6(396)
1246-2	PSB005	1246	2	cose	cose	_	_	_	_	_	linguistic	_	none	_	_	_	_	_	0-4(396)
1246-3	PSB005	1246	3	vengono	vengono	_	_	_	_	_	linguistic	_	none	_	_	_	_	_	0-7(396)
1246-4	PSB005	1246	4	da	da	_	_	_	_	_	linguistic	_	none	_	_	_	_	_	0-2(396)
1246-5	PSB005	1246	5	fuori	fuori	_	_	_	_	_	linguistic	_	none	_	_	_	_	_	0-5(396)
1246-6	PSB005	1246	6	lont~	lont~	_	_	_	_	_	linguistic	_	none	Interrupted=Yes	_	_	_	_	0-5(396)
1246-7	PSB005	1246	7	sì	sì	_	_	_	_	_	linguistic	_	none	_	_	_	_	_	0-2(396)
1246-8	PSB005	1246	8	da	da	_	_	_	_	_	linguistic	_	none	_	_	_	_	_	0-2(396)
1246-9	PSB005	1246	9	lontano]	lontano	_	_	_	_	_	linguistic	_	none	_	End=4056.803	_	_	_	0-7(396)
1247-0	PSB018	1247	0	fogli:	fogli	_	_	_	_	_	linguistic	_	none	_	Begin=4066.855	4x1	_	_	_
1247-1	PSB018	1247	1	ah	ah	_	_	_	_	_	linguistic	_	none	_	_	_	_	_	_
1247-2	PSB018	1247	2	ma	ma	_	_	_	_	_	linguistic	_	none	_	_	_	_	_	_
1247-3	PSB018	1247	3	tutta	tutta	_	_	_	_	_	linguistic	_	none	_	_	_	_	_	_
1247-4	PSB018	1247	4	la	la	_	_	_	_	_	linguistic	_	none	_	_	_	_	_	_
1247-5	PSB018	1247	5	verdura	verdura	_	_	_	_	_	linguistic	_	none	_	_	_	_	_	_
1247-6	PSB018	1247	6	eh	eh	_	_	_	_	_	linguistic	_	none	_	_	_	_	_	_
1247-7	PSB018	1247	7	[e:	e	_	_	_	_	_	linguistic	_	none	_	_	0x1	_	_	0-1(397)
1247-8	PSB018	1247	8	fr]utta	frutta	_	_	_	_	_	linguistic	_	none	_	_	_	_	_	0-2(397)
1247-9	PSB018	1247	9	è	è	_	_	_	_	_	linguistic	_	none	_	_	_	_	_	_
1247-10	PSB018	1247	10	possibile	possibile	_	_	_	_	_	linguistic	_	none	_	_	_	_	_	_
1247-11	PSB018	1247	11	trovare	trovare	_	_	_	_	_	linguistic	_	none	_	End=4071.968	_	_	_	_
1248-0	PSB005	1248	0	[sì	sì	_	_	_	_	_	linguistic	_	none	_	Begin=4069.758	_	_	_	0-2(397)
1248-1	PSB005	1248	1	sì]	sì	_	_	_	_	_	linguistic	_	none	_	End=4070.403	_	_	_	0-2(397)
1249-0	PSB005	1249	0	sì	sì	_	_	_	_	_	linguistic	_	none	_	Begin=4071.984	_	_	_	_
1249-1	PSB005	1249	1	sì	sì	_	_	_	_	_	linguistic	_	none	_	_	_	_	_	_
1249-2	PSB005	1249	2	quello	quello	_	_	_	_	_	linguistic	_	none	_	_	_	_	_	_
1249-3	PSB005	1249	3	sì	sì	_	_	_	_	_	linguistic	_	none	_	_	_	_	_	_
1249-4	PSB005	1249	4	sì	sì	_	_	_	_	_	linguistic	_	none	_	_	_	_	_	_
1249-5	PSB005	1249	5	sì	sì	_	_	_	_	_	linguistic	_	none	_	_	_	_	_	_
1249-6	PSB005	1249	6	certo	certo	_	_	_	_	_	linguistic	_	none	_	End=4074.129	_	_	_	_
1250-0	PSB018	1250	0	eh	eh	_	_	_	_	_	linguistic	_	none	_	Begin=4074.129	_	_	_	_
1250-1	PSB018	1250	1	molto	molto	_	_	_	_	_	linguistic	_	none	_	_	_	_	_	_
1250-2	PSB018	1250	2	molto	molto	_	_	_	_	_	linguistic	_	none	_	_	_	_	_	_
1250-3	PSB018	1250	3	e	e	_	_	_	_	_	linguistic	_	none	_	_	_	_	_	_
1250-4	PSB018	1250	4	adesso	adesso	_	_	_	_	_	linguistic	_	none	_	End=4076.36	_	_	_	_
1251-0	PSB018	1251	0	per	per	_	_	_	_	_	linguistic	_	none	_	Begin=4076.94	_	_	_	_
1251-1	PSB018	1251	1	esempio	esempio	_	_	_	_	_	linguistic	_	none	_	_	_	_	_	_
1251-2	PSB018	1251	2	andare	andare	_	_	_	_	_	linguistic	_	none	_	_	_	_	_	_
1251-3	PSB018	1251	3	a	a	_	_	_	_	_	linguistic	_	none	_	_	_	_	_	_
1251-4	PSB018	1251	4	casa	casa	_	_	_	_	_	linguistic	_	none	_	_	_	_	_	_
1251-5	PSB018	1251	5	mia	mia	_	_	_	_	_	linguistic	_	none	_	_	_	_	_	_
1251-6	PSB018	1251	6	e:h	eh	_	_	_	_	_	linguistic	_	none	_	_	0x1	_	_	_
1251-7	PSB018	1251	7	l'	l'	_	_	_	_	_	linguistic	_	none	SpaceAfter=No	_	_	_	_	_
1251-8	PSB018	1251	8	estate	estate	_	_	_	_	_	linguistic	_	none	_	_	_	_	_	_
1251-9	PSB018	1251	9	non	non	_	_	_	_	_	linguistic	_	none	_	_	_	_	_	_
1251-10	PSB018	1251	10	c'	c'	_	_	_	_	_	linguistic	_	none	SpaceAfter=No	_	_	_	_	_
1251-11	PSB018	1251	11	è	è	_	_	_	_	_	linguistic	_	none	_	_	_	_	_	_
1251-12	PSB018	1251	12	problema	problema	_	_	_	_	_	linguistic	_	none	_	_	_	_	_	_
1251-13	PSB018	1251	13	perché	perché	_	_	_	_	_	linguistic	_	none	_	_	_	_	_	_
1251-14	PSB018	1251	14	noi	noi	_	_	_	_	_	linguistic	_	none	_	_	_	_	_	_
1251-15	PSB018	1251	15	abbiamo	abbiamo	_	_	_	_	_	linguistic	_	none	_	_	_	_	_	_
1251-16	PSB018	1251	16	anche	anche	_	_	_	_	_	linguistic	_	none	_	_	_	_	_	_
1251-17	PSB018	1251	17	tante	tante	_	_	_	_	_	linguistic	_	none	_	_	_	_	_	_
1251-18	PSB018	1251	18	tante	tante	_	_	_	_	_	linguistic	_	none	_	_	_	_	_	_
1251-19	PSB018	1251	19	prodot[ti]	prodotti	_	_	_	_	_	linguistic	_	none	_	_	_	_	_	4-7(398)
1251-20	PSB018	1251	20	nost[ri	nostri	_	_	_	_	_	linguistic	_	none	_	_	_	_	_	2-6(399)
1251-21	PSB018	1251	21	ucr]aini	ucraini	_	_	_	_	_	linguistic	_	none	_	_	_	_	_	0-2(399)
1251-22	PSB018	1251	22	e:h	eh	_	_	_	_	_	linguistic	_	none	_	_	0x1	_	_	_
1251-23	PSB018	1251	23	con	con	_	_	_	_	_	linguistic	_	none	_	_	_	_	_	_
1251-24	PSB018	1251	24	il:	il	_	_	_	_	_	linguistic	_	none	_	_	1x1	_	_	_
1251-25	PSB018	1251	25	ah	ah	_	_	_	_	_	linguistic	_	none	_	_	_	_	_	_
1251-26	PSB018	1251	26	qua~	qua~	_	_	_	_	_	linguistic	_	none	Interrupted=Yes	_	_	_	_	_
1251-27	PSB018	1251	27	con	con	_	_	_	_	_	linguistic	_	none	_	_	_	_	_	_
1251-28	PSB018	1251	28	la	la	_	_	_	_	_	linguistic	_	none	_	_	_	_	_	_
1251-29	PSB018	1251	29	qualità	qualità	_	_	_	_	_	linguistic	_	none	_	End=4091.34	_	_	_	_
1252-0	PSB005	1252	0	[°mhmh°]	mhmh	_	_	_	_	_	linguistic	_	none	Volume=low	Begin=4085.081|End=4085.563	_	_	_	0-4(398)
1253-0	PSB005	1253	0	[mhmh]	mhmh	_	_	_	_	_	linguistic	_	none	_	Begin=4086.194|End=4086.729	_	_	_	0-4(399)
1254-0	PSB018	1254	0	normale	normale	_	_	_	_	_	linguistic	_	none	_	Begin=4091.71|End=4092.323	_	_	_	_
1255-0	PSB018	1255	0	ma	ma	_	_	_	_	_	linguistic	_	none	_	Begin=4093.145	_	_	_	_
1255-1	PSB018	1255	1	l'	l'	_	_	_	_	_	linguistic	_	none	SpaceAfter=No	_	_	_	_	_
1255-2	PSB018	1255	2	estate	estate	_	_	_	_	_	linguistic	_	none	_	_	_	_	_	_
1255-3	PSB018	1255	3	ma	ma	_	_	_	_	_	linguistic	_	none	_	_	_	_	_	_
1255-4	PSB018	1255	4	l'	l'	_	_	_	_	_	linguistic	_	none	SpaceAfter=No	_	_	_	_	_
1255-5	PSB018	1255	5	inverno	inverno	_	_	_	_	_	linguistic	_	none	_	_	_	_	_	_
1255-6	PSB018	1255	6	per	per	_	_	_	_	_	linguistic	_	none	_	_	_	_	_	_
1255-7	PSB018	1255	7	trovare	trovare	_	_	_	_	_	linguistic	_	none	_	_	_	_	_	_
1255-8	PSB018	1255	8	qual~	qual~	_	_	_	_	_	linguistic	_	none	Interrupted=Yes	_	_	_	_	_
1255-9	PSB018	1255	9	tante	tante	_	_	_	_	_	linguistic	_	none	_	_	_	_	_	_
1255-10	PSB018	1255	10	prodotti:	prodotti	_	_	_	_	_	linguistic	_	none	_	_	7x1	_	_	_
1255-11	PSB018	1255	11	è	è	_	_	_	_	_	linguistic	_	none	_	_	_	_	_	_
1255-12	PSB018	1255	12	è	è	_	_	_	_	_	linguistic	_	none	_	_	_	_	_	0-1(400)
1255-13	PSB018	1255	13	[è	è	_	_	_	_	_	linguistic	_	none	_	_	_	_	_	0-1(400)
1255-14	PSB018	1255	14	s~]	s~	_	_	_	_	_	linguistic	_	none	Interrupted=Yes	_	_	_	_	0-1(400)
1255-15	PSB018	1255	15	anche	anche	_	_	_	_	_	linguistic	_	none	_	_	_	_	_	_
1255-16	PSB018	1255	16	primavera	primavera	_	_	_	_	_	linguistic	_	none	_	_	_	_	_	_
1255-17	PSB018	1255	17	non	non	_	_	_	_	_	linguistic	_	none	_	_	_	_	_	_
1255-18	PSB018	1255	18	è	è	_	_	_	_	_	linguistic	_	none	_	_	_	_	_	_
1255-19	PSB018	1255	19	facil[e]	facile	_	_	_	_	_	linguistic	_	none	_	End=4103.04	_	_	_	3-5(401)
1256-0	PSB005	1256	0	[°più	più	_	_	_	_	_	linguistic	_	none	Volume=low	Begin=4098.645	_	_	_	0-3(400)
1256-1	PSB005	1256	1	difficile°]	difficile	_	_	_	_	_	linguistic	_	none	Volume=low	End=4099.597	_	_	_	0-9(400)
1257-0	PSB005	1257	0	[mhmh]	mhmh	_	_	_	_	_	linguistic	_	none	_	Begin=4102.565|End=4103.059	_	_	_	0-4(401)
1258-0	PSB018	1258	0	ma:	ma	_	_	_	_	_	linguistic	_	none	_	Begin=4103.37	1x1	_	_	_
1258-1	PSB018	1258	1	adesso	adesso	_	_	_	_	_	linguistic	_	none	_	_	_	_	_	_
1258-2	PSB018	1258	2	quando:	quando	_	_	_	_	_	linguistic	_	none	_	_	5x1	_	_	_
1258-3	PSB018	1258	3	per	per	_	_	_	_	_	linguistic	_	none	_	_	_	_	_	_
1258-4	PSB018	1258	4	te	te	_	_	_	_	_	linguistic	_	none	_	_	_	_	_	_
1258-5	PSB018	1258	5	la	la	_	_	_	_	_	linguistic	_	none	_	_	_	_	_	_
1258-6	PSB018	1258	6	tua	tua	_	_	_	_	_	linguistic	_	none	_	_	_	_	_	_
1258-7	PSB018	1258	7	vita	vita	_	_	_	_	_	linguistic	_	none	_	_	_	_	_	_
1258-8	PSB018	1258	8	è	è	_	_	_	_	_	linguistic	_	none	_	_	_	_	_	_
1258-9	PSB018	1258	9	così	così	_	_	_	_	_	linguistic	_	none	_	_	_	_	_	_
1258-10	PSB018	1258	10	quando	quando	_	_	_	_	_	linguistic	_	none	_	_	_	_	_	_
1258-11	PSB018	1258	11	tu	tu	_	_	_	_	_	linguistic	_	none	_	_	_	_	_	_
1258-12	PSB018	1258	12	puoi	puoi	_	_	_	_	_	linguistic	_	none	_	_	_	_	_	_
1258-13	PSB018	1258	13	andare	andare	_	_	_	_	_	linguistic	_	none	_	_	_	_	_	_
1258-14	PSB018	1258	14	nel	nel	_	_	_	_	_	linguistic	_	none	_	End=4111.29	_	_	_	_
1259-0	PSB018	1259	0	mercato	mercato	_	_	_	_	_	linguistic	_	none	_	Begin=4111.855	_	_	_	_
1259-1	PSB018	1259	1	supermercato	supermercato	_	_	_	_	_	linguistic	_	none	_	_	_	_	_	_
1259-2	PSB018	1259	2	anche	anche	_	_	_	_	_	linguistic	_	none	_	_	_	_	_	_
1259-3	PSB018	1259	3	piccolo	piccolo	_	_	_	_	_	linguistic	_	none	_	_	_	_	_	_
1259-4	PSB018	1259	4	e	e	_	_	_	_	_	linguistic	_	none	_	_	_	_	_	_
1259-5	PSB018	1259	5	trovare	trovare	_	_	_	_	_	linguistic	_	none	_	_	_	_	_	_
1259-6	PSB018	1259	6	tutto	tutto	_	_	_	_	_	linguistic	_	none	_	_	_	_	_	_
1259-7	PSB018	1259	7	tu	tu	_	_	_	_	_	linguistic	_	none	_	_	_	_	_	_
1259-8	PSB018	1259	8	vuoi	vuoi	_	_	_	_	_	linguistic	_	none	_	End=4116.0	_	_	_	_
1260-0	PSB005	1260	0	mhmh	mhmh	_	_	_	_	_	linguistic	_	none	_	Begin=4116.161	_	_	_	_
1260-1	PSB005	1260	1	sì	sì	_	_	_	_	_	linguistic	_	none	_	_	_	_	_	_
1260-2	PSB005	1260	2	è	è	_	_	_	_	_	linguistic	_	none	_	_	_	_	_	_
1260-3	PSB005	1260	3	vero	vero	_	_	_	_	_	linguistic	_	none	_	_	_	_	_	_
1260-4	PSB005	1260	4	sì	sì	_	_	_	_	_	linguistic	_	none	_	_	_	_	_	_
1260-5	PSB005	1260	5	sì	sì	_	_	_	_	_	linguistic	_	none	_	_	_	_	_	_
1260-6	PSB005	1260	6	sì	sì	_	_	_	_	_	linguistic	_	none	_	_	_	_	_	_
1260-7	PSB005	1260	7	quello	quello	_	_	_	_	_	linguistic	_	none	_	_	_	_	_	_
1260-8	PSB005	1260	8	sì	sì	_	_	_	_	_	linguistic	_	none	_	_	_	_	_	_
1260-9	PSB005	1260	9	sicuramen[te]	sicuramente	_	_	_	_	_	linguistic	_	none	_	End=4119.436	_	_	_	9-11(402)
1261-0	PSB018	1261	0	[e]	e	_	_	_	_	_	linguistic	_	none	_	Begin=4119.145	_	_	_	0-1(402)
1261-1	PSB018	1261	1	pro~	pro~	_	_	_	_	_	linguistic	_	none	Interrupted=Yes	_	_	_	_	_
1261-2	PSB018	1261	2	i	i	_	_	_	_	_	linguistic	_	none	_	_	_	_	_	_
1261-3	PSB018	1261	3	prodo~	prodo~	_	_	_	_	_	linguistic	_	none	Interrupted=Yes	_	_	_	_	_
1261-4	PSB018	1261	4	ci	ci	_	_	_	_	_	linguistic	_	none	_	_	_	_	_	_
1261-5	PSB018	1261	5	sono	sono	_	_	_	_	_	linguistic	_	none	_	_	_	_	_	_
1261-6	PSB018	1261	6	prodotti	prodotti	_	_	_	_	_	linguistic	_	none	_	_	_	_	_	_
1261-7	PSB018	1261	7	ah	ah	_	_	_	_	_	linguistic	_	none	_	_	_	_	_	_
1261-8	PSB018	1261	8	anche	anche	_	_	_	_	_	linguistic	_	none	_	_	_	_	_	_
1261-9	PSB018	1261	9	grande	grande	_	_	_	_	_	linguistic	_	none	_	_	_	_	_	_
1261-10	PSB018	1261	10	per	per	_	_	_	_	_	linguistic	_	none	_	_	_	_	_	_
1261-11	PSB018	1261	11	me	me	_	_	_	_	_	linguistic	_	none	_	_	_	_	_	_
1261-12	PSB018	1261	12	per	per	_	_	_	_	_	linguistic	_	none	_	_	_	_	_	_
1261-13	PSB018	1261	13	me	me	_	_	_	_	_	linguistic	_	none	_	_	_	_	_	_
1261-14	PSB018	1261	14	x	x	_	_	_	_	_	unknown	_	none	Syllables=1	_	_	_	_	_
1261-15	PSB018	1261	15	eh	eh	_	_	_	_	_	linguistic	_	none	_	_	_	_	_	_
1261-16	PSB018	1261	16	vantaggio	vantaggio	_	_	_	_	_	linguistic	_	none	_	_	_	_	_	_
1261-17	PSB018	1261	17	come	come	_	_	_	_	_	linguistic	_	none	PauseAfter=Yes	_	_	_	_	_
1261-18	PSB018	1261	18	(.)	(.)	_	_	_	_	_	shortpause	_	none	_	_	_	_	_	_
1261-19	PSB018	1261	19	mamma	mamma	_	_	_	_	_	linguistic	_	none	_	End=4126.774	_	_	_	_
1262-0	PSB018	1262	0	ci	ci	_	_	_	_	_	linguistic	_	yes	_	Begin=4127.597	_	_	_	_
1262-1	PSB018	1262	1	sono	sono	_	_	_	_	_	linguistic	_	yes	_	_	_	_	_	_
1262-2	PSB018	1262	2	tante	tante	_	_	_	_	_	linguistic	_	yes	_	_	_	_	_	_
1262-3	PSB018	1262	3	prodotti	prodotti	_	_	_	_	_	linguistic	_	yes	_	_	_	_	_	_
1262-4	PSB018	1262	4	come	come	_	_	_	_	_	linguistic	_	yes	_	_	_	_	_	_
1262-5	PSB018	1262	5	eh	eh	_	_	_	_	_	linguistic	_	yes	_	_	_	_	_	_
1262-6	PSB018	1262	6	m:h	mh	_	_	_	_	_	linguistic	_	yes	_	_	0x1	_	_	_
1262-7	PSB018	1262	7	#half	half	_	_	_	_	_	linguistic	_	yes	Language=NO_ISO_CODE|Variation=Token	_	_	_	_	_
1262-8	PSB018	1262	8	#made	made	_	_	_	_	_	linguistic	_	yes	Language=NO_ISO_CODE|Variation=Token	End=4132.468	_	_	_	_
1264-0	PSB005	1264	0	mh[mh]	mhmh	_	_	_	_	_	linguistic	_	none	_	Begin=4133.129|End=4133.629	_	_	_	2-4(403)
1265-0	PSB018	1265	0	[quan]do	quando	_	_	_	_	_	linguistic	_	none	_	Begin=4133.371	_	_	_	0-4(403)
1265-1	PSB018	1265	1	tu	tu	_	_	_	_	_	linguistic	_	none	_	_	_	_	_	_
1265-2	PSB018	1265	2	e:h	eh	_	_	_	_	_	linguistic	_	none	_	_	0x1	_	_	_
1265-3	PSB018	1265	3	[devo	devo	_	_	_	_	_	linguistic	_	none	_	_	_	_	_	0-4(404)
1265-4	PSB018	1265	4	comprare	comprare	_	_	_	_	_	linguistic	_	none	_	_	_	_	_	0-8(404)
1265-5	PSB018	1265	5	e	e	_	_	_	_	_	linguistic	_	none	_	_	_	_	_	0-1(404)
1265-6	PSB018	1265	6	s]olo	solo	_	_	_	_	_	linguistic	_	none	_	_	_	_	_	0-1(404)
1265-7	PSB018	1265	7	<mettere>	mettere	_	_	_	_	_	linguistic	_	none	_	_	_	Slow=0-7(0)	_	_
1265-8	PSB018	1265	8	nel	nel	_	_	_	_	_	linguistic	_	none	_	_	_	_	_	_
1265-9	PSB018	1265	9	fo[rno]	forno	_	_	_	_	_	linguistic	_	none	_	_	_	_	_	2-5(405)
1265-10	PSB018	1265	10	o	o	_	_	_	_	_	linguistic	_	none	_	_	_	_	_	_
1265-11	PSB018	1265	11	microwave	microwave	_	_	_	_	_	linguistic	_	none	PauseAfter=Yes	_	_	_	_	_
1265-12	PSB018	1265	12	[(.)	(.)	_	_	_	_	_	shortpause	_	none	_	_	_	_	_	X(406)
1265-13	PSB018	1265	13	o]	o	_	_	_	_	_	linguistic	_	none	_	End=4142.807	_	_	_	0-1(406)
1266-0	PSB005	1266	0	[ah	ah	_	_	_	_	_	linguistic	_	none	_	Begin=4135.452	_	_	_	0-2(404)
1266-1	PSB005	1266	1	ho	ho	_	_	_	_	_	linguistic	_	none	_	_	_	_	_	0-2(404)
1266-2	PSB005	1266	2	capito	capito	_	_	_	_	_	linguistic	_	none	PauseAfter=Yes	_	_	_	_	0-6(404)
1266-3	PSB005	1266	3	(.)	(.)	_	_	_	_	_	shortpause	_	none	_	_	_	_	_	X(404)
1266-4	PSB005	1266	4	sì]	sì	_	_	_	_	_	linguistic	_	none	_	End=4137.5	_	_	_	0-2(404)
1267-0	PSB005	1267	0	[sì]	sì	_	_	_	_	_	linguistic	_	none	_	Begin=4140.081|End=4140.517	_	_	_	0-2(405)
1268-0	PSB005	1268	0	[sì	sì	_	_	_	_	_	linguistic	_	none	_	Begin=4142.016	_	_	_	0-2(406)
1268-1	PSB005	1268	1	sì	sì	_	_	_	_	_	linguistic	_	none	_	_	_	_	_	0-2(406)
1268-2	PSB005	1268	2	sì]	sì	_	_	_	_	_	linguistic	_	none	_	End=4142.613	_	_	_	0-2(406)
1269-0	PSB018	1269	0	e:	e	_	_	_	_	_	linguistic	_	none	_	Begin=4143.21	0x1	_	_	_
1269-1	PSB018	1269	1	e	e	_	_	_	_	_	linguistic	_	none	_	_	_	_	_	_
1269-2	PSB018	1269	2	anche	anche	_	_	_	_	_	linguistic	_	none	_	_	_	_	_	_
1269-3	PSB018	1269	3	quello	quello	_	_	_	_	_	linguistic	_	none	_	_	_	_	_	_
1269-4	PSB018	1269	4	quando	quando	_	_	_	_	_	linguistic	_	none	_	_	_	_	_	_
1269-5	PSB018	1269	5	leggo	leggo	_	_	_	_	_	linguistic	_	none	_	_	_	_	_	_
1269-6	PSB018	1269	6	li	li	_	_	_	_	_	linguistic	_	none	_	_	_	_	_	_
1269-7	PSB018	1269	7	ingredienti	ingredienti	_	_	_	_	_	linguistic	_	none	_	_	_	_	_	_
1269-8	PSB018	1269	8	tutto	tutto	_	_	_	_	_	linguistic	_	none	_	_	_	_	_	_
1269-9	PSB018	1269	9	è	è	_	_	_	_	_	linguistic	_	none	_	_	_	_	_	_
1269-10	PSB018	1269	10	naturale	naturale	_	_	_	_	_	linguistic	_	none	PauseAfter=Yes	_	_	_	_	_
1269-11	PSB018	1269	11	(.)	(.)	_	_	_	_	_	shortpause	_	none	_	_	_	_	_	_
1269-12	PSB018	1269	12	[per]	per	_	_	_	_	_	linguistic	_	none	_	_	_	_	_	0-3(408)
1269-13	PSB018	1269	13	esa~	esa~	_	_	_	_	_	linguistic	_	none	Interrupted=Yes	_	_	_	_	_
1269-14	PSB018	1269	14	per	per	_	_	_	_	_	linguistic	_	none	_	_	_	_	_	_
1269-15	PSB018	1269	15	esempio	esempio	_	_	_	_	_	linguistic	_	none	_	_	_	_	_	_
1269-16	PSB018	1269	16	per	per	_	_	_	_	_	linguistic	_	none	_	_	_	_	_	_
1269-17	PSB018	1269	17	comprare	comprare	_	_	_	_	_	linguistic	_	none	_	_	_	_	_	_
1269-18	PSB018	1269	18	grand	grand	_	_	_	_	_	linguistic	_	none	_	_	_	_	_	_
1269-19	PSB018	1269	19	burger	burger	_	_	_	_	_	linguistic	_	none	_	_	_	_	_	_
1269-20	PSB018	1269	20	e:hm	ehm	_	_	_	_	_	linguistic	_	none	_	_	0x1	_	_	_
1269-21	PSB018	1269	21	di	di	_	_	_	_	_	linguistic	_	none	_	_	_	_	_	_
1269-22	PSB018	1269	22	bovino	bovino	_	_	_	_	_	linguistic	_	none	_	_	_	_	_	_
1269-23	PSB018	1269	23	[di]	di	_	_	_	_	_	linguistic	_	none	_	_	_	_	_	0-2(409)
1269-24	PSB018	1269	24	tachi~	tachi~	_	_	_	_	_	linguistic	_	none	Interrupted=Yes	_	_	_	_	_
1269-25	PSB018	1269	25	di	di	_	_	_	_	_	linguistic	_	none	_	_	_	_	_	_
1269-26	PSB018	1269	26	tec~	tec~	_	_	_	_	_	linguistic	_	none	Interrupted=Yes	_	_	_	_	_
1269-27	PSB018	1269	27	<tacchin[o]>	tacchino	_	_	_	_	_	linguistic	_	none	_	End=4156.855	_	Slow=0-8(0)	_	7-8(407)
1270-0	PSB005	1270	0	[mhmh]	mhmh	_	_	_	_	_	linguistic	_	none	_	Begin=4148.678|End=4149.174	_	_	_	0-4(408)
1271-0	PSB005	1271	0	[mhmh]	mhmh	_	_	_	_	_	linguistic	_	none	_	Begin=4154.661|End=4155.05	_	_	_	0-4(409)
1272-0	PSB005	1272	0	[s]ì	sì	_	_	_	_	_	linguistic	_	none	_	Begin=4156.71|End=4157.131	_	_	_	0-1(407)
1273-0	PSB018	1273	0	pollo	pollo	_	_	_	_	_	linguistic	_	none	_	Begin=4157.194|End=4157.868	_	_	_	_
1274-0	PSB018	1274	0	solo	solo	_	_	_	_	_	linguistic	_	none	_	Begin=4158.274	_	_	_	_
1274-1	PSB018	1274	1	devo	devo	_	_	_	_	_	linguistic	_	none	_	_	_	_	_	_
1274-2	PSB018	1274	2	scegliere	scegliere	_	_	_	_	_	linguistic	_	none	_	_	_	_	_	_
1274-3	PSB018	1274	3	che	che	_	_	_	_	_	linguistic	_	none	_	_	_	_	_	_
1274-4	PSB018	1274	4	tipo	tipo	_	_	_	_	_	linguistic	_	none	_	_	_	_	_	_
1274-5	PSB018	1274	5	di	di	_	_	_	_	_	linguistic	_	none	_	_	_	_	_	_
1274-6	PSB018	1274	6	te~	te~	_	_	_	_	_	linguistic	_	none	Interrupted=Yes	_	_	_	_	_
1274-7	PSB018	1274	7	eh	eh	_	_	_	_	_	linguistic	_	none	_	_	_	_	_	_
1274-8	PSB018	1274	8	burger	burger	_	_	_	_	_	linguistic	_	none	_	_	_	_	_	_
1274-9	PSB018	1274	9	o	o	_	_	_	_	_	linguistic	_	none	_	_	_	_	_	_
1274-10	PSB018	1274	10	questi	questi	_	_	_	_	_	linguistic	_	none	_	_	_	_	_	_
1274-11	PSB018	1274	11	e:h	eh	_	_	_	_	_	linguistic	_	none	_	End=4164.226	0x1	_	_	_
1275-0	PSB018	1275	0	rotondi	rotondi	_	_	_	_	_	linguistic	_	yes	PauseAfter=Yes	Begin=4165.21	_	_	_	_
1275-1	PSB018	1275	1	[(.)]	(.)	_	_	_	_	_	shortpause	_	yes	_	_	_	_	_	X(410)
1275-2	PSB018	1275	2	#meatballs	meatballs	_	_	_	_	_	linguistic	_	yes	Language=NO_ISO_CODE|Variation=Token	End=4167.048	_	_	_	_
1277-0	PSB005	1277	0	[sì]	sì	_	_	_	_	_	linguistic	_	none	_	Begin=4165.855|End=4166.229	_	_	_	0-2(410)
1278-0	PSB005	1278	0	polpette	polpette	_	_	_	_	_	linguistic	_	none	_	Begin=4167.065|End=4167.645	_	_	_	_
1279-0	PSB018	1279	0	polpett[e]	polpette	_	_	_	_	_	linguistic	_	none	_	Begin=4167.645|End=4168.219	_	_	_	7-8(411)
1280-0	PSB005	1280	0	[pol]pette	polpette	_	_	_	_	_	linguistic	_	none	_	Begin=4168.081|End=4168.726	_	_	_	0-3(411)
1281-0	PSB018	1281	0	polpette	polpette	_	_	_	_	_	linguistic	_	none	_	Begin=4168.71|End=4169.579	_	_	_	_
1282-0	PSB018	1282	0	solo:	solo	_	_	_	_	_	linguistic	_	none	_	Begin=4170.274|End=4171.178	3x1	_	_	_
1283-0	PSB018	1283	0	con	con	_	_	_	_	_	linguistic	_	none	_	Begin=4172.436	_	_	_	_
1283-1	PSB018	1283	1	il	il	_	_	_	_	_	linguistic	_	none	_	_	_	_	_	_
1283-2	PSB018	1283	2	tuo	tuo	_	_	_	_	_	linguistic	_	none	_	_	_	_	_	_
1283-3	PSB018	1283	3	giu~	giu~	_	_	_	_	_	linguistic	_	none	Interrupted=Yes	_	_	_	_	_
1283-4	PSB018	1283	4	gusto	gusto	_	_	_	_	_	linguistic	_	none	_	End=4174.178	_	_	_	_
1284-0	PSB005	1284	0	mhmh	mhmh	_	_	_	_	_	linguistic	_	none	_	Begin=4174.178|End=4174.663	_	_	_	_
1285-0	PSB018	1285	0	scegli	scegli	_	_	_	_	_	linguistic	_	none	_	Begin=4174.742|End=4175.532	_	_	_	_
1286-0	PSB018	1286	0	e	e	_	_	_	_	_	linguistic	_	none	_	Begin=4176.258	_	_	_	_
1286-1	PSB018	1286	1	tra	tra	_	_	_	_	_	linguistic	_	none	_	_	_	_	_	_
1286-2	PSB018	1286	2	quindici	quindici	_	_	_	_	_	linguistic	_	none	_	_	_	_	_	_
1286-3	PSB018	1286	3	minuti	minuti	_	_	_	_	_	linguistic	_	none	_	_	_	_	_	_
1286-4	PSB018	1286	4	tutto	tutto	_	_	_	_	_	linguistic	_	none	_	_	_	_	_	_
1286-5	PSB018	1286	5	è	è	_	_	_	_	_	linguistic	_	none	_	_	_	_	_	_
1286-6	PSB018	1286	6	pro[nto]	pronto	_	_	_	_	_	linguistic	_	none	_	End=4179.29	_	_	_	3-6(413)
1287-0	PSB005	1287	0	[mhmh]	mhmh	_	_	_	_	_	linguistic	_	none	_	Begin=4178.919|End=4179.387	_	_	_	0-4(413)
1288-0	PSB005	1288	0	mentre	mentre	_	_	_	_	_	linguistic	_	none	_	Begin=4179.807	_	_	_	_
1288-1	PSB005	1288	1	in	in	_	_	_	_	_	linguistic	_	none	_	_	_	_	_	_
1288-2	PSB005	1288	2	ucraina	ucraina	_	_	_	_	_	linguistic	_	none	_	_	_	_	_	_
1288-3	PSB005	1288	3	non	non	_	_	_	_	_	linguistic	_	none	_	_	_	_	_	_
1288-4	PSB005	1288	4	non	non	_	_	_	_	_	linguistic	_	none	_	_	_	_	_	_
1288-5	PSB005	1288	5	era	era	_	_	_	_	_	linguistic	_	none	_	_	_	_	_	_
1288-6	PSB005	1288	6	così?	così	_	_	_	_	_	linguistic	_	none	Intonation=Rising	End=4181.952	_	_	_	_
1289-0	PSB018	1289	0	sì	sì	_	_	_	_	_	linguistic	_	none	_	Begin=4182.065	_	_	_	_
1289-1	PSB018	1289	1	c'	c'	_	_	_	_	_	linguistic	_	none	SpaceAfter=No	_	_	_	_	_
1289-2	PSB018	1289	2	è	è	_	_	_	_	_	linguistic	_	none	_	_	_	_	_	_
1289-3	PSB018	1289	3	ma	ma	_	_	_	_	_	linguistic	_	none	_	_	_	_	_	_
1289-4	PSB018	1289	4	<tutto	tutto	_	_	_	_	_	linguistic	_	none	_	_	_	Slow=0-5(0)	_	_
1289-5	PSB018	1289	5	surgelato>	surgelato	_	_	_	_	_	linguistic	_	none	_	_	_	Slow=0-9(0)	_	_
1289-6	PSB018	1289	6	come:	come	_	_	_	_	_	linguistic	_	none	_	_	3x1	_	_	_
1289-7	PSB018	1289	7	non	non	_	_	_	_	_	linguistic	_	none	_	_	_	_	_	_
1289-8	PSB018	1289	8	so	so	_	_	_	_	_	linguistic	_	none	_	_	_	_	_	_
1289-9	PSB018	1289	9	qualche:	qualche	_	_	_	_	_	linguistic	_	none	_	_	6x1	_	_	_
1289-10	PSB018	1289	10	$cercoli	cercoli	_	_	_	_	_	linguistic	_	none	Orthography=Yes|Variation=Emerging	End=4189.758	_	_	_	_
1290-0	PSB018	1290	0	surgelato	surgelato	_	_	_	_	_	linguistic	_	none	_	Begin=4191.097	_	_	_	_
1290-1	PSB018	1290	1	((ride))	((ride))	_	_	_	_	_	nonverbalbehavior	_	none	_	End=4192.531	_	_	_	_
1291-0	PSB005	1291	0	mhmh	mhmh	_	_	_	_	_	linguistic	_	none	_	Begin=4192.984|End=4193.576	_	_	_	_
1292-0	PSB018	1292	0	e	e	_	_	_	_	_	linguistic	_	none	_	Begin=4194.339	_	_	_	_
1292-1	PSB018	1292	1	anche:	anche	_	_	_	_	_	linguistic	_	none	_	_	4x1	_	_	_
1292-2	PSB018	1292	2	la	la	_	_	_	_	_	linguistic	_	none	_	_	_	_	_	_
1292-3	PSB018	1292	3	lista	lista	_	_	_	_	_	linguistic	_	none	_	_	_	_	_	_
1292-4	PSB018	1292	4	dell'	dell'	_	_	_	_	_	linguistic	_	none	SpaceAfter=No	_	_	_	_	_
1292-5	PSB018	1292	5	ingrediente	ingrediente	_	_	_	_	_	linguistic	_	none	_	_	_	_	_	_
1292-6	PSB018	1292	6	per	per	_	_	_	_	_	linguistic	_	none	_	_	_	_	_	_
1292-7	PSB018	1292	7	e:h	eh	_	_	_	_	_	linguistic	_	none	_	_	0x1	_	_	_
1292-8	PSB018	1292	8	per	per	_	_	_	_	_	linguistic	_	none	_	_	_	_	_	_
1292-9	PSB018	1292	9	salvare	salvare	_	_	_	_	_	linguistic	_	none	_	_	_	_	_	_
1292-10	PSB018	1292	10	il	il	_	_	_	_	_	linguistic	_	none	_	_	_	_	_	_
1292-11	PSB018	1292	11	prodotto	prodotto	_	_	_	_	_	linguistic	_	none	_	_	_	_	_	_
1292-12	PSB018	1292	12	normale	normale	_	_	_	_	_	linguistic	_	none	_	_	_	_	_	_
1292-13	PSB018	1292	13	devo[:]	devo	_	_	_	_	_	linguistic	_	none	_	_	3x1	_	_	3-4(414)
1292-14	PSB018	1292	14	m:h	mh	_	_	_	_	_	linguistic	_	none	_	End=4202.92	0x1	_	_	_
1293-0	PSB005	1293	0	[okay]	okay	_	_	_	_	_	linguistic	_	none	_	Begin=4201.436|End=4201.91	_	_	_	0-4(414)
1294-0	PSB005	1294	0	aggiunge[re]	aggiungere	_	_	_	_	_	linguistic	_	none	_	Begin=4203.194|End=4203.867	_	_	_	8-10(415)
1295-0	PSB018	1295	0	[a]ggiungere	aggiungere	_	_	_	_	_	linguistic	_	none	_	Begin=4203.678	_	_	_	0-1(415)
1295-1	PSB018	1295	1	qualch[e	qualche	_	_	_	_	_	linguistic	_	none	_	_	_	_	_	6-7(416)
1295-2	PSB018	1295	2	qualch]e	qualche	_	_	_	_	_	linguistic	_	none	_	_	_	_	_	0-6(416)
1295-3	PSB018	1295	3	no	no	_	_	_	_	_	linguistic	_	none	_	_	_	_	_	_
1295-4	PSB018	1295	4	prodotti	prodotti	_	_	_	_	_	linguistic	_	none	_	_	_	_	_	_
1295-5	PSB018	1295	5	non	non	_	_	_	_	_	linguistic	_	none	_	_	_	_	_	_
1295-6	PSB018	1295	6	bis~	bis~	_	_	_	_	_	linguistic	_	none	Interrupted=Yes	_	_	_	_	_
1295-7	PSB018	1295	7	non	non	_	_	_	_	_	linguistic	_	none	_	_	_	_	_	_
1295-8	PSB018	1295	8	so	so	_	_	_	_	_	linguistic	_	none	_	_	_	_	_	_
1295-9	PSB018	1295	9	che	che	_	_	_	_	_	linguistic	_	none	_	_	_	_	_	_
1295-10	PSB018	1295	10	come	come	_	_	_	_	_	linguistic	_	none	_	_	_	_	_	_
1295-11	PSB018	1295	11	dire	dire	_	_	_	_	_	linguistic	_	none	_	_	_	_	_	_
1295-12	PSB018	1295	12	ma	ma	_	_	_	_	_	linguistic	_	none	_	_	_	_	_	_
1295-13	PSB018	1295	13	qualcosa	qualcosa	_	_	_	_	_	linguistic	_	none	_	_	_	_	_	_
1295-14	PSB018	1295	14	non	non	_	_	_	_	_	linguistic	_	none	_	_	_	_	_	_
1295-15	PSB018	1295	15	salut~	salut~	_	_	_	_	_	linguistic	_	none	Interrupted=Yes	End=4210.903	_	_	_	_
1296-0	PSB005	1296	0	[sì	sì	_	_	_	_	_	linguistic	_	none	_	Begin=4204.387	_	_	_	0-2(416)
1296-1	PSB005	1296	1	sì	sì	_	_	_	_	_	linguistic	_	none	_	_	_	_	_	0-2(416)
1296-2	PSB005	1296	2	e]	e	_	_	_	_	_	linguistic	_	none	_	End=4205.049	_	_	_	0-1(416)
1297-0	PSB005	1297	0	non	non	_	_	_	_	_	linguistic	_	none	_	Begin=4211.323	_	_	_	_
1297-1	PSB005	1297	1	salutare	salutare	_	_	_	_	_	linguistic	_	none	_	End=4212.21	_	_	_	_
1298-0	PSB018	1298	0	tare	tare	_	_	_	_	_	linguistic	_	none	_	Begin=4212.21	_	_	_	_
1298-1	PSB018	1298	1	s[ì	sì	_	_	_	_	_	linguistic	_	none	_	_	_	_	_	1-2(417)
1298-2	PSB018	1298	2	sì	sì	_	_	_	_	_	linguistic	_	none	_	_	_	_	_	0-2(417)
1298-3	PSB018	1298	3	sì]	sì	_	_	_	_	_	linguistic	_	none	_	_	_	_	_	0-2(417)
1298-4	PSB018	1298	4	e	e	_	_	_	_	_	linguistic	_	none	_	_	_	_	_	_
1298-5	PSB018	1298	5	quello	quello	_	_	_	_	_	linguistic	_	none	_	_	_	_	_	_
1298-6	PSB018	1298	6	non	non	_	_	_	_	_	linguistic	_	none	_	_	_	_	_	_
1298-7	PSB018	1298	7	mi	mi	_	_	_	_	_	linguistic	_	none	_	_	_	_	_	_
1298-8	PSB018	1298	8	piace	piace	_	_	_	_	_	linguistic	_	none	_	_	_	_	_	_
1298-9	PSB018	1298	9	[e]:h	eh	_	_	_	_	_	linguistic	_	none	_	End=4215.758	0x1	_	_	0-1(418)
1299-0	PSB005	1299	0	[sì	sì	_	_	_	_	_	linguistic	_	none	_	Begin=4212.758	_	_	_	0-2(417)
1299-1	PSB005	1299	1	sì]	sì	_	_	_	_	_	linguistic	_	none	_	End=4213.302	_	_	_	0-2(417)
1300-0	PSB005	1300	0	[mhmh]	mhmh	_	_	_	_	_	linguistic	_	none	_	Begin=4214.565|End=4215.065	_	_	_	0-4(418)
1301-0	PSB018	1301	0	per	per	_	_	_	_	_	linguistic	_	none	_	Begin=4216.355	_	_	_	_
1301-1	PSB018	1301	1	questo	questo	_	_	_	_	_	linguistic	_	none	_	_	_	_	_	_
1301-2	PSB018	1301	2	motivo	motivo	_	_	_	_	_	linguistic	_	none	_	_	_	_	_	_
1301-3	PSB018	1301	3	°sì°	sì	_	_	_	_	_	linguistic	_	none	Volume=low	_	_	_	_	_
1301-4	PSB018	1301	4	>e	e	_	_	_	_	_	linguistic	_	none	_	_	_	Fast=0-1(0)	_	_
1301-5	PSB018	1301	5	molto<	molto	_	_	_	_	_	linguistic	_	none	_	_	_	Fast=0-5(0)	_	_
1301-6	PSB018	1301	6	[e]	e	_	_	_	_	_	linguistic	_	none	_	_	_	_	_	0-1(419)
1301-7	PSB018	1301	7	io	io	_	_	_	_	_	linguistic	_	none	_	_	_	_	_	_
1301-8	PSB018	1301	8	sa~	sa~	_	_	_	_	_	linguistic	_	none	Interrupted=Yes	_	_	_	_	_
1301-9	PSB018	1301	9	eh	eh	_	_	_	_	_	linguistic	_	none	_	_	_	_	_	_
1301-10	PSB018	1301	10	è	è	_	_	_	_	_	linguistic	_	none	_	_	_	_	_	_
1301-11	PSB018	1301	11	possibile	possibile	_	_	_	_	_	linguistic	_	none	_	_	_	_	_	_
1301-12	PSB018	1301	12	serv~	serv~	_	_	_	_	_	linguistic	_	none	Interrupted=Yes	_	_	_	_	_
1301-13	PSB018	1301	13	salvare	salvare	_	_	_	_	_	linguistic	_	none	_	_	_	_	_	_
1301-14	PSB018	1301	14	il	il	_	_	_	_	_	linguistic	_	none	_	_	_	_	_	_
1301-15	PSB018	1301	15	tempo	tempo	_	_	_	_	_	linguistic	_	none	_	_	_	_	_	_
1301-16	PSB018	1301	16	per	per	_	_	_	_	_	linguistic	_	none	_	_	_	_	_	_
1301-17	PSB018	1301	17	la	la	_	_	_	_	_	linguistic	_	none	_	_	_	_	_	_
1301-18	PSB018	1301	18	tua	tua	_	_	_	_	_	linguistic	_	none	_	_	_	_	_	_
1301-19	PSB018	1301	19	famiglia	famiglia	_	_	_	_	_	linguistic	_	none	_	_	_	_	_	_
1301-20	PSB018	1301	20	per	per	_	_	_	_	_	linguistic	_	none	_	_	_	_	_	_
1301-21	PSB018	1301	21	il	il	_	_	_	_	_	linguistic	_	none	_	_	_	_	_	_
1301-22	PSB018	1301	22	tuo	tuo	_	_	_	_	_	linguistic	_	none	_	_	_	_	_	_
1301-23	PSB018	1301	23	bimbo	bimbo	_	_	_	_	_	linguistic	_	none	_	_	_	_	_	_
1301-24	PSB018	1301	24	per	per	_	_	_	_	_	linguistic	_	none	_	End=4225.791	_	_	_	_
1302-0	PSB005	1302	0	[ah]	ah	_	_	_	_	_	linguistic	_	none	_	Begin=4218.484|End=4219.072	_	_	_	0-2(419)
1303-0	PSB018	1303	0	m:h	mh	_	_	_	_	_	linguistic	_	none	_	Begin=4226.855	0x1	_	_	_
1303-1	PSB018	1303	1	mi	mi	_	_	_	_	_	linguistic	_	none	_	End=4228.065	_	_	_	_
1304-0	PSB018	1304	0	mysel[f?]	myself	_	_	_	_	_	linguistic	_	all	Intonation=Rising|Language=NO_ISO_CODE|Variation=Token	Begin=4228.968|End=4229.665	_	_	_	_
1306-0	PSB005	1306	0	[s]ì	sì	_	_	_	_	_	linguistic	_	none	_	Begin=4229.532	_	_	_	0-1(420)
1306-1	PSB005	1306	1	sì	sì	_	_	_	_	_	linguistic	_	none	_	End=4230.166	_	_	_	_
1307-0	PSB018	1307	0	perché	perché	_	_	_	_	_	linguistic	_	none	PauseAfter=Yes	Begin=4230.613	_	_	_	_
1307-1	PSB018	1307	1	(.)	(.)	_	_	_	_	_	shortpause	_	none	_	_	_	_	_	_
1307-2	PSB018	1307	2	è	è	_	_	_	_	_	linguistic	_	none	_	_	_	_	_	_
1307-3	PSB018	1307	3	anche	anche	_	_	_	_	_	linguistic	_	none	_	_	_	_	_	_
1307-4	PSB018	1307	4	quello	quello	_	_	_	_	_	linguistic	_	none	_	_	_	_	_	_
1307-5	PSB018	1307	5	tro~	tro~	_	_	_	_	_	linguistic	_	none	Interrupted=Yes	_	_	_	_	_
1307-6	PSB018	1307	6	tradizionale	tradizionale	_	_	_	_	_	linguistic	_	none	_	_	_	_	_	_
1307-7	PSB018	1307	7	la:	la	_	_	_	_	_	linguistic	_	none	_	_	1x1	_	_	_
1307-8	PSB018	1307	8	per	per	_	_	_	_	_	linguistic	_	none	_	_	_	_	_	_
1307-9	PSB018	1307	9	>la	la	_	_	_	_	_	linguistic	_	none	_	_	_	Fast=0-2(0)	_	_
1307-10	PSB018	1307	10	la	la	_	_	_	_	_	linguistic	_	none	_	_	_	Fast=0-2(0)	_	_
1307-11	PSB018	1307	11	la<	la	_	_	_	_	_	linguistic	_	none	_	_	_	Fast=0-2(0)	_	_
1307-12	PSB018	1307	12	donna	donna	_	_	_	_	_	linguistic	_	none	_	End=4237.162	_	_	_	_
1308-0	PSB018	1308	0	no	no	_	_	_	_	_	linguistic	_	yes	_	Begin=4237.887	_	_	_	_
1308-1	PSB018	1308	1	solo	solo	_	_	_	_	_	linguistic	_	yes	_	_	_	_	_	_
1308-2	PSB018	1308	2	in	in	_	_	_	_	_	linguistic	_	yes	_	_	_	_	_	_
1308-3	PSB018	1308	3	ucraina	ucraina	_	_	_	_	_	linguistic	_	yes	_	_	_	_	_	_
1308-4	PSB018	1308	4	ma	ma	_	_	_	_	_	linguistic	_	yes	_	_	_	_	_	_
1308-5	PSB018	1308	5	post	post	_	_	_	_	_	linguistic	_	yes	_	_	_	_	_	_
1308-6	PSB018	1308	6	e:h	eh	_	_	_	_	_	linguistic	_	yes	_	_	0x1	_	_	_
1308-7	PSB018	1308	7	ex	ex	_	_	_	_	_	linguistic	_	yes	_	_	_	_	_	_
1308-8	PSB018	1308	8	e:h	eh	_	_	_	_	_	linguistic	_	yes	_	_	0x1	_	_	_
1308-9	PSB018	1308	9	#iu	iu	_	_	_	_	_	linguistic	_	yes	Language=NO_ISO_CODE|Variation=Token	_	_	_	_	_
1308-10	PSB018	1308	10	#es	es	_	_	_	_	_	linguistic	_	yes	Language=NO_ISO_CODE|Variation=Token	_	_	_	_	_
1308-11	PSB018	1308	11	#es	es	_	_	_	_	_	linguistic	_	yes	Language=NO_ISO_CODE|Variation=Token	_	_	_	_	_
1308-12	PSB018	1308	12	#ar	ar	_	_	_	_	_	linguistic	_	yes	Language=NO_ISO_CODE|Variation=Token	_	_	_	_	_
1308-13	PSB018	1308	13	°pro~	pro~	_	_	_	_	_	linguistic	_	yes	Interrupted=Yes|Volume=low	_	_	_	_	_
1308-14	PSB018	1308	14	quella°	quella	_	_	_	_	_	linguistic	_	yes	Volume=low	End=4244.403	_	_	_	_
1309-0	PSB005	1309	0	sì	sì	_	_	_	_	_	linguistic	_	none	_	Begin=4244.403	_	_	_	_
1309-1	PSB005	1309	1	unioni	unioni	_	_	_	_	_	linguistic	_	none	_	_	_	_	_	_
1309-2	PSB005	1309	2	sovieti[che]	sovietiche	_	_	_	_	_	linguistic	_	none	_	End=4245.723	_	_	_	7-10(421)
1310-0	PSB018	1310	0	[sì]	sì	_	_	_	_	_	linguistic	_	none	_	Begin=4245.5	_	_	_	0-2(421)
1310-1	PSB018	1310	1	sì	sì	_	_	_	_	_	linguistic	_	none	_	_	_	_	_	_
1310-2	PSB018	1310	2	sì	sì	_	_	_	_	_	linguistic	_	none	_	_	_	_	_	_
1310-3	PSB018	1310	3	eh	eh	_	_	_	_	_	linguistic	_	none	_	_	_	_	_	_
1310-4	PSB018	1310	4	questo	questo	_	_	_	_	_	linguistic	_	none	_	_	_	_	_	_
1310-5	PSB018	1310	5	q~	q~	_	_	_	_	_	linguistic	_	none	Interrupted=Yes	_	_	_	_	_
1310-6	PSB018	1310	6	una	una	_	_	_	_	_	linguistic	_	none	_	_	_	_	_	_
1310-7	PSB018	1310	7	$tradizìa	tradizìa	_	_	_	_	_	linguistic	_	none	PauseAfter=Yes|Orthography=Yes|Variation=Emerging	_	_	_	_	_
1310-8	PSB018	1310	8	(.)	(.)	_	_	_	_	_	shortpause	_	none	_	_	_	_	_	_
1310-9	PSB018	1310	9	e:h	eh	_	_	_	_	_	linguistic	_	none	_	End=4249.984	0x1	_	_	_
1311-0	PSB018	1311	0	essere	essere	_	_	_	_	_	linguistic	_	none	_	Begin=4250.597	_	_	_	_
1311-1	PSB018	1311	1	in	in	_	_	_	_	_	linguistic	_	none	_	_	_	_	_	_
1311-2	PSB018	1311	2	cucina	cucina	_	_	_	_	_	linguistic	_	none	_	End=4252.841	_	_	_	_
1312-0	PSB018	1312	0	tante:	tante	_	_	_	_	_	linguistic	_	none	_	Begin=4253.42	4x1	_	_	_
1312-1	PSB018	1312	1	ore	ore	_	_	_	_	_	linguistic	_	none	_	End=4254.5	_	_	_	_
1313-0	PSB005	1313	0	mhmh	mhmh	_	_	_	_	_	linguistic	_	none	_	Begin=4254.629|End=4255.146	_	_	_	_
1314-0	PSB018	1314	0	cucina:re	cucinare	_	_	_	_	_	linguistic	_	none	_	Begin=4255.307	5x1	_	_	_
1314-1	PSB018	1314	1	cucina:re	cucinare	_	_	_	_	_	linguistic	_	none	_	_	5x1	_	_	_
1314-2	PSB018	1314	2	sempre	sempre	_	_	_	_	_	linguistic	_	none	_	_	_	_	_	_
1314-3	PSB018	1314	3	pulire	pulire	_	_	_	_	_	linguistic	_	none	_	_	_	_	_	_
1314-4	PSB018	1314	4	e	e	_	_	_	_	_	linguistic	_	none	_	_	_	_	_	_
1314-5	PSB018	1314	5	eh	eh	_	_	_	_	_	linguistic	_	none	_	_	_	_	_	_
1314-6	PSB018	1314	6	di	di	_	_	_	_	_	linguistic	_	none	_	_	_	_	_	_
1314-7	PSB018	1314	7	nuovo	nuovo	_	_	_	_	_	linguistic	_	none	_	_	_	_	_	_
1314-8	PSB018	1314	8	cucinare	cucinare	_	_	_	_	_	linguistic	_	none	_	_	_	_	_	_
1314-9	PSB018	1314	9	cucina~	cucina~	_	_	_	_	_	linguistic	_	none	Interrupted=Yes	_	_	_	_	_
1314-10	PSB018	1314	10	mamma	mamma	_	_	_	_	_	linguistic	_	none	_	_	_	_	_	_
1314-11	PSB018	1314	11	mia	mia	_	_	_	_	_	linguistic	_	none	_	_	_	_	_	_
1314-12	PSB018	1314	12	tutta	tutta	_	_	_	_	_	linguistic	_	none	_	_	_	_	_	_
1314-13	PSB018	1314	13	la	la	_	_	_	_	_	linguistic	_	none	_	_	_	_	_	_
1314-14	PSB018	1314	14	vita	vita	_	_	_	_	_	linguistic	_	none	_	End=4263.516	_	_	_	_
1315-0	PSB018	1315	0	e:	e	_	_	_	_	_	linguistic	_	none	_	Begin=4264.097|End=4265.123	0x1	_	_	_
1316-0	PSB018	1316	0	a	a	_	_	_	_	_	linguistic	_	none	_	Begin=4265.645	_	_	_	_
1316-1	PSB018	1316	1	me	me	_	_	_	_	_	linguistic	_	none	_	_	_	_	_	_
1316-2	PSB018	1316	2	non	non	_	_	_	_	_	linguistic	_	none	_	_	_	_	_	_
1316-3	PSB018	1316	3	piace	piace	_	_	_	_	_	linguistic	_	none	_	_	_	_	_	_
1316-4	PSB018	1316	4	quello	quello	_	_	_	_	_	linguistic	_	none	_	End=4267.129	_	_	_	_
1317-0	PSB005	1317	0	[anche]	anche	_	_	_	_	_	linguistic	_	none	_	Begin=4267.629	_	_	_	0-5(422)
1317-1	PSB005	1317	1	in	in	_	_	_	_	_	linguistic	_	none	_	_	_	_	_	_
1317-2	PSB005	1317	2	italia	italia	_	_	_	_	_	linguistic	_	none	_	_	_	_	_	_
1317-3	PSB005	1317	3	è	è	_	_	_	_	_	linguistic	_	none	_	_	_	_	_	_
1317-4	PSB005	1317	4	abbastanza	abbastanza	_	_	_	_	_	linguistic	_	none	PauseAfter=Yes	_	_	_	_	_
1317-5	PSB005	1317	5	[(.)	(.)	_	_	_	_	_	shortpause	_	none	_	_	_	_	_	X(423)
1317-6	PSB005	1317	6	simile]	simile	_	_	_	_	_	linguistic	_	none	_	End=4270.323	_	_	_	0-6(423)
1318-0	PSB018	1318	0	[per]	per	_	_	_	_	_	linguistic	_	none	_	Begin=4267.645|End=4268.088	_	_	_	0-3(422)
1319-0	PSB018	1319	0	[sì:	sì	_	_	_	_	_	linguistic	_	yes	_	Begin=4269.403	1x1	_	_	0-2(423)
1319-1	PSB018	1319	1	an]che	anche	_	_	_	_	_	linguistic	_	yes	_	_	_	_	_	0-2(423)
1319-2	PSB018	1319	2	quello	quello	_	_	_	_	_	linguistic	_	yes	_	_	_	_	_	_
1319-3	PSB018	1319	3	è:	è	_	_	_	_	_	linguistic	_	yes	_	_	0x1	_	_	_
1319-4	PSB018	1319	4	eh	eh	_	_	_	_	_	linguistic	_	yes	_	_	_	_	_	_
1319-5	PSB018	1319	5	una	una	_	_	_	_	_	linguistic	_	yes	_	_	_	_	_	_
1319-6	PSB018	1319	6	#tradicija	tradicija	_	_	_	_	_	linguistic	_	yes	Language=NO_ISO_CODE|Variation=Token	_	_	_	_	_
1319-7	PSB018	1319	7	eh	eh	_	_	_	_	_	linguistic	_	yes	_	_	_	_	_	_
1319-8	PSB018	1319	8	s~	s~	_	_	_	_	_	linguistic	_	yes	Interrupted=Yes	End=4274.162	_	_	_	_
1320-0	PSB018	1320	0	per	per	_	_	_	_	_	linguistic	_	yes	_	Begin=4274.871	_	_	_	_
1320-1	PSB018	1320	1	fare	fare	_	_	_	_	_	linguistic	_	yes	_	_	_	_	_	_
1320-2	PSB018	1320	2	tutto	tutto	_	_	_	_	_	linguistic	_	yes	_	_	_	_	_	_
1320-3	PSB018	1320	3	ma:-	ma-	_	_	_	_	_	linguistic	_	yes	Interrupted=Yes	_	1x1	_	_	_
1320-4	PSB018	1320	4	eh	eh	_	_	_	_	_	linguistic	_	yes	_	_	_	_	_	_
1320-5	PSB018	1320	5	#hand	hand	_	_	_	_	_	linguistic	_	yes	Language=NO_ISO_CODE|Variation=Token	_	_	_	_	_
1320-6	PSB018	1320	6	#m[ade	made	_	_	_	_	_	linguistic	_	yes	Language=NO_ISO_CODE|Variation=Token	_	_	_	_	2-5(424)
1320-7	PSB018	1320	7	come	come	_	_	_	_	_	linguistic	_	yes	_	_	_	_	_	0-4(424)
1320-8	PSB018	1320	8	a	a	_	_	_	_	_	linguistic	_	yes	_	_	_	_	_	0-1(424)
1320-9	PSB018	1320	9	ma]no:	mano	_	_	_	_	_	linguistic	_	yes	_	End=4280.758	3x1	_	_	0-2(424)
1322-0	PSB005	1322	0	[sì	sì	_	_	_	_	_	linguistic	_	none	_	Begin=4278.565	_	_	_	0-2(424)
1322-1	PSB005	1322	1	sì	sì	_	_	_	_	_	linguistic	_	none	_	_	_	_	_	0-2(424)
1322-2	PSB005	1322	2	a	a	_	_	_	_	_	linguistic	_	none	_	_	_	_	_	0-1(424)
1322-3	PSB005	1322	3	mano	mano	_	_	_	_	_	linguistic	_	none	_	_	_	_	_	0-4(424)
1322-4	PSB005	1322	4	sì]	sì	_	_	_	_	_	linguistic	_	none	_	End=4279.898	_	_	_	0-2(424)
1323-0	PSB018	1323	0	per	per	_	_	_	_	_	linguistic	_	none	_	Begin=4281.081	_	_	_	_
1323-1	PSB018	1323	1	avere	avere	_	_	_	_	_	linguistic	_	none	_	_	_	_	_	_
1323-2	PSB018	1323	2	eh	eh	_	_	_	_	_	linguistic	_	none	_	_	_	_	_	_
1323-3	PSB018	1323	3	il	il	_	_	_	_	_	linguistic	_	none	_	_	_	_	_	_
1323-4	PSB018	1323	4	cibo	cibo	_	_	_	_	_	linguistic	_	none	_	_	_	_	_	_
1323-5	PSB018	1323	5	<domestico>	domestico	_	_	_	_	_	linguistic	_	none	_	_	_	Slow=0-9(0)	_	_
1323-6	PSB018	1323	6	[sì]?	sì	_	_	_	_	_	linguistic	_	none	Intonation=Rising	End=4285.404	_	_	_	0-2(425)
1324-0	PSB005	1324	0	[sì]	sì	_	_	_	_	_	linguistic	_	none	_	Begin=4284.952|End=4285.291	_	_	_	0-2(425)
1325-0	PSB005	1325	0	sì	sì	_	_	_	_	_	linguistic	_	none	_	Begin=4285.597	_	_	_	_
1325-1	PSB005	1325	1	sì	sì	_	_	_	_	_	linguistic	_	none	_	End=4286.274	_	_	_	_
1326-0	PSB018	1326	0	e:	e	_	_	_	_	_	linguistic	_	none	_	Begin=4286.339|End=4287.009	0x1	_	_	_
1327-0	PSB018	1327	0	ma	ma	_	_	_	_	_	linguistic	_	none	_	Begin=4287.565	_	_	_	_
1327-1	PSB018	1327	1	anche	anche	_	_	_	_	_	linguistic	_	none	_	_	_	_	_	_
1327-2	PSB018	1327	2	adesso	adesso	_	_	_	_	_	linguistic	_	none	_	_	_	_	_	_
1327-3	PSB018	1327	3	è	è	_	_	_	_	_	linguistic	_	none	_	_	_	_	_	_
1327-4	PSB018	1327	4	possibile	possibile	_	_	_	_	_	linguistic	_	none	_	_	_	_	_	_
1327-5	PSB018	1327	5	comprare	comprare	_	_	_	_	_	linguistic	_	none	_	_	_	_	_	_
1327-6	PSB018	1327	6	eh	eh	_	_	_	_	_	linguistic	_	none	_	_	_	_	_	_
1327-7	PSB018	1327	7	qualcosa	qualcosa	_	_	_	_	_	linguistic	_	none	PauseAfter=Yes	_	_	_	_	_
1327-8	PSB018	1327	8	(.)	(.)	_	_	_	_	_	shortpause	_	none	_	_	_	_	_	_
1327-9	PSB018	1327	9	la	la	_	_	_	_	_	linguistic	_	none	_	_	_	_	_	_
1327-10	PSB018	1327	10	qualità	qualità	_	_	_	_	_	linguistic	_	none	_	_	_	_	_	_
1327-11	PSB018	1327	11	era	era	_	_	_	_	_	linguistic	_	none	_	_	_	_	_	_
1327-12	PSB018	1327	12	eh	eh	_	_	_	_	_	linguistic	_	none	_	_	_	_	_	_
1327-13	PSB018	1327	13	la	la	_	_	_	_	_	linguistic	_	none	_	_	_	_	_	_
1327-14	PSB018	1327	14	qualità	qualità	_	_	_	_	_	linguistic	_	none	_	_	_	_	_	_
1327-15	PSB018	1327	15	è	è	_	_	_	_	_	linguistic	_	none	_	_	_	_	_	_
1327-16	PSB018	1327	16	la	la	_	_	_	_	_	linguistic	_	none	_	_	_	_	_	_
1327-17	PSB018	1327	17	stessa	stessa	_	_	_	_	_	linguistic	_	none	_	End=4296.226	_	_	_	_
1328-0	PSB005	1328	0	°mh°	mh	_	_	_	_	_	linguistic	_	none	Volume=low	Begin=4296.242|End=4296.532	_	_	_	_
1329-0	PSB018	1329	0	secondo	secondo	_	_	_	_	_	linguistic	_	none	_	Begin=4296.532	_	_	_	_
1329-1	PSB018	1329	1	me	me	_	_	_	_	_	linguistic	_	none	_	_	_	_	_	_
1329-2	PSB018	1329	2	non	non	_	_	_	_	_	linguistic	_	none	_	_	_	_	_	_
1329-3	PSB018	1329	3	sono	sono	_	_	_	_	_	linguistic	_	none	_	_	_	_	_	_
1329-4	PSB018	1329	4	una	una	_	_	_	_	_	linguistic	_	none	_	_	_	_	_	_
1329-5	PSB018	1329	5	professionista	professionista	_	_	_	_	_	linguistic	_	none	_	End=4299.26	_	_	_	_
1330-0	PSB005	1330	0	no	no	_	_	_	_	_	linguistic	_	none	_	Begin=4299.307	_	_	_	_
1330-1	PSB005	1330	1	beh	beh	_	_	_	_	_	linguistic	_	none	_	_	_	_	_	_
1330-2	PSB005	1330	2	mh	mh	_	_	_	_	_	linguistic	_	none	_	_	_	_	_	_
1330-3	PSB005	1330	3	pe~	pe~	_	_	_	_	_	linguistic	_	none	Interrupted=Yes	_	_	_	_	_
1330-4	PSB005	1330	4	penso	penso	_	_	_	_	_	linguistic	_	none	_	_	_	_	_	_
1330-5	PSB005	1330	5	anche	anche	_	_	_	_	_	linguistic	_	none	_	_	_	_	_	_
1330-6	PSB005	1330	6	io	io	_	_	_	_	_	linguistic	_	none	_	_	_	_	_	_
1330-7	PSB005	1330	7	che	che	_	_	_	_	_	linguistic	_	none	_	_	_	_	_	_
1330-8	PSB005	1330	8	si~	si~	_	_	_	_	_	linguistic	_	none	Interrupted=Yes	_	_	_	_	_
1330-9	PSB005	1330	9	c(io)è	cioè	_	_	_	_	_	linguistic	_	none	Reduced=Yes	_	_	_	_	_
1330-10	PSB005	1330	10	sono	sono	_	_	_	_	_	linguistic	_	none	_	_	_	_	_	_
1330-11	PSB005	1330	11	d'	d'	_	_	_	_	_	linguistic	_	none	SpaceAfter=No	_	_	_	_	_
1330-12	PSB005	1330	12	accordo	accordo	_	_	_	_	_	linguistic	_	none	_	_	_	_	_	_
1330-13	PSB005	1330	13	anche	anche	_	_	_	_	_	linguistic	_	none	_	_	_	_	_	_
1330-14	PSB005	1330	14	[io]	io	_	_	_	_	_	linguistic	_	none	_	End=4303.291	_	_	_	0-2(426)
1331-0	PSB018	1331	0	[e	e	_	_	_	_	_	linguistic	_	none	_	Begin=4302.952	_	_	_	0-1(426)
1331-1	PSB018	1331	1	tu]tto	tutto	_	_	_	_	_	linguistic	_	none	_	_	_	_	_	0-2(426)
1331-2	PSB018	1331	2	è	è	_	_	_	_	_	linguistic	_	none	_	_	_	_	_	_
1331-3	PSB018	1331	3	gu~	gu~	_	_	_	_	_	linguistic	_	none	Interrupted=Yes	_	_	_	_	_
1331-4	PSB018	1331	4	giu~	giu~	_	_	_	_	_	linguistic	_	none	Interrupted=Yes	_	_	_	_	_
1331-5	PSB018	1331	5	no	no	_	_	_	_	_	linguistic	_	none	_	_	_	_	_	_
1331-6	PSB018	1331	6	gusto	gusto	_	_	_	_	_	linguistic	_	none	_	_	_	_	_	_
1331-7	PSB018	1331	7	a	a	_	_	_	_	_	linguistic	_	none	_	_	_	_	_	_
1331-8	PSB018	1331	8	m[e	me	_	_	_	_	_	linguistic	_	none	_	_	_	_	_	1-2(427)
1331-9	PSB018	1331	9	buo]no	buono	_	_	_	_	_	linguistic	_	none	_	End=4306.565	_	_	_	0-3(427)
1332-0	PSB005	1332	0	[mh]	mh	_	_	_	_	_	linguistic	_	none	_	Begin=4305.629|End=4306.097	_	_	_	0-2(427)
1333-0	PSB005	1333	0	mhmh	mhmh	_	_	_	_	_	linguistic	_	none	_	Begin=4306.597|End=4307.157	_	_	_	_
1334-0	PSB018	1334	0	sì	sì	_	_	_	_	_	linguistic	_	none	_	Begin=4307.694	_	_	_	_
1334-1	PSB018	1334	1	i	i	_	_	_	_	_	linguistic	_	none	_	_	_	_	_	_
1334-2	PSB018	1334	2	prezzi	prezzi	_	_	_	_	_	linguistic	_	none	_	_	_	_	_	_
1334-3	PSB018	1334	3	diversi	diversi	_	_	_	_	_	linguistic	_	none	_	End=4309.936	_	_	_	_
1335-0	PSB018	1335	0	e:h	eh	_	_	_	_	_	linguistic	_	none	_	Begin=4310.387	0x1	_	_	_
1335-1	PSB018	1335	1	la	la	_	_	_	_	_	linguistic	_	none	_	_	_	_	_	_
1335-2	PSB018	1335	2	qualità:	qualità	_	_	_	_	_	linguistic	_	none	_	_	6x1	_	_	_
1335-3	PSB018	1335	3	più	più	_	_	_	_	_	linguistic	_	none	_	_	_	_	_	_
1335-4	PSB018	1335	4	alta	alta	_	_	_	_	_	linguistic	_	none	_	_	_	_	_	_
1335-5	PSB018	1335	5	il	il	_	_	_	_	_	linguistic	_	none	_	_	_	_	_	_
1335-6	PSB018	1335	6	prezzo	prezzo	_	_	_	_	_	linguistic	_	none	_	_	_	_	_	_
1335-7	PSB018	1335	7	è	è	_	_	_	_	_	linguistic	_	none	_	_	_	_	_	_
1335-8	PSB018	1335	8	alto	alto	_	_	_	_	_	linguistic	_	none	_	_	_	_	_	_
1335-9	PSB018	1335	9	ma	ma	_	_	_	_	_	linguistic	_	none	_	_	_	_	_	_
1335-10	PSB018	1335	10	questo	questo	_	_	_	_	_	linguistic	_	none	_	_	_	_	_	_
1335-11	PSB018	1335	11	è	è	_	_	_	_	_	linguistic	_	none	_	_	_	_	_	_
1335-12	PSB018	1335	12	normale	normale	_	_	_	_	_	linguistic	_	none	_	End=4314.947	_	_	_	_
1336-0	PSB005	1336	0	sì	sì	_	_	_	_	_	linguistic	_	none	_	Begin=4315.129	_	_	_	_
1336-1	PSB005	1336	1	poi	poi	_	_	_	_	_	linguistic	_	none	PauseAfter=Yes	_	_	_	_	_
1336-2	PSB005	1336	2	(.)	(.)	_	_	_	_	_	shortpause	_	none	_	_	_	_	_	_
1336-3	PSB005	1336	3	comunque	comunque	_	_	_	_	_	linguistic	_	none	_	End=4317.138	_	_	_	_
1337-0	PSB005	1337	0	mh	mh	_	_	_	_	_	linguistic	_	none	_	Begin=4317.71	_	_	_	_
1337-1	PSB005	1337	1	quando	quando	_	_	_	_	_	linguistic	_	none	_	_	_	_	_	_
1337-2	PSB005	1337	2	fai	fai	_	_	_	_	_	linguistic	_	none	_	_	_	_	_	_
1337-3	PSB005	1337	3	la	la	_	_	_	_	_	linguistic	_	none	_	_	_	_	_	_
1337-4	PSB005	1337	4	spesa	spesa	_	_	_	_	_	linguistic	_	none	_	_	_	_	_	_
1337-5	PSB005	1337	5	sempre	sempre	_	_	_	_	_	linguistic	_	none	_	End=4319.71	_	_	_	_
1338-0	PSB005	1338	0	mh	mh	_	_	_	_	_	linguistic	_	none	_	Begin=4320.371	_	_	_	_
1338-1	PSB005	1338	1	puoi	puoi	_	_	_	_	_	linguistic	_	none	_	_	_	_	_	_
1338-2	PSB005	1338	2	controllare	controllare	_	_	_	_	_	linguistic	_	none	_	_	_	_	_	_
1338-3	PSB005	1338	3	ch[e:	che	_	_	_	_	_	linguistic	_	none	_	_	2x1	_	_	2-3(428)
1338-4	PSB005	1338	4	sì]	sì	_	_	_	_	_	linguistic	_	none	_	End=4322.682	_	_	_	0-2(428)
1339-0	PSB018	1339	0	[controllare]	controllare	_	_	_	_	_	linguistic	_	none	_	Begin=4321.629	_	_	_	0-11(428)
1339-1	PSB018	1339	1	ma	ma	_	_	_	_	_	linguistic	_	none	_	_	_	_	_	_
1339-2	PSB018	1339	2	tu	tu	_	_	_	_	_	linguistic	_	none	_	_	_	_	_	_
1339-3	PSB018	1339	3	ha:i	hai	_	_	_	_	_	linguistic	_	none	_	_	1x1	_	_	_
1339-4	PSB018	1339	4	la	la	_	_	_	_	_	linguistic	_	none	_	_	_	_	_	_
1339-5	PSB018	1339	5	possibilità	possibilità	_	_	_	_	_	linguistic	_	none	_	_	_	_	_	_
1339-6	PSB018	1339	6	scegliere	scegliere	_	_	_	_	_	linguistic	_	none	_	End=4326.546	_	_	_	_
1340-0	PSB005	1340	0	mhmh	mhmh	_	_	_	_	_	linguistic	_	none	_	Begin=4326.92	_	_	_	_
1340-1	PSB005	1340	1	certo	certo	_	_	_	_	_	linguistic	_	none	_	_	_	_	_	_
1340-2	PSB005	1340	2	s[ì	sì	_	_	_	_	_	linguistic	_	none	_	_	_	_	_	1-2(429)
1340-3	PSB005	1340	3	sì	sì	_	_	_	_	_	linguistic	_	none	_	_	_	_	_	0-2(429)
1340-4	PSB005	1340	4	sì	sì	_	_	_	_	_	linguistic	_	none	_	_	_	_	_	0-2(429)
1340-5	PSB005	1340	5	sì]	sì	_	_	_	_	_	linguistic	_	none	_	End=4329.016	_	_	_	0-2(429)
1341-0	PSB018	1341	0	[per	per	_	_	_	_	_	linguistic	_	none	_	Begin=4327.984	_	_	_	0-3(429)
1341-1	PSB018	1341	1	esempio	esempio	_	_	_	_	_	linguistic	_	none	_	_	_	_	_	0-7(429)
1341-2	PSB018	1341	2	se]	se	_	_	_	_	_	linguistic	_	none	_	_	_	_	_	0-2(429)
1341-3	PSB018	1341	3	non	non	_	_	_	_	_	linguistic	_	none	_	_	_	_	_	_
1341-4	PSB018	1341	4	tu	tu	_	_	_	_	_	linguistic	_	none	_	_	_	_	_	_
1341-5	PSB018	1341	5	hai	hai	_	_	_	_	_	linguistic	_	none	_	_	_	_	_	_
1341-6	PSB018	1341	6	tanto	tanto	_	_	_	_	_	linguistic	_	none	_	_	_	_	_	_
1341-7	PSB018	1341	7	tante	tante	_	_	_	_	_	linguistic	_	none	_	_	_	_	_	_
1341-8	PSB018	1341	8	soldi	soldi	_	_	_	_	_	linguistic	_	none	_	_	_	_	_	_
1341-9	PSB018	1341	9	i	i	_	_	_	_	_	linguistic	_	none	_	_	_	_	_	_
1341-10	PSB018	1341	10	soldi?	soldi	_	_	_	_	_	linguistic	_	none	Intonation=Rising	_	_	_	_	_
1341-11	PSB018	1341	11	tanti	tanti	_	_	_	_	_	linguistic	_	none	_	_	_	_	_	_
1341-12	PSB018	1341	12	soldi	soldi	_	_	_	_	_	linguistic	_	none	_	End=4333.597	_	_	_	_
1342-0	PSB018	1342	0	compra	compra	_	_	_	_	_	linguistic	_	none	_	Begin=4334.613	_	_	_	_
1342-1	PSB018	1342	1	qu~	qu~	_	_	_	_	_	linguistic	_	none	Interrupted=Yes	_	_	_	_	_
1342-2	PSB018	1342	2	qualcosa	qualcosa	_	_	_	_	_	linguistic	_	none	_	_	_	_	_	_
1342-3	PSB018	1342	3	semplice	semplice	_	_	_	_	_	linguistic	_	none	PauseAfter=Yes	_	_	_	_	_
1342-4	PSB018	1342	4	[(.)	(.)	_	_	_	_	_	shortpause	_	none	_	_	_	_	_	X(432)
1342-5	PSB018	1342	5	e]	e	_	_	_	_	_	linguistic	_	none	_	_	_	_	_	0-1(432)
1342-6	PSB018	1342	6	dopo	dopo	_	_	_	_	_	linguistic	_	none	_	_	_	_	_	_
1342-7	PSB018	1342	7	una	una	_	_	_	_	_	linguistic	_	none	_	_	_	_	_	_
1342-8	PSB018	1342	8	volta:	volta	_	_	_	_	_	linguistic	_	none	_	_	4x1	_	_	_
1342-9	PSB018	1342	9	[xx	xx	_	_	_	_	_	unknown	_	none	Syllables=2	_	_	_	_	0-2(430)
1342-10	PSB018	1342	10	comprati	comprati	_	_	_	_	_	linguistic	_	none	_	_	_	_	_	0-8(430)
1342-11	PSB018	1342	11	pri:-	pri-	_	_	_	_	_	linguistic	_	none	Interrupted=Yes	_	2x1	_	_	0-4(430)
1342-12	PSB018	1342	12	q]ualcosa	qualcosa	_	_	_	_	_	linguistic	_	none	_	_	_	_	_	0-1(430)
1342-13	PSB018	1342	13	costoso	costoso	_	_	_	_	_	linguistic	_	none	_	_	_	_	_	_
1342-14	PSB018	1342	14	molto	molto	_	_	_	_	_	linguistic	_	none	_	_	_	_	_	_
1342-15	PSB018	1342	15	bu[ono]	buono	_	_	_	_	_	linguistic	_	none	_	_	_	_	_	2-5(431)
1342-16	PSB018	1342	16	e	e	_	_	_	_	_	linguistic	_	none	_	End=4346.807	_	_	_	_
1343-0	PSB005	1343	0	[mhmh]	mhmh	_	_	_	_	_	linguistic	_	none	_	Begin=4336.62|End=4337.14	_	_	_	0-4(432)
1344-0	PSB005	1344	0	[esatto	esatto	_	_	_	_	_	linguistic	_	none	_	Begin=4339.291	_	_	_	0-6(430)
1344-1	PSB005	1344	1	sì	sì	_	_	_	_	_	linguistic	_	none	_	_	_	_	_	0-2(430)
1344-2	PSB005	1344	2	infatti	infatti	_	_	_	_	_	linguistic	_	none	_	_	_	_	_	0-7(430)
1344-3	PSB005	1344	3	mhmh]	mhmh	_	_	_	_	_	linguistic	_	none	_	End=4342.43	_	_	_	0-4(430)
1345-0	PSB005	1345	0	[sì	sì	_	_	_	_	_	linguistic	_	none	_	Begin=4345.42	_	_	_	0-2(431)
1345-1	PSB005	1345	1	sì]	sì	_	_	_	_	_	linguistic	_	none	_	End=4346.251	_	_	_	0-2(431)
1346-0	PSB005	1346	0	sì	sì	_	_	_	_	_	linguistic	_	none	_	Begin=4346.807	_	_	_	_
1346-1	PSB005	1346	1	anche	anche	_	_	_	_	_	linguistic	_	none	_	_	_	_	_	_
1346-2	PSB005	1346	2	io	io	_	_	_	_	_	linguistic	_	none	_	_	_	_	_	_
1346-3	PSB005	1346	3	faccio	faccio	_	_	_	_	_	linguistic	_	none	_	_	_	_	_	_
1346-4	PSB005	1346	4	così	così	_	_	_	_	_	linguistic	_	none	PauseAfter=Yes	_	_	_	_	_
1346-5	PSB005	1346	5	(.)	(.)	_	_	_	_	_	shortpause	_	none	_	_	_	_	_	_
1346-6	PSB005	1346	6	comunque	comunque	_	_	_	_	_	linguistic	_	none	_	_	_	_	_	_
1346-7	PSB005	1346	7	cerco	cerco	_	_	_	_	_	linguistic	_	none	_	_	_	_	_	_
1346-8	PSB005	1346	8	di:	di	_	_	_	_	_	linguistic	_	none	_	End=4349.988	1x1	_	_	_
1347-0	PSB005	1347	0	non	non	_	_	_	_	_	linguistic	_	none	_	Begin=4350.42	_	_	_	_
1347-1	PSB005	1347	1	vado	vado	_	_	_	_	_	linguistic	_	none	_	_	_	_	_	_
1347-2	PSB005	1347	2	molto	molto	_	_	_	_	_	linguistic	_	none	_	_	_	_	_	_
1347-3	PSB005	1347	3	magari	magari	_	_	_	_	_	linguistic	_	none	_	_	_	_	_	_
1347-4	PSB005	1347	4	al	al	_	_	_	_	_	linguistic	_	none	_	_	_	_	_	_
1347-5	PSB005	1347	5	ristorante	ristorante	_	_	_	_	_	linguistic	_	none	_	_	_	_	_	_
1347-6	PSB005	1347	6	però	però	_	_	_	_	_	linguistic	_	none	_	_	_	_	_	_
1347-7	PSB005	1347	7	compro	compro	_	_	_	_	_	linguistic	_	none	_	_	_	_	_	_
1347-8	PSB005	1347	8	magari	magari	_	_	_	_	_	linguistic	_	none	_	_	_	_	_	_
1347-9	PSB005	1347	9	qualche	qualche	_	_	_	_	_	linguistic	_	none	_	_	_	_	_	_
1347-10	PSB005	1347	10	cosa	cosa	_	_	_	_	_	linguistic	_	none	_	_	_	_	_	_
1347-11	PSB005	1347	11	[di	di	_	_	_	_	_	linguistic	_	none	_	_	_	_	_	0-2(433)
1347-12	PSB005	1347	12	più	più	_	_	_	_	_	linguistic	_	none	_	_	_	_	_	0-3(433)
1347-13	PSB005	1347	13	buono]	buono	_	_	_	_	_	linguistic	_	none	_	End=4354.807	_	_	_	0-5(433)
1348-0	PSB018	1348	0	[ma	ma	_	_	_	_	_	linguistic	_	none	_	Begin=4354.065	_	_	_	0-2(433)
1348-1	PSB018	1348	1	anche]	anche	_	_	_	_	_	linguistic	_	none	_	_	_	_	_	0-5(433)
1348-2	PSB018	1348	2	con	con	_	_	_	_	_	linguistic	_	none	_	_	_	_	_	_
1348-3	PSB018	1348	3	ristorante	ristorante	_	_	_	_	_	linguistic	_	none	_	_	_	_	_	_
1348-4	PSB018	1348	4	è	è	_	_	_	_	_	linguistic	_	none	_	_	_	_	_	_
1348-5	PSB018	1348	5	possibile	possibile	_	_	_	_	_	linguistic	_	none	_	_	_	_	_	_
1348-6	PSB018	1348	6	trovare	trovare	_	_	_	_	_	linguistic	_	none	_	_	_	_	_	_
1348-7	PSB018	1348	7	trattoria	trattoria	_	_	_	_	_	linguistic	_	none	_	_	_	_	_	_
1348-8	PSB018	1348	8	non	non	_	_	_	_	_	linguistic	_	none	_	_	_	_	_	_
1348-9	PSB018	1348	9	molto	molto	_	_	_	_	_	linguistic	_	none	_	_	_	_	_	_
1348-10	PSB018	1348	10	costosa	costosa	_	_	_	_	_	linguistic	_	none	_	End=4359.27	_	_	_	_
1349-0	PSB005	1349	0	mhmh	mhmh	_	_	_	_	_	linguistic	_	none	_	Begin=4359.291|End=4359.807	_	_	_	_
1350-0	PSB018	1350	0	con	con	_	_	_	_	_	linguistic	_	none	_	Begin=4359.86	_	_	_	_
1350-1	PSB018	1350	1	i	i	_	_	_	_	_	linguistic	_	none	_	_	_	_	_	_
1350-2	PSB018	1350	2	cibi	cibi	_	_	_	_	_	linguistic	_	none	_	_	_	_	_	_
1350-3	PSB018	1350	3	<tradizionali>	tradizionali	_	_	_	_	_	linguistic	_	none	_	_	_	Slow=0-12(0)	_	_
1350-4	PSB018	1350	4	[(bolognesi)]	bolognesi	_	_	_	_	_	linguistic	_	none	_	End=4363.274	_	_	0-9(0)	0-9(434)
1351-0	PSB005	1351	0	[nella	nella	_	_	_	_	_	linguistic	_	none	_	Begin=4362.371	_	_	_	0-5(434)
1351-1	PSB005	1351	1	tua:]	tua	_	_	_	_	_	linguistic	_	none	_	_	2x1	_	_	0-3(434)
1351-2	PSB005	1351	2	zona?	zona	_	_	_	_	_	linguistic	_	none	Intonation=Rising	_	_	_	_	_
1351-3	PSB005	1351	3	dove	dove	_	_	_	_	_	linguistic	_	none	_	_	_	_	_	_
1351-4	PSB005	1351	4	abiti?	abiti	_	_	_	_	_	linguistic	_	none	Intonation=Rising	End=4364.57	_	_	_	_
1352-0	PSB018	1352	0	no	no	_	_	_	_	_	linguistic	_	none	_	Begin=4364.597	_	_	_	_
1352-1	PSB018	1352	1	non	non	_	_	_	_	_	linguistic	_	none	_	_	_	_	_	_
1352-2	PSB018	1352	2	la	la	_	_	_	_	_	linguistic	_	none	_	_	_	_	_	_
1352-3	PSB018	1352	3	mia	mia	_	_	_	_	_	linguistic	_	none	_	_	_	_	_	_
1352-4	PSB018	1352	4	zona	zona	_	_	_	_	_	linguistic	_	none	_	_	_	_	_	_
1352-5	PSB018	1352	5	eh	eh	_	_	_	_	_	linguistic	_	none	_	_	_	_	_	_
1352-6	PSB018	1352	6	una	una	_	_	_	_	_	linguistic	_	none	_	_	_	_	_	_
1352-7	PSB018	1352	7	volta	volta	_	_	_	_	_	linguistic	_	none	_	_	_	_	_	_
1352-8	PSB018	1352	8	era	era	_	_	_	_	_	linguistic	_	none	_	_	_	_	_	_
1352-9	PSB018	1352	9	vicino	vicino	_	_	_	_	_	linguistic	_	none	_	_	_	_	_	_
1352-10	PSB018	1352	10	a:	a	_	_	_	_	_	linguistic	_	none	_	_	0x1	_	_	_
1352-11	PSB018	1352	11	no	no	_	_	_	_	_	linguistic	_	none	_	_	_	_	_	_
1352-12	PSB018	1352	12	vicino	vicino	_	_	_	_	_	linguistic	_	none	_	_	_	_	_	_
1352-13	PSB018	1352	13	ma	ma	_	_	_	_	_	linguistic	_	none	_	_	_	_	_	_
1352-14	PSB018	1352	14	la	la	_	_	_	_	_	linguistic	_	none	_	_	_	_	_	_
1352-15	PSB018	1352	15	zona	zona	_	_	_	_	_	linguistic	_	none	_	_	_	_	_	_
1352-16	PSB018	1352	16	de	de	_	_	_	_	_	linguistic	_	none	_	_	_	_	_	_
1352-17	PSB018	1352	17	eh	eh	_	_	_	_	_	linguistic	_	none	_	_	_	_	_	_
1352-18	PSB018	1352	18	porta	porta	_	_	_	_	_	linguistic	_	none	_	_	_	_	_	_
1352-19	PSB018	1352	19	san	san	_	_	_	_	_	linguistic	_	none	_	_	_	_	_	_
1352-20	PSB018	1352	20	mamolo	mamolo	_	_	_	_	_	linguistic	_	none	_	End=4373.152	_	_	_	_
1353-0	PSB005	1353	0	ah	ah	_	_	_	_	_	linguistic	_	none	_	Begin=4373.678	_	_	_	_
1353-1	PSB005	1353	1	dimmi	dimmi	_	_	_	_	_	linguistic	_	none	_	_	_	_	_	_
1353-2	PSB005	1353	2	che	che	_	_	_	_	_	linguistic	_	none	_	_	_	_	_	_
1353-3	PSB005	1353	3	sono	sono	_	_	_	_	_	linguistic	_	none	_	_	_	_	_	_
1353-4	PSB005	1353	4	curiosa	curiosa	_	_	_	_	_	linguistic	_	none	_	_	_	_	_	_
1353-5	PSB005	1353	5	((ride))	((ride))	_	_	_	_	_	nonverbalbehavior	_	none	_	End=4376.275	_	_	_	_
1354-0	PSB018	1354	0	non	non	_	_	_	_	_	linguistic	_	none	_	Begin=4376.065	_	_	_	_
1354-1	PSB018	1354	1	so	so	_	_	_	_	_	linguistic	_	none	_	_	_	_	_	_
1354-2	PSB018	1354	2	[perché]:	perché	_	_	_	_	_	linguistic	_	none	_	_	5x1	_	_	0-6(436)
1354-3	PSB018	1354	3	e	e	_	_	_	_	_	linguistic	_	none	_	_	_	_	_	_
1354-4	PSB018	1354	4	non	non	_	_	_	_	_	linguistic	_	none	_	_	_	_	_	_
1354-5	PSB018	1354	5	ho	ho	_	_	_	_	_	linguistic	_	none	_	_	_	_	_	_
1354-6	PSB018	1354	6	ho	ho	_	_	_	_	_	linguistic	_	none	_	_	_	_	_	_
1354-7	PSB018	1354	7	io	io	_	_	_	_	_	linguistic	_	none	_	End=4379.758	_	_	_	_
1355-0	PSB005	1355	0	[sì]	sì	_	_	_	_	_	linguistic	_	none	_	Begin=4376.968|End=4377.448	_	_	_	0-2(436)
1356-0	PSB018	1356	0	non	non	_	_	_	_	_	linguistic	_	none	_	Begin=4380.468	_	_	_	_
1356-1	PSB018	1356	1	era	era	_	_	_	_	_	linguistic	_	none	_	_	_	_	_	_
1356-2	PSB018	1356	2	io	io	_	_	_	_	_	linguistic	_	none	_	_	_	_	_	_
1356-3	PSB018	1356	3	la	la	_	_	_	_	_	linguistic	_	none	_	_	_	_	_	_
1356-4	PSB018	1356	4	persona	persona	_	_	_	_	_	linguistic	_	none	_	_	_	_	_	_
1356-5	PSB018	1356	5	chi	chi	_	_	_	_	_	linguistic	_	none	_	_	_	_	_	_
1356-6	PSB018	1356	6	ho	ho	_	_	_	_	_	linguistic	_	none	_	_	_	_	_	_
1356-7	PSB018	1356	7	trovato[:	trovato	_	_	_	_	_	linguistic	_	none	_	_	6x1	_	_	_
1356-8	PSB018	1356	8	e]	e	_	_	_	_	_	linguistic	_	none	_	_	_	_	_	0-1(437)
1356-9	PSB018	1356	9	ha	ha	_	_	_	_	_	linguistic	_	none	_	_	_	_	_	_
1356-10	PSB018	1356	10	organizza[to	organizzato	_	_	_	_	_	linguistic	_	none	_	_	_	_	_	9-11(438)
1356-11	PSB018	1356	11	tutto]	tutto	_	_	_	_	_	linguistic	_	none	_	_	_	_	_	0-5(438)
1356-12	PSB018	1356	12	quello	quello	_	_	_	_	_	linguistic	_	none	_	End=4386.92	_	_	_	_
1357-0	PSB005	1357	0	[°mhmh°]	mhmh	_	_	_	_	_	linguistic	_	none	Volume=low	Begin=4383.678|End=4384.267	_	_	_	0-4(437)
1358-0	PSB005	1358	0	[mhmh]	mhmh	_	_	_	_	_	linguistic	_	none	_	Begin=4385.581|End=4386.136	_	_	_	0-4(438)
1359-0	PSB018	1359	0	ma	ma	_	_	_	_	_	linguistic	_	none	_	Begin=4388.307	_	_	_	_
1359-1	PSB018	1359	1	mi	mi	_	_	_	_	_	linguistic	_	none	_	_	_	_	_	_
1359-2	PSB018	1359	2	ri~	ri~	_	_	_	_	_	linguistic	_	none	Interrupted=Yes	_	_	_	_	_
1359-3	PSB018	1359	3	e:h	eh	_	_	_	_	_	linguistic	_	none	_	End=4390.194	0x1	_	_	_
1360-0	PSB018	1360	0	io	io	_	_	_	_	_	linguistic	_	none	_	Begin=4390.694	_	_	_	_
1360-1	PSB018	1360	1	ricordo	ricordo	_	_	_	_	_	linguistic	_	none	_	_	_	_	_	_
1360-2	PSB018	1360	2	s:-	s-	_	_	_	_	_	linguistic	_	none	Interrupted=Yes	_	0x1	_	_	_
1360-3	PSB018	1360	3	era:	era	_	_	_	_	_	linguistic	_	none	_	_	2x1	_	_	_
1360-4	PSB018	1360	4	molto	molto	_	_	_	_	_	linguistic	_	none	_	_	_	_	_	_
1360-5	PSB018	1360	5	vicino	vicino	_	_	_	_	_	linguistic	_	none	_	_	_	_	_	_
1360-6	PSB018	1360	6	da	da	_	_	_	_	_	linguistic	_	none	_	_	_	_	_	_
1360-7	PSB018	1360	7	santo	santo	_	_	_	_	_	linguistic	_	none	_	_	_	_	_	_
1360-8	PSB018	1360	8	mh	mh	_	_	_	_	_	linguistic	_	none	_	_	_	_	_	_
1360-9	PSB018	1360	9	eh	eh	_	_	_	_	_	linguistic	_	none	_	_	_	_	_	_
1360-10	PSB018	1360	10	da	da	_	_	_	_	_	linguistic	_	none	_	_	_	_	_	_
1360-11	PSB018	1360	11	po~	po~	_	_	_	_	_	linguistic	_	none	Interrupted=Yes	_	_	_	_	_
1360-12	PSB018	1360	12	[porta]	porta	_	_	_	_	_	linguistic	_	none	_	_	_	_	_	0-5(439)
1360-13	PSB018	1360	13	san	san	_	_	_	_	_	linguistic	_	none	_	_	_	_	_	_
1360-14	PSB018	1360	14	mamol[o	mamolo	_	_	_	_	_	linguistic	_	none	_	_	_	_	_	5-6(440)
1360-15	PSB018	1360	15	e	e	_	_	_	_	_	linguistic	_	none	_	_	_	_	_	0-1(440)
1360-16	PSB018	1360	16	d]opo	dopo	_	_	_	_	_	linguistic	_	none	_	_	_	_	_	0-1(440)
1360-17	PSB018	1360	17	noi	noi	_	_	_	_	_	linguistic	_	none	_	_	_	_	_	_
1360-18	PSB018	1360	18	abbiamo	abbiamo	_	_	_	_	_	linguistic	_	none	_	_	_	_	_	_
1360-19	PSB018	1360	19	siamo	siamo	_	_	_	_	_	linguistic	_	none	_	_	_	_	_	_
1360-20	PSB018	1360	20	camminati	camminati	_	_	_	_	_	linguistic	_	none	_	_	_	_	_	_
1360-21	PSB018	1360	21	abbiamo	abbiamo	_	_	_	_	_	linguistic	_	none	_	_	_	_	_	_
1360-22	PSB018	1360	22	camminati	camminati	_	_	_	_	_	linguistic	_	none	_	End=4401.613	_	_	_	_
1361-0	PSB005	1361	0	[mhmh]	mhmh	_	_	_	_	_	linguistic	_	none	_	Begin=4396.162|End=4396.734	_	_	_	0-4(439)
1362-0	PSB005	1362	0	[mhmh]	mhmh	_	_	_	_	_	linguistic	_	none	_	Begin=4397.452|End=4397.977	_	_	_	0-4(440)
1363-0	PSB018	1363	0	°non	non	_	_	_	_	_	linguistic	_	none	Volume=low	Begin=4402.113	_	_	_	_
1363-1	PSB018	1363	1	mi	mi	_	_	_	_	_	linguistic	_	none	Volume=low	_	_	_	_	_
1363-2	PSB018	1363	2	ricordo°	ricordo	_	_	_	_	_	linguistic	_	none	Volume=low	_	_	_	_	_
1363-3	PSB018	1363	3	essere	essere	_	_	_	_	_	linguistic	_	none	_	_	_	_	_	_
1363-4	PSB018	1363	4	o:	o	_	_	_	_	_	linguistic	_	none	_	_	0x1	_	_	_
1363-5	PSB018	1363	5	avere	avere	_	_	_	_	_	linguistic	_	none	_	_	_	_	_	_
1363-6	PSB018	1363	6	con	con	_	_	_	_	_	linguistic	_	none	_	_	_	_	_	_
1363-7	PSB018	1363	7	cammin[are]	camminare	_	_	_	_	_	linguistic	_	none	_	End=4405.807	_	_	_	6-9(441)
1364-0	PSB005	1364	0	[a~]	a~	_	_	_	_	_	linguistic	_	none	Interrupted=Yes	Begin=4405.371	_	_	_	0-2(441)
1364-1	PSB005	1364	1	abbiamo	abbiamo	_	_	_	_	_	linguistic	_	none	_	End=4406.51	_	_	_	_
1365-0	PSB018	1365	0	abbiamo	abbiamo	_	_	_	_	_	linguistic	_	none	_	Begin=4406.629	_	_	_	_
1365-1	PSB018	1365	1	<camminato>	camminato	_	_	_	_	_	linguistic	_	none	_	End=4408.408	_	Slow=0-9(0)	_	_
1366-0	PSB005	1366	0	sì	sì	_	_	_	_	_	linguistic	_	none	_	Begin=4409.291|End=4409.774	_	_	_	_
1367-0	PSB018	1367	0	allora	allora	_	_	_	_	_	linguistic	_	none	_	Begin=4409.871	_	_	_	_
1367-1	PSB018	1367	1	sì	sì	_	_	_	_	_	linguistic	_	none	_	_	_	_	_	_
1367-2	PSB018	1367	2	sì	sì	_	_	_	_	_	linguistic	_	none	_	_	_	_	_	_
1367-3	PSB018	1367	3	sì	sì	_	_	_	_	_	linguistic	_	none	_	_	_	_	_	_
1367-4	PSB018	1367	4	perché	perché	_	_	_	_	_	linguistic	_	none	_	_	_	_	_	_
1367-5	PSB018	1367	5	qualche	qualche	_	_	_	_	_	linguistic	_	none	_	_	_	_	_	_
1367-6	PSB018	1367	6	verbi	verbi	_	_	_	_	_	linguistic	_	none	_	_	_	_	_	_
1367-7	PSB018	1367	7	di	di	_	_	_	_	_	linguistic	_	none	_	_	_	_	_	_
1367-8	PSB018	1367	8	movim[en(ti)	movimenti	_	_	_	_	_	linguistic	_	none	_	_	_	_	7-9(0)	5-9(442)
1367-9	PSB018	1367	9	co]me	come	_	_	_	_	_	linguistic	_	none	_	_	_	_	_	0-2(442)
1367-10	PSB018	1367	10	camminare	camminare	_	_	_	_	_	linguistic	_	none	_	_	_	_	_	_
1367-11	PSB018	1367	11	e[:]	e	_	_	_	_	_	linguistic	_	none	_	End=4416.049	0x1	_	_	_
1368-0	PSB005	1368	0	[sì]	sì	_	_	_	_	_	linguistic	_	none	_	Begin=4413.549|End=4414.067	_	_	_	0-2(442)
1369-0	PSB005	1369	0	[prova	prova	_	_	_	_	_	linguistic	_	none	_	Begin=4415.678	_	_	_	0-5(443)
1369-1	PSB005	1369	1	a]	a	_	_	_	_	_	linguistic	_	none	_	_	_	_	_	0-1(443)
1369-2	PSB005	1369	2	dirmi	dirmi	_	_	_	_	_	linguistic	_	none	_	_	_	_	_	_
1369-3	PSB005	1369	3	tutta	tutta	_	_	_	_	_	linguistic	_	none	_	_	_	_	_	_
1369-4	PSB005	1369	4	la	la	_	_	_	_	_	linguistic	_	none	_	_	_	_	_	_
1369-5	PSB005	1369	5	frase	frase	_	_	_	_	_	linguistic	_	none	_	End=4417.339	_	_	_	_
1370-0	PSB018	1370	0	e:h	eh	_	_	_	_	_	linguistic	_	none	_	Begin=4417.371|End=4418.336	0x1	_	_	_
1371-0	PSB018	1371	0	p~	p~	_	_	_	_	_	linguistic	_	none	Interrupted=Yes	Begin=4419.242	_	_	_	_
1371-1	PSB018	1371	1	a	a	_	_	_	_	_	linguistic	_	none	_	_	_	_	_	_
1371-2	PSB018	1371	2	piedi	piedi	_	_	_	_	_	linguistic	_	none	_	End=4420.581	_	_	_	_
1372-0	PSB005	1372	0	siamo	siamo	_	_	_	_	_	linguistic	_	none	_	Begin=4420.613	_	_	_	_
1372-1	PSB005	1372	1	[andat]i	andati	_	_	_	_	_	linguistic	_	none	_	_	_	_	_	0-5(444)
1372-2	PSB005	1372	2	a	a	_	_	_	_	_	linguistic	_	none	_	_	_	_	_	_
1372-3	PSB005	1372	3	pi[edi	piedi	_	_	_	_	_	linguistic	_	none	_	_	_	_	_	2-5(448)
1372-4	PSB005	1372	4	sì]	sì	_	_	_	_	_	linguistic	_	none	_	End=4422.21	_	_	_	0-2(448)
1373-0	PSB018	1373	0	[x]	x	_	_	_	_	_	unknown	_	none	Syllables=1	Begin=4420.871|End=4421.26	_	_	_	0-1(444)
1374-0	PSB018	1374	0	[siamo	siamo	_	_	_	_	_	linguistic	_	none	_	Begin=4421.726	_	_	_	0-5(448)
1374-1	PSB018	1374	1	a]ndati	andati	_	_	_	_	_	linguistic	_	none	_	_	_	_	_	0-1(448)
1374-2	PSB018	1374	2	a	a	_	_	_	_	_	linguistic	_	none	_	_	_	_	_	_
1374-3	PSB018	1374	3	piedi	piedi	_	_	_	_	_	linguistic	_	none	_	_	_	_	_	_
1374-4	PSB018	1374	4	per	per	_	_	_	_	_	linguistic	_	none	_	_	_	_	_	_
1374-5	PSB018	1374	5	trovar:e	trovare	_	_	_	_	_	linguistic	_	none	_	_	5x1	_	_	_
1374-6	PSB018	1374	6	[quella	quella	_	_	_	_	_	linguistic	_	none	_	_	_	_	_	0-6(449)
1374-7	PSB018	1374	7	quel]	quel	_	_	_	_	_	linguistic	_	none	_	_	_	_	_	0-4(449)
1374-8	PSB018	1374	8	posto	posto	_	_	_	_	_	linguistic	_	none	_	_	_	_	_	_
1374-9	PSB018	1374	9	[ma	ma	_	_	_	_	_	linguistic	_	none	_	_	_	_	_	0-2(445)
1374-10	PSB018	1374	10	se]condo	secondo	_	_	_	_	_	linguistic	_	none	_	_	_	_	_	0-2(445)
1374-11	PSB018	1374	11	me	me	_	_	_	_	_	linguistic	_	none	_	_	_	_	_	_
1374-12	PSB018	1374	12	ci	ci	_	_	_	_	_	linguistic	_	none	_	_	_	_	_	_
1374-13	PSB018	1374	13	sono	sono	_	_	_	_	_	linguistic	_	none	_	_	_	_	_	_
1374-14	PSB018	1374	14	tante	tante	_	_	_	_	_	linguistic	_	none	_	_	_	_	_	_
1374-15	PSB018	1374	15	trattorie	trattorie	_	_	_	_	_	linguistic	_	none	_	_	_	_	_	_
1374-16	PSB018	1374	16	piccol[e]	piccole	_	_	_	_	_	linguistic	_	none	_	_	_	_	_	6-7(446)
1374-17	PSB018	1374	17	no	no	_	_	_	_	_	linguistic	_	none	_	_	_	_	_	_
1374-18	PSB018	1374	18	in	in	_	_	_	_	_	linguistic	_	none	_	_	_	_	_	_
1374-19	PSB018	1374	19	e:hm	ehm	_	_	_	_	_	linguistic	_	none	_	_	0x1	_	_	_
1374-20	PSB018	1374	20	la	la	_	_	_	_	_	linguistic	_	none	_	_	_	_	_	_
1374-21	PSB018	1374	21	mh	mh	_	_	_	_	_	linguistic	_	none	_	_	_	_	_	_
1374-22	PSB018	1374	22	non	non	_	_	_	_	_	linguistic	_	none	_	_	_	_	_	_
1374-23	PSB018	1374	23	<sulla	sulla	_	_	_	_	_	linguistic	_	none	_	_	_	Slow=0-5(0)	_	_
1374-24	PSB018	1374	24	via	via	_	_	_	_	_	linguistic	_	none	_	_	_	Slow=0-3(0)	_	_
1374-25	PSB018	1374	25	princip[ale]>	principale	_	_	_	_	_	linguistic	_	none	_	_	_	Slow=0-10(0)	_	7-10(447)
1374-26	PSB018	1374	26	ma	ma	_	_	_	_	_	linguistic	_	none	_	End=4438.532	_	_	_	_
1375-0	PSB005	1375	0	[la	la	_	_	_	_	_	linguistic	_	none	_	Begin=4425.016	_	_	_	0-2(449)
1375-1	PSB005	1375	1	trattoria	trattoria	_	_	_	_	_	linguistic	_	none	_	_	_	_	_	0-9(449)
1375-2	PSB005	1375	2	sì]	sì	_	_	_	_	_	linguistic	_	none	_	End=4426.132	_	_	_	0-2(449)
1376-0	PSB005	1376	0	[mhmh]	mhmh	_	_	_	_	_	linguistic	_	none	_	Begin=4426.903|End=4427.424	_	_	_	0-4(445)
1377-0	PSB005	1377	0	[mhmh]	mhmh	_	_	_	_	_	linguistic	_	none	_	Begin=4430.484|End=4430.878	_	_	_	0-4(446)
1378-0	PSB005	1378	0	[sì	sì	_	_	_	_	_	linguistic	_	none	_	Begin=4437.032	_	_	_	0-2(447)
1378-1	PSB005	1378	1	sì]	sì	_	_	_	_	_	linguistic	_	none	_	End=4437.832	_	_	_	0-2(447)
1379-0	PSB018	1379	0	qualche	qualche	_	_	_	_	_	linguistic	_	none	_	Begin=4439.162	_	_	_	_
1379-1	PSB018	1379	1	piccoli:	piccoli	_	_	_	_	_	linguistic	_	none	_	_	6x1	_	_	_
1379-2	PSB018	1379	2	vi:-	vi-	_	_	_	_	_	linguistic	_	none	Interrupted=Yes	_	1x1	_	_	_
1379-3	PSB018	1379	3	<v[ia]>	via	_	_	_	_	_	linguistic	_	none	_	End=4442.532	_	Slow=0-3(0)	_	1-3(450)
1380-0	PSB005	1380	0	[sì]	sì	_	_	_	_	_	linguistic	_	none	_	Begin=4441.887	_	_	_	0-2(450)
1380-1	PSB005	1380	1	vie	vie	_	_	_	_	_	linguistic	_	none	_	_	_	_	_	_
1380-2	PSB005	1380	2	piccole	piccole	_	_	_	_	_	linguistic	_	none	_	_	_	_	_	_
1380-3	PSB005	1380	3	vie	vie	_	_	_	_	_	linguistic	_	none	_	_	_	_	_	_
1380-4	PSB005	1380	4	s[ì]	sì	_	_	_	_	_	linguistic	_	none	_	End=4444.065	_	_	_	1-2(451)
1381-0	PSB018	1381	0	[s]ì	sì	_	_	_	_	_	linguistic	_	none	_	Begin=4443.903	_	_	_	0-1(451)
1381-1	PSB018	1381	1	sì	sì	_	_	_	_	_	linguistic	_	none	_	_	_	_	_	_
1381-2	PSB018	1381	2	co~	co~	_	_	_	_	_	linguistic	_	none	Interrupted=Yes	_	_	_	_	_
1381-3	PSB018	1381	3	trattoria	trattoria	_	_	_	_	_	linguistic	_	none	_	_	_	_	_	_
1381-4	PSB018	1381	4	così	così	_	_	_	_	_	linguistic	_	none	_	_	_	_	_	_
1381-5	PSB018	1381	5	e	e	_	_	_	_	_	linguistic	_	none	_	_	_	_	_	_
1381-6	PSB018	1381	6	lì	lì	_	_	_	_	_	linguistic	_	none	_	_	_	_	_	_
1381-7	PSB018	1381	7	ho	ho	_	_	_	_	_	linguistic	_	none	_	_	_	_	_	_
1381-8	PSB018	1381	8	abbiamo	abbiamo	_	_	_	_	_	linguistic	_	none	_	_	_	_	_	_
1381-9	PSB018	1381	9	provati	provati	_	_	_	_	_	linguistic	_	none	_	_	_	_	_	_
1381-10	PSB018	1381	10	questi	questi	_	_	_	_	_	linguistic	_	none	_	_	_	_	_	_
1381-11	PSB018	1381	11	crescentine	crescentine	_	_	_	_	_	linguistic	_	none	_	_	_	_	_	_
1381-12	PSB018	1381	12	[o	o	_	_	_	_	_	linguistic	_	none	_	_	_	_	_	0-1(452)
1381-13	PSB018	1381	13	pa]rt~	part~	_	_	_	_	_	linguistic	_	none	Interrupted=Yes	_	_	_	_	0-2(452)
1381-14	PSB018	1381	14	te~	te~	_	_	_	_	_	linguistic	_	none	Interrupted=Yes	_	_	_	_	_
1381-15	PSB018	1381	15	tet~	tet~	_	_	_	_	_	linguistic	_	none	Interrupted=Yes	End=4452.113	_	_	_	_
1382-0	PSB005	1382	0	[sì]	sì	_	_	_	_	_	linguistic	_	none	_	Begin=4450.339|End=4450.856	_	_	_	0-2(452)
1383-0	PSB005	1383	0	tigelle	tigelle	_	_	_	_	_	linguistic	_	none	_	Begin=4452.984|End=4453.678	_	_	_	_
1384-0	PSB018	1384	0	tigelle	tigelle	_	_	_	_	_	linguistic	_	none	_	Begin=4453.774	_	_	_	_
1384-1	PSB018	1384	1	due	due	_	_	_	_	_	linguistic	_	none	_	_	_	_	_	_
1384-2	PSB018	1384	2	[due]	due	_	_	_	_	_	linguistic	_	none	_	End=4455.145	_	_	_	0-3(453)
1385-0	PSB005	1385	0	[eh	eh	_	_	_	_	_	linguistic	_	none	_	Begin=4454.758	_	_	_	0-2(453)
1385-1	PSB005	1385	1	s]ì	sì	_	_	_	_	_	linguistic	_	none	_	_	_	_	_	0-1(453)
1385-2	PSB005	1385	2	sì	sì	_	_	_	_	_	linguistic	_	none	_	_	_	_	_	_
1385-3	PSB005	1385	3	mh	mh	_	_	_	_	_	linguistic	_	none	_	End=4455.92	_	_	_	_
1386-0	PSB018	1386	0	perché:	perché	_	_	_	_	_	linguistic	_	none	_	Begin=4456.226	5x1	_	_	_
1386-1	PSB018	1386	1	eh	eh	_	_	_	_	_	linguistic	_	none	_	_	_	_	_	_
1386-2	PSB018	1386	2	quelli	quelli	_	_	_	_	_	linguistic	_	none	_	_	_	_	_	_
1386-3	PSB018	1386	3	rotondi	rotondi	_	_	_	_	_	linguistic	_	none	_	_	_	_	_	_
1386-4	PSB018	1386	4	hanno	hanno	_	_	_	_	_	linguistic	_	none	_	_	_	_	_	_
1386-5	PSB018	1386	5	due	due	_	_	_	_	_	linguistic	_	none	_	_	_	_	_	_
1386-6	PSB018	1386	6	d~	d~	_	_	_	_	_	linguistic	_	none	Interrupted=Yes	_	_	_	_	_
1386-7	PSB018	1386	7	nomi?	nomi	_	_	_	_	_	linguistic	_	none	Intonation=Rising	End=4461.258	_	_	_	_
1387-0	PSB005	1387	0	a	a	_	_	_	_	_	linguistic	_	none	_	Begin=4461.855	_	_	_	_
1387-1	PSB005	1387	1	bologna	bologna	_	_	_	_	_	linguistic	_	none	_	_	_	_	_	_
1387-2	PSB005	1387	2	tigelle	tigelle	_	_	_	_	_	linguistic	_	none	_	End=4463.081	_	_	_	_
1388-0	PSB018	1388	0	tigelle	tigelle	_	_	_	_	_	linguistic	_	none	_	Begin=4463.113	_	_	_	_
1388-1	PSB018	1388	1	a	a	_	_	_	_	_	linguistic	_	none	_	_	_	_	_	_
1388-2	PSB018	1388	2	ma	ma	_	_	_	_	_	linguistic	_	none	_	_	_	_	_	_
1388-3	PSB018	1388	3	e:hm	ehm	_	_	_	_	_	linguistic	_	none	_	_	0x1	_	_	_
1388-4	PSB018	1388	4	ma:	ma	_	_	_	_	_	linguistic	_	none	_	End=4466.081	1x1	_	_	_
1389-0	PSB005	1389	0	da	da	_	_	_	_	_	linguistic	_	none	_	Begin=4467.0	_	_	_	_
1389-1	PSB005	1389	1	qualche	qualche	_	_	_	_	_	linguistic	_	none	_	_	_	_	_	_
1389-2	PSB005	1389	2	parte	parte	_	_	_	_	_	linguistic	_	none	_	_	_	_	_	_
1389-3	PSB005	1389	3	le	le	_	_	_	_	_	linguistic	_	none	_	_	_	_	_	_
1389-4	PSB005	1389	4	chiamano	chiamano	_	_	_	_	_	linguistic	_	none	_	_	_	_	_	_
1389-5	PSB005	1389	5	anche	anche	_	_	_	_	_	linguistic	_	none	_	_	_	_	_	_
1389-6	PSB005	1389	6	crescenti[ne]	crescentine	_	_	_	_	_	linguistic	_	none	_	End=4469.323	_	_	_	9-11(454)
1390-0	PSB018	1390	0	[cres]centine	crescentine	_	_	_	_	_	linguistic	_	none	_	Begin=4469.097	_	_	_	0-4(454)
1390-1	PSB018	1390	1	[sì]	sì	_	_	_	_	_	linguistic	_	none	_	_	_	_	_	0-2(457)
1390-2	PSB018	1390	2	lo	lo	_	_	_	_	_	linguistic	_	none	_	_	_	_	_	_
1390-3	PSB018	1390	3	s[o]	so	_	_	_	_	_	linguistic	_	none	_	_	_	_	_	1-2(455)
1390-4	PSB018	1390	4	e	e	_	_	_	_	_	linguistic	_	none	_	_	_	_	_	_
1390-5	PSB018	1390	5	anche	anche	_	_	_	_	_	linguistic	_	none	_	_	_	_	_	_
1390-6	PSB018	1390	6	questi	questi	_	_	_	_	_	linguistic	_	none	_	_	_	_	_	_
1390-7	PSB018	1390	7	e:h	eh	_	_	_	_	_	linguistic	_	none	_	_	0x1	_	_	_
1390-8	PSB018	1390	8	fritte	fritte	_	_	_	_	_	linguistic	_	none	_	_	_	_	_	_
1390-9	PSB018	1390	9	gnocchi	gnocchi	_	_	_	_	_	linguistic	_	none	_	_	_	_	_	_
1390-10	PSB018	1390	10	fri[tte]	fritte	_	_	_	_	_	linguistic	_	none	_	End=4475.629	_	_	_	3-6(456)
1391-0	PSB005	1391	0	[sì]	sì	_	_	_	_	_	linguistic	_	none	_	Begin=4469.742|End=4470.081	_	_	_	0-2(457)
1392-0	PSB005	1392	0	[sì]	sì	_	_	_	_	_	linguistic	_	none	_	Begin=4470.516|End=4470.9	_	_	_	0-2(455)
1393-0	PSB005	1393	0	[sì	sì	_	_	_	_	_	linguistic	_	none	_	Begin=4474.984	_	_	_	0-2(456)
1393-1	PSB005	1393	1	per]	per	_	_	_	_	_	linguistic	_	none	_	_	_	_	_	0-3(456)
1393-2	PSB005	1393	2	me	me	_	_	_	_	_	linguistic	_	none	_	_	_	_	_	_
1393-3	PSB005	1393	3	questo	questo	_	_	_	_	_	linguistic	_	none	_	_	_	_	_	_
1393-4	PSB005	1393	4	è	è	_	_	_	_	_	linguistic	_	none	_	_	_	_	_	_
1393-5	PSB005	1393	5	crescentine	crescentine	_	_	_	_	_	linguistic	_	none	PauseAfter=Yes	_	_	_	_	_
1393-6	PSB005	1393	6	(.)	(.)	_	_	_	_	_	shortpause	_	none	_	_	_	_	_	_
1393-7	PSB005	1393	7	[lo	lo	_	_	_	_	_	linguistic	_	none	_	_	_	_	_	0-2(458)
1393-8	PSB005	1393	8	gno]cco	gnocco	_	_	_	_	_	linguistic	_	none	_	_	_	_	_	0-3(458)
1393-9	PSB005	1393	9	fritto	fritto	_	_	_	_	_	linguistic	_	none	_	_	_	_	_	_
1393-10	PSB005	1393	10	è	è	_	_	_	_	_	linguistic	_	none	_	_	_	_	_	_
1393-11	PSB005	1393	11	la	la	_	_	_	_	_	linguistic	_	none	_	_	_	_	_	_
1393-12	PSB005	1393	12	crescentina	crescentina	_	_	_	_	_	linguistic	_	none	_	_	_	_	_	_
1393-13	PSB005	1393	13	s[ì]	sì	_	_	_	_	_	linguistic	_	none	_	End=4479.081	_	_	_	1-2(459)
1394-0	PSB018	1394	0	[eh	eh	_	_	_	_	_	linguistic	_	none	_	Begin=4477.065	_	_	_	0-2(458)
1394-1	PSB018	1394	1	sì]	sì	_	_	_	_	_	linguistic	_	none	_	End=4477.681	_	_	_	0-2(458)
1395-0	PSB018	1395	0	[è]	è	_	_	_	_	_	linguistic	_	none	_	Begin=4478.968	_	_	_	0-1(459)
1395-1	PSB018	1395	1	tutto	tutto	_	_	_	_	_	linguistic	_	none	_	_	_	_	_	_
1395-2	PSB018	1395	2	come	come	_	_	_	_	_	linguistic	_	none	_	_	_	_	_	_
1395-3	PSB018	1395	3	un	un	_	_	_	_	_	linguistic	_	none	_	_	_	_	_	_
1395-4	PSB018	1395	4	un	un	_	_	_	_	_	linguistic	_	none	_	_	_	_	_	_
1395-5	PSB018	1395	5	mix	mix	_	_	_	_	_	linguistic	_	none	_	End=4480.92	_	_	_	_
1396-0	PSB005	1396	0	sì	sì	_	_	_	_	_	linguistic	_	none	_	Begin=4480.952|End=4481.324	_	_	_	_
1397-0	PSB018	1397	0	ma:	ma	_	_	_	_	_	linguistic	_	none	PauseAfter=Yes	Begin=4481.516	1x1	_	_	_
1397-1	PSB018	1397	1	(.)	(.)	_	_	_	_	_	shortpause	_	none	_	_	_	_	_	_
1397-2	PSB018	1397	2	°qualcuno	qualcuno	_	_	_	_	_	linguistic	_	none	Volume=low	_	_	_	_	_
1397-3	PSB018	1397	3	mi	mi	_	_	_	_	_	linguistic	_	none	Volume=low	_	_	_	_	_
1397-4	PSB018	1397	4	ha	ha	_	_	_	_	_	linguistic	_	none	Volume=low	_	_	_	_	_
1397-5	PSB018	1397	5	spiegato	spiegato	_	_	_	_	_	linguistic	_	none	Volume=low	_	_	_	_	_
1397-6	PSB018	1397	6	di	di	_	_	_	_	_	linguistic	_	none	Volume=low	_	_	_	_	_
1397-7	PSB018	1397	7	questi	questi	_	_	_	_	_	linguistic	_	none	Volume=low	_	_	_	_	_
1397-8	PSB018	1397	8	tipi:	tipi	_	_	_	_	_	linguistic	_	none	Volume=low	_	3x1	_	_	_
1397-9	PSB018	1397	9	di°	di	_	_	_	_	_	linguistic	_	none	Volume=low	_	_	_	_	_
1397-10	PSB018	1397	10	nome	nome	_	_	_	_	_	linguistic	_	none	_	_	_	_	_	_
1397-11	PSB018	1397	11	[e	e	_	_	_	_	_	linguistic	_	none	_	_	_	_	_	0-1(460)
1397-12	PSB018	1397	12	co]me:	come	_	_	_	_	_	linguistic	_	none	_	End=4490.452	3x1	_	_	0-2(460)
1398-0	PSB005	1398	0	[mhmh]	mhmh	_	_	_	_	_	linguistic	_	none	_	Begin=4488.774|End=4489.178	_	_	_	0-4(460)
1399-0	PSB018	1399	0	è	è	_	_	_	_	_	linguistic	_	none	_	Begin=4491.968	_	_	_	_
1399-1	PSB018	1399	1	giusto	giusto	_	_	_	_	_	linguistic	_	none	_	End=4493.242	_	_	_	_
1400-0	PSB018	1400	0	mangiar[e	mangiare	_	_	_	_	_	linguistic	_	none	_	Begin=4493.839	_	_	_	7-8(461)
1400-1	PSB018	1400	1	con	con	_	_	_	_	_	linguistic	_	none	_	_	_	_	_	0-3(461)
1400-2	PSB018	1400	2	tutti	tutti	_	_	_	_	_	linguistic	_	none	_	_	_	_	_	0-5(461)
1400-3	PSB018	1400	3	que]sti	questi	_	_	_	_	_	linguistic	_	none	_	_	_	_	_	0-3(461)
1400-4	PSB018	1400	4	piccoli	piccoli	_	_	_	_	_	linguistic	_	none	_	_	_	_	_	_
1400-5	PSB018	1400	5	e:h	eh	_	_	_	_	_	linguistic	_	none	_	End=4498.952	0x1	_	_	_
1401-0	PSB005	1401	0	[sì	sì	_	_	_	_	_	linguistic	_	none	_	Begin=4494.742	_	_	_	0-2(461)
1401-1	PSB005	1401	1	è	è	_	_	_	_	_	linguistic	_	none	_	_	_	_	_	0-1(461)
1401-2	PSB005	1401	2	giusto	giusto	_	_	_	_	_	linguistic	_	none	_	_	_	_	_	0-6(461)
1401-3	PSB005	1401	3	sì]	sì	_	_	_	_	_	linguistic	_	none	_	End=4496.096	_	_	_	0-2(461)
1402-0	PSB018	1402	0	come	come	_	_	_	_	_	linguistic	_	none	_	Begin=4500.678	_	_	_	_
1402-1	PSB018	1402	1	si	si	_	_	_	_	_	linguistic	_	none	_	_	_	_	_	_
1402-2	PSB018	1402	2	dice	dice	_	_	_	_	_	linguistic	_	none	_	_	_	_	_	_
1402-3	PSB018	1402	3	questi	questi	_	_	_	_	_	linguistic	_	none	_	_	_	_	_	_
1402-4	PSB018	1402	4	piatti	piatti	_	_	_	_	_	linguistic	_	none	_	_	_	_	_	_
1402-5	PSB018	1402	5	piccoli:	piccoli	_	_	_	_	_	linguistic	_	none	_	_	6x1	_	_	_
1402-6	PSB018	1402	6	co~	co~	_	_	_	_	_	linguistic	_	none	Interrupted=Yes	_	_	_	_	_
1402-7	PSB018	1402	7	$cioto[li	ciotoli	_	_	_	_	_	linguistic	_	none	Orthography=Yes|Variation=Emerging	_	_	_	_	6-8(462)
1402-8	PSB018	1402	8	piccolini	piccolini	_	_	_	_	_	linguistic	_	none	_	_	_	_	_	0-9(462)
1402-9	PSB018	1402	9	ciotole	ciotole	_	_	_	_	_	linguistic	_	none	_	_	_	_	_	0-7(462)
1402-10	PSB018	1402	10	pi]ccoline,	piccoline	_	_	_	_	_	linguistic	_	none	Intonation=WeaklyRising	_	_	_	_	0-2(462)
1402-11	PSB018	1402	11	con:	con	_	_	_	_	_	linguistic	_	none	_	End=4508.791	2x1	_	_	_
1403-0	PSB005	1403	0	[sì	sì	_	_	_	_	_	linguistic	_	none	_	Begin=4504.452	_	_	_	0-2(462)
1403-1	PSB005	1403	1	cio~	cio~	_	_	_	_	_	linguistic	_	none	Interrupted=Yes	_	_	_	_	0-4(462)
1403-2	PSB005	1403	2	ciotole	ciotole	_	_	_	_	_	linguistic	_	none	_	_	_	_	_	0-7(462)
1403-3	PSB005	1403	3	sì]	sì	_	_	_	_	_	linguistic	_	none	_	End=4506.508	_	_	_	0-2(462)
1404-0	PSB018	1404	0	tutti	tutti	_	_	_	_	_	linguistic	_	none	_	Begin=4509.71	_	_	_	_
1404-1	PSB018	1404	1	i	i	_	_	_	_	_	linguistic	_	none	_	_	_	_	_	_
1404-2	PSB018	1404	2	tipi	tipi	_	_	_	_	_	linguistic	_	none	_	_	_	_	_	_
1404-3	PSB018	1404	3	un	un	_	_	_	_	_	linguistic	_	none	_	_	_	_	_	_
1404-4	PSB018	1404	4	tipo	tipo	_	_	_	_	_	linguistic	_	none	_	_	_	_	_	_
1404-5	PSB018	1404	5	di	di	_	_	_	_	_	linguistic	_	none	_	_	_	_	_	_
1404-6	PSB018	1404	6	formaggio:	formaggio	_	_	_	_	_	linguistic	_	none	_	_	8x1	_	_	_
1404-7	PSB018	1404	7	[molto]	molto	_	_	_	_	_	linguistic	_	none	_	_	_	_	_	0-5(463)
1404-8	PSB018	1404	8	morbido	morbido	_	_	_	_	_	linguistic	_	none	_	_	_	_	_	_
1404-9	PSB018	1404	9	c[ome	come	_	_	_	_	_	linguistic	_	none	_	_	_	_	_	1-4(464)
1404-10	PSB018	1404	10	chi]a~	chia~	_	_	_	_	_	linguistic	_	none	Interrupted=Yes	End=4515.516	_	_	_	0-3(464)
1405-0	PSB005	1405	0	[sì]	sì	_	_	_	_	_	linguistic	_	none	_	Begin=4513.065|End=4513.537	_	_	_	0-2(463)
1406-0	PSB005	1406	0	[mh]	mh	_	_	_	_	_	linguistic	_	none	_	Begin=4514.742|End=4515.116	_	_	_	0-2(464)
1407-0	PSB005	1407	0	si	si	_	_	_	_	_	linguistic	_	none	_	Begin=4515.516	_	_	_	_
1407-1	PSB005	1407	1	chiama	chiama	_	_	_	_	_	linguistic	_	none	_	_	_	_	_	_
1407-2	PSB005	1407	2	stracchino	stracchino	_	_	_	_	_	linguistic	_	none	_	_	_	_	_	_
1407-3	PSB005	1407	3	[forse]	forse	_	_	_	_	_	linguistic	_	none	_	End=4517.145	_	_	_	0-5(465)
1408-0	PSB018	1408	0	[stracchi]no	stracchino	_	_	_	_	_	linguistic	_	none	_	Begin=4516.726	_	_	_	0-8(465)
1408-1	PSB018	1408	1	forse	forse	_	_	_	_	_	linguistic	_	none	_	_	_	_	_	_
1408-2	PSB018	1408	2	no	no	_	_	_	_	_	linguistic	_	none	_	_	_	_	_	_
1408-3	PSB018	1408	3	[mh]	mh	_	_	_	_	_	linguistic	_	none	_	_	_	_	_	0-2(466)
1408-4	PSB018	1408	4	allora	allora	_	_	_	_	_	linguistic	_	none	_	_	_	_	_	_
1408-5	PSB018	1408	5	e:h	eh	_	_	_	_	_	linguistic	_	none	_	_	0x1	_	_	_
1408-6	PSB018	1408	6	°non	non	_	_	_	_	_	linguistic	_	none	_	_	_	_	_	_
1408-7	PSB018	1408	7	so	so	_	_	_	_	_	linguistic	_	none	_	_	_	_	_	_
1408-8	PSB018	1408	8	quanto	quanto	_	_	_	_	_	linguistic	_	none	_	_	_	_	_	_
1408-9	PSB018	1408	9	costano	costano	_	_	_	_	_	linguistic	_	none	_	_	_	_	_	_
1408-10	PSB018	1408	10	ma:	ma	_	_	_	_	_	linguistic	_	none	_	_	1x1	_	_	_
1408-11	PSB018	1408	11	i	i	_	_	_	_	_	linguistic	_	none	_	_	_	_	_	_
1408-12	PSB018	1408	12	i	i	_	_	_	_	_	linguistic	_	none	_	_	_	_	_	_
1408-13	PSB018	1408	13	i	i	_	_	_	_	_	linguistic	_	none	_	_	_	_	_	_
1408-14	PSB018	1408	14	prezzi	prezzi	_	_	_	_	_	linguistic	_	none	_	_	_	_	_	_
1408-15	PSB018	1408	15	non	non	_	_	_	_	_	linguistic	_	none	_	_	_	_	_	_
1408-16	PSB018	1408	16	non	non	_	_	_	_	_	linguistic	_	none	_	_	_	_	_	_
1408-17	PSB018	1408	17	so	so	_	_	_	_	_	linguistic	_	none	_	_	_	_	_	_
1408-18	PSB018	1408	18	ma	ma	_	_	_	_	_	linguistic	_	none	_	_	_	_	_	_
1408-19	PSB018	1408	19	so	so	_	_	_	_	_	linguistic	_	none	_	_	_	_	_	_
1408-20	PSB018	1408	20	se	se	_	_	_	_	_	linguistic	_	none	_	_	_	_	_	_
1408-21	PSB018	1408	21	non	non	_	_	_	_	_	linguistic	_	none	_	_	_	_	_	_
1408-22	PSB018	1408	22	è	è	_	_	_	_	_	linguistic	_	none	_	_	_	_	_	_
1408-23	PSB018	1408	23	molto	molto	_	_	_	_	_	linguistic	_	none	_	_	_	_	_	_
1408-24	PSB018	1408	24	c[ostoso]	costoso	_	_	_	_	_	linguistic	_	none	_	End=4528.887	_	_	_	1-7(467)
1409-0	PSB005	1409	0	[sì]	sì	_	_	_	_	_	linguistic	_	none	_	Begin=4518.065|End=4518.484	_	_	_	0-2(466)
1410-0	PSB005	1410	0	[okay	okay	_	_	_	_	_	linguistic	_	none	_	Begin=4528.097	_	_	_	0-4(467)
1410-1	PSB005	1410	1	sì]	sì	_	_	_	_	_	linguistic	_	none	_	_	_	_	_	0-2(467)
1410-2	PSB005	1410	2	sì	sì	_	_	_	_	_	linguistic	_	none	_	_	_	_	_	_
1410-3	PSB005	1410	3	no	no	_	_	_	_	_	linguistic	_	none	_	_	_	_	_	_
1410-4	PSB005	1410	4	effettivamente	effettivamente	_	_	_	_	_	linguistic	_	none	_	_	_	_	_	_
1410-5	PSB005	1410	5	non:	non	_	_	_	_	_	linguistic	_	none	_	_	2x1	_	_	_
1410-6	PSB005	1410	6	mh	mh	_	_	_	_	_	linguistic	_	none	_	_	_	_	_	_
1410-7	PSB005	1410	7	se	se	_	_	_	_	_	linguistic	_	none	_	_	_	_	_	_
1410-8	PSB005	1410	8	non	non	_	_	_	_	_	linguistic	_	none	_	_	_	_	_	_
1410-9	PSB005	1410	9	si	si	_	_	_	_	_	linguistic	_	none	_	_	_	_	_	_
1410-10	PSB005	1410	10	va	va	_	_	_	_	_	linguistic	_	none	_	_	_	_	_	_
1410-11	PSB005	1410	11	proprio	proprio	_	_	_	_	_	linguistic	_	none	_	_	_	_	_	_
1410-12	PSB005	1410	12	in	in	_	_	_	_	_	linguistic	_	none	_	_	_	_	_	_
1410-13	PSB005	1410	13	centro	centro	_	_	_	_	_	linguistic	_	none	_	End=4533.855	_	_	_	_
1411-0	PSB005	1411	0	in	in	_	_	_	_	_	linguistic	_	none	_	Begin=4534.484	_	_	_	_
1411-1	PSB005	1411	1	alcuni	alcuni	_	_	_	_	_	linguistic	_	none	_	_	_	_	_	_
1411-2	PSB005	1411	2	posti	posti	_	_	_	_	_	linguistic	_	none	_	_	_	_	_	_
1411-3	PSB005	1411	3	però	però	_	_	_	_	_	linguistic	_	none	_	_	_	_	_	_
1411-4	PSB005	1411	4	hanno	hanno	_	_	_	_	_	linguistic	_	none	_	_	_	_	_	_
1411-5	PSB005	1411	5	prezzi	prezzi	_	_	_	_	_	linguistic	_	none	_	_	_	_	_	_
1411-6	PSB005	1411	6	alti	alti	_	_	_	_	_	linguistic	_	none	_	_	_	_	_	_
1411-7	PSB005	1411	7	seco[ndo	secondo	_	_	_	_	_	linguistic	_	none	_	_	_	_	_	4-7(468)
1411-8	PSB005	1411	8	me	me	_	_	_	_	_	linguistic	_	none	_	_	_	_	_	0-2(468)
1411-9	PSB005	1411	9	sì	sì	_	_	_	_	_	linguistic	_	none	_	_	_	_	_	0-2(468)
1411-10	PSB005	1411	10	sì]	sì	_	_	_	_	_	linguistic	_	none	_	End=4538.049	_	_	_	0-2(468)
1412-0	PSB018	1412	0	[si	si	_	_	_	_	_	linguistic	_	none	_	Begin=4536.791	_	_	_	0-2(468)
1412-1	PSB018	1412	1	lo	lo	_	_	_	_	_	linguistic	_	none	_	_	_	_	_	0-2(468)
1412-2	PSB018	1412	2	so	so	_	_	_	_	_	linguistic	_	none	_	_	_	_	_	0-2(468)
1412-3	PSB018	1412	3	molto]	molto	_	_	_	_	_	linguistic	_	none	_	_	_	_	_	0-5(468)
1412-4	PSB018	1412	4	alti	alti	_	_	_	_	_	linguistic	_	none	_	_	_	_	_	_
1412-5	PSB018	1412	5	ma	ma	_	_	_	_	_	linguistic	_	none	_	_	_	_	_	_
1412-6	PSB018	1412	6	anche	anche	_	_	_	_	_	linguistic	_	none	_	_	_	_	_	_
1412-7	PSB018	1412	7	con	con	_	_	_	_	_	linguistic	_	none	_	_	_	_	_	_
1412-8	PSB018	1412	8	quello	quello	_	_	_	_	_	linguistic	_	none	_	_	_	_	_	_
1412-9	PSB018	1412	9	e:h	eh	_	_	_	_	_	linguistic	_	none	_	End=4541.758	0x1	_	_	_
1413-0	PSB018	1413	0	io	io	_	_	_	_	_	linguistic	_	none	_	Begin=4542.016	_	_	_	_
1413-1	PSB018	1413	1	non	non	_	_	_	_	_	linguistic	_	none	_	_	_	_	_	_
1413-2	PSB018	1413	2	vado	vado	_	_	_	_	_	linguistic	_	none	_	_	_	_	_	_
1413-3	PSB018	1413	3	lì	lì	_	_	_	_	_	linguistic	_	none	_	_	_	_	_	_
1413-4	PSB018	1413	4	e:h	eh	_	_	_	_	_	linguistic	_	none	_	_	0x1	_	_	_
1413-5	PSB018	1413	5	una	una	_	_	_	_	_	linguistic	_	none	_	_	_	_	_	_
1413-6	PSB018	1413	6	volta	volta	_	_	_	_	_	linguistic	_	none	_	_	_	_	_	_
1413-7	PSB018	1413	7	a	a	_	_	_	_	_	linguistic	_	none	_	_	_	_	_	_
1413-8	PSB018	1413	8	settimana	settimana	_	_	_	_	_	linguistic	_	none	_	_	_	_	_	_
1413-9	PSB018	1413	9	no	no	_	_	_	_	_	linguistic	_	none	_	_	_	_	_	_
1413-10	PSB018	1413	10	[ma	ma	_	_	_	_	_	linguistic	_	none	_	_	_	_	_	0-2(469)
1413-11	PSB018	1413	11	u]na	una	_	_	_	_	_	linguistic	_	none	_	_	_	_	_	0-1(469)
1413-12	PSB018	1413	12	volta	volta	_	_	_	_	_	linguistic	_	none	_	_	_	_	_	_
1413-13	PSB018	1413	13	a	a	_	_	_	_	_	linguistic	_	none	_	_	_	_	_	_
1413-14	PSB018	1413	14	me[se]	mese	_	_	_	_	_	linguistic	_	none	_	_	_	_	_	2-4(470)
1413-15	PSB018	1413	15	per	per	_	_	_	_	_	linguistic	_	none	_	End=4550.0	_	_	_	_
1414-0	PSB005	1414	0	[sì]	sì	_	_	_	_	_	linguistic	_	none	_	Begin=4546.597|End=4546.977	_	_	_	0-2(469)
1415-0	PSB005	1415	0	[mhmh]	mhmh	_	_	_	_	_	linguistic	_	none	_	Begin=4548.565|End=4549.107	_	_	_	0-4(470)
1416-0	PSB018	1416	0	conoscere	conoscere	_	_	_	_	_	linguistic	_	none	_	Begin=4551.049	_	_	_	_
1416-1	PSB018	1416	1	e:	e	_	_	_	_	_	linguistic	_	none	_	End=4552.855	0x1	_	_	_
1417-0	PSB018	1417	0	sentire	sentire	_	_	_	_	_	linguistic	_	none	_	Begin=4553.484	_	_	_	_
1417-1	PSB018	1417	1	l'	l'	_	_	_	_	_	linguistic	_	none	SpaceAfter=No	_	_	_	_	_
1417-2	PSB018	1417	2	atmosfera	atmosfera	_	_	_	_	_	linguistic	_	none	_	End=4555.387	_	_	_	_
1418-0	PSB005	1418	0	mhmh	mhmh	_	_	_	_	_	linguistic	_	none	_	Begin=4555.387|End=4555.678	_	_	_	_
1419-0	PSB018	1419	0	perché	perché	_	_	_	_	_	linguistic	_	yes	_	Begin=4555.71	_	_	_	_
1419-1	PSB018	1419	1	anche:	anche	_	_	_	_	_	linguistic	_	yes	_	_	4x1	_	_	_
1419-2	PSB018	1419	2	i	i	_	_	_	_	_	linguistic	_	yes	_	_	_	_	_	_
1419-3	PSB018	1419	3	i	i	_	_	_	_	_	linguistic	_	yes	_	_	_	_	_	_
1419-4	PSB018	1419	4	<tavoli>	tavoli	_	_	_	_	_	linguistic	_	yes	_	_	_	Slow=0-6(0)	_	_
1419-5	PSB018	1419	5	e:	e	_	_	_	_	_	linguistic	_	yes	_	_	0x1	_	_	_
1419-6	PSB018	1419	6	la:	la	_	_	_	_	_	linguistic	_	yes	_	_	1x1	_	_	_
1419-7	PSB018	1419	7	non	non	_	_	_	_	_	linguistic	_	yes	_	_	_	_	_	_
1419-8	PSB018	1419	8	so	so	_	_	_	_	_	linguistic	_	yes	_	_	_	_	_	_
1419-9	PSB018	1419	9	come:	come	_	_	_	_	_	linguistic	_	yes	_	_	3x1	_	_	_
1419-10	PSB018	1419	10	tutta	tutta	_	_	_	_	_	linguistic	_	yes	_	_	_	_	_	_
1419-11	PSB018	1419	11	la	la	_	_	_	_	_	linguistic	_	yes	_	_	_	_	_	_
1419-12	PSB018	1419	12	org~	org~	_	_	_	_	_	linguistic	_	yes	Interrupted=Yes	_	_	_	_	_
1419-13	PSB018	1419	13	#*organizzazia	organizzazia	_	_	_	_	_	linguistic	_	yes	Language=NO_ISO_CODE|Variation=Doubtful	_	_	_	_	_
1419-14	PSB018	1419	14	della	della	_	_	_	_	_	linguistic	_	yes	_	_	_	_	_	_
1419-15	PSB018	1419	15	del	del	_	_	_	_	_	linguistic	_	yes	_	_	_	_	_	_
1419-16	PSB018	1419	16	posto	posto	_	_	_	_	_	linguistic	_	yes	_	_	_	_	_	_
1419-17	PSB018	1419	17	della:	della	_	_	_	_	_	linguistic	_	yes	_	_	4x1	_	_	_
1419-18	PSB018	1419	18	ca~	ca~	_	_	_	_	_	linguistic	_	yes	Interrupted=Yes	_	_	_	_	_
1419-19	PSB018	1419	19	no	no	_	_	_	_	_	linguistic	_	yes	_	_	_	_	_	_
1419-20	PSB018	1419	20	camera	camera	_	_	_	_	_	linguistic	_	yes	_	_	_	_	_	_
1419-21	PSB018	1419	21	ma[:	ma	_	_	_	_	_	linguistic	_	yes	_	_	1x1	_	_	_
1419-22	PSB018	1419	22	stanza	stanza	_	_	_	_	_	linguistic	_	yes	_	_	_	_	_	0-6(471)
1419-23	PSB018	1419	23	del]la	della	_	_	_	_	_	linguistic	_	yes	_	_	_	_	_	0-3(471)
1419-24	PSB018	1419	24	trattoria	trattoria	_	_	_	_	_	linguistic	_	yes	_	_	_	_	_	_
1419-25	PSB018	1419	25	è	è	_	_	_	_	_	linguistic	_	yes	_	_	_	_	_	_
1419-26	PSB018	1419	26	organi~	organi~	_	_	_	_	_	linguistic	_	yes	Interrupted=Yes	_	_	_	_	_
1419-27	PSB018	1419	27	eh	eh	_	_	_	_	_	linguistic	_	yes	_	_	_	_	_	_
1419-28	PSB018	1419	28	organiza	organiza	_	_	_	_	_	linguistic	_	yes	_	End=4572.742	_	_	_	_
1420-0	PSB005	1420	0	[sì	sì	_	_	_	_	_	linguistic	_	none	_	Begin=4567.936	_	_	_	0-2(471)
1420-1	PSB005	1420	1	stanza	stanza	_	_	_	_	_	linguistic	_	none	_	_	_	_	_	0-6(471)
1420-2	PSB005	1420	2	sì	sì	_	_	_	_	_	linguistic	_	none	_	_	_	_	_	0-2(471)
1420-3	PSB005	1420	3	sì	sì	_	_	_	_	_	linguistic	_	none	_	_	_	_	_	0-2(471)
1420-4	PSB005	1420	4	sì]	sì	_	_	_	_	_	linguistic	_	none	_	End=4569.807	_	_	_	0-2(471)
1421-0	PSB018	1421	0	in	in	_	_	_	_	_	linguistic	_	none	_	Begin=4573.645	_	_	_	_
1421-1	PSB018	1421	1	m:h	mh	_	_	_	_	_	linguistic	_	none	_	End=4574.887	0x1	_	_	_
1422-0	PSB018	1422	0	in	in	_	_	_	_	_	linguistic	_	none	_	Begin=4576.613	_	_	_	_
1422-1	PSB018	1422	1	<$tradiz:ia:>	tradizia	_	_	_	_	_	linguistic	_	none	Orthography=Yes|Variation=Emerging	_	5x1,7x1	Slow=0-9(0)	_	_
1422-2	PSB018	1422	2	vecchia[:]	vecchia	_	_	_	_	_	linguistic	_	none	_	_	6x1	_	_	_
1422-3	PSB018	1422	3	come	come	_	_	_	_	_	linguistic	_	none	_	_	_	_	_	_
1422-4	PSB018	1422	4	italia	italia	_	_	_	_	_	linguistic	_	none	_	_	_	_	_	_
1422-5	PSB018	1422	5	del	del	_	_	_	_	_	linguistic	_	none	_	_	_	_	_	_
1422-6	PSB018	1422	6	sud	sud	_	_	_	_	_	linguistic	_	none	_	_	_	_	_	_
1422-7	PSB018	1422	7	di:	di	_	_	_	_	_	linguistic	_	none	_	_	1x1	_	_	_
1422-8	PSB018	1422	8	e:h	eh	_	_	_	_	_	linguistic	_	none	_	_	0x1	_	_	_
1422-9	PSB018	1422	9	xx	xx	_	_	_	_	_	unknown	_	none	Syllables=2	_	_	_	_	_
1422-10	PSB018	1422	10	no	no	_	_	_	_	_	linguistic	_	none	_	_	_	_	_	_
1422-11	PSB018	1422	11	diciannove	diciannove	_	_	_	_	_	linguistic	_	none	_	_	_	_	_	_
1422-12	PSB018	1422	12	f[ors]e	forse	_	_	_	_	_	linguistic	_	none	_	_	_	_	_	1-4(472)
1422-13	PSB018	1422	13	non	non	_	_	_	_	_	linguistic	_	none	_	_	_	_	_	_
1422-14	PSB018	1422	14	[so]	so	_	_	_	_	_	linguistic	_	none	_	End=4589.92	_	_	_	0-2(473)
1423-0	PSB005	1423	0	[mhmh]	mhmh	_	_	_	_	_	linguistic	_	none	_	Begin=4580.016|End=4580.567	_	_	_	0-4(474)
1424-0	PSB005	1424	0	[mhmh]	mhmh	_	_	_	_	_	linguistic	_	none	_	Begin=4588.726|End=4589.166	_	_	_	0-4(472)
1425-0	PSB005	1425	0	[mhmh]	mhmh	_	_	_	_	_	linguistic	_	none	_	Begin=4589.581	_	_	_	0-4(473)
1425-1	PSB005	1425	1	mhmh	mhmh	_	_	_	_	_	linguistic	_	none	_	End=4590.613	_	_	_	_
1426-0	PSB005	1426	0	ah	ah	_	_	_	_	_	linguistic	_	none	_	Begin=4591.049	_	_	_	_
1426-1	PSB005	1426	1	bene	bene	_	_	_	_	_	linguistic	_	none	_	_	_	_	_	_
1426-2	PSB005	1426	2	bene	bene	_	_	_	_	_	linguistic	_	none	_	_	_	_	_	_
1426-3	PSB005	1426	3	sono	sono	_	_	_	_	_	linguistic	_	none	_	_	_	_	_	_
1426-4	PSB005	1426	4	contenta	contenta	_	_	_	_	_	linguistic	_	none	_	_	_	_	_	_
1426-5	PSB005	1426	5	che:	che	_	_	_	_	_	linguistic	_	none	_	_	2x1	_	_	_
1426-6	PSB005	1426	6	che	che	_	_	_	_	_	linguistic	_	none	_	_	_	_	_	_
1426-7	PSB005	1426	7	ti	ti	_	_	_	_	_	linguistic	_	none	_	_	_	_	_	_
1426-8	PSB005	1426	8	piaccia	piaccia	_	_	_	_	_	linguistic	_	none	_	End=4594.494	_	_	_	_
1427-0	PSB005	1427	0	io	io	_	_	_	_	_	linguistic	_	none	_	Begin=4594.866	_	_	_	_
1427-1	PSB005	1427	1	adesso	adesso	_	_	_	_	_	linguistic	_	none	_	_	_	_	_	_
1427-2	PSB005	1427	2	tra	tra	_	_	_	_	_	linguistic	_	none	_	_	_	_	_	_
1427-3	PSB005	1427	3	poco	poco	_	_	_	_	_	linguistic	_	none	_	_	_	_	_	_
1427-4	PSB005	1427	4	ti	ti	_	_	_	_	_	linguistic	_	none	_	_	_	_	_	_
1427-5	PSB005	1427	5	ti	ti	_	_	_	_	_	linguistic	_	none	_	_	_	_	_	_
1427-6	PSB005	1427	6	lascio	lascio	_	_	_	_	_	linguistic	_	none	_	_	_	_	_	_
1427-7	PSB005	1427	7	andare	andare	_	_	_	_	_	linguistic	_	none	_	End=4597.64	_	_	_	_
1428-0	PSB005	1428	0	mh	mh	_	_	_	_	_	linguistic	_	none	_	Begin=4597.93	_	_	_	_
1428-1	PSB005	1428	1	io	io	_	_	_	_	_	linguistic	_	none	_	_	_	_	_	_
1428-2	PSB005	1428	2	non	non	_	_	_	_	_	linguistic	_	none	_	_	_	_	_	_
1428-3	PSB005	1428	3	conosco	conosco	_	_	_	_	_	linguistic	_	none	_	_	_	_	_	_
1428-4	PSB005	1428	4	per	per	_	_	_	_	_	linguistic	_	none	_	_	_	_	_	_
1428-5	PSB005	1428	5	niente	niente	_	_	_	_	_	linguistic	_	none	_	_	_	_	_	_
1428-6	PSB005	1428	6	la	la	_	_	_	_	_	linguistic	_	none	_	_	_	_	_	_
1428-7	PSB005	1428	7	cucina	cucina	_	_	_	_	_	linguistic	_	none	_	_	_	_	_	_
1428-8	PSB005	1428	8	ucraina:	ucraina	_	_	_	_	_	linguistic	_	none	_	_	6x1	_	_	_
1428-9	PSB005	1428	9	e:hm	ehm	_	_	_	_	_	linguistic	_	none	_	_	0x1	_	_	_
1428-10	PSB005	1428	10	però	però	_	_	_	_	_	linguistic	_	none	_	_	_	_	_	_
1428-11	PSB005	1428	11	sono	sono	_	_	_	_	_	linguistic	_	none	_	_	_	_	_	_
1428-12	PSB005	1428	12	stata	stata	_	_	_	_	_	linguistic	_	none	_	_	_	_	_	_
1428-13	PSB005	1428	13	in	in	_	_	_	_	_	linguistic	_	none	_	_	_	_	_	_
1428-14	PSB005	1428	14	polonia	polonia	_	_	_	_	_	linguistic	_	none	_	_	_	_	_	_
1428-15	PSB005	1428	15	perché	perché	_	_	_	_	_	linguistic	_	none	_	_	_	_	_	_
1428-16	PSB005	1428	16	ho	ho	_	_	_	_	_	linguistic	_	none	_	_	_	_	_	_
1428-17	PSB005	1428	17	un'	un'	_	_	_	_	_	linguistic	_	none	SpaceAfter=No	_	_	_	_	_
1428-18	PSB005	1428	18	amica[:]	amica	_	_	_	_	_	linguistic	_	none	_	End=4605.73	4x1	_	_	4-5(475)
1429-0	PSB018	1429	0	[mhmh]	mhmh	_	_	_	_	_	linguistic	_	none	_	Begin=4605.258|End=4605.742	_	_	_	0-4(475)
1430-0	PSB005	1430	0	e	e	_	_	_	_	_	linguistic	_	none	_	Begin=4606.113	_	_	_	_
1430-1	PSB005	1430	1	non	non	_	_	_	_	_	linguistic	_	none	_	_	_	_	_	_
1430-2	PSB005	1430	2	so	so	_	_	_	_	_	linguistic	_	none	_	_	_	_	_	_
1430-3	PSB005	1430	3	se	se	_	_	_	_	_	linguistic	_	none	_	_	_	_	_	_
1430-4	PSB005	1430	4	magari	magari	_	_	_	_	_	linguistic	_	none	_	_	_	_	_	_
1430-5	PSB005	1430	5	ci	ci	_	_	_	_	_	linguistic	_	none	_	_	_	_	_	_
1430-6	PSB005	1430	6	sono	sono	_	_	_	_	_	linguistic	_	none	_	_	_	_	_	_
1430-7	PSB005	1430	7	delle	delle	_	_	_	_	_	linguistic	_	none	_	_	_	_	_	_
1430-8	PSB005	1430	8	cose	cose	_	_	_	_	_	linguistic	_	none	_	_	_	_	_	_
1430-9	PSB005	1430	9	simili	simili	_	_	_	_	_	linguistic	_	none	_	_	_	_	_	_
1430-10	PSB005	1430	10	[perché	perché	_	_	_	_	_	linguistic	_	none	_	_	_	_	_	0-6(476)
1430-11	PSB005	1430	11	è	è	_	_	_	_	_	linguistic	_	none	_	_	_	_	_	0-1(476)
1430-12	PSB005	1430	12	al	al	_	_	_	_	_	linguistic	_	none	_	_	_	_	_	0-2(476)
1430-13	PSB005	1430	13	confine]	confine	_	_	_	_	_	linguistic	_	none	_	_	_	_	_	0-7(476)
1430-14	PSB005	1430	14	ho	ho	_	_	_	_	_	linguistic	_	none	_	_	_	_	_	_
1430-15	PSB005	1430	15	mangiato	mangiato	_	_	_	_	_	linguistic	_	none	_	_	_	_	_	_
1430-16	PSB005	1430	16	soprattutto	soprattutto	_	_	_	_	_	linguistic	_	none	_	_	_	_	_	_
1430-17	PSB005	1430	17	un	un	_	_	_	_	_	linguistic	_	none	_	_	_	_	_	_
1430-18	PSB005	1430	18	tipo	tipo	_	_	_	_	_	linguistic	_	none	_	_	_	_	_	_
1430-19	PSB005	1430	19	di	di	_	_	_	_	_	linguistic	_	none	_	End=4613.145	_	_	_	_
1431-0	PSB018	1431	0	[sì	sì	_	_	_	_	_	linguistic	_	none	_	Begin=4608.5	_	_	_	0-2(476)
1431-1	PSB018	1431	1	ci	ci	_	_	_	_	_	linguistic	_	none	_	_	_	_	_	0-2(476)
1431-2	PSB018	1431	2	sono	sono	_	_	_	_	_	linguistic	_	none	_	_	_	_	_	0-4(476)
1431-3	PSB018	1431	3	ci	ci	_	_	_	_	_	linguistic	_	none	_	_	_	_	_	0-2(476)
1431-4	PSB018	1431	4	sono]	sono	_	_	_	_	_	linguistic	_	none	_	End=4610.468	_	_	_	0-4(476)
1432-0	PSB005	1432	0	delle	delle	_	_	_	_	_	linguistic	_	none	_	Begin=4614.21	_	_	_	_
1432-1	PSB005	1432	1	specie	specie	_	_	_	_	_	linguistic	_	none	_	_	_	_	_	_
1432-2	PSB005	1432	2	di	di	_	_	_	_	_	linguistic	_	none	_	_	_	_	_	_
1432-3	PSB005	1432	3	ravioli	ravioli	_	_	_	_	_	linguistic	_	none	_	End=4615.774	_	_	_	_
1433-0	PSB018	1433	0	pirožk[i]	pirožki	_	_	_	_	_	linguistic	_	all	Language=NO_ISO_CODE|Variation=Token	Begin=4616.016	_	_	_	_
1433-1	PSB018	1433	1	((ride))	((ride))	_	_	_	_	_	linguistic	_	all	Language=NO_ISO_CODE|Variation=Token	End=4618.325	_	_	_	_
1434-0	PSB005	1434	0	[sì]	sì	_	_	_	_	_	linguistic	_	none	_	Begin=4616.662	_	_	_	0-2(477)
1434-1	PSB005	1434	1	esatto	esatto	_	_	_	_	_	linguistic	_	none	_	_	_	_	_	_
1434-2	PSB005	1434	2	sì	sì	_	_	_	_	_	linguistic	_	none	_	_	_	_	_	_
1434-3	PSB005	1434	3	sono	sono	_	_	_	_	_	linguistic	_	none	_	_	_	_	_	_
1434-4	PSB005	1434	4	buoni	buoni	_	_	_	_	_	linguistic	_	none	_	_	_	_	_	_
1434-5	PSB005	1434	5	mi	mi	_	_	_	_	_	linguistic	_	none	_	_	_	_	_	_
1434-6	PSB005	1434	6	piacciono:	piacciono	_	_	_	_	_	linguistic	_	none	_	_	8x1	_	_	_
1434-7	PSB005	1434	7	molto	molto	_	_	_	_	_	linguistic	_	none	_	End=4620.452	_	_	_	_
1435-0	PSB018	1435	0	m:h	mh	_	_	_	_	_	linguistic	_	none	_	Begin=4620.452	0x1	_	_	_
1435-1	PSB018	1435	1	sì	sì	_	_	_	_	_	linguistic	_	none	_	End=4621.629	_	_	_	_
1436-0	PSB018	1436	0	e:	e	_	_	_	_	_	linguistic	_	none	_	Begin=4622.226|End=4622.923	0x1	_	_	_
1437-0	PSB018	1437	0	secondo	secondo	_	_	_	_	_	linguistic	_	none	_	Begin=4623.952	_	_	_	_
1437-1	PSB018	1437	1	me	me	_	_	_	_	_	linguistic	_	none	_	_	_	_	_	_
1437-2	PSB018	1437	2	polonia	polonia	_	_	_	_	_	linguistic	_	none	_	_	_	_	_	_
1437-3	PSB018	1437	3	come	come	_	_	_	_	_	linguistic	_	none	_	_	_	_	_	_
1437-4	PSB018	1437	4	una	una	_	_	_	_	_	linguistic	_	none	_	_	_	_	_	_
1437-5	PSB018	1437	5	paese	paese	_	_	_	_	_	linguistic	_	none	_	_	_	_	_	_
1437-6	PSB018	1437	6	ucraina	ucraina	_	_	_	_	_	linguistic	_	none	_	_	_	_	_	_
1437-7	PSB018	1437	7	come:	come	_	_	_	_	_	linguistic	_	none	_	_	3x1	_	_	_
1437-8	PSB018	1437	8	unica	unica	_	_	_	_	_	linguistic	_	none	_	_	_	_	_	_
1437-9	PSB018	1437	9	paese	paese	_	_	_	_	_	linguistic	_	none	_	_	_	_	_	_
1437-10	PSB018	1437	10	anche	anche	_	_	_	_	_	linguistic	_	none	_	_	_	_	_	_
1437-11	PSB018	1437	11	in	in	_	_	_	_	_	linguistic	_	none	_	_	_	_	_	_
1437-12	PSB018	1437	12	paese	paese	_	_	_	_	_	linguistic	_	none	_	_	_	_	_	_
1437-13	PSB018	1437	13	ucraina	ucraina	_	_	_	_	_	linguistic	_	none	_	_	_	_	_	_
1437-14	PSB018	1437	14	o	o	_	_	_	_	_	linguistic	_	none	_	_	_	_	_	_
1437-15	PSB018	1437	15	polonia	polonia	_	_	_	_	_	linguistic	_	none	_	_	_	_	_	_
1437-16	PSB018	1437	16	i:	i	_	_	_	_	_	linguistic	_	none	_	_	0x1	_	_	_
1437-17	PSB018	1437	17	posti	posti	_	_	_	_	_	linguistic	_	none	_	_	_	_	_	_
1437-18	PSB018	1437	18	diversi	diversi	_	_	_	_	_	linguistic	_	none	_	End=4636.42	_	_	_	_
1438-0	PSB018	1438	0	i:	i	_	_	_	_	_	linguistic	_	none	_	Begin=4637.468	0x1	_	_	_
1438-1	PSB018	1438	1	tipi	tipi	_	_	_	_	_	linguistic	_	none	_	_	_	_	_	_
1438-2	PSB018	1438	2	come	come	_	_	_	_	_	linguistic	_	none	_	_	_	_	_	_
1438-3	PSB018	1438	3	noi	noi	_	_	_	_	_	linguistic	_	none	_	_	_	_	_	_
1438-4	PSB018	1438	4	parliamo	parliamo	_	_	_	_	_	linguistic	_	none	_	_	_	_	_	_
1438-5	PSB018	1438	5	bolognese	bolognese	_	_	_	_	_	linguistic	_	none	_	_	_	_	_	_
1438-6	PSB018	1438	6	o	o	_	_	_	_	_	linguistic	_	none	_	_	_	_	_	_
1438-7	PSB018	1438	7	eh	eh	_	_	_	_	_	linguistic	_	none	_	_	_	_	_	_
1438-8	PSB018	1438	8	l'	l'	_	_	_	_	_	linguistic	_	none	SpaceAfter=No	_	_	_	_	_
1438-9	PSB018	1438	9	altra:	altra	_	_	_	_	_	linguistic	_	none	_	_	4x1	_	_	_
1438-10	PSB018	1438	10	città	città	_	_	_	_	_	linguistic	_	none	_	_	_	_	_	_
1438-11	PSB018	1438	11	°a~	a~	_	_	_	_	_	linguistic	_	none	Interrupted=Yes|Volume=low	_	_	_	_	_
1438-12	PSB018	1438	12	a~	a~	_	_	_	_	_	linguistic	_	none	Interrupted=Yes|Volume=low	_	_	_	_	_
1438-13	PSB018	1438	13	allora	allora	_	_	_	_	_	linguistic	_	none	Volume=low	_	_	_	_	_
1438-14	PSB018	1438	14	non	non	_	_	_	_	_	linguistic	_	none	Volume=low	_	_	_	_	_
1438-15	PSB018	1438	15	mi	mi	_	_	_	_	_	linguistic	_	none	Volume=low	_	_	_	_	_
1438-16	PSB018	1438	16	ricord[o	ricordo	_	_	_	_	_	linguistic	_	none	Volume=low	_	_	_	_	5-7(478)
1438-17	PSB018	1438	17	la]°	la	_	_	_	_	_	linguistic	_	none	Volume=low	End=4645.662	_	_	_	0-2(478)
1439-0	PSB005	1439	0	[vici~	vici~	_	_	_	_	_	linguistic	_	none	Interrupted=Yes	Begin=4645.226	_	_	_	_
1439-1	PSB005	1439	1	c]he	che	_	_	_	_	_	linguistic	_	none	_	_	_	_	_	_
1439-2	PSB005	1439	2	sta	sta	_	_	_	_	_	linguistic	_	none	_	_	_	_	_	_
1439-3	PSB005	1439	3	vicino?	vicino	_	_	_	_	_	linguistic	_	none	Intonation=Rising	_	_	_	_	_
1439-4	PSB005	1439	4	mo~	mo~	_	_	_	_	_	linguistic	_	none	Interrupted=Yes	_	_	_	_	_
1439-5	PSB005	1439	5	è	è	_	_	_	_	_	linguistic	_	none	_	_	_	_	_	_
1439-6	PSB005	1439	6	modena	modena	_	_	_	_	_	linguistic	_	none	_	_	_	_	_	_
1439-7	PSB005	1439	7	sì]	sì	_	_	_	_	_	linguistic	_	none	_	End=4648.032	_	_	_	_
1440-0	PSB018	1440	0	[vicino	vicino	_	_	_	_	_	linguistic	_	none	_	Begin=4646.049	_	_	_	0-6(479)
1440-1	PSB018	1440	1	sì	sì	_	_	_	_	_	linguistic	_	none	_	_	_	_	_	0-2(479)
1440-2	PSB018	1440	2	modena	modena	_	_	_	_	_	linguistic	_	none	_	_	_	_	_	0-6(479)
1440-3	PSB018	1440	3	mod~	mod~	_	_	_	_	_	linguistic	_	none	Interrupted=Yes	_	_	_	_	0-4(479)
1440-4	PSB018	1440	4	mo]dena	modena	_	_	_	_	_	linguistic	_	none	_	_	_	_	_	0-2(479)
1440-5	PSB018	1440	5	e:h	eh	_	_	_	_	_	linguistic	_	none	_	_	0x1	_	_	_
1440-6	PSB018	1440	6	lo	lo	_	_	_	_	_	linguistic	_	none	_	_	_	_	_	_
1440-7	PSB018	1440	7	stesso	stesso	_	_	_	_	_	linguistic	_	none	_	_	_	_	_	_
1440-8	PSB018	1440	8	cibo	cibo	_	_	_	_	_	linguistic	_	none	_	_	_	_	_	_
1440-9	PSB018	1440	9	è:	è	_	_	_	_	_	linguistic	_	none	_	_	0x1	_	_	_
1440-10	PSB018	1440	10	è	è	_	_	_	_	_	linguistic	_	none	_	_	_	_	_	_
1440-11	PSB018	1440	11	è	è	_	_	_	_	_	linguistic	_	none	_	_	_	_	_	_
1440-12	PSB018	1440	12	possibile	possibile	_	_	_	_	_	linguistic	_	none	_	_	_	_	_	_
1440-13	PSB018	1440	13	preparare	preparare	_	_	_	_	_	linguistic	_	none	_	_	_	_	_	_
1440-14	PSB018	1440	14	in:	in	_	_	_	_	_	linguistic	_	none	_	_	1x1	_	_	_
1440-15	PSB018	1440	15	modi:	modi	_	_	_	_	_	linguistic	_	none	_	_	3x1	_	_	_
1440-16	PSB018	1440	16	un	un	_	_	_	_	_	linguistic	_	none	_	_	_	_	_	_
1440-17	PSB018	1440	17	po'	po'	_	_	_	_	_	linguistic	_	none	_	_	_	_	_	_
1440-18	PSB018	1440	18	dive[rsi]	diversi	_	_	_	_	_	linguistic	_	none	_	End=4656.29	_	_	_	4-7(480)
1441-0	PSB005	1441	0	[mhmh]	mhmh	_	_	_	_	_	linguistic	_	none	_	Begin=4655.855|End=4656.291	_	_	_	0-4(480)
1442-0	PSB018	1442	0	anche	anche	_	_	_	_	_	linguistic	_	yes	_	Begin=4656.52	_	_	_	_
1442-1	PSB018	1442	1	questi	questi	_	_	_	_	_	linguistic	_	yes	_	_	_	_	_	_
1442-2	PSB018	1442	2	#pirožk[i]	pirožki	_	_	_	_	_	linguistic	_	yes	Language=NO_ISO_CODE|Variation=Token	_	_	_	_	7-8(481)
1442-3	PSB018	1442	3	è	è	_	_	_	_	_	linguistic	_	yes	_	_	_	_	_	_
1442-4	PSB018	1442	4	la	la	_	_	_	_	_	linguistic	_	yes	_	_	_	_	_	_
1442-5	PSB018	1442	5	forma	forma	_	_	_	_	_	linguistic	_	yes	_	End=4660.81	_	_	_	_
1443-0	PSB005	1443	0	[mhmh]	mhmh	_	_	_	_	_	linguistic	_	none	_	Begin=4658.436|End=4658.993	_	_	_	0-4(481)
1444-0	PSB018	1444	0	e:h	eh	_	_	_	_	_	linguistic	_	yes	_	Begin=4661.258	0x1	_	_	_
1444-1	PSB018	1444	1	la	la	_	_	_	_	_	linguistic	_	yes	_	_	_	_	_	_
1444-2	PSB018	1444	2	pasta	pasta	_	_	_	_	_	linguistic	_	yes	PauseAfter=Yes	_	_	_	_	_
1444-3	PSB018	1444	3	(.)	(.)	_	_	_	_	_	shortpause	_	yes	_	_	_	_	_	_
1444-4	PSB018	1444	4	e:hm	ehm	_	_	_	_	_	linguistic	_	yes	_	_	0x1	_	_	_
1444-5	PSB018	1444	5	#filling	filling	_	_	_	_	_	linguistic	_	yes	Language=NO_ISO_CODE|Variation=Token	End=4665.403	_	_	_	_
1446-0	PSB005	1446	0	sì	sì	_	_	_	_	_	linguistic	_	none	_	Begin=4665.694	_	_	_	_
1446-1	PSB005	1446	1	ripieno	ripieno	_	_	_	_	_	linguistic	_	none	_	_	_	_	_	_
1446-2	PSB005	1446	2	s[ì]	sì	_	_	_	_	_	linguistic	_	none	_	End=4666.936	_	_	_	1-2(482)
1447-0	PSB018	1447	0	[ri]pieno	ripieno	_	_	_	_	_	linguistic	_	none	_	Begin=4666.774|End=4667.791	_	_	_	0-2(482)
1448-0	PSB018	1448	0	tutto	tutto	_	_	_	_	_	linguistic	_	none	_	Begin=4668.887	_	_	_	_
1448-1	PSB018	1448	1	è	è	_	_	_	_	_	linguistic	_	none	_	_	_	_	_	_
1448-2	PSB018	1448	2	simile,	simile	_	_	_	_	_	linguistic	_	none	Intonation=WeaklyRising	End=4671.355	_	_	_	_
1449-0	PSB018	1449	0	ma	ma	_	_	_	_	_	linguistic	_	none	_	Begin=4671.952	_	_	_	_
1449-1	PSB018	1449	1	è	è	_	_	_	_	_	linguistic	_	none	_	_	_	_	_	_
1449-2	PSB018	1449	2	possibile	possibile	_	_	_	_	_	linguistic	_	none	_	End=4673.742	_	_	_	_
1450-0	PSB018	1450	0	divers:o	diverso	_	_	_	_	_	linguistic	_	none	_	Begin=4675.436	5x1	_	_	_
1450-1	PSB018	1450	1	un	un	_	_	_	_	_	linguistic	_	none	_	_	_	_	_	_
1450-2	PSB018	1450	2	po'	po'	_	_	_	_	_	linguistic	_	none	_	End=4677.645	_	_	_	_
1451-0	PSB005	1451	0	[sì]	sì	_	_	_	_	_	linguistic	_	none	_	Begin=4677.291	_	_	_	0-2(483)
1451-1	PSB005	1451	1	sì	sì	_	_	_	_	_	linguistic	_	none	_	_	_	_	_	_
1451-2	PSB005	1451	2	sì	sì	_	_	_	_	_	linguistic	_	none	_	_	_	_	_	_
1451-3	PSB005	1451	3	sì	sì	_	_	_	_	_	linguistic	_	none	_	End=4678.371	_	_	_	_
1452-0	PSB018	1452	0	qualche	qualche	_	_	_	_	_	linguistic	_	none	_	Begin=4678.371	_	_	_	_
1452-1	PSB018	1452	1	$ingrediento	ingrediento	_	_	_	_	_	linguistic	_	none	Orthography=Yes|Variation=Emerging	_	_	_	_	_
1452-2	PSB018	1452	2	per	per	_	_	_	_	_	linguistic	_	none	_	_	_	_	_	_
1452-3	PSB018	1452	3	la	la	_	_	_	_	_	linguistic	_	none	_	_	_	_	_	_
1452-4	PSB018	1452	4	pas[ta]	pasta	_	_	_	_	_	linguistic	_	none	_	End=4680.92	_	_	_	3-5(484)
1453-0	PSB005	1453	0	[mh]mh	mhmh	_	_	_	_	_	linguistic	_	none	_	Begin=4680.726	_	_	_	0-2(484)
1453-1	PSB005	1453	1	certo	certo	_	_	_	_	_	linguistic	_	none	_	End=4681.597	_	_	_	_
1454-0	PSB018	1454	0	qualche	qualche	_	_	_	_	_	linguistic	_	none	_	Begin=4681.597	_	_	_	_
1454-1	PSB018	1454	1	tipo	tipo	_	_	_	_	_	linguistic	_	none	_	_	_	_	_	_
1454-2	PSB018	1454	2	come	come	_	_	_	_	_	linguistic	_	none	_	_	_	_	_	_
1454-3	PSB018	1454	3	<fritte>	fritte	_	_	_	_	_	linguistic	_	none	_	_	_	Slow=0-6(0)	_	_
1454-4	PSB018	1454	4	o	o	_	_	_	_	_	linguistic	_	none	_	_	_	_	_	_
1454-5	PSB018	1454	5	al	al	_	_	_	_	_	linguistic	_	none	_	_	_	_	_	_
1454-6	PSB018	1454	6	forno	forno	_	_	_	_	_	linguistic	_	none	_	_	_	_	_	_
1454-7	PSB018	1454	7	o	o	_	_	_	_	_	linguistic	_	none	_	_	_	_	_	_
1454-8	PSB018	1454	8	un	un	_	_	_	_	_	linguistic	_	none	_	_	_	_	_	_
1454-9	PSB018	1454	9	altro	altro	_	_	_	_	_	linguistic	_	none	_	_	_	_	_	_
1454-10	PSB018	1454	10	modo	modo	_	_	_	_	_	linguistic	_	none	_	End=4688.855	_	_	_	_
1455-0	PSB018	1455	0	e:h	eh	_	_	_	_	_	linguistic	_	yes	_	Begin=4689.226	0x1	_	_	_
1455-1	PSB018	1455	1	ma	ma	_	_	_	_	_	linguistic	_	yes	_	_	_	_	_	_
1455-2	PSB018	1455	2	#_pirožki	_pirožki	_	_	_	_	_	warning	_	yes	Language=NO_ISO_CODE|Variation=Token	_	_	_	_	_
1455-3	PSB018	1455	3	è	è	_	_	_	_	_	linguistic	_	yes	_	_	_	_	_	_
1455-4	PSB018	1455	4	un	un	_	_	_	_	_	linguistic	_	yes	_	_	_	_	_	_
1455-5	PSB018	1455	5	gra:nde:	grande	_	_	_	_	_	linguistic	_	yes	_	_	2x1,5x1	_	_	_
1455-6	PSB018	1455	6	tipo	tipo	_	_	_	_	_	linguistic	_	yes	_	_	_	_	_	_
1455-7	PSB018	1455	7	come	come	_	_	_	_	_	linguistic	_	yes	_	_	_	_	_	_
1455-8	PSB018	1455	8	pasta	pasta	_	_	_	_	_	linguistic	_	yes	_	_	_	_	_	_
1455-9	PSB018	1455	9	per	per	_	_	_	_	_	linguistic	_	yes	_	_	_	_	_	_
1455-10	PSB018	1455	10	itali[ani]	italiani	_	_	_	_	_	linguistic	_	yes	_	_	_	_	_	5-8(485)
1455-11	PSB018	1455	11	di	di	_	_	_	_	_	linguistic	_	yes	_	_	_	_	_	_
1455-12	PSB018	1455	12	i	i	_	_	_	_	_	linguistic	_	yes	_	_	_	_	_	_
1455-13	PSB018	1455	13	tipi	tipi	_	_	_	_	_	linguistic	_	yes	_	_	_	_	_	_
1455-14	PSB018	1455	14	diversi	diversi	_	_	_	_	_	linguistic	_	yes	_	_	_	_	_	_
1455-15	PSB018	1455	15	con	con	_	_	_	_	_	linguistic	_	yes	_	_	_	_	_	_
1455-16	PSB018	1455	16	la	la	_	_	_	_	_	linguistic	_	yes	_	_	_	_	_	_
1455-17	PSB018	1455	17	salsa	salsa	_	_	_	_	_	linguistic	_	yes	_	_	_	_	_	_
1455-18	PSB018	1455	18	diversa	diversa	_	_	_	_	_	linguistic	_	yes	_	_	_	_	_	_
1455-19	PSB018	1455	19	i:	i	_	_	_	_	_	linguistic	_	yes	_	_	0x1	_	_	_
1455-20	PSB018	1455	20	for[ma:]	forma	_	_	_	_	_	linguistic	_	yes	_	_	4x1	_	_	3-5(486)
1455-21	PSB018	1455	21	e:	e	_	_	_	_	_	linguistic	_	yes	_	End=4703.887	0x1	_	_	_
1456-0	PSB005	1456	0	[mhmh	mhmh	_	_	_	_	_	linguistic	_	none	_	Begin=4696.436	_	_	_	0-4(485)
1456-1	PSB005	1456	1	sì]	sì	_	_	_	_	_	linguistic	_	none	_	End=4697.319	_	_	_	0-2(485)
1457-0	PSB005	1457	0	[mhmh]	mhmh	_	_	_	_	_	linguistic	_	none	_	Begin=4702.468|End=4703.022	_	_	_	0-4(486)
1458-0	PSB018	1458	0	come	come	_	_	_	_	_	linguistic	_	none	_	Begin=4704.403	_	_	_	_
1458-1	PSB018	1458	1	preparare	preparare	_	_	_	_	_	linguistic	_	none	_	_	_	_	_	_
1458-2	PSB018	1458	2	allora	allora	_	_	_	_	_	linguistic	_	none	_	End=4705.885	_	_	_	_
1459-0	PSB018	1459	0	forse	forse	_	_	_	_	_	linguistic	_	yes	_	Begin=4706.565	_	_	_	_
1459-1	PSB018	1459	1	no	no	_	_	_	_	_	linguistic	_	yes	_	_	_	_	_	_
1459-2	PSB018	1459	2	g~	g~	_	_	_	_	_	linguistic	_	yes	Interrupted=Yes	_	_	_	_	_
1459-3	PSB018	1459	3	grande	grande	_	_	_	_	_	linguistic	_	yes	_	_	_	_	_	_
1459-4	PSB018	1459	4	così	così	_	_	_	_	_	linguistic	_	yes	_	_	_	_	_	_
1459-5	PSB018	1459	5	ma	ma	_	_	_	_	_	linguistic	_	yes	_	_	_	_	_	_
1459-6	PSB018	1459	6	come	come	_	_	_	_	_	linguistic	_	yes	_	_	_	_	_	_
1459-7	PSB018	1459	7	un	un	_	_	_	_	_	linguistic	_	yes	_	_	_	_	_	_
1459-8	PSB018	1459	8	immagino	immagino	_	_	_	_	_	linguistic	_	yes	_	_	_	_	_	_
1459-9	PSB018	1459	9	per	per	_	_	_	_	_	linguistic	_	yes	_	_	_	_	_	_
1459-10	PSB018	1459	10	t[e	te	_	_	_	_	_	linguistic	_	yes	_	_	_	_	_	1-2(487)
1459-11	PSB018	1459	11	è]	è	_	_	_	_	_	linguistic	_	yes	_	_	_	_	_	0-1(487)
1459-12	PSB018	1459	12	quello	quello	_	_	_	_	_	linguistic	_	yes	_	_	_	_	_	_
1459-13	PSB018	1459	13	con	con	_	_	_	_	_	linguistic	_	yes	_	_	_	_	_	_
1459-14	PSB018	1459	14	#pirožki	pirožki	_	_	_	_	_	linguistic	_	yes	Language=NO_ISO_CODE|Variation=Token	End=4714.355	_	_	_	_
1460-0	PSB005	1460	0	[mhmh]	mhmh	_	_	_	_	_	linguistic	_	none	_	Begin=4712.129|End=4712.725	_	_	_	0-4(487)
1461-0	PSB005	1461	0	sì	sì	_	_	_	_	_	linguistic	_	none	_	Begin=4714.339	_	_	_	_
1461-1	PSB005	1461	1	sì	sì	_	_	_	_	_	linguistic	_	none	_	End=4714.936	_	_	_	_
1462-0	PSB018	1462	0	è:	è	_	_	_	_	_	linguistic	_	none	_	Begin=4714.936	0x1	_	_	_
1462-1	PSB018	1462	1	uh	uh	_	_	_	_	_	linguistic	_	none	_	_	_	_	_	_
1462-2	PSB018	1462	2	piccoli	piccoli	_	_	_	_	_	linguistic	_	none	_	End=4717.162	_	_	_	_
1463-0	PSB005	1463	0	sì	sì	_	_	_	_	_	linguistic	_	none	_	Begin=4717.178|End=4717.629	_	_	_	_
1464-0	PSB018	1464	0	e:h	eh	_	_	_	_	_	linguistic	_	none	_	Begin=4717.71	0x1	_	_	_
1464-1	PSB018	1464	1	più	più	_	_	_	_	_	linguistic	_	none	_	_	_	_	_	_
1464-2	PSB018	1464	2	grande	grande	_	_	_	_	_	linguistic	_	none	_	_	_	_	_	_
1464-3	PSB018	1464	3	o	o	_	_	_	_	_	linguistic	_	none	_	_	_	_	_	_
1464-4	PSB018	1464	4	anche	anche	_	_	_	_	_	linguistic	_	none	_	_	_	_	_	_
1464-5	PSB018	1464	5	un	un	_	_	_	_	_	linguistic	_	none	_	_	_	_	_	_
1464-6	PSB018	1464	6	grande	grande	_	_	_	_	_	linguistic	_	none	_	_	_	_	_	_
1464-7	PSB018	1464	7	<pezz:o>	pezzo	_	_	_	_	_	linguistic	_	none	_	_	3x1	Slow=0-5(0)	_	_
1464-8	PSB018	1464	8	e	e	_	_	_	_	_	linguistic	_	none	_	_	_	_	_	_
1464-9	PSB018	1464	9	tu	tu	_	_	_	_	_	linguistic	_	none	_	_	_	_	_	_
1464-10	PSB018	1464	10	d[evi]:	devi	_	_	_	_	_	linguistic	_	none	_	_	3x1	_	_	1-4(489)
1464-11	PSB018	1464	11	e:h	eh	_	_	_	_	_	linguistic	_	none	_	_	0x1	_	_	_
1464-12	PSB018	1464	12	tagliare	tagliare	_	_	_	_	_	linguistic	_	none	_	_	_	_	_	_
1464-13	PSB018	1464	13	[quando]	quando	_	_	_	_	_	linguistic	_	none	_	_	_	_	_	0-6(490)
1464-14	PSB018	1464	14	è	è	_	_	_	_	_	linguistic	_	none	_	_	_	_	_	_
1464-15	PSB018	1464	15	pro[nto]	pronto	_	_	_	_	_	linguistic	_	none	_	End=4727.7	_	_	_	3-6(491)
1465-0	PSB005	1465	0	[okay]	okay	_	_	_	_	_	linguistic	_	none	_	Begin=4724.097|End=4724.768	_	_	_	0-4(489)
1466-0	PSB005	1466	0	[mhmh]	mhmh	_	_	_	_	_	linguistic	_	none	_	Begin=4726.032|End=4726.532	_	_	_	0-4(490)
1467-0	PSB005	1467	0	[mhmh]	mhmh	_	_	_	_	_	linguistic	_	none	_	Begin=4727.178|End=4727.689	_	_	_	0-4(491)
1468-0	PSB018	1468	0	e:hm	ehm	_	_	_	_	_	linguistic	_	none	_	Begin=4728.452	0x1	_	_	_
1468-1	PSB018	1468	1	la	la	_	_	_	_	_	linguistic	_	none	_	_	_	_	_	_
1468-2	PSB018	1468	2	forma	forma	_	_	_	_	_	linguistic	_	none	_	_	_	_	_	_
1468-3	PSB018	1468	3	è	è	_	_	_	_	_	linguistic	_	none	_	_	_	_	_	_
1468-4	PSB018	1468	4	lunga	lunga	_	_	_	_	_	linguistic	_	none	_	_	_	_	_	_
1468-5	PSB018	1468	5	come	come	_	_	_	_	_	linguistic	_	none	_	_	_	_	_	_
1468-6	PSB018	1468	6	un	un	_	_	_	_	_	linguistic	_	none	_	_	_	_	_	_
1468-7	PSB018	1468	7	chiocciola	chiocciola	_	_	_	_	_	linguistic	_	none	_	_	_	_	_	_
1468-8	PSB018	1468	8	e:	e	_	_	_	_	_	linguistic	_	none	_	End=4734.645	0x1	_	_	_
1469-0	PSB018	1469	0	e	e	_	_	_	_	_	linguistic	_	none	_	Begin=4735.678	_	_	_	_
1469-1	PSB018	1469	1	sì	sì	_	_	_	_	_	linguistic	_	none	_	_	_	_	_	_
1469-2	PSB018	1469	2	sì	sì	_	_	_	_	_	linguistic	_	none	_	_	_	_	_	_
1469-3	PSB018	1469	3	[e:]	e	_	_	_	_	_	linguistic	_	none	_	End=4737.194	0x1	_	_	0-1(492)
1470-0	PSB005	1470	0	[mhmh]	mhmh	_	_	_	_	_	linguistic	_	none	_	Begin=4736.5|End=4737.065	_	_	_	0-4(492)
1471-0	PSB005	1471	0	comunque	comunque	_	_	_	_	_	linguistic	_	none	_	Begin=4737.71	_	_	_	_
1471-1	PSB005	1471	1	mi	mi	_	_	_	_	_	linguistic	_	none	_	_	_	_	_	_
1471-2	PSB005	1471	2	son	son	_	_	_	_	_	linguistic	_	none	_	_	_	_	_	_
1471-3	PSB005	1471	3	piaciu~	piaciu~	_	_	_	_	_	linguistic	_	none	Interrupted=Yes	_	_	_	_	_
1471-4	PSB005	1471	4	so~	so~	_	_	_	_	_	linguistic	_	none	Interrupted=Yes	_	_	_	_	_
1471-5	PSB005	1471	5	erano	erano	_	_	_	_	_	linguistic	_	none	_	_	_	_	_	_
1471-6	PSB005	1471	6	buoni	buoni	_	_	_	_	_	linguistic	_	none	_	_	_	_	_	_
1471-7	PSB005	1471	7	[eh	eh	_	_	_	_	_	linguistic	_	none	_	_	_	_	_	0-2(493)
1471-8	PSB005	1471	8	sì]	sì	_	_	_	_	_	linguistic	_	none	_	End=4740.42	_	_	_	0-2(493)
1472-0	PSB018	1472	0	[e:	e	_	_	_	_	_	linguistic	_	none	_	Begin=4739.694	0x1	_	_	0-1(493)
1472-1	PSB018	1472	1	an]che	anche	_	_	_	_	_	linguistic	_	none	_	_	_	_	_	0-2(493)
1472-2	PSB018	1472	2	insalata	insalata	_	_	_	_	_	linguistic	_	none	_	_	_	_	_	_
1472-3	PSB018	1472	3	rus[sa	russa	_	_	_	_	_	linguistic	_	none	_	_	_	_	_	3-5(494)
1472-4	PSB018	1472	4	ma]	ma	_	_	_	_	_	linguistic	_	none	_	_	_	_	_	0-2(494)
1472-5	PSB018	1472	5	questo	questo	_	_	_	_	_	linguistic	_	none	_	_	_	_	_	_
1472-6	PSB018	1472	6	è	è	_	_	_	_	_	linguistic	_	none	_	_	_	_	_	_
1472-7	PSB018	1472	7	no	no	_	_	_	_	_	linguistic	_	none	_	_	_	_	_	_
1472-8	PSB018	1472	8	tradizionale	tradizionale	_	_	_	_	_	linguistic	_	none	_	_	_	_	_	_
1472-9	PSB018	1472	9	no	no	_	_	_	_	_	linguistic	_	none	_	_	_	_	_	_
1472-10	PSB018	1472	10	per	per	_	_	_	_	_	linguistic	_	none	_	_	_	_	_	_
1472-11	PSB018	1472	11	russia	russia	_	_	_	_	_	linguistic	_	none	_	_	_	_	_	_
1472-12	PSB018	1472	12	per	per	_	_	_	_	_	linguistic	_	none	_	_	_	_	_	_
1472-13	PSB018	1472	13	ucraina	ucraina	_	_	_	_	_	linguistic	_	none	_	_	_	_	_	_
1472-14	PSB018	1472	14	e:ra	era	_	_	_	_	_	linguistic	_	none	_	_	0x1	_	_	_
1472-15	PSB018	1472	15	eh	eh	_	_	_	_	_	linguistic	_	none	_	_	_	_	_	_
1472-16	PSB018	1472	16	quel	quel	_	_	_	_	_	linguistic	_	none	_	_	_	_	_	_
1472-17	PSB018	1472	17	tipo	tipo	_	_	_	_	_	linguistic	_	none	_	_	_	_	_	_
1472-18	PSB018	1472	18	di	di	_	_	_	_	_	linguistic	_	none	_	_	_	_	_	_
1472-19	PSB018	1472	19	della	della	_	_	_	_	_	linguistic	_	none	_	_	_	_	_	_
1472-20	PSB018	1472	20	sala[ta	salata	_	_	_	_	_	linguistic	_	none	_	_	_	_	_	4-6(495)
1472-21	PSB018	1472	21	era]	era	_	_	_	_	_	linguistic	_	none	_	_	_	_	_	0-3(495)
1472-22	PSB018	1472	22	<inventato[:>	inventato	_	_	_	_	_	linguistic	_	none	_	_	8x1	Slow=0-9(0)	_	_
1472-23	PSB018	1472	23	e:]h	eh	_	_	_	_	_	linguistic	_	none	_	_	0x1	_	_	0-1(496)
1472-24	PSB018	1472	24	in:	in	_	_	_	_	_	linguistic	_	none	_	_	1x1	_	_	_
1472-25	PSB018	1472	25	s~	s~	_	_	_	_	_	linguistic	_	none	Interrupted=Yes	_	_	_	_	_
1472-26	PSB018	1472	26	periodo	periodo	_	_	_	_	_	linguistic	_	none	_	_	_	_	_	_
1472-27	PSB018	1472	27	sovietic[o]	sovietico	_	_	_	_	_	linguistic	_	none	_	End=4754.791	_	_	_	8-9(497)
1473-0	PSB005	1473	0	[EH	eh	_	_	_	_	_	linguistic	_	none	Volume=high	Begin=4741.855	_	_	_	0-2(494)
1473-1	PSB005	1473	1	SI']	si'	_	_	_	_	_	linguistic	_	none	Truncated=Yes|Volume=high	End=4742.646	_	_	_	0-3(494)
1474-0	PSB005	1474	0	[mhmh]	mhmh	_	_	_	_	_	linguistic	_	none	_	Begin=4748.871|End=4749.48	_	_	_	0-4(495)
1475-0	PSB005	1475	0	[sì]	sì	_	_	_	_	_	linguistic	_	none	_	Begin=4752.113|End=4752.656	_	_	_	0-2(496)
1476-0	PSB005	1476	0	[o]kay	okay	_	_	_	_	_	linguistic	_	none	_	Begin=4754.694	_	_	_	0-1(497)
1476-1	PSB005	1476	1	ah	ah	_	_	_	_	_	linguistic	_	none	_	_	_	_	_	_
1476-2	PSB005	1476	2	[okay]	okay	_	_	_	_	_	linguistic	_	none	_	End=4755.903	_	_	_	0-4(498)
1477-0	PSB018	1477	0	[e	e	_	_	_	_	_	linguistic	_	none	_	Begin=4755.532	_	_	_	0-1(498)
1477-1	PSB018	1477	1	qualco]sa	qualcosa	_	_	_	_	_	linguistic	_	none	_	_	_	_	_	0-6(498)
1477-2	PSB018	1477	2	sì	sì	_	_	_	_	_	linguistic	_	none	_	_	_	_	_	_
1477-3	PSB018	1477	3	nuovo	nuovo	_	_	_	_	_	linguistic	_	none	_	_	_	_	_	_
1477-4	PSB018	1477	4	e	e	_	_	_	_	_	linguistic	_	none	_	_	_	_	_	_
1477-5	PSB018	1477	5	qualcosa:	qualcosa	_	_	_	_	_	linguistic	_	none	_	_	7x1	_	_	_
1477-6	PSB018	1477	6	come	come	_	_	_	_	_	linguistic	_	none	_	_	_	_	_	_
1477-7	PSB018	1477	7	lo	lo	_	_	_	_	_	linguistic	_	none	_	_	_	_	_	_
1477-8	PSB018	1477	8	so	so	_	_	_	_	_	linguistic	_	none	_	_	_	_	_	_
1477-9	PSB018	1477	9	come	come	_	_	_	_	_	linguistic	_	none	_	_	_	_	_	_
1477-10	PSB018	1477	10	pizza	pizza	_	_	_	_	_	linguistic	_	none	_	_	_	_	_	_
1477-11	PSB018	1477	11	quando	quando	_	_	_	_	_	linguistic	_	none	_	_	_	_	_	_
1477-12	PSB018	1477	12	tu	tu	_	_	_	_	_	linguistic	_	none	_	_	_	_	_	_
1477-13	PSB018	1477	13	hai	hai	_	_	_	_	_	linguistic	_	none	_	_	_	_	_	_
1477-14	PSB018	1477	14	i	i	_	_	_	_	_	linguistic	_	none	_	_	_	_	_	_
1477-15	PSB018	1477	15	prodotti	prodotti	_	_	_	_	_	linguistic	_	none	_	_	_	_	_	_
1477-16	PSB018	1477	16	diversi	diversi	_	_	_	_	_	linguistic	_	none	_	_	_	_	_	_
1477-17	PSB018	1477	17	[e	e	_	_	_	_	_	linguistic	_	none	_	_	_	_	_	0-1(500)
1477-18	PSB018	1477	18	devo	devo	_	_	_	_	_	linguistic	_	none	_	_	_	_	_	0-4(500)
1477-19	PSB018	1477	19	ess]ere	essere	_	_	_	_	_	linguistic	_	none	_	_	_	_	_	0-3(500)
1477-20	PSB018	1477	20	cucinare	cucinare	_	_	_	_	_	linguistic	_	none	_	_	_	_	_	_
1477-21	PSB018	1477	21	qualcos[a	qualcosa	_	_	_	_	_	linguistic	_	none	_	_	_	_	_	7-8(501)
1477-22	PSB018	1477	22	metti]ti:	mettiti	_	_	_	_	_	linguistic	_	none	_	_	6x1	_	_	0-5(501)
1477-23	PSB018	1477	23	[tutto	tutto	_	_	_	_	_	linguistic	_	none	_	_	_	_	_	0-5(499)
1477-24	PSB018	1477	24	insieme	insieme	_	_	_	_	_	linguistic	_	none	_	_	_	_	_	0-7(499)
1477-25	PSB018	1477	25	e	e	_	_	_	_	_	linguistic	_	none	_	_	_	_	_	0-1(499)
1477-26	PSB018	1477	26	p]er	per	_	_	_	_	_	linguistic	_	none	_	_	_	_	_	0-1(499)
1477-27	PSB018	1477	27	il	il	_	_	_	_	_	linguistic	_	none	_	_	_	_	_	_
1477-28	PSB018	1477	28	gusto	gusto	_	_	_	_	_	linguistic	_	none	_	_	_	_	_	_
1477-29	PSB018	1477	29	e:hm	ehm	_	_	_	_	_	linguistic	_	none	_	End=4772.726	0x1	_	_	_
1478-0	PSB005	1478	0	[ah	ah	_	_	_	_	_	linguistic	_	none	_	Begin=4763.968	_	_	_	0-2(500)
1478-1	PSB005	1478	1	sì]	sì	_	_	_	_	_	linguistic	_	none	_	End=4764.685	_	_	_	0-2(500)
1479-0	PSB005	1479	0	[sì	sì	_	_	_	_	_	linguistic	_	none	_	Begin=4766.565	_	_	_	0-2(501)
1479-1	PSB005	1479	1	sì]	sì	_	_	_	_	_	linguistic	_	none	_	End=4767.234	_	_	_	0-2(501)
1480-0	PSB005	1480	0	[sì	sì	_	_	_	_	_	linguistic	_	none	_	Begin=4768.032	_	_	_	0-2(499)
1480-1	PSB005	1480	1	sì	sì	_	_	_	_	_	linguistic	_	none	_	_	_	_	_	0-2(499)
1480-2	PSB005	1480	2	sì	sì	_	_	_	_	_	linguistic	_	none	_	_	_	_	_	0-2(499)
1480-3	PSB005	1480	3	ho	ho	_	_	_	_	_	linguistic	_	none	_	_	_	_	_	0-2(499)
1480-4	PSB005	1480	4	capito	capito	_	_	_	_	_	linguistic	_	none	_	_	_	_	_	0-6(499)
1480-5	PSB005	1480	5	sì]	sì	_	_	_	_	_	linguistic	_	none	_	End=4769.814	_	_	_	0-2(499)
1481-0	PSB018	1481	0	ed	ed	_	_	_	_	_	linguistic	_	none	_	Begin=4774.758|End=4775.468	_	_	_	_
1482-0	PSB005	1482	0	[maionese	maionese	_	_	_	_	_	linguistic	_	none	_	Begin=4776.178	_	_	_	0-8(502)
1482-1	PSB005	1482	1	certo	certo	_	_	_	_	_	linguistic	_	none	_	_	_	_	_	0-5(502)
1482-2	PSB005	1482	2	sì	sì	_	_	_	_	_	linguistic	_	none	_	_	_	_	_	0-2(502)
1482-3	PSB005	1482	3	sì]	sì	_	_	_	_	_	linguistic	_	none	_	_	_	_	_	0-2(502)
1482-4	PSB005	1482	4	((ride))	((ride))	_	_	_	_	_	nonverbalbehavior	_	none	_	_	_	_	_	_
1482-5	PSB005	1482	5	no	no	_	_	_	_	_	linguistic	_	none	_	_	_	_	_	_
1482-6	PSB005	1482	6	però	però	_	_	_	_	_	linguistic	_	none	_	_	_	_	_	_
1482-7	PSB005	1482	7	a	a	_	_	_	_	_	linguistic	_	none	_	_	_	_	_	_
1482-8	PSB005	1482	8	a	a	_	_	_	_	_	linguistic	_	none	_	_	_	_	_	_
1482-9	PSB005	1482	9	me	me	_	_	_	_	_	linguistic	_	none	_	_	_	_	_	_
1482-10	PSB005	1482	10	piace	piace	_	_	_	_	_	linguistic	_	none	_	_	_	_	_	_
1482-11	PSB005	1482	11	anche:	anche	_	_	_	_	_	linguistic	_	none	_	_	4x1	_	_	_
1482-12	PSB005	1482	12	[piace	piace	_	_	_	_	_	linguistic	_	none	_	_	_	_	_	0-5(503)
1482-13	PSB005	1482	13	anche	anche	_	_	_	_	_	linguistic	_	none	_	_	_	_	_	0-5(503)
1482-14	PSB005	1482	14	l'	l'	_	_	_	_	_	linguistic	_	none	SpaceAfter=No	_	_	_	_	0-2(503)
1482-15	PSB005	1482	15	insalata	insalata	_	_	_	_	_	linguistic	_	none	_	_	_	_	_	0-8(503)
1482-16	PSB005	1482	16	russa]	russa	_	_	_	_	_	linguistic	_	none	_	End=4783.46	_	_	_	0-5(503)
1483-0	PSB018	1483	0	[maiali~	maiali~	_	_	_	_	_	linguistic	_	none	Interrupted=Yes	Begin=4776.178	_	_	_	0-7(502)
1483-1	PSB018	1483	1	maionese	maionese	_	_	_	_	_	linguistic	_	none	_	_	_	_	_	0-8(502)
1483-2	PSB018	1483	2	((ride))	((ride))	_	_	_	_	_	nonverbalbehavior	_	none	_	_	_	_	_	X(502)
1483-3	PSB018	1483	3	basta]	basta	_	_	_	_	_	linguistic	_	none	_	End=4779.113	_	_	_	0-5(502)
1484-0	PSB018	1484	0	[l'	l'	_	_	_	_	_	linguistic	_	yes	SpaceAfter=No	Begin=4781.436	_	_	_	0-2(503)
1484-1	PSB018	1484	1	unica	unica	_	_	_	_	_	linguistic	_	yes	_	_	_	_	_	0-5(503)
1484-2	PSB018	1484	2	cosa	cosa	_	_	_	_	_	linguistic	_	yes	_	_	_	_	_	0-4(503)
1484-3	PSB018	1484	3	eh	eh	_	_	_	_	_	linguistic	_	yes	_	_	_	_	_	0-2(503)
1484-4	PSB018	1484	4	in	in	_	_	_	_	_	linguistic	_	yes	_	_	_	_	_	0-2(503)
1484-5	PSB018	1484	5	bologna]	bologna	_	_	_	_	_	linguistic	_	yes	_	_	_	_	_	0-7(503)
1484-6	PSB018	1484	6	e	e	_	_	_	_	_	linguistic	_	yes	_	_	_	_	_	_
1484-7	PSB018	1484	7	in	in	_	_	_	_	_	linguistic	_	yes	_	_	_	_	_	_
1484-8	PSB018	1484	8	itali~	itali~	_	_	_	_	_	linguistic	_	yes	Interrupted=Yes	_	_	_	_	_
1484-9	PSB018	1484	9	in	in	_	_	_	_	_	linguistic	_	yes	_	_	_	_	_	_
1484-10	PSB018	1484	10	italia	italia	_	_	_	_	_	linguistic	_	yes	_	_	_	_	_	_
1484-11	PSB018	1484	11	a	a	_	_	_	_	_	linguistic	_	yes	_	_	_	_	_	_
1484-12	PSB018	1484	12	me	me	_	_	_	_	_	linguistic	_	yes	_	_	_	_	_	_
1484-13	PSB018	1484	13	non	non	_	_	_	_	_	linguistic	_	yes	_	_	_	_	_	_
1484-14	PSB018	1484	14	piace	piace	_	_	_	_	_	linguistic	_	yes	_	_	_	_	_	_
1484-15	PSB018	1484	15	#at	at	_	_	_	_	_	linguistic	_	yes	Language=NO_ISO_CODE|Variation=Token	_	_	_	_	_
1484-16	PSB018	1484	16	#all	all	_	_	_	_	_	linguistic	_	yes	Language=NO_ISO_CODE|Variation=Token	_	_	_	_	_
1484-17	PSB018	1484	17	era	era	_	_	_	_	_	linguistic	_	yes	_	_	_	_	_	_
1484-18	PSB018	1484	18	insalata	insalata	_	_	_	_	_	linguistic	_	yes	_	_	_	_	_	_
1484-19	PSB018	1484	19	russa	russa	_	_	_	_	_	linguistic	_	yes	_	_	_	_	_	_
1484-20	PSB018	1484	20	come	come	_	_	_	_	_	linguistic	_	yes	_	_	_	_	_	_
1484-21	PSB018	1484	21	e	e	_	_	_	_	_	linguistic	_	yes	_	_	_	_	_	_
1484-22	PSB018	1484	22	questo	questo	_	_	_	_	_	linguistic	_	yes	_	_	_	_	_	_
1484-23	PSB018	1484	23	[no]	no	_	_	_	_	_	linguistic	_	yes	_	End=4791.823	_	_	_	0-2(504)
1486-0	PSB005	1486	0	[ma	ma	_	_	_	_	_	linguistic	_	none	_	Begin=4791.436	_	_	_	0-2(504)
1486-1	PSB005	1486	1	perc]hé	perché	_	_	_	_	_	linguistic	_	none	_	_	_	_	_	0-4(504)
1486-2	PSB005	1486	2	noi	noi	_	_	_	_	_	linguistic	_	none	_	_	_	_	_	_
1486-3	PSB005	1486	3	qui	qui	_	_	_	_	_	linguistic	_	none	_	_	_	_	_	_
1486-4	PSB005	1486	4	la	la	_	_	_	_	_	linguistic	_	none	_	_	_	_	_	_
1486-5	PSB005	1486	5	facciamo	facciamo	_	_	_	_	_	linguistic	_	none	_	_	_	_	_	_
1486-6	PSB005	1486	6	diversa	diversa	_	_	_	_	_	linguistic	_	none	_	_	_	_	_	_
1486-7	PSB005	1486	7	[sì	sì	_	_	_	_	_	linguistic	_	none	_	_	_	_	_	0-2(505)
1486-8	PSB005	1486	8	sì]	sì	_	_	_	_	_	linguistic	_	none	_	End=4794.887	_	_	_	0-2(505)
1487-0	PSB018	1487	0	[diversa	diversa	_	_	_	_	_	linguistic	_	none	_	Begin=4793.791	_	_	_	0-7(505)
1487-1	PSB018	1487	1	e	e	_	_	_	_	_	linguistic	_	none	_	_	_	_	_	0-1(505)
1487-2	PSB018	1487	2	mo]lto	molto	_	_	_	_	_	linguistic	_	none	_	_	_	_	_	0-2(505)
1487-3	PSB018	1487	3	semplice	semplice	_	_	_	_	_	linguistic	_	none	_	_	_	_	_	_
1487-4	PSB018	1487	4	l'	l'	_	_	_	_	_	linguistic	_	none	SpaceAfter=No	_	_	_	_	_
1487-5	PSB018	1487	5	ingredie~	ingredie~	_	_	_	_	_	linguistic	_	none	Interrupted=Yes	_	_	_	_	_
1487-6	PSB018	1487	6	no	no	_	_	_	_	_	linguistic	_	none	_	_	_	_	_	_
1487-7	PSB018	1487	7	allora	allora	_	_	_	_	_	linguistic	_	none	_	_	_	_	_	_
1487-8	PSB018	1487	8	no	no	_	_	_	_	_	linguistic	_	none	_	_	_	_	_	_
1487-9	PSB018	1487	9	è	è	_	_	_	_	_	linguistic	_	none	_	_	_	_	_	_
1487-10	PSB018	1487	10	qua~	qua~	_	_	_	_	_	linguistic	_	none	Interrupted=Yes	_	_	_	_	_
1487-11	PSB018	1487	11	eh	eh	_	_	_	_	_	linguistic	_	none	_	End=4799.92	_	_	_	_
1488-0	PSB018	1488	0	tutti	tutti	_	_	_	_	_	linguistic	_	none	_	Begin=4800.323	_	_	_	_
1488-1	PSB018	1488	1	italiani	italiani	_	_	_	_	_	linguistic	_	none	_	_	_	_	_	_
1488-2	PSB018	1488	2	chi	chi	_	_	_	_	_	linguistic	_	none	_	_	_	_	_	_
1488-3	PSB018	1488	3	ha	ha	_	_	_	_	_	linguistic	_	none	_	_	_	_	_	_
1488-4	PSB018	1488	4	prova~	prova~	_	_	_	_	_	linguistic	_	none	Interrupted=Yes	_	_	_	_	_
1488-5	PSB018	1488	5	hanno	hanno	_	_	_	_	_	linguistic	_	none	_	_	_	_	_	_
1488-6	PSB018	1488	6	provato?	provato	_	_	_	_	_	linguistic	_	none	Intonation=Rising	End=4805.645	_	_	_	_
1489-0	PSB005	1489	0	mhmh	mhmh	_	_	_	_	_	linguistic	_	none	_	Begin=4805.645|End=4806.049	_	_	_	_
1490-0	PSB018	1490	0	<l'	l'	_	_	_	_	_	linguistic	_	none	SpaceAfter=No	Begin=4806.629	_	Slow=0-2(0)	_	_
1490-1	PSB018	1490	1	insalata	insalata	_	_	_	_	_	linguistic	_	none	_	_	_	Slow=0-8(0)	_	_
1490-2	PSB018	1490	2	russa>	russa	_	_	_	_	_	linguistic	_	none	_	_	_	Slow=0-5(0)	_	_
1490-3	PSB018	1490	3	che	che	_	_	_	_	_	linguistic	_	none	_	_	_	_	_	_
1490-4	PSB018	1490	4	io	io	_	_	_	_	_	linguistic	_	none	_	_	_	_	_	_
1490-5	PSB018	1490	5	[ho	ho	_	_	_	_	_	linguistic	_	none	_	_	_	_	_	0-2(506)
1490-6	PSB018	1490	6	fatt]o	fatto	_	_	_	_	_	linguistic	_	none	_	_	_	_	_	0-4(506)
1490-7	PSB018	1490	7	come	come	_	_	_	_	_	linguistic	_	none	_	_	_	_	_	_
1490-8	PSB018	1490	8	facciamo	facciamo	_	_	_	_	_	linguistic	_	none	_	_	_	_	_	_
1490-9	PSB018	1490	9	e	e	_	_	_	_	_	linguistic	_	none	_	_	_	_	_	_
1490-10	PSB018	1490	10	l~	l~	_	_	_	_	_	linguistic	_	none	Interrupted=Yes	_	_	_	_	_
1490-11	PSB018	1490	11	m:h	mh	_	_	_	_	_	linguistic	_	none	_	_	0x1	_	_	_
1490-12	PSB018	1490	12	e:h	eh	_	_	_	_	_	linguistic	_	none	_	_	0x1	_	_	_
1490-13	PSB018	1490	13	classico	classico	_	_	_	_	_	linguistic	_	none	_	_	_	_	_	_
1490-14	PSB018	1490	14	la	la	_	_	_	_	_	linguistic	_	none	_	_	_	_	_	_
1490-15	PSB018	1490	15	ricetta	ricetta	_	_	_	_	_	linguistic	_	none	_	_	_	_	_	_
1490-16	PSB018	1490	16	[classica]	classica	_	_	_	_	_	linguistic	_	none	_	End=4816.436	_	_	_	0-8(507)
1491-0	PSB005	1491	0	[mhmh]	mhmh	_	_	_	_	_	linguistic	_	none	_	Begin=4810.129|End=4810.645	_	_	_	0-4(506)
1492-0	PSB005	1492	0	[mhmh	mhmh	_	_	_	_	_	linguistic	_	none	_	Begin=4815.774	_	_	_	0-4(507)
1492-1	PSB005	1492	1	mh]	mh	_	_	_	_	_	linguistic	_	none	_	End=4816.461	_	_	_	0-2(507)
1493-0	PSB018	1493	0	tutti	tutti	_	_	_	_	_	linguistic	_	none	_	Begin=4818.42	_	_	_	_
1493-1	PSB018	1493	1	italiani	italiani	_	_	_	_	_	linguistic	_	none	_	End=4819.758	_	_	_	_
1494-0	PSB018	1494	0	piacciano	piacciano	_	_	_	_	_	linguistic	_	none	PauseAfter=Yes	Begin=4821.21	_	_	_	_
1494-1	PSB018	1494	1	[(.)]	(.)	_	_	_	_	_	shortpause	_	none	_	_	_	_	_	X(509)
1494-2	PSB018	1494	2	molto	molto	_	_	_	_	_	linguistic	_	none	_	_	_	_	_	_
1494-3	PSB018	1494	3	[molto	molto	_	_	_	_	_	linguistic	_	none	_	_	_	_	_	0-5(508)
1494-4	PSB018	1494	4	e	e	_	_	_	_	_	linguistic	_	none	_	_	_	_	_	0-1(508)
1494-5	PSB018	1494	5	qua]ndo	quando	_	_	_	_	_	linguistic	_	none	_	_	_	_	_	0-3(508)
1494-6	PSB018	1494	6	noi	noi	_	_	_	_	_	linguistic	_	none	_	_	_	_	_	_
1494-7	PSB018	1494	7	abbiamo	abbiamo	_	_	_	_	_	linguistic	_	none	_	_	_	_	_	_
1494-8	PSB018	1494	8	qualche	qualche	_	_	_	_	_	linguistic	_	none	_	_	_	_	_	_
1494-9	PSB018	1494	9	festa:	festa	_	_	_	_	_	linguistic	_	none	_	_	4x1	_	_	_
1494-10	PSB018	1494	10	insieme	insieme	_	_	_	_	_	linguistic	_	none	_	End=4828.71	_	_	_	_
1495-0	PSB005	1495	0	[mhmh]	mhmh	_	_	_	_	_	linguistic	_	none	_	Begin=4821.839|End=4822.35	_	_	_	0-4(509)
1496-0	PSB005	1496	0	[molto	molto	_	_	_	_	_	linguistic	_	none	_	Begin=4822.839	_	_	_	0-5(508)
1496-1	PSB005	1496	1	eh	eh	_	_	_	_	_	linguistic	_	none	_	_	_	_	_	0-2(508)
1496-2	PSB005	1496	2	sì]	sì	_	_	_	_	_	linguistic	_	none	_	End=4824.403	_	_	_	0-2(508)
1497-0	PSB018	1497	0	l'	l'	_	_	_	_	_	linguistic	_	none	SpaceAfter=No	Begin=4829.258	_	_	_	_
1497-1	PSB018	1497	1	unica	unica	_	_	_	_	_	linguistic	_	none	_	_	_	_	_	_
1497-2	PSB018	1497	2	cosa	cosa	_	_	_	_	_	linguistic	_	none	_	_	_	_	_	_
1497-3	PSB018	1497	3	che	che	_	_	_	_	_	linguistic	_	none	_	_	_	_	_	_
1497-4	PSB018	1497	4	loro	loro	_	_	_	_	_	linguistic	_	none	_	_	_	_	_	_
1497-5	PSB018	1497	5	vogliono	vogliono	_	_	_	_	_	linguistic	_	none	_	_	_	_	_	_
1497-6	PSB018	1497	6	da	da	_	_	_	_	_	linguistic	_	none	_	_	_	_	_	_
1497-7	PSB018	1497	7	me,	me	_	_	_	_	_	linguistic	_	none	Intonation=WeaklyRising	_	_	_	_	_
1497-8	PSB018	1497	8	[insalata	insalata	_	_	_	_	_	linguistic	_	none	_	_	_	_	_	0-8(510)
1497-9	PSB018	1497	9	russa]	russa	_	_	_	_	_	linguistic	_	none	_	End=4834.145	_	_	_	0-5(510)
1498-0	PSB005	1498	0	[xx]	xx	_	_	_	_	_	unknown	_	none	Syllables=2	Begin=4832.565	_	_	_	0-2(510)
1498-1	PSB005	1498	1	((ride))	((ride))	_	_	_	_	_	nonverbalbehavior	_	none	_	End=4834.871	_	_	_	_
1499-0	PSB018	1499	0	no	no	_	_	_	_	_	linguistic	_	none	_	Begin=4834.855	_	_	_	_
1499-1	PSB018	1499	1	soldi	soldi	_	_	_	_	_	linguistic	_	none	_	_	_	_	_	_
1499-2	PSB018	1499	2	di	di	_	_	_	_	_	linguistic	_	none	_	_	_	_	_	_
1499-3	PSB018	1499	3	comprare	comprare	_	_	_	_	_	linguistic	_	none	_	_	_	_	_	_
1499-4	PSB018	1499	4	qualcosa	qualcosa	_	_	_	_	_	linguistic	_	none	_	_	_	_	_	_
1499-5	PSB018	1499	5	vino	vino	_	_	_	_	_	linguistic	_	none	_	_	_	_	_	_
1499-6	PSB018	1499	6	pros~	pros~	_	_	_	_	_	linguistic	_	none	Interrupted=Yes	_	_	_	_	_
1499-7	PSB018	1499	7	no	no	_	_	_	_	_	linguistic	_	none	_	_	_	_	_	_
1499-8	PSB018	1499	8	l'	l'	_	_	_	_	_	linguistic	_	none	SpaceAfter=No	_	_	_	_	_
1499-9	PSB018	1499	9	insalata	insalata	_	_	_	_	_	linguistic	_	none	_	_	_	_	_	_
1499-10	PSB018	1499	10	russa	russa	_	_	_	_	_	linguistic	_	none	_	_	_	_	_	_
1499-11	PSB018	1499	11	e	e	_	_	_	_	_	linguistic	_	none	_	_	_	_	_	_
1499-12	PSB018	1499	12	quello	quello	_	_	_	_	_	linguistic	_	none	_	_	_	_	_	_
1499-13	PSB018	1499	13	è	è	_	_	_	_	_	linguistic	_	none	_	_	_	_	_	_
1499-14	PSB018	1499	14	i	i	_	_	_	_	_	linguistic	_	none	_	_	_	_	_	_
1499-15	PSB018	1499	15	p~	p~	_	_	_	_	_	linguistic	_	none	Interrupted=Yes	_	_	_	_	_
1499-16	PSB018	1499	16	le	le	_	_	_	_	_	linguistic	_	none	_	_	_	_	_	_
1499-17	PSB018	1499	17	persone	persone	_	_	_	_	_	linguistic	_	none	_	_	_	_	_	_
1499-18	PSB018	1499	18	italiane	italiane	_	_	_	_	_	linguistic	_	none	_	_	_	_	_	_
1499-19	PSB018	1499	19	dell'	dell'	_	_	_	_	_	linguistic	_	none	SpaceAfter=No	_	_	_	_	_
1499-20	PSB018	1499	20	età	età	_	_	_	_	_	linguistic	_	none	_	_	_	_	_	_
1499-21	PSB018	1499	21	diversa	diversa	_	_	_	_	_	linguistic	_	none	_	_	_	_	_	_
1499-22	PSB018	1499	22	e:h	eh	_	_	_	_	_	linguistic	_	none	_	End=4846.403	0x1	_	_	_
1500-0	PSB005	1500	0	((ride))	((ride))	_	_	_	_	_	nonverbalbehavior	_	none	_	Begin=4838.403|End=4839.597	_	_	_	_
1501-0	PSB018	1501	0	una:	una	_	_	_	_	_	linguistic	_	none	_	Begin=4847.452	2x1	_	_	_
1501-1	PSB018	1501	1	coppia	coppia	_	_	_	_	_	linguistic	_	none	_	_	_	_	_	_
1501-2	PSB018	1501	2	e	e	_	_	_	_	_	linguistic	_	none	_	_	_	_	_	_
1501-3	PSB018	1501	3	lui	lui	_	_	_	_	_	linguistic	_	none	_	_	_	_	_	_
1501-4	PSB018	1501	4	è	è	_	_	_	_	_	linguistic	_	none	_	_	_	_	_	_
1501-5	PSB018	1501	5	bolognese	bolognese	_	_	_	_	_	linguistic	_	none	_	_	_	_	_	_
1501-6	PSB018	1501	6	lei	lei	_	_	_	_	_	linguistic	_	none	_	_	_	_	_	_
1501-7	PSB018	1501	7	è	è	_	_	_	_	_	linguistic	_	none	_	_	_	_	_	_
1501-8	PSB018	1501	8	sard[a]	sarda	_	_	_	_	_	linguistic	_	none	_	End=4851.774	_	_	_	4-5(513)
1502-0	PSB005	1502	0	[mh]mh	mhmh	_	_	_	_	_	linguistic	_	none	_	Begin=4851.565|End=4852.084	_	_	_	0-2(513)
1503-0	PSB018	1503	0	e:	e	_	_	_	_	_	linguistic	_	none	_	Begin=4852.952	0x1	_	_	_
1503-1	PSB018	1503	1	l'	l'	_	_	_	_	_	linguistic	_	none	SpaceAfter=No	_	_	_	_	_
1503-2	PSB018	1503	2	altri	altri	_	_	_	_	_	linguistic	_	none	_	_	_	_	_	_
1503-3	PSB018	1503	3	di	di	_	_	_	_	_	linguistic	_	none	_	_	_	_	_	_
1503-4	PSB018	1503	4	de~	de~	_	_	_	_	_	linguistic	_	none	Interrupted=Yes	_	_	_	_	_
1503-5	PSB018	1503	5	della	della	_	_	_	_	_	linguistic	_	none	_	_	_	_	_	_
1503-6	PSB018	1503	6	di	di	_	_	_	_	_	linguistic	_	none	_	_	_	_	_	_
1503-7	PSB018	1503	7	milano	milano	_	_	_	_	_	linguistic	_	none	_	End=4856.164	_	_	_	_
1504-0	PSB018	1504	0	e:	e	_	_	_	_	_	linguistic	_	none	_	Begin=4856.774|End=4857.583	0x1	_	_	_
1505-0	PSB018	1505	0	altra	altra	_	_	_	_	_	linguistic	_	none	_	Begin=4858.339	_	_	_	_
1505-1	PSB018	1505	1	da	da	_	_	_	_	_	linguistic	_	none	_	_	_	_	_	_
1505-2	PSB018	1505	2	<roma>	roma	_	_	_	_	_	linguistic	_	none	_	_	_	Slow=0-4(0)	_	_
1505-3	PSB018	1505	3	e	e	_	_	_	_	_	linguistic	_	none	_	_	_	_	_	_
1505-4	PSB018	1505	4	lui	lui	_	_	_	_	_	linguistic	_	none	_	_	_	_	_	_
1505-5	PSB018	1505	5	è	è	_	_	_	_	_	linguistic	_	none	_	_	_	_	_	_
1505-6	PSB018	1505	6	bolognese	bolognese	_	_	_	_	_	linguistic	_	none	_	End=4861.905	_	_	_	_
1506-0	PSB018	1506	0	e	e	_	_	_	_	_	linguistic	_	none	_	Begin=4862.936	_	_	_	_
1506-1	PSB018	1506	1	gio[vane]	giovane	_	_	_	_	_	linguistic	_	none	_	End=4863.645	_	_	_	3-7(514)
1507-0	PSB005	1507	0	[e	e	_	_	_	_	_	linguistic	_	none	_	Begin=4863.307	_	_	_	0-1(514)
1507-1	PSB005	1507	1	vi]	vi	_	_	_	_	_	linguistic	_	none	_	_	_	_	_	0-2(514)
1507-2	PSB005	1507	2	capita	capita	_	_	_	_	_	linguistic	_	none	_	_	_	_	_	_
1507-3	PSB005	1507	3	di	di	_	_	_	_	_	linguistic	_	none	_	_	_	_	_	_
1507-4	PSB005	1507	4	fare	fare	_	_	_	_	_	linguistic	_	none	_	_	_	_	_	_
1507-5	PSB005	1507	5	delle	delle	_	_	_	_	_	linguistic	_	none	_	_	_	_	_	_
1507-6	PSB005	1507	6	cene	cene	_	_	_	_	_	linguistic	_	none	_	_	_	_	_	_
1507-7	PSB005	1507	7	insieme	insieme	_	_	_	_	_	linguistic	_	none	_	_	_	_	_	_
1507-8	PSB005	1507	8	o	o	_	_	_	_	_	linguistic	_	none	_	_	_	_	_	_
1507-9	PSB005	1507	9	mh	mh	_	_	_	_	_	linguistic	_	none	_	_	_	_	_	_
1507-10	PSB005	1507	10	[delle	delle	_	_	_	_	_	linguistic	_	none	_	_	_	_	_	0-5(515)
1507-11	PSB005	1507	11	feste]	feste	_	_	_	_	_	linguistic	_	none	_	_	_	_	_	0-5(515)
1507-12	PSB005	1507	12	insieme	insieme	_	_	_	_	_	linguistic	_	none	_	_	_	_	_	_
1507-13	PSB005	1507	13	con	con	_	_	_	_	_	linguistic	_	none	_	End=4868.484	_	_	_	_
1508-0	PSB018	1508	0	[sì	sì	_	_	_	_	_	linguistic	_	none	_	Begin=4866.791	_	_	_	0-2(515)
1508-1	PSB018	1508	1	sì	sì	_	_	_	_	_	linguistic	_	none	_	_	_	_	_	0-2(515)
1508-2	PSB018	1508	2	sì]	sì	_	_	_	_	_	linguistic	_	none	_	End=4867.562	_	_	_	0-2(515)
1509-0	PSB018	1509	0	sì	sì	_	_	_	_	_	linguistic	_	none	_	Begin=4868.726	_	_	_	_
1509-1	PSB018	1509	1	perché	perché	_	_	_	_	_	linguistic	_	none	_	_	_	_	_	_
1509-2	PSB018	1509	2	con	con	_	_	_	_	_	linguistic	_	none	_	_	_	_	_	_
1509-3	PSB018	1509	3	i	i	_	_	_	_	_	linguistic	_	none	_	_	_	_	_	_
1509-4	PSB018	1509	4	progetti	progetti	_	_	_	_	_	linguistic	_	none	_	_	_	_	_	_
1509-5	PSB018	1509	5	e:h	eh	_	_	_	_	_	linguistic	_	none	_	_	0x1	_	_	_
1509-6	PSB018	1509	6	per	per	_	_	_	_	_	linguistic	_	none	_	_	_	_	_	_
1509-7	PSB018	1509	7	ucraini	ucraini	_	_	_	_	_	linguistic	_	none	_	_	_	_	_	_
1509-8	PSB018	1509	8	noi	noi	_	_	_	_	_	linguistic	_	none	_	_	_	_	_	_
1509-9	PSB018	1509	9	e:h	eh	_	_	_	_	_	linguistic	_	none	_	_	0x1	_	_	_
1509-10	PSB018	1509	10	abbiamo	abbiamo	_	_	_	_	_	linguistic	_	none	_	End=4877.032	_	_	_	_
1510-0	PSB018	1510	0	abitato	abitato	_	_	_	_	_	linguistic	_	none	_	Begin=4877.936|End=4878.742	_	_	_	_
1511-0	PSB005	1511	0	mh[mh]	mhmh	_	_	_	_	_	linguistic	_	none	_	Begin=4878.952|End=4879.371	_	_	_	2-4(516)
1512-0	PSB018	1512	0	[co]n	con	_	_	_	_	_	linguistic	_	none	_	Begin=4879.21	_	_	_	0-2(516)
1512-1	PSB018	1512	1	una	una	_	_	_	_	_	linguistic	_	none	_	_	_	_	_	_
1512-2	PSB018	1512	2	mh	mh	_	_	_	_	_	linguistic	_	none	_	_	_	_	_	_
1512-3	PSB018	1512	3	famiglia	famiglia	_	_	_	_	_	linguistic	_	none	_	_	_	_	_	_
1512-4	PSB018	1512	4	italian[a]	italiana	_	_	_	_	_	linguistic	_	none	_	End=4882.113	_	_	_	7-8(517)
1513-0	PSB005	1513	0	[oka]y	okay	_	_	_	_	_	linguistic	_	none	_	Begin=4881.871|End=4882.371	_	_	_	0-3(517)
1514-0	PSB018	1514	0	e:h	eh	_	_	_	_	_	linguistic	_	none	_	Begin=4882.403	0x1	_	_	_
1514-1	PSB018	1514	1	loro	loro	_	_	_	_	_	linguistic	_	none	_	_	_	_	_	_
1514-2	PSB018	1514	2	<hanno	hanno	_	_	_	_	_	linguistic	_	none	_	_	_	Slow=0-5(0)	_	_
1514-3	PSB018	1514	3	più	più	_	_	_	_	_	linguistic	_	none	_	_	_	Slow=0-3(0)	_	_
1514-4	PSB018	1514	4	o	o	_	_	_	_	_	linguistic	_	none	_	_	_	Slow=0-1(0)	_	_
1514-5	PSB018	1514	5	meno	meno	_	_	_	_	_	linguistic	_	none	_	_	_	Slow=0-4(0)	_	_
1514-6	PSB018	1514	6	sessantacinque	sessantacinque	_	_	_	_	_	linguistic	_	none	_	_	_	Slow=0-14(0)	_	_
1514-7	PSB018	1514	7	[anni]>	anni	_	_	_	_	_	linguistic	_	none	_	End=4889.697	_	Slow=0-4(0)	_	0-4(518)
1515-0	PSB005	1515	0	[mhmh]	mhmh	_	_	_	_	_	linguistic	_	none	_	Begin=4889.113|End=4889.675	_	_	_	0-4(518)
1516-0	PSB018	1516	0	e:hm	ehm	_	_	_	_	_	linguistic	_	none	_	Begin=4890.807	0x1	_	_	_
1516-1	PSB018	1516	1	ma	ma	_	_	_	_	_	linguistic	_	none	_	_	_	_	_	_
1516-2	PSB018	1516	2	molto	molto	_	_	_	_	_	linguistic	_	none	_	_	_	_	_	_
1516-3	PSB018	1516	3	attivi	attivi	_	_	_	_	_	linguistic	_	none	_	End=4893.791	_	_	_	_
1517-0	PSB005	1517	0	mhmh	mhmh	_	_	_	_	_	linguistic	_	none	_	Begin=4893.887|End=4894.493	_	_	_	_
1518-0	PSB018	1518	0	loro	loro	_	_	_	_	_	linguistic	_	none	_	Begin=4894.532	_	_	_	_
1518-1	PSB018	1518	1	°s~	s~	_	_	_	_	_	linguistic	_	none	Interrupted=Yes|Volume=low	_	_	_	_	_
1518-2	PSB018	1518	2	eh	eh	_	_	_	_	_	linguistic	_	none	Volume=low	_	_	_	_	_
1518-3	PSB018	1518	3	sono	sono	_	_	_	_	_	linguistic	_	none	Volume=low	_	_	_	_	_
1518-4	PSB018	1518	4	molto°	molto	_	_	_	_	_	linguistic	_	none	Volume=low	_	_	_	_	_
1518-5	PSB018	1518	5	attivi	attivi	_	_	_	_	_	linguistic	_	none	_	End=4897.492	_	_	_	_
1519-0	PSB005	1519	0	sì	sì	_	_	_	_	_	linguistic	_	none	_	Begin=4897.492|End=4897.968	_	_	_	_
1520-0	PSB018	1520	0	e	e	_	_	_	_	_	linguistic	_	none	_	Begin=4899.274	_	_	_	_
1520-1	PSB018	1520	1	sì	sì	_	_	_	_	_	linguistic	_	none	_	_	_	_	_	_
1520-2	PSB018	1520	2	eh	eh	_	_	_	_	_	linguistic	_	none	_	_	_	_	_	_
1520-3	PSB018	1520	3	noi	noi	_	_	_	_	_	linguistic	_	none	_	_	_	_	_	_
1520-4	PSB018	1520	4	eh	eh	_	_	_	_	_	linguistic	_	none	_	_	_	_	_	_
1520-5	PSB018	1520	5	una	una	_	_	_	_	_	linguistic	_	none	_	_	_	_	_	_
1520-6	PSB018	1520	6	m:h	mh	_	_	_	_	_	linguistic	_	none	_	_	0x1	_	_	_
1520-7	PSB018	1520	7	volta	volta	_	_	_	_	_	linguistic	_	none	_	_	_	_	_	_
1520-8	PSB018	1520	8	f:-	f-	_	_	_	_	_	linguistic	_	none	Interrupted=Yes	_	0x1	_	_	_
1520-9	PSB018	1520	9	hanno	hanno	_	_	_	_	_	linguistic	_	none	_	_	_	_	_	_
1520-10	PSB018	1520	10	abbiamo	abbiamo	_	_	_	_	_	linguistic	_	none	_	_	_	_	_	_
1520-11	PSB018	1520	11	fatto	fatto	_	_	_	_	_	linguistic	_	none	_	_	_	_	_	_
1520-12	PSB018	1520	12	e:h	eh	_	_	_	_	_	linguistic	_	none	_	_	0x1	_	_	_
1520-13	PSB018	1520	13	una	una	_	_	_	_	_	linguistic	_	none	_	_	_	_	_	_
1520-14	PSB018	1520	14	cena	cena	_	_	_	_	_	linguistic	_	none	_	_	_	_	_	_
1520-15	PSB018	1520	15	ucraina	ucraina	_	_	_	_	_	linguistic	_	none	_	_	_	_	_	_
1520-16	PSB018	1520	16	l'	l'	_	_	_	_	_	linguistic	_	none	SpaceAfter=No	_	_	_	_	_
1520-17	PSB018	1520	17	[altra:]	altra	_	_	_	_	_	linguistic	_	none	_	_	4x1	_	_	0-5(519)
1520-18	PSB018	1520	18	italiana	italiana	_	_	_	_	_	linguistic	_	none	_	_	_	_	_	_
1520-19	PSB018	1520	19	dopo	dopo	_	_	_	_	_	linguistic	_	none	_	_	_	_	_	_
1520-20	PSB018	1520	20	loro	loro	_	_	_	_	_	linguistic	_	none	_	_	_	_	_	_
1520-21	PSB018	1520	21	prima	prima	_	_	_	_	_	linguistic	_	none	_	_	_	_	_	_
1520-22	PSB018	1520	22	hanno	hanno	_	_	_	_	_	linguistic	_	none	_	_	_	_	_	_
1520-23	PSB018	1520	23	m:h	mh	_	_	_	_	_	linguistic	_	none	_	_	0x1	_	_	_
1520-24	PSB018	1520	24	viaggiato	viaggiato	_	_	_	_	_	linguistic	_	none	_	_	_	_	_	_
1520-25	PSB018	1520	25	tanto	tanto	_	_	_	_	_	linguistic	_	none	_	_	_	_	_	_
1520-26	PSB018	1520	26	e:	e	_	_	_	_	_	linguistic	_	none	_	_	0x1	_	_	_
1520-27	PSB018	1520	27	a	a	_	_	_	_	_	linguistic	_	none	_	_	_	_	_	_
1520-28	PSB018	1520	28	loro	loro	_	_	_	_	_	linguistic	_	none	_	_	_	_	_	_
1520-29	PSB018	1520	29	piacciono:	piacciono	_	_	_	_	_	linguistic	_	none	_	_	8x1	_	_	_
1520-30	PSB018	1520	30	la:	la	_	_	_	_	_	linguistic	_	none	_	End=4920.113	1x1	_	_	_
1521-0	PSB005	1521	0	[okay]	okay	_	_	_	_	_	linguistic	_	none	_	Begin=4908.355|End=4909.091	_	_	_	0-4(519)
1522-0	PSB018	1522	0	cucina	cucina	_	_	_	_	_	linguistic	_	none	_	Begin=4920.613	_	_	_	_
1522-1	PSB018	1522	1	grecia	grecia	_	_	_	_	_	linguistic	_	none	_	End=4922.42	_	_	_	_
1523-0	PSB005	1523	0	mhmh	mhmh	_	_	_	_	_	linguistic	_	none	_	Begin=4922.42|End=4922.913	_	_	_	_
1524-0	PSB018	1524	0	greca	greca	_	_	_	_	_	linguistic	_	none	_	Begin=4922.984|End=4923.577	_	_	_	_
1525-0	PSB005	1525	0	grec[a]	greca	_	_	_	_	_	linguistic	_	none	_	Begin=4923.678|End=4924.226	_	_	_	4-5(520)
1526-0	PSB018	1526	0	[gre]ca	greca	_	_	_	_	_	linguistic	_	none	_	Begin=4924.097|End=4924.581	_	_	_	0-3(520)
1527-0	PSB018	1527	0	e:	e	_	_	_	_	_	linguistic	_	none	_	Begin=4925.097	0x1	_	_	_
1527-1	PSB018	1527	1	s~	s~	_	_	_	_	_	linguistic	_	none	Interrupted=Yes	_	_	_	_	_
1527-2	PSB018	1527	2	con	con	_	_	_	_	_	linguistic	_	none	_	_	_	_	_	_
1527-3	PSB018	1527	3	intenet	intenet	_	_	_	_	_	linguistic	_	none	_	_	_	_	_	_
1527-4	PSB018	1527	4	abbiamo	abbiamo	_	_	_	_	_	linguistic	_	none	_	_	_	_	_	_
1527-5	PSB018	1527	5	trovato	trovato	_	_	_	_	_	linguistic	_	none	_	_	_	_	_	_
1527-6	PSB018	1527	6	qualche	qualche	_	_	_	_	_	linguistic	_	none	_	_	_	_	_	_
1527-7	PSB018	1527	7	ricetta	ricetta	_	_	_	_	_	linguistic	_	none	_	_	_	_	_	_
1527-8	PSB018	1527	8	come	come	_	_	_	_	_	linguistic	_	none	_	_	_	_	_	_
1527-9	PSB018	1527	9	hummu[s	hummus	_	_	_	_	_	linguistic	_	none	_	_	_	_	_	5-6(521)
1527-10	PSB018	1527	10	abbia]mo	abbiamo	_	_	_	_	_	linguistic	_	none	_	_	_	_	_	0-5(521)
1527-11	PSB018	1527	11	preparato	preparato	_	_	_	_	_	linguistic	_	none	_	_	_	_	_	_
1527-12	PSB018	1527	12	e	e	_	_	_	_	_	linguistic	_	none	_	_	_	_	_	_
1527-13	PSB018	1527	13	dopo	dopo	_	_	_	_	_	linguistic	_	none	_	_	_	_	_	_
1527-14	PSB018	1527	14	mar~	mar~	_	_	_	_	_	linguistic	_	none	Interrupted=Yes	_	_	_	_	_
1527-15	PSB018	1527	15	eh	eh	_	_	_	_	_	linguistic	_	none	_	_	_	_	_	_
1527-16	PSB018	1527	16	di	di	_	_	_	_	_	linguistic	_	none	_	_	_	_	_	_
1527-17	PSB018	1527	17	marocco	marocco	_	_	_	_	_	linguistic	_	none	_	_	_	_	_	_
1527-18	PSB018	1527	18	qualche	qualche	_	_	_	_	_	linguistic	_	none	_	_	_	_	_	_
1527-19	PSB018	1527	19	cibo	cibo	_	_	_	_	_	linguistic	_	none	_	_	_	_	_	_
1527-20	PSB018	1527	20	sì	sì	_	_	_	_	_	linguistic	_	none	_	_	_	_	_	_
1527-21	PSB018	1527	21	quello	quello	_	_	_	_	_	linguistic	_	none	_	_	_	_	_	_
1527-22	PSB018	1527	22	era	era	_	_	_	_	_	linguistic	_	none	_	_	_	_	_	_
1527-23	PSB018	1527	23	come	come	_	_	_	_	_	linguistic	_	none	_	_	_	_	_	_
1527-24	PSB018	1527	24	un	un	_	_	_	_	_	linguistic	_	none	_	End=4936.0	_	_	_	_
1528-0	PSB005	1528	0	[mh]	mh	_	_	_	_	_	linguistic	_	none	_	Begin=4929.936|End=4930.447	_	_	_	0-2(521)
1529-0	PSB018	1529	0	una	una	_	_	_	_	_	linguistic	_	none	_	Begin=4936.452	_	_	_	_
1529-1	PSB018	1529	1	gra~	gra~	_	_	_	_	_	linguistic	_	none	Interrupted=Yes	_	_	_	_	_
1529-2	PSB018	1529	2	eh	eh	_	_	_	_	_	linguistic	_	none	_	_	_	_	_	_
1529-3	PSB018	1529	3	una	una	_	_	_	_	_	linguistic	_	none	_	_	_	_	_	_
1529-4	PSB018	1529	4	bella	bella	_	_	_	_	_	linguistic	_	none	_	_	_	_	_	_
1529-5	PSB018	1529	5	esperienza	esperienza	_	_	_	_	_	linguistic	_	none	_	_	_	_	_	_
1529-6	PSB018	1529	6	per	per	_	_	_	_	_	linguistic	_	none	_	_	_	_	_	_
1529-7	PSB018	1529	7	noi	noi	_	_	_	_	_	linguistic	_	none	_	_	_	_	_	_
1529-8	PSB018	1529	8	e	e	_	_	_	_	_	linguistic	_	none	_	_	_	_	_	_
1529-9	PSB018	1529	9	anche	anche	_	_	_	_	_	linguistic	_	none	_	_	_	_	_	_
1529-10	PSB018	1529	10	[per	per	_	_	_	_	_	linguistic	_	none	_	_	_	_	_	0-3(522)
1529-11	PSB018	1529	11	loro	loro	_	_	_	_	_	linguistic	_	none	_	_	_	_	_	0-4(522)
1529-12	PSB018	1529	12	perché	perché	_	_	_	_	_	linguistic	_	none	_	_	_	_	_	0-6(522)
1529-13	PSB018	1529	13	la	la	_	_	_	_	_	linguistic	_	none	_	_	_	_	_	0-2(522)
1529-14	PSB018	1529	14	sua	sua	_	_	_	_	_	linguistic	_	none	_	_	_	_	_	0-3(522)
1529-15	PSB018	1529	15	vita]	vita	_	_	_	_	_	linguistic	_	none	_	_	_	_	_	0-4(522)
1529-16	PSB018	1529	16	era	era	_	_	_	_	_	linguistic	_	none	_	_	_	_	_	_
1529-17	PSB018	1529	17	<tranquilla>	tranquilla	_	_	_	_	_	linguistic	_	none	_	_	_	Slow=0-10(0)	_	_
1529-18	PSB018	1529	18	e	e	_	_	_	_	_	linguistic	_	none	_	_	_	Fast=0-1(0)	_	_
1529-19	PSB018	1529	19	molto	molto	_	_	_	_	_	linguistic	_	none	_	_	_	Fast=0-5(0)	_	_
1529-20	PSB018	1529	20	e:hm	ehm	_	_	_	_	_	linguistic	_	none	_	_	0x1	Fast=0-3(0)	_	_
1529-21	PSB018	1529	21	<semplice>	semplice	_	_	_	_	_	linguistic	_	none	_	End=4948.887	_	Slow=0-8(1)	_	_
1530-0	PSB005	1530	0	[eh	eh	_	_	_	_	_	linguistic	_	none	_	Begin=4939.468	_	_	_	0-2(522)
1530-1	PSB005	1530	1	sicuramente	sicuramente	_	_	_	_	_	linguistic	_	none	_	_	_	_	_	0-11(522)
1530-2	PSB005	1530	2	°certo°]	certo	_	_	_	_	_	linguistic	_	none	Volume=low	End=4941.979	_	_	_	0-5(522)
1531-0	PSB018	1531	0	e	e	_	_	_	_	_	linguistic	_	none	_	Begin=4949.952	_	_	_	_
1531-1	PSB018	1531	1	<dopo>	dopo	_	_	_	_	_	linguistic	_	none	_	_	_	Slow=0-4(0)	_	_
1531-2	PSB018	1531	2	quello:	quello	_	_	_	_	_	linguistic	_	none	_	_	5x1	_	_	_
1531-3	PSB018	1531	3	covid	covid	_	_	_	_	_	linguistic	_	none	_	End=4953.726	_	_	_	_
1532-0	PSB018	1532	0	ha	ha	_	_	_	_	_	linguistic	_	none	_	Begin=4954.371	_	_	_	_
1532-1	PSB018	1532	1	cambiato	cambiato	_	_	_	_	_	linguistic	_	none	_	_	_	_	_	_
1532-2	PSB018	1532	2	[tutto]	tutto	_	_	_	_	_	linguistic	_	none	_	End=4956.081	_	_	_	0-5(523)
1533-0	PSB005	1533	0	[certo]	certo	_	_	_	_	_	linguistic	_	none	_	Begin=4955.403	_	_	_	0-5(523)
1533-1	PSB005	1533	1	mhmh	mhmh	_	_	_	_	_	linguistic	_	none	_	End=4956.823	_	_	_	_
1534-0	PSB018	1534	0	e	e	_	_	_	_	_	linguistic	_	none	_	Begin=4956.952	_	_	_	_
1534-1	PSB018	1534	1	dopo	dopo	_	_	_	_	_	linguistic	_	none	_	_	_	_	_	_
1534-2	PSB018	1534	2	guerra	guerra	_	_	_	_	_	linguistic	_	none	_	_	_	_	_	_
1534-3	PSB018	1534	3	con	con	_	_	_	_	_	linguistic	_	none	_	_	_	_	_	_
1534-4	PSB018	1534	4	ucraina	ucraina	_	_	_	_	_	linguistic	_	none	_	_	_	_	_	_
1534-5	PSB018	1534	5	come	come	_	_	_	_	_	linguistic	_	none	_	_	_	_	_	_
1534-6	PSB018	1534	6	un	un	_	_	_	_	_	linguistic	_	none	_	_	_	_	_	_
1534-7	PSB018	1534	7	grande	grande	_	_	_	_	_	linguistic	_	none	_	_	_	_	_	_
1534-8	PSB018	1534	8	stress	stress	_	_	_	_	_	linguistic	_	none	_	_	_	_	_	_
1534-9	PSB018	1534	9	anche	anche	_	_	_	_	_	linguistic	_	none	_	_	_	_	_	_
1534-10	PSB018	1534	10	per	per	_	_	_	_	_	linguistic	_	none	_	_	_	_	_	_
1534-11	PSB018	1534	11	italia	italia	_	_	_	_	_	linguistic	_	none	_	_	_	_	_	_
1534-12	PSB018	1534	12	eh	eh	_	_	_	_	_	linguistic	_	none	_	_	_	_	_	_
1534-13	PSB018	1534	13	se:	se	_	_	_	_	_	linguistic	_	none	_	_	1x1	_	_	_
1534-14	PSB018	1534	14	quello:	quello	_	_	_	_	_	linguistic	_	none	_	_	5x1	_	_	_
1534-15	PSB018	1534	15	non	non	_	_	_	_	_	linguistic	_	none	_	_	_	_	_	_
1534-16	PSB018	1534	16	la	la	_	_	_	_	_	linguistic	_	none	_	_	_	_	_	_
1534-17	PSB018	1534	17	guerra	guerra	_	_	_	_	_	linguistic	_	none	_	_	_	_	_	_
1534-18	PSB018	1534	18	sua	sua	_	_	_	_	_	linguistic	_	none	_	_	_	_	_	_
1534-19	PSB018	1534	19	vo~	vo~	_	_	_	_	_	linguistic	_	none	Interrupted=Yes	_	_	_	_	_
1534-20	PSB018	1534	20	vo[stra]	vostra	_	_	_	_	_	linguistic	_	none	_	_	_	_	_	2-6(525)
1534-21	PSB018	1534	21	ma	ma	_	_	_	_	_	linguistic	_	none	_	_	_	_	_	_
1534-22	PSB018	1534	22	un	un	_	_	_	_	_	linguistic	_	none	_	_	_	_	_	_
1534-23	PSB018	1534	23	shock	shock	_	_	_	_	_	linguistic	_	none	_	_	_	_	_	_
1534-24	PSB018	1534	24	[anche	anche	_	_	_	_	_	linguistic	_	none	_	_	_	_	_	0-5(524)
1534-25	PSB018	1534	25	pe]r	per	_	_	_	_	_	linguistic	_	none	_	_	_	_	_	0-2(524)
1534-26	PSB018	1534	26	l'	l'	_	_	_	_	_	linguistic	_	none	SpaceAfter=No	_	_	_	_	_
1534-27	PSB018	1534	27	altre	altre	_	_	_	_	_	linguistic	_	none	_	_	_	_	_	_
1534-28	PSB018	1534	28	pe~	pe~	_	_	_	_	_	linguistic	_	none	Interrupted=Yes	_	_	_	_	_
1534-29	PSB018	1534	29	paese	paese	_	_	_	_	_	linguistic	_	none	_	End=4970.629	_	_	_	_
1535-0	PSB005	1535	0	[mhmh]	mhmh	_	_	_	_	_	linguistic	_	none	_	Begin=4965.258|End=4965.868	_	_	_	0-4(525)
1536-0	PSB005	1536	0	[mhmh]	mhmh	_	_	_	_	_	linguistic	_	none	_	Begin=4967.274|End=4967.929	_	_	_	0-4(524)
1537-0	PSB018	1537	0	e:	e	_	_	_	_	_	linguistic	_	none	_	Begin=4971.791	0x1	_	_	_
1537-1	PSB018	1537	1	una	una	_	_	_	_	_	linguistic	_	none	_	_	_	_	_	_
1537-2	PSB018	1537	2	vita	vita	_	_	_	_	_	linguistic	_	none	_	_	_	_	_	_
1537-3	PSB018	1537	3	con	con	_	_	_	_	_	linguistic	_	none	_	_	_	_	_	_
1537-4	PSB018	1537	4	noi	noi	_	_	_	_	_	linguistic	_	none	_	_	_	_	_	_
1537-5	PSB018	1537	5	come	come	_	_	_	_	_	linguistic	_	none	_	_	_	_	_	_
1537-6	PSB018	1537	6	un:	un	_	_	_	_	_	linguistic	_	none	_	_	1x1	_	_	_
1537-7	PSB018	1537	7	buon:	buon	_	_	_	_	_	linguistic	_	none	_	End=4978.452	3x1	_	_	_
1538-0	PSB018	1538	0	qualcosa	qualcosa	_	_	_	_	_	linguistic	_	none	_	Begin=4979.323	_	_	_	_
1538-1	PSB018	1538	1	nuovo	nuovo	_	_	_	_	_	linguistic	_	none	_	End=4980.495	_	_	_	_
1539-0	PSB018	1539	0	e	e	_	_	_	_	_	linguistic	_	none	_	Begin=4980.984	_	_	_	_
1539-1	PSB018	1539	1	loro:	loro	_	_	_	_	_	linguistic	_	none	_	_	3x1	_	_	_
1539-2	PSB018	1539	2	la	la	_	_	_	_	_	linguistic	_	none	_	_	_	_	_	_
1539-3	PSB018	1539	3	la	la	_	_	_	_	_	linguistic	_	none	_	_	_	_	_	_
1539-4	PSB018	1539	4	sua	sua	_	_	_	_	_	linguistic	_	none	_	_	_	_	_	_
1539-5	PSB018	1539	5	vita	vita	_	_	_	_	_	linguistic	_	none	_	_	_	_	_	_
1539-6	PSB018	1539	6	tranquilla	tranquilla	_	_	_	_	_	linguistic	_	none	_	_	_	_	_	_
1539-7	PSB018	1539	7	era	era	_	_	_	_	_	linguistic	_	none	_	_	_	_	_	_
1539-8	PSB018	1539	8	non	non	_	_	_	_	_	linguistic	_	none	_	_	_	_	_	_
1539-9	PSB018	1539	9	tranquilla	tranquilla	_	_	_	_	_	linguistic	_	none	_	_	_	_	_	_
1539-10	PSB018	1539	10	ma	ma	_	_	_	_	_	linguistic	_	none	_	_	_	_	_	_
1539-11	PSB018	1539	11	molto	molto	_	_	_	_	_	linguistic	_	none	_	End=4987.032	_	_	_	_
1540-0	PSB018	1540	0	espress[iva]	espressiva	_	_	_	_	_	linguistic	_	none	_	Begin=4987.387	_	_	_	7-10(526)
1540-1	PSB018	1540	1	a~	a~	_	_	_	_	_	linguistic	_	none	Interrupted=Yes	_	_	_	_	_
1540-2	PSB018	1540	2	attiva	attiva	_	_	_	_	_	linguistic	_	none	_	End=4989.516	_	_	_	_
1541-0	PSB005	1541	0	[mh]	mh	_	_	_	_	_	linguistic	_	none	_	Begin=4988.032|End=4988.425	_	_	_	0-2(526)
1542-0	PSB005	1542	0	mhmh	mhmh	_	_	_	_	_	linguistic	_	none	PauseAfter=Yes	Begin=4989.629	_	_	_	_
1542-1	PSB005	1542	1	(.)	(.)	_	_	_	_	_	shortpause	_	none	_	_	_	_	_	_
1542-2	PSB005	1542	2	[ho	ho	_	_	_	_	_	linguistic	_	none	_	_	_	_	_	0-2(527)
1542-3	PSB005	1542	3	capito	capito	_	_	_	_	_	linguistic	_	none	_	_	_	_	_	0-6(527)
1542-4	PSB005	1542	4	sì	sì	_	_	_	_	_	linguistic	_	none	_	_	_	_	_	0-2(527)
1542-5	PSB005	1542	5	be~]	be~	_	_	_	_	_	linguistic	_	none	Interrupted=Yes	_	_	_	_	0-3(527)
1542-6	PSB005	1542	6	bene	bene	_	_	_	_	_	linguistic	_	none	_	_	_	_	_	_
1542-7	PSB005	1542	7	bene	bene	_	_	_	_	_	linguistic	_	none	_	_	_	_	_	_
1542-8	PSB005	1542	8	e	e	_	_	_	_	_	linguistic	_	none	_	End=4993.42	_	_	_	_
1543-0	PSB018	1543	0	[°e	e	_	_	_	_	_	linguistic	_	none	Volume=low	Begin=4990.45	_	_	_	0-1(527)
1543-1	PSB018	1543	1	interessante°]	interessante	_	_	_	_	_	linguistic	_	none	Volume=low	End=4991.82	_	_	_	0-12(527)
1544-0	PSB005	1544	0	°va	va	_	_	_	_	_	linguistic	_	none	Volume=low	Begin=4994.242	_	_	_	_
1544-1	PSB005	1544	1	bene	bene	_	_	_	_	_	linguistic	_	none	Volume=low	_	_	_	_	_
1544-2	PSB005	1544	2	ma	ma	_	_	_	_	_	linguistic	_	none	Volume=low	_	_	_	_	_
1544-3	PSB005	1544	3	e°	e	_	_	_	_	_	linguistic	_	none	Volume=low	_	_	_	_	_
1544-4	PSB005	1544	4	solo	solo	_	_	_	_	_	linguistic	_	none	_	_	_	_	_	_
1544-5	PSB005	1544	5	questa	questa	_	_	_	_	_	linguistic	_	none	_	_	_	_	_	_
1544-6	PSB005	1544	6	cosa	cosa	_	_	_	_	_	linguistic	_	none	_	_	_	_	_	_
1544-7	PSB005	1544	7	adesso	adesso	_	_	_	_	_	linguistic	_	none	_	_	_	_	_	_
1544-8	PSB005	1544	8	tu	tu	_	_	_	_	_	linguistic	_	none	_	_	_	_	_	_
1544-9	PSB005	1544	9	vivi	vivi	_	_	_	_	_	linguistic	_	none	_	_	_	_	_	_
1544-10	PSB005	1544	10	in	in	_	_	_	_	_	linguistic	_	none	_	_	_	_	_	_
1544-11	PSB005	1544	11	un	un	_	_	_	_	_	linguistic	_	none	_	_	_	_	_	_
1544-12	PSB005	1544	12	appartamento	appartamento	_	_	_	_	_	linguistic	_	none	_	_	_	_	_	_
1544-13	PSB005	1544	13	da	da	_	_	_	_	_	linguistic	_	none	_	_	_	_	_	_
1544-14	PSB005	1544	14	sola	sola	_	_	_	_	_	linguistic	_	none	_	_	_	_	_	_
1544-15	PSB005	1544	15	o	o	_	_	_	_	_	linguistic	_	none	_	_	_	_	_	_
1544-16	PSB005	1544	16	sei	sei	_	_	_	_	_	linguistic	_	none	_	_	_	_	_	_
1544-17	PSB005	1544	17	sempre	sempre	_	_	_	_	_	linguistic	_	none	_	_	_	_	_	_
1544-18	PSB005	1544	18	con:	con	_	_	_	_	_	linguistic	_	none	_	_	2x1	_	_	_
1544-19	PSB005	1544	19	altre	altre	_	_	_	_	_	linguistic	_	none	_	_	_	_	_	_
1544-20	PSB005	1544	20	persone	persone	_	_	_	_	_	linguistic	_	none	_	_	_	_	_	_
1544-21	PSB005	1544	21	no	no	_	_	_	_	_	linguistic	_	none	_	End=5001.774	_	_	_	_
1545-0	PSB018	1545	0	e	e	_	_	_	_	_	linguistic	_	none	_	Begin=5001.936	_	_	_	_
1545-1	PSB018	1545	1	s~	s~	_	_	_	_	_	linguistic	_	none	Interrupted=Yes	_	_	_	_	_
1545-2	PSB018	1545	2	no	no	_	_	_	_	_	linguistic	_	none	_	_	_	_	_	_
1545-3	PSB018	1545	3	no	no	_	_	_	_	_	linguistic	_	none	_	_	_	_	_	_
1545-4	PSB018	1545	4	no	no	_	_	_	_	_	linguistic	_	none	_	_	_	_	_	_
1545-5	PSB018	1545	5	è	è	_	_	_	_	_	linguistic	_	none	_	_	_	_	_	_
1545-6	PSB018	1545	6	molto	molto	_	_	_	_	_	linguistic	_	none	_	_	_	_	_	_
1545-7	PSB018	1545	7	difficile:	difficile	_	_	_	_	_	linguistic	_	none	_	_	8x1	_	_	_
1545-8	PSB018	1545	8	io:	io	_	_	_	_	_	linguistic	_	none	_	_	1x1	_	_	_
1545-9	PSB018	1545	9	m:h	mh	_	_	_	_	_	linguistic	_	none	_	_	0x1	_	_	_
1545-10	PSB018	1545	10	s~	s~	_	_	_	_	_	linguistic	_	none	Interrupted=Yes	_	_	_	_	_
1545-11	PSB018	1545	11	spero	spero	_	_	_	_	_	linguistic	_	none	_	_	_	_	_	_
1545-12	PSB018	1545	12	no	no	_	_	_	_	_	linguistic	_	none	_	_	_	_	_	_
1545-13	PSB018	1545	13	spero	spero	_	_	_	_	_	linguistic	_	none	_	_	_	_	_	_
1545-14	PSB018	1545	14	ma:	ma	_	_	_	_	_	linguistic	_	none	_	_	1x1	_	_	_
1545-15	PSB018	1545	15	secondo	secondo	_	_	_	_	_	linguistic	_	none	_	_	_	_	_	_
1545-16	PSB018	1545	16	m[e	me	_	_	_	_	_	linguistic	_	none	_	_	_	_	_	1-2(528)
1545-17	PSB018	1545	17	non	non	_	_	_	_	_	linguistic	_	none	_	_	_	_	_	0-3(528)
1545-18	PSB018	1545	18	è]	è	_	_	_	_	_	linguistic	_	none	_	_	_	_	_	0-1(528)
1545-19	PSB018	1545	19	facile	facile	_	_	_	_	_	linguistic	_	none	_	_	_	_	_	_
1545-20	PSB018	1545	20	trovare	trovare	_	_	_	_	_	linguistic	_	none	_	_	_	_	_	_
1545-21	PSB018	1545	21	qualche:	qualche	_	_	_	_	_	linguistic	_	none	_	_	6x1	_	_	_
1545-22	PSB018	1545	22	eh	eh	_	_	_	_	_	linguistic	_	none	_	_	_	_	_	_
1545-23	PSB018	1545	23	i	i	_	_	_	_	_	linguistic	_	none	_	_	_	_	_	_
1545-24	PSB018	1545	24	il	il	_	_	_	_	_	linguistic	_	none	_	_	_	_	_	_
1545-25	PSB018	1545	25	posto	posto	_	_	_	_	_	linguistic	_	none	_	_	_	_	_	_
1545-26	PSB018	1545	26	il	il	_	_	_	_	_	linguistic	_	none	_	_	_	_	_	_
1545-27	PSB018	1545	27	luogo	luogo	_	_	_	_	_	linguistic	_	none	_	_	_	_	_	_
1545-28	PSB018	1545	28	per	per	_	_	_	_	_	linguistic	_	none	_	_	_	_	_	_
1545-29	PSB018	1545	29	una	una	_	_	_	_	_	linguistic	_	none	_	_	_	_	_	_
1545-30	PSB018	1545	30	famiglia	famiglia	_	_	_	_	_	linguistic	_	none	_	_	_	_	_	_
1545-31	PSB018	1545	31	ucraina	ucraina	_	_	_	_	_	linguistic	_	none	_	_	_	_	_	_
1545-32	PSB018	1545	32	per	per	_	_	_	_	_	linguistic	_	none	_	_	_	_	_	_
1545-33	PSB018	1545	33	vivere:	vivere	_	_	_	_	_	linguistic	_	none	_	_	5x1	_	_	_
1545-34	PSB018	1545	34	eh	eh	_	_	_	_	_	linguistic	_	none	_	_	_	_	_	_
1545-35	PSB018	1545	35	da	da	_	_	_	_	_	linguistic	_	none	_	_	_	_	_	_
1545-36	PSB018	1545	36	<so:li>	soli	_	_	_	_	_	linguistic	_	none	_	End=5021.194	1x1	Slow=0-4(0)	_	_
1546-0	PSB005	1546	0	[mhmh]	mhmh	_	_	_	_	_	linguistic	_	none	_	Begin=5010.081|End=5010.694	_	_	_	0-4(528)
1547-0	PSB005	1547	0	sì	sì	_	_	_	_	_	linguistic	_	none	_	Begin=5021.323|End=5021.613	_	_	_	_
1548-0	PSB018	1548	0	lo	lo	_	_	_	_	_	linguistic	_	none	_	Begin=5021.678	_	_	_	_
1548-1	PSB018	1548	1	e:h	eh	_	_	_	_	_	linguistic	_	none	_	_	0x1	_	_	_
1548-2	PSB018	1548	2	perché	perché	_	_	_	_	_	linguistic	_	none	_	End=5024.774	_	_	_	_
1549-0	PSB018	1549	0	e:h	eh	_	_	_	_	_	linguistic	_	none	_	Begin=5025.984	0x1	_	_	_
1549-1	PSB018	1549	1	ci	ci	_	_	_	_	_	linguistic	_	none	_	_	_	_	_	_
1549-2	PSB018	1549	2	sono	sono	_	_	_	_	_	linguistic	_	none	_	_	_	_	_	_
1549-3	PSB018	1549	3	°non	non	_	_	_	_	_	linguistic	_	none	Volume=low	_	_	_	_	_
1549-4	PSB018	1549	4	solo	solo	_	_	_	_	_	linguistic	_	none	Volume=low	_	_	_	_	_
1549-5	PSB018	1549	5	ucraini	ucraini	_	_	_	_	_	linguistic	_	none	Volume=low	_	_	_	_	_
1549-6	PSB018	1549	6	anche	anche	_	_	_	_	_	linguistic	_	none	Volume=low	_	_	_	_	_
1549-7	PSB018	1549	7	bangladesh	bangladesh	_	_	_	_	_	linguistic	_	none	Volume=low	_	_	_	_	_
1549-8	PSB018	1549	8	africa	africa	_	_	_	_	_	linguistic	_	none	Volume=low	_	_	_	_	_
1549-9	PSB018	1549	9	afghanistan	afghanistan	_	_	_	_	_	linguistic	_	none	Volume=low	_	_	_	_	_
1549-10	PSB018	1549	10	e	e	_	_	_	_	_	linguistic	_	none	Volume=low	_	_	_	_	_
1549-11	PSB018	1549	11	altre	altre	_	_	_	_	_	linguistic	_	none	Volume=low	_	_	_	_	_
1549-12	PSB018	1549	12	altre	altre	_	_	_	_	_	linguistic	_	none	Volume=low	_	_	_	_	_
1549-13	PSB018	1549	13	paese	paese	_	_	_	_	_	linguistic	_	none	Volume=low	_	_	_	_	_
1549-14	PSB018	1549	14	chi	chi	_	_	_	_	_	linguistic	_	none	Volume=low	_	_	_	_	_
1549-15	PSB018	1549	15	ha	ha	_	_	_	_	_	linguistic	_	none	Volume=low	_	_	_	_	_
1549-16	PSB018	1549	16	e:h°	eh	_	_	_	_	_	linguistic	_	none	Volume=low	_	0x1	_	_	_
1549-17	PSB018	1549	17	quel	quel	_	_	_	_	_	linguistic	_	none	_	_	_	_	_	_
1549-18	PSB018	1549	18	paese	paese	_	_	_	_	_	linguistic	_	none	_	_	_	_	_	_
1549-19	PSB018	1549	19	chi	chi	_	_	_	_	_	linguistic	_	none	_	_	_	_	_	_
1549-20	PSB018	1549	20	hanno	hanno	_	_	_	_	_	linguistic	_	none	_	_	_	_	_	_
1549-21	PSB018	1549	21	bisogno	bisogno	_	_	_	_	_	linguistic	_	none	_	_	_	_	_	_
1549-22	PSB018	1549	22	di	di	_	_	_	_	_	linguistic	_	none	_	End=5041.468	_	_	_	_
1550-0	PSB018	1550	0	°aiuto°	aiuto	_	_	_	_	_	linguistic	_	none	Volume=low	Begin=5042.952|End=5043.807	_	_	_	_
1551-0	PSB005	1551	0	sì	sì	_	_	_	_	_	linguistic	_	none	_	Begin=5043.807|End=5044.258	_	_	_	_
1552-0	PSB018	1552	0	e	e	_	_	_	_	_	linguistic	_	none	_	Begin=5045.726	_	_	_	_
1552-1	PSB018	1552	1	italia:	italia	_	_	_	_	_	linguistic	_	none	_	End=5047.597	5x1	_	_	_
1553-0	PSB018	1553	0	°provo~	provo~	_	_	_	_	_	linguistic	_	none	Interrupted=Yes|Volume=low	Begin=5048.371	_	_	_	_
1553-1	PSB018	1553	1	aiu~	aiu~	_	_	_	_	_	linguistic	_	none	Interrupted=Yes|Volume=low	_	_	_	_	_
1553-2	PSB018	1553	2	fare	fare	_	_	_	_	_	linguistic	_	none	Volume=low	_	_	_	_	_
1553-3	PSB018	1553	3	qualcosa	qualcosa	_	_	_	_	_	linguistic	_	none	Volume=low	_	_	_	_	_
1553-4	PSB018	1553	4	per	per	_	_	_	_	_	linguistic	_	none	Volume=low	_	_	_	_	_
1553-5	PSB018	1553	5	tu~	tu~	_	_	_	_	_	linguistic	_	none	Interrupted=Yes|Volume=low	_	_	_	_	_
1553-6	PSB018	1553	6	tutte	tutte	_	_	_	_	_	linguistic	_	none	Volume=low	_	_	_	_	_
1553-7	PSB018	1553	7	le	le	_	_	_	_	_	linguistic	_	none	Volume=low	_	_	_	_	_
1553-8	PSB018	1553	8	famiglie°	famiglie	_	_	_	_	_	linguistic	_	none	Volume=low	End=5052.807	_	_	_	_
1554-0	PSB018	1554	0	e	e	_	_	_	_	_	linguistic	_	none	_	Begin=5053.339	_	_	_	_
1554-1	PSB018	1554	1	sì	sì	_	_	_	_	_	linguistic	_	none	_	_	_	_	_	_
1554-2	PSB018	1554	2	adesso	adesso	_	_	_	_	_	linguistic	_	none	_	_	_	_	_	_
1554-3	PSB018	1554	3	noi	noi	_	_	_	_	_	linguistic	_	none	_	_	_	_	_	_
1554-4	PSB018	1554	4	eh	eh	_	_	_	_	_	linguistic	_	none	_	_	_	_	_	_
1554-5	PSB018	1554	5	abitiamo	abitiamo	_	_	_	_	_	linguistic	_	none	_	_	_	_	_	_
1554-6	PSB018	1554	6	con	con	_	_	_	_	_	linguistic	_	none	_	_	_	_	_	_
1554-7	PSB018	1554	7	l'	l'	_	_	_	_	_	linguistic	_	none	SpaceAfter=No	_	_	_	_	_
1554-8	PSB018	1554	8	altra	altra	_	_	_	_	_	linguistic	_	none	_	_	_	_	_	_
1554-9	PSB018	1554	9	famiglia	famiglia	_	_	_	_	_	linguistic	_	none	_	End=5058.065	_	_	_	_
1555-0	PSB018	1555	0	in	in	_	_	_	_	_	linguistic	_	none	_	Begin=5058.613	_	_	_	_
1555-1	PSB018	1555	1	un:	un	_	_	_	_	_	linguistic	_	none	_	End=5060.452	1x1	_	_	_
1556-0	PSB018	1556	0	m:h	mh	_	_	_	_	_	linguistic	_	none	_	Begin=5060.887	0x1	_	_	_
1556-1	PSB018	1556	1	appartamento	appartamento	_	_	_	_	_	linguistic	_	none	_	_	_	_	_	_
1556-2	PSB018	1556	2	molto:	molto	_	_	_	_	_	linguistic	_	none	_	_	4x1	_	_	_
1556-3	PSB018	1556	3	buono	buono	_	_	_	_	_	linguistic	_	none	_	_	_	_	_	_
1556-4	PSB018	1556	4	bello	bello	_	_	_	_	_	linguistic	_	none	_	End=5064.888	_	_	_	_
1557-0	PSB018	1557	0	bello	bello	_	_	_	_	_	linguistic	_	none	_	Begin=5065.42|End=5066.037	_	_	_	_
1558-0	PSB018	1558	0	e	e	_	_	_	_	_	linguistic	_	none	_	Begin=5066.742	_	_	_	_
1558-1	PSB018	1558	1	con	con	_	_	_	_	_	linguistic	_	none	_	_	_	_	_	_
1558-2	PSB018	1558	2	la:	la	_	_	_	_	_	linguistic	_	none	_	_	1x1	_	_	_
1558-3	PSB018	1558	3	famiglia	famiglia	_	_	_	_	_	linguistic	_	none	_	_	_	_	_	_
1558-4	PSB018	1558	4	nigeriana	nigeriana	_	_	_	_	_	linguistic	_	none	_	_	_	_	_	_
1558-5	PSB018	1558	5	lei	lei	_	_	_	_	_	linguistic	_	none	_	_	_	_	_	_
1558-6	PSB018	1558	6	è	è	_	_	_	_	_	linguistic	_	none	_	_	_	_	_	_
1558-7	PSB018	1558	7	da	da	_	_	_	_	_	linguistic	_	none	_	_	_	_	_	_
1558-8	PSB018	1558	8	nigeria	nigeria	_	_	_	_	_	linguistic	_	none	_	_	_	_	_	_
1558-9	PSB018	1558	9	e:	e	_	_	_	_	_	linguistic	_	none	_	_	0x1	_	_	_
1558-10	PSB018	1558	10	la	la	_	_	_	_	_	linguistic	_	none	_	_	_	_	_	_
1558-11	PSB018	1558	11	su~	su~	_	_	_	_	_	linguistic	_	none	Interrupted=Yes	_	_	_	_	_
1558-12	PSB018	1558	12	con	con	_	_	_	_	_	linguistic	_	none	_	_	_	_	_	_
1558-13	PSB018	1558	13	la	la	_	_	_	_	_	linguistic	_	none	_	_	_	_	_	_
1558-14	PSB018	1558	14	bimba	bimba	_	_	_	_	_	linguistic	_	none	_	_	_	_	_	_
1558-15	PSB018	1558	15	da:	da	_	_	_	_	_	linguistic	_	none	_	_	1x1	_	_	_
1558-16	PSB018	1558	16	da	da	_	_	_	_	_	linguistic	_	none	_	_	_	_	_	_
1558-17	PSB018	1558	17	da	da	_	_	_	_	_	linguistic	_	none	_	_	_	_	_	_
1558-18	PSB018	1558	18	cinque	cinque	_	_	_	_	_	linguistic	_	none	_	_	_	_	_	_
1558-19	PSB018	1558	19	an[ni]	anni	_	_	_	_	_	linguistic	_	none	_	End=5077.89	_	_	_	2-4(529)
1559-0	PSB005	1559	0	[mhmh]	mhmh	_	_	_	_	_	linguistic	_	none	_	Begin=5077.436|End=5077.855	_	_	_	0-4(529)
1560-0	PSB018	1560	0	e	e	_	_	_	_	_	linguistic	_	none	_	Begin=5078.581	_	_	_	_
1560-1	PSB018	1560	1	anche	anche	_	_	_	_	_	linguistic	_	none	_	_	_	_	_	_
1560-2	PSB018	1560	2	questo	questo	_	_	_	_	_	linguistic	_	none	_	_	_	_	_	_
1560-3	PSB018	1560	3	sì	sì	_	_	_	_	_	linguistic	_	none	_	_	_	_	_	_
1560-4	PSB018	1560	4	le	le	_	_	_	_	_	linguistic	_	none	_	_	_	_	_	_
1560-5	PSB018	1560	5	$tradizie	tradizie	_	_	_	_	_	linguistic	_	none	Orthography=Yes|Variation=Emerging	_	_	_	_	_
1560-6	PSB018	1560	6	è	è	_	_	_	_	_	linguistic	_	none	_	_	_	_	_	_
1560-7	PSB018	1560	7	diverse	diverse	_	_	_	_	_	linguistic	_	none	_	_	_	_	_	_
1560-8	PSB018	1560	8	il	il	_	_	_	_	_	linguistic	_	none	_	_	_	_	_	_
1560-9	PSB018	1560	9	mondo	mondo	_	_	_	_	_	linguistic	_	none	_	_	_	_	_	_
1560-10	PSB018	1560	10	è	è	_	_	_	_	_	linguistic	_	none	_	_	_	_	_	_
1560-11	PSB018	1560	11	diverso	diverso	_	_	_	_	_	linguistic	_	none	_	_	_	_	_	_
1560-12	PSB018	1560	12	per	per	_	_	_	_	_	linguistic	_	none	_	_	_	_	_	_
1560-13	PSB018	1560	13	noi	noi	_	_	_	_	_	linguistic	_	none	_	_	_	_	_	_
1560-14	PSB018	1560	14	ma	ma	_	_	_	_	_	linguistic	_	none	_	_	_	_	_	_
1560-15	PSB018	1560	15	è	è	_	_	_	_	_	linguistic	_	none	_	_	_	_	_	_
1560-16	PSB018	1560	16	an~	an~	_	_	_	_	_	linguistic	_	none	Interrupted=Yes	_	_	_	_	_
1560-17	PSB018	1560	17	è	è	_	_	_	_	_	linguistic	_	none	_	_	_	_	_	_
1560-18	PSB018	1560	18	un	un	_	_	_	_	_	linguistic	_	none	_	_	_	_	_	_
1560-19	PSB018	1560	19	buon	buon	_	_	_	_	_	linguistic	_	none	_	_	_	_	_	_
1560-20	PSB018	1560	20	mh	mh	_	_	_	_	_	linguistic	_	none	_	_	_	_	_	_
1560-21	PSB018	1560	21	esperien~	esperien~	_	_	_	_	_	linguistic	_	none	Interrupted=Yes	End=5090.371	_	_	_	_
1561-0	PSB018	1561	0	te?	te	_	_	_	_	_	linguistic	_	none	Intonation=Rising	Begin=5091.291|End=5091.817	_	_	_	_
1562-0	PSB005	1562	0	mhmh	mhmh	_	_	_	_	_	linguistic	_	none	_	Begin=5091.839	_	_	_	_
1562-1	PSB005	1562	1	sì	sì	_	_	_	_	_	linguistic	_	none	_	End=5092.742	_	_	_	_
1563-0	PSB018	1563	0	experience	experience	_	_	_	_	_	linguistic	_	all	Language=NO_ISO_CODE|Variation=Token	Begin=5093.113|End=5094.061	_	_	_	_
1564-0	PSB005	1564	0	esperienza	esperienza	_	_	_	_	_	linguistic	_	none	_	Begin=5094.145|End=5094.823	_	_	_	_
1565-0	PSB018	1565	0	esperienza	esperienza	_	_	_	_	_	linguistic	_	none	_	Begin=5094.855	_	_	_	_
1565-1	PSB018	1565	1	una	una	_	_	_	_	_	linguistic	_	none	_	_	_	_	_	_
1565-2	PSB018	1565	2	buo~	buo~	_	_	_	_	_	linguistic	_	none	Interrupted=Yes	_	_	_	_	_
1565-3	PSB018	1565	3	bella	bella	_	_	_	_	_	linguistic	_	none	_	_	_	_	_	_
1565-4	PSB018	1565	4	esperienza	esperienza	_	_	_	_	_	linguistic	_	none	_	_	_	_	_	_
1565-5	PSB018	1565	5	per	per	_	_	_	_	_	linguistic	_	none	_	End=5098.758	_	_	_	_
1566-0	PSB018	1566	0	capire	capire	_	_	_	_	_	linguistic	_	none	_	Begin=5099.532	_	_	_	_
1566-1	PSB018	1566	1	conoscere	conoscere	_	_	_	_	_	linguistic	_	none	PauseAfter=Yes	_	_	_	_	_
1566-2	PSB018	1566	2	(.)	(.)	_	_	_	_	_	shortpause	_	none	_	_	_	_	_	_
1566-3	PSB018	1566	3	come	come	_	_	_	_	_	linguistic	_	none	_	_	_	_	_	_
1566-4	PSB018	1566	4	altre	altre	_	_	_	_	_	linguistic	_	none	_	_	_	_	_	_
1566-5	PSB018	1566	5	persone	persone	_	_	_	_	_	linguistic	_	none	_	_	_	_	_	_
1566-6	PSB018	1566	6	vivere	vivere	_	_	_	_	_	linguistic	_	none	_	_	_	_	_	_
1566-7	PSB018	1566	7	che:	che	_	_	_	_	_	linguistic	_	none	_	_	2x1	_	_	_
1566-8	PSB018	1566	8	chi:	chi	_	_	_	_	_	linguistic	_	none	_	_	2x1	_	_	_
1566-9	PSB018	1566	9	e:hm:	ehm	_	_	_	_	_	linguistic	_	none	_	End=5107.774	0x1,2x1	_	_	_
1567-0	PSB018	1567	0	chi:	chi	_	_	_	_	_	linguistic	_	none	_	Begin=5108.629	2x1	_	_	_
1567-1	PSB018	1567	1	°mh	mh	_	_	_	_	_	linguistic	_	none	Volume=low	_	_	_	_	_
1567-2	PSB018	1567	2	mh°	mh	_	_	_	_	_	linguistic	_	none	Volume=low	End=5110.774	_	_	_	_
1568-0	PSB018	1568	0	cose	cose	_	_	_	_	_	linguistic	_	yes	_	Begin=5112.694	_	_	_	_
1568-1	PSB018	1568	1	buone	buone	_	_	_	_	_	linguistic	_	yes	_	_	_	_	_	_
1568-2	PSB018	1568	2	loro	loro	_	_	_	_	_	linguistic	_	yes	_	_	_	_	_	_
1568-3	PSB018	1568	3	hanno	hanno	_	_	_	_	_	linguistic	_	yes	_	_	_	_	_	_
1568-4	PSB018	1568	4	per	per	_	_	_	_	_	linguistic	_	yes	_	_	_	_	_	_
1568-5	PSB018	1568	5	la	la	_	_	_	_	_	linguistic	_	yes	_	_	_	_	_	_
1568-6	PSB018	1568	6	sua	sua	_	_	_	_	_	linguistic	_	yes	_	_	_	_	_	_
1568-7	PSB018	1568	7	vita	vita	_	_	_	_	_	linguistic	_	yes	_	_	_	_	_	_
1568-8	PSB018	1568	8	come	come	_	_	_	_	_	linguistic	_	yes	_	_	_	_	_	_
1568-9	PSB018	1568	9	un	un	_	_	_	_	_	linguistic	_	yes	_	_	_	_	_	_
1568-10	PSB018	1568	10	#values	values	_	_	_	_	_	linguistic	_	yes	Language=NO_ISO_CODE|Variation=Token	End=5118.21	_	_	_	_
1570-0	PSB005	1570	0	mhmh	mhmh	_	_	_	_	_	linguistic	_	none	_	Begin=5118.436	_	_	_	_
1570-1	PSB005	1570	1	sì	sì	_	_	_	_	_	linguistic	_	none	_	_	_	_	_	_
1570-2	PSB005	1570	2	valore	valore	_	_	_	_	_	linguistic	_	none	_	_	_	_	_	_
1570-3	PSB005	1570	3	un	un	_	_	_	_	_	linguistic	_	none	_	_	_	_	_	_
1570-4	PSB005	1570	4	[valore]	valore	_	_	_	_	_	linguistic	_	none	_	_	_	_	_	0-6(530)
1570-5	PSB005	1570	5	sì	sì	_	_	_	_	_	linguistic	_	none	_	_	_	_	_	_
1570-6	PSB005	1570	6	sì	sì	_	_	_	_	_	linguistic	_	none	_	_	_	_	_	_
1570-7	PSB005	1570	7	okay	okay	_	_	_	_	_	linguistic	_	none	_	_	_	_	_	_
1570-8	PSB005	1570	8	è	è	_	_	_	_	_	linguistic	_	none	_	_	_	_	_	_
1570-9	PSB005	1570	9	chiaro	chiaro	_	_	_	_	_	linguistic	_	none	_	_	_	_	_	_
1570-10	PSB005	1570	10	sì	sì	_	_	_	_	_	linguistic	_	none	_	_	_	_	_	_
1570-11	PSB005	1570	11	[sì	sì	_	_	_	_	_	linguistic	_	none	_	_	_	_	_	0-2(531)
1570-12	PSB005	1570	12	sì	sì	_	_	_	_	_	linguistic	_	none	_	_	_	_	_	0-2(531)
1570-13	PSB005	1570	13	sì]	sì	_	_	_	_	_	linguistic	_	none	_	End=5122.92	_	_	_	0-2(531)
1571-0	PSB018	1571	0	[valore]	valore	_	_	_	_	_	linguistic	_	none	_	Begin=5119.823|End=5120.498	_	_	_	0-6(530)
1572-0	PSB018	1572	0	[e	e	_	_	_	_	_	linguistic	_	yes	_	Begin=5122.307	_	_	_	0-1(531)
1572-1	PSB018	1572	1	anche]	anche	_	_	_	_	_	linguistic	_	yes	_	_	_	_	_	0-5(531)
1572-2	PSB018	1572	2	questo:	questo	_	_	_	_	_	linguistic	_	yes	_	_	5x1	_	_	_
1572-3	PSB018	1572	3	eh	eh	_	_	_	_	_	linguistic	_	yes	_	_	_	_	_	_
1572-4	PSB018	1572	4	può	può	_	_	_	_	_	linguistic	_	yes	_	_	_	_	_	_
1572-5	PSB018	1572	5	e:h	eh	_	_	_	_	_	linguistic	_	yes	_	_	0x1	_	_	_
1572-6	PSB018	1572	6	#develop	develop	_	_	_	_	_	linguistic	_	yes	Language=NO_ISO_CODE|Variation=Token	End=5126.984	_	_	_	_
1574-0	PSB005	1574	0	mhmh	mhmh	_	_	_	_	_	linguistic	_	none	_	Begin=5127.162|End=5127.468	_	_	_	_
1575-0	PSB018	1575	0	°devel~°	devel~	_	_	_	_	_	linguistic	_	all	Interrupted=Yes|Language=NO_ISO_CODE|Variation=Token	Begin=5127.484	_	_	_	_
1575-1	PSB018	1575	1	eh	eh	_	_	_	_	_	linguistic	_	all	Language=NO_ISO_CODE|Variation=Token	End=5128.291	_	_	_	_
1577-0	PSB005	1577	0	ah	ah	_	_	_	_	_	linguistic	_	none	_	Begin=5128.307	_	_	_	_
1577-1	PSB005	1577	1	sviluppare	sviluppare	_	_	_	_	_	linguistic	_	none	_	End=5129.21	_	_	_	_
1578-0	PSB018	1578	0	sviluppare	sviluppare	_	_	_	_	_	linguistic	_	yes	_	Begin=5129.21	_	_	_	_
1578-1	PSB018	1578	1	la	la	_	_	_	_	_	linguistic	_	yes	_	_	_	_	_	_
1578-2	PSB018	1578	2	°la°	la	_	_	_	_	_	linguistic	_	yes	Volume=low	_	_	_	_	_
1578-3	PSB018	1578	3	il	il	_	_	_	_	_	linguistic	_	yes	_	_	_	_	_	_
1578-4	PSB018	1578	4	nostro	nostro	_	_	_	_	_	linguistic	_	yes	_	_	_	_	_	_
1578-5	PSB018	1578	5	#inner	inner	_	_	_	_	_	linguistic	_	yes	Language=NO_ISO_CODE|Variation=Token	_	_	_	_	_
1578-6	PSB018	1578	6	#wor[ld]	world	_	_	_	_	_	linguistic	_	yes	Language=NO_ISO_CODE|Variation=Token	End=5132.742	_	_	_	4-6(532)
1580-0	PSB005	1580	0	[mh]mh	mhmh	_	_	_	_	_	linguistic	_	none	_	Begin=5132.565|End=5133.129	_	_	_	0-2(532)
1581-0	PSB005	1581	0	e	e	_	_	_	_	_	linguistic	_	none	_	Begin=5134.049	_	_	_	_
1581-1	PSB005	1581	1	è:	è	_	_	_	_	_	linguistic	_	none	_	_	0x1	_	_	_
1581-2	PSB005	1581	2	è	è	_	_	_	_	_	linguistic	_	none	_	_	_	_	_	_
1581-3	PSB005	1581	3	molto	molto	_	_	_	_	_	linguistic	_	none	_	End=5135.758	_	_	_	_
1582-0	PSB005	1582	0	sei	sei	_	_	_	_	_	linguistic	_	none	_	Begin=5136.371	_	_	_	_
1582-1	PSB005	1582	1	molto	molto	_	_	_	_	_	linguistic	_	none	_	_	_	_	_	_
1582-2	PSB005	1582	2	brava	brava	_	_	_	_	_	linguistic	_	none	_	_	_	_	_	_
1582-3	PSB005	1582	3	((ride))	((ride))	_	_	_	_	_	nonverbalbehavior	_	none	_	_	_	_	_	_
1582-4	PSB005	1582	4	secondo	secondo	_	_	_	_	_	linguistic	_	none	_	_	_	_	_	_
1582-5	PSB005	1582	5	me	me	_	_	_	_	_	linguistic	_	none	_	_	_	_	_	_
1582-6	PSB005	1582	6	°sì°	sì	_	_	_	_	_	linguistic	_	none	Volume=low	_	_	_	_	_
1582-7	PSB005	1582	7	va	va	_	_	_	_	_	linguistic	_	none	_	_	_	_	_	_
1582-8	PSB005	1582	8	bene	bene	_	_	_	_	_	linguistic	_	none	_	_	_	_	_	_
1582-9	PSB005	1582	9	adesso:	adesso	_	_	_	_	_	linguistic	_	none	_	_	5x1	_	_	_
1582-10	PSB005	1582	10	ti	ti	_	_	_	_	_	linguistic	_	none	_	_	_	_	_	_
1582-11	PSB005	1582	11	lascio[:	lascio	_	_	_	_	_	linguistic	_	none	_	_	5x1	_	_	_
1582-12	PSB005	1582	12	ti	ti	_	_	_	_	_	linguistic	_	none	_	_	_	_	_	0-2(533)
1582-13	PSB005	1582	13	lascio	lascio	_	_	_	_	_	linguistic	_	none	_	_	_	_	_	0-6(533)
1582-14	PSB005	1582	14	and]are	andare	_	_	_	_	_	linguistic	_	none	_	_	_	_	_	0-3(533)
1582-15	PSB005	1582	15	eh	eh	_	_	_	_	_	linguistic	_	none	_	_	_	_	_	_
1582-16	PSB005	1582	16	ti	ti	_	_	_	_	_	linguistic	_	none	_	_	_	_	_	_
1582-17	PSB005	1582	17	lascio	lascio	_	_	_	_	_	linguistic	_	none	_	_	_	_	_	_
1582-18	PSB005	1582	18	andare	andare	_	_	_	_	_	linguistic	_	none	_	_	_	_	_	_
1582-19	PSB005	1582	19	sp~	sp~	_	_	_	_	_	linguistic	_	none	Interrupted=Yes	_	_	_	_	_
1582-20	PSB005	1582	20	spegniamo	spegniamo	_	_	_	_	_	linguistic	_	none	_	_	_	_	_	_
1582-21	PSB005	1582	21	qeusto	qeusto	_	_	_	_	_	linguistic	_	none	_	End=5144.92	_	_	_	_
1583-0	PSB018	1583	0	((ride))	((ride))	_	_	_	_	_	nonverbalbehavior	_	none	_	Begin=5140.774	_	_	_	_
1583-1	PSB018	1583	1	[okay]	okay	_	_	_	_	_	linguistic	_	none	_	End=5141.88	_	_	_	0-4(533)
